1
                 Chemistry at HARvard Macromolecular Mechanics
           (CHARMM) - Developmental Version 47a2   February 15, 2021            
                                Revision unknown                                
       Copyright(c) 1984-2020  President and Fellows of Harvard College
                              All Rights Reserved
             Current operating system: Linux-6.1.0-49-amd64(x86_64)             
                 Created on  8/28/26 at 23:03:56 by user: charmm-gui  

            Maximum number of ATOMS:    360720, and RESidues:      120240
 RDTITL> * GENERATED BY CHARMM-GUI (HTTP://WWW.CHARMM-GUI.ORG) V3.7 ON AUG, 28. 2026. JOBID=8797249059
 RDTITL> * ORIENT THE MOLECULE ALONG THE Z-AXIS
 RDTITL> *
  
 CHARMM>     
  
 CHARMM>    DIMENS CHSIZE 5000000 MAXRES 3000000
Size      Original         New
MAXA        360720     5000000
MAXB        360720     5000000
MAXT        721440    10000000
MAXP       1082160    15000000
MAXIMP      180360     2500000
MAXNB        90180     1250000
MAXPAD      360720     5000000
MAXRES      120240     3000000
MAXSEG       45090      625000
MAXATC        1400
MAXCB         3000
MAXCT        50000
MAXCP        50000
MAXCI         1200
MAXCH         6400
MAXCN       502503
MAXCRT      120240     1666666
  
 CHARMM>     
  
 CHARMM>    ! Read topology and parameter files
 CHARMM>    stream toppar.str
 VOPEN> Attempting to open::toppar.str::
 OPNLGU> Unit 99 opened for READONLY access to toppar.str

                    INPUT STREAM SWITCHING TO UNIT    99
 RDTITL> * GENERATED BY CHARMM-GUI (HTTP://WWW.CHARMM-GUI.ORG) V3.7 ON AUG, 28. 2026. JOBID=8797249059
 RDTITL> * STREAM FILE FOR TOPOLOGY AND PARAMETER READING
 RDTITL> *
 Parameter: IN1 <- "" <empty>
  
 CHARMM>     
  
 CHARMM>    ! protein topology and parameter
 CHARMM>    open read card unit 10 name toppar/top_all36_prot.rtf
 VOPEN> Attempting to open::toppar/top_all36_prot.rtf::
 OPNLGU> Unit 10 opened for READONLY access to toppar/top_all36_prot.rtf
  
 CHARMM>    read  rtf card unit 10
 MAINIO> Residue topology file being read from unit  10.
 TITLE> *>>>>>>>>CHARMM36 ALL-HYDROGEN TOPOLOGY FILE FOR PROTEINS <<<<<<
 TITLE> *>>>>> INCLUDES PHI, PSI CROSS TERM MAP (CMAP) CORRECTION <<<<<<<
 TITLE> *>>>>>>>>>>>>>>>>>>>>>>>>>> MAY 2011 <<<<<<<<<<<<<<<<<<<<<<<<<<<<
 TITLE> * ALL COMMENTS TO THE CHARMM WEB SITE: WWW.CHARMM.ORG
 TITLE> *             PARAMETER SET DISCUSSION FORUM
 TITLE> *
  
 CHARMM>     
  
 CHARMM>    open read card unit 20 name toppar/par_all36m_prot.prm
 VOPEN> Attempting to open::toppar/par_all36m_prot.prm::
 OPNLGU> Unit 20 opened for READONLY access to toppar/par_all36m_prot.prm
  
 CHARMM>    read para card unit 20 flex

          PARAMETER FILE BEING READ FROM UNIT 20
 TITLE> *>>>> CHARMM36 ALL-HYDROGEN PARAMETER FILE FOR PROTEINS <<<<<<<<<<
 TITLE> *>>>>> INCLUDES PHI, PSI CROSS TERM MAP (CMAP) CORRECTION <<<<<<<<
 TITLE> *>>>>>>>>>>>>>>>>>>>>>>>>>> JAN. 2016 <<<<<<<<<<<<<<<<<<<<<<<<<<<<
 TITLE> * ALL COMMENTS TO THE CHARMM WEB SITE: WWW.CHARMM.ORG
 TITLE> *             PARAMETER SET DISCUSSION FORUM
 TITLE> *
 PARMIO> NONBOND, HBOND lists and IMAGE atoms cleared.
  
 CHARMM>     
  
 CHARMM>    ! nucleic acids
 CHARMM>    open read card unit 10 name toppar/top_all36_na.rtf
 OPNLGU> Unit already open. The old file will be closed first.
 VCLOSE: Closing unit   10 with status "KEEP"
 VOPEN> Attempting to open::toppar/top_all36_na.rtf::
 OPNLGU> Unit 10 opened for READONLY access to toppar/top_all36_na.rtf
  
 CHARMM>    read  rtf card unit 10 append
 MAINIO> Residue topology file being read from unit  10.
 TITLE> *  \\\\ CHARMM36 ALL-HYDROGEN NUCLEIC ACID TOPOLOGY FILE ////
 TITLE> *   ALEXANDER D. MACKERELL JR. AND COWORKERS
 TITLE> *                      APRIL 2011
 TITLE> * ALL COMMENTS TO THE CHARMM WEB SITE: WWW.CHARMM.ORG
 TITLE> *           PARAMETER SET DISCUSSION FORUM
 TITLE> *
  
 CHARMM>     
  
 CHARMM>    open read card unit 20 name toppar/par_all36_na.prm
 OPNLGU> Unit already open. The old file will be closed first.
 VCLOSE: Closing unit   20 with status "KEEP"
 VOPEN> Attempting to open::toppar/par_all36_na.prm::
 OPNLGU> Unit 20 opened for READONLY access to toppar/par_all36_na.prm
  
 CHARMM>    read para card unit 20 append flex

          PARAMETER FILE BEING READ FROM UNIT 20
 TITLE> * \\\\ CHARMM36 ALL-HYDROGEN NUCLEIC ACID PARAMETER FILE ////
 TITLE> *         ALEXANDER D. MACKERELL JR. AND COWORKERS
 TITLE> *                        APRIL 2011
 TITLE> * ALL COMMENTS TO THE CHARMM WEB SITE: WWW.CHARMM.ORG PARAMETER
 TITLE> *                     SET DISCUSSION FORUM
 TITLE> *
 PARMIO> NONBOND, HBOND lists and IMAGE atoms cleared.
  
 CHARMM>     
  
 CHARMM>    ! carbohydrates
 CHARMM>    open read card unit 10 name toppar/top_all36_carb.rtf
 OPNLGU> Unit already open. The old file will be closed first.
 VCLOSE: Closing unit   10 with status "KEEP"
 VOPEN> Attempting to open::toppar/top_all36_carb.rtf::
 OPNLGU> Unit 10 opened for READONLY access to toppar/top_all36_carb.rtf
  
 CHARMM>    read  rtf card unit 10 append
 MAINIO> Residue topology file being read from unit  10.
 TITLE> * $ID: TOP_ALLXX_SUGAR.INP,V 1.106 2014/08/19 19:07:43 ALEX EXP $
 TITLE> *>>>>>>>>>>>> ALL-HYDROGEN TOPOLOGIES USED IN THE <<<<<<<<<<<<<<<<
 TITLE> *>>>>> DEVELOPMENT OF THE CHARMM CARBOHYDRATE  FORCE FIELD<<<<<<<<
 TITLE> *>>>>>>>>>>>>>>>>>>>>>>>>> JUNE 2009 <<<<<<<<<<<<<<<<<<<<<<<<<<<<<
 TITLE> *>>>>>>>> DIRECT COMMENTS TO ALEXANDER D. MACKERELL JR. <<<<<<<<<<
 TITLE> *>>>>>>>>>> VIA THE CHARMM WEB SITE: WWW.CHARMM.ORG <<<<<<<<<<<<<<
 TITLE> *>>>>>>>>>>>>>>> PARAMETER SET DISCUSSION FORUM <<<<<<<<<<<<<<<<<<
 TITLE> *
  
 CHARMM>     
  
 CHARMM>    open read card unit 20 name toppar/par_all36_carb.prm
 OPNLGU> Unit already open. The old file will be closed first.
 VCLOSE: Closing unit   20 with status "KEEP"
 VOPEN> Attempting to open::toppar/par_all36_carb.prm::
 OPNLGU> Unit 20 opened for READONLY access to toppar/par_all36_carb.prm
  
 CHARMM>    read para card unit 20 append flex

          PARAMETER FILE BEING READ FROM UNIT 20
 TITLE> * $ID: PAR_ALLXX_SUGAR.INP,V 1.132 2014/08/19 19:03:21 ALEX EXP $
 TITLE> *>>>>>>>>>>>> ALL-HYDROGEN PARAMETERS USED IN THE <<<<<<<<<<<<<<<<
 TITLE> *>>>>> DEVELOPMENT OF THE CHARMM CARBOHYDRATE  FORCE FIELD<<<<<<<<
 TITLE> *>>>>>>>>>>>>>>>>>>>>>>>>> JUNE 2009 <<<<<<<<<<<<<<<<<<<<<<<<<<<<<
 TITLE> *>>>>>>>> DIRECT COMMENTS TO ALEXANDER D. MACKERELL JR. <<<<<<<<<<
 TITLE> *>>>>>>>>>> VIA THE CHARMM WEB SITE: WWW.CHARMM.ORG <<<<<<<<<<<<<<
 TITLE> *>>>>>>>>>>>>>>> PARAMETER SET DISCUSSION FORUM <<<<<<<<<<<<<<<<<<
 TITLE> *
 PARMIO> NONBOND, HBOND lists and IMAGE atoms cleared.
  
 CHARMM>     
  
 CHARMM>    ! lipids
 CHARMM>    open read card unit 10 name toppar/top_all36_lipid.rtf
 OPNLGU> Unit already open. The old file will be closed first.
 VCLOSE: Closing unit   10 with status "KEEP"
 VOPEN> Attempting to open::toppar/top_all36_lipid.rtf::
 OPNLGU> Unit 10 opened for READONLY access to toppar/top_all36_lipid.rtf
  
 CHARMM>    read  rtf card unit 10 append
 MAINIO> Residue topology file being read from unit  10.
 TITLE> *  \\\\\\\ CHARMM36 ALL-HYDROGEN LIPID TOPOLOGY FILE ///////
 TITLE> *  ALL COMMENTS AND QUESTIONS SHOULD BE SUBMITTED TO THE
 TITLE> *  PARAMETER FORUM AT THE CHARMM WEBSITE: WWW.CHARMM.ORG
 TITLE> *
  
 CHARMM>     
  
 CHARMM>    open read card unit 20 name toppar/par_all36_lipid.prm
 OPNLGU> Unit already open. The old file will be closed first.
 VCLOSE: Closing unit   20 with status "KEEP"
 VOPEN> Attempting to open::toppar/par_all36_lipid.prm::
 OPNLGU> Unit 20 opened for READONLY access to toppar/par_all36_lipid.prm
  
 CHARMM>    read para card unit 20 append flex

          PARAMETER FILE BEING READ FROM UNIT 20
 TITLE> *  \\\\\\\ CHARMM36 ALL-HYDROGEN LIPID PARAMETER FILE ///////
 TITLE> *  ALL COMMENTS AND QUESTIONS SHOULD BE SUBMITTED TO THE
 TITLE> *  PARAMETER FORUM AT THE CHARMM WEBSITE: WWW.CHARMM.ORG
 TITLE> *
 PARMIO> NONBOND, HBOND lists and IMAGE atoms cleared.
  
 CHARMM>     
  
 CHARMM>    ! CGENFF
 CHARMM>    open read card unit 10 name toppar/top_all36_cgenff.rtf
 OPNLGU> Unit already open. The old file will be closed first.
 VCLOSE: Closing unit   10 with status "KEEP"
 VOPEN> Attempting to open::toppar/top_all36_cgenff.rtf::
 OPNLGU> Unit 10 opened for READONLY access to toppar/top_all36_cgenff.rtf
  
 CHARMM>    read  rtf card unit 10 append
 MAINIO> Residue topology file being read from unit  10.
 TITLE> *  --------------------------------------------------------------------------  *
 TITLE> *          CGENFF: TOPOLOGY FOR THE CHARMM GENERAL FORCE FIELD V. 5.0          *
 TITLE> *                    FOR SMALL MOLECULE DRUG DESIGN                            *
 TITLE> *  --------------------------------------------------------------------------  *
 TITLE> *

 DRUDES PARTICLES WILL BE GENERATED AUTOMATICALLY FOR ALL ATOMS WITH NON-ZERO ALPHA
 Thole-type dipole screening, Slater-Delta shape {S(u) = 1 - (1+u/2)*exp(-u)}, default radius =  1.300000
  
 CHARMM>     
  
 CHARMM>    open read card unit 20 name toppar/par_all36_cgenff.prm
 OPNLGU> Unit already open. The old file will be closed first.
 VCLOSE: Closing unit   20 with status "KEEP"
 VOPEN> Attempting to open::toppar/par_all36_cgenff.prm::
 OPNLGU> Unit 20 opened for READONLY access to toppar/par_all36_cgenff.prm
  
 CHARMM>    read para card unit 20 append flex

          PARAMETER FILE BEING READ FROM UNIT 20
 TITLE> *  --------------------------------------------------------------------------  *
 TITLE> *         CGENFF: PARAMETERS FOR THE CHARMM GENERAL FORCE FIELD V. 5.0         *
 TITLE> *                    FOR SMALL MOLECULE DRUG DESIGN                            *
 TITLE> *  --------------------------------------------------------------------------  *
 TITLE> *  2017/8: IF PROTEIN, NUCLEIC ACID AND CARBOHYDRATE TOPOLOGY AND PARAMETER FILES
 TITLE> *  ARE NOT READ PRIOR TO THE CGENFF FILES "WARNING: ATOMS IN NBFIX ' errors will
 TITLE> *  BE ENCOUNTERED.  THESE CAN BE PASSED BY SETTING BOMLEV ( -2) PRIOR TO READING
 TITLE> *  THIS FILE. IN ADDITION, WHEN GENERATING AROMATIC HALOGENS (CL, BR, I) WITH
 TITLE> *  PRE C41B/C42A VERSIONS OF CHARMM "MISSING PARAMETER" ERRORS WILL BE
 TITLE> *  ENCOUNTERED THAT ALSO REQUIRE SETTING BOMLEV ( -2).
 TITLE> *
 PARRDR> WARNING: ATOM FOR NBOND SOD  DOESNT EXIST
 PARRDR> WARNING: ATOM FOR NBOND CLA  DOESNT EXIST
 PARMIO> NONBOND, HBOND lists and IMAGE atoms cleared.
  
 CHARMM>     
  
 CHARMM>    ! Phosphates and Sulfates
 CHARMM>    stream toppar/toppar_all36_moreions.str
 VOPEN> Attempting to open::toppar/toppar_all36_moreions.str::
 OPNLGU> Unit 98 opened for READONLY access to toppar/toppar_all36_moreions.str

                    INPUT STREAM SWITCHING TO UNIT    98
 RDTITL> * ADDITIONAL IONS GENERATED USING CGENFF
 RDTITL> *
 Parameter: IN1 <- "" <empty>
  
 CHARMM>     
  
 CHARMM>    set nat ?NATC
 RDCMND substituted energy or value "?NATC" to "350"
 Parameter: NAT <- "350"
  
 CHARMM>    set app
 Parameter: APP <- "" <empty>
  
 CHARMM>     
  
 CHARMM>    if "@NAT" ne "?NATC" if @nat ne 0 set app append
 Parameter: NAT -> "350"
 Parameter: NAT -> "350"
 RDCMND: can not substitute energy "?NATC""
 Comparing ""350"" and ""?NATC"".
 IF test evaluated as true.  Performing command
 Comparing "350" and "0".
 IF test evaluated as true.  Performing command
 Parameter: APP <- "APPEND"
  
 CHARMM>     
  
 CHARMM>    read rtf card @app
 Parameter: APP -> "APPEND"
 MAINIO> Residue topology file being read from unit  98.
 RDTITL> * TOPOLOGIES GENERATED BY
 RDTITL> * CHARMM GENERAL FORCE FIELD (CGENFF) PROGRAM VERSION 2.4.0
 RDTITL> *
  
 CHARMM>     
  
 CHARMM>    read para card flex @app
 Parameter: APP -> "APPEND"

          PARAMETER FILE BEING READ FROM UNIT 98
 RDTITL> * PARAMETERS GENERATED BY ANALOGY BY
 RDTITL> * CHARMM GENERAL FORCE FIELD (CGENFF) PROGRAM VERSION 2.4.0
 RDTITL> *
 PARRDR> Error: Repeated BOND parameter (  1720): OG31  SG3O is replaced
 PARRDR> Error: Repeated ANGLE parameter (  7902): OG2P  SG3O  OG31 is replaced
 PARRDR> Error: Repeated ANGLE parameter (  7582): SG3O  OG31  HGP1 is replaced
 PARRDR> Error: Repeated DIHE parameter ( 31803): HGP1  OG31  SG3O  OG2P is replaced
 PARRDR> Error: Repeated DIHE parameter ( 31804): HGP1  OG31  SG3O  OG2P is replaced
 PARRDR> Error: Repeated DIHE parameter ( 31805): HGP1  OG31  SG3O  OG2P is replaced
 PARRDR> Error: Repeated DIHE parameter ( 31806): HGP1  OG31  SG3O  OG2P is replaced
 PARMIO> NONBOND, HBOND lists and IMAGE atoms cleared.
  
 CHARMM>     
  
 VCLOSE: Closing unit   98 with status "KEEP"

                    RETURNING TO INPUT STREAM    99
  
 CHARMM>     
  
 CHARMM>    ! Interface FF
 CHARMM>    open read card unit 10 name toppar/top_interface.rtf
 OPNLGU> Unit already open. The old file will be closed first.
 VCLOSE: Closing unit   10 with status "KEEP"
 VOPEN> Attempting to open::toppar/top_interface.rtf::
 OPNLGU> Unit 10 opened for READONLY access to toppar/top_interface.rtf
  
 CHARMM>    read  rtf card unit 10 append
 MAINIO> Residue topology file being read from unit  10.
 TITLE> * INTERFACE FF
 TITLE> * TOPOLOGY FOR NANOMATERIALS
 TITLE> *
*** WARNING **** residue TSHO already exists (old one deleted)

      ***** LEVEL  1 WARNING FROM <RTFRDR> *****
      ***** Residue already exists.
      ******************************************
      BOMLEV (  0) IS NOT REACHED. WRNLEV IS  5

          PRES TSHO17      -1.050
*** WARNING **** residue TSHO already exists (old one deleted)

      ***** LEVEL  1 WARNING FROM <RTFRDR> *****
      ***** Residue already exists.
      ******************************************
      BOMLEV (  0) IS NOT REACHED. WRNLEV IS  5

          PRES TSHO21      -1.050
 There were   2 warning(s) from RTFRDR.
  
 CHARMM>     
  
 CHARMM>    open read card unit 10 name toppar/par_interface.prm
 OPNLGU> Unit already open. The old file will be closed first.
 VCLOSE: Closing unit   10 with status "KEEP"
 VOPEN> Attempting to open::toppar/par_interface.prm::
 OPNLGU> Unit 10 opened for READONLY access to toppar/par_interface.prm
  
 CHARMM>    read para card unit 10 append flex

          PARAMETER FILE BEING READ FROM UNIT 10
 TITLE> * INTERFACE FF
 TITLE> * TOPOLOGY AND PARAMETER FOR CALY MINERALS, CEMENT MINERALS
 TITLE> *
 PARRDR> Error: Repeated DIHE parameter ( 32527): HGR6  ICG1  ICG1  ICGE is replaced
 PARMIO> NONBOND, HBOND lists and IMAGE atoms cleared.
  
 CHARMM>     
  
 CHARMM>    stream toppar/toppar_all36_nano_lig.str
 VOPEN> Attempting to open::toppar/toppar_all36_nano_lig.str::
 OPNLGU> Unit 98 opened for READONLY access to toppar/toppar_all36_nano_lig.str

                    INPUT STREAM SWITCHING TO UNIT    98
 RDTITL> READ RTF CARD APPEND
 RDTITL> No title read.
 Parameter: IN1 <- "" <empty>
  
 CHARMM>    read rtf card append
 MAINIO> Residue topology file being read from unit  98.
 RDTITL> * TOPOLOGY FOR NANO-LIGAND
 RDTITL> *
  
 CHARMM>     
  
 CHARMM>    read param card flex append

          PARAMETER FILE BEING READ FROM UNIT 98
 RDTITL> * SYNTHETIC POLYMER PARAMETER
 RDTITL> *
 PARRDR> Error: Repeated ANGLE parameter (  4668): CG30  CG32  CG32 is replaced
 PARRDR> Error: Repeated DIHE parameter ( 22579): CG30  CG32  CG32  SG31 is replaced
 PARRDR> Error: Repeated DIHE parameter ( 22919): CG30  CG32  CG32  HGA2 is replaced
 PARRDR> Error: Repeated DIHE parameter ( 22695): CG32  CG32  CG32  SG31 is replaced
 PARRDR> Error: Repeated DIHE parameter ( 22920): CG30  CG32  CG32  HGP5 is replaced
 PARRDR> Error: Repeated DIHE parameter ( 22916): CG30  CG32  CG32  NG3P is replaced
 PARRDR> Error: Repeated DIHE parameter ( 19712): CG2R  CG31  CG32  CG32 is replaced
 PARRDR> Error: Repeated DIHE parameter ( 22795): NG31  CG32  CG32  SG31 is replaced
 PARRDR> Error: Repeated DIHE parameter ( 22796): NG31  CG32  CG32  SG31 is replaced
 PARRDR> Error: Repeated DIHE parameter ( 22797): NG31  CG32  CG32  SG31 is replaced
 PARRDR> Error: Repeated DIHE parameter ( 22376): CG2D  CG32  CG32  CG32 is replaced
 PARRDR> Error: Repeated DIHE parameter ( 22377): CG2D  CG32  CG32  CG32 is replaced
 PARRDR> Error: Repeated DIHE parameter ( 22378): CG2D  CG32  CG32  CG32 is replaced
 PARRDR> Error: Repeated DIHE parameter ( 22376): CG2D  CG32  CG32  CG32 is replaced
 PARRDR> Error: Repeated DIHE parameter ( 22377): CG2D  CG32  CG32  CG32 is replaced
 PARRDR> Error: Repeated DIHE parameter ( 22378): CG2D  CG32  CG32  CG32 is replaced
 PARRDR> Error: Repeated DIHE parameter ( 22376): CG2D  CG32  CG32  CG32 is replaced
 PARRDR> Error: Repeated DIHE parameter ( 22377): CG2D  CG32  CG32  CG32 is replaced
 PARRDR> Error: Repeated DIHE parameter ( 22378): CG2D  CG32  CG32  CG32 is replaced
 PARRDR> Error: Repeated DIHE parameter ( 19868): CG33  CG31  CG32  CG32 is replaced
 PARRDR> Error: Repeated DIHE parameter ( 22393): CG2D  CG32  CG32  SG31 is replaced
 PARRDR> Error: Repeated DIHE parameter ( 22394): CG2D  CG32  CG32  SG31 is replaced
 PARRDR> Error: Repeated DIHE parameter ( 22395): CG2D  CG32  CG32  SG31 is replaced
 PARRDR> Error: Repeated DIHE parameter ( 18389): CG32  CG30  CG32  CG32 is replaced
 PARRDR> Error: Repeated DIHE parameter ( 18417): CG33  CG30  CG32  CG32 is replaced
 PARMIO> NONBOND, HBOND lists and IMAGE atoms cleared.
  
 CHARMM>    RETURN
 VCLOSE: Closing unit   98 with status "KEEP"

                    RETURNING TO INPUT STREAM    99
  
 CHARMM>    stream toppar/toppar_all36_nano_lig_patch.str
 VOPEN> Attempting to open::toppar/toppar_all36_nano_lig_patch.str::
 OPNLGU> Unit 98 opened for READONLY access to toppar/toppar_all36_nano_lig_patch.str

                    INPUT STREAM SWITCHING TO UNIT    98
 RDTITL> READ RTF CARD APPEND
 RDTITL> No title read.
 Parameter: IN1 <- "" <empty>
  
 CHARMM>    read rtf card append
 MAINIO> Residue topology file being read from unit  98.
 RDTITL> * TOPOLOGY FOR SYNTHETIC_POLYMER
 RDTITL> *
  
 CHARMM>    RETURN
 VCLOSE: Closing unit   98 with status "KEEP"

                    RETURNING TO INPUT STREAM    99
  
 CHARMM>     
  
 CHARMM>    ! Additional topologies and parameters for synthetic polymer
 CHARMM>    stream toppar/toppar_all36_synthetic_polymer.str
 VOPEN> Attempting to open::toppar/toppar_all36_synthetic_polymer.str::
 OPNLGU> Unit 98 opened for READONLY access to toppar/toppar_all36_synthetic_polymer.str

                    INPUT STREAM SWITCHING TO UNIT    98
 RDTITL> READ RTF CARD APPEND
 RDTITL> No title read.
 Parameter: IN1 <- "" <empty>
  
 CHARMM>    read rtf card append
 MAINIO> Residue topology file being read from unit  98.
 RDTITL> * TOPOLOGY FOR SYNTHETIC_POLYMER
 RDTITL> *
  
 CHARMM>     
  
 CHARMM>    read param card flex append

          PARAMETER FILE BEING READ FROM UNIT 98
 RDTITL> * SYNTHETIC POLYMER PARAMETER
 RDTITL> *
 PARRDR> Error: Repeated BOND parameter (  1190): CG30  NG2S is replaced
 PARRDR> Error: Repeated BOND parameter (   709): CG2O  CG30 is replaced
 PARRDR> Error: Repeated BOND parameter (   703): CG2O  CG2R is replaced
 PARRDR> Error: Repeated BOND parameter (  1192): CG30  NG31 is replaced
 PARRDR> Error: Repeated BOND parameter (  1238): CG31  NG31 is replaced
 PARRDR> Error: Repeated BOND parameter (   774): CG2O  CG30 is replaced
 PARRDR> Error: Repeated BOND parameter (  1257): CG31  CG31 is replaced
 PARRDR> Error: Repeated ANGLE parameter (  4699): CG31  CG32  NG32 is replaced
 PARRDR> Error: Repeated ANGLE parameter (  3954): CG2O  CG31  NG31 is replaced
 PARRDR> Error: Repeated ANGLE parameter (  4008): CG2O  CG31  CG32 is replaced
 PARRDR> Error: Repeated ANGLE parameter (  3839): CG33  CG30  NG31 is replaced
 PARRDR> Error: Repeated ANGLE parameter (  4010): CG2O  CG31  CG33 is replaced
 PARRDR> Error: Repeated ANGLE parameter (  4477): CG2D  CG32  CG30 is replaced
 PARRDR> Error: Repeated ANGLE parameter (  3837): CG33  CG30  NG2S is replaced
 PARRDR> Error: Repeated ANGLE parameter (  6736): CG31  NG2R  CG3C is replaced
 PARRDR> Error: Repeated ANGLE parameter (  3725): CG2O  CG30  CG33 is replaced
 PARRDR> Error: Repeated ANGLE parameter (  7053): CG30  NG2S  HGP1 is replaced
 PARRDR> Error: Repeated ANGLE parameter (  4256): NG31  CG31  OG31 is replaced
 PARRDR> Error: Repeated ANGLE parameter (  3956): CG2O  CG31  OG30 is replaced
 PARRDR> Error: Repeated ANGLE parameter (  4702): CG31  CG32  OG30 is replaced
 PARRDR> Error: Repeated ANGLE parameter (  4013): CG2O  CG31  NG31 is replaced
 PARRDR> Error: Repeated ANGLE parameter (  7499): CG30  OG30  CG32 is replaced
 PARRDR> Error: Repeated ANGLE parameter (  4546): CG2O  CG32  OG30 is replaced
 PARRDR> Error: Repeated ANGLE parameter (  2004): CG2R  CG2O  OG2D is replaced
 PARRDR> Error: Repeated ANGLE parameter (  7020): CG2O  NG2S  CG30 is replaced
 PARRDR> Error: Repeated ANGLE parameter (  7197): CG30  NG31  HGPA is replaced
 PARRDR> Error: Repeated ANGLE parameter (  2178): CG31  CG2O  CG33 is replaced
 PARRDR> Error: Repeated ANGLE parameter (  3805): CG32  CG30  NG2S is replaced
 PARRDR> Error: Repeated ANGLE parameter (  4545): CG2O  CG32  NG31 is replaced
 PARRDR> Error: Repeated ANGLE parameter (  7204): CG31  NG31  HGPA is replaced
 PARRDR> Error: Repeated ANGLE parameter (  4489): CG2D  CG32  OG30 is replaced
 PARRDR> Error: Repeated ANGLE parameter (  7195): CG30  NG31  CG32 is replaced
 PARRDR> Error: Repeated ANGLE parameter (  4534): CG2O  CG32  CG30 is replaced
 PARRDR> Error: Repeated ANGLE parameter (  3724): CG2O  CG30  CG32 is replaced
 PARRDR> Error: Repeated ANGLE parameter (  2005): CG2R  CG2O  OG31 is replaced
 PARRDR> Error: Repeated ANGLE parameter (  4749): CG32  CG32  NG2R is replaced
 PARRDR> Error: Repeated ANGLE parameter (  2275): CG2O  CG2R  CG2R is replaced
 PARRDR> Error: Repeated ANGLE parameter (  2022): CG30  CG2O  OG2D is replaced
 PARRDR> Error: Repeated ANGLE parameter (  4257): NG31  CG31  HGA1 is replaced
 PARRDR> Error: Repeated ANGLE parameter (  4201): CG33  CG31  NG31 is replaced
 PARRDR> Error: Repeated ANGLE parameter (  4064): CG2R  CG31  NG31 is replaced
 PARRDR> Error: Repeated ANGLE parameter (  7200): CG31  NG31  CG32 is replaced
 PARRDR> Error: Repeated ANGLE parameter (  3806): CG32  CG30  NG31 is replaced
 PARRDR> Error: Repeated ANGLE parameter (  4158): CG32  CG31  NG31 is replaced
 PARRDR> Error: Repeated ANGLE parameter (  2177): CG31  CG2O  CG32 is replaced
 PARRDR> Error: Repeated ANGLE parameter (  3737): CG2O  CG30  CG33 is replaced
 PARRDR> Error: Repeated ANGLE parameter (  2175): CG30  CG2O  OG2D is replaced
 PARRDR> Error: Repeated ANGLE parameter (  2172): CG30  CG2O  CG32 is replaced
 PARRDR> Error: Repeated ANGLE parameter (  2151): CG2O  CG2O  CG32 is replaced
 PARRDR> Error: Repeated ANGLE parameter (  4476): CG2D  CG32  CG2O is replaced
 PARRDR> Error: Repeated ANGLE parameter (  7013): CG2O  NG2S  CG2O is replaced
 PARRDR> Error: Repeated ANGLE parameter (  4530): CG2O  CG32  CG2O is replaced
 PARRDR> Error: Repeated ANGLE parameter (  4583): CG2O  CG32  CG31 is replaced
 PARRDR> Error: Repeated ANGLE parameter (  4002): CG2O  CG31  CG2O is replaced
 PARRDR> Error: Repeated ANGLE parameter (  3736): CG2O  CG30  CG32 is replaced
 PARRDR> Error: Repeated ANGLE parameter (  4003): CG2O  CG31  CG2R is replaced
 PARRDR> Error: Repeated ANGLE parameter (  3978): CG2O  CG31  CG2O is replaced
 PARRDR> Error: Repeated ANGLE parameter (  3943): CG2O  CG31  CG2O is replaced
 PARRDR> Error: Repeated ANGLE parameter (  4011): CG2O  CG31  NG2R is replaced
 PARRDR> Error: Repeated ANGLE parameter (  3962): CG2O  CG31  CG2O is replaced
 PARRDR> Error: Repeated ANGLE parameter (  4698): CG31  CG32  NG31 is replaced
 PARRDR> Error: Repeated ANGLE parameter (  4674): CG30  CG32  NG31 is replaced
 PARRDR> Error: Repeated ANGLE parameter (  3723): CG2O  CG30  CG31 is replaced
 PARRDR> Error: Repeated ANGLE parameter (  3812): CG32  CG30  OG31 is replaced
 PARRDR> Error: Repeated ANGLE parameter (  4006): CG2O  CG31  CG31 is replaced
 PARRDR> Error: Repeated ANGLE parameter (  4054): CG2R  CG31  CG31 is replaced
 PARRDR> Error: Repeated ANGLE parameter (  4676): CG30  CG32  OG31 is replaced
 PARRDR> Error: Repeated ANGLE parameter (  4926): CG32  CG32  CG33 is replaced
 PARRDR> Error: Repeated ANGLE parameter (  4925): CG32  CG32  CG32 is replaced
 PARRDR> Error: Repeated ANGLE parameter (  4311): CG31  CG31  FGA2 is replaced
 PARRDR> Error: Repeated ANGLE parameter (  3728): CG2O  CG30  CG32 is replaced
 PARRDR> Error: Repeated ANGLE parameter (  2023): CG30  CG2O  OG31 is replaced
 PARRDR> Error: Repeated ANGLE parameter (  3727): CG2O  CG30  CG2O is replaced
 PARRDR> Error: Repeated ANGLE parameter (  4186): CG32  CG31  NG31 is replaced
 PARRDR> Error: Repeated ANGLE parameter (  4102): CG31  CG31  CG32 is replaced
 PARRDR> Error: Repeated ANGLE parameter (  4009): CG2O  CG31  CG32 is replaced
 PARRDR> Error: Repeated ANGLE parameter (  4582): CG2O  CG32  CG30 is replaced
 PARRDR> Error: Repeated ANGLE parameter (  4672): CG30  CG32  NG2S is replaced
 PARRDR> Error: Repeated DIHE parameter ( 19844): CG32  CG31  CG32  CG31 is replaced
 PARRDR> Error: Repeated DIHE parameter ( 19822): CG32  CG31  CG32  NG32 is replaced
 PARRDR> Error: Repeated DIHE parameter ( 20218): HGA1  CG31  CG32  NG32 is replaced
 PARRDR> Error: Repeated DIHE parameter ( 24359): CG31  CG32  NG32  HGPA is replaced
 PARRDR> Error: Repeated DIHE parameter ( 12727): CG3C  CG2R  NG2R  CG31 is replaced
 PARRDR> Error: Repeated DIHE parameter ( 24397): CG2O  CG32  OG30  CG32 is replaced
 PARRDR> Error: Repeated DIHE parameter ( 24398): CG2O  CG32  OG30  CG32 is replaced
 PARRDR> Error: Repeated DIHE parameter ( 24399): CG2O  CG32  OG30  CG32 is replaced
 PARRDR> Error: Repeated DIHE parameter ( 21269): HGA1  CG31  NG31  HGPA is replaced
 PARRDR> Error: Repeated DIHE parameter ( 22546): CG2R  CG32  CG32  CG30 is replaced
 PARRDR> Error: Repeated DIHE parameter ( 21346): CG32  CG31  OG30  CG32 is replaced
 PARRDR> Error: Repeated DIHE parameter ( 21347): CG32  CG31  OG30  CG32 is replaced
 PARRDR> Error: Repeated DIHE parameter ( 21346): CG32  CG31  OG30  CG32 is replaced
 PARRDR> Error: Repeated DIHE parameter ( 21347): CG32  CG31  OG30  CG32 is replaced
 PARRDR> Error: Repeated DIHE parameter (  8768): OG2D  CG2O  CG31  NG31 is replaced
 PARRDR> Error: Repeated DIHE parameter (  7774): OG2D  CG2O  NG2S  CG30 is replaced
 PARRDR> Error: Repeated DIHE parameter ( 24338): HGA2  CG32  NG31  CG30 is replaced
 PARRDR> Error: Repeated DIHE parameter (  3574): CG2D  CG2D  CG32  OG30 is replaced
 PARRDR> Error: Repeated DIHE parameter (  3575): CG2D  CG2D  CG32  OG30 is replaced
 PARRDR> Error: Repeated DIHE parameter (  3576): CG2D  CG2D  CG32  OG30 is replaced
 PARRDR> Error: Repeated DIHE parameter (  3577): CG2D  CG2D  CG32  OG30 is replaced
 PARRDR> Error: Repeated DIHE parameter (  3574): CG2D  CG2D  CG32  OG30 is replaced
 PARRDR> Error: Repeated DIHE parameter (  3575): CG2D  CG2D  CG32  OG30 is replaced
 PARRDR> Error: Repeated DIHE parameter (  3576): CG2D  CG2D  CG32  OG30 is replaced
 PARRDR> Error: Repeated DIHE parameter (  3577): CG2D  CG2D  CG32  OG30 is replaced
 PARRDR> Error: Repeated DIHE parameter (  3574): CG2D  CG2D  CG32  OG30 is replaced
 PARRDR> Error: Repeated DIHE parameter (  3575): CG2D  CG2D  CG32  OG30 is replaced
 PARRDR> Error: Repeated DIHE parameter (  3576): CG2D  CG2D  CG32  OG30 is replaced
 PARRDR> Error: Repeated DIHE parameter (  3577): CG2D  CG2D  CG32  OG30 is replaced
 PARRDR> Error: Repeated DIHE parameter ( 20041): OG31  CG31  CG32  CG30 is replaced
 PARRDR> Error: Repeated DIHE parameter ( 20042): OG31  CG31  CG32  CG30 is replaced
 PARRDR> Error: Repeated DIHE parameter ( 20043): OG31  CG31  CG32  CG30 is replaced
 PARRDR> Error: Repeated DIHE parameter ( 20041): OG31  CG31  CG32  CG30 is replaced
 PARRDR> Error: Repeated DIHE parameter ( 20042): OG31  CG31  CG32  CG30 is replaced
 PARRDR> Error: Repeated DIHE parameter ( 20043): OG31  CG31  CG32  CG30 is replaced
 PARRDR> Error: Repeated DIHE parameter ( 20041): OG31  CG31  CG32  CG30 is replaced
 PARRDR> Error: Repeated DIHE parameter ( 20042): OG31  CG31  CG32  CG30 is replaced
 PARRDR> Error: Repeated DIHE parameter ( 20043): OG31  CG31  CG32  CG30 is replaced
 PARRDR> Error: Repeated DIHE parameter ( 19855): CG33  CG31  CG32  CG2D is replaced
 PARRDR> Error: Repeated DIHE parameter ( 18386): CG32  CG30  CG32  CG30 is replaced
 PARRDR> Error: Repeated DIHE parameter ( 21179): CG32  CG31  NG31  CG32 is replaced
 PARRDR> Error: Repeated DIHE parameter ( 21180): CG32  CG31  NG31  CG32 is replaced
 PARRDR> Error: Repeated DIHE parameter ( 21181): CG32  CG31  NG31  CG32 is replaced
 PARRDR> Error: Repeated DIHE parameter ( 21179): CG32  CG31  NG31  CG32 is replaced
 PARRDR> Error: Repeated DIHE parameter ( 21180): CG32  CG31  NG31  CG32 is replaced
 PARRDR> Error: Repeated DIHE parameter ( 21181): CG32  CG31  NG31  CG32 is replaced
 PARRDR> Error: Repeated DIHE parameter ( 21179): CG32  CG31  NG31  CG32 is replaced
 PARRDR> Error: Repeated DIHE parameter ( 21180): CG32  CG31  NG31  CG32 is replaced
 PARRDR> Error: Repeated DIHE parameter ( 21181): CG32  CG31  NG31  CG32 is replaced
 PARRDR> Error: Repeated DIHE parameter ( 24232): CG32  CG32  NG31  CG30 is replaced
 PARRDR> Error: Repeated DIHE parameter ( 24233): CG32  CG32  NG31  CG30 is replaced
 PARRDR> Error: Repeated DIHE parameter ( 24234): CG32  CG32  NG31  CG30 is replaced
 PARRDR> Error: Repeated DIHE parameter ( 24232): CG32  CG32  NG31  CG30 is replaced
 PARRDR> Error: Repeated DIHE parameter ( 24233): CG32  CG32  NG31  CG30 is replaced
 PARRDR> Error: Repeated DIHE parameter ( 24234): CG32  CG32  NG31  CG30 is replaced
 PARRDR> Error: Repeated DIHE parameter ( 24232): CG32  CG32  NG31  CG30 is replaced
 PARRDR> Error: Repeated DIHE parameter ( 24233): CG32  CG32  NG31  CG30 is replaced
 PARRDR> Error: Repeated DIHE parameter ( 24234): CG32  CG32  NG31  CG30 is replaced
 PARRDR> Error: Repeated DIHE parameter ( 22651): CG32  CG32  CG32  NG2R is replaced
 PARRDR> Error: Repeated DIHE parameter ( 21208): CG33  CG31  NG31  CG32 is replaced
 PARRDR> Error: Repeated DIHE parameter ( 21209): CG33  CG31  NG31  CG32 is replaced
 PARRDR> Error: Repeated DIHE parameter ( 21210): CG33  CG31  NG31  CG32 is replaced
 PARRDR> Error: Repeated DIHE parameter ( 21208): CG33  CG31  NG31  CG32 is replaced
 PARRDR> Error: Repeated DIHE parameter ( 21209): CG33  CG31  NG31  CG32 is replaced
 PARRDR> Error: Repeated DIHE parameter ( 21210): CG33  CG31  NG31  CG32 is replaced
 PARRDR> Error: Repeated DIHE parameter ( 21208): CG33  CG31  NG31  CG32 is replaced
 PARRDR> Error: Repeated DIHE parameter ( 21209): CG33  CG31  NG31  CG32 is replaced
 PARRDR> Error: Repeated DIHE parameter ( 21210): CG33  CG31  NG31  CG32 is replaced
 PARRDR> Error: Repeated DIHE parameter (  3676): HGA4  CG2D  CG32  OG30 is replaced
 PARRDR> Error: Repeated DIHE parameter (  3677): HGA4  CG2D  CG32  OG30 is replaced
 PARRDR> Error: Repeated DIHE parameter ( 21114): CG2O  CG31  NG31  CG32 is replaced
 PARRDR> Error: Repeated DIHE parameter ( 21115): CG2O  CG31  NG31  CG32 is replaced
 PARRDR> Error: Repeated DIHE parameter ( 21116): CG2O  CG31  NG31  CG32 is replaced
 PARRDR> Error: Repeated DIHE parameter ( 21114): CG2O  CG31  NG31  CG32 is replaced
 PARRDR> Error: Repeated DIHE parameter ( 21115): CG2O  CG31  NG31  CG32 is replaced
 PARRDR> Error: Repeated DIHE parameter ( 21116): CG2O  CG31  NG31  CG32 is replaced
 PARRDR> Error: Repeated DIHE parameter ( 21114): CG2O  CG31  NG31  CG32 is replaced
 PARRDR> Error: Repeated DIHE parameter ( 21115): CG2O  CG31  NG31  CG32 is replaced
 PARRDR> Error: Repeated DIHE parameter ( 21116): CG2O  CG31  NG31  CG32 is replaced
 PARRDR> Error: Repeated DIHE parameter ( 18919): CG33  CG30  OG30  CG32 is replaced
 PARRDR> Error: Repeated DIHE parameter ( 18920): CG33  CG30  OG30  CG32 is replaced
 PARRDR> Error: Repeated DIHE parameter ( 18919): CG33  CG30  OG30  CG32 is replaced
 PARRDR> Error: Repeated DIHE parameter ( 18920): CG33  CG30  OG30  CG32 is replaced
 PARRDR> Error: Repeated DIHE parameter ( 18860): CG32  CG30  NG31  HGPA is replaced
 PARRDR> Error: Repeated DIHE parameter ( 18861): CG32  CG30  NG31  HGPA is replaced
 PARRDR> Error: Repeated DIHE parameter ( 18390): CG32  CG30  CG32  CG33 is replaced
 PARRDR> Error: Repeated DIHE parameter (  9086): CG31  CG2O  CG33  HGA3 is replaced
 PARRDR> Error: Repeated DIHE parameter (  8069): CG2R  CG2O  OG30  CG32 is replaced
 PARRDR> Error: Repeated DIHE parameter (  8070): CG2R  CG2O  OG30  CG32 is replaced
 PARRDR> Error: Repeated DIHE parameter (  8071): CG2R  CG2O  OG30  CG32 is replaced
 PARRDR> Error: Repeated DIHE parameter (  8069): CG2R  CG2O  OG30  CG32 is replaced
 PARRDR> Error: Repeated DIHE parameter (  8070): CG2R  CG2O  OG30  CG32 is replaced
 PARRDR> Error: Repeated DIHE parameter (  8071): CG2R  CG2O  OG30  CG32 is replaced
 PARRDR> Error: Repeated DIHE parameter (  8069): CG2R  CG2O  OG30  CG32 is replaced
 PARRDR> Error: Repeated DIHE parameter (  8070): CG2R  CG2O  OG30  CG32 is replaced
 PARRDR> Error: Repeated DIHE parameter (  8071): CG2R  CG2O  OG30  CG32 is replaced
 PARRDR> Error: Repeated DIHE parameter ( 22486): CG2O  CG32  CG32  CG30 is replaced
 PARRDR> Error: Repeated DIHE parameter ( 22487): CG2O  CG32  CG32  CG30 is replaced
 PARRDR> Error: Repeated DIHE parameter ( 22488): CG2O  CG32  CG32  CG30 is replaced
 PARRDR> Error: Repeated DIHE parameter ( 22489): CG2O  CG32  CG32  CG30 is replaced
 PARRDR> Error: Repeated DIHE parameter ( 22490): CG2O  CG32  CG32  CG30 is replaced
 PARRDR> Error: Repeated DIHE parameter ( 22486): CG2O  CG32  CG32  CG30 is replaced
 PARRDR> Error: Repeated DIHE parameter ( 22487): CG2O  CG32  CG32  CG30 is replaced
 PARRDR> Error: Repeated DIHE parameter ( 22488): CG2O  CG32  CG32  CG30 is replaced
 PARRDR> Error: Repeated DIHE parameter ( 22489): CG2O  CG32  CG32  CG30 is replaced
 PARRDR> Error: Repeated DIHE parameter ( 22490): CG2O  CG32  CG32  CG30 is replaced
 PARRDR> Error: Repeated DIHE parameter ( 22486): CG2O  CG32  CG32  CG30 is replaced
 PARRDR> Error: Repeated DIHE parameter ( 22487): CG2O  CG32  CG32  CG30 is replaced
 PARRDR> Error: Repeated DIHE parameter ( 22488): CG2O  CG32  CG32  CG30 is replaced
 PARRDR> Error: Repeated DIHE parameter ( 22489): CG2O  CG32  CG32  CG30 is replaced
 PARRDR> Error: Repeated DIHE parameter ( 22490): CG2O  CG32  CG32  CG30 is replaced
 PARRDR> Error: Repeated DIHE parameter ( 22486): CG2O  CG32  CG32  CG30 is replaced
 PARRDR> Error: Repeated DIHE parameter ( 22487): CG2O  CG32  CG32  CG30 is replaced
 PARRDR> Error: Repeated DIHE parameter ( 22488): CG2O  CG32  CG32  CG30 is replaced
 PARRDR> Error: Repeated DIHE parameter ( 22489): CG2O  CG32  CG32  CG30 is replaced
 PARRDR> Error: Repeated DIHE parameter ( 22490): CG2O  CG32  CG32  CG30 is replaced
 PARRDR> Error: Repeated DIHE parameter ( 22486): CG2O  CG32  CG32  CG30 is replaced
 PARRDR> Error: Repeated DIHE parameter ( 22487): CG2O  CG32  CG32  CG30 is replaced
 PARRDR> Error: Repeated DIHE parameter ( 22488): CG2O  CG32  CG32  CG30 is replaced
 PARRDR> Error: Repeated DIHE parameter ( 22489): CG2O  CG32  CG32  CG30 is replaced
 PARRDR> Error: Repeated DIHE parameter ( 22490): CG2O  CG32  CG32  CG30 is replaced
 PARRDR> Error: Repeated DIHE parameter ( 19930): NG2R  CG31  CG32  CG32 is replaced
 PARRDR> Error: Repeated DIHE parameter ( 21117): CG2O  CG31  NG31  HGPA is replaced
 PARRDR> Error: Repeated DIHE parameter ( 21118): CG2O  CG31  NG31  HGPA is replaced
 PARRDR> Error: Repeated DIHE parameter ( 21119): CG2O  CG31  NG31  HGPA is replaced
 PARRDR> Error: Repeated DIHE parameter ( 18472): NG31  CG30  CG32  CG31 is replaced
 PARRDR> Error: Repeated DIHE parameter ( 24414): CG31  CG32  OG30  CG32 is replaced
 PARRDR> Error: Repeated DIHE parameter ( 24415): CG31  CG32  OG30  CG32 is replaced
 PARRDR> Error: Repeated DIHE parameter ( 24416): CG31  CG32  OG30  CG32 is replaced
 PARRDR> Error: Repeated DIHE parameter ( 24414): CG31  CG32  OG30  CG32 is replaced
 PARRDR> Error: Repeated DIHE parameter ( 24415): CG31  CG32  OG30  CG32 is replaced
 PARRDR> Error: Repeated DIHE parameter ( 24416): CG31  CG32  OG30  CG32 is replaced
 PARRDR> Error: Repeated DIHE parameter ( 24414): CG31  CG32  OG30  CG32 is replaced
 PARRDR> Error: Repeated DIHE parameter ( 24415): CG31  CG32  OG30  CG32 is replaced
 PARRDR> Error: Repeated DIHE parameter ( 24416): CG31  CG32  OG30  CG32 is replaced
 PARRDR> Error: Repeated DIHE parameter (  3550): CG2D  CG2D  CG32  CG30 is replaced
 PARRDR> Error: Repeated DIHE parameter (  3551): CG2D  CG2D  CG32  CG30 is replaced
 PARRDR> Error: Repeated DIHE parameter (  3550): CG2D  CG2D  CG32  CG30 is replaced
 PARRDR> Error: Repeated DIHE parameter (  3551): CG2D  CG2D  CG32  CG30 is replaced
 PARRDR> Error: Repeated DIHE parameter (  8717): CG33  CG2O  CG31  CG32 is replaced
 PARRDR> Error: Repeated DIHE parameter (  8718): CG33  CG2O  CG31  CG32 is replaced
 PARRDR> Error: Repeated DIHE parameter (  8719): CG33  CG2O  CG31  CG32 is replaced
 PARRDR> Error: Repeated DIHE parameter (  8720): CG33  CG2O  CG31  CG32 is replaced
 PARRDR> Error: Repeated DIHE parameter (  8717): CG33  CG2O  CG31  CG32 is replaced
 PARRDR> Error: Repeated DIHE parameter (  8718): CG33  CG2O  CG31  CG32 is replaced
 PARRDR> Error: Repeated DIHE parameter (  8719): CG33  CG2O  CG31  CG32 is replaced
 PARRDR> Error: Repeated DIHE parameter (  8720): CG33  CG2O  CG31  CG32 is replaced
 PARRDR> Error: Repeated DIHE parameter (  8717): CG33  CG2O  CG31  CG32 is replaced
 PARRDR> Error: Repeated DIHE parameter (  8718): CG33  CG2O  CG31  CG32 is replaced
 PARRDR> Error: Repeated DIHE parameter (  8719): CG33  CG2O  CG31  CG32 is replaced
 PARRDR> Error: Repeated DIHE parameter (  8720): CG33  CG2O  CG31  CG32 is replaced
 PARRDR> Error: Repeated DIHE parameter (  8717): CG33  CG2O  CG31  CG32 is replaced
 PARRDR> Error: Repeated DIHE parameter (  8718): CG33  CG2O  CG31  CG32 is replaced
 PARRDR> Error: Repeated DIHE parameter (  8719): CG33  CG2O  CG31  CG32 is replaced
 PARRDR> Error: Repeated DIHE parameter (  8720): CG33  CG2O  CG31  CG32 is replaced
 PARRDR> Error: Repeated DIHE parameter ( 24486): HGA2  CG32  OG30  CG30 is replaced
 PARRDR> Error: Repeated DIHE parameter ( 24426): CG32  CG32  OG30  CG30 is replaced
 PARRDR> Error: Repeated DIHE parameter ( 24427): CG32  CG32  OG30  CG30 is replaced
 PARRDR> Error: Repeated DIHE parameter ( 24428): CG32  CG32  OG30  CG30 is replaced
 PARRDR> Error: Repeated DIHE parameter ( 24426): CG32  CG32  OG30  CG30 is replaced
 PARRDR> Error: Repeated DIHE parameter ( 24427): CG32  CG32  OG30  CG30 is replaced
 PARRDR> Error: Repeated DIHE parameter ( 24428): CG32  CG32  OG30  CG30 is replaced
 PARRDR> Error: Repeated DIHE parameter ( 24426): CG32  CG32  OG30  CG30 is replaced
 PARRDR> Error: Repeated DIHE parameter ( 24427): CG32  CG32  OG30  CG30 is replaced
 PARRDR> Error: Repeated DIHE parameter ( 24428): CG32  CG32  OG30  CG30 is replaced
 PARRDR> Error: Repeated DIHE parameter ( 24241): CG32  CG32  NG31  CG32 is replaced
 PARRDR> Error: Repeated DIHE parameter ( 24242): CG32  CG32  NG31  CG32 is replaced
 PARRDR> Error: Repeated DIHE parameter ( 24243): CG32  CG32  NG31  CG32 is replaced
 PARRDR> Error: Repeated DIHE parameter ( 24241): CG32  CG32  NG31  CG32 is replaced
 PARRDR> Error: Repeated DIHE parameter ( 24242): CG32  CG32  NG31  CG32 is replaced
 PARRDR> Error: Repeated DIHE parameter ( 24243): CG32  CG32  NG31  CG32 is replaced
 PARRDR> Error: Repeated DIHE parameter ( 24241): CG32  CG32  NG31  CG32 is replaced
 PARRDR> Error: Repeated DIHE parameter ( 24242): CG32  CG32  NG31  CG32 is replaced
 PARRDR> Error: Repeated DIHE parameter ( 24243): CG32  CG32  NG31  CG32 is replaced
 PARRDR> Error: Repeated DIHE parameter ( 21374): HGA1  CG31  OG30  CG32 is replaced
 PARRDR> Error: Repeated DIHE parameter ( 18474): NG31  CG30  CG32  HGA2 is replaced
 PARRDR> Error: Repeated DIHE parameter ( 20004): NG31  CG31  CG32  HGA2 is replaced
 PARRDR> Error: Repeated DIHE parameter ( 19864): CG33  CG31  CG32  CG30 is replaced
 PARRDR> Error: Repeated DIHE parameter ( 21255): OG31  CG31  NG31  HGPA is replaced
 PARRDR> Error: Repeated DIHE parameter ( 21256): OG31  CG31  NG31  HGPA is replaced
 PARRDR> Error: Repeated DIHE parameter ( 21255): OG31  CG31  NG31  HGPA is replaced
 PARRDR> Error: Repeated DIHE parameter ( 21256): OG31  CG31  NG31  HGPA is replaced
 PARRDR> Error: Repeated DIHE parameter (  6953): OG2D  CG2O  CG31  OG30 is replaced
 PARRDR> Error: Repeated DIHE parameter (  6954): OG2D  CG2O  CG31  OG30 is replaced
 PARRDR> Error: Repeated DIHE parameter ( 22491): CG2O  CG32  CG32  CG31 is replaced
 PARRDR> Error: Repeated DIHE parameter ( 22492): CG2O  CG32  CG32  CG31 is replaced
 PARRDR> Error: Repeated DIHE parameter ( 22493): CG2O  CG32  CG32  CG31 is replaced
 PARRDR> Error: Repeated DIHE parameter ( 22494): CG2O  CG32  CG32  CG31 is replaced
 PARRDR> Error: Repeated DIHE parameter ( 22495): CG2O  CG32  CG32  CG31 is replaced
 PARRDR> Error: Repeated DIHE parameter ( 22491): CG2O  CG32  CG32  CG31 is replaced
 PARRDR> Error: Repeated DIHE parameter ( 22492): CG2O  CG32  CG32  CG31 is replaced
 PARRDR> Error: Repeated DIHE parameter ( 22493): CG2O  CG32  CG32  CG31 is replaced
 PARRDR> Error: Repeated DIHE parameter ( 22494): CG2O  CG32  CG32  CG31 is replaced
 PARRDR> Error: Repeated DIHE parameter ( 22495): CG2O  CG32  CG32  CG31 is replaced
 PARRDR> Error: Repeated DIHE parameter ( 22491): CG2O  CG32  CG32  CG31 is replaced
 PARRDR> Error: Repeated DIHE parameter ( 22492): CG2O  CG32  CG32  CG31 is replaced
 PARRDR> Error: Repeated DIHE parameter ( 22493): CG2O  CG32  CG32  CG31 is replaced
 PARRDR> Error: Repeated DIHE parameter ( 22494): CG2O  CG32  CG32  CG31 is replaced
 PARRDR> Error: Repeated DIHE parameter ( 22495): CG2O  CG32  CG32  CG31 is replaced
 PARRDR> Error: Repeated DIHE parameter ( 22491): CG2O  CG32  CG32  CG31 is replaced
 PARRDR> Error: Repeated DIHE parameter ( 22492): CG2O  CG32  CG32  CG31 is replaced
 PARRDR> Error: Repeated DIHE parameter ( 22493): CG2O  CG32  CG32  CG31 is replaced
 PARRDR> Error: Repeated DIHE parameter ( 22494): CG2O  CG32  CG32  CG31 is replaced
 PARRDR> Error: Repeated DIHE parameter ( 22495): CG2O  CG32  CG32  CG31 is replaced
 PARRDR> Error: Repeated DIHE parameter ( 22491): CG2O  CG32  CG32  CG31 is replaced
 PARRDR> Error: Repeated DIHE parameter ( 22492): CG2O  CG32  CG32  CG31 is replaced
 PARRDR> Error: Repeated DIHE parameter ( 22493): CG2O  CG32  CG32  CG31 is replaced
 PARRDR> Error: Repeated DIHE parameter ( 22494): CG2O  CG32  CG32  CG31 is replaced
 PARRDR> Error: Repeated DIHE parameter ( 22495): CG2O  CG32  CG32  CG31 is replaced
 PARRDR> Error: Repeated DIHE parameter ( 21130): CG2R  CG31  NG31  CG32 is replaced
 PARRDR> Error: Repeated DIHE parameter ( 21131): CG2R  CG31  NG31  CG32 is replaced
 PARRDR> Error: Repeated DIHE parameter ( 21132): CG2R  CG31  NG31  CG32 is replaced
 PARRDR> Error: Repeated DIHE parameter ( 21130): CG2R  CG31  NG31  CG32 is replaced
 PARRDR> Error: Repeated DIHE parameter ( 21131): CG2R  CG31  NG31  CG32 is replaced
 PARRDR> Error: Repeated DIHE parameter ( 21132): CG2R  CG31  NG31  CG32 is replaced
 PARRDR> Error: Repeated DIHE parameter ( 21130): CG2R  CG31  NG31  CG32 is replaced
 PARRDR> Error: Repeated DIHE parameter ( 21131): CG2R  CG31  NG31  CG32 is replaced
 PARRDR> Error: Repeated DIHE parameter ( 21132): CG2R  CG31  NG31  CG32 is replaced
 PARRDR> Error: Repeated DIHE parameter ( 18815): CG33  CG30  NG2S  HGP1 is replaced
 PARRDR> Error: Repeated DIHE parameter (  8761): OG2D  CG2O  CG31  CG33 is replaced
 PARRDR> Error: Repeated DIHE parameter (  8762): OG2D  CG2O  CG31  CG33 is replaced
 PARRDR> Error: Repeated DIHE parameter (  8763): OG2D  CG2O  CG31  CG33 is replaced
 PARRDR> Error: Repeated DIHE parameter (  8764): OG2D  CG2O  CG31  CG33 is replaced
 PARRDR> Error: Repeated DIHE parameter (  8761): OG2D  CG2O  CG31  CG33 is replaced
 PARRDR> Error: Repeated DIHE parameter (  8762): OG2D  CG2O  CG31  CG33 is replaced
 PARRDR> Error: Repeated DIHE parameter (  8763): OG2D  CG2O  CG31  CG33 is replaced
 PARRDR> Error: Repeated DIHE parameter (  8764): OG2D  CG2O  CG31  CG33 is replaced
 PARRDR> Error: Repeated DIHE parameter (  8761): OG2D  CG2O  CG31  CG33 is replaced
 PARRDR> Error: Repeated DIHE parameter (  8762): OG2D  CG2O  CG31  CG33 is replaced
 PARRDR> Error: Repeated DIHE parameter (  8763): OG2D  CG2O  CG31  CG33 is replaced
 PARRDR> Error: Repeated DIHE parameter (  8764): OG2D  CG2O  CG31  CG33 is replaced
 PARRDR> Error: Repeated DIHE parameter (  8761): OG2D  CG2O  CG31  CG33 is replaced
 PARRDR> Error: Repeated DIHE parameter (  8762): OG2D  CG2O  CG31  CG33 is replaced
 PARRDR> Error: Repeated DIHE parameter (  8763): OG2D  CG2O  CG31  CG33 is replaced
 PARRDR> Error: Repeated DIHE parameter (  8764): OG2D  CG2O  CG31  CG33 is replaced
 PARRDR> Error: Repeated DIHE parameter ( 22455): CG2O  CG32  CG32  NG31 is replaced
 PARRDR> Error: Repeated DIHE parameter ( 22456): CG2O  CG32  CG32  NG31 is replaced
 PARRDR> Error: Repeated DIHE parameter ( 22457): CG2O  CG32  CG32  NG31 is replaced
 PARRDR> Error: Repeated DIHE parameter ( 22458): CG2O  CG32  CG32  NG31 is replaced
 PARRDR> Error: Repeated DIHE parameter ( 18470): NG31  CG30  CG32  CG30 is replaced
 PARRDR> Error: Repeated DIHE parameter ( 18471): NG31  CG30  CG32  CG30 is replaced
 PARRDR> Error: Repeated DIHE parameter ( 24147): CG2O  CG32  NG31  CG32 is replaced
 PARRDR> Error: Repeated DIHE parameter ( 24148): CG2O  CG32  NG31  CG32 is replaced
 PARRDR> Error: Repeated DIHE parameter ( 24149): CG2O  CG32  NG31  CG32 is replaced
 PARRDR> Error: Repeated DIHE parameter ( 24147): CG2O  CG32  NG31  CG32 is replaced
 PARRDR> Error: Repeated DIHE parameter ( 24148): CG2O  CG32  NG31  CG32 is replaced
 PARRDR> Error: Repeated DIHE parameter ( 24149): CG2O  CG32  NG31  CG32 is replaced
 PARRDR> Error: Repeated DIHE parameter ( 24147): CG2O  CG32  NG31  CG32 is replaced
 PARRDR> Error: Repeated DIHE parameter ( 24148): CG2O  CG32  NG31  CG32 is replaced
 PARRDR> Error: Repeated DIHE parameter ( 24149): CG2O  CG32  NG31  CG32 is replaced
 PARRDR> Error: Repeated DIHE parameter ( 22547): CG2R  CG32  CG32  CG31 is replaced
 PARRDR> Error: Repeated DIHE parameter ( 24429): CG32  CG32  OG30  CG31 is replaced
 PARRDR> Error: Repeated DIHE parameter ( 24430): CG32  CG32  OG30  CG31 is replaced
 PARRDR> Error: Repeated DIHE parameter ( 24431): CG32  CG32  OG30  CG31 is replaced
 PARRDR> Error: Repeated DIHE parameter ( 24429): CG32  CG32  OG30  CG31 is replaced
 PARRDR> Error: Repeated DIHE parameter ( 24430): CG32  CG32  OG30  CG31 is replaced
 PARRDR> Error: Repeated DIHE parameter ( 24431): CG32  CG32  OG30  CG31 is replaced
 PARRDR> Error: Repeated DIHE parameter ( 24429): CG32  CG32  OG30  CG31 is replaced
 PARRDR> Error: Repeated DIHE parameter ( 24430): CG32  CG32  OG30  CG31 is replaced
 PARRDR> Error: Repeated DIHE parameter ( 24431): CG32  CG32  OG30  CG31 is replaced
 PARRDR> Error: Repeated DIHE parameter ( 20221): HGA1  CG31  CG32  OG30 is replaced
 PARRDR> Error: Repeated DIHE parameter ( 22813): OG30  CG32  CG32  OG30 is replaced
 PARRDR> Error: Repeated DIHE parameter ( 22814): OG30  CG32  CG32  OG30 is replaced
 PARRDR> Error: Repeated DIHE parameter ( 22813): OG30  CG32  CG32  OG30 is replaced
 PARRDR> Error: Repeated DIHE parameter ( 22814): OG30  CG32  CG32  OG30 is replaced
 PARRDR> Error: Repeated DIHE parameter ( 21133): CG2R  CG31  NG31  HGPA is replaced
 PARRDR> Error: Repeated DIHE parameter (  8721): CG33  CG2O  CG31  HGA1 is replaced
 PARRDR> Error: Repeated DIHE parameter (  7873): OG2D  CG2O  CG30  CG32 is replaced
 PARRDR> Error: Repeated DIHE parameter ( 24339): HGA2  CG32  NG31  CG31 is replaced
 PARRDR> Error: Repeated DIHE parameter (  7108): OG2D  CG2O  CG32  NG31 is replaced
 PARRDR> Error: Repeated DIHE parameter (  7109): OG2D  CG2O  CG32  NG31 is replaced
 PARRDR> Error: Repeated DIHE parameter ( 18910): CG32  CG30  OG30  CG32 is replaced
 PARRDR> Error: Repeated DIHE parameter ( 18911): CG32  CG30  OG30  CG32 is replaced
 PARRDR> Error: Repeated DIHE parameter ( 18912): CG32  CG30  OG30  CG32 is replaced
 PARRDR> Error: Repeated DIHE parameter ( 18910): CG32  CG30  OG30  CG32 is replaced
 PARRDR> Error: Repeated DIHE parameter ( 18911): CG32  CG30  OG30  CG32 is replaced
 PARRDR> Error: Repeated DIHE parameter ( 18912): CG32  CG30  OG30  CG32 is replaced
 PARRDR> Error: Repeated DIHE parameter ( 18910): CG32  CG30  OG30  CG32 is replaced
 PARRDR> Error: Repeated DIHE parameter ( 18911): CG32  CG30  OG30  CG32 is replaced
 PARRDR> Error: Repeated DIHE parameter ( 18912): CG32  CG30  OG30  CG32 is replaced
 PARRDR> Error: Repeated DIHE parameter (  7698): CG32  CG2O  NG2S  CG30 is replaced
 PARRDR> Error: Repeated DIHE parameter (  7699): CG32  CG2O  NG2S  CG30 is replaced
 PARRDR> Error: Repeated DIHE parameter (  7698): CG32  CG2O  NG2S  CG30 is replaced
 PARRDR> Error: Repeated DIHE parameter (  7699): CG32  CG2O  NG2S  CG30 is replaced
 PARRDR> Error: Repeated DIHE parameter ( 18854): CG32  CG30  NG31  CG32 is replaced
 PARRDR> Error: Repeated DIHE parameter ( 18855): CG32  CG30  NG31  CG32 is replaced
 PARRDR> Error: Repeated DIHE parameter ( 18856): CG32  CG30  NG31  CG32 is replaced
 PARRDR> Error: Repeated DIHE parameter ( 18854): CG32  CG30  NG31  CG32 is replaced
 PARRDR> Error: Repeated DIHE parameter ( 18855): CG32  CG30  NG31  CG32 is replaced
 PARRDR> Error: Repeated DIHE parameter ( 18856): CG32  CG30  NG31  CG32 is replaced
 PARRDR> Error: Repeated DIHE parameter ( 18854): CG32  CG30  NG31  CG32 is replaced
 PARRDR> Error: Repeated DIHE parameter ( 18855): CG32  CG30  NG31  CG32 is replaced
 PARRDR> Error: Repeated DIHE parameter ( 18856): CG32  CG30  NG31  CG32 is replaced
 PARRDR> Error: Repeated DIHE parameter ( 22593): CG31  CG32  CG32  NG31 is replaced
 PARRDR> Error: Repeated DIHE parameter ( 22593): CG31  CG32  CG32  NG31 is replaced
 PARRDR> Error: Repeated DIHE parameter ( 22574): CG30  CG32  CG32  NG31 is replaced
 PARRDR> Error: Repeated DIHE parameter ( 22574): CG30  CG32  CG32  NG31 is replaced
 PARRDR> Error: Repeated DIHE parameter (  3635): CG33  CG2D  CG32  CG30 is replaced
 PARRDR> Error: Repeated DIHE parameter ( 18812): CG32  CG30  NG2S  HGP1 is replaced
 PARRDR> Error: Repeated DIHE parameter ( 18326): CG2O  CG30  CG32  HGA2 is replaced
 PARRDR> Error: Repeated DIHE parameter ( 19875): CG33  CG31  CG32  OG30 is replaced
 PARRDR> Error: Repeated DIHE parameter ( 22793): NG31  CG32  CG32  OG30 is replaced
 PARRDR> Error: Repeated DIHE parameter ( 22793): NG31  CG32  CG32  OG30 is replaced
 PARRDR> Error: Repeated DIHE parameter ( 19648): CG2O  CG31  CG32  CG31 is replaced
 PARRDR> Error: Repeated DIHE parameter ( 18869): CG33  CG30  NG31  HGPA is replaced
 PARRDR> Error: Repeated DIHE parameter ( 18870): CG33  CG30  NG31  HGPA is replaced
 PARRDR> Error: Repeated DIHE parameter ( 22754): NG2R  CG32  CG32  HGA2 is replaced
 PARRDR> Error: Repeated DIHE parameter ( 18636): NG2S  CG30  CG33  HGA3 is replaced
 PARRDR> Error: Repeated DIHE parameter ( 19987): NG31  CG31  CG32  CG30 is replaced
 PARRDR> Error: Repeated DIHE parameter ( 19684): CG2O  CG31  CG32  HGA2 is replaced
 PARRDR> Error: Repeated DIHE parameter ( 18382): CG32  CG30  CG32  CG2D is replaced
 PARRDR> Error: Repeated DIHE parameter ( 18473): NG31  CG30  CG32  CG32 is replaced
 PARRDR> Error: Repeated DIHE parameter ( 19929): NG2R  CG31  CG32  CG31 is replaced
 PARRDR> Error: Repeated DIHE parameter ( 19955): NG2S  CG31  CG32  CG30 is replaced
 PARRDR> Error: Repeated DIHE parameter ( 21265): HGA1  CG31  NG31  CG32 is replaced
 PARRDR> Error: Repeated DIHE parameter ( 22367): CG2D  CG32  CG32  CG30 is replaced
 PARRDR> Error: Repeated DIHE parameter ( 22368): CG2D  CG32  CG32  CG30 is replaced
 PARRDR> Error: Repeated DIHE parameter ( 22369): CG2D  CG32  CG32  CG30 is replaced
 PARRDR> Error: Repeated DIHE parameter ( 22367): CG2D  CG32  CG32  CG30 is replaced
 PARRDR> Error: Repeated DIHE parameter ( 22368): CG2D  CG32  CG32  CG30 is replaced
 PARRDR> Error: Repeated DIHE parameter ( 22369): CG2D  CG32  CG32  CG30 is replaced
 PARRDR> Error: Repeated DIHE parameter ( 22367): CG2D  CG32  CG32  CG30 is replaced
 PARRDR> Error: Repeated DIHE parameter ( 22368): CG2D  CG32  CG32  CG30 is replaced
 PARRDR> Error: Repeated DIHE parameter ( 22369): CG2D  CG32  CG32  CG30 is replaced
 PARRDR> Error: Repeated DIHE parameter (  6892): NG2S  CG2O  CG31  NG31 is replaced
 PARRDR> Error: Repeated DIHE parameter (  6893): NG2S  CG2O  CG31  NG31 is replaced
 PARRDR> Error: Repeated DIHE parameter ( 18324): CG2O  CG30  CG32  CG32 is replaced
 PARRDR> Error: Repeated DIHE parameter (  8752): OG2D  CG2O  CG31  CG32 is replaced
 PARRDR> Error: Repeated DIHE parameter (  8753): OG2D  CG2O  CG31  CG32 is replaced
 PARRDR> Error: Repeated DIHE parameter (  8754): OG2D  CG2O  CG31  CG32 is replaced
 PARRDR> Error: Repeated DIHE parameter (  8755): OG2D  CG2O  CG31  CG32 is replaced
 PARRDR> Error: Repeated DIHE parameter (  8752): OG2D  CG2O  CG31  CG32 is replaced
 PARRDR> Error: Repeated DIHE parameter (  8753): OG2D  CG2O  CG31  CG32 is replaced
 PARRDR> Error: Repeated DIHE parameter (  8754): OG2D  CG2O  CG31  CG32 is replaced
 PARRDR> Error: Repeated DIHE parameter (  8755): OG2D  CG2O  CG31  CG32 is replaced
 PARRDR> Error: Repeated DIHE parameter (  8752): OG2D  CG2O  CG31  CG32 is replaced
 PARRDR> Error: Repeated DIHE parameter (  8753): OG2D  CG2O  CG31  CG32 is replaced
 PARRDR> Error: Repeated DIHE parameter (  8754): OG2D  CG2O  CG31  CG32 is replaced
 PARRDR> Error: Repeated DIHE parameter (  8755): OG2D  CG2O  CG31  CG32 is replaced
 PARRDR> Error: Repeated DIHE parameter (  8752): OG2D  CG2O  CG31  CG32 is replaced
 PARRDR> Error: Repeated DIHE parameter (  8753): OG2D  CG2O  CG31  CG32 is replaced
 PARRDR> Error: Repeated DIHE parameter (  8754): OG2D  CG2O  CG31  CG32 is replaced
 PARRDR> Error: Repeated DIHE parameter (  8755): OG2D  CG2O  CG31  CG32 is replaced
 PARRDR> Error: Repeated DIHE parameter ( 18323): CG2O  CG30  CG32  CG30 is replaced
 PARRDR> Error: Repeated DIHE parameter ( 24235): CG32  CG32  NG31  CG31 is replaced
 PARRDR> Error: Repeated DIHE parameter ( 24236): CG32  CG32  NG31  CG31 is replaced
 PARRDR> Error: Repeated DIHE parameter ( 24237): CG32  CG32  NG31  CG31 is replaced
 PARRDR> Error: Repeated DIHE parameter ( 24235): CG32  CG32  NG31  CG31 is replaced
 PARRDR> Error: Repeated DIHE parameter ( 24236): CG32  CG32  NG31  CG31 is replaced
 PARRDR> Error: Repeated DIHE parameter ( 24237): CG32  CG32  NG31  CG31 is replaced
 PARRDR> Error: Repeated DIHE parameter ( 24235): CG32  CG32  NG31  CG31 is replaced
 PARRDR> Error: Repeated DIHE parameter ( 24236): CG32  CG32  NG31  CG31 is replaced
 PARRDR> Error: Repeated DIHE parameter ( 24237): CG32  CG32  NG31  CG31 is replaced
 PARRDR> Error: Repeated DIHE parameter ( 22590): CG31  CG32  CG32  NG2S is replaced
 PARRDR> Error: Repeated DIHE parameter ( 21463): NG31  CG31  OG31  HGP1 is replaced
 PARRDR> Error: Repeated DIHE parameter ( 21464): NG31  CG31  OG31  HGP1 is replaced
 PARRDR> Error: Repeated DIHE parameter ( 21465): NG31  CG31  OG31  HGP1 is replaced
 PARRDR> Error: Repeated DIHE parameter ( 21466): NG31  CG31  OG31  HGP1 is replaced
 PARRDR> Error: Repeated DIHE parameter ( 21463): NG31  CG31  OG31  HGP1 is replaced
 PARRDR> Error: Repeated DIHE parameter ( 21464): NG31  CG31  OG31  HGP1 is replaced
 PARRDR> Error: Repeated DIHE parameter ( 21465): NG31  CG31  OG31  HGP1 is replaced
 PARRDR> Error: Repeated DIHE parameter ( 21466): NG31  CG31  OG31  HGP1 is replaced
 PARRDR> Error: Repeated DIHE parameter ( 19671): CG2O  CG31  CG32  CG30 is replaced
 PARRDR> Error: Repeated DIHE parameter ( 24150): CG2O  CG32  NG31  HGPA is replaced
 PARRDR> Error: Repeated DIHE parameter ( 24151): CG2O  CG32  NG31  HGPA is replaced
 PARRDR> Error: Repeated DIHE parameter ( 24152): CG2O  CG32  NG31  HGPA is replaced
 PARRDR> Error: Repeated DIHE parameter ( 18466): NG2S  CG30  CG32  CG32 is replaced
 PARRDR> Error: Repeated DIHE parameter ( 19673): CG2O  CG31  CG32  CG32 is replaced
 PARRDR> Error: Repeated DIHE parameter ( 19669): CG2O  CG31  CG32  CG2D is replaced
 PARRDR> Error: Repeated DIHE parameter (  7110): OG2D  CG2O  CG32  OG30 is replaced
 PARRDR> Error: Repeated DIHE parameter ( 19993): NG31  CG31  CG32  OG31 is replaced
 PARRDR> Error: Repeated DIHE parameter ( 19994): NG31  CG31  CG32  OG31 is replaced
 PARRDR> Error: Repeated DIHE parameter ( 19988): NG31  CG31  CG32  CG32 is replaced
 PARRDR> Error: Repeated DIHE parameter (  6949): OG2D  CG2O  CG31  NG31 is replaced
 PARRDR> Error: Repeated DIHE parameter (  6950): OG2D  CG2O  CG31  NG31 is replaced
 PARRDR> Error: Repeated DIHE parameter ( 19711): CG2R  CG31  CG32  CG32 is replaced
 PARRDR> Error: Repeated DIHE parameter ( 21359): CG33  CG31  OG30  CG32 is replaced
 PARRDR> Error: Repeated DIHE parameter ( 21360): CG33  CG31  OG30  CG32 is replaced
 PARRDR> Error: Repeated DIHE parameter ( 21359): CG33  CG31  OG30  CG32 is replaced
 PARRDR> Error: Repeated DIHE parameter ( 21360): CG33  CG31  OG30  CG32 is replaced
 PARRDR> Error: Repeated DIHE parameter ( 21189): CG32  CG31  NG31  HGPA is replaced
 PARRDR> Error: Repeated DIHE parameter ( 21215): CG33  CG31  NG31  HGPA is replaced
 PARRDR> Error: Repeated DIHE parameter ( 29520): HGA2  CG3C  NG2R  CG31 is replaced
 PARRDR> Error: Repeated DIHE parameter (  7816): OG2D  CG2O  CG2R  CG2R is replaced
 PARRDR> Error: Repeated DIHE parameter ( 21122): CG2O  CG31  NG31  HGPA is replaced
 PARRDR> Error: Repeated DIHE parameter ( 21123): CG2O  CG31  NG31  HGPA is replaced
 PARRDR> Error: Repeated DIHE parameter ( 21124): CG2O  CG31  NG31  HGPA is replaced
 PARRDR> Error: Repeated DIHE parameter (  3661): HGA4  CG2D  CG32  CG30 is replaced
 PARRDR> Error: Repeated DIHE parameter ( 18638): NG31  CG30  CG33  HGA3 is replaced
 PARRDR> Error: Repeated DIHE parameter ( 20746): HGA1  CG31  NG2R  CG3C is replaced
 PARRDR> Error: Repeated DIHE parameter (  8111): CG2R  CG2O  OG31  HGP1 is replaced
 PARRDR> Error: Repeated DIHE parameter (  8112): CG2R  CG2O  OG31  HGP1 is replaced
 PARRDR> Error: Repeated DIHE parameter (  8113): CG2R  CG2O  OG31  HGP1 is replaced
 PARRDR> Error: Repeated DIHE parameter (  8114): CG2R  CG2O  OG31  HGP1 is replaced
 PARRDR> Error: Repeated DIHE parameter (  8111): CG2R  CG2O  OG31  HGP1 is replaced
 PARRDR> Error: Repeated DIHE parameter (  8112): CG2R  CG2O  OG31  HGP1 is replaced
 PARRDR> Error: Repeated DIHE parameter (  8113): CG2R  CG2O  OG31  HGP1 is replaced
 PARRDR> Error: Repeated DIHE parameter (  8114): CG2R  CG2O  OG31  HGP1 is replaced
 PARRDR> Error: Repeated DIHE parameter (  8111): CG2R  CG2O  OG31  HGP1 is replaced
 PARRDR> Error: Repeated DIHE parameter (  8112): CG2R  CG2O  OG31  HGP1 is replaced
 PARRDR> Error: Repeated DIHE parameter (  8113): CG2R  CG2O  OG31  HGP1 is replaced
 PARRDR> Error: Repeated DIHE parameter (  8114): CG2R  CG2O  OG31  HGP1 is replaced
 PARRDR> Error: Repeated DIHE parameter (  8111): CG2R  CG2O  OG31  HGP1 is replaced
 PARRDR> Error: Repeated DIHE parameter (  8112): CG2R  CG2O  OG31  HGP1 is replaced
 PARRDR> Error: Repeated DIHE parameter (  8113): CG2R  CG2O  OG31  HGP1 is replaced
 PARRDR> Error: Repeated DIHE parameter (  8114): CG2R  CG2O  OG31  HGP1 is replaced
 PARRDR> Error: Repeated DIHE parameter ( 20374): NG31  CG31  CG33  HGA3 is replaced
 PARRDR> Error: Repeated DIHE parameter (  3636): CG33  CG2D  CG32  CG31 is replaced
 PARRDR> Error: Repeated DIHE parameter ( 23626): CG32  CG32  NG2R  CG2R is replaced
 PARRDR> Error: Repeated DIHE parameter ( 18813): CG33  CG30  NG2S  CG2O is replaced
 PARRDR> Error: Repeated DIHE parameter ( 14405): CG2R  CG2R  CG31  NG31 is replaced
 PARRDR> Error: Repeated DIHE parameter (  7055): NG2S  CG2O  CG32  OG30 is replaced
 PARRDR> Error: Repeated DIHE parameter (  7056): NG2S  CG2O  CG32  OG30 is replaced
 PARRDR> Error: Repeated DIHE parameter (  7057): NG2S  CG2O  CG32  OG30 is replaced
 PARRDR> Error: Repeated DIHE parameter ( 24487): HGA2  CG32  OG30  CG31 is replaced
 PARRDR> Error: Repeated DIHE parameter (  7874): OG2D  CG2O  CG30  CG33 is replaced
 PARRDR> Error: Repeated DIHE parameter ( 20351): CG2O  CG31  CG33  HGA3 is replaced
 PARRDR> Error: Repeated DIHE parameter ( 18406): CG33  CG30  CG32  CG2D is replaced
 PARRDR> Error: Repeated DIHE parameter ( 22365): CG2D  CG32  CG32  CG2O is replaced
 PARRDR> Error: Repeated DIHE parameter ( 18610): CG2O  CG30  CG33  HGA3 is replaced
 PARRDR> Error: Repeated DIHE parameter ( 22767): NG2S  CG32  CG32  OG30 is replaced
 PARRDR> Error: Repeated DIHE parameter ( 20742): CG32  CG31  NG2R  CG3C is replaced
 PARRDR> Error: Repeated DIHE parameter ( 20743): CG32  CG31  NG2R  CG3C is replaced
 PARRDR> Error: Repeated DIHE parameter ( 20744): CG32  CG31  NG2R  CG3C is replaced
 PARRDR> Error: Repeated DIHE parameter ( 19710): CG2R  CG31  CG32  CG30 is replaced
 PARRDR> Error: Repeated DIHE parameter ( 29493): CG3C  CG3C  NG2R  CG31 is replaced
 PARRDR> Error: Repeated DIHE parameter ( 29494): CG3C  CG3C  NG2R  CG31 is replaced
 PARRDR> Error: Repeated DIHE parameter ( 24494): CG2D  CG32  OG30  CG2O is replaced
 PARRDR> Error: Repeated DIHE parameter ( 24495): CG2D  CG32  OG30  CG2O is replaced
 PARRDR> Error: Repeated DIHE parameter (  9557): CG2O  CG2R  CG2R  CG2R is replaced
 PARRDR> Error: Repeated DIHE parameter (  7818): OG31  CG2O  CG2R  CG2R is replaced
 PARRDR> Error: Repeated DIHE parameter ( 18415): CG33  CG30  CG32  CG31 is replaced
 PARRDR> Error: Repeated DIHE parameter ( 18469): NG2S  CG30  CG32  HGA2 is replaced
 PARRDR> Error: Repeated DIHE parameter ( 19672): CG2O  CG31  CG32  CG31 is replaced
 PARRDR> Error: Repeated DIHE parameter (  6913): NG2S  CG2O  CG31  NG31 is replaced
 PARRDR> Error: Repeated DIHE parameter (  6914): NG2S  CG2O  CG31  NG31 is replaced
 PARRDR> Error: Repeated DIHE parameter ( 18810): CG32  CG30  NG2S  CG2O is replaced
 PARRDR> Error: Repeated DIHE parameter ( 20031): OG30  CG31  CG32  CG31 is replaced
 PARRDR> Error: Repeated DIHE parameter ( 20032): OG30  CG31  CG32  CG31 is replaced
 PARRDR> Error: Repeated DIHE parameter (  8689): CG32  CG2O  CG31  CG33 is replaced
 PARRDR> Error: Repeated DIHE parameter (  8690): CG32  CG2O  CG31  CG33 is replaced
 PARRDR> Error: Repeated DIHE parameter (  8691): CG32  CG2O  CG31  CG33 is replaced
 PARRDR> Error: Repeated DIHE parameter (  8692): CG32  CG2O  CG31  CG33 is replaced
 PARRDR> Error: Repeated DIHE parameter (  8689): CG32  CG2O  CG31  CG33 is replaced
 PARRDR> Error: Repeated DIHE parameter (  8690): CG32  CG2O  CG31  CG33 is replaced
 PARRDR> Error: Repeated DIHE parameter (  8691): CG32  CG2O  CG31  CG33 is replaced
 PARRDR> Error: Repeated DIHE parameter (  8692): CG32  CG2O  CG31  CG33 is replaced
 PARRDR> Error: Repeated DIHE parameter (  8689): CG32  CG2O  CG31  CG33 is replaced
 PARRDR> Error: Repeated DIHE parameter (  8690): CG32  CG2O  CG31  CG33 is replaced
 PARRDR> Error: Repeated DIHE parameter (  8691): CG32  CG2O  CG31  CG33 is replaced
 PARRDR> Error: Repeated DIHE parameter (  8692): CG32  CG2O  CG31  CG33 is replaced
 PARRDR> Error: Repeated DIHE parameter (  8689): CG32  CG2O  CG31  CG33 is replaced
 PARRDR> Error: Repeated DIHE parameter (  8690): CG32  CG2O  CG31  CG33 is replaced
 PARRDR> Error: Repeated DIHE parameter (  8691): CG32  CG2O  CG31  CG33 is replaced
 PARRDR> Error: Repeated DIHE parameter (  8692): CG32  CG2O  CG31  CG33 is replaced
 PARRDR> Error: Repeated DIHE parameter (  8918): CG31  CG2O  CG32  HGA2 is replaced
 PARRDR> Error: Repeated DIHE parameter (  8712): CG32  CG2O  CG31  HGA1 is replaced
 PARRDR> Error: Repeated DIHE parameter (  3545): CG2D  CG2D  CG32  CG2O is replaced
 PARRDR> Error: Repeated DIHE parameter (  3546): CG2D  CG2D  CG32  CG2O is replaced
 PARRDR> Error: Repeated DIHE parameter (  3547): CG2D  CG2D  CG32  CG2O is replaced
 PARRDR> Error: Repeated DIHE parameter (  3548): CG2D  CG2D  CG32  CG2O is replaced
 PARRDR> Error: Repeated DIHE parameter (  3549): CG2D  CG2D  CG32  CG2O is replaced
 PARRDR> Error: Repeated DIHE parameter (  3545): CG2D  CG2D  CG32  CG2O is replaced
 PARRDR> Error: Repeated DIHE parameter (  3546): CG2D  CG2D  CG32  CG2O is replaced
 PARRDR> Error: Repeated DIHE parameter (  3547): CG2D  CG2D  CG32  CG2O is replaced
 PARRDR> Error: Repeated DIHE parameter (  3548): CG2D  CG2D  CG32  CG2O is replaced
 PARRDR> Error: Repeated DIHE parameter (  3549): CG2D  CG2D  CG32  CG2O is replaced
 PARRDR> Error: Repeated DIHE parameter (  3545): CG2D  CG2D  CG32  CG2O is replaced
 PARRDR> Error: Repeated DIHE parameter (  3546): CG2D  CG2D  CG32  CG2O is replaced
 PARRDR> Error: Repeated DIHE parameter (  3547): CG2D  CG2D  CG32  CG2O is replaced
 PARRDR> Error: Repeated DIHE parameter (  3548): CG2D  CG2D  CG32  CG2O is replaced
 PARRDR> Error: Repeated DIHE parameter (  3549): CG2D  CG2D  CG32  CG2O is replaced
 PARRDR> Error: Repeated DIHE parameter (  3545): CG2D  CG2D  CG32  CG2O is replaced
 PARRDR> Error: Repeated DIHE parameter (  3546): CG2D  CG2D  CG32  CG2O is replaced
 PARRDR> Error: Repeated DIHE parameter (  3547): CG2D  CG2D  CG32  CG2O is replaced
 PARRDR> Error: Repeated DIHE parameter (  3548): CG2D  CG2D  CG32  CG2O is replaced
 PARRDR> Error: Repeated DIHE parameter (  3549): CG2D  CG2D  CG32  CG2O is replaced
 PARRDR> Error: Repeated DIHE parameter (  9003): OG2D  CG2O  CG32  CG2D is replaced
 PARRDR> Error: Repeated DIHE parameter (  9004): OG2D  CG2O  CG32  CG2D is replaced
 PARRDR> Error: Repeated DIHE parameter (  7767): OG2D  CG2O  NG2S  CG2O is replaced
 PARRDR> Error: Repeated DIHE parameter (  7688): CG32  CG2O  NG2S  CG2O is replaced
 PARRDR> Error: Repeated DIHE parameter (  7688): CG32  CG2O  NG2S  CG2O is replaced
 PARRDR> Error: Repeated DIHE parameter (  8930): CG32  CG2O  CG32  CG2O is replaced
 PARRDR> Error: Repeated DIHE parameter (  8931): CG32  CG2O  CG32  CG2O is replaced
 PARRDR> Error: Repeated DIHE parameter (  8932): CG32  CG2O  CG32  CG2O is replaced
 PARRDR> Error: Repeated DIHE parameter (  8933): CG32  CG2O  CG32  CG2O is replaced
 PARRDR> Error: Repeated DIHE parameter (  8934): CG32  CG2O  CG32  CG2O is replaced
 PARRDR> Error: Repeated DIHE parameter (  8930): CG32  CG2O  CG32  CG2O is replaced
 PARRDR> Error: Repeated DIHE parameter (  8931): CG32  CG2O  CG32  CG2O is replaced
 PARRDR> Error: Repeated DIHE parameter (  8932): CG32  CG2O  CG32  CG2O is replaced
 PARRDR> Error: Repeated DIHE parameter (  8933): CG32  CG2O  CG32  CG2O is replaced
 PARRDR> Error: Repeated DIHE parameter (  8934): CG32  CG2O  CG32  CG2O is replaced
 PARRDR> Error: Repeated DIHE parameter (  8930): CG32  CG2O  CG32  CG2O is replaced
 PARRDR> Error: Repeated DIHE parameter (  8931): CG32  CG2O  CG32  CG2O is replaced
 PARRDR> Error: Repeated DIHE parameter (  8932): CG32  CG2O  CG32  CG2O is replaced
 PARRDR> Error: Repeated DIHE parameter (  8933): CG32  CG2O  CG32  CG2O is replaced
 PARRDR> Error: Repeated DIHE parameter (  8934): CG32  CG2O  CG32  CG2O is replaced
 PARRDR> Error: Repeated DIHE parameter (  8930): CG32  CG2O  CG32  CG2O is replaced
 PARRDR> Error: Repeated DIHE parameter (  8931): CG32  CG2O  CG32  CG2O is replaced
 PARRDR> Error: Repeated DIHE parameter (  8932): CG32  CG2O  CG32  CG2O is replaced
 PARRDR> Error: Repeated DIHE parameter (  8933): CG32  CG2O  CG32  CG2O is replaced
 PARRDR> Error: Repeated DIHE parameter (  8934): CG32  CG2O  CG32  CG2O is replaced
 PARRDR> Error: Repeated DIHE parameter (  7089): OG2D  CG2O  CG32  CG2O is replaced
 PARRDR> Error: Repeated DIHE parameter (  7090): OG2D  CG2O  CG32  CG2O is replaced
 PARRDR> Error: Repeated DIHE parameter (  9005): OG2D  CG2O  CG32  CG2O is replaced
 PARRDR> Error: Repeated DIHE parameter (  9006): OG2D  CG2O  CG32  CG2O is replaced
 PARRDR> Error: Repeated DIHE parameter (  9007): OG2D  CG2O  CG32  CG2O is replaced
 PARRDR> Error: Repeated DIHE parameter (  8659): CG32  CG2O  CG31  CG2O is replaced
 PARRDR> Error: Repeated DIHE parameter (  8660): CG32  CG2O  CG31  CG2O is replaced
 PARRDR> Error: Repeated DIHE parameter (  8661): CG32  CG2O  CG31  CG2O is replaced
 PARRDR> Error: Repeated DIHE parameter (  8659): CG32  CG2O  CG31  CG2O is replaced
 PARRDR> Error: Repeated DIHE parameter (  8660): CG32  CG2O  CG31  CG2O is replaced
 PARRDR> Error: Repeated DIHE parameter (  8661): CG32  CG2O  CG31  CG2O is replaced
 PARRDR> Error: Repeated DIHE parameter (  8659): CG32  CG2O  CG31  CG2O is replaced
 PARRDR> Error: Repeated DIHE parameter (  8660): CG32  CG2O  CG31  CG2O is replaced
 PARRDR> Error: Repeated DIHE parameter (  8661): CG32  CG2O  CG31  CG2O is replaced
 PARRDR> Error: Repeated DIHE parameter (  8659): CG32  CG2O  CG31  CG2O is replaced
 PARRDR> Error: Repeated DIHE parameter (  8660): CG32  CG2O  CG31  CG2O is replaced
 PARRDR> Error: Repeated DIHE parameter (  8661): CG32  CG2O  CG31  CG2O is replaced
 PARRDR> Error: Repeated DIHE parameter (  8662): CG32  CG2O  CG31  CG2O is replaced
 PARRDR> Error: Repeated DIHE parameter (  8663): CG32  CG2O  CG31  CG2O is replaced
 PARRDR> Error: Repeated DIHE parameter (  8664): CG32  CG2O  CG31  CG2O is replaced
 PARRDR> Error: Repeated DIHE parameter (  8662): CG32  CG2O  CG31  CG2O is replaced
 PARRDR> Error: Repeated DIHE parameter (  8663): CG32  CG2O  CG31  CG2O is replaced
 PARRDR> Error: Repeated DIHE parameter (  8664): CG32  CG2O  CG31  CG2O is replaced
 PARRDR> Error: Repeated DIHE parameter (  8662): CG32  CG2O  CG31  CG2O is replaced
 PARRDR> Error: Repeated DIHE parameter (  8663): CG32  CG2O  CG31  CG2O is replaced
 PARRDR> Error: Repeated DIHE parameter (  8664): CG32  CG2O  CG31  CG2O is replaced
 PARRDR> Error: Repeated DIHE parameter (  8662): CG32  CG2O  CG31  CG2O is replaced
 PARRDR> Error: Repeated DIHE parameter (  8663): CG32  CG2O  CG31  CG2O is replaced
 PARRDR> Error: Repeated DIHE parameter (  8664): CG32  CG2O  CG31  CG2O is replaced
 PARRDR> Error: Repeated DIHE parameter (  8556): CG32  CG2O  CG30  CG32 is replaced
 PARRDR> Error: Repeated DIHE parameter (  8557): CG32  CG2O  CG30  CG32 is replaced
 PARRDR> Error: Repeated DIHE parameter (  8558): CG32  CG2O  CG30  CG32 is replaced
 PARRDR> Error: Repeated DIHE parameter (  8559): CG32  CG2O  CG30  CG32 is replaced
 PARRDR> Error: Repeated DIHE parameter (  8556): CG32  CG2O  CG30  CG32 is replaced
 PARRDR> Error: Repeated DIHE parameter (  8557): CG32  CG2O  CG30  CG32 is replaced
 PARRDR> Error: Repeated DIHE parameter (  8558): CG32  CG2O  CG30  CG32 is replaced
 PARRDR> Error: Repeated DIHE parameter (  8559): CG32  CG2O  CG30  CG32 is replaced
 PARRDR> Error: Repeated DIHE parameter (  8556): CG32  CG2O  CG30  CG32 is replaced
 PARRDR> Error: Repeated DIHE parameter (  8557): CG32  CG2O  CG30  CG32 is replaced
 PARRDR> Error: Repeated DIHE parameter (  8558): CG32  CG2O  CG30  CG32 is replaced
 PARRDR> Error: Repeated DIHE parameter (  8559): CG32  CG2O  CG30  CG32 is replaced
 PARRDR> Error: Repeated DIHE parameter (  8556): CG32  CG2O  CG30  CG32 is replaced
 PARRDR> Error: Repeated DIHE parameter (  8557): CG32  CG2O  CG30  CG32 is replaced
 PARRDR> Error: Repeated DIHE parameter (  8558): CG32  CG2O  CG30  CG32 is replaced
 PARRDR> Error: Repeated DIHE parameter (  8559): CG32  CG2O  CG30  CG32 is replaced
 PARRDR> Error: Repeated DIHE parameter ( 19802): CG32  CG31  CG32  CG2O is replaced
 PARRDR> Error: Repeated DIHE parameter ( 19802): CG32  CG31  CG32  CG2O is replaced
 PARRDR> Error: Repeated DIHE parameter ( 19802): CG32  CG31  CG32  CG2O is replaced
 PARRDR> Error: Repeated DIHE parameter ( 19802): CG32  CG31  CG32  CG2O is replaced
 PARRDR> Error: Repeated DIHE parameter ( 19802): CG32  CG31  CG32  CG2O is replaced
 PARRDR> Error: Repeated DIHE parameter ( 19676): CG2O  CG31  CG32  NG2S is replaced
 PARRDR> Error: Repeated DIHE parameter (  8560): CG32  CG2O  CG30  CG33 is replaced
 PARRDR> Error: Repeated DIHE parameter (  8561): CG32  CG2O  CG30  CG33 is replaced
 PARRDR> Error: Repeated DIHE parameter (  8562): CG32  CG2O  CG30  CG33 is replaced
 PARRDR> Error: Repeated DIHE parameter (  8563): CG32  CG2O  CG30  CG33 is replaced
 PARRDR> Error: Repeated DIHE parameter (  8564): CG32  CG2O  CG30  CG33 is replaced
 PARRDR> Error: Repeated DIHE parameter (  8560): CG32  CG2O  CG30  CG33 is replaced
 PARRDR> Error: Repeated DIHE parameter (  8561): CG32  CG2O  CG30  CG33 is replaced
 PARRDR> Error: Repeated DIHE parameter (  8562): CG32  CG2O  CG30  CG33 is replaced
 PARRDR> Error: Repeated DIHE parameter (  8563): CG32  CG2O  CG30  CG33 is replaced
 PARRDR> Error: Repeated DIHE parameter (  8564): CG32  CG2O  CG30  CG33 is replaced
 PARRDR> Error: Repeated DIHE parameter (  8560): CG32  CG2O  CG30  CG33 is replaced
 PARRDR> Error: Repeated DIHE parameter (  8561): CG32  CG2O  CG30  CG33 is replaced
 PARRDR> Error: Repeated DIHE parameter (  8562): CG32  CG2O  CG30  CG33 is replaced
 PARRDR> Error: Repeated DIHE parameter (  8563): CG32  CG2O  CG30  CG33 is replaced
 PARRDR> Error: Repeated DIHE parameter (  8564): CG32  CG2O  CG30  CG33 is replaced
 PARRDR> Error: Repeated DIHE parameter (  8560): CG32  CG2O  CG30  CG33 is replaced
 PARRDR> Error: Repeated DIHE parameter (  8561): CG32  CG2O  CG30  CG33 is replaced
 PARRDR> Error: Repeated DIHE parameter (  8562): CG32  CG2O  CG30  CG33 is replaced
 PARRDR> Error: Repeated DIHE parameter (  8563): CG32  CG2O  CG30  CG33 is replaced
 PARRDR> Error: Repeated DIHE parameter (  8564): CG32  CG2O  CG30  CG33 is replaced
 PARRDR> Error: Repeated DIHE parameter ( 19860): CG33  CG31  CG32  CG2O is replaced
 PARRDR> Error: Repeated DIHE parameter ( 19860): CG33  CG31  CG32  CG2O is replaced
 PARRDR> Error: Repeated DIHE parameter ( 19860): CG33  CG31  CG32  CG2O is replaced
 PARRDR> Error: Repeated DIHE parameter ( 19860): CG33  CG31  CG32  CG2O is replaced
 PARRDR> Error: Repeated DIHE parameter ( 19860): CG33  CG31  CG32  CG2O is replaced
 PARRDR> Error: Repeated DIHE parameter ( 18337): CG2O  CG30  CG32  CG32 is replaced
 PARRDR> Error: Repeated DIHE parameter ( 18338): CG2O  CG30  CG32  CG32 is replaced
 PARRDR> Error: Repeated DIHE parameter (  8947): CG32  CG2O  CG32  CG31 is replaced
 PARRDR> Error: Repeated DIHE parameter (  8948): CG32  CG2O  CG32  CG31 is replaced
 PARRDR> Error: Repeated DIHE parameter (  8949): CG32  CG2O  CG32  CG31 is replaced
 PARRDR> Error: Repeated DIHE parameter (  8950): CG32  CG2O  CG32  CG31 is replaced
 PARRDR> Error: Repeated DIHE parameter (  8947): CG32  CG2O  CG32  CG31 is replaced
 PARRDR> Error: Repeated DIHE parameter (  8948): CG32  CG2O  CG32  CG31 is replaced
 PARRDR> Error: Repeated DIHE parameter (  8949): CG32  CG2O  CG32  CG31 is replaced
 PARRDR> Error: Repeated DIHE parameter (  8950): CG32  CG2O  CG32  CG31 is replaced
 PARRDR> Error: Repeated DIHE parameter (  8947): CG32  CG2O  CG32  CG31 is replaced
 PARRDR> Error: Repeated DIHE parameter (  8948): CG32  CG2O  CG32  CG31 is replaced
 PARRDR> Error: Repeated DIHE parameter (  8949): CG32  CG2O  CG32  CG31 is replaced
 PARRDR> Error: Repeated DIHE parameter (  8950): CG32  CG2O  CG32  CG31 is replaced
 PARRDR> Error: Repeated DIHE parameter (  8947): CG32  CG2O  CG32  CG31 is replaced
 PARRDR> Error: Repeated DIHE parameter (  8948): CG32  CG2O  CG32  CG31 is replaced
 PARRDR> Error: Repeated DIHE parameter (  8949): CG32  CG2O  CG32  CG31 is replaced
 PARRDR> Error: Repeated DIHE parameter (  8950): CG32  CG2O  CG32  CG31 is replaced
 PARRDR> Error: Repeated DIHE parameter ( 19705): CG2R  CG31  CG32  CG2O is replaced
 PARRDR> Error: Repeated DIHE parameter (  8590): OG2D  CG2O  CG30  CG33 is replaced
 PARRDR> Error: Repeated DIHE parameter (  8591): OG2D  CG2O  CG30  CG33 is replaced
 PARRDR> Error: Repeated DIHE parameter (  8592): OG2D  CG2O  CG30  CG33 is replaced
 PARRDR> Error: Repeated DIHE parameter (  8593): OG2D  CG2O  CG30  CG33 is replaced
 PARRDR> Error: Repeated DIHE parameter (  8594): OG2D  CG2O  CG30  CG33 is replaced
 PARRDR> Error: Repeated DIHE parameter (  8590): OG2D  CG2O  CG30  CG33 is replaced
 PARRDR> Error: Repeated DIHE parameter (  8591): OG2D  CG2O  CG30  CG33 is replaced
 PARRDR> Error: Repeated DIHE parameter (  8592): OG2D  CG2O  CG30  CG33 is replaced
 PARRDR> Error: Repeated DIHE parameter (  8593): OG2D  CG2O  CG30  CG33 is replaced
 PARRDR> Error: Repeated DIHE parameter (  8594): OG2D  CG2O  CG30  CG33 is replaced
 PARRDR> Error: Repeated DIHE parameter (  8590): OG2D  CG2O  CG30  CG33 is replaced
 PARRDR> Error: Repeated DIHE parameter (  8591): OG2D  CG2O  CG30  CG33 is replaced
 PARRDR> Error: Repeated DIHE parameter (  8592): OG2D  CG2O  CG30  CG33 is replaced
 PARRDR> Error: Repeated DIHE parameter (  8593): OG2D  CG2O  CG30  CG33 is replaced
 PARRDR> Error: Repeated DIHE parameter (  8594): OG2D  CG2O  CG30  CG33 is replaced
 PARRDR> Error: Repeated DIHE parameter (  8590): OG2D  CG2O  CG30  CG33 is replaced
 PARRDR> Error: Repeated DIHE parameter (  8591): OG2D  CG2O  CG30  CG33 is replaced
 PARRDR> Error: Repeated DIHE parameter (  8592): OG2D  CG2O  CG30  CG33 is replaced
 PARRDR> Error: Repeated DIHE parameter (  8593): OG2D  CG2O  CG30  CG33 is replaced
 PARRDR> Error: Repeated DIHE parameter (  8594): OG2D  CG2O  CG30  CG33 is replaced
 PARRDR> Error: Repeated DIHE parameter (  8665): CG32  CG2O  CG31  CG2R is replaced
 PARRDR> Error: Repeated DIHE parameter (  8666): CG32  CG2O  CG31  CG2R is replaced
 PARRDR> Error: Repeated DIHE parameter (  8665): CG32  CG2O  CG31  CG2R is replaced
 PARRDR> Error: Repeated DIHE parameter (  8666): CG32  CG2O  CG31  CG2R is replaced
 PARRDR> Error: Repeated DIHE parameter (  8665): CG32  CG2O  CG31  CG2R is replaced
 PARRDR> Error: Repeated DIHE parameter (  8666): CG32  CG2O  CG31  CG2R is replaced
 PARRDR> Error: Repeated DIHE parameter (  8665): CG32  CG2O  CG31  CG2R is replaced
 PARRDR> Error: Repeated DIHE parameter (  8666): CG32  CG2O  CG31  CG2R is replaced
 PARRDR> Error: Repeated DIHE parameter (  8656): CG32  CG2O  CG31  CG2O is replaced
 PARRDR> Error: Repeated DIHE parameter (  8657): CG32  CG2O  CG31  CG2O is replaced
 PARRDR> Error: Repeated DIHE parameter (  8658): CG32  CG2O  CG31  CG2O is replaced
 PARRDR> Error: Repeated DIHE parameter (  8656): CG32  CG2O  CG31  CG2O is replaced
 PARRDR> Error: Repeated DIHE parameter (  8657): CG32  CG2O  CG31  CG2O is replaced
 PARRDR> Error: Repeated DIHE parameter (  8658): CG32  CG2O  CG31  CG2O is replaced
 PARRDR> Error: Repeated DIHE parameter (  8656): CG32  CG2O  CG31  CG2O is replaced
 PARRDR> Error: Repeated DIHE parameter (  8657): CG32  CG2O  CG31  CG2O is replaced
 PARRDR> Error: Repeated DIHE parameter (  8658): CG32  CG2O  CG31  CG2O is replaced
 PARRDR> Error: Repeated DIHE parameter (  8656): CG32  CG2O  CG31  CG2O is replaced
 PARRDR> Error: Repeated DIHE parameter (  8657): CG32  CG2O  CG31  CG2O is replaced
 PARRDR> Error: Repeated DIHE parameter (  8658): CG32  CG2O  CG31  CG2O is replaced
 PARRDR> Error: Repeated DIHE parameter (  8693): CG32  CG2O  CG31  NG2R is replaced
 PARRDR> Error: Repeated DIHE parameter (  8694): CG32  CG2O  CG31  NG2R is replaced
 PARRDR> Error: Repeated DIHE parameter ( 18343): CG2O  CG30  CG32  HGA2 is replaced
 PARRDR> Error: Repeated DIHE parameter (  8730): OG2D  CG2O  CG31  CG2O is replaced
 PARRDR> Error: Repeated DIHE parameter (  8731): OG2D  CG2O  CG31  CG2O is replaced
 PARRDR> Error: Repeated DIHE parameter (  8586): OG2D  CG2O  CG30  CG32 is replaced
 PARRDR> Error: Repeated DIHE parameter (  8587): OG2D  CG2O  CG30  CG32 is replaced
 PARRDR> Error: Repeated DIHE parameter (  8588): OG2D  CG2O  CG30  CG32 is replaced
 PARRDR> Error: Repeated DIHE parameter (  8589): OG2D  CG2O  CG30  CG32 is replaced
 PARRDR> Error: Repeated DIHE parameter (  8586): OG2D  CG2O  CG30  CG32 is replaced
 PARRDR> Error: Repeated DIHE parameter (  8587): OG2D  CG2O  CG30  CG32 is replaced
 PARRDR> Error: Repeated DIHE parameter (  8588): OG2D  CG2O  CG30  CG32 is replaced
 PARRDR> Error: Repeated DIHE parameter (  8589): OG2D  CG2O  CG30  CG32 is replaced
 PARRDR> Error: Repeated DIHE parameter (  8586): OG2D  CG2O  CG30  CG32 is replaced
 PARRDR> Error: Repeated DIHE parameter (  8587): OG2D  CG2O  CG30  CG32 is replaced
 PARRDR> Error: Repeated DIHE parameter (  8588): OG2D  CG2O  CG30  CG32 is replaced
 PARRDR> Error: Repeated DIHE parameter (  8589): OG2D  CG2O  CG30  CG32 is replaced
 PARRDR> Error: Repeated DIHE parameter (  8586): OG2D  CG2O  CG30  CG32 is replaced
 PARRDR> Error: Repeated DIHE parameter (  8587): OG2D  CG2O  CG30  CG32 is replaced
 PARRDR> Error: Repeated DIHE parameter (  8588): OG2D  CG2O  CG30  CG32 is replaced
 PARRDR> Error: Repeated DIHE parameter (  8589): OG2D  CG2O  CG30  CG32 is replaced
 PARRDR> Error: Repeated DIHE parameter (  8883): CG30  CG2O  CG32  HGA2 is replaced
 PARRDR> Error: Repeated DIHE parameter (  8724): OG2D  CG2O  CG31  CG2O is replaced
 PARRDR> Error: Repeated DIHE parameter (  8725): OG2D  CG2O  CG31  CG2O is replaced
 PARRDR> Error: Repeated DIHE parameter ( 20067): OG31  CG31  CG32  NG2S is replaced
 PARRDR> Error: Repeated DIHE parameter (  8700): CG32  CG2O  CG31  OG31 is replaced
 PARRDR> Error: Repeated DIHE parameter (  8701): CG32  CG2O  CG31  OG31 is replaced
 PARRDR> Error: Repeated DIHE parameter (  8702): CG32  CG2O  CG31  OG31 is replaced
 PARRDR> Error: Repeated DIHE parameter (  8703): CG32  CG2O  CG31  OG31 is replaced
 PARRDR> Error: Repeated DIHE parameter (  8700): CG32  CG2O  CG31  OG31 is replaced
 PARRDR> Error: Repeated DIHE parameter (  8701): CG32  CG2O  CG31  OG31 is replaced
 PARRDR> Error: Repeated DIHE parameter (  8702): CG32  CG2O  CG31  OG31 is replaced
 PARRDR> Error: Repeated DIHE parameter (  8703): CG32  CG2O  CG31  OG31 is replaced
 PARRDR> Error: Repeated DIHE parameter (  8700): CG32  CG2O  CG31  OG31 is replaced
 PARRDR> Error: Repeated DIHE parameter (  8701): CG32  CG2O  CG31  OG31 is replaced
 PARRDR> Error: Repeated DIHE parameter (  8702): CG32  CG2O  CG31  OG31 is replaced
 PARRDR> Error: Repeated DIHE parameter (  8703): CG32  CG2O  CG31  OG31 is replaced
 PARRDR> Error: Repeated DIHE parameter (  8700): CG32  CG2O  CG31  OG31 is replaced
 PARRDR> Error: Repeated DIHE parameter (  8701): CG32  CG2O  CG31  OG31 is replaced
 PARRDR> Error: Repeated DIHE parameter (  8702): CG32  CG2O  CG31  OG31 is replaced
 PARRDR> Error: Repeated DIHE parameter (  8703): CG32  CG2O  CG31  OG31 is replaced
 PARRDR> Error: Repeated DIHE parameter (  9017): OG2D  CG2O  CG32  CG31 is replaced
 PARRDR> Error: Repeated DIHE parameter (  9018): OG2D  CG2O  CG32  CG31 is replaced
 PARRDR> Error: Repeated DIHE parameter (  9019): OG2D  CG2O  CG32  CG31 is replaced
 PARRDR> Error: Repeated DIHE parameter (  9020): OG2D  CG2O  CG32  CG31 is replaced
 PARRDR> Error: Repeated DIHE parameter (  9017): OG2D  CG2O  CG32  CG31 is replaced
 PARRDR> Error: Repeated DIHE parameter (  9018): OG2D  CG2O  CG32  CG31 is replaced
 PARRDR> Error: Repeated DIHE parameter (  9019): OG2D  CG2O  CG32  CG31 is replaced
 PARRDR> Error: Repeated DIHE parameter (  9020): OG2D  CG2O  CG32  CG31 is replaced
 PARRDR> Error: Repeated DIHE parameter (  9017): OG2D  CG2O  CG32  CG31 is replaced
 PARRDR> Error: Repeated DIHE parameter (  9018): OG2D  CG2O  CG32  CG31 is replaced
 PARRDR> Error: Repeated DIHE parameter (  9019): OG2D  CG2O  CG32  CG31 is replaced
 PARRDR> Error: Repeated DIHE parameter (  9020): OG2D  CG2O  CG32  CG31 is replaced
 PARRDR> Error: Repeated DIHE parameter (  9017): OG2D  CG2O  CG32  CG31 is replaced
 PARRDR> Error: Repeated DIHE parameter (  9018): OG2D  CG2O  CG32  CG31 is replaced
 PARRDR> Error: Repeated DIHE parameter (  9019): OG2D  CG2O  CG32  CG31 is replaced
 PARRDR> Error: Repeated DIHE parameter (  9020): OG2D  CG2O  CG32  CG31 is replaced
 PARRDR> Error: Repeated DIHE parameter (  8765): OG2D  CG2O  CG31  NG2R is replaced
 PARRDR> Error: Repeated DIHE parameter (  8766): OG2D  CG2O  CG31  NG2R is replaced
 PARRDR> Error: Repeated DIHE parameter (  8728): OG2D  CG2O  CG31  CG2O is replaced
 PARRDR> Error: Repeated DIHE parameter (  8729): OG2D  CG2O  CG31  CG2O is replaced
 PARRDR> Error: Repeated DIHE parameter (  7887): OG2D  CG2O  CG31  CG2O is replaced
 PARRDR> Error: Repeated DIHE parameter (  7888): OG2D  CG2O  CG31  CG2O is replaced
 PARRDR> Error: Repeated DIHE parameter (  8680): CG32  CG2O  CG31  CG32 is replaced
 PARRDR> Error: Repeated DIHE parameter (  8681): CG32  CG2O  CG31  CG32 is replaced
 PARRDR> Error: Repeated DIHE parameter (  8682): CG32  CG2O  CG31  CG32 is replaced
 PARRDR> Error: Repeated DIHE parameter (  8683): CG32  CG2O  CG31  CG32 is replaced
 PARRDR> Error: Repeated DIHE parameter (  8680): CG32  CG2O  CG31  CG32 is replaced
 PARRDR> Error: Repeated DIHE parameter (  8681): CG32  CG2O  CG31  CG32 is replaced
 PARRDR> Error: Repeated DIHE parameter (  8682): CG32  CG2O  CG31  CG32 is replaced
 PARRDR> Error: Repeated DIHE parameter (  8683): CG32  CG2O  CG31  CG32 is replaced
 PARRDR> Error: Repeated DIHE parameter (  8680): CG32  CG2O  CG31  CG32 is replaced
 PARRDR> Error: Repeated DIHE parameter (  8681): CG32  CG2O  CG31  CG32 is replaced
 PARRDR> Error: Repeated DIHE parameter (  8682): CG32  CG2O  CG31  CG32 is replaced
 PARRDR> Error: Repeated DIHE parameter (  8683): CG32  CG2O  CG31  CG32 is replaced
 PARRDR> Error: Repeated DIHE parameter (  8680): CG32  CG2O  CG31  CG32 is replaced
 PARRDR> Error: Repeated DIHE parameter (  8681): CG32  CG2O  CG31  CG32 is replaced
 PARRDR> Error: Repeated DIHE parameter (  8682): CG32  CG2O  CG31  CG32 is replaced
 PARRDR> Error: Repeated DIHE parameter (  8683): CG32  CG2O  CG31  CG32 is replaced
 PARRDR> Error: Repeated DIHE parameter (  3633): CG33  CG2D  CG32  CG2O is replaced
 PARRDR> Error: Repeated DIHE parameter (  3634): CG33  CG2D  CG32  CG2O is replaced
 PARRDR> Error: Repeated DIHE parameter (  8732): OG2D  CG2O  CG31  CG2R is replaced
 PARRDR> Error: Repeated DIHE parameter (  8733): OG2D  CG2O  CG31  CG2R is replaced
 PARRDR> Error: Repeated DIHE parameter (  8734): OG2D  CG2O  CG31  CG2R is replaced
 PARRDR> Error: Repeated DIHE parameter (  8850): CG2O  CG2O  CG32  HGA2 is replaced
 PARRDR> Error: Repeated DIHE parameter ( 18612): CG2O  CG30  CG33  HGA3 is replaced
 PARRDR> Error: Repeated DIHE parameter ( 19641): CG2O  CG31  CG32  NG2S is replaced
 PARRDR> Error: Repeated DIHE parameter (  8231): OG2D  CG2O  CG31  CG2O is replaced
 PARRDR> Error: Repeated DIHE parameter ( 20196): HGA1  CG31  CG32  CG2O is replaced
 PARRDR> Error: Repeated DIHE parameter (  8726): OG2D  CG2O  CG31  CG2O is replaced
 PARRDR> Error: Repeated DIHE parameter (  8727): OG2D  CG2O  CG31  CG2O is replaced
 PARRDR> Error: Repeated DIHE parameter ( 14384): CG2R  CG2R  CG31  CG2O is replaced
 PARRDR> Error: Repeated DIHE parameter (  7924): OG31  CG2O  CG31  CG2O is replaced
 PARRDR> Error: Repeated DIHE parameter (  7925): OG31  CG2O  CG31  CG2O is replaced
 PARRDR> Error: Repeated DIHE parameter (  7926): OG31  CG2O  CG31  CG2O is replaced
 PARRDR> Error: Repeated DIHE parameter (  8485): CG32  CG2O  CG2O  OG2D is replaced
 PARRDR> Error: Repeated DIHE parameter (  8486): CG32  CG2O  CG2O  OG2D is replaced
 PARRDR> Error: Repeated DIHE parameter ( 18407): CG33  CG30  CG32  CG2O is replaced
 PARRDR> Error: Repeated DIHE parameter ( 20733): CG2O  CG31  NG2R  CG2R is replaced
 PARRDR> Error: Repeated DIHE parameter (  6877): NG2S  CG2O  CG31  CG2O is replaced
 PARRDR> Error: Repeated DIHE parameter (  6878): NG2S  CG2O  CG31  CG2O is replaced
 PARRDR> Error: Repeated DIHE parameter (  6879): NG2S  CG2O  CG31  CG2O is replaced
 PARRDR> Error: Repeated DIHE parameter (  6880): NG2S  CG2O  CG31  CG2O is replaced
 PARRDR> Error: Repeated DIHE parameter (  6930): OG2D  CG2O  CG31  CG2O is replaced
 PARRDR> Error: Repeated DIHE parameter (  6931): OG2D  CG2O  CG31  CG2O is replaced
 PARRDR> Error: Repeated DIHE parameter ( 22512): CG2O  CG32  CG32  NG31 is replaced
 PARRDR> Error: Repeated DIHE parameter ( 22513): CG2O  CG32  CG32  NG31 is replaced
 PARRDR> Error: Repeated DIHE parameter ( 22514): CG2O  CG32  CG32  NG31 is replaced
 PARRDR> Error: Repeated DIHE parameter ( 22515): CG2O  CG32  CG32  NG31 is replaced
 PARRDR> Error: Repeated DIHE parameter ( 22512): CG2O  CG32  CG32  NG31 is replaced
 PARRDR> Error: Repeated DIHE parameter ( 22513): CG2O  CG32  CG32  NG31 is replaced
 PARRDR> Error: Repeated DIHE parameter ( 22514): CG2O  CG32  CG32  NG31 is replaced
 PARRDR> Error: Repeated DIHE parameter ( 22515): CG2O  CG32  CG32  NG31 is replaced
 PARRDR> Error: Repeated DIHE parameter ( 22512): CG2O  CG32  CG32  NG31 is replaced
 PARRDR> Error: Repeated DIHE parameter ( 22513): CG2O  CG32  CG32  NG31 is replaced
 PARRDR> Error: Repeated DIHE parameter ( 22514): CG2O  CG32  CG32  NG31 is replaced
 PARRDR> Error: Repeated DIHE parameter ( 22515): CG2O  CG32  CG32  NG31 is replaced
 PARRDR> Error: Repeated DIHE parameter ( 22512): CG2O  CG32  CG32  NG31 is replaced
 PARRDR> Error: Repeated DIHE parameter ( 22513): CG2O  CG32  CG32  NG31 is replaced
 PARRDR> Error: Repeated DIHE parameter ( 22514): CG2O  CG32  CG32  NG31 is replaced
 PARRDR> Error: Repeated DIHE parameter ( 22515): CG2O  CG32  CG32  NG31 is replaced
 PARRDR> Error: Repeated DIHE parameter ( 22512): CG2O  CG32  CG32  NG31 is replaced
 PARRDR> Error: Repeated DIHE parameter ( 22513): CG2O  CG32  CG32  NG31 is replaced
 PARRDR> Error: Repeated DIHE parameter ( 22514): CG2O  CG32  CG32  NG31 is replaced
 PARRDR> Error: Repeated DIHE parameter ( 22515): CG2O  CG32  CG32  NG31 is replaced
 PARRDR> Error: Repeated DIHE parameter ( 19670): CG2O  CG31  CG32  CG2O is replaced
 PARRDR> Error: Repeated DIHE parameter (  8879): CG30  CG2O  CG32  CG32 is replaced
 PARRDR> Error: Repeated DIHE parameter (  8880): CG30  CG2O  CG32  CG32 is replaced
 PARRDR> Error: Repeated DIHE parameter (  8881): CG30  CG2O  CG32  CG32 is replaced
 PARRDR> Error: Repeated DIHE parameter (  8882): CG30  CG2O  CG32  CG32 is replaced
 PARRDR> Error: Repeated DIHE parameter (  8879): CG30  CG2O  CG32  CG32 is replaced
 PARRDR> Error: Repeated DIHE parameter (  8880): CG30  CG2O  CG32  CG32 is replaced
 PARRDR> Error: Repeated DIHE parameter (  8881): CG30  CG2O  CG32  CG32 is replaced
 PARRDR> Error: Repeated DIHE parameter (  8882): CG30  CG2O  CG32  CG32 is replaced
 PARRDR> Error: Repeated DIHE parameter (  8879): CG30  CG2O  CG32  CG32 is replaced
 PARRDR> Error: Repeated DIHE parameter (  8880): CG30  CG2O  CG32  CG32 is replaced
 PARRDR> Error: Repeated DIHE parameter (  8881): CG30  CG2O  CG32  CG32 is replaced
 PARRDR> Error: Repeated DIHE parameter (  8882): CG30  CG2O  CG32  CG32 is replaced
 PARRDR> Error: Repeated DIHE parameter (  8879): CG30  CG2O  CG32  CG32 is replaced
 PARRDR> Error: Repeated DIHE parameter (  8880): CG30  CG2O  CG32  CG32 is replaced
 PARRDR> Error: Repeated DIHE parameter (  8881): CG30  CG2O  CG32  CG32 is replaced
 PARRDR> Error: Repeated DIHE parameter (  8882): CG30  CG2O  CG32  CG32 is replaced
 PARRDR> Error: Repeated DIHE parameter (  8905): CG31  CG2O  CG32  CG32 is replaced
 PARRDR> Error: Repeated DIHE parameter (  8906): CG31  CG2O  CG32  CG32 is replaced
 PARRDR> Error: Repeated DIHE parameter (  8907): CG31  CG2O  CG32  CG32 is replaced
 PARRDR> Error: Repeated DIHE parameter (  8908): CG31  CG2O  CG32  CG32 is replaced
 PARRDR> Error: Repeated DIHE parameter (  8905): CG31  CG2O  CG32  CG32 is replaced
 PARRDR> Error: Repeated DIHE parameter (  8906): CG31  CG2O  CG32  CG32 is replaced
 PARRDR> Error: Repeated DIHE parameter (  8907): CG31  CG2O  CG32  CG32 is replaced
 PARRDR> Error: Repeated DIHE parameter (  8908): CG31  CG2O  CG32  CG32 is replaced
 PARRDR> Error: Repeated DIHE parameter (  8905): CG31  CG2O  CG32  CG32 is replaced
 PARRDR> Error: Repeated DIHE parameter (  8906): CG31  CG2O  CG32  CG32 is replaced
 PARRDR> Error: Repeated DIHE parameter (  8907): CG31  CG2O  CG32  CG32 is replaced
 PARRDR> Error: Repeated DIHE parameter (  8908): CG31  CG2O  CG32  CG32 is replaced
 PARRDR> Error: Repeated DIHE parameter (  8905): CG31  CG2O  CG32  CG32 is replaced
 PARRDR> Error: Repeated DIHE parameter (  8906): CG31  CG2O  CG32  CG32 is replaced
 PARRDR> Error: Repeated DIHE parameter (  8907): CG31  CG2O  CG32  CG32 is replaced
 PARRDR> Error: Repeated DIHE parameter (  8908): CG31  CG2O  CG32  CG32 is replaced
 PARRDR> Error: Repeated DIHE parameter ( 18334): CG2O  CG30  CG32  CG30 is replaced
 PARRDR> Error: Repeated DIHE parameter ( 18335): CG2O  CG30  CG32  CG30 is replaced
 PARRDR> Error: Repeated DIHE parameter ( 18336): CG2O  CG30  CG32  CG31 is replaced
 PARRDR> Error: Repeated DIHE parameter ( 19982): NG31  CG31  CG32  CG2O is replaced
 PARRDR> Error: Repeated DIHE parameter ( 19983): NG31  CG31  CG32  CG2O is replaced
 PARRDR> Error: Repeated DIHE parameter ( 19984): NG31  CG31  CG32  CG2O is replaced
 PARRDR> Error: Repeated DIHE parameter (  7038): NG2S  CG2O  CG32  CG2O is replaced
 PARRDR> Error: Repeated DIHE parameter (  7039): NG2S  CG2O  CG32  CG2O is replaced
 PARRDR> Error: Repeated DIHE parameter (  7040): NG2S  CG2O  CG32  CG2O is replaced
 PARRDR> Error: Repeated DIHE parameter ( 20038): OG31  CG31  CG32  CG2O is replaced
 PARRDR> Error: Repeated DIHE parameter ( 24204): CG31  CG32  NG31  CG32 is replaced
 PARRDR> Error: Repeated DIHE parameter ( 24205): CG31  CG32  NG31  CG32 is replaced
 PARRDR> Error: Repeated DIHE parameter ( 24206): CG31  CG32  NG31  CG32 is replaced
 PARRDR> Error: Repeated DIHE parameter ( 24204): CG31  CG32  NG31  CG32 is replaced
 PARRDR> Error: Repeated DIHE parameter ( 24205): CG31  CG32  NG31  CG32 is replaced
 PARRDR> Error: Repeated DIHE parameter ( 24206): CG31  CG32  NG31  CG32 is replaced
 PARRDR> Error: Repeated DIHE parameter ( 24204): CG31  CG32  NG31  CG32 is replaced
 PARRDR> Error: Repeated DIHE parameter ( 24205): CG31  CG32  NG31  CG32 is replaced
 PARRDR> Error: Repeated DIHE parameter ( 24206): CG31  CG32  NG31  CG32 is replaced
 PARRDR> Error: Repeated DIHE parameter ( 20217): HGA1  CG31  CG32  NG31 is replaced
 PARRDR> Error: Repeated DIHE parameter ( 24211): CG31  CG32  NG31  HGPA is replaced
 PARRDR> Error: Repeated DIHE parameter ( 22553): CG2R  CG32  CG32  NG31 is replaced
 PARRDR> Error: Repeated DIHE parameter ( 19873): CG33  CG31  CG32  NG31 is replaced
 PARRDR> Error: Repeated DIHE parameter ( 19821): CG32  CG31  CG32  NG31 is replaced
 PARRDR> Error: Repeated DIHE parameter (  3643): CG33  CG2D  CG32  NG31 is replaced
 PARRDR> Error: Repeated DIHE parameter (  3644): CG33  CG2D  CG32  NG31 is replaced
 PARRDR> Error: Repeated DIHE parameter (  3645): CG33  CG2D  CG32  NG31 is replaced
 PARRDR> Error: Repeated DIHE parameter ( 24200): CG30  CG32  NG31  HGPA is replaced
 PARRDR> Error: Repeated DIHE parameter ( 24197): CG30  CG32  NG31  CG32 is replaced
 PARRDR> Error: Repeated DIHE parameter ( 24198): CG30  CG32  NG31  CG32 is replaced
 PARRDR> Error: Repeated DIHE parameter ( 24199): CG30  CG32  NG31  CG32 is replaced
 PARRDR> Error: Repeated DIHE parameter ( 24197): CG30  CG32  NG31  CG32 is replaced
 PARRDR> Error: Repeated DIHE parameter ( 24198): CG30  CG32  NG31  CG32 is replaced
 PARRDR> Error: Repeated DIHE parameter ( 24199): CG30  CG32  NG31  CG32 is replaced
 PARRDR> Error: Repeated DIHE parameter ( 24197): CG30  CG32  NG31  CG32 is replaced
 PARRDR> Error: Repeated DIHE parameter ( 24198): CG30  CG32  NG31  CG32 is replaced
 PARRDR> Error: Repeated DIHE parameter ( 24199): CG30  CG32  NG31  CG32 is replaced
 PARRDR> Error: Repeated DIHE parameter ( 18395): CG32  CG30  CG32  NG31 is replaced
 PARRDR> Error: Repeated DIHE parameter ( 18395): CG32  CG30  CG32  NG31 is replaced
 PARRDR> Error: Repeated DIHE parameter ( 18425): CG33  CG30  CG32  NG31 is replaced
 PARRDR> Error: Repeated DIHE parameter ( 18426): CG33  CG30  CG32  NG31 is replaced
 PARRDR> Error: Repeated DIHE parameter ( 18425): CG33  CG30  CG32  NG31 is replaced
 PARRDR> Error: Repeated DIHE parameter ( 18426): CG33  CG30  CG32  NG31 is replaced
 PARRDR> Error: Repeated DIHE parameter (  8744): OG2D  CG2O  CG31  CG31 is replaced
 PARRDR> Error: Repeated DIHE parameter (  8745): OG2D  CG2O  CG31  CG31 is replaced
 PARRDR> Error: Repeated DIHE parameter (  8746): OG2D  CG2O  CG31  CG31 is replaced
 PARRDR> Error: Repeated DIHE parameter (  8747): OG2D  CG2O  CG31  CG31 is replaced
 PARRDR> Error: Repeated DIHE parameter (  8744): OG2D  CG2O  CG31  CG31 is replaced
 PARRDR> Error: Repeated DIHE parameter (  8745): OG2D  CG2O  CG31  CG31 is replaced
 PARRDR> Error: Repeated DIHE parameter (  8746): OG2D  CG2O  CG31  CG31 is replaced
 PARRDR> Error: Repeated DIHE parameter (  8747): OG2D  CG2O  CG31  CG31 is replaced
 PARRDR> Error: Repeated DIHE parameter (  8744): OG2D  CG2O  CG31  CG31 is replaced
 PARRDR> Error: Repeated DIHE parameter (  8745): OG2D  CG2O  CG31  CG31 is replaced
 PARRDR> Error: Repeated DIHE parameter (  8746): OG2D  CG2O  CG31  CG31 is replaced
 PARRDR> Error: Repeated DIHE parameter (  8747): OG2D  CG2O  CG31  CG31 is replaced
 PARRDR> Error: Repeated DIHE parameter (  8744): OG2D  CG2O  CG31  CG31 is replaced
 PARRDR> Error: Repeated DIHE parameter (  8745): OG2D  CG2O  CG31  CG31 is replaced
 PARRDR> Error: Repeated DIHE parameter (  8746): OG2D  CG2O  CG31  CG31 is replaced
 PARRDR> Error: Repeated DIHE parameter (  8747): OG2D  CG2O  CG31  CG31 is replaced
 PARRDR> Error: Repeated DIHE parameter ( 19749): CG31  CG31  CG32  CG2O is replaced
 PARRDR> Error: Repeated DIHE parameter ( 19749): CG31  CG31  CG32  CG2O is replaced
 PARRDR> Error: Repeated DIHE parameter ( 19749): CG31  CG31  CG32  CG2O is replaced
 PARRDR> Error: Repeated DIHE parameter ( 19749): CG31  CG31  CG32  CG2O is replaced
 PARRDR> Error: Repeated DIHE parameter ( 19749): CG31  CG31  CG32  CG2O is replaced
 PARRDR> Error: Repeated DIHE parameter ( 18980): CG32  CG30  OG31  HGP1 is replaced
 PARRDR> Error: Repeated DIHE parameter ( 18981): CG32  CG30  OG31  HGP1 is replaced
 PARRDR> Error: Repeated DIHE parameter ( 18982): CG32  CG30  OG31  HGP1 is replaced
 PARRDR> Error: Repeated DIHE parameter ( 18980): CG32  CG30  OG31  HGP1 is replaced
 PARRDR> Error: Repeated DIHE parameter ( 18981): CG32  CG30  OG31  HGP1 is replaced
 PARRDR> Error: Repeated DIHE parameter ( 18982): CG32  CG30  OG31  HGP1 is replaced
 PARRDR> Error: Repeated DIHE parameter ( 18980): CG32  CG30  OG31  HGP1 is replaced
 PARRDR> Error: Repeated DIHE parameter ( 18981): CG32  CG30  OG31  HGP1 is replaced
 PARRDR> Error: Repeated DIHE parameter ( 18982): CG32  CG30  OG31  HGP1 is replaced
 PARRDR> Error: Repeated DIHE parameter ( 18511): OG31  CG30  CG32  HGA2 is replaced
 PARRDR> Error: Repeated DIHE parameter ( 18501): OG31  CG30  CG32  CG32 is replaced
 PARRDR> Error: Repeated DIHE parameter ( 19240): CG2R  CG31  CG31  CG32 is replaced
 PARRDR> Error: Repeated DIHE parameter ( 19229): CG2O  CG31  CG31  CG32 is replaced
 PARRDR> Error: Repeated DIHE parameter ( 19230): CG2O  CG31  CG31  CG33 is replaced
 PARRDR> Error: Repeated DIHE parameter ( 19236): CG2O  CG31  CG31  HGA1 is replaced
 PARRDR> Error: Repeated DIHE parameter (  7872): OG2D  CG2O  CG30  CG31 is replaced
 PARRDR> Error: Repeated DIHE parameter ( 19241): CG2R  CG31  CG31  CG33 is replaced
 PARRDR> Error: Repeated DIHE parameter ( 18168): CG2O  CG30  CG31  HGA1 is replaced
 PARRDR> Error: Repeated DIHE parameter ( 14389): CG2R  CG2R  CG31  CG31 is replaced
 PARRDR> Error: Repeated DIHE parameter ( 19247): CG2R  CG31  CG31  HGA1 is replaced
 PARRDR> Error: Repeated DIHE parameter ( 18164): CG2O  CG30  CG31  CG32 is replaced
 PARRDR> Error: Repeated DIHE parameter ( 24582): CG30  CG32  OG31  HGP1 is replaced
 PARRDR> Error: Repeated DIHE parameter ( 24583): CG30  CG32  OG31  HGP1 is replaced
 PARRDR> Error: Repeated DIHE parameter ( 24584): CG30  CG32  OG31  HGP1 is replaced
 PARRDR> Error: Repeated DIHE parameter ( 24582): CG30  CG32  OG31  HGP1 is replaced
 PARRDR> Error: Repeated DIHE parameter ( 24583): CG30  CG32  OG31  HGP1 is replaced
 PARRDR> Error: Repeated DIHE parameter ( 24584): CG30  CG32  OG31  HGP1 is replaced
 PARRDR> Error: Repeated DIHE parameter ( 24582): CG30  CG32  OG31  HGP1 is replaced
 PARRDR> Error: Repeated DIHE parameter ( 24583): CG30  CG32  OG31  HGP1 is replaced
 PARRDR> Error: Repeated DIHE parameter ( 24584): CG30  CG32  OG31  HGP1 is replaced
 PARRDR> Error: Repeated DIHE parameter ( 18396): CG32  CG30  CG32  OG31 is replaced
 PARRDR> Error: Repeated DIHE parameter ( 19716): CG2R  CG31  CG32  OG31 is replaced
 PARRDR> Error: Repeated DIHE parameter ( 25100): CG32  CG32  CG33  HGA3 is replaced
 PARRDR> Error: Repeated DIHE parameter ( 22890): HGA2  CG32  CG32  CG33 is replaced
 PARRDR> Error: Repeated DIHE parameter ( 22889): HGA2  CG32  CG32  CG32 is replaced
 PARRDR> Error: Repeated DIHE parameter ( 21781): FGA2  CG31  CG31  FGA2 is replaced
 PARRDR> Error: Repeated DIHE parameter ( 18329): CG2O  CG30  CG32  CG30 is replaced
 PARRDR> Error: Repeated DIHE parameter ( 18331): CG2O  CG30  CG32  HGA2 is replaced
 PARRDR> Error: Repeated DIHE parameter (  8209): OG2D  CG2O  CG30  CG32 is replaced
 PARRDR> Error: Repeated DIHE parameter ( 18330): CG2O  CG30  CG32  CG31 is replaced
 PARRDR> Error: Repeated DIHE parameter (  8135): CG30  CG2O  OG31  HGP1 is replaced
 PARRDR> Error: Repeated DIHE parameter (  8208): OG2D  CG2O  CG30  CG2O is replaced
 PARRDR> Error: Repeated DIHE parameter (  8585): OG2D  CG2O  CG30  CG2O is replaced
 PARRDR> Error: Repeated DIHE parameter (  7876): OG31  CG2O  CG30  CG31 is replaced
 PARRDR> Error: Repeated DIHE parameter (  7877): OG31  CG2O  CG30  CG32 is replaced
 PARRDR> Error: Repeated DIHE parameter (  7878): OG31  CG2O  CG30  CG33 is replaced
 PARRDR> Error: Repeated DIHE parameter ( 22570): CG30  CG32  CG32  CG32 is replaced
 PARRDR> Error: Repeated DIHE parameter ( 22692): CG32  CG32  CG32  OG30 is replaced
 PARRDR> Error: Repeated DIHE parameter ( 22693): CG32  CG32  CG32  OG30 is replaced
 PARRDR> Error: Repeated DIHE parameter ( 22694): CG32  CG32  CG32  OG30 is replaced
 PARRDR> Error: Repeated DIHE parameter ( 22692): CG32  CG32  CG32  OG30 is replaced
 PARRDR> Error: Repeated DIHE parameter ( 22693): CG32  CG32  CG32  OG30 is replaced
 PARRDR> Error: Repeated DIHE parameter ( 22694): CG32  CG32  CG32  OG30 is replaced
 PARRDR> Error: Repeated DIHE parameter ( 20322): NG31  CG31  CG32  HGA2 is replaced
 PARRDR> Error: Repeated DIHE parameter ( 21193): CG32  CG31  NG31  HGPA is replaced
 PARRDR> Error: Repeated DIHE parameter ( 19313): CG32  CG31  CG31  CG32 is replaced
 PARRDR> Error: Repeated DIHE parameter ( 19350): CG32  CG31  CG31  CG33 is replaced
 PARRDR> Error: Repeated DIHE parameter ( 19363): CG32  CG31  CG31  HGA1 is replaced
 PARRDR> Error: Repeated DIHE parameter ( 20277): CG31  CG31  CG32  HGA2 is replaced
 PARRDR> Error: Repeated DIHE parameter ( 22690): CG32  CG32  CG32  NG31 is replaced
 PARRDR> Error: Repeated DIHE parameter ( 22691): CG32  CG32  CG32  NG31 is replaced
 PARRDR> Error: Repeated DIHE parameter ( 22502): CG2O  CG32  CG32  CG32 is replaced
 PARRDR> Error: Repeated DIHE parameter (  8684): CG32  CG2O  CG31  CG32 is replaced
 PARRDR> Error: Repeated DIHE parameter (  8685): CG32  CG2O  CG31  CG32 is replaced
 PARRDR> Error: Repeated DIHE parameter (  8686): CG32  CG2O  CG31  CG32 is replaced
 PARRDR> Error: Repeated DIHE parameter (  8687): CG32  CG2O  CG31  CG32 is replaced
 PARRDR> Error: Repeated DIHE parameter (  8688): CG32  CG2O  CG31  CG32 is replaced
 PARRDR> Error: Repeated DIHE parameter (  8684): CG32  CG2O  CG31  CG32 is replaced
 PARRDR> Error: Repeated DIHE parameter (  8685): CG32  CG2O  CG31  CG32 is replaced
 PARRDR> Error: Repeated DIHE parameter (  8686): CG32  CG2O  CG31  CG32 is replaced
 PARRDR> Error: Repeated DIHE parameter (  8687): CG32  CG2O  CG31  CG32 is replaced
 PARRDR> Error: Repeated DIHE parameter (  8688): CG32  CG2O  CG31  CG32 is replaced
 PARRDR> Error: Repeated DIHE parameter (  8684): CG32  CG2O  CG31  CG32 is replaced
 PARRDR> Error: Repeated DIHE parameter (  8685): CG32  CG2O  CG31  CG32 is replaced
 PARRDR> Error: Repeated DIHE parameter (  8686): CG32  CG2O  CG31  CG32 is replaced
 PARRDR> Error: Repeated DIHE parameter (  8687): CG32  CG2O  CG31  CG32 is replaced
 PARRDR> Error: Repeated DIHE parameter (  8688): CG32  CG2O  CG31  CG32 is replaced
 PARRDR> Error: Repeated DIHE parameter (  8684): CG32  CG2O  CG31  CG32 is replaced
 PARRDR> Error: Repeated DIHE parameter (  8685): CG32  CG2O  CG31  CG32 is replaced
 PARRDR> Error: Repeated DIHE parameter (  8686): CG32  CG2O  CG31  CG32 is replaced
 PARRDR> Error: Repeated DIHE parameter (  8687): CG32  CG2O  CG31  CG32 is replaced
 PARRDR> Error: Repeated DIHE parameter (  8688): CG32  CG2O  CG31  CG32 is replaced
 PARRDR> Error: Repeated DIHE parameter (  8756): OG2D  CG2O  CG31  CG32 is replaced
 PARRDR> Error: Repeated DIHE parameter (  8757): OG2D  CG2O  CG31  CG32 is replaced
 PARRDR> Error: Repeated DIHE parameter (  8758): OG2D  CG2O  CG31  CG32 is replaced
 PARRDR> Error: Repeated DIHE parameter (  8759): OG2D  CG2O  CG31  CG32 is replaced
 PARRDR> Error: Repeated DIHE parameter (  8760): OG2D  CG2O  CG31  CG32 is replaced
 PARRDR> Error: Repeated DIHE parameter (  8756): OG2D  CG2O  CG31  CG32 is replaced
 PARRDR> Error: Repeated DIHE parameter (  8757): OG2D  CG2O  CG31  CG32 is replaced
 PARRDR> Error: Repeated DIHE parameter (  8758): OG2D  CG2O  CG31  CG32 is replaced
 PARRDR> Error: Repeated DIHE parameter (  8759): OG2D  CG2O  CG31  CG32 is replaced
 PARRDR> Error: Repeated DIHE parameter (  8760): OG2D  CG2O  CG31  CG32 is replaced
 PARRDR> Error: Repeated DIHE parameter (  8756): OG2D  CG2O  CG31  CG32 is replaced
 PARRDR> Error: Repeated DIHE parameter (  8757): OG2D  CG2O  CG31  CG32 is replaced
 PARRDR> Error: Repeated DIHE parameter (  8758): OG2D  CG2O  CG31  CG32 is replaced
 PARRDR> Error: Repeated DIHE parameter (  8759): OG2D  CG2O  CG31  CG32 is replaced
 PARRDR> Error: Repeated DIHE parameter (  8760): OG2D  CG2O  CG31  CG32 is replaced
 PARRDR> Error: Repeated DIHE parameter (  8756): OG2D  CG2O  CG31  CG32 is replaced
 PARRDR> Error: Repeated DIHE parameter (  8757): OG2D  CG2O  CG31  CG32 is replaced
 PARRDR> Error: Repeated DIHE parameter (  8758): OG2D  CG2O  CG31  CG32 is replaced
 PARRDR> Error: Repeated DIHE parameter (  8759): OG2D  CG2O  CG31  CG32 is replaced
 PARRDR> Error: Repeated DIHE parameter (  8760): OG2D  CG2O  CG31  CG32 is replaced
 PARRDR> Error: Repeated DIHE parameter ( 20261): CG2O  CG31  CG32  HGA2 is replaced
 PARRDR> Error: Repeated DIHE parameter (  8943): CG32  CG2O  CG32  CG30 is replaced
 PARRDR> Error: Repeated DIHE parameter (  8944): CG32  CG2O  CG32  CG30 is replaced
 PARRDR> Error: Repeated DIHE parameter (  8945): CG32  CG2O  CG32  CG30 is replaced
 PARRDR> Error: Repeated DIHE parameter (  8946): CG32  CG2O  CG32  CG30 is replaced
 PARRDR> Error: Repeated DIHE parameter (  8943): CG32  CG2O  CG32  CG30 is replaced
 PARRDR> Error: Repeated DIHE parameter (  8944): CG32  CG2O  CG32  CG30 is replaced
 PARRDR> Error: Repeated DIHE parameter (  8945): CG32  CG2O  CG32  CG30 is replaced
 PARRDR> Error: Repeated DIHE parameter (  8946): CG32  CG2O  CG32  CG30 is replaced
 PARRDR> Error: Repeated DIHE parameter (  8943): CG32  CG2O  CG32  CG30 is replaced
 PARRDR> Error: Repeated DIHE parameter (  8944): CG32  CG2O  CG32  CG30 is replaced
 PARRDR> Error: Repeated DIHE parameter (  8945): CG32  CG2O  CG32  CG30 is replaced
 PARRDR> Error: Repeated DIHE parameter (  8946): CG32  CG2O  CG32  CG30 is replaced
 PARRDR> Error: Repeated DIHE parameter (  8943): CG32  CG2O  CG32  CG30 is replaced
 PARRDR> Error: Repeated DIHE parameter (  8944): CG32  CG2O  CG32  CG30 is replaced
 PARRDR> Error: Repeated DIHE parameter (  8945): CG32  CG2O  CG32  CG30 is replaced
 PARRDR> Error: Repeated DIHE parameter (  8946): CG32  CG2O  CG32  CG30 is replaced
 PARRDR> Error: Repeated DIHE parameter (  9013): OG2D  CG2O  CG32  CG30 is replaced
 PARRDR> Error: Repeated DIHE parameter (  9014): OG2D  CG2O  CG32  CG30 is replaced
 PARRDR> Error: Repeated DIHE parameter (  9015): OG2D  CG2O  CG32  CG30 is replaced
 PARRDR> Error: Repeated DIHE parameter (  9016): OG2D  CG2O  CG32  CG30 is replaced
 PARRDR> Error: Repeated DIHE parameter (  9013): OG2D  CG2O  CG32  CG30 is replaced
 PARRDR> Error: Repeated DIHE parameter (  9014): OG2D  CG2O  CG32  CG30 is replaced
 PARRDR> Error: Repeated DIHE parameter (  9015): OG2D  CG2O  CG32  CG30 is replaced
 PARRDR> Error: Repeated DIHE parameter (  9016): OG2D  CG2O  CG32  CG30 is replaced
 PARRDR> Error: Repeated DIHE parameter (  9013): OG2D  CG2O  CG32  CG30 is replaced
 PARRDR> Error: Repeated DIHE parameter (  9014): OG2D  CG2O  CG32  CG30 is replaced
 PARRDR> Error: Repeated DIHE parameter (  9015): OG2D  CG2O  CG32  CG30 is replaced
 PARRDR> Error: Repeated DIHE parameter (  9016): OG2D  CG2O  CG32  CG30 is replaced
 PARRDR> Error: Repeated DIHE parameter (  9013): OG2D  CG2O  CG32  CG30 is replaced
 PARRDR> Error: Repeated DIHE parameter (  9014): OG2D  CG2O  CG32  CG30 is replaced
 PARRDR> Error: Repeated DIHE parameter (  9015): OG2D  CG2O  CG32  CG30 is replaced
 PARRDR> Error: Repeated DIHE parameter (  9016): OG2D  CG2O  CG32  CG30 is replaced
 PARRDR> Error: Repeated DIHE parameter ( 18321): CG2O  CG30  CG32  CG2O is replaced
 PARRDR> Error: Repeated DIHE parameter ( 18322): CG2O  CG30  CG32  CG2O is replaced
 PARRDR> Error: Repeated DIHE parameter ( 18384): CG32  CG30  CG32  CG2O is replaced
 PARRDR> Error: Repeated DIHE parameter ( 18384): CG32  CG30  CG32  CG2O is replaced
 PARRDR> Error: Repeated DIHE parameter ( 18384): CG32  CG30  CG32  CG2O is replaced
 PARRDR> Error: Repeated DIHE parameter ( 18384): CG32  CG30  CG32  CG2O is replaced
 PARRDR> Error: Repeated DIHE parameter ( 18384): CG32  CG30  CG32  CG2O is replaced
 PARRDR> Error: Repeated DIHE parameter ( 19751): CG31  CG31  CG32  CG30 is replaced
 PARRDR> Error: Repeated DIHE parameter ( 19759): CG31  CG31  CG32  NG2S is replaced
 PARRDR> Error: Repeated DIHE parameter ( 18371): CG31  CG30  CG32  CG31 is replaced
 PARRDR> Error: Repeated DIHE parameter ( 20027): OG30  CG31  CG32  NG31 is replaced
 PARRDR> Error: Repeated DIHE parameter ( 20028): OG30  CG31  CG32  NG31 is replaced
 PARRDR> Error: Repeated DIHE parameter ( 23786): CG30  CG32  NG2S  CG2O is replaced
 PARRDR> Error: Repeated DIHE parameter ( 23787): CG30  CG32  NG2S  HGP1 is replaced
 PARRDR> Error: Repeated DIHE parameter ( 18423): CG33  CG30  CG32  NG2S is replaced
 PARRDR> Error: Repeated DIHE parameter ( 18409): CG33  CG30  CG32  CG2O is replaced
 PARRDR> Error: Repeated DIHE parameter ( 18409): CG33  CG30  CG32  CG2O is replaced
 PARRDR> Error: Repeated DIHE parameter ( 18409): CG33  CG30  CG32  CG2O is replaced
 PARRDR> Error: Repeated DIHE parameter ( 18409): CG33  CG30  CG32  CG2O is replaced
 PARRDR> Error: Repeated DIHE parameter ( 18409): CG33  CG30  CG32  CG2O is replaced
 PARRDR> Error: Repeated DIHE parameter ( 19761): CG31  CG31  CG32  NG31 is replaced
 PARRDR> Error: Repeated DIHE parameter ( 19991): NG31  CG31  CG32  NG31 is replaced
 PARRDR> Error: Repeated DIHE parameter ( 19992): NG31  CG31  CG32  NG31 is replaced
 PARRDR> Error: Repeated IMPH parameter (   246): CG2O  CG2R  OG2D  OG31 is replaced
 PARRDR> Error: Repeated IMPH parameter (   345): CG2O  CG31  CG33  OG2D is replaced
 PARRDR> Error: Repeated IMPH parameter (   325): CG2O  CG2O  CG32  OG2D is replaced
 PARRDR> Error: Repeated IMPH parameter (   340): CG2O  CG30  CG32  OG2D is replaced
 PARRDR> Error: Repeated IMPH parameter (   344): CG2O  CG31  CG32  OG2D is replaced
 PARRDR> Error: Repeated IMPH parameter (   252): CG2O  CG30  OG2D  OG31 is replaced
 PARMIO> NONBOND, HBOND lists and IMAGE atoms cleared.
  
 CHARMM>    RETURN
 VCLOSE: Closing unit   98 with status "KEEP"

                    RETURNING TO INPUT STREAM    99
  
 CHARMM>    stream toppar/toppar_all36_synthetic_polymer_patch.str
 VOPEN> Attempting to open::toppar/toppar_all36_synthetic_polymer_patch.str::
 OPNLGU> Unit 98 opened for READONLY access to toppar/toppar_all36_synthetic_polymer_patch.str

                    INPUT STREAM SWITCHING TO UNIT    98
 RDTITL> READ RTF CARD APPEND
 RDTITL> No title read.
 Parameter: IN1 <- "" <empty>
  
 CHARMM>    read rtf card append
 MAINIO> Residue topology file being read from unit  98.
 RDTITL> * TOPOLOGY FOR SYNTHETIC_POLYMER
 RDTITL> *
  
 CHARMM>     
  
 CHARMM>    return
 VCLOSE: Closing unit   98 with status "KEEP"

                    RETURNING TO INPUT STREAM    99
  
 CHARMM>    stream toppar/toppar_all36_polymer_solvent.str
 VOPEN> Attempting to open::toppar/toppar_all36_polymer_solvent.str::
 OPNLGU> Unit 98 opened for READONLY access to toppar/toppar_all36_polymer_solvent.str

                    INPUT STREAM SWITCHING TO UNIT    98
 RDTITL> READ RTF CARD APPEND
 RDTITL> No title read.
 Parameter: IN1 <- "" <empty>
  
 CHARMM>    read rtf card append
 MAINIO> Residue topology file being read from unit  98.
 RDTITL> * TOPOLOGY FOR SYNTHETIC_POLYMER
 RDTITL> *
  
 CHARMM>    read param card flex append

          PARAMETER FILE BEING READ FROM UNIT 98
 RDTITL> * SYNTHETIC POLYMER PARAMETER
 RDTITL> *
 PARMIO> NONBOND, HBOND lists and IMAGE atoms cleared.
  
 CHARMM>     
  
 CHARMM>    RETURN
 VCLOSE: Closing unit   98 with status "KEEP"

                    RETURNING TO INPUT STREAM    99
  
 CHARMM>     
  
 CHARMM>    ! Additional topologies and parameters for water and ions
 CHARMM>    stream toppar/toppar_water_ions.str
 VOPEN> Attempting to open::toppar/toppar_water_ions.str::
 OPNLGU> Unit 98 opened for READONLY access to toppar/toppar_water_ions.str

                    INPUT STREAM SWITCHING TO UNIT    98
 RDTITL> * TOPLOGY AND PARAMETER INFORMATION FOR WATER AND IONS.
 RDTITL> *
 Parameter: IN1 <- "" <empty>
  
 CHARMM>     
  
 CHARMM>    !Testcase
 CHARMM>    !test_water_ions.inp
 CHARMM>     
  
 CHARMM>    ! IMPORTANT NOTE: this file contains NBFixes between carboxylates and sodium,
 CHARMM>    ! which will only apply if the main files containing carboxylate atom types
 CHARMM>    ! have been read in first!
 CHARMM>     
  
 CHARMM>    !references
 CHARMM>    !
 CHARMM>    !TIP3P water model
 CHARMM>    !
 CHARMM>    !W.L. Jorgensen; J.Chandrasekhar; J.D. Madura; R.W. Impey;
 CHARMM>    !M.L. Klein; "Comparison of simple potential functions for
 CHARMM>    !simulating liquid water", J. Chem. Phys. 79 926-935 (1983).
 CHARMM>    !
 CHARMM>    !IONS
 CHARMM>    !
 CHARMM>    !Ions from Roux and coworkers
 CHARMM>    !
 CHARMM>    !Beglov, D. and Roux, B., Finite Representation of an Infinite
 CHARMM>    !Bulk System: Solvent Boundary Potential for Computer Simulations,
 CHARMM>    !Journal of Chemical Physics, 1994, 100: 9050-9063
 CHARMM>    !
 CHARMM>    !ZINC
 CHARMM>    !
 CHARMM>    !Stote, R.H. and Karplus, M. Zinc Binding in Proteins and
 CHARMM>    !Solution: A Simple but Accurate Nonbonded Representation, PROTEINS:
 CHARMM>    !Structure, Function, and Genetics 23:12-31 (1995)
 CHARMM>     
  
 CHARMM>    !test "append" to determine if previous toppar files have been read and
 CHARMM>    !add append to "read rtf card" if true
 CHARMM>    set nat ?NATC
 RDCMND substituted energy or value "?NATC" to "473"
 Parameter: NAT <- "473"
  
 CHARMM>    set app
 Parameter: APP <- "" <empty>
  
 CHARMM>    !We're exploiting what is arguably a bug in the parser. On the left hand side,
 CHARMM>    !the quotes have priority, so NAT is correctly substituted. On the right hand
 CHARMM>    !side, the ? has priority and NATC" (sic) is not a valid substitution...
 CHARMM>    if "@NAT" ne "?NATC" if @nat ne 0 set app append
 Parameter: NAT -> "473"
 Parameter: NAT -> "473"
 RDCMND: can not substitute energy "?NATC""
 Comparing ""473"" and ""?NATC"".
 IF test evaluated as true.  Performing command
 Comparing "473" and "0".
 IF test evaluated as true.  Performing command
 Parameter: APP <- "APPEND"
  
 CHARMM>     
  
 CHARMM>    read rtf card @app
 Parameter: APP -> "APPEND"
 MAINIO> Residue topology file being read from unit  98.
 RDTITL> * TOPOLOGY FOR WATER AND IONS
 RDTITL> *
  
 CHARMM>     
  
 CHARMM>    read para card flex @app
 Parameter: APP -> "APPEND"

          PARAMETER FILE BEING READ FROM UNIT 98
 RDTITL> * PARAMETERS FOR WATER AND IONS
 RDTITL> *
 PARMIO> NONBOND, HBOND lists and IMAGE atoms cleared.
  
 CHARMM>     
  
 CHARMM>    ! The following section contains NBFixes for sodium interacting with
 CHARMM>    ! carboxylate oxygens of various CHARMM force fields. It will generate
 CHARMM>    ! level -1 warnings whenever any of these force fields have not been
 CHARMM>    ! read prior to the current stream file. Since we don't want to force
 CHARMM>    ! the user to always read all the force fields, we're suppressing the
 CHARMM>    ! warnings. The only side effect is that you will have "most severe
 CHARMM>    ! warning was at level 0" at the end of your output. Also note that
 CHARMM>    ! the user is responsible for reading the current file last if they
 CHARMM>    ! want the NBFixes to apply. A more elegant solution would require new
 CHARMM>    ! features to be added to CHARMM.
 CHARMM>    ! parallel fix, to avoid duplicated messages in the log
 CHARMM>    set para
 Parameter: PARA <- "" <empty>
  
 CHARMM>    if ?NUMNODE gt 1 set para node 0
 RDCMND substituted energy or value "?NUMNODE" to "1"
 Comparing "1" and "1".
 IF test evaluated as false.  Skipping command
  
 CHARMM>     
  
 CHARMM>    set wrn ?WRNLEV
 RDCMND substituted energy or value "?WRNLEV" to "5"
 Parameter: WRN <- "5"
  
 CHARMM>    ! Some versions of CHARMM don't seem to initialize wrnlev...
 CHARMM>    if "@WRN" eq "?WRNLEV" set wrn 5
 Parameter: WRN -> "5"
 RDCMND: can not substitute energy "?WRNLEV""
 Comparing ""5"" and ""?WRNLEV"".
 IF test evaluated as false.  Skipping command
  
 CHARMM>    set bom ?bomlev
 RDCMND substituted energy or value "?BOMLEV" to "0"
 Parameter: BOM <- "0"
  
 CHARMM>    WRNLEV -1 @PARA
 Parameter: PARA -> "" <empty>
  
 CHARMM>    BOMLEV -1 @PARA
 Parameter: PARA -> "" <empty>
  
 CHARMM>    read para card flex append

          PARAMETER FILE BEING READ FROM UNIT 98
 RDTITL> * NBFIX BETWEEN CARBOXYLATE AND SODIUM
 RDTITL> *
 PARMIO> NONBOND, HBOND lists and IMAGE atoms cleared.
  
 CHARMM>    BOMLEV @bom @PARA
 Parameter: BOM -> "0"
 Parameter: PARA -> "" <empty>
  
 CHARMM>    WRNLEV @wrn @PARA
 Parameter: WRN -> "5"
 Parameter: PARA -> "" <empty>
  
 CHARMM>     
  
 CHARMM>    return
 VCLOSE: Closing unit   98 with status "KEEP"

                    RETURNING TO INPUT STREAM    99
  
 CHARMM>    stream toppar/toppar_dum_noble_gases.str
 VOPEN> Attempting to open::toppar/toppar_dum_noble_gases.str::
 OPNLGU> Unit 98 opened for READONLY access to toppar/toppar_dum_noble_gases.str

                    INPUT STREAM SWITCHING TO UNIT    98
 RDTITL> * TOPLOGY AND PARAMETER INFORMATION FOR HELIUM, NEON AND A DUMMY ATOM.
 RDTITL> *
 Parameter: IN1 <- "" <empty>
  
 CHARMM>     
  
 CHARMM>    !Testcase
 CHARMM>    !test_dum_nobel_gases.inp
 CHARMM>     
  
 CHARMM>    !test "append" to determine if previous	toppar files have been read and
 CHARMM>    !add append to "read rtf card" if true
 CHARMM>    set nat ?NATC
 RDCMND substituted energy or value "?NATC" to "487"
 Parameter: NAT <- "487"
  
 CHARMM>    set app
 Parameter: APP <- "" <empty>
  
 CHARMM>    !We're exploiting what is arguably a bug in the parser. On the left hand side,
 CHARMM>    !the quotes have proirity, so NAT is correctly substituted. On the right hand
 CHARMM>    !side, the ? has priority and NATC" (sic) is not a valid substitution...
 CHARMM>    if "@NAT" ne "?NATC" if @nat ne 0 set app append
 Parameter: NAT -> "487"
 Parameter: NAT -> "487"
 RDCMND: can not substitute energy "?NATC""
 Comparing ""487"" and ""?NATC"".
 IF test evaluated as true.  Performing command
 Comparing "487" and "0".
 IF test evaluated as true.  Performing command
 Parameter: APP <- "APPEND"
  
 CHARMM>     
  
 CHARMM>    read rtf card @app
 Parameter: APP -> "APPEND"
 MAINIO> Residue topology file being read from unit  98.
 RDTITL> * TOPOLOGY FOR HELIUM, NEON AND A DUMMY ATOM.
 RDTITL> *
  
 CHARMM>     
  
 CHARMM>    read para card flex @app
 Parameter: APP -> "APPEND"

          PARAMETER FILE BEING READ FROM UNIT 98
 RDTITL> * PARAMETERS FOR HELIUM, NEON AND A DUMMY ATOM.
 RDTITL> *
 PARMIO> NONBOND, HBOND lists and IMAGE atoms cleared.
  
 CHARMM>     
  
 CHARMM>    return
 VCLOSE: Closing unit   98 with status "KEEP"

                    RETURNING TO INPUT STREAM    99
  
 CHARMM>    stream toppar/toppar_ions_won.str
 VOPEN> Attempting to open::toppar/toppar_ions_won.str::
 OPNLGU> Unit 98 opened for READONLY access to toppar/toppar_ions_won.str

                    INPUT STREAM SWITCHING TO UNIT    98
 RDTITL> * TOP_IONS_WON.STR: GENERAL MODEL FOR MONO-, DI-, AND TRIVALENT CATIONS
 RDTITL> *
 Parameter: IN1 <- "" <empty>
  
 CHARMM>     
  
 CHARMM>    !This is a comprehensive set of ions developed using stochastic boundary
 CHARMM>    !conditions. It is strongly recommended that ion parameters in
 CHARMM>    !toppar_water_ions.str be used if available, as they are more highly
 CHARMM>    !optimized.  Accordingly, those ions have been commented in this
 CHARMM>    !file.
 CHARMM>    !
 CHARMM>    !reference
 CHARMM>    !Won, Y., "Force Field for Monovalent, Divalent, and Trivalent Cations
 CHARMM>    !Developed under the Solvent Boundary Potential," Journal of Physical
 CHARMM>    !Chemistry A., 116: 11763-11767, 2012.
 CHARMM>     
  
 CHARMM>     
  
 CHARMM>    !test "append" to determine if previous toppar files have been read and
 CHARMM>    !add append to "read rtf card" if true
 CHARMM>    set nat ?NATC
 RDCMND substituted energy or value "?NATC" to "490"
 Parameter: NAT <- "490"
  
 CHARMM>    set app
 Parameter: APP <- "" <empty>
  
 CHARMM>    !We're exploiting what is arguably a bug in the parser. On the left hand side,
 CHARMM>    !the quotes have priority, so NAT is correctly substituted. On the right hand
 CHARMM>    !side, the ? has priority and NATC" (sic) is not a valid substitution...
 CHARMM>    if "@NAT" ne "?NATC" if @nat ne 0 set app append
 Parameter: NAT -> "490"
 Parameter: NAT -> "490"
 RDCMND: can not substitute energy "?NATC""
 Comparing ""490"" and ""?NATC"".
 IF test evaluated as true.  Performing command
 Comparing "490" and "0".
 IF test evaluated as true.  Performing command
 Parameter: APP <- "APPEND"
  
 CHARMM>     
  
 CHARMM>    read rtf card @app
 Parameter: APP -> "APPEND"
 MAINIO> Residue topology file being read from unit  98.
 RDTITL> * TOPOLOGY FOR WATER AND IONS
 RDTITL> *
  
 CHARMM>     
  
 CHARMM>    read para card flex @app
 Parameter: APP -> "APPEND"

          PARAMETER FILE BEING READ FROM UNIT 98
 RDTITL> * PAR_CATION.PRM FOR MONO-, DI-, AND TRIVALENT CATIONS
 RDTITL> *
 PARMIO> NONBOND, HBOND lists and IMAGE atoms cleared.
  
 VCLOSE: Closing unit   98 with status "KEEP"

                    RETURNING TO INPUT STREAM    99
  
 CHARMM>    stream toppar/cam.str
 VOPEN> Attempting to open::toppar/cam.str::
 OPNLGU> Unit 98 opened for READONLY access to toppar/cam.str

                    INPUT STREAM SWITCHING TO UNIT    98
 RDTITL> READ RTF CARD APPEND
 RDTITL> No title read.
 Parameter: IN1 <- "" <empty>
  
 CHARMM>    read rtf card append
 MAINIO> Residue topology file being read from unit  98.
 RDTITL> * TOPOLOGY GENERATED BY PARMED
 RDTITL> *

      ***** LEVEL  1 WARNING FROM <rtfrdr> *****
      ***** No AUTOgen defaults specified in appended RTF. Potential conflict with prior RTF autogen options. Check.
      ******************************************
      BOMLEV (  0) IS NOT REACHED. WRNLEV IS  5

  
 CHARMM>     
  
 CHARMM>    read para card flex append

          PARAMETER FILE BEING READ FROM UNIT 98
 RDTITL> * PARAMETERS GENERATED BY PARMED
 RDTITL> *
 PARMIO> NONBOND, HBOND lists and IMAGE atoms cleared.
  
 CHARMM>     
  
 CHARMM>    ! The following section contains NBFixes for CAM interacting with
 CHARMM>    ! water.
 CHARMM>    set para
 Parameter: PARA <- "" <empty>
  
 CHARMM>    if ?NUMNODE gt 1 set para node 0
 RDCMND substituted energy or value "?NUMNODE" to "1"
 Comparing "1" and "1".
 IF test evaluated as false.  Skipping command
  
 CHARMM>     
  
 CHARMM>    set wrn ?WRNLEV
 RDCMND substituted energy or value "?WRNLEV" to "5"
 Parameter: WRN <- "5"
  
 CHARMM>    ! Some versions of CHARMM don't seem to initialize wrnlev...
 CHARMM>    if "@WRN" eq "?WRNLEV" set wrn 5
 Parameter: WRN -> "5"
 RDCMND: can not substitute energy "?WRNLEV""
 Comparing ""5"" and ""?WRNLEV"".
 IF test evaluated as false.  Skipping command
  
 CHARMM>    set bom ?bomlev
 RDCMND substituted energy or value "?BOMLEV" to "0"
 Parameter: BOM <- "0"
  
 CHARMM>    WRNLEV -1 @PARA
 Parameter: PARA -> "" <empty>
  
 CHARMM>    BOMLEV -1 @PARA
 Parameter: PARA -> "" <empty>
  
 CHARMM>     
  
 CHARMM>    read para card flex append

          PARAMETER FILE BEING READ FROM UNIT 98
 RDTITL> * NBFIX BETWEEN CAM AND WATER
 RDTITL> *
 PARMIO> NONBOND, HBOND lists and IMAGE atoms cleared.
  
 CHARMM>    BOMLEV @bom @PARA
 Parameter: BOM -> "0"
 Parameter: PARA -> "" <empty>
  
 CHARMM>    WRNLEV @wrn @PARA
 Parameter: WRN -> "5"
 Parameter: PARA -> "" <empty>
  
 CHARMM>     
  
 CHARMM>    return
 VCLOSE: Closing unit   98 with status "KEEP"

                    RETURNING TO INPUT STREAM    99
  
 CHARMM>     
  
 CHARMM>    ! Additional topologies and parameters for protein
 CHARMM>    stream toppar/toppar_all36_prot_arg0.str
 VOPEN> Attempting to open::toppar/toppar_all36_prot_arg0.str::
 OPNLGU> Unit 98 opened for READONLY access to toppar/toppar_all36_prot_arg0.str

                    INPUT STREAM SWITCHING TO UNIT    98
 RDTITL> *>>>>>> ALL-HYDROGEN TOPOLOGY FOR NEUTRAL ARG <<<<<<<<<<<<<<<<<<<<
 RDTITL> *>>>>>>>>>>>>>>>>>>>>>>> 2007 <<<<<<<<<<<<<<<<<<<<<<<<<<<<<<<<<<<<
 RDTITL> *>>>>>>>> DIRECT COMMENTS TO ALEXANDER D. MACKERELL JR. <<<<<<<<<<
 RDTITL> *>>>>>>>>>>>>>>> PARAMETER FORUM, WWW.CHARMM.ORG <<<<<<<<<<<<<<<<<
 RDTITL> *
 Parameter: IN1 <- "" <empty>
  
 CHARMM>     
  
 CHARMM>    ! Atom names include "R" (for Arg) as the second letter. The
 CHARMM>    ! only other atom types in the additive FF with this second
 CHARMM>    ! letter are histidine [HN]R[123] in the protein FF and CRL[12]
 CHARMM>    ! in toppar_all36_lipid_cholesterol.str , so no more conflicts.
 CHARMM>     
  
 CHARMM>    !Parent files that have to be read prior to streaming this file
 CHARMM>    !top_all36_prot.rtf
 CHARMM>    !par_all36_prot.rtf
 CHARMM>    !
 CHARMM>    !Testcase
 CHARMM>    !test_all36_prot_arg0.inp
 CHARMM>     
  
 CHARMM>    !Li, L., Vorobyov, I.V., MacKerell, Jr., A.D., Allen, T.W., "Is
 CHARMM>    !arginine charged in a membrane?" Biophysical Journal, 94: L11-L13,
 CHARMM>    !2008, PMCID: PMC2157258
 CHARMM>     
  
 CHARMM>    read rtf card append
 MAINIO> Residue topology file being read from unit  98.
 RDTITL> * TOPOLOGY FOR PROTEIN RELATED MODEL COMPOUNDS
 RDTITL> *
*** WARNING **** residue MGU1 already exists (old one deleted)

      ***** LEVEL  1 WARNING FROM <RTFRDR> *****
      ***** Residue already exists.
      ******************************************
      BOMLEV (  0) IS NOT REACHED. WRNLEV IS  5

          RESI MGU1          0.00
*** WARNING **** residue MGU2 already exists (old one deleted)

      ***** LEVEL  1 WARNING FROM <RTFRDR> *****
      ***** Residue already exists.
      ******************************************
      BOMLEV (  0) IS NOT REACHED. WRNLEV IS  5

          RESI MGU2          0.00
 There were   2 warning(s) from RTFRDR.
  
 CHARMM>     
  
 CHARMM>    read param card flex append

          PARAMETER FILE BEING READ FROM UNIT 98
 RDTITL>  
 RDTITL> No title read.
 PARMIO> NONBOND, HBOND lists and IMAGE atoms cleared.
  
 CHARMM>     
  
 CHARMM>    return
 VCLOSE: Closing unit   98 with status "KEEP"

                    RETURNING TO INPUT STREAM    99
  
 CHARMM>    stream toppar/toppar_all36_prot_c36m_d_aminoacids.str
 VOPEN> Attempting to open::toppar/toppar_all36_prot_c36m_d_aminoacids.str::
 OPNLGU> Unit 98 opened for READONLY access to toppar/toppar_all36_prot_c36m_d_aminoacids.str

                    INPUT STREAM SWITCHING TO UNIT    98
 RDTITL> *>>>>>>CHARMM36 ALL-HYDROGEN TOPPAR FILE FOR D-PROTEINS <<<<<<<
 RDTITL> *>>>>>>>>>>>>>>>>>>>>>>>>>> JAN. 2016 <<<<<<<<<<<<<<<<<<<<<<<<<<<<
 RDTITL> * ALL COMMENTS TO THE CHARMM WEB SITE: WWW.CHARMM.ORG
 RDTITL> *             PARAMETER SET DISCUSSION FORUM
 RDTITL> *
 Parameter: IN1 <- "" <empty>
  
 CHARMM>     
  
 CHARMM>    !update 2016/2. use directly inverted CMAPs
 CHARMM>     
  
 CHARMM>    !toppar stream file for D-amino acids. Includes new residue
 CHARMM>    !names, inverted CMAP and additional parameters.
 CHARMM>     
  
 CHARMM>    !Parent files that have to be read prior to streaming this file
 CHARMM>    !top_all36_prot.rtf
 CHARMM>    !par_all36m_prot.prm
 CHARMM>    !
 CHARMM>    !Testcase
 CHARMM>    !test_all36_d_amino_acid.inp
 CHARMM>     
  
 CHARMM>    !test "append" to determine if previous toppar files have been read and
 CHARMM>    !add append to "read rtf card" if true
 CHARMM>    set nat ?NATC
 RDCMND substituted energy or value "?NATC" to "556"
 Parameter: NAT <- "556"
  
 CHARMM>    set app
 Parameter: APP <- "" <empty>
  
 CHARMM>    !We're exploiting what is arguably a bug in the parser. On the left hand side,
 CHARMM>    !the quotes have priority, so NAT is correctly substituted. On the right hand
 CHARMM>    !side, the ? has priority and NATC" (sic) is not a valid substitution...
 CHARMM>    if "@NAT" ne "?NATC" if @nat ne 0 set app append
 Parameter: NAT -> "556"
 Parameter: NAT -> "556"
 RDCMND: can not substitute energy "?NATC""
 Comparing ""556"" and ""?NATC"".
 IF test evaluated as true.  Performing command
 Comparing "556" and "0".
 IF test evaluated as true.  Performing command
 Parameter: APP <- "APPEND"
  
 CHARMM>     
  
 CHARMM>    read rtf card @app
 Parameter: APP -> "APPEND"
 MAINIO> Residue topology file being read from unit  98.
 RDTITL> * TOPOLOGY FOR D- AMINOACIDS
 RDTITL> *
  
 CHARMM>     
  
 CHARMM>    read para card flex @app
 Parameter: APP -> "APPEND"

          PARAMETER FILE BEING READ FROM UNIT 98
 RDTITL> * PARAMETERS FOR D- AMINOACIDS
 RDTITL> *
 PARMIO> NONBOND, HBOND lists and IMAGE atoms cleared.
  
 VCLOSE: Closing unit   98 with status "KEEP"

                    RETURNING TO INPUT STREAM    99
  
 CHARMM>    stream toppar/toppar_all36_prot_fluoro_alkanes.str
 VOPEN> Attempting to open::toppar/toppar_all36_prot_fluoro_alkanes.str::
 OPNLGU> Unit 98 opened for READONLY access to toppar/toppar_all36_prot_fluoro_alkanes.str

                    INPUT STREAM SWITCHING TO UNIT    98
 RDTITL> * TOPOLOGY AND PARAMETERS FOR FLUORINATED ALKANES.
 RDTITL> *
 Parameter: IN1 <- "" <empty>
  
 CHARMM>     
  
 CHARMM>    !These parameters are maintained for historic reasons.  The CGenFF
 CHARMM>    !halogen parameters are a significant improvement over these
 CHARMM>    !parameters.
 CHARMM>     
  
 CHARMM>    !Parent files that have to be read prior to streaming this file
 CHARMM>    !top_all36_prot.rtf
 CHARMM>    !par_all36_prot.prm
 CHARMM>     
  
 CHARMM>    !Testcase
 CHARMM>    !test_all36_prot_fluoro_alkanes.inp
 CHARMM>     
  
 CHARMM>    !Reference
 CHARMM>    !Chen, I.-J., Yin, D. and MacKerell, Jr., A.D., "Combined Ab
 CHARMM>    !initio/Empirical Approach for Optimization of Lennard-Jones Parameters
 CHARMM>    !for Polar-Neutral Compounds," Journal of Computational Chemistry,
 CHARMM>    !2002, 23:199-213.
 CHARMM>    !
 CHARMM>    !Note that these parameters are higly optimized to reproduce the
 CHARMM>    !corresponding condensed phase properties and have not been incorporated
 CHARMM>    !into the CHARMM22 or CHARMM27 biomolecular force fields
 CHARMM>     
  
 CHARMM>    read rtf card append
 MAINIO> Residue topology file being read from unit  98.
 RDTITL> * TOPOLOGY FOR FLUOROALKANES
 RDTITL> *
*** WARNING **** residue ETHA already exists (old one deleted)

      ***** LEVEL  1 WARNING FROM <RTFRDR> *****
      ***** Residue already exists.
      ******************************************
      BOMLEV (  0) IS NOT REACHED. WRNLEV IS  5

          RESI ETHA  0.0
*** WARNING **** residue FETH already exists (old one deleted)

      ***** LEVEL  1 WARNING FROM <RTFRDR> *****
      ***** Residue already exists.
      ******************************************
      BOMLEV (  0) IS NOT REACHED. WRNLEV IS  5

          RESI FETH  0.0
*** WARNING **** residue DFET already exists (old one deleted)

      ***** LEVEL  1 WARNING FROM <RTFRDR> *****
      ***** Residue already exists.
      ******************************************
      BOMLEV (  0) IS NOT REACHED. WRNLEV IS  5

          RESI DFET 0.0
*** WARNING **** residue TFET already exists (old one deleted)

      ***** LEVEL  1 WARNING FROM <RTFRDR> *****
      ***** Residue already exists.
      ******************************************
      BOMLEV (  0) IS NOT REACHED. WRNLEV IS  5

          RESI TFET  0.0
*** WARNING **** residue TFE  already exists (old one deleted)

      ***** LEVEL  1 WARNING FROM <RTFRDR> *****
      ***** Residue already exists.
      ******************************************
      BOMLEV (  0) IS NOT REACHED. WRNLEV IS  5

          RESI TFE   0.0
 There were   5 warning(s) from RTFRDR.
  
 CHARMM>     
  
 CHARMM>    read para card flex append

          PARAMETER FILE BEING READ FROM UNIT 98
 RDTITL> * FLUOROALKANE PARAMETERS
 RDTITL> *
 PARMIO> NONBOND, HBOND lists and IMAGE atoms cleared.
  
 CHARMM>     
  
 CHARMM>    return
 VCLOSE: Closing unit   98 with status "KEEP"

                    RETURNING TO INPUT STREAM    99
  
 CHARMM>    stream toppar/toppar_all36_prot_heme.str
 VOPEN> Attempting to open::toppar/toppar_all36_prot_heme.str::
 OPNLGU> Unit 98 opened for READONLY access to toppar/toppar_all36_prot_heme.str

                    INPUT STREAM SWITCHING TO UNIT    98
 RDTITL> * TOPOLOGY AND PARAMETER STREAM FILE FOR HEME AND RELATED
 RDTITL> * LIGANDS AND PATCHES.
 RDTITL> *
 Parameter: IN1 <- "" <empty>
  
 CHARMM>     
  
 CHARMM>    !updated 2016/2, allow for use of AUTOGENERATE ANGLE DIHEDRAl PATCH
 CHARMM>     
  
 CHARMM>    !Parent files that have to be read prior to streaming this file
 CHARMM>    !top_all36_prot.rtf
 CHARMM>    !par_all36_prot.prm
 CHARMM>     
  
 CHARMM>    !Testcase
 CHARMM>    !test_all36_prot_heme.inp
 CHARMM>     
  
 CHARMM>    read rtf card append
 MAINIO> Residue topology file being read from unit  98.
 RDTITL> * TOPOLOGY FOR HEME AND RELATED COMPOUNDS AND PATCHES
 RDTITL> *
*** WARNING **** residue CO2  already exists (old one deleted)

      ***** LEVEL  1 WARNING FROM <RTFRDR> *****
      ***** Residue already exists.
      ******************************************
      BOMLEV (  0) IS NOT REACHED. WRNLEV IS  5

          RESI CO2             0.00
 There were   1 warning(s) from RTFRDR.
  
 CHARMM>     
  
 CHARMM>    read para card flex append

          PARAMETER FILE BEING READ FROM UNIT 98
 RDTITL> * ADDITIONAL PARAMETERS FOR HEME
 RDTITL> *
 PARMIO> NONBOND, HBOND lists and IMAGE atoms cleared.
  
 CHARMM>     
  
 CHARMM>    return
 VCLOSE: Closing unit   98 with status "KEEP"

                    RETURNING TO INPUT STREAM    99
  
 CHARMM>    stream toppar/toppar_all36_prot_na_combined.str
 VOPEN> Attempting to open::toppar/toppar_all36_prot_na_combined.str::
 OPNLGU> Unit 98 opened for READONLY access to toppar/toppar_all36_prot_na_combined.str

                    INPUT STREAM SWITCHING TO UNIT    98
 RDTITL> * TOPOLOGY AND PARAMETER STREAM FILE FOR PATCHES TO CREATE
 RDTITL> * MODEL COMPOUNDS AND PATCHES THAT REQUIRE BOTH PROTEIN AND
 RDTITL> * NUCLEIC ACID TOPOLOGY AND PARAMETER INFORMATION
 RDTITL> *
 Parameter: IN1 <- "" <empty>
  
 CHARMM>     
  
 CHARMM>    !Parent files that have to be read prior to streaming this file
 CHARMM>    !top_all36_prot.rtf
 CHARMM>    !par_all36_prot.prm
 CHARMM>    !top_all36_na.rtf
 CHARMM>    !par_all36_na.prm
 CHARMM>    !stream/toppar_all36_prot_fluoro_alkanes.str ! atom types an parameters for fluorinated compounds
 CHARMM>     
  
 CHARMM>    !Testcase
 CHARMM>    !test_all36_prot_na_combined.inp
 CHARMM>     
  
 CHARMM>    !all patches must be followed by AUTOGENERATE ANGLES DIHEDRALS
 CHARMM>     
  
 CHARMM>    !PHOSPHOTYROSINE
 CHARMM>    !
 CHARMM>    !Feng, M.-H., Philippopoulos, M., MacKerell, Jr., A.D. and Lim, C.
 CHARMM>    !Structural Characterization of the Phosphotyrosine Binding Region of a
 CHARMM>    !High-Affinity aSH2 Domain-Phosphopeptide Complex by Molecular Dynamics
 CHARMM>    !Simulation and Chemical Shift Calculations. Journal of the American
 CHARMM>    !Chemical Society, 1996, 118: 11265-11277.
 CHARMM>     
  
 CHARMM>    read rtf card append
 MAINIO> Residue topology file being read from unit  98.
 RDTITL> * TOPOLOGY FOR PHOSPHORYLATED AMINO ACIDS
 RDTITL> *
*** WARNING **** residue THFI already exists (old one deleted)

      ***** LEVEL  1 WARNING FROM <RTFRDR> *****
      ***** Residue already exists.
      ******************************************
      BOMLEV (  0) IS NOT REACHED. WRNLEV IS  5

          RESI THFI       0.00
*** WARNING **** residue THMI already exists (old one deleted)

      ***** LEVEL  1 WARNING FROM <RTFRDR> *****
      ***** Residue already exists.
      ******************************************
      BOMLEV (  0) IS NOT REACHED. WRNLEV IS  5

          RESI THMI       0.00
*** WARNING **** residue THFA already exists (old one deleted)

      ***** LEVEL  1 WARNING FROM <RTFRDR> *****
      ***** Residue already exists.
      ******************************************
      BOMLEV (  0) IS NOT REACHED. WRNLEV IS  5

          RESI THFA        0.00
*** WARNING **** residue THAO already exists (old one deleted)

      ***** LEVEL  1 WARNING FROM <RTFRDR> *****
      ***** Residue already exists.
      ******************************************
      BOMLEV (  0) IS NOT REACHED. WRNLEV IS  5

          RESI THAO         0.00
*** WARNING **** residue RNUS already exists (old one deleted)

      ***** LEVEL  1 WARNING FROM <RTFRDR> *****
      ***** Residue already exists.
      ******************************************
      BOMLEV (  0) IS NOT REACHED. WRNLEV IS  5

          RESI RNUS         0.00
*** WARNING **** residue NUCL already exists (old one deleted)

      ***** LEVEL  1 WARNING FROM <RTFRDR> *****
      ***** Residue already exists.
      ******************************************
      BOMLEV (  0) IS NOT REACHED. WRNLEV IS  5

          RESI NUCL        -1.00
*** WARNING **** residue PPH1 already exists (old one deleted)

      ***** LEVEL  1 WARNING FROM <RTFRDR> *****
      ***** Residue already exists.
      ******************************************
      BOMLEV (  0) IS NOT REACHED. WRNLEV IS  5

          RESI PPH1      -1.00
*** WARNING **** residue BMPH already exists (old one deleted)

      ***** LEVEL  1 WARNING FROM <RTFRDR> *****
      ***** Residue already exists.
      ******************************************
      BOMLEV (  0) IS NOT REACHED. WRNLEV IS  5

          RESI BMPH      -1.00
*** WARNING **** residue BMPD already exists (old one deleted)

      ***** LEVEL  1 WARNING FROM <RTFRDR> *****
      ***** Residue already exists.
      ******************************************
      BOMLEV (  0) IS NOT REACHED. WRNLEV IS  5

          RESI BMPD      -2.00
*** WARNING **** residue BDFP already exists (old one deleted)

      ***** LEVEL  1 WARNING FROM <RTFRDR> *****
      ***** Residue already exists.
      ******************************************
      BOMLEV (  0) IS NOT REACHED. WRNLEV IS  5

          RESI BDFP      -1.00
*** WARNING **** residue BDFD already exists (old one deleted)

      ***** LEVEL  1 WARNING FROM <RTFRDR> *****
      ***** Residue already exists.
      ******************************************
      BOMLEV (  0) IS NOT REACHED. WRNLEV IS  5

          RESI BDFD -2.00
*** WARNING **** residue EP_2 already exists (old one deleted)

      ***** LEVEL  1 WARNING FROM <RTFRDR> *****
      ***** Residue already exists.
      ******************************************
      BOMLEV (  0) IS NOT REACHED. WRNLEV IS  5

          RESI EP_2        -2.00
*** WARNING **** residue IP_2 already exists (old one deleted)

      ***** LEVEL  1 WARNING FROM <RTFRDR> *****
      ***** Residue already exists.
      ******************************************
      BOMLEV (  0) IS NOT REACHED. WRNLEV IS  5

          RESI IP_2        -2.00
 There were  13 warning(s) from RTFRDR.
  
 CHARMM>     
  
 CHARMM>    read para card flex append

          PARAMETER FILE BEING READ FROM UNIT 98
 RDTITL> * ADDITIONAL PARAMETERS FOR PHOSPHORYLATED AMINO ACIDS
 RDTITL> *
 PARMIO> NONBOND, HBOND lists and IMAGE atoms cleared.
  
 VCLOSE: Closing unit   98 with status "KEEP"

                    RETURNING TO INPUT STREAM    99
  
 CHARMM>    stream toppar/toppar_all36_prot_retinol.str
 VOPEN> Attempting to open::toppar/toppar_all36_prot_retinol.str::
 OPNLGU> Unit 98 opened for READONLY access to toppar/toppar_all36_prot_retinol.str

                    INPUT STREAM SWITCHING TO UNIT    98
 RDTITL> * TOPPAR STREAM FILE FOR RETINOL AND RETINAL PARAMETERS
 RDTITL> * A. LOCCISANO, A.M.W., J. EVANSECK AND A.D. MACKERELL, JR.
 RDTITL> * APRIL, 2005
 RDTITL> *
 Parameter: IN1 <- "" <empty>
  
 CHARMM>     
  
 CHARMM>    !use with c36 protein force fields
 CHARMM>    !top_all36_prot.rtf
 CHARMM>    !par_all36_prot.prm
 CHARMM>     
  
 CHARMM>    read rtf card append
 MAINIO> Residue topology file being read from unit  98.
 RDTITL> * RETINAL/RETINOL AND RELATED MODEL COMPOUNDS
 RDTITL> *
*** WARNING **** residue BTE2 already exists (old one deleted)

      ***** LEVEL  1 WARNING FROM <RTFRDR> *****
      ***** Residue already exists.
      ******************************************
      BOMLEV (  0) IS NOT REACHED. WRNLEV IS  5

          RESI BTE2       0.00
*** WARNING **** residue 13DB already exists (old one deleted)

      ***** LEVEL  1 WARNING FROM <RTFRDR> *****
      ***** Residue already exists.
      ******************************************
      BOMLEV (  0) IS NOT REACHED. WRNLEV IS  5

          RESI 13DB       0.00
*** WARNING **** residue 13DP already exists (old one deleted)

      ***** LEVEL  1 WARNING FROM <RTFRDR> *****
      ***** Residue already exists.
      ******************************************
      BOMLEV (  0) IS NOT REACHED. WRNLEV IS  5

          RESI 13DP       0.00
*** WARNING **** residue DMB1 already exists (old one deleted)

      ***** LEVEL  1 WARNING FROM <RTFRDR> *****
      ***** Residue already exists.
      ******************************************
      BOMLEV (  0) IS NOT REACHED. WRNLEV IS  5

          RESI DMB1       0.00
*** WARNING **** residue DMP1 already exists (old one deleted)

      ***** LEVEL  1 WARNING FROM <RTFRDR> *****
      ***** Residue already exists.
      ******************************************
      BOMLEV (  0) IS NOT REACHED. WRNLEV IS  5

          RESI DMP1       0.00
*** WARNING **** residue DMP2 already exists (old one deleted)

      ***** LEVEL  1 WARNING FROM <RTFRDR> *****
      ***** Residue already exists.
      ******************************************
      BOMLEV (  0) IS NOT REACHED. WRNLEV IS  5

          RESI DMP2       0.00
*** WARNING **** residue CROT already exists (old one deleted)

      ***** LEVEL  1 WARNING FROM <RTFRDR> *****
      ***** Residue already exists.
      ******************************************
      BOMLEV (  0) IS NOT REACHED. WRNLEV IS  5

          RESI CROT       0.00
*** WARNING **** residue PACP already exists (old one deleted)

      ***** LEVEL  1 WARNING FROM <RTFRDR> *****
      ***** Residue already exists.
      ******************************************
      BOMLEV (  0) IS NOT REACHED. WRNLEV IS  5

          RESI PACP       0.00
*** WARNING **** residue MECH already exists (old one deleted)

      ***** LEVEL  1 WARNING FROM <RTFRDR> *****
      ***** Residue already exists.
      ******************************************
      BOMLEV (  0) IS NOT REACHED. WRNLEV IS  5

          RESI MECH       0.00
*** WARNING **** residue TMCH already exists (old one deleted)

      ***** LEVEL  1 WARNING FROM <RTFRDR> *****
      ***** Residue already exists.
      ******************************************
      BOMLEV (  0) IS NOT REACHED. WRNLEV IS  5

          RESI TMCH       0.00
*** WARNING **** residue FRET already exists (old one deleted)

      ***** LEVEL  1 WARNING FROM <RTFRDR> *****
      ***** Residue already exists.
      ******************************************
      BOMLEV (  0) IS NOT REACHED. WRNLEV IS  5

          RESI FRET       0.00
*** WARNING **** residue RTOL already exists (old one deleted)

      ***** LEVEL  1 WARNING FROM <RTFRDR> *****
      ***** Residue already exists.
      ******************************************
      BOMLEV (  0) IS NOT REACHED. WRNLEV IS  5

          RESI RTOL       0.00
*** WARNING **** residue RTAL already exists (old one deleted)

      ***** LEVEL  1 WARNING FROM <RTFRDR> *****
      ***** Residue already exists.
      ******************************************
      BOMLEV (  0) IS NOT REACHED. WRNLEV IS  5

          RESI RTAL       0.00
*** WARNING **** residue RTAC already exists (old one deleted)

      ***** LEVEL  1 WARNING FROM <RTFRDR> *****
      ***** Residue already exists.
      ******************************************
      BOMLEV (  0) IS NOT REACHED. WRNLEV IS  5

          RESI RTAC      -1.00
*** WARNING **** residue PRAC already exists (old one deleted)

      ***** LEVEL  1 WARNING FROM <RTFRDR> *****
      ***** Residue already exists.
      ******************************************
      BOMLEV (  0) IS NOT REACHED. WRNLEV IS  5

          RESI PRAC      -1.00
*** WARNING **** residue PROL already exists (old one deleted)

      ***** LEVEL  1 WARNING FROM <RTFRDR> *****
      ***** Residue already exists.
      ******************************************
      BOMLEV (  0) IS NOT REACHED. WRNLEV IS  5

          RESI PROL       0.00
*** WARNING **** residue PRAL already exists (old one deleted)

      ***** LEVEL  1 WARNING FROM <RTFRDR> *****
      ***** Residue already exists.
      ******************************************
      BOMLEV (  0) IS NOT REACHED. WRNLEV IS  5

          RESI PRAL       0.00
*** WARNING **** residue SCH1 already exists (old one deleted)

      ***** LEVEL  1 WARNING FROM <RTFRDR> *****
      ***** Residue already exists.
      ******************************************
      BOMLEV (  0) IS NOT REACHED. WRNLEV IS  5

          RESI SCH1       0.00
*** WARNING **** residue SCH2 already exists (old one deleted)

      ***** LEVEL  1 WARNING FROM <RTFRDR> *****
      ***** Residue already exists.
      ******************************************
      BOMLEV (  0) IS NOT REACHED. WRNLEV IS  5

          RESI SCH2       1.00
*** WARNING **** residue SCH3 already exists (old one deleted)

      ***** LEVEL  1 WARNING FROM <RTFRDR> *****
      ***** Residue already exists.
      ******************************************
      BOMLEV (  0) IS NOT REACHED. WRNLEV IS  5

          RESI SCH3       1.00
 There were  20 warning(s) from RTFRDR.
  
 CHARMM>     
  
 CHARMM>    read para card flex append

          PARAMETER FILE BEING READ FROM UNIT 98
 RDTITL> * RETINAL/RETINOL AND RELATED PARAMETERS
 RDTITL> *
 PARMIO> NONBOND, HBOND lists and IMAGE atoms cleared.
  
 CHARMM>     
  
 VCLOSE: Closing unit   98 with status "KEEP"

                    RETURNING TO INPUT STREAM    99
  
 CHARMM>    stream toppar/toppar_all36_prot_model.str
 VOPEN> Attempting to open::toppar/toppar_all36_prot_model.str::
 OPNLGU> Unit 98 opened for READONLY access to toppar/toppar_all36_prot_model.str

                    INPUT STREAM SWITCHING TO UNIT    98
 RDTITL> *>> ALL-HYDROGEN TOPOLOGY FOR SMALL MODEL COMPOUNDS USED IN THE <<
 RDTITL> *>> DEVELOPMENT OF THE CHARMM22 PROTEIN ALL-HYDROGEN PARAMETERS <<
 RDTITL> *>>>>>>>>>>>>>>>>>>>>>>> JULY 1997 <<<<<<<<<<<<<<<<<<<<<<<<<<<<<<<
 RDTITL> *>>>>>>>> DIRECT COMMENTS TO ALEXANDER D. MACKERELL JR. <<<<<<<<<<
 RDTITL> *>>>>>>>>>>>>>>> PARAMETER FORUM, WWW.CHARMM.ORG <<<<<<<<<<<<<<<<<
 RDTITL> *CONVERTED TO STREAM FORMAT, DECEMBER 2003
 RDTITL> *CONVERTED TO CHARMM36 PROTEIN ATOM TYPES, MAY 2011
 RDTITL> *
 Parameter: IN1 <- "" <empty>
  
 CHARMM>     
  
 CHARMM>    !Parent files that have to be read prior to streaming this file
 CHARMM>    !top_all36_prot.rtf
 CHARMM>    !par_all36_prot.prm
 CHARMM>    !
 CHARMM>    !Testcase
 CHARMM>    !test_all36_prot_model.inp
 CHARMM>     
  
 CHARMM>    !changes after 9/98
 CHARMM>    !
 CHARMM>    !change alkene HA1 and HA2 to HE1 and HE2
 CHARMM>    !
 CHARMM>    !improper atom ordering corrected
 CHARMM>    !
 CHARMM>    !version b5i to be consistent with protein toppar files
 CHARMM>    !
 CHARMM>    !Heme vinyl groups upgraded based on new butene parameters
 CHARMM>    !
 CHARMM>     
  
 CHARMM>    ! references
 CHARMM>    !
 CHARMM>    !PROTEINS
 CHARMM>    !
 CHARMM>    !MacKerell, Jr., A. D.; Bashford, D.; Bellott, M.; Dunbrack Jr., R.L.;
 CHARMM>    !Evanseck, J.D.; Field, M.J.; Fischer, S.; Gao, J.; Guo, H.; Ha, S.;
 CHARMM>    !Joseph-McCarthy, D.; Kuchnir, L.; Kuczera, K.; Lau, F.T.K.; Mattos,
 CHARMM>    !C.; Michnick, S.; Ngo, T.; Nguyen, D.T.; Prodhom, B.; Reiher, III,
 CHARMM>    !W.E.; Roux, B.; Schlenkrich, M.; Smith, J.C.; Stote, R.; Straub, J.;
 CHARMM>    !Watanabe, M.; Wiorkiewicz-Kuczera, J.; Yin, D.; Karplus, M.  All-atom
 CHARMM>    !empirical potential for molecular modeling and dynamics Studies of
 CHARMM>    !proteins.  Journal of Physical Chemistry B, 1998, 102, 3586-3616.
 CHARMM>     
  
 CHARMM>    read rtf card append
 MAINIO> Residue topology file being read from unit  98.
 RDTITL> * TOPOLOGY FOR PROTEIN RELATED MODEL COMPOUNDS
 RDTITL> *
*** WARNING **** residue ACET already exists (old one deleted)

      ***** LEVEL  1 WARNING FROM <RTFRDR> *****
      ***** Residue already exists.
      ******************************************
      BOMLEV (  0) IS NOT REACHED. WRNLEV IS  5

          RESI ACET       -1.00
*** WARNING **** residue PROA already exists (old one deleted)

      ***** LEVEL  1 WARNING FROM <RTFRDR> *****
      ***** Residue already exists.
      ******************************************
      BOMLEV (  0) IS NOT REACHED. WRNLEV IS  5

          RESI PROA       -1.00
*** WARNING **** residue GUAN already exists (old one deleted)

      ***** LEVEL  1 WARNING FROM <RTFRDR> *****
      ***** Residue already exists.
      ******************************************
      BOMLEV (  0) IS NOT REACHED. WRNLEV IS  5

          RESI GUAN        1.00
*** WARNING **** residue MGUA already exists (old one deleted)

      ***** LEVEL  1 WARNING FROM <RTFRDR> *****
      ***** Residue already exists.
      ******************************************
      BOMLEV (  0) IS NOT REACHED. WRNLEV IS  5

          RESI MGUA        1.00
*** WARNING **** residue GLYN already exists (old one deleted)

      ***** LEVEL  1 WARNING FROM <RTFRDR> *****
      ***** Residue already exists.
      ******************************************
      BOMLEV (  0) IS NOT REACHED. WRNLEV IS  5

          RESI GLYN         0.00
*** WARNING **** residue MAMM already exists (old one deleted)

      ***** LEVEL  1 WARNING FROM <RTFRDR> *****
      ***** Residue already exists.
      ******************************************
      BOMLEV (  0) IS NOT REACHED. WRNLEV IS  5

          RESI MAMM        1.00
*** WARNING **** residue EAMM already exists (old one deleted)

      ***** LEVEL  1 WARNING FROM <RTFRDR> *****
      ***** Residue already exists.
      ******************************************
      BOMLEV (  0) IS NOT REACHED. WRNLEV IS  5

          RESI EAMM        1.00
*** WARNING **** residue ACEH already exists (old one deleted)

      ***** LEVEL  1 WARNING FROM <RTFRDR> *****
      ***** Residue already exists.
      ******************************************
      BOMLEV (  0) IS NOT REACHED. WRNLEV IS  5

          RESI ACEH        0.00
*** WARNING **** residue MEOH already exists (old one deleted)

      ***** LEVEL  1 WARNING FROM <RTFRDR> *****
      ***** Residue already exists.
      ******************************************
      BOMLEV (  0) IS NOT REACHED. WRNLEV IS  5

          RESI MEOH        0.00
*** WARNING **** residue METO already exists (old one deleted)

      ***** LEVEL  1 WARNING FROM <RTFRDR> *****
      ***** Residue already exists.
      ******************************************
      BOMLEV (  0) IS NOT REACHED. WRNLEV IS  5

          RESI METO       -1.00
*** WARNING **** residue ETOH already exists (old one deleted)

      ***** LEVEL  1 WARNING FROM <RTFRDR> *****
      ***** Residue already exists.
      ******************************************
      BOMLEV (  0) IS NOT REACHED. WRNLEV IS  5

          RESI ETOH        0.00
*** WARNING **** residue ETO  already exists (old one deleted)

      ***** LEVEL  1 WARNING FROM <RTFRDR> *****
      ***** Residue already exists.
      ******************************************
      BOMLEV (  0) IS NOT REACHED. WRNLEV IS  5

          RESI ETO        -1.00
*** WARNING **** residue PRO2 already exists (old one deleted)

      ***** LEVEL  1 WARNING FROM <RTFRDR> *****
      ***** Residue already exists.
      ******************************************
      BOMLEV (  0) IS NOT REACHED. WRNLEV IS  5

          RESI PRO2        0.00
*** WARNING **** residue FORM already exists (old one deleted)

      ***** LEVEL  1 WARNING FROM <RTFRDR> *****
      ***** Residue already exists.
      ******************************************
      BOMLEV (  0) IS NOT REACHED. WRNLEV IS  5

          RESI FORM        0.00
*** WARNING **** residue ACEM already exists (old one deleted)

      ***** LEVEL  1 WARNING FROM <RTFRDR> *****
      ***** Residue already exists.
      ******************************************
      BOMLEV (  0) IS NOT REACHED. WRNLEV IS  5

          RESI ACEM        0.00
*** WARNING **** residue NMA  already exists (old one deleted)

      ***** LEVEL  1 WARNING FROM <RTFRDR> *****
      ***** Residue already exists.
      ******************************************
      BOMLEV (  0) IS NOT REACHED. WRNLEV IS  5

          RESI NMA         0.00
*** WARNING **** residue MESH already exists (old one deleted)

      ***** LEVEL  1 WARNING FROM <RTFRDR> *****
      ***** Residue already exists.
      ******************************************
      BOMLEV (  0) IS NOT REACHED. WRNLEV IS  5

          RESI MESH        0.00
*** WARNING **** residue MES1 already exists (old one deleted)

      ***** LEVEL  1 WARNING FROM <RTFRDR> *****
      ***** Residue already exists.
      ******************************************
      BOMLEV (  0) IS NOT REACHED. WRNLEV IS  5

          RESI MES1       -1.00
*** WARNING **** residue ETSH already exists (old one deleted)

      ***** LEVEL  1 WARNING FROM <RTFRDR> *****
      ***** Residue already exists.
      ******************************************
      BOMLEV (  0) IS NOT REACHED. WRNLEV IS  5

          RESI ETSH        0.00
*** WARNING **** residue ES1  already exists (old one deleted)

      ***** LEVEL  1 WARNING FROM <RTFRDR> *****
      ***** Residue already exists.
      ******************************************
      BOMLEV (  0) IS NOT REACHED. WRNLEV IS  5

          RESI ES1        -1.00
*** WARNING **** residue DMDS already exists (old one deleted)

      ***** LEVEL  1 WARNING FROM <RTFRDR> *****
      ***** Residue already exists.
      ******************************************
      BOMLEV (  0) IS NOT REACHED. WRNLEV IS  5

          RESI DMDS        0.00
*** WARNING **** residue DEDS already exists (old one deleted)

      ***** LEVEL  1 WARNING FROM <RTFRDR> *****
      ***** Residue already exists.
      ******************************************
      BOMLEV (  0) IS NOT REACHED. WRNLEV IS  5

          RESI DEDS        0.00
*** WARNING **** residue EMS  already exists (old one deleted)

      ***** LEVEL  1 WARNING FROM <RTFRDR> *****
      ***** Residue already exists.
      ******************************************
      BOMLEV (  0) IS NOT REACHED. WRNLEV IS  5

          RESI EMS         0.00
*** WARNING **** residue IMIA already exists (old one deleted)

      ***** LEVEL  1 WARNING FROM <RTFRDR> *****
      ***** Residue already exists.
      ******************************************
      BOMLEV (  0) IS NOT REACHED. WRNLEV IS  5

          RESI IMIA        0.00
*** WARNING **** residue MIMI already exists (old one deleted)

      ***** LEVEL  1 WARNING FROM <RTFRDR> *****
      ***** Residue already exists.
      ******************************************
      BOMLEV (  0) IS NOT REACHED. WRNLEV IS  5

          RESI MIMI        0.00
*** WARNING **** residue EIMI already exists (old one deleted)

      ***** LEVEL  1 WARNING FROM <RTFRDR> *****
      ***** Residue already exists.
      ******************************************
      BOMLEV (  0) IS NOT REACHED. WRNLEV IS  5

          RESI EIMI        0.00
*** WARNING **** residue IMIM already exists (old one deleted)

      ***** LEVEL  1 WARNING FROM <RTFRDR> *****
      ***** Residue already exists.
      ******************************************
      BOMLEV (  0) IS NOT REACHED. WRNLEV IS  5

          RESI IMIM        1.00
*** WARNING **** residue EIMM already exists (old one deleted)

      ***** LEVEL  1 WARNING FROM <RTFRDR> *****
      ***** Residue already exists.
      ******************************************
      BOMLEV (  0) IS NOT REACHED. WRNLEV IS  5

          RESI EIMM        1.00
*** WARNING **** residue BENZ already exists (old one deleted)

      ***** LEVEL  1 WARNING FROM <RTFRDR> *****
      ***** Residue already exists.
      ******************************************
      BOMLEV (  0) IS NOT REACHED. WRNLEV IS  5

          RESI BENZ        0.00
*** WARNING **** residue EBEN already exists (old one deleted)

      ***** LEVEL  1 WARNING FROM <RTFRDR> *****
      ***** Residue already exists.
      ******************************************
      BOMLEV (  0) IS NOT REACHED. WRNLEV IS  5

          RESI EBEN         0.00
*** WARNING **** residue PHEN already exists (old one deleted)

      ***** LEVEL  1 WARNING FROM <RTFRDR> *****
      ***** Residue already exists.
      ******************************************
      BOMLEV (  0) IS NOT REACHED. WRNLEV IS  5

          RESI PHEN        0.00
*** WARNING **** residue EPHE already exists (old one deleted)

      ***** LEVEL  1 WARNING FROM <RTFRDR> *****
      ***** Residue already exists.
      ******************************************
      BOMLEV (  0) IS NOT REACHED. WRNLEV IS  5

          RESI EPHE        0.00
*** WARNING **** residue PHEO already exists (old one deleted)

      ***** LEVEL  1 WARNING FROM <RTFRDR> *****
      ***** Residue already exists.
      ******************************************
      BOMLEV (  0) IS NOT REACHED. WRNLEV IS  5

          RESI PHEO       -1.00
*** WARNING **** residue INDO already exists (old one deleted)

      ***** LEVEL  1 WARNING FROM <RTFRDR> *****
      ***** Residue already exists.
      ******************************************
      BOMLEV (  0) IS NOT REACHED. WRNLEV IS  5

          RESI INDO        0.00
*** WARNING **** residue EIND already exists (old one deleted)

      ***** LEVEL  1 WARNING FROM <RTFRDR> *****
      ***** Residue already exists.
      ******************************************
      BOMLEV (  0) IS NOT REACHED. WRNLEV IS  5

          RESI EIND        0.00
*** WARNING **** residue PDIP already exists (old one deleted)

      ***** LEVEL  1 WARNING FROM <RTFRDR> *****
      ***** Residue already exists.
      ******************************************
      BOMLEV (  0) IS NOT REACHED. WRNLEV IS  5

          RESI PDIP        0.00
*** WARNING **** residue ETHA already exists (old one deleted)

      ***** LEVEL  1 WARNING FROM <RTFRDR> *****
      ***** Residue already exists.
      ******************************************
      BOMLEV (  0) IS NOT REACHED. WRNLEV IS  5

          RESI ETHA        0.00
*** WARNING **** residue PRPA already exists (old one deleted)

      ***** LEVEL  1 WARNING FROM <RTFRDR> *****
      ***** Residue already exists.
      ******************************************
      BOMLEV (  0) IS NOT REACHED. WRNLEV IS  5

          RESI PRPA        0.00
*** WARNING **** residue IBUT already exists (old one deleted)

      ***** LEVEL  1 WARNING FROM <RTFRDR> *****
      ***** Residue already exists.
      ******************************************
      BOMLEV (  0) IS NOT REACHED. WRNLEV IS  5

          RESI IBUT        0.00
*** WARNING **** residue OCOH already exists (old one deleted)

      ***** LEVEL  1 WARNING FROM <RTFRDR> *****
      ***** Residue already exists.
      ******************************************
      BOMLEV (  0) IS NOT REACHED. WRNLEV IS  5

          RESI OCOH    0.0
*** WARNING **** residue CO3  already exists (old one deleted)

      ***** LEVEL  1 WARNING FROM <RTFRDR> *****
      ***** Residue already exists.
      ******************************************
      BOMLEV (  0) IS NOT REACHED. WRNLEV IS  5

          RESI CO3  -2.0
*** WARNING **** residue C3   already exists (old one deleted)

      ***** LEVEL  1 WARNING FROM <RTFRDR> *****
      ***** Residue already exists.
      ******************************************
      BOMLEV (  0) IS NOT REACHED. WRNLEV IS  5

          RESI C3    0.00
 There were  42 warning(s) from RTFRDR.
  
 CHARMM>     
  
 CHARMM>    read para card flex append

          PARAMETER FILE BEING READ FROM UNIT 98
 RDTITL>  
 RDTITL> No title read.
 PARMIO> NONBOND, HBOND lists and IMAGE atoms cleared.
  
 CHARMM>     
  
 CHARMM>    return
 VCLOSE: Closing unit   98 with status "KEEP"

                    RETURNING TO INPUT STREAM    99
  
 CHARMM>    stream toppar/toppar_all36_prot_modify_res.str
 VOPEN> Attempting to open::toppar/toppar_all36_prot_modify_res.str::
 OPNLGU> Unit 98 opened for READONLY access to toppar/toppar_all36_prot_modify_res.str

                    INPUT STREAM SWITCHING TO UNIT    98
 RDTITL> * TOPPAR FILE FOR VARIOUS MODIFIED RESIDUES AND PATCHES, INCLUDING
 RDTITL> * PATCHES TO COVALENTLY LINK RESIDUES TO IONS TO WORK WITH THE
 RDTITL> * ADDITIVE C36 PROTEIN FORCE FIELD
 RDTITL> * REQUIRES CGENFF PARAMETER FILE
 RDTITL> *
 Parameter: IN1 <- "" <empty>
  
 CHARMM>     
  
 CHARMM>    !Acetyllysine (ALY)
 CHARMM>    !Norleucine (NLE) and
 CHARMM>    ! residues and patches for Zn-protein interactions modeled using
 CHARMM>    ! bond and angles between the protein and Zn.
 CHARMM>     
  
 CHARMM>    !non-standard amino acids: 2021
 CHARMM>    !Croitoru, A., Park, S.-J., Kumar, A., Lee, J., Im, Wonpil; MacKerell,
 CHARMM>    !A.D., Jr., and Aleksandrov, A. Additive CHARMM36 Force Field for
 CHARMM>    !Nonstandard Amino Acids, Journal of Chemical Theory and Computation,
 CHARMM>    !17:3554-3570, doi: 10.1021/acs.jctc.1c00254.
 CHARMM>     
  
 CHARMM>    read rtf card append
 MAINIO> Residue topology file being read from unit  98.
 RDTITL> * TOPPAR FILE PROTEIN MODIFICATIONS
 RDTITL> *
*** WARNING **** residue CGU  already exists (old one deleted)

      ***** LEVEL  1 WARNING FROM <RTFRDR> *****
      ***** Residue already exists.
      ******************************************
      BOMLEV (  0) IS NOT REACHED. WRNLEV IS  5

          RESI CGU              -2.000
*** WARNING **** residue CME  already exists (old one deleted)

      ***** LEVEL  1 WARNING FROM <RTFRDR> *****
      ***** Residue already exists.
      ******************************************
      BOMLEV (  0) IS NOT REACHED. WRNLEV IS  5

          RESI CME               0.000
*** WARNING **** residue HIC  already exists (old one deleted)

      ***** LEVEL  1 WARNING FROM <RTFRDR> *****
      ***** Residue already exists.
      ******************************************
      BOMLEV (  0) IS NOT REACHED. WRNLEV IS  5

          RESI HIC               0.000
*** WARNING **** residue HICP already exists (old one deleted)

      ***** LEVEL  1 WARNING FROM <RTFRDR> *****
      ***** Residue already exists.
      ******************************************
      BOMLEV (  0) IS NOT REACHED. WRNLEV IS  5

          RESI HICP              1.000
*** WARNING **** residue CGUP already exists (old one deleted)

      ***** LEVEL  1 WARNING FROM <RTFRDR> *****
      ***** Residue already exists.
      ******************************************
      BOMLEV (  0) IS NOT REACHED. WRNLEV IS  5

          RESI CGUP             -1.000
 There were   5 warning(s) from RTFRDR.
  
 CHARMM>     
  
 CHARMM>    read para card append flex

          PARAMETER FILE BEING READ FROM UNIT 98
 RDTITL>  
 RDTITL> No title read.
 PARMIO> NONBOND, HBOND lists and IMAGE atoms cleared.
  
 CHARMM>     
  
 CHARMM>    return
 VCLOSE: Closing unit   98 with status "KEEP"

                    RETURNING TO INPUT STREAM    99
  
 CHARMM>     
  
 CHARMM>    ! Additional topologies and parameters for nucleic acids
 CHARMM>    stream toppar/toppar_all36_na_nad_ppi.str
 VOPEN> Attempting to open::toppar/toppar_all36_na_nad_ppi.str::
 OPNLGU> Unit 98 opened for READONLY access to toppar/toppar_all36_na_nad_ppi.str

                    INPUT STREAM SWITCHING TO UNIT    98
 RDTITL> * CHARMM36 ALL-HYDROGEN NUCLEIC ACID FORCE TOPPAR STREAM FILE
 RDTITL> * NAD+, NADH, ADP, ATP, PPI AND RELATED ANALOGS
 RDTITL> * A.D. MACKERELL, JR., JULY 2001
 RDTITL> * STREAM FOLLOWING RTF AND PARAM READ OF
 RDTITL> *
 Parameter: IN1 <- "" <empty>
  
 CHARMM>     
  
 CHARMM>    !Update, 2015/1, nomenclature for NAD+ etc. consistent with PDB
 CHARMM>     
  
 CHARMM>    !Parent files that have to be read prior to streaming this file
 CHARMM>    !top_all36_na.rtf
 CHARMM>    !par_all36_na.prm
 CHARMM>     
  
 CHARMM>    !Testcase
 CHARMM>    !test_all36_na_nad_ppi.inp
 CHARMM>     
  
 CHARMM>    !Reference
 CHARMM>    !Pavelites, J.J., Bash, P.A., Gao, J., and MacKerell, Jr.,
 CHARMM>    !A.D. A Molecular Mechanics Force Field for NAD+, NADH and the
 CHARMM>    !Pyrophosphate Groups of Nucleotides, Journal of Computational
 CHARMM>    !Chemistry, 1997, 18: 221-239.
 CHARMM>     
  
 CHARMM>    read rtf card append
 MAINIO> Residue topology file being read from unit  98.
 RDTITL> * NAD, PPI TOPOLOGY
 RDTITL> *
*** WARNING **** residue NIC  already exists (old one deleted)

      ***** LEVEL  1 WARNING FROM <RTFRDR> *****
      ***** Residue already exists.
      ******************************************
      BOMLEV (  0) IS NOT REACHED. WRNLEV IS  5

          RESI NIC         1.00
*** WARNING **** residue NICH already exists (old one deleted)

      ***** LEVEL  1 WARNING FROM <RTFRDR> *****
      ***** Residue already exists.
      ******************************************
      BOMLEV (  0) IS NOT REACHED. WRNLEV IS  5

          RESI NICH         0.00
*** WARNING **** residue PPI1 already exists (old one deleted)

      ***** LEVEL  1 WARNING FROM <RTFRDR> *****
      ***** Residue already exists.
      ******************************************
      BOMLEV (  0) IS NOT REACHED. WRNLEV IS  5

          RESI PPI1        -3.00
*** WARNING **** residue PPI2 already exists (old one deleted)

      ***** LEVEL  1 WARNING FROM <RTFRDR> *****
      ***** Residue already exists.
      ******************************************
      BOMLEV (  0) IS NOT REACHED. WRNLEV IS  5

          RESI PPI2        -2.00
*** WARNING **** residue AMP  already exists (old one deleted)

      ***** LEVEL  1 WARNING FROM <RTFRDR> *****
      ***** Residue already exists.
      ******************************************
      BOMLEV (  0) IS NOT REACHED. WRNLEV IS  5

          RESI AMP         -2.00
*** WARNING **** residue ADP  already exists (old one deleted)

      ***** LEVEL  1 WARNING FROM <RTFRDR> *****
      ***** Residue already exists.
      ******************************************
      BOMLEV (  0) IS NOT REACHED. WRNLEV IS  5

          RESI ADP         -3.00
*** WARNING **** residue ATP  already exists (old one deleted)

      ***** LEVEL  1 WARNING FROM <RTFRDR> *****
      ***** Residue already exists.
      ******************************************
      BOMLEV (  0) IS NOT REACHED. WRNLEV IS  5

          RESI ATP         -4.00
*** WARNING **** residue 5DP  already exists (old one deleted)

      ***** LEVEL  1 WARNING FROM <RTFRDR> *****
      ***** Residue already exists.
      ******************************************
      BOMLEV (  0) IS NOT REACHED. WRNLEV IS  5

          PRES 5DP         -3.00
*** WARNING **** residue NAD  already exists (old one deleted)

      ***** LEVEL  1 WARNING FROM <RTFRDR> *****
      ***** Residue already exists.
      ******************************************
      BOMLEV (  0) IS NOT REACHED. WRNLEV IS  5

          RESI NAD         -1.00
*** WARNING **** residue NADH already exists (old one deleted)

      ***** LEVEL  1 WARNING FROM <RTFRDR> *****
      ***** Residue already exists.
      ******************************************
      BOMLEV (  0) IS NOT REACHED. WRNLEV IS  5

          RESI NADH        -2.00
*** WARNING **** residue NADP already exists (old one deleted)

      ***** LEVEL  1 WARNING FROM <RTFRDR> *****
      ***** Residue already exists.
      ******************************************
      BOMLEV (  0) IS NOT REACHED. WRNLEV IS  5

          RESI NADP        -2.00
*** WARNING **** residue NDPH already exists (old one deleted)

      ***** LEVEL  1 WARNING FROM <RTFRDR> *****
      ***** Residue already exists.
      ******************************************
      BOMLEV (  0) IS NOT REACHED. WRNLEV IS  5

          RESI NDPH        -3.00
 There were  12 warning(s) from RTFRDR.
  
 CHARMM>     
  
 CHARMM>    read para card flex append

          PARAMETER FILE BEING READ FROM UNIT 98
 RDTITL> * NAD, PPI PARAMETERS
 RDTITL> *
 PARMIO> NONBOND, HBOND lists and IMAGE atoms cleared.
  
 CHARMM>     
  
 CHARMM>     
  
 VCLOSE: Closing unit   98 with status "KEEP"

                    RETURNING TO INPUT STREAM    99
  
 CHARMM>    stream toppar/toppar_all36_na_rna_modified.str
 VOPEN> Attempting to open::toppar/toppar_all36_na_rna_modified.str::
 OPNLGU> Unit 98 opened for READONLY access to toppar/toppar_all36_na_rna_modified.str

                    INPUT STREAM SWITCHING TO UNIT    98
 RDTITL> * ADDITIVE CHARMM FORCE FIELD FOR MODIFIED RIBONUCLEIC ACIDS, INCLUDING
 RDTITL> * THOSE FOUNDS IN TRNA. YOU XU, KAROLINSKA INSTITUTET, 2015.
 RDTITL> * |
 RDTITL> * WARNING: PARAMETERS AND ATOM TYPE ASSIGNMENTS IN THIS FILE ARE SPECIFIC
 RDTITL> * FOR THESE COMPOUNDS AND SHOULD UNDER NO CIRCUMSTANCES BE APPLIED TO
 RDTITL> * OTHER ORGANIC MOLECULES
 RDTITL> *
 Parameter: IN1 <- "" <empty>
  
 CHARMM>     
  
 CHARMM>    ! Xu, Y., Vanommeslaeghe, K., Aleksandrov, A., MacKerell, A.D.,
 CHARMM>    ! Jr. Nilsson, L., “Additive CHARMM force field for naturally
 CHARMM>    ! occurring modified ribonucleotides,” Journal of Computational
 CHARMM>    !  Chemistry, DOI: 10.1002/jcc.24307, 2016
 CHARMM>     
  
 CHARMM>    ! Should be used with parent files CGenFF: top_all36_cgenff.inp and par_all36_cgenff.inp
 CHARMM>    !                                    NA36: top_all36_na.inp and par_all36_na.inp
 CHARMM>    !                              and Carb36: top_all36_carb.inp and par_all36_carb.inp
 CHARMM>    !
 CHARMM>     
  
 CHARMM>    read rtf card append
 MAINIO> Residue topology file being read from unit  98.
 RDTITL> * TOPOLOGIES OF MODIFIED NUCLEOTIDES
 RDTITL> *
*** WARNING **** residue BUG  already exists (old one deleted)

      ***** LEVEL  1 WARNING FROM <RTFRDR> *****
      ***** Residue already exists.
      ******************************************
      BOMLEV (  0) IS NOT REACHED. WRNLEV IS  5

          RESI BUG           -1.00
 There were   1 warning(s) from RTFRDR.
  
 CHARMM>     
  
 CHARMM>    read param card flex append

          PARAMETER FILE BEING READ FROM UNIT 98
 RDTITL> * ADDITIVE CHARMM PARAMETERS FOR MODIFIED NUCLEIC ACIDS, BETA VERSION
 RDTITL> * YOU XU, KAROLINSKA INSTITUTET, 2015.
 RDTITL> *
 PARMIO> NONBOND, HBOND lists and IMAGE atoms cleared.
  
 CHARMM>    RETURN
 VCLOSE: Closing unit   98 with status "KEEP"

                    RETURNING TO INPUT STREAM    99
  
 CHARMM>     
  
 CHARMM>    ! Additional topologies and parameters for lipids
 CHARMM>    stream toppar/toppar_all36_lipid_sphingo.str
 VOPEN> Attempting to open::toppar/toppar_all36_lipid_sphingo.str::
 OPNLGU> Unit 98 opened for READONLY access to toppar/toppar_all36_lipid_sphingo.str

                    INPUT STREAM SWITCHING TO UNIT    98
 RDTITL> * TOPPAR STREAM FOR CERAMIDES AND SPINGOMYELINS; REQUIRES FLEX FORMAT FILES
 RDTITL> * TOP_ALL36_LIPID.RTF AND PAR_ALL36_LIPID.PRM
 RDTITL> *
 Parameter: IN1 <- "" <empty>
  
 CHARMM>     
  
 CHARMM>    ! REFERENCES
 CHARMM>    !
 CHARMM>    ! PSM and SSM Lipids
 CHARMM>    !
 CHARMM>    ! Venable, R. M.; Sodt, A. J.; Rogaski, B.; Rui, H.; Hatcher, E.; MacKerell, A. D.;
 CHARMM>    ! Pastor, R. W.; Klauda, J. B., CHARMM All-Atom Additive Force Field for Sphingomyelin:
 CHARMM>    ! Elucidation of Hydrogen Bonding and of Positive Curvature. Biophys. J. 2014, 107 (1), 134-145
 CHARMM>    !
 CHARMM>    ! Ceramide
 CHARMM>    !
 CHARMM>    ! Submited by Sam Tonddast-Navaei of U. Cincinnati. Advised by Russell Devane
 CHARMM>    ! Tested by Eric Wang of U. Maryland. Advised by Jeffery Klauda
 CHARMM>    !
 CHARMM>    !
 CHARMM>    ! CerAP/Cer6, CerNP/Cer3, and CerEOS/Cer1
 CHARMM>    !
 CHARMM>    ! Wang, E.; Klauda, J. B., Structure and Permeability of Ceramide Bilayers and Multilayers.
 CHARMM>    ! J. Phys. Chem. B., 2019, 123, 11, 2525-2535
 CHARMM>    ! Wang, E.; Klauda, J. B., Molecular Structure of the Long Periodicity Phase in the Stratum Corneum.
 CHARMM>    ! J. Amer. Chem. Soc., 2019. 141, 42, 16930-16943
 CHARMM>     
  
 CHARMM>    set nat ?NATC
 RDCMND substituted energy or value "?NATC" to "587"
 Parameter: NAT <- "587"
  
 CHARMM>    set app
 Parameter: APP <- "" <empty>
  
 CHARMM>    !We're exploiting what is arguably a bug in the parser. On the left hand side,
 CHARMM>    !the quotes have proirity, so NAT is correctly substituted. On the right hand
 CHARMM>    !side, the ? has priority and NATC" (sic) is not a valid substitution...
 CHARMM>    if "@NAT" ne "?NATC" if @nat ne 0 set app append
 Parameter: NAT -> "587"
 Parameter: NAT -> "587"
 RDCMND: can not substitute energy "?NATC""
 Comparing ""587"" and ""?NATC"".
 IF test evaluated as true.  Performing command
 Comparing "587" and "0".
 IF test evaluated as true.  Performing command
 Parameter: APP <- "APPEND"
  
 CHARMM>     
  
 CHARMM>    read rtf card @app
 Parameter: APP -> "APPEND"
 MAINIO> Residue topology file being read from unit  98.
 RDTITL> * CER/SM RESIDUES
 RDTITL> *
  
 CHARMM>     
  
 CHARMM>    read para card flex @app
 Parameter: APP -> "APPEND"

          PARAMETER FILE BEING READ FROM UNIT 98
 RDTITL> * NEW PARAMETERS
 RDTITL> *
 PARRDR> Error: Repeated DIHE parameter ( 35897): NHL   C     CTO1  HAL1 is replaced
 PARRDR> Error: Repeated DIHE parameter ( 35918): O     C     CTO1  HAL1 is replaced
 PARMIO> NONBOND, HBOND lists and IMAGE atoms cleared.
  
 CHARMM>     
  
 CHARMM>    return
 VCLOSE: Closing unit   98 with status "KEEP"

                    RETURNING TO INPUT STREAM    99
  
 CHARMM>    stream toppar/toppar_all36_lipid_archaeal.str
 VOPEN> Attempting to open::toppar/toppar_all36_lipid_archaeal.str::
 OPNLGU> Unit 98 opened for READONLY access to toppar/toppar_all36_lipid_archaeal.str

                    INPUT STREAM SWITCHING TO UNIT    98
 RDTITL> * TOPPAR STREAM FILE FOR ARCHAEAL LIPIDS.
 RDTITL> *
 Parameter: IN1 <- "" <empty>
  
 CHARMM>     
  
 CHARMM>    ! This is an on-going file of archaeal lipids
 CHARMM>    ! I am adding meanquinone-7 now
 CHARMM>     
  
 CHARMM>    read rtf card append
 MAINIO> Residue topology file being read from unit  98.
 RDTITL> * ARCHAEAL LIPIDS
 RDTITL> *
  
 CHARMM>     
  
 CHARMM>    read param card flex append

          PARAMETER FILE BEING READ FROM UNIT 98
 RDTITL> * PARAMETERS GENERATED BY ANALOGY BY CGENFF
 RDTITL> *
 PARRDR> Error: Repeated ANGLE parameter (  2127): CG2D  CG2O  CG2R is replaced
 PARRDR> Error: Repeated ANGLE parameter (  3250): CG2R  CG2R  CG2R is replaced
 PARRDR> Error: Repeated DIHE parameter (  8556): CG2D  CG2O  CG2R  CG2R is replaced
 PARRDR> Error: Repeated DIHE parameter ( 13933): CG2R  CG2R  CG2R  CG2R is replaced
 PARRDR> Error: Repeated DIHE parameter ( 13843): OG30  CG2R  CG2R  OG31 is replaced
 PARRDR> Error: Repeated DIHE parameter ( 13842): OG30  CG2R  CG2R  OG30 is replaced
 PARRDR> Error: Repeated IMPH parameter (   325): CG2O  CG2D  CG2R  OG2D is replaced
 PARMIO> NONBOND, HBOND lists and IMAGE atoms cleared.
  
 CHARMM>     
  
 CHARMM>    RETURN
 VCLOSE: Closing unit   98 with status "KEEP"

                    RETURNING TO INPUT STREAM    99
  
 CHARMM>    stream toppar/toppar_all36_lipid_bacterial.str
 VOPEN> Attempting to open::toppar/toppar_all36_lipid_bacterial.str::
 OPNLGU> Unit 98 opened for READONLY access to toppar/toppar_all36_lipid_bacterial.str

                    INPUT STREAM SWITCHING TO UNIT    98
 RDTITL> * TOPPAR STREAM FILE FOR BRANCHED AND CYCLIC CHAINED LIPIDS.  FOLLOWING READING OF
 RDTITL> * TOP_ALL36_LIPID.RTF
 RDTITL> * AND
 RDTITL> * PAR_ALL36_LIPID.RTF
 RDTITL> *
 Parameter: IN1 <- "" <empty>
  
 CHARMM>     
  
 CHARMM>    ! REFERENCES
 CHARMM>    !
 CHARMM>    ! Branched Lipids
 CHARMM>    !
 CHARMM>    ! Lim, J.B. & Klauda, J.B. Branching at the Iso- and Anteiso- Positions in Complex Chlamydia
 CHARMM>    ! Membranes: A Molecular Dynamics Study. Biochimica et Biophysica Acta (BBA) - Biomembranes
 CHARMM>    ! 1808:323-331 (2011).
 CHARMM>    !
 CHARMM>    ! Cyclic-replacement of double bond
 CHARMM>    !
 CHARMM>    ! Pandit, K.R. & Klauda, J.B. Membrane models of E. coli containing cyclic moieties in
 CHARMM>    ! the aliphatic lipid chain. Biochimica et Biophysica Acta (BBA) - Biomembranes
 CHARMM>    ! 1818:1205-1210 (2012).
 CHARMM>    !
 CHARMM>     
  
 CHARMM>    set nat ?NATC
 RDCMND substituted energy or value "?NATC" to "592"
 Parameter: NAT <- "592"
  
 CHARMM>    set app
 Parameter: APP <- "" <empty>
  
 CHARMM>    !We're exploiting what is arguably a bug in the parser. On the left hand side,
 CHARMM>    !the quotes have proirity, so NAT is correctly substituted. On the right hand
 CHARMM>    !side, the ? has priority and NATC" (sic) is not a valid substitution...
 CHARMM>    if "@NAT" ne "?NATC" if @nat ne 0 set app append
 Parameter: NAT -> "592"
 Parameter: NAT -> "592"
 RDCMND: can not substitute energy "?NATC""
 Comparing ""592"" and ""?NATC"".
 IF test evaluated as true.  Performing command
 Comparing "592" and "0".
 IF test evaluated as true.  Performing command
 Parameter: APP <- "APPEND"
  
 CHARMM>     
  
 CHARMM>    read rtf card @app
 Parameter: APP -> "APPEND"
 MAINIO> Residue topology file being read from unit  98.
 RDTITL> * CHOLESTEROL RESIDUES
 RDTITL> *
  
 CHARMM>     
  
 CHARMM>    read para card flex @app
 Parameter: APP -> "APPEND"

          PARAMETER FILE BEING READ FROM UNIT 98
 RDTITL> * NEW PARAMETERS
 RDTITL> *
 PARMIO> NONBOND, HBOND lists and IMAGE atoms cleared.
  
 CHARMM>     
  
 CHARMM>    return
 VCLOSE: Closing unit   98 with status "KEEP"

                    RETURNING TO INPUT STREAM    99
  
 CHARMM>    stream toppar/toppar_all36_lipid_cardiolipin.str
 VOPEN> Attempting to open::toppar/toppar_all36_lipid_cardiolipin.str::
 OPNLGU> Unit 98 opened for READONLY access to toppar/toppar_all36_lipid_cardiolipin.str

                    INPUT STREAM SWITCHING TO UNIT    98
 RDTITL> READ RTF CARD APPEND FLEX
 RDTITL> No title read.
 Parameter: IN1 <- "" <empty>
  
 CHARMM>    read rtf card append flex
 MAINIO> Residue topology file being read from unit  98.
 RDTITL>  
 RDTITL> No title read.
 WARNING from DECODI -- Zero length string being converted to 0
 RTFRDR> WARNING: Version number is NOT specified.
  
 CHARMM>     
  
 CHARMM>    return
 VCLOSE: Closing unit   98 with status "KEEP"

                    RETURNING TO INPUT STREAM    99
  
 CHARMM>    stream toppar/toppar_all36_lipid_cholesterol.str
 VOPEN> Attempting to open::toppar/toppar_all36_lipid_cholesterol.str::
 OPNLGU> Unit 98 opened for READONLY access to toppar/toppar_all36_lipid_cholesterol.str

                    INPUT STREAM SWITCHING TO UNIT    98
 RDTITL> * TOPPAR STREAM FILE FOR CHOLESTEROL.  STREAM FOLLOWING READING OF
 RDTITL> * TOP_ALL36_LIPID.RTF
 RDTITL> * PAR_ALL36_LIPID.RTF
 RDTITL> * TOP_ALL36_CGENFF.RTF
 RDTITL> * AND PAR_ALL36_CGENFF.PRM
 RDTITL> *
 Parameter: IN1 <- "" <empty>
  
 CHARMM>     
  
 CHARMM>    !topology and parameters are included for two cholesterol models. the
 CHARMM>    !model may be selected by setting variable chol_model to 1 or 2, as
 CHARMM>    !specified below
 CHARMM>    !
 CHARMM>     
  
 CHARMM>    set chol_model 1 !2 for original Suits et al. model
 Parameter: CHOL_MODEL <- "1"
  
 CHARMM>     
  
 CHARMM>    !
 CHARMM>    !1) Revised model of Lim et al.  This contains a number of NBFIXes that
 CHARMM>    !makes it unsuitable for ANTON (set chol_model 1)
 CHARMM>    !
 CHARMM>    !2) Original model of Suits et al., which is used on ANTON as well as
 CHARMM>    !being suitable for other systems (set chol_model 2 (or anything but 1....))
 CHARMM>    !
 CHARMM>    !references
 CHARMM>    !
 CHARMM>    !Lim, J.B., Rogaski, B. and Klauda, J.B.. "Update of the Cholesterol Force Field
 CHARMM>    !Parameters in CHARMM" 116: 203-210 (2012).
 CHARMM>    !
 CHARMM>    !Suits, F., Pitman, M., MacKerell, A.D., Jr., Feller, S.E. "Molecular Level
 CHARMM>    !Organization of Saturated and Polyunsaturated Fatty Acids in a
 CHARMM>    !Phosphatidylcholine Bilayer Containing Cholesterol" Biochemistry,
 CHARMM>    !43(49):15318-28, 2004
 CHARMM>    !
 CHARMM>     
  
 CHARMM>    !test "append"
 CHARMM>    set nat ?NATC
 RDCMND substituted energy or value "?NATC" to "592"
 Parameter: NAT <- "592"
  
 CHARMM>    set app
 Parameter: APP <- "" <empty>
  
 CHARMM>    !We're exploiting what is arguably a bug in the parser. On the left hand side,
 CHARMM>    !the quotes have priority, so NAT is correctly substituted. On the right hand
 CHARMM>    !side, the ? has priority and NATC" (sic) is not a valid substitution...
 CHARMM>    if "@NAT" ne "?NATC" if @nat ne 0 set app append
 Parameter: NAT -> "592"
 Parameter: NAT -> "592"
 RDCMND: can not substitute energy "?NATC""
 Comparing ""592"" and ""?NATC"".
 IF test evaluated as true.  Performing command
 Comparing "592" and "0".
 IF test evaluated as true.  Performing command
 Parameter: APP <- "APPEND"
  
 CHARMM>     
  
 CHARMM>    if chol_model eq 1 then
 Comparing "1" and "1".
 IF test evaluated as true.  Performing command
  
 CHARMM>     
  
 CHARMM>    ! reference
 CHARMM>    ! Lim, J.B., Rogaski, B. and Klauda, J.B.. "Update of the Cholesterol Force Field
 CHARMM>    ! Parameters in CHARMM" 116: 203-210 (2012).
 CHARMM>    !
 CHARMM>     
  
 CHARMM>    read rtf card @app
 Parameter: APP -> "APPEND"
 MAINIO> Residue topology file being read from unit  98.
 RDTITL> * TOPOLOGY FOR CHOLESTEROL
 RDTITL> *
  
 CHARMM>     
  
 CHARMM>    read param card flex @app
 Parameter: APP -> "APPEND"

          PARAMETER FILE BEING READ FROM UNIT 98
 RDTITL> * CHOLESTEROL PARAMETERS
 RDTITL> *
 PARRDR> Error: Repeated BOND parameter (  1169): CG30  CG30 is replaced
 PARRDR> Error: Repeated BOND parameter (  1180): CG30  CG3C is replaced
 PARRDR> Error: Repeated ANGLE parameter (  3766): CG30  CG30  CG32 is replaced
 PARRDR> Error: Repeated ANGLE parameter (  3767): CG30  CG30  CG33 is replaced
 PARRDR> Error: Repeated ANGLE parameter (  4079): CG30  CG31  CG30 is replaced
 PARRDR> Error: Repeated ANGLE parameter (  5634): CG30  CG3C  CG3C is replaced
 PARRDR> Error: Repeated ANGLE parameter (  5637): CG30  CG3C  HGA1 is replaced
 PARRDR> Error: Repeated ANGLE parameter (  6204): CG33  CG3R  CG3C is replaced
 PARRDR> Error: Repeated ANGLE parameter (  3829): CG33  CG30  CG3C is replaced
 PARRDR> Error: Repeated DIHE parameter ( 18175): CG32  CG30  CG30  CG32 is replaced
 PARRDR> Error: Repeated DIHE parameter ( 18178): CG33  CG30  CG30  CG33 is replaced
 PARRDR> Error: Repeated DIHE parameter ( 18221): CG32  CG30  CG31  CG30 is replaced
 PARRDR> Error: Repeated DIHE parameter ( 18246): CG33  CG30  CG31  CG30 is replaced
 PARRDR> Error: Repeated DIHE parameter ( 18404): CG30  CG30  CG32  CG32 is replaced
 PARRDR> Error: Repeated DIHE parameter ( 18405): CG30  CG30  CG32  HGA2 is replaced
 PARRDR> Error: Repeated DIHE parameter ( 18659): CG30  CG30  CG33  HGA3 is replaced
 PARRDR> Error: Repeated DIHE parameter ( 18668): CG3C  CG30  CG33  HGA3 is replaced
 PARRDR> Error: Repeated DIHE parameter ( 18716): CG33  CG30  CG3C  CG3C is replaced
 PARRDR> Error: Repeated DIHE parameter ( 18717): CG33  CG30  CG3C  CG3C is replaced
 PARRDR> Error: Repeated DIHE parameter ( 18718): CG33  CG30  CG3C  CG3C is replaced
 PARRDR> Error: Repeated DIHE parameter ( 18716): CG33  CG30  CG3C  CG3C is replaced
 PARRDR> Error: Repeated DIHE parameter ( 18717): CG33  CG30  CG3C  CG3C is replaced
 PARRDR> Error: Repeated DIHE parameter ( 18718): CG33  CG30  CG3C  CG3C is replaced
 PARRDR> Error: Repeated DIHE parameter ( 18716): CG33  CG30  CG3C  CG3C is replaced
 PARRDR> Error: Repeated DIHE parameter ( 18717): CG33  CG30  CG3C  CG3C is replaced
 PARRDR> Error: Repeated DIHE parameter ( 18718): CG33  CG30  CG3C  CG3C is replaced
 PARRDR> Error: Repeated DIHE parameter ( 18721): CG33  CG30  CG3C  HGA1 is replaced
 PARRDR> Error: Repeated DIHE parameter ( 36241): OG31  CG30  CG3C  CG3C is replaced
 PARRDR> Error: Repeated DIHE parameter ( 36242): OG31  CG30  CG3C  CG3R is replaced
 PARRDR> Error: Repeated DIHE parameter ( 36243): OG31  CG30  CG3C  HGA1 is replaced
 PARRDR> Error: Repeated DIHE parameter ( 36241): OG31  CG30  CG3C  CG3C is replaced
 PARRDR> Error: Repeated DIHE parameter ( 36242): OG31  CG30  CG3C  CG3R is replaced
 PARRDR> Error: Repeated DIHE parameter ( 36243): OG31  CG30  CG3C  HGA1 is replaced
 PARRDR> Error: Repeated DIHE parameter ( 22611): CG30  CG32  CG32  CG3R is replaced
 PARRDR> Error: Repeated DIHE parameter ( 25714): HGA3  CG33  CG3R  CG3C is replaced
 PARRDR> Error: Repeated DIHE parameter ( 27940): CG30  CG3C  CG3C  CG3C is replaced
 PARRDR> Error: Repeated DIHE parameter ( 27941): CG30  CG3C  CG3C  HGA2 is replaced
 PARRDR> Error: Repeated DIHE parameter ( 29312): CG3C  CG3C  CG3R  CG33 is replaced
 PARRDR> Error: Repeated DIHE parameter ( 29450): HGA2  CG3C  CG3R  CG33 is replaced
 PARMIO> NONBOND, HBOND lists and IMAGE atoms cleared.
  
 CHARMM>     
  
 CHARMM>    return
 VCLOSE: Closing unit   98 with status "KEEP"

                    RETURNING TO INPUT STREAM    99
  
 CHARMM>    stream toppar/toppar_all36_lipid_dag.str
 VOPEN> Attempting to open::toppar/toppar_all36_lipid_dag.str::
 OPNLGU> Unit 98 opened for READONLY access to toppar/toppar_all36_lipid_dag.str

                    INPUT STREAM SWITCHING TO UNIT    98
 RDTITL> READ RTF CARD APPEND
 RDTITL> No title read.
 Parameter: IN1 <- "" <empty>
  
 CHARMM>    read rtf card append
 MAINIO> Residue topology file being read from unit  98.
 RDTITL> * TOPOLOGY FOR LIPIDA FROM DAG
 RDTITL> *
  
 VCLOSE: Closing unit   98 with status "KEEP"

                    RETURNING TO INPUT STREAM    99
  
 CHARMM>    stream toppar/toppar_all36_lipid_inositol.str
 VOPEN> Attempting to open::toppar/toppar_all36_lipid_inositol.str::
 OPNLGU> Unit 98 opened for READONLY access to toppar/toppar_all36_lipid_inositol.str

                    INPUT STREAM SWITCHING TO UNIT    98
 RDTITL> READ RTF CARD APPEND
 RDTITL> No title read.
 Parameter: IN1 <- "" <empty>
  
 CHARMM>    read rtf card append
 MAINIO> Residue topology file being read from unit  98.
 RDTITL> * TOPOLOGY FOR INOSITOL-BASED LIPIDS
 RDTITL> *
  
 CHARMM>     
  
 CHARMM>    RETURN
 VCLOSE: Closing unit   98 with status "KEEP"

                    RETURNING TO INPUT STREAM    99
  
 CHARMM>    stream toppar/toppar_all36_lipid_lnp.str
 VOPEN> Attempting to open::toppar/toppar_all36_lipid_lnp.str::
 OPNLGU> Unit 98 opened for READONLY access to toppar/toppar_all36_lipid_lnp.str

                    INPUT STREAM SWITCHING TO UNIT    98
 RDTITL> READ RTF CARD APPEND
 RDTITL> No title read.
 Parameter: IN1 <- "" <empty>
  
 CHARMM>    read rtf card append
 MAINIO> Residue topology file being read from unit  98.
 RDTITL> * LNP
 RDTITL> *

      ***** LEVEL  1 WARNING FROM <DECODF> *****
      ***** Zero length string
      ******************************************
      BOMLEV (  0) IS NOT REACHED. WRNLEV IS  5

 WARNING from DECODF -- Zero length string being converted to 0.
 **** WARNING from RTFRDR **** The total charge of the residue, DAGP,  -0.0100000,
 does not equal the expected charge,   0.0000000.

      ***** LEVEL  1 WARNING FROM <DECODF> *****
      ***** Zero length string
      ******************************************
      BOMLEV (  0) IS NOT REACHED. WRNLEV IS  5

 WARNING from DECODF -- Zero length string being converted to 0.
          PRES DPEPEG
 **** WARNING from RTFRDR **** The total charge of the residue, DPEP,  -0.0100000,
 does not equal the expected charge,   0.0000000.
 There were   2 warning(s) from RTFRDR.
  
 CHARMM>     
  
 CHARMM>    read param card flex append

          PARAMETER FILE BEING READ FROM UNIT 98
 RDTITL> * LNP
 RDTITL> *
 PARRDR> Error: Repeated BOND parameter (  1479): CG3C  OG3C is replaced
 PARRDR> Error: Repeated BOND parameter (  1346): CG32  CG3C is replaced
 PARRDR> Error: Repeated ANGLE parameter (  4188): CG32  CG31  OG30 is replaced
 PARRDR> Error: Repeated ANGLE parameter (  5033): CG3C  CG32  HGA2 is replaced
 PARRDR> Error: Repeated ANGLE parameter (  5665): CG32  CG3C  HGA1 is replaced
 PARRDR> Error: Repeated ANGLE parameter (  5663): CG32  CG3C  CG3C is replaced
 PARRDR> Error: Repeated ANGLE parameter (  5528): OG3C  CG3C  OG3C is replaced
 PARRDR> Error: Repeated ANGLE parameter (  7610): CG3C  OG3C  CG3C is replaced
 PARRDR> Error: Repeated ANGLE parameter (  7611): CG3C  OG3C  CG3C is replaced
 PARRDR> Error: Repeated ANGLE parameter (  4742): CG32  CG32  CG3C is replaced
 PARRDR> Error: Repeated DIHE parameter ( 20079): OG30  CG31  CG32  NG30 is replaced
 PARRDR> Error: Repeated DIHE parameter ( 20080): OG30  CG31  CG32  NG30 is replaced
 PARRDR> Error: Repeated DIHE parameter ( 19874): CG32  CG31  CG32  NG30 is replaced
 PARRDR> Error: Repeated DIHE parameter ( 19906): CG32  CG31  CG32  OG30 is replaced
 PARRDR> Error: Repeated DIHE parameter ( 19907): CG32  CG31  CG32  OG30 is replaced
 PARRDR> Error: Repeated DIHE parameter ( 20381): HGA2  CG32  CG31  OG30 is replaced
 PARRDR> Error: Repeated DIHE parameter ( 27974): CG32  CG3C  CG3C  HGA2 is replaced
 PARRDR> Error: Repeated DIHE parameter ( 25258): HGA2  CG32  CG3C  HGA1 is replaced
 PARRDR> Error: Repeated DIHE parameter ( 25256): HGA2  CG32  CG3C  CG3C is replaced
 PARRDR> Error: Repeated DIHE parameter ( 23336): CG32  CG32  CG3C  HGA1 is replaced
 PARRDR> Error: Repeated DIHE parameter ( 23335): CG32  CG32  CG3C  CG3C is replaced
 PARRDR> Error: Repeated DIHE parameter ( 22787): CG3C  CG32  CG32  HGA2 is replaced
 PARRDR> Error: Repeated DIHE parameter ( 27968): CG32  CG3C  CG3C  OG3C is replaced
 PARRDR> Error: Repeated DIHE parameter ( 27969): CG32  CG3C  CG3C  OG3C is replaced
 PARRDR> Error: Repeated DIHE parameter ( 28163): OG3C  CG3C  CG3C  OG3C is replaced
 PARRDR> Error: Repeated DIHE parameter ( 27635): OG3C  CG3C  OG3C  CG3C is replaced
 PARRDR> Error: Repeated DIHE parameter ( 27636): OG3C  CG3C  OG3C  CG3C is replaced
 PARRDR> Error: Repeated DIHE parameter ( 27637): OG3C  CG3C  OG3C  CG3C is replaced
 PARRDR> Error: Repeated DIHE parameter ( 27638): OG3C  CG3C  OG3C  CG3C is replaced
 PARRDR> Error: Repeated DIHE parameter ( 28943): HGA1  CG3C  OG3C  CG3C is replaced
 PARRDR> Error: Repeated DIHE parameter ( 28905): CG3C  CG3C  OG3C  CG3C is replaced
 PARRDR> Error: Repeated DIHE parameter ( 29810): HGA2  CG3C  OG3C  CG3C is replaced
 PARMIO> NONBOND, HBOND lists and IMAGE atoms cleared.
  
 CHARMM>     
  
 CHARMM>    RETURN
 VCLOSE: Closing unit   98 with status "KEEP"

                    RETURNING TO INPUT STREAM    99
  
 CHARMM>    stream toppar/toppar_all36_lipid_lps.str
 VOPEN> Attempting to open::toppar/toppar_all36_lipid_lps.str::
 OPNLGU> Unit 98 opened for READONLY access to toppar/toppar_all36_lipid_lps.str

                    INPUT STREAM SWITCHING TO UNIT    98
 RDTITL> READ RTF CARD APPEND
 RDTITL> No title read.
 Parameter: IN1 <- "" <empty>
  
 CHARMM>    read rtf card append
 MAINIO> Residue topology file being read from unit  98.
 RDTITL> * TOPOLOGY FOR LIPIDA FROM LPS
 RDTITL> *
 WARNING from DECODI -- Zero length string being converted to 0
 RTFRDR> WARNING: Version number is NOT specified.
  
 CHARMM>     
  
 CHARMM>     
  
 CHARMM>    read param card append flex

          PARAMETER FILE BEING READ FROM UNIT 98
 RDTITL> *    NEW PARAMETES
 RDTITL> *
 PARMIO> NONBOND, HBOND lists and IMAGE atoms cleared.
  
 CHARMM>     
  
 VCLOSE: Closing unit   98 with status "KEEP"

                    RETURNING TO INPUT STREAM    99
  
 CHARMM>    stream toppar/toppar_all36_lipid_mycobacterial.str
 VOPEN> Attempting to open::toppar/toppar_all36_lipid_mycobacterial.str::
 OPNLGU> Unit 98 opened for READONLY access to toppar/toppar_all36_lipid_mycobacterial.str

                    INPUT STREAM SWITCHING TO UNIT    98
 RDTITL> * TOPPAR STREAM FILE FOR BRANCHED AND CYCLIC CHAINED LIPIDS.  FOLLOWING READING OF
 RDTITL> * TOP_ALL36_LIPID.RTF, PAR_ALL36_LIPID.PRM
 RDTITL> * AND
 RDTITL> * TOPPAR_ALL36_LIPID_BACTERIAL.STR
 RDTITL> *
 Parameter: IN1 <- "" <empty>
  
 CHARMM>     
  
 CHARMM>    read rtf card append
 MAINIO> Residue topology file being read from unit  98.
 RDTITL> * CHOLESTEROL RESIDUES
 RDTITL> *
 **** WARNING from RTFRDR **** The total charge of the residue, AGPA,   0.0200000,
 does not equal the expected charge,  -0.0700000.
          RESI DALO               0.000
 **** WARNING from RTFRDR **** The total charge of the residue, PGL2,  -0.4600000,
 does not equal the expected charge,   0.0000000.
          PRES PGL3           0.00
*** WARNING **** residue PHEN already exists (old one deleted)

      ***** LEVEL  1 WARNING FROM <RTFRDR> *****
      ***** Residue already exists.
      ******************************************
      BOMLEV (  0) IS NOT REACHED. WRNLEV IS  5

          RESI PHEN          0.00
*** WARNING **** residue AGLC already exists (old one deleted)

      ***** LEVEL  1 WARNING FROM <RTFRDR> *****
      ***** Residue already exists.
      ******************************************
      BOMLEV (  0) IS NOT REACHED. WRNLEV IS  5

          RESI AGLC           0.000
 There were   4 warning(s) from RTFRDR.
  
 CHARMM>     
  
 CHARMM>    read para card flex @app
 Parameter: APP -> "APPEND"

          PARAMETER FILE BEING READ FROM UNIT 98
 RDTITL> * NEW PARAMETERS
 RDTITL> *
 PARRDR> Error: Repeated ANGLE parameter (  9221): CEL1  CEL1  CTL1 is replaced
 PARRDR> Error: Repeated DIHE parameter ( 36464): CTL2  CG2O  CTL1  CTL3 is replaced
 PARRDR> Error: Repeated DIHE parameter ( 36465): CTL2  CG2O  CTL1  CTL3 is replaced
 PARRDR> Error: Repeated DIHE parameter ( 36464): CTL2  CG2O  CTL1  CTL3 is replaced
 PARRDR> Error: Repeated DIHE parameter ( 36465): CTL2  CG2O  CTL1  CTL3 is replaced
 PARMIO> NONBOND, HBOND lists and IMAGE atoms cleared.
  
 CHARMM>     
  
 CHARMM>    RETURN
 VCLOSE: Closing unit   98 with status "KEEP"

                    RETURNING TO INPUT STREAM    99
  
 CHARMM>    stream toppar/toppar_all36_lipid_miscellaneous.str
 VOPEN> Attempting to open::toppar/toppar_all36_lipid_miscellaneous.str::
 OPNLGU> Unit 98 opened for READONLY access to toppar/toppar_all36_lipid_miscellaneous.str

                    INPUT STREAM SWITCHING TO UNIT    98
 RDTITL> READ RTF CARD APPEND FLEX
 RDTITL> No title read.
 Parameter: IN1 <- "" <empty>
  
 CHARMM>    read rtf card append flex
 MAINIO> Residue topology file being read from unit  98.
 RDTITL> * TOPOLOGY FOR MISCELLANEOUS LIPIDS
 RDTITL> *
  
 CHARMM>     
  
 CHARMM>    read param card flex append

          PARAMETER FILE BEING READ FROM UNIT 98
 RDTITL> * PARAMETER FOR ACYL PYROPHOSPHATE: ADDED 2019_7
 RDTITL> *
 PARMIO> NONBOND, HBOND lists and IMAGE atoms cleared.
  
 CHARMM>     
  
 CHARMM>    return
 VCLOSE: Closing unit   98 with status "KEEP"

                    RETURNING TO INPUT STREAM    99
  
 CHARMM>    stream toppar/toppar_all36_lipid_model.str
 VOPEN> Attempting to open::toppar/toppar_all36_lipid_model.str::
 OPNLGU> Unit 98 opened for READONLY access to toppar/toppar_all36_lipid_model.str

                    INPUT STREAM SWITCHING TO UNIT    98
 RDTITL> * CHARMM36 ALL-HYDROGEN LIPID FORCE FIELD TOPPAR STREAM FILE
 RDTITL> * COLLECTION OF RESIDUES AND PATCHES FOR MODEL COMPOUNDS USED
 RDTITL> * IN THE OPTIMIZATION THE LIPID FORCE FIELD.
 RDTITL> *
 Parameter: IN1 <- "" <empty>
  
 CHARMM>     
  
 CHARMM>    !Parent files that have to be read prior to streaming this file
 CHARMM>    !top_all36_lipid.rtf
 CHARMM>    !par_all36_lipid.prm
 CHARMM>     
  
 CHARMM>    !Testcase
 CHARMM>    !test_all36_lipid_model.inp
 CHARMM>     
  
 CHARMM>    read rtf card append
 MAINIO> Residue topology file being read from unit  98.
 RDTITL> * C36 LIPID MODEL COMPOUNDS
 RDTITL> *
*** WARNING **** residue MAS  already exists (old one deleted)

      ***** LEVEL  1 WARNING FROM <RTFRDR> *****
      ***** Residue already exists.
      ******************************************
      BOMLEV (  0) IS NOT REACHED. WRNLEV IS  5

          RESI MAS          0.00
*** WARNING **** residue ETAC already exists (old one deleted)

      ***** LEVEL  1 WARNING FROM <RTFRDR> *****
      ***** Residue already exists.
      ******************************************
      BOMLEV (  0) IS NOT REACHED. WRNLEV IS  5

          RESI ETAC         0.00
*** WARNING **** residue MPRO already exists (old one deleted)

      ***** LEVEL  1 WARNING FROM <RTFRDR> *****
      ***** Residue already exists.
      ******************************************
      BOMLEV (  0) IS NOT REACHED. WRNLEV IS  5

          RESI MPRO         0.00
*** WARNING **** residue MP_1 already exists (old one deleted)

      ***** LEVEL  1 WARNING FROM <RTFRDR> *****
      ***** Residue already exists.
      ******************************************
      BOMLEV (  0) IS NOT REACHED. WRNLEV IS  5

          RESI MP_1        -1.00
*** WARNING **** residue MP_2 already exists (old one deleted)

      ***** LEVEL  1 WARNING FROM <RTFRDR> *****
      ***** Residue already exists.
      ******************************************
      BOMLEV (  0) IS NOT REACHED. WRNLEV IS  5

          RESI MP_2        -2.00
*** WARNING **** residue MSO4 already exists (old one deleted)

      ***** LEVEL  1 WARNING FROM <RTFRDR> *****
      ***** Residue already exists.
      ******************************************
      BOMLEV (  0) IS NOT REACHED. WRNLEV IS  5

          RESI MSO4        -1.00
*** WARNING **** residue BUTA already exists (old one deleted)

      ***** LEVEL  1 WARNING FROM <RTFRDR> *****
      ***** Residue already exists.
      ******************************************
      BOMLEV (  0) IS NOT REACHED. WRNLEV IS  5

          RESI BUTA         0.00
*** WARNING **** residue PENT already exists (old one deleted)

      ***** LEVEL  1 WARNING FROM <RTFRDR> *****
      ***** Residue already exists.
      ******************************************
      BOMLEV (  0) IS NOT REACHED. WRNLEV IS  5

          RESI PENT         0.00
*** WARNING **** residue HEXA already exists (old one deleted)

      ***** LEVEL  1 WARNING FROM <RTFRDR> *****
      ***** Residue already exists.
      ******************************************
      BOMLEV (  0) IS NOT REACHED. WRNLEV IS  5

          RESI HEXA         0.00
*** WARNING **** residue ETHE already exists (old one deleted)

      ***** LEVEL  1 WARNING FROM <RTFRDR> *****
      ***** Residue already exists.
      ******************************************
      BOMLEV (  0) IS NOT REACHED. WRNLEV IS  5

          RESI ETHE       0.00
*** WARNING **** residue PRPE already exists (old one deleted)

      ***** LEVEL  1 WARNING FROM <RTFRDR> *****
      ***** Residue already exists.
      ******************************************
      BOMLEV (  0) IS NOT REACHED. WRNLEV IS  5

          RESI PRPE       0.00
*** WARNING **** residue BTE1 already exists (old one deleted)

      ***** LEVEL  1 WARNING FROM <RTFRDR> *****
      ***** Residue already exists.
      ******************************************
      BOMLEV (  0) IS NOT REACHED. WRNLEV IS  5

          RESI BTE1       0.00
*** WARNING **** residue BTE2 already exists (old one deleted)

      ***** LEVEL  1 WARNING FROM <RTFRDR> *****
      ***** Residue already exists.
      ******************************************
      BOMLEV (  0) IS NOT REACHED. WRNLEV IS  5

          RESI BTE2       0.00
*** WARNING **** residue DIPE already exists (old one deleted)

      ***** LEVEL  1 WARNING FROM <RTFRDR> *****
      ***** Residue already exists.
      ******************************************
      BOMLEV (  0) IS NOT REACHED. WRNLEV IS  5

          RESI DIPE       0.00
*** WARNING **** residue DIHE already exists (old one deleted)

      ***** LEVEL  1 WARNING FROM <RTFRDR> *****
      ***** Residue already exists.
      ******************************************
      BOMLEV (  0) IS NOT REACHED. WRNLEV IS  5

          RESI DIHE       0.00
*** WARNING **** residue NC4  already exists (old one deleted)

      ***** LEVEL  1 WARNING FROM <RTFRDR> *****
      ***** Residue already exists.
      ******************************************
      BOMLEV (  0) IS NOT REACHED. WRNLEV IS  5

          RESI NC4          1.00
*** WARNING **** residue NC5  already exists (old one deleted)

      ***** LEVEL  1 WARNING FROM <RTFRDR> *****
      ***** Residue already exists.
      ******************************************
      BOMLEV (  0) IS NOT REACHED. WRNLEV IS  5

          RESI NC5          1.00
*** WARNING **** residue CHOL already exists (old one deleted)

      ***** LEVEL  1 WARNING FROM <RTFRDR> *****
      ***** Residue already exists.
      ******************************************
      BOMLEV (  0) IS NOT REACHED. WRNLEV IS  5

          RESI CHOL         1.00
*** WARNING **** residue ACHO already exists (old one deleted)

      ***** LEVEL  1 WARNING FROM <RTFRDR> *****
      ***** Residue already exists.
      ******************************************
      BOMLEV (  0) IS NOT REACHED. WRNLEV IS  5

          RESI ACHO         1.00
*** WARNING **** residue PC   already exists (old one deleted)

      ***** LEVEL  1 WARNING FROM <RTFRDR> *****
      ***** Residue already exists.
      ******************************************
      BOMLEV (  0) IS NOT REACHED. WRNLEV IS  5

          RESI PC           0.00
*** WARNING **** residue GPC  already exists (old one deleted)

      ***** LEVEL  1 WARNING FROM <RTFRDR> *****
      ***** Residue already exists.
      ******************************************
      BOMLEV (  0) IS NOT REACHED. WRNLEV IS  5

          RESI GPC          0.00
*** WARNING **** residue TEA  already exists (old one deleted)

      ***** LEVEL  1 WARNING FROM <RTFRDR> *****
      ***** Residue already exists.
      ******************************************
      BOMLEV (  0) IS NOT REACHED. WRNLEV IS  5

          RESI TEA          1.00
*** WARNING **** residue ETAM already exists (old one deleted)

      ***** LEVEL  1 WARNING FROM <RTFRDR> *****
      ***** Residue already exists.
      ******************************************
      BOMLEV (  0) IS NOT REACHED. WRNLEV IS  5

          RESI ETAM       1.00
*** WARNING **** residue GLYC already exists (old one deleted)

      ***** LEVEL  1 WARNING FROM <RTFRDR> *****
      ***** Residue already exists.
      ******************************************
      BOMLEV (  0) IS NOT REACHED. WRNLEV IS  5

          RESI GLYC         0.00
*** WARNING **** residue MBUT already exists (old one deleted)

      ***** LEVEL  1 WARNING FROM <RTFRDR> *****
      ***** Residue already exists.
      ******************************************
      BOMLEV (  0) IS NOT REACHED. WRNLEV IS  5

          RESI MBUT         0.00
 There were  25 warning(s) from RTFRDR.
  
 CHARMM>     
  
 CHARMM>    return
 VCLOSE: Closing unit   98 with status "KEEP"

                    RETURNING TO INPUT STREAM    99
  
 CHARMM>    stream toppar/toppar_all36_lipid_prot.str
 VOPEN> Attempting to open::toppar/toppar_all36_lipid_prot.str::
 OPNLGU> Unit 98 opened for READONLY access to toppar/toppar_all36_lipid_prot.str

                    INPUT STREAM SWITCHING TO UNIT    98
 RDTITL> * TOPOLOGY AND PARAMETERS FOR LIPID TAIL LINKERS TO CYSTEINE AND GLYCINE,
 RDTITL> * FOR EXAMPLE, PALMITOYLATION, MARISTOYLATION, FERNASYLATION, GERANYLATION
 RDTITL> *
 Parameter: IN1 <- "" <empty>
  
 CHARMM>     
  
 CHARMM>    read rtf card append
 MAINIO> Residue topology file being read from unit  98.
 RDTITL> * LIPID-MODIFIED PROTEIN RESIDUES
 RDTITL> *
  
 CHARMM>     
  
 CHARMM>    read para card append flex

          PARAMETER FILE BEING READ FROM UNIT 98
 RDTITL> * CYSTEIN-PALMITATE PARAMETERS
 RDTITL> *
 PARMIO> NONBOND, HBOND lists and IMAGE atoms cleared.
  
 CHARMM>     
  
 CHARMM>    return
 VCLOSE: Closing unit   98 with status "KEEP"

                    RETURNING TO INPUT STREAM    99
  
 CHARMM>    stream toppar/toppar_all36_lipid_tag.str
 VOPEN> Attempting to open::toppar/toppar_all36_lipid_tag.str::
 OPNLGU> Unit 98 opened for READONLY access to toppar/toppar_all36_lipid_tag.str

                    INPUT STREAM SWITCHING TO UNIT    98
 RDTITL> READ RTF CARD APPEND
 RDTITL> No title read.
 Parameter: IN1 <- "" <empty>
  
 CHARMM>    read rtf card append
 MAINIO> Residue topology file being read from unit  98.
 RDTITL> * TOPOLOGY FOR TRIACYLGLYCEROLS [STEPHEN GEE FROM LEHIGH UNIVERSITY]
 RDTITL> *
  
 VCLOSE: Closing unit   98 with status "KEEP"

                    RETURNING TO INPUT STREAM    99
  
 CHARMM>    stream toppar/toppar_all36_lipid_yeast.str
 VOPEN> Attempting to open::toppar/toppar_all36_lipid_yeast.str::
 OPNLGU> Unit 98 opened for READONLY access to toppar/toppar_all36_lipid_yeast.str

                    INPUT STREAM SWITCHING TO UNIT    98
 RDTITL> * TOPPAR STREAM FILE FOR BRANCHED AND CYCLIC CHAINED LIPIDS.  FOLLOWING READING OF
 RDTITL> * TOP_ALL36_LIPID.RTF
 RDTITL> * AND
 RDTITL> * PAR_ALL36_LIPID.RTF
 RDTITL> *
 Parameter: IN1 <- "" <empty>
  
 CHARMM>     
  
 CHARMM>    set nat ?NATC
 RDCMND substituted energy or value "?NATC" to "592"
 Parameter: NAT <- "592"
  
 CHARMM>    set app
 Parameter: APP <- "" <empty>
  
 CHARMM>    !We're exploiting what is arguably a bug in the parser. On the left hand side,
 CHARMM>    !the quotes have proirity, so NAT is correctly substituted. On the right hand
 CHARMM>    !side, the ? has priority and NATC" (sic) is not a valid substitution...
 CHARMM>    if "@NAT" ne "?NATC" if @nat ne 0 set app append
 Parameter: NAT -> "592"
 Parameter: NAT -> "592"
 RDCMND: can not substitute energy "?NATC""
 Comparing ""592"" and ""?NATC"".
 IF test evaluated as true.  Performing command
 Comparing "592" and "0".
 IF test evaluated as true.  Performing command
 Parameter: APP <- "APPEND"
  
 CHARMM>     
  
 CHARMM>    read rtf card @app
 Parameter: APP -> "APPEND"
 MAINIO> Residue topology file being read from unit  98.
 RDTITL> * CHOLESTEROL RESIDUES
 RDTITL> *
  
 CHARMM>     
  
 CHARMM>    read para card flex @app
 Parameter: APP -> "APPEND"

          PARAMETER FILE BEING READ FROM UNIT 98
 RDTITL> * NEW PARAMETERS
 RDTITL> *
 PARMIO> NONBOND, HBOND lists and IMAGE atoms cleared.
  
 CHARMM>     
  
 CHARMM>    return
 VCLOSE: Closing unit   98 with status "KEEP"

                    RETURNING TO INPUT STREAM    99
  
 CHARMM>    stream toppar/toppar_all36_lipid_hmmm.str
 VOPEN> Attempting to open::toppar/toppar_all36_lipid_hmmm.str::
 OPNLGU> Unit 98 opened for READONLY access to toppar/toppar_all36_lipid_hmmm.str

                    INPUT STREAM SWITCHING TO UNIT    98
 RDTITL> READ RTF CARD APPEND FLEX
 RDTITL> No title read.
 Parameter: IN1 <- "" <empty>
  
 CHARMM>    read rtf card append flex
 MAINIO> Residue topology file being read from unit  98.
 RDTITL> * TOPOLOGY FOR TERMINAL PATCHES FOR HMMM TRUNCATED LIPIDS
 RDTITL> *

      ***** LEVEL  1 WARNING FROM <DECODF> *****
      ***** Zero length string
      ******************************************
      BOMLEV (  0) IS NOT REACHED. WRNLEV IS  5

 WARNING from DECODF -- Zero length string being converted to 0.

      ***** LEVEL  1 WARNING FROM <DECODF> *****
      ***** Zero length string
      ******************************************
      BOMLEV (  0) IS NOT REACHED. WRNLEV IS  5

 WARNING from DECODF -- Zero length string being converted to 0.

      ***** LEVEL  1 WARNING FROM <DECODF> *****
      ***** Zero length string
      ******************************************
      BOMLEV (  0) IS NOT REACHED. WRNLEV IS  5

 WARNING from DECODF -- Zero length string being converted to 0.

      ***** LEVEL  1 WARNING FROM <DECODF> *****
      ***** Zero length string
      ******************************************
      BOMLEV (  0) IS NOT REACHED. WRNLEV IS  5

 WARNING from DECODF -- Zero length string being converted to 0.

      ***** LEVEL  1 WARNING FROM <DECODF> *****
      ***** Zero length string
      ******************************************
      BOMLEV (  0) IS NOT REACHED. WRNLEV IS  5

 WARNING from DECODF -- Zero length string being converted to 0.

      ***** LEVEL  1 WARNING FROM <DECODF> *****
      ***** Zero length string
      ******************************************
      BOMLEV (  0) IS NOT REACHED. WRNLEV IS  5

 WARNING from DECODF -- Zero length string being converted to 0.

      ***** LEVEL  1 WARNING FROM <DECODF> *****
      ***** Zero length string
      ******************************************
      BOMLEV (  0) IS NOT REACHED. WRNLEV IS  5

 WARNING from DECODF -- Zero length string being converted to 0.

      ***** LEVEL  1 WARNING FROM <DECODF> *****
      ***** Zero length string
      ******************************************
      BOMLEV (  0) IS NOT REACHED. WRNLEV IS  5

 WARNING from DECODF -- Zero length string being converted to 0.
  
 CHARMM>     
  
 CHARMM>    read para card flex @app
 Parameter: APP -> "APPEND"

          PARAMETER FILE BEING READ FROM UNIT 98
 RDTITL> * NEW PARAMETERS
 RDTITL> *
 PARMIO> NONBOND, HBOND lists and IMAGE atoms cleared.
  
 CHARMM>     
  
 CHARMM>    return
 VCLOSE: Closing unit   98 with status "KEEP"

                    RETURNING TO INPUT STREAM    99
  
 CHARMM>    stream toppar/toppar_all36_lipid_detergent.str
 VOPEN> Attempting to open::toppar/toppar_all36_lipid_detergent.str::
 OPNLGU> Unit 98 opened for READONLY access to toppar/toppar_all36_lipid_detergent.str

                    INPUT STREAM SWITCHING TO UNIT    98
 RDTITL> * TOPPAR STREAM FILE FOR DETERGENTS AND FATTY ACIDS.
 RDTITL> * STREAM FOLLOWING READING OF
 RDTITL> * TOP_ALL36_LIPID.RTF
 RDTITL> * AND
 RDTITL> * PAR_ALL36_LIPID.RTF
 RDTITL> *
 Parameter: IN1 <- "" <empty>
  
 CHARMM>     
  
 CHARMM>    !Additional residues added by Im lab, Aug. 2017
 CHARMM>     
  
 CHARMM>    !Fatty acids added Jan. 2016
 CHARMM>     
  
 CHARMM>    read rtf card append
 MAINIO> Residue topology file being read from unit  98.
 RDTITL> * DETERGENT AND FATTY ACID RESIDUES
 RDTITL> *
  
 CHARMM>     
  
 CHARMM>    read para card append flex

          PARAMETER FILE BEING READ FROM UNIT 98
 RDTITL> * SB3-12 AND SB3-14 PARAMETERS
 RDTITL> *
 PARMIO> NONBOND, HBOND lists and IMAGE atoms cleared.
  
 CHARMM>     
  
 CHARMM>    return
 VCLOSE: Closing unit   98 with status "KEEP"

                    RETURNING TO INPUT STREAM    99
  
 CHARMM>    stream toppar/toppar_all36_lipid_ether.str
 VOPEN> Attempting to open::toppar/toppar_all36_lipid_ether.str::
 OPNLGU> Unit 98 opened for READONLY access to toppar/toppar_all36_lipid_ether.str

                    INPUT STREAM SWITCHING TO UNIT    98
 RDTITL> * CHARMM36 ALL-HYDROGEN ETHER LIPID FORCE FIELD INCLUDING PLASMALOGENS ALISON
 RDTITL> * N. LEONARD (A. L.), 7/18 WITH RICHARD PASTOR AND JEFFERY KLAUDA, JPCB 122(26)
 RDTITL> * PP. 6744 - 6754.  ANA WEST, 1/20 WITH VALERIA ZONI, WALTER TEAGUE JR., ALISON
 RDTITL> * LEONARD, STEFANO VANNI, KLAUS GAWRISCH, STEPHANIE TRISTAM-NAGLE, JONATHAN
 RDTITL> * SACHS, AND JEFFERY KLAUDA, JPCB 124(5) PP. 828 - 839.
 RDTITL> *
 Parameter: IN1 <- "" <empty>
  
 CHARMM>     
  
 CHARMM>    !Parent files that have to be read prior to streaming this file
 CHARMM>    !top_all36_lipid.rtf
 CHARMM>    !par_all36_lipid.prm
 CHARMM>    !top_all36_cgenff.rtf
 CHARMM>    !par_all36_cgenff.prm
 CHARMM>     
  
 CHARMM>    read rtf card append
 MAINIO> Residue topology file being read from unit  98.
 RDTITL> * C36 ETHER MODEL COMPOUNDS
 RDTITL> *

      ***** LEVEL  1 WARNING FROM <DECODF> *****
      ***** Zero length string
      ******************************************
      BOMLEV (  0) IS NOT REACHED. WRNLEV IS  5

 WARNING from DECODF -- Zero length string being converted to 0.

      ***** LEVEL  1 WARNING FROM <DECODF> *****
      ***** Zero length string
      ******************************************
      BOMLEV (  0) IS NOT REACHED. WRNLEV IS  5

 WARNING from DECODF -- Zero length string being converted to 0.

      ***** LEVEL  1 WARNING FROM <DECODF> *****
      ***** Zero length string
      ******************************************
      BOMLEV (  0) IS NOT REACHED. WRNLEV IS  5

 WARNING from DECODF -- Zero length string being converted to 0.
  
 CHARMM>     
  
 CHARMM>    read para card flex append

          PARAMETER FILE BEING READ FROM UNIT 98
 RDTITL> * PARAMETERS
 RDTITL> *
 PARRDR> Error: Repeated ANGLE parameter (  7501): CG32  OG30  CG31 is replaced
 PARRDR> Error: Repeated ANGLE parameter (  1342): CG31  CG2D  CG33 is replaced
 PARMIO> NONBOND, HBOND lists and IMAGE atoms cleared.
  
 CHARMM>     
  
 CHARMM>    return
 VCLOSE: Closing unit   98 with status "KEEP"

                    RETURNING TO INPUT STREAM    99
  
 CHARMM>    stream toppar/toppar_all36_lipid_oxidized.str
 VOPEN> Attempting to open::toppar/toppar_all36_lipid_oxidized.str::
 OPNLGU> Unit 98 opened for READONLY access to toppar/toppar_all36_lipid_oxidized.str

                    INPUT STREAM SWITCHING TO UNIT    98
 RDTITL> READ RTF CARD APPEND
 RDTITL> No title read.
 Parameter: IN1 <- "" <empty>
  
 CHARMM>    read rtf card append
 MAINIO> Residue topology file being read from unit  98.
 RDTITL> * TOPOLOGY FOR OXIDIZED PHOSPHOLIPID
 RDTITL> *

      ***** LEVEL  1 WARNING FROM <rtfrdr> *****
      ***** No AUTOgen defaults specified in appended RTF. Potential conflict with prior RTF autogen options. Check.
      ******************************************
      BOMLEV (  0) IS NOT REACHED. WRNLEV IS  5

  
 CHARMM>     
  
 CHARMM>    read param card flex append

          PARAMETER FILE BEING READ FROM UNIT 98
 RDTITL> * ADDITIONAL PARAMETERS FOR OXIDIZED PHOSPHOLIPIDS
 RDTITL> *
 PARRDR> Error: Repeated DIHE parameter (  5771): CG2D  CG2D  CG2D  CG31 is replaced
 PARRDR> Error: Repeated DIHE parameter (  5772): CG2D  CG2D  CG2D  CG31 is replaced
 PARRDR> Error: Repeated DIHE parameter (  5771): CG2D  CG2D  CG2D  CG31 is replaced
 PARRDR> Error: Repeated DIHE parameter (  5772): CG2D  CG2D  CG2D  CG31 is replaced
 PARRDR> Error: Repeated DIHE parameter (  6202): CG2D  CG2D  CG31  CG32 is replaced
 PARRDR> Error: Repeated DIHE parameter (  6203): CG2D  CG2D  CG31  CG32 is replaced
 PARRDR> Error: Repeated DIHE parameter (  6202): CG2D  CG2D  CG31  CG32 is replaced
 PARRDR> Error: Repeated DIHE parameter (  6203): CG2D  CG2D  CG31  CG32 is replaced
 PARRDR> Error: Repeated DIHE parameter (  6221): CG2D  CG2D  CG31  HGA1 is replaced
 PARRDR> Error: Repeated DIHE parameter ( 19677): CG2D  CG31  CG32  CG32 is replaced
 PARRDR> Error: Repeated DIHE parameter ( 19678): CG2D  CG31  CG32  CG32 is replaced
 PARRDR> Error: Repeated DIHE parameter ( 19679): CG2D  CG31  CG32  CG32 is replaced
 PARRDR> Error: Repeated DIHE parameter ( 19677): CG2D  CG31  CG32  CG32 is replaced
 PARRDR> Error: Repeated DIHE parameter ( 19678): CG2D  CG31  CG32  CG32 is replaced
 PARRDR> Error: Repeated DIHE parameter ( 19679): CG2D  CG31  CG32  CG32 is replaced
 PARRDR> Error: Repeated DIHE parameter ( 19677): CG2D  CG31  CG32  CG32 is replaced
 PARRDR> Error: Repeated DIHE parameter ( 19678): CG2D  CG31  CG32  CG32 is replaced
 PARRDR> Error: Repeated DIHE parameter ( 19679): CG2D  CG31  CG32  CG32 is replaced
 PARRDR> Error: Repeated DIHE parameter ( 19682): CG2D  CG31  CG32  HGA2 is replaced
 PARRDR> Error: Repeated DIHE parameter (  5835): CG31  CG2D  CG2D  HGA4 is replaced
 PARRDR> Error: Repeated DIHE parameter (  6247): HGA4  CG2D  CG31  CG32 is replaced
 PARRDR> Error: Repeated DIHE parameter (  6248): HGA4  CG2D  CG31  CG32 is replaced
 PARRDR> Error: Repeated DIHE parameter (  6262): HGA4  CG2D  CG31  HGA1 is replaced
 PARMIO> NONBOND, HBOND lists and IMAGE atoms cleared.
  
 CHARMM>     
  
 CHARMM>    RETURN
 VCLOSE: Closing unit   98 with status "KEEP"

                    RETURNING TO INPUT STREAM    99
  
 CHARMM>     
  
 CHARMM>    ! Additional topologies and parameters for carbohydrates
 CHARMM>    stream toppar/toppar_all36_carb_glycolipid.str
 VOPEN> Attempting to open::toppar/toppar_all36_carb_glycolipid.str::
 OPNLGU> Unit 98 opened for READONLY access to toppar/toppar_all36_carb_glycolipid.str

                    INPUT STREAM SWITCHING TO UNIT    98
 RDTITL> READ RTF CARD APPEND
 RDTITL> No title read.
 Parameter: IN1 <- "" <empty>
  
 CHARMM>    read rtf card append
 MAINIO> Residue topology file being read from unit  98.
 RDTITL> * TOPOLOGY FOR GLYCOLIPIDS
 RDTITL> *
  
 CHARMM>     
  
 CHARMM>    read param card flex append

          PARAMETER FILE BEING READ FROM UNIT 98
 RDTITL> * PIP RELATED PARAMETERS
 RDTITL> *
 PARRDR> Error: Repeated BOND parameter (  1099): CG2R  NG3N is replaced
 PARRDR> Error: Repeated ANGLE parameter (  3757): CG2R  CG30  CG32 is replaced
 PARRDR> Error: Repeated ANGLE parameter (  4665): CG30  CG32  CG30 is replaced
 PARRDR> Error: Repeated ANGLE parameter (  3430): NG2R  CG2R  NG3N is replaced
 PARRDR> Error: Repeated ANGLE parameter (  7348): CG2R  NG3N  NG3N is replaced
 PARRDR> Error: Repeated ANGLE parameter (  7349): CG2R  NG3N  HGP1 is replaced
 PARRDR> Error: Repeated DIHE parameter ( 22427): CG2D  CG32  CG32  CG31 is replaced
 PARRDR> Error: Repeated DIHE parameter ( 22428): CG2D  CG32  CG32  CG31 is replaced
 PARRDR> Error: Repeated DIHE parameter ( 22429): CG2D  CG32  CG32  CG31 is replaced
 PARRDR> Error: Repeated DIHE parameter ( 22427): CG2D  CG32  CG32  CG31 is replaced
 PARRDR> Error: Repeated DIHE parameter ( 22428): CG2D  CG32  CG32  CG31 is replaced
 PARRDR> Error: Repeated DIHE parameter ( 22429): CG2D  CG32  CG32  CG31 is replaced
 PARRDR> Error: Repeated DIHE parameter ( 22427): CG2D  CG32  CG32  CG31 is replaced
 PARRDR> Error: Repeated DIHE parameter ( 22428): CG2D  CG32  CG32  CG31 is replaced
 PARRDR> Error: Repeated DIHE parameter ( 22429): CG2D  CG32  CG32  CG31 is replaced
 PARRDR> Error: Repeated DIHE parameter ( 18419): CG2R  CG30  CG32  HGA2 is replaced
 PARRDR> Error: Repeated DIHE parameter ( 18411): CG2R  CG30  CG32  CG30 is replaced
 PARRDR> Error: Repeated DIHE parameter ( 18412): CG2R  CG30  CG32  CG30 is replaced
 PARRDR> Error: Repeated DIHE parameter ( 14412): CG2R  CG2R  CG30  CG32 is replaced
 PARRDR> Error: Repeated DIHE parameter ( 36542): CG2R  CG2R  CG2R  OC30 is replaced
 PARRDR> Error: Repeated DIHE parameter ( 18471): CG33  CG30  CG32  CG30 is replaced
 PARRDR> Error: Repeated DIHE parameter ( 17027): NG2R  CG2R  NG3N  NG3N is replaced
 PARRDR> Error: Repeated DIHE parameter ( 17028): NG2R  CG2R  NG3N  NG3N is replaced
 PARRDR> Error: Repeated DIHE parameter ( 17029): NG2R  CG2R  NG3N  NG3N is replaced
 PARRDR> Error: Repeated DIHE parameter ( 17027): NG2R  CG2R  NG3N  NG3N is replaced
 PARRDR> Error: Repeated DIHE parameter ( 17028): NG2R  CG2R  NG3N  NG3N is replaced
 PARRDR> Error: Repeated DIHE parameter ( 17029): NG2R  CG2R  NG3N  NG3N is replaced
 PARRDR> Error: Repeated DIHE parameter ( 17030): NG2R  CG2R  NG3N  HGP1 is replaced
 PARRDR> Error: Repeated DIHE parameter ( 31669): CG2R  NG3N  NG3N  HGP1 is replaced
 PARRDR> Error: Repeated DIHE parameter ( 24062): CG32  CG32  NG30  CG2R is replaced
 PARRDR> Error: Repeated DIHE parameter ( 24063): CG32  CG32  NG30  CG2R is replaced
 PARRDR> Error: Repeated DIHE parameter ( 24062): CG32  CG32  NG30  CG2R is replaced
 PARRDR> Error: Repeated DIHE parameter ( 24063): CG32  CG32  NG30  CG2R is replaced
 PARRDR> Error: Repeated DIHE parameter ( 22848): NG31  CG32  CG32  NG31 is replaced
 PARRDR> Error: Repeated DIHE parameter ( 22849): NG31  CG32  CG32  NG31 is replaced
 PARMIO> NONBOND, HBOND lists and IMAGE atoms cleared.
  
 CHARMM>     
  
 CHARMM>    RETURN
 VCLOSE: Closing unit   98 with status "KEEP"

                    RETURNING TO INPUT STREAM    99
  
 CHARMM>    stream toppar/toppar_all36_carb_glycopeptide.str
 VOPEN> Attempting to open::toppar/toppar_all36_carb_glycopeptide.str::
 OPNLGU> Unit 98 opened for READONLY access to toppar/toppar_all36_carb_glycopeptide.str

                    INPUT STREAM SWITCHING TO UNIT    98
 RDTITL> READ RTF CARD APPEND
 RDTITL> No title read.
 Parameter: IN1 <- "" <empty>
  
 CHARMM>    read rtf card append
 MAINIO> Residue topology file being read from unit  98.
 RDTITL> * TOPOLOGY FOR GLYCOPEPTIDE LINKAGES
 RDTITL> *
  
 CHARMM>     
  
 CHARMM>    read param card flex append

          PARAMETER FILE BEING READ FROM UNIT 98
 RDTITL> *    NEW PARAMETES
 RDTITL> *
 PARMIO> NONBOND, HBOND lists and IMAGE atoms cleared.
  
 CHARMM>     
  
 CHARMM>     
  
 CHARMM>    RETURN
 VCLOSE: Closing unit   98 with status "KEEP"

                    RETURNING TO INPUT STREAM    99
  
 CHARMM>    stream toppar/toppar_all36_carb_imlab.str
 VOPEN> Attempting to open::toppar/toppar_all36_carb_imlab.str::
 OPNLGU> Unit 98 opened for READONLY access to toppar/toppar_all36_carb_imlab.str

                    INPUT STREAM SWITCHING TO UNIT    98
 RDTITL> READ RTF CARD APPEND
 RDTITL> No title read.
 Parameter: IN1 <- "" <empty>
  
 CHARMM>    read rtf card append
 MAINIO> Residue topology file being read from unit  98.
 RDTITL> * GLYCAN CHEMICAL MODIFICATION PATCHES
 RDTITL> *

      ***** LEVEL  1 WARNING FROM <rtfrdr> *****
      ***** No AUTOgen defaults specified in appended RTF. Potential conflict with prior RTF autogen options. Check.
      ******************************************
      BOMLEV (  0) IS NOT REACHED. WRNLEV IS  5

  
 CHARMM>     
  
 CHARMM>    read param card flex append

          PARAMETER FILE BEING READ FROM UNIT 98
 RDTITL> * GLYCAN CHEMICAL MODIFICATION PATCHES
 RDTITL> *
 PARRDR> Error: Repeated DIHE parameter ( 13781): NG2S  CG2R  CG2R  NG2O is replaced
 PARMIO> NONBOND, HBOND lists and IMAGE atoms cleared.
  
 CHARMM>     
  
 CHARMM>    RETURN
 VCLOSE: Closing unit   98 with status "KEEP"

                    RETURNING TO INPUT STREAM    99
  
 CHARMM>     
  
 CHARMM>    ! Additional topologies and parameters for spin/fluorophore labels
 CHARMM>    stream toppar/toppar_all36_label_spin.str
 VOPEN> Attempting to open::toppar/toppar_all36_label_spin.str::
 OPNLGU> Unit 98 opened for READONLY access to toppar/toppar_all36_label_spin.str

                    INPUT STREAM SWITCHING TO UNIT    98
 RDTITL> *>>>>> TOPOLOGY FOR NITROXYDE SPIN LABELS <<<<<<<
 RDTITL> * SHAHIDUL M. ISLAM, UNIVERSITY OF CHICAGO
 RDTITL> *
 Parameter: IN1 <- "" <empty>
  
 CHARMM>     
  
 CHARMM>    ! please reference the following:
 CHARMM>    !Sezer, D., Freed J. H., and Roux, B. “Parametrization, Molecular Dynamics Simulation, and Calculation of Electron Spin
 CHARMM>    !Resonance Spectra of a Nitroxide Spin Label on a Polyalanine alpha-Helix” J. Phys. Chem. B 2008, 112, 5755-5767
 CHARMM>     
  
 CHARMM>    !Islam, S. M., and Roux, B. “Parameterization and molecular dynamics simulations of a
 CHARMM>    !conformationally constrained double linked spin label constrained by EPR/DEER data”
 CHARMM>    !(planed submission to J journal)
 CHARMM>     
  
 CHARMM>    !test "append" to determine if previous toppar files have been read and
 CHARMM>    !add append to "read rtf card" if true
 CHARMM>    set nat ?NATC
 RDCMND substituted energy or value "?NATC" to "592"
 Parameter: NAT <- "592"
  
 CHARMM>    set app
 Parameter: APP <- "" <empty>
  
 CHARMM>    !We're exploiting what is arguably a bug in the parser. On the left hand side,
 CHARMM>    !the quotes have proirity, so NAT is correctly substituted. On the right hand
 CHARMM>    !side, the ? has priority and NATC" (sic) is not a valid substitution...
 CHARMM>    if "@NAT" ne "?NATC" if @nat ne 0 set app append
 Parameter: NAT -> "592"
 Parameter: NAT -> "592"
 RDCMND: can not substitute energy "?NATC""
 Comparing ""592"" and ""?NATC"".
 IF test evaluated as true.  Performing command
 Comparing "592" and "0".
 IF test evaluated as true.  Performing command
 Parameter: APP <- "APPEND"
  
 CHARMM>     
  
 CHARMM>     
  
 CHARMM>    read rtf card @app
 Parameter: APP -> "APPEND"
 MAINIO> Residue topology file being read from unit  98.
 RDTITL> * TOPOLOGY FOR SPIN LABEL
 RDTITL> *
  
 CHARMM>     
  
 CHARMM>     
  
 CHARMM>    read para card flex @app
 Parameter: APP -> "APPEND"

          PARAMETER FILE BEING READ FROM UNIT 98
 RDTITL> * PARAMETERS FOR SPIN LABEL
 RDTITL> *
 PARRDR> Error: Repeated BOND parameter (  1467): CG3C  NG2R is replaced
 PARRDR> Error: Repeated BOND parameter (  1659): NG2S  NG2S is replaced
 PARRDR> Error: Repeated ANGLE parameter (  5457): CG33  CG3C  NG2R is replaced
 PARRDR> Error: Repeated ANGLE parameter (  5928): CG3R  CG3C  SG31 is replaced
 PARRDR> Error: Repeated ANGLE parameter (  6245): CG3C  CG3R  NG2R is replaced
 PARRDR> Error: Repeated ANGLE parameter (  7030): CG2O  NG2S  NG2S is replaced
 PARRDR> Error: Repeated ANGLE parameter (  7063): NG2S  NG2S  HGP1 is replaced
 PARRDR> Error: Repeated ANGLE parameter (  7808): CG3C  SG31  CG3C is replaced
 PARRDR> Error: Repeated DIHE parameter (  7841): OG2D  CG2O  NG2S  NG2S is replaced
 PARRDR> Error: Repeated DIHE parameter (  9612): CG2O  CG2R  CG2R  HGR5 is replaced
 PARRDR> Error: Repeated DIHE parameter ( 25682): HGA3  CG33  CG3C  NG2R is replaced
 PARRDR> Error: Repeated DIHE parameter ( 28997): HGA1  CG3C  SG31  CG3C is replaced
 PARRDR> Error: Repeated DIHE parameter ( 29450): SG31  CG3C  CG3R  CG3R is replaced
 PARRDR> Error: Repeated DIHE parameter ( 29451): SG31  CG3C  CG3R  CG3R is replaced
 PARRDR> Error: Repeated DIHE parameter ( 29453): SG31  CG3C  CG3R  HGA1 is replaced
 PARRDR> Error: Repeated DIHE parameter ( 29477): HGA2  CG3C  CG3R  NG2R is replaced
 PARRDR> Error: Repeated DIHE parameter ( 29867): HGA2  CG3C  SG31  CG3C is replaced
 PARRDR> Error: Repeated DIHE parameter ( 30630): CG3C  CG3R  NG2R  CG2R is replaced
 PARRDR> Error: Repeated DIHE parameter ( 30631): CG3C  CG3R  NG2R  CG2R is replaced
 PARRDR> Error: Repeated DIHE parameter ( 31420): CG2O  NG2S  NG2S  HGP1 is replaced
 PARRDR> Error: Repeated DIHE parameter ( 31422): HGP1  NG2S  NG2S  HGP1 is replaced
 PARRDR> Error: Repeated DIHE parameter ( 31423): HGP1  NG2S  NG2S  HGP1 is replaced
 PARRDR> Error: Repeated DIHE parameter ( 31424): HGP1  NG2S  NG2S  HGP1 is replaced
 PARMIO> NONBOND, HBOND lists and IMAGE atoms cleared.
  
 CHARMM>     
  
 CHARMM>    return
 VCLOSE: Closing unit   98 with status "KEEP"

                    RETURNING TO INPUT STREAM    99
  
 CHARMM>    stream toppar/toppar_all36_label_fluorophore.str
 VOPEN> Attempting to open::toppar/toppar_all36_label_fluorophore.str::
 OPNLGU> Unit 98 opened for READONLY access to toppar/toppar_all36_label_fluorophore.str

                    INPUT STREAM SWITCHING TO UNIT    98
 RDTITL> READ RTF CARD APPEND
 RDTITL> No title read.
 Parameter: IN1 <- "" <empty>
  
 CHARMM>    read rtf card append
 MAINIO> Residue topology file being read from unit  98.
 RDTITL> * TOPOLOGY FILES
 RDTITL> *
  
 CHARMM>     
  
 CHARMM>    read param card flex append

          PARAMETER FILE BEING READ FROM UNIT 98
 RDTITL> * MINI FORCE FIELD PARAMETER FILE.
 RDTITL> *
 PARRDR> Error: Repeated BOND parameter (   462): CG25  NG3C is replaced
 PARRDR> Error: Repeated BOND parameter (   872): CG2R  CG3C is replaced
 PARRDR> Error: Repeated ANGLE parameter (  5367): CG2R  CG3C  CG33 is replaced
 PARRDR> Error: Repeated DIHE parameter ( 25685): HGA3  CG33  CG3C  CG2R is replaced
 PARMIO> NONBOND, HBOND lists and IMAGE atoms cleared.
  
 CHARMM>     
  
 VCLOSE: Closing unit   98 with status "KEEP"

                    RETURNING TO INPUT STREAM    99
  
 CHARMM>     
  
 CHARMM>     
  
 CHARMM>     
  
 VCLOSE: Closing unit   99 with status "KEEP"

                    RETURNING TO INPUT STREAM     5
  
 CHARMM>     
  
 CHARMM>    ! Read PSF and Coordinates
 CHARMM>    open read unit 10 card name step1_pdbreader.psf
 OPNLGU> Unit already open. The old file will be closed first.
 VCLOSE: Closing unit   10 with status "KEEP"
 VOPEN> Attempting to open::step1_pdbreader.psf::
 OPNLGU> Unit 10 opened for READONLY access to step1_pdbreader.psf
  
 CHARMM>    read psf  unit 10 card
 MAINIO> Protein structure file being read from unit  10.
 psf_read_formatted: Reading PSF in the expanded format.
 TITLE>  * GENERATED BY CHARMM-GUI (HTTP://WWW.CHARMM-GUI.ORG) V3.7 ON AUG, 28. 2026. JOB
 TITLE>  * READ PDB, MANIPULATE STRUCTURE IF NEEDED, AND GENERATE TOPOLOGY FILE
 TITLE>  *  DATE:     8/28/26     23: 3:25      CREATED BY USER: charmm-gui
 TITLE>  *
 PSFSUM> PSF modified: NONBOND lists and IMAGE atoms cleared.
 PSFSUM> Summary of the structure file counters :
         Number of segments      =        6   Number of residues   =        6
         Number of atoms         =      136   Number of groups     =       31
         Number of bonds         =      132   Number of angles     =      246
         Number of dihedrals     =      342   Number of impropers  =        9
         Number of cross-terms   =        0   Number of autogens   =        0
         Number of HB acceptors  =       12   Number of HB donors  =       30
         Number of NB exclusions =        0   Total charge =    4.00000
  
 CHARMM>     
  
 CHARMM>    open read unit 10 card name step1_pdbreader.crd
 OPNLGU> Unit already open. The old file will be closed first.
 VCLOSE: Closing unit   10 with status "KEEP"
 VOPEN> Attempting to open::step1_pdbreader.crd::
 OPNLGU> Unit 10 opened for READONLY access to step1_pdbreader.crd
  
 CHARMM>    read coor unit 10 card
          SPATIAL COORDINATES BEING READ FROM UNIT 10
 TITLE> * GENERATED BY CHARMM-GUI (HTTP://WWW.CHARMM-GUI.ORG) V3.7 ON AUG, 28. 2026. JOB
 TITLE> * READ PDB, MANIPULATE STRUCTURE IF NEEDED, AND GENERATE TOPOLOGY FILE
 TITLE> *  DATE:     8/28/26     23: 3:25      CREATED BY USER: CHARMM-GUI
 TITLE> *
  
 CHARMM>     
  
 CHARMM>    ! Orient protein along Z axis using its first principal axis.
 CHARMM>    ! This option is suggested for a small helical bundle or homo-oligomer.
 CHARMM>    coor stat
 STATISTICS FOR       136 SELECTED ATOMS:
    XMIN =   -0.347159 XMAX =   22.260156 XAVE =   10.668370
    YMIN =   -3.238496 YMAX =    2.462726 YAVE =   -0.413741
    ZMIN =   -4.356185 ZMAX =    6.011695 ZAVE =    0.720468
    WMIN =    0.000000 WMAX =    0.000000 WAVE =    0.000000
  
 CHARMM>    coor orient

 ORIENT THE COORDINATES TO ALIGN WITH AXIS

 MOMENTS
    932.69756077   -257.96679492   -535.29175982
                    269.07340164     63.51663320
                                   5414.57675989

 Transpose of the rotation matrix
     0.992862    0.017942   -0.117912
    -0.117003    0.338312   -0.933732
     0.023138    0.940863    0.337996
 CENTER OF ATOMS BEFORE TRANSLATION    10.66837    -0.41374     0.72047
 AXIS OF ROTATION IS -0.994622  0.074838  0.071599  ANGLE IS   70.45

 ALL COORDINATES ORIENTED IN THE MAIN SET BASED ON SELECTED ATOMS.

  
 CHARMM>    coor stat
 STATISTICS FOR       136 SELECTED ATOMS:
    XMIN =  -10.933890 XMAX =   11.629570 XAVE =   -0.000000
    YMIN =   -6.613152 YMAX =    5.155720 YAVE =    0.000000
    ZMIN =   -2.809983 ZMAX =    2.599512 ZAVE =   -0.000000
    WMIN =    0.000000 WMAX =    0.000000 WAVE =    0.000000
  
 CHARMM>    coor rotate ydir 1.0 phi 90.0
 ROTATION MATRIX
    0.000000    0.000000   -1.000000
    0.000000    1.000000    0.000000
    1.000000    0.000000    0.000000

 AXIS OF ROTATION IS  0.000000  1.000000  0.000000  ANGLE IS   90.00

 SELECTED COORDINATES ROTATED IN THE MAIN SET.

  
 CHARMM>    coor stat
 STATISTICS FOR       136 SELECTED ATOMS:
    XMIN =   -2.599512 XMAX =    2.809983 XAVE =    0.000000
    YMIN =   -6.613152 YMAX =    5.155720 YAVE =    0.000000
    ZMIN =  -10.933890 ZMAX =   11.629570 ZAVE =   -0.000000
    WMIN =    0.000000 WMAX =    0.000000 WAVE =    0.000000
  
 CHARMM>     
  
 CHARMM>    stream step2_area.str
 VOPEN> Attempting to open::step2_area.str::
 OPNLGU> Unit 99 opened for READONLY access to step2_area.str

                    INPUT STREAM SWITCHING TO UNIT    99
 RDTITL> * GENERATED BY CHARMM-GUI (HTTP://WWW.CHARMM-GUI.ORG) V3.7 ON AUG, 28. 2026. JOBID=8797249059
 RDTITL> * STREAM FILE TO ESTIMATE CROSS SECTIONAL AREA OF A PROTEIN
 RDTITL> *
 Parameter: IN1 <- "" <empty>
  
 CHARMM>     
  
 CHARMM>    open write card  unit 51 name step2_area.plo
 VOPEN> Attempting to open::step2_area.plo::
 OPNLGU> Unit 51 opened for WRITE access to step2_area.plo
  
 CHARMM>    write title unit 51
 RDTITL> * #CROSS SECTIONS ALONG Z AXIS
 RDTITL> *
  
 CHARMM>     
  
 CHARMM>    calc dcel   = 0.2
Evaluating: 0.2
 Parameter: DCEL <- "0.2"
  
 CHARMM>    calc factor = 1.0 / @dcel
 Parameter: DCEL -> "0.2"
Evaluating: 1.0/0.2
 Parameter: FACTOR <- "5"
  
 CHARMM>     
  
 CHARMM>     
  
 CHARMM>    coor stat sele all end
 SELRPN>    136 atoms have been selected out of    136
 STATISTICS FOR       136 SELECTED ATOMS:
    XMIN =   -2.599512 XMAX =    2.809983 XAVE =    0.000000
    YMIN =   -6.613152 YMAX =    5.155720 YAVE =    0.000000
    ZMIN =  -10.933890 ZMAX =   11.629570 ZAVE =   -0.000000
    WMIN =    0.000000 WMAX =    0.000000 WAVE =    0.000000
  
 CHARMM>    calc x1 = ?xmin - 5
 RDCMND substituted energy or value "?XMIN" to "-2.59951228"
Evaluating: -2.59951228-5
 Parameter: X1 <- "-7.59951228"
  
 CHARMM>    calc x2 = ?xmax + 5
 RDCMND substituted energy or value "?XMAX" to "2.80998274"
Evaluating: 2.80998274+5
 Parameter: X2 <- "7.80998274"
  
 CHARMM>    calc y1 = ?ymin - 5
 RDCMND substituted energy or value "?YMIN" to "-6.61315182"
Evaluating: -6.61315182-5
 Parameter: Y1 <- "-11.6131518"
  
 CHARMM>    calc y2 = ?ymax + 5
 RDCMND substituted energy or value "?YMAX" to "5.15572004"
Evaluating: 5.15572004+5
 Parameter: Y2 <- "10.15572"
  
 CHARMM>    calc xncel = int( ( @x2 - @x1 ) / @dcel )
 Parameter: X2 -> "7.80998274"
 Parameter: X1 -> "-7.59951228"
 Parameter: DCEL -> "0.2"
Evaluating: INT((7.80998274--7.59951228)/0.2)
 Parameter: XNCEL <- "77"
  
 CHARMM>    calc yncel = int( ( @y2 - @y1 ) / @dcel )
 Parameter: Y2 -> "10.15572"
 Parameter: Y1 -> "-11.6131518"
 Parameter: DCEL -> "0.2"
Evaluating: INT((10.15572--11.6131518)/0.2)
 Parameter: YNCEL <- "108"
  
 CHARMM>     
  
 CHARMM>    calc a = int( ?zmin )
 RDCMND substituted energy or value "?ZMIN" to "-10.9338898"
Evaluating: INT(-10.9338898)
 Parameter: A <- "-10"
  
 CHARMM>    calc b = @a + @dcel
 Parameter: A -> "-10"
 Parameter: DCEL -> "0.2"
Evaluating: -10+0.2
 Parameter: B <- "-9.8"
  
 CHARMM>     
  
 CHARMM>    calc toparea = -1.0
Evaluating: -1.0
 Parameter: TOPAREA <- "-1"
  
 CHARMM>    calc botarea = -1.0
Evaluating: -1.0
 Parameter: BOTAREA <- "-1"
  
 CHARMM>     
  
 CHARMM>    label DOAREA
  
 CHARMM>     
  
 CHARMM>    ! Cross sectional protein area with whole atom.
 CHARMM>    scalar wmain = radius
  
 CHARMM>    scalar wmain mult 2.5   sele resname TIP3 end
 SELRPN>      0 atoms have been selected out of    136
  
 CHARMM>    scalar wmain add  1.529 sele .not. resname TIP3 end
 SELRPN>    136 atoms have been selected out of    136
  
 CHARMM>    scalar wmain mult 0.85  sele .not. resname TIP3 end
 SELRPN>    136 atoms have been selected out of    136
  
 CHARMM>    calc zab = ( @a + @b ) / 2.0
 Parameter: A -> "-10"
 Parameter: B -> "-9.8"
Evaluating: (-10+-9.8)/2.0
 Parameter: ZAB <- "-9.9"
  
 CHARMM>     
  
 CHARMM>    coor search -
 CHARMM>         xmin @x1  xmax @x2  xgrip @xncel -
 CHARMM>         ymin @y1  ymax @y2  ygrip @yncel -
 CHARMM>         zmin @a   zmax @b   zgrip 5
 Parameter: X1 -> "-7.59951228"
 Parameter: X2 -> "7.80998274"
 Parameter: XNCEL -> "77"
 Parameter: Y1 -> "-11.6131518"
 Parameter: Y2 -> "10.15572"
 Parameter: YNCEL -> "108"
 Parameter: A -> "-10"
 Parameter: B -> "-9.8"

 A TOTAL OF    32343   VACUUM POINTS WERE FOUND
 A TOTAL OF     9237 OCCUPIED POINTS WERE FOUND
 A TOTAL OF        0 EXTERNAL POINTS WERE FOUND
 A TOTAL OF    32343 SELECTED POINTS WERE FOUND
 TOTAL OCCUPIED  VOLUME =      14.903929
 TOTAL SELECTED  VOLUME =      52.185535
 TOTAL FREE      VOLUME =      52.185535
 FRACTIONAL FREE VOLUME =      77.784993
  
 CHARMM>     
  
 CHARMM>    calc c = ?volume * @factor
 Parameter: FACTOR -> "5"
 RDCMND substituted energy or value "?VOLUME" to "14.9039293"
Evaluating: 14.9039293*5
 Parameter: C <- "74.5196465"
  
 CHARMM>     
  
 CHARMM>    if a .lt. -10 if a .gt. -20 if c .gt. @botarea set botarea = @c
 Parameter: BOTAREA -> "-1"
 Parameter: C -> "74.5196465"
 Comparing "-10" and "-10".
 IF test evaluated as false.  Skipping command
  
 CHARMM>    if a .gt.  10 if a .lt.  20 if c .gt. @toparea set toparea = @c
 Parameter: TOPAREA -> "-1"
 Parameter: C -> "74.5196465"
 Comparing "-10" and "10".
 IF test evaluated as false.  Skipping command
  
 CHARMM>     
  
 CHARMM>    write title unit 51
 RDTITL> * -9.8  74.5196465
 RDTITL> *
  
 CHARMM>     
  
 CHARMM>    incr a by @dcel
 Parameter: DCEL -> "0.2"
 Parameter: A <- "-9.8"
  
 CHARMM>    incr b by @dcel
 Parameter: DCEL -> "0.2"
 Parameter: B <- "-9.6"
  
 CHARMM>    if b le ?ZMAX goto DOAREA
 RDCMND substituted energy or value "?ZMAX" to "11.6295697"
 Comparing "-9.6" and "11.6295697".
 IF test evaluated as true.  Performing command
  
 CHARMM>     
  
 CHARMM>    ! Cross sectional protein area with whole atom.
 CHARMM>    scalar wmain = radius
  
 CHARMM>    scalar wmain mult 2.5   sele resname TIP3 end
 SELRPN>      0 atoms have been selected out of    136
  
 CHARMM>    scalar wmain add  1.529 sele .not. resname TIP3 end
 SELRPN>    136 atoms have been selected out of    136
  
 CHARMM>    scalar wmain mult 0.85  sele .not. resname TIP3 end
 SELRPN>    136 atoms have been selected out of    136
  
 CHARMM>    calc zab = ( @a + @b ) / 2.0
 Parameter: A -> "-9.8"
 Parameter: B -> "-9.6"
Evaluating: (-9.8+-9.6)/2.0
 Parameter: ZAB <- "-9.7"
  
 CHARMM>     
  
 CHARMM>    coor search -
 CHARMM>         xmin @x1  xmax @x2  xgrip @xncel -
 CHARMM>         ymin @y1  ymax @y2  ygrip @yncel -
 CHARMM>         zmin @a   zmax @b   zgrip 5
 Parameter: X1 -> "-7.59951228"
 Parameter: X2 -> "7.80998274"
 Parameter: XNCEL -> "77"
 Parameter: Y1 -> "-11.6131518"
 Parameter: Y2 -> "10.15572"
 Parameter: YNCEL -> "108"
 Parameter: A -> "-9.8"
 Parameter: B -> "-9.6"

 A TOTAL OF    32169   VACUUM POINTS WERE FOUND
 A TOTAL OF     9411 OCCUPIED POINTS WERE FOUND
 A TOTAL OF        0 EXTERNAL POINTS WERE FOUND
 A TOTAL OF    32169 SELECTED POINTS WERE FOUND
 TOTAL OCCUPIED  VOLUME =      15.184679
 TOTAL SELECTED  VOLUME =      51.904785
 TOTAL FREE      VOLUME =      51.904785
 FRACTIONAL FREE VOLUME =      77.366522
  
 CHARMM>     
  
 CHARMM>    calc c = ?volume * @factor
 Parameter: FACTOR -> "5"
 RDCMND substituted energy or value "?VOLUME" to "15.1846789"
Evaluating: 15.1846789*5
 Parameter: C <- "75.9233945"
  
 CHARMM>     
  
 CHARMM>    if a .lt. -10 if a .gt. -20 if c .gt. @botarea set botarea = @c
 Parameter: BOTAREA -> "-1"
 Parameter: C -> "75.9233945"
 Comparing "-9.8" and "-10".
 IF test evaluated as false.  Skipping command
  
 CHARMM>    if a .gt.  10 if a .lt.  20 if c .gt. @toparea set toparea = @c
 Parameter: TOPAREA -> "-1"
 Parameter: C -> "75.9233945"
 Comparing "-9.8" and "10".
 IF test evaluated as false.  Skipping command
  
 CHARMM>     
  
 CHARMM>    write title unit 51
 RDTITL> * -9.6  75.9233945
 RDTITL> *
  
 CHARMM>     
  
 CHARMM>    incr a by @dcel
 Parameter: DCEL -> "0.2"
 Parameter: A <- "-9.6"
  
 CHARMM>    incr b by @dcel
 Parameter: DCEL -> "0.2"
 Parameter: B <- "-9.4"
  
 CHARMM>    if b le ?ZMAX goto DOAREA
 RDCMND substituted energy or value "?ZMAX" to "11.6295697"
 Comparing "-9.4" and "11.6295697".
 IF test evaluated as true.  Performing command
  
 CHARMM>     
  
 CHARMM>    ! Cross sectional protein area with whole atom.
 CHARMM>    scalar wmain = radius
  
 CHARMM>    scalar wmain mult 2.5   sele resname TIP3 end
 SELRPN>      0 atoms have been selected out of    136
  
 CHARMM>    scalar wmain add  1.529 sele .not. resname TIP3 end
 SELRPN>    136 atoms have been selected out of    136
  
 CHARMM>    scalar wmain mult 0.85  sele .not. resname TIP3 end
 SELRPN>    136 atoms have been selected out of    136
  
 CHARMM>    calc zab = ( @a + @b ) / 2.0
 Parameter: A -> "-9.6"
 Parameter: B -> "-9.4"
Evaluating: (-9.6+-9.4)/2.0
 Parameter: ZAB <- "-9.5"
  
 CHARMM>     
  
 CHARMM>    coor search -
 CHARMM>         xmin @x1  xmax @x2  xgrip @xncel -
 CHARMM>         ymin @y1  ymax @y2  ygrip @yncel -
 CHARMM>         zmin @a   zmax @b   zgrip 5
 Parameter: X1 -> "-7.59951228"
 Parameter: X2 -> "7.80998274"
 Parameter: XNCEL -> "77"
 Parameter: Y1 -> "-11.6131518"
 Parameter: Y2 -> "10.15572"
 Parameter: YNCEL -> "108"
 Parameter: A -> "-9.6"
 Parameter: B -> "-9.4"

 A TOTAL OF    31988   VACUUM POINTS WERE FOUND
 A TOTAL OF     9592 OCCUPIED POINTS WERE FOUND
 A TOTAL OF        0 EXTERNAL POINTS WERE FOUND
 A TOTAL OF    31988 SELECTED POINTS WERE FOUND
 TOTAL OCCUPIED  VOLUME =      15.476723
 TOTAL SELECTED  VOLUME =      51.612741
 TOTAL FREE      VOLUME =      51.612741
 FRACTIONAL FREE VOLUME =      76.931217
  
 CHARMM>     
  
 CHARMM>    calc c = ?volume * @factor
 Parameter: FACTOR -> "5"
 RDCMND substituted energy or value "?VOLUME" to "15.476723"
Evaluating: 15.476723*5
 Parameter: C <- "77.383615"
  
 CHARMM>     
  
 CHARMM>    if a .lt. -10 if a .gt. -20 if c .gt. @botarea set botarea = @c
 Parameter: BOTAREA -> "-1"
 Parameter: C -> "77.383615"
 Comparing "-9.6" and "-10".
 IF test evaluated as false.  Skipping command
  
 CHARMM>    if a .gt.  10 if a .lt.  20 if c .gt. @toparea set toparea = @c
 Parameter: TOPAREA -> "-1"
 Parameter: C -> "77.383615"
 Comparing "-9.6" and "10".
 IF test evaluated as false.  Skipping command
  
 CHARMM>     
  
 CHARMM>    write title unit 51
 RDTITL> * -9.4  77.383615
 RDTITL> *
  
 CHARMM>     
  
 CHARMM>    incr a by @dcel
 Parameter: DCEL -> "0.2"
 Parameter: A <- "-9.4"
  
 CHARMM>    incr b by @dcel
 Parameter: DCEL -> "0.2"
 Parameter: B <- "-9.2"
  
 CHARMM>    if b le ?ZMAX goto DOAREA
 RDCMND substituted energy or value "?ZMAX" to "11.6295697"
 Comparing "-9.2" and "11.6295697".
 IF test evaluated as true.  Performing command
  
 CHARMM>     
  
 CHARMM>    ! Cross sectional protein area with whole atom.
 CHARMM>    scalar wmain = radius
  
 CHARMM>    scalar wmain mult 2.5   sele resname TIP3 end
 SELRPN>      0 atoms have been selected out of    136
  
 CHARMM>    scalar wmain add  1.529 sele .not. resname TIP3 end
 SELRPN>    136 atoms have been selected out of    136
  
 CHARMM>    scalar wmain mult 0.85  sele .not. resname TIP3 end
 SELRPN>    136 atoms have been selected out of    136
  
 CHARMM>    calc zab = ( @a + @b ) / 2.0
 Parameter: A -> "-9.4"
 Parameter: B -> "-9.2"
Evaluating: (-9.4+-9.2)/2.0
 Parameter: ZAB <- "-9.3"
  
 CHARMM>     
  
 CHARMM>    coor search -
 CHARMM>         xmin @x1  xmax @x2  xgrip @xncel -
 CHARMM>         ymin @y1  ymax @y2  ygrip @yncel -
 CHARMM>         zmin @a   zmax @b   zgrip 5
 Parameter: X1 -> "-7.59951228"
 Parameter: X2 -> "7.80998274"
 Parameter: XNCEL -> "77"
 Parameter: Y1 -> "-11.6131518"
 Parameter: Y2 -> "10.15572"
 Parameter: YNCEL -> "108"
 Parameter: A -> "-9.4"
 Parameter: B -> "-9.2"

 A TOTAL OF    31833   VACUUM POINTS WERE FOUND
 A TOTAL OF     9747 OCCUPIED POINTS WERE FOUND
 A TOTAL OF        0 EXTERNAL POINTS WERE FOUND
 A TOTAL OF    31833 SELECTED POINTS WERE FOUND
 TOTAL OCCUPIED  VOLUME =      15.726816
 TOTAL SELECTED  VOLUME =      51.362648
 TOTAL FREE      VOLUME =      51.362648
 FRACTIONAL FREE VOLUME =      76.558442
  
 CHARMM>     
  
 CHARMM>    calc c = ?volume * @factor
 Parameter: FACTOR -> "5"
 RDCMND substituted energy or value "?VOLUME" to "15.726816"
Evaluating: 15.726816*5
 Parameter: C <- "78.63408"
  
 CHARMM>     
  
 CHARMM>    if a .lt. -10 if a .gt. -20 if c .gt. @botarea set botarea = @c
 Parameter: BOTAREA -> "-1"
 Parameter: C -> "78.63408"
 Comparing "-9.4" and "-10".
 IF test evaluated as false.  Skipping command
  
 CHARMM>    if a .gt.  10 if a .lt.  20 if c .gt. @toparea set toparea = @c
 Parameter: TOPAREA -> "-1"
 Parameter: C -> "78.63408"
 Comparing "-9.4" and "10".
 IF test evaluated as false.  Skipping command
  
 CHARMM>     
  
 CHARMM>    write title unit 51
 RDTITL> * -9.2  78.63408
 RDTITL> *
  
 CHARMM>     
  
 CHARMM>    incr a by @dcel
 Parameter: DCEL -> "0.2"
 Parameter: A <- "-9.2"
  
 CHARMM>    incr b by @dcel
 Parameter: DCEL -> "0.2"
 Parameter: B <- "-9"
  
 CHARMM>    if b le ?ZMAX goto DOAREA
 RDCMND substituted energy or value "?ZMAX" to "11.6295697"
 Comparing "-9" and "11.6295697".
 IF test evaluated as true.  Performing command
  
 CHARMM>     
  
 CHARMM>    ! Cross sectional protein area with whole atom.
 CHARMM>    scalar wmain = radius
  
 CHARMM>    scalar wmain mult 2.5   sele resname TIP3 end
 SELRPN>      0 atoms have been selected out of    136
  
 CHARMM>    scalar wmain add  1.529 sele .not. resname TIP3 end
 SELRPN>    136 atoms have been selected out of    136
  
 CHARMM>    scalar wmain mult 0.85  sele .not. resname TIP3 end
 SELRPN>    136 atoms have been selected out of    136
  
 CHARMM>    calc zab = ( @a + @b ) / 2.0
 Parameter: A -> "-9.2"
 Parameter: B -> "-9"
Evaluating: (-9.2+-9)/2.0
 Parameter: ZAB <- "-9.1"
  
 CHARMM>     
  
 CHARMM>    coor search -
 CHARMM>         xmin @x1  xmax @x2  xgrip @xncel -
 CHARMM>         ymin @y1  ymax @y2  ygrip @yncel -
 CHARMM>         zmin @a   zmax @b   zgrip 5
 Parameter: X1 -> "-7.59951228"
 Parameter: X2 -> "7.80998274"
 Parameter: XNCEL -> "77"
 Parameter: Y1 -> "-11.6131518"
 Parameter: Y2 -> "10.15572"
 Parameter: YNCEL -> "108"
 Parameter: A -> "-9.2"
 Parameter: B -> "-9"

 A TOTAL OF    31710   VACUUM POINTS WERE FOUND
 A TOTAL OF     9870 OCCUPIED POINTS WERE FOUND
 A TOTAL OF        0 EXTERNAL POINTS WERE FOUND
 A TOTAL OF    31710 SELECTED POINTS WERE FOUND
 TOTAL OCCUPIED  VOLUME =      15.925277
 TOTAL SELECTED  VOLUME =      51.164187
 TOTAL FREE      VOLUME =      51.164187
 FRACTIONAL FREE VOLUME =      76.262626
  
 CHARMM>     
  
 CHARMM>    calc c = ?volume * @factor
 Parameter: FACTOR -> "5"
 RDCMND substituted energy or value "?VOLUME" to "15.9252769"
Evaluating: 15.9252769*5
 Parameter: C <- "79.6263845"
  
 CHARMM>     
  
 CHARMM>    if a .lt. -10 if a .gt. -20 if c .gt. @botarea set botarea = @c
 Parameter: BOTAREA -> "-1"
 Parameter: C -> "79.6263845"
 Comparing "-9.2" and "-10".
 IF test evaluated as false.  Skipping command
  
 CHARMM>    if a .gt.  10 if a .lt.  20 if c .gt. @toparea set toparea = @c
 Parameter: TOPAREA -> "-1"
 Parameter: C -> "79.6263845"
 Comparing "-9.2" and "10".
 IF test evaluated as false.  Skipping command
  
 CHARMM>     
  
 CHARMM>    write title unit 51
 RDTITL> * -9  79.6263845
 RDTITL> *
  
 CHARMM>     
  
 CHARMM>    incr a by @dcel
 Parameter: DCEL -> "0.2"
 Parameter: A <- "-9"
  
 CHARMM>    incr b by @dcel
 Parameter: DCEL -> "0.2"
 Parameter: B <- "-8.8"
  
 CHARMM>    if b le ?ZMAX goto DOAREA
 RDCMND substituted energy or value "?ZMAX" to "11.6295697"
 Comparing "-8.8" and "11.6295697".
 IF test evaluated as true.  Performing command
  
 CHARMM>     
  
 CHARMM>    ! Cross sectional protein area with whole atom.
 CHARMM>    scalar wmain = radius
  
 CHARMM>    scalar wmain mult 2.5   sele resname TIP3 end
 SELRPN>      0 atoms have been selected out of    136
  
 CHARMM>    scalar wmain add  1.529 sele .not. resname TIP3 end
 SELRPN>    136 atoms have been selected out of    136
  
 CHARMM>    scalar wmain mult 0.85  sele .not. resname TIP3 end
 SELRPN>    136 atoms have been selected out of    136
  
 CHARMM>    calc zab = ( @a + @b ) / 2.0
 Parameter: A -> "-9"
 Parameter: B -> "-8.8"
Evaluating: (-9+-8.8)/2.0
 Parameter: ZAB <- "-8.9"
  
 CHARMM>     
  
 CHARMM>    coor search -
 CHARMM>         xmin @x1  xmax @x2  xgrip @xncel -
 CHARMM>         ymin @y1  ymax @y2  ygrip @yncel -
 CHARMM>         zmin @a   zmax @b   zgrip 5
 Parameter: X1 -> "-7.59951228"
 Parameter: X2 -> "7.80998274"
 Parameter: XNCEL -> "77"
 Parameter: Y1 -> "-11.6131518"
 Parameter: Y2 -> "10.15572"
 Parameter: YNCEL -> "108"
 Parameter: A -> "-9"
 Parameter: B -> "-8.8"

 A TOTAL OF    31668   VACUUM POINTS WERE FOUND
 A TOTAL OF     9912 OCCUPIED POINTS WERE FOUND
 A TOTAL OF        0 EXTERNAL POINTS WERE FOUND
 A TOTAL OF    31668 SELECTED POINTS WERE FOUND
 TOTAL OCCUPIED  VOLUME =      15.993044
 TOTAL SELECTED  VOLUME =      51.096420
 TOTAL FREE      VOLUME =      51.096420
 FRACTIONAL FREE VOLUME =      76.161616
  
 CHARMM>     
  
 CHARMM>    calc c = ?volume * @factor
 Parameter: FACTOR -> "5"
 RDCMND substituted energy or value "?VOLUME" to "15.993044"
Evaluating: 15.993044*5
 Parameter: C <- "79.96522"
  
 CHARMM>     
  
 CHARMM>    if a .lt. -10 if a .gt. -20 if c .gt. @botarea set botarea = @c
 Parameter: BOTAREA -> "-1"
 Parameter: C -> "79.96522"
 Comparing "-9" and "-10".
 IF test evaluated as false.  Skipping command
  
 CHARMM>    if a .gt.  10 if a .lt.  20 if c .gt. @toparea set toparea = @c
 Parameter: TOPAREA -> "-1"
 Parameter: C -> "79.96522"
 Comparing "-9" and "10".
 IF test evaluated as false.  Skipping command
  
 CHARMM>     
  
 CHARMM>    write title unit 51
 RDTITL> * -8.8  79.96522
 RDTITL> *
  
 CHARMM>     
  
 CHARMM>    incr a by @dcel
 Parameter: DCEL -> "0.2"
 Parameter: A <- "-8.8"
  
 CHARMM>    incr b by @dcel
 Parameter: DCEL -> "0.2"
 Parameter: B <- "-8.6"
  
 CHARMM>    if b le ?ZMAX goto DOAREA
 RDCMND substituted energy or value "?ZMAX" to "11.6295697"
 Comparing "-8.6" and "11.6295697".
 IF test evaluated as true.  Performing command
  
 CHARMM>     
  
 CHARMM>    ! Cross sectional protein area with whole atom.
 CHARMM>    scalar wmain = radius
  
 CHARMM>    scalar wmain mult 2.5   sele resname TIP3 end
 SELRPN>      0 atoms have been selected out of    136
  
 CHARMM>    scalar wmain add  1.529 sele .not. resname TIP3 end
 SELRPN>    136 atoms have been selected out of    136
  
 CHARMM>    scalar wmain mult 0.85  sele .not. resname TIP3 end
 SELRPN>    136 atoms have been selected out of    136
  
 CHARMM>    calc zab = ( @a + @b ) / 2.0
 Parameter: A -> "-8.8"
 Parameter: B -> "-8.6"
Evaluating: (-8.8+-8.6)/2.0
 Parameter: ZAB <- "-8.7"
  
 CHARMM>     
  
 CHARMM>    coor search -
 CHARMM>         xmin @x1  xmax @x2  xgrip @xncel -
 CHARMM>         ymin @y1  ymax @y2  ygrip @yncel -
 CHARMM>         zmin @a   zmax @b   zgrip 5
 Parameter: X1 -> "-7.59951228"
 Parameter: X2 -> "7.80998274"
 Parameter: XNCEL -> "77"
 Parameter: Y1 -> "-11.6131518"
 Parameter: Y2 -> "10.15572"
 Parameter: YNCEL -> "108"
 Parameter: A -> "-8.8"
 Parameter: B -> "-8.6"

 A TOTAL OF    31696   VACUUM POINTS WERE FOUND
 A TOTAL OF     9884 OCCUPIED POINTS WERE FOUND
 A TOTAL OF        0 EXTERNAL POINTS WERE FOUND
 A TOTAL OF    31696 SELECTED POINTS WERE FOUND
 TOTAL OCCUPIED  VOLUME =      15.947866
 TOTAL SELECTED  VOLUME =      51.141598
 TOTAL FREE      VOLUME =      51.141598
 FRACTIONAL FREE VOLUME =      76.228956
  
 CHARMM>     
  
 CHARMM>    calc c = ?volume * @factor
 Parameter: FACTOR -> "5"
 RDCMND substituted energy or value "?VOLUME" to "15.9478659"
Evaluating: 15.9478659*5
 Parameter: C <- "79.7393295"
  
 CHARMM>     
  
 CHARMM>    if a .lt. -10 if a .gt. -20 if c .gt. @botarea set botarea = @c
 Parameter: BOTAREA -> "-1"
 Parameter: C -> "79.7393295"
 Comparing "-8.8" and "-10".
 IF test evaluated as false.  Skipping command
  
 CHARMM>    if a .gt.  10 if a .lt.  20 if c .gt. @toparea set toparea = @c
 Parameter: TOPAREA -> "-1"
 Parameter: C -> "79.7393295"
 Comparing "-8.8" and "10".
 IF test evaluated as false.  Skipping command
  
 CHARMM>     
  
 CHARMM>    write title unit 51
 RDTITL> * -8.6  79.7393295
 RDTITL> *
  
 CHARMM>     
  
 CHARMM>    incr a by @dcel
 Parameter: DCEL -> "0.2"
 Parameter: A <- "-8.6"
  
 CHARMM>    incr b by @dcel
 Parameter: DCEL -> "0.2"
 Parameter: B <- "-8.4"
  
 CHARMM>    if b le ?ZMAX goto DOAREA
 RDCMND substituted energy or value "?ZMAX" to "11.6295697"
 Comparing "-8.4" and "11.6295697".
 IF test evaluated as true.  Performing command
  
 CHARMM>     
  
 CHARMM>    ! Cross sectional protein area with whole atom.
 CHARMM>    scalar wmain = radius
  
 CHARMM>    scalar wmain mult 2.5   sele resname TIP3 end
 SELRPN>      0 atoms have been selected out of    136
  
 CHARMM>    scalar wmain add  1.529 sele .not. resname TIP3 end
 SELRPN>    136 atoms have been selected out of    136
  
 CHARMM>    scalar wmain mult 0.85  sele .not. resname TIP3 end
 SELRPN>    136 atoms have been selected out of    136
  
 CHARMM>    calc zab = ( @a + @b ) / 2.0
 Parameter: A -> "-8.6"
 Parameter: B -> "-8.4"
Evaluating: (-8.6+-8.4)/2.0
 Parameter: ZAB <- "-8.5"
  
 CHARMM>     
  
 CHARMM>    coor search -
 CHARMM>         xmin @x1  xmax @x2  xgrip @xncel -
 CHARMM>         ymin @y1  ymax @y2  ygrip @yncel -
 CHARMM>         zmin @a   zmax @b   zgrip 5
 Parameter: X1 -> "-7.59951228"
 Parameter: X2 -> "7.80998274"
 Parameter: XNCEL -> "77"
 Parameter: Y1 -> "-11.6131518"
 Parameter: Y2 -> "10.15572"
 Parameter: YNCEL -> "108"
 Parameter: A -> "-8.6"
 Parameter: B -> "-8.4"

 A TOTAL OF    31728   VACUUM POINTS WERE FOUND
 A TOTAL OF     9852 OCCUPIED POINTS WERE FOUND
 A TOTAL OF        0 EXTERNAL POINTS WERE FOUND
 A TOTAL OF    31728 SELECTED POINTS WERE FOUND
 TOTAL OCCUPIED  VOLUME =      15.896234
 TOTAL SELECTED  VOLUME =      51.193230
 TOTAL FREE      VOLUME =      51.193230
 FRACTIONAL FREE VOLUME =      76.305916
  
 CHARMM>     
  
 CHARMM>    calc c = ?volume * @factor
 Parameter: FACTOR -> "5"
 RDCMND substituted energy or value "?VOLUME" to "15.8962338"
Evaluating: 15.8962338*5
 Parameter: C <- "79.481169"
  
 CHARMM>     
  
 CHARMM>    if a .lt. -10 if a .gt. -20 if c .gt. @botarea set botarea = @c
 Parameter: BOTAREA -> "-1"
 Parameter: C -> "79.481169"
 Comparing "-8.6" and "-10".
 IF test evaluated as false.  Skipping command
  
 CHARMM>    if a .gt.  10 if a .lt.  20 if c .gt. @toparea set toparea = @c
 Parameter: TOPAREA -> "-1"
 Parameter: C -> "79.481169"
 Comparing "-8.6" and "10".
 IF test evaluated as false.  Skipping command
  
 CHARMM>     
  
 CHARMM>    write title unit 51
 RDTITL> * -8.4  79.481169
 RDTITL> *
  
 CHARMM>     
  
 CHARMM>    incr a by @dcel
 Parameter: DCEL -> "0.2"
 Parameter: A <- "-8.4"
  
 CHARMM>    incr b by @dcel
 Parameter: DCEL -> "0.2"
 Parameter: B <- "-8.2"
  
 CHARMM>    if b le ?ZMAX goto DOAREA
 RDCMND substituted energy or value "?ZMAX" to "11.6295697"
 Comparing "-8.2" and "11.6295697".
 IF test evaluated as true.  Performing command
  
 CHARMM>     
  
 CHARMM>    ! Cross sectional protein area with whole atom.
 CHARMM>    scalar wmain = radius
  
 CHARMM>    scalar wmain mult 2.5   sele resname TIP3 end
 SELRPN>      0 atoms have been selected out of    136
  
 CHARMM>    scalar wmain add  1.529 sele .not. resname TIP3 end
 SELRPN>    136 atoms have been selected out of    136
  
 CHARMM>    scalar wmain mult 0.85  sele .not. resname TIP3 end
 SELRPN>    136 atoms have been selected out of    136
  
 CHARMM>    calc zab = ( @a + @b ) / 2.0
 Parameter: A -> "-8.4"
 Parameter: B -> "-8.2"
Evaluating: (-8.4+-8.2)/2.0
 Parameter: ZAB <- "-8.3"
  
 CHARMM>     
  
 CHARMM>    coor search -
 CHARMM>         xmin @x1  xmax @x2  xgrip @xncel -
 CHARMM>         ymin @y1  ymax @y2  ygrip @yncel -
 CHARMM>         zmin @a   zmax @b   zgrip 5
 Parameter: X1 -> "-7.59951228"
 Parameter: X2 -> "7.80998274"
 Parameter: XNCEL -> "77"
 Parameter: Y1 -> "-11.6131518"
 Parameter: Y2 -> "10.15572"
 Parameter: YNCEL -> "108"
 Parameter: A -> "-8.4"
 Parameter: B -> "-8.2"

 A TOTAL OF    31845   VACUUM POINTS WERE FOUND
 A TOTAL OF     9735 OCCUPIED POINTS WERE FOUND
 A TOTAL OF        0 EXTERNAL POINTS WERE FOUND
 A TOTAL OF    31845 SELECTED POINTS WERE FOUND
 TOTAL OCCUPIED  VOLUME =      15.707454
 TOTAL SELECTED  VOLUME =      51.382010
 TOTAL FREE      VOLUME =      51.382010
 FRACTIONAL FREE VOLUME =      76.587302
  
 CHARMM>     
  
 CHARMM>    calc c = ?volume * @factor
 Parameter: FACTOR -> "5"
 RDCMND substituted energy or value "?VOLUME" to "15.7074539"
Evaluating: 15.7074539*5
 Parameter: C <- "78.5372695"
  
 CHARMM>     
  
 CHARMM>    if a .lt. -10 if a .gt. -20 if c .gt. @botarea set botarea = @c
 Parameter: BOTAREA -> "-1"
 Parameter: C -> "78.5372695"
 Comparing "-8.4" and "-10".
 IF test evaluated as false.  Skipping command
  
 CHARMM>    if a .gt.  10 if a .lt.  20 if c .gt. @toparea set toparea = @c
 Parameter: TOPAREA -> "-1"
 Parameter: C -> "78.5372695"
 Comparing "-8.4" and "10".
 IF test evaluated as false.  Skipping command
  
 CHARMM>     
  
 CHARMM>    write title unit 51
 RDTITL> * -8.2  78.5372695
 RDTITL> *
  
 CHARMM>     
  
 CHARMM>    incr a by @dcel
 Parameter: DCEL -> "0.2"
 Parameter: A <- "-8.2"
  
 CHARMM>    incr b by @dcel
 Parameter: DCEL -> "0.2"
 Parameter: B <- "-8"
  
 CHARMM>    if b le ?ZMAX goto DOAREA
 RDCMND substituted energy or value "?ZMAX" to "11.6295697"
 Comparing "-8" and "11.6295697".
 IF test evaluated as true.  Performing command
  
 CHARMM>     
  
 CHARMM>    ! Cross sectional protein area with whole atom.
 CHARMM>    scalar wmain = radius
  
 CHARMM>    scalar wmain mult 2.5   sele resname TIP3 end
 SELRPN>      0 atoms have been selected out of    136
  
 CHARMM>    scalar wmain add  1.529 sele .not. resname TIP3 end
 SELRPN>    136 atoms have been selected out of    136
  
 CHARMM>    scalar wmain mult 0.85  sele .not. resname TIP3 end
 SELRPN>    136 atoms have been selected out of    136
  
 CHARMM>    calc zab = ( @a + @b ) / 2.0
 Parameter: A -> "-8.2"
 Parameter: B -> "-8"
Evaluating: (-8.2+-8)/2.0
 Parameter: ZAB <- "-8.1"
  
 CHARMM>     
  
 CHARMM>    coor search -
 CHARMM>         xmin @x1  xmax @x2  xgrip @xncel -
 CHARMM>         ymin @y1  ymax @y2  ygrip @yncel -
 CHARMM>         zmin @a   zmax @b   zgrip 5
 Parameter: X1 -> "-7.59951228"
 Parameter: X2 -> "7.80998274"
 Parameter: XNCEL -> "77"
 Parameter: Y1 -> "-11.6131518"
 Parameter: Y2 -> "10.15572"
 Parameter: YNCEL -> "108"
 Parameter: A -> "-8.2"
 Parameter: B -> "-8"

 A TOTAL OF    32027   VACUUM POINTS WERE FOUND
 A TOTAL OF     9553 OCCUPIED POINTS WERE FOUND
 A TOTAL OF        0 EXTERNAL POINTS WERE FOUND
 A TOTAL OF    32027 SELECTED POINTS WERE FOUND
 TOTAL OCCUPIED  VOLUME =      15.413796
 TOTAL SELECTED  VOLUME =      51.675668
 TOTAL FREE      VOLUME =      51.675668
 FRACTIONAL FREE VOLUME =      77.025012
  
 CHARMM>     
  
 CHARMM>    calc c = ?volume * @factor
 Parameter: FACTOR -> "5"
 RDCMND substituted energy or value "?VOLUME" to "15.4137964"
Evaluating: 15.4137964*5
 Parameter: C <- "77.068982"
  
 CHARMM>     
  
 CHARMM>    if a .lt. -10 if a .gt. -20 if c .gt. @botarea set botarea = @c
 Parameter: BOTAREA -> "-1"
 Parameter: C -> "77.068982"
 Comparing "-8.2" and "-10".
 IF test evaluated as false.  Skipping command
  
 CHARMM>    if a .gt.  10 if a .lt.  20 if c .gt. @toparea set toparea = @c
 Parameter: TOPAREA -> "-1"
 Parameter: C -> "77.068982"
 Comparing "-8.2" and "10".
 IF test evaluated as false.  Skipping command
  
 CHARMM>     
  
 CHARMM>    write title unit 51
 RDTITL> * -8  77.068982
 RDTITL> *
  
 CHARMM>     
  
 CHARMM>    incr a by @dcel
 Parameter: DCEL -> "0.2"
 Parameter: A <- "-8"
  
 CHARMM>    incr b by @dcel
 Parameter: DCEL -> "0.2"
 Parameter: B <- "-7.8"
  
 CHARMM>    if b le ?ZMAX goto DOAREA
 RDCMND substituted energy or value "?ZMAX" to "11.6295697"
 Comparing "-7.8" and "11.6295697".
 IF test evaluated as true.  Performing command
  
 CHARMM>     
  
 CHARMM>    ! Cross sectional protein area with whole atom.
 CHARMM>    scalar wmain = radius
  
 CHARMM>    scalar wmain mult 2.5   sele resname TIP3 end
 SELRPN>      0 atoms have been selected out of    136
  
 CHARMM>    scalar wmain add  1.529 sele .not. resname TIP3 end
 SELRPN>    136 atoms have been selected out of    136
  
 CHARMM>    scalar wmain mult 0.85  sele .not. resname TIP3 end
 SELRPN>    136 atoms have been selected out of    136
  
 CHARMM>    calc zab = ( @a + @b ) / 2.0
 Parameter: A -> "-8"
 Parameter: B -> "-7.8"
Evaluating: (-8+-7.8)/2.0
 Parameter: ZAB <- "-7.9"
  
 CHARMM>     
  
 CHARMM>    coor search -
 CHARMM>         xmin @x1  xmax @x2  xgrip @xncel -
 CHARMM>         ymin @y1  ymax @y2  ygrip @yncel -
 CHARMM>         zmin @a   zmax @b   zgrip 5
 Parameter: X1 -> "-7.59951228"
 Parameter: X2 -> "7.80998274"
 Parameter: XNCEL -> "77"
 Parameter: Y1 -> "-11.6131518"
 Parameter: Y2 -> "10.15572"
 Parameter: YNCEL -> "108"
 Parameter: A -> "-8"
 Parameter: B -> "-7.8"

 A TOTAL OF    32268   VACUUM POINTS WERE FOUND
 A TOTAL OF     9312 OCCUPIED POINTS WERE FOUND
 A TOTAL OF        0 EXTERNAL POINTS WERE FOUND
 A TOTAL OF    32268 SELECTED POINTS WERE FOUND
 TOTAL OCCUPIED  VOLUME =      15.024942
 TOTAL SELECTED  VOLUME =      52.064522
 TOTAL FREE      VOLUME =      52.064522
 FRACTIONAL FREE VOLUME =      77.604618
  
 CHARMM>     
  
 CHARMM>    calc c = ?volume * @factor
 Parameter: FACTOR -> "5"
 RDCMND substituted energy or value "?VOLUME" to "15.0249421"
Evaluating: 15.0249421*5
 Parameter: C <- "75.1247105"
  
 CHARMM>     
  
 CHARMM>    if a .lt. -10 if a .gt. -20 if c .gt. @botarea set botarea = @c
 Parameter: BOTAREA -> "-1"
 Parameter: C -> "75.1247105"
 Comparing "-8" and "-10".
 IF test evaluated as false.  Skipping command
  
 CHARMM>    if a .gt.  10 if a .lt.  20 if c .gt. @toparea set toparea = @c
 Parameter: TOPAREA -> "-1"
 Parameter: C -> "75.1247105"
 Comparing "-8" and "10".
 IF test evaluated as false.  Skipping command
  
 CHARMM>     
  
 CHARMM>    write title unit 51
 RDTITL> * -7.8  75.1247105
 RDTITL> *
  
 CHARMM>     
  
 CHARMM>    incr a by @dcel
 Parameter: DCEL -> "0.2"
 Parameter: A <- "-7.8"
  
 CHARMM>    incr b by @dcel
 Parameter: DCEL -> "0.2"
 Parameter: B <- "-7.6"
  
 CHARMM>    if b le ?ZMAX goto DOAREA
 RDCMND substituted energy or value "?ZMAX" to "11.6295697"
 Comparing "-7.6" and "11.6295697".
 IF test evaluated as true.  Performing command
  
 CHARMM>     
  
 CHARMM>    ! Cross sectional protein area with whole atom.
 CHARMM>    scalar wmain = radius
  
 CHARMM>    scalar wmain mult 2.5   sele resname TIP3 end
 SELRPN>      0 atoms have been selected out of    136
  
 CHARMM>    scalar wmain add  1.529 sele .not. resname TIP3 end
 SELRPN>    136 atoms have been selected out of    136
  
 CHARMM>    scalar wmain mult 0.85  sele .not. resname TIP3 end
 SELRPN>    136 atoms have been selected out of    136
  
 CHARMM>    calc zab = ( @a + @b ) / 2.0
 Parameter: A -> "-7.8"
 Parameter: B -> "-7.6"
Evaluating: (-7.8+-7.6)/2.0
 Parameter: ZAB <- "-7.7"
  
 CHARMM>     
  
 CHARMM>    coor search -
 CHARMM>         xmin @x1  xmax @x2  xgrip @xncel -
 CHARMM>         ymin @y1  ymax @y2  ygrip @yncel -
 CHARMM>         zmin @a   zmax @b   zgrip 5
 Parameter: X1 -> "-7.59951228"
 Parameter: X2 -> "7.80998274"
 Parameter: XNCEL -> "77"
 Parameter: Y1 -> "-11.6131518"
 Parameter: Y2 -> "10.15572"
 Parameter: YNCEL -> "108"
 Parameter: A -> "-7.8"
 Parameter: B -> "-7.6"

 A TOTAL OF    32543   VACUUM POINTS WERE FOUND
 A TOTAL OF     9037 OCCUPIED POINTS WERE FOUND
 A TOTAL OF        0 EXTERNAL POINTS WERE FOUND
 A TOTAL OF    32543 SELECTED POINTS WERE FOUND
 TOTAL OCCUPIED  VOLUME =      14.581229
 TOTAL SELECTED  VOLUME =      52.508236
 TOTAL FREE      VOLUME =      52.508236
 FRACTIONAL FREE VOLUME =      78.265993
  
 CHARMM>     
  
 CHARMM>    calc c = ?volume * @factor
 Parameter: FACTOR -> "5"
 RDCMND substituted energy or value "?VOLUME" to "14.5812287"
Evaluating: 14.5812287*5
 Parameter: C <- "72.9061435"
  
 CHARMM>     
  
 CHARMM>    if a .lt. -10 if a .gt. -20 if c .gt. @botarea set botarea = @c
 Parameter: BOTAREA -> "-1"
 Parameter: C -> "72.9061435"
 Comparing "-7.8" and "-10".
 IF test evaluated as false.  Skipping command
  
 CHARMM>    if a .gt.  10 if a .lt.  20 if c .gt. @toparea set toparea = @c
 Parameter: TOPAREA -> "-1"
 Parameter: C -> "72.9061435"
 Comparing "-7.8" and "10".
 IF test evaluated as false.  Skipping command
  
 CHARMM>     
  
 CHARMM>    write title unit 51
 RDTITL> * -7.6  72.9061435
 RDTITL> *
  
 CHARMM>     
  
 CHARMM>    incr a by @dcel
 Parameter: DCEL -> "0.2"
 Parameter: A <- "-7.6"
  
 CHARMM>    incr b by @dcel
 Parameter: DCEL -> "0.2"
 Parameter: B <- "-7.4"
  
 CHARMM>    if b le ?ZMAX goto DOAREA
 RDCMND substituted energy or value "?ZMAX" to "11.6295697"
 Comparing "-7.4" and "11.6295697".
 IF test evaluated as true.  Performing command
  
 CHARMM>     
  
 CHARMM>    ! Cross sectional protein area with whole atom.
 CHARMM>    scalar wmain = radius
  
 CHARMM>    scalar wmain mult 2.5   sele resname TIP3 end
 SELRPN>      0 atoms have been selected out of    136
  
 CHARMM>    scalar wmain add  1.529 sele .not. resname TIP3 end
 SELRPN>    136 atoms have been selected out of    136
  
 CHARMM>    scalar wmain mult 0.85  sele .not. resname TIP3 end
 SELRPN>    136 atoms have been selected out of    136
  
 CHARMM>    calc zab = ( @a + @b ) / 2.0
 Parameter: A -> "-7.6"
 Parameter: B -> "-7.4"
Evaluating: (-7.6+-7.4)/2.0
 Parameter: ZAB <- "-7.5"
  
 CHARMM>     
  
 CHARMM>    coor search -
 CHARMM>         xmin @x1  xmax @x2  xgrip @xncel -
 CHARMM>         ymin @y1  ymax @y2  ygrip @yncel -
 CHARMM>         zmin @a   zmax @b   zgrip 5
 Parameter: X1 -> "-7.59951228"
 Parameter: X2 -> "7.80998274"
 Parameter: XNCEL -> "77"
 Parameter: Y1 -> "-11.6131518"
 Parameter: Y2 -> "10.15572"
 Parameter: YNCEL -> "108"
 Parameter: A -> "-7.6"
 Parameter: B -> "-7.4"

 A TOTAL OF    32836   VACUUM POINTS WERE FOUND
 A TOTAL OF     8744 OCCUPIED POINTS WERE FOUND
 A TOTAL OF        0 EXTERNAL POINTS WERE FOUND
 A TOTAL OF    32836 SELECTED POINTS WERE FOUND
 TOTAL OCCUPIED  VOLUME =      14.108472
 TOTAL SELECTED  VOLUME =      52.980992
 TOTAL FREE      VOLUME =      52.980992
 FRACTIONAL FREE VOLUME =      78.970659
  
 CHARMM>     
  
 CHARMM>    calc c = ?volume * @factor
 Parameter: FACTOR -> "5"
 RDCMND substituted energy or value "?VOLUME" to "14.1084722"
Evaluating: 14.1084722*5
 Parameter: C <- "70.542361"
  
 CHARMM>     
  
 CHARMM>    if a .lt. -10 if a .gt. -20 if c .gt. @botarea set botarea = @c
 Parameter: BOTAREA -> "-1"
 Parameter: C -> "70.542361"
 Comparing "-7.6" and "-10".
 IF test evaluated as false.  Skipping command
  
 CHARMM>    if a .gt.  10 if a .lt.  20 if c .gt. @toparea set toparea = @c
 Parameter: TOPAREA -> "-1"
 Parameter: C -> "70.542361"
 Comparing "-7.6" and "10".
 IF test evaluated as false.  Skipping command
  
 CHARMM>     
  
 CHARMM>    write title unit 51
 RDTITL> * -7.4  70.542361
 RDTITL> *
  
 CHARMM>     
  
 CHARMM>    incr a by @dcel
 Parameter: DCEL -> "0.2"
 Parameter: A <- "-7.4"
  
 CHARMM>    incr b by @dcel
 Parameter: DCEL -> "0.2"
 Parameter: B <- "-7.2"
  
 CHARMM>    if b le ?ZMAX goto DOAREA
 RDCMND substituted energy or value "?ZMAX" to "11.6295697"
 Comparing "-7.2" and "11.6295697".
 IF test evaluated as true.  Performing command
  
 CHARMM>     
  
 CHARMM>    ! Cross sectional protein area with whole atom.
 CHARMM>    scalar wmain = radius
  
 CHARMM>    scalar wmain mult 2.5   sele resname TIP3 end
 SELRPN>      0 atoms have been selected out of    136
  
 CHARMM>    scalar wmain add  1.529 sele .not. resname TIP3 end
 SELRPN>    136 atoms have been selected out of    136
  
 CHARMM>    scalar wmain mult 0.85  sele .not. resname TIP3 end
 SELRPN>    136 atoms have been selected out of    136
  
 CHARMM>    calc zab = ( @a + @b ) / 2.0
 Parameter: A -> "-7.4"
 Parameter: B -> "-7.2"
Evaluating: (-7.4+-7.2)/2.0
 Parameter: ZAB <- "-7.3"
  
 CHARMM>     
  
 CHARMM>    coor search -
 CHARMM>         xmin @x1  xmax @x2  xgrip @xncel -
 CHARMM>         ymin @y1  ymax @y2  ygrip @yncel -
 CHARMM>         zmin @a   zmax @b   zgrip 5
 Parameter: X1 -> "-7.59951228"
 Parameter: X2 -> "7.80998274"
 Parameter: XNCEL -> "77"
 Parameter: Y1 -> "-11.6131518"
 Parameter: Y2 -> "10.15572"
 Parameter: YNCEL -> "108"
 Parameter: A -> "-7.4"
 Parameter: B -> "-7.2"

 A TOTAL OF    33079   VACUUM POINTS WERE FOUND
 A TOTAL OF     8501 OCCUPIED POINTS WERE FOUND
 A TOTAL OF        0 EXTERNAL POINTS WERE FOUND
 A TOTAL OF    33079 SELECTED POINTS WERE FOUND
 TOTAL OCCUPIED  VOLUME =      13.716391
 TOTAL SELECTED  VOLUME =      53.373073
 TOTAL FREE      VOLUME =      53.373073
 FRACTIONAL FREE VOLUME =      79.555075
  
 CHARMM>     
  
 CHARMM>    calc c = ?volume * @factor
 Parameter: FACTOR -> "5"
 RDCMND substituted energy or value "?VOLUME" to "13.716391"
Evaluating: 13.716391*5
 Parameter: C <- "68.581955"
  
 CHARMM>     
  
 CHARMM>    if a .lt. -10 if a .gt. -20 if c .gt. @botarea set botarea = @c
 Parameter: BOTAREA -> "-1"
 Parameter: C -> "68.581955"
 Comparing "-7.4" and "-10".
 IF test evaluated as false.  Skipping command
  
 CHARMM>    if a .gt.  10 if a .lt.  20 if c .gt. @toparea set toparea = @c
 Parameter: TOPAREA -> "-1"
 Parameter: C -> "68.581955"
 Comparing "-7.4" and "10".
 IF test evaluated as false.  Skipping command
  
 CHARMM>     
  
 CHARMM>    write title unit 51
 RDTITL> * -7.2  68.581955
 RDTITL> *
  
 CHARMM>     
  
 CHARMM>    incr a by @dcel
 Parameter: DCEL -> "0.2"
 Parameter: A <- "-7.2"
  
 CHARMM>    incr b by @dcel
 Parameter: DCEL -> "0.2"
 Parameter: B <- "-7"
  
 CHARMM>    if b le ?ZMAX goto DOAREA
 RDCMND substituted energy or value "?ZMAX" to "11.6295697"
 Comparing "-7" and "11.6295697".
 IF test evaluated as true.  Performing command
  
 CHARMM>     
  
 CHARMM>    ! Cross sectional protein area with whole atom.
 CHARMM>    scalar wmain = radius
  
 CHARMM>    scalar wmain mult 2.5   sele resname TIP3 end
 SELRPN>      0 atoms have been selected out of    136
  
 CHARMM>    scalar wmain add  1.529 sele .not. resname TIP3 end
 SELRPN>    136 atoms have been selected out of    136
  
 CHARMM>    scalar wmain mult 0.85  sele .not. resname TIP3 end
 SELRPN>    136 atoms have been selected out of    136
  
 CHARMM>    calc zab = ( @a + @b ) / 2.0
 Parameter: A -> "-7.2"
 Parameter: B -> "-7"
Evaluating: (-7.2+-7)/2.0
 Parameter: ZAB <- "-7.1"
  
 CHARMM>     
  
 CHARMM>    coor search -
 CHARMM>         xmin @x1  xmax @x2  xgrip @xncel -
 CHARMM>         ymin @y1  ymax @y2  ygrip @yncel -
 CHARMM>         zmin @a   zmax @b   zgrip 5
 Parameter: X1 -> "-7.59951228"
 Parameter: X2 -> "7.80998274"
 Parameter: XNCEL -> "77"
 Parameter: Y1 -> "-11.6131518"
 Parameter: Y2 -> "10.15572"
 Parameter: YNCEL -> "108"
 Parameter: A -> "-7.2"
 Parameter: B -> "-7"

 A TOTAL OF    33089   VACUUM POINTS WERE FOUND
 A TOTAL OF     8491 OCCUPIED POINTS WERE FOUND
 A TOTAL OF        0 EXTERNAL POINTS WERE FOUND
 A TOTAL OF    33089 SELECTED POINTS WERE FOUND
 TOTAL OCCUPIED  VOLUME =      13.700256
 TOTAL SELECTED  VOLUME =      53.389208
 TOTAL FREE      VOLUME =      53.389208
 FRACTIONAL FREE VOLUME =      79.579125
  
 CHARMM>     
  
 CHARMM>    calc c = ?volume * @factor
 Parameter: FACTOR -> "5"
 RDCMND substituted energy or value "?VOLUME" to "13.7002559"
Evaluating: 13.7002559*5
 Parameter: C <- "68.5012795"
  
 CHARMM>     
  
 CHARMM>    if a .lt. -10 if a .gt. -20 if c .gt. @botarea set botarea = @c
 Parameter: BOTAREA -> "-1"
 Parameter: C -> "68.5012795"
 Comparing "-7.2" and "-10".
 IF test evaluated as false.  Skipping command
  
 CHARMM>    if a .gt.  10 if a .lt.  20 if c .gt. @toparea set toparea = @c
 Parameter: TOPAREA -> "-1"
 Parameter: C -> "68.5012795"
 Comparing "-7.2" and "10".
 IF test evaluated as false.  Skipping command
  
 CHARMM>     
  
 CHARMM>    write title unit 51
 RDTITL> * -7  68.5012795
 RDTITL> *
  
 CHARMM>     
  
 CHARMM>    incr a by @dcel
 Parameter: DCEL -> "0.2"
 Parameter: A <- "-7"
  
 CHARMM>    incr b by @dcel
 Parameter: DCEL -> "0.2"
 Parameter: B <- "-6.8"
  
 CHARMM>    if b le ?ZMAX goto DOAREA
 RDCMND substituted energy or value "?ZMAX" to "11.6295697"
 Comparing "-6.8" and "11.6295697".
 IF test evaluated as true.  Performing command
  
 CHARMM>     
  
 CHARMM>    ! Cross sectional protein area with whole atom.
 CHARMM>    scalar wmain = radius
  
 CHARMM>    scalar wmain mult 2.5   sele resname TIP3 end
 SELRPN>      0 atoms have been selected out of    136
  
 CHARMM>    scalar wmain add  1.529 sele .not. resname TIP3 end
 SELRPN>    136 atoms have been selected out of    136
  
 CHARMM>    scalar wmain mult 0.85  sele .not. resname TIP3 end
 SELRPN>    136 atoms have been selected out of    136
  
 CHARMM>    calc zab = ( @a + @b ) / 2.0
 Parameter: A -> "-7"
 Parameter: B -> "-6.8"
Evaluating: (-7+-6.8)/2.0
 Parameter: ZAB <- "-6.9"
  
 CHARMM>     
  
 CHARMM>    coor search -
 CHARMM>         xmin @x1  xmax @x2  xgrip @xncel -
 CHARMM>         ymin @y1  ymax @y2  ygrip @yncel -
 CHARMM>         zmin @a   zmax @b   zgrip 5
 Parameter: X1 -> "-7.59951228"
 Parameter: X2 -> "7.80998274"
 Parameter: XNCEL -> "77"
 Parameter: Y1 -> "-11.6131518"
 Parameter: Y2 -> "10.15572"
 Parameter: YNCEL -> "108"
 Parameter: A -> "-7"
 Parameter: B -> "-6.8"

 A TOTAL OF    33004   VACUUM POINTS WERE FOUND
 A TOTAL OF     8576 OCCUPIED POINTS WERE FOUND
 A TOTAL OF        0 EXTERNAL POINTS WERE FOUND
 A TOTAL OF    33004 SELECTED POINTS WERE FOUND
 TOTAL OCCUPIED  VOLUME =      13.837404
 TOTAL SELECTED  VOLUME =      53.252061
 TOTAL FREE      VOLUME =      53.252061
 FRACTIONAL FREE VOLUME =      79.374699
  
 CHARMM>     
  
 CHARMM>    calc c = ?volume * @factor
 Parameter: FACTOR -> "5"
 RDCMND substituted energy or value "?VOLUME" to "13.8374037"
Evaluating: 13.8374037*5
 Parameter: C <- "69.1870185"
  
 CHARMM>     
  
 CHARMM>    if a .lt. -10 if a .gt. -20 if c .gt. @botarea set botarea = @c
 Parameter: BOTAREA -> "-1"
 Parameter: C -> "69.1870185"
 Comparing "-7" and "-10".
 IF test evaluated as false.  Skipping command
  
 CHARMM>    if a .gt.  10 if a .lt.  20 if c .gt. @toparea set toparea = @c
 Parameter: TOPAREA -> "-1"
 Parameter: C -> "69.1870185"
 Comparing "-7" and "10".
 IF test evaluated as false.  Skipping command
  
 CHARMM>     
  
 CHARMM>    write title unit 51
 RDTITL> * -6.8  69.1870185
 RDTITL> *
  
 CHARMM>     
  
 CHARMM>    incr a by @dcel
 Parameter: DCEL -> "0.2"
 Parameter: A <- "-6.8"
  
 CHARMM>    incr b by @dcel
 Parameter: DCEL -> "0.2"
 Parameter: B <- "-6.6"
  
 CHARMM>    if b le ?ZMAX goto DOAREA
 RDCMND substituted energy or value "?ZMAX" to "11.6295697"
 Comparing "-6.6" and "11.6295697".
 IF test evaluated as true.  Performing command
  
 CHARMM>     
  
 CHARMM>    ! Cross sectional protein area with whole atom.
 CHARMM>    scalar wmain = radius
  
 CHARMM>    scalar wmain mult 2.5   sele resname TIP3 end
 SELRPN>      0 atoms have been selected out of    136
  
 CHARMM>    scalar wmain add  1.529 sele .not. resname TIP3 end
 SELRPN>    136 atoms have been selected out of    136
  
 CHARMM>    scalar wmain mult 0.85  sele .not. resname TIP3 end
 SELRPN>    136 atoms have been selected out of    136
  
 CHARMM>    calc zab = ( @a + @b ) / 2.0
 Parameter: A -> "-6.8"
 Parameter: B -> "-6.6"
Evaluating: (-6.8+-6.6)/2.0
 Parameter: ZAB <- "-6.7"
  
 CHARMM>     
  
 CHARMM>    coor search -
 CHARMM>         xmin @x1  xmax @x2  xgrip @xncel -
 CHARMM>         ymin @y1  ymax @y2  ygrip @yncel -
 CHARMM>         zmin @a   zmax @b   zgrip 5
 Parameter: X1 -> "-7.59951228"
 Parameter: X2 -> "7.80998274"
 Parameter: XNCEL -> "77"
 Parameter: Y1 -> "-11.6131518"
 Parameter: Y2 -> "10.15572"
 Parameter: YNCEL -> "108"
 Parameter: A -> "-6.8"
 Parameter: B -> "-6.6"

 A TOTAL OF    32885   VACUUM POINTS WERE FOUND
 A TOTAL OF     8695 OCCUPIED POINTS WERE FOUND
 A TOTAL OF        0 EXTERNAL POINTS WERE FOUND
 A TOTAL OF    32885 SELECTED POINTS WERE FOUND
 TOTAL OCCUPIED  VOLUME =      14.029411
 TOTAL SELECTED  VOLUME =      53.060054
 TOTAL FREE      VOLUME =      53.060054
 FRACTIONAL FREE VOLUME =      79.088504
  
 CHARMM>     
  
 CHARMM>    calc c = ?volume * @factor
 Parameter: FACTOR -> "5"
 RDCMND substituted energy or value "?VOLUME" to "14.0294106"
Evaluating: 14.0294106*5
 Parameter: C <- "70.147053"
  
 CHARMM>     
  
 CHARMM>    if a .lt. -10 if a .gt. -20 if c .gt. @botarea set botarea = @c
 Parameter: BOTAREA -> "-1"
 Parameter: C -> "70.147053"
 Comparing "-6.8" and "-10".
 IF test evaluated as false.  Skipping command
  
 CHARMM>    if a .gt.  10 if a .lt.  20 if c .gt. @toparea set toparea = @c
 Parameter: TOPAREA -> "-1"
 Parameter: C -> "70.147053"
 Comparing "-6.8" and "10".
 IF test evaluated as false.  Skipping command
  
 CHARMM>     
  
 CHARMM>    write title unit 51
 RDTITL> * -6.6  70.147053
 RDTITL> *
  
 CHARMM>     
  
 CHARMM>    incr a by @dcel
 Parameter: DCEL -> "0.2"
 Parameter: A <- "-6.6"
  
 CHARMM>    incr b by @dcel
 Parameter: DCEL -> "0.2"
 Parameter: B <- "-6.4"
  
 CHARMM>    if b le ?ZMAX goto DOAREA
 RDCMND substituted energy or value "?ZMAX" to "11.6295697"
 Comparing "-6.4" and "11.6295697".
 IF test evaluated as true.  Performing command
  
 CHARMM>     
  
 CHARMM>    ! Cross sectional protein area with whole atom.
 CHARMM>    scalar wmain = radius
  
 CHARMM>    scalar wmain mult 2.5   sele resname TIP3 end
 SELRPN>      0 atoms have been selected out of    136
  
 CHARMM>    scalar wmain add  1.529 sele .not. resname TIP3 end
 SELRPN>    136 atoms have been selected out of    136
  
 CHARMM>    scalar wmain mult 0.85  sele .not. resname TIP3 end
 SELRPN>    136 atoms have been selected out of    136
  
 CHARMM>    calc zab = ( @a + @b ) / 2.0
 Parameter: A -> "-6.6"
 Parameter: B -> "-6.4"
Evaluating: (-6.6+-6.4)/2.0
 Parameter: ZAB <- "-6.5"
  
 CHARMM>     
  
 CHARMM>    coor search -
 CHARMM>         xmin @x1  xmax @x2  xgrip @xncel -
 CHARMM>         ymin @y1  ymax @y2  ygrip @yncel -
 CHARMM>         zmin @a   zmax @b   zgrip 5
 Parameter: X1 -> "-7.59951228"
 Parameter: X2 -> "7.80998274"
 Parameter: XNCEL -> "77"
 Parameter: Y1 -> "-11.6131518"
 Parameter: Y2 -> "10.15572"
 Parameter: YNCEL -> "108"
 Parameter: A -> "-6.6"
 Parameter: B -> "-6.4"

 A TOTAL OF    32769   VACUUM POINTS WERE FOUND
 A TOTAL OF     8811 OCCUPIED POINTS WERE FOUND
 A TOTAL OF        0 EXTERNAL POINTS WERE FOUND
 A TOTAL OF    32769 SELECTED POINTS WERE FOUND
 TOTAL OCCUPIED  VOLUME =      14.216577
 TOTAL SELECTED  VOLUME =      52.872887
 TOTAL FREE      VOLUME =      52.872887
 FRACTIONAL FREE VOLUME =      78.809524
  
 CHARMM>     
  
 CHARMM>    calc c = ?volume * @factor
 Parameter: FACTOR -> "5"
 RDCMND substituted energy or value "?VOLUME" to "14.216577"
Evaluating: 14.216577*5
 Parameter: C <- "71.082885"
  
 CHARMM>     
  
 CHARMM>    if a .lt. -10 if a .gt. -20 if c .gt. @botarea set botarea = @c
 Parameter: BOTAREA -> "-1"
 Parameter: C -> "71.082885"
 Comparing "-6.6" and "-10".
 IF test evaluated as false.  Skipping command
  
 CHARMM>    if a .gt.  10 if a .lt.  20 if c .gt. @toparea set toparea = @c
 Parameter: TOPAREA -> "-1"
 Parameter: C -> "71.082885"
 Comparing "-6.6" and "10".
 IF test evaluated as false.  Skipping command
  
 CHARMM>     
  
 CHARMM>    write title unit 51
 RDTITL> * -6.4  71.082885
 RDTITL> *
  
 CHARMM>     
  
 CHARMM>    incr a by @dcel
 Parameter: DCEL -> "0.2"
 Parameter: A <- "-6.4"
  
 CHARMM>    incr b by @dcel
 Parameter: DCEL -> "0.2"
 Parameter: B <- "-6.2"
  
 CHARMM>    if b le ?ZMAX goto DOAREA
 RDCMND substituted energy or value "?ZMAX" to "11.6295697"
 Comparing "-6.2" and "11.6295697".
 IF test evaluated as true.  Performing command
  
 CHARMM>     
  
 CHARMM>    ! Cross sectional protein area with whole atom.
 CHARMM>    scalar wmain = radius
  
 CHARMM>    scalar wmain mult 2.5   sele resname TIP3 end
 SELRPN>      0 atoms have been selected out of    136
  
 CHARMM>    scalar wmain add  1.529 sele .not. resname TIP3 end
 SELRPN>    136 atoms have been selected out of    136
  
 CHARMM>    scalar wmain mult 0.85  sele .not. resname TIP3 end
 SELRPN>    136 atoms have been selected out of    136
  
 CHARMM>    calc zab = ( @a + @b ) / 2.0
 Parameter: A -> "-6.4"
 Parameter: B -> "-6.2"
Evaluating: (-6.4+-6.2)/2.0
 Parameter: ZAB <- "-6.3"
  
 CHARMM>     
  
 CHARMM>    coor search -
 CHARMM>         xmin @x1  xmax @x2  xgrip @xncel -
 CHARMM>         ymin @y1  ymax @y2  ygrip @yncel -
 CHARMM>         zmin @a   zmax @b   zgrip 5
 Parameter: X1 -> "-7.59951228"
 Parameter: X2 -> "7.80998274"
 Parameter: XNCEL -> "77"
 Parameter: Y1 -> "-11.6131518"
 Parameter: Y2 -> "10.15572"
 Parameter: YNCEL -> "108"
 Parameter: A -> "-6.4"
 Parameter: B -> "-6.2"

 A TOTAL OF    32635   VACUUM POINTS WERE FOUND
 A TOTAL OF     8945 OCCUPIED POINTS WERE FOUND
 A TOTAL OF        0 EXTERNAL POINTS WERE FOUND
 A TOTAL OF    32635 SELECTED POINTS WERE FOUND
 TOTAL OCCUPIED  VOLUME =      14.432786
 TOTAL SELECTED  VOLUME =      52.656678
 TOTAL FREE      VOLUME =      52.656678
 FRACTIONAL FREE VOLUME =      78.487253
  
 CHARMM>     
  
 CHARMM>    calc c = ?volume * @factor
 Parameter: FACTOR -> "5"
 RDCMND substituted energy or value "?VOLUME" to "14.4327864"
Evaluating: 14.4327864*5
 Parameter: C <- "72.163932"
  
 CHARMM>     
  
 CHARMM>    if a .lt. -10 if a .gt. -20 if c .gt. @botarea set botarea = @c
 Parameter: BOTAREA -> "-1"
 Parameter: C -> "72.163932"
 Comparing "-6.4" and "-10".
 IF test evaluated as false.  Skipping command
  
 CHARMM>    if a .gt.  10 if a .lt.  20 if c .gt. @toparea set toparea = @c
 Parameter: TOPAREA -> "-1"
 Parameter: C -> "72.163932"
 Comparing "-6.4" and "10".
 IF test evaluated as false.  Skipping command
  
 CHARMM>     
  
 CHARMM>    write title unit 51
 RDTITL> * -6.2  72.163932
 RDTITL> *
  
 CHARMM>     
  
 CHARMM>    incr a by @dcel
 Parameter: DCEL -> "0.2"
 Parameter: A <- "-6.2"
  
 CHARMM>    incr b by @dcel
 Parameter: DCEL -> "0.2"
 Parameter: B <- "-6"
  
 CHARMM>    if b le ?ZMAX goto DOAREA
 RDCMND substituted energy or value "?ZMAX" to "11.6295697"
 Comparing "-6" and "11.6295697".
 IF test evaluated as true.  Performing command
  
 CHARMM>     
  
 CHARMM>    ! Cross sectional protein area with whole atom.
 CHARMM>    scalar wmain = radius
  
 CHARMM>    scalar wmain mult 2.5   sele resname TIP3 end
 SELRPN>      0 atoms have been selected out of    136
  
 CHARMM>    scalar wmain add  1.529 sele .not. resname TIP3 end
 SELRPN>    136 atoms have been selected out of    136
  
 CHARMM>    scalar wmain mult 0.85  sele .not. resname TIP3 end
 SELRPN>    136 atoms have been selected out of    136
  
 CHARMM>    calc zab = ( @a + @b ) / 2.0
 Parameter: A -> "-6.2"
 Parameter: B -> "-6"
Evaluating: (-6.2+-6)/2.0
 Parameter: ZAB <- "-6.1"
  
 CHARMM>     
  
 CHARMM>    coor search -
 CHARMM>         xmin @x1  xmax @x2  xgrip @xncel -
 CHARMM>         ymin @y1  ymax @y2  ygrip @yncel -
 CHARMM>         zmin @a   zmax @b   zgrip 5
 Parameter: X1 -> "-7.59951228"
 Parameter: X2 -> "7.80998274"
 Parameter: XNCEL -> "77"
 Parameter: Y1 -> "-11.6131518"
 Parameter: Y2 -> "10.15572"
 Parameter: YNCEL -> "108"
 Parameter: A -> "-6.2"
 Parameter: B -> "-6"

 A TOTAL OF    32462   VACUUM POINTS WERE FOUND
 A TOTAL OF     9118 OCCUPIED POINTS WERE FOUND
 A TOTAL OF        0 EXTERNAL POINTS WERE FOUND
 A TOTAL OF    32462 SELECTED POINTS WERE FOUND
 TOTAL OCCUPIED  VOLUME =      14.711922
 TOTAL SELECTED  VOLUME =      52.377542
 TOTAL FREE      VOLUME =      52.377542
 FRACTIONAL FREE VOLUME =      78.071188
  
 CHARMM>     
  
 CHARMM>    calc c = ?volume * @factor
 Parameter: FACTOR -> "5"
 RDCMND substituted energy or value "?VOLUME" to "14.7119225"
Evaluating: 14.7119225*5
 Parameter: C <- "73.5596125"
  
 CHARMM>     
  
 CHARMM>    if a .lt. -10 if a .gt. -20 if c .gt. @botarea set botarea = @c
 Parameter: BOTAREA -> "-1"
 Parameter: C -> "73.5596125"
 Comparing "-6.2" and "-10".
 IF test evaluated as false.  Skipping command
  
 CHARMM>    if a .gt.  10 if a .lt.  20 if c .gt. @toparea set toparea = @c
 Parameter: TOPAREA -> "-1"
 Parameter: C -> "73.5596125"
 Comparing "-6.2" and "10".
 IF test evaluated as false.  Skipping command
  
 CHARMM>     
  
 CHARMM>    write title unit 51
 RDTITL> * -6  73.5596125
 RDTITL> *
  
 CHARMM>     
  
 CHARMM>    incr a by @dcel
 Parameter: DCEL -> "0.2"
 Parameter: A <- "-6"
  
 CHARMM>    incr b by @dcel
 Parameter: DCEL -> "0.2"
 Parameter: B <- "-5.8"
  
 CHARMM>    if b le ?ZMAX goto DOAREA
 RDCMND substituted energy or value "?ZMAX" to "11.6295697"
 Comparing "-5.8" and "11.6295697".
 IF test evaluated as true.  Performing command
  
 CHARMM>     
  
 CHARMM>    ! Cross sectional protein area with whole atom.
 CHARMM>    scalar wmain = radius
  
 CHARMM>    scalar wmain mult 2.5   sele resname TIP3 end
 SELRPN>      0 atoms have been selected out of    136
  
 CHARMM>    scalar wmain add  1.529 sele .not. resname TIP3 end
 SELRPN>    136 atoms have been selected out of    136
  
 CHARMM>    scalar wmain mult 0.85  sele .not. resname TIP3 end
 SELRPN>    136 atoms have been selected out of    136
  
 CHARMM>    calc zab = ( @a + @b ) / 2.0
 Parameter: A -> "-6"
 Parameter: B -> "-5.8"
Evaluating: (-6+-5.8)/2.0
 Parameter: ZAB <- "-5.9"
  
 CHARMM>     
  
 CHARMM>    coor search -
 CHARMM>         xmin @x1  xmax @x2  xgrip @xncel -
 CHARMM>         ymin @y1  ymax @y2  ygrip @yncel -
 CHARMM>         zmin @a   zmax @b   zgrip 5
 Parameter: X1 -> "-7.59951228"
 Parameter: X2 -> "7.80998274"
 Parameter: XNCEL -> "77"
 Parameter: Y1 -> "-11.6131518"
 Parameter: Y2 -> "10.15572"
 Parameter: YNCEL -> "108"
 Parameter: A -> "-6"
 Parameter: B -> "-5.8"

 A TOTAL OF    32272   VACUUM POINTS WERE FOUND
 A TOTAL OF     9308 OCCUPIED POINTS WERE FOUND
 A TOTAL OF        0 EXTERNAL POINTS WERE FOUND
 A TOTAL OF    32272 SELECTED POINTS WERE FOUND
 TOTAL OCCUPIED  VOLUME =      15.018488
 TOTAL SELECTED  VOLUME =      52.070976
 TOTAL FREE      VOLUME =      52.070976
 FRACTIONAL FREE VOLUME =      77.614238
  
 CHARMM>     
  
 CHARMM>    calc c = ?volume * @factor
 Parameter: FACTOR -> "5"
 RDCMND substituted energy or value "?VOLUME" to "15.0184881"
Evaluating: 15.0184881*5
 Parameter: C <- "75.0924405"
  
 CHARMM>     
  
 CHARMM>    if a .lt. -10 if a .gt. -20 if c .gt. @botarea set botarea = @c
 Parameter: BOTAREA -> "-1"
 Parameter: C -> "75.0924405"
 Comparing "-6" and "-10".
 IF test evaluated as false.  Skipping command
  
 CHARMM>    if a .gt.  10 if a .lt.  20 if c .gt. @toparea set toparea = @c
 Parameter: TOPAREA -> "-1"
 Parameter: C -> "75.0924405"
 Comparing "-6" and "10".
 IF test evaluated as false.  Skipping command
  
 CHARMM>     
  
 CHARMM>    write title unit 51
 RDTITL> * -5.8  75.0924405
 RDTITL> *
  
 CHARMM>     
  
 CHARMM>    incr a by @dcel
 Parameter: DCEL -> "0.2"
 Parameter: A <- "-5.8"
  
 CHARMM>    incr b by @dcel
 Parameter: DCEL -> "0.2"
 Parameter: B <- "-5.6"
  
 CHARMM>    if b le ?ZMAX goto DOAREA
 RDCMND substituted energy or value "?ZMAX" to "11.6295697"
 Comparing "-5.6" and "11.6295697".
 IF test evaluated as true.  Performing command
  
 CHARMM>     
  
 CHARMM>    ! Cross sectional protein area with whole atom.
 CHARMM>    scalar wmain = radius
  
 CHARMM>    scalar wmain mult 2.5   sele resname TIP3 end
 SELRPN>      0 atoms have been selected out of    136
  
 CHARMM>    scalar wmain add  1.529 sele .not. resname TIP3 end
 SELRPN>    136 atoms have been selected out of    136
  
 CHARMM>    scalar wmain mult 0.85  sele .not. resname TIP3 end
 SELRPN>    136 atoms have been selected out of    136
  
 CHARMM>    calc zab = ( @a + @b ) / 2.0
 Parameter: A -> "-5.8"
 Parameter: B -> "-5.6"
Evaluating: (-5.8+-5.6)/2.0
 Parameter: ZAB <- "-5.7"
  
 CHARMM>     
  
 CHARMM>    coor search -
 CHARMM>         xmin @x1  xmax @x2  xgrip @xncel -
 CHARMM>         ymin @y1  ymax @y2  ygrip @yncel -
 CHARMM>         zmin @a   zmax @b   zgrip 5
 Parameter: X1 -> "-7.59951228"
 Parameter: X2 -> "7.80998274"
 Parameter: XNCEL -> "77"
 Parameter: Y1 -> "-11.6131518"
 Parameter: Y2 -> "10.15572"
 Parameter: YNCEL -> "108"
 Parameter: A -> "-5.8"
 Parameter: B -> "-5.6"

 A TOTAL OF    32136   VACUUM POINTS WERE FOUND
 A TOTAL OF     9444 OCCUPIED POINTS WERE FOUND
 A TOTAL OF        0 EXTERNAL POINTS WERE FOUND
 A TOTAL OF    32136 SELECTED POINTS WERE FOUND
 TOTAL OCCUPIED  VOLUME =      15.237925
 TOTAL SELECTED  VOLUME =      51.851540
 TOTAL FREE      VOLUME =      51.851540
 FRACTIONAL FREE VOLUME =      77.287157
  
 CHARMM>     
  
 CHARMM>    calc c = ?volume * @factor
 Parameter: FACTOR -> "5"
 RDCMND substituted energy or value "?VOLUME" to "15.2379245"
Evaluating: 15.2379245*5
 Parameter: C <- "76.1896225"
  
 CHARMM>     
  
 CHARMM>    if a .lt. -10 if a .gt. -20 if c .gt. @botarea set botarea = @c
 Parameter: BOTAREA -> "-1"
 Parameter: C -> "76.1896225"
 Comparing "-5.8" and "-10".
 IF test evaluated as false.  Skipping command
  
 CHARMM>    if a .gt.  10 if a .lt.  20 if c .gt. @toparea set toparea = @c
 Parameter: TOPAREA -> "-1"
 Parameter: C -> "76.1896225"
 Comparing "-5.8" and "10".
 IF test evaluated as false.  Skipping command
  
 CHARMM>     
  
 CHARMM>    write title unit 51
 RDTITL> * -5.6  76.1896225
 RDTITL> *
  
 CHARMM>     
  
 CHARMM>    incr a by @dcel
 Parameter: DCEL -> "0.2"
 Parameter: A <- "-5.6"
  
 CHARMM>    incr b by @dcel
 Parameter: DCEL -> "0.2"
 Parameter: B <- "-5.4"
  
 CHARMM>    if b le ?ZMAX goto DOAREA
 RDCMND substituted energy or value "?ZMAX" to "11.6295697"
 Comparing "-5.4" and "11.6295697".
 IF test evaluated as true.  Performing command
  
 CHARMM>     
  
 CHARMM>    ! Cross sectional protein area with whole atom.
 CHARMM>    scalar wmain = radius
  
 CHARMM>    scalar wmain mult 2.5   sele resname TIP3 end
 SELRPN>      0 atoms have been selected out of    136
  
 CHARMM>    scalar wmain add  1.529 sele .not. resname TIP3 end
 SELRPN>    136 atoms have been selected out of    136
  
 CHARMM>    scalar wmain mult 0.85  sele .not. resname TIP3 end
 SELRPN>    136 atoms have been selected out of    136
  
 CHARMM>    calc zab = ( @a + @b ) / 2.0
 Parameter: A -> "-5.6"
 Parameter: B -> "-5.4"
Evaluating: (-5.6+-5.4)/2.0
 Parameter: ZAB <- "-5.5"
  
 CHARMM>     
  
 CHARMM>    coor search -
 CHARMM>         xmin @x1  xmax @x2  xgrip @xncel -
 CHARMM>         ymin @y1  ymax @y2  ygrip @yncel -
 CHARMM>         zmin @a   zmax @b   zgrip 5
 Parameter: X1 -> "-7.59951228"
 Parameter: X2 -> "7.80998274"
 Parameter: XNCEL -> "77"
 Parameter: Y1 -> "-11.6131518"
 Parameter: Y2 -> "10.15572"
 Parameter: YNCEL -> "108"
 Parameter: A -> "-5.6"
 Parameter: B -> "-5.4"

 A TOTAL OF    32029   VACUUM POINTS WERE FOUND
 A TOTAL OF     9551 OCCUPIED POINTS WERE FOUND
 A TOTAL OF        0 EXTERNAL POINTS WERE FOUND
 A TOTAL OF    32029 SELECTED POINTS WERE FOUND
 TOTAL OCCUPIED  VOLUME =      15.410569
 TOTAL SELECTED  VOLUME =      51.678895
 TOTAL FREE      VOLUME =      51.678895
 FRACTIONAL FREE VOLUME =      77.029822
  
 CHARMM>     
  
 CHARMM>    calc c = ?volume * @factor
 Parameter: FACTOR -> "5"
 RDCMND substituted energy or value "?VOLUME" to "15.4105694"
Evaluating: 15.4105694*5
 Parameter: C <- "77.052847"
  
 CHARMM>     
  
 CHARMM>    if a .lt. -10 if a .gt. -20 if c .gt. @botarea set botarea = @c
 Parameter: BOTAREA -> "-1"
 Parameter: C -> "77.052847"
 Comparing "-5.6" and "-10".
 IF test evaluated as false.  Skipping command
  
 CHARMM>    if a .gt.  10 if a .lt.  20 if c .gt. @toparea set toparea = @c
 Parameter: TOPAREA -> "-1"
 Parameter: C -> "77.052847"
 Comparing "-5.6" and "10".
 IF test evaluated as false.  Skipping command
  
 CHARMM>     
  
 CHARMM>    write title unit 51
 RDTITL> * -5.4  77.052847
 RDTITL> *
  
 CHARMM>     
  
 CHARMM>    incr a by @dcel
 Parameter: DCEL -> "0.2"
 Parameter: A <- "-5.4"
  
 CHARMM>    incr b by @dcel
 Parameter: DCEL -> "0.2"
 Parameter: B <- "-5.2"
  
 CHARMM>    if b le ?ZMAX goto DOAREA
 RDCMND substituted energy or value "?ZMAX" to "11.6295697"
 Comparing "-5.2" and "11.6295697".
 IF test evaluated as true.  Performing command
  
 CHARMM>     
  
 CHARMM>    ! Cross sectional protein area with whole atom.
 CHARMM>    scalar wmain = radius
  
 CHARMM>    scalar wmain mult 2.5   sele resname TIP3 end
 SELRPN>      0 atoms have been selected out of    136
  
 CHARMM>    scalar wmain add  1.529 sele .not. resname TIP3 end
 SELRPN>    136 atoms have been selected out of    136
  
 CHARMM>    scalar wmain mult 0.85  sele .not. resname TIP3 end
 SELRPN>    136 atoms have been selected out of    136
  
 CHARMM>    calc zab = ( @a + @b ) / 2.0
 Parameter: A -> "-5.4"
 Parameter: B -> "-5.2"
Evaluating: (-5.4+-5.2)/2.0
 Parameter: ZAB <- "-5.3"
  
 CHARMM>     
  
 CHARMM>    coor search -
 CHARMM>         xmin @x1  xmax @x2  xgrip @xncel -
 CHARMM>         ymin @y1  ymax @y2  ygrip @yncel -
 CHARMM>         zmin @a   zmax @b   zgrip 5
 Parameter: X1 -> "-7.59951228"
 Parameter: X2 -> "7.80998274"
 Parameter: XNCEL -> "77"
 Parameter: Y1 -> "-11.6131518"
 Parameter: Y2 -> "10.15572"
 Parameter: YNCEL -> "108"
 Parameter: A -> "-5.4"
 Parameter: B -> "-5.2"

 A TOTAL OF    31926   VACUUM POINTS WERE FOUND
 A TOTAL OF     9654 OCCUPIED POINTS WERE FOUND
 A TOTAL OF        0 EXTERNAL POINTS WERE FOUND
 A TOTAL OF    31926 SELECTED POINTS WERE FOUND
 TOTAL OCCUPIED  VOLUME =      15.576760
 TOTAL SELECTED  VOLUME =      51.512704
 TOTAL FREE      VOLUME =      51.512704
 FRACTIONAL FREE VOLUME =      76.782107
  
 CHARMM>     
  
 CHARMM>    calc c = ?volume * @factor
 Parameter: FACTOR -> "5"
 RDCMND substituted energy or value "?VOLUME" to "15.5767602"
Evaluating: 15.5767602*5
 Parameter: C <- "77.883801"
  
 CHARMM>     
  
 CHARMM>    if a .lt. -10 if a .gt. -20 if c .gt. @botarea set botarea = @c
 Parameter: BOTAREA -> "-1"
 Parameter: C -> "77.883801"
 Comparing "-5.4" and "-10".
 IF test evaluated as false.  Skipping command
  
 CHARMM>    if a .gt.  10 if a .lt.  20 if c .gt. @toparea set toparea = @c
 Parameter: TOPAREA -> "-1"
 Parameter: C -> "77.883801"
 Comparing "-5.4" and "10".
 IF test evaluated as false.  Skipping command
  
 CHARMM>     
  
 CHARMM>    write title unit 51
 RDTITL> * -5.2  77.883801
 RDTITL> *
  
 CHARMM>     
  
 CHARMM>    incr a by @dcel
 Parameter: DCEL -> "0.2"
 Parameter: A <- "-5.2"
  
 CHARMM>    incr b by @dcel
 Parameter: DCEL -> "0.2"
 Parameter: B <- "-5"
  
 CHARMM>    if b le ?ZMAX goto DOAREA
 RDCMND substituted energy or value "?ZMAX" to "11.6295697"
 Comparing "-5" and "11.6295697".
 IF test evaluated as true.  Performing command
  
 CHARMM>     
  
 CHARMM>    ! Cross sectional protein area with whole atom.
 CHARMM>    scalar wmain = radius
  
 CHARMM>    scalar wmain mult 2.5   sele resname TIP3 end
 SELRPN>      0 atoms have been selected out of    136
  
 CHARMM>    scalar wmain add  1.529 sele .not. resname TIP3 end
 SELRPN>    136 atoms have been selected out of    136
  
 CHARMM>    scalar wmain mult 0.85  sele .not. resname TIP3 end
 SELRPN>    136 atoms have been selected out of    136
  
 CHARMM>    calc zab = ( @a + @b ) / 2.0
 Parameter: A -> "-5.2"
 Parameter: B -> "-5"
Evaluating: (-5.2+-5)/2.0
 Parameter: ZAB <- "-5.1"
  
 CHARMM>     
  
 CHARMM>    coor search -
 CHARMM>         xmin @x1  xmax @x2  xgrip @xncel -
 CHARMM>         ymin @y1  ymax @y2  ygrip @yncel -
 CHARMM>         zmin @a   zmax @b   zgrip 5
 Parameter: X1 -> "-7.59951228"
 Parameter: X2 -> "7.80998274"
 Parameter: XNCEL -> "77"
 Parameter: Y1 -> "-11.6131518"
 Parameter: Y2 -> "10.15572"
 Parameter: YNCEL -> "108"
 Parameter: A -> "-5.2"
 Parameter: B -> "-5"

 A TOTAL OF    31838   VACUUM POINTS WERE FOUND
 A TOTAL OF     9742 OCCUPIED POINTS WERE FOUND
 A TOTAL OF        0 EXTERNAL POINTS WERE FOUND
 A TOTAL OF    31838 SELECTED POINTS WERE FOUND
 TOTAL OCCUPIED  VOLUME =      15.718748
 TOTAL SELECTED  VOLUME =      51.370716
 TOTAL FREE      VOLUME =      51.370716
 FRACTIONAL FREE VOLUME =      76.570467
  
 CHARMM>     
  
 CHARMM>    calc c = ?volume * @factor
 Parameter: FACTOR -> "5"
 RDCMND substituted energy or value "?VOLUME" to "15.7187485"
Evaluating: 15.7187485*5
 Parameter: C <- "78.5937425"
  
 CHARMM>     
  
 CHARMM>    if a .lt. -10 if a .gt. -20 if c .gt. @botarea set botarea = @c
 Parameter: BOTAREA -> "-1"
 Parameter: C -> "78.5937425"
 Comparing "-5.2" and "-10".
 IF test evaluated as false.  Skipping command
  
 CHARMM>    if a .gt.  10 if a .lt.  20 if c .gt. @toparea set toparea = @c
 Parameter: TOPAREA -> "-1"
 Parameter: C -> "78.5937425"
 Comparing "-5.2" and "10".
 IF test evaluated as false.  Skipping command
  
 CHARMM>     
  
 CHARMM>    write title unit 51
 RDTITL> * -5  78.5937425
 RDTITL> *
  
 CHARMM>     
  
 CHARMM>    incr a by @dcel
 Parameter: DCEL -> "0.2"
 Parameter: A <- "-5"
  
 CHARMM>    incr b by @dcel
 Parameter: DCEL -> "0.2"
 Parameter: B <- "-4.8"
  
 CHARMM>    if b le ?ZMAX goto DOAREA
 RDCMND substituted energy or value "?ZMAX" to "11.6295697"
 Comparing "-4.8" and "11.6295697".
 IF test evaluated as true.  Performing command
  
 CHARMM>     
  
 CHARMM>    ! Cross sectional protein area with whole atom.
 CHARMM>    scalar wmain = radius
  
 CHARMM>    scalar wmain mult 2.5   sele resname TIP3 end
 SELRPN>      0 atoms have been selected out of    136
  
 CHARMM>    scalar wmain add  1.529 sele .not. resname TIP3 end
 SELRPN>    136 atoms have been selected out of    136
  
 CHARMM>    scalar wmain mult 0.85  sele .not. resname TIP3 end
 SELRPN>    136 atoms have been selected out of    136
  
 CHARMM>    calc zab = ( @a + @b ) / 2.0
 Parameter: A -> "-5"
 Parameter: B -> "-4.8"
Evaluating: (-5+-4.8)/2.0
 Parameter: ZAB <- "-4.9"
  
 CHARMM>     
  
 CHARMM>    coor search -
 CHARMM>         xmin @x1  xmax @x2  xgrip @xncel -
 CHARMM>         ymin @y1  ymax @y2  ygrip @yncel -
 CHARMM>         zmin @a   zmax @b   zgrip 5
 Parameter: X1 -> "-7.59951228"
 Parameter: X2 -> "7.80998274"
 Parameter: XNCEL -> "77"
 Parameter: Y1 -> "-11.6131518"
 Parameter: Y2 -> "10.15572"
 Parameter: YNCEL -> "108"
 Parameter: A -> "-5"
 Parameter: B -> "-4.8"

 A TOTAL OF    31820   VACUUM POINTS WERE FOUND
 A TOTAL OF     9760 OCCUPIED POINTS WERE FOUND
 A TOTAL OF        0 EXTERNAL POINTS WERE FOUND
 A TOTAL OF    31820 SELECTED POINTS WERE FOUND
 TOTAL OCCUPIED  VOLUME =      15.747792
 TOTAL SELECTED  VOLUME =      51.341673
 TOTAL FREE      VOLUME =      51.341673
 FRACTIONAL FREE VOLUME =      76.527177
  
 CHARMM>     
  
 CHARMM>    calc c = ?volume * @factor
 Parameter: FACTOR -> "5"
 RDCMND substituted energy or value "?VOLUME" to "15.7477915"
Evaluating: 15.7477915*5
 Parameter: C <- "78.7389575"
  
 CHARMM>     
  
 CHARMM>    if a .lt. -10 if a .gt. -20 if c .gt. @botarea set botarea = @c
 Parameter: BOTAREA -> "-1"
 Parameter: C -> "78.7389575"
 Comparing "-5" and "-10".
 IF test evaluated as false.  Skipping command
  
 CHARMM>    if a .gt.  10 if a .lt.  20 if c .gt. @toparea set toparea = @c
 Parameter: TOPAREA -> "-1"
 Parameter: C -> "78.7389575"
 Comparing "-5" and "10".
 IF test evaluated as false.  Skipping command
  
 CHARMM>     
  
 CHARMM>    write title unit 51
 RDTITL> * -4.8  78.7389575
 RDTITL> *
  
 CHARMM>     
  
 CHARMM>    incr a by @dcel
 Parameter: DCEL -> "0.2"
 Parameter: A <- "-4.8"
  
 CHARMM>    incr b by @dcel
 Parameter: DCEL -> "0.2"
 Parameter: B <- "-4.6"
  
 CHARMM>    if b le ?ZMAX goto DOAREA
 RDCMND substituted energy or value "?ZMAX" to "11.6295697"
 Comparing "-4.6" and "11.6295697".
 IF test evaluated as true.  Performing command
  
 CHARMM>     
  
 CHARMM>    ! Cross sectional protein area with whole atom.
 CHARMM>    scalar wmain = radius
  
 CHARMM>    scalar wmain mult 2.5   sele resname TIP3 end
 SELRPN>      0 atoms have been selected out of    136
  
 CHARMM>    scalar wmain add  1.529 sele .not. resname TIP3 end
 SELRPN>    136 atoms have been selected out of    136
  
 CHARMM>    scalar wmain mult 0.85  sele .not. resname TIP3 end
 SELRPN>    136 atoms have been selected out of    136
  
 CHARMM>    calc zab = ( @a + @b ) / 2.0
 Parameter: A -> "-4.8"
 Parameter: B -> "-4.6"
Evaluating: (-4.8+-4.6)/2.0
 Parameter: ZAB <- "-4.7"
  
 CHARMM>     
  
 CHARMM>    coor search -
 CHARMM>         xmin @x1  xmax @x2  xgrip @xncel -
 CHARMM>         ymin @y1  ymax @y2  ygrip @yncel -
 CHARMM>         zmin @a   zmax @b   zgrip 5
 Parameter: X1 -> "-7.59951228"
 Parameter: X2 -> "7.80998274"
 Parameter: XNCEL -> "77"
 Parameter: Y1 -> "-11.6131518"
 Parameter: Y2 -> "10.15572"
 Parameter: YNCEL -> "108"
 Parameter: A -> "-4.8"
 Parameter: B -> "-4.6"

 A TOTAL OF    31836   VACUUM POINTS WERE FOUND
 A TOTAL OF     9744 OCCUPIED POINTS WERE FOUND
 A TOTAL OF        0 EXTERNAL POINTS WERE FOUND
 A TOTAL OF    31836 SELECTED POINTS WERE FOUND
 TOTAL OCCUPIED  VOLUME =      15.721975
 TOTAL SELECTED  VOLUME =      51.367489
 TOTAL FREE      VOLUME =      51.367489
 FRACTIONAL FREE VOLUME =      76.565657
  
 CHARMM>     
  
 CHARMM>    calc c = ?volume * @factor
 Parameter: FACTOR -> "5"
 RDCMND substituted energy or value "?VOLUME" to "15.7219755"
Evaluating: 15.7219755*5
 Parameter: C <- "78.6098775"
  
 CHARMM>     
  
 CHARMM>    if a .lt. -10 if a .gt. -20 if c .gt. @botarea set botarea = @c
 Parameter: BOTAREA -> "-1"
 Parameter: C -> "78.6098775"
 Comparing "-4.8" and "-10".
 IF test evaluated as false.  Skipping command
  
 CHARMM>    if a .gt.  10 if a .lt.  20 if c .gt. @toparea set toparea = @c
 Parameter: TOPAREA -> "-1"
 Parameter: C -> "78.6098775"
 Comparing "-4.8" and "10".
 IF test evaluated as false.  Skipping command
  
 CHARMM>     
  
 CHARMM>    write title unit 51
 RDTITL> * -4.6  78.6098775
 RDTITL> *
  
 CHARMM>     
  
 CHARMM>    incr a by @dcel
 Parameter: DCEL -> "0.2"
 Parameter: A <- "-4.6"
  
 CHARMM>    incr b by @dcel
 Parameter: DCEL -> "0.2"
 Parameter: B <- "-4.4"
  
 CHARMM>    if b le ?ZMAX goto DOAREA
 RDCMND substituted energy or value "?ZMAX" to "11.6295697"
 Comparing "-4.4" and "11.6295697".
 IF test evaluated as true.  Performing command
  
 CHARMM>     
  
 CHARMM>    ! Cross sectional protein area with whole atom.
 CHARMM>    scalar wmain = radius
  
 CHARMM>    scalar wmain mult 2.5   sele resname TIP3 end
 SELRPN>      0 atoms have been selected out of    136
  
 CHARMM>    scalar wmain add  1.529 sele .not. resname TIP3 end
 SELRPN>    136 atoms have been selected out of    136
  
 CHARMM>    scalar wmain mult 0.85  sele .not. resname TIP3 end
 SELRPN>    136 atoms have been selected out of    136
  
 CHARMM>    calc zab = ( @a + @b ) / 2.0
 Parameter: A -> "-4.6"
 Parameter: B -> "-4.4"
Evaluating: (-4.6+-4.4)/2.0
 Parameter: ZAB <- "-4.5"
  
 CHARMM>     
  
 CHARMM>    coor search -
 CHARMM>         xmin @x1  xmax @x2  xgrip @xncel -
 CHARMM>         ymin @y1  ymax @y2  ygrip @yncel -
 CHARMM>         zmin @a   zmax @b   zgrip 5
 Parameter: X1 -> "-7.59951228"
 Parameter: X2 -> "7.80998274"
 Parameter: XNCEL -> "77"
 Parameter: Y1 -> "-11.6131518"
 Parameter: Y2 -> "10.15572"
 Parameter: YNCEL -> "108"
 Parameter: A -> "-4.6"
 Parameter: B -> "-4.4"

 A TOTAL OF    31900   VACUUM POINTS WERE FOUND
 A TOTAL OF     9680 OCCUPIED POINTS WERE FOUND
 A TOTAL OF        0 EXTERNAL POINTS WERE FOUND
 A TOTAL OF    31900 SELECTED POINTS WERE FOUND
 TOTAL OCCUPIED  VOLUME =      15.618711
 TOTAL SELECTED  VOLUME =      51.470753
 TOTAL FREE      VOLUME =      51.470753
 FRACTIONAL FREE VOLUME =      76.719577
  
 CHARMM>     
  
 CHARMM>    calc c = ?volume * @factor
 Parameter: FACTOR -> "5"
 RDCMND substituted energy or value "?VOLUME" to "15.6187113"
Evaluating: 15.6187113*5
 Parameter: C <- "78.0935565"
  
 CHARMM>     
  
 CHARMM>    if a .lt. -10 if a .gt. -20 if c .gt. @botarea set botarea = @c
 Parameter: BOTAREA -> "-1"
 Parameter: C -> "78.0935565"
 Comparing "-4.6" and "-10".
 IF test evaluated as false.  Skipping command
  
 CHARMM>    if a .gt.  10 if a .lt.  20 if c .gt. @toparea set toparea = @c
 Parameter: TOPAREA -> "-1"
 Parameter: C -> "78.0935565"
 Comparing "-4.6" and "10".
 IF test evaluated as false.  Skipping command
  
 CHARMM>     
  
 CHARMM>    write title unit 51
 RDTITL> * -4.4  78.0935565
 RDTITL> *
  
 CHARMM>     
  
 CHARMM>    incr a by @dcel
 Parameter: DCEL -> "0.2"
 Parameter: A <- "-4.4"
  
 CHARMM>    incr b by @dcel
 Parameter: DCEL -> "0.2"
 Parameter: B <- "-4.2"
  
 CHARMM>    if b le ?ZMAX goto DOAREA
 RDCMND substituted energy or value "?ZMAX" to "11.6295697"
 Comparing "-4.2" and "11.6295697".
 IF test evaluated as true.  Performing command
  
 CHARMM>     
  
 CHARMM>    ! Cross sectional protein area with whole atom.
 CHARMM>    scalar wmain = radius
  
 CHARMM>    scalar wmain mult 2.5   sele resname TIP3 end
 SELRPN>      0 atoms have been selected out of    136
  
 CHARMM>    scalar wmain add  1.529 sele .not. resname TIP3 end
 SELRPN>    136 atoms have been selected out of    136
  
 CHARMM>    scalar wmain mult 0.85  sele .not. resname TIP3 end
 SELRPN>    136 atoms have been selected out of    136
  
 CHARMM>    calc zab = ( @a + @b ) / 2.0
 Parameter: A -> "-4.4"
 Parameter: B -> "-4.2"
Evaluating: (-4.4+-4.2)/2.0
 Parameter: ZAB <- "-4.3"
  
 CHARMM>     
  
 CHARMM>    coor search -
 CHARMM>         xmin @x1  xmax @x2  xgrip @xncel -
 CHARMM>         ymin @y1  ymax @y2  ygrip @yncel -
 CHARMM>         zmin @a   zmax @b   zgrip 5
 Parameter: X1 -> "-7.59951228"
 Parameter: X2 -> "7.80998274"
 Parameter: XNCEL -> "77"
 Parameter: Y1 -> "-11.6131518"
 Parameter: Y2 -> "10.15572"
 Parameter: YNCEL -> "108"
 Parameter: A -> "-4.4"
 Parameter: B -> "-4.2"

 A TOTAL OF    32053   VACUUM POINTS WERE FOUND
 A TOTAL OF     9527 OCCUPIED POINTS WERE FOUND
 A TOTAL OF        0 EXTERNAL POINTS WERE FOUND
 A TOTAL OF    32053 SELECTED POINTS WERE FOUND
 TOTAL OCCUPIED  VOLUME =      15.371845
 TOTAL SELECTED  VOLUME =      51.717619
 TOTAL FREE      VOLUME =      51.717619
 FRACTIONAL FREE VOLUME =      77.087542
  
 CHARMM>     
  
 CHARMM>    calc c = ?volume * @factor
 Parameter: FACTOR -> "5"
 RDCMND substituted energy or value "?VOLUME" to "15.3718453"
Evaluating: 15.3718453*5
 Parameter: C <- "76.8592265"
  
 CHARMM>     
  
 CHARMM>    if a .lt. -10 if a .gt. -20 if c .gt. @botarea set botarea = @c
 Parameter: BOTAREA -> "-1"
 Parameter: C -> "76.8592265"
 Comparing "-4.4" and "-10".
 IF test evaluated as false.  Skipping command
  
 CHARMM>    if a .gt.  10 if a .lt.  20 if c .gt. @toparea set toparea = @c
 Parameter: TOPAREA -> "-1"
 Parameter: C -> "76.8592265"
 Comparing "-4.4" and "10".
 IF test evaluated as false.  Skipping command
  
 CHARMM>     
  
 CHARMM>    write title unit 51
 RDTITL> * -4.2  76.8592265
 RDTITL> *
  
 CHARMM>     
  
 CHARMM>    incr a by @dcel
 Parameter: DCEL -> "0.2"
 Parameter: A <- "-4.2"
  
 CHARMM>    incr b by @dcel
 Parameter: DCEL -> "0.2"
 Parameter: B <- "-4"
  
 CHARMM>    if b le ?ZMAX goto DOAREA
 RDCMND substituted energy or value "?ZMAX" to "11.6295697"
 Comparing "-4" and "11.6295697".
 IF test evaluated as true.  Performing command
  
 CHARMM>     
  
 CHARMM>    ! Cross sectional protein area with whole atom.
 CHARMM>    scalar wmain = radius
  
 CHARMM>    scalar wmain mult 2.5   sele resname TIP3 end
 SELRPN>      0 atoms have been selected out of    136
  
 CHARMM>    scalar wmain add  1.529 sele .not. resname TIP3 end
 SELRPN>    136 atoms have been selected out of    136
  
 CHARMM>    scalar wmain mult 0.85  sele .not. resname TIP3 end
 SELRPN>    136 atoms have been selected out of    136
  
 CHARMM>    calc zab = ( @a + @b ) / 2.0
 Parameter: A -> "-4.2"
 Parameter: B -> "-4"
Evaluating: (-4.2+-4)/2.0
 Parameter: ZAB <- "-4.1"
  
 CHARMM>     
  
 CHARMM>    coor search -
 CHARMM>         xmin @x1  xmax @x2  xgrip @xncel -
 CHARMM>         ymin @y1  ymax @y2  ygrip @yncel -
 CHARMM>         zmin @a   zmax @b   zgrip 5
 Parameter: X1 -> "-7.59951228"
 Parameter: X2 -> "7.80998274"
 Parameter: XNCEL -> "77"
 Parameter: Y1 -> "-11.6131518"
 Parameter: Y2 -> "10.15572"
 Parameter: YNCEL -> "108"
 Parameter: A -> "-4.2"
 Parameter: B -> "-4"

 A TOTAL OF    32251   VACUUM POINTS WERE FOUND
 A TOTAL OF     9329 OCCUPIED POINTS WERE FOUND
 A TOTAL OF        0 EXTERNAL POINTS WERE FOUND
 A TOTAL OF    32251 SELECTED POINTS WERE FOUND
 TOTAL OCCUPIED  VOLUME =      15.052372
 TOTAL SELECTED  VOLUME =      52.037093
 TOTAL FREE      VOLUME =      52.037093
 FRACTIONAL FREE VOLUME =      77.563733
  
 CHARMM>     
  
 CHARMM>    calc c = ?volume * @factor
 Parameter: FACTOR -> "5"
 RDCMND substituted energy or value "?VOLUME" to "15.0523716"
Evaluating: 15.0523716*5
 Parameter: C <- "75.261858"
  
 CHARMM>     
  
 CHARMM>    if a .lt. -10 if a .gt. -20 if c .gt. @botarea set botarea = @c
 Parameter: BOTAREA -> "-1"
 Parameter: C -> "75.261858"
 Comparing "-4.2" and "-10".
 IF test evaluated as false.  Skipping command
  
 CHARMM>    if a .gt.  10 if a .lt.  20 if c .gt. @toparea set toparea = @c
 Parameter: TOPAREA -> "-1"
 Parameter: C -> "75.261858"
 Comparing "-4.2" and "10".
 IF test evaluated as false.  Skipping command
  
 CHARMM>     
  
 CHARMM>    write title unit 51
 RDTITL> * -4  75.261858
 RDTITL> *
  
 CHARMM>     
  
 CHARMM>    incr a by @dcel
 Parameter: DCEL -> "0.2"
 Parameter: A <- "-4"
  
 CHARMM>    incr b by @dcel
 Parameter: DCEL -> "0.2"
 Parameter: B <- "-3.8"
  
 CHARMM>    if b le ?ZMAX goto DOAREA
 RDCMND substituted energy or value "?ZMAX" to "11.6295697"
 Comparing "-3.8" and "11.6295697".
 IF test evaluated as true.  Performing command
  
 CHARMM>     
  
 CHARMM>    ! Cross sectional protein area with whole atom.
 CHARMM>    scalar wmain = radius
  
 CHARMM>    scalar wmain mult 2.5   sele resname TIP3 end
 SELRPN>      0 atoms have been selected out of    136
  
 CHARMM>    scalar wmain add  1.529 sele .not. resname TIP3 end
 SELRPN>    136 atoms have been selected out of    136
  
 CHARMM>    scalar wmain mult 0.85  sele .not. resname TIP3 end
 SELRPN>    136 atoms have been selected out of    136
  
 CHARMM>    calc zab = ( @a + @b ) / 2.0
 Parameter: A -> "-4"
 Parameter: B -> "-3.8"
Evaluating: (-4+-3.8)/2.0
 Parameter: ZAB <- "-3.9"
  
 CHARMM>     
  
 CHARMM>    coor search -
 CHARMM>         xmin @x1  xmax @x2  xgrip @xncel -
 CHARMM>         ymin @y1  ymax @y2  ygrip @yncel -
 CHARMM>         zmin @a   zmax @b   zgrip 5
 Parameter: X1 -> "-7.59951228"
 Parameter: X2 -> "7.80998274"
 Parameter: XNCEL -> "77"
 Parameter: Y1 -> "-11.6131518"
 Parameter: Y2 -> "10.15572"
 Parameter: YNCEL -> "108"
 Parameter: A -> "-4"
 Parameter: B -> "-3.8"

 A TOTAL OF    32415   VACUUM POINTS WERE FOUND
 A TOTAL OF     9165 OCCUPIED POINTS WERE FOUND
 A TOTAL OF        0 EXTERNAL POINTS WERE FOUND
 A TOTAL OF    32415 SELECTED POINTS WERE FOUND
 TOTAL OCCUPIED  VOLUME =      14.787757
 TOTAL SELECTED  VOLUME =      52.301707
 TOTAL FREE      VOLUME =      52.301707
 FRACTIONAL FREE VOLUME =      77.958153
  
 CHARMM>     
  
 CHARMM>    calc c = ?volume * @factor
 Parameter: FACTOR -> "5"
 RDCMND substituted energy or value "?VOLUME" to "14.7877571"
Evaluating: 14.7877571*5
 Parameter: C <- "73.9387855"
  
 CHARMM>     
  
 CHARMM>    if a .lt. -10 if a .gt. -20 if c .gt. @botarea set botarea = @c
 Parameter: BOTAREA -> "-1"
 Parameter: C -> "73.9387855"
 Comparing "-4" and "-10".
 IF test evaluated as false.  Skipping command
  
 CHARMM>    if a .gt.  10 if a .lt.  20 if c .gt. @toparea set toparea = @c
 Parameter: TOPAREA -> "-1"
 Parameter: C -> "73.9387855"
 Comparing "-4" and "10".
 IF test evaluated as false.  Skipping command
  
 CHARMM>     
  
 CHARMM>    write title unit 51
 RDTITL> * -3.8  73.9387855
 RDTITL> *
  
 CHARMM>     
  
 CHARMM>    incr a by @dcel
 Parameter: DCEL -> "0.2"
 Parameter: A <- "-3.8"
  
 CHARMM>    incr b by @dcel
 Parameter: DCEL -> "0.2"
 Parameter: B <- "-3.6"
  
 CHARMM>    if b le ?ZMAX goto DOAREA
 RDCMND substituted energy or value "?ZMAX" to "11.6295697"
 Comparing "-3.6" and "11.6295697".
 IF test evaluated as true.  Performing command
  
 CHARMM>     
  
 CHARMM>    ! Cross sectional protein area with whole atom.
 CHARMM>    scalar wmain = radius
  
 CHARMM>    scalar wmain mult 2.5   sele resname TIP3 end
 SELRPN>      0 atoms have been selected out of    136
  
 CHARMM>    scalar wmain add  1.529 sele .not. resname TIP3 end
 SELRPN>    136 atoms have been selected out of    136
  
 CHARMM>    scalar wmain mult 0.85  sele .not. resname TIP3 end
 SELRPN>    136 atoms have been selected out of    136
  
 CHARMM>    calc zab = ( @a + @b ) / 2.0
 Parameter: A -> "-3.8"
 Parameter: B -> "-3.6"
Evaluating: (-3.8+-3.6)/2.0
 Parameter: ZAB <- "-3.7"
  
 CHARMM>     
  
 CHARMM>    coor search -
 CHARMM>         xmin @x1  xmax @x2  xgrip @xncel -
 CHARMM>         ymin @y1  ymax @y2  ygrip @yncel -
 CHARMM>         zmin @a   zmax @b   zgrip 5
 Parameter: X1 -> "-7.59951228"
 Parameter: X2 -> "7.80998274"
 Parameter: XNCEL -> "77"
 Parameter: Y1 -> "-11.6131518"
 Parameter: Y2 -> "10.15572"
 Parameter: YNCEL -> "108"
 Parameter: A -> "-3.8"
 Parameter: B -> "-3.6"

 A TOTAL OF    32598   VACUUM POINTS WERE FOUND
 A TOTAL OF     8982 OCCUPIED POINTS WERE FOUND
 A TOTAL OF        0 EXTERNAL POINTS WERE FOUND
 A TOTAL OF    32598 SELECTED POINTS WERE FOUND
 TOTAL OCCUPIED  VOLUME =      14.492486
 TOTAL SELECTED  VOLUME =      52.596978
 TOTAL FREE      VOLUME =      52.596978
 FRACTIONAL FREE VOLUME =      78.398268
  
 CHARMM>     
  
 CHARMM>    calc c = ?volume * @factor
 Parameter: FACTOR -> "5"
 RDCMND substituted energy or value "?VOLUME" to "14.492486"
Evaluating: 14.492486*5
 Parameter: C <- "72.46243"
  
 CHARMM>     
  
 CHARMM>    if a .lt. -10 if a .gt. -20 if c .gt. @botarea set botarea = @c
 Parameter: BOTAREA -> "-1"
 Parameter: C -> "72.46243"
 Comparing "-3.8" and "-10".
 IF test evaluated as false.  Skipping command
  
 CHARMM>    if a .gt.  10 if a .lt.  20 if c .gt. @toparea set toparea = @c
 Parameter: TOPAREA -> "-1"
 Parameter: C -> "72.46243"
 Comparing "-3.8" and "10".
 IF test evaluated as false.  Skipping command
  
 CHARMM>     
  
 CHARMM>    write title unit 51
 RDTITL> * -3.6  72.46243
 RDTITL> *
  
 CHARMM>     
  
 CHARMM>    incr a by @dcel
 Parameter: DCEL -> "0.2"
 Parameter: A <- "-3.6"
  
 CHARMM>    incr b by @dcel
 Parameter: DCEL -> "0.2"
 Parameter: B <- "-3.4"
  
 CHARMM>    if b le ?ZMAX goto DOAREA
 RDCMND substituted energy or value "?ZMAX" to "11.6295697"
 Comparing "-3.4" and "11.6295697".
 IF test evaluated as true.  Performing command
  
 CHARMM>     
  
 CHARMM>    ! Cross sectional protein area with whole atom.
 CHARMM>    scalar wmain = radius
  
 CHARMM>    scalar wmain mult 2.5   sele resname TIP3 end
 SELRPN>      0 atoms have been selected out of    136
  
 CHARMM>    scalar wmain add  1.529 sele .not. resname TIP3 end
 SELRPN>    136 atoms have been selected out of    136
  
 CHARMM>    scalar wmain mult 0.85  sele .not. resname TIP3 end
 SELRPN>    136 atoms have been selected out of    136
  
 CHARMM>    calc zab = ( @a + @b ) / 2.0
 Parameter: A -> "-3.6"
 Parameter: B -> "-3.4"
Evaluating: (-3.6+-3.4)/2.0
 Parameter: ZAB <- "-3.5"
  
 CHARMM>     
  
 CHARMM>    coor search -
 CHARMM>         xmin @x1  xmax @x2  xgrip @xncel -
 CHARMM>         ymin @y1  ymax @y2  ygrip @yncel -
 CHARMM>         zmin @a   zmax @b   zgrip 5
 Parameter: X1 -> "-7.59951228"
 Parameter: X2 -> "7.80998274"
 Parameter: XNCEL -> "77"
 Parameter: Y1 -> "-11.6131518"
 Parameter: Y2 -> "10.15572"
 Parameter: YNCEL -> "108"
 Parameter: A -> "-3.6"
 Parameter: B -> "-3.4"

 A TOTAL OF    32723   VACUUM POINTS WERE FOUND
 A TOTAL OF     8857 OCCUPIED POINTS WERE FOUND
 A TOTAL OF        0 EXTERNAL POINTS WERE FOUND
 A TOTAL OF    32723 SELECTED POINTS WERE FOUND
 TOTAL OCCUPIED  VOLUME =      14.290798
 TOTAL SELECTED  VOLUME =      52.798666
 TOTAL FREE      VOLUME =      52.798666
 FRACTIONAL FREE VOLUME =      78.698894
  
 CHARMM>     
  
 CHARMM>    calc c = ?volume * @factor
 Parameter: FACTOR -> "5"
 RDCMND substituted energy or value "?VOLUME" to "14.2907981"
Evaluating: 14.2907981*5
 Parameter: C <- "71.4539905"
  
 CHARMM>     
  
 CHARMM>    if a .lt. -10 if a .gt. -20 if c .gt. @botarea set botarea = @c
 Parameter: BOTAREA -> "-1"
 Parameter: C -> "71.4539905"
 Comparing "-3.6" and "-10".
 IF test evaluated as false.  Skipping command
  
 CHARMM>    if a .gt.  10 if a .lt.  20 if c .gt. @toparea set toparea = @c
 Parameter: TOPAREA -> "-1"
 Parameter: C -> "71.4539905"
 Comparing "-3.6" and "10".
 IF test evaluated as false.  Skipping command
  
 CHARMM>     
  
 CHARMM>    write title unit 51
 RDTITL> * -3.4  71.4539905
 RDTITL> *
  
 CHARMM>     
  
 CHARMM>    incr a by @dcel
 Parameter: DCEL -> "0.2"
 Parameter: A <- "-3.4"
  
 CHARMM>    incr b by @dcel
 Parameter: DCEL -> "0.2"
 Parameter: B <- "-3.2"
  
 CHARMM>    if b le ?ZMAX goto DOAREA
 RDCMND substituted energy or value "?ZMAX" to "11.6295697"
 Comparing "-3.2" and "11.6295697".
 IF test evaluated as true.  Performing command
  
 CHARMM>     
  
 CHARMM>    ! Cross sectional protein area with whole atom.
 CHARMM>    scalar wmain = radius
  
 CHARMM>    scalar wmain mult 2.5   sele resname TIP3 end
 SELRPN>      0 atoms have been selected out of    136
  
 CHARMM>    scalar wmain add  1.529 sele .not. resname TIP3 end
 SELRPN>    136 atoms have been selected out of    136
  
 CHARMM>    scalar wmain mult 0.85  sele .not. resname TIP3 end
 SELRPN>    136 atoms have been selected out of    136
  
 CHARMM>    calc zab = ( @a + @b ) / 2.0
 Parameter: A -> "-3.4"
 Parameter: B -> "-3.2"
Evaluating: (-3.4+-3.2)/2.0
 Parameter: ZAB <- "-3.3"
  
 CHARMM>     
  
 CHARMM>    coor search -
 CHARMM>         xmin @x1  xmax @x2  xgrip @xncel -
 CHARMM>         ymin @y1  ymax @y2  ygrip @yncel -
 CHARMM>         zmin @a   zmax @b   zgrip 5
 Parameter: X1 -> "-7.59951228"
 Parameter: X2 -> "7.80998274"
 Parameter: XNCEL -> "77"
 Parameter: Y1 -> "-11.6131518"
 Parameter: Y2 -> "10.15572"
 Parameter: YNCEL -> "108"
 Parameter: A -> "-3.4"
 Parameter: B -> "-3.2"

 A TOTAL OF    32726   VACUUM POINTS WERE FOUND
 A TOTAL OF     8854 OCCUPIED POINTS WERE FOUND
 A TOTAL OF        0 EXTERNAL POINTS WERE FOUND
 A TOTAL OF    32726 SELECTED POINTS WERE FOUND
 TOTAL OCCUPIED  VOLUME =      14.285958
 TOTAL SELECTED  VOLUME =      52.803507
 TOTAL FREE      VOLUME =      52.803507
 FRACTIONAL FREE VOLUME =      78.706109
  
 CHARMM>     
  
 CHARMM>    calc c = ?volume * @factor
 Parameter: FACTOR -> "5"
 RDCMND substituted energy or value "?VOLUME" to "14.2859576"
Evaluating: 14.2859576*5
 Parameter: C <- "71.429788"
  
 CHARMM>     
  
 CHARMM>    if a .lt. -10 if a .gt. -20 if c .gt. @botarea set botarea = @c
 Parameter: BOTAREA -> "-1"
 Parameter: C -> "71.429788"
 Comparing "-3.4" and "-10".
 IF test evaluated as false.  Skipping command
  
 CHARMM>    if a .gt.  10 if a .lt.  20 if c .gt. @toparea set toparea = @c
 Parameter: TOPAREA -> "-1"
 Parameter: C -> "71.429788"
 Comparing "-3.4" and "10".
 IF test evaluated as false.  Skipping command
  
 CHARMM>     
  
 CHARMM>    write title unit 51
 RDTITL> * -3.2  71.429788
 RDTITL> *
  
 CHARMM>     
  
 CHARMM>    incr a by @dcel
 Parameter: DCEL -> "0.2"
 Parameter: A <- "-3.2"
  
 CHARMM>    incr b by @dcel
 Parameter: DCEL -> "0.2"
 Parameter: B <- "-3"
  
 CHARMM>    if b le ?ZMAX goto DOAREA
 RDCMND substituted energy or value "?ZMAX" to "11.6295697"
 Comparing "-3" and "11.6295697".
 IF test evaluated as true.  Performing command
  
 CHARMM>     
  
 CHARMM>    ! Cross sectional protein area with whole atom.
 CHARMM>    scalar wmain = radius
  
 CHARMM>    scalar wmain mult 2.5   sele resname TIP3 end
 SELRPN>      0 atoms have been selected out of    136
  
 CHARMM>    scalar wmain add  1.529 sele .not. resname TIP3 end
 SELRPN>    136 atoms have been selected out of    136
  
 CHARMM>    scalar wmain mult 0.85  sele .not. resname TIP3 end
 SELRPN>    136 atoms have been selected out of    136
  
 CHARMM>    calc zab = ( @a + @b ) / 2.0
 Parameter: A -> "-3.2"
 Parameter: B -> "-3"
Evaluating: (-3.2+-3)/2.0
 Parameter: ZAB <- "-3.1"
  
 CHARMM>     
  
 CHARMM>    coor search -
 CHARMM>         xmin @x1  xmax @x2  xgrip @xncel -
 CHARMM>         ymin @y1  ymax @y2  ygrip @yncel -
 CHARMM>         zmin @a   zmax @b   zgrip 5
 Parameter: X1 -> "-7.59951228"
 Parameter: X2 -> "7.80998274"
 Parameter: XNCEL -> "77"
 Parameter: Y1 -> "-11.6131518"
 Parameter: Y2 -> "10.15572"
 Parameter: YNCEL -> "108"
 Parameter: A -> "-3.2"
 Parameter: B -> "-3"

 A TOTAL OF    32720   VACUUM POINTS WERE FOUND
 A TOTAL OF     8860 OCCUPIED POINTS WERE FOUND
 A TOTAL OF        0 EXTERNAL POINTS WERE FOUND
 A TOTAL OF    32720 SELECTED POINTS WERE FOUND
 TOTAL OCCUPIED  VOLUME =      14.295639
 TOTAL SELECTED  VOLUME =      52.793826
 TOTAL FREE      VOLUME =      52.793826
 FRACTIONAL FREE VOLUME =      78.691679
  
 CHARMM>     
  
 CHARMM>    calc c = ?volume * @factor
 Parameter: FACTOR -> "5"
 RDCMND substituted energy or value "?VOLUME" to "14.2956386"
Evaluating: 14.2956386*5
 Parameter: C <- "71.478193"
  
 CHARMM>     
  
 CHARMM>    if a .lt. -10 if a .gt. -20 if c .gt. @botarea set botarea = @c
 Parameter: BOTAREA -> "-1"
 Parameter: C -> "71.478193"
 Comparing "-3.2" and "-10".
 IF test evaluated as false.  Skipping command
  
 CHARMM>    if a .gt.  10 if a .lt.  20 if c .gt. @toparea set toparea = @c
 Parameter: TOPAREA -> "-1"
 Parameter: C -> "71.478193"
 Comparing "-3.2" and "10".
 IF test evaluated as false.  Skipping command
  
 CHARMM>     
  
 CHARMM>    write title unit 51
 RDTITL> * -3  71.478193
 RDTITL> *
  
 CHARMM>     
  
 CHARMM>    incr a by @dcel
 Parameter: DCEL -> "0.2"
 Parameter: A <- "-3"
  
 CHARMM>    incr b by @dcel
 Parameter: DCEL -> "0.2"
 Parameter: B <- "-2.8"
  
 CHARMM>    if b le ?ZMAX goto DOAREA
 RDCMND substituted energy or value "?ZMAX" to "11.6295697"
 Comparing "-2.8" and "11.6295697".
 IF test evaluated as true.  Performing command
  
 CHARMM>     
  
 CHARMM>    ! Cross sectional protein area with whole atom.
 CHARMM>    scalar wmain = radius
  
 CHARMM>    scalar wmain mult 2.5   sele resname TIP3 end
 SELRPN>      0 atoms have been selected out of    136
  
 CHARMM>    scalar wmain add  1.529 sele .not. resname TIP3 end
 SELRPN>    136 atoms have been selected out of    136
  
 CHARMM>    scalar wmain mult 0.85  sele .not. resname TIP3 end
 SELRPN>    136 atoms have been selected out of    136
  
 CHARMM>    calc zab = ( @a + @b ) / 2.0
 Parameter: A -> "-3"
 Parameter: B -> "-2.8"
Evaluating: (-3+-2.8)/2.0
 Parameter: ZAB <- "-2.9"
  
 CHARMM>     
  
 CHARMM>    coor search -
 CHARMM>         xmin @x1  xmax @x2  xgrip @xncel -
 CHARMM>         ymin @y1  ymax @y2  ygrip @yncel -
 CHARMM>         zmin @a   zmax @b   zgrip 5
 Parameter: X1 -> "-7.59951228"
 Parameter: X2 -> "7.80998274"
 Parameter: XNCEL -> "77"
 Parameter: Y1 -> "-11.6131518"
 Parameter: Y2 -> "10.15572"
 Parameter: YNCEL -> "108"
 Parameter: A -> "-3"
 Parameter: B -> "-2.8"

 A TOTAL OF    32698   VACUUM POINTS WERE FOUND
 A TOTAL OF     8882 OCCUPIED POINTS WERE FOUND
 A TOTAL OF        0 EXTERNAL POINTS WERE FOUND
 A TOTAL OF    32698 SELECTED POINTS WERE FOUND
 TOTAL OCCUPIED  VOLUME =      14.331136
 TOTAL SELECTED  VOLUME =      52.758329
 TOTAL FREE      VOLUME =      52.758329
 FRACTIONAL FREE VOLUME =      78.638769
  
 CHARMM>     
  
 CHARMM>    calc c = ?volume * @factor
 Parameter: FACTOR -> "5"
 RDCMND substituted energy or value "?VOLUME" to "14.3311357"
Evaluating: 14.3311357*5
 Parameter: C <- "71.6556785"
  
 CHARMM>     
  
 CHARMM>    if a .lt. -10 if a .gt. -20 if c .gt. @botarea set botarea = @c
 Parameter: BOTAREA -> "-1"
 Parameter: C -> "71.6556785"
 Comparing "-3" and "-10".
 IF test evaluated as false.  Skipping command
  
 CHARMM>    if a .gt.  10 if a .lt.  20 if c .gt. @toparea set toparea = @c
 Parameter: TOPAREA -> "-1"
 Parameter: C -> "71.6556785"
 Comparing "-3" and "10".
 IF test evaluated as false.  Skipping command
  
 CHARMM>     
  
 CHARMM>    write title unit 51
 RDTITL> * -2.8  71.6556785
 RDTITL> *
  
 CHARMM>     
  
 CHARMM>    incr a by @dcel
 Parameter: DCEL -> "0.2"
 Parameter: A <- "-2.8"
  
 CHARMM>    incr b by @dcel
 Parameter: DCEL -> "0.2"
 Parameter: B <- "-2.6"
  
 CHARMM>    if b le ?ZMAX goto DOAREA
 RDCMND substituted energy or value "?ZMAX" to "11.6295697"
 Comparing "-2.6" and "11.6295697".
 IF test evaluated as true.  Performing command
  
 CHARMM>     
  
 CHARMM>    ! Cross sectional protein area with whole atom.
 CHARMM>    scalar wmain = radius
  
 CHARMM>    scalar wmain mult 2.5   sele resname TIP3 end
 SELRPN>      0 atoms have been selected out of    136
  
 CHARMM>    scalar wmain add  1.529 sele .not. resname TIP3 end
 SELRPN>    136 atoms have been selected out of    136
  
 CHARMM>    scalar wmain mult 0.85  sele .not. resname TIP3 end
 SELRPN>    136 atoms have been selected out of    136
  
 CHARMM>    calc zab = ( @a + @b ) / 2.0
 Parameter: A -> "-2.8"
 Parameter: B -> "-2.6"
Evaluating: (-2.8+-2.6)/2.0
 Parameter: ZAB <- "-2.7"
  
 CHARMM>     
  
 CHARMM>    coor search -
 CHARMM>         xmin @x1  xmax @x2  xgrip @xncel -
 CHARMM>         ymin @y1  ymax @y2  ygrip @yncel -
 CHARMM>         zmin @a   zmax @b   zgrip 5
 Parameter: X1 -> "-7.59951228"
 Parameter: X2 -> "7.80998274"
 Parameter: XNCEL -> "77"
 Parameter: Y1 -> "-11.6131518"
 Parameter: Y2 -> "10.15572"
 Parameter: YNCEL -> "108"
 Parameter: A -> "-2.8"
 Parameter: B -> "-2.6"

 A TOTAL OF    32730   VACUUM POINTS WERE FOUND
 A TOTAL OF     8850 OCCUPIED POINTS WERE FOUND
 A TOTAL OF        0 EXTERNAL POINTS WERE FOUND
 A TOTAL OF    32730 SELECTED POINTS WERE FOUND
 TOTAL OCCUPIED  VOLUME =      14.279504
 TOTAL SELECTED  VOLUME =      52.809961
 TOTAL FREE      VOLUME =      52.809961
 FRACTIONAL FREE VOLUME =      78.715729
  
 CHARMM>     
  
 CHARMM>    calc c = ?volume * @factor
 Parameter: FACTOR -> "5"
 RDCMND substituted energy or value "?VOLUME" to "14.2795036"
Evaluating: 14.2795036*5
 Parameter: C <- "71.397518"
  
 CHARMM>     
  
 CHARMM>    if a .lt. -10 if a .gt. -20 if c .gt. @botarea set botarea = @c
 Parameter: BOTAREA -> "-1"
 Parameter: C -> "71.397518"
 Comparing "-2.8" and "-10".
 IF test evaluated as false.  Skipping command
  
 CHARMM>    if a .gt.  10 if a .lt.  20 if c .gt. @toparea set toparea = @c
 Parameter: TOPAREA -> "-1"
 Parameter: C -> "71.397518"
 Comparing "-2.8" and "10".
 IF test evaluated as false.  Skipping command
  
 CHARMM>     
  
 CHARMM>    write title unit 51
 RDTITL> * -2.6  71.397518
 RDTITL> *
  
 CHARMM>     
  
 CHARMM>    incr a by @dcel
 Parameter: DCEL -> "0.2"
 Parameter: A <- "-2.6"
  
 CHARMM>    incr b by @dcel
 Parameter: DCEL -> "0.2"
 Parameter: B <- "-2.4"
  
 CHARMM>    if b le ?ZMAX goto DOAREA
 RDCMND substituted energy or value "?ZMAX" to "11.6295697"
 Comparing "-2.4" and "11.6295697".
 IF test evaluated as true.  Performing command
  
 CHARMM>     
  
 CHARMM>    ! Cross sectional protein area with whole atom.
 CHARMM>    scalar wmain = radius
  
 CHARMM>    scalar wmain mult 2.5   sele resname TIP3 end
 SELRPN>      0 atoms have been selected out of    136
  
 CHARMM>    scalar wmain add  1.529 sele .not. resname TIP3 end
 SELRPN>    136 atoms have been selected out of    136
  
 CHARMM>    scalar wmain mult 0.85  sele .not. resname TIP3 end
 SELRPN>    136 atoms have been selected out of    136
  
 CHARMM>    calc zab = ( @a + @b ) / 2.0
 Parameter: A -> "-2.6"
 Parameter: B -> "-2.4"
Evaluating: (-2.6+-2.4)/2.0
 Parameter: ZAB <- "-2.5"
  
 CHARMM>     
  
 CHARMM>    coor search -
 CHARMM>         xmin @x1  xmax @x2  xgrip @xncel -
 CHARMM>         ymin @y1  ymax @y2  ygrip @yncel -
 CHARMM>         zmin @a   zmax @b   zgrip 5
 Parameter: X1 -> "-7.59951228"
 Parameter: X2 -> "7.80998274"
 Parameter: XNCEL -> "77"
 Parameter: Y1 -> "-11.6131518"
 Parameter: Y2 -> "10.15572"
 Parameter: YNCEL -> "108"
 Parameter: A -> "-2.6"
 Parameter: B -> "-2.4"

 A TOTAL OF    32783   VACUUM POINTS WERE FOUND
 A TOTAL OF     8797 OCCUPIED POINTS WERE FOUND
 A TOTAL OF        0 EXTERNAL POINTS WERE FOUND
 A TOTAL OF    32783 SELECTED POINTS WERE FOUND
 TOTAL OCCUPIED  VOLUME =      14.193988
 TOTAL SELECTED  VOLUME =      52.895476
 TOTAL FREE      VOLUME =      52.895476
 FRACTIONAL FREE VOLUME =      78.843194
  
 CHARMM>     
  
 CHARMM>    calc c = ?volume * @factor
 Parameter: FACTOR -> "5"
 RDCMND substituted energy or value "?VOLUME" to "14.1939879"
Evaluating: 14.1939879*5
 Parameter: C <- "70.9699395"
  
 CHARMM>     
  
 CHARMM>    if a .lt. -10 if a .gt. -20 if c .gt. @botarea set botarea = @c
 Parameter: BOTAREA -> "-1"
 Parameter: C -> "70.9699395"
 Comparing "-2.6" and "-10".
 IF test evaluated as false.  Skipping command
  
 CHARMM>    if a .gt.  10 if a .lt.  20 if c .gt. @toparea set toparea = @c
 Parameter: TOPAREA -> "-1"
 Parameter: C -> "70.9699395"
 Comparing "-2.6" and "10".
 IF test evaluated as false.  Skipping command
  
 CHARMM>     
  
 CHARMM>    write title unit 51
 RDTITL> * -2.4  70.9699395
 RDTITL> *
  
 CHARMM>     
  
 CHARMM>    incr a by @dcel
 Parameter: DCEL -> "0.2"
 Parameter: A <- "-2.4"
  
 CHARMM>    incr b by @dcel
 Parameter: DCEL -> "0.2"
 Parameter: B <- "-2.2"
  
 CHARMM>    if b le ?ZMAX goto DOAREA
 RDCMND substituted energy or value "?ZMAX" to "11.6295697"
 Comparing "-2.2" and "11.6295697".
 IF test evaluated as true.  Performing command
  
 CHARMM>     
  
 CHARMM>    ! Cross sectional protein area with whole atom.
 CHARMM>    scalar wmain = radius
  
 CHARMM>    scalar wmain mult 2.5   sele resname TIP3 end
 SELRPN>      0 atoms have been selected out of    136
  
 CHARMM>    scalar wmain add  1.529 sele .not. resname TIP3 end
 SELRPN>    136 atoms have been selected out of    136
  
 CHARMM>    scalar wmain mult 0.85  sele .not. resname TIP3 end
 SELRPN>    136 atoms have been selected out of    136
  
 CHARMM>    calc zab = ( @a + @b ) / 2.0
 Parameter: A -> "-2.4"
 Parameter: B -> "-2.2"
Evaluating: (-2.4+-2.2)/2.0
 Parameter: ZAB <- "-2.3"
  
 CHARMM>     
  
 CHARMM>    coor search -
 CHARMM>         xmin @x1  xmax @x2  xgrip @xncel -
 CHARMM>         ymin @y1  ymax @y2  ygrip @yncel -
 CHARMM>         zmin @a   zmax @b   zgrip 5
 Parameter: X1 -> "-7.59951228"
 Parameter: X2 -> "7.80998274"
 Parameter: XNCEL -> "77"
 Parameter: Y1 -> "-11.6131518"
 Parameter: Y2 -> "10.15572"
 Parameter: YNCEL -> "108"
 Parameter: A -> "-2.4"
 Parameter: B -> "-2.2"

 A TOTAL OF    32897   VACUUM POINTS WERE FOUND
 A TOTAL OF     8683 OCCUPIED POINTS WERE FOUND
 A TOTAL OF        0 EXTERNAL POINTS WERE FOUND
 A TOTAL OF    32897 SELECTED POINTS WERE FOUND
 TOTAL OCCUPIED  VOLUME =      14.010049
 TOTAL SELECTED  VOLUME =      53.079416
 TOTAL FREE      VOLUME =      53.079416
 FRACTIONAL FREE VOLUME =      79.117364
  
 CHARMM>     
  
 CHARMM>    calc c = ?volume * @factor
 Parameter: FACTOR -> "5"
 RDCMND substituted energy or value "?VOLUME" to "14.0100485"
Evaluating: 14.0100485*5
 Parameter: C <- "70.0502425"
  
 CHARMM>     
  
 CHARMM>    if a .lt. -10 if a .gt. -20 if c .gt. @botarea set botarea = @c
 Parameter: BOTAREA -> "-1"
 Parameter: C -> "70.0502425"
 Comparing "-2.4" and "-10".
 IF test evaluated as false.  Skipping command
  
 CHARMM>    if a .gt.  10 if a .lt.  20 if c .gt. @toparea set toparea = @c
 Parameter: TOPAREA -> "-1"
 Parameter: C -> "70.0502425"
 Comparing "-2.4" and "10".
 IF test evaluated as false.  Skipping command
  
 CHARMM>     
  
 CHARMM>    write title unit 51
 RDTITL> * -2.2  70.0502425
 RDTITL> *
  
 CHARMM>     
  
 CHARMM>    incr a by @dcel
 Parameter: DCEL -> "0.2"
 Parameter: A <- "-2.2"
  
 CHARMM>    incr b by @dcel
 Parameter: DCEL -> "0.2"
 Parameter: B <- "-2"
  
 CHARMM>    if b le ?ZMAX goto DOAREA
 RDCMND substituted energy or value "?ZMAX" to "11.6295697"
 Comparing "-2" and "11.6295697".
 IF test evaluated as true.  Performing command
  
 CHARMM>     
  
 CHARMM>    ! Cross sectional protein area with whole atom.
 CHARMM>    scalar wmain = radius
  
 CHARMM>    scalar wmain mult 2.5   sele resname TIP3 end
 SELRPN>      0 atoms have been selected out of    136
  
 CHARMM>    scalar wmain add  1.529 sele .not. resname TIP3 end
 SELRPN>    136 atoms have been selected out of    136
  
 CHARMM>    scalar wmain mult 0.85  sele .not. resname TIP3 end
 SELRPN>    136 atoms have been selected out of    136
  
 CHARMM>    calc zab = ( @a + @b ) / 2.0
 Parameter: A -> "-2.2"
 Parameter: B -> "-2"
Evaluating: (-2.2+-2)/2.0
 Parameter: ZAB <- "-2.1"
  
 CHARMM>     
  
 CHARMM>    coor search -
 CHARMM>         xmin @x1  xmax @x2  xgrip @xncel -
 CHARMM>         ymin @y1  ymax @y2  ygrip @yncel -
 CHARMM>         zmin @a   zmax @b   zgrip 5
 Parameter: X1 -> "-7.59951228"
 Parameter: X2 -> "7.80998274"
 Parameter: XNCEL -> "77"
 Parameter: Y1 -> "-11.6131518"
 Parameter: Y2 -> "10.15572"
 Parameter: YNCEL -> "108"
 Parameter: A -> "-2.2"
 Parameter: B -> "-2"

 A TOTAL OF    32959   VACUUM POINTS WERE FOUND
 A TOTAL OF     8621 OCCUPIED POINTS WERE FOUND
 A TOTAL OF        0 EXTERNAL POINTS WERE FOUND
 A TOTAL OF    32959 SELECTED POINTS WERE FOUND
 TOTAL OCCUPIED  VOLUME =      13.910011
 TOTAL SELECTED  VOLUME =      53.179453
 TOTAL FREE      VOLUME =      53.179453
 FRACTIONAL FREE VOLUME =      79.266474
  
 CHARMM>     
  
 CHARMM>    calc c = ?volume * @factor
 Parameter: FACTOR -> "5"
 RDCMND substituted energy or value "?VOLUME" to "13.9100113"
Evaluating: 13.9100113*5
 Parameter: C <- "69.5500565"
  
 CHARMM>     
  
 CHARMM>    if a .lt. -10 if a .gt. -20 if c .gt. @botarea set botarea = @c
 Parameter: BOTAREA -> "-1"
 Parameter: C -> "69.5500565"
 Comparing "-2.2" and "-10".
 IF test evaluated as false.  Skipping command
  
 CHARMM>    if a .gt.  10 if a .lt.  20 if c .gt. @toparea set toparea = @c
 Parameter: TOPAREA -> "-1"
 Parameter: C -> "69.5500565"
 Comparing "-2.2" and "10".
 IF test evaluated as false.  Skipping command
  
 CHARMM>     
  
 CHARMM>    write title unit 51
 RDTITL> * -2  69.5500565
 RDTITL> *
  
 CHARMM>     
  
 CHARMM>    incr a by @dcel
 Parameter: DCEL -> "0.2"
 Parameter: A <- "-2"
  
 CHARMM>    incr b by @dcel
 Parameter: DCEL -> "0.2"
 Parameter: B <- "-1.8"
  
 CHARMM>    if b le ?ZMAX goto DOAREA
 RDCMND substituted energy or value "?ZMAX" to "11.6295697"
 Comparing "-1.8" and "11.6295697".
 IF test evaluated as true.  Performing command
  
 CHARMM>     
  
 CHARMM>    ! Cross sectional protein area with whole atom.
 CHARMM>    scalar wmain = radius
  
 CHARMM>    scalar wmain mult 2.5   sele resname TIP3 end
 SELRPN>      0 atoms have been selected out of    136
  
 CHARMM>    scalar wmain add  1.529 sele .not. resname TIP3 end
 SELRPN>    136 atoms have been selected out of    136
  
 CHARMM>    scalar wmain mult 0.85  sele .not. resname TIP3 end
 SELRPN>    136 atoms have been selected out of    136
  
 CHARMM>    calc zab = ( @a + @b ) / 2.0
 Parameter: A -> "-2"
 Parameter: B -> "-1.8"
Evaluating: (-2+-1.8)/2.0
 Parameter: ZAB <- "-1.9"
  
 CHARMM>     
  
 CHARMM>    coor search -
 CHARMM>         xmin @x1  xmax @x2  xgrip @xncel -
 CHARMM>         ymin @y1  ymax @y2  ygrip @yncel -
 CHARMM>         zmin @a   zmax @b   zgrip 5
 Parameter: X1 -> "-7.59951228"
 Parameter: X2 -> "7.80998274"
 Parameter: XNCEL -> "77"
 Parameter: Y1 -> "-11.6131518"
 Parameter: Y2 -> "10.15572"
 Parameter: YNCEL -> "108"
 Parameter: A -> "-2"
 Parameter: B -> "-1.8"

 A TOTAL OF    32988   VACUUM POINTS WERE FOUND
 A TOTAL OF     8592 OCCUPIED POINTS WERE FOUND
 A TOTAL OF        0 EXTERNAL POINTS WERE FOUND
 A TOTAL OF    32988 SELECTED POINTS WERE FOUND
 TOTAL OCCUPIED  VOLUME =      13.863220
 TOTAL SELECTED  VOLUME =      53.226245
 TOTAL FREE      VOLUME =      53.226245
 FRACTIONAL FREE VOLUME =      79.336219
  
 CHARMM>     
  
 CHARMM>    calc c = ?volume * @factor
 Parameter: FACTOR -> "5"
 RDCMND substituted energy or value "?VOLUME" to "13.8632198"
Evaluating: 13.8632198*5
 Parameter: C <- "69.316099"
  
 CHARMM>     
  
 CHARMM>    if a .lt. -10 if a .gt. -20 if c .gt. @botarea set botarea = @c
 Parameter: BOTAREA -> "-1"
 Parameter: C -> "69.316099"
 Comparing "-2" and "-10".
 IF test evaluated as false.  Skipping command
  
 CHARMM>    if a .gt.  10 if a .lt.  20 if c .gt. @toparea set toparea = @c
 Parameter: TOPAREA -> "-1"
 Parameter: C -> "69.316099"
 Comparing "-2" and "10".
 IF test evaluated as false.  Skipping command
  
 CHARMM>     
  
 CHARMM>    write title unit 51
 RDTITL> * -1.8  69.316099
 RDTITL> *
  
 CHARMM>     
  
 CHARMM>    incr a by @dcel
 Parameter: DCEL -> "0.2"
 Parameter: A <- "-1.8"
  
 CHARMM>    incr b by @dcel
 Parameter: DCEL -> "0.2"
 Parameter: B <- "-1.6"
  
 CHARMM>    if b le ?ZMAX goto DOAREA
 RDCMND substituted energy or value "?ZMAX" to "11.6295697"
 Comparing "-1.6" and "11.6295697".
 IF test evaluated as true.  Performing command
  
 CHARMM>     
  
 CHARMM>    ! Cross sectional protein area with whole atom.
 CHARMM>    scalar wmain = radius
  
 CHARMM>    scalar wmain mult 2.5   sele resname TIP3 end
 SELRPN>      0 atoms have been selected out of    136
  
 CHARMM>    scalar wmain add  1.529 sele .not. resname TIP3 end
 SELRPN>    136 atoms have been selected out of    136
  
 CHARMM>    scalar wmain mult 0.85  sele .not. resname TIP3 end
 SELRPN>    136 atoms have been selected out of    136
  
 CHARMM>    calc zab = ( @a + @b ) / 2.0
 Parameter: A -> "-1.8"
 Parameter: B -> "-1.6"
Evaluating: (-1.8+-1.6)/2.0
 Parameter: ZAB <- "-1.7"
  
 CHARMM>     
  
 CHARMM>    coor search -
 CHARMM>         xmin @x1  xmax @x2  xgrip @xncel -
 CHARMM>         ymin @y1  ymax @y2  ygrip @yncel -
 CHARMM>         zmin @a   zmax @b   zgrip 5
 Parameter: X1 -> "-7.59951228"
 Parameter: X2 -> "7.80998274"
 Parameter: XNCEL -> "77"
 Parameter: Y1 -> "-11.6131518"
 Parameter: Y2 -> "10.15572"
 Parameter: YNCEL -> "108"
 Parameter: A -> "-1.8"
 Parameter: B -> "-1.6"

 A TOTAL OF    33133   VACUUM POINTS WERE FOUND
 A TOTAL OF     8447 OCCUPIED POINTS WERE FOUND
 A TOTAL OF        0 EXTERNAL POINTS WERE FOUND
 A TOTAL OF    33133 SELECTED POINTS WERE FOUND
 TOTAL OCCUPIED  VOLUME =      13.629262
 TOTAL SELECTED  VOLUME =      53.460203
 TOTAL FREE      VOLUME =      53.460203
 FRACTIONAL FREE VOLUME =      79.684945
  
 CHARMM>     
  
 CHARMM>    calc c = ?volume * @factor
 Parameter: FACTOR -> "5"
 RDCMND substituted energy or value "?VOLUME" to "13.6292618"
Evaluating: 13.6292618*5
 Parameter: C <- "68.146309"
  
 CHARMM>     
  
 CHARMM>    if a .lt. -10 if a .gt. -20 if c .gt. @botarea set botarea = @c
 Parameter: BOTAREA -> "-1"
 Parameter: C -> "68.146309"
 Comparing "-1.8" and "-10".
 IF test evaluated as false.  Skipping command
  
 CHARMM>    if a .gt.  10 if a .lt.  20 if c .gt. @toparea set toparea = @c
 Parameter: TOPAREA -> "-1"
 Parameter: C -> "68.146309"
 Comparing "-1.8" and "10".
 IF test evaluated as false.  Skipping command
  
 CHARMM>     
  
 CHARMM>    write title unit 51
 RDTITL> * -1.6  68.146309
 RDTITL> *
  
 CHARMM>     
  
 CHARMM>    incr a by @dcel
 Parameter: DCEL -> "0.2"
 Parameter: A <- "-1.6"
  
 CHARMM>    incr b by @dcel
 Parameter: DCEL -> "0.2"
 Parameter: B <- "-1.4"
  
 CHARMM>    if b le ?ZMAX goto DOAREA
 RDCMND substituted energy or value "?ZMAX" to "11.6295697"
 Comparing "-1.4" and "11.6295697".
 IF test evaluated as true.  Performing command
  
 CHARMM>     
  
 CHARMM>    ! Cross sectional protein area with whole atom.
 CHARMM>    scalar wmain = radius
  
 CHARMM>    scalar wmain mult 2.5   sele resname TIP3 end
 SELRPN>      0 atoms have been selected out of    136
  
 CHARMM>    scalar wmain add  1.529 sele .not. resname TIP3 end
 SELRPN>    136 atoms have been selected out of    136
  
 CHARMM>    scalar wmain mult 0.85  sele .not. resname TIP3 end
 SELRPN>    136 atoms have been selected out of    136
  
 CHARMM>    calc zab = ( @a + @b ) / 2.0
 Parameter: A -> "-1.6"
 Parameter: B -> "-1.4"
Evaluating: (-1.6+-1.4)/2.0
 Parameter: ZAB <- "-1.5"
  
 CHARMM>     
  
 CHARMM>    coor search -
 CHARMM>         xmin @x1  xmax @x2  xgrip @xncel -
 CHARMM>         ymin @y1  ymax @y2  ygrip @yncel -
 CHARMM>         zmin @a   zmax @b   zgrip 5
 Parameter: X1 -> "-7.59951228"
 Parameter: X2 -> "7.80998274"
 Parameter: XNCEL -> "77"
 Parameter: Y1 -> "-11.6131518"
 Parameter: Y2 -> "10.15572"
 Parameter: YNCEL -> "108"
 Parameter: A -> "-1.6"
 Parameter: B -> "-1.4"

 A TOTAL OF    33327   VACUUM POINTS WERE FOUND
 A TOTAL OF     8253 OCCUPIED POINTS WERE FOUND
 A TOTAL OF        0 EXTERNAL POINTS WERE FOUND
 A TOTAL OF    33327 SELECTED POINTS WERE FOUND
 TOTAL OCCUPIED  VOLUME =      13.316242
 TOTAL SELECTED  VOLUME =      53.773222
 TOTAL FREE      VOLUME =      53.773222
 FRACTIONAL FREE VOLUME =      80.151515
  
 CHARMM>     
  
 CHARMM>    calc c = ?volume * @factor
 Parameter: FACTOR -> "5"
 RDCMND substituted energy or value "?VOLUME" to "13.3162422"
Evaluating: 13.3162422*5
 Parameter: C <- "66.581211"
  
 CHARMM>     
  
 CHARMM>    if a .lt. -10 if a .gt. -20 if c .gt. @botarea set botarea = @c
 Parameter: BOTAREA -> "-1"
 Parameter: C -> "66.581211"
 Comparing "-1.6" and "-10".
 IF test evaluated as false.  Skipping command
  
 CHARMM>    if a .gt.  10 if a .lt.  20 if c .gt. @toparea set toparea = @c
 Parameter: TOPAREA -> "-1"
 Parameter: C -> "66.581211"
 Comparing "-1.6" and "10".
 IF test evaluated as false.  Skipping command
  
 CHARMM>     
  
 CHARMM>    write title unit 51
 RDTITL> * -1.4  66.581211
 RDTITL> *
  
 CHARMM>     
  
 CHARMM>    incr a by @dcel
 Parameter: DCEL -> "0.2"
 Parameter: A <- "-1.4"
  
 CHARMM>    incr b by @dcel
 Parameter: DCEL -> "0.2"
 Parameter: B <- "-1.2"
  
 CHARMM>    if b le ?ZMAX goto DOAREA
 RDCMND substituted energy or value "?ZMAX" to "11.6295697"
 Comparing "-1.2" and "11.6295697".
 IF test evaluated as true.  Performing command
  
 CHARMM>     
  
 CHARMM>    ! Cross sectional protein area with whole atom.
 CHARMM>    scalar wmain = radius
  
 CHARMM>    scalar wmain mult 2.5   sele resname TIP3 end
 SELRPN>      0 atoms have been selected out of    136
  
 CHARMM>    scalar wmain add  1.529 sele .not. resname TIP3 end
 SELRPN>    136 atoms have been selected out of    136
  
 CHARMM>    scalar wmain mult 0.85  sele .not. resname TIP3 end
 SELRPN>    136 atoms have been selected out of    136
  
 CHARMM>    calc zab = ( @a + @b ) / 2.0
 Parameter: A -> "-1.4"
 Parameter: B -> "-1.2"
Evaluating: (-1.4+-1.2)/2.0
 Parameter: ZAB <- "-1.3"
  
 CHARMM>     
  
 CHARMM>    coor search -
 CHARMM>         xmin @x1  xmax @x2  xgrip @xncel -
 CHARMM>         ymin @y1  ymax @y2  ygrip @yncel -
 CHARMM>         zmin @a   zmax @b   zgrip 5
 Parameter: X1 -> "-7.59951228"
 Parameter: X2 -> "7.80998274"
 Parameter: XNCEL -> "77"
 Parameter: Y1 -> "-11.6131518"
 Parameter: Y2 -> "10.15572"
 Parameter: YNCEL -> "108"
 Parameter: A -> "-1.4"
 Parameter: B -> "-1.2"

 A TOTAL OF    33483   VACUUM POINTS WERE FOUND
 A TOTAL OF     8097 OCCUPIED POINTS WERE FOUND
 A TOTAL OF        0 EXTERNAL POINTS WERE FOUND
 A TOTAL OF    33483 SELECTED POINTS WERE FOUND
 TOTAL OCCUPIED  VOLUME =      13.064536
 TOTAL SELECTED  VOLUME =      54.024929
 TOTAL FREE      VOLUME =      54.024929
 FRACTIONAL FREE VOLUME =      80.526696
  
 CHARMM>     
  
 CHARMM>    calc c = ?volume * @factor
 Parameter: FACTOR -> "5"
 RDCMND substituted energy or value "?VOLUME" to "13.0645357"
Evaluating: 13.0645357*5
 Parameter: C <- "65.3226785"
  
 CHARMM>     
  
 CHARMM>    if a .lt. -10 if a .gt. -20 if c .gt. @botarea set botarea = @c
 Parameter: BOTAREA -> "-1"
 Parameter: C -> "65.3226785"
 Comparing "-1.4" and "-10".
 IF test evaluated as false.  Skipping command
  
 CHARMM>    if a .gt.  10 if a .lt.  20 if c .gt. @toparea set toparea = @c
 Parameter: TOPAREA -> "-1"
 Parameter: C -> "65.3226785"
 Comparing "-1.4" and "10".
 IF test evaluated as false.  Skipping command
  
 CHARMM>     
  
 CHARMM>    write title unit 51
 RDTITL> * -1.2  65.3226785
 RDTITL> *
  
 CHARMM>     
  
 CHARMM>    incr a by @dcel
 Parameter: DCEL -> "0.2"
 Parameter: A <- "-1.2"
  
 CHARMM>    incr b by @dcel
 Parameter: DCEL -> "0.2"
 Parameter: B <- "-1"
  
 CHARMM>    if b le ?ZMAX goto DOAREA
 RDCMND substituted energy or value "?ZMAX" to "11.6295697"
 Comparing "-1" and "11.6295697".
 IF test evaluated as true.  Performing command
  
 CHARMM>     
  
 CHARMM>    ! Cross sectional protein area with whole atom.
 CHARMM>    scalar wmain = radius
  
 CHARMM>    scalar wmain mult 2.5   sele resname TIP3 end
 SELRPN>      0 atoms have been selected out of    136
  
 CHARMM>    scalar wmain add  1.529 sele .not. resname TIP3 end
 SELRPN>    136 atoms have been selected out of    136
  
 CHARMM>    scalar wmain mult 0.85  sele .not. resname TIP3 end
 SELRPN>    136 atoms have been selected out of    136
  
 CHARMM>    calc zab = ( @a + @b ) / 2.0
 Parameter: A -> "-1.2"
 Parameter: B -> "-1"
Evaluating: (-1.2+-1)/2.0
 Parameter: ZAB <- "-1.1"
  
 CHARMM>     
  
 CHARMM>    coor search -
 CHARMM>         xmin @x1  xmax @x2  xgrip @xncel -
 CHARMM>         ymin @y1  ymax @y2  ygrip @yncel -
 CHARMM>         zmin @a   zmax @b   zgrip 5
 Parameter: X1 -> "-7.59951228"
 Parameter: X2 -> "7.80998274"
 Parameter: XNCEL -> "77"
 Parameter: Y1 -> "-11.6131518"
 Parameter: Y2 -> "10.15572"
 Parameter: YNCEL -> "108"
 Parameter: A -> "-1.2"
 Parameter: B -> "-1"

 A TOTAL OF    33736   VACUUM POINTS WERE FOUND
 A TOTAL OF     7844 OCCUPIED POINTS WERE FOUND
 A TOTAL OF        0 EXTERNAL POINTS WERE FOUND
 A TOTAL OF    33736 SELECTED POINTS WERE FOUND
 TOTAL OCCUPIED  VOLUME =      12.656319
 TOTAL SELECTED  VOLUME =      54.433145
 TOTAL FREE      VOLUME =      54.433145
 FRACTIONAL FREE VOLUME =      81.135161
  
 CHARMM>     
  
 CHARMM>    calc c = ?volume * @factor
 Parameter: FACTOR -> "5"
 RDCMND substituted energy or value "?VOLUME" to "12.6563193"
Evaluating: 12.6563193*5
 Parameter: C <- "63.2815965"
  
 CHARMM>     
  
 CHARMM>    if a .lt. -10 if a .gt. -20 if c .gt. @botarea set botarea = @c
 Parameter: BOTAREA -> "-1"
 Parameter: C -> "63.2815965"
 Comparing "-1.2" and "-10".
 IF test evaluated as false.  Skipping command
  
 CHARMM>    if a .gt.  10 if a .lt.  20 if c .gt. @toparea set toparea = @c
 Parameter: TOPAREA -> "-1"
 Parameter: C -> "63.2815965"
 Comparing "-1.2" and "10".
 IF test evaluated as false.  Skipping command
  
 CHARMM>     
  
 CHARMM>    write title unit 51
 RDTITL> * -1  63.2815965
 RDTITL> *
  
 CHARMM>     
  
 CHARMM>    incr a by @dcel
 Parameter: DCEL -> "0.2"
 Parameter: A <- "-1"
  
 CHARMM>    incr b by @dcel
 Parameter: DCEL -> "0.2"
 Parameter: B <- "-0.8"
  
 CHARMM>    if b le ?ZMAX goto DOAREA
 RDCMND substituted energy or value "?ZMAX" to "11.6295697"
 Comparing "-0.8" and "11.6295697".
 IF test evaluated as true.  Performing command
  
 CHARMM>     
  
 CHARMM>    ! Cross sectional protein area with whole atom.
 CHARMM>    scalar wmain = radius
  
 CHARMM>    scalar wmain mult 2.5   sele resname TIP3 end
 SELRPN>      0 atoms have been selected out of    136
  
 CHARMM>    scalar wmain add  1.529 sele .not. resname TIP3 end
 SELRPN>    136 atoms have been selected out of    136
  
 CHARMM>    scalar wmain mult 0.85  sele .not. resname TIP3 end
 SELRPN>    136 atoms have been selected out of    136
  
 CHARMM>    calc zab = ( @a + @b ) / 2.0
 Parameter: A -> "-1"
 Parameter: B -> "-0.8"
Evaluating: (-1+-0.8)/2.0
 Parameter: ZAB <- "-0.9"
  
 CHARMM>     
  
 CHARMM>    coor search -
 CHARMM>         xmin @x1  xmax @x2  xgrip @xncel -
 CHARMM>         ymin @y1  ymax @y2  ygrip @yncel -
 CHARMM>         zmin @a   zmax @b   zgrip 5
 Parameter: X1 -> "-7.59951228"
 Parameter: X2 -> "7.80998274"
 Parameter: XNCEL -> "77"
 Parameter: Y1 -> "-11.6131518"
 Parameter: Y2 -> "10.15572"
 Parameter: YNCEL -> "108"
 Parameter: A -> "-1"
 Parameter: B -> "-0.8"

 A TOTAL OF    33913   VACUUM POINTS WERE FOUND
 A TOTAL OF     7667 OCCUPIED POINTS WERE FOUND
 A TOTAL OF        0 EXTERNAL POINTS WERE FOUND
 A TOTAL OF    33913 SELECTED POINTS WERE FOUND
 TOTAL OCCUPIED  VOLUME =      12.370729
 TOTAL SELECTED  VOLUME =      54.718735
 TOTAL FREE      VOLUME =      54.718735
 FRACTIONAL FREE VOLUME =      81.560847
  
 CHARMM>     
  
 CHARMM>    calc c = ?volume * @factor
 Parameter: FACTOR -> "5"
 RDCMND substituted energy or value "?VOLUME" to "12.3707293"
Evaluating: 12.3707293*5
 Parameter: C <- "61.8536465"
  
 CHARMM>     
  
 CHARMM>    if a .lt. -10 if a .gt. -20 if c .gt. @botarea set botarea = @c
 Parameter: BOTAREA -> "-1"
 Parameter: C -> "61.8536465"
 Comparing "-1" and "-10".
 IF test evaluated as false.  Skipping command
  
 CHARMM>    if a .gt.  10 if a .lt.  20 if c .gt. @toparea set toparea = @c
 Parameter: TOPAREA -> "-1"
 Parameter: C -> "61.8536465"
 Comparing "-1" and "10".
 IF test evaluated as false.  Skipping command
  
 CHARMM>     
  
 CHARMM>    write title unit 51
 RDTITL> * -0.8  61.8536465
 RDTITL> *
  
 CHARMM>     
  
 CHARMM>    incr a by @dcel
 Parameter: DCEL -> "0.2"
 Parameter: A <- "-0.8"
  
 CHARMM>    incr b by @dcel
 Parameter: DCEL -> "0.2"
 Parameter: B <- "-0.6"
  
 CHARMM>    if b le ?ZMAX goto DOAREA
 RDCMND substituted energy or value "?ZMAX" to "11.6295697"
 Comparing "-0.6" and "11.6295697".
 IF test evaluated as true.  Performing command
  
 CHARMM>     
  
 CHARMM>    ! Cross sectional protein area with whole atom.
 CHARMM>    scalar wmain = radius
  
 CHARMM>    scalar wmain mult 2.5   sele resname TIP3 end
 SELRPN>      0 atoms have been selected out of    136
  
 CHARMM>    scalar wmain add  1.529 sele .not. resname TIP3 end
 SELRPN>    136 atoms have been selected out of    136
  
 CHARMM>    scalar wmain mult 0.85  sele .not. resname TIP3 end
 SELRPN>    136 atoms have been selected out of    136
  
 CHARMM>    calc zab = ( @a + @b ) / 2.0
 Parameter: A -> "-0.8"
 Parameter: B -> "-0.6"
Evaluating: (-0.8+-0.6)/2.0
 Parameter: ZAB <- "-0.7"
  
 CHARMM>     
  
 CHARMM>    coor search -
 CHARMM>         xmin @x1  xmax @x2  xgrip @xncel -
 CHARMM>         ymin @y1  ymax @y2  ygrip @yncel -
 CHARMM>         zmin @a   zmax @b   zgrip 5
 Parameter: X1 -> "-7.59951228"
 Parameter: X2 -> "7.80998274"
 Parameter: XNCEL -> "77"
 Parameter: Y1 -> "-11.6131518"
 Parameter: Y2 -> "10.15572"
 Parameter: YNCEL -> "108"
 Parameter: A -> "-0.8"
 Parameter: B -> "-0.6"

 A TOTAL OF    33812   VACUUM POINTS WERE FOUND
 A TOTAL OF     7768 OCCUPIED POINTS WERE FOUND
 A TOTAL OF        0 EXTERNAL POINTS WERE FOUND
 A TOTAL OF    33812 SELECTED POINTS WERE FOUND
 TOTAL OCCUPIED  VOLUME =      12.533693
 TOTAL SELECTED  VOLUME =      54.555771
 TOTAL FREE      VOLUME =      54.555771
 FRACTIONAL FREE VOLUME =      81.317941
  
 CHARMM>     
  
 CHARMM>    calc c = ?volume * @factor
 Parameter: FACTOR -> "5"
 RDCMND substituted energy or value "?VOLUME" to "12.5336931"
Evaluating: 12.5336931*5
 Parameter: C <- "62.6684655"
  
 CHARMM>     
  
 CHARMM>    if a .lt. -10 if a .gt. -20 if c .gt. @botarea set botarea = @c
 Parameter: BOTAREA -> "-1"
 Parameter: C -> "62.6684655"
 Comparing "-0.8" and "-10".
 IF test evaluated as false.  Skipping command
  
 CHARMM>    if a .gt.  10 if a .lt.  20 if c .gt. @toparea set toparea = @c
 Parameter: TOPAREA -> "-1"
 Parameter: C -> "62.6684655"
 Comparing "-0.8" and "10".
 IF test evaluated as false.  Skipping command
  
 CHARMM>     
  
 CHARMM>    write title unit 51
 RDTITL> * -0.6  62.6684655
 RDTITL> *
  
 CHARMM>     
  
 CHARMM>    incr a by @dcel
 Parameter: DCEL -> "0.2"
 Parameter: A <- "-0.6"
  
 CHARMM>    incr b by @dcel
 Parameter: DCEL -> "0.2"
 Parameter: B <- "-0.4"
  
 CHARMM>    if b le ?ZMAX goto DOAREA
 RDCMND substituted energy or value "?ZMAX" to "11.6295697"
 Comparing "-0.4" and "11.6295697".
 IF test evaluated as true.  Performing command
  
 CHARMM>     
  
 CHARMM>    ! Cross sectional protein area with whole atom.
 CHARMM>    scalar wmain = radius
  
 CHARMM>    scalar wmain mult 2.5   sele resname TIP3 end
 SELRPN>      0 atoms have been selected out of    136
  
 CHARMM>    scalar wmain add  1.529 sele .not. resname TIP3 end
 SELRPN>    136 atoms have been selected out of    136
  
 CHARMM>    scalar wmain mult 0.85  sele .not. resname TIP3 end
 SELRPN>    136 atoms have been selected out of    136
  
 CHARMM>    calc zab = ( @a + @b ) / 2.0
 Parameter: A -> "-0.6"
 Parameter: B -> "-0.4"
Evaluating: (-0.6+-0.4)/2.0
 Parameter: ZAB <- "-0.5"
  
 CHARMM>     
  
 CHARMM>    coor search -
 CHARMM>         xmin @x1  xmax @x2  xgrip @xncel -
 CHARMM>         ymin @y1  ymax @y2  ygrip @yncel -
 CHARMM>         zmin @a   zmax @b   zgrip 5
 Parameter: X1 -> "-7.59951228"
 Parameter: X2 -> "7.80998274"
 Parameter: XNCEL -> "77"
 Parameter: Y1 -> "-11.6131518"
 Parameter: Y2 -> "10.15572"
 Parameter: YNCEL -> "108"
 Parameter: A -> "-0.6"
 Parameter: B -> "-0.4"

 A TOTAL OF    33692   VACUUM POINTS WERE FOUND
 A TOTAL OF     7888 OCCUPIED POINTS WERE FOUND
 A TOTAL OF        0 EXTERNAL POINTS WERE FOUND
 A TOTAL OF    33692 SELECTED POINTS WERE FOUND
 TOTAL OCCUPIED  VOLUME =      12.727313
 TOTAL SELECTED  VOLUME =      54.362151
 TOTAL FREE      VOLUME =      54.362151
 FRACTIONAL FREE VOLUME =      81.029341
  
 CHARMM>     
  
 CHARMM>    calc c = ?volume * @factor
 Parameter: FACTOR -> "5"
 RDCMND substituted energy or value "?VOLUME" to "12.7273135"
Evaluating: 12.7273135*5
 Parameter: C <- "63.6365675"
  
 CHARMM>     
  
 CHARMM>    if a .lt. -10 if a .gt. -20 if c .gt. @botarea set botarea = @c
 Parameter: BOTAREA -> "-1"
 Parameter: C -> "63.6365675"
 Comparing "-0.6" and "-10".
 IF test evaluated as false.  Skipping command
  
 CHARMM>    if a .gt.  10 if a .lt.  20 if c .gt. @toparea set toparea = @c
 Parameter: TOPAREA -> "-1"
 Parameter: C -> "63.6365675"
 Comparing "-0.6" and "10".
 IF test evaluated as false.  Skipping command
  
 CHARMM>     
  
 CHARMM>    write title unit 51
 RDTITL> * -0.4  63.6365675
 RDTITL> *
  
 CHARMM>     
  
 CHARMM>    incr a by @dcel
 Parameter: DCEL -> "0.2"
 Parameter: A <- "-0.4"
  
 CHARMM>    incr b by @dcel
 Parameter: DCEL -> "0.2"
 Parameter: B <- "-0.2"
  
 CHARMM>    if b le ?ZMAX goto DOAREA
 RDCMND substituted energy or value "?ZMAX" to "11.6295697"
 Comparing "-0.2" and "11.6295697".
 IF test evaluated as true.  Performing command
  
 CHARMM>     
  
 CHARMM>    ! Cross sectional protein area with whole atom.
 CHARMM>    scalar wmain = radius
  
 CHARMM>    scalar wmain mult 2.5   sele resname TIP3 end
 SELRPN>      0 atoms have been selected out of    136
  
 CHARMM>    scalar wmain add  1.529 sele .not. resname TIP3 end
 SELRPN>    136 atoms have been selected out of    136
  
 CHARMM>    scalar wmain mult 0.85  sele .not. resname TIP3 end
 SELRPN>    136 atoms have been selected out of    136
  
 CHARMM>    calc zab = ( @a + @b ) / 2.0
 Parameter: A -> "-0.4"
 Parameter: B -> "-0.2"
Evaluating: (-0.4+-0.2)/2.0
 Parameter: ZAB <- "-0.3"
  
 CHARMM>     
  
 CHARMM>    coor search -
 CHARMM>         xmin @x1  xmax @x2  xgrip @xncel -
 CHARMM>         ymin @y1  ymax @y2  ygrip @yncel -
 CHARMM>         zmin @a   zmax @b   zgrip 5
 Parameter: X1 -> "-7.59951228"
 Parameter: X2 -> "7.80998274"
 Parameter: XNCEL -> "77"
 Parameter: Y1 -> "-11.6131518"
 Parameter: Y2 -> "10.15572"
 Parameter: YNCEL -> "108"
 Parameter: A -> "-0.4"
 Parameter: B -> "-0.2"

 A TOTAL OF    33546   VACUUM POINTS WERE FOUND
 A TOTAL OF     8034 OCCUPIED POINTS WERE FOUND
 A TOTAL OF        0 EXTERNAL POINTS WERE FOUND
 A TOTAL OF    33546 SELECTED POINTS WERE FOUND
 TOTAL OCCUPIED  VOLUME =      12.962885
 TOTAL SELECTED  VOLUME =      54.126579
 TOTAL FREE      VOLUME =      54.126579
 FRACTIONAL FREE VOLUME =      80.678211
  
 CHARMM>     
  
 CHARMM>    calc c = ?volume * @factor
 Parameter: FACTOR -> "5"
 RDCMND substituted energy or value "?VOLUME" to "12.962885"
Evaluating: 12.962885*5
 Parameter: C <- "64.814425"
  
 CHARMM>     
  
 CHARMM>    if a .lt. -10 if a .gt. -20 if c .gt. @botarea set botarea = @c
 Parameter: BOTAREA -> "-1"
 Parameter: C -> "64.814425"
 Comparing "-0.4" and "-10".
 IF test evaluated as false.  Skipping command
  
 CHARMM>    if a .gt.  10 if a .lt.  20 if c .gt. @toparea set toparea = @c
 Parameter: TOPAREA -> "-1"
 Parameter: C -> "64.814425"
 Comparing "-0.4" and "10".
 IF test evaluated as false.  Skipping command
  
 CHARMM>     
  
 CHARMM>    write title unit 51
 RDTITL> * -0.2  64.814425
 RDTITL> *
  
 CHARMM>     
  
 CHARMM>    incr a by @dcel
 Parameter: DCEL -> "0.2"
 Parameter: A <- "-0.2"
  
 CHARMM>    incr b by @dcel
 Parameter: DCEL -> "0.2"
 Parameter: B <- "0"
  
 CHARMM>    if b le ?ZMAX goto DOAREA
 RDCMND substituted energy or value "?ZMAX" to "11.6295697"
 Comparing "0" and "11.6295697".
 IF test evaluated as true.  Performing command
  
 CHARMM>     
  
 CHARMM>    ! Cross sectional protein area with whole atom.
 CHARMM>    scalar wmain = radius
  
 CHARMM>    scalar wmain mult 2.5   sele resname TIP3 end
 SELRPN>      0 atoms have been selected out of    136
  
 CHARMM>    scalar wmain add  1.529 sele .not. resname TIP3 end
 SELRPN>    136 atoms have been selected out of    136
  
 CHARMM>    scalar wmain mult 0.85  sele .not. resname TIP3 end
 SELRPN>    136 atoms have been selected out of    136
  
 CHARMM>    calc zab = ( @a + @b ) / 2.0
 Parameter: A -> "-0.2"
 Parameter: B -> "0"
Evaluating: (-0.2+0)/2.0
 Parameter: ZAB <- "-0.1"
  
 CHARMM>     
  
 CHARMM>    coor search -
 CHARMM>         xmin @x1  xmax @x2  xgrip @xncel -
 CHARMM>         ymin @y1  ymax @y2  ygrip @yncel -
 CHARMM>         zmin @a   zmax @b   zgrip 5
 Parameter: X1 -> "-7.59951228"
 Parameter: X2 -> "7.80998274"
 Parameter: XNCEL -> "77"
 Parameter: Y1 -> "-11.6131518"
 Parameter: Y2 -> "10.15572"
 Parameter: YNCEL -> "108"
 Parameter: A -> "-0.2"
 Parameter: B -> "0"

 A TOTAL OF    33445   VACUUM POINTS WERE FOUND
 A TOTAL OF     8135 OCCUPIED POINTS WERE FOUND
 A TOTAL OF        0 EXTERNAL POINTS WERE FOUND
 A TOTAL OF    33445 SELECTED POINTS WERE FOUND
 TOTAL OCCUPIED  VOLUME =      13.125849
 TOTAL SELECTED  VOLUME =      53.963616
 TOTAL FREE      VOLUME =      53.963616
 FRACTIONAL FREE VOLUME =      80.435305
  
 CHARMM>     
  
 CHARMM>    calc c = ?volume * @factor
 Parameter: FACTOR -> "5"
 RDCMND substituted energy or value "?VOLUME" to "13.1258488"
Evaluating: 13.1258488*5
 Parameter: C <- "65.629244"
  
 CHARMM>     
  
 CHARMM>    if a .lt. -10 if a .gt. -20 if c .gt. @botarea set botarea = @c
 Parameter: BOTAREA -> "-1"
 Parameter: C -> "65.629244"
 Comparing "-0.2" and "-10".
 IF test evaluated as false.  Skipping command
  
 CHARMM>    if a .gt.  10 if a .lt.  20 if c .gt. @toparea set toparea = @c
 Parameter: TOPAREA -> "-1"
 Parameter: C -> "65.629244"
 Comparing "-0.2" and "10".
 IF test evaluated as false.  Skipping command
  
 CHARMM>     
  
 CHARMM>    write title unit 51
 RDTITL> * 0  65.629244
 RDTITL> *
  
 CHARMM>     
  
 CHARMM>    incr a by @dcel
 Parameter: DCEL -> "0.2"
 Parameter: A <- "0"
  
 CHARMM>    incr b by @dcel
 Parameter: DCEL -> "0.2"
 Parameter: B <- "0.2"
  
 CHARMM>    if b le ?ZMAX goto DOAREA
 RDCMND substituted energy or value "?ZMAX" to "11.6295697"
 Comparing "0.2" and "11.6295697".
 IF test evaluated as true.  Performing command
  
 CHARMM>     
  
 CHARMM>    ! Cross sectional protein area with whole atom.
 CHARMM>    scalar wmain = radius
  
 CHARMM>    scalar wmain mult 2.5   sele resname TIP3 end
 SELRPN>      0 atoms have been selected out of    136
  
 CHARMM>    scalar wmain add  1.529 sele .not. resname TIP3 end
 SELRPN>    136 atoms have been selected out of    136
  
 CHARMM>    scalar wmain mult 0.85  sele .not. resname TIP3 end
 SELRPN>    136 atoms have been selected out of    136
  
 CHARMM>    calc zab = ( @a + @b ) / 2.0
 Parameter: A -> "0"
 Parameter: B -> "0.2"
Evaluating: (0+0.2)/2.0
 Parameter: ZAB <- "0.1"
  
 CHARMM>     
  
 CHARMM>    coor search -
 CHARMM>         xmin @x1  xmax @x2  xgrip @xncel -
 CHARMM>         ymin @y1  ymax @y2  ygrip @yncel -
 CHARMM>         zmin @a   zmax @b   zgrip 5
 Parameter: X1 -> "-7.59951228"
 Parameter: X2 -> "7.80998274"
 Parameter: XNCEL -> "77"
 Parameter: Y1 -> "-11.6131518"
 Parameter: Y2 -> "10.15572"
 Parameter: YNCEL -> "108"
 Parameter: A -> "0"
 Parameter: B -> "0.2"

 A TOTAL OF    33360   VACUUM POINTS WERE FOUND
 A TOTAL OF     8220 OCCUPIED POINTS WERE FOUND
 A TOTAL OF        0 EXTERNAL POINTS WERE FOUND
 A TOTAL OF    33360 SELECTED POINTS WERE FOUND
 TOTAL OCCUPIED  VOLUME =      13.262997
 TOTAL SELECTED  VOLUME =      53.826468
 TOTAL FREE      VOLUME =      53.826468
 FRACTIONAL FREE VOLUME =      80.230880
  
 CHARMM>     
  
 CHARMM>    calc c = ?volume * @factor
 Parameter: FACTOR -> "5"
 RDCMND substituted energy or value "?VOLUME" to "13.2629966"
Evaluating: 13.2629966*5
 Parameter: C <- "66.314983"
  
 CHARMM>     
  
 CHARMM>    if a .lt. -10 if a .gt. -20 if c .gt. @botarea set botarea = @c
 Parameter: BOTAREA -> "-1"
 Parameter: C -> "66.314983"
 Comparing "0" and "-10".
 IF test evaluated as false.  Skipping command
  
 CHARMM>    if a .gt.  10 if a .lt.  20 if c .gt. @toparea set toparea = @c
 Parameter: TOPAREA -> "-1"
 Parameter: C -> "66.314983"
 Comparing "0" and "10".
 IF test evaluated as false.  Skipping command
  
 CHARMM>     
  
 CHARMM>    write title unit 51
 RDTITL> * 0.2  66.314983
 RDTITL> *
  
 CHARMM>     
  
 CHARMM>    incr a by @dcel
 Parameter: DCEL -> "0.2"
 Parameter: A <- "0.2"
  
 CHARMM>    incr b by @dcel
 Parameter: DCEL -> "0.2"
 Parameter: B <- "0.4"
  
 CHARMM>    if b le ?ZMAX goto DOAREA
 RDCMND substituted energy or value "?ZMAX" to "11.6295697"
 Comparing "0.4" and "11.6295697".
 IF test evaluated as true.  Performing command
  
 CHARMM>     
  
 CHARMM>    ! Cross sectional protein area with whole atom.
 CHARMM>    scalar wmain = radius
  
 CHARMM>    scalar wmain mult 2.5   sele resname TIP3 end
 SELRPN>      0 atoms have been selected out of    136
  
 CHARMM>    scalar wmain add  1.529 sele .not. resname TIP3 end
 SELRPN>    136 atoms have been selected out of    136
  
 CHARMM>    scalar wmain mult 0.85  sele .not. resname TIP3 end
 SELRPN>    136 atoms have been selected out of    136
  
 CHARMM>    calc zab = ( @a + @b ) / 2.0
 Parameter: A -> "0.2"
 Parameter: B -> "0.4"
Evaluating: (0.2+0.4)/2.0
 Parameter: ZAB <- "0.3"
  
 CHARMM>     
  
 CHARMM>    coor search -
 CHARMM>         xmin @x1  xmax @x2  xgrip @xncel -
 CHARMM>         ymin @y1  ymax @y2  ygrip @yncel -
 CHARMM>         zmin @a   zmax @b   zgrip 5
 Parameter: X1 -> "-7.59951228"
 Parameter: X2 -> "7.80998274"
 Parameter: XNCEL -> "77"
 Parameter: Y1 -> "-11.6131518"
 Parameter: Y2 -> "10.15572"
 Parameter: YNCEL -> "108"
 Parameter: A -> "0.2"
 Parameter: B -> "0.4"

 A TOTAL OF    33236   VACUUM POINTS WERE FOUND
 A TOTAL OF     8344 OCCUPIED POINTS WERE FOUND
 A TOTAL OF        0 EXTERNAL POINTS WERE FOUND
 A TOTAL OF    33236 SELECTED POINTS WERE FOUND
 TOTAL OCCUPIED  VOLUME =      13.463071
 TOTAL SELECTED  VOLUME =      53.626393
 TOTAL FREE      VOLUME =      53.626393
 FRACTIONAL FREE VOLUME =      79.932660
  
 CHARMM>     
  
 CHARMM>    calc c = ?volume * @factor
 Parameter: FACTOR -> "5"
 RDCMND substituted energy or value "?VOLUME" to "13.463071"
Evaluating: 13.463071*5
 Parameter: C <- "67.315355"
  
 CHARMM>     
  
 CHARMM>    if a .lt. -10 if a .gt. -20 if c .gt. @botarea set botarea = @c
 Parameter: BOTAREA -> "-1"
 Parameter: C -> "67.315355"
 Comparing "0.2" and "-10".
 IF test evaluated as false.  Skipping command
  
 CHARMM>    if a .gt.  10 if a .lt.  20 if c .gt. @toparea set toparea = @c
 Parameter: TOPAREA -> "-1"
 Parameter: C -> "67.315355"
 Comparing "0.2" and "10".
 IF test evaluated as false.  Skipping command
  
 CHARMM>     
  
 CHARMM>    write title unit 51
 RDTITL> * 0.4  67.315355
 RDTITL> *
  
 CHARMM>     
  
 CHARMM>    incr a by @dcel
 Parameter: DCEL -> "0.2"
 Parameter: A <- "0.4"
  
 CHARMM>    incr b by @dcel
 Parameter: DCEL -> "0.2"
 Parameter: B <- "0.6"
  
 CHARMM>    if b le ?ZMAX goto DOAREA
 RDCMND substituted energy or value "?ZMAX" to "11.6295697"
 Comparing "0.6" and "11.6295697".
 IF test evaluated as true.  Performing command
  
 CHARMM>     
  
 CHARMM>    ! Cross sectional protein area with whole atom.
 CHARMM>    scalar wmain = radius
  
 CHARMM>    scalar wmain mult 2.5   sele resname TIP3 end
 SELRPN>      0 atoms have been selected out of    136
  
 CHARMM>    scalar wmain add  1.529 sele .not. resname TIP3 end
 SELRPN>    136 atoms have been selected out of    136
  
 CHARMM>    scalar wmain mult 0.85  sele .not. resname TIP3 end
 SELRPN>    136 atoms have been selected out of    136
  
 CHARMM>    calc zab = ( @a + @b ) / 2.0
 Parameter: A -> "0.4"
 Parameter: B -> "0.6"
Evaluating: (0.4+0.6)/2.0
 Parameter: ZAB <- "0.5"
  
 CHARMM>     
  
 CHARMM>    coor search -
 CHARMM>         xmin @x1  xmax @x2  xgrip @xncel -
 CHARMM>         ymin @y1  ymax @y2  ygrip @yncel -
 CHARMM>         zmin @a   zmax @b   zgrip 5
 Parameter: X1 -> "-7.59951228"
 Parameter: X2 -> "7.80998274"
 Parameter: XNCEL -> "77"
 Parameter: Y1 -> "-11.6131518"
 Parameter: Y2 -> "10.15572"
 Parameter: YNCEL -> "108"
 Parameter: A -> "0.4"
 Parameter: B -> "0.6"

 A TOTAL OF    33046   VACUUM POINTS WERE FOUND
 A TOTAL OF     8534 OCCUPIED POINTS WERE FOUND
 A TOTAL OF        0 EXTERNAL POINTS WERE FOUND
 A TOTAL OF    33046 SELECTED POINTS WERE FOUND
 TOTAL OCCUPIED  VOLUME =      13.769637
 TOTAL SELECTED  VOLUME =      53.319828
 TOTAL FREE      VOLUME =      53.319828
 FRACTIONAL FREE VOLUME =      79.475709
  
 CHARMM>     
  
 CHARMM>    calc c = ?volume * @factor
 Parameter: FACTOR -> "5"
 RDCMND substituted energy or value "?VOLUME" to "13.7696366"
Evaluating: 13.7696366*5
 Parameter: C <- "68.848183"
  
 CHARMM>     
  
 CHARMM>    if a .lt. -10 if a .gt. -20 if c .gt. @botarea set botarea = @c
 Parameter: BOTAREA -> "-1"
 Parameter: C -> "68.848183"
 Comparing "0.4" and "-10".
 IF test evaluated as false.  Skipping command
  
 CHARMM>    if a .gt.  10 if a .lt.  20 if c .gt. @toparea set toparea = @c
 Parameter: TOPAREA -> "-1"
 Parameter: C -> "68.848183"
 Comparing "0.4" and "10".
 IF test evaluated as false.  Skipping command
  
 CHARMM>     
  
 CHARMM>    write title unit 51
 RDTITL> * 0.6  68.848183
 RDTITL> *
  
 CHARMM>     
  
 CHARMM>    incr a by @dcel
 Parameter: DCEL -> "0.2"
 Parameter: A <- "0.6"
  
 CHARMM>    incr b by @dcel
 Parameter: DCEL -> "0.2"
 Parameter: B <- "0.8"
  
 CHARMM>    if b le ?ZMAX goto DOAREA
 RDCMND substituted energy or value "?ZMAX" to "11.6295697"
 Comparing "0.8" and "11.6295697".
 IF test evaluated as true.  Performing command
  
 CHARMM>     
  
 CHARMM>    ! Cross sectional protein area with whole atom.
 CHARMM>    scalar wmain = radius
  
 CHARMM>    scalar wmain mult 2.5   sele resname TIP3 end
 SELRPN>      0 atoms have been selected out of    136
  
 CHARMM>    scalar wmain add  1.529 sele .not. resname TIP3 end
 SELRPN>    136 atoms have been selected out of    136
  
 CHARMM>    scalar wmain mult 0.85  sele .not. resname TIP3 end
 SELRPN>    136 atoms have been selected out of    136
  
 CHARMM>    calc zab = ( @a + @b ) / 2.0
 Parameter: A -> "0.6"
 Parameter: B -> "0.8"
Evaluating: (0.6+0.8)/2.0
 Parameter: ZAB <- "0.7"
  
 CHARMM>     
  
 CHARMM>    coor search -
 CHARMM>         xmin @x1  xmax @x2  xgrip @xncel -
 CHARMM>         ymin @y1  ymax @y2  ygrip @yncel -
 CHARMM>         zmin @a   zmax @b   zgrip 5
 Parameter: X1 -> "-7.59951228"
 Parameter: X2 -> "7.80998274"
 Parameter: XNCEL -> "77"
 Parameter: Y1 -> "-11.6131518"
 Parameter: Y2 -> "10.15572"
 Parameter: YNCEL -> "108"
 Parameter: A -> "0.6"
 Parameter: B -> "0.8"

 A TOTAL OF    32853   VACUUM POINTS WERE FOUND
 A TOTAL OF     8727 OCCUPIED POINTS WERE FOUND
 A TOTAL OF        0 EXTERNAL POINTS WERE FOUND
 A TOTAL OF    32853 SELECTED POINTS WERE FOUND
 TOTAL OCCUPIED  VOLUME =      14.081043
 TOTAL SELECTED  VOLUME =      53.008422
 TOTAL FREE      VOLUME =      53.008422
 FRACTIONAL FREE VOLUME =      79.011544
  
 CHARMM>     
  
 CHARMM>    calc c = ?volume * @factor
 Parameter: FACTOR -> "5"
 RDCMND substituted energy or value "?VOLUME" to "14.0810427"
Evaluating: 14.0810427*5
 Parameter: C <- "70.4052135"
  
 CHARMM>     
  
 CHARMM>    if a .lt. -10 if a .gt. -20 if c .gt. @botarea set botarea = @c
 Parameter: BOTAREA -> "-1"
 Parameter: C -> "70.4052135"
 Comparing "0.6" and "-10".
 IF test evaluated as false.  Skipping command
  
 CHARMM>    if a .gt.  10 if a .lt.  20 if c .gt. @toparea set toparea = @c
 Parameter: TOPAREA -> "-1"
 Parameter: C -> "70.4052135"
 Comparing "0.6" and "10".
 IF test evaluated as false.  Skipping command
  
 CHARMM>     
  
 CHARMM>    write title unit 51
 RDTITL> * 0.8  70.4052135
 RDTITL> *
  
 CHARMM>     
  
 CHARMM>    incr a by @dcel
 Parameter: DCEL -> "0.2"
 Parameter: A <- "0.8"
  
 CHARMM>    incr b by @dcel
 Parameter: DCEL -> "0.2"
 Parameter: B <- "1"
  
 CHARMM>    if b le ?ZMAX goto DOAREA
 RDCMND substituted energy or value "?ZMAX" to "11.6295697"
 Comparing "1" and "11.6295697".
 IF test evaluated as true.  Performing command
  
 CHARMM>     
  
 CHARMM>    ! Cross sectional protein area with whole atom.
 CHARMM>    scalar wmain = radius
  
 CHARMM>    scalar wmain mult 2.5   sele resname TIP3 end
 SELRPN>      0 atoms have been selected out of    136
  
 CHARMM>    scalar wmain add  1.529 sele .not. resname TIP3 end
 SELRPN>    136 atoms have been selected out of    136
  
 CHARMM>    scalar wmain mult 0.85  sele .not. resname TIP3 end
 SELRPN>    136 atoms have been selected out of    136
  
 CHARMM>    calc zab = ( @a + @b ) / 2.0
 Parameter: A -> "0.8"
 Parameter: B -> "1"
Evaluating: (0.8+1)/2.0
 Parameter: ZAB <- "0.9"
  
 CHARMM>     
  
 CHARMM>    coor search -
 CHARMM>         xmin @x1  xmax @x2  xgrip @xncel -
 CHARMM>         ymin @y1  ymax @y2  ygrip @yncel -
 CHARMM>         zmin @a   zmax @b   zgrip 5
 Parameter: X1 -> "-7.59951228"
 Parameter: X2 -> "7.80998274"
 Parameter: XNCEL -> "77"
 Parameter: Y1 -> "-11.6131518"
 Parameter: Y2 -> "10.15572"
 Parameter: YNCEL -> "108"
 Parameter: A -> "0.8"
 Parameter: B -> "1"

 A TOTAL OF    32673   VACUUM POINTS WERE FOUND
 A TOTAL OF     8907 OCCUPIED POINTS WERE FOUND
 A TOTAL OF        0 EXTERNAL POINTS WERE FOUND
 A TOTAL OF    32673 SELECTED POINTS WERE FOUND
 TOTAL OCCUPIED  VOLUME =      14.371473
 TOTAL SELECTED  VOLUME =      52.717991
 TOTAL FREE      VOLUME =      52.717991
 FRACTIONAL FREE VOLUME =      78.578644
  
 CHARMM>     
  
 CHARMM>    calc c = ?volume * @factor
 Parameter: FACTOR -> "5"
 RDCMND substituted energy or value "?VOLUME" to "14.3714733"
Evaluating: 14.3714733*5
 Parameter: C <- "71.8573665"
  
 CHARMM>     
  
 CHARMM>    if a .lt. -10 if a .gt. -20 if c .gt. @botarea set botarea = @c
 Parameter: BOTAREA -> "-1"
 Parameter: C -> "71.8573665"
 Comparing "0.8" and "-10".
 IF test evaluated as false.  Skipping command
  
 CHARMM>    if a .gt.  10 if a .lt.  20 if c .gt. @toparea set toparea = @c
 Parameter: TOPAREA -> "-1"
 Parameter: C -> "71.8573665"
 Comparing "0.8" and "10".
 IF test evaluated as false.  Skipping command
  
 CHARMM>     
  
 CHARMM>    write title unit 51
 RDTITL> * 1  71.8573665
 RDTITL> *
  
 CHARMM>     
  
 CHARMM>    incr a by @dcel
 Parameter: DCEL -> "0.2"
 Parameter: A <- "1"
  
 CHARMM>    incr b by @dcel
 Parameter: DCEL -> "0.2"
 Parameter: B <- "1.2"
  
 CHARMM>    if b le ?ZMAX goto DOAREA
 RDCMND substituted energy or value "?ZMAX" to "11.6295697"
 Comparing "1.2" and "11.6295697".
 IF test evaluated as true.  Performing command
  
 CHARMM>     
  
 CHARMM>    ! Cross sectional protein area with whole atom.
 CHARMM>    scalar wmain = radius
  
 CHARMM>    scalar wmain mult 2.5   sele resname TIP3 end
 SELRPN>      0 atoms have been selected out of    136
  
 CHARMM>    scalar wmain add  1.529 sele .not. resname TIP3 end
 SELRPN>    136 atoms have been selected out of    136
  
 CHARMM>    scalar wmain mult 0.85  sele .not. resname TIP3 end
 SELRPN>    136 atoms have been selected out of    136
  
 CHARMM>    calc zab = ( @a + @b ) / 2.0
 Parameter: A -> "1"
 Parameter: B -> "1.2"
Evaluating: (1+1.2)/2.0
 Parameter: ZAB <- "1.1"
  
 CHARMM>     
  
 CHARMM>    coor search -
 CHARMM>         xmin @x1  xmax @x2  xgrip @xncel -
 CHARMM>         ymin @y1  ymax @y2  ygrip @yncel -
 CHARMM>         zmin @a   zmax @b   zgrip 5
 Parameter: X1 -> "-7.59951228"
 Parameter: X2 -> "7.80998274"
 Parameter: XNCEL -> "77"
 Parameter: Y1 -> "-11.6131518"
 Parameter: Y2 -> "10.15572"
 Parameter: YNCEL -> "108"
 Parameter: A -> "1"
 Parameter: B -> "1.2"

 A TOTAL OF    32530   VACUUM POINTS WERE FOUND
 A TOTAL OF     9050 OCCUPIED POINTS WERE FOUND
 A TOTAL OF        0 EXTERNAL POINTS WERE FOUND
 A TOTAL OF    32530 SELECTED POINTS WERE FOUND
 TOTAL OCCUPIED  VOLUME =      14.602204
 TOTAL SELECTED  VOLUME =      52.487260
 TOTAL FREE      VOLUME =      52.487260
 FRACTIONAL FREE VOLUME =      78.234728
  
 CHARMM>     
  
 CHARMM>    calc c = ?volume * @factor
 Parameter: FACTOR -> "5"
 RDCMND substituted energy or value "?VOLUME" to "14.6022042"
Evaluating: 14.6022042*5
 Parameter: C <- "73.011021"
  
 CHARMM>     
  
 CHARMM>    if a .lt. -10 if a .gt. -20 if c .gt. @botarea set botarea = @c
 Parameter: BOTAREA -> "-1"
 Parameter: C -> "73.011021"
 Comparing "1" and "-10".
 IF test evaluated as false.  Skipping command
  
 CHARMM>    if a .gt.  10 if a .lt.  20 if c .gt. @toparea set toparea = @c
 Parameter: TOPAREA -> "-1"
 Parameter: C -> "73.011021"
 Comparing "1" and "10".
 IF test evaluated as false.  Skipping command
  
 CHARMM>     
  
 CHARMM>    write title unit 51
 RDTITL> * 1.2  73.011021
 RDTITL> *
  
 CHARMM>     
  
 CHARMM>    incr a by @dcel
 Parameter: DCEL -> "0.2"
 Parameter: A <- "1.2"
  
 CHARMM>    incr b by @dcel
 Parameter: DCEL -> "0.2"
 Parameter: B <- "1.4"
  
 CHARMM>    if b le ?ZMAX goto DOAREA
 RDCMND substituted energy or value "?ZMAX" to "11.6295697"
 Comparing "1.4" and "11.6295697".
 IF test evaluated as true.  Performing command
  
 CHARMM>     
  
 CHARMM>    ! Cross sectional protein area with whole atom.
 CHARMM>    scalar wmain = radius
  
 CHARMM>    scalar wmain mult 2.5   sele resname TIP3 end
 SELRPN>      0 atoms have been selected out of    136
  
 CHARMM>    scalar wmain add  1.529 sele .not. resname TIP3 end
 SELRPN>    136 atoms have been selected out of    136
  
 CHARMM>    scalar wmain mult 0.85  sele .not. resname TIP3 end
 SELRPN>    136 atoms have been selected out of    136
  
 CHARMM>    calc zab = ( @a + @b ) / 2.0
 Parameter: A -> "1.2"
 Parameter: B -> "1.4"
Evaluating: (1.2+1.4)/2.0
 Parameter: ZAB <- "1.3"
  
 CHARMM>     
  
 CHARMM>    coor search -
 CHARMM>         xmin @x1  xmax @x2  xgrip @xncel -
 CHARMM>         ymin @y1  ymax @y2  ygrip @yncel -
 CHARMM>         zmin @a   zmax @b   zgrip 5
 Parameter: X1 -> "-7.59951228"
 Parameter: X2 -> "7.80998274"
 Parameter: XNCEL -> "77"
 Parameter: Y1 -> "-11.6131518"
 Parameter: Y2 -> "10.15572"
 Parameter: YNCEL -> "108"
 Parameter: A -> "1.2"
 Parameter: B -> "1.4"

 A TOTAL OF    32371   VACUUM POINTS WERE FOUND
 A TOTAL OF     9209 OCCUPIED POINTS WERE FOUND
 A TOTAL OF        0 EXTERNAL POINTS WERE FOUND
 A TOTAL OF    32371 SELECTED POINTS WERE FOUND
 TOTAL OCCUPIED  VOLUME =      14.858751
 TOTAL SELECTED  VOLUME =      52.230713
 TOTAL FREE      VOLUME =      52.230713
 FRACTIONAL FREE VOLUME =      77.852333
  
 CHARMM>     
  
 CHARMM>    calc c = ?volume * @factor
 Parameter: FACTOR -> "5"
 RDCMND substituted energy or value "?VOLUME" to "14.8587512"
Evaluating: 14.8587512*5
 Parameter: C <- "74.293756"
  
 CHARMM>     
  
 CHARMM>    if a .lt. -10 if a .gt. -20 if c .gt. @botarea set botarea = @c
 Parameter: BOTAREA -> "-1"
 Parameter: C -> "74.293756"
 Comparing "1.2" and "-10".
 IF test evaluated as false.  Skipping command
  
 CHARMM>    if a .gt.  10 if a .lt.  20 if c .gt. @toparea set toparea = @c
 Parameter: TOPAREA -> "-1"
 Parameter: C -> "74.293756"
 Comparing "1.2" and "10".
 IF test evaluated as false.  Skipping command
  
 CHARMM>     
  
 CHARMM>    write title unit 51
 RDTITL> * 1.4  74.293756
 RDTITL> *
  
 CHARMM>     
  
 CHARMM>    incr a by @dcel
 Parameter: DCEL -> "0.2"
 Parameter: A <- "1.4"
  
 CHARMM>    incr b by @dcel
 Parameter: DCEL -> "0.2"
 Parameter: B <- "1.6"
  
 CHARMM>    if b le ?ZMAX goto DOAREA
 RDCMND substituted energy or value "?ZMAX" to "11.6295697"
 Comparing "1.6" and "11.6295697".
 IF test evaluated as true.  Performing command
  
 CHARMM>     
  
 CHARMM>    ! Cross sectional protein area with whole atom.
 CHARMM>    scalar wmain = radius
  
 CHARMM>    scalar wmain mult 2.5   sele resname TIP3 end
 SELRPN>      0 atoms have been selected out of    136
  
 CHARMM>    scalar wmain add  1.529 sele .not. resname TIP3 end
 SELRPN>    136 atoms have been selected out of    136
  
 CHARMM>    scalar wmain mult 0.85  sele .not. resname TIP3 end
 SELRPN>    136 atoms have been selected out of    136
  
 CHARMM>    calc zab = ( @a + @b ) / 2.0
 Parameter: A -> "1.4"
 Parameter: B -> "1.6"
Evaluating: (1.4+1.6)/2.0
 Parameter: ZAB <- "1.5"
  
 CHARMM>     
  
 CHARMM>    coor search -
 CHARMM>         xmin @x1  xmax @x2  xgrip @xncel -
 CHARMM>         ymin @y1  ymax @y2  ygrip @yncel -
 CHARMM>         zmin @a   zmax @b   zgrip 5
 Parameter: X1 -> "-7.59951228"
 Parameter: X2 -> "7.80998274"
 Parameter: XNCEL -> "77"
 Parameter: Y1 -> "-11.6131518"
 Parameter: Y2 -> "10.15572"
 Parameter: YNCEL -> "108"
 Parameter: A -> "1.4"
 Parameter: B -> "1.6"

 A TOTAL OF    32268   VACUUM POINTS WERE FOUND
 A TOTAL OF     9312 OCCUPIED POINTS WERE FOUND
 A TOTAL OF        0 EXTERNAL POINTS WERE FOUND
 A TOTAL OF    32268 SELECTED POINTS WERE FOUND
 TOTAL OCCUPIED  VOLUME =      15.024942
 TOTAL SELECTED  VOLUME =      52.064522
 TOTAL FREE      VOLUME =      52.064522
 FRACTIONAL FREE VOLUME =      77.604618
  
 CHARMM>     
  
 CHARMM>    calc c = ?volume * @factor
 Parameter: FACTOR -> "5"
 RDCMND substituted energy or value "?VOLUME" to "15.0249421"
Evaluating: 15.0249421*5
 Parameter: C <- "75.1247105"
  
 CHARMM>     
  
 CHARMM>    if a .lt. -10 if a .gt. -20 if c .gt. @botarea set botarea = @c
 Parameter: BOTAREA -> "-1"
 Parameter: C -> "75.1247105"
 Comparing "1.4" and "-10".
 IF test evaluated as false.  Skipping command
  
 CHARMM>    if a .gt.  10 if a .lt.  20 if c .gt. @toparea set toparea = @c
 Parameter: TOPAREA -> "-1"
 Parameter: C -> "75.1247105"
 Comparing "1.4" and "10".
 IF test evaluated as false.  Skipping command
  
 CHARMM>     
  
 CHARMM>    write title unit 51
 RDTITL> * 1.6  75.1247105
 RDTITL> *
  
 CHARMM>     
  
 CHARMM>    incr a by @dcel
 Parameter: DCEL -> "0.2"
 Parameter: A <- "1.6"
  
 CHARMM>    incr b by @dcel
 Parameter: DCEL -> "0.2"
 Parameter: B <- "1.8"
  
 CHARMM>    if b le ?ZMAX goto DOAREA
 RDCMND substituted energy or value "?ZMAX" to "11.6295697"
 Comparing "1.8" and "11.6295697".
 IF test evaluated as true.  Performing command
  
 CHARMM>     
  
 CHARMM>    ! Cross sectional protein area with whole atom.
 CHARMM>    scalar wmain = radius
  
 CHARMM>    scalar wmain mult 2.5   sele resname TIP3 end
 SELRPN>      0 atoms have been selected out of    136
  
 CHARMM>    scalar wmain add  1.529 sele .not. resname TIP3 end
 SELRPN>    136 atoms have been selected out of    136
  
 CHARMM>    scalar wmain mult 0.85  sele .not. resname TIP3 end
 SELRPN>    136 atoms have been selected out of    136
  
 CHARMM>    calc zab = ( @a + @b ) / 2.0
 Parameter: A -> "1.6"
 Parameter: B -> "1.8"
Evaluating: (1.6+1.8)/2.0
 Parameter: ZAB <- "1.7"
  
 CHARMM>     
  
 CHARMM>    coor search -
 CHARMM>         xmin @x1  xmax @x2  xgrip @xncel -
 CHARMM>         ymin @y1  ymax @y2  ygrip @yncel -
 CHARMM>         zmin @a   zmax @b   zgrip 5
 Parameter: X1 -> "-7.59951228"
 Parameter: X2 -> "7.80998274"
 Parameter: XNCEL -> "77"
 Parameter: Y1 -> "-11.6131518"
 Parameter: Y2 -> "10.15572"
 Parameter: YNCEL -> "108"
 Parameter: A -> "1.6"
 Parameter: B -> "1.8"

 A TOTAL OF    32229   VACUUM POINTS WERE FOUND
 A TOTAL OF     9351 OCCUPIED POINTS WERE FOUND
 A TOTAL OF        0 EXTERNAL POINTS WERE FOUND
 A TOTAL OF    32229 SELECTED POINTS WERE FOUND
 TOTAL OCCUPIED  VOLUME =      15.087869
 TOTAL SELECTED  VOLUME =      52.001596
 TOTAL FREE      VOLUME =      52.001596
 FRACTIONAL FREE VOLUME =      77.510823
  
 CHARMM>     
  
 CHARMM>    calc c = ?volume * @factor
 Parameter: FACTOR -> "5"
 RDCMND substituted energy or value "?VOLUME" to "15.0878687"
Evaluating: 15.0878687*5
 Parameter: C <- "75.4393435"
  
 CHARMM>     
  
 CHARMM>    if a .lt. -10 if a .gt. -20 if c .gt. @botarea set botarea = @c
 Parameter: BOTAREA -> "-1"
 Parameter: C -> "75.4393435"
 Comparing "1.6" and "-10".
 IF test evaluated as false.  Skipping command
  
 CHARMM>    if a .gt.  10 if a .lt.  20 if c .gt. @toparea set toparea = @c
 Parameter: TOPAREA -> "-1"
 Parameter: C -> "75.4393435"
 Comparing "1.6" and "10".
 IF test evaluated as false.  Skipping command
  
 CHARMM>     
  
 CHARMM>    write title unit 51
 RDTITL> * 1.8  75.4393435
 RDTITL> *
  
 CHARMM>     
  
 CHARMM>    incr a by @dcel
 Parameter: DCEL -> "0.2"
 Parameter: A <- "1.8"
  
 CHARMM>    incr b by @dcel
 Parameter: DCEL -> "0.2"
 Parameter: B <- "2"
  
 CHARMM>    if b le ?ZMAX goto DOAREA
 RDCMND substituted energy or value "?ZMAX" to "11.6295697"
 Comparing "2" and "11.6295697".
 IF test evaluated as true.  Performing command
  
 CHARMM>     
  
 CHARMM>    ! Cross sectional protein area with whole atom.
 CHARMM>    scalar wmain = radius
  
 CHARMM>    scalar wmain mult 2.5   sele resname TIP3 end
 SELRPN>      0 atoms have been selected out of    136
  
 CHARMM>    scalar wmain add  1.529 sele .not. resname TIP3 end
 SELRPN>    136 atoms have been selected out of    136
  
 CHARMM>    scalar wmain mult 0.85  sele .not. resname TIP3 end
 SELRPN>    136 atoms have been selected out of    136
  
 CHARMM>    calc zab = ( @a + @b ) / 2.0
 Parameter: A -> "1.8"
 Parameter: B -> "2"
Evaluating: (1.8+2)/2.0
 Parameter: ZAB <- "1.9"
  
 CHARMM>     
  
 CHARMM>    coor search -
 CHARMM>         xmin @x1  xmax @x2  xgrip @xncel -
 CHARMM>         ymin @y1  ymax @y2  ygrip @yncel -
 CHARMM>         zmin @a   zmax @b   zgrip 5
 Parameter: X1 -> "-7.59951228"
 Parameter: X2 -> "7.80998274"
 Parameter: XNCEL -> "77"
 Parameter: Y1 -> "-11.6131518"
 Parameter: Y2 -> "10.15572"
 Parameter: YNCEL -> "108"
 Parameter: A -> "1.8"
 Parameter: B -> "2"

 A TOTAL OF    32241   VACUUM POINTS WERE FOUND
 A TOTAL OF     9339 OCCUPIED POINTS WERE FOUND
 A TOTAL OF        0 EXTERNAL POINTS WERE FOUND
 A TOTAL OF    32241 SELECTED POINTS WERE FOUND
 TOTAL OCCUPIED  VOLUME =      15.068507
 TOTAL SELECTED  VOLUME =      52.020958
 TOTAL FREE      VOLUME =      52.020958
 FRACTIONAL FREE VOLUME =      77.539683
  
 CHARMM>     
  
 CHARMM>    calc c = ?volume * @factor
 Parameter: FACTOR -> "5"
 RDCMND substituted energy or value "?VOLUME" to "15.0685067"
Evaluating: 15.0685067*5
 Parameter: C <- "75.3425335"
  
 CHARMM>     
  
 CHARMM>    if a .lt. -10 if a .gt. -20 if c .gt. @botarea set botarea = @c
 Parameter: BOTAREA -> "-1"
 Parameter: C -> "75.3425335"
 Comparing "1.8" and "-10".
 IF test evaluated as false.  Skipping command
  
 CHARMM>    if a .gt.  10 if a .lt.  20 if c .gt. @toparea set toparea = @c
 Parameter: TOPAREA -> "-1"
 Parameter: C -> "75.3425335"
 Comparing "1.8" and "10".
 IF test evaluated as false.  Skipping command
  
 CHARMM>     
  
 CHARMM>    write title unit 51
 RDTITL> * 2  75.3425335
 RDTITL> *
  
 CHARMM>     
  
 CHARMM>    incr a by @dcel
 Parameter: DCEL -> "0.2"
 Parameter: A <- "2"
  
 CHARMM>    incr b by @dcel
 Parameter: DCEL -> "0.2"
 Parameter: B <- "2.2"
  
 CHARMM>    if b le ?ZMAX goto DOAREA
 RDCMND substituted energy or value "?ZMAX" to "11.6295697"
 Comparing "2.2" and "11.6295697".
 IF test evaluated as true.  Performing command
  
 CHARMM>     
  
 CHARMM>    ! Cross sectional protein area with whole atom.
 CHARMM>    scalar wmain = radius
  
 CHARMM>    scalar wmain mult 2.5   sele resname TIP3 end
 SELRPN>      0 atoms have been selected out of    136
  
 CHARMM>    scalar wmain add  1.529 sele .not. resname TIP3 end
 SELRPN>    136 atoms have been selected out of    136
  
 CHARMM>    scalar wmain mult 0.85  sele .not. resname TIP3 end
 SELRPN>    136 atoms have been selected out of    136
  
 CHARMM>    calc zab = ( @a + @b ) / 2.0
 Parameter: A -> "2"
 Parameter: B -> "2.2"
Evaluating: (2+2.2)/2.0
 Parameter: ZAB <- "2.1"
  
 CHARMM>     
  
 CHARMM>    coor search -
 CHARMM>         xmin @x1  xmax @x2  xgrip @xncel -
 CHARMM>         ymin @y1  ymax @y2  ygrip @yncel -
 CHARMM>         zmin @a   zmax @b   zgrip 5
 Parameter: X1 -> "-7.59951228"
 Parameter: X2 -> "7.80998274"
 Parameter: XNCEL -> "77"
 Parameter: Y1 -> "-11.6131518"
 Parameter: Y2 -> "10.15572"
 Parameter: YNCEL -> "108"
 Parameter: A -> "2"
 Parameter: B -> "2.2"

 A TOTAL OF    32285   VACUUM POINTS WERE FOUND
 A TOTAL OF     9295 OCCUPIED POINTS WERE FOUND
 A TOTAL OF        0 EXTERNAL POINTS WERE FOUND
 A TOTAL OF    32285 SELECTED POINTS WERE FOUND
 TOTAL OCCUPIED  VOLUME =      14.997513
 TOTAL SELECTED  VOLUME =      52.091952
 TOTAL FREE      VOLUME =      52.091952
 FRACTIONAL FREE VOLUME =      77.645503
  
 CHARMM>     
  
 CHARMM>    calc c = ?volume * @factor
 Parameter: FACTOR -> "5"
 RDCMND substituted energy or value "?VOLUME" to "14.9975125"
Evaluating: 14.9975125*5
 Parameter: C <- "74.9875625"
  
 CHARMM>     
  
 CHARMM>    if a .lt. -10 if a .gt. -20 if c .gt. @botarea set botarea = @c
 Parameter: BOTAREA -> "-1"
 Parameter: C -> "74.9875625"
 Comparing "2" and "-10".
 IF test evaluated as false.  Skipping command
  
 CHARMM>    if a .gt.  10 if a .lt.  20 if c .gt. @toparea set toparea = @c
 Parameter: TOPAREA -> "-1"
 Parameter: C -> "74.9875625"
 Comparing "2" and "10".
 IF test evaluated as false.  Skipping command
  
 CHARMM>     
  
 CHARMM>    write title unit 51
 RDTITL> * 2.2  74.9875625
 RDTITL> *
  
 CHARMM>     
  
 CHARMM>    incr a by @dcel
 Parameter: DCEL -> "0.2"
 Parameter: A <- "2.2"
  
 CHARMM>    incr b by @dcel
 Parameter: DCEL -> "0.2"
 Parameter: B <- "2.4"
  
 CHARMM>    if b le ?ZMAX goto DOAREA
 RDCMND substituted energy or value "?ZMAX" to "11.6295697"
 Comparing "2.4" and "11.6295697".
 IF test evaluated as true.  Performing command
  
 CHARMM>     
  
 CHARMM>    ! Cross sectional protein area with whole atom.
 CHARMM>    scalar wmain = radius
  
 CHARMM>    scalar wmain mult 2.5   sele resname TIP3 end
 SELRPN>      0 atoms have been selected out of    136
  
 CHARMM>    scalar wmain add  1.529 sele .not. resname TIP3 end
 SELRPN>    136 atoms have been selected out of    136
  
 CHARMM>    scalar wmain mult 0.85  sele .not. resname TIP3 end
 SELRPN>    136 atoms have been selected out of    136
  
 CHARMM>    calc zab = ( @a + @b ) / 2.0
 Parameter: A -> "2.2"
 Parameter: B -> "2.4"
Evaluating: (2.2+2.4)/2.0
 Parameter: ZAB <- "2.3"
  
 CHARMM>     
  
 CHARMM>    coor search -
 CHARMM>         xmin @x1  xmax @x2  xgrip @xncel -
 CHARMM>         ymin @y1  ymax @y2  ygrip @yncel -
 CHARMM>         zmin @a   zmax @b   zgrip 5
 Parameter: X1 -> "-7.59951228"
 Parameter: X2 -> "7.80998274"
 Parameter: XNCEL -> "77"
 Parameter: Y1 -> "-11.6131518"
 Parameter: Y2 -> "10.15572"
 Parameter: YNCEL -> "108"
 Parameter: A -> "2.2"
 Parameter: B -> "2.4"

 A TOTAL OF    32374   VACUUM POINTS WERE FOUND
 A TOTAL OF     9206 OCCUPIED POINTS WERE FOUND
 A TOTAL OF        0 EXTERNAL POINTS WERE FOUND
 A TOTAL OF    32374 SELECTED POINTS WERE FOUND
 TOTAL OCCUPIED  VOLUME =      14.853911
 TOTAL SELECTED  VOLUME =      52.235554
 TOTAL FREE      VOLUME =      52.235554
 FRACTIONAL FREE VOLUME =      77.859548
  
 CHARMM>     
  
 CHARMM>    calc c = ?volume * @factor
 Parameter: FACTOR -> "5"
 RDCMND substituted energy or value "?VOLUME" to "14.8539107"
Evaluating: 14.8539107*5
 Parameter: C <- "74.2695535"
  
 CHARMM>     
  
 CHARMM>    if a .lt. -10 if a .gt. -20 if c .gt. @botarea set botarea = @c
 Parameter: BOTAREA -> "-1"
 Parameter: C -> "74.2695535"
 Comparing "2.2" and "-10".
 IF test evaluated as false.  Skipping command
  
 CHARMM>    if a .gt.  10 if a .lt.  20 if c .gt. @toparea set toparea = @c
 Parameter: TOPAREA -> "-1"
 Parameter: C -> "74.2695535"
 Comparing "2.2" and "10".
 IF test evaluated as false.  Skipping command
  
 CHARMM>     
  
 CHARMM>    write title unit 51
 RDTITL> * 2.4  74.2695535
 RDTITL> *
  
 CHARMM>     
  
 CHARMM>    incr a by @dcel
 Parameter: DCEL -> "0.2"
 Parameter: A <- "2.4"
  
 CHARMM>    incr b by @dcel
 Parameter: DCEL -> "0.2"
 Parameter: B <- "2.6"
  
 CHARMM>    if b le ?ZMAX goto DOAREA
 RDCMND substituted energy or value "?ZMAX" to "11.6295697"
 Comparing "2.6" and "11.6295697".
 IF test evaluated as true.  Performing command
  
 CHARMM>     
  
 CHARMM>    ! Cross sectional protein area with whole atom.
 CHARMM>    scalar wmain = radius
  
 CHARMM>    scalar wmain mult 2.5   sele resname TIP3 end
 SELRPN>      0 atoms have been selected out of    136
  
 CHARMM>    scalar wmain add  1.529 sele .not. resname TIP3 end
 SELRPN>    136 atoms have been selected out of    136
  
 CHARMM>    scalar wmain mult 0.85  sele .not. resname TIP3 end
 SELRPN>    136 atoms have been selected out of    136
  
 CHARMM>    calc zab = ( @a + @b ) / 2.0
 Parameter: A -> "2.4"
 Parameter: B -> "2.6"
Evaluating: (2.4+2.6)/2.0
 Parameter: ZAB <- "2.5"
  
 CHARMM>     
  
 CHARMM>    coor search -
 CHARMM>         xmin @x1  xmax @x2  xgrip @xncel -
 CHARMM>         ymin @y1  ymax @y2  ygrip @yncel -
 CHARMM>         zmin @a   zmax @b   zgrip 5
 Parameter: X1 -> "-7.59951228"
 Parameter: X2 -> "7.80998274"
 Parameter: XNCEL -> "77"
 Parameter: Y1 -> "-11.6131518"
 Parameter: Y2 -> "10.15572"
 Parameter: YNCEL -> "108"
 Parameter: A -> "2.4"
 Parameter: B -> "2.6"

 A TOTAL OF    32423   VACUUM POINTS WERE FOUND
 A TOTAL OF     9157 OCCUPIED POINTS WERE FOUND
 A TOTAL OF        0 EXTERNAL POINTS WERE FOUND
 A TOTAL OF    32423 SELECTED POINTS WERE FOUND
 TOTAL OCCUPIED  VOLUME =      14.774849
 TOTAL SELECTED  VOLUME =      52.314615
 TOTAL FREE      VOLUME =      52.314615
 FRACTIONAL FREE VOLUME =      77.977393
  
 CHARMM>     
  
 CHARMM>    calc c = ?volume * @factor
 Parameter: FACTOR -> "5"
 RDCMND substituted energy or value "?VOLUME" to "14.7748491"
Evaluating: 14.7748491*5
 Parameter: C <- "73.8742455"
  
 CHARMM>     
  
 CHARMM>    if a .lt. -10 if a .gt. -20 if c .gt. @botarea set botarea = @c
 Parameter: BOTAREA -> "-1"
 Parameter: C -> "73.8742455"
 Comparing "2.4" and "-10".
 IF test evaluated as false.  Skipping command
  
 CHARMM>    if a .gt.  10 if a .lt.  20 if c .gt. @toparea set toparea = @c
 Parameter: TOPAREA -> "-1"
 Parameter: C -> "73.8742455"
 Comparing "2.4" and "10".
 IF test evaluated as false.  Skipping command
  
 CHARMM>     
  
 CHARMM>    write title unit 51
 RDTITL> * 2.6  73.8742455
 RDTITL> *
  
 CHARMM>     
  
 CHARMM>    incr a by @dcel
 Parameter: DCEL -> "0.2"
 Parameter: A <- "2.6"
  
 CHARMM>    incr b by @dcel
 Parameter: DCEL -> "0.2"
 Parameter: B <- "2.8"
  
 CHARMM>    if b le ?ZMAX goto DOAREA
 RDCMND substituted energy or value "?ZMAX" to "11.6295697"
 Comparing "2.8" and "11.6295697".
 IF test evaluated as true.  Performing command
  
 CHARMM>     
  
 CHARMM>    ! Cross sectional protein area with whole atom.
 CHARMM>    scalar wmain = radius
  
 CHARMM>    scalar wmain mult 2.5   sele resname TIP3 end
 SELRPN>      0 atoms have been selected out of    136
  
 CHARMM>    scalar wmain add  1.529 sele .not. resname TIP3 end
 SELRPN>    136 atoms have been selected out of    136
  
 CHARMM>    scalar wmain mult 0.85  sele .not. resname TIP3 end
 SELRPN>    136 atoms have been selected out of    136
  
 CHARMM>    calc zab = ( @a + @b ) / 2.0
 Parameter: A -> "2.6"
 Parameter: B -> "2.8"
Evaluating: (2.6+2.8)/2.0
 Parameter: ZAB <- "2.7"
  
 CHARMM>     
  
 CHARMM>    coor search -
 CHARMM>         xmin @x1  xmax @x2  xgrip @xncel -
 CHARMM>         ymin @y1  ymax @y2  ygrip @yncel -
 CHARMM>         zmin @a   zmax @b   zgrip 5
 Parameter: X1 -> "-7.59951228"
 Parameter: X2 -> "7.80998274"
 Parameter: XNCEL -> "77"
 Parameter: Y1 -> "-11.6131518"
 Parameter: Y2 -> "10.15572"
 Parameter: YNCEL -> "108"
 Parameter: A -> "2.6"
 Parameter: B -> "2.8"

 A TOTAL OF    32319   VACUUM POINTS WERE FOUND
 A TOTAL OF     9261 OCCUPIED POINTS WERE FOUND
 A TOTAL OF        0 EXTERNAL POINTS WERE FOUND
 A TOTAL OF    32319 SELECTED POINTS WERE FOUND
 TOTAL OCCUPIED  VOLUME =      14.942653
 TOTAL SELECTED  VOLUME =      52.146811
 TOTAL FREE      VOLUME =      52.146811
 FRACTIONAL FREE VOLUME =      77.727273
  
 CHARMM>     
  
 CHARMM>    calc c = ?volume * @factor
 Parameter: FACTOR -> "5"
 RDCMND substituted energy or value "?VOLUME" to "14.9426534"
Evaluating: 14.9426534*5
 Parameter: C <- "74.713267"
  
 CHARMM>     
  
 CHARMM>    if a .lt. -10 if a .gt. -20 if c .gt. @botarea set botarea = @c
 Parameter: BOTAREA -> "-1"
 Parameter: C -> "74.713267"
 Comparing "2.6" and "-10".
 IF test evaluated as false.  Skipping command
  
 CHARMM>    if a .gt.  10 if a .lt.  20 if c .gt. @toparea set toparea = @c
 Parameter: TOPAREA -> "-1"
 Parameter: C -> "74.713267"
 Comparing "2.6" and "10".
 IF test evaluated as false.  Skipping command
  
 CHARMM>     
  
 CHARMM>    write title unit 51
 RDTITL> * 2.8  74.713267
 RDTITL> *
  
 CHARMM>     
  
 CHARMM>    incr a by @dcel
 Parameter: DCEL -> "0.2"
 Parameter: A <- "2.8"
  
 CHARMM>    incr b by @dcel
 Parameter: DCEL -> "0.2"
 Parameter: B <- "3"
  
 CHARMM>    if b le ?ZMAX goto DOAREA
 RDCMND substituted energy or value "?ZMAX" to "11.6295697"
 Comparing "3" and "11.6295697".
 IF test evaluated as true.  Performing command
  
 CHARMM>     
  
 CHARMM>    ! Cross sectional protein area with whole atom.
 CHARMM>    scalar wmain = radius
  
 CHARMM>    scalar wmain mult 2.5   sele resname TIP3 end
 SELRPN>      0 atoms have been selected out of    136
  
 CHARMM>    scalar wmain add  1.529 sele .not. resname TIP3 end
 SELRPN>    136 atoms have been selected out of    136
  
 CHARMM>    scalar wmain mult 0.85  sele .not. resname TIP3 end
 SELRPN>    136 atoms have been selected out of    136
  
 CHARMM>    calc zab = ( @a + @b ) / 2.0
 Parameter: A -> "2.8"
 Parameter: B -> "3"
Evaluating: (2.8+3)/2.0
 Parameter: ZAB <- "2.9"
  
 CHARMM>     
  
 CHARMM>    coor search -
 CHARMM>         xmin @x1  xmax @x2  xgrip @xncel -
 CHARMM>         ymin @y1  ymax @y2  ygrip @yncel -
 CHARMM>         zmin @a   zmax @b   zgrip 5
 Parameter: X1 -> "-7.59951228"
 Parameter: X2 -> "7.80998274"
 Parameter: XNCEL -> "77"
 Parameter: Y1 -> "-11.6131518"
 Parameter: Y2 -> "10.15572"
 Parameter: YNCEL -> "108"
 Parameter: A -> "2.8"
 Parameter: B -> "3"

 A TOTAL OF    31998   VACUUM POINTS WERE FOUND
 A TOTAL OF     9582 OCCUPIED POINTS WERE FOUND
 A TOTAL OF        0 EXTERNAL POINTS WERE FOUND
 A TOTAL OF    31998 SELECTED POINTS WERE FOUND
 TOTAL OCCUPIED  VOLUME =      15.460588
 TOTAL SELECTED  VOLUME =      51.628876
 TOTAL FREE      VOLUME =      51.628876
 FRACTIONAL FREE VOLUME =      76.955267
  
 CHARMM>     
  
 CHARMM>    calc c = ?volume * @factor
 Parameter: FACTOR -> "5"
 RDCMND substituted energy or value "?VOLUME" to "15.460588"
Evaluating: 15.460588*5
 Parameter: C <- "77.30294"
  
 CHARMM>     
  
 CHARMM>    if a .lt. -10 if a .gt. -20 if c .gt. @botarea set botarea = @c
 Parameter: BOTAREA -> "-1"
 Parameter: C -> "77.30294"
 Comparing "2.8" and "-10".
 IF test evaluated as false.  Skipping command
  
 CHARMM>    if a .gt.  10 if a .lt.  20 if c .gt. @toparea set toparea = @c
 Parameter: TOPAREA -> "-1"
 Parameter: C -> "77.30294"
 Comparing "2.8" and "10".
 IF test evaluated as false.  Skipping command
  
 CHARMM>     
  
 CHARMM>    write title unit 51
 RDTITL> * 3  77.30294
 RDTITL> *
  
 CHARMM>     
  
 CHARMM>    incr a by @dcel
 Parameter: DCEL -> "0.2"
 Parameter: A <- "3"
  
 CHARMM>    incr b by @dcel
 Parameter: DCEL -> "0.2"
 Parameter: B <- "3.2"
  
 CHARMM>    if b le ?ZMAX goto DOAREA
 RDCMND substituted energy or value "?ZMAX" to "11.6295697"
 Comparing "3.2" and "11.6295697".
 IF test evaluated as true.  Performing command
  
 CHARMM>     
  
 CHARMM>    ! Cross sectional protein area with whole atom.
 CHARMM>    scalar wmain = radius
  
 CHARMM>    scalar wmain mult 2.5   sele resname TIP3 end
 SELRPN>      0 atoms have been selected out of    136
  
 CHARMM>    scalar wmain add  1.529 sele .not. resname TIP3 end
 SELRPN>    136 atoms have been selected out of    136
  
 CHARMM>    scalar wmain mult 0.85  sele .not. resname TIP3 end
 SELRPN>    136 atoms have been selected out of    136
  
 CHARMM>    calc zab = ( @a + @b ) / 2.0
 Parameter: A -> "3"
 Parameter: B -> "3.2"
Evaluating: (3+3.2)/2.0
 Parameter: ZAB <- "3.1"
  
 CHARMM>     
  
 CHARMM>    coor search -
 CHARMM>         xmin @x1  xmax @x2  xgrip @xncel -
 CHARMM>         ymin @y1  ymax @y2  ygrip @yncel -
 CHARMM>         zmin @a   zmax @b   zgrip 5
 Parameter: X1 -> "-7.59951228"
 Parameter: X2 -> "7.80998274"
 Parameter: XNCEL -> "77"
 Parameter: Y1 -> "-11.6131518"
 Parameter: Y2 -> "10.15572"
 Parameter: YNCEL -> "108"
 Parameter: A -> "3"
 Parameter: B -> "3.2"

 A TOTAL OF    31255   VACUUM POINTS WERE FOUND
 A TOTAL OF    10325 OCCUPIED POINTS WERE FOUND
 A TOTAL OF        0 EXTERNAL POINTS WERE FOUND
 A TOTAL OF    31255 SELECTED POINTS WERE FOUND
 TOTAL OCCUPIED  VOLUME =      16.659421
 TOTAL SELECTED  VOLUME =      50.430043
 TOTAL FREE      VOLUME =      50.430043
 FRACTIONAL FREE VOLUME =      75.168350
  
 CHARMM>     
  
 CHARMM>    calc c = ?volume * @factor
 Parameter: FACTOR -> "5"
 RDCMND substituted energy or value "?VOLUME" to "16.6594209"
Evaluating: 16.6594209*5
 Parameter: C <- "83.2971045"
  
 CHARMM>     
  
 CHARMM>    if a .lt. -10 if a .gt. -20 if c .gt. @botarea set botarea = @c
 Parameter: BOTAREA -> "-1"
 Parameter: C -> "83.2971045"
 Comparing "3" and "-10".
 IF test evaluated as false.  Skipping command
  
 CHARMM>    if a .gt.  10 if a .lt.  20 if c .gt. @toparea set toparea = @c
 Parameter: TOPAREA -> "-1"
 Parameter: C -> "83.2971045"
 Comparing "3" and "10".
 IF test evaluated as false.  Skipping command
  
 CHARMM>     
  
 CHARMM>    write title unit 51
 RDTITL> * 3.2  83.2971045
 RDTITL> *
  
 CHARMM>     
  
 CHARMM>    incr a by @dcel
 Parameter: DCEL -> "0.2"
 Parameter: A <- "3.2"
  
 CHARMM>    incr b by @dcel
 Parameter: DCEL -> "0.2"
 Parameter: B <- "3.4"
  
 CHARMM>    if b le ?ZMAX goto DOAREA
 RDCMND substituted energy or value "?ZMAX" to "11.6295697"
 Comparing "3.4" and "11.6295697".
 IF test evaluated as true.  Performing command
  
 CHARMM>     
  
 CHARMM>    ! Cross sectional protein area with whole atom.
 CHARMM>    scalar wmain = radius
  
 CHARMM>    scalar wmain mult 2.5   sele resname TIP3 end
 SELRPN>      0 atoms have been selected out of    136
  
 CHARMM>    scalar wmain add  1.529 sele .not. resname TIP3 end
 SELRPN>    136 atoms have been selected out of    136
  
 CHARMM>    scalar wmain mult 0.85  sele .not. resname TIP3 end
 SELRPN>    136 atoms have been selected out of    136
  
 CHARMM>    calc zab = ( @a + @b ) / 2.0
 Parameter: A -> "3.2"
 Parameter: B -> "3.4"
Evaluating: (3.2+3.4)/2.0
 Parameter: ZAB <- "3.3"
  
 CHARMM>     
  
 CHARMM>    coor search -
 CHARMM>         xmin @x1  xmax @x2  xgrip @xncel -
 CHARMM>         ymin @y1  ymax @y2  ygrip @yncel -
 CHARMM>         zmin @a   zmax @b   zgrip 5
 Parameter: X1 -> "-7.59951228"
 Parameter: X2 -> "7.80998274"
 Parameter: XNCEL -> "77"
 Parameter: Y1 -> "-11.6131518"
 Parameter: Y2 -> "10.15572"
 Parameter: YNCEL -> "108"
 Parameter: A -> "3.2"
 Parameter: B -> "3.4"

 A TOTAL OF    30718   VACUUM POINTS WERE FOUND
 A TOTAL OF    10862 OCCUPIED POINTS WERE FOUND
 A TOTAL OF        0 EXTERNAL POINTS WERE FOUND
 A TOTAL OF    30718 SELECTED POINTS WERE FOUND
 TOTAL OCCUPIED  VOLUME =      17.525872
 TOTAL SELECTED  VOLUME =      49.563592
 TOTAL FREE      VOLUME =      49.563592
 FRACTIONAL FREE VOLUME =      73.876864
  
 CHARMM>     
  
 CHARMM>    calc c = ?volume * @factor
 Parameter: FACTOR -> "5"
 RDCMND substituted energy or value "?VOLUME" to "17.5258721"
Evaluating: 17.5258721*5
 Parameter: C <- "87.6293605"
  
 CHARMM>     
  
 CHARMM>    if a .lt. -10 if a .gt. -20 if c .gt. @botarea set botarea = @c
 Parameter: BOTAREA -> "-1"
 Parameter: C -> "87.6293605"
 Comparing "3.2" and "-10".
 IF test evaluated as false.  Skipping command
  
 CHARMM>    if a .gt.  10 if a .lt.  20 if c .gt. @toparea set toparea = @c
 Parameter: TOPAREA -> "-1"
 Parameter: C -> "87.6293605"
 Comparing "3.2" and "10".
 IF test evaluated as false.  Skipping command
  
 CHARMM>     
  
 CHARMM>    write title unit 51
 RDTITL> * 3.4  87.6293605
 RDTITL> *
  
 CHARMM>     
  
 CHARMM>    incr a by @dcel
 Parameter: DCEL -> "0.2"
 Parameter: A <- "3.4"
  
 CHARMM>    incr b by @dcel
 Parameter: DCEL -> "0.2"
 Parameter: B <- "3.6"
  
 CHARMM>    if b le ?ZMAX goto DOAREA
 RDCMND substituted energy or value "?ZMAX" to "11.6295697"
 Comparing "3.6" and "11.6295697".
 IF test evaluated as true.  Performing command
  
 CHARMM>     
  
 CHARMM>    ! Cross sectional protein area with whole atom.
 CHARMM>    scalar wmain = radius
  
 CHARMM>    scalar wmain mult 2.5   sele resname TIP3 end
 SELRPN>      0 atoms have been selected out of    136
  
 CHARMM>    scalar wmain add  1.529 sele .not. resname TIP3 end
 SELRPN>    136 atoms have been selected out of    136
  
 CHARMM>    scalar wmain mult 0.85  sele .not. resname TIP3 end
 SELRPN>    136 atoms have been selected out of    136
  
 CHARMM>    calc zab = ( @a + @b ) / 2.0
 Parameter: A -> "3.4"
 Parameter: B -> "3.6"
Evaluating: (3.4+3.6)/2.0
 Parameter: ZAB <- "3.5"
  
 CHARMM>     
  
 CHARMM>    coor search -
 CHARMM>         xmin @x1  xmax @x2  xgrip @xncel -
 CHARMM>         ymin @y1  ymax @y2  ygrip @yncel -
 CHARMM>         zmin @a   zmax @b   zgrip 5
 Parameter: X1 -> "-7.59951228"
 Parameter: X2 -> "7.80998274"
 Parameter: XNCEL -> "77"
 Parameter: Y1 -> "-11.6131518"
 Parameter: Y2 -> "10.15572"
 Parameter: YNCEL -> "108"
 Parameter: A -> "3.4"
 Parameter: B -> "3.6"

 A TOTAL OF    30406   VACUUM POINTS WERE FOUND
 A TOTAL OF    11174 OCCUPIED POINTS WERE FOUND
 A TOTAL OF        0 EXTERNAL POINTS WERE FOUND
 A TOTAL OF    30406 SELECTED POINTS WERE FOUND
 TOTAL OCCUPIED  VOLUME =      18.029285
 TOTAL SELECTED  VOLUME =      49.060179
 TOTAL FREE      VOLUME =      49.060179
 FRACTIONAL FREE VOLUME =      73.126503
  
 CHARMM>     
  
 CHARMM>    calc c = ?volume * @factor
 Parameter: FACTOR -> "5"
 RDCMND substituted energy or value "?VOLUME" to "18.0292851"
Evaluating: 18.0292851*5
 Parameter: C <- "90.1464255"
  
 CHARMM>     
  
 CHARMM>    if a .lt. -10 if a .gt. -20 if c .gt. @botarea set botarea = @c
 Parameter: BOTAREA -> "-1"
 Parameter: C -> "90.1464255"
 Comparing "3.4" and "-10".
 IF test evaluated as false.  Skipping command
  
 CHARMM>    if a .gt.  10 if a .lt.  20 if c .gt. @toparea set toparea = @c
 Parameter: TOPAREA -> "-1"
 Parameter: C -> "90.1464255"
 Comparing "3.4" and "10".
 IF test evaluated as false.  Skipping command
  
 CHARMM>     
  
 CHARMM>    write title unit 51
 RDTITL> * 3.6  90.1464255
 RDTITL> *
  
 CHARMM>     
  
 CHARMM>    incr a by @dcel
 Parameter: DCEL -> "0.2"
 Parameter: A <- "3.6"
  
 CHARMM>    incr b by @dcel
 Parameter: DCEL -> "0.2"
 Parameter: B <- "3.8"
  
 CHARMM>    if b le ?ZMAX goto DOAREA
 RDCMND substituted energy or value "?ZMAX" to "11.6295697"
 Comparing "3.8" and "11.6295697".
 IF test evaluated as true.  Performing command
  
 CHARMM>     
  
 CHARMM>    ! Cross sectional protein area with whole atom.
 CHARMM>    scalar wmain = radius
  
 CHARMM>    scalar wmain mult 2.5   sele resname TIP3 end
 SELRPN>      0 atoms have been selected out of    136
  
 CHARMM>    scalar wmain add  1.529 sele .not. resname TIP3 end
 SELRPN>    136 atoms have been selected out of    136
  
 CHARMM>    scalar wmain mult 0.85  sele .not. resname TIP3 end
 SELRPN>    136 atoms have been selected out of    136
  
 CHARMM>    calc zab = ( @a + @b ) / 2.0
 Parameter: A -> "3.6"
 Parameter: B -> "3.8"
Evaluating: (3.6+3.8)/2.0
 Parameter: ZAB <- "3.7"
  
 CHARMM>     
  
 CHARMM>    coor search -
 CHARMM>         xmin @x1  xmax @x2  xgrip @xncel -
 CHARMM>         ymin @y1  ymax @y2  ygrip @yncel -
 CHARMM>         zmin @a   zmax @b   zgrip 5
 Parameter: X1 -> "-7.59951228"
 Parameter: X2 -> "7.80998274"
 Parameter: XNCEL -> "77"
 Parameter: Y1 -> "-11.6131518"
 Parameter: Y2 -> "10.15572"
 Parameter: YNCEL -> "108"
 Parameter: A -> "3.6"
 Parameter: B -> "3.8"

 A TOTAL OF    30176   VACUUM POINTS WERE FOUND
 A TOTAL OF    11404 OCCUPIED POINTS WERE FOUND
 A TOTAL OF        0 EXTERNAL POINTS WERE FOUND
 A TOTAL OF    30176 SELECTED POINTS WERE FOUND
 TOTAL OCCUPIED  VOLUME =      18.400391
 TOTAL SELECTED  VOLUME =      48.689073
 TOTAL FREE      VOLUME =      48.689073
 FRACTIONAL FREE VOLUME =      72.573353
  
 CHARMM>     
  
 CHARMM>    calc c = ?volume * @factor
 Parameter: FACTOR -> "5"
 RDCMND substituted energy or value "?VOLUME" to "18.4003908"
Evaluating: 18.4003908*5
 Parameter: C <- "92.001954"
  
 CHARMM>     
  
 CHARMM>    if a .lt. -10 if a .gt. -20 if c .gt. @botarea set botarea = @c
 Parameter: BOTAREA -> "-1"
 Parameter: C -> "92.001954"
 Comparing "3.6" and "-10".
 IF test evaluated as false.  Skipping command
  
 CHARMM>    if a .gt.  10 if a .lt.  20 if c .gt. @toparea set toparea = @c
 Parameter: TOPAREA -> "-1"
 Parameter: C -> "92.001954"
 Comparing "3.6" and "10".
 IF test evaluated as false.  Skipping command
  
 CHARMM>     
  
 CHARMM>    write title unit 51
 RDTITL> * 3.8  92.001954
 RDTITL> *
  
 CHARMM>     
  
 CHARMM>    incr a by @dcel
 Parameter: DCEL -> "0.2"
 Parameter: A <- "3.8"
  
 CHARMM>    incr b by @dcel
 Parameter: DCEL -> "0.2"
 Parameter: B <- "4"
  
 CHARMM>    if b le ?ZMAX goto DOAREA
 RDCMND substituted energy or value "?ZMAX" to "11.6295697"
 Comparing "4" and "11.6295697".
 IF test evaluated as true.  Performing command
  
 CHARMM>     
  
 CHARMM>    ! Cross sectional protein area with whole atom.
 CHARMM>    scalar wmain = radius
  
 CHARMM>    scalar wmain mult 2.5   sele resname TIP3 end
 SELRPN>      0 atoms have been selected out of    136
  
 CHARMM>    scalar wmain add  1.529 sele .not. resname TIP3 end
 SELRPN>    136 atoms have been selected out of    136
  
 CHARMM>    scalar wmain mult 0.85  sele .not. resname TIP3 end
 SELRPN>    136 atoms have been selected out of    136
  
 CHARMM>    calc zab = ( @a + @b ) / 2.0
 Parameter: A -> "3.8"
 Parameter: B -> "4"
Evaluating: (3.8+4)/2.0
 Parameter: ZAB <- "3.9"
  
 CHARMM>     
  
 CHARMM>    coor search -
 CHARMM>         xmin @x1  xmax @x2  xgrip @xncel -
 CHARMM>         ymin @y1  ymax @y2  ygrip @yncel -
 CHARMM>         zmin @a   zmax @b   zgrip 5
 Parameter: X1 -> "-7.59951228"
 Parameter: X2 -> "7.80998274"
 Parameter: XNCEL -> "77"
 Parameter: Y1 -> "-11.6131518"
 Parameter: Y2 -> "10.15572"
 Parameter: YNCEL -> "108"
 Parameter: A -> "3.8"
 Parameter: B -> "4"

 A TOTAL OF    29987   VACUUM POINTS WERE FOUND
 A TOTAL OF    11593 OCCUPIED POINTS WERE FOUND
 A TOTAL OF        0 EXTERNAL POINTS WERE FOUND
 A TOTAL OF    29987 SELECTED POINTS WERE FOUND
 TOTAL OCCUPIED  VOLUME =      18.705343
 TOTAL SELECTED  VOLUME =      48.384121
 TOTAL FREE      VOLUME =      48.384121
 FRACTIONAL FREE VOLUME =      72.118807
  
 CHARMM>     
  
 CHARMM>    calc c = ?volume * @factor
 Parameter: FACTOR -> "5"
 RDCMND substituted energy or value "?VOLUME" to "18.7053429"
Evaluating: 18.7053429*5
 Parameter: C <- "93.5267145"
  
 CHARMM>     
  
 CHARMM>    if a .lt. -10 if a .gt. -20 if c .gt. @botarea set botarea = @c
 Parameter: BOTAREA -> "-1"
 Parameter: C -> "93.5267145"
 Comparing "3.8" and "-10".
 IF test evaluated as false.  Skipping command
  
 CHARMM>    if a .gt.  10 if a .lt.  20 if c .gt. @toparea set toparea = @c
 Parameter: TOPAREA -> "-1"
 Parameter: C -> "93.5267145"
 Comparing "3.8" and "10".
 IF test evaluated as false.  Skipping command
  
 CHARMM>     
  
 CHARMM>    write title unit 51
 RDTITL> * 4  93.5267145
 RDTITL> *
  
 CHARMM>     
  
 CHARMM>    incr a by @dcel
 Parameter: DCEL -> "0.2"
 Parameter: A <- "4"
  
 CHARMM>    incr b by @dcel
 Parameter: DCEL -> "0.2"
 Parameter: B <- "4.2"
  
 CHARMM>    if b le ?ZMAX goto DOAREA
 RDCMND substituted energy or value "?ZMAX" to "11.6295697"
 Comparing "4.2" and "11.6295697".
 IF test evaluated as true.  Performing command
  
 CHARMM>     
  
 CHARMM>    ! Cross sectional protein area with whole atom.
 CHARMM>    scalar wmain = radius
  
 CHARMM>    scalar wmain mult 2.5   sele resname TIP3 end
 SELRPN>      0 atoms have been selected out of    136
  
 CHARMM>    scalar wmain add  1.529 sele .not. resname TIP3 end
 SELRPN>    136 atoms have been selected out of    136
  
 CHARMM>    scalar wmain mult 0.85  sele .not. resname TIP3 end
 SELRPN>    136 atoms have been selected out of    136
  
 CHARMM>    calc zab = ( @a + @b ) / 2.0
 Parameter: A -> "4"
 Parameter: B -> "4.2"
Evaluating: (4+4.2)/2.0
 Parameter: ZAB <- "4.1"
  
 CHARMM>     
  
 CHARMM>    coor search -
 CHARMM>         xmin @x1  xmax @x2  xgrip @xncel -
 CHARMM>         ymin @y1  ymax @y2  ygrip @yncel -
 CHARMM>         zmin @a   zmax @b   zgrip 5
 Parameter: X1 -> "-7.59951228"
 Parameter: X2 -> "7.80998274"
 Parameter: XNCEL -> "77"
 Parameter: Y1 -> "-11.6131518"
 Parameter: Y2 -> "10.15572"
 Parameter: YNCEL -> "108"
 Parameter: A -> "4"
 Parameter: B -> "4.2"

 A TOTAL OF    29762   VACUUM POINTS WERE FOUND
 A TOTAL OF    11818 OCCUPIED POINTS WERE FOUND
 A TOTAL OF        0 EXTERNAL POINTS WERE FOUND
 A TOTAL OF    29762 SELECTED POINTS WERE FOUND
 TOTAL OCCUPIED  VOLUME =      19.068381
 TOTAL SELECTED  VOLUME =      48.021083
 TOTAL FREE      VOLUME =      48.021083
 FRACTIONAL FREE VOLUME =      71.577682
  
 CHARMM>     
  
 CHARMM>    calc c = ?volume * @factor
 Parameter: FACTOR -> "5"
 RDCMND substituted energy or value "?VOLUME" to "19.0683812"
Evaluating: 19.0683812*5
 Parameter: C <- "95.341906"
  
 CHARMM>     
  
 CHARMM>    if a .lt. -10 if a .gt. -20 if c .gt. @botarea set botarea = @c
 Parameter: BOTAREA -> "-1"
 Parameter: C -> "95.341906"
 Comparing "4" and "-10".
 IF test evaluated as false.  Skipping command
  
 CHARMM>    if a .gt.  10 if a .lt.  20 if c .gt. @toparea set toparea = @c
 Parameter: TOPAREA -> "-1"
 Parameter: C -> "95.341906"
 Comparing "4" and "10".
 IF test evaluated as false.  Skipping command
  
 CHARMM>     
  
 CHARMM>    write title unit 51
 RDTITL> * 4.2  95.341906
 RDTITL> *
  
 CHARMM>     
  
 CHARMM>    incr a by @dcel
 Parameter: DCEL -> "0.2"
 Parameter: A <- "4.2"
  
 CHARMM>    incr b by @dcel
 Parameter: DCEL -> "0.2"
 Parameter: B <- "4.4"
  
 CHARMM>    if b le ?ZMAX goto DOAREA
 RDCMND substituted energy or value "?ZMAX" to "11.6295697"
 Comparing "4.4" and "11.6295697".
 IF test evaluated as true.  Performing command
  
 CHARMM>     
  
 CHARMM>    ! Cross sectional protein area with whole atom.
 CHARMM>    scalar wmain = radius
  
 CHARMM>    scalar wmain mult 2.5   sele resname TIP3 end
 SELRPN>      0 atoms have been selected out of    136
  
 CHARMM>    scalar wmain add  1.529 sele .not. resname TIP3 end
 SELRPN>    136 atoms have been selected out of    136
  
 CHARMM>    scalar wmain mult 0.85  sele .not. resname TIP3 end
 SELRPN>    136 atoms have been selected out of    136
  
 CHARMM>    calc zab = ( @a + @b ) / 2.0
 Parameter: A -> "4.2"
 Parameter: B -> "4.4"
Evaluating: (4.2+4.4)/2.0
 Parameter: ZAB <- "4.3"
  
 CHARMM>     
  
 CHARMM>    coor search -
 CHARMM>         xmin @x1  xmax @x2  xgrip @xncel -
 CHARMM>         ymin @y1  ymax @y2  ygrip @yncel -
 CHARMM>         zmin @a   zmax @b   zgrip 5
 Parameter: X1 -> "-7.59951228"
 Parameter: X2 -> "7.80998274"
 Parameter: XNCEL -> "77"
 Parameter: Y1 -> "-11.6131518"
 Parameter: Y2 -> "10.15572"
 Parameter: YNCEL -> "108"
 Parameter: A -> "4.2"
 Parameter: B -> "4.4"

 A TOTAL OF    29534   VACUUM POINTS WERE FOUND
 A TOTAL OF    12046 OCCUPIED POINTS WERE FOUND
 A TOTAL OF        0 EXTERNAL POINTS WERE FOUND
 A TOTAL OF    29534 SELECTED POINTS WERE FOUND
 TOTAL OCCUPIED  VOLUME =      19.436260
 TOTAL SELECTED  VOLUME =      47.653204
 TOTAL FREE      VOLUME =      47.653204
 FRACTIONAL FREE VOLUME =      71.029341
  
 CHARMM>     
  
 CHARMM>    calc c = ?volume * @factor
 Parameter: FACTOR -> "5"
 RDCMND substituted energy or value "?VOLUME" to "19.4362599"
Evaluating: 19.4362599*5
 Parameter: C <- "97.1812995"
  
 CHARMM>     
  
 CHARMM>    if a .lt. -10 if a .gt. -20 if c .gt. @botarea set botarea = @c
 Parameter: BOTAREA -> "-1"
 Parameter: C -> "97.1812995"
 Comparing "4.2" and "-10".
 IF test evaluated as false.  Skipping command
  
 CHARMM>    if a .gt.  10 if a .lt.  20 if c .gt. @toparea set toparea = @c
 Parameter: TOPAREA -> "-1"
 Parameter: C -> "97.1812995"
 Comparing "4.2" and "10".
 IF test evaluated as false.  Skipping command
  
 CHARMM>     
  
 CHARMM>    write title unit 51
 RDTITL> * 4.4  97.1812995
 RDTITL> *
  
 CHARMM>     
  
 CHARMM>    incr a by @dcel
 Parameter: DCEL -> "0.2"
 Parameter: A <- "4.4"
  
 CHARMM>    incr b by @dcel
 Parameter: DCEL -> "0.2"
 Parameter: B <- "4.6"
  
 CHARMM>    if b le ?ZMAX goto DOAREA
 RDCMND substituted energy or value "?ZMAX" to "11.6295697"
 Comparing "4.6" and "11.6295697".
 IF test evaluated as true.  Performing command
  
 CHARMM>     
  
 CHARMM>    ! Cross sectional protein area with whole atom.
 CHARMM>    scalar wmain = radius
  
 CHARMM>    scalar wmain mult 2.5   sele resname TIP3 end
 SELRPN>      0 atoms have been selected out of    136
  
 CHARMM>    scalar wmain add  1.529 sele .not. resname TIP3 end
 SELRPN>    136 atoms have been selected out of    136
  
 CHARMM>    scalar wmain mult 0.85  sele .not. resname TIP3 end
 SELRPN>    136 atoms have been selected out of    136
  
 CHARMM>    calc zab = ( @a + @b ) / 2.0
 Parameter: A -> "4.4"
 Parameter: B -> "4.6"
Evaluating: (4.4+4.6)/2.0
 Parameter: ZAB <- "4.5"
  
 CHARMM>     
  
 CHARMM>    coor search -
 CHARMM>         xmin @x1  xmax @x2  xgrip @xncel -
 CHARMM>         ymin @y1  ymax @y2  ygrip @yncel -
 CHARMM>         zmin @a   zmax @b   zgrip 5
 Parameter: X1 -> "-7.59951228"
 Parameter: X2 -> "7.80998274"
 Parameter: XNCEL -> "77"
 Parameter: Y1 -> "-11.6131518"
 Parameter: Y2 -> "10.15572"
 Parameter: YNCEL -> "108"
 Parameter: A -> "4.4"
 Parameter: B -> "4.6"

 A TOTAL OF    29310   VACUUM POINTS WERE FOUND
 A TOTAL OF    12270 OCCUPIED POINTS WERE FOUND
 A TOTAL OF        0 EXTERNAL POINTS WERE FOUND
 A TOTAL OF    29310 SELECTED POINTS WERE FOUND
 TOTAL OCCUPIED  VOLUME =      19.797685
 TOTAL SELECTED  VOLUME =      47.291780
 TOTAL FREE      VOLUME =      47.291780
 FRACTIONAL FREE VOLUME =      70.490620
  
 CHARMM>     
  
 CHARMM>    calc c = ?volume * @factor
 Parameter: FACTOR -> "5"
 RDCMND substituted energy or value "?VOLUME" to "19.7976846"
Evaluating: 19.7976846*5
 Parameter: C <- "98.988423"
  
 CHARMM>     
  
 CHARMM>    if a .lt. -10 if a .gt. -20 if c .gt. @botarea set botarea = @c
 Parameter: BOTAREA -> "-1"
 Parameter: C -> "98.988423"
 Comparing "4.4" and "-10".
 IF test evaluated as false.  Skipping command
  
 CHARMM>    if a .gt.  10 if a .lt.  20 if c .gt. @toparea set toparea = @c
 Parameter: TOPAREA -> "-1"
 Parameter: C -> "98.988423"
 Comparing "4.4" and "10".
 IF test evaluated as false.  Skipping command
  
 CHARMM>     
  
 CHARMM>    write title unit 51
 RDTITL> * 4.6  98.988423
 RDTITL> *
  
 CHARMM>     
  
 CHARMM>    incr a by @dcel
 Parameter: DCEL -> "0.2"
 Parameter: A <- "4.6"
  
 CHARMM>    incr b by @dcel
 Parameter: DCEL -> "0.2"
 Parameter: B <- "4.8"
  
 CHARMM>    if b le ?ZMAX goto DOAREA
 RDCMND substituted energy or value "?ZMAX" to "11.6295697"
 Comparing "4.8" and "11.6295697".
 IF test evaluated as true.  Performing command
  
 CHARMM>     
  
 CHARMM>    ! Cross sectional protein area with whole atom.
 CHARMM>    scalar wmain = radius
  
 CHARMM>    scalar wmain mult 2.5   sele resname TIP3 end
 SELRPN>      0 atoms have been selected out of    136
  
 CHARMM>    scalar wmain add  1.529 sele .not. resname TIP3 end
 SELRPN>    136 atoms have been selected out of    136
  
 CHARMM>    scalar wmain mult 0.85  sele .not. resname TIP3 end
 SELRPN>    136 atoms have been selected out of    136
  
 CHARMM>    calc zab = ( @a + @b ) / 2.0
 Parameter: A -> "4.6"
 Parameter: B -> "4.8"
Evaluating: (4.6+4.8)/2.0
 Parameter: ZAB <- "4.7"
  
 CHARMM>     
  
 CHARMM>    coor search -
 CHARMM>         xmin @x1  xmax @x2  xgrip @xncel -
 CHARMM>         ymin @y1  ymax @y2  ygrip @yncel -
 CHARMM>         zmin @a   zmax @b   zgrip 5
 Parameter: X1 -> "-7.59951228"
 Parameter: X2 -> "7.80998274"
 Parameter: XNCEL -> "77"
 Parameter: Y1 -> "-11.6131518"
 Parameter: Y2 -> "10.15572"
 Parameter: YNCEL -> "108"
 Parameter: A -> "4.6"
 Parameter: B -> "4.8"

 A TOTAL OF    29170   VACUUM POINTS WERE FOUND
 A TOTAL OF    12410 OCCUPIED POINTS WERE FOUND
 A TOTAL OF        0 EXTERNAL POINTS WERE FOUND
 A TOTAL OF    29170 SELECTED POINTS WERE FOUND
 TOTAL OCCUPIED  VOLUME =      20.023575
 TOTAL SELECTED  VOLUME =      47.065889
 TOTAL FREE      VOLUME =      47.065889
 FRACTIONAL FREE VOLUME =      70.153920
  
 CHARMM>     
  
 CHARMM>    calc c = ?volume * @factor
 Parameter: FACTOR -> "5"
 RDCMND substituted energy or value "?VOLUME" to "20.0235751"
Evaluating: 20.0235751*5
 Parameter: C <- "100.117875"
  
 CHARMM>     
  
 CHARMM>    if a .lt. -10 if a .gt. -20 if c .gt. @botarea set botarea = @c
 Parameter: BOTAREA -> "-1"
 Parameter: C -> "100.117875"
 Comparing "4.6" and "-10".
 IF test evaluated as false.  Skipping command
  
 CHARMM>    if a .gt.  10 if a .lt.  20 if c .gt. @toparea set toparea = @c
 Parameter: TOPAREA -> "-1"
 Parameter: C -> "100.117875"
 Comparing "4.6" and "10".
 IF test evaluated as false.  Skipping command
  
 CHARMM>     
  
 CHARMM>    write title unit 51
 RDTITL> * 4.8  100.117875
 RDTITL> *
  
 CHARMM>     
  
 CHARMM>    incr a by @dcel
 Parameter: DCEL -> "0.2"
 Parameter: A <- "4.8"
  
 CHARMM>    incr b by @dcel
 Parameter: DCEL -> "0.2"
 Parameter: B <- "5"
  
 CHARMM>    if b le ?ZMAX goto DOAREA
 RDCMND substituted energy or value "?ZMAX" to "11.6295697"
 Comparing "5" and "11.6295697".
 IF test evaluated as true.  Performing command
  
 CHARMM>     
  
 CHARMM>    ! Cross sectional protein area with whole atom.
 CHARMM>    scalar wmain = radius
  
 CHARMM>    scalar wmain mult 2.5   sele resname TIP3 end
 SELRPN>      0 atoms have been selected out of    136
  
 CHARMM>    scalar wmain add  1.529 sele .not. resname TIP3 end
 SELRPN>    136 atoms have been selected out of    136
  
 CHARMM>    scalar wmain mult 0.85  sele .not. resname TIP3 end
 SELRPN>    136 atoms have been selected out of    136
  
 CHARMM>    calc zab = ( @a + @b ) / 2.0
 Parameter: A -> "4.8"
 Parameter: B -> "5"
Evaluating: (4.8+5)/2.0
 Parameter: ZAB <- "4.9"
  
 CHARMM>     
  
 CHARMM>    coor search -
 CHARMM>         xmin @x1  xmax @x2  xgrip @xncel -
 CHARMM>         ymin @y1  ymax @y2  ygrip @yncel -
 CHARMM>         zmin @a   zmax @b   zgrip 5
 Parameter: X1 -> "-7.59951228"
 Parameter: X2 -> "7.80998274"
 Parameter: XNCEL -> "77"
 Parameter: Y1 -> "-11.6131518"
 Parameter: Y2 -> "10.15572"
 Parameter: YNCEL -> "108"
 Parameter: A -> "4.8"
 Parameter: B -> "5"

 A TOTAL OF    29057   VACUUM POINTS WERE FOUND
 A TOTAL OF    12523 OCCUPIED POINTS WERE FOUND
 A TOTAL OF        0 EXTERNAL POINTS WERE FOUND
 A TOTAL OF    29057 SELECTED POINTS WERE FOUND
 TOTAL OCCUPIED  VOLUME =      20.205901
 TOTAL SELECTED  VOLUME =      46.883563
 TOTAL FREE      VOLUME =      46.883563
 FRACTIONAL FREE VOLUME =      69.882155
  
 CHARMM>     
  
 CHARMM>    calc c = ?volume * @factor
 Parameter: FACTOR -> "5"
 RDCMND substituted energy or value "?VOLUME" to "20.205901"
Evaluating: 20.205901*5
 Parameter: C <- "101.029505"
  
 CHARMM>     
  
 CHARMM>    if a .lt. -10 if a .gt. -20 if c .gt. @botarea set botarea = @c
 Parameter: BOTAREA -> "-1"
 Parameter: C -> "101.029505"
 Comparing "4.8" and "-10".
 IF test evaluated as false.  Skipping command
  
 CHARMM>    if a .gt.  10 if a .lt.  20 if c .gt. @toparea set toparea = @c
 Parameter: TOPAREA -> "-1"
 Parameter: C -> "101.029505"
 Comparing "4.8" and "10".
 IF test evaluated as false.  Skipping command
  
 CHARMM>     
  
 CHARMM>    write title unit 51
 RDTITL> * 5  101.029505
 RDTITL> *
  
 CHARMM>     
  
 CHARMM>    incr a by @dcel
 Parameter: DCEL -> "0.2"
 Parameter: A <- "5"
  
 CHARMM>    incr b by @dcel
 Parameter: DCEL -> "0.2"
 Parameter: B <- "5.2"
  
 CHARMM>    if b le ?ZMAX goto DOAREA
 RDCMND substituted energy or value "?ZMAX" to "11.6295697"
 Comparing "5.2" and "11.6295697".
 IF test evaluated as true.  Performing command
  
 CHARMM>     
  
 CHARMM>    ! Cross sectional protein area with whole atom.
 CHARMM>    scalar wmain = radius
  
 CHARMM>    scalar wmain mult 2.5   sele resname TIP3 end
 SELRPN>      0 atoms have been selected out of    136
  
 CHARMM>    scalar wmain add  1.529 sele .not. resname TIP3 end
 SELRPN>    136 atoms have been selected out of    136
  
 CHARMM>    scalar wmain mult 0.85  sele .not. resname TIP3 end
 SELRPN>    136 atoms have been selected out of    136
  
 CHARMM>    calc zab = ( @a + @b ) / 2.0
 Parameter: A -> "5"
 Parameter: B -> "5.2"
Evaluating: (5+5.2)/2.0
 Parameter: ZAB <- "5.1"
  
 CHARMM>     
  
 CHARMM>    coor search -
 CHARMM>         xmin @x1  xmax @x2  xgrip @xncel -
 CHARMM>         ymin @y1  ymax @y2  ygrip @yncel -
 CHARMM>         zmin @a   zmax @b   zgrip 5
 Parameter: X1 -> "-7.59951228"
 Parameter: X2 -> "7.80998274"
 Parameter: XNCEL -> "77"
 Parameter: Y1 -> "-11.6131518"
 Parameter: Y2 -> "10.15572"
 Parameter: YNCEL -> "108"
 Parameter: A -> "5"
 Parameter: B -> "5.2"

 A TOTAL OF    29028   VACUUM POINTS WERE FOUND
 A TOTAL OF    12552 OCCUPIED POINTS WERE FOUND
 A TOTAL OF        0 EXTERNAL POINTS WERE FOUND
 A TOTAL OF    29028 SELECTED POINTS WERE FOUND
 TOTAL OCCUPIED  VOLUME =      20.252693
 TOTAL SELECTED  VOLUME =      46.836772
 TOTAL FREE      VOLUME =      46.836772
 FRACTIONAL FREE VOLUME =      69.812410
  
 CHARMM>     
  
 CHARMM>    calc c = ?volume * @factor
 Parameter: FACTOR -> "5"
 RDCMND substituted energy or value "?VOLUME" to "20.2526925"
Evaluating: 20.2526925*5
 Parameter: C <- "101.263462"
  
 CHARMM>     
  
 CHARMM>    if a .lt. -10 if a .gt. -20 if c .gt. @botarea set botarea = @c
 Parameter: BOTAREA -> "-1"
 Parameter: C -> "101.263462"
 Comparing "5" and "-10".
 IF test evaluated as false.  Skipping command
  
 CHARMM>    if a .gt.  10 if a .lt.  20 if c .gt. @toparea set toparea = @c
 Parameter: TOPAREA -> "-1"
 Parameter: C -> "101.263462"
 Comparing "5" and "10".
 IF test evaluated as false.  Skipping command
  
 CHARMM>     
  
 CHARMM>    write title unit 51
 RDTITL> * 5.2  101.263462
 RDTITL> *
  
 CHARMM>     
  
 CHARMM>    incr a by @dcel
 Parameter: DCEL -> "0.2"
 Parameter: A <- "5.2"
  
 CHARMM>    incr b by @dcel
 Parameter: DCEL -> "0.2"
 Parameter: B <- "5.4"
  
 CHARMM>    if b le ?ZMAX goto DOAREA
 RDCMND substituted energy or value "?ZMAX" to "11.6295697"
 Comparing "5.4" and "11.6295697".
 IF test evaluated as true.  Performing command
  
 CHARMM>     
  
 CHARMM>    ! Cross sectional protein area with whole atom.
 CHARMM>    scalar wmain = radius
  
 CHARMM>    scalar wmain mult 2.5   sele resname TIP3 end
 SELRPN>      0 atoms have been selected out of    136
  
 CHARMM>    scalar wmain add  1.529 sele .not. resname TIP3 end
 SELRPN>    136 atoms have been selected out of    136
  
 CHARMM>    scalar wmain mult 0.85  sele .not. resname TIP3 end
 SELRPN>    136 atoms have been selected out of    136
  
 CHARMM>    calc zab = ( @a + @b ) / 2.0
 Parameter: A -> "5.2"
 Parameter: B -> "5.4"
Evaluating: (5.2+5.4)/2.0
 Parameter: ZAB <- "5.3"
  
 CHARMM>     
  
 CHARMM>    coor search -
 CHARMM>         xmin @x1  xmax @x2  xgrip @xncel -
 CHARMM>         ymin @y1  ymax @y2  ygrip @yncel -
 CHARMM>         zmin @a   zmax @b   zgrip 5
 Parameter: X1 -> "-7.59951228"
 Parameter: X2 -> "7.80998274"
 Parameter: XNCEL -> "77"
 Parameter: Y1 -> "-11.6131518"
 Parameter: Y2 -> "10.15572"
 Parameter: YNCEL -> "108"
 Parameter: A -> "5.2"
 Parameter: B -> "5.4"

 A TOTAL OF    29018   VACUUM POINTS WERE FOUND
 A TOTAL OF    12562 OCCUPIED POINTS WERE FOUND
 A TOTAL OF        0 EXTERNAL POINTS WERE FOUND
 A TOTAL OF    29018 SELECTED POINTS WERE FOUND
 TOTAL OCCUPIED  VOLUME =      20.268828
 TOTAL SELECTED  VOLUME =      46.820637
 TOTAL FREE      VOLUME =      46.820637
 FRACTIONAL FREE VOLUME =      69.788360
  
 CHARMM>     
  
 CHARMM>    calc c = ?volume * @factor
 Parameter: FACTOR -> "5"
 RDCMND substituted energy or value "?VOLUME" to "20.2688276"
Evaluating: 20.2688276*5
 Parameter: C <- "101.344138"
  
 CHARMM>     
  
 CHARMM>    if a .lt. -10 if a .gt. -20 if c .gt. @botarea set botarea = @c
 Parameter: BOTAREA -> "-1"
 Parameter: C -> "101.344138"
 Comparing "5.2" and "-10".
 IF test evaluated as false.  Skipping command
  
 CHARMM>    if a .gt.  10 if a .lt.  20 if c .gt. @toparea set toparea = @c
 Parameter: TOPAREA -> "-1"
 Parameter: C -> "101.344138"
 Comparing "5.2" and "10".
 IF test evaluated as false.  Skipping command
  
 CHARMM>     
  
 CHARMM>    write title unit 51
 RDTITL> * 5.4  101.344138
 RDTITL> *
  
 CHARMM>     
  
 CHARMM>    incr a by @dcel
 Parameter: DCEL -> "0.2"
 Parameter: A <- "5.4"
  
 CHARMM>    incr b by @dcel
 Parameter: DCEL -> "0.2"
 Parameter: B <- "5.6"
  
 CHARMM>    if b le ?ZMAX goto DOAREA
 RDCMND substituted energy or value "?ZMAX" to "11.6295697"
 Comparing "5.6" and "11.6295697".
 IF test evaluated as true.  Performing command
  
 CHARMM>     
  
 CHARMM>    ! Cross sectional protein area with whole atom.
 CHARMM>    scalar wmain = radius
  
 CHARMM>    scalar wmain mult 2.5   sele resname TIP3 end
 SELRPN>      0 atoms have been selected out of    136
  
 CHARMM>    scalar wmain add  1.529 sele .not. resname TIP3 end
 SELRPN>    136 atoms have been selected out of    136
  
 CHARMM>    scalar wmain mult 0.85  sele .not. resname TIP3 end
 SELRPN>    136 atoms have been selected out of    136
  
 CHARMM>    calc zab = ( @a + @b ) / 2.0
 Parameter: A -> "5.4"
 Parameter: B -> "5.6"
Evaluating: (5.4+5.6)/2.0
 Parameter: ZAB <- "5.5"
  
 CHARMM>     
  
 CHARMM>    coor search -
 CHARMM>         xmin @x1  xmax @x2  xgrip @xncel -
 CHARMM>         ymin @y1  ymax @y2  ygrip @yncel -
 CHARMM>         zmin @a   zmax @b   zgrip 5
 Parameter: X1 -> "-7.59951228"
 Parameter: X2 -> "7.80998274"
 Parameter: XNCEL -> "77"
 Parameter: Y1 -> "-11.6131518"
 Parameter: Y2 -> "10.15572"
 Parameter: YNCEL -> "108"
 Parameter: A -> "5.4"
 Parameter: B -> "5.6"

 A TOTAL OF    29075   VACUUM POINTS WERE FOUND
 A TOTAL OF    12505 OCCUPIED POINTS WERE FOUND
 A TOTAL OF        0 EXTERNAL POINTS WERE FOUND
 A TOTAL OF    29075 SELECTED POINTS WERE FOUND
 TOTAL OCCUPIED  VOLUME =      20.176858
 TOTAL SELECTED  VOLUME =      46.912606
 TOTAL FREE      VOLUME =      46.912606
 FRACTIONAL FREE VOLUME =      69.925445
  
 CHARMM>     
  
 CHARMM>    calc c = ?volume * @factor
 Parameter: FACTOR -> "5"
 RDCMND substituted energy or value "?VOLUME" to "20.1768579"
Evaluating: 20.1768579*5
 Parameter: C <- "100.88429"
  
 CHARMM>     
  
 CHARMM>    if a .lt. -10 if a .gt. -20 if c .gt. @botarea set botarea = @c
 Parameter: BOTAREA -> "-1"
 Parameter: C -> "100.88429"
 Comparing "5.4" and "-10".
 IF test evaluated as false.  Skipping command
  
 CHARMM>    if a .gt.  10 if a .lt.  20 if c .gt. @toparea set toparea = @c
 Parameter: TOPAREA -> "-1"
 Parameter: C -> "100.88429"
 Comparing "5.4" and "10".
 IF test evaluated as false.  Skipping command
  
 CHARMM>     
  
 CHARMM>    write title unit 51
 RDTITL> * 5.6  100.88429
 RDTITL> *
  
 CHARMM>     
  
 CHARMM>    incr a by @dcel
 Parameter: DCEL -> "0.2"
 Parameter: A <- "5.6"
  
 CHARMM>    incr b by @dcel
 Parameter: DCEL -> "0.2"
 Parameter: B <- "5.8"
  
 CHARMM>    if b le ?ZMAX goto DOAREA
 RDCMND substituted energy or value "?ZMAX" to "11.6295697"
 Comparing "5.8" and "11.6295697".
 IF test evaluated as true.  Performing command
  
 CHARMM>     
  
 CHARMM>    ! Cross sectional protein area with whole atom.
 CHARMM>    scalar wmain = radius
  
 CHARMM>    scalar wmain mult 2.5   sele resname TIP3 end
 SELRPN>      0 atoms have been selected out of    136
  
 CHARMM>    scalar wmain add  1.529 sele .not. resname TIP3 end
 SELRPN>    136 atoms have been selected out of    136
  
 CHARMM>    scalar wmain mult 0.85  sele .not. resname TIP3 end
 SELRPN>    136 atoms have been selected out of    136
  
 CHARMM>    calc zab = ( @a + @b ) / 2.0
 Parameter: A -> "5.6"
 Parameter: B -> "5.8"
Evaluating: (5.6+5.8)/2.0
 Parameter: ZAB <- "5.7"
  
 CHARMM>     
  
 CHARMM>    coor search -
 CHARMM>         xmin @x1  xmax @x2  xgrip @xncel -
 CHARMM>         ymin @y1  ymax @y2  ygrip @yncel -
 CHARMM>         zmin @a   zmax @b   zgrip 5
 Parameter: X1 -> "-7.59951228"
 Parameter: X2 -> "7.80998274"
 Parameter: XNCEL -> "77"
 Parameter: Y1 -> "-11.6131518"
 Parameter: Y2 -> "10.15572"
 Parameter: YNCEL -> "108"
 Parameter: A -> "5.6"
 Parameter: B -> "5.8"

 A TOTAL OF    29134   VACUUM POINTS WERE FOUND
 A TOTAL OF    12446 OCCUPIED POINTS WERE FOUND
 A TOTAL OF        0 EXTERNAL POINTS WERE FOUND
 A TOTAL OF    29134 SELECTED POINTS WERE FOUND
 TOTAL OCCUPIED  VOLUME =      20.081661
 TOTAL SELECTED  VOLUME =      47.007803
 TOTAL FREE      VOLUME =      47.007803
 FRACTIONAL FREE VOLUME =      70.067340
  
 CHARMM>     
  
 CHARMM>    calc c = ?volume * @factor
 Parameter: FACTOR -> "5"
 RDCMND substituted energy or value "?VOLUME" to "20.0816612"
Evaluating: 20.0816612*5
 Parameter: C <- "100.408306"
  
 CHARMM>     
  
 CHARMM>    if a .lt. -10 if a .gt. -20 if c .gt. @botarea set botarea = @c
 Parameter: BOTAREA -> "-1"
 Parameter: C -> "100.408306"
 Comparing "5.6" and "-10".
 IF test evaluated as false.  Skipping command
  
 CHARMM>    if a .gt.  10 if a .lt.  20 if c .gt. @toparea set toparea = @c
 Parameter: TOPAREA -> "-1"
 Parameter: C -> "100.408306"
 Comparing "5.6" and "10".
 IF test evaluated as false.  Skipping command
  
 CHARMM>     
  
 CHARMM>    write title unit 51
 RDTITL> * 5.8  100.408306
 RDTITL> *
  
 CHARMM>     
  
 CHARMM>    incr a by @dcel
 Parameter: DCEL -> "0.2"
 Parameter: A <- "5.8"
  
 CHARMM>    incr b by @dcel
 Parameter: DCEL -> "0.2"
 Parameter: B <- "6"
  
 CHARMM>    if b le ?ZMAX goto DOAREA
 RDCMND substituted energy or value "?ZMAX" to "11.6295697"
 Comparing "6" and "11.6295697".
 IF test evaluated as true.  Performing command
  
 CHARMM>     
  
 CHARMM>    ! Cross sectional protein area with whole atom.
 CHARMM>    scalar wmain = radius
  
 CHARMM>    scalar wmain mult 2.5   sele resname TIP3 end
 SELRPN>      0 atoms have been selected out of    136
  
 CHARMM>    scalar wmain add  1.529 sele .not. resname TIP3 end
 SELRPN>    136 atoms have been selected out of    136
  
 CHARMM>    scalar wmain mult 0.85  sele .not. resname TIP3 end
 SELRPN>    136 atoms have been selected out of    136
  
 CHARMM>    calc zab = ( @a + @b ) / 2.0
 Parameter: A -> "5.8"
 Parameter: B -> "6"
Evaluating: (5.8+6)/2.0
 Parameter: ZAB <- "5.9"
  
 CHARMM>     
  
 CHARMM>    coor search -
 CHARMM>         xmin @x1  xmax @x2  xgrip @xncel -
 CHARMM>         ymin @y1  ymax @y2  ygrip @yncel -
 CHARMM>         zmin @a   zmax @b   zgrip 5
 Parameter: X1 -> "-7.59951228"
 Parameter: X2 -> "7.80998274"
 Parameter: XNCEL -> "77"
 Parameter: Y1 -> "-11.6131518"
 Parameter: Y2 -> "10.15572"
 Parameter: YNCEL -> "108"
 Parameter: A -> "5.8"
 Parameter: B -> "6"

 A TOTAL OF    29262   VACUUM POINTS WERE FOUND
 A TOTAL OF    12318 OCCUPIED POINTS WERE FOUND
 A TOTAL OF        0 EXTERNAL POINTS WERE FOUND
 A TOTAL OF    29262 SELECTED POINTS WERE FOUND
 TOTAL OCCUPIED  VOLUME =      19.875133
 TOTAL SELECTED  VOLUME =      47.214332
 TOTAL FREE      VOLUME =      47.214332
 FRACTIONAL FREE VOLUME =      70.375180
  
 CHARMM>     
  
 CHARMM>    calc c = ?volume * @factor
 Parameter: FACTOR -> "5"
 RDCMND substituted energy or value "?VOLUME" to "19.8751328"
Evaluating: 19.8751328*5
 Parameter: C <- "99.375664"
  
 CHARMM>     
  
 CHARMM>    if a .lt. -10 if a .gt. -20 if c .gt. @botarea set botarea = @c
 Parameter: BOTAREA -> "-1"
 Parameter: C -> "99.375664"
 Comparing "5.8" and "-10".
 IF test evaluated as false.  Skipping command
  
 CHARMM>    if a .gt.  10 if a .lt.  20 if c .gt. @toparea set toparea = @c
 Parameter: TOPAREA -> "-1"
 Parameter: C -> "99.375664"
 Comparing "5.8" and "10".
 IF test evaluated as false.  Skipping command
  
 CHARMM>     
  
 CHARMM>    write title unit 51
 RDTITL> * 6  99.375664
 RDTITL> *
  
 CHARMM>     
  
 CHARMM>    incr a by @dcel
 Parameter: DCEL -> "0.2"
 Parameter: A <- "6"
  
 CHARMM>    incr b by @dcel
 Parameter: DCEL -> "0.2"
 Parameter: B <- "6.2"
  
 CHARMM>    if b le ?ZMAX goto DOAREA
 RDCMND substituted energy or value "?ZMAX" to "11.6295697"
 Comparing "6.2" and "11.6295697".
 IF test evaluated as true.  Performing command
  
 CHARMM>     
  
 CHARMM>    ! Cross sectional protein area with whole atom.
 CHARMM>    scalar wmain = radius
  
 CHARMM>    scalar wmain mult 2.5   sele resname TIP3 end
 SELRPN>      0 atoms have been selected out of    136
  
 CHARMM>    scalar wmain add  1.529 sele .not. resname TIP3 end
 SELRPN>    136 atoms have been selected out of    136
  
 CHARMM>    scalar wmain mult 0.85  sele .not. resname TIP3 end
 SELRPN>    136 atoms have been selected out of    136
  
 CHARMM>    calc zab = ( @a + @b ) / 2.0
 Parameter: A -> "6"
 Parameter: B -> "6.2"
Evaluating: (6+6.2)/2.0
 Parameter: ZAB <- "6.1"
  
 CHARMM>     
  
 CHARMM>    coor search -
 CHARMM>         xmin @x1  xmax @x2  xgrip @xncel -
 CHARMM>         ymin @y1  ymax @y2  ygrip @yncel -
 CHARMM>         zmin @a   zmax @b   zgrip 5
 Parameter: X1 -> "-7.59951228"
 Parameter: X2 -> "7.80998274"
 Parameter: XNCEL -> "77"
 Parameter: Y1 -> "-11.6131518"
 Parameter: Y2 -> "10.15572"
 Parameter: YNCEL -> "108"
 Parameter: A -> "6"
 Parameter: B -> "6.2"

 A TOTAL OF    29397   VACUUM POINTS WERE FOUND
 A TOTAL OF    12183 OCCUPIED POINTS WERE FOUND
 A TOTAL OF        0 EXTERNAL POINTS WERE FOUND
 A TOTAL OF    29397 SELECTED POINTS WERE FOUND
 TOTAL OCCUPIED  VOLUME =      19.657310
 TOTAL SELECTED  VOLUME =      47.432154
 TOTAL FREE      VOLUME =      47.432154
 FRACTIONAL FREE VOLUME =      70.699856
  
 CHARMM>     
  
 CHARMM>    calc c = ?volume * @factor
 Parameter: FACTOR -> "5"
 RDCMND substituted energy or value "?VOLUME" to "19.6573099"
Evaluating: 19.6573099*5
 Parameter: C <- "98.2865495"
  
 CHARMM>     
  
 CHARMM>    if a .lt. -10 if a .gt. -20 if c .gt. @botarea set botarea = @c
 Parameter: BOTAREA -> "-1"
 Parameter: C -> "98.2865495"
 Comparing "6" and "-10".
 IF test evaluated as false.  Skipping command
  
 CHARMM>    if a .gt.  10 if a .lt.  20 if c .gt. @toparea set toparea = @c
 Parameter: TOPAREA -> "-1"
 Parameter: C -> "98.2865495"
 Comparing "6" and "10".
 IF test evaluated as false.  Skipping command
  
 CHARMM>     
  
 CHARMM>    write title unit 51
 RDTITL> * 6.2  98.2865495
 RDTITL> *
  
 CHARMM>     
  
 CHARMM>    incr a by @dcel
 Parameter: DCEL -> "0.2"
 Parameter: A <- "6.2"
  
 CHARMM>    incr b by @dcel
 Parameter: DCEL -> "0.2"
 Parameter: B <- "6.4"
  
 CHARMM>    if b le ?ZMAX goto DOAREA
 RDCMND substituted energy or value "?ZMAX" to "11.6295697"
 Comparing "6.4" and "11.6295697".
 IF test evaluated as true.  Performing command
  
 CHARMM>     
  
 CHARMM>    ! Cross sectional protein area with whole atom.
 CHARMM>    scalar wmain = radius
  
 CHARMM>    scalar wmain mult 2.5   sele resname TIP3 end
 SELRPN>      0 atoms have been selected out of    136
  
 CHARMM>    scalar wmain add  1.529 sele .not. resname TIP3 end
 SELRPN>    136 atoms have been selected out of    136
  
 CHARMM>    scalar wmain mult 0.85  sele .not. resname TIP3 end
 SELRPN>    136 atoms have been selected out of    136
  
 CHARMM>    calc zab = ( @a + @b ) / 2.0
 Parameter: A -> "6.2"
 Parameter: B -> "6.4"
Evaluating: (6.2+6.4)/2.0
 Parameter: ZAB <- "6.3"
  
 CHARMM>     
  
 CHARMM>    coor search -
 CHARMM>         xmin @x1  xmax @x2  xgrip @xncel -
 CHARMM>         ymin @y1  ymax @y2  ygrip @yncel -
 CHARMM>         zmin @a   zmax @b   zgrip 5
 Parameter: X1 -> "-7.59951228"
 Parameter: X2 -> "7.80998274"
 Parameter: XNCEL -> "77"
 Parameter: Y1 -> "-11.6131518"
 Parameter: Y2 -> "10.15572"
 Parameter: YNCEL -> "108"
 Parameter: A -> "6.2"
 Parameter: B -> "6.4"

 A TOTAL OF    29583   VACUUM POINTS WERE FOUND
 A TOTAL OF    11997 OCCUPIED POINTS WERE FOUND
 A TOTAL OF        0 EXTERNAL POINTS WERE FOUND
 A TOTAL OF    29583 SELECTED POINTS WERE FOUND
 TOTAL OCCUPIED  VOLUME =      19.357198
 TOTAL SELECTED  VOLUME =      47.732266
 TOTAL FREE      VOLUME =      47.732266
 FRACTIONAL FREE VOLUME =      71.147186
  
 CHARMM>     
  
 CHARMM>    calc c = ?volume * @factor
 Parameter: FACTOR -> "5"
 RDCMND substituted energy or value "?VOLUME" to "19.3571983"
Evaluating: 19.3571983*5
 Parameter: C <- "96.7859915"
  
 CHARMM>     
  
 CHARMM>    if a .lt. -10 if a .gt. -20 if c .gt. @botarea set botarea = @c
 Parameter: BOTAREA -> "-1"
 Parameter: C -> "96.7859915"
 Comparing "6.2" and "-10".
 IF test evaluated as false.  Skipping command
  
 CHARMM>    if a .gt.  10 if a .lt.  20 if c .gt. @toparea set toparea = @c
 Parameter: TOPAREA -> "-1"
 Parameter: C -> "96.7859915"
 Comparing "6.2" and "10".
 IF test evaluated as false.  Skipping command
  
 CHARMM>     
  
 CHARMM>    write title unit 51
 RDTITL> * 6.4  96.7859915
 RDTITL> *
  
 CHARMM>     
  
 CHARMM>    incr a by @dcel
 Parameter: DCEL -> "0.2"
 Parameter: A <- "6.4"
  
 CHARMM>    incr b by @dcel
 Parameter: DCEL -> "0.2"
 Parameter: B <- "6.6"
  
 CHARMM>    if b le ?ZMAX goto DOAREA
 RDCMND substituted energy or value "?ZMAX" to "11.6295697"
 Comparing "6.6" and "11.6295697".
 IF test evaluated as true.  Performing command
  
 CHARMM>     
  
 CHARMM>    ! Cross sectional protein area with whole atom.
 CHARMM>    scalar wmain = radius
  
 CHARMM>    scalar wmain mult 2.5   sele resname TIP3 end
 SELRPN>      0 atoms have been selected out of    136
  
 CHARMM>    scalar wmain add  1.529 sele .not. resname TIP3 end
 SELRPN>    136 atoms have been selected out of    136
  
 CHARMM>    scalar wmain mult 0.85  sele .not. resname TIP3 end
 SELRPN>    136 atoms have been selected out of    136
  
 CHARMM>    calc zab = ( @a + @b ) / 2.0
 Parameter: A -> "6.4"
 Parameter: B -> "6.6"
Evaluating: (6.4+6.6)/2.0
 Parameter: ZAB <- "6.5"
  
 CHARMM>     
  
 CHARMM>    coor search -
 CHARMM>         xmin @x1  xmax @x2  xgrip @xncel -
 CHARMM>         ymin @y1  ymax @y2  ygrip @yncel -
 CHARMM>         zmin @a   zmax @b   zgrip 5
 Parameter: X1 -> "-7.59951228"
 Parameter: X2 -> "7.80998274"
 Parameter: XNCEL -> "77"
 Parameter: Y1 -> "-11.6131518"
 Parameter: Y2 -> "10.15572"
 Parameter: YNCEL -> "108"
 Parameter: A -> "6.4"
 Parameter: B -> "6.6"

 A TOTAL OF    29836   VACUUM POINTS WERE FOUND
 A TOTAL OF    11744 OCCUPIED POINTS WERE FOUND
 A TOTAL OF        0 EXTERNAL POINTS WERE FOUND
 A TOTAL OF    29836 SELECTED POINTS WERE FOUND
 TOTAL OCCUPIED  VOLUME =      18.948982
 TOTAL SELECTED  VOLUME =      48.140482
 TOTAL FREE      VOLUME =      48.140482
 FRACTIONAL FREE VOLUME =      71.755652
  
 CHARMM>     
  
 CHARMM>    calc c = ?volume * @factor
 Parameter: FACTOR -> "5"
 RDCMND substituted energy or value "?VOLUME" to "18.9489819"
Evaluating: 18.9489819*5
 Parameter: C <- "94.7449095"
  
 CHARMM>     
  
 CHARMM>    if a .lt. -10 if a .gt. -20 if c .gt. @botarea set botarea = @c
 Parameter: BOTAREA -> "-1"
 Parameter: C -> "94.7449095"
 Comparing "6.4" and "-10".
 IF test evaluated as false.  Skipping command
  
 CHARMM>    if a .gt.  10 if a .lt.  20 if c .gt. @toparea set toparea = @c
 Parameter: TOPAREA -> "-1"
 Parameter: C -> "94.7449095"
 Comparing "6.4" and "10".
 IF test evaluated as false.  Skipping command
  
 CHARMM>     
  
 CHARMM>    write title unit 51
 RDTITL> * 6.6  94.7449095
 RDTITL> *
  
 CHARMM>     
  
 CHARMM>    incr a by @dcel
 Parameter: DCEL -> "0.2"
 Parameter: A <- "6.6"
  
 CHARMM>    incr b by @dcel
 Parameter: DCEL -> "0.2"
 Parameter: B <- "6.8"
  
 CHARMM>    if b le ?ZMAX goto DOAREA
 RDCMND substituted energy or value "?ZMAX" to "11.6295697"
 Comparing "6.8" and "11.6295697".
 IF test evaluated as true.  Performing command
  
 CHARMM>     
  
 CHARMM>    ! Cross sectional protein area with whole atom.
 CHARMM>    scalar wmain = radius
  
 CHARMM>    scalar wmain mult 2.5   sele resname TIP3 end
 SELRPN>      0 atoms have been selected out of    136
  
 CHARMM>    scalar wmain add  1.529 sele .not. resname TIP3 end
 SELRPN>    136 atoms have been selected out of    136
  
 CHARMM>    scalar wmain mult 0.85  sele .not. resname TIP3 end
 SELRPN>    136 atoms have been selected out of    136
  
 CHARMM>    calc zab = ( @a + @b ) / 2.0
 Parameter: A -> "6.6"
 Parameter: B -> "6.8"
Evaluating: (6.6+6.8)/2.0
 Parameter: ZAB <- "6.7"
  
 CHARMM>     
  
 CHARMM>    coor search -
 CHARMM>         xmin @x1  xmax @x2  xgrip @xncel -
 CHARMM>         ymin @y1  ymax @y2  ygrip @yncel -
 CHARMM>         zmin @a   zmax @b   zgrip 5
 Parameter: X1 -> "-7.59951228"
 Parameter: X2 -> "7.80998274"
 Parameter: XNCEL -> "77"
 Parameter: Y1 -> "-11.6131518"
 Parameter: Y2 -> "10.15572"
 Parameter: YNCEL -> "108"
 Parameter: A -> "6.6"
 Parameter: B -> "6.8"

 A TOTAL OF    30229   VACUUM POINTS WERE FOUND
 A TOTAL OF    11351 OCCUPIED POINTS WERE FOUND
 A TOTAL OF        0 EXTERNAL POINTS WERE FOUND
 A TOTAL OF    30229 SELECTED POINTS WERE FOUND
 TOTAL OCCUPIED  VOLUME =      18.314875
 TOTAL SELECTED  VOLUME =      48.774589
 TOTAL FREE      VOLUME =      48.774589
 FRACTIONAL FREE VOLUME =      72.700818
  
 CHARMM>     
  
 CHARMM>    calc c = ?volume * @factor
 Parameter: FACTOR -> "5"
 RDCMND substituted energy or value "?VOLUME" to "18.3148752"
Evaluating: 18.3148752*5
 Parameter: C <- "91.574376"
  
 CHARMM>     
  
 CHARMM>    if a .lt. -10 if a .gt. -20 if c .gt. @botarea set botarea = @c
 Parameter: BOTAREA -> "-1"
 Parameter: C -> "91.574376"
 Comparing "6.6" and "-10".
 IF test evaluated as false.  Skipping command
  
 CHARMM>    if a .gt.  10 if a .lt.  20 if c .gt. @toparea set toparea = @c
 Parameter: TOPAREA -> "-1"
 Parameter: C -> "91.574376"
 Comparing "6.6" and "10".
 IF test evaluated as false.  Skipping command
  
 CHARMM>     
  
 CHARMM>    write title unit 51
 RDTITL> * 6.8  91.574376
 RDTITL> *
  
 CHARMM>     
  
 CHARMM>    incr a by @dcel
 Parameter: DCEL -> "0.2"
 Parameter: A <- "6.8"
  
 CHARMM>    incr b by @dcel
 Parameter: DCEL -> "0.2"
 Parameter: B <- "7"
  
 CHARMM>    if b le ?ZMAX goto DOAREA
 RDCMND substituted energy or value "?ZMAX" to "11.6295697"
 Comparing "7" and "11.6295697".
 IF test evaluated as true.  Performing command
  
 CHARMM>     
  
 CHARMM>    ! Cross sectional protein area with whole atom.
 CHARMM>    scalar wmain = radius
  
 CHARMM>    scalar wmain mult 2.5   sele resname TIP3 end
 SELRPN>      0 atoms have been selected out of    136
  
 CHARMM>    scalar wmain add  1.529 sele .not. resname TIP3 end
 SELRPN>    136 atoms have been selected out of    136
  
 CHARMM>    scalar wmain mult 0.85  sele .not. resname TIP3 end
 SELRPN>    136 atoms have been selected out of    136
  
 CHARMM>    calc zab = ( @a + @b ) / 2.0
 Parameter: A -> "6.8"
 Parameter: B -> "7"
Evaluating: (6.8+7)/2.0
 Parameter: ZAB <- "6.9"
  
 CHARMM>     
  
 CHARMM>    coor search -
 CHARMM>         xmin @x1  xmax @x2  xgrip @xncel -
 CHARMM>         ymin @y1  ymax @y2  ygrip @yncel -
 CHARMM>         zmin @a   zmax @b   zgrip 5
 Parameter: X1 -> "-7.59951228"
 Parameter: X2 -> "7.80998274"
 Parameter: XNCEL -> "77"
 Parameter: Y1 -> "-11.6131518"
 Parameter: Y2 -> "10.15572"
 Parameter: YNCEL -> "108"
 Parameter: A -> "6.8"
 Parameter: B -> "7"

 A TOTAL OF    30596   VACUUM POINTS WERE FOUND
 A TOTAL OF    10984 OCCUPIED POINTS WERE FOUND
 A TOTAL OF        0 EXTERNAL POINTS WERE FOUND
 A TOTAL OF    30596 SELECTED POINTS WERE FOUND
 TOTAL OCCUPIED  VOLUME =      17.722719
 TOTAL SELECTED  VOLUME =      49.366745
 TOTAL FREE      VOLUME =      49.366745
 FRACTIONAL FREE VOLUME =      73.583454
  
 CHARMM>     
  
 CHARMM>    calc c = ?volume * @factor
 Parameter: FACTOR -> "5"
 RDCMND substituted energy or value "?VOLUME" to "17.7227195"
Evaluating: 17.7227195*5
 Parameter: C <- "88.6135975"
  
 CHARMM>     
  
 CHARMM>    if a .lt. -10 if a .gt. -20 if c .gt. @botarea set botarea = @c
 Parameter: BOTAREA -> "-1"
 Parameter: C -> "88.6135975"
 Comparing "6.8" and "-10".
 IF test evaluated as false.  Skipping command
  
 CHARMM>    if a .gt.  10 if a .lt.  20 if c .gt. @toparea set toparea = @c
 Parameter: TOPAREA -> "-1"
 Parameter: C -> "88.6135975"
 Comparing "6.8" and "10".
 IF test evaluated as false.  Skipping command
  
 CHARMM>     
  
 CHARMM>    write title unit 51
 RDTITL> * 7  88.6135975
 RDTITL> *
  
 CHARMM>     
  
 CHARMM>    incr a by @dcel
 Parameter: DCEL -> "0.2"
 Parameter: A <- "7"
  
 CHARMM>    incr b by @dcel
 Parameter: DCEL -> "0.2"
 Parameter: B <- "7.2"
  
 CHARMM>    if b le ?ZMAX goto DOAREA
 RDCMND substituted energy or value "?ZMAX" to "11.6295697"
 Comparing "7.2" and "11.6295697".
 IF test evaluated as true.  Performing command
  
 CHARMM>     
  
 CHARMM>    ! Cross sectional protein area with whole atom.
 CHARMM>    scalar wmain = radius
  
 CHARMM>    scalar wmain mult 2.5   sele resname TIP3 end
 SELRPN>      0 atoms have been selected out of    136
  
 CHARMM>    scalar wmain add  1.529 sele .not. resname TIP3 end
 SELRPN>    136 atoms have been selected out of    136
  
 CHARMM>    scalar wmain mult 0.85  sele .not. resname TIP3 end
 SELRPN>    136 atoms have been selected out of    136
  
 CHARMM>    calc zab = ( @a + @b ) / 2.0
 Parameter: A -> "7"
 Parameter: B -> "7.2"
Evaluating: (7+7.2)/2.0
 Parameter: ZAB <- "7.1"
  
 CHARMM>     
  
 CHARMM>    coor search -
 CHARMM>         xmin @x1  xmax @x2  xgrip @xncel -
 CHARMM>         ymin @y1  ymax @y2  ygrip @yncel -
 CHARMM>         zmin @a   zmax @b   zgrip 5
 Parameter: X1 -> "-7.59951228"
 Parameter: X2 -> "7.80998274"
 Parameter: XNCEL -> "77"
 Parameter: Y1 -> "-11.6131518"
 Parameter: Y2 -> "10.15572"
 Parameter: YNCEL -> "108"
 Parameter: A -> "7"
 Parameter: B -> "7.2"

 A TOTAL OF    31025   VACUUM POINTS WERE FOUND
 A TOTAL OF    10555 OCCUPIED POINTS WERE FOUND
 A TOTAL OF        0 EXTERNAL POINTS WERE FOUND
 A TOTAL OF    31025 SELECTED POINTS WERE FOUND
 TOTAL OCCUPIED  VOLUME =      17.030527
 TOTAL SELECTED  VOLUME =      50.058938
 TOTAL FREE      VOLUME =      50.058938
 FRACTIONAL FREE VOLUME =      74.615200
  
 CHARMM>     
  
 CHARMM>    calc c = ?volume * @factor
 Parameter: FACTOR -> "5"
 RDCMND substituted energy or value "?VOLUME" to "17.0305266"
Evaluating: 17.0305266*5
 Parameter: C <- "85.152633"
  
 CHARMM>     
  
 CHARMM>    if a .lt. -10 if a .gt. -20 if c .gt. @botarea set botarea = @c
 Parameter: BOTAREA -> "-1"
 Parameter: C -> "85.152633"
 Comparing "7" and "-10".
 IF test evaluated as false.  Skipping command
  
 CHARMM>    if a .gt.  10 if a .lt.  20 if c .gt. @toparea set toparea = @c
 Parameter: TOPAREA -> "-1"
 Parameter: C -> "85.152633"
 Comparing "7" and "10".
 IF test evaluated as false.  Skipping command
  
 CHARMM>     
  
 CHARMM>    write title unit 51
 RDTITL> * 7.2  85.152633
 RDTITL> *
  
 CHARMM>     
  
 CHARMM>    incr a by @dcel
 Parameter: DCEL -> "0.2"
 Parameter: A <- "7.2"
  
 CHARMM>    incr b by @dcel
 Parameter: DCEL -> "0.2"
 Parameter: B <- "7.4"
  
 CHARMM>    if b le ?ZMAX goto DOAREA
 RDCMND substituted energy or value "?ZMAX" to "11.6295697"
 Comparing "7.4" and "11.6295697".
 IF test evaluated as true.  Performing command
  
 CHARMM>     
  
 CHARMM>    ! Cross sectional protein area with whole atom.
 CHARMM>    scalar wmain = radius
  
 CHARMM>    scalar wmain mult 2.5   sele resname TIP3 end
 SELRPN>      0 atoms have been selected out of    136
  
 CHARMM>    scalar wmain add  1.529 sele .not. resname TIP3 end
 SELRPN>    136 atoms have been selected out of    136
  
 CHARMM>    scalar wmain mult 0.85  sele .not. resname TIP3 end
 SELRPN>    136 atoms have been selected out of    136
  
 CHARMM>    calc zab = ( @a + @b ) / 2.0
 Parameter: A -> "7.2"
 Parameter: B -> "7.4"
Evaluating: (7.2+7.4)/2.0
 Parameter: ZAB <- "7.3"
  
 CHARMM>     
  
 CHARMM>    coor search -
 CHARMM>         xmin @x1  xmax @x2  xgrip @xncel -
 CHARMM>         ymin @y1  ymax @y2  ygrip @yncel -
 CHARMM>         zmin @a   zmax @b   zgrip 5
 Parameter: X1 -> "-7.59951228"
 Parameter: X2 -> "7.80998274"
 Parameter: XNCEL -> "77"
 Parameter: Y1 -> "-11.6131518"
 Parameter: Y2 -> "10.15572"
 Parameter: YNCEL -> "108"
 Parameter: A -> "7.2"
 Parameter: B -> "7.4"

 A TOTAL OF    31207   VACUUM POINTS WERE FOUND
 A TOTAL OF    10373 OCCUPIED POINTS WERE FOUND
 A TOTAL OF        0 EXTERNAL POINTS WERE FOUND
 A TOTAL OF    31207 SELECTED POINTS WERE FOUND
 TOTAL OCCUPIED  VOLUME =      16.736869
 TOTAL SELECTED  VOLUME =      50.352595
 TOTAL FREE      VOLUME =      50.352595
 FRACTIONAL FREE VOLUME =      75.052910
  
 CHARMM>     
  
 CHARMM>    calc c = ?volume * @factor
 Parameter: FACTOR -> "5"
 RDCMND substituted energy or value "?VOLUME" to "16.736869"
Evaluating: 16.736869*5
 Parameter: C <- "83.684345"
  
 CHARMM>     
  
 CHARMM>    if a .lt. -10 if a .gt. -20 if c .gt. @botarea set botarea = @c
 Parameter: BOTAREA -> "-1"
 Parameter: C -> "83.684345"
 Comparing "7.2" and "-10".
 IF test evaluated as false.  Skipping command
  
 CHARMM>    if a .gt.  10 if a .lt.  20 if c .gt. @toparea set toparea = @c
 Parameter: TOPAREA -> "-1"
 Parameter: C -> "83.684345"
 Comparing "7.2" and "10".
 IF test evaluated as false.  Skipping command
  
 CHARMM>     
  
 CHARMM>    write title unit 51
 RDTITL> * 7.4  83.684345
 RDTITL> *
  
 CHARMM>     
  
 CHARMM>    incr a by @dcel
 Parameter: DCEL -> "0.2"
 Parameter: A <- "7.4"
  
 CHARMM>    incr b by @dcel
 Parameter: DCEL -> "0.2"
 Parameter: B <- "7.6"
  
 CHARMM>    if b le ?ZMAX goto DOAREA
 RDCMND substituted energy or value "?ZMAX" to "11.6295697"
 Comparing "7.6" and "11.6295697".
 IF test evaluated as true.  Performing command
  
 CHARMM>     
  
 CHARMM>    ! Cross sectional protein area with whole atom.
 CHARMM>    scalar wmain = radius
  
 CHARMM>    scalar wmain mult 2.5   sele resname TIP3 end
 SELRPN>      0 atoms have been selected out of    136
  
 CHARMM>    scalar wmain add  1.529 sele .not. resname TIP3 end
 SELRPN>    136 atoms have been selected out of    136
  
 CHARMM>    scalar wmain mult 0.85  sele .not. resname TIP3 end
 SELRPN>    136 atoms have been selected out of    136
  
 CHARMM>    calc zab = ( @a + @b ) / 2.0
 Parameter: A -> "7.4"
 Parameter: B -> "7.6"
Evaluating: (7.4+7.6)/2.0
 Parameter: ZAB <- "7.5"
  
 CHARMM>     
  
 CHARMM>    coor search -
 CHARMM>         xmin @x1  xmax @x2  xgrip @xncel -
 CHARMM>         ymin @y1  ymax @y2  ygrip @yncel -
 CHARMM>         zmin @a   zmax @b   zgrip 5
 Parameter: X1 -> "-7.59951228"
 Parameter: X2 -> "7.80998274"
 Parameter: XNCEL -> "77"
 Parameter: Y1 -> "-11.6131518"
 Parameter: Y2 -> "10.15572"
 Parameter: YNCEL -> "108"
 Parameter: A -> "7.4"
 Parameter: B -> "7.6"

 A TOTAL OF    31310   VACUUM POINTS WERE FOUND
 A TOTAL OF    10270 OCCUPIED POINTS WERE FOUND
 A TOTAL OF        0 EXTERNAL POINTS WERE FOUND
 A TOTAL OF    31310 SELECTED POINTS WERE FOUND
 TOTAL OCCUPIED  VOLUME =      16.570678
 TOTAL SELECTED  VOLUME =      50.518786
 TOTAL FREE      VOLUME =      50.518786
 FRACTIONAL FREE VOLUME =      75.300625
  
 CHARMM>     
  
 CHARMM>    calc c = ?volume * @factor
 Parameter: FACTOR -> "5"
 RDCMND substituted energy or value "?VOLUME" to "16.5706782"
Evaluating: 16.5706782*5
 Parameter: C <- "82.853391"
  
 CHARMM>     
  
 CHARMM>    if a .lt. -10 if a .gt. -20 if c .gt. @botarea set botarea = @c
 Parameter: BOTAREA -> "-1"
 Parameter: C -> "82.853391"
 Comparing "7.4" and "-10".
 IF test evaluated as false.  Skipping command
  
 CHARMM>    if a .gt.  10 if a .lt.  20 if c .gt. @toparea set toparea = @c
 Parameter: TOPAREA -> "-1"
 Parameter: C -> "82.853391"
 Comparing "7.4" and "10".
 IF test evaluated as false.  Skipping command
  
 CHARMM>     
  
 CHARMM>    write title unit 51
 RDTITL> * 7.6  82.853391
 RDTITL> *
  
 CHARMM>     
  
 CHARMM>    incr a by @dcel
 Parameter: DCEL -> "0.2"
 Parameter: A <- "7.6"
  
 CHARMM>    incr b by @dcel
 Parameter: DCEL -> "0.2"
 Parameter: B <- "7.8"
  
 CHARMM>    if b le ?ZMAX goto DOAREA
 RDCMND substituted energy or value "?ZMAX" to "11.6295697"
 Comparing "7.8" and "11.6295697".
 IF test evaluated as true.  Performing command
  
 CHARMM>     
  
 CHARMM>    ! Cross sectional protein area with whole atom.
 CHARMM>    scalar wmain = radius
  
 CHARMM>    scalar wmain mult 2.5   sele resname TIP3 end
 SELRPN>      0 atoms have been selected out of    136
  
 CHARMM>    scalar wmain add  1.529 sele .not. resname TIP3 end
 SELRPN>    136 atoms have been selected out of    136
  
 CHARMM>    scalar wmain mult 0.85  sele .not. resname TIP3 end
 SELRPN>    136 atoms have been selected out of    136
  
 CHARMM>    calc zab = ( @a + @b ) / 2.0
 Parameter: A -> "7.6"
 Parameter: B -> "7.8"
Evaluating: (7.6+7.8)/2.0
 Parameter: ZAB <- "7.7"
  
 CHARMM>     
  
 CHARMM>    coor search -
 CHARMM>         xmin @x1  xmax @x2  xgrip @xncel -
 CHARMM>         ymin @y1  ymax @y2  ygrip @yncel -
 CHARMM>         zmin @a   zmax @b   zgrip 5
 Parameter: X1 -> "-7.59951228"
 Parameter: X2 -> "7.80998274"
 Parameter: XNCEL -> "77"
 Parameter: Y1 -> "-11.6131518"
 Parameter: Y2 -> "10.15572"
 Parameter: YNCEL -> "108"
 Parameter: A -> "7.6"
 Parameter: B -> "7.8"

 A TOTAL OF    31395   VACUUM POINTS WERE FOUND
 A TOTAL OF    10185 OCCUPIED POINTS WERE FOUND
 A TOTAL OF        0 EXTERNAL POINTS WERE FOUND
 A TOTAL OF    31395 SELECTED POINTS WERE FOUND
 TOTAL OCCUPIED  VOLUME =      16.433530
 TOTAL SELECTED  VOLUME =      50.655934
 TOTAL FREE      VOLUME =      50.655934
 FRACTIONAL FREE VOLUME =      75.505051
  
 CHARMM>     
  
 CHARMM>    calc c = ?volume * @factor
 Parameter: FACTOR -> "5"
 RDCMND substituted energy or value "?VOLUME" to "16.4335304"
Evaluating: 16.4335304*5
 Parameter: C <- "82.167652"
  
 CHARMM>     
  
 CHARMM>    if a .lt. -10 if a .gt. -20 if c .gt. @botarea set botarea = @c
 Parameter: BOTAREA -> "-1"
 Parameter: C -> "82.167652"
 Comparing "7.6" and "-10".
 IF test evaluated as false.  Skipping command
  
 CHARMM>    if a .gt.  10 if a .lt.  20 if c .gt. @toparea set toparea = @c
 Parameter: TOPAREA -> "-1"
 Parameter: C -> "82.167652"
 Comparing "7.6" and "10".
 IF test evaluated as false.  Skipping command
  
 CHARMM>     
  
 CHARMM>    write title unit 51
 RDTITL> * 7.8  82.167652
 RDTITL> *
  
 CHARMM>     
  
 CHARMM>    incr a by @dcel
 Parameter: DCEL -> "0.2"
 Parameter: A <- "7.8"
  
 CHARMM>    incr b by @dcel
 Parameter: DCEL -> "0.2"
 Parameter: B <- "8"
  
 CHARMM>    if b le ?ZMAX goto DOAREA
 RDCMND substituted energy or value "?ZMAX" to "11.6295697"
 Comparing "8" and "11.6295697".
 IF test evaluated as true.  Performing command
  
 CHARMM>     
  
 CHARMM>    ! Cross sectional protein area with whole atom.
 CHARMM>    scalar wmain = radius
  
 CHARMM>    scalar wmain mult 2.5   sele resname TIP3 end
 SELRPN>      0 atoms have been selected out of    136
  
 CHARMM>    scalar wmain add  1.529 sele .not. resname TIP3 end
 SELRPN>    136 atoms have been selected out of    136
  
 CHARMM>    scalar wmain mult 0.85  sele .not. resname TIP3 end
 SELRPN>    136 atoms have been selected out of    136
  
 CHARMM>    calc zab = ( @a + @b ) / 2.0
 Parameter: A -> "7.8"
 Parameter: B -> "8"
Evaluating: (7.8+8)/2.0
 Parameter: ZAB <- "7.9"
  
 CHARMM>     
  
 CHARMM>    coor search -
 CHARMM>         xmin @x1  xmax @x2  xgrip @xncel -
 CHARMM>         ymin @y1  ymax @y2  ygrip @yncel -
 CHARMM>         zmin @a   zmax @b   zgrip 5
 Parameter: X1 -> "-7.59951228"
 Parameter: X2 -> "7.80998274"
 Parameter: XNCEL -> "77"
 Parameter: Y1 -> "-11.6131518"
 Parameter: Y2 -> "10.15572"
 Parameter: YNCEL -> "108"
 Parameter: A -> "7.8"
 Parameter: B -> "8"

 A TOTAL OF    31452   VACUUM POINTS WERE FOUND
 A TOTAL OF    10128 OCCUPIED POINTS WERE FOUND
 A TOTAL OF        0 EXTERNAL POINTS WERE FOUND
 A TOTAL OF    31452 SELECTED POINTS WERE FOUND
 TOTAL OCCUPIED  VOLUME =      16.341561
 TOTAL SELECTED  VOLUME =      50.747904
 TOTAL FREE      VOLUME =      50.747904
 FRACTIONAL FREE VOLUME =      75.642136
  
 CHARMM>     
  
 CHARMM>    calc c = ?volume * @factor
 Parameter: FACTOR -> "5"
 RDCMND substituted energy or value "?VOLUME" to "16.3415607"
Evaluating: 16.3415607*5
 Parameter: C <- "81.7078035"
  
 CHARMM>     
  
 CHARMM>    if a .lt. -10 if a .gt. -20 if c .gt. @botarea set botarea = @c
 Parameter: BOTAREA -> "-1"
 Parameter: C -> "81.7078035"
 Comparing "7.8" and "-10".
 IF test evaluated as false.  Skipping command
  
 CHARMM>    if a .gt.  10 if a .lt.  20 if c .gt. @toparea set toparea = @c
 Parameter: TOPAREA -> "-1"
 Parameter: C -> "81.7078035"
 Comparing "7.8" and "10".
 IF test evaluated as false.  Skipping command
  
 CHARMM>     
  
 CHARMM>    write title unit 51
 RDTITL> * 8  81.7078035
 RDTITL> *
  
 CHARMM>     
  
 CHARMM>    incr a by @dcel
 Parameter: DCEL -> "0.2"
 Parameter: A <- "8"
  
 CHARMM>    incr b by @dcel
 Parameter: DCEL -> "0.2"
 Parameter: B <- "8.2"
  
 CHARMM>    if b le ?ZMAX goto DOAREA
 RDCMND substituted energy or value "?ZMAX" to "11.6295697"
 Comparing "8.2" and "11.6295697".
 IF test evaluated as true.  Performing command
  
 CHARMM>     
  
 CHARMM>    ! Cross sectional protein area with whole atom.
 CHARMM>    scalar wmain = radius
  
 CHARMM>    scalar wmain mult 2.5   sele resname TIP3 end
 SELRPN>      0 atoms have been selected out of    136
  
 CHARMM>    scalar wmain add  1.529 sele .not. resname TIP3 end
 SELRPN>    136 atoms have been selected out of    136
  
 CHARMM>    scalar wmain mult 0.85  sele .not. resname TIP3 end
 SELRPN>    136 atoms have been selected out of    136
  
 CHARMM>    calc zab = ( @a + @b ) / 2.0
 Parameter: A -> "8"
 Parameter: B -> "8.2"
Evaluating: (8+8.2)/2.0
 Parameter: ZAB <- "8.1"
  
 CHARMM>     
  
 CHARMM>    coor search -
 CHARMM>         xmin @x1  xmax @x2  xgrip @xncel -
 CHARMM>         ymin @y1  ymax @y2  ygrip @yncel -
 CHARMM>         zmin @a   zmax @b   zgrip 5
 Parameter: X1 -> "-7.59951228"
 Parameter: X2 -> "7.80998274"
 Parameter: XNCEL -> "77"
 Parameter: Y1 -> "-11.6131518"
 Parameter: Y2 -> "10.15572"
 Parameter: YNCEL -> "108"
 Parameter: A -> "8"
 Parameter: B -> "8.2"

 A TOTAL OF    31459   VACUUM POINTS WERE FOUND
 A TOTAL OF    10121 OCCUPIED POINTS WERE FOUND
 A TOTAL OF        0 EXTERNAL POINTS WERE FOUND
 A TOTAL OF    31459 SELECTED POINTS WERE FOUND
 TOTAL OCCUPIED  VOLUME =      16.330266
 TOTAL SELECTED  VOLUME =      50.759198
 TOTAL FREE      VOLUME =      50.759198
 FRACTIONAL FREE VOLUME =      75.658971
  
 CHARMM>     
  
 CHARMM>    calc c = ?volume * @factor
 Parameter: FACTOR -> "5"
 RDCMND substituted energy or value "?VOLUME" to "16.3302662"
Evaluating: 16.3302662*5
 Parameter: C <- "81.651331"
  
 CHARMM>     
  
 CHARMM>    if a .lt. -10 if a .gt. -20 if c .gt. @botarea set botarea = @c
 Parameter: BOTAREA -> "-1"
 Parameter: C -> "81.651331"
 Comparing "8" and "-10".
 IF test evaluated as false.  Skipping command
  
 CHARMM>    if a .gt.  10 if a .lt.  20 if c .gt. @toparea set toparea = @c
 Parameter: TOPAREA -> "-1"
 Parameter: C -> "81.651331"
 Comparing "8" and "10".
 IF test evaluated as false.  Skipping command
  
 CHARMM>     
  
 CHARMM>    write title unit 51
 RDTITL> * 8.2  81.651331
 RDTITL> *
  
 CHARMM>     
  
 CHARMM>    incr a by @dcel
 Parameter: DCEL -> "0.2"
 Parameter: A <- "8.2"
  
 CHARMM>    incr b by @dcel
 Parameter: DCEL -> "0.2"
 Parameter: B <- "8.4"
  
 CHARMM>    if b le ?ZMAX goto DOAREA
 RDCMND substituted energy or value "?ZMAX" to "11.6295697"
 Comparing "8.4" and "11.6295697".
 IF test evaluated as true.  Performing command
  
 CHARMM>     
  
 CHARMM>    ! Cross sectional protein area with whole atom.
 CHARMM>    scalar wmain = radius
  
 CHARMM>    scalar wmain mult 2.5   sele resname TIP3 end
 SELRPN>      0 atoms have been selected out of    136
  
 CHARMM>    scalar wmain add  1.529 sele .not. resname TIP3 end
 SELRPN>    136 atoms have been selected out of    136
  
 CHARMM>    scalar wmain mult 0.85  sele .not. resname TIP3 end
 SELRPN>    136 atoms have been selected out of    136
  
 CHARMM>    calc zab = ( @a + @b ) / 2.0
 Parameter: A -> "8.2"
 Parameter: B -> "8.4"
Evaluating: (8.2+8.4)/2.0
 Parameter: ZAB <- "8.3"
  
 CHARMM>     
  
 CHARMM>    coor search -
 CHARMM>         xmin @x1  xmax @x2  xgrip @xncel -
 CHARMM>         ymin @y1  ymax @y2  ygrip @yncel -
 CHARMM>         zmin @a   zmax @b   zgrip 5
 Parameter: X1 -> "-7.59951228"
 Parameter: X2 -> "7.80998274"
 Parameter: XNCEL -> "77"
 Parameter: Y1 -> "-11.6131518"
 Parameter: Y2 -> "10.15572"
 Parameter: YNCEL -> "108"
 Parameter: A -> "8.2"
 Parameter: B -> "8.4"

 A TOTAL OF    31493   VACUUM POINTS WERE FOUND
 A TOTAL OF    10087 OCCUPIED POINTS WERE FOUND
 A TOTAL OF        0 EXTERNAL POINTS WERE FOUND
 A TOTAL OF    31493 SELECTED POINTS WERE FOUND
 TOTAL OCCUPIED  VOLUME =      16.275407
 TOTAL SELECTED  VOLUME =      50.814057
 TOTAL FREE      VOLUME =      50.814057
 FRACTIONAL FREE VOLUME =      75.740741
  
 CHARMM>     
  
 CHARMM>    calc c = ?volume * @factor
 Parameter: FACTOR -> "5"
 RDCMND substituted energy or value "?VOLUME" to "16.2754071"
Evaluating: 16.2754071*5
 Parameter: C <- "81.3770355"
  
 CHARMM>     
  
 CHARMM>    if a .lt. -10 if a .gt. -20 if c .gt. @botarea set botarea = @c
 Parameter: BOTAREA -> "-1"
 Parameter: C -> "81.3770355"
 Comparing "8.2" and "-10".
 IF test evaluated as false.  Skipping command
  
 CHARMM>    if a .gt.  10 if a .lt.  20 if c .gt. @toparea set toparea = @c
 Parameter: TOPAREA -> "-1"
 Parameter: C -> "81.3770355"
 Comparing "8.2" and "10".
 IF test evaluated as false.  Skipping command
  
 CHARMM>     
  
 CHARMM>    write title unit 51
 RDTITL> * 8.4  81.3770355
 RDTITL> *
  
 CHARMM>     
  
 CHARMM>    incr a by @dcel
 Parameter: DCEL -> "0.2"
 Parameter: A <- "8.4"
  
 CHARMM>    incr b by @dcel
 Parameter: DCEL -> "0.2"
 Parameter: B <- "8.6"
  
 CHARMM>    if b le ?ZMAX goto DOAREA
 RDCMND substituted energy or value "?ZMAX" to "11.6295697"
 Comparing "8.6" and "11.6295697".
 IF test evaluated as true.  Performing command
  
 CHARMM>     
  
 CHARMM>    ! Cross sectional protein area with whole atom.
 CHARMM>    scalar wmain = radius
  
 CHARMM>    scalar wmain mult 2.5   sele resname TIP3 end
 SELRPN>      0 atoms have been selected out of    136
  
 CHARMM>    scalar wmain add  1.529 sele .not. resname TIP3 end
 SELRPN>    136 atoms have been selected out of    136
  
 CHARMM>    scalar wmain mult 0.85  sele .not. resname TIP3 end
 SELRPN>    136 atoms have been selected out of    136
  
 CHARMM>    calc zab = ( @a + @b ) / 2.0
 Parameter: A -> "8.4"
 Parameter: B -> "8.6"
Evaluating: (8.4+8.6)/2.0
 Parameter: ZAB <- "8.5"
  
 CHARMM>     
  
 CHARMM>    coor search -
 CHARMM>         xmin @x1  xmax @x2  xgrip @xncel -
 CHARMM>         ymin @y1  ymax @y2  ygrip @yncel -
 CHARMM>         zmin @a   zmax @b   zgrip 5
 Parameter: X1 -> "-7.59951228"
 Parameter: X2 -> "7.80998274"
 Parameter: XNCEL -> "77"
 Parameter: Y1 -> "-11.6131518"
 Parameter: Y2 -> "10.15572"
 Parameter: YNCEL -> "108"
 Parameter: A -> "8.4"
 Parameter: B -> "8.6"

 A TOTAL OF    31503   VACUUM POINTS WERE FOUND
 A TOTAL OF    10077 OCCUPIED POINTS WERE FOUND
 A TOTAL OF        0 EXTERNAL POINTS WERE FOUND
 A TOTAL OF    31503 SELECTED POINTS WERE FOUND
 TOTAL OCCUPIED  VOLUME =      16.259272
 TOTAL SELECTED  VOLUME =      50.830192
 TOTAL FREE      VOLUME =      50.830192
 FRACTIONAL FREE VOLUME =      75.764791
  
 CHARMM>     
  
 CHARMM>    calc c = ?volume * @factor
 Parameter: FACTOR -> "5"
 RDCMND substituted energy or value "?VOLUME" to "16.2592721"
Evaluating: 16.2592721*5
 Parameter: C <- "81.2963605"
  
 CHARMM>     
  
 CHARMM>    if a .lt. -10 if a .gt. -20 if c .gt. @botarea set botarea = @c
 Parameter: BOTAREA -> "-1"
 Parameter: C -> "81.2963605"
 Comparing "8.4" and "-10".
 IF test evaluated as false.  Skipping command
  
 CHARMM>    if a .gt.  10 if a .lt.  20 if c .gt. @toparea set toparea = @c
 Parameter: TOPAREA -> "-1"
 Parameter: C -> "81.2963605"
 Comparing "8.4" and "10".
 IF test evaluated as false.  Skipping command
  
 CHARMM>     
  
 CHARMM>    write title unit 51
 RDTITL> * 8.6  81.2963605
 RDTITL> *
  
 CHARMM>     
  
 CHARMM>    incr a by @dcel
 Parameter: DCEL -> "0.2"
 Parameter: A <- "8.6"
  
 CHARMM>    incr b by @dcel
 Parameter: DCEL -> "0.2"
 Parameter: B <- "8.8"
  
 CHARMM>    if b le ?ZMAX goto DOAREA
 RDCMND substituted energy or value "?ZMAX" to "11.6295697"
 Comparing "8.8" and "11.6295697".
 IF test evaluated as true.  Performing command
  
 CHARMM>     
  
 CHARMM>    ! Cross sectional protein area with whole atom.
 CHARMM>    scalar wmain = radius
  
 CHARMM>    scalar wmain mult 2.5   sele resname TIP3 end
 SELRPN>      0 atoms have been selected out of    136
  
 CHARMM>    scalar wmain add  1.529 sele .not. resname TIP3 end
 SELRPN>    136 atoms have been selected out of    136
  
 CHARMM>    scalar wmain mult 0.85  sele .not. resname TIP3 end
 SELRPN>    136 atoms have been selected out of    136
  
 CHARMM>    calc zab = ( @a + @b ) / 2.0
 Parameter: A -> "8.6"
 Parameter: B -> "8.8"
Evaluating: (8.6+8.8)/2.0
 Parameter: ZAB <- "8.7"
  
 CHARMM>     
  
 CHARMM>    coor search -
 CHARMM>         xmin @x1  xmax @x2  xgrip @xncel -
 CHARMM>         ymin @y1  ymax @y2  ygrip @yncel -
 CHARMM>         zmin @a   zmax @b   zgrip 5
 Parameter: X1 -> "-7.59951228"
 Parameter: X2 -> "7.80998274"
 Parameter: XNCEL -> "77"
 Parameter: Y1 -> "-11.6131518"
 Parameter: Y2 -> "10.15572"
 Parameter: YNCEL -> "108"
 Parameter: A -> "8.6"
 Parameter: B -> "8.8"

 A TOTAL OF    31565   VACUUM POINTS WERE FOUND
 A TOTAL OF    10015 OCCUPIED POINTS WERE FOUND
 A TOTAL OF        0 EXTERNAL POINTS WERE FOUND
 A TOTAL OF    31565 SELECTED POINTS WERE FOUND
 TOTAL OCCUPIED  VOLUME =      16.159235
 TOTAL SELECTED  VOLUME =      50.930229
 TOTAL FREE      VOLUME =      50.930229
 FRACTIONAL FREE VOLUME =      75.913901
  
 CHARMM>     
  
 CHARMM>    calc c = ?volume * @factor
 Parameter: FACTOR -> "5"
 RDCMND substituted energy or value "?VOLUME" to "16.1592349"
Evaluating: 16.1592349*5
 Parameter: C <- "80.7961745"
  
 CHARMM>     
  
 CHARMM>    if a .lt. -10 if a .gt. -20 if c .gt. @botarea set botarea = @c
 Parameter: BOTAREA -> "-1"
 Parameter: C -> "80.7961745"
 Comparing "8.6" and "-10".
 IF test evaluated as false.  Skipping command
  
 CHARMM>    if a .gt.  10 if a .lt.  20 if c .gt. @toparea set toparea = @c
 Parameter: TOPAREA -> "-1"
 Parameter: C -> "80.7961745"
 Comparing "8.6" and "10".
 IF test evaluated as false.  Skipping command
  
 CHARMM>     
  
 CHARMM>    write title unit 51
 RDTITL> * 8.8  80.7961745
 RDTITL> *
  
 CHARMM>     
  
 CHARMM>    incr a by @dcel
 Parameter: DCEL -> "0.2"
 Parameter: A <- "8.8"
  
 CHARMM>    incr b by @dcel
 Parameter: DCEL -> "0.2"
 Parameter: B <- "9"
  
 CHARMM>    if b le ?ZMAX goto DOAREA
 RDCMND substituted energy or value "?ZMAX" to "11.6295697"
 Comparing "9" and "11.6295697".
 IF test evaluated as true.  Performing command
  
 CHARMM>     
  
 CHARMM>    ! Cross sectional protein area with whole atom.
 CHARMM>    scalar wmain = radius
  
 CHARMM>    scalar wmain mult 2.5   sele resname TIP3 end
 SELRPN>      0 atoms have been selected out of    136
  
 CHARMM>    scalar wmain add  1.529 sele .not. resname TIP3 end
 SELRPN>    136 atoms have been selected out of    136
  
 CHARMM>    scalar wmain mult 0.85  sele .not. resname TIP3 end
 SELRPN>    136 atoms have been selected out of    136
  
 CHARMM>    calc zab = ( @a + @b ) / 2.0
 Parameter: A -> "8.8"
 Parameter: B -> "9"
Evaluating: (8.8+9)/2.0
 Parameter: ZAB <- "8.9"
  
 CHARMM>     
  
 CHARMM>    coor search -
 CHARMM>         xmin @x1  xmax @x2  xgrip @xncel -
 CHARMM>         ymin @y1  ymax @y2  ygrip @yncel -
 CHARMM>         zmin @a   zmax @b   zgrip 5
 Parameter: X1 -> "-7.59951228"
 Parameter: X2 -> "7.80998274"
 Parameter: XNCEL -> "77"
 Parameter: Y1 -> "-11.6131518"
 Parameter: Y2 -> "10.15572"
 Parameter: YNCEL -> "108"
 Parameter: A -> "8.8"
 Parameter: B -> "9"

 A TOTAL OF    31682   VACUUM POINTS WERE FOUND
 A TOTAL OF     9898 OCCUPIED POINTS WERE FOUND
 A TOTAL OF        0 EXTERNAL POINTS WERE FOUND
 A TOTAL OF    31682 SELECTED POINTS WERE FOUND
 TOTAL OCCUPIED  VOLUME =      15.970455
 TOTAL SELECTED  VOLUME =      51.119009
 TOTAL FREE      VOLUME =      51.119009
 FRACTIONAL FREE VOLUME =      76.195286
  
 CHARMM>     
  
 CHARMM>    calc c = ?volume * @factor
 Parameter: FACTOR -> "5"
 RDCMND substituted energy or value "?VOLUME" to "15.970455"
Evaluating: 15.970455*5
 Parameter: C <- "79.852275"
  
 CHARMM>     
  
 CHARMM>    if a .lt. -10 if a .gt. -20 if c .gt. @botarea set botarea = @c
 Parameter: BOTAREA -> "-1"
 Parameter: C -> "79.852275"
 Comparing "8.8" and "-10".
 IF test evaluated as false.  Skipping command
  
 CHARMM>    if a .gt.  10 if a .lt.  20 if c .gt. @toparea set toparea = @c
 Parameter: TOPAREA -> "-1"
 Parameter: C -> "79.852275"
 Comparing "8.8" and "10".
 IF test evaluated as false.  Skipping command
  
 CHARMM>     
  
 CHARMM>    write title unit 51
 RDTITL> * 9  79.852275
 RDTITL> *
  
 CHARMM>     
  
 CHARMM>    incr a by @dcel
 Parameter: DCEL -> "0.2"
 Parameter: A <- "9"
  
 CHARMM>    incr b by @dcel
 Parameter: DCEL -> "0.2"
 Parameter: B <- "9.2"
  
 CHARMM>    if b le ?ZMAX goto DOAREA
 RDCMND substituted energy or value "?ZMAX" to "11.6295697"
 Comparing "9.2" and "11.6295697".
 IF test evaluated as true.  Performing command
  
 CHARMM>     
  
 CHARMM>    ! Cross sectional protein area with whole atom.
 CHARMM>    scalar wmain = radius
  
 CHARMM>    scalar wmain mult 2.5   sele resname TIP3 end
 SELRPN>      0 atoms have been selected out of    136
  
 CHARMM>    scalar wmain add  1.529 sele .not. resname TIP3 end
 SELRPN>    136 atoms have been selected out of    136
  
 CHARMM>    scalar wmain mult 0.85  sele .not. resname TIP3 end
 SELRPN>    136 atoms have been selected out of    136
  
 CHARMM>    calc zab = ( @a + @b ) / 2.0
 Parameter: A -> "9"
 Parameter: B -> "9.2"
Evaluating: (9+9.2)/2.0
 Parameter: ZAB <- "9.1"
  
 CHARMM>     
  
 CHARMM>    coor search -
 CHARMM>         xmin @x1  xmax @x2  xgrip @xncel -
 CHARMM>         ymin @y1  ymax @y2  ygrip @yncel -
 CHARMM>         zmin @a   zmax @b   zgrip 5
 Parameter: X1 -> "-7.59951228"
 Parameter: X2 -> "7.80998274"
 Parameter: XNCEL -> "77"
 Parameter: Y1 -> "-11.6131518"
 Parameter: Y2 -> "10.15572"
 Parameter: YNCEL -> "108"
 Parameter: A -> "9"
 Parameter: B -> "9.2"

 A TOTAL OF    31859   VACUUM POINTS WERE FOUND
 A TOTAL OF     9721 OCCUPIED POINTS WERE FOUND
 A TOTAL OF        0 EXTERNAL POINTS WERE FOUND
 A TOTAL OF    31859 SELECTED POINTS WERE FOUND
 TOTAL OCCUPIED  VOLUME =      15.684865
 TOTAL SELECTED  VOLUME =      51.404599
 TOTAL FREE      VOLUME =      51.404599
 FRACTIONAL FREE VOLUME =      76.620972
  
 CHARMM>     
  
 CHARMM>    calc c = ?volume * @factor
 Parameter: FACTOR -> "5"
 RDCMND substituted energy or value "?VOLUME" to "15.6848649"
Evaluating: 15.6848649*5
 Parameter: C <- "78.4243245"
  
 CHARMM>     
  
 CHARMM>    if a .lt. -10 if a .gt. -20 if c .gt. @botarea set botarea = @c
 Parameter: BOTAREA -> "-1"
 Parameter: C -> "78.4243245"
 Comparing "9" and "-10".
 IF test evaluated as false.  Skipping command
  
 CHARMM>    if a .gt.  10 if a .lt.  20 if c .gt. @toparea set toparea = @c
 Parameter: TOPAREA -> "-1"
 Parameter: C -> "78.4243245"
 Comparing "9" and "10".
 IF test evaluated as false.  Skipping command
  
 CHARMM>     
  
 CHARMM>    write title unit 51
 RDTITL> * 9.2  78.4243245
 RDTITL> *
  
 CHARMM>     
  
 CHARMM>    incr a by @dcel
 Parameter: DCEL -> "0.2"
 Parameter: A <- "9.2"
  
 CHARMM>    incr b by @dcel
 Parameter: DCEL -> "0.2"
 Parameter: B <- "9.4"
  
 CHARMM>    if b le ?ZMAX goto DOAREA
 RDCMND substituted energy or value "?ZMAX" to "11.6295697"
 Comparing "9.4" and "11.6295697".
 IF test evaluated as true.  Performing command
  
 CHARMM>     
  
 CHARMM>    ! Cross sectional protein area with whole atom.
 CHARMM>    scalar wmain = radius
  
 CHARMM>    scalar wmain mult 2.5   sele resname TIP3 end
 SELRPN>      0 atoms have been selected out of    136
  
 CHARMM>    scalar wmain add  1.529 sele .not. resname TIP3 end
 SELRPN>    136 atoms have been selected out of    136
  
 CHARMM>    scalar wmain mult 0.85  sele .not. resname TIP3 end
 SELRPN>    136 atoms have been selected out of    136
  
 CHARMM>    calc zab = ( @a + @b ) / 2.0
 Parameter: A -> "9.2"
 Parameter: B -> "9.4"
Evaluating: (9.2+9.4)/2.0
 Parameter: ZAB <- "9.3"
  
 CHARMM>     
  
 CHARMM>    coor search -
 CHARMM>         xmin @x1  xmax @x2  xgrip @xncel -
 CHARMM>         ymin @y1  ymax @y2  ygrip @yncel -
 CHARMM>         zmin @a   zmax @b   zgrip 5
 Parameter: X1 -> "-7.59951228"
 Parameter: X2 -> "7.80998274"
 Parameter: XNCEL -> "77"
 Parameter: Y1 -> "-11.6131518"
 Parameter: Y2 -> "10.15572"
 Parameter: YNCEL -> "108"
 Parameter: A -> "9.2"
 Parameter: B -> "9.4"

 A TOTAL OF    32082   VACUUM POINTS WERE FOUND
 A TOTAL OF     9498 OCCUPIED POINTS WERE FOUND
 A TOTAL OF        0 EXTERNAL POINTS WERE FOUND
 A TOTAL OF    32082 SELECTED POINTS WERE FOUND
 TOTAL OCCUPIED  VOLUME =      15.325054
 TOTAL SELECTED  VOLUME =      51.764411
 TOTAL FREE      VOLUME =      51.764411
 FRACTIONAL FREE VOLUME =      77.157287
  
 CHARMM>     
  
 CHARMM>    calc c = ?volume * @factor
 Parameter: FACTOR -> "5"
 RDCMND substituted energy or value "?VOLUME" to "15.3250537"
Evaluating: 15.3250537*5
 Parameter: C <- "76.6252685"
  
 CHARMM>     
  
 CHARMM>    if a .lt. -10 if a .gt. -20 if c .gt. @botarea set botarea = @c
 Parameter: BOTAREA -> "-1"
 Parameter: C -> "76.6252685"
 Comparing "9.2" and "-10".
 IF test evaluated as false.  Skipping command
  
 CHARMM>    if a .gt.  10 if a .lt.  20 if c .gt. @toparea set toparea = @c
 Parameter: TOPAREA -> "-1"
 Parameter: C -> "76.6252685"
 Comparing "9.2" and "10".
 IF test evaluated as false.  Skipping command
  
 CHARMM>     
  
 CHARMM>    write title unit 51
 RDTITL> * 9.4  76.6252685
 RDTITL> *
  
 CHARMM>     
  
 CHARMM>    incr a by @dcel
 Parameter: DCEL -> "0.2"
 Parameter: A <- "9.4"
  
 CHARMM>    incr b by @dcel
 Parameter: DCEL -> "0.2"
 Parameter: B <- "9.6"
  
 CHARMM>    if b le ?ZMAX goto DOAREA
 RDCMND substituted energy or value "?ZMAX" to "11.6295697"
 Comparing "9.6" and "11.6295697".
 IF test evaluated as true.  Performing command
  
 CHARMM>     
  
 CHARMM>    ! Cross sectional protein area with whole atom.
 CHARMM>    scalar wmain = radius
  
 CHARMM>    scalar wmain mult 2.5   sele resname TIP3 end
 SELRPN>      0 atoms have been selected out of    136
  
 CHARMM>    scalar wmain add  1.529 sele .not. resname TIP3 end
 SELRPN>    136 atoms have been selected out of    136
  
 CHARMM>    scalar wmain mult 0.85  sele .not. resname TIP3 end
 SELRPN>    136 atoms have been selected out of    136
  
 CHARMM>    calc zab = ( @a + @b ) / 2.0
 Parameter: A -> "9.4"
 Parameter: B -> "9.6"
Evaluating: (9.4+9.6)/2.0
 Parameter: ZAB <- "9.5"
  
 CHARMM>     
  
 CHARMM>    coor search -
 CHARMM>         xmin @x1  xmax @x2  xgrip @xncel -
 CHARMM>         ymin @y1  ymax @y2  ygrip @yncel -
 CHARMM>         zmin @a   zmax @b   zgrip 5
 Parameter: X1 -> "-7.59951228"
 Parameter: X2 -> "7.80998274"
 Parameter: XNCEL -> "77"
 Parameter: Y1 -> "-11.6131518"
 Parameter: Y2 -> "10.15572"
 Parameter: YNCEL -> "108"
 Parameter: A -> "9.4"
 Parameter: B -> "9.6"

 A TOTAL OF    32492   VACUUM POINTS WERE FOUND
 A TOTAL OF     9088 OCCUPIED POINTS WERE FOUND
 A TOTAL OF        0 EXTERNAL POINTS WERE FOUND
 A TOTAL OF    32492 SELECTED POINTS WERE FOUND
 TOTAL OCCUPIED  VOLUME =      14.663517
 TOTAL SELECTED  VOLUME =      52.425947
 TOTAL FREE      VOLUME =      52.425947
 FRACTIONAL FREE VOLUME =      78.143338
  
 CHARMM>     
  
 CHARMM>    calc c = ?volume * @factor
 Parameter: FACTOR -> "5"
 RDCMND substituted energy or value "?VOLUME" to "14.6635174"
Evaluating: 14.6635174*5
 Parameter: C <- "73.317587"
  
 CHARMM>     
  
 CHARMM>    if a .lt. -10 if a .gt. -20 if c .gt. @botarea set botarea = @c
 Parameter: BOTAREA -> "-1"
 Parameter: C -> "73.317587"
 Comparing "9.4" and "-10".
 IF test evaluated as false.  Skipping command
  
 CHARMM>    if a .gt.  10 if a .lt.  20 if c .gt. @toparea set toparea = @c
 Parameter: TOPAREA -> "-1"
 Parameter: C -> "73.317587"
 Comparing "9.4" and "10".
 IF test evaluated as false.  Skipping command
  
 CHARMM>     
  
 CHARMM>    write title unit 51
 RDTITL> * 9.6  73.317587
 RDTITL> *
  
 CHARMM>     
  
 CHARMM>    incr a by @dcel
 Parameter: DCEL -> "0.2"
 Parameter: A <- "9.6"
  
 CHARMM>    incr b by @dcel
 Parameter: DCEL -> "0.2"
 Parameter: B <- "9.8"
  
 CHARMM>    if b le ?ZMAX goto DOAREA
 RDCMND substituted energy or value "?ZMAX" to "11.6295697"
 Comparing "9.8" and "11.6295697".
 IF test evaluated as true.  Performing command
  
 CHARMM>     
  
 CHARMM>    ! Cross sectional protein area with whole atom.
 CHARMM>    scalar wmain = radius
  
 CHARMM>    scalar wmain mult 2.5   sele resname TIP3 end
 SELRPN>      0 atoms have been selected out of    136
  
 CHARMM>    scalar wmain add  1.529 sele .not. resname TIP3 end
 SELRPN>    136 atoms have been selected out of    136
  
 CHARMM>    scalar wmain mult 0.85  sele .not. resname TIP3 end
 SELRPN>    136 atoms have been selected out of    136
  
 CHARMM>    calc zab = ( @a + @b ) / 2.0
 Parameter: A -> "9.6"
 Parameter: B -> "9.8"
Evaluating: (9.6+9.8)/2.0
 Parameter: ZAB <- "9.7"
  
 CHARMM>     
  
 CHARMM>    coor search -
 CHARMM>         xmin @x1  xmax @x2  xgrip @xncel -
 CHARMM>         ymin @y1  ymax @y2  ygrip @yncel -
 CHARMM>         zmin @a   zmax @b   zgrip 5
 Parameter: X1 -> "-7.59951228"
 Parameter: X2 -> "7.80998274"
 Parameter: XNCEL -> "77"
 Parameter: Y1 -> "-11.6131518"
 Parameter: Y2 -> "10.15572"
 Parameter: YNCEL -> "108"
 Parameter: A -> "9.6"
 Parameter: B -> "9.8"

 A TOTAL OF    32954   VACUUM POINTS WERE FOUND
 A TOTAL OF     8626 OCCUPIED POINTS WERE FOUND
 A TOTAL OF        0 EXTERNAL POINTS WERE FOUND
 A TOTAL OF    32954 SELECTED POINTS WERE FOUND
 TOTAL OCCUPIED  VOLUME =      13.918079
 TOTAL SELECTED  VOLUME =      53.171385
 TOTAL FREE      VOLUME =      53.171385
 FRACTIONAL FREE VOLUME =      79.254449
  
 CHARMM>     
  
 CHARMM>    calc c = ?volume * @factor
 Parameter: FACTOR -> "5"
 RDCMND substituted energy or value "?VOLUME" to "13.9180789"
Evaluating: 13.9180789*5
 Parameter: C <- "69.5903945"
  
 CHARMM>     
  
 CHARMM>    if a .lt. -10 if a .gt. -20 if c .gt. @botarea set botarea = @c
 Parameter: BOTAREA -> "-1"
 Parameter: C -> "69.5903945"
 Comparing "9.6" and "-10".
 IF test evaluated as false.  Skipping command
  
 CHARMM>    if a .gt.  10 if a .lt.  20 if c .gt. @toparea set toparea = @c
 Parameter: TOPAREA -> "-1"
 Parameter: C -> "69.5903945"
 Comparing "9.6" and "10".
 IF test evaluated as false.  Skipping command
  
 CHARMM>     
  
 CHARMM>    write title unit 51
 RDTITL> * 9.8  69.5903945
 RDTITL> *
  
 CHARMM>     
  
 CHARMM>    incr a by @dcel
 Parameter: DCEL -> "0.2"
 Parameter: A <- "9.8"
  
 CHARMM>    incr b by @dcel
 Parameter: DCEL -> "0.2"
 Parameter: B <- "10"
  
 CHARMM>    if b le ?ZMAX goto DOAREA
 RDCMND substituted energy or value "?ZMAX" to "11.6295697"
 Comparing "10" and "11.6295697".
 IF test evaluated as true.  Performing command
  
 CHARMM>     
  
 CHARMM>    ! Cross sectional protein area with whole atom.
 CHARMM>    scalar wmain = radius
  
 CHARMM>    scalar wmain mult 2.5   sele resname TIP3 end
 SELRPN>      0 atoms have been selected out of    136
  
 CHARMM>    scalar wmain add  1.529 sele .not. resname TIP3 end
 SELRPN>    136 atoms have been selected out of    136
  
 CHARMM>    scalar wmain mult 0.85  sele .not. resname TIP3 end
 SELRPN>    136 atoms have been selected out of    136
  
 CHARMM>    calc zab = ( @a + @b ) / 2.0
 Parameter: A -> "9.8"
 Parameter: B -> "10"
Evaluating: (9.8+10)/2.0
 Parameter: ZAB <- "9.9"
  
 CHARMM>     
  
 CHARMM>    coor search -
 CHARMM>         xmin @x1  xmax @x2  xgrip @xncel -
 CHARMM>         ymin @y1  ymax @y2  ygrip @yncel -
 CHARMM>         zmin @a   zmax @b   zgrip 5
 Parameter: X1 -> "-7.59951228"
 Parameter: X2 -> "7.80998274"
 Parameter: XNCEL -> "77"
 Parameter: Y1 -> "-11.6131518"
 Parameter: Y2 -> "10.15572"
 Parameter: YNCEL -> "108"
 Parameter: A -> "9.8"
 Parameter: B -> "10"

 A TOTAL OF    33425   VACUUM POINTS WERE FOUND
 A TOTAL OF     8155 OCCUPIED POINTS WERE FOUND
 A TOTAL OF        0 EXTERNAL POINTS WERE FOUND
 A TOTAL OF    33425 SELECTED POINTS WERE FOUND
 TOTAL OCCUPIED  VOLUME =      13.158119
 TOTAL SELECTED  VOLUME =      53.931345
 TOTAL FREE      VOLUME =      53.931345
 FRACTIONAL FREE VOLUME =      80.387205
  
 CHARMM>     
  
 CHARMM>    calc c = ?volume * @factor
 Parameter: FACTOR -> "5"
 RDCMND substituted energy or value "?VOLUME" to "13.1581188"
Evaluating: 13.1581188*5
 Parameter: C <- "65.790594"
  
 CHARMM>     
  
 CHARMM>    if a .lt. -10 if a .gt. -20 if c .gt. @botarea set botarea = @c
 Parameter: BOTAREA -> "-1"
 Parameter: C -> "65.790594"
 Comparing "9.8" and "-10".
 IF test evaluated as false.  Skipping command
  
 CHARMM>    if a .gt.  10 if a .lt.  20 if c .gt. @toparea set toparea = @c
 Parameter: TOPAREA -> "-1"
 Parameter: C -> "65.790594"
 Comparing "9.8" and "10".
 IF test evaluated as false.  Skipping command
  
 CHARMM>     
  
 CHARMM>    write title unit 51
 RDTITL> * 10  65.790594
 RDTITL> *
  
 CHARMM>     
  
 CHARMM>    incr a by @dcel
 Parameter: DCEL -> "0.2"
 Parameter: A <- "10"
  
 CHARMM>    incr b by @dcel
 Parameter: DCEL -> "0.2"
 Parameter: B <- "10.2"
  
 CHARMM>    if b le ?ZMAX goto DOAREA
 RDCMND substituted energy or value "?ZMAX" to "11.6295697"
 Comparing "10.2" and "11.6295697".
 IF test evaluated as true.  Performing command
  
 CHARMM>     
  
 CHARMM>    ! Cross sectional protein area with whole atom.
 CHARMM>    scalar wmain = radius
  
 CHARMM>    scalar wmain mult 2.5   sele resname TIP3 end
 SELRPN>      0 atoms have been selected out of    136
  
 CHARMM>    scalar wmain add  1.529 sele .not. resname TIP3 end
 SELRPN>    136 atoms have been selected out of    136
  
 CHARMM>    scalar wmain mult 0.85  sele .not. resname TIP3 end
 SELRPN>    136 atoms have been selected out of    136
  
 CHARMM>    calc zab = ( @a + @b ) / 2.0
 Parameter: A -> "10"
 Parameter: B -> "10.2"
Evaluating: (10+10.2)/2.0
 Parameter: ZAB <- "10.1"
  
 CHARMM>     
  
 CHARMM>    coor search -
 CHARMM>         xmin @x1  xmax @x2  xgrip @xncel -
 CHARMM>         ymin @y1  ymax @y2  ygrip @yncel -
 CHARMM>         zmin @a   zmax @b   zgrip 5
 Parameter: X1 -> "-7.59951228"
 Parameter: X2 -> "7.80998274"
 Parameter: XNCEL -> "77"
 Parameter: Y1 -> "-11.6131518"
 Parameter: Y2 -> "10.15572"
 Parameter: YNCEL -> "108"
 Parameter: A -> "10"
 Parameter: B -> "10.2"

 A TOTAL OF    34005   VACUUM POINTS WERE FOUND
 A TOTAL OF     7575 OCCUPIED POINTS WERE FOUND
 A TOTAL OF        0 EXTERNAL POINTS WERE FOUND
 A TOTAL OF    34005 SELECTED POINTS WERE FOUND
 TOTAL OCCUPIED  VOLUME =      12.222287
 TOTAL SELECTED  VOLUME =      54.867177
 TOTAL FREE      VOLUME =      54.867177
 FRACTIONAL FREE VOLUME =      81.782107
  
 CHARMM>     
  
 CHARMM>    calc c = ?volume * @factor
 Parameter: FACTOR -> "5"
 RDCMND substituted energy or value "?VOLUME" to "12.222287"
Evaluating: 12.222287*5
 Parameter: C <- "61.111435"
  
 CHARMM>     
  
 CHARMM>    if a .lt. -10 if a .gt. -20 if c .gt. @botarea set botarea = @c
 Parameter: BOTAREA -> "-1"
 Parameter: C -> "61.111435"
 Comparing "10" and "-10".
 IF test evaluated as false.  Skipping command
  
 CHARMM>    if a .gt.  10 if a .lt.  20 if c .gt. @toparea set toparea = @c
 Parameter: TOPAREA -> "-1"
 Parameter: C -> "61.111435"
 Comparing "10" and "10".
 IF test evaluated as false.  Skipping command
  
 CHARMM>     
  
 CHARMM>    write title unit 51
 RDTITL> * 10.2  61.111435
 RDTITL> *
  
 CHARMM>     
  
 CHARMM>    incr a by @dcel
 Parameter: DCEL -> "0.2"
 Parameter: A <- "10.2"
  
 CHARMM>    incr b by @dcel
 Parameter: DCEL -> "0.2"
 Parameter: B <- "10.4"
  
 CHARMM>    if b le ?ZMAX goto DOAREA
 RDCMND substituted energy or value "?ZMAX" to "11.6295697"
 Comparing "10.4" and "11.6295697".
 IF test evaluated as true.  Performing command
  
 CHARMM>     
  
 CHARMM>    ! Cross sectional protein area with whole atom.
 CHARMM>    scalar wmain = radius
  
 CHARMM>    scalar wmain mult 2.5   sele resname TIP3 end
 SELRPN>      0 atoms have been selected out of    136
  
 CHARMM>    scalar wmain add  1.529 sele .not. resname TIP3 end
 SELRPN>    136 atoms have been selected out of    136
  
 CHARMM>    scalar wmain mult 0.85  sele .not. resname TIP3 end
 SELRPN>    136 atoms have been selected out of    136
  
 CHARMM>    calc zab = ( @a + @b ) / 2.0
 Parameter: A -> "10.2"
 Parameter: B -> "10.4"
Evaluating: (10.2+10.4)/2.0
 Parameter: ZAB <- "10.3"
  
 CHARMM>     
  
 CHARMM>    coor search -
 CHARMM>         xmin @x1  xmax @x2  xgrip @xncel -
 CHARMM>         ymin @y1  ymax @y2  ygrip @yncel -
 CHARMM>         zmin @a   zmax @b   zgrip 5
 Parameter: X1 -> "-7.59951228"
 Parameter: X2 -> "7.80998274"
 Parameter: XNCEL -> "77"
 Parameter: Y1 -> "-11.6131518"
 Parameter: Y2 -> "10.15572"
 Parameter: YNCEL -> "108"
 Parameter: A -> "10.2"
 Parameter: B -> "10.4"

 A TOTAL OF    34384   VACUUM POINTS WERE FOUND
 A TOTAL OF     7196 OCCUPIED POINTS WERE FOUND
 A TOTAL OF        0 EXTERNAL POINTS WERE FOUND
 A TOTAL OF    34384 SELECTED POINTS WERE FOUND
 TOTAL OCCUPIED  VOLUME =      11.610769
 TOTAL SELECTED  VOLUME =      55.478695
 TOTAL FREE      VOLUME =      55.478695
 FRACTIONAL FREE VOLUME =      82.693603
  
 CHARMM>     
  
 CHARMM>    calc c = ?volume * @factor
 Parameter: FACTOR -> "5"
 RDCMND substituted energy or value "?VOLUME" to "11.6107692"
Evaluating: 11.6107692*5
 Parameter: C <- "58.053846"
  
 CHARMM>     
  
 CHARMM>    if a .lt. -10 if a .gt. -20 if c .gt. @botarea set botarea = @c
 Parameter: BOTAREA -> "-1"
 Parameter: C -> "58.053846"
 Comparing "10.2" and "-10".
 IF test evaluated as false.  Skipping command
  
 CHARMM>    if a .gt.  10 if a .lt.  20 if c .gt. @toparea set toparea = @c
 Parameter: TOPAREA -> "-1"
 Parameter: C -> "58.053846"
 Comparing "10.2" and "10".
 IF test evaluated as true.  Performing command
 Comparing "10.2" and "20".
 IF test evaluated as true.  Performing command
 Comparing "58.053846" and "-1".
 IF test evaluated as true.  Performing command
 Parameter: TOPAREA <- "58.053846"
  
 CHARMM>     
  
 CHARMM>    write title unit 51
 RDTITL> * 10.4  58.053846
 RDTITL> *
  
 CHARMM>     
  
 CHARMM>    incr a by @dcel
 Parameter: DCEL -> "0.2"
 Parameter: A <- "10.4"
  
 CHARMM>    incr b by @dcel
 Parameter: DCEL -> "0.2"
 Parameter: B <- "10.6"
  
 CHARMM>    if b le ?ZMAX goto DOAREA
 RDCMND substituted energy or value "?ZMAX" to "11.6295697"
 Comparing "10.6" and "11.6295697".
 IF test evaluated as true.  Performing command
  
 CHARMM>     
  
 CHARMM>    ! Cross sectional protein area with whole atom.
 CHARMM>    scalar wmain = radius
  
 CHARMM>    scalar wmain mult 2.5   sele resname TIP3 end
 SELRPN>      0 atoms have been selected out of    136
  
 CHARMM>    scalar wmain add  1.529 sele .not. resname TIP3 end
 SELRPN>    136 atoms have been selected out of    136
  
 CHARMM>    scalar wmain mult 0.85  sele .not. resname TIP3 end
 SELRPN>    136 atoms have been selected out of    136
  
 CHARMM>    calc zab = ( @a + @b ) / 2.0
 Parameter: A -> "10.4"
 Parameter: B -> "10.6"
Evaluating: (10.4+10.6)/2.0
 Parameter: ZAB <- "10.5"
  
 CHARMM>     
  
 CHARMM>    coor search -
 CHARMM>         xmin @x1  xmax @x2  xgrip @xncel -
 CHARMM>         ymin @y1  ymax @y2  ygrip @yncel -
 CHARMM>         zmin @a   zmax @b   zgrip 5
 Parameter: X1 -> "-7.59951228"
 Parameter: X2 -> "7.80998274"
 Parameter: XNCEL -> "77"
 Parameter: Y1 -> "-11.6131518"
 Parameter: Y2 -> "10.15572"
 Parameter: YNCEL -> "108"
 Parameter: A -> "10.4"
 Parameter: B -> "10.6"

 A TOTAL OF    34610   VACUUM POINTS WERE FOUND
 A TOTAL OF     6970 OCCUPIED POINTS WERE FOUND
 A TOTAL OF        0 EXTERNAL POINTS WERE FOUND
 A TOTAL OF    34610 SELECTED POINTS WERE FOUND
 TOTAL OCCUPIED  VOLUME =      11.246118
 TOTAL SELECTED  VOLUME =      55.843347
 TOTAL FREE      VOLUME =      55.843347
 FRACTIONAL FREE VOLUME =      83.237133
  
 CHARMM>     
  
 CHARMM>    calc c = ?volume * @factor
 Parameter: FACTOR -> "5"
 RDCMND substituted energy or value "?VOLUME" to "11.2461175"
Evaluating: 11.2461175*5
 Parameter: C <- "56.2305875"
  
 CHARMM>     
  
 CHARMM>    if a .lt. -10 if a .gt. -20 if c .gt. @botarea set botarea = @c
 Parameter: BOTAREA -> "-1"
 Parameter: C -> "56.2305875"
 Comparing "10.4" and "-10".
 IF test evaluated as false.  Skipping command
  
 CHARMM>    if a .gt.  10 if a .lt.  20 if c .gt. @toparea set toparea = @c
 Parameter: TOPAREA -> "58.053846"
 Parameter: C -> "56.2305875"
 Comparing "10.4" and "10".
 IF test evaluated as true.  Performing command
 Comparing "10.4" and "20".
 IF test evaluated as true.  Performing command
 Comparing "56.2305875" and "58.053846".
 IF test evaluated as false.  Skipping command
  
 CHARMM>     
  
 CHARMM>    write title unit 51
 RDTITL> * 10.6  56.2305875
 RDTITL> *
  
 CHARMM>     
  
 CHARMM>    incr a by @dcel
 Parameter: DCEL -> "0.2"
 Parameter: A <- "10.6"
  
 CHARMM>    incr b by @dcel
 Parameter: DCEL -> "0.2"
 Parameter: B <- "10.8"
  
 CHARMM>    if b le ?ZMAX goto DOAREA
 RDCMND substituted energy or value "?ZMAX" to "11.6295697"
 Comparing "10.8" and "11.6295697".
 IF test evaluated as true.  Performing command
  
 CHARMM>     
  
 CHARMM>    ! Cross sectional protein area with whole atom.
 CHARMM>    scalar wmain = radius
  
 CHARMM>    scalar wmain mult 2.5   sele resname TIP3 end
 SELRPN>      0 atoms have been selected out of    136
  
 CHARMM>    scalar wmain add  1.529 sele .not. resname TIP3 end
 SELRPN>    136 atoms have been selected out of    136
  
 CHARMM>    scalar wmain mult 0.85  sele .not. resname TIP3 end
 SELRPN>    136 atoms have been selected out of    136
  
 CHARMM>    calc zab = ( @a + @b ) / 2.0
 Parameter: A -> "10.6"
 Parameter: B -> "10.8"
Evaluating: (10.6+10.8)/2.0
 Parameter: ZAB <- "10.7"
  
 CHARMM>     
  
 CHARMM>    coor search -
 CHARMM>         xmin @x1  xmax @x2  xgrip @xncel -
 CHARMM>         ymin @y1  ymax @y2  ygrip @yncel -
 CHARMM>         zmin @a   zmax @b   zgrip 5
 Parameter: X1 -> "-7.59951228"
 Parameter: X2 -> "7.80998274"
 Parameter: XNCEL -> "77"
 Parameter: Y1 -> "-11.6131518"
 Parameter: Y2 -> "10.15572"
 Parameter: YNCEL -> "108"
 Parameter: A -> "10.6"
 Parameter: B -> "10.8"

 A TOTAL OF    34892   VACUUM POINTS WERE FOUND
 A TOTAL OF     6688 OCCUPIED POINTS WERE FOUND
 A TOTAL OF        0 EXTERNAL POINTS WERE FOUND
 A TOTAL OF    34892 SELECTED POINTS WERE FOUND
 TOTAL OCCUPIED  VOLUME =      10.791110
 TOTAL SELECTED  VOLUME =      56.298355
 TOTAL FREE      VOLUME =      56.298355
 FRACTIONAL FREE VOLUME =      83.915344
  
 CHARMM>     
  
 CHARMM>    calc c = ?volume * @factor
 Parameter: FACTOR -> "5"
 RDCMND substituted energy or value "?VOLUME" to "10.7911096"
Evaluating: 10.7911096*5
 Parameter: C <- "53.955548"
  
 CHARMM>     
  
 CHARMM>    if a .lt. -10 if a .gt. -20 if c .gt. @botarea set botarea = @c
 Parameter: BOTAREA -> "-1"
 Parameter: C -> "53.955548"
 Comparing "10.6" and "-10".
 IF test evaluated as false.  Skipping command
  
 CHARMM>    if a .gt.  10 if a .lt.  20 if c .gt. @toparea set toparea = @c
 Parameter: TOPAREA -> "58.053846"
 Parameter: C -> "53.955548"
 Comparing "10.6" and "10".
 IF test evaluated as true.  Performing command
 Comparing "10.6" and "20".
 IF test evaluated as true.  Performing command
 Comparing "53.955548" and "58.053846".
 IF test evaluated as false.  Skipping command
  
 CHARMM>     
  
 CHARMM>    write title unit 51
 RDTITL> * 10.8  53.955548
 RDTITL> *
  
 CHARMM>     
  
 CHARMM>    incr a by @dcel
 Parameter: DCEL -> "0.2"
 Parameter: A <- "10.8"
  
 CHARMM>    incr b by @dcel
 Parameter: DCEL -> "0.2"
 Parameter: B <- "11"
  
 CHARMM>    if b le ?ZMAX goto DOAREA
 RDCMND substituted energy or value "?ZMAX" to "11.6295697"
 Comparing "11" and "11.6295697".
 IF test evaluated as true.  Performing command
  
 CHARMM>     
  
 CHARMM>    ! Cross sectional protein area with whole atom.
 CHARMM>    scalar wmain = radius
  
 CHARMM>    scalar wmain mult 2.5   sele resname TIP3 end
 SELRPN>      0 atoms have been selected out of    136
  
 CHARMM>    scalar wmain add  1.529 sele .not. resname TIP3 end
 SELRPN>    136 atoms have been selected out of    136
  
 CHARMM>    scalar wmain mult 0.85  sele .not. resname TIP3 end
 SELRPN>    136 atoms have been selected out of    136
  
 CHARMM>    calc zab = ( @a + @b ) / 2.0
 Parameter: A -> "10.8"
 Parameter: B -> "11"
Evaluating: (10.8+11)/2.0
 Parameter: ZAB <- "10.9"
  
 CHARMM>     
  
 CHARMM>    coor search -
 CHARMM>         xmin @x1  xmax @x2  xgrip @xncel -
 CHARMM>         ymin @y1  ymax @y2  ygrip @yncel -
 CHARMM>         zmin @a   zmax @b   zgrip 5
 Parameter: X1 -> "-7.59951228"
 Parameter: X2 -> "7.80998274"
 Parameter: XNCEL -> "77"
 Parameter: Y1 -> "-11.6131518"
 Parameter: Y2 -> "10.15572"
 Parameter: YNCEL -> "108"
 Parameter: A -> "10.8"
 Parameter: B -> "11"

 A TOTAL OF    35245   VACUUM POINTS WERE FOUND
 A TOTAL OF     6335 OCCUPIED POINTS WERE FOUND
 A TOTAL OF        0 EXTERNAL POINTS WERE FOUND
 A TOTAL OF    35245 SELECTED POINTS WERE FOUND
 TOTAL OCCUPIED  VOLUME =      10.221543
 TOTAL SELECTED  VOLUME =      56.867921
 TOTAL FREE      VOLUME =      56.867921
 FRACTIONAL FREE VOLUME =      84.764310
  
 CHARMM>     
  
 CHARMM>    calc c = ?volume * @factor
 Parameter: FACTOR -> "5"
 RDCMND substituted energy or value "?VOLUME" to "10.221543"
Evaluating: 10.221543*5
 Parameter: C <- "51.107715"
  
 CHARMM>     
  
 CHARMM>    if a .lt. -10 if a .gt. -20 if c .gt. @botarea set botarea = @c
 Parameter: BOTAREA -> "-1"
 Parameter: C -> "51.107715"
 Comparing "10.8" and "-10".
 IF test evaluated as false.  Skipping command
  
 CHARMM>    if a .gt.  10 if a .lt.  20 if c .gt. @toparea set toparea = @c
 Parameter: TOPAREA -> "58.053846"
 Parameter: C -> "51.107715"
 Comparing "10.8" and "10".
 IF test evaluated as true.  Performing command
 Comparing "10.8" and "20".
 IF test evaluated as true.  Performing command
 Comparing "51.107715" and "58.053846".
 IF test evaluated as false.  Skipping command
  
 CHARMM>     
  
 CHARMM>    write title unit 51
 RDTITL> * 11  51.107715
 RDTITL> *
  
 CHARMM>     
  
 CHARMM>    incr a by @dcel
 Parameter: DCEL -> "0.2"
 Parameter: A <- "11"
  
 CHARMM>    incr b by @dcel
 Parameter: DCEL -> "0.2"
 Parameter: B <- "11.2"
  
 CHARMM>    if b le ?ZMAX goto DOAREA
 RDCMND substituted energy or value "?ZMAX" to "11.6295697"
 Comparing "11.2" and "11.6295697".
 IF test evaluated as true.  Performing command
  
 CHARMM>     
  
 CHARMM>    ! Cross sectional protein area with whole atom.
 CHARMM>    scalar wmain = radius
  
 CHARMM>    scalar wmain mult 2.5   sele resname TIP3 end
 SELRPN>      0 atoms have been selected out of    136
  
 CHARMM>    scalar wmain add  1.529 sele .not. resname TIP3 end
 SELRPN>    136 atoms have been selected out of    136
  
 CHARMM>    scalar wmain mult 0.85  sele .not. resname TIP3 end
 SELRPN>    136 atoms have been selected out of    136
  
 CHARMM>    calc zab = ( @a + @b ) / 2.0
 Parameter: A -> "11"
 Parameter: B -> "11.2"
Evaluating: (11+11.2)/2.0
 Parameter: ZAB <- "11.1"
  
 CHARMM>     
  
 CHARMM>    coor search -
 CHARMM>         xmin @x1  xmax @x2  xgrip @xncel -
 CHARMM>         ymin @y1  ymax @y2  ygrip @yncel -
 CHARMM>         zmin @a   zmax @b   zgrip 5
 Parameter: X1 -> "-7.59951228"
 Parameter: X2 -> "7.80998274"
 Parameter: XNCEL -> "77"
 Parameter: Y1 -> "-11.6131518"
 Parameter: Y2 -> "10.15572"
 Parameter: YNCEL -> "108"
 Parameter: A -> "11"
 Parameter: B -> "11.2"

 A TOTAL OF    35615   VACUUM POINTS WERE FOUND
 A TOTAL OF     5965 OCCUPIED POINTS WERE FOUND
 A TOTAL OF        0 EXTERNAL POINTS WERE FOUND
 A TOTAL OF    35615 SELECTED POINTS WERE FOUND
 TOTAL OCCUPIED  VOLUME =       9.624547
 TOTAL SELECTED  VOLUME =      57.464918
 TOTAL FREE      VOLUME =      57.464918
 FRACTIONAL FREE VOLUME =      85.654161
  
 CHARMM>     
  
 CHARMM>    calc c = ?volume * @factor
 Parameter: FACTOR -> "5"
 RDCMND substituted energy or value "?VOLUME" to "9.62454677"
Evaluating: 9.62454677*5
 Parameter: C <- "48.1227339"
  
 CHARMM>     
  
 CHARMM>    if a .lt. -10 if a .gt. -20 if c .gt. @botarea set botarea = @c
 Parameter: BOTAREA -> "-1"
 Parameter: C -> "48.1227339"
 Comparing "11" and "-10".
 IF test evaluated as false.  Skipping command
  
 CHARMM>    if a .gt.  10 if a .lt.  20 if c .gt. @toparea set toparea = @c
 Parameter: TOPAREA -> "58.053846"
 Parameter: C -> "48.1227339"
 Comparing "11" and "10".
 IF test evaluated as true.  Performing command
 Comparing "11" and "20".
 IF test evaluated as true.  Performing command
 Comparing "48.1227339" and "58.053846".
 IF test evaluated as false.  Skipping command
  
 CHARMM>     
  
 CHARMM>    write title unit 51
 RDTITL> * 11.2  48.1227339
 RDTITL> *
  
 CHARMM>     
  
 CHARMM>    incr a by @dcel
 Parameter: DCEL -> "0.2"
 Parameter: A <- "11.2"
  
 CHARMM>    incr b by @dcel
 Parameter: DCEL -> "0.2"
 Parameter: B <- "11.4"
  
 CHARMM>    if b le ?ZMAX goto DOAREA
 RDCMND substituted energy or value "?ZMAX" to "11.6295697"
 Comparing "11.4" and "11.6295697".
 IF test evaluated as true.  Performing command
  
 CHARMM>     
  
 CHARMM>    ! Cross sectional protein area with whole atom.
 CHARMM>    scalar wmain = radius
  
 CHARMM>    scalar wmain mult 2.5   sele resname TIP3 end
 SELRPN>      0 atoms have been selected out of    136
  
 CHARMM>    scalar wmain add  1.529 sele .not. resname TIP3 end
 SELRPN>    136 atoms have been selected out of    136
  
 CHARMM>    scalar wmain mult 0.85  sele .not. resname TIP3 end
 SELRPN>    136 atoms have been selected out of    136
  
 CHARMM>    calc zab = ( @a + @b ) / 2.0
 Parameter: A -> "11.2"
 Parameter: B -> "11.4"
Evaluating: (11.2+11.4)/2.0
 Parameter: ZAB <- "11.3"
  
 CHARMM>     
  
 CHARMM>    coor search -
 CHARMM>         xmin @x1  xmax @x2  xgrip @xncel -
 CHARMM>         ymin @y1  ymax @y2  ygrip @yncel -
 CHARMM>         zmin @a   zmax @b   zgrip 5
 Parameter: X1 -> "-7.59951228"
 Parameter: X2 -> "7.80998274"
 Parameter: XNCEL -> "77"
 Parameter: Y1 -> "-11.6131518"
 Parameter: Y2 -> "10.15572"
 Parameter: YNCEL -> "108"
 Parameter: A -> "11.2"
 Parameter: B -> "11.4"

 A TOTAL OF    36003   VACUUM POINTS WERE FOUND
 A TOTAL OF     5577 OCCUPIED POINTS WERE FOUND
 A TOTAL OF        0 EXTERNAL POINTS WERE FOUND
 A TOTAL OF    36003 SELECTED POINTS WERE FOUND
 TOTAL OCCUPIED  VOLUME =       8.998508
 TOTAL SELECTED  VOLUME =      58.090957
 TOTAL FREE      VOLUME =      58.090957
 FRACTIONAL FREE VOLUME =      86.587302
  
 CHARMM>     
  
 CHARMM>    calc c = ?volume * @factor
 Parameter: FACTOR -> "5"
 RDCMND substituted energy or value "?VOLUME" to "8.99850752"
Evaluating: 8.99850752*5
 Parameter: C <- "44.9925376"
  
 CHARMM>     
  
 CHARMM>    if a .lt. -10 if a .gt. -20 if c .gt. @botarea set botarea = @c
 Parameter: BOTAREA -> "-1"
 Parameter: C -> "44.9925376"
 Comparing "11.2" and "-10".
 IF test evaluated as false.  Skipping command
  
 CHARMM>    if a .gt.  10 if a .lt.  20 if c .gt. @toparea set toparea = @c
 Parameter: TOPAREA -> "58.053846"
 Parameter: C -> "44.9925376"
 Comparing "11.2" and "10".
 IF test evaluated as true.  Performing command
 Comparing "11.2" and "20".
 IF test evaluated as true.  Performing command
 Comparing "44.9925376" and "58.053846".
 IF test evaluated as false.  Skipping command
  
 CHARMM>     
  
 CHARMM>    write title unit 51
 RDTITL> * 11.4  44.9925376
 RDTITL> *
  
 CHARMM>     
  
 CHARMM>    incr a by @dcel
 Parameter: DCEL -> "0.2"
 Parameter: A <- "11.4"
  
 CHARMM>    incr b by @dcel
 Parameter: DCEL -> "0.2"
 Parameter: B <- "11.6"
  
 CHARMM>    if b le ?ZMAX goto DOAREA
 RDCMND substituted energy or value "?ZMAX" to "11.6295697"
 Comparing "11.6" and "11.6295697".
 IF test evaluated as true.  Performing command
  
 CHARMM>     
  
 CHARMM>    ! Cross sectional protein area with whole atom.
 CHARMM>    scalar wmain = radius
  
 CHARMM>    scalar wmain mult 2.5   sele resname TIP3 end
 SELRPN>      0 atoms have been selected out of    136
  
 CHARMM>    scalar wmain add  1.529 sele .not. resname TIP3 end
 SELRPN>    136 atoms have been selected out of    136
  
 CHARMM>    scalar wmain mult 0.85  sele .not. resname TIP3 end
 SELRPN>    136 atoms have been selected out of    136
  
 CHARMM>    calc zab = ( @a + @b ) / 2.0
 Parameter: A -> "11.4"
 Parameter: B -> "11.6"
Evaluating: (11.4+11.6)/2.0
 Parameter: ZAB <- "11.5"
  
 CHARMM>     
  
 CHARMM>    coor search -
 CHARMM>         xmin @x1  xmax @x2  xgrip @xncel -
 CHARMM>         ymin @y1  ymax @y2  ygrip @yncel -
 CHARMM>         zmin @a   zmax @b   zgrip 5
 Parameter: X1 -> "-7.59951228"
 Parameter: X2 -> "7.80998274"
 Parameter: XNCEL -> "77"
 Parameter: Y1 -> "-11.6131518"
 Parameter: Y2 -> "10.15572"
 Parameter: YNCEL -> "108"
 Parameter: A -> "11.4"
 Parameter: B -> "11.6"

 A TOTAL OF    36363   VACUUM POINTS WERE FOUND
 A TOTAL OF     5217 OCCUPIED POINTS WERE FOUND
 A TOTAL OF        0 EXTERNAL POINTS WERE FOUND
 A TOTAL OF    36363 SELECTED POINTS WERE FOUND
 TOTAL OCCUPIED  VOLUME =       8.417646
 TOTAL SELECTED  VOLUME =      58.671818
 TOTAL FREE      VOLUME =      58.671818
 FRACTIONAL FREE VOLUME =      87.453102
  
 CHARMM>     
  
 CHARMM>    calc c = ?volume * @factor
 Parameter: FACTOR -> "5"
 RDCMND substituted energy or value "?VOLUME" to "8.41764635"
Evaluating: 8.41764635*5
 Parameter: C <- "42.0882317"
  
 CHARMM>     
  
 CHARMM>    if a .lt. -10 if a .gt. -20 if c .gt. @botarea set botarea = @c
 Parameter: BOTAREA -> "-1"
 Parameter: C -> "42.0882317"
 Comparing "11.4" and "-10".
 IF test evaluated as false.  Skipping command
  
 CHARMM>    if a .gt.  10 if a .lt.  20 if c .gt. @toparea set toparea = @c
 Parameter: TOPAREA -> "58.053846"
 Parameter: C -> "42.0882317"
 Comparing "11.4" and "10".
 IF test evaluated as true.  Performing command
 Comparing "11.4" and "20".
 IF test evaluated as true.  Performing command
 Comparing "42.0882317" and "58.053846".
 IF test evaluated as false.  Skipping command
  
 CHARMM>     
  
 CHARMM>    write title unit 51
 RDTITL> * 11.6  42.0882317
 RDTITL> *
  
 CHARMM>     
  
 CHARMM>    incr a by @dcel
 Parameter: DCEL -> "0.2"
 Parameter: A <- "11.6"
  
 CHARMM>    incr b by @dcel
 Parameter: DCEL -> "0.2"
 Parameter: B <- "11.8"
  
 CHARMM>    if b le ?ZMAX goto DOAREA
 RDCMND substituted energy or value "?ZMAX" to "11.6295697"
 Comparing "11.8" and "11.6295697".
 IF test evaluated as false.  Skipping command
  
 CHARMM>     
  
 CHARMM>    if toparea .eq. -1 calc toparea = 0
 Comparing "58.053846" and "-1".
 IF test evaluated as false.  Skipping command
  
 CHARMM>    if botarea .eq. -1 calc botarea = 0
 Comparing "-1" and "-1".
 IF test evaluated as true.  Performing command
Evaluating: 0
 Parameter: BOTAREA <- "0"
  
 CHARMM>     
  
 CHARMM>    ! Protein size
 CHARMM>    coor stat sele .not. hydrogen end
 SELRPN>     58 atoms have been selected out of    136
 STATISTICS FOR        58 SELECTED ATOMS:
    XMIN =   -2.599512 XMAX =    1.835355 XAVE =   -0.407636
    YMIN =   -5.602145 YMAX =    4.774457 YAVE =    0.433233
    ZMIN =  -10.499843 ZMAX =   11.629570 ZAVE =    0.419952
    WMIN =    0.000000 WMAX =    0.054885 WAVE =    0.003651
  
 CHARMM>    calc xmax = ?xmax
 RDCMND substituted energy or value "?XMAX" to "1.83535528"
Evaluating: 1.83535528
 Parameter: XMAX <- "1.83535528"
  
 CHARMM>    calc xmin = ?xmin
 RDCMND substituted energy or value "?XMIN" to "-2.59951228"
Evaluating: -2.59951228
 Parameter: XMIN <- "-2.59951228"
  
 CHARMM>    calc ymax = ?ymax
 RDCMND substituted energy or value "?YMAX" to "4.77445681"
Evaluating: 4.77445681
 Parameter: YMAX <- "4.77445681"
  
 CHARMM>    calc ymin = ?ymin
 RDCMND substituted energy or value "?YMIN" to "-5.60214471"
Evaluating: -5.60214471
 Parameter: YMIN <- "-5.60214471"
  
 CHARMM>    calc zmax = ?zmax
 RDCMND substituted energy or value "?ZMAX" to "11.6295697"
Evaluating: 11.6295697
 Parameter: ZMAX <- "11.6295697"
  
 CHARMM>    calc zmin = ?zmin
 RDCMND substituted energy or value "?ZMIN" to "-10.4998433"
Evaluating: -10.4998433
 Parameter: ZMIN <- "-10.4998433"
  
 CHARMM>     
  
 CHARMM>     
  
 CHARMM>    open write card  unit 51 name step2_protein_area.str
 OPNLGU> Unit already open. The old file will be closed first.
 VCLOSE: Closing unit   51 with status "KEEP"
 VOPEN> Attempting to open::step2_protein_area.str::
 OPNLGU> Unit 51 opened for WRITE access to step2_protein_area.str
  
 CHARMM>    write title unit 51
 RDTITL> * CALC TOPAREA = 58.053846
 RDTITL> * CALC BOTAREA = 0
 RDTITL> * CALC XMAX = 1.83535528
 RDTITL> * CALC XMIN = -2.59951228
 RDTITL> * CALC YMAX = 4.77445681
 RDTITL> * CALC YMIN = -5.60214471
 RDTITL> * CALC ZMAX = 11.6295697
 RDTITL> * CALC ZMIN = -10.4998433
 RDTITL> *
  
 CHARMM>     
  
 CHARMM>     
  
 VCLOSE: Closing unit   99 with status "KEEP"

                    RETURNING TO INPUT STREAM     5
  
 CHARMM>     
  
 CHARMM>    open write card unit 10 name step2_orient.pdb
 OPNLGU> Unit already open. The old file will be closed first.
 VCLOSE: Closing unit   10 with status "KEEP"
 VOPEN> Attempting to open::step2_orient.pdb::
 OPNLGU> Unit 10 opened for WRITE access to step2_orient.pdb
  
 CHARMM>    write coor pdb  unit 10 sele .not. segid PWAT end
 RDTITL>  
 RDTITL> No title read.
  Write CHARMM-pdb format
 SELRPN>    136 atoms have been selected out of    136
  
 CHARMM>     
  
 CHARMM>    open write card unit 10 name step2_orient.crd
 OPNLGU> Unit already open. The old file will be closed first.
 VCLOSE: Closing unit   10 with status "KEEP"
 VOPEN> Attempting to open::step2_orient.crd::
 OPNLGU> Unit 10 opened for WRITE access to step2_orient.crd
  
 CHARMM>    write coor card unit 10 sele .not. segid PWAT end
 RDTITL>  
 RDTITL> No title read.
 SELRPN>    136 atoms have been selected out of    136
 VCLOSE: Closing unit   10 with status "KEEP"
  
 CHARMM>     
  
 CHARMM>    stop
 VCLOSE: Closing unit   20 with status "KEEP"
 VCLOSE: Closing unit   51 with status "KEEP"
$$$$$$  New timer profile $$$$$
 Total time                     11.87 Other:            0.00

                    NORMAL TERMINATION BY NORMAL STOP
                    MOST SEVERE WARNING WAS AT LEVEL  1

                    $$$$$ JOB ACCOUNTING INFORMATION $$$$$
                     ELAPSED TIME:    11.87  SECONDS 
                         CPU TIME:    11.87  SECONDS 
