1
                 Chemistry at HARvard Macromolecular Mechanics
           (CHARMM) - Developmental Version 47a2   February 15, 2021            
                                Revision unknown                                
       Copyright(c) 1984-2020  President and Fellows of Harvard College
                              All Rights Reserved
             Current operating system: Linux-6.1.0-49-amd64(x86_64)             
                 Created on  8/28/26 at 23:08:22 by user: charmm-gui  

            Maximum number of ATOMS:    360720, and RESidues:      120240
 RDTITL> * GENERATED BY CHARMM-GUI (HTTP://WWW.CHARMM-GUI.ORG) V3.7 ON AUG, 28. 2026. JOBID=8797249059
 RDTITL> * GENERATES ION CONFORMATION USING MONTE-CARLO SIMULATION
 RDTITL> *
  
 CHARMM>     
  
 CHARMM>    DIMENS CHSIZE 5000000 MAXRES 3000000
Size      Original         New
MAXA        360720     5000000
MAXB        360720     5000000
MAXT        721440    10000000
MAXP       1082160    15000000
MAXIMP      180360     2500000
MAXNB        90180     1250000
MAXPAD      360720     5000000
MAXRES      120240     3000000
MAXSEG       45090      625000
MAXATC        1400
MAXCB         3000
MAXCT        50000
MAXCP        50000
MAXCI         1200
MAXCH         6400
MAXCN       502503
MAXCRT      120240     1666666
  
 CHARMM>     
  
 CHARMM>    ! Read topology and parameter files
 CHARMM>    stream toppar.str
 VOPEN> Attempting to open::toppar.str::
 OPNLGU> Unit 99 opened for READONLY access to toppar.str

                    INPUT STREAM SWITCHING TO UNIT    99
 RDTITL> * GENERATED BY CHARMM-GUI (HTTP://WWW.CHARMM-GUI.ORG) V3.7 ON AUG, 28. 2026. JOBID=8797249059
 RDTITL> * STREAM FILE FOR TOPOLOGY AND PARAMETER READING
 RDTITL> *
 Parameter: IN1 <- "" <empty>
  
 CHARMM>     
  
 CHARMM>    ! protein topology and parameter
 CHARMM>    open read card unit 10 name toppar/top_all36_prot.rtf
 VOPEN> Attempting to open::toppar/top_all36_prot.rtf::
 OPNLGU> Unit 10 opened for READONLY access to toppar/top_all36_prot.rtf
  
 CHARMM>    read  rtf card unit 10
 MAINIO> Residue topology file being read from unit  10.
 TITLE> *>>>>>>>>CHARMM36 ALL-HYDROGEN TOPOLOGY FILE FOR PROTEINS <<<<<<
 TITLE> *>>>>> INCLUDES PHI, PSI CROSS TERM MAP (CMAP) CORRECTION <<<<<<<
 TITLE> *>>>>>>>>>>>>>>>>>>>>>>>>>> MAY 2011 <<<<<<<<<<<<<<<<<<<<<<<<<<<<
 TITLE> * ALL COMMENTS TO THE CHARMM WEB SITE: WWW.CHARMM.ORG
 TITLE> *             PARAMETER SET DISCUSSION FORUM
 TITLE> *
  
 CHARMM>     
  
 CHARMM>    open read card unit 20 name toppar/par_all36m_prot.prm
 VOPEN> Attempting to open::toppar/par_all36m_prot.prm::
 OPNLGU> Unit 20 opened for READONLY access to toppar/par_all36m_prot.prm
  
 CHARMM>    read para card unit 20 flex

          PARAMETER FILE BEING READ FROM UNIT 20
 TITLE> *>>>> CHARMM36 ALL-HYDROGEN PARAMETER FILE FOR PROTEINS <<<<<<<<<<
 TITLE> *>>>>> INCLUDES PHI, PSI CROSS TERM MAP (CMAP) CORRECTION <<<<<<<<
 TITLE> *>>>>>>>>>>>>>>>>>>>>>>>>>> JAN. 2016 <<<<<<<<<<<<<<<<<<<<<<<<<<<<
 TITLE> * ALL COMMENTS TO THE CHARMM WEB SITE: WWW.CHARMM.ORG
 TITLE> *             PARAMETER SET DISCUSSION FORUM
 TITLE> *
 PARMIO> NONBOND, HBOND lists and IMAGE atoms cleared.
  
 CHARMM>     
  
 CHARMM>    ! nucleic acids
 CHARMM>    open read card unit 10 name toppar/top_all36_na.rtf
 OPNLGU> Unit already open. The old file will be closed first.
 VCLOSE: Closing unit   10 with status "KEEP"
 VOPEN> Attempting to open::toppar/top_all36_na.rtf::
 OPNLGU> Unit 10 opened for READONLY access to toppar/top_all36_na.rtf
  
 CHARMM>    read  rtf card unit 10 append
 MAINIO> Residue topology file being read from unit  10.
 TITLE> *  \\\\ CHARMM36 ALL-HYDROGEN NUCLEIC ACID TOPOLOGY FILE ////
 TITLE> *   ALEXANDER D. MACKERELL JR. AND COWORKERS
 TITLE> *                      APRIL 2011
 TITLE> * ALL COMMENTS TO THE CHARMM WEB SITE: WWW.CHARMM.ORG
 TITLE> *           PARAMETER SET DISCUSSION FORUM
 TITLE> *
  
 CHARMM>     
  
 CHARMM>    open read card unit 20 name toppar/par_all36_na.prm
 OPNLGU> Unit already open. The old file will be closed first.
 VCLOSE: Closing unit   20 with status "KEEP"
 VOPEN> Attempting to open::toppar/par_all36_na.prm::
 OPNLGU> Unit 20 opened for READONLY access to toppar/par_all36_na.prm
  
 CHARMM>    read para card unit 20 append flex

          PARAMETER FILE BEING READ FROM UNIT 20
 TITLE> * \\\\ CHARMM36 ALL-HYDROGEN NUCLEIC ACID PARAMETER FILE ////
 TITLE> *         ALEXANDER D. MACKERELL JR. AND COWORKERS
 TITLE> *                        APRIL 2011
 TITLE> * ALL COMMENTS TO THE CHARMM WEB SITE: WWW.CHARMM.ORG PARAMETER
 TITLE> *                     SET DISCUSSION FORUM
 TITLE> *
 PARMIO> NONBOND, HBOND lists and IMAGE atoms cleared.
  
 CHARMM>     
  
 CHARMM>    ! carbohydrates
 CHARMM>    open read card unit 10 name toppar/top_all36_carb.rtf
 OPNLGU> Unit already open. The old file will be closed first.
 VCLOSE: Closing unit   10 with status "KEEP"
 VOPEN> Attempting to open::toppar/top_all36_carb.rtf::
 OPNLGU> Unit 10 opened for READONLY access to toppar/top_all36_carb.rtf
  
 CHARMM>    read  rtf card unit 10 append
 MAINIO> Residue topology file being read from unit  10.
 TITLE> * $ID: TOP_ALLXX_SUGAR.INP,V 1.106 2014/08/19 19:07:43 ALEX EXP $
 TITLE> *>>>>>>>>>>>> ALL-HYDROGEN TOPOLOGIES USED IN THE <<<<<<<<<<<<<<<<
 TITLE> *>>>>> DEVELOPMENT OF THE CHARMM CARBOHYDRATE  FORCE FIELD<<<<<<<<
 TITLE> *>>>>>>>>>>>>>>>>>>>>>>>>> JUNE 2009 <<<<<<<<<<<<<<<<<<<<<<<<<<<<<
 TITLE> *>>>>>>>> DIRECT COMMENTS TO ALEXANDER D. MACKERELL JR. <<<<<<<<<<
 TITLE> *>>>>>>>>>> VIA THE CHARMM WEB SITE: WWW.CHARMM.ORG <<<<<<<<<<<<<<
 TITLE> *>>>>>>>>>>>>>>> PARAMETER SET DISCUSSION FORUM <<<<<<<<<<<<<<<<<<
 TITLE> *
  
 CHARMM>     
  
 CHARMM>    open read card unit 20 name toppar/par_all36_carb.prm
 OPNLGU> Unit already open. The old file will be closed first.
 VCLOSE: Closing unit   20 with status "KEEP"
 VOPEN> Attempting to open::toppar/par_all36_carb.prm::
 OPNLGU> Unit 20 opened for READONLY access to toppar/par_all36_carb.prm
  
 CHARMM>    read para card unit 20 append flex

          PARAMETER FILE BEING READ FROM UNIT 20
 TITLE> * $ID: PAR_ALLXX_SUGAR.INP,V 1.132 2014/08/19 19:03:21 ALEX EXP $
 TITLE> *>>>>>>>>>>>> ALL-HYDROGEN PARAMETERS USED IN THE <<<<<<<<<<<<<<<<
 TITLE> *>>>>> DEVELOPMENT OF THE CHARMM CARBOHYDRATE  FORCE FIELD<<<<<<<<
 TITLE> *>>>>>>>>>>>>>>>>>>>>>>>>> JUNE 2009 <<<<<<<<<<<<<<<<<<<<<<<<<<<<<
 TITLE> *>>>>>>>> DIRECT COMMENTS TO ALEXANDER D. MACKERELL JR. <<<<<<<<<<
 TITLE> *>>>>>>>>>> VIA THE CHARMM WEB SITE: WWW.CHARMM.ORG <<<<<<<<<<<<<<
 TITLE> *>>>>>>>>>>>>>>> PARAMETER SET DISCUSSION FORUM <<<<<<<<<<<<<<<<<<
 TITLE> *
 PARMIO> NONBOND, HBOND lists and IMAGE atoms cleared.
  
 CHARMM>     
  
 CHARMM>    ! lipids
 CHARMM>    open read card unit 10 name toppar/top_all36_lipid.rtf
 OPNLGU> Unit already open. The old file will be closed first.
 VCLOSE: Closing unit   10 with status "KEEP"
 VOPEN> Attempting to open::toppar/top_all36_lipid.rtf::
 OPNLGU> Unit 10 opened for READONLY access to toppar/top_all36_lipid.rtf
  
 CHARMM>    read  rtf card unit 10 append
 MAINIO> Residue topology file being read from unit  10.
 TITLE> *  \\\\\\\ CHARMM36 ALL-HYDROGEN LIPID TOPOLOGY FILE ///////
 TITLE> *  ALL COMMENTS AND QUESTIONS SHOULD BE SUBMITTED TO THE
 TITLE> *  PARAMETER FORUM AT THE CHARMM WEBSITE: WWW.CHARMM.ORG
 TITLE> *
  
 CHARMM>     
  
 CHARMM>    open read card unit 20 name toppar/par_all36_lipid.prm
 OPNLGU> Unit already open. The old file will be closed first.
 VCLOSE: Closing unit   20 with status "KEEP"
 VOPEN> Attempting to open::toppar/par_all36_lipid.prm::
 OPNLGU> Unit 20 opened for READONLY access to toppar/par_all36_lipid.prm
  
 CHARMM>    read para card unit 20 append flex

          PARAMETER FILE BEING READ FROM UNIT 20
 TITLE> *  \\\\\\\ CHARMM36 ALL-HYDROGEN LIPID PARAMETER FILE ///////
 TITLE> *  ALL COMMENTS AND QUESTIONS SHOULD BE SUBMITTED TO THE
 TITLE> *  PARAMETER FORUM AT THE CHARMM WEBSITE: WWW.CHARMM.ORG
 TITLE> *
 PARMIO> NONBOND, HBOND lists and IMAGE atoms cleared.
  
 CHARMM>     
  
 CHARMM>    ! CGENFF
 CHARMM>    open read card unit 10 name toppar/top_all36_cgenff.rtf
 OPNLGU> Unit already open. The old file will be closed first.
 VCLOSE: Closing unit   10 with status "KEEP"
 VOPEN> Attempting to open::toppar/top_all36_cgenff.rtf::
 OPNLGU> Unit 10 opened for READONLY access to toppar/top_all36_cgenff.rtf
  
 CHARMM>    read  rtf card unit 10 append
 MAINIO> Residue topology file being read from unit  10.
 TITLE> *  --------------------------------------------------------------------------  *
 TITLE> *          CGENFF: TOPOLOGY FOR THE CHARMM GENERAL FORCE FIELD V. 5.0          *
 TITLE> *                    FOR SMALL MOLECULE DRUG DESIGN                            *
 TITLE> *  --------------------------------------------------------------------------  *
 TITLE> *

 DRUDES PARTICLES WILL BE GENERATED AUTOMATICALLY FOR ALL ATOMS WITH NON-ZERO ALPHA
 Thole-type dipole screening, Slater-Delta shape {S(u) = 1 - (1+u/2)*exp(-u)}, default radius =  1.300000
  
 CHARMM>     
  
 CHARMM>    open read card unit 20 name toppar/par_all36_cgenff.prm
 OPNLGU> Unit already open. The old file will be closed first.
 VCLOSE: Closing unit   20 with status "KEEP"
 VOPEN> Attempting to open::toppar/par_all36_cgenff.prm::
 OPNLGU> Unit 20 opened for READONLY access to toppar/par_all36_cgenff.prm
  
 CHARMM>    read para card unit 20 append flex

          PARAMETER FILE BEING READ FROM UNIT 20
 TITLE> *  --------------------------------------------------------------------------  *
 TITLE> *         CGENFF: PARAMETERS FOR THE CHARMM GENERAL FORCE FIELD V. 5.0         *
 TITLE> *                    FOR SMALL MOLECULE DRUG DESIGN                            *
 TITLE> *  --------------------------------------------------------------------------  *
 TITLE> *  2017/8: IF PROTEIN, NUCLEIC ACID AND CARBOHYDRATE TOPOLOGY AND PARAMETER FILES
 TITLE> *  ARE NOT READ PRIOR TO THE CGENFF FILES "WARNING: ATOMS IN NBFIX ' errors will
 TITLE> *  BE ENCOUNTERED.  THESE CAN BE PASSED BY SETTING BOMLEV ( -2) PRIOR TO READING
 TITLE> *  THIS FILE. IN ADDITION, WHEN GENERATING AROMATIC HALOGENS (CL, BR, I) WITH
 TITLE> *  PRE C41B/C42A VERSIONS OF CHARMM "MISSING PARAMETER" ERRORS WILL BE
 TITLE> *  ENCOUNTERED THAT ALSO REQUIRE SETTING BOMLEV ( -2).
 TITLE> *
 PARRDR> WARNING: ATOM FOR NBOND SOD  DOESNT EXIST
 PARRDR> WARNING: ATOM FOR NBOND CLA  DOESNT EXIST
 PARMIO> NONBOND, HBOND lists and IMAGE atoms cleared.
  
 CHARMM>     
  
 CHARMM>    ! Phosphates and Sulfates
 CHARMM>    stream toppar/toppar_all36_moreions.str
 VOPEN> Attempting to open::toppar/toppar_all36_moreions.str::
 OPNLGU> Unit 98 opened for READONLY access to toppar/toppar_all36_moreions.str

                    INPUT STREAM SWITCHING TO UNIT    98
 RDTITL> * ADDITIONAL IONS GENERATED USING CGENFF
 RDTITL> *
 Parameter: IN1 <- "" <empty>
  
 CHARMM>     
  
 CHARMM>    set nat ?NATC
 RDCMND substituted energy or value "?NATC" to "350"
 Parameter: NAT <- "350"
  
 CHARMM>    set app
 Parameter: APP <- "" <empty>
  
 CHARMM>     
  
 CHARMM>    if "@NAT" ne "?NATC" if @nat ne 0 set app append
 Parameter: NAT -> "350"
 Parameter: NAT -> "350"
 RDCMND: can not substitute energy "?NATC""
 Comparing ""350"" and ""?NATC"".
 IF test evaluated as true.  Performing command
 Comparing "350" and "0".
 IF test evaluated as true.  Performing command
 Parameter: APP <- "APPEND"
  
 CHARMM>     
  
 CHARMM>    read rtf card @app
 Parameter: APP -> "APPEND"
 MAINIO> Residue topology file being read from unit  98.
 RDTITL> * TOPOLOGIES GENERATED BY
 RDTITL> * CHARMM GENERAL FORCE FIELD (CGENFF) PROGRAM VERSION 2.4.0
 RDTITL> *
  
 CHARMM>     
  
 CHARMM>    read para card flex @app
 Parameter: APP -> "APPEND"

          PARAMETER FILE BEING READ FROM UNIT 98
 RDTITL> * PARAMETERS GENERATED BY ANALOGY BY
 RDTITL> * CHARMM GENERAL FORCE FIELD (CGENFF) PROGRAM VERSION 2.4.0
 RDTITL> *
 PARRDR> Error: Repeated BOND parameter (  1720): OG31  SG3O is replaced
 PARRDR> Error: Repeated ANGLE parameter (  7902): OG2P  SG3O  OG31 is replaced
 PARRDR> Error: Repeated ANGLE parameter (  7582): SG3O  OG31  HGP1 is replaced
 PARRDR> Error: Repeated DIHE parameter ( 31803): HGP1  OG31  SG3O  OG2P is replaced
 PARRDR> Error: Repeated DIHE parameter ( 31804): HGP1  OG31  SG3O  OG2P is replaced
 PARRDR> Error: Repeated DIHE parameter ( 31805): HGP1  OG31  SG3O  OG2P is replaced
 PARRDR> Error: Repeated DIHE parameter ( 31806): HGP1  OG31  SG3O  OG2P is replaced
 PARMIO> NONBOND, HBOND lists and IMAGE atoms cleared.
  
 CHARMM>     
  
 VCLOSE: Closing unit   98 with status "KEEP"

                    RETURNING TO INPUT STREAM    99
  
 CHARMM>     
  
 CHARMM>    ! Interface FF
 CHARMM>    open read card unit 10 name toppar/top_interface.rtf
 OPNLGU> Unit already open. The old file will be closed first.
 VCLOSE: Closing unit   10 with status "KEEP"
 VOPEN> Attempting to open::toppar/top_interface.rtf::
 OPNLGU> Unit 10 opened for READONLY access to toppar/top_interface.rtf
  
 CHARMM>    read  rtf card unit 10 append
 MAINIO> Residue topology file being read from unit  10.
 TITLE> * INTERFACE FF
 TITLE> * TOPOLOGY FOR NANOMATERIALS
 TITLE> *
*** WARNING **** residue TSHO already exists (old one deleted)

      ***** LEVEL  1 WARNING FROM <RTFRDR> *****
      ***** Residue already exists.
      ******************************************
      BOMLEV (  0) IS NOT REACHED. WRNLEV IS  5

          PRES TSHO17      -1.050
*** WARNING **** residue TSHO already exists (old one deleted)

      ***** LEVEL  1 WARNING FROM <RTFRDR> *****
      ***** Residue already exists.
      ******************************************
      BOMLEV (  0) IS NOT REACHED. WRNLEV IS  5

          PRES TSHO21      -1.050
 There were   2 warning(s) from RTFRDR.
  
 CHARMM>     
  
 CHARMM>    open read card unit 10 name toppar/par_interface.prm
 OPNLGU> Unit already open. The old file will be closed first.
 VCLOSE: Closing unit   10 with status "KEEP"
 VOPEN> Attempting to open::toppar/par_interface.prm::
 OPNLGU> Unit 10 opened for READONLY access to toppar/par_interface.prm
  
 CHARMM>    read para card unit 10 append flex

          PARAMETER FILE BEING READ FROM UNIT 10
 TITLE> * INTERFACE FF
 TITLE> * TOPOLOGY AND PARAMETER FOR CALY MINERALS, CEMENT MINERALS
 TITLE> *
 PARRDR> Error: Repeated DIHE parameter ( 32527): HGR6  ICG1  ICG1  ICGE is replaced
 PARMIO> NONBOND, HBOND lists and IMAGE atoms cleared.
  
 CHARMM>     
  
 CHARMM>    stream toppar/toppar_all36_nano_lig.str
 VOPEN> Attempting to open::toppar/toppar_all36_nano_lig.str::
 OPNLGU> Unit 98 opened for READONLY access to toppar/toppar_all36_nano_lig.str

                    INPUT STREAM SWITCHING TO UNIT    98
 RDTITL> READ RTF CARD APPEND
 RDTITL> No title read.
 Parameter: IN1 <- "" <empty>
  
 CHARMM>    read rtf card append
 MAINIO> Residue topology file being read from unit  98.
 RDTITL> * TOPOLOGY FOR NANO-LIGAND
 RDTITL> *
  
 CHARMM>     
  
 CHARMM>    read param card flex append

          PARAMETER FILE BEING READ FROM UNIT 98
 RDTITL> * SYNTHETIC POLYMER PARAMETER
 RDTITL> *
 PARRDR> Error: Repeated ANGLE parameter (  4668): CG30  CG32  CG32 is replaced
 PARRDR> Error: Repeated DIHE parameter ( 22579): CG30  CG32  CG32  SG31 is replaced
 PARRDR> Error: Repeated DIHE parameter ( 22919): CG30  CG32  CG32  HGA2 is replaced
 PARRDR> Error: Repeated DIHE parameter ( 22695): CG32  CG32  CG32  SG31 is replaced
 PARRDR> Error: Repeated DIHE parameter ( 22920): CG30  CG32  CG32  HGP5 is replaced
 PARRDR> Error: Repeated DIHE parameter ( 22916): CG30  CG32  CG32  NG3P is replaced
 PARRDR> Error: Repeated DIHE parameter ( 19712): CG2R  CG31  CG32  CG32 is replaced
 PARRDR> Error: Repeated DIHE parameter ( 22795): NG31  CG32  CG32  SG31 is replaced
 PARRDR> Error: Repeated DIHE parameter ( 22796): NG31  CG32  CG32  SG31 is replaced
 PARRDR> Error: Repeated DIHE parameter ( 22797): NG31  CG32  CG32  SG31 is replaced
 PARRDR> Error: Repeated DIHE parameter ( 22376): CG2D  CG32  CG32  CG32 is replaced
 PARRDR> Error: Repeated DIHE parameter ( 22377): CG2D  CG32  CG32  CG32 is replaced
 PARRDR> Error: Repeated DIHE parameter ( 22378): CG2D  CG32  CG32  CG32 is replaced
 PARRDR> Error: Repeated DIHE parameter ( 22376): CG2D  CG32  CG32  CG32 is replaced
 PARRDR> Error: Repeated DIHE parameter ( 22377): CG2D  CG32  CG32  CG32 is replaced
 PARRDR> Error: Repeated DIHE parameter ( 22378): CG2D  CG32  CG32  CG32 is replaced
 PARRDR> Error: Repeated DIHE parameter ( 22376): CG2D  CG32  CG32  CG32 is replaced
 PARRDR> Error: Repeated DIHE parameter ( 22377): CG2D  CG32  CG32  CG32 is replaced
 PARRDR> Error: Repeated DIHE parameter ( 22378): CG2D  CG32  CG32  CG32 is replaced
 PARRDR> Error: Repeated DIHE parameter ( 19868): CG33  CG31  CG32  CG32 is replaced
 PARRDR> Error: Repeated DIHE parameter ( 22393): CG2D  CG32  CG32  SG31 is replaced
 PARRDR> Error: Repeated DIHE parameter ( 22394): CG2D  CG32  CG32  SG31 is replaced
 PARRDR> Error: Repeated DIHE parameter ( 22395): CG2D  CG32  CG32  SG31 is replaced
 PARRDR> Error: Repeated DIHE parameter ( 18389): CG32  CG30  CG32  CG32 is replaced
 PARRDR> Error: Repeated DIHE parameter ( 18417): CG33  CG30  CG32  CG32 is replaced
 PARMIO> NONBOND, HBOND lists and IMAGE atoms cleared.
  
 CHARMM>    RETURN
 VCLOSE: Closing unit   98 with status "KEEP"

                    RETURNING TO INPUT STREAM    99
  
 CHARMM>    stream toppar/toppar_all36_nano_lig_patch.str
 VOPEN> Attempting to open::toppar/toppar_all36_nano_lig_patch.str::
 OPNLGU> Unit 98 opened for READONLY access to toppar/toppar_all36_nano_lig_patch.str

                    INPUT STREAM SWITCHING TO UNIT    98
 RDTITL> READ RTF CARD APPEND
 RDTITL> No title read.
 Parameter: IN1 <- "" <empty>
  
 CHARMM>    read rtf card append
 MAINIO> Residue topology file being read from unit  98.
 RDTITL> * TOPOLOGY FOR SYNTHETIC_POLYMER
 RDTITL> *
  
 CHARMM>    RETURN
 VCLOSE: Closing unit   98 with status "KEEP"

                    RETURNING TO INPUT STREAM    99
  
 CHARMM>     
  
 CHARMM>    ! Additional topologies and parameters for synthetic polymer
 CHARMM>    stream toppar/toppar_all36_synthetic_polymer.str
 VOPEN> Attempting to open::toppar/toppar_all36_synthetic_polymer.str::
 OPNLGU> Unit 98 opened for READONLY access to toppar/toppar_all36_synthetic_polymer.str

                    INPUT STREAM SWITCHING TO UNIT    98
 RDTITL> READ RTF CARD APPEND
 RDTITL> No title read.
 Parameter: IN1 <- "" <empty>
  
 CHARMM>    read rtf card append
 MAINIO> Residue topology file being read from unit  98.
 RDTITL> * TOPOLOGY FOR SYNTHETIC_POLYMER
 RDTITL> *
  
 CHARMM>     
  
 CHARMM>    read param card flex append

          PARAMETER FILE BEING READ FROM UNIT 98
 RDTITL> * SYNTHETIC POLYMER PARAMETER
 RDTITL> *
 PARRDR> Error: Repeated BOND parameter (  1190): CG30  NG2S is replaced
 PARRDR> Error: Repeated BOND parameter (   709): CG2O  CG30 is replaced
 PARRDR> Error: Repeated BOND parameter (   703): CG2O  CG2R is replaced
 PARRDR> Error: Repeated BOND parameter (  1192): CG30  NG31 is replaced
 PARRDR> Error: Repeated BOND parameter (  1238): CG31  NG31 is replaced
 PARRDR> Error: Repeated BOND parameter (   774): CG2O  CG30 is replaced
 PARRDR> Error: Repeated BOND parameter (  1257): CG31  CG31 is replaced
 PARRDR> Error: Repeated ANGLE parameter (  4699): CG31  CG32  NG32 is replaced
 PARRDR> Error: Repeated ANGLE parameter (  3954): CG2O  CG31  NG31 is replaced
 PARRDR> Error: Repeated ANGLE parameter (  4008): CG2O  CG31  CG32 is replaced
 PARRDR> Error: Repeated ANGLE parameter (  3839): CG33  CG30  NG31 is replaced
 PARRDR> Error: Repeated ANGLE parameter (  4010): CG2O  CG31  CG33 is replaced
 PARRDR> Error: Repeated ANGLE parameter (  4477): CG2D  CG32  CG30 is replaced
 PARRDR> Error: Repeated ANGLE parameter (  3837): CG33  CG30  NG2S is replaced
 PARRDR> Error: Repeated ANGLE parameter (  6736): CG31  NG2R  CG3C is replaced
 PARRDR> Error: Repeated ANGLE parameter (  3725): CG2O  CG30  CG33 is replaced
 PARRDR> Error: Repeated ANGLE parameter (  7053): CG30  NG2S  HGP1 is replaced
 PARRDR> Error: Repeated ANGLE parameter (  4256): NG31  CG31  OG31 is replaced
 PARRDR> Error: Repeated ANGLE parameter (  3956): CG2O  CG31  OG30 is replaced
 PARRDR> Error: Repeated ANGLE parameter (  4702): CG31  CG32  OG30 is replaced
 PARRDR> Error: Repeated ANGLE parameter (  4013): CG2O  CG31  NG31 is replaced
 PARRDR> Error: Repeated ANGLE parameter (  7499): CG30  OG30  CG32 is replaced
 PARRDR> Error: Repeated ANGLE parameter (  4546): CG2O  CG32  OG30 is replaced
 PARRDR> Error: Repeated ANGLE parameter (  2004): CG2R  CG2O  OG2D is replaced
 PARRDR> Error: Repeated ANGLE parameter (  7020): CG2O  NG2S  CG30 is replaced
 PARRDR> Error: Repeated ANGLE parameter (  7197): CG30  NG31  HGPA is replaced
 PARRDR> Error: Repeated ANGLE parameter (  2178): CG31  CG2O  CG33 is replaced
 PARRDR> Error: Repeated ANGLE parameter (  3805): CG32  CG30  NG2S is replaced
 PARRDR> Error: Repeated ANGLE parameter (  4545): CG2O  CG32  NG31 is replaced
 PARRDR> Error: Repeated ANGLE parameter (  7204): CG31  NG31  HGPA is replaced
 PARRDR> Error: Repeated ANGLE parameter (  4489): CG2D  CG32  OG30 is replaced
 PARRDR> Error: Repeated ANGLE parameter (  7195): CG30  NG31  CG32 is replaced
 PARRDR> Error: Repeated ANGLE parameter (  4534): CG2O  CG32  CG30 is replaced
 PARRDR> Error: Repeated ANGLE parameter (  3724): CG2O  CG30  CG32 is replaced
 PARRDR> Error: Repeated ANGLE parameter (  2005): CG2R  CG2O  OG31 is replaced
 PARRDR> Error: Repeated ANGLE parameter (  4749): CG32  CG32  NG2R is replaced
 PARRDR> Error: Repeated ANGLE parameter (  2275): CG2O  CG2R  CG2R is replaced
 PARRDR> Error: Repeated ANGLE parameter (  2022): CG30  CG2O  OG2D is replaced
 PARRDR> Error: Repeated ANGLE parameter (  4257): NG31  CG31  HGA1 is replaced
 PARRDR> Error: Repeated ANGLE parameter (  4201): CG33  CG31  NG31 is replaced
 PARRDR> Error: Repeated ANGLE parameter (  4064): CG2R  CG31  NG31 is replaced
 PARRDR> Error: Repeated ANGLE parameter (  7200): CG31  NG31  CG32 is replaced
 PARRDR> Error: Repeated ANGLE parameter (  3806): CG32  CG30  NG31 is replaced
 PARRDR> Error: Repeated ANGLE parameter (  4158): CG32  CG31  NG31 is replaced
 PARRDR> Error: Repeated ANGLE parameter (  2177): CG31  CG2O  CG32 is replaced
 PARRDR> Error: Repeated ANGLE parameter (  3737): CG2O  CG30  CG33 is replaced
 PARRDR> Error: Repeated ANGLE parameter (  2175): CG30  CG2O  OG2D is replaced
 PARRDR> Error: Repeated ANGLE parameter (  2172): CG30  CG2O  CG32 is replaced
 PARRDR> Error: Repeated ANGLE parameter (  2151): CG2O  CG2O  CG32 is replaced
 PARRDR> Error: Repeated ANGLE parameter (  4476): CG2D  CG32  CG2O is replaced
 PARRDR> Error: Repeated ANGLE parameter (  7013): CG2O  NG2S  CG2O is replaced
 PARRDR> Error: Repeated ANGLE parameter (  4530): CG2O  CG32  CG2O is replaced
 PARRDR> Error: Repeated ANGLE parameter (  4583): CG2O  CG32  CG31 is replaced
 PARRDR> Error: Repeated ANGLE parameter (  4002): CG2O  CG31  CG2O is replaced
 PARRDR> Error: Repeated ANGLE parameter (  3736): CG2O  CG30  CG32 is replaced
 PARRDR> Error: Repeated ANGLE parameter (  4003): CG2O  CG31  CG2R is replaced
 PARRDR> Error: Repeated ANGLE parameter (  3978): CG2O  CG31  CG2O is replaced
 PARRDR> Error: Repeated ANGLE parameter (  3943): CG2O  CG31  CG2O is replaced
 PARRDR> Error: Repeated ANGLE parameter (  4011): CG2O  CG31  NG2R is replaced
 PARRDR> Error: Repeated ANGLE parameter (  3962): CG2O  CG31  CG2O is replaced
 PARRDR> Error: Repeated ANGLE parameter (  4698): CG31  CG32  NG31 is replaced
 PARRDR> Error: Repeated ANGLE parameter (  4674): CG30  CG32  NG31 is replaced
 PARRDR> Error: Repeated ANGLE parameter (  3723): CG2O  CG30  CG31 is replaced
 PARRDR> Error: Repeated ANGLE parameter (  3812): CG32  CG30  OG31 is replaced
 PARRDR> Error: Repeated ANGLE parameter (  4006): CG2O  CG31  CG31 is replaced
 PARRDR> Error: Repeated ANGLE parameter (  4054): CG2R  CG31  CG31 is replaced
 PARRDR> Error: Repeated ANGLE parameter (  4676): CG30  CG32  OG31 is replaced
 PARRDR> Error: Repeated ANGLE parameter (  4926): CG32  CG32  CG33 is replaced
 PARRDR> Error: Repeated ANGLE parameter (  4925): CG32  CG32  CG32 is replaced
 PARRDR> Error: Repeated ANGLE parameter (  4311): CG31  CG31  FGA2 is replaced
 PARRDR> Error: Repeated ANGLE parameter (  3728): CG2O  CG30  CG32 is replaced
 PARRDR> Error: Repeated ANGLE parameter (  2023): CG30  CG2O  OG31 is replaced
 PARRDR> Error: Repeated ANGLE parameter (  3727): CG2O  CG30  CG2O is replaced
 PARRDR> Error: Repeated ANGLE parameter (  4186): CG32  CG31  NG31 is replaced
 PARRDR> Error: Repeated ANGLE parameter (  4102): CG31  CG31  CG32 is replaced
 PARRDR> Error: Repeated ANGLE parameter (  4009): CG2O  CG31  CG32 is replaced
 PARRDR> Error: Repeated ANGLE parameter (  4582): CG2O  CG32  CG30 is replaced
 PARRDR> Error: Repeated ANGLE parameter (  4672): CG30  CG32  NG2S is replaced
 PARRDR> Error: Repeated DIHE parameter ( 19844): CG32  CG31  CG32  CG31 is replaced
 PARRDR> Error: Repeated DIHE parameter ( 19822): CG32  CG31  CG32  NG32 is replaced
 PARRDR> Error: Repeated DIHE parameter ( 20218): HGA1  CG31  CG32  NG32 is replaced
 PARRDR> Error: Repeated DIHE parameter ( 24359): CG31  CG32  NG32  HGPA is replaced
 PARRDR> Error: Repeated DIHE parameter ( 12727): CG3C  CG2R  NG2R  CG31 is replaced
 PARRDR> Error: Repeated DIHE parameter ( 24397): CG2O  CG32  OG30  CG32 is replaced
 PARRDR> Error: Repeated DIHE parameter ( 24398): CG2O  CG32  OG30  CG32 is replaced
 PARRDR> Error: Repeated DIHE parameter ( 24399): CG2O  CG32  OG30  CG32 is replaced
 PARRDR> Error: Repeated DIHE parameter ( 21269): HGA1  CG31  NG31  HGPA is replaced
 PARRDR> Error: Repeated DIHE parameter ( 22546): CG2R  CG32  CG32  CG30 is replaced
 PARRDR> Error: Repeated DIHE parameter ( 21346): CG32  CG31  OG30  CG32 is replaced
 PARRDR> Error: Repeated DIHE parameter ( 21347): CG32  CG31  OG30  CG32 is replaced
 PARRDR> Error: Repeated DIHE parameter ( 21346): CG32  CG31  OG30  CG32 is replaced
 PARRDR> Error: Repeated DIHE parameter ( 21347): CG32  CG31  OG30  CG32 is replaced
 PARRDR> Error: Repeated DIHE parameter (  8768): OG2D  CG2O  CG31  NG31 is replaced
 PARRDR> Error: Repeated DIHE parameter (  7774): OG2D  CG2O  NG2S  CG30 is replaced
 PARRDR> Error: Repeated DIHE parameter ( 24338): HGA2  CG32  NG31  CG30 is replaced
 PARRDR> Error: Repeated DIHE parameter (  3574): CG2D  CG2D  CG32  OG30 is replaced
 PARRDR> Error: Repeated DIHE parameter (  3575): CG2D  CG2D  CG32  OG30 is replaced
 PARRDR> Error: Repeated DIHE parameter (  3576): CG2D  CG2D  CG32  OG30 is replaced
 PARRDR> Error: Repeated DIHE parameter (  3577): CG2D  CG2D  CG32  OG30 is replaced
 PARRDR> Error: Repeated DIHE parameter (  3574): CG2D  CG2D  CG32  OG30 is replaced
 PARRDR> Error: Repeated DIHE parameter (  3575): CG2D  CG2D  CG32  OG30 is replaced
 PARRDR> Error: Repeated DIHE parameter (  3576): CG2D  CG2D  CG32  OG30 is replaced
 PARRDR> Error: Repeated DIHE parameter (  3577): CG2D  CG2D  CG32  OG30 is replaced
 PARRDR> Error: Repeated DIHE parameter (  3574): CG2D  CG2D  CG32  OG30 is replaced
 PARRDR> Error: Repeated DIHE parameter (  3575): CG2D  CG2D  CG32  OG30 is replaced
 PARRDR> Error: Repeated DIHE parameter (  3576): CG2D  CG2D  CG32  OG30 is replaced
 PARRDR> Error: Repeated DIHE parameter (  3577): CG2D  CG2D  CG32  OG30 is replaced
 PARRDR> Error: Repeated DIHE parameter ( 20041): OG31  CG31  CG32  CG30 is replaced
 PARRDR> Error: Repeated DIHE parameter ( 20042): OG31  CG31  CG32  CG30 is replaced
 PARRDR> Error: Repeated DIHE parameter ( 20043): OG31  CG31  CG32  CG30 is replaced
 PARRDR> Error: Repeated DIHE parameter ( 20041): OG31  CG31  CG32  CG30 is replaced
 PARRDR> Error: Repeated DIHE parameter ( 20042): OG31  CG31  CG32  CG30 is replaced
 PARRDR> Error: Repeated DIHE parameter ( 20043): OG31  CG31  CG32  CG30 is replaced
 PARRDR> Error: Repeated DIHE parameter ( 20041): OG31  CG31  CG32  CG30 is replaced
 PARRDR> Error: Repeated DIHE parameter ( 20042): OG31  CG31  CG32  CG30 is replaced
 PARRDR> Error: Repeated DIHE parameter ( 20043): OG31  CG31  CG32  CG30 is replaced
 PARRDR> Error: Repeated DIHE parameter ( 19855): CG33  CG31  CG32  CG2D is replaced
 PARRDR> Error: Repeated DIHE parameter ( 18386): CG32  CG30  CG32  CG30 is replaced
 PARRDR> Error: Repeated DIHE parameter ( 21179): CG32  CG31  NG31  CG32 is replaced
 PARRDR> Error: Repeated DIHE parameter ( 21180): CG32  CG31  NG31  CG32 is replaced
 PARRDR> Error: Repeated DIHE parameter ( 21181): CG32  CG31  NG31  CG32 is replaced
 PARRDR> Error: Repeated DIHE parameter ( 21179): CG32  CG31  NG31  CG32 is replaced
 PARRDR> Error: Repeated DIHE parameter ( 21180): CG32  CG31  NG31  CG32 is replaced
 PARRDR> Error: Repeated DIHE parameter ( 21181): CG32  CG31  NG31  CG32 is replaced
 PARRDR> Error: Repeated DIHE parameter ( 21179): CG32  CG31  NG31  CG32 is replaced
 PARRDR> Error: Repeated DIHE parameter ( 21180): CG32  CG31  NG31  CG32 is replaced
 PARRDR> Error: Repeated DIHE parameter ( 21181): CG32  CG31  NG31  CG32 is replaced
 PARRDR> Error: Repeated DIHE parameter ( 24232): CG32  CG32  NG31  CG30 is replaced
 PARRDR> Error: Repeated DIHE parameter ( 24233): CG32  CG32  NG31  CG30 is replaced
 PARRDR> Error: Repeated DIHE parameter ( 24234): CG32  CG32  NG31  CG30 is replaced
 PARRDR> Error: Repeated DIHE parameter ( 24232): CG32  CG32  NG31  CG30 is replaced
 PARRDR> Error: Repeated DIHE parameter ( 24233): CG32  CG32  NG31  CG30 is replaced
 PARRDR> Error: Repeated DIHE parameter ( 24234): CG32  CG32  NG31  CG30 is replaced
 PARRDR> Error: Repeated DIHE parameter ( 24232): CG32  CG32  NG31  CG30 is replaced
 PARRDR> Error: Repeated DIHE parameter ( 24233): CG32  CG32  NG31  CG30 is replaced
 PARRDR> Error: Repeated DIHE parameter ( 24234): CG32  CG32  NG31  CG30 is replaced
 PARRDR> Error: Repeated DIHE parameter ( 22651): CG32  CG32  CG32  NG2R is replaced
 PARRDR> Error: Repeated DIHE parameter ( 21208): CG33  CG31  NG31  CG32 is replaced
 PARRDR> Error: Repeated DIHE parameter ( 21209): CG33  CG31  NG31  CG32 is replaced
 PARRDR> Error: Repeated DIHE parameter ( 21210): CG33  CG31  NG31  CG32 is replaced
 PARRDR> Error: Repeated DIHE parameter ( 21208): CG33  CG31  NG31  CG32 is replaced
 PARRDR> Error: Repeated DIHE parameter ( 21209): CG33  CG31  NG31  CG32 is replaced
 PARRDR> Error: Repeated DIHE parameter ( 21210): CG33  CG31  NG31  CG32 is replaced
 PARRDR> Error: Repeated DIHE parameter ( 21208): CG33  CG31  NG31  CG32 is replaced
 PARRDR> Error: Repeated DIHE parameter ( 21209): CG33  CG31  NG31  CG32 is replaced
 PARRDR> Error: Repeated DIHE parameter ( 21210): CG33  CG31  NG31  CG32 is replaced
 PARRDR> Error: Repeated DIHE parameter (  3676): HGA4  CG2D  CG32  OG30 is replaced
 PARRDR> Error: Repeated DIHE parameter (  3677): HGA4  CG2D  CG32  OG30 is replaced
 PARRDR> Error: Repeated DIHE parameter ( 21114): CG2O  CG31  NG31  CG32 is replaced
 PARRDR> Error: Repeated DIHE parameter ( 21115): CG2O  CG31  NG31  CG32 is replaced
 PARRDR> Error: Repeated DIHE parameter ( 21116): CG2O  CG31  NG31  CG32 is replaced
 PARRDR> Error: Repeated DIHE parameter ( 21114): CG2O  CG31  NG31  CG32 is replaced
 PARRDR> Error: Repeated DIHE parameter ( 21115): CG2O  CG31  NG31  CG32 is replaced
 PARRDR> Error: Repeated DIHE parameter ( 21116): CG2O  CG31  NG31  CG32 is replaced
 PARRDR> Error: Repeated DIHE parameter ( 21114): CG2O  CG31  NG31  CG32 is replaced
 PARRDR> Error: Repeated DIHE parameter ( 21115): CG2O  CG31  NG31  CG32 is replaced
 PARRDR> Error: Repeated DIHE parameter ( 21116): CG2O  CG31  NG31  CG32 is replaced
 PARRDR> Error: Repeated DIHE parameter ( 18919): CG33  CG30  OG30  CG32 is replaced
 PARRDR> Error: Repeated DIHE parameter ( 18920): CG33  CG30  OG30  CG32 is replaced
 PARRDR> Error: Repeated DIHE parameter ( 18919): CG33  CG30  OG30  CG32 is replaced
 PARRDR> Error: Repeated DIHE parameter ( 18920): CG33  CG30  OG30  CG32 is replaced
 PARRDR> Error: Repeated DIHE parameter ( 18860): CG32  CG30  NG31  HGPA is replaced
 PARRDR> Error: Repeated DIHE parameter ( 18861): CG32  CG30  NG31  HGPA is replaced
 PARRDR> Error: Repeated DIHE parameter ( 18390): CG32  CG30  CG32  CG33 is replaced
 PARRDR> Error: Repeated DIHE parameter (  9086): CG31  CG2O  CG33  HGA3 is replaced
 PARRDR> Error: Repeated DIHE parameter (  8069): CG2R  CG2O  OG30  CG32 is replaced
 PARRDR> Error: Repeated DIHE parameter (  8070): CG2R  CG2O  OG30  CG32 is replaced
 PARRDR> Error: Repeated DIHE parameter (  8071): CG2R  CG2O  OG30  CG32 is replaced
 PARRDR> Error: Repeated DIHE parameter (  8069): CG2R  CG2O  OG30  CG32 is replaced
 PARRDR> Error: Repeated DIHE parameter (  8070): CG2R  CG2O  OG30  CG32 is replaced
 PARRDR> Error: Repeated DIHE parameter (  8071): CG2R  CG2O  OG30  CG32 is replaced
 PARRDR> Error: Repeated DIHE parameter (  8069): CG2R  CG2O  OG30  CG32 is replaced
 PARRDR> Error: Repeated DIHE parameter (  8070): CG2R  CG2O  OG30  CG32 is replaced
 PARRDR> Error: Repeated DIHE parameter (  8071): CG2R  CG2O  OG30  CG32 is replaced
 PARRDR> Error: Repeated DIHE parameter ( 22486): CG2O  CG32  CG32  CG30 is replaced
 PARRDR> Error: Repeated DIHE parameter ( 22487): CG2O  CG32  CG32  CG30 is replaced
 PARRDR> Error: Repeated DIHE parameter ( 22488): CG2O  CG32  CG32  CG30 is replaced
 PARRDR> Error: Repeated DIHE parameter ( 22489): CG2O  CG32  CG32  CG30 is replaced
 PARRDR> Error: Repeated DIHE parameter ( 22490): CG2O  CG32  CG32  CG30 is replaced
 PARRDR> Error: Repeated DIHE parameter ( 22486): CG2O  CG32  CG32  CG30 is replaced
 PARRDR> Error: Repeated DIHE parameter ( 22487): CG2O  CG32  CG32  CG30 is replaced
 PARRDR> Error: Repeated DIHE parameter ( 22488): CG2O  CG32  CG32  CG30 is replaced
 PARRDR> Error: Repeated DIHE parameter ( 22489): CG2O  CG32  CG32  CG30 is replaced
 PARRDR> Error: Repeated DIHE parameter ( 22490): CG2O  CG32  CG32  CG30 is replaced
 PARRDR> Error: Repeated DIHE parameter ( 22486): CG2O  CG32  CG32  CG30 is replaced
 PARRDR> Error: Repeated DIHE parameter ( 22487): CG2O  CG32  CG32  CG30 is replaced
 PARRDR> Error: Repeated DIHE parameter ( 22488): CG2O  CG32  CG32  CG30 is replaced
 PARRDR> Error: Repeated DIHE parameter ( 22489): CG2O  CG32  CG32  CG30 is replaced
 PARRDR> Error: Repeated DIHE parameter ( 22490): CG2O  CG32  CG32  CG30 is replaced
 PARRDR> Error: Repeated DIHE parameter ( 22486): CG2O  CG32  CG32  CG30 is replaced
 PARRDR> Error: Repeated DIHE parameter ( 22487): CG2O  CG32  CG32  CG30 is replaced
 PARRDR> Error: Repeated DIHE parameter ( 22488): CG2O  CG32  CG32  CG30 is replaced
 PARRDR> Error: Repeated DIHE parameter ( 22489): CG2O  CG32  CG32  CG30 is replaced
 PARRDR> Error: Repeated DIHE parameter ( 22490): CG2O  CG32  CG32  CG30 is replaced
 PARRDR> Error: Repeated DIHE parameter ( 22486): CG2O  CG32  CG32  CG30 is replaced
 PARRDR> Error: Repeated DIHE parameter ( 22487): CG2O  CG32  CG32  CG30 is replaced
 PARRDR> Error: Repeated DIHE parameter ( 22488): CG2O  CG32  CG32  CG30 is replaced
 PARRDR> Error: Repeated DIHE parameter ( 22489): CG2O  CG32  CG32  CG30 is replaced
 PARRDR> Error: Repeated DIHE parameter ( 22490): CG2O  CG32  CG32  CG30 is replaced
 PARRDR> Error: Repeated DIHE parameter ( 19930): NG2R  CG31  CG32  CG32 is replaced
 PARRDR> Error: Repeated DIHE parameter ( 21117): CG2O  CG31  NG31  HGPA is replaced
 PARRDR> Error: Repeated DIHE parameter ( 21118): CG2O  CG31  NG31  HGPA is replaced
 PARRDR> Error: Repeated DIHE parameter ( 21119): CG2O  CG31  NG31  HGPA is replaced
 PARRDR> Error: Repeated DIHE parameter ( 18472): NG31  CG30  CG32  CG31 is replaced
 PARRDR> Error: Repeated DIHE parameter ( 24414): CG31  CG32  OG30  CG32 is replaced
 PARRDR> Error: Repeated DIHE parameter ( 24415): CG31  CG32  OG30  CG32 is replaced
 PARRDR> Error: Repeated DIHE parameter ( 24416): CG31  CG32  OG30  CG32 is replaced
 PARRDR> Error: Repeated DIHE parameter ( 24414): CG31  CG32  OG30  CG32 is replaced
 PARRDR> Error: Repeated DIHE parameter ( 24415): CG31  CG32  OG30  CG32 is replaced
 PARRDR> Error: Repeated DIHE parameter ( 24416): CG31  CG32  OG30  CG32 is replaced
 PARRDR> Error: Repeated DIHE parameter ( 24414): CG31  CG32  OG30  CG32 is replaced
 PARRDR> Error: Repeated DIHE parameter ( 24415): CG31  CG32  OG30  CG32 is replaced
 PARRDR> Error: Repeated DIHE parameter ( 24416): CG31  CG32  OG30  CG32 is replaced
 PARRDR> Error: Repeated DIHE parameter (  3550): CG2D  CG2D  CG32  CG30 is replaced
 PARRDR> Error: Repeated DIHE parameter (  3551): CG2D  CG2D  CG32  CG30 is replaced
 PARRDR> Error: Repeated DIHE parameter (  3550): CG2D  CG2D  CG32  CG30 is replaced
 PARRDR> Error: Repeated DIHE parameter (  3551): CG2D  CG2D  CG32  CG30 is replaced
 PARRDR> Error: Repeated DIHE parameter (  8717): CG33  CG2O  CG31  CG32 is replaced
 PARRDR> Error: Repeated DIHE parameter (  8718): CG33  CG2O  CG31  CG32 is replaced
 PARRDR> Error: Repeated DIHE parameter (  8719): CG33  CG2O  CG31  CG32 is replaced
 PARRDR> Error: Repeated DIHE parameter (  8720): CG33  CG2O  CG31  CG32 is replaced
 PARRDR> Error: Repeated DIHE parameter (  8717): CG33  CG2O  CG31  CG32 is replaced
 PARRDR> Error: Repeated DIHE parameter (  8718): CG33  CG2O  CG31  CG32 is replaced
 PARRDR> Error: Repeated DIHE parameter (  8719): CG33  CG2O  CG31  CG32 is replaced
 PARRDR> Error: Repeated DIHE parameter (  8720): CG33  CG2O  CG31  CG32 is replaced
 PARRDR> Error: Repeated DIHE parameter (  8717): CG33  CG2O  CG31  CG32 is replaced
 PARRDR> Error: Repeated DIHE parameter (  8718): CG33  CG2O  CG31  CG32 is replaced
 PARRDR> Error: Repeated DIHE parameter (  8719): CG33  CG2O  CG31  CG32 is replaced
 PARRDR> Error: Repeated DIHE parameter (  8720): CG33  CG2O  CG31  CG32 is replaced
 PARRDR> Error: Repeated DIHE parameter (  8717): CG33  CG2O  CG31  CG32 is replaced
 PARRDR> Error: Repeated DIHE parameter (  8718): CG33  CG2O  CG31  CG32 is replaced
 PARRDR> Error: Repeated DIHE parameter (  8719): CG33  CG2O  CG31  CG32 is replaced
 PARRDR> Error: Repeated DIHE parameter (  8720): CG33  CG2O  CG31  CG32 is replaced
 PARRDR> Error: Repeated DIHE parameter ( 24486): HGA2  CG32  OG30  CG30 is replaced
 PARRDR> Error: Repeated DIHE parameter ( 24426): CG32  CG32  OG30  CG30 is replaced
 PARRDR> Error: Repeated DIHE parameter ( 24427): CG32  CG32  OG30  CG30 is replaced
 PARRDR> Error: Repeated DIHE parameter ( 24428): CG32  CG32  OG30  CG30 is replaced
 PARRDR> Error: Repeated DIHE parameter ( 24426): CG32  CG32  OG30  CG30 is replaced
 PARRDR> Error: Repeated DIHE parameter ( 24427): CG32  CG32  OG30  CG30 is replaced
 PARRDR> Error: Repeated DIHE parameter ( 24428): CG32  CG32  OG30  CG30 is replaced
 PARRDR> Error: Repeated DIHE parameter ( 24426): CG32  CG32  OG30  CG30 is replaced
 PARRDR> Error: Repeated DIHE parameter ( 24427): CG32  CG32  OG30  CG30 is replaced
 PARRDR> Error: Repeated DIHE parameter ( 24428): CG32  CG32  OG30  CG30 is replaced
 PARRDR> Error: Repeated DIHE parameter ( 24241): CG32  CG32  NG31  CG32 is replaced
 PARRDR> Error: Repeated DIHE parameter ( 24242): CG32  CG32  NG31  CG32 is replaced
 PARRDR> Error: Repeated DIHE parameter ( 24243): CG32  CG32  NG31  CG32 is replaced
 PARRDR> Error: Repeated DIHE parameter ( 24241): CG32  CG32  NG31  CG32 is replaced
 PARRDR> Error: Repeated DIHE parameter ( 24242): CG32  CG32  NG31  CG32 is replaced
 PARRDR> Error: Repeated DIHE parameter ( 24243): CG32  CG32  NG31  CG32 is replaced
 PARRDR> Error: Repeated DIHE parameter ( 24241): CG32  CG32  NG31  CG32 is replaced
 PARRDR> Error: Repeated DIHE parameter ( 24242): CG32  CG32  NG31  CG32 is replaced
 PARRDR> Error: Repeated DIHE parameter ( 24243): CG32  CG32  NG31  CG32 is replaced
 PARRDR> Error: Repeated DIHE parameter ( 21374): HGA1  CG31  OG30  CG32 is replaced
 PARRDR> Error: Repeated DIHE parameter ( 18474): NG31  CG30  CG32  HGA2 is replaced
 PARRDR> Error: Repeated DIHE parameter ( 20004): NG31  CG31  CG32  HGA2 is replaced
 PARRDR> Error: Repeated DIHE parameter ( 19864): CG33  CG31  CG32  CG30 is replaced
 PARRDR> Error: Repeated DIHE parameter ( 21255): OG31  CG31  NG31  HGPA is replaced
 PARRDR> Error: Repeated DIHE parameter ( 21256): OG31  CG31  NG31  HGPA is replaced
 PARRDR> Error: Repeated DIHE parameter ( 21255): OG31  CG31  NG31  HGPA is replaced
 PARRDR> Error: Repeated DIHE parameter ( 21256): OG31  CG31  NG31  HGPA is replaced
 PARRDR> Error: Repeated DIHE parameter (  6953): OG2D  CG2O  CG31  OG30 is replaced
 PARRDR> Error: Repeated DIHE parameter (  6954): OG2D  CG2O  CG31  OG30 is replaced
 PARRDR> Error: Repeated DIHE parameter ( 22491): CG2O  CG32  CG32  CG31 is replaced
 PARRDR> Error: Repeated DIHE parameter ( 22492): CG2O  CG32  CG32  CG31 is replaced
 PARRDR> Error: Repeated DIHE parameter ( 22493): CG2O  CG32  CG32  CG31 is replaced
 PARRDR> Error: Repeated DIHE parameter ( 22494): CG2O  CG32  CG32  CG31 is replaced
 PARRDR> Error: Repeated DIHE parameter ( 22495): CG2O  CG32  CG32  CG31 is replaced
 PARRDR> Error: Repeated DIHE parameter ( 22491): CG2O  CG32  CG32  CG31 is replaced
 PARRDR> Error: Repeated DIHE parameter ( 22492): CG2O  CG32  CG32  CG31 is replaced
 PARRDR> Error: Repeated DIHE parameter ( 22493): CG2O  CG32  CG32  CG31 is replaced
 PARRDR> Error: Repeated DIHE parameter ( 22494): CG2O  CG32  CG32  CG31 is replaced
 PARRDR> Error: Repeated DIHE parameter ( 22495): CG2O  CG32  CG32  CG31 is replaced
 PARRDR> Error: Repeated DIHE parameter ( 22491): CG2O  CG32  CG32  CG31 is replaced
 PARRDR> Error: Repeated DIHE parameter ( 22492): CG2O  CG32  CG32  CG31 is replaced
 PARRDR> Error: Repeated DIHE parameter ( 22493): CG2O  CG32  CG32  CG31 is replaced
 PARRDR> Error: Repeated DIHE parameter ( 22494): CG2O  CG32  CG32  CG31 is replaced
 PARRDR> Error: Repeated DIHE parameter ( 22495): CG2O  CG32  CG32  CG31 is replaced
 PARRDR> Error: Repeated DIHE parameter ( 22491): CG2O  CG32  CG32  CG31 is replaced
 PARRDR> Error: Repeated DIHE parameter ( 22492): CG2O  CG32  CG32  CG31 is replaced
 PARRDR> Error: Repeated DIHE parameter ( 22493): CG2O  CG32  CG32  CG31 is replaced
 PARRDR> Error: Repeated DIHE parameter ( 22494): CG2O  CG32  CG32  CG31 is replaced
 PARRDR> Error: Repeated DIHE parameter ( 22495): CG2O  CG32  CG32  CG31 is replaced
 PARRDR> Error: Repeated DIHE parameter ( 22491): CG2O  CG32  CG32  CG31 is replaced
 PARRDR> Error: Repeated DIHE parameter ( 22492): CG2O  CG32  CG32  CG31 is replaced
 PARRDR> Error: Repeated DIHE parameter ( 22493): CG2O  CG32  CG32  CG31 is replaced
 PARRDR> Error: Repeated DIHE parameter ( 22494): CG2O  CG32  CG32  CG31 is replaced
 PARRDR> Error: Repeated DIHE parameter ( 22495): CG2O  CG32  CG32  CG31 is replaced
 PARRDR> Error: Repeated DIHE parameter ( 21130): CG2R  CG31  NG31  CG32 is replaced
 PARRDR> Error: Repeated DIHE parameter ( 21131): CG2R  CG31  NG31  CG32 is replaced
 PARRDR> Error: Repeated DIHE parameter ( 21132): CG2R  CG31  NG31  CG32 is replaced
 PARRDR> Error: Repeated DIHE parameter ( 21130): CG2R  CG31  NG31  CG32 is replaced
 PARRDR> Error: Repeated DIHE parameter ( 21131): CG2R  CG31  NG31  CG32 is replaced
 PARRDR> Error: Repeated DIHE parameter ( 21132): CG2R  CG31  NG31  CG32 is replaced
 PARRDR> Error: Repeated DIHE parameter ( 21130): CG2R  CG31  NG31  CG32 is replaced
 PARRDR> Error: Repeated DIHE parameter ( 21131): CG2R  CG31  NG31  CG32 is replaced
 PARRDR> Error: Repeated DIHE parameter ( 21132): CG2R  CG31  NG31  CG32 is replaced
 PARRDR> Error: Repeated DIHE parameter ( 18815): CG33  CG30  NG2S  HGP1 is replaced
 PARRDR> Error: Repeated DIHE parameter (  8761): OG2D  CG2O  CG31  CG33 is replaced
 PARRDR> Error: Repeated DIHE parameter (  8762): OG2D  CG2O  CG31  CG33 is replaced
 PARRDR> Error: Repeated DIHE parameter (  8763): OG2D  CG2O  CG31  CG33 is replaced
 PARRDR> Error: Repeated DIHE parameter (  8764): OG2D  CG2O  CG31  CG33 is replaced
 PARRDR> Error: Repeated DIHE parameter (  8761): OG2D  CG2O  CG31  CG33 is replaced
 PARRDR> Error: Repeated DIHE parameter (  8762): OG2D  CG2O  CG31  CG33 is replaced
 PARRDR> Error: Repeated DIHE parameter (  8763): OG2D  CG2O  CG31  CG33 is replaced
 PARRDR> Error: Repeated DIHE parameter (  8764): OG2D  CG2O  CG31  CG33 is replaced
 PARRDR> Error: Repeated DIHE parameter (  8761): OG2D  CG2O  CG31  CG33 is replaced
 PARRDR> Error: Repeated DIHE parameter (  8762): OG2D  CG2O  CG31  CG33 is replaced
 PARRDR> Error: Repeated DIHE parameter (  8763): OG2D  CG2O  CG31  CG33 is replaced
 PARRDR> Error: Repeated DIHE parameter (  8764): OG2D  CG2O  CG31  CG33 is replaced
 PARRDR> Error: Repeated DIHE parameter (  8761): OG2D  CG2O  CG31  CG33 is replaced
 PARRDR> Error: Repeated DIHE parameter (  8762): OG2D  CG2O  CG31  CG33 is replaced
 PARRDR> Error: Repeated DIHE parameter (  8763): OG2D  CG2O  CG31  CG33 is replaced
 PARRDR> Error: Repeated DIHE parameter (  8764): OG2D  CG2O  CG31  CG33 is replaced
 PARRDR> Error: Repeated DIHE parameter ( 22455): CG2O  CG32  CG32  NG31 is replaced
 PARRDR> Error: Repeated DIHE parameter ( 22456): CG2O  CG32  CG32  NG31 is replaced
 PARRDR> Error: Repeated DIHE parameter ( 22457): CG2O  CG32  CG32  NG31 is replaced
 PARRDR> Error: Repeated DIHE parameter ( 22458): CG2O  CG32  CG32  NG31 is replaced
 PARRDR> Error: Repeated DIHE parameter ( 18470): NG31  CG30  CG32  CG30 is replaced
 PARRDR> Error: Repeated DIHE parameter ( 18471): NG31  CG30  CG32  CG30 is replaced
 PARRDR> Error: Repeated DIHE parameter ( 24147): CG2O  CG32  NG31  CG32 is replaced
 PARRDR> Error: Repeated DIHE parameter ( 24148): CG2O  CG32  NG31  CG32 is replaced
 PARRDR> Error: Repeated DIHE parameter ( 24149): CG2O  CG32  NG31  CG32 is replaced
 PARRDR> Error: Repeated DIHE parameter ( 24147): CG2O  CG32  NG31  CG32 is replaced
 PARRDR> Error: Repeated DIHE parameter ( 24148): CG2O  CG32  NG31  CG32 is replaced
 PARRDR> Error: Repeated DIHE parameter ( 24149): CG2O  CG32  NG31  CG32 is replaced
 PARRDR> Error: Repeated DIHE parameter ( 24147): CG2O  CG32  NG31  CG32 is replaced
 PARRDR> Error: Repeated DIHE parameter ( 24148): CG2O  CG32  NG31  CG32 is replaced
 PARRDR> Error: Repeated DIHE parameter ( 24149): CG2O  CG32  NG31  CG32 is replaced
 PARRDR> Error: Repeated DIHE parameter ( 22547): CG2R  CG32  CG32  CG31 is replaced
 PARRDR> Error: Repeated DIHE parameter ( 24429): CG32  CG32  OG30  CG31 is replaced
 PARRDR> Error: Repeated DIHE parameter ( 24430): CG32  CG32  OG30  CG31 is replaced
 PARRDR> Error: Repeated DIHE parameter ( 24431): CG32  CG32  OG30  CG31 is replaced
 PARRDR> Error: Repeated DIHE parameter ( 24429): CG32  CG32  OG30  CG31 is replaced
 PARRDR> Error: Repeated DIHE parameter ( 24430): CG32  CG32  OG30  CG31 is replaced
 PARRDR> Error: Repeated DIHE parameter ( 24431): CG32  CG32  OG30  CG31 is replaced
 PARRDR> Error: Repeated DIHE parameter ( 24429): CG32  CG32  OG30  CG31 is replaced
 PARRDR> Error: Repeated DIHE parameter ( 24430): CG32  CG32  OG30  CG31 is replaced
 PARRDR> Error: Repeated DIHE parameter ( 24431): CG32  CG32  OG30  CG31 is replaced
 PARRDR> Error: Repeated DIHE parameter ( 20221): HGA1  CG31  CG32  OG30 is replaced
 PARRDR> Error: Repeated DIHE parameter ( 22813): OG30  CG32  CG32  OG30 is replaced
 PARRDR> Error: Repeated DIHE parameter ( 22814): OG30  CG32  CG32  OG30 is replaced
 PARRDR> Error: Repeated DIHE parameter ( 22813): OG30  CG32  CG32  OG30 is replaced
 PARRDR> Error: Repeated DIHE parameter ( 22814): OG30  CG32  CG32  OG30 is replaced
 PARRDR> Error: Repeated DIHE parameter ( 21133): CG2R  CG31  NG31  HGPA is replaced
 PARRDR> Error: Repeated DIHE parameter (  8721): CG33  CG2O  CG31  HGA1 is replaced
 PARRDR> Error: Repeated DIHE parameter (  7873): OG2D  CG2O  CG30  CG32 is replaced
 PARRDR> Error: Repeated DIHE parameter ( 24339): HGA2  CG32  NG31  CG31 is replaced
 PARRDR> Error: Repeated DIHE parameter (  7108): OG2D  CG2O  CG32  NG31 is replaced
 PARRDR> Error: Repeated DIHE parameter (  7109): OG2D  CG2O  CG32  NG31 is replaced
 PARRDR> Error: Repeated DIHE parameter ( 18910): CG32  CG30  OG30  CG32 is replaced
 PARRDR> Error: Repeated DIHE parameter ( 18911): CG32  CG30  OG30  CG32 is replaced
 PARRDR> Error: Repeated DIHE parameter ( 18912): CG32  CG30  OG30  CG32 is replaced
 PARRDR> Error: Repeated DIHE parameter ( 18910): CG32  CG30  OG30  CG32 is replaced
 PARRDR> Error: Repeated DIHE parameter ( 18911): CG32  CG30  OG30  CG32 is replaced
 PARRDR> Error: Repeated DIHE parameter ( 18912): CG32  CG30  OG30  CG32 is replaced
 PARRDR> Error: Repeated DIHE parameter ( 18910): CG32  CG30  OG30  CG32 is replaced
 PARRDR> Error: Repeated DIHE parameter ( 18911): CG32  CG30  OG30  CG32 is replaced
 PARRDR> Error: Repeated DIHE parameter ( 18912): CG32  CG30  OG30  CG32 is replaced
 PARRDR> Error: Repeated DIHE parameter (  7698): CG32  CG2O  NG2S  CG30 is replaced
 PARRDR> Error: Repeated DIHE parameter (  7699): CG32  CG2O  NG2S  CG30 is replaced
 PARRDR> Error: Repeated DIHE parameter (  7698): CG32  CG2O  NG2S  CG30 is replaced
 PARRDR> Error: Repeated DIHE parameter (  7699): CG32  CG2O  NG2S  CG30 is replaced
 PARRDR> Error: Repeated DIHE parameter ( 18854): CG32  CG30  NG31  CG32 is replaced
 PARRDR> Error: Repeated DIHE parameter ( 18855): CG32  CG30  NG31  CG32 is replaced
 PARRDR> Error: Repeated DIHE parameter ( 18856): CG32  CG30  NG31  CG32 is replaced
 PARRDR> Error: Repeated DIHE parameter ( 18854): CG32  CG30  NG31  CG32 is replaced
 PARRDR> Error: Repeated DIHE parameter ( 18855): CG32  CG30  NG31  CG32 is replaced
 PARRDR> Error: Repeated DIHE parameter ( 18856): CG32  CG30  NG31  CG32 is replaced
 PARRDR> Error: Repeated DIHE parameter ( 18854): CG32  CG30  NG31  CG32 is replaced
 PARRDR> Error: Repeated DIHE parameter ( 18855): CG32  CG30  NG31  CG32 is replaced
 PARRDR> Error: Repeated DIHE parameter ( 18856): CG32  CG30  NG31  CG32 is replaced
 PARRDR> Error: Repeated DIHE parameter ( 22593): CG31  CG32  CG32  NG31 is replaced
 PARRDR> Error: Repeated DIHE parameter ( 22593): CG31  CG32  CG32  NG31 is replaced
 PARRDR> Error: Repeated DIHE parameter ( 22574): CG30  CG32  CG32  NG31 is replaced
 PARRDR> Error: Repeated DIHE parameter ( 22574): CG30  CG32  CG32  NG31 is replaced
 PARRDR> Error: Repeated DIHE parameter (  3635): CG33  CG2D  CG32  CG30 is replaced
 PARRDR> Error: Repeated DIHE parameter ( 18812): CG32  CG30  NG2S  HGP1 is replaced
 PARRDR> Error: Repeated DIHE parameter ( 18326): CG2O  CG30  CG32  HGA2 is replaced
 PARRDR> Error: Repeated DIHE parameter ( 19875): CG33  CG31  CG32  OG30 is replaced
 PARRDR> Error: Repeated DIHE parameter ( 22793): NG31  CG32  CG32  OG30 is replaced
 PARRDR> Error: Repeated DIHE parameter ( 22793): NG31  CG32  CG32  OG30 is replaced
 PARRDR> Error: Repeated DIHE parameter ( 19648): CG2O  CG31  CG32  CG31 is replaced
 PARRDR> Error: Repeated DIHE parameter ( 18869): CG33  CG30  NG31  HGPA is replaced
 PARRDR> Error: Repeated DIHE parameter ( 18870): CG33  CG30  NG31  HGPA is replaced
 PARRDR> Error: Repeated DIHE parameter ( 22754): NG2R  CG32  CG32  HGA2 is replaced
 PARRDR> Error: Repeated DIHE parameter ( 18636): NG2S  CG30  CG33  HGA3 is replaced
 PARRDR> Error: Repeated DIHE parameter ( 19987): NG31  CG31  CG32  CG30 is replaced
 PARRDR> Error: Repeated DIHE parameter ( 19684): CG2O  CG31  CG32  HGA2 is replaced
 PARRDR> Error: Repeated DIHE parameter ( 18382): CG32  CG30  CG32  CG2D is replaced
 PARRDR> Error: Repeated DIHE parameter ( 18473): NG31  CG30  CG32  CG32 is replaced
 PARRDR> Error: Repeated DIHE parameter ( 19929): NG2R  CG31  CG32  CG31 is replaced
 PARRDR> Error: Repeated DIHE parameter ( 19955): NG2S  CG31  CG32  CG30 is replaced
 PARRDR> Error: Repeated DIHE parameter ( 21265): HGA1  CG31  NG31  CG32 is replaced
 PARRDR> Error: Repeated DIHE parameter ( 22367): CG2D  CG32  CG32  CG30 is replaced
 PARRDR> Error: Repeated DIHE parameter ( 22368): CG2D  CG32  CG32  CG30 is replaced
 PARRDR> Error: Repeated DIHE parameter ( 22369): CG2D  CG32  CG32  CG30 is replaced
 PARRDR> Error: Repeated DIHE parameter ( 22367): CG2D  CG32  CG32  CG30 is replaced
 PARRDR> Error: Repeated DIHE parameter ( 22368): CG2D  CG32  CG32  CG30 is replaced
 PARRDR> Error: Repeated DIHE parameter ( 22369): CG2D  CG32  CG32  CG30 is replaced
 PARRDR> Error: Repeated DIHE parameter ( 22367): CG2D  CG32  CG32  CG30 is replaced
 PARRDR> Error: Repeated DIHE parameter ( 22368): CG2D  CG32  CG32  CG30 is replaced
 PARRDR> Error: Repeated DIHE parameter ( 22369): CG2D  CG32  CG32  CG30 is replaced
 PARRDR> Error: Repeated DIHE parameter (  6892): NG2S  CG2O  CG31  NG31 is replaced
 PARRDR> Error: Repeated DIHE parameter (  6893): NG2S  CG2O  CG31  NG31 is replaced
 PARRDR> Error: Repeated DIHE parameter ( 18324): CG2O  CG30  CG32  CG32 is replaced
 PARRDR> Error: Repeated DIHE parameter (  8752): OG2D  CG2O  CG31  CG32 is replaced
 PARRDR> Error: Repeated DIHE parameter (  8753): OG2D  CG2O  CG31  CG32 is replaced
 PARRDR> Error: Repeated DIHE parameter (  8754): OG2D  CG2O  CG31  CG32 is replaced
 PARRDR> Error: Repeated DIHE parameter (  8755): OG2D  CG2O  CG31  CG32 is replaced
 PARRDR> Error: Repeated DIHE parameter (  8752): OG2D  CG2O  CG31  CG32 is replaced
 PARRDR> Error: Repeated DIHE parameter (  8753): OG2D  CG2O  CG31  CG32 is replaced
 PARRDR> Error: Repeated DIHE parameter (  8754): OG2D  CG2O  CG31  CG32 is replaced
 PARRDR> Error: Repeated DIHE parameter (  8755): OG2D  CG2O  CG31  CG32 is replaced
 PARRDR> Error: Repeated DIHE parameter (  8752): OG2D  CG2O  CG31  CG32 is replaced
 PARRDR> Error: Repeated DIHE parameter (  8753): OG2D  CG2O  CG31  CG32 is replaced
 PARRDR> Error: Repeated DIHE parameter (  8754): OG2D  CG2O  CG31  CG32 is replaced
 PARRDR> Error: Repeated DIHE parameter (  8755): OG2D  CG2O  CG31  CG32 is replaced
 PARRDR> Error: Repeated DIHE parameter (  8752): OG2D  CG2O  CG31  CG32 is replaced
 PARRDR> Error: Repeated DIHE parameter (  8753): OG2D  CG2O  CG31  CG32 is replaced
 PARRDR> Error: Repeated DIHE parameter (  8754): OG2D  CG2O  CG31  CG32 is replaced
 PARRDR> Error: Repeated DIHE parameter (  8755): OG2D  CG2O  CG31  CG32 is replaced
 PARRDR> Error: Repeated DIHE parameter ( 18323): CG2O  CG30  CG32  CG30 is replaced
 PARRDR> Error: Repeated DIHE parameter ( 24235): CG32  CG32  NG31  CG31 is replaced
 PARRDR> Error: Repeated DIHE parameter ( 24236): CG32  CG32  NG31  CG31 is replaced
 PARRDR> Error: Repeated DIHE parameter ( 24237): CG32  CG32  NG31  CG31 is replaced
 PARRDR> Error: Repeated DIHE parameter ( 24235): CG32  CG32  NG31  CG31 is replaced
 PARRDR> Error: Repeated DIHE parameter ( 24236): CG32  CG32  NG31  CG31 is replaced
 PARRDR> Error: Repeated DIHE parameter ( 24237): CG32  CG32  NG31  CG31 is replaced
 PARRDR> Error: Repeated DIHE parameter ( 24235): CG32  CG32  NG31  CG31 is replaced
 PARRDR> Error: Repeated DIHE parameter ( 24236): CG32  CG32  NG31  CG31 is replaced
 PARRDR> Error: Repeated DIHE parameter ( 24237): CG32  CG32  NG31  CG31 is replaced
 PARRDR> Error: Repeated DIHE parameter ( 22590): CG31  CG32  CG32  NG2S is replaced
 PARRDR> Error: Repeated DIHE parameter ( 21463): NG31  CG31  OG31  HGP1 is replaced
 PARRDR> Error: Repeated DIHE parameter ( 21464): NG31  CG31  OG31  HGP1 is replaced
 PARRDR> Error: Repeated DIHE parameter ( 21465): NG31  CG31  OG31  HGP1 is replaced
 PARRDR> Error: Repeated DIHE parameter ( 21466): NG31  CG31  OG31  HGP1 is replaced
 PARRDR> Error: Repeated DIHE parameter ( 21463): NG31  CG31  OG31  HGP1 is replaced
 PARRDR> Error: Repeated DIHE parameter ( 21464): NG31  CG31  OG31  HGP1 is replaced
 PARRDR> Error: Repeated DIHE parameter ( 21465): NG31  CG31  OG31  HGP1 is replaced
 PARRDR> Error: Repeated DIHE parameter ( 21466): NG31  CG31  OG31  HGP1 is replaced
 PARRDR> Error: Repeated DIHE parameter ( 19671): CG2O  CG31  CG32  CG30 is replaced
 PARRDR> Error: Repeated DIHE parameter ( 24150): CG2O  CG32  NG31  HGPA is replaced
 PARRDR> Error: Repeated DIHE parameter ( 24151): CG2O  CG32  NG31  HGPA is replaced
 PARRDR> Error: Repeated DIHE parameter ( 24152): CG2O  CG32  NG31  HGPA is replaced
 PARRDR> Error: Repeated DIHE parameter ( 18466): NG2S  CG30  CG32  CG32 is replaced
 PARRDR> Error: Repeated DIHE parameter ( 19673): CG2O  CG31  CG32  CG32 is replaced
 PARRDR> Error: Repeated DIHE parameter ( 19669): CG2O  CG31  CG32  CG2D is replaced
 PARRDR> Error: Repeated DIHE parameter (  7110): OG2D  CG2O  CG32  OG30 is replaced
 PARRDR> Error: Repeated DIHE parameter ( 19993): NG31  CG31  CG32  OG31 is replaced
 PARRDR> Error: Repeated DIHE parameter ( 19994): NG31  CG31  CG32  OG31 is replaced
 PARRDR> Error: Repeated DIHE parameter ( 19988): NG31  CG31  CG32  CG32 is replaced
 PARRDR> Error: Repeated DIHE parameter (  6949): OG2D  CG2O  CG31  NG31 is replaced
 PARRDR> Error: Repeated DIHE parameter (  6950): OG2D  CG2O  CG31  NG31 is replaced
 PARRDR> Error: Repeated DIHE parameter ( 19711): CG2R  CG31  CG32  CG32 is replaced
 PARRDR> Error: Repeated DIHE parameter ( 21359): CG33  CG31  OG30  CG32 is replaced
 PARRDR> Error: Repeated DIHE parameter ( 21360): CG33  CG31  OG30  CG32 is replaced
 PARRDR> Error: Repeated DIHE parameter ( 21359): CG33  CG31  OG30  CG32 is replaced
 PARRDR> Error: Repeated DIHE parameter ( 21360): CG33  CG31  OG30  CG32 is replaced
 PARRDR> Error: Repeated DIHE parameter ( 21189): CG32  CG31  NG31  HGPA is replaced
 PARRDR> Error: Repeated DIHE parameter ( 21215): CG33  CG31  NG31  HGPA is replaced
 PARRDR> Error: Repeated DIHE parameter ( 29520): HGA2  CG3C  NG2R  CG31 is replaced
 PARRDR> Error: Repeated DIHE parameter (  7816): OG2D  CG2O  CG2R  CG2R is replaced
 PARRDR> Error: Repeated DIHE parameter ( 21122): CG2O  CG31  NG31  HGPA is replaced
 PARRDR> Error: Repeated DIHE parameter ( 21123): CG2O  CG31  NG31  HGPA is replaced
 PARRDR> Error: Repeated DIHE parameter ( 21124): CG2O  CG31  NG31  HGPA is replaced
 PARRDR> Error: Repeated DIHE parameter (  3661): HGA4  CG2D  CG32  CG30 is replaced
 PARRDR> Error: Repeated DIHE parameter ( 18638): NG31  CG30  CG33  HGA3 is replaced
 PARRDR> Error: Repeated DIHE parameter ( 20746): HGA1  CG31  NG2R  CG3C is replaced
 PARRDR> Error: Repeated DIHE parameter (  8111): CG2R  CG2O  OG31  HGP1 is replaced
 PARRDR> Error: Repeated DIHE parameter (  8112): CG2R  CG2O  OG31  HGP1 is replaced
 PARRDR> Error: Repeated DIHE parameter (  8113): CG2R  CG2O  OG31  HGP1 is replaced
 PARRDR> Error: Repeated DIHE parameter (  8114): CG2R  CG2O  OG31  HGP1 is replaced
 PARRDR> Error: Repeated DIHE parameter (  8111): CG2R  CG2O  OG31  HGP1 is replaced
 PARRDR> Error: Repeated DIHE parameter (  8112): CG2R  CG2O  OG31  HGP1 is replaced
 PARRDR> Error: Repeated DIHE parameter (  8113): CG2R  CG2O  OG31  HGP1 is replaced
 PARRDR> Error: Repeated DIHE parameter (  8114): CG2R  CG2O  OG31  HGP1 is replaced
 PARRDR> Error: Repeated DIHE parameter (  8111): CG2R  CG2O  OG31  HGP1 is replaced
 PARRDR> Error: Repeated DIHE parameter (  8112): CG2R  CG2O  OG31  HGP1 is replaced
 PARRDR> Error: Repeated DIHE parameter (  8113): CG2R  CG2O  OG31  HGP1 is replaced
 PARRDR> Error: Repeated DIHE parameter (  8114): CG2R  CG2O  OG31  HGP1 is replaced
 PARRDR> Error: Repeated DIHE parameter (  8111): CG2R  CG2O  OG31  HGP1 is replaced
 PARRDR> Error: Repeated DIHE parameter (  8112): CG2R  CG2O  OG31  HGP1 is replaced
 PARRDR> Error: Repeated DIHE parameter (  8113): CG2R  CG2O  OG31  HGP1 is replaced
 PARRDR> Error: Repeated DIHE parameter (  8114): CG2R  CG2O  OG31  HGP1 is replaced
 PARRDR> Error: Repeated DIHE parameter ( 20374): NG31  CG31  CG33  HGA3 is replaced
 PARRDR> Error: Repeated DIHE parameter (  3636): CG33  CG2D  CG32  CG31 is replaced
 PARRDR> Error: Repeated DIHE parameter ( 23626): CG32  CG32  NG2R  CG2R is replaced
 PARRDR> Error: Repeated DIHE parameter ( 18813): CG33  CG30  NG2S  CG2O is replaced
 PARRDR> Error: Repeated DIHE parameter ( 14405): CG2R  CG2R  CG31  NG31 is replaced
 PARRDR> Error: Repeated DIHE parameter (  7055): NG2S  CG2O  CG32  OG30 is replaced
 PARRDR> Error: Repeated DIHE parameter (  7056): NG2S  CG2O  CG32  OG30 is replaced
 PARRDR> Error: Repeated DIHE parameter (  7057): NG2S  CG2O  CG32  OG30 is replaced
 PARRDR> Error: Repeated DIHE parameter ( 24487): HGA2  CG32  OG30  CG31 is replaced
 PARRDR> Error: Repeated DIHE parameter (  7874): OG2D  CG2O  CG30  CG33 is replaced
 PARRDR> Error: Repeated DIHE parameter ( 20351): CG2O  CG31  CG33  HGA3 is replaced
 PARRDR> Error: Repeated DIHE parameter ( 18406): CG33  CG30  CG32  CG2D is replaced
 PARRDR> Error: Repeated DIHE parameter ( 22365): CG2D  CG32  CG32  CG2O is replaced
 PARRDR> Error: Repeated DIHE parameter ( 18610): CG2O  CG30  CG33  HGA3 is replaced
 PARRDR> Error: Repeated DIHE parameter ( 22767): NG2S  CG32  CG32  OG30 is replaced
 PARRDR> Error: Repeated DIHE parameter ( 20742): CG32  CG31  NG2R  CG3C is replaced
 PARRDR> Error: Repeated DIHE parameter ( 20743): CG32  CG31  NG2R  CG3C is replaced
 PARRDR> Error: Repeated DIHE parameter ( 20744): CG32  CG31  NG2R  CG3C is replaced
 PARRDR> Error: Repeated DIHE parameter ( 19710): CG2R  CG31  CG32  CG30 is replaced
 PARRDR> Error: Repeated DIHE parameter ( 29493): CG3C  CG3C  NG2R  CG31 is replaced
 PARRDR> Error: Repeated DIHE parameter ( 29494): CG3C  CG3C  NG2R  CG31 is replaced
 PARRDR> Error: Repeated DIHE parameter ( 24494): CG2D  CG32  OG30  CG2O is replaced
 PARRDR> Error: Repeated DIHE parameter ( 24495): CG2D  CG32  OG30  CG2O is replaced
 PARRDR> Error: Repeated DIHE parameter (  9557): CG2O  CG2R  CG2R  CG2R is replaced
 PARRDR> Error: Repeated DIHE parameter (  7818): OG31  CG2O  CG2R  CG2R is replaced
 PARRDR> Error: Repeated DIHE parameter ( 18415): CG33  CG30  CG32  CG31 is replaced
 PARRDR> Error: Repeated DIHE parameter ( 18469): NG2S  CG30  CG32  HGA2 is replaced
 PARRDR> Error: Repeated DIHE parameter ( 19672): CG2O  CG31  CG32  CG31 is replaced
 PARRDR> Error: Repeated DIHE parameter (  6913): NG2S  CG2O  CG31  NG31 is replaced
 PARRDR> Error: Repeated DIHE parameter (  6914): NG2S  CG2O  CG31  NG31 is replaced
 PARRDR> Error: Repeated DIHE parameter ( 18810): CG32  CG30  NG2S  CG2O is replaced
 PARRDR> Error: Repeated DIHE parameter ( 20031): OG30  CG31  CG32  CG31 is replaced
 PARRDR> Error: Repeated DIHE parameter ( 20032): OG30  CG31  CG32  CG31 is replaced
 PARRDR> Error: Repeated DIHE parameter (  8689): CG32  CG2O  CG31  CG33 is replaced
 PARRDR> Error: Repeated DIHE parameter (  8690): CG32  CG2O  CG31  CG33 is replaced
 PARRDR> Error: Repeated DIHE parameter (  8691): CG32  CG2O  CG31  CG33 is replaced
 PARRDR> Error: Repeated DIHE parameter (  8692): CG32  CG2O  CG31  CG33 is replaced
 PARRDR> Error: Repeated DIHE parameter (  8689): CG32  CG2O  CG31  CG33 is replaced
 PARRDR> Error: Repeated DIHE parameter (  8690): CG32  CG2O  CG31  CG33 is replaced
 PARRDR> Error: Repeated DIHE parameter (  8691): CG32  CG2O  CG31  CG33 is replaced
 PARRDR> Error: Repeated DIHE parameter (  8692): CG32  CG2O  CG31  CG33 is replaced
 PARRDR> Error: Repeated DIHE parameter (  8689): CG32  CG2O  CG31  CG33 is replaced
 PARRDR> Error: Repeated DIHE parameter (  8690): CG32  CG2O  CG31  CG33 is replaced
 PARRDR> Error: Repeated DIHE parameter (  8691): CG32  CG2O  CG31  CG33 is replaced
 PARRDR> Error: Repeated DIHE parameter (  8692): CG32  CG2O  CG31  CG33 is replaced
 PARRDR> Error: Repeated DIHE parameter (  8689): CG32  CG2O  CG31  CG33 is replaced
 PARRDR> Error: Repeated DIHE parameter (  8690): CG32  CG2O  CG31  CG33 is replaced
 PARRDR> Error: Repeated DIHE parameter (  8691): CG32  CG2O  CG31  CG33 is replaced
 PARRDR> Error: Repeated DIHE parameter (  8692): CG32  CG2O  CG31  CG33 is replaced
 PARRDR> Error: Repeated DIHE parameter (  8918): CG31  CG2O  CG32  HGA2 is replaced
 PARRDR> Error: Repeated DIHE parameter (  8712): CG32  CG2O  CG31  HGA1 is replaced
 PARRDR> Error: Repeated DIHE parameter (  3545): CG2D  CG2D  CG32  CG2O is replaced
 PARRDR> Error: Repeated DIHE parameter (  3546): CG2D  CG2D  CG32  CG2O is replaced
 PARRDR> Error: Repeated DIHE parameter (  3547): CG2D  CG2D  CG32  CG2O is replaced
 PARRDR> Error: Repeated DIHE parameter (  3548): CG2D  CG2D  CG32  CG2O is replaced
 PARRDR> Error: Repeated DIHE parameter (  3549): CG2D  CG2D  CG32  CG2O is replaced
 PARRDR> Error: Repeated DIHE parameter (  3545): CG2D  CG2D  CG32  CG2O is replaced
 PARRDR> Error: Repeated DIHE parameter (  3546): CG2D  CG2D  CG32  CG2O is replaced
 PARRDR> Error: Repeated DIHE parameter (  3547): CG2D  CG2D  CG32  CG2O is replaced
 PARRDR> Error: Repeated DIHE parameter (  3548): CG2D  CG2D  CG32  CG2O is replaced
 PARRDR> Error: Repeated DIHE parameter (  3549): CG2D  CG2D  CG32  CG2O is replaced
 PARRDR> Error: Repeated DIHE parameter (  3545): CG2D  CG2D  CG32  CG2O is replaced
 PARRDR> Error: Repeated DIHE parameter (  3546): CG2D  CG2D  CG32  CG2O is replaced
 PARRDR> Error: Repeated DIHE parameter (  3547): CG2D  CG2D  CG32  CG2O is replaced
 PARRDR> Error: Repeated DIHE parameter (  3548): CG2D  CG2D  CG32  CG2O is replaced
 PARRDR> Error: Repeated DIHE parameter (  3549): CG2D  CG2D  CG32  CG2O is replaced
 PARRDR> Error: Repeated DIHE parameter (  3545): CG2D  CG2D  CG32  CG2O is replaced
 PARRDR> Error: Repeated DIHE parameter (  3546): CG2D  CG2D  CG32  CG2O is replaced
 PARRDR> Error: Repeated DIHE parameter (  3547): CG2D  CG2D  CG32  CG2O is replaced
 PARRDR> Error: Repeated DIHE parameter (  3548): CG2D  CG2D  CG32  CG2O is replaced
 PARRDR> Error: Repeated DIHE parameter (  3549): CG2D  CG2D  CG32  CG2O is replaced
 PARRDR> Error: Repeated DIHE parameter (  9003): OG2D  CG2O  CG32  CG2D is replaced
 PARRDR> Error: Repeated DIHE parameter (  9004): OG2D  CG2O  CG32  CG2D is replaced
 PARRDR> Error: Repeated DIHE parameter (  7767): OG2D  CG2O  NG2S  CG2O is replaced
 PARRDR> Error: Repeated DIHE parameter (  7688): CG32  CG2O  NG2S  CG2O is replaced
 PARRDR> Error: Repeated DIHE parameter (  7688): CG32  CG2O  NG2S  CG2O is replaced
 PARRDR> Error: Repeated DIHE parameter (  8930): CG32  CG2O  CG32  CG2O is replaced
 PARRDR> Error: Repeated DIHE parameter (  8931): CG32  CG2O  CG32  CG2O is replaced
 PARRDR> Error: Repeated DIHE parameter (  8932): CG32  CG2O  CG32  CG2O is replaced
 PARRDR> Error: Repeated DIHE parameter (  8933): CG32  CG2O  CG32  CG2O is replaced
 PARRDR> Error: Repeated DIHE parameter (  8934): CG32  CG2O  CG32  CG2O is replaced
 PARRDR> Error: Repeated DIHE parameter (  8930): CG32  CG2O  CG32  CG2O is replaced
 PARRDR> Error: Repeated DIHE parameter (  8931): CG32  CG2O  CG32  CG2O is replaced
 PARRDR> Error: Repeated DIHE parameter (  8932): CG32  CG2O  CG32  CG2O is replaced
 PARRDR> Error: Repeated DIHE parameter (  8933): CG32  CG2O  CG32  CG2O is replaced
 PARRDR> Error: Repeated DIHE parameter (  8934): CG32  CG2O  CG32  CG2O is replaced
 PARRDR> Error: Repeated DIHE parameter (  8930): CG32  CG2O  CG32  CG2O is replaced
 PARRDR> Error: Repeated DIHE parameter (  8931): CG32  CG2O  CG32  CG2O is replaced
 PARRDR> Error: Repeated DIHE parameter (  8932): CG32  CG2O  CG32  CG2O is replaced
 PARRDR> Error: Repeated DIHE parameter (  8933): CG32  CG2O  CG32  CG2O is replaced
 PARRDR> Error: Repeated DIHE parameter (  8934): CG32  CG2O  CG32  CG2O is replaced
 PARRDR> Error: Repeated DIHE parameter (  8930): CG32  CG2O  CG32  CG2O is replaced
 PARRDR> Error: Repeated DIHE parameter (  8931): CG32  CG2O  CG32  CG2O is replaced
 PARRDR> Error: Repeated DIHE parameter (  8932): CG32  CG2O  CG32  CG2O is replaced
 PARRDR> Error: Repeated DIHE parameter (  8933): CG32  CG2O  CG32  CG2O is replaced
 PARRDR> Error: Repeated DIHE parameter (  8934): CG32  CG2O  CG32  CG2O is replaced
 PARRDR> Error: Repeated DIHE parameter (  7089): OG2D  CG2O  CG32  CG2O is replaced
 PARRDR> Error: Repeated DIHE parameter (  7090): OG2D  CG2O  CG32  CG2O is replaced
 PARRDR> Error: Repeated DIHE parameter (  9005): OG2D  CG2O  CG32  CG2O is replaced
 PARRDR> Error: Repeated DIHE parameter (  9006): OG2D  CG2O  CG32  CG2O is replaced
 PARRDR> Error: Repeated DIHE parameter (  9007): OG2D  CG2O  CG32  CG2O is replaced
 PARRDR> Error: Repeated DIHE parameter (  8659): CG32  CG2O  CG31  CG2O is replaced
 PARRDR> Error: Repeated DIHE parameter (  8660): CG32  CG2O  CG31  CG2O is replaced
 PARRDR> Error: Repeated DIHE parameter (  8661): CG32  CG2O  CG31  CG2O is replaced
 PARRDR> Error: Repeated DIHE parameter (  8659): CG32  CG2O  CG31  CG2O is replaced
 PARRDR> Error: Repeated DIHE parameter (  8660): CG32  CG2O  CG31  CG2O is replaced
 PARRDR> Error: Repeated DIHE parameter (  8661): CG32  CG2O  CG31  CG2O is replaced
 PARRDR> Error: Repeated DIHE parameter (  8659): CG32  CG2O  CG31  CG2O is replaced
 PARRDR> Error: Repeated DIHE parameter (  8660): CG32  CG2O  CG31  CG2O is replaced
 PARRDR> Error: Repeated DIHE parameter (  8661): CG32  CG2O  CG31  CG2O is replaced
 PARRDR> Error: Repeated DIHE parameter (  8659): CG32  CG2O  CG31  CG2O is replaced
 PARRDR> Error: Repeated DIHE parameter (  8660): CG32  CG2O  CG31  CG2O is replaced
 PARRDR> Error: Repeated DIHE parameter (  8661): CG32  CG2O  CG31  CG2O is replaced
 PARRDR> Error: Repeated DIHE parameter (  8662): CG32  CG2O  CG31  CG2O is replaced
 PARRDR> Error: Repeated DIHE parameter (  8663): CG32  CG2O  CG31  CG2O is replaced
 PARRDR> Error: Repeated DIHE parameter (  8664): CG32  CG2O  CG31  CG2O is replaced
 PARRDR> Error: Repeated DIHE parameter (  8662): CG32  CG2O  CG31  CG2O is replaced
 PARRDR> Error: Repeated DIHE parameter (  8663): CG32  CG2O  CG31  CG2O is replaced
 PARRDR> Error: Repeated DIHE parameter (  8664): CG32  CG2O  CG31  CG2O is replaced
 PARRDR> Error: Repeated DIHE parameter (  8662): CG32  CG2O  CG31  CG2O is replaced
 PARRDR> Error: Repeated DIHE parameter (  8663): CG32  CG2O  CG31  CG2O is replaced
 PARRDR> Error: Repeated DIHE parameter (  8664): CG32  CG2O  CG31  CG2O is replaced
 PARRDR> Error: Repeated DIHE parameter (  8662): CG32  CG2O  CG31  CG2O is replaced
 PARRDR> Error: Repeated DIHE parameter (  8663): CG32  CG2O  CG31  CG2O is replaced
 PARRDR> Error: Repeated DIHE parameter (  8664): CG32  CG2O  CG31  CG2O is replaced
 PARRDR> Error: Repeated DIHE parameter (  8556): CG32  CG2O  CG30  CG32 is replaced
 PARRDR> Error: Repeated DIHE parameter (  8557): CG32  CG2O  CG30  CG32 is replaced
 PARRDR> Error: Repeated DIHE parameter (  8558): CG32  CG2O  CG30  CG32 is replaced
 PARRDR> Error: Repeated DIHE parameter (  8559): CG32  CG2O  CG30  CG32 is replaced
 PARRDR> Error: Repeated DIHE parameter (  8556): CG32  CG2O  CG30  CG32 is replaced
 PARRDR> Error: Repeated DIHE parameter (  8557): CG32  CG2O  CG30  CG32 is replaced
 PARRDR> Error: Repeated DIHE parameter (  8558): CG32  CG2O  CG30  CG32 is replaced
 PARRDR> Error: Repeated DIHE parameter (  8559): CG32  CG2O  CG30  CG32 is replaced
 PARRDR> Error: Repeated DIHE parameter (  8556): CG32  CG2O  CG30  CG32 is replaced
 PARRDR> Error: Repeated DIHE parameter (  8557): CG32  CG2O  CG30  CG32 is replaced
 PARRDR> Error: Repeated DIHE parameter (  8558): CG32  CG2O  CG30  CG32 is replaced
 PARRDR> Error: Repeated DIHE parameter (  8559): CG32  CG2O  CG30  CG32 is replaced
 PARRDR> Error: Repeated DIHE parameter (  8556): CG32  CG2O  CG30  CG32 is replaced
 PARRDR> Error: Repeated DIHE parameter (  8557): CG32  CG2O  CG30  CG32 is replaced
 PARRDR> Error: Repeated DIHE parameter (  8558): CG32  CG2O  CG30  CG32 is replaced
 PARRDR> Error: Repeated DIHE parameter (  8559): CG32  CG2O  CG30  CG32 is replaced
 PARRDR> Error: Repeated DIHE parameter ( 19802): CG32  CG31  CG32  CG2O is replaced
 PARRDR> Error: Repeated DIHE parameter ( 19802): CG32  CG31  CG32  CG2O is replaced
 PARRDR> Error: Repeated DIHE parameter ( 19802): CG32  CG31  CG32  CG2O is replaced
 PARRDR> Error: Repeated DIHE parameter ( 19802): CG32  CG31  CG32  CG2O is replaced
 PARRDR> Error: Repeated DIHE parameter ( 19802): CG32  CG31  CG32  CG2O is replaced
 PARRDR> Error: Repeated DIHE parameter ( 19676): CG2O  CG31  CG32  NG2S is replaced
 PARRDR> Error: Repeated DIHE parameter (  8560): CG32  CG2O  CG30  CG33 is replaced
 PARRDR> Error: Repeated DIHE parameter (  8561): CG32  CG2O  CG30  CG33 is replaced
 PARRDR> Error: Repeated DIHE parameter (  8562): CG32  CG2O  CG30  CG33 is replaced
 PARRDR> Error: Repeated DIHE parameter (  8563): CG32  CG2O  CG30  CG33 is replaced
 PARRDR> Error: Repeated DIHE parameter (  8564): CG32  CG2O  CG30  CG33 is replaced
 PARRDR> Error: Repeated DIHE parameter (  8560): CG32  CG2O  CG30  CG33 is replaced
 PARRDR> Error: Repeated DIHE parameter (  8561): CG32  CG2O  CG30  CG33 is replaced
 PARRDR> Error: Repeated DIHE parameter (  8562): CG32  CG2O  CG30  CG33 is replaced
 PARRDR> Error: Repeated DIHE parameter (  8563): CG32  CG2O  CG30  CG33 is replaced
 PARRDR> Error: Repeated DIHE parameter (  8564): CG32  CG2O  CG30  CG33 is replaced
 PARRDR> Error: Repeated DIHE parameter (  8560): CG32  CG2O  CG30  CG33 is replaced
 PARRDR> Error: Repeated DIHE parameter (  8561): CG32  CG2O  CG30  CG33 is replaced
 PARRDR> Error: Repeated DIHE parameter (  8562): CG32  CG2O  CG30  CG33 is replaced
 PARRDR> Error: Repeated DIHE parameter (  8563): CG32  CG2O  CG30  CG33 is replaced
 PARRDR> Error: Repeated DIHE parameter (  8564): CG32  CG2O  CG30  CG33 is replaced
 PARRDR> Error: Repeated DIHE parameter (  8560): CG32  CG2O  CG30  CG33 is replaced
 PARRDR> Error: Repeated DIHE parameter (  8561): CG32  CG2O  CG30  CG33 is replaced
 PARRDR> Error: Repeated DIHE parameter (  8562): CG32  CG2O  CG30  CG33 is replaced
 PARRDR> Error: Repeated DIHE parameter (  8563): CG32  CG2O  CG30  CG33 is replaced
 PARRDR> Error: Repeated DIHE parameter (  8564): CG32  CG2O  CG30  CG33 is replaced
 PARRDR> Error: Repeated DIHE parameter ( 19860): CG33  CG31  CG32  CG2O is replaced
 PARRDR> Error: Repeated DIHE parameter ( 19860): CG33  CG31  CG32  CG2O is replaced
 PARRDR> Error: Repeated DIHE parameter ( 19860): CG33  CG31  CG32  CG2O is replaced
 PARRDR> Error: Repeated DIHE parameter ( 19860): CG33  CG31  CG32  CG2O is replaced
 PARRDR> Error: Repeated DIHE parameter ( 19860): CG33  CG31  CG32  CG2O is replaced
 PARRDR> Error: Repeated DIHE parameter ( 18337): CG2O  CG30  CG32  CG32 is replaced
 PARRDR> Error: Repeated DIHE parameter ( 18338): CG2O  CG30  CG32  CG32 is replaced
 PARRDR> Error: Repeated DIHE parameter (  8947): CG32  CG2O  CG32  CG31 is replaced
 PARRDR> Error: Repeated DIHE parameter (  8948): CG32  CG2O  CG32  CG31 is replaced
 PARRDR> Error: Repeated DIHE parameter (  8949): CG32  CG2O  CG32  CG31 is replaced
 PARRDR> Error: Repeated DIHE parameter (  8950): CG32  CG2O  CG32  CG31 is replaced
 PARRDR> Error: Repeated DIHE parameter (  8947): CG32  CG2O  CG32  CG31 is replaced
 PARRDR> Error: Repeated DIHE parameter (  8948): CG32  CG2O  CG32  CG31 is replaced
 PARRDR> Error: Repeated DIHE parameter (  8949): CG32  CG2O  CG32  CG31 is replaced
 PARRDR> Error: Repeated DIHE parameter (  8950): CG32  CG2O  CG32  CG31 is replaced
 PARRDR> Error: Repeated DIHE parameter (  8947): CG32  CG2O  CG32  CG31 is replaced
 PARRDR> Error: Repeated DIHE parameter (  8948): CG32  CG2O  CG32  CG31 is replaced
 PARRDR> Error: Repeated DIHE parameter (  8949): CG32  CG2O  CG32  CG31 is replaced
 PARRDR> Error: Repeated DIHE parameter (  8950): CG32  CG2O  CG32  CG31 is replaced
 PARRDR> Error: Repeated DIHE parameter (  8947): CG32  CG2O  CG32  CG31 is replaced
 PARRDR> Error: Repeated DIHE parameter (  8948): CG32  CG2O  CG32  CG31 is replaced
 PARRDR> Error: Repeated DIHE parameter (  8949): CG32  CG2O  CG32  CG31 is replaced
 PARRDR> Error: Repeated DIHE parameter (  8950): CG32  CG2O  CG32  CG31 is replaced
 PARRDR> Error: Repeated DIHE parameter ( 19705): CG2R  CG31  CG32  CG2O is replaced
 PARRDR> Error: Repeated DIHE parameter (  8590): OG2D  CG2O  CG30  CG33 is replaced
 PARRDR> Error: Repeated DIHE parameter (  8591): OG2D  CG2O  CG30  CG33 is replaced
 PARRDR> Error: Repeated DIHE parameter (  8592): OG2D  CG2O  CG30  CG33 is replaced
 PARRDR> Error: Repeated DIHE parameter (  8593): OG2D  CG2O  CG30  CG33 is replaced
 PARRDR> Error: Repeated DIHE parameter (  8594): OG2D  CG2O  CG30  CG33 is replaced
 PARRDR> Error: Repeated DIHE parameter (  8590): OG2D  CG2O  CG30  CG33 is replaced
 PARRDR> Error: Repeated DIHE parameter (  8591): OG2D  CG2O  CG30  CG33 is replaced
 PARRDR> Error: Repeated DIHE parameter (  8592): OG2D  CG2O  CG30  CG33 is replaced
 PARRDR> Error: Repeated DIHE parameter (  8593): OG2D  CG2O  CG30  CG33 is replaced
 PARRDR> Error: Repeated DIHE parameter (  8594): OG2D  CG2O  CG30  CG33 is replaced
 PARRDR> Error: Repeated DIHE parameter (  8590): OG2D  CG2O  CG30  CG33 is replaced
 PARRDR> Error: Repeated DIHE parameter (  8591): OG2D  CG2O  CG30  CG33 is replaced
 PARRDR> Error: Repeated DIHE parameter (  8592): OG2D  CG2O  CG30  CG33 is replaced
 PARRDR> Error: Repeated DIHE parameter (  8593): OG2D  CG2O  CG30  CG33 is replaced
 PARRDR> Error: Repeated DIHE parameter (  8594): OG2D  CG2O  CG30  CG33 is replaced
 PARRDR> Error: Repeated DIHE parameter (  8590): OG2D  CG2O  CG30  CG33 is replaced
 PARRDR> Error: Repeated DIHE parameter (  8591): OG2D  CG2O  CG30  CG33 is replaced
 PARRDR> Error: Repeated DIHE parameter (  8592): OG2D  CG2O  CG30  CG33 is replaced
 PARRDR> Error: Repeated DIHE parameter (  8593): OG2D  CG2O  CG30  CG33 is replaced
 PARRDR> Error: Repeated DIHE parameter (  8594): OG2D  CG2O  CG30  CG33 is replaced
 PARRDR> Error: Repeated DIHE parameter (  8665): CG32  CG2O  CG31  CG2R is replaced
 PARRDR> Error: Repeated DIHE parameter (  8666): CG32  CG2O  CG31  CG2R is replaced
 PARRDR> Error: Repeated DIHE parameter (  8665): CG32  CG2O  CG31  CG2R is replaced
 PARRDR> Error: Repeated DIHE parameter (  8666): CG32  CG2O  CG31  CG2R is replaced
 PARRDR> Error: Repeated DIHE parameter (  8665): CG32  CG2O  CG31  CG2R is replaced
 PARRDR> Error: Repeated DIHE parameter (  8666): CG32  CG2O  CG31  CG2R is replaced
 PARRDR> Error: Repeated DIHE parameter (  8665): CG32  CG2O  CG31  CG2R is replaced
 PARRDR> Error: Repeated DIHE parameter (  8666): CG32  CG2O  CG31  CG2R is replaced
 PARRDR> Error: Repeated DIHE parameter (  8656): CG32  CG2O  CG31  CG2O is replaced
 PARRDR> Error: Repeated DIHE parameter (  8657): CG32  CG2O  CG31  CG2O is replaced
 PARRDR> Error: Repeated DIHE parameter (  8658): CG32  CG2O  CG31  CG2O is replaced
 PARRDR> Error: Repeated DIHE parameter (  8656): CG32  CG2O  CG31  CG2O is replaced
 PARRDR> Error: Repeated DIHE parameter (  8657): CG32  CG2O  CG31  CG2O is replaced
 PARRDR> Error: Repeated DIHE parameter (  8658): CG32  CG2O  CG31  CG2O is replaced
 PARRDR> Error: Repeated DIHE parameter (  8656): CG32  CG2O  CG31  CG2O is replaced
 PARRDR> Error: Repeated DIHE parameter (  8657): CG32  CG2O  CG31  CG2O is replaced
 PARRDR> Error: Repeated DIHE parameter (  8658): CG32  CG2O  CG31  CG2O is replaced
 PARRDR> Error: Repeated DIHE parameter (  8656): CG32  CG2O  CG31  CG2O is replaced
 PARRDR> Error: Repeated DIHE parameter (  8657): CG32  CG2O  CG31  CG2O is replaced
 PARRDR> Error: Repeated DIHE parameter (  8658): CG32  CG2O  CG31  CG2O is replaced
 PARRDR> Error: Repeated DIHE parameter (  8693): CG32  CG2O  CG31  NG2R is replaced
 PARRDR> Error: Repeated DIHE parameter (  8694): CG32  CG2O  CG31  NG2R is replaced
 PARRDR> Error: Repeated DIHE parameter ( 18343): CG2O  CG30  CG32  HGA2 is replaced
 PARRDR> Error: Repeated DIHE parameter (  8730): OG2D  CG2O  CG31  CG2O is replaced
 PARRDR> Error: Repeated DIHE parameter (  8731): OG2D  CG2O  CG31  CG2O is replaced
 PARRDR> Error: Repeated DIHE parameter (  8586): OG2D  CG2O  CG30  CG32 is replaced
 PARRDR> Error: Repeated DIHE parameter (  8587): OG2D  CG2O  CG30  CG32 is replaced
 PARRDR> Error: Repeated DIHE parameter (  8588): OG2D  CG2O  CG30  CG32 is replaced
 PARRDR> Error: Repeated DIHE parameter (  8589): OG2D  CG2O  CG30  CG32 is replaced
 PARRDR> Error: Repeated DIHE parameter (  8586): OG2D  CG2O  CG30  CG32 is replaced
 PARRDR> Error: Repeated DIHE parameter (  8587): OG2D  CG2O  CG30  CG32 is replaced
 PARRDR> Error: Repeated DIHE parameter (  8588): OG2D  CG2O  CG30  CG32 is replaced
 PARRDR> Error: Repeated DIHE parameter (  8589): OG2D  CG2O  CG30  CG32 is replaced
 PARRDR> Error: Repeated DIHE parameter (  8586): OG2D  CG2O  CG30  CG32 is replaced
 PARRDR> Error: Repeated DIHE parameter (  8587): OG2D  CG2O  CG30  CG32 is replaced
 PARRDR> Error: Repeated DIHE parameter (  8588): OG2D  CG2O  CG30  CG32 is replaced
 PARRDR> Error: Repeated DIHE parameter (  8589): OG2D  CG2O  CG30  CG32 is replaced
 PARRDR> Error: Repeated DIHE parameter (  8586): OG2D  CG2O  CG30  CG32 is replaced
 PARRDR> Error: Repeated DIHE parameter (  8587): OG2D  CG2O  CG30  CG32 is replaced
 PARRDR> Error: Repeated DIHE parameter (  8588): OG2D  CG2O  CG30  CG32 is replaced
 PARRDR> Error: Repeated DIHE parameter (  8589): OG2D  CG2O  CG30  CG32 is replaced
 PARRDR> Error: Repeated DIHE parameter (  8883): CG30  CG2O  CG32  HGA2 is replaced
 PARRDR> Error: Repeated DIHE parameter (  8724): OG2D  CG2O  CG31  CG2O is replaced
 PARRDR> Error: Repeated DIHE parameter (  8725): OG2D  CG2O  CG31  CG2O is replaced
 PARRDR> Error: Repeated DIHE parameter ( 20067): OG31  CG31  CG32  NG2S is replaced
 PARRDR> Error: Repeated DIHE parameter (  8700): CG32  CG2O  CG31  OG31 is replaced
 PARRDR> Error: Repeated DIHE parameter (  8701): CG32  CG2O  CG31  OG31 is replaced
 PARRDR> Error: Repeated DIHE parameter (  8702): CG32  CG2O  CG31  OG31 is replaced
 PARRDR> Error: Repeated DIHE parameter (  8703): CG32  CG2O  CG31  OG31 is replaced
 PARRDR> Error: Repeated DIHE parameter (  8700): CG32  CG2O  CG31  OG31 is replaced
 PARRDR> Error: Repeated DIHE parameter (  8701): CG32  CG2O  CG31  OG31 is replaced
 PARRDR> Error: Repeated DIHE parameter (  8702): CG32  CG2O  CG31  OG31 is replaced
 PARRDR> Error: Repeated DIHE parameter (  8703): CG32  CG2O  CG31  OG31 is replaced
 PARRDR> Error: Repeated DIHE parameter (  8700): CG32  CG2O  CG31  OG31 is replaced
 PARRDR> Error: Repeated DIHE parameter (  8701): CG32  CG2O  CG31  OG31 is replaced
 PARRDR> Error: Repeated DIHE parameter (  8702): CG32  CG2O  CG31  OG31 is replaced
 PARRDR> Error: Repeated DIHE parameter (  8703): CG32  CG2O  CG31  OG31 is replaced
 PARRDR> Error: Repeated DIHE parameter (  8700): CG32  CG2O  CG31  OG31 is replaced
 PARRDR> Error: Repeated DIHE parameter (  8701): CG32  CG2O  CG31  OG31 is replaced
 PARRDR> Error: Repeated DIHE parameter (  8702): CG32  CG2O  CG31  OG31 is replaced
 PARRDR> Error: Repeated DIHE parameter (  8703): CG32  CG2O  CG31  OG31 is replaced
 PARRDR> Error: Repeated DIHE parameter (  9017): OG2D  CG2O  CG32  CG31 is replaced
 PARRDR> Error: Repeated DIHE parameter (  9018): OG2D  CG2O  CG32  CG31 is replaced
 PARRDR> Error: Repeated DIHE parameter (  9019): OG2D  CG2O  CG32  CG31 is replaced
 PARRDR> Error: Repeated DIHE parameter (  9020): OG2D  CG2O  CG32  CG31 is replaced
 PARRDR> Error: Repeated DIHE parameter (  9017): OG2D  CG2O  CG32  CG31 is replaced
 PARRDR> Error: Repeated DIHE parameter (  9018): OG2D  CG2O  CG32  CG31 is replaced
 PARRDR> Error: Repeated DIHE parameter (  9019): OG2D  CG2O  CG32  CG31 is replaced
 PARRDR> Error: Repeated DIHE parameter (  9020): OG2D  CG2O  CG32  CG31 is replaced
 PARRDR> Error: Repeated DIHE parameter (  9017): OG2D  CG2O  CG32  CG31 is replaced
 PARRDR> Error: Repeated DIHE parameter (  9018): OG2D  CG2O  CG32  CG31 is replaced
 PARRDR> Error: Repeated DIHE parameter (  9019): OG2D  CG2O  CG32  CG31 is replaced
 PARRDR> Error: Repeated DIHE parameter (  9020): OG2D  CG2O  CG32  CG31 is replaced
 PARRDR> Error: Repeated DIHE parameter (  9017): OG2D  CG2O  CG32  CG31 is replaced
 PARRDR> Error: Repeated DIHE parameter (  9018): OG2D  CG2O  CG32  CG31 is replaced
 PARRDR> Error: Repeated DIHE parameter (  9019): OG2D  CG2O  CG32  CG31 is replaced
 PARRDR> Error: Repeated DIHE parameter (  9020): OG2D  CG2O  CG32  CG31 is replaced
 PARRDR> Error: Repeated DIHE parameter (  8765): OG2D  CG2O  CG31  NG2R is replaced
 PARRDR> Error: Repeated DIHE parameter (  8766): OG2D  CG2O  CG31  NG2R is replaced
 PARRDR> Error: Repeated DIHE parameter (  8728): OG2D  CG2O  CG31  CG2O is replaced
 PARRDR> Error: Repeated DIHE parameter (  8729): OG2D  CG2O  CG31  CG2O is replaced
 PARRDR> Error: Repeated DIHE parameter (  7887): OG2D  CG2O  CG31  CG2O is replaced
 PARRDR> Error: Repeated DIHE parameter (  7888): OG2D  CG2O  CG31  CG2O is replaced
 PARRDR> Error: Repeated DIHE parameter (  8680): CG32  CG2O  CG31  CG32 is replaced
 PARRDR> Error: Repeated DIHE parameter (  8681): CG32  CG2O  CG31  CG32 is replaced
 PARRDR> Error: Repeated DIHE parameter (  8682): CG32  CG2O  CG31  CG32 is replaced
 PARRDR> Error: Repeated DIHE parameter (  8683): CG32  CG2O  CG31  CG32 is replaced
 PARRDR> Error: Repeated DIHE parameter (  8680): CG32  CG2O  CG31  CG32 is replaced
 PARRDR> Error: Repeated DIHE parameter (  8681): CG32  CG2O  CG31  CG32 is replaced
 PARRDR> Error: Repeated DIHE parameter (  8682): CG32  CG2O  CG31  CG32 is replaced
 PARRDR> Error: Repeated DIHE parameter (  8683): CG32  CG2O  CG31  CG32 is replaced
 PARRDR> Error: Repeated DIHE parameter (  8680): CG32  CG2O  CG31  CG32 is replaced
 PARRDR> Error: Repeated DIHE parameter (  8681): CG32  CG2O  CG31  CG32 is replaced
 PARRDR> Error: Repeated DIHE parameter (  8682): CG32  CG2O  CG31  CG32 is replaced
 PARRDR> Error: Repeated DIHE parameter (  8683): CG32  CG2O  CG31  CG32 is replaced
 PARRDR> Error: Repeated DIHE parameter (  8680): CG32  CG2O  CG31  CG32 is replaced
 PARRDR> Error: Repeated DIHE parameter (  8681): CG32  CG2O  CG31  CG32 is replaced
 PARRDR> Error: Repeated DIHE parameter (  8682): CG32  CG2O  CG31  CG32 is replaced
 PARRDR> Error: Repeated DIHE parameter (  8683): CG32  CG2O  CG31  CG32 is replaced
 PARRDR> Error: Repeated DIHE parameter (  3633): CG33  CG2D  CG32  CG2O is replaced
 PARRDR> Error: Repeated DIHE parameter (  3634): CG33  CG2D  CG32  CG2O is replaced
 PARRDR> Error: Repeated DIHE parameter (  8732): OG2D  CG2O  CG31  CG2R is replaced
 PARRDR> Error: Repeated DIHE parameter (  8733): OG2D  CG2O  CG31  CG2R is replaced
 PARRDR> Error: Repeated DIHE parameter (  8734): OG2D  CG2O  CG31  CG2R is replaced
 PARRDR> Error: Repeated DIHE parameter (  8850): CG2O  CG2O  CG32  HGA2 is replaced
 PARRDR> Error: Repeated DIHE parameter ( 18612): CG2O  CG30  CG33  HGA3 is replaced
 PARRDR> Error: Repeated DIHE parameter ( 19641): CG2O  CG31  CG32  NG2S is replaced
 PARRDR> Error: Repeated DIHE parameter (  8231): OG2D  CG2O  CG31  CG2O is replaced
 PARRDR> Error: Repeated DIHE parameter ( 20196): HGA1  CG31  CG32  CG2O is replaced
 PARRDR> Error: Repeated DIHE parameter (  8726): OG2D  CG2O  CG31  CG2O is replaced
 PARRDR> Error: Repeated DIHE parameter (  8727): OG2D  CG2O  CG31  CG2O is replaced
 PARRDR> Error: Repeated DIHE parameter ( 14384): CG2R  CG2R  CG31  CG2O is replaced
 PARRDR> Error: Repeated DIHE parameter (  7924): OG31  CG2O  CG31  CG2O is replaced
 PARRDR> Error: Repeated DIHE parameter (  7925): OG31  CG2O  CG31  CG2O is replaced
 PARRDR> Error: Repeated DIHE parameter (  7926): OG31  CG2O  CG31  CG2O is replaced
 PARRDR> Error: Repeated DIHE parameter (  8485): CG32  CG2O  CG2O  OG2D is replaced
 PARRDR> Error: Repeated DIHE parameter (  8486): CG32  CG2O  CG2O  OG2D is replaced
 PARRDR> Error: Repeated DIHE parameter ( 18407): CG33  CG30  CG32  CG2O is replaced
 PARRDR> Error: Repeated DIHE parameter ( 20733): CG2O  CG31  NG2R  CG2R is replaced
 PARRDR> Error: Repeated DIHE parameter (  6877): NG2S  CG2O  CG31  CG2O is replaced
 PARRDR> Error: Repeated DIHE parameter (  6878): NG2S  CG2O  CG31  CG2O is replaced
 PARRDR> Error: Repeated DIHE parameter (  6879): NG2S  CG2O  CG31  CG2O is replaced
 PARRDR> Error: Repeated DIHE parameter (  6880): NG2S  CG2O  CG31  CG2O is replaced
 PARRDR> Error: Repeated DIHE parameter (  6930): OG2D  CG2O  CG31  CG2O is replaced
 PARRDR> Error: Repeated DIHE parameter (  6931): OG2D  CG2O  CG31  CG2O is replaced
 PARRDR> Error: Repeated DIHE parameter ( 22512): CG2O  CG32  CG32  NG31 is replaced
 PARRDR> Error: Repeated DIHE parameter ( 22513): CG2O  CG32  CG32  NG31 is replaced
 PARRDR> Error: Repeated DIHE parameter ( 22514): CG2O  CG32  CG32  NG31 is replaced
 PARRDR> Error: Repeated DIHE parameter ( 22515): CG2O  CG32  CG32  NG31 is replaced
 PARRDR> Error: Repeated DIHE parameter ( 22512): CG2O  CG32  CG32  NG31 is replaced
 PARRDR> Error: Repeated DIHE parameter ( 22513): CG2O  CG32  CG32  NG31 is replaced
 PARRDR> Error: Repeated DIHE parameter ( 22514): CG2O  CG32  CG32  NG31 is replaced
 PARRDR> Error: Repeated DIHE parameter ( 22515): CG2O  CG32  CG32  NG31 is replaced
 PARRDR> Error: Repeated DIHE parameter ( 22512): CG2O  CG32  CG32  NG31 is replaced
 PARRDR> Error: Repeated DIHE parameter ( 22513): CG2O  CG32  CG32  NG31 is replaced
 PARRDR> Error: Repeated DIHE parameter ( 22514): CG2O  CG32  CG32  NG31 is replaced
 PARRDR> Error: Repeated DIHE parameter ( 22515): CG2O  CG32  CG32  NG31 is replaced
 PARRDR> Error: Repeated DIHE parameter ( 22512): CG2O  CG32  CG32  NG31 is replaced
 PARRDR> Error: Repeated DIHE parameter ( 22513): CG2O  CG32  CG32  NG31 is replaced
 PARRDR> Error: Repeated DIHE parameter ( 22514): CG2O  CG32  CG32  NG31 is replaced
 PARRDR> Error: Repeated DIHE parameter ( 22515): CG2O  CG32  CG32  NG31 is replaced
 PARRDR> Error: Repeated DIHE parameter ( 22512): CG2O  CG32  CG32  NG31 is replaced
 PARRDR> Error: Repeated DIHE parameter ( 22513): CG2O  CG32  CG32  NG31 is replaced
 PARRDR> Error: Repeated DIHE parameter ( 22514): CG2O  CG32  CG32  NG31 is replaced
 PARRDR> Error: Repeated DIHE parameter ( 22515): CG2O  CG32  CG32  NG31 is replaced
 PARRDR> Error: Repeated DIHE parameter ( 19670): CG2O  CG31  CG32  CG2O is replaced
 PARRDR> Error: Repeated DIHE parameter (  8879): CG30  CG2O  CG32  CG32 is replaced
 PARRDR> Error: Repeated DIHE parameter (  8880): CG30  CG2O  CG32  CG32 is replaced
 PARRDR> Error: Repeated DIHE parameter (  8881): CG30  CG2O  CG32  CG32 is replaced
 PARRDR> Error: Repeated DIHE parameter (  8882): CG30  CG2O  CG32  CG32 is replaced
 PARRDR> Error: Repeated DIHE parameter (  8879): CG30  CG2O  CG32  CG32 is replaced
 PARRDR> Error: Repeated DIHE parameter (  8880): CG30  CG2O  CG32  CG32 is replaced
 PARRDR> Error: Repeated DIHE parameter (  8881): CG30  CG2O  CG32  CG32 is replaced
 PARRDR> Error: Repeated DIHE parameter (  8882): CG30  CG2O  CG32  CG32 is replaced
 PARRDR> Error: Repeated DIHE parameter (  8879): CG30  CG2O  CG32  CG32 is replaced
 PARRDR> Error: Repeated DIHE parameter (  8880): CG30  CG2O  CG32  CG32 is replaced
 PARRDR> Error: Repeated DIHE parameter (  8881): CG30  CG2O  CG32  CG32 is replaced
 PARRDR> Error: Repeated DIHE parameter (  8882): CG30  CG2O  CG32  CG32 is replaced
 PARRDR> Error: Repeated DIHE parameter (  8879): CG30  CG2O  CG32  CG32 is replaced
 PARRDR> Error: Repeated DIHE parameter (  8880): CG30  CG2O  CG32  CG32 is replaced
 PARRDR> Error: Repeated DIHE parameter (  8881): CG30  CG2O  CG32  CG32 is replaced
 PARRDR> Error: Repeated DIHE parameter (  8882): CG30  CG2O  CG32  CG32 is replaced
 PARRDR> Error: Repeated DIHE parameter (  8905): CG31  CG2O  CG32  CG32 is replaced
 PARRDR> Error: Repeated DIHE parameter (  8906): CG31  CG2O  CG32  CG32 is replaced
 PARRDR> Error: Repeated DIHE parameter (  8907): CG31  CG2O  CG32  CG32 is replaced
 PARRDR> Error: Repeated DIHE parameter (  8908): CG31  CG2O  CG32  CG32 is replaced
 PARRDR> Error: Repeated DIHE parameter (  8905): CG31  CG2O  CG32  CG32 is replaced
 PARRDR> Error: Repeated DIHE parameter (  8906): CG31  CG2O  CG32  CG32 is replaced
 PARRDR> Error: Repeated DIHE parameter (  8907): CG31  CG2O  CG32  CG32 is replaced
 PARRDR> Error: Repeated DIHE parameter (  8908): CG31  CG2O  CG32  CG32 is replaced
 PARRDR> Error: Repeated DIHE parameter (  8905): CG31  CG2O  CG32  CG32 is replaced
 PARRDR> Error: Repeated DIHE parameter (  8906): CG31  CG2O  CG32  CG32 is replaced
 PARRDR> Error: Repeated DIHE parameter (  8907): CG31  CG2O  CG32  CG32 is replaced
 PARRDR> Error: Repeated DIHE parameter (  8908): CG31  CG2O  CG32  CG32 is replaced
 PARRDR> Error: Repeated DIHE parameter (  8905): CG31  CG2O  CG32  CG32 is replaced
 PARRDR> Error: Repeated DIHE parameter (  8906): CG31  CG2O  CG32  CG32 is replaced
 PARRDR> Error: Repeated DIHE parameter (  8907): CG31  CG2O  CG32  CG32 is replaced
 PARRDR> Error: Repeated DIHE parameter (  8908): CG31  CG2O  CG32  CG32 is replaced
 PARRDR> Error: Repeated DIHE parameter ( 18334): CG2O  CG30  CG32  CG30 is replaced
 PARRDR> Error: Repeated DIHE parameter ( 18335): CG2O  CG30  CG32  CG30 is replaced
 PARRDR> Error: Repeated DIHE parameter ( 18336): CG2O  CG30  CG32  CG31 is replaced
 PARRDR> Error: Repeated DIHE parameter ( 19982): NG31  CG31  CG32  CG2O is replaced
 PARRDR> Error: Repeated DIHE parameter ( 19983): NG31  CG31  CG32  CG2O is replaced
 PARRDR> Error: Repeated DIHE parameter ( 19984): NG31  CG31  CG32  CG2O is replaced
 PARRDR> Error: Repeated DIHE parameter (  7038): NG2S  CG2O  CG32  CG2O is replaced
 PARRDR> Error: Repeated DIHE parameter (  7039): NG2S  CG2O  CG32  CG2O is replaced
 PARRDR> Error: Repeated DIHE parameter (  7040): NG2S  CG2O  CG32  CG2O is replaced
 PARRDR> Error: Repeated DIHE parameter ( 20038): OG31  CG31  CG32  CG2O is replaced
 PARRDR> Error: Repeated DIHE parameter ( 24204): CG31  CG32  NG31  CG32 is replaced
 PARRDR> Error: Repeated DIHE parameter ( 24205): CG31  CG32  NG31  CG32 is replaced
 PARRDR> Error: Repeated DIHE parameter ( 24206): CG31  CG32  NG31  CG32 is replaced
 PARRDR> Error: Repeated DIHE parameter ( 24204): CG31  CG32  NG31  CG32 is replaced
 PARRDR> Error: Repeated DIHE parameter ( 24205): CG31  CG32  NG31  CG32 is replaced
 PARRDR> Error: Repeated DIHE parameter ( 24206): CG31  CG32  NG31  CG32 is replaced
 PARRDR> Error: Repeated DIHE parameter ( 24204): CG31  CG32  NG31  CG32 is replaced
 PARRDR> Error: Repeated DIHE parameter ( 24205): CG31  CG32  NG31  CG32 is replaced
 PARRDR> Error: Repeated DIHE parameter ( 24206): CG31  CG32  NG31  CG32 is replaced
 PARRDR> Error: Repeated DIHE parameter ( 20217): HGA1  CG31  CG32  NG31 is replaced
 PARRDR> Error: Repeated DIHE parameter ( 24211): CG31  CG32  NG31  HGPA is replaced
 PARRDR> Error: Repeated DIHE parameter ( 22553): CG2R  CG32  CG32  NG31 is replaced
 PARRDR> Error: Repeated DIHE parameter ( 19873): CG33  CG31  CG32  NG31 is replaced
 PARRDR> Error: Repeated DIHE parameter ( 19821): CG32  CG31  CG32  NG31 is replaced
 PARRDR> Error: Repeated DIHE parameter (  3643): CG33  CG2D  CG32  NG31 is replaced
 PARRDR> Error: Repeated DIHE parameter (  3644): CG33  CG2D  CG32  NG31 is replaced
 PARRDR> Error: Repeated DIHE parameter (  3645): CG33  CG2D  CG32  NG31 is replaced
 PARRDR> Error: Repeated DIHE parameter ( 24200): CG30  CG32  NG31  HGPA is replaced
 PARRDR> Error: Repeated DIHE parameter ( 24197): CG30  CG32  NG31  CG32 is replaced
 PARRDR> Error: Repeated DIHE parameter ( 24198): CG30  CG32  NG31  CG32 is replaced
 PARRDR> Error: Repeated DIHE parameter ( 24199): CG30  CG32  NG31  CG32 is replaced
 PARRDR> Error: Repeated DIHE parameter ( 24197): CG30  CG32  NG31  CG32 is replaced
 PARRDR> Error: Repeated DIHE parameter ( 24198): CG30  CG32  NG31  CG32 is replaced
 PARRDR> Error: Repeated DIHE parameter ( 24199): CG30  CG32  NG31  CG32 is replaced
 PARRDR> Error: Repeated DIHE parameter ( 24197): CG30  CG32  NG31  CG32 is replaced
 PARRDR> Error: Repeated DIHE parameter ( 24198): CG30  CG32  NG31  CG32 is replaced
 PARRDR> Error: Repeated DIHE parameter ( 24199): CG30  CG32  NG31  CG32 is replaced
 PARRDR> Error: Repeated DIHE parameter ( 18395): CG32  CG30  CG32  NG31 is replaced
 PARRDR> Error: Repeated DIHE parameter ( 18395): CG32  CG30  CG32  NG31 is replaced
 PARRDR> Error: Repeated DIHE parameter ( 18425): CG33  CG30  CG32  NG31 is replaced
 PARRDR> Error: Repeated DIHE parameter ( 18426): CG33  CG30  CG32  NG31 is replaced
 PARRDR> Error: Repeated DIHE parameter ( 18425): CG33  CG30  CG32  NG31 is replaced
 PARRDR> Error: Repeated DIHE parameter ( 18426): CG33  CG30  CG32  NG31 is replaced
 PARRDR> Error: Repeated DIHE parameter (  8744): OG2D  CG2O  CG31  CG31 is replaced
 PARRDR> Error: Repeated DIHE parameter (  8745): OG2D  CG2O  CG31  CG31 is replaced
 PARRDR> Error: Repeated DIHE parameter (  8746): OG2D  CG2O  CG31  CG31 is replaced
 PARRDR> Error: Repeated DIHE parameter (  8747): OG2D  CG2O  CG31  CG31 is replaced
 PARRDR> Error: Repeated DIHE parameter (  8744): OG2D  CG2O  CG31  CG31 is replaced
 PARRDR> Error: Repeated DIHE parameter (  8745): OG2D  CG2O  CG31  CG31 is replaced
 PARRDR> Error: Repeated DIHE parameter (  8746): OG2D  CG2O  CG31  CG31 is replaced
 PARRDR> Error: Repeated DIHE parameter (  8747): OG2D  CG2O  CG31  CG31 is replaced
 PARRDR> Error: Repeated DIHE parameter (  8744): OG2D  CG2O  CG31  CG31 is replaced
 PARRDR> Error: Repeated DIHE parameter (  8745): OG2D  CG2O  CG31  CG31 is replaced
 PARRDR> Error: Repeated DIHE parameter (  8746): OG2D  CG2O  CG31  CG31 is replaced
 PARRDR> Error: Repeated DIHE parameter (  8747): OG2D  CG2O  CG31  CG31 is replaced
 PARRDR> Error: Repeated DIHE parameter (  8744): OG2D  CG2O  CG31  CG31 is replaced
 PARRDR> Error: Repeated DIHE parameter (  8745): OG2D  CG2O  CG31  CG31 is replaced
 PARRDR> Error: Repeated DIHE parameter (  8746): OG2D  CG2O  CG31  CG31 is replaced
 PARRDR> Error: Repeated DIHE parameter (  8747): OG2D  CG2O  CG31  CG31 is replaced
 PARRDR> Error: Repeated DIHE parameter ( 19749): CG31  CG31  CG32  CG2O is replaced
 PARRDR> Error: Repeated DIHE parameter ( 19749): CG31  CG31  CG32  CG2O is replaced
 PARRDR> Error: Repeated DIHE parameter ( 19749): CG31  CG31  CG32  CG2O is replaced
 PARRDR> Error: Repeated DIHE parameter ( 19749): CG31  CG31  CG32  CG2O is replaced
 PARRDR> Error: Repeated DIHE parameter ( 19749): CG31  CG31  CG32  CG2O is replaced
 PARRDR> Error: Repeated DIHE parameter ( 18980): CG32  CG30  OG31  HGP1 is replaced
 PARRDR> Error: Repeated DIHE parameter ( 18981): CG32  CG30  OG31  HGP1 is replaced
 PARRDR> Error: Repeated DIHE parameter ( 18982): CG32  CG30  OG31  HGP1 is replaced
 PARRDR> Error: Repeated DIHE parameter ( 18980): CG32  CG30  OG31  HGP1 is replaced
 PARRDR> Error: Repeated DIHE parameter ( 18981): CG32  CG30  OG31  HGP1 is replaced
 PARRDR> Error: Repeated DIHE parameter ( 18982): CG32  CG30  OG31  HGP1 is replaced
 PARRDR> Error: Repeated DIHE parameter ( 18980): CG32  CG30  OG31  HGP1 is replaced
 PARRDR> Error: Repeated DIHE parameter ( 18981): CG32  CG30  OG31  HGP1 is replaced
 PARRDR> Error: Repeated DIHE parameter ( 18982): CG32  CG30  OG31  HGP1 is replaced
 PARRDR> Error: Repeated DIHE parameter ( 18511): OG31  CG30  CG32  HGA2 is replaced
 PARRDR> Error: Repeated DIHE parameter ( 18501): OG31  CG30  CG32  CG32 is replaced
 PARRDR> Error: Repeated DIHE parameter ( 19240): CG2R  CG31  CG31  CG32 is replaced
 PARRDR> Error: Repeated DIHE parameter ( 19229): CG2O  CG31  CG31  CG32 is replaced
 PARRDR> Error: Repeated DIHE parameter ( 19230): CG2O  CG31  CG31  CG33 is replaced
 PARRDR> Error: Repeated DIHE parameter ( 19236): CG2O  CG31  CG31  HGA1 is replaced
 PARRDR> Error: Repeated DIHE parameter (  7872): OG2D  CG2O  CG30  CG31 is replaced
 PARRDR> Error: Repeated DIHE parameter ( 19241): CG2R  CG31  CG31  CG33 is replaced
 PARRDR> Error: Repeated DIHE parameter ( 18168): CG2O  CG30  CG31  HGA1 is replaced
 PARRDR> Error: Repeated DIHE parameter ( 14389): CG2R  CG2R  CG31  CG31 is replaced
 PARRDR> Error: Repeated DIHE parameter ( 19247): CG2R  CG31  CG31  HGA1 is replaced
 PARRDR> Error: Repeated DIHE parameter ( 18164): CG2O  CG30  CG31  CG32 is replaced
 PARRDR> Error: Repeated DIHE parameter ( 24582): CG30  CG32  OG31  HGP1 is replaced
 PARRDR> Error: Repeated DIHE parameter ( 24583): CG30  CG32  OG31  HGP1 is replaced
 PARRDR> Error: Repeated DIHE parameter ( 24584): CG30  CG32  OG31  HGP1 is replaced
 PARRDR> Error: Repeated DIHE parameter ( 24582): CG30  CG32  OG31  HGP1 is replaced
 PARRDR> Error: Repeated DIHE parameter ( 24583): CG30  CG32  OG31  HGP1 is replaced
 PARRDR> Error: Repeated DIHE parameter ( 24584): CG30  CG32  OG31  HGP1 is replaced
 PARRDR> Error: Repeated DIHE parameter ( 24582): CG30  CG32  OG31  HGP1 is replaced
 PARRDR> Error: Repeated DIHE parameter ( 24583): CG30  CG32  OG31  HGP1 is replaced
 PARRDR> Error: Repeated DIHE parameter ( 24584): CG30  CG32  OG31  HGP1 is replaced
 PARRDR> Error: Repeated DIHE parameter ( 18396): CG32  CG30  CG32  OG31 is replaced
 PARRDR> Error: Repeated DIHE parameter ( 19716): CG2R  CG31  CG32  OG31 is replaced
 PARRDR> Error: Repeated DIHE parameter ( 25100): CG32  CG32  CG33  HGA3 is replaced
 PARRDR> Error: Repeated DIHE parameter ( 22890): HGA2  CG32  CG32  CG33 is replaced
 PARRDR> Error: Repeated DIHE parameter ( 22889): HGA2  CG32  CG32  CG32 is replaced
 PARRDR> Error: Repeated DIHE parameter ( 21781): FGA2  CG31  CG31  FGA2 is replaced
 PARRDR> Error: Repeated DIHE parameter ( 18329): CG2O  CG30  CG32  CG30 is replaced
 PARRDR> Error: Repeated DIHE parameter ( 18331): CG2O  CG30  CG32  HGA2 is replaced
 PARRDR> Error: Repeated DIHE parameter (  8209): OG2D  CG2O  CG30  CG32 is replaced
 PARRDR> Error: Repeated DIHE parameter ( 18330): CG2O  CG30  CG32  CG31 is replaced
 PARRDR> Error: Repeated DIHE parameter (  8135): CG30  CG2O  OG31  HGP1 is replaced
 PARRDR> Error: Repeated DIHE parameter (  8208): OG2D  CG2O  CG30  CG2O is replaced
 PARRDR> Error: Repeated DIHE parameter (  8585): OG2D  CG2O  CG30  CG2O is replaced
 PARRDR> Error: Repeated DIHE parameter (  7876): OG31  CG2O  CG30  CG31 is replaced
 PARRDR> Error: Repeated DIHE parameter (  7877): OG31  CG2O  CG30  CG32 is replaced
 PARRDR> Error: Repeated DIHE parameter (  7878): OG31  CG2O  CG30  CG33 is replaced
 PARRDR> Error: Repeated DIHE parameter ( 22570): CG30  CG32  CG32  CG32 is replaced
 PARRDR> Error: Repeated DIHE parameter ( 22692): CG32  CG32  CG32  OG30 is replaced
 PARRDR> Error: Repeated DIHE parameter ( 22693): CG32  CG32  CG32  OG30 is replaced
 PARRDR> Error: Repeated DIHE parameter ( 22694): CG32  CG32  CG32  OG30 is replaced
 PARRDR> Error: Repeated DIHE parameter ( 22692): CG32  CG32  CG32  OG30 is replaced
 PARRDR> Error: Repeated DIHE parameter ( 22693): CG32  CG32  CG32  OG30 is replaced
 PARRDR> Error: Repeated DIHE parameter ( 22694): CG32  CG32  CG32  OG30 is replaced
 PARRDR> Error: Repeated DIHE parameter ( 20322): NG31  CG31  CG32  HGA2 is replaced
 PARRDR> Error: Repeated DIHE parameter ( 21193): CG32  CG31  NG31  HGPA is replaced
 PARRDR> Error: Repeated DIHE parameter ( 19313): CG32  CG31  CG31  CG32 is replaced
 PARRDR> Error: Repeated DIHE parameter ( 19350): CG32  CG31  CG31  CG33 is replaced
 PARRDR> Error: Repeated DIHE parameter ( 19363): CG32  CG31  CG31  HGA1 is replaced
 PARRDR> Error: Repeated DIHE parameter ( 20277): CG31  CG31  CG32  HGA2 is replaced
 PARRDR> Error: Repeated DIHE parameter ( 22690): CG32  CG32  CG32  NG31 is replaced
 PARRDR> Error: Repeated DIHE parameter ( 22691): CG32  CG32  CG32  NG31 is replaced
 PARRDR> Error: Repeated DIHE parameter ( 22502): CG2O  CG32  CG32  CG32 is replaced
 PARRDR> Error: Repeated DIHE parameter (  8684): CG32  CG2O  CG31  CG32 is replaced
 PARRDR> Error: Repeated DIHE parameter (  8685): CG32  CG2O  CG31  CG32 is replaced
 PARRDR> Error: Repeated DIHE parameter (  8686): CG32  CG2O  CG31  CG32 is replaced
 PARRDR> Error: Repeated DIHE parameter (  8687): CG32  CG2O  CG31  CG32 is replaced
 PARRDR> Error: Repeated DIHE parameter (  8688): CG32  CG2O  CG31  CG32 is replaced
 PARRDR> Error: Repeated DIHE parameter (  8684): CG32  CG2O  CG31  CG32 is replaced
 PARRDR> Error: Repeated DIHE parameter (  8685): CG32  CG2O  CG31  CG32 is replaced
 PARRDR> Error: Repeated DIHE parameter (  8686): CG32  CG2O  CG31  CG32 is replaced
 PARRDR> Error: Repeated DIHE parameter (  8687): CG32  CG2O  CG31  CG32 is replaced
 PARRDR> Error: Repeated DIHE parameter (  8688): CG32  CG2O  CG31  CG32 is replaced
 PARRDR> Error: Repeated DIHE parameter (  8684): CG32  CG2O  CG31  CG32 is replaced
 PARRDR> Error: Repeated DIHE parameter (  8685): CG32  CG2O  CG31  CG32 is replaced
 PARRDR> Error: Repeated DIHE parameter (  8686): CG32  CG2O  CG31  CG32 is replaced
 PARRDR> Error: Repeated DIHE parameter (  8687): CG32  CG2O  CG31  CG32 is replaced
 PARRDR> Error: Repeated DIHE parameter (  8688): CG32  CG2O  CG31  CG32 is replaced
 PARRDR> Error: Repeated DIHE parameter (  8684): CG32  CG2O  CG31  CG32 is replaced
 PARRDR> Error: Repeated DIHE parameter (  8685): CG32  CG2O  CG31  CG32 is replaced
 PARRDR> Error: Repeated DIHE parameter (  8686): CG32  CG2O  CG31  CG32 is replaced
 PARRDR> Error: Repeated DIHE parameter (  8687): CG32  CG2O  CG31  CG32 is replaced
 PARRDR> Error: Repeated DIHE parameter (  8688): CG32  CG2O  CG31  CG32 is replaced
 PARRDR> Error: Repeated DIHE parameter (  8756): OG2D  CG2O  CG31  CG32 is replaced
 PARRDR> Error: Repeated DIHE parameter (  8757): OG2D  CG2O  CG31  CG32 is replaced
 PARRDR> Error: Repeated DIHE parameter (  8758): OG2D  CG2O  CG31  CG32 is replaced
 PARRDR> Error: Repeated DIHE parameter (  8759): OG2D  CG2O  CG31  CG32 is replaced
 PARRDR> Error: Repeated DIHE parameter (  8760): OG2D  CG2O  CG31  CG32 is replaced
 PARRDR> Error: Repeated DIHE parameter (  8756): OG2D  CG2O  CG31  CG32 is replaced
 PARRDR> Error: Repeated DIHE parameter (  8757): OG2D  CG2O  CG31  CG32 is replaced
 PARRDR> Error: Repeated DIHE parameter (  8758): OG2D  CG2O  CG31  CG32 is replaced
 PARRDR> Error: Repeated DIHE parameter (  8759): OG2D  CG2O  CG31  CG32 is replaced
 PARRDR> Error: Repeated DIHE parameter (  8760): OG2D  CG2O  CG31  CG32 is replaced
 PARRDR> Error: Repeated DIHE parameter (  8756): OG2D  CG2O  CG31  CG32 is replaced
 PARRDR> Error: Repeated DIHE parameter (  8757): OG2D  CG2O  CG31  CG32 is replaced
 PARRDR> Error: Repeated DIHE parameter (  8758): OG2D  CG2O  CG31  CG32 is replaced
 PARRDR> Error: Repeated DIHE parameter (  8759): OG2D  CG2O  CG31  CG32 is replaced
 PARRDR> Error: Repeated DIHE parameter (  8760): OG2D  CG2O  CG31  CG32 is replaced
 PARRDR> Error: Repeated DIHE parameter (  8756): OG2D  CG2O  CG31  CG32 is replaced
 PARRDR> Error: Repeated DIHE parameter (  8757): OG2D  CG2O  CG31  CG32 is replaced
 PARRDR> Error: Repeated DIHE parameter (  8758): OG2D  CG2O  CG31  CG32 is replaced
 PARRDR> Error: Repeated DIHE parameter (  8759): OG2D  CG2O  CG31  CG32 is replaced
 PARRDR> Error: Repeated DIHE parameter (  8760): OG2D  CG2O  CG31  CG32 is replaced
 PARRDR> Error: Repeated DIHE parameter ( 20261): CG2O  CG31  CG32  HGA2 is replaced
 PARRDR> Error: Repeated DIHE parameter (  8943): CG32  CG2O  CG32  CG30 is replaced
 PARRDR> Error: Repeated DIHE parameter (  8944): CG32  CG2O  CG32  CG30 is replaced
 PARRDR> Error: Repeated DIHE parameter (  8945): CG32  CG2O  CG32  CG30 is replaced
 PARRDR> Error: Repeated DIHE parameter (  8946): CG32  CG2O  CG32  CG30 is replaced
 PARRDR> Error: Repeated DIHE parameter (  8943): CG32  CG2O  CG32  CG30 is replaced
 PARRDR> Error: Repeated DIHE parameter (  8944): CG32  CG2O  CG32  CG30 is replaced
 PARRDR> Error: Repeated DIHE parameter (  8945): CG32  CG2O  CG32  CG30 is replaced
 PARRDR> Error: Repeated DIHE parameter (  8946): CG32  CG2O  CG32  CG30 is replaced
 PARRDR> Error: Repeated DIHE parameter (  8943): CG32  CG2O  CG32  CG30 is replaced
 PARRDR> Error: Repeated DIHE parameter (  8944): CG32  CG2O  CG32  CG30 is replaced
 PARRDR> Error: Repeated DIHE parameter (  8945): CG32  CG2O  CG32  CG30 is replaced
 PARRDR> Error: Repeated DIHE parameter (  8946): CG32  CG2O  CG32  CG30 is replaced
 PARRDR> Error: Repeated DIHE parameter (  8943): CG32  CG2O  CG32  CG30 is replaced
 PARRDR> Error: Repeated DIHE parameter (  8944): CG32  CG2O  CG32  CG30 is replaced
 PARRDR> Error: Repeated DIHE parameter (  8945): CG32  CG2O  CG32  CG30 is replaced
 PARRDR> Error: Repeated DIHE parameter (  8946): CG32  CG2O  CG32  CG30 is replaced
 PARRDR> Error: Repeated DIHE parameter (  9013): OG2D  CG2O  CG32  CG30 is replaced
 PARRDR> Error: Repeated DIHE parameter (  9014): OG2D  CG2O  CG32  CG30 is replaced
 PARRDR> Error: Repeated DIHE parameter (  9015): OG2D  CG2O  CG32  CG30 is replaced
 PARRDR> Error: Repeated DIHE parameter (  9016): OG2D  CG2O  CG32  CG30 is replaced
 PARRDR> Error: Repeated DIHE parameter (  9013): OG2D  CG2O  CG32  CG30 is replaced
 PARRDR> Error: Repeated DIHE parameter (  9014): OG2D  CG2O  CG32  CG30 is replaced
 PARRDR> Error: Repeated DIHE parameter (  9015): OG2D  CG2O  CG32  CG30 is replaced
 PARRDR> Error: Repeated DIHE parameter (  9016): OG2D  CG2O  CG32  CG30 is replaced
 PARRDR> Error: Repeated DIHE parameter (  9013): OG2D  CG2O  CG32  CG30 is replaced
 PARRDR> Error: Repeated DIHE parameter (  9014): OG2D  CG2O  CG32  CG30 is replaced
 PARRDR> Error: Repeated DIHE parameter (  9015): OG2D  CG2O  CG32  CG30 is replaced
 PARRDR> Error: Repeated DIHE parameter (  9016): OG2D  CG2O  CG32  CG30 is replaced
 PARRDR> Error: Repeated DIHE parameter (  9013): OG2D  CG2O  CG32  CG30 is replaced
 PARRDR> Error: Repeated DIHE parameter (  9014): OG2D  CG2O  CG32  CG30 is replaced
 PARRDR> Error: Repeated DIHE parameter (  9015): OG2D  CG2O  CG32  CG30 is replaced
 PARRDR> Error: Repeated DIHE parameter (  9016): OG2D  CG2O  CG32  CG30 is replaced
 PARRDR> Error: Repeated DIHE parameter ( 18321): CG2O  CG30  CG32  CG2O is replaced
 PARRDR> Error: Repeated DIHE parameter ( 18322): CG2O  CG30  CG32  CG2O is replaced
 PARRDR> Error: Repeated DIHE parameter ( 18384): CG32  CG30  CG32  CG2O is replaced
 PARRDR> Error: Repeated DIHE parameter ( 18384): CG32  CG30  CG32  CG2O is replaced
 PARRDR> Error: Repeated DIHE parameter ( 18384): CG32  CG30  CG32  CG2O is replaced
 PARRDR> Error: Repeated DIHE parameter ( 18384): CG32  CG30  CG32  CG2O is replaced
 PARRDR> Error: Repeated DIHE parameter ( 18384): CG32  CG30  CG32  CG2O is replaced
 PARRDR> Error: Repeated DIHE parameter ( 19751): CG31  CG31  CG32  CG30 is replaced
 PARRDR> Error: Repeated DIHE parameter ( 19759): CG31  CG31  CG32  NG2S is replaced
 PARRDR> Error: Repeated DIHE parameter ( 18371): CG31  CG30  CG32  CG31 is replaced
 PARRDR> Error: Repeated DIHE parameter ( 20027): OG30  CG31  CG32  NG31 is replaced
 PARRDR> Error: Repeated DIHE parameter ( 20028): OG30  CG31  CG32  NG31 is replaced
 PARRDR> Error: Repeated DIHE parameter ( 23786): CG30  CG32  NG2S  CG2O is replaced
 PARRDR> Error: Repeated DIHE parameter ( 23787): CG30  CG32  NG2S  HGP1 is replaced
 PARRDR> Error: Repeated DIHE parameter ( 18423): CG33  CG30  CG32  NG2S is replaced
 PARRDR> Error: Repeated DIHE parameter ( 18409): CG33  CG30  CG32  CG2O is replaced
 PARRDR> Error: Repeated DIHE parameter ( 18409): CG33  CG30  CG32  CG2O is replaced
 PARRDR> Error: Repeated DIHE parameter ( 18409): CG33  CG30  CG32  CG2O is replaced
 PARRDR> Error: Repeated DIHE parameter ( 18409): CG33  CG30  CG32  CG2O is replaced
 PARRDR> Error: Repeated DIHE parameter ( 18409): CG33  CG30  CG32  CG2O is replaced
 PARRDR> Error: Repeated DIHE parameter ( 19761): CG31  CG31  CG32  NG31 is replaced
 PARRDR> Error: Repeated DIHE parameter ( 19991): NG31  CG31  CG32  NG31 is replaced
 PARRDR> Error: Repeated DIHE parameter ( 19992): NG31  CG31  CG32  NG31 is replaced
 PARRDR> Error: Repeated IMPH parameter (   246): CG2O  CG2R  OG2D  OG31 is replaced
 PARRDR> Error: Repeated IMPH parameter (   345): CG2O  CG31  CG33  OG2D is replaced
 PARRDR> Error: Repeated IMPH parameter (   325): CG2O  CG2O  CG32  OG2D is replaced
 PARRDR> Error: Repeated IMPH parameter (   340): CG2O  CG30  CG32  OG2D is replaced
 PARRDR> Error: Repeated IMPH parameter (   344): CG2O  CG31  CG32  OG2D is replaced
 PARRDR> Error: Repeated IMPH parameter (   252): CG2O  CG30  OG2D  OG31 is replaced
 PARMIO> NONBOND, HBOND lists and IMAGE atoms cleared.
  
 CHARMM>    RETURN
 VCLOSE: Closing unit   98 with status "KEEP"

                    RETURNING TO INPUT STREAM    99
  
 CHARMM>    stream toppar/toppar_all36_synthetic_polymer_patch.str
 VOPEN> Attempting to open::toppar/toppar_all36_synthetic_polymer_patch.str::
 OPNLGU> Unit 98 opened for READONLY access to toppar/toppar_all36_synthetic_polymer_patch.str

                    INPUT STREAM SWITCHING TO UNIT    98
 RDTITL> READ RTF CARD APPEND
 RDTITL> No title read.
 Parameter: IN1 <- "" <empty>
  
 CHARMM>    read rtf card append
 MAINIO> Residue topology file being read from unit  98.
 RDTITL> * TOPOLOGY FOR SYNTHETIC_POLYMER
 RDTITL> *
  
 CHARMM>     
  
 CHARMM>    return
 VCLOSE: Closing unit   98 with status "KEEP"

                    RETURNING TO INPUT STREAM    99
  
 CHARMM>    stream toppar/toppar_all36_polymer_solvent.str
 VOPEN> Attempting to open::toppar/toppar_all36_polymer_solvent.str::
 OPNLGU> Unit 98 opened for READONLY access to toppar/toppar_all36_polymer_solvent.str

                    INPUT STREAM SWITCHING TO UNIT    98
 RDTITL> READ RTF CARD APPEND
 RDTITL> No title read.
 Parameter: IN1 <- "" <empty>
  
 CHARMM>    read rtf card append
 MAINIO> Residue topology file being read from unit  98.
 RDTITL> * TOPOLOGY FOR SYNTHETIC_POLYMER
 RDTITL> *
  
 CHARMM>    read param card flex append

          PARAMETER FILE BEING READ FROM UNIT 98
 RDTITL> * SYNTHETIC POLYMER PARAMETER
 RDTITL> *
 PARMIO> NONBOND, HBOND lists and IMAGE atoms cleared.
  
 CHARMM>     
  
 CHARMM>    RETURN
 VCLOSE: Closing unit   98 with status "KEEP"

                    RETURNING TO INPUT STREAM    99
  
 CHARMM>     
  
 CHARMM>    ! Additional topologies and parameters for water and ions
 CHARMM>    stream toppar/toppar_water_ions.str
 VOPEN> Attempting to open::toppar/toppar_water_ions.str::
 OPNLGU> Unit 98 opened for READONLY access to toppar/toppar_water_ions.str

                    INPUT STREAM SWITCHING TO UNIT    98
 RDTITL> * TOPLOGY AND PARAMETER INFORMATION FOR WATER AND IONS.
 RDTITL> *
 Parameter: IN1 <- "" <empty>
  
 CHARMM>     
  
 CHARMM>    !Testcase
 CHARMM>    !test_water_ions.inp
 CHARMM>     
  
 CHARMM>    ! IMPORTANT NOTE: this file contains NBFixes between carboxylates and sodium,
 CHARMM>    ! which will only apply if the main files containing carboxylate atom types
 CHARMM>    ! have been read in first!
 CHARMM>     
  
 CHARMM>    !references
 CHARMM>    !
 CHARMM>    !TIP3P water model
 CHARMM>    !
 CHARMM>    !W.L. Jorgensen; J.Chandrasekhar; J.D. Madura; R.W. Impey;
 CHARMM>    !M.L. Klein; "Comparison of simple potential functions for
 CHARMM>    !simulating liquid water", J. Chem. Phys. 79 926-935 (1983).
 CHARMM>    !
 CHARMM>    !IONS
 CHARMM>    !
 CHARMM>    !Ions from Roux and coworkers
 CHARMM>    !
 CHARMM>    !Beglov, D. and Roux, B., Finite Representation of an Infinite
 CHARMM>    !Bulk System: Solvent Boundary Potential for Computer Simulations,
 CHARMM>    !Journal of Chemical Physics, 1994, 100: 9050-9063
 CHARMM>    !
 CHARMM>    !ZINC
 CHARMM>    !
 CHARMM>    !Stote, R.H. and Karplus, M. Zinc Binding in Proteins and
 CHARMM>    !Solution: A Simple but Accurate Nonbonded Representation, PROTEINS:
 CHARMM>    !Structure, Function, and Genetics 23:12-31 (1995)
 CHARMM>     
  
 CHARMM>    !test "append" to determine if previous toppar files have been read and
 CHARMM>    !add append to "read rtf card" if true
 CHARMM>    set nat ?NATC
 RDCMND substituted energy or value "?NATC" to "473"
 Parameter: NAT <- "473"
  
 CHARMM>    set app
 Parameter: APP <- "" <empty>
  
 CHARMM>    !We're exploiting what is arguably a bug in the parser. On the left hand side,
 CHARMM>    !the quotes have priority, so NAT is correctly substituted. On the right hand
 CHARMM>    !side, the ? has priority and NATC" (sic) is not a valid substitution...
 CHARMM>    if "@NAT" ne "?NATC" if @nat ne 0 set app append
 Parameter: NAT -> "473"
 Parameter: NAT -> "473"
 RDCMND: can not substitute energy "?NATC""
 Comparing ""473"" and ""?NATC"".
 IF test evaluated as true.  Performing command
 Comparing "473" and "0".
 IF test evaluated as true.  Performing command
 Parameter: APP <- "APPEND"
  
 CHARMM>     
  
 CHARMM>    read rtf card @app
 Parameter: APP -> "APPEND"
 MAINIO> Residue topology file being read from unit  98.
 RDTITL> * TOPOLOGY FOR WATER AND IONS
 RDTITL> *
  
 CHARMM>     
  
 CHARMM>    read para card flex @app
 Parameter: APP -> "APPEND"

          PARAMETER FILE BEING READ FROM UNIT 98
 RDTITL> * PARAMETERS FOR WATER AND IONS
 RDTITL> *
 PARMIO> NONBOND, HBOND lists and IMAGE atoms cleared.
  
 CHARMM>     
  
 CHARMM>    ! The following section contains NBFixes for sodium interacting with
 CHARMM>    ! carboxylate oxygens of various CHARMM force fields. It will generate
 CHARMM>    ! level -1 warnings whenever any of these force fields have not been
 CHARMM>    ! read prior to the current stream file. Since we don't want to force
 CHARMM>    ! the user to always read all the force fields, we're suppressing the
 CHARMM>    ! warnings. The only side effect is that you will have "most severe
 CHARMM>    ! warning was at level 0" at the end of your output. Also note that
 CHARMM>    ! the user is responsible for reading the current file last if they
 CHARMM>    ! want the NBFixes to apply. A more elegant solution would require new
 CHARMM>    ! features to be added to CHARMM.
 CHARMM>    ! parallel fix, to avoid duplicated messages in the log
 CHARMM>    set para
 Parameter: PARA <- "" <empty>
  
 CHARMM>    if ?NUMNODE gt 1 set para node 0
 RDCMND substituted energy or value "?NUMNODE" to "1"
 Comparing "1" and "1".
 IF test evaluated as false.  Skipping command
  
 CHARMM>     
  
 CHARMM>    set wrn ?WRNLEV
 RDCMND substituted energy or value "?WRNLEV" to "5"
 Parameter: WRN <- "5"
  
 CHARMM>    ! Some versions of CHARMM don't seem to initialize wrnlev...
 CHARMM>    if "@WRN" eq "?WRNLEV" set wrn 5
 Parameter: WRN -> "5"
 RDCMND: can not substitute energy "?WRNLEV""
 Comparing ""5"" and ""?WRNLEV"".
 IF test evaluated as false.  Skipping command
  
 CHARMM>    set bom ?bomlev
 RDCMND substituted energy or value "?BOMLEV" to "0"
 Parameter: BOM <- "0"
  
 CHARMM>    WRNLEV -1 @PARA
 Parameter: PARA -> "" <empty>
  
 CHARMM>    BOMLEV -1 @PARA
 Parameter: PARA -> "" <empty>
  
 CHARMM>    read para card flex append

          PARAMETER FILE BEING READ FROM UNIT 98
 RDTITL> * NBFIX BETWEEN CARBOXYLATE AND SODIUM
 RDTITL> *
 PARMIO> NONBOND, HBOND lists and IMAGE atoms cleared.
  
 CHARMM>    BOMLEV @bom @PARA
 Parameter: BOM -> "0"
 Parameter: PARA -> "" <empty>
  
 CHARMM>    WRNLEV @wrn @PARA
 Parameter: WRN -> "5"
 Parameter: PARA -> "" <empty>
  
 CHARMM>     
  
 CHARMM>    return
 VCLOSE: Closing unit   98 with status "KEEP"

                    RETURNING TO INPUT STREAM    99
  
 CHARMM>    stream toppar/toppar_dum_noble_gases.str
 VOPEN> Attempting to open::toppar/toppar_dum_noble_gases.str::
 OPNLGU> Unit 98 opened for READONLY access to toppar/toppar_dum_noble_gases.str

                    INPUT STREAM SWITCHING TO UNIT    98
 RDTITL> * TOPLOGY AND PARAMETER INFORMATION FOR HELIUM, NEON AND A DUMMY ATOM.
 RDTITL> *
 Parameter: IN1 <- "" <empty>
  
 CHARMM>     
  
 CHARMM>    !Testcase
 CHARMM>    !test_dum_nobel_gases.inp
 CHARMM>     
  
 CHARMM>    !test "append" to determine if previous	toppar files have been read and
 CHARMM>    !add append to "read rtf card" if true
 CHARMM>    set nat ?NATC
 RDCMND substituted energy or value "?NATC" to "487"
 Parameter: NAT <- "487"
  
 CHARMM>    set app
 Parameter: APP <- "" <empty>
  
 CHARMM>    !We're exploiting what is arguably a bug in the parser. On the left hand side,
 CHARMM>    !the quotes have proirity, so NAT is correctly substituted. On the right hand
 CHARMM>    !side, the ? has priority and NATC" (sic) is not a valid substitution...
 CHARMM>    if "@NAT" ne "?NATC" if @nat ne 0 set app append
 Parameter: NAT -> "487"
 Parameter: NAT -> "487"
 RDCMND: can not substitute energy "?NATC""
 Comparing ""487"" and ""?NATC"".
 IF test evaluated as true.  Performing command
 Comparing "487" and "0".
 IF test evaluated as true.  Performing command
 Parameter: APP <- "APPEND"
  
 CHARMM>     
  
 CHARMM>    read rtf card @app
 Parameter: APP -> "APPEND"
 MAINIO> Residue topology file being read from unit  98.
 RDTITL> * TOPOLOGY FOR HELIUM, NEON AND A DUMMY ATOM.
 RDTITL> *
  
 CHARMM>     
  
 CHARMM>    read para card flex @app
 Parameter: APP -> "APPEND"

          PARAMETER FILE BEING READ FROM UNIT 98
 RDTITL> * PARAMETERS FOR HELIUM, NEON AND A DUMMY ATOM.
 RDTITL> *
 PARMIO> NONBOND, HBOND lists and IMAGE atoms cleared.
  
 CHARMM>     
  
 CHARMM>    return
 VCLOSE: Closing unit   98 with status "KEEP"

                    RETURNING TO INPUT STREAM    99
  
 CHARMM>    stream toppar/toppar_ions_won.str
 VOPEN> Attempting to open::toppar/toppar_ions_won.str::
 OPNLGU> Unit 98 opened for READONLY access to toppar/toppar_ions_won.str

                    INPUT STREAM SWITCHING TO UNIT    98
 RDTITL> * TOP_IONS_WON.STR: GENERAL MODEL FOR MONO-, DI-, AND TRIVALENT CATIONS
 RDTITL> *
 Parameter: IN1 <- "" <empty>
  
 CHARMM>     
  
 CHARMM>    !This is a comprehensive set of ions developed using stochastic boundary
 CHARMM>    !conditions. It is strongly recommended that ion parameters in
 CHARMM>    !toppar_water_ions.str be used if available, as they are more highly
 CHARMM>    !optimized.  Accordingly, those ions have been commented in this
 CHARMM>    !file.
 CHARMM>    !
 CHARMM>    !reference
 CHARMM>    !Won, Y., "Force Field for Monovalent, Divalent, and Trivalent Cations
 CHARMM>    !Developed under the Solvent Boundary Potential," Journal of Physical
 CHARMM>    !Chemistry A., 116: 11763-11767, 2012.
 CHARMM>     
  
 CHARMM>     
  
 CHARMM>    !test "append" to determine if previous toppar files have been read and
 CHARMM>    !add append to "read rtf card" if true
 CHARMM>    set nat ?NATC
 RDCMND substituted energy or value "?NATC" to "490"
 Parameter: NAT <- "490"
  
 CHARMM>    set app
 Parameter: APP <- "" <empty>
  
 CHARMM>    !We're exploiting what is arguably a bug in the parser. On the left hand side,
 CHARMM>    !the quotes have priority, so NAT is correctly substituted. On the right hand
 CHARMM>    !side, the ? has priority and NATC" (sic) is not a valid substitution...
 CHARMM>    if "@NAT" ne "?NATC" if @nat ne 0 set app append
 Parameter: NAT -> "490"
 Parameter: NAT -> "490"
 RDCMND: can not substitute energy "?NATC""
 Comparing ""490"" and ""?NATC"".
 IF test evaluated as true.  Performing command
 Comparing "490" and "0".
 IF test evaluated as true.  Performing command
 Parameter: APP <- "APPEND"
  
 CHARMM>     
  
 CHARMM>    read rtf card @app
 Parameter: APP -> "APPEND"
 MAINIO> Residue topology file being read from unit  98.
 RDTITL> * TOPOLOGY FOR WATER AND IONS
 RDTITL> *
  
 CHARMM>     
  
 CHARMM>    read para card flex @app
 Parameter: APP -> "APPEND"

          PARAMETER FILE BEING READ FROM UNIT 98
 RDTITL> * PAR_CATION.PRM FOR MONO-, DI-, AND TRIVALENT CATIONS
 RDTITL> *
 PARMIO> NONBOND, HBOND lists and IMAGE atoms cleared.
  
 VCLOSE: Closing unit   98 with status "KEEP"

                    RETURNING TO INPUT STREAM    99
  
 CHARMM>    stream toppar/cam.str
 VOPEN> Attempting to open::toppar/cam.str::
 OPNLGU> Unit 98 opened for READONLY access to toppar/cam.str

                    INPUT STREAM SWITCHING TO UNIT    98
 RDTITL> READ RTF CARD APPEND
 RDTITL> No title read.
 Parameter: IN1 <- "" <empty>
  
 CHARMM>    read rtf card append
 MAINIO> Residue topology file being read from unit  98.
 RDTITL> * TOPOLOGY GENERATED BY PARMED
 RDTITL> *

      ***** LEVEL  1 WARNING FROM <rtfrdr> *****
      ***** No AUTOgen defaults specified in appended RTF. Potential conflict with prior RTF autogen options. Check.
      ******************************************
      BOMLEV (  0) IS NOT REACHED. WRNLEV IS  5

  
 CHARMM>     
  
 CHARMM>    read para card flex append

          PARAMETER FILE BEING READ FROM UNIT 98
 RDTITL> * PARAMETERS GENERATED BY PARMED
 RDTITL> *
 PARMIO> NONBOND, HBOND lists and IMAGE atoms cleared.
  
 CHARMM>     
  
 CHARMM>    ! The following section contains NBFixes for CAM interacting with
 CHARMM>    ! water.
 CHARMM>    set para
 Parameter: PARA <- "" <empty>
  
 CHARMM>    if ?NUMNODE gt 1 set para node 0
 RDCMND substituted energy or value "?NUMNODE" to "1"
 Comparing "1" and "1".
 IF test evaluated as false.  Skipping command
  
 CHARMM>     
  
 CHARMM>    set wrn ?WRNLEV
 RDCMND substituted energy or value "?WRNLEV" to "5"
 Parameter: WRN <- "5"
  
 CHARMM>    ! Some versions of CHARMM don't seem to initialize wrnlev...
 CHARMM>    if "@WRN" eq "?WRNLEV" set wrn 5
 Parameter: WRN -> "5"
 RDCMND: can not substitute energy "?WRNLEV""
 Comparing ""5"" and ""?WRNLEV"".
 IF test evaluated as false.  Skipping command
  
 CHARMM>    set bom ?bomlev
 RDCMND substituted energy or value "?BOMLEV" to "0"
 Parameter: BOM <- "0"
  
 CHARMM>    WRNLEV -1 @PARA
 Parameter: PARA -> "" <empty>
  
 CHARMM>    BOMLEV -1 @PARA
 Parameter: PARA -> "" <empty>
  
 CHARMM>     
  
 CHARMM>    read para card flex append

          PARAMETER FILE BEING READ FROM UNIT 98
 RDTITL> * NBFIX BETWEEN CAM AND WATER
 RDTITL> *
 PARMIO> NONBOND, HBOND lists and IMAGE atoms cleared.
  
 CHARMM>    BOMLEV @bom @PARA
 Parameter: BOM -> "0"
 Parameter: PARA -> "" <empty>
  
 CHARMM>    WRNLEV @wrn @PARA
 Parameter: WRN -> "5"
 Parameter: PARA -> "" <empty>
  
 CHARMM>     
  
 CHARMM>    return
 VCLOSE: Closing unit   98 with status "KEEP"

                    RETURNING TO INPUT STREAM    99
  
 CHARMM>     
  
 CHARMM>    ! Additional topologies and parameters for protein
 CHARMM>    stream toppar/toppar_all36_prot_arg0.str
 VOPEN> Attempting to open::toppar/toppar_all36_prot_arg0.str::
 OPNLGU> Unit 98 opened for READONLY access to toppar/toppar_all36_prot_arg0.str

                    INPUT STREAM SWITCHING TO UNIT    98
 RDTITL> *>>>>>> ALL-HYDROGEN TOPOLOGY FOR NEUTRAL ARG <<<<<<<<<<<<<<<<<<<<
 RDTITL> *>>>>>>>>>>>>>>>>>>>>>>> 2007 <<<<<<<<<<<<<<<<<<<<<<<<<<<<<<<<<<<<
 RDTITL> *>>>>>>>> DIRECT COMMENTS TO ALEXANDER D. MACKERELL JR. <<<<<<<<<<
 RDTITL> *>>>>>>>>>>>>>>> PARAMETER FORUM, WWW.CHARMM.ORG <<<<<<<<<<<<<<<<<
 RDTITL> *
 Parameter: IN1 <- "" <empty>
  
 CHARMM>     
  
 CHARMM>    ! Atom names include "R" (for Arg) as the second letter. The
 CHARMM>    ! only other atom types in the additive FF with this second
 CHARMM>    ! letter are histidine [HN]R[123] in the protein FF and CRL[12]
 CHARMM>    ! in toppar_all36_lipid_cholesterol.str , so no more conflicts.
 CHARMM>     
  
 CHARMM>    !Parent files that have to be read prior to streaming this file
 CHARMM>    !top_all36_prot.rtf
 CHARMM>    !par_all36_prot.rtf
 CHARMM>    !
 CHARMM>    !Testcase
 CHARMM>    !test_all36_prot_arg0.inp
 CHARMM>     
  
 CHARMM>    !Li, L., Vorobyov, I.V., MacKerell, Jr., A.D., Allen, T.W., "Is
 CHARMM>    !arginine charged in a membrane?" Biophysical Journal, 94: L11-L13,
 CHARMM>    !2008, PMCID: PMC2157258
 CHARMM>     
  
 CHARMM>    read rtf card append
 MAINIO> Residue topology file being read from unit  98.
 RDTITL> * TOPOLOGY FOR PROTEIN RELATED MODEL COMPOUNDS
 RDTITL> *
*** WARNING **** residue MGU1 already exists (old one deleted)

      ***** LEVEL  1 WARNING FROM <RTFRDR> *****
      ***** Residue already exists.
      ******************************************
      BOMLEV (  0) IS NOT REACHED. WRNLEV IS  5

          RESI MGU1          0.00
*** WARNING **** residue MGU2 already exists (old one deleted)

      ***** LEVEL  1 WARNING FROM <RTFRDR> *****
      ***** Residue already exists.
      ******************************************
      BOMLEV (  0) IS NOT REACHED. WRNLEV IS  5

          RESI MGU2          0.00
 There were   2 warning(s) from RTFRDR.
  
 CHARMM>     
  
 CHARMM>    read param card flex append

          PARAMETER FILE BEING READ FROM UNIT 98
 RDTITL>  
 RDTITL> No title read.
 PARMIO> NONBOND, HBOND lists and IMAGE atoms cleared.
  
 CHARMM>     
  
 CHARMM>    return
 VCLOSE: Closing unit   98 with status "KEEP"

                    RETURNING TO INPUT STREAM    99
  
 CHARMM>    stream toppar/toppar_all36_prot_c36m_d_aminoacids.str
 VOPEN> Attempting to open::toppar/toppar_all36_prot_c36m_d_aminoacids.str::
 OPNLGU> Unit 98 opened for READONLY access to toppar/toppar_all36_prot_c36m_d_aminoacids.str

                    INPUT STREAM SWITCHING TO UNIT    98
 RDTITL> *>>>>>>CHARMM36 ALL-HYDROGEN TOPPAR FILE FOR D-PROTEINS <<<<<<<
 RDTITL> *>>>>>>>>>>>>>>>>>>>>>>>>>> JAN. 2016 <<<<<<<<<<<<<<<<<<<<<<<<<<<<
 RDTITL> * ALL COMMENTS TO THE CHARMM WEB SITE: WWW.CHARMM.ORG
 RDTITL> *             PARAMETER SET DISCUSSION FORUM
 RDTITL> *
 Parameter: IN1 <- "" <empty>
  
 CHARMM>     
  
 CHARMM>    !update 2016/2. use directly inverted CMAPs
 CHARMM>     
  
 CHARMM>    !toppar stream file for D-amino acids. Includes new residue
 CHARMM>    !names, inverted CMAP and additional parameters.
 CHARMM>     
  
 CHARMM>    !Parent files that have to be read prior to streaming this file
 CHARMM>    !top_all36_prot.rtf
 CHARMM>    !par_all36m_prot.prm
 CHARMM>    !
 CHARMM>    !Testcase
 CHARMM>    !test_all36_d_amino_acid.inp
 CHARMM>     
  
 CHARMM>    !test "append" to determine if previous toppar files have been read and
 CHARMM>    !add append to "read rtf card" if true
 CHARMM>    set nat ?NATC
 RDCMND substituted energy or value "?NATC" to "556"
 Parameter: NAT <- "556"
  
 CHARMM>    set app
 Parameter: APP <- "" <empty>
  
 CHARMM>    !We're exploiting what is arguably a bug in the parser. On the left hand side,
 CHARMM>    !the quotes have priority, so NAT is correctly substituted. On the right hand
 CHARMM>    !side, the ? has priority and NATC" (sic) is not a valid substitution...
 CHARMM>    if "@NAT" ne "?NATC" if @nat ne 0 set app append
 Parameter: NAT -> "556"
 Parameter: NAT -> "556"
 RDCMND: can not substitute energy "?NATC""
 Comparing ""556"" and ""?NATC"".
 IF test evaluated as true.  Performing command
 Comparing "556" and "0".
 IF test evaluated as true.  Performing command
 Parameter: APP <- "APPEND"
  
 CHARMM>     
  
 CHARMM>    read rtf card @app
 Parameter: APP -> "APPEND"
 MAINIO> Residue topology file being read from unit  98.
 RDTITL> * TOPOLOGY FOR D- AMINOACIDS
 RDTITL> *
  
 CHARMM>     
  
 CHARMM>    read para card flex @app
 Parameter: APP -> "APPEND"

          PARAMETER FILE BEING READ FROM UNIT 98
 RDTITL> * PARAMETERS FOR D- AMINOACIDS
 RDTITL> *
 PARMIO> NONBOND, HBOND lists and IMAGE atoms cleared.
  
 VCLOSE: Closing unit   98 with status "KEEP"

                    RETURNING TO INPUT STREAM    99
  
 CHARMM>    stream toppar/toppar_all36_prot_fluoro_alkanes.str
 VOPEN> Attempting to open::toppar/toppar_all36_prot_fluoro_alkanes.str::
 OPNLGU> Unit 98 opened for READONLY access to toppar/toppar_all36_prot_fluoro_alkanes.str

                    INPUT STREAM SWITCHING TO UNIT    98
 RDTITL> * TOPOLOGY AND PARAMETERS FOR FLUORINATED ALKANES.
 RDTITL> *
 Parameter: IN1 <- "" <empty>
  
 CHARMM>     
  
 CHARMM>    !These parameters are maintained for historic reasons.  The CGenFF
 CHARMM>    !halogen parameters are a significant improvement over these
 CHARMM>    !parameters.
 CHARMM>     
  
 CHARMM>    !Parent files that have to be read prior to streaming this file
 CHARMM>    !top_all36_prot.rtf
 CHARMM>    !par_all36_prot.prm
 CHARMM>     
  
 CHARMM>    !Testcase
 CHARMM>    !test_all36_prot_fluoro_alkanes.inp
 CHARMM>     
  
 CHARMM>    !Reference
 CHARMM>    !Chen, I.-J., Yin, D. and MacKerell, Jr., A.D., "Combined Ab
 CHARMM>    !initio/Empirical Approach for Optimization of Lennard-Jones Parameters
 CHARMM>    !for Polar-Neutral Compounds," Journal of Computational Chemistry,
 CHARMM>    !2002, 23:199-213.
 CHARMM>    !
 CHARMM>    !Note that these parameters are higly optimized to reproduce the
 CHARMM>    !corresponding condensed phase properties and have not been incorporated
 CHARMM>    !into the CHARMM22 or CHARMM27 biomolecular force fields
 CHARMM>     
  
 CHARMM>    read rtf card append
 MAINIO> Residue topology file being read from unit  98.
 RDTITL> * TOPOLOGY FOR FLUOROALKANES
 RDTITL> *
*** WARNING **** residue ETHA already exists (old one deleted)

      ***** LEVEL  1 WARNING FROM <RTFRDR> *****
      ***** Residue already exists.
      ******************************************
      BOMLEV (  0) IS NOT REACHED. WRNLEV IS  5

          RESI ETHA  0.0
*** WARNING **** residue FETH already exists (old one deleted)

      ***** LEVEL  1 WARNING FROM <RTFRDR> *****
      ***** Residue already exists.
      ******************************************
      BOMLEV (  0) IS NOT REACHED. WRNLEV IS  5

          RESI FETH  0.0
*** WARNING **** residue DFET already exists (old one deleted)

      ***** LEVEL  1 WARNING FROM <RTFRDR> *****
      ***** Residue already exists.
      ******************************************
      BOMLEV (  0) IS NOT REACHED. WRNLEV IS  5

          RESI DFET 0.0
*** WARNING **** residue TFET already exists (old one deleted)

      ***** LEVEL  1 WARNING FROM <RTFRDR> *****
      ***** Residue already exists.
      ******************************************
      BOMLEV (  0) IS NOT REACHED. WRNLEV IS  5

          RESI TFET  0.0
*** WARNING **** residue TFE  already exists (old one deleted)

      ***** LEVEL  1 WARNING FROM <RTFRDR> *****
      ***** Residue already exists.
      ******************************************
      BOMLEV (  0) IS NOT REACHED. WRNLEV IS  5

          RESI TFE   0.0
 There were   5 warning(s) from RTFRDR.
  
 CHARMM>     
  
 CHARMM>    read para card flex append

          PARAMETER FILE BEING READ FROM UNIT 98
 RDTITL> * FLUOROALKANE PARAMETERS
 RDTITL> *
 PARMIO> NONBOND, HBOND lists and IMAGE atoms cleared.
  
 CHARMM>     
  
 CHARMM>    return
 VCLOSE: Closing unit   98 with status "KEEP"

                    RETURNING TO INPUT STREAM    99
  
 CHARMM>    stream toppar/toppar_all36_prot_heme.str
 VOPEN> Attempting to open::toppar/toppar_all36_prot_heme.str::
 OPNLGU> Unit 98 opened for READONLY access to toppar/toppar_all36_prot_heme.str

                    INPUT STREAM SWITCHING TO UNIT    98
 RDTITL> * TOPOLOGY AND PARAMETER STREAM FILE FOR HEME AND RELATED
 RDTITL> * LIGANDS AND PATCHES.
 RDTITL> *
 Parameter: IN1 <- "" <empty>
  
 CHARMM>     
  
 CHARMM>    !updated 2016/2, allow for use of AUTOGENERATE ANGLE DIHEDRAl PATCH
 CHARMM>     
  
 CHARMM>    !Parent files that have to be read prior to streaming this file
 CHARMM>    !top_all36_prot.rtf
 CHARMM>    !par_all36_prot.prm
 CHARMM>     
  
 CHARMM>    !Testcase
 CHARMM>    !test_all36_prot_heme.inp
 CHARMM>     
  
 CHARMM>    read rtf card append
 MAINIO> Residue topology file being read from unit  98.
 RDTITL> * TOPOLOGY FOR HEME AND RELATED COMPOUNDS AND PATCHES
 RDTITL> *
*** WARNING **** residue CO2  already exists (old one deleted)

      ***** LEVEL  1 WARNING FROM <RTFRDR> *****
      ***** Residue already exists.
      ******************************************
      BOMLEV (  0) IS NOT REACHED. WRNLEV IS  5

          RESI CO2             0.00
 There were   1 warning(s) from RTFRDR.
  
 CHARMM>     
  
 CHARMM>    read para card flex append

          PARAMETER FILE BEING READ FROM UNIT 98
 RDTITL> * ADDITIONAL PARAMETERS FOR HEME
 RDTITL> *
 PARMIO> NONBOND, HBOND lists and IMAGE atoms cleared.
  
 CHARMM>     
  
 CHARMM>    return
 VCLOSE: Closing unit   98 with status "KEEP"

                    RETURNING TO INPUT STREAM    99
  
 CHARMM>    stream toppar/toppar_all36_prot_na_combined.str
 VOPEN> Attempting to open::toppar/toppar_all36_prot_na_combined.str::
 OPNLGU> Unit 98 opened for READONLY access to toppar/toppar_all36_prot_na_combined.str

                    INPUT STREAM SWITCHING TO UNIT    98
 RDTITL> * TOPOLOGY AND PARAMETER STREAM FILE FOR PATCHES TO CREATE
 RDTITL> * MODEL COMPOUNDS AND PATCHES THAT REQUIRE BOTH PROTEIN AND
 RDTITL> * NUCLEIC ACID TOPOLOGY AND PARAMETER INFORMATION
 RDTITL> *
 Parameter: IN1 <- "" <empty>
  
 CHARMM>     
  
 CHARMM>    !Parent files that have to be read prior to streaming this file
 CHARMM>    !top_all36_prot.rtf
 CHARMM>    !par_all36_prot.prm
 CHARMM>    !top_all36_na.rtf
 CHARMM>    !par_all36_na.prm
 CHARMM>    !stream/toppar_all36_prot_fluoro_alkanes.str ! atom types an parameters for fluorinated compounds
 CHARMM>     
  
 CHARMM>    !Testcase
 CHARMM>    !test_all36_prot_na_combined.inp
 CHARMM>     
  
 CHARMM>    !all patches must be followed by AUTOGENERATE ANGLES DIHEDRALS
 CHARMM>     
  
 CHARMM>    !PHOSPHOTYROSINE
 CHARMM>    !
 CHARMM>    !Feng, M.-H., Philippopoulos, M., MacKerell, Jr., A.D. and Lim, C.
 CHARMM>    !Structural Characterization of the Phosphotyrosine Binding Region of a
 CHARMM>    !High-Affinity aSH2 Domain-Phosphopeptide Complex by Molecular Dynamics
 CHARMM>    !Simulation and Chemical Shift Calculations. Journal of the American
 CHARMM>    !Chemical Society, 1996, 118: 11265-11277.
 CHARMM>     
  
 CHARMM>    read rtf card append
 MAINIO> Residue topology file being read from unit  98.
 RDTITL> * TOPOLOGY FOR PHOSPHORYLATED AMINO ACIDS
 RDTITL> *
*** WARNING **** residue THFI already exists (old one deleted)

      ***** LEVEL  1 WARNING FROM <RTFRDR> *****
      ***** Residue already exists.
      ******************************************
      BOMLEV (  0) IS NOT REACHED. WRNLEV IS  5

          RESI THFI       0.00
*** WARNING **** residue THMI already exists (old one deleted)

      ***** LEVEL  1 WARNING FROM <RTFRDR> *****
      ***** Residue already exists.
      ******************************************
      BOMLEV (  0) IS NOT REACHED. WRNLEV IS  5

          RESI THMI       0.00
*** WARNING **** residue THFA already exists (old one deleted)

      ***** LEVEL  1 WARNING FROM <RTFRDR> *****
      ***** Residue already exists.
      ******************************************
      BOMLEV (  0) IS NOT REACHED. WRNLEV IS  5

          RESI THFA        0.00
*** WARNING **** residue THAO already exists (old one deleted)

      ***** LEVEL  1 WARNING FROM <RTFRDR> *****
      ***** Residue already exists.
      ******************************************
      BOMLEV (  0) IS NOT REACHED. WRNLEV IS  5

          RESI THAO         0.00
*** WARNING **** residue RNUS already exists (old one deleted)

      ***** LEVEL  1 WARNING FROM <RTFRDR> *****
      ***** Residue already exists.
      ******************************************
      BOMLEV (  0) IS NOT REACHED. WRNLEV IS  5

          RESI RNUS         0.00
*** WARNING **** residue NUCL already exists (old one deleted)

      ***** LEVEL  1 WARNING FROM <RTFRDR> *****
      ***** Residue already exists.
      ******************************************
      BOMLEV (  0) IS NOT REACHED. WRNLEV IS  5

          RESI NUCL        -1.00
*** WARNING **** residue PPH1 already exists (old one deleted)

      ***** LEVEL  1 WARNING FROM <RTFRDR> *****
      ***** Residue already exists.
      ******************************************
      BOMLEV (  0) IS NOT REACHED. WRNLEV IS  5

          RESI PPH1      -1.00
*** WARNING **** residue BMPH already exists (old one deleted)

      ***** LEVEL  1 WARNING FROM <RTFRDR> *****
      ***** Residue already exists.
      ******************************************
      BOMLEV (  0) IS NOT REACHED. WRNLEV IS  5

          RESI BMPH      -1.00
*** WARNING **** residue BMPD already exists (old one deleted)

      ***** LEVEL  1 WARNING FROM <RTFRDR> *****
      ***** Residue already exists.
      ******************************************
      BOMLEV (  0) IS NOT REACHED. WRNLEV IS  5

          RESI BMPD      -2.00
*** WARNING **** residue BDFP already exists (old one deleted)

      ***** LEVEL  1 WARNING FROM <RTFRDR> *****
      ***** Residue already exists.
      ******************************************
      BOMLEV (  0) IS NOT REACHED. WRNLEV IS  5

          RESI BDFP      -1.00
*** WARNING **** residue BDFD already exists (old one deleted)

      ***** LEVEL  1 WARNING FROM <RTFRDR> *****
      ***** Residue already exists.
      ******************************************
      BOMLEV (  0) IS NOT REACHED. WRNLEV IS  5

          RESI BDFD -2.00
*** WARNING **** residue EP_2 already exists (old one deleted)

      ***** LEVEL  1 WARNING FROM <RTFRDR> *****
      ***** Residue already exists.
      ******************************************
      BOMLEV (  0) IS NOT REACHED. WRNLEV IS  5

          RESI EP_2        -2.00
*** WARNING **** residue IP_2 already exists (old one deleted)

      ***** LEVEL  1 WARNING FROM <RTFRDR> *****
      ***** Residue already exists.
      ******************************************
      BOMLEV (  0) IS NOT REACHED. WRNLEV IS  5

          RESI IP_2        -2.00
 There were  13 warning(s) from RTFRDR.
  
 CHARMM>     
  
 CHARMM>    read para card flex append

          PARAMETER FILE BEING READ FROM UNIT 98
 RDTITL> * ADDITIONAL PARAMETERS FOR PHOSPHORYLATED AMINO ACIDS
 RDTITL> *
 PARMIO> NONBOND, HBOND lists and IMAGE atoms cleared.
  
 VCLOSE: Closing unit   98 with status "KEEP"

                    RETURNING TO INPUT STREAM    99
  
 CHARMM>    stream toppar/toppar_all36_prot_retinol.str
 VOPEN> Attempting to open::toppar/toppar_all36_prot_retinol.str::
 OPNLGU> Unit 98 opened for READONLY access to toppar/toppar_all36_prot_retinol.str

                    INPUT STREAM SWITCHING TO UNIT    98
 RDTITL> * TOPPAR STREAM FILE FOR RETINOL AND RETINAL PARAMETERS
 RDTITL> * A. LOCCISANO, A.M.W., J. EVANSECK AND A.D. MACKERELL, JR.
 RDTITL> * APRIL, 2005
 RDTITL> *
 Parameter: IN1 <- "" <empty>
  
 CHARMM>     
  
 CHARMM>    !use with c36 protein force fields
 CHARMM>    !top_all36_prot.rtf
 CHARMM>    !par_all36_prot.prm
 CHARMM>     
  
 CHARMM>    read rtf card append
 MAINIO> Residue topology file being read from unit  98.
 RDTITL> * RETINAL/RETINOL AND RELATED MODEL COMPOUNDS
 RDTITL> *
*** WARNING **** residue BTE2 already exists (old one deleted)

      ***** LEVEL  1 WARNING FROM <RTFRDR> *****
      ***** Residue already exists.
      ******************************************
      BOMLEV (  0) IS NOT REACHED. WRNLEV IS  5

          RESI BTE2       0.00
*** WARNING **** residue 13DB already exists (old one deleted)

      ***** LEVEL  1 WARNING FROM <RTFRDR> *****
      ***** Residue already exists.
      ******************************************
      BOMLEV (  0) IS NOT REACHED. WRNLEV IS  5

          RESI 13DB       0.00
*** WARNING **** residue 13DP already exists (old one deleted)

      ***** LEVEL  1 WARNING FROM <RTFRDR> *****
      ***** Residue already exists.
      ******************************************
      BOMLEV (  0) IS NOT REACHED. WRNLEV IS  5

          RESI 13DP       0.00
*** WARNING **** residue DMB1 already exists (old one deleted)

      ***** LEVEL  1 WARNING FROM <RTFRDR> *****
      ***** Residue already exists.
      ******************************************
      BOMLEV (  0) IS NOT REACHED. WRNLEV IS  5

          RESI DMB1       0.00
*** WARNING **** residue DMP1 already exists (old one deleted)

      ***** LEVEL  1 WARNING FROM <RTFRDR> *****
      ***** Residue already exists.
      ******************************************
      BOMLEV (  0) IS NOT REACHED. WRNLEV IS  5

          RESI DMP1       0.00
*** WARNING **** residue DMP2 already exists (old one deleted)

      ***** LEVEL  1 WARNING FROM <RTFRDR> *****
      ***** Residue already exists.
      ******************************************
      BOMLEV (  0) IS NOT REACHED. WRNLEV IS  5

          RESI DMP2       0.00
*** WARNING **** residue CROT already exists (old one deleted)

      ***** LEVEL  1 WARNING FROM <RTFRDR> *****
      ***** Residue already exists.
      ******************************************
      BOMLEV (  0) IS NOT REACHED. WRNLEV IS  5

          RESI CROT       0.00
*** WARNING **** residue PACP already exists (old one deleted)

      ***** LEVEL  1 WARNING FROM <RTFRDR> *****
      ***** Residue already exists.
      ******************************************
      BOMLEV (  0) IS NOT REACHED. WRNLEV IS  5

          RESI PACP       0.00
*** WARNING **** residue MECH already exists (old one deleted)

      ***** LEVEL  1 WARNING FROM <RTFRDR> *****
      ***** Residue already exists.
      ******************************************
      BOMLEV (  0) IS NOT REACHED. WRNLEV IS  5

          RESI MECH       0.00
*** WARNING **** residue TMCH already exists (old one deleted)

      ***** LEVEL  1 WARNING FROM <RTFRDR> *****
      ***** Residue already exists.
      ******************************************
      BOMLEV (  0) IS NOT REACHED. WRNLEV IS  5

          RESI TMCH       0.00
*** WARNING **** residue FRET already exists (old one deleted)

      ***** LEVEL  1 WARNING FROM <RTFRDR> *****
      ***** Residue already exists.
      ******************************************
      BOMLEV (  0) IS NOT REACHED. WRNLEV IS  5

          RESI FRET       0.00
*** WARNING **** residue RTOL already exists (old one deleted)

      ***** LEVEL  1 WARNING FROM <RTFRDR> *****
      ***** Residue already exists.
      ******************************************
      BOMLEV (  0) IS NOT REACHED. WRNLEV IS  5

          RESI RTOL       0.00
*** WARNING **** residue RTAL already exists (old one deleted)

      ***** LEVEL  1 WARNING FROM <RTFRDR> *****
      ***** Residue already exists.
      ******************************************
      BOMLEV (  0) IS NOT REACHED. WRNLEV IS  5

          RESI RTAL       0.00
*** WARNING **** residue RTAC already exists (old one deleted)

      ***** LEVEL  1 WARNING FROM <RTFRDR> *****
      ***** Residue already exists.
      ******************************************
      BOMLEV (  0) IS NOT REACHED. WRNLEV IS  5

          RESI RTAC      -1.00
*** WARNING **** residue PRAC already exists (old one deleted)

      ***** LEVEL  1 WARNING FROM <RTFRDR> *****
      ***** Residue already exists.
      ******************************************
      BOMLEV (  0) IS NOT REACHED. WRNLEV IS  5

          RESI PRAC      -1.00
*** WARNING **** residue PROL already exists (old one deleted)

      ***** LEVEL  1 WARNING FROM <RTFRDR> *****
      ***** Residue already exists.
      ******************************************
      BOMLEV (  0) IS NOT REACHED. WRNLEV IS  5

          RESI PROL       0.00
*** WARNING **** residue PRAL already exists (old one deleted)

      ***** LEVEL  1 WARNING FROM <RTFRDR> *****
      ***** Residue already exists.
      ******************************************
      BOMLEV (  0) IS NOT REACHED. WRNLEV IS  5

          RESI PRAL       0.00
*** WARNING **** residue SCH1 already exists (old one deleted)

      ***** LEVEL  1 WARNING FROM <RTFRDR> *****
      ***** Residue already exists.
      ******************************************
      BOMLEV (  0) IS NOT REACHED. WRNLEV IS  5

          RESI SCH1       0.00
*** WARNING **** residue SCH2 already exists (old one deleted)

      ***** LEVEL  1 WARNING FROM <RTFRDR> *****
      ***** Residue already exists.
      ******************************************
      BOMLEV (  0) IS NOT REACHED. WRNLEV IS  5

          RESI SCH2       1.00
*** WARNING **** residue SCH3 already exists (old one deleted)

      ***** LEVEL  1 WARNING FROM <RTFRDR> *****
      ***** Residue already exists.
      ******************************************
      BOMLEV (  0) IS NOT REACHED. WRNLEV IS  5

          RESI SCH3       1.00
 There were  20 warning(s) from RTFRDR.
  
 CHARMM>     
  
 CHARMM>    read para card flex append

          PARAMETER FILE BEING READ FROM UNIT 98
 RDTITL> * RETINAL/RETINOL AND RELATED PARAMETERS
 RDTITL> *
 PARMIO> NONBOND, HBOND lists and IMAGE atoms cleared.
  
 CHARMM>     
  
 VCLOSE: Closing unit   98 with status "KEEP"

                    RETURNING TO INPUT STREAM    99
  
 CHARMM>    stream toppar/toppar_all36_prot_model.str
 VOPEN> Attempting to open::toppar/toppar_all36_prot_model.str::
 OPNLGU> Unit 98 opened for READONLY access to toppar/toppar_all36_prot_model.str

                    INPUT STREAM SWITCHING TO UNIT    98
 RDTITL> *>> ALL-HYDROGEN TOPOLOGY FOR SMALL MODEL COMPOUNDS USED IN THE <<
 RDTITL> *>> DEVELOPMENT OF THE CHARMM22 PROTEIN ALL-HYDROGEN PARAMETERS <<
 RDTITL> *>>>>>>>>>>>>>>>>>>>>>>> JULY 1997 <<<<<<<<<<<<<<<<<<<<<<<<<<<<<<<
 RDTITL> *>>>>>>>> DIRECT COMMENTS TO ALEXANDER D. MACKERELL JR. <<<<<<<<<<
 RDTITL> *>>>>>>>>>>>>>>> PARAMETER FORUM, WWW.CHARMM.ORG <<<<<<<<<<<<<<<<<
 RDTITL> *CONVERTED TO STREAM FORMAT, DECEMBER 2003
 RDTITL> *CONVERTED TO CHARMM36 PROTEIN ATOM TYPES, MAY 2011
 RDTITL> *
 Parameter: IN1 <- "" <empty>
  
 CHARMM>     
  
 CHARMM>    !Parent files that have to be read prior to streaming this file
 CHARMM>    !top_all36_prot.rtf
 CHARMM>    !par_all36_prot.prm
 CHARMM>    !
 CHARMM>    !Testcase
 CHARMM>    !test_all36_prot_model.inp
 CHARMM>     
  
 CHARMM>    !changes after 9/98
 CHARMM>    !
 CHARMM>    !change alkene HA1 and HA2 to HE1 and HE2
 CHARMM>    !
 CHARMM>    !improper atom ordering corrected
 CHARMM>    !
 CHARMM>    !version b5i to be consistent with protein toppar files
 CHARMM>    !
 CHARMM>    !Heme vinyl groups upgraded based on new butene parameters
 CHARMM>    !
 CHARMM>     
  
 CHARMM>    ! references
 CHARMM>    !
 CHARMM>    !PROTEINS
 CHARMM>    !
 CHARMM>    !MacKerell, Jr., A. D.; Bashford, D.; Bellott, M.; Dunbrack Jr., R.L.;
 CHARMM>    !Evanseck, J.D.; Field, M.J.; Fischer, S.; Gao, J.; Guo, H.; Ha, S.;
 CHARMM>    !Joseph-McCarthy, D.; Kuchnir, L.; Kuczera, K.; Lau, F.T.K.; Mattos,
 CHARMM>    !C.; Michnick, S.; Ngo, T.; Nguyen, D.T.; Prodhom, B.; Reiher, III,
 CHARMM>    !W.E.; Roux, B.; Schlenkrich, M.; Smith, J.C.; Stote, R.; Straub, J.;
 CHARMM>    !Watanabe, M.; Wiorkiewicz-Kuczera, J.; Yin, D.; Karplus, M.  All-atom
 CHARMM>    !empirical potential for molecular modeling and dynamics Studies of
 CHARMM>    !proteins.  Journal of Physical Chemistry B, 1998, 102, 3586-3616.
 CHARMM>     
  
 CHARMM>    read rtf card append
 MAINIO> Residue topology file being read from unit  98.
 RDTITL> * TOPOLOGY FOR PROTEIN RELATED MODEL COMPOUNDS
 RDTITL> *
*** WARNING **** residue ACET already exists (old one deleted)

      ***** LEVEL  1 WARNING FROM <RTFRDR> *****
      ***** Residue already exists.
      ******************************************
      BOMLEV (  0) IS NOT REACHED. WRNLEV IS  5

          RESI ACET       -1.00
*** WARNING **** residue PROA already exists (old one deleted)

      ***** LEVEL  1 WARNING FROM <RTFRDR> *****
      ***** Residue already exists.
      ******************************************
      BOMLEV (  0) IS NOT REACHED. WRNLEV IS  5

          RESI PROA       -1.00
*** WARNING **** residue GUAN already exists (old one deleted)

      ***** LEVEL  1 WARNING FROM <RTFRDR> *****
      ***** Residue already exists.
      ******************************************
      BOMLEV (  0) IS NOT REACHED. WRNLEV IS  5

          RESI GUAN        1.00
*** WARNING **** residue MGUA already exists (old one deleted)

      ***** LEVEL  1 WARNING FROM <RTFRDR> *****
      ***** Residue already exists.
      ******************************************
      BOMLEV (  0) IS NOT REACHED. WRNLEV IS  5

          RESI MGUA        1.00
*** WARNING **** residue GLYN already exists (old one deleted)

      ***** LEVEL  1 WARNING FROM <RTFRDR> *****
      ***** Residue already exists.
      ******************************************
      BOMLEV (  0) IS NOT REACHED. WRNLEV IS  5

          RESI GLYN         0.00
*** WARNING **** residue MAMM already exists (old one deleted)

      ***** LEVEL  1 WARNING FROM <RTFRDR> *****
      ***** Residue already exists.
      ******************************************
      BOMLEV (  0) IS NOT REACHED. WRNLEV IS  5

          RESI MAMM        1.00
*** WARNING **** residue EAMM already exists (old one deleted)

      ***** LEVEL  1 WARNING FROM <RTFRDR> *****
      ***** Residue already exists.
      ******************************************
      BOMLEV (  0) IS NOT REACHED. WRNLEV IS  5

          RESI EAMM        1.00
*** WARNING **** residue ACEH already exists (old one deleted)

      ***** LEVEL  1 WARNING FROM <RTFRDR> *****
      ***** Residue already exists.
      ******************************************
      BOMLEV (  0) IS NOT REACHED. WRNLEV IS  5

          RESI ACEH        0.00
*** WARNING **** residue MEOH already exists (old one deleted)

      ***** LEVEL  1 WARNING FROM <RTFRDR> *****
      ***** Residue already exists.
      ******************************************
      BOMLEV (  0) IS NOT REACHED. WRNLEV IS  5

          RESI MEOH        0.00
*** WARNING **** residue METO already exists (old one deleted)

      ***** LEVEL  1 WARNING FROM <RTFRDR> *****
      ***** Residue already exists.
      ******************************************
      BOMLEV (  0) IS NOT REACHED. WRNLEV IS  5

          RESI METO       -1.00
*** WARNING **** residue ETOH already exists (old one deleted)

      ***** LEVEL  1 WARNING FROM <RTFRDR> *****
      ***** Residue already exists.
      ******************************************
      BOMLEV (  0) IS NOT REACHED. WRNLEV IS  5

          RESI ETOH        0.00
*** WARNING **** residue ETO  already exists (old one deleted)

      ***** LEVEL  1 WARNING FROM <RTFRDR> *****
      ***** Residue already exists.
      ******************************************
      BOMLEV (  0) IS NOT REACHED. WRNLEV IS  5

          RESI ETO        -1.00
*** WARNING **** residue PRO2 already exists (old one deleted)

      ***** LEVEL  1 WARNING FROM <RTFRDR> *****
      ***** Residue already exists.
      ******************************************
      BOMLEV (  0) IS NOT REACHED. WRNLEV IS  5

          RESI PRO2        0.00
*** WARNING **** residue FORM already exists (old one deleted)

      ***** LEVEL  1 WARNING FROM <RTFRDR> *****
      ***** Residue already exists.
      ******************************************
      BOMLEV (  0) IS NOT REACHED. WRNLEV IS  5

          RESI FORM        0.00
*** WARNING **** residue ACEM already exists (old one deleted)

      ***** LEVEL  1 WARNING FROM <RTFRDR> *****
      ***** Residue already exists.
      ******************************************
      BOMLEV (  0) IS NOT REACHED. WRNLEV IS  5

          RESI ACEM        0.00
*** WARNING **** residue NMA  already exists (old one deleted)

      ***** LEVEL  1 WARNING FROM <RTFRDR> *****
      ***** Residue already exists.
      ******************************************
      BOMLEV (  0) IS NOT REACHED. WRNLEV IS  5

          RESI NMA         0.00
*** WARNING **** residue MESH already exists (old one deleted)

      ***** LEVEL  1 WARNING FROM <RTFRDR> *****
      ***** Residue already exists.
      ******************************************
      BOMLEV (  0) IS NOT REACHED. WRNLEV IS  5

          RESI MESH        0.00
*** WARNING **** residue MES1 already exists (old one deleted)

      ***** LEVEL  1 WARNING FROM <RTFRDR> *****
      ***** Residue already exists.
      ******************************************
      BOMLEV (  0) IS NOT REACHED. WRNLEV IS  5

          RESI MES1       -1.00
*** WARNING **** residue ETSH already exists (old one deleted)

      ***** LEVEL  1 WARNING FROM <RTFRDR> *****
      ***** Residue already exists.
      ******************************************
      BOMLEV (  0) IS NOT REACHED. WRNLEV IS  5

          RESI ETSH        0.00
*** WARNING **** residue ES1  already exists (old one deleted)

      ***** LEVEL  1 WARNING FROM <RTFRDR> *****
      ***** Residue already exists.
      ******************************************
      BOMLEV (  0) IS NOT REACHED. WRNLEV IS  5

          RESI ES1        -1.00
*** WARNING **** residue DMDS already exists (old one deleted)

      ***** LEVEL  1 WARNING FROM <RTFRDR> *****
      ***** Residue already exists.
      ******************************************
      BOMLEV (  0) IS NOT REACHED. WRNLEV IS  5

          RESI DMDS        0.00
*** WARNING **** residue DEDS already exists (old one deleted)

      ***** LEVEL  1 WARNING FROM <RTFRDR> *****
      ***** Residue already exists.
      ******************************************
      BOMLEV (  0) IS NOT REACHED. WRNLEV IS  5

          RESI DEDS        0.00
*** WARNING **** residue EMS  already exists (old one deleted)

      ***** LEVEL  1 WARNING FROM <RTFRDR> *****
      ***** Residue already exists.
      ******************************************
      BOMLEV (  0) IS NOT REACHED. WRNLEV IS  5

          RESI EMS         0.00
*** WARNING **** residue IMIA already exists (old one deleted)

      ***** LEVEL  1 WARNING FROM <RTFRDR> *****
      ***** Residue already exists.
      ******************************************
      BOMLEV (  0) IS NOT REACHED. WRNLEV IS  5

          RESI IMIA        0.00
*** WARNING **** residue MIMI already exists (old one deleted)

      ***** LEVEL  1 WARNING FROM <RTFRDR> *****
      ***** Residue already exists.
      ******************************************
      BOMLEV (  0) IS NOT REACHED. WRNLEV IS  5

          RESI MIMI        0.00
*** WARNING **** residue EIMI already exists (old one deleted)

      ***** LEVEL  1 WARNING FROM <RTFRDR> *****
      ***** Residue already exists.
      ******************************************
      BOMLEV (  0) IS NOT REACHED. WRNLEV IS  5

          RESI EIMI        0.00
*** WARNING **** residue IMIM already exists (old one deleted)

      ***** LEVEL  1 WARNING FROM <RTFRDR> *****
      ***** Residue already exists.
      ******************************************
      BOMLEV (  0) IS NOT REACHED. WRNLEV IS  5

          RESI IMIM        1.00
*** WARNING **** residue EIMM already exists (old one deleted)

      ***** LEVEL  1 WARNING FROM <RTFRDR> *****
      ***** Residue already exists.
      ******************************************
      BOMLEV (  0) IS NOT REACHED. WRNLEV IS  5

          RESI EIMM        1.00
*** WARNING **** residue BENZ already exists (old one deleted)

      ***** LEVEL  1 WARNING FROM <RTFRDR> *****
      ***** Residue already exists.
      ******************************************
      BOMLEV (  0) IS NOT REACHED. WRNLEV IS  5

          RESI BENZ        0.00
*** WARNING **** residue EBEN already exists (old one deleted)

      ***** LEVEL  1 WARNING FROM <RTFRDR> *****
      ***** Residue already exists.
      ******************************************
      BOMLEV (  0) IS NOT REACHED. WRNLEV IS  5

          RESI EBEN         0.00
*** WARNING **** residue PHEN already exists (old one deleted)

      ***** LEVEL  1 WARNING FROM <RTFRDR> *****
      ***** Residue already exists.
      ******************************************
      BOMLEV (  0) IS NOT REACHED. WRNLEV IS  5

          RESI PHEN        0.00
*** WARNING **** residue EPHE already exists (old one deleted)

      ***** LEVEL  1 WARNING FROM <RTFRDR> *****
      ***** Residue already exists.
      ******************************************
      BOMLEV (  0) IS NOT REACHED. WRNLEV IS  5

          RESI EPHE        0.00
*** WARNING **** residue PHEO already exists (old one deleted)

      ***** LEVEL  1 WARNING FROM <RTFRDR> *****
      ***** Residue already exists.
      ******************************************
      BOMLEV (  0) IS NOT REACHED. WRNLEV IS  5

          RESI PHEO       -1.00
*** WARNING **** residue INDO already exists (old one deleted)

      ***** LEVEL  1 WARNING FROM <RTFRDR> *****
      ***** Residue already exists.
      ******************************************
      BOMLEV (  0) IS NOT REACHED. WRNLEV IS  5

          RESI INDO        0.00
*** WARNING **** residue EIND already exists (old one deleted)

      ***** LEVEL  1 WARNING FROM <RTFRDR> *****
      ***** Residue already exists.
      ******************************************
      BOMLEV (  0) IS NOT REACHED. WRNLEV IS  5

          RESI EIND        0.00
*** WARNING **** residue PDIP already exists (old one deleted)

      ***** LEVEL  1 WARNING FROM <RTFRDR> *****
      ***** Residue already exists.
      ******************************************
      BOMLEV (  0) IS NOT REACHED. WRNLEV IS  5

          RESI PDIP        0.00
*** WARNING **** residue ETHA already exists (old one deleted)

      ***** LEVEL  1 WARNING FROM <RTFRDR> *****
      ***** Residue already exists.
      ******************************************
      BOMLEV (  0) IS NOT REACHED. WRNLEV IS  5

          RESI ETHA        0.00
*** WARNING **** residue PRPA already exists (old one deleted)

      ***** LEVEL  1 WARNING FROM <RTFRDR> *****
      ***** Residue already exists.
      ******************************************
      BOMLEV (  0) IS NOT REACHED. WRNLEV IS  5

          RESI PRPA        0.00
*** WARNING **** residue IBUT already exists (old one deleted)

      ***** LEVEL  1 WARNING FROM <RTFRDR> *****
      ***** Residue already exists.
      ******************************************
      BOMLEV (  0) IS NOT REACHED. WRNLEV IS  5

          RESI IBUT        0.00
*** WARNING **** residue OCOH already exists (old one deleted)

      ***** LEVEL  1 WARNING FROM <RTFRDR> *****
      ***** Residue already exists.
      ******************************************
      BOMLEV (  0) IS NOT REACHED. WRNLEV IS  5

          RESI OCOH    0.0
*** WARNING **** residue CO3  already exists (old one deleted)

      ***** LEVEL  1 WARNING FROM <RTFRDR> *****
      ***** Residue already exists.
      ******************************************
      BOMLEV (  0) IS NOT REACHED. WRNLEV IS  5

          RESI CO3  -2.0
*** WARNING **** residue C3   already exists (old one deleted)

      ***** LEVEL  1 WARNING FROM <RTFRDR> *****
      ***** Residue already exists.
      ******************************************
      BOMLEV (  0) IS NOT REACHED. WRNLEV IS  5

          RESI C3    0.00
 There were  42 warning(s) from RTFRDR.
  
 CHARMM>     
  
 CHARMM>    read para card flex append

          PARAMETER FILE BEING READ FROM UNIT 98
 RDTITL>  
 RDTITL> No title read.
 PARMIO> NONBOND, HBOND lists and IMAGE atoms cleared.
  
 CHARMM>     
  
 CHARMM>    return
 VCLOSE: Closing unit   98 with status "KEEP"

                    RETURNING TO INPUT STREAM    99
  
 CHARMM>    stream toppar/toppar_all36_prot_modify_res.str
 VOPEN> Attempting to open::toppar/toppar_all36_prot_modify_res.str::
 OPNLGU> Unit 98 opened for READONLY access to toppar/toppar_all36_prot_modify_res.str

                    INPUT STREAM SWITCHING TO UNIT    98
 RDTITL> * TOPPAR FILE FOR VARIOUS MODIFIED RESIDUES AND PATCHES, INCLUDING
 RDTITL> * PATCHES TO COVALENTLY LINK RESIDUES TO IONS TO WORK WITH THE
 RDTITL> * ADDITIVE C36 PROTEIN FORCE FIELD
 RDTITL> * REQUIRES CGENFF PARAMETER FILE
 RDTITL> *
 Parameter: IN1 <- "" <empty>
  
 CHARMM>     
  
 CHARMM>    !Acetyllysine (ALY)
 CHARMM>    !Norleucine (NLE) and
 CHARMM>    ! residues and patches for Zn-protein interactions modeled using
 CHARMM>    ! bond and angles between the protein and Zn.
 CHARMM>     
  
 CHARMM>    !non-standard amino acids: 2021
 CHARMM>    !Croitoru, A., Park, S.-J., Kumar, A., Lee, J., Im, Wonpil; MacKerell,
 CHARMM>    !A.D., Jr., and Aleksandrov, A. Additive CHARMM36 Force Field for
 CHARMM>    !Nonstandard Amino Acids, Journal of Chemical Theory and Computation,
 CHARMM>    !17:3554-3570, doi: 10.1021/acs.jctc.1c00254.
 CHARMM>     
  
 CHARMM>    read rtf card append
 MAINIO> Residue topology file being read from unit  98.
 RDTITL> * TOPPAR FILE PROTEIN MODIFICATIONS
 RDTITL> *
*** WARNING **** residue CGU  already exists (old one deleted)

      ***** LEVEL  1 WARNING FROM <RTFRDR> *****
      ***** Residue already exists.
      ******************************************
      BOMLEV (  0) IS NOT REACHED. WRNLEV IS  5

          RESI CGU              -2.000
*** WARNING **** residue CME  already exists (old one deleted)

      ***** LEVEL  1 WARNING FROM <RTFRDR> *****
      ***** Residue already exists.
      ******************************************
      BOMLEV (  0) IS NOT REACHED. WRNLEV IS  5

          RESI CME               0.000
*** WARNING **** residue HIC  already exists (old one deleted)

      ***** LEVEL  1 WARNING FROM <RTFRDR> *****
      ***** Residue already exists.
      ******************************************
      BOMLEV (  0) IS NOT REACHED. WRNLEV IS  5

          RESI HIC               0.000
*** WARNING **** residue HICP already exists (old one deleted)

      ***** LEVEL  1 WARNING FROM <RTFRDR> *****
      ***** Residue already exists.
      ******************************************
      BOMLEV (  0) IS NOT REACHED. WRNLEV IS  5

          RESI HICP              1.000
*** WARNING **** residue CGUP already exists (old one deleted)

      ***** LEVEL  1 WARNING FROM <RTFRDR> *****
      ***** Residue already exists.
      ******************************************
      BOMLEV (  0) IS NOT REACHED. WRNLEV IS  5

          RESI CGUP             -1.000
 There were   5 warning(s) from RTFRDR.
  
 CHARMM>     
  
 CHARMM>    read para card append flex

          PARAMETER FILE BEING READ FROM UNIT 98
 RDTITL>  
 RDTITL> No title read.
 PARMIO> NONBOND, HBOND lists and IMAGE atoms cleared.
  
 CHARMM>     
  
 CHARMM>    return
 VCLOSE: Closing unit   98 with status "KEEP"

                    RETURNING TO INPUT STREAM    99
  
 CHARMM>     
  
 CHARMM>    ! Additional topologies and parameters for nucleic acids
 CHARMM>    stream toppar/toppar_all36_na_nad_ppi.str
 VOPEN> Attempting to open::toppar/toppar_all36_na_nad_ppi.str::
 OPNLGU> Unit 98 opened for READONLY access to toppar/toppar_all36_na_nad_ppi.str

                    INPUT STREAM SWITCHING TO UNIT    98
 RDTITL> * CHARMM36 ALL-HYDROGEN NUCLEIC ACID FORCE TOPPAR STREAM FILE
 RDTITL> * NAD+, NADH, ADP, ATP, PPI AND RELATED ANALOGS
 RDTITL> * A.D. MACKERELL, JR., JULY 2001
 RDTITL> * STREAM FOLLOWING RTF AND PARAM READ OF
 RDTITL> *
 Parameter: IN1 <- "" <empty>
  
 CHARMM>     
  
 CHARMM>    !Update, 2015/1, nomenclature for NAD+ etc. consistent with PDB
 CHARMM>     
  
 CHARMM>    !Parent files that have to be read prior to streaming this file
 CHARMM>    !top_all36_na.rtf
 CHARMM>    !par_all36_na.prm
 CHARMM>     
  
 CHARMM>    !Testcase
 CHARMM>    !test_all36_na_nad_ppi.inp
 CHARMM>     
  
 CHARMM>    !Reference
 CHARMM>    !Pavelites, J.J., Bash, P.A., Gao, J., and MacKerell, Jr.,
 CHARMM>    !A.D. A Molecular Mechanics Force Field for NAD+, NADH and the
 CHARMM>    !Pyrophosphate Groups of Nucleotides, Journal of Computational
 CHARMM>    !Chemistry, 1997, 18: 221-239.
 CHARMM>     
  
 CHARMM>    read rtf card append
 MAINIO> Residue topology file being read from unit  98.
 RDTITL> * NAD, PPI TOPOLOGY
 RDTITL> *
*** WARNING **** residue NIC  already exists (old one deleted)

      ***** LEVEL  1 WARNING FROM <RTFRDR> *****
      ***** Residue already exists.
      ******************************************
      BOMLEV (  0) IS NOT REACHED. WRNLEV IS  5

          RESI NIC         1.00
*** WARNING **** residue NICH already exists (old one deleted)

      ***** LEVEL  1 WARNING FROM <RTFRDR> *****
      ***** Residue already exists.
      ******************************************
      BOMLEV (  0) IS NOT REACHED. WRNLEV IS  5

          RESI NICH         0.00
*** WARNING **** residue PPI1 already exists (old one deleted)

      ***** LEVEL  1 WARNING FROM <RTFRDR> *****
      ***** Residue already exists.
      ******************************************
      BOMLEV (  0) IS NOT REACHED. WRNLEV IS  5

          RESI PPI1        -3.00
*** WARNING **** residue PPI2 already exists (old one deleted)

      ***** LEVEL  1 WARNING FROM <RTFRDR> *****
      ***** Residue already exists.
      ******************************************
      BOMLEV (  0) IS NOT REACHED. WRNLEV IS  5

          RESI PPI2        -2.00
*** WARNING **** residue AMP  already exists (old one deleted)

      ***** LEVEL  1 WARNING FROM <RTFRDR> *****
      ***** Residue already exists.
      ******************************************
      BOMLEV (  0) IS NOT REACHED. WRNLEV IS  5

          RESI AMP         -2.00
*** WARNING **** residue ADP  already exists (old one deleted)

      ***** LEVEL  1 WARNING FROM <RTFRDR> *****
      ***** Residue already exists.
      ******************************************
      BOMLEV (  0) IS NOT REACHED. WRNLEV IS  5

          RESI ADP         -3.00
*** WARNING **** residue ATP  already exists (old one deleted)

      ***** LEVEL  1 WARNING FROM <RTFRDR> *****
      ***** Residue already exists.
      ******************************************
      BOMLEV (  0) IS NOT REACHED. WRNLEV IS  5

          RESI ATP         -4.00
*** WARNING **** residue 5DP  already exists (old one deleted)

      ***** LEVEL  1 WARNING FROM <RTFRDR> *****
      ***** Residue already exists.
      ******************************************
      BOMLEV (  0) IS NOT REACHED. WRNLEV IS  5

          PRES 5DP         -3.00
*** WARNING **** residue NAD  already exists (old one deleted)

      ***** LEVEL  1 WARNING FROM <RTFRDR> *****
      ***** Residue already exists.
      ******************************************
      BOMLEV (  0) IS NOT REACHED. WRNLEV IS  5

          RESI NAD         -1.00
*** WARNING **** residue NADH already exists (old one deleted)

      ***** LEVEL  1 WARNING FROM <RTFRDR> *****
      ***** Residue already exists.
      ******************************************
      BOMLEV (  0) IS NOT REACHED. WRNLEV IS  5

          RESI NADH        -2.00
*** WARNING **** residue NADP already exists (old one deleted)

      ***** LEVEL  1 WARNING FROM <RTFRDR> *****
      ***** Residue already exists.
      ******************************************
      BOMLEV (  0) IS NOT REACHED. WRNLEV IS  5

          RESI NADP        -2.00
*** WARNING **** residue NDPH already exists (old one deleted)

      ***** LEVEL  1 WARNING FROM <RTFRDR> *****
      ***** Residue already exists.
      ******************************************
      BOMLEV (  0) IS NOT REACHED. WRNLEV IS  5

          RESI NDPH        -3.00
 There were  12 warning(s) from RTFRDR.
  
 CHARMM>     
  
 CHARMM>    read para card flex append

          PARAMETER FILE BEING READ FROM UNIT 98
 RDTITL> * NAD, PPI PARAMETERS
 RDTITL> *
 PARMIO> NONBOND, HBOND lists and IMAGE atoms cleared.
  
 CHARMM>     
  
 CHARMM>     
  
 VCLOSE: Closing unit   98 with status "KEEP"

                    RETURNING TO INPUT STREAM    99
  
 CHARMM>    stream toppar/toppar_all36_na_rna_modified.str
 VOPEN> Attempting to open::toppar/toppar_all36_na_rna_modified.str::
 OPNLGU> Unit 98 opened for READONLY access to toppar/toppar_all36_na_rna_modified.str

                    INPUT STREAM SWITCHING TO UNIT    98
 RDTITL> * ADDITIVE CHARMM FORCE FIELD FOR MODIFIED RIBONUCLEIC ACIDS, INCLUDING
 RDTITL> * THOSE FOUNDS IN TRNA. YOU XU, KAROLINSKA INSTITUTET, 2015.
 RDTITL> * |
 RDTITL> * WARNING: PARAMETERS AND ATOM TYPE ASSIGNMENTS IN THIS FILE ARE SPECIFIC
 RDTITL> * FOR THESE COMPOUNDS AND SHOULD UNDER NO CIRCUMSTANCES BE APPLIED TO
 RDTITL> * OTHER ORGANIC MOLECULES
 RDTITL> *
 Parameter: IN1 <- "" <empty>
  
 CHARMM>     
  
 CHARMM>    ! Xu, Y., Vanommeslaeghe, K., Aleksandrov, A., MacKerell, A.D.,
 CHARMM>    ! Jr. Nilsson, L., “Additive CHARMM force field for naturally
 CHARMM>    ! occurring modified ribonucleotides,” Journal of Computational
 CHARMM>    !  Chemistry, DOI: 10.1002/jcc.24307, 2016
 CHARMM>     
  
 CHARMM>    ! Should be used with parent files CGenFF: top_all36_cgenff.inp and par_all36_cgenff.inp
 CHARMM>    !                                    NA36: top_all36_na.inp and par_all36_na.inp
 CHARMM>    !                              and Carb36: top_all36_carb.inp and par_all36_carb.inp
 CHARMM>    !
 CHARMM>     
  
 CHARMM>    read rtf card append
 MAINIO> Residue topology file being read from unit  98.
 RDTITL> * TOPOLOGIES OF MODIFIED NUCLEOTIDES
 RDTITL> *
*** WARNING **** residue BUG  already exists (old one deleted)

      ***** LEVEL  1 WARNING FROM <RTFRDR> *****
      ***** Residue already exists.
      ******************************************
      BOMLEV (  0) IS NOT REACHED. WRNLEV IS  5

          RESI BUG           -1.00
 There were   1 warning(s) from RTFRDR.
  
 CHARMM>     
  
 CHARMM>    read param card flex append

          PARAMETER FILE BEING READ FROM UNIT 98
 RDTITL> * ADDITIVE CHARMM PARAMETERS FOR MODIFIED NUCLEIC ACIDS, BETA VERSION
 RDTITL> * YOU XU, KAROLINSKA INSTITUTET, 2015.
 RDTITL> *
 PARMIO> NONBOND, HBOND lists and IMAGE atoms cleared.
  
 CHARMM>    RETURN
 VCLOSE: Closing unit   98 with status "KEEP"

                    RETURNING TO INPUT STREAM    99
  
 CHARMM>     
  
 CHARMM>    ! Additional topologies and parameters for lipids
 CHARMM>    stream toppar/toppar_all36_lipid_sphingo.str
 VOPEN> Attempting to open::toppar/toppar_all36_lipid_sphingo.str::
 OPNLGU> Unit 98 opened for READONLY access to toppar/toppar_all36_lipid_sphingo.str

                    INPUT STREAM SWITCHING TO UNIT    98
 RDTITL> * TOPPAR STREAM FOR CERAMIDES AND SPINGOMYELINS; REQUIRES FLEX FORMAT FILES
 RDTITL> * TOP_ALL36_LIPID.RTF AND PAR_ALL36_LIPID.PRM
 RDTITL> *
 Parameter: IN1 <- "" <empty>
  
 CHARMM>     
  
 CHARMM>    ! REFERENCES
 CHARMM>    !
 CHARMM>    ! PSM and SSM Lipids
 CHARMM>    !
 CHARMM>    ! Venable, R. M.; Sodt, A. J.; Rogaski, B.; Rui, H.; Hatcher, E.; MacKerell, A. D.;
 CHARMM>    ! Pastor, R. W.; Klauda, J. B., CHARMM All-Atom Additive Force Field for Sphingomyelin:
 CHARMM>    ! Elucidation of Hydrogen Bonding and of Positive Curvature. Biophys. J. 2014, 107 (1), 134-145
 CHARMM>    !
 CHARMM>    ! Ceramide
 CHARMM>    !
 CHARMM>    ! Submited by Sam Tonddast-Navaei of U. Cincinnati. Advised by Russell Devane
 CHARMM>    ! Tested by Eric Wang of U. Maryland. Advised by Jeffery Klauda
 CHARMM>    !
 CHARMM>    !
 CHARMM>    ! CerAP/Cer6, CerNP/Cer3, and CerEOS/Cer1
 CHARMM>    !
 CHARMM>    ! Wang, E.; Klauda, J. B., Structure and Permeability of Ceramide Bilayers and Multilayers.
 CHARMM>    ! J. Phys. Chem. B., 2019, 123, 11, 2525-2535
 CHARMM>    ! Wang, E.; Klauda, J. B., Molecular Structure of the Long Periodicity Phase in the Stratum Corneum.
 CHARMM>    ! J. Amer. Chem. Soc., 2019. 141, 42, 16930-16943
 CHARMM>     
  
 CHARMM>    set nat ?NATC
 RDCMND substituted energy or value "?NATC" to "587"
 Parameter: NAT <- "587"
  
 CHARMM>    set app
 Parameter: APP <- "" <empty>
  
 CHARMM>    !We're exploiting what is arguably a bug in the parser. On the left hand side,
 CHARMM>    !the quotes have proirity, so NAT is correctly substituted. On the right hand
 CHARMM>    !side, the ? has priority and NATC" (sic) is not a valid substitution...
 CHARMM>    if "@NAT" ne "?NATC" if @nat ne 0 set app append
 Parameter: NAT -> "587"
 Parameter: NAT -> "587"
 RDCMND: can not substitute energy "?NATC""
 Comparing ""587"" and ""?NATC"".
 IF test evaluated as true.  Performing command
 Comparing "587" and "0".
 IF test evaluated as true.  Performing command
 Parameter: APP <- "APPEND"
  
 CHARMM>     
  
 CHARMM>    read rtf card @app
 Parameter: APP -> "APPEND"
 MAINIO> Residue topology file being read from unit  98.
 RDTITL> * CER/SM RESIDUES
 RDTITL> *
  
 CHARMM>     
  
 CHARMM>    read para card flex @app
 Parameter: APP -> "APPEND"

          PARAMETER FILE BEING READ FROM UNIT 98
 RDTITL> * NEW PARAMETERS
 RDTITL> *
 PARRDR> Error: Repeated DIHE parameter ( 35897): NHL   C     CTO1  HAL1 is replaced
 PARRDR> Error: Repeated DIHE parameter ( 35918): O     C     CTO1  HAL1 is replaced
 PARMIO> NONBOND, HBOND lists and IMAGE atoms cleared.
  
 CHARMM>     
  
 CHARMM>    return
 VCLOSE: Closing unit   98 with status "KEEP"

                    RETURNING TO INPUT STREAM    99
  
 CHARMM>    stream toppar/toppar_all36_lipid_archaeal.str
 VOPEN> Attempting to open::toppar/toppar_all36_lipid_archaeal.str::
 OPNLGU> Unit 98 opened for READONLY access to toppar/toppar_all36_lipid_archaeal.str

                    INPUT STREAM SWITCHING TO UNIT    98
 RDTITL> * TOPPAR STREAM FILE FOR ARCHAEAL LIPIDS.
 RDTITL> *
 Parameter: IN1 <- "" <empty>
  
 CHARMM>     
  
 CHARMM>    ! This is an on-going file of archaeal lipids
 CHARMM>    ! I am adding meanquinone-7 now
 CHARMM>     
  
 CHARMM>    read rtf card append
 MAINIO> Residue topology file being read from unit  98.
 RDTITL> * ARCHAEAL LIPIDS
 RDTITL> *
  
 CHARMM>     
  
 CHARMM>    read param card flex append

          PARAMETER FILE BEING READ FROM UNIT 98
 RDTITL> * PARAMETERS GENERATED BY ANALOGY BY CGENFF
 RDTITL> *
 PARRDR> Error: Repeated ANGLE parameter (  2127): CG2D  CG2O  CG2R is replaced
 PARRDR> Error: Repeated ANGLE parameter (  3250): CG2R  CG2R  CG2R is replaced
 PARRDR> Error: Repeated DIHE parameter (  8556): CG2D  CG2O  CG2R  CG2R is replaced
 PARRDR> Error: Repeated DIHE parameter ( 13933): CG2R  CG2R  CG2R  CG2R is replaced
 PARRDR> Error: Repeated DIHE parameter ( 13843): OG30  CG2R  CG2R  OG31 is replaced
 PARRDR> Error: Repeated DIHE parameter ( 13842): OG30  CG2R  CG2R  OG30 is replaced
 PARRDR> Error: Repeated IMPH parameter (   325): CG2O  CG2D  CG2R  OG2D is replaced
 PARMIO> NONBOND, HBOND lists and IMAGE atoms cleared.
  
 CHARMM>     
  
 CHARMM>    RETURN
 VCLOSE: Closing unit   98 with status "KEEP"

                    RETURNING TO INPUT STREAM    99
  
 CHARMM>    stream toppar/toppar_all36_lipid_bacterial.str
 VOPEN> Attempting to open::toppar/toppar_all36_lipid_bacterial.str::
 OPNLGU> Unit 98 opened for READONLY access to toppar/toppar_all36_lipid_bacterial.str

                    INPUT STREAM SWITCHING TO UNIT    98
 RDTITL> * TOPPAR STREAM FILE FOR BRANCHED AND CYCLIC CHAINED LIPIDS.  FOLLOWING READING OF
 RDTITL> * TOP_ALL36_LIPID.RTF
 RDTITL> * AND
 RDTITL> * PAR_ALL36_LIPID.RTF
 RDTITL> *
 Parameter: IN1 <- "" <empty>
  
 CHARMM>     
  
 CHARMM>    ! REFERENCES
 CHARMM>    !
 CHARMM>    ! Branched Lipids
 CHARMM>    !
 CHARMM>    ! Lim, J.B. & Klauda, J.B. Branching at the Iso- and Anteiso- Positions in Complex Chlamydia
 CHARMM>    ! Membranes: A Molecular Dynamics Study. Biochimica et Biophysica Acta (BBA) - Biomembranes
 CHARMM>    ! 1808:323-331 (2011).
 CHARMM>    !
 CHARMM>    ! Cyclic-replacement of double bond
 CHARMM>    !
 CHARMM>    ! Pandit, K.R. & Klauda, J.B. Membrane models of E. coli containing cyclic moieties in
 CHARMM>    ! the aliphatic lipid chain. Biochimica et Biophysica Acta (BBA) - Biomembranes
 CHARMM>    ! 1818:1205-1210 (2012).
 CHARMM>    !
 CHARMM>     
  
 CHARMM>    set nat ?NATC
 RDCMND substituted energy or value "?NATC" to "592"
 Parameter: NAT <- "592"
  
 CHARMM>    set app
 Parameter: APP <- "" <empty>
  
 CHARMM>    !We're exploiting what is arguably a bug in the parser. On the left hand side,
 CHARMM>    !the quotes have proirity, so NAT is correctly substituted. On the right hand
 CHARMM>    !side, the ? has priority and NATC" (sic) is not a valid substitution...
 CHARMM>    if "@NAT" ne "?NATC" if @nat ne 0 set app append
 Parameter: NAT -> "592"
 Parameter: NAT -> "592"
 RDCMND: can not substitute energy "?NATC""
 Comparing ""592"" and ""?NATC"".
 IF test evaluated as true.  Performing command
 Comparing "592" and "0".
 IF test evaluated as true.  Performing command
 Parameter: APP <- "APPEND"
  
 CHARMM>     
  
 CHARMM>    read rtf card @app
 Parameter: APP -> "APPEND"
 MAINIO> Residue topology file being read from unit  98.
 RDTITL> * CHOLESTEROL RESIDUES
 RDTITL> *
  
 CHARMM>     
  
 CHARMM>    read para card flex @app
 Parameter: APP -> "APPEND"

          PARAMETER FILE BEING READ FROM UNIT 98
 RDTITL> * NEW PARAMETERS
 RDTITL> *
 PARMIO> NONBOND, HBOND lists and IMAGE atoms cleared.
  
 CHARMM>     
  
 CHARMM>    return
 VCLOSE: Closing unit   98 with status "KEEP"

                    RETURNING TO INPUT STREAM    99
  
 CHARMM>    stream toppar/toppar_all36_lipid_cardiolipin.str
 VOPEN> Attempting to open::toppar/toppar_all36_lipid_cardiolipin.str::
 OPNLGU> Unit 98 opened for READONLY access to toppar/toppar_all36_lipid_cardiolipin.str

                    INPUT STREAM SWITCHING TO UNIT    98
 RDTITL> READ RTF CARD APPEND FLEX
 RDTITL> No title read.
 Parameter: IN1 <- "" <empty>
  
 CHARMM>    read rtf card append flex
 MAINIO> Residue topology file being read from unit  98.
 RDTITL>  
 RDTITL> No title read.
 WARNING from DECODI -- Zero length string being converted to 0
 RTFRDR> WARNING: Version number is NOT specified.
  
 CHARMM>     
  
 CHARMM>    return
 VCLOSE: Closing unit   98 with status "KEEP"

                    RETURNING TO INPUT STREAM    99
  
 CHARMM>    stream toppar/toppar_all36_lipid_cholesterol.str
 VOPEN> Attempting to open::toppar/toppar_all36_lipid_cholesterol.str::
 OPNLGU> Unit 98 opened for READONLY access to toppar/toppar_all36_lipid_cholesterol.str

                    INPUT STREAM SWITCHING TO UNIT    98
 RDTITL> * TOPPAR STREAM FILE FOR CHOLESTEROL.  STREAM FOLLOWING READING OF
 RDTITL> * TOP_ALL36_LIPID.RTF
 RDTITL> * PAR_ALL36_LIPID.RTF
 RDTITL> * TOP_ALL36_CGENFF.RTF
 RDTITL> * AND PAR_ALL36_CGENFF.PRM
 RDTITL> *
 Parameter: IN1 <- "" <empty>
  
 CHARMM>     
  
 CHARMM>    !topology and parameters are included for two cholesterol models. the
 CHARMM>    !model may be selected by setting variable chol_model to 1 or 2, as
 CHARMM>    !specified below
 CHARMM>    !
 CHARMM>     
  
 CHARMM>    set chol_model 1 !2 for original Suits et al. model
 Parameter: CHOL_MODEL <- "1"
  
 CHARMM>     
  
 CHARMM>    !
 CHARMM>    !1) Revised model of Lim et al.  This contains a number of NBFIXes that
 CHARMM>    !makes it unsuitable for ANTON (set chol_model 1)
 CHARMM>    !
 CHARMM>    !2) Original model of Suits et al., which is used on ANTON as well as
 CHARMM>    !being suitable for other systems (set chol_model 2 (or anything but 1....))
 CHARMM>    !
 CHARMM>    !references
 CHARMM>    !
 CHARMM>    !Lim, J.B., Rogaski, B. and Klauda, J.B.. "Update of the Cholesterol Force Field
 CHARMM>    !Parameters in CHARMM" 116: 203-210 (2012).
 CHARMM>    !
 CHARMM>    !Suits, F., Pitman, M., MacKerell, A.D., Jr., Feller, S.E. "Molecular Level
 CHARMM>    !Organization of Saturated and Polyunsaturated Fatty Acids in a
 CHARMM>    !Phosphatidylcholine Bilayer Containing Cholesterol" Biochemistry,
 CHARMM>    !43(49):15318-28, 2004
 CHARMM>    !
 CHARMM>     
  
 CHARMM>    !test "append"
 CHARMM>    set nat ?NATC
 RDCMND substituted energy or value "?NATC" to "592"
 Parameter: NAT <- "592"
  
 CHARMM>    set app
 Parameter: APP <- "" <empty>
  
 CHARMM>    !We're exploiting what is arguably a bug in the parser. On the left hand side,
 CHARMM>    !the quotes have priority, so NAT is correctly substituted. On the right hand
 CHARMM>    !side, the ? has priority and NATC" (sic) is not a valid substitution...
 CHARMM>    if "@NAT" ne "?NATC" if @nat ne 0 set app append
 Parameter: NAT -> "592"
 Parameter: NAT -> "592"
 RDCMND: can not substitute energy "?NATC""
 Comparing ""592"" and ""?NATC"".
 IF test evaluated as true.  Performing command
 Comparing "592" and "0".
 IF test evaluated as true.  Performing command
 Parameter: APP <- "APPEND"
  
 CHARMM>     
  
 CHARMM>    if chol_model eq 1 then
 Comparing "1" and "1".
 IF test evaluated as true.  Performing command
  
 CHARMM>     
  
 CHARMM>    ! reference
 CHARMM>    ! Lim, J.B., Rogaski, B. and Klauda, J.B.. "Update of the Cholesterol Force Field
 CHARMM>    ! Parameters in CHARMM" 116: 203-210 (2012).
 CHARMM>    !
 CHARMM>     
  
 CHARMM>    read rtf card @app
 Parameter: APP -> "APPEND"
 MAINIO> Residue topology file being read from unit  98.
 RDTITL> * TOPOLOGY FOR CHOLESTEROL
 RDTITL> *
  
 CHARMM>     
  
 CHARMM>    read param card flex @app
 Parameter: APP -> "APPEND"

          PARAMETER FILE BEING READ FROM UNIT 98
 RDTITL> * CHOLESTEROL PARAMETERS
 RDTITL> *
 PARRDR> Error: Repeated BOND parameter (  1169): CG30  CG30 is replaced
 PARRDR> Error: Repeated BOND parameter (  1180): CG30  CG3C is replaced
 PARRDR> Error: Repeated ANGLE parameter (  3766): CG30  CG30  CG32 is replaced
 PARRDR> Error: Repeated ANGLE parameter (  3767): CG30  CG30  CG33 is replaced
 PARRDR> Error: Repeated ANGLE parameter (  4079): CG30  CG31  CG30 is replaced
 PARRDR> Error: Repeated ANGLE parameter (  5634): CG30  CG3C  CG3C is replaced
 PARRDR> Error: Repeated ANGLE parameter (  5637): CG30  CG3C  HGA1 is replaced
 PARRDR> Error: Repeated ANGLE parameter (  6204): CG33  CG3R  CG3C is replaced
 PARRDR> Error: Repeated ANGLE parameter (  3829): CG33  CG30  CG3C is replaced
 PARRDR> Error: Repeated DIHE parameter ( 18175): CG32  CG30  CG30  CG32 is replaced
 PARRDR> Error: Repeated DIHE parameter ( 18178): CG33  CG30  CG30  CG33 is replaced
 PARRDR> Error: Repeated DIHE parameter ( 18221): CG32  CG30  CG31  CG30 is replaced
 PARRDR> Error: Repeated DIHE parameter ( 18246): CG33  CG30  CG31  CG30 is replaced
 PARRDR> Error: Repeated DIHE parameter ( 18404): CG30  CG30  CG32  CG32 is replaced
 PARRDR> Error: Repeated DIHE parameter ( 18405): CG30  CG30  CG32  HGA2 is replaced
 PARRDR> Error: Repeated DIHE parameter ( 18659): CG30  CG30  CG33  HGA3 is replaced
 PARRDR> Error: Repeated DIHE parameter ( 18668): CG3C  CG30  CG33  HGA3 is replaced
 PARRDR> Error: Repeated DIHE parameter ( 18716): CG33  CG30  CG3C  CG3C is replaced
 PARRDR> Error: Repeated DIHE parameter ( 18717): CG33  CG30  CG3C  CG3C is replaced
 PARRDR> Error: Repeated DIHE parameter ( 18718): CG33  CG30  CG3C  CG3C is replaced
 PARRDR> Error: Repeated DIHE parameter ( 18716): CG33  CG30  CG3C  CG3C is replaced
 PARRDR> Error: Repeated DIHE parameter ( 18717): CG33  CG30  CG3C  CG3C is replaced
 PARRDR> Error: Repeated DIHE parameter ( 18718): CG33  CG30  CG3C  CG3C is replaced
 PARRDR> Error: Repeated DIHE parameter ( 18716): CG33  CG30  CG3C  CG3C is replaced
 PARRDR> Error: Repeated DIHE parameter ( 18717): CG33  CG30  CG3C  CG3C is replaced
 PARRDR> Error: Repeated DIHE parameter ( 18718): CG33  CG30  CG3C  CG3C is replaced
 PARRDR> Error: Repeated DIHE parameter ( 18721): CG33  CG30  CG3C  HGA1 is replaced
 PARRDR> Error: Repeated DIHE parameter ( 36241): OG31  CG30  CG3C  CG3C is replaced
 PARRDR> Error: Repeated DIHE parameter ( 36242): OG31  CG30  CG3C  CG3R is replaced
 PARRDR> Error: Repeated DIHE parameter ( 36243): OG31  CG30  CG3C  HGA1 is replaced
 PARRDR> Error: Repeated DIHE parameter ( 36241): OG31  CG30  CG3C  CG3C is replaced
 PARRDR> Error: Repeated DIHE parameter ( 36242): OG31  CG30  CG3C  CG3R is replaced
 PARRDR> Error: Repeated DIHE parameter ( 36243): OG31  CG30  CG3C  HGA1 is replaced
 PARRDR> Error: Repeated DIHE parameter ( 22611): CG30  CG32  CG32  CG3R is replaced
 PARRDR> Error: Repeated DIHE parameter ( 25714): HGA3  CG33  CG3R  CG3C is replaced
 PARRDR> Error: Repeated DIHE parameter ( 27940): CG30  CG3C  CG3C  CG3C is replaced
 PARRDR> Error: Repeated DIHE parameter ( 27941): CG30  CG3C  CG3C  HGA2 is replaced
 PARRDR> Error: Repeated DIHE parameter ( 29312): CG3C  CG3C  CG3R  CG33 is replaced
 PARRDR> Error: Repeated DIHE parameter ( 29450): HGA2  CG3C  CG3R  CG33 is replaced
 PARMIO> NONBOND, HBOND lists and IMAGE atoms cleared.
  
 CHARMM>     
  
 CHARMM>    return
 VCLOSE: Closing unit   98 with status "KEEP"

                    RETURNING TO INPUT STREAM    99
  
 CHARMM>    stream toppar/toppar_all36_lipid_dag.str
 VOPEN> Attempting to open::toppar/toppar_all36_lipid_dag.str::
 OPNLGU> Unit 98 opened for READONLY access to toppar/toppar_all36_lipid_dag.str

                    INPUT STREAM SWITCHING TO UNIT    98
 RDTITL> READ RTF CARD APPEND
 RDTITL> No title read.
 Parameter: IN1 <- "" <empty>
  
 CHARMM>    read rtf card append
 MAINIO> Residue topology file being read from unit  98.
 RDTITL> * TOPOLOGY FOR LIPIDA FROM DAG
 RDTITL> *
  
 VCLOSE: Closing unit   98 with status "KEEP"

                    RETURNING TO INPUT STREAM    99
  
 CHARMM>    stream toppar/toppar_all36_lipid_inositol.str
 VOPEN> Attempting to open::toppar/toppar_all36_lipid_inositol.str::
 OPNLGU> Unit 98 opened for READONLY access to toppar/toppar_all36_lipid_inositol.str

                    INPUT STREAM SWITCHING TO UNIT    98
 RDTITL> READ RTF CARD APPEND
 RDTITL> No title read.
 Parameter: IN1 <- "" <empty>
  
 CHARMM>    read rtf card append
 MAINIO> Residue topology file being read from unit  98.
 RDTITL> * TOPOLOGY FOR INOSITOL-BASED LIPIDS
 RDTITL> *
  
 CHARMM>     
  
 CHARMM>    RETURN
 VCLOSE: Closing unit   98 with status "KEEP"

                    RETURNING TO INPUT STREAM    99
  
 CHARMM>    stream toppar/toppar_all36_lipid_lnp.str
 VOPEN> Attempting to open::toppar/toppar_all36_lipid_lnp.str::
 OPNLGU> Unit 98 opened for READONLY access to toppar/toppar_all36_lipid_lnp.str

                    INPUT STREAM SWITCHING TO UNIT    98
 RDTITL> READ RTF CARD APPEND
 RDTITL> No title read.
 Parameter: IN1 <- "" <empty>
  
 CHARMM>    read rtf card append
 MAINIO> Residue topology file being read from unit  98.
 RDTITL> * LNP
 RDTITL> *

      ***** LEVEL  1 WARNING FROM <DECODF> *****
      ***** Zero length string
      ******************************************
      BOMLEV (  0) IS NOT REACHED. WRNLEV IS  5

 WARNING from DECODF -- Zero length string being converted to 0.
 **** WARNING from RTFRDR **** The total charge of the residue, DAGP,  -0.0100000,
 does not equal the expected charge,   0.0000000.

      ***** LEVEL  1 WARNING FROM <DECODF> *****
      ***** Zero length string
      ******************************************
      BOMLEV (  0) IS NOT REACHED. WRNLEV IS  5

 WARNING from DECODF -- Zero length string being converted to 0.
          PRES DPEPEG
 **** WARNING from RTFRDR **** The total charge of the residue, DPEP,  -0.0100000,
 does not equal the expected charge,   0.0000000.
 There were   2 warning(s) from RTFRDR.
  
 CHARMM>     
  
 CHARMM>    read param card flex append

          PARAMETER FILE BEING READ FROM UNIT 98
 RDTITL> * LNP
 RDTITL> *
 PARRDR> Error: Repeated BOND parameter (  1479): CG3C  OG3C is replaced
 PARRDR> Error: Repeated BOND parameter (  1346): CG32  CG3C is replaced
 PARRDR> Error: Repeated ANGLE parameter (  4188): CG32  CG31  OG30 is replaced
 PARRDR> Error: Repeated ANGLE parameter (  5033): CG3C  CG32  HGA2 is replaced
 PARRDR> Error: Repeated ANGLE parameter (  5665): CG32  CG3C  HGA1 is replaced
 PARRDR> Error: Repeated ANGLE parameter (  5663): CG32  CG3C  CG3C is replaced
 PARRDR> Error: Repeated ANGLE parameter (  5528): OG3C  CG3C  OG3C is replaced
 PARRDR> Error: Repeated ANGLE parameter (  7610): CG3C  OG3C  CG3C is replaced
 PARRDR> Error: Repeated ANGLE parameter (  7611): CG3C  OG3C  CG3C is replaced
 PARRDR> Error: Repeated ANGLE parameter (  4742): CG32  CG32  CG3C is replaced
 PARRDR> Error: Repeated DIHE parameter ( 20079): OG30  CG31  CG32  NG30 is replaced
 PARRDR> Error: Repeated DIHE parameter ( 20080): OG30  CG31  CG32  NG30 is replaced
 PARRDR> Error: Repeated DIHE parameter ( 19874): CG32  CG31  CG32  NG30 is replaced
 PARRDR> Error: Repeated DIHE parameter ( 19906): CG32  CG31  CG32  OG30 is replaced
 PARRDR> Error: Repeated DIHE parameter ( 19907): CG32  CG31  CG32  OG30 is replaced
 PARRDR> Error: Repeated DIHE parameter ( 20381): HGA2  CG32  CG31  OG30 is replaced
 PARRDR> Error: Repeated DIHE parameter ( 27974): CG32  CG3C  CG3C  HGA2 is replaced
 PARRDR> Error: Repeated DIHE parameter ( 25258): HGA2  CG32  CG3C  HGA1 is replaced
 PARRDR> Error: Repeated DIHE parameter ( 25256): HGA2  CG32  CG3C  CG3C is replaced
 PARRDR> Error: Repeated DIHE parameter ( 23336): CG32  CG32  CG3C  HGA1 is replaced
 PARRDR> Error: Repeated DIHE parameter ( 23335): CG32  CG32  CG3C  CG3C is replaced
 PARRDR> Error: Repeated DIHE parameter ( 22787): CG3C  CG32  CG32  HGA2 is replaced
 PARRDR> Error: Repeated DIHE parameter ( 27968): CG32  CG3C  CG3C  OG3C is replaced
 PARRDR> Error: Repeated DIHE parameter ( 27969): CG32  CG3C  CG3C  OG3C is replaced
 PARRDR> Error: Repeated DIHE parameter ( 28163): OG3C  CG3C  CG3C  OG3C is replaced
 PARRDR> Error: Repeated DIHE parameter ( 27635): OG3C  CG3C  OG3C  CG3C is replaced
 PARRDR> Error: Repeated DIHE parameter ( 27636): OG3C  CG3C  OG3C  CG3C is replaced
 PARRDR> Error: Repeated DIHE parameter ( 27637): OG3C  CG3C  OG3C  CG3C is replaced
 PARRDR> Error: Repeated DIHE parameter ( 27638): OG3C  CG3C  OG3C  CG3C is replaced
 PARRDR> Error: Repeated DIHE parameter ( 28943): HGA1  CG3C  OG3C  CG3C is replaced
 PARRDR> Error: Repeated DIHE parameter ( 28905): CG3C  CG3C  OG3C  CG3C is replaced
 PARRDR> Error: Repeated DIHE parameter ( 29810): HGA2  CG3C  OG3C  CG3C is replaced
 PARMIO> NONBOND, HBOND lists and IMAGE atoms cleared.
  
 CHARMM>     
  
 CHARMM>    RETURN
 VCLOSE: Closing unit   98 with status "KEEP"

                    RETURNING TO INPUT STREAM    99
  
 CHARMM>    stream toppar/toppar_all36_lipid_lps.str
 VOPEN> Attempting to open::toppar/toppar_all36_lipid_lps.str::
 OPNLGU> Unit 98 opened for READONLY access to toppar/toppar_all36_lipid_lps.str

                    INPUT STREAM SWITCHING TO UNIT    98
 RDTITL> READ RTF CARD APPEND
 RDTITL> No title read.
 Parameter: IN1 <- "" <empty>
  
 CHARMM>    read rtf card append
 MAINIO> Residue topology file being read from unit  98.
 RDTITL> * TOPOLOGY FOR LIPIDA FROM LPS
 RDTITL> *
 WARNING from DECODI -- Zero length string being converted to 0
 RTFRDR> WARNING: Version number is NOT specified.
  
 CHARMM>     
  
 CHARMM>     
  
 CHARMM>    read param card append flex

          PARAMETER FILE BEING READ FROM UNIT 98
 RDTITL> *    NEW PARAMETES
 RDTITL> *
 PARMIO> NONBOND, HBOND lists and IMAGE atoms cleared.
  
 CHARMM>     
  
 VCLOSE: Closing unit   98 with status "KEEP"

                    RETURNING TO INPUT STREAM    99
  
 CHARMM>    stream toppar/toppar_all36_lipid_mycobacterial.str
 VOPEN> Attempting to open::toppar/toppar_all36_lipid_mycobacterial.str::
 OPNLGU> Unit 98 opened for READONLY access to toppar/toppar_all36_lipid_mycobacterial.str

                    INPUT STREAM SWITCHING TO UNIT    98
 RDTITL> * TOPPAR STREAM FILE FOR BRANCHED AND CYCLIC CHAINED LIPIDS.  FOLLOWING READING OF
 RDTITL> * TOP_ALL36_LIPID.RTF, PAR_ALL36_LIPID.PRM
 RDTITL> * AND
 RDTITL> * TOPPAR_ALL36_LIPID_BACTERIAL.STR
 RDTITL> *
 Parameter: IN1 <- "" <empty>
  
 CHARMM>     
  
 CHARMM>    read rtf card append
 MAINIO> Residue topology file being read from unit  98.
 RDTITL> * CHOLESTEROL RESIDUES
 RDTITL> *
 **** WARNING from RTFRDR **** The total charge of the residue, AGPA,   0.0200000,
 does not equal the expected charge,  -0.0700000.
          RESI DALO               0.000
 **** WARNING from RTFRDR **** The total charge of the residue, PGL2,  -0.4600000,
 does not equal the expected charge,   0.0000000.
          PRES PGL3           0.00
*** WARNING **** residue PHEN already exists (old one deleted)

      ***** LEVEL  1 WARNING FROM <RTFRDR> *****
      ***** Residue already exists.
      ******************************************
      BOMLEV (  0) IS NOT REACHED. WRNLEV IS  5

          RESI PHEN          0.00
*** WARNING **** residue AGLC already exists (old one deleted)

      ***** LEVEL  1 WARNING FROM <RTFRDR> *****
      ***** Residue already exists.
      ******************************************
      BOMLEV (  0) IS NOT REACHED. WRNLEV IS  5

          RESI AGLC           0.000
 There were   4 warning(s) from RTFRDR.
  
 CHARMM>     
  
 CHARMM>    read para card flex @app
 Parameter: APP -> "APPEND"

          PARAMETER FILE BEING READ FROM UNIT 98
 RDTITL> * NEW PARAMETERS
 RDTITL> *
 PARRDR> Error: Repeated ANGLE parameter (  9221): CEL1  CEL1  CTL1 is replaced
 PARRDR> Error: Repeated DIHE parameter ( 36464): CTL2  CG2O  CTL1  CTL3 is replaced
 PARRDR> Error: Repeated DIHE parameter ( 36465): CTL2  CG2O  CTL1  CTL3 is replaced
 PARRDR> Error: Repeated DIHE parameter ( 36464): CTL2  CG2O  CTL1  CTL3 is replaced
 PARRDR> Error: Repeated DIHE parameter ( 36465): CTL2  CG2O  CTL1  CTL3 is replaced
 PARMIO> NONBOND, HBOND lists and IMAGE atoms cleared.
  
 CHARMM>     
  
 CHARMM>    RETURN
 VCLOSE: Closing unit   98 with status "KEEP"

                    RETURNING TO INPUT STREAM    99
  
 CHARMM>    stream toppar/toppar_all36_lipid_miscellaneous.str
 VOPEN> Attempting to open::toppar/toppar_all36_lipid_miscellaneous.str::
 OPNLGU> Unit 98 opened for READONLY access to toppar/toppar_all36_lipid_miscellaneous.str

                    INPUT STREAM SWITCHING TO UNIT    98
 RDTITL> READ RTF CARD APPEND FLEX
 RDTITL> No title read.
 Parameter: IN1 <- "" <empty>
  
 CHARMM>    read rtf card append flex
 MAINIO> Residue topology file being read from unit  98.
 RDTITL> * TOPOLOGY FOR MISCELLANEOUS LIPIDS
 RDTITL> *
  
 CHARMM>     
  
 CHARMM>    read param card flex append

          PARAMETER FILE BEING READ FROM UNIT 98
 RDTITL> * PARAMETER FOR ACYL PYROPHOSPHATE: ADDED 2019_7
 RDTITL> *
 PARMIO> NONBOND, HBOND lists and IMAGE atoms cleared.
  
 CHARMM>     
  
 CHARMM>    return
 VCLOSE: Closing unit   98 with status "KEEP"

                    RETURNING TO INPUT STREAM    99
  
 CHARMM>    stream toppar/toppar_all36_lipid_model.str
 VOPEN> Attempting to open::toppar/toppar_all36_lipid_model.str::
 OPNLGU> Unit 98 opened for READONLY access to toppar/toppar_all36_lipid_model.str

                    INPUT STREAM SWITCHING TO UNIT    98
 RDTITL> * CHARMM36 ALL-HYDROGEN LIPID FORCE FIELD TOPPAR STREAM FILE
 RDTITL> * COLLECTION OF RESIDUES AND PATCHES FOR MODEL COMPOUNDS USED
 RDTITL> * IN THE OPTIMIZATION THE LIPID FORCE FIELD.
 RDTITL> *
 Parameter: IN1 <- "" <empty>
  
 CHARMM>     
  
 CHARMM>    !Parent files that have to be read prior to streaming this file
 CHARMM>    !top_all36_lipid.rtf
 CHARMM>    !par_all36_lipid.prm
 CHARMM>     
  
 CHARMM>    !Testcase
 CHARMM>    !test_all36_lipid_model.inp
 CHARMM>     
  
 CHARMM>    read rtf card append
 MAINIO> Residue topology file being read from unit  98.
 RDTITL> * C36 LIPID MODEL COMPOUNDS
 RDTITL> *
*** WARNING **** residue MAS  already exists (old one deleted)

      ***** LEVEL  1 WARNING FROM <RTFRDR> *****
      ***** Residue already exists.
      ******************************************
      BOMLEV (  0) IS NOT REACHED. WRNLEV IS  5

          RESI MAS          0.00
*** WARNING **** residue ETAC already exists (old one deleted)

      ***** LEVEL  1 WARNING FROM <RTFRDR> *****
      ***** Residue already exists.
      ******************************************
      BOMLEV (  0) IS NOT REACHED. WRNLEV IS  5

          RESI ETAC         0.00
*** WARNING **** residue MPRO already exists (old one deleted)

      ***** LEVEL  1 WARNING FROM <RTFRDR> *****
      ***** Residue already exists.
      ******************************************
      BOMLEV (  0) IS NOT REACHED. WRNLEV IS  5

          RESI MPRO         0.00
*** WARNING **** residue MP_1 already exists (old one deleted)

      ***** LEVEL  1 WARNING FROM <RTFRDR> *****
      ***** Residue already exists.
      ******************************************
      BOMLEV (  0) IS NOT REACHED. WRNLEV IS  5

          RESI MP_1        -1.00
*** WARNING **** residue MP_2 already exists (old one deleted)

      ***** LEVEL  1 WARNING FROM <RTFRDR> *****
      ***** Residue already exists.
      ******************************************
      BOMLEV (  0) IS NOT REACHED. WRNLEV IS  5

          RESI MP_2        -2.00
*** WARNING **** residue MSO4 already exists (old one deleted)

      ***** LEVEL  1 WARNING FROM <RTFRDR> *****
      ***** Residue already exists.
      ******************************************
      BOMLEV (  0) IS NOT REACHED. WRNLEV IS  5

          RESI MSO4        -1.00
*** WARNING **** residue BUTA already exists (old one deleted)

      ***** LEVEL  1 WARNING FROM <RTFRDR> *****
      ***** Residue already exists.
      ******************************************
      BOMLEV (  0) IS NOT REACHED. WRNLEV IS  5

          RESI BUTA         0.00
*** WARNING **** residue PENT already exists (old one deleted)

      ***** LEVEL  1 WARNING FROM <RTFRDR> *****
      ***** Residue already exists.
      ******************************************
      BOMLEV (  0) IS NOT REACHED. WRNLEV IS  5

          RESI PENT         0.00
*** WARNING **** residue HEXA already exists (old one deleted)

      ***** LEVEL  1 WARNING FROM <RTFRDR> *****
      ***** Residue already exists.
      ******************************************
      BOMLEV (  0) IS NOT REACHED. WRNLEV IS  5

          RESI HEXA         0.00
*** WARNING **** residue ETHE already exists (old one deleted)

      ***** LEVEL  1 WARNING FROM <RTFRDR> *****
      ***** Residue already exists.
      ******************************************
      BOMLEV (  0) IS NOT REACHED. WRNLEV IS  5

          RESI ETHE       0.00
*** WARNING **** residue PRPE already exists (old one deleted)

      ***** LEVEL  1 WARNING FROM <RTFRDR> *****
      ***** Residue already exists.
      ******************************************
      BOMLEV (  0) IS NOT REACHED. WRNLEV IS  5

          RESI PRPE       0.00
*** WARNING **** residue BTE1 already exists (old one deleted)

      ***** LEVEL  1 WARNING FROM <RTFRDR> *****
      ***** Residue already exists.
      ******************************************
      BOMLEV (  0) IS NOT REACHED. WRNLEV IS  5

          RESI BTE1       0.00
*** WARNING **** residue BTE2 already exists (old one deleted)

      ***** LEVEL  1 WARNING FROM <RTFRDR> *****
      ***** Residue already exists.
      ******************************************
      BOMLEV (  0) IS NOT REACHED. WRNLEV IS  5

          RESI BTE2       0.00
*** WARNING **** residue DIPE already exists (old one deleted)

      ***** LEVEL  1 WARNING FROM <RTFRDR> *****
      ***** Residue already exists.
      ******************************************
      BOMLEV (  0) IS NOT REACHED. WRNLEV IS  5

          RESI DIPE       0.00
*** WARNING **** residue DIHE already exists (old one deleted)

      ***** LEVEL  1 WARNING FROM <RTFRDR> *****
      ***** Residue already exists.
      ******************************************
      BOMLEV (  0) IS NOT REACHED. WRNLEV IS  5

          RESI DIHE       0.00
*** WARNING **** residue NC4  already exists (old one deleted)

      ***** LEVEL  1 WARNING FROM <RTFRDR> *****
      ***** Residue already exists.
      ******************************************
      BOMLEV (  0) IS NOT REACHED. WRNLEV IS  5

          RESI NC4          1.00
*** WARNING **** residue NC5  already exists (old one deleted)

      ***** LEVEL  1 WARNING FROM <RTFRDR> *****
      ***** Residue already exists.
      ******************************************
      BOMLEV (  0) IS NOT REACHED. WRNLEV IS  5

          RESI NC5          1.00
*** WARNING **** residue CHOL already exists (old one deleted)

      ***** LEVEL  1 WARNING FROM <RTFRDR> *****
      ***** Residue already exists.
      ******************************************
      BOMLEV (  0) IS NOT REACHED. WRNLEV IS  5

          RESI CHOL         1.00
*** WARNING **** residue ACHO already exists (old one deleted)

      ***** LEVEL  1 WARNING FROM <RTFRDR> *****
      ***** Residue already exists.
      ******************************************
      BOMLEV (  0) IS NOT REACHED. WRNLEV IS  5

          RESI ACHO         1.00
*** WARNING **** residue PC   already exists (old one deleted)

      ***** LEVEL  1 WARNING FROM <RTFRDR> *****
      ***** Residue already exists.
      ******************************************
      BOMLEV (  0) IS NOT REACHED. WRNLEV IS  5

          RESI PC           0.00
*** WARNING **** residue GPC  already exists (old one deleted)

      ***** LEVEL  1 WARNING FROM <RTFRDR> *****
      ***** Residue already exists.
      ******************************************
      BOMLEV (  0) IS NOT REACHED. WRNLEV IS  5

          RESI GPC          0.00
*** WARNING **** residue TEA  already exists (old one deleted)

      ***** LEVEL  1 WARNING FROM <RTFRDR> *****
      ***** Residue already exists.
      ******************************************
      BOMLEV (  0) IS NOT REACHED. WRNLEV IS  5

          RESI TEA          1.00
*** WARNING **** residue ETAM already exists (old one deleted)

      ***** LEVEL  1 WARNING FROM <RTFRDR> *****
      ***** Residue already exists.
      ******************************************
      BOMLEV (  0) IS NOT REACHED. WRNLEV IS  5

          RESI ETAM       1.00
*** WARNING **** residue GLYC already exists (old one deleted)

      ***** LEVEL  1 WARNING FROM <RTFRDR> *****
      ***** Residue already exists.
      ******************************************
      BOMLEV (  0) IS NOT REACHED. WRNLEV IS  5

          RESI GLYC         0.00
*** WARNING **** residue MBUT already exists (old one deleted)

      ***** LEVEL  1 WARNING FROM <RTFRDR> *****
      ***** Residue already exists.
      ******************************************
      BOMLEV (  0) IS NOT REACHED. WRNLEV IS  5

          RESI MBUT         0.00
 There were  25 warning(s) from RTFRDR.
  
 CHARMM>     
  
 CHARMM>    return
 VCLOSE: Closing unit   98 with status "KEEP"

                    RETURNING TO INPUT STREAM    99
  
 CHARMM>    stream toppar/toppar_all36_lipid_prot.str
 VOPEN> Attempting to open::toppar/toppar_all36_lipid_prot.str::
 OPNLGU> Unit 98 opened for READONLY access to toppar/toppar_all36_lipid_prot.str

                    INPUT STREAM SWITCHING TO UNIT    98
 RDTITL> * TOPOLOGY AND PARAMETERS FOR LIPID TAIL LINKERS TO CYSTEINE AND GLYCINE,
 RDTITL> * FOR EXAMPLE, PALMITOYLATION, MARISTOYLATION, FERNASYLATION, GERANYLATION
 RDTITL> *
 Parameter: IN1 <- "" <empty>
  
 CHARMM>     
  
 CHARMM>    read rtf card append
 MAINIO> Residue topology file being read from unit  98.
 RDTITL> * LIPID-MODIFIED PROTEIN RESIDUES
 RDTITL> *
  
 CHARMM>     
  
 CHARMM>    read para card append flex

          PARAMETER FILE BEING READ FROM UNIT 98
 RDTITL> * CYSTEIN-PALMITATE PARAMETERS
 RDTITL> *
 PARMIO> NONBOND, HBOND lists and IMAGE atoms cleared.
  
 CHARMM>     
  
 CHARMM>    return
 VCLOSE: Closing unit   98 with status "KEEP"

                    RETURNING TO INPUT STREAM    99
  
 CHARMM>    stream toppar/toppar_all36_lipid_tag.str
 VOPEN> Attempting to open::toppar/toppar_all36_lipid_tag.str::
 OPNLGU> Unit 98 opened for READONLY access to toppar/toppar_all36_lipid_tag.str

                    INPUT STREAM SWITCHING TO UNIT    98
 RDTITL> READ RTF CARD APPEND
 RDTITL> No title read.
 Parameter: IN1 <- "" <empty>
  
 CHARMM>    read rtf card append
 MAINIO> Residue topology file being read from unit  98.
 RDTITL> * TOPOLOGY FOR TRIACYLGLYCEROLS [STEPHEN GEE FROM LEHIGH UNIVERSITY]
 RDTITL> *
  
 VCLOSE: Closing unit   98 with status "KEEP"

                    RETURNING TO INPUT STREAM    99
  
 CHARMM>    stream toppar/toppar_all36_lipid_yeast.str
 VOPEN> Attempting to open::toppar/toppar_all36_lipid_yeast.str::
 OPNLGU> Unit 98 opened for READONLY access to toppar/toppar_all36_lipid_yeast.str

                    INPUT STREAM SWITCHING TO UNIT    98
 RDTITL> * TOPPAR STREAM FILE FOR BRANCHED AND CYCLIC CHAINED LIPIDS.  FOLLOWING READING OF
 RDTITL> * TOP_ALL36_LIPID.RTF
 RDTITL> * AND
 RDTITL> * PAR_ALL36_LIPID.RTF
 RDTITL> *
 Parameter: IN1 <- "" <empty>
  
 CHARMM>     
  
 CHARMM>    set nat ?NATC
 RDCMND substituted energy or value "?NATC" to "592"
 Parameter: NAT <- "592"
  
 CHARMM>    set app
 Parameter: APP <- "" <empty>
  
 CHARMM>    !We're exploiting what is arguably a bug in the parser. On the left hand side,
 CHARMM>    !the quotes have proirity, so NAT is correctly substituted. On the right hand
 CHARMM>    !side, the ? has priority and NATC" (sic) is not a valid substitution...
 CHARMM>    if "@NAT" ne "?NATC" if @nat ne 0 set app append
 Parameter: NAT -> "592"
 Parameter: NAT -> "592"
 RDCMND: can not substitute energy "?NATC""
 Comparing ""592"" and ""?NATC"".
 IF test evaluated as true.  Performing command
 Comparing "592" and "0".
 IF test evaluated as true.  Performing command
 Parameter: APP <- "APPEND"
  
 CHARMM>     
  
 CHARMM>    read rtf card @app
 Parameter: APP -> "APPEND"
 MAINIO> Residue topology file being read from unit  98.
 RDTITL> * CHOLESTEROL RESIDUES
 RDTITL> *
  
 CHARMM>     
  
 CHARMM>    read para card flex @app
 Parameter: APP -> "APPEND"

          PARAMETER FILE BEING READ FROM UNIT 98
 RDTITL> * NEW PARAMETERS
 RDTITL> *
 PARMIO> NONBOND, HBOND lists and IMAGE atoms cleared.
  
 CHARMM>     
  
 CHARMM>    return
 VCLOSE: Closing unit   98 with status "KEEP"

                    RETURNING TO INPUT STREAM    99
  
 CHARMM>    stream toppar/toppar_all36_lipid_hmmm.str
 VOPEN> Attempting to open::toppar/toppar_all36_lipid_hmmm.str::
 OPNLGU> Unit 98 opened for READONLY access to toppar/toppar_all36_lipid_hmmm.str

                    INPUT STREAM SWITCHING TO UNIT    98
 RDTITL> READ RTF CARD APPEND FLEX
 RDTITL> No title read.
 Parameter: IN1 <- "" <empty>
  
 CHARMM>    read rtf card append flex
 MAINIO> Residue topology file being read from unit  98.
 RDTITL> * TOPOLOGY FOR TERMINAL PATCHES FOR HMMM TRUNCATED LIPIDS
 RDTITL> *

      ***** LEVEL  1 WARNING FROM <DECODF> *****
      ***** Zero length string
      ******************************************
      BOMLEV (  0) IS NOT REACHED. WRNLEV IS  5

 WARNING from DECODF -- Zero length string being converted to 0.

      ***** LEVEL  1 WARNING FROM <DECODF> *****
      ***** Zero length string
      ******************************************
      BOMLEV (  0) IS NOT REACHED. WRNLEV IS  5

 WARNING from DECODF -- Zero length string being converted to 0.

      ***** LEVEL  1 WARNING FROM <DECODF> *****
      ***** Zero length string
      ******************************************
      BOMLEV (  0) IS NOT REACHED. WRNLEV IS  5

 WARNING from DECODF -- Zero length string being converted to 0.

      ***** LEVEL  1 WARNING FROM <DECODF> *****
      ***** Zero length string
      ******************************************
      BOMLEV (  0) IS NOT REACHED. WRNLEV IS  5

 WARNING from DECODF -- Zero length string being converted to 0.

      ***** LEVEL  1 WARNING FROM <DECODF> *****
      ***** Zero length string
      ******************************************
      BOMLEV (  0) IS NOT REACHED. WRNLEV IS  5

 WARNING from DECODF -- Zero length string being converted to 0.

      ***** LEVEL  1 WARNING FROM <DECODF> *****
      ***** Zero length string
      ******************************************
      BOMLEV (  0) IS NOT REACHED. WRNLEV IS  5

 WARNING from DECODF -- Zero length string being converted to 0.

      ***** LEVEL  1 WARNING FROM <DECODF> *****
      ***** Zero length string
      ******************************************
      BOMLEV (  0) IS NOT REACHED. WRNLEV IS  5

 WARNING from DECODF -- Zero length string being converted to 0.

      ***** LEVEL  1 WARNING FROM <DECODF> *****
      ***** Zero length string
      ******************************************
      BOMLEV (  0) IS NOT REACHED. WRNLEV IS  5

 WARNING from DECODF -- Zero length string being converted to 0.
  
 CHARMM>     
  
 CHARMM>    read para card flex @app
 Parameter: APP -> "APPEND"

          PARAMETER FILE BEING READ FROM UNIT 98
 RDTITL> * NEW PARAMETERS
 RDTITL> *
 PARMIO> NONBOND, HBOND lists and IMAGE atoms cleared.
  
 CHARMM>     
  
 CHARMM>    return
 VCLOSE: Closing unit   98 with status "KEEP"

                    RETURNING TO INPUT STREAM    99
  
 CHARMM>    stream toppar/toppar_all36_lipid_detergent.str
 VOPEN> Attempting to open::toppar/toppar_all36_lipid_detergent.str::
 OPNLGU> Unit 98 opened for READONLY access to toppar/toppar_all36_lipid_detergent.str

                    INPUT STREAM SWITCHING TO UNIT    98
 RDTITL> * TOPPAR STREAM FILE FOR DETERGENTS AND FATTY ACIDS.
 RDTITL> * STREAM FOLLOWING READING OF
 RDTITL> * TOP_ALL36_LIPID.RTF
 RDTITL> * AND
 RDTITL> * PAR_ALL36_LIPID.RTF
 RDTITL> *
 Parameter: IN1 <- "" <empty>
  
 CHARMM>     
  
 CHARMM>    !Additional residues added by Im lab, Aug. 2017
 CHARMM>     
  
 CHARMM>    !Fatty acids added Jan. 2016
 CHARMM>     
  
 CHARMM>    read rtf card append
 MAINIO> Residue topology file being read from unit  98.
 RDTITL> * DETERGENT AND FATTY ACID RESIDUES
 RDTITL> *
  
 CHARMM>     
  
 CHARMM>    read para card append flex

          PARAMETER FILE BEING READ FROM UNIT 98
 RDTITL> * SB3-12 AND SB3-14 PARAMETERS
 RDTITL> *
 PARMIO> NONBOND, HBOND lists and IMAGE atoms cleared.
  
 CHARMM>     
  
 CHARMM>    return
 VCLOSE: Closing unit   98 with status "KEEP"

                    RETURNING TO INPUT STREAM    99
  
 CHARMM>    stream toppar/toppar_all36_lipid_ether.str
 VOPEN> Attempting to open::toppar/toppar_all36_lipid_ether.str::
 OPNLGU> Unit 98 opened for READONLY access to toppar/toppar_all36_lipid_ether.str

                    INPUT STREAM SWITCHING TO UNIT    98
 RDTITL> * CHARMM36 ALL-HYDROGEN ETHER LIPID FORCE FIELD INCLUDING PLASMALOGENS ALISON
 RDTITL> * N. LEONARD (A. L.), 7/18 WITH RICHARD PASTOR AND JEFFERY KLAUDA, JPCB 122(26)
 RDTITL> * PP. 6744 - 6754.  ANA WEST, 1/20 WITH VALERIA ZONI, WALTER TEAGUE JR., ALISON
 RDTITL> * LEONARD, STEFANO VANNI, KLAUS GAWRISCH, STEPHANIE TRISTAM-NAGLE, JONATHAN
 RDTITL> * SACHS, AND JEFFERY KLAUDA, JPCB 124(5) PP. 828 - 839.
 RDTITL> *
 Parameter: IN1 <- "" <empty>
  
 CHARMM>     
  
 CHARMM>    !Parent files that have to be read prior to streaming this file
 CHARMM>    !top_all36_lipid.rtf
 CHARMM>    !par_all36_lipid.prm
 CHARMM>    !top_all36_cgenff.rtf
 CHARMM>    !par_all36_cgenff.prm
 CHARMM>     
  
 CHARMM>    read rtf card append
 MAINIO> Residue topology file being read from unit  98.
 RDTITL> * C36 ETHER MODEL COMPOUNDS
 RDTITL> *

      ***** LEVEL  1 WARNING FROM <DECODF> *****
      ***** Zero length string
      ******************************************
      BOMLEV (  0) IS NOT REACHED. WRNLEV IS  5

 WARNING from DECODF -- Zero length string being converted to 0.

      ***** LEVEL  1 WARNING FROM <DECODF> *****
      ***** Zero length string
      ******************************************
      BOMLEV (  0) IS NOT REACHED. WRNLEV IS  5

 WARNING from DECODF -- Zero length string being converted to 0.

      ***** LEVEL  1 WARNING FROM <DECODF> *****
      ***** Zero length string
      ******************************************
      BOMLEV (  0) IS NOT REACHED. WRNLEV IS  5

 WARNING from DECODF -- Zero length string being converted to 0.
  
 CHARMM>     
  
 CHARMM>    read para card flex append

          PARAMETER FILE BEING READ FROM UNIT 98
 RDTITL> * PARAMETERS
 RDTITL> *
 PARRDR> Error: Repeated ANGLE parameter (  7501): CG32  OG30  CG31 is replaced
 PARRDR> Error: Repeated ANGLE parameter (  1342): CG31  CG2D  CG33 is replaced
 PARMIO> NONBOND, HBOND lists and IMAGE atoms cleared.
  
 CHARMM>     
  
 CHARMM>    return
 VCLOSE: Closing unit   98 with status "KEEP"

                    RETURNING TO INPUT STREAM    99
  
 CHARMM>    stream toppar/toppar_all36_lipid_oxidized.str
 VOPEN> Attempting to open::toppar/toppar_all36_lipid_oxidized.str::
 OPNLGU> Unit 98 opened for READONLY access to toppar/toppar_all36_lipid_oxidized.str

                    INPUT STREAM SWITCHING TO UNIT    98
 RDTITL> READ RTF CARD APPEND
 RDTITL> No title read.
 Parameter: IN1 <- "" <empty>
  
 CHARMM>    read rtf card append
 MAINIO> Residue topology file being read from unit  98.
 RDTITL> * TOPOLOGY FOR OXIDIZED PHOSPHOLIPID
 RDTITL> *

      ***** LEVEL  1 WARNING FROM <rtfrdr> *****
      ***** No AUTOgen defaults specified in appended RTF. Potential conflict with prior RTF autogen options. Check.
      ******************************************
      BOMLEV (  0) IS NOT REACHED. WRNLEV IS  5

  
 CHARMM>     
  
 CHARMM>    read param card flex append

          PARAMETER FILE BEING READ FROM UNIT 98
 RDTITL> * ADDITIONAL PARAMETERS FOR OXIDIZED PHOSPHOLIPIDS
 RDTITL> *
 PARRDR> Error: Repeated DIHE parameter (  5771): CG2D  CG2D  CG2D  CG31 is replaced
 PARRDR> Error: Repeated DIHE parameter (  5772): CG2D  CG2D  CG2D  CG31 is replaced
 PARRDR> Error: Repeated DIHE parameter (  5771): CG2D  CG2D  CG2D  CG31 is replaced
 PARRDR> Error: Repeated DIHE parameter (  5772): CG2D  CG2D  CG2D  CG31 is replaced
 PARRDR> Error: Repeated DIHE parameter (  6202): CG2D  CG2D  CG31  CG32 is replaced
 PARRDR> Error: Repeated DIHE parameter (  6203): CG2D  CG2D  CG31  CG32 is replaced
 PARRDR> Error: Repeated DIHE parameter (  6202): CG2D  CG2D  CG31  CG32 is replaced
 PARRDR> Error: Repeated DIHE parameter (  6203): CG2D  CG2D  CG31  CG32 is replaced
 PARRDR> Error: Repeated DIHE parameter (  6221): CG2D  CG2D  CG31  HGA1 is replaced
 PARRDR> Error: Repeated DIHE parameter ( 19677): CG2D  CG31  CG32  CG32 is replaced
 PARRDR> Error: Repeated DIHE parameter ( 19678): CG2D  CG31  CG32  CG32 is replaced
 PARRDR> Error: Repeated DIHE parameter ( 19679): CG2D  CG31  CG32  CG32 is replaced
 PARRDR> Error: Repeated DIHE parameter ( 19677): CG2D  CG31  CG32  CG32 is replaced
 PARRDR> Error: Repeated DIHE parameter ( 19678): CG2D  CG31  CG32  CG32 is replaced
 PARRDR> Error: Repeated DIHE parameter ( 19679): CG2D  CG31  CG32  CG32 is replaced
 PARRDR> Error: Repeated DIHE parameter ( 19677): CG2D  CG31  CG32  CG32 is replaced
 PARRDR> Error: Repeated DIHE parameter ( 19678): CG2D  CG31  CG32  CG32 is replaced
 PARRDR> Error: Repeated DIHE parameter ( 19679): CG2D  CG31  CG32  CG32 is replaced
 PARRDR> Error: Repeated DIHE parameter ( 19682): CG2D  CG31  CG32  HGA2 is replaced
 PARRDR> Error: Repeated DIHE parameter (  5835): CG31  CG2D  CG2D  HGA4 is replaced
 PARRDR> Error: Repeated DIHE parameter (  6247): HGA4  CG2D  CG31  CG32 is replaced
 PARRDR> Error: Repeated DIHE parameter (  6248): HGA4  CG2D  CG31  CG32 is replaced
 PARRDR> Error: Repeated DIHE parameter (  6262): HGA4  CG2D  CG31  HGA1 is replaced
 PARMIO> NONBOND, HBOND lists and IMAGE atoms cleared.
  
 CHARMM>     
  
 CHARMM>    RETURN
 VCLOSE: Closing unit   98 with status "KEEP"

                    RETURNING TO INPUT STREAM    99
  
 CHARMM>     
  
 CHARMM>    ! Additional topologies and parameters for carbohydrates
 CHARMM>    stream toppar/toppar_all36_carb_glycolipid.str
 VOPEN> Attempting to open::toppar/toppar_all36_carb_glycolipid.str::
 OPNLGU> Unit 98 opened for READONLY access to toppar/toppar_all36_carb_glycolipid.str

                    INPUT STREAM SWITCHING TO UNIT    98
 RDTITL> READ RTF CARD APPEND
 RDTITL> No title read.
 Parameter: IN1 <- "" <empty>
  
 CHARMM>    read rtf card append
 MAINIO> Residue topology file being read from unit  98.
 RDTITL> * TOPOLOGY FOR GLYCOLIPIDS
 RDTITL> *
  
 CHARMM>     
  
 CHARMM>    read param card flex append

          PARAMETER FILE BEING READ FROM UNIT 98
 RDTITL> * PIP RELATED PARAMETERS
 RDTITL> *
 PARRDR> Error: Repeated BOND parameter (  1099): CG2R  NG3N is replaced
 PARRDR> Error: Repeated ANGLE parameter (  3757): CG2R  CG30  CG32 is replaced
 PARRDR> Error: Repeated ANGLE parameter (  4665): CG30  CG32  CG30 is replaced
 PARRDR> Error: Repeated ANGLE parameter (  3430): NG2R  CG2R  NG3N is replaced
 PARRDR> Error: Repeated ANGLE parameter (  7348): CG2R  NG3N  NG3N is replaced
 PARRDR> Error: Repeated ANGLE parameter (  7349): CG2R  NG3N  HGP1 is replaced
 PARRDR> Error: Repeated DIHE parameter ( 22427): CG2D  CG32  CG32  CG31 is replaced
 PARRDR> Error: Repeated DIHE parameter ( 22428): CG2D  CG32  CG32  CG31 is replaced
 PARRDR> Error: Repeated DIHE parameter ( 22429): CG2D  CG32  CG32  CG31 is replaced
 PARRDR> Error: Repeated DIHE parameter ( 22427): CG2D  CG32  CG32  CG31 is replaced
 PARRDR> Error: Repeated DIHE parameter ( 22428): CG2D  CG32  CG32  CG31 is replaced
 PARRDR> Error: Repeated DIHE parameter ( 22429): CG2D  CG32  CG32  CG31 is replaced
 PARRDR> Error: Repeated DIHE parameter ( 22427): CG2D  CG32  CG32  CG31 is replaced
 PARRDR> Error: Repeated DIHE parameter ( 22428): CG2D  CG32  CG32  CG31 is replaced
 PARRDR> Error: Repeated DIHE parameter ( 22429): CG2D  CG32  CG32  CG31 is replaced
 PARRDR> Error: Repeated DIHE parameter ( 18419): CG2R  CG30  CG32  HGA2 is replaced
 PARRDR> Error: Repeated DIHE parameter ( 18411): CG2R  CG30  CG32  CG30 is replaced
 PARRDR> Error: Repeated DIHE parameter ( 18412): CG2R  CG30  CG32  CG30 is replaced
 PARRDR> Error: Repeated DIHE parameter ( 14412): CG2R  CG2R  CG30  CG32 is replaced
 PARRDR> Error: Repeated DIHE parameter ( 36542): CG2R  CG2R  CG2R  OC30 is replaced
 PARRDR> Error: Repeated DIHE parameter ( 18471): CG33  CG30  CG32  CG30 is replaced
 PARRDR> Error: Repeated DIHE parameter ( 17027): NG2R  CG2R  NG3N  NG3N is replaced
 PARRDR> Error: Repeated DIHE parameter ( 17028): NG2R  CG2R  NG3N  NG3N is replaced
 PARRDR> Error: Repeated DIHE parameter ( 17029): NG2R  CG2R  NG3N  NG3N is replaced
 PARRDR> Error: Repeated DIHE parameter ( 17027): NG2R  CG2R  NG3N  NG3N is replaced
 PARRDR> Error: Repeated DIHE parameter ( 17028): NG2R  CG2R  NG3N  NG3N is replaced
 PARRDR> Error: Repeated DIHE parameter ( 17029): NG2R  CG2R  NG3N  NG3N is replaced
 PARRDR> Error: Repeated DIHE parameter ( 17030): NG2R  CG2R  NG3N  HGP1 is replaced
 PARRDR> Error: Repeated DIHE parameter ( 31669): CG2R  NG3N  NG3N  HGP1 is replaced
 PARRDR> Error: Repeated DIHE parameter ( 24062): CG32  CG32  NG30  CG2R is replaced
 PARRDR> Error: Repeated DIHE parameter ( 24063): CG32  CG32  NG30  CG2R is replaced
 PARRDR> Error: Repeated DIHE parameter ( 24062): CG32  CG32  NG30  CG2R is replaced
 PARRDR> Error: Repeated DIHE parameter ( 24063): CG32  CG32  NG30  CG2R is replaced
 PARRDR> Error: Repeated DIHE parameter ( 22848): NG31  CG32  CG32  NG31 is replaced
 PARRDR> Error: Repeated DIHE parameter ( 22849): NG31  CG32  CG32  NG31 is replaced
 PARMIO> NONBOND, HBOND lists and IMAGE atoms cleared.
  
 CHARMM>     
  
 CHARMM>    RETURN
 VCLOSE: Closing unit   98 with status "KEEP"

                    RETURNING TO INPUT STREAM    99
  
 CHARMM>    stream toppar/toppar_all36_carb_glycopeptide.str
 VOPEN> Attempting to open::toppar/toppar_all36_carb_glycopeptide.str::
 OPNLGU> Unit 98 opened for READONLY access to toppar/toppar_all36_carb_glycopeptide.str

                    INPUT STREAM SWITCHING TO UNIT    98
 RDTITL> READ RTF CARD APPEND
 RDTITL> No title read.
 Parameter: IN1 <- "" <empty>
  
 CHARMM>    read rtf card append
 MAINIO> Residue topology file being read from unit  98.
 RDTITL> * TOPOLOGY FOR GLYCOPEPTIDE LINKAGES
 RDTITL> *
  
 CHARMM>     
  
 CHARMM>    read param card flex append

          PARAMETER FILE BEING READ FROM UNIT 98
 RDTITL> *    NEW PARAMETES
 RDTITL> *
 PARMIO> NONBOND, HBOND lists and IMAGE atoms cleared.
  
 CHARMM>     
  
 CHARMM>     
  
 CHARMM>    RETURN
 VCLOSE: Closing unit   98 with status "KEEP"

                    RETURNING TO INPUT STREAM    99
  
 CHARMM>    stream toppar/toppar_all36_carb_imlab.str
 VOPEN> Attempting to open::toppar/toppar_all36_carb_imlab.str::
 OPNLGU> Unit 98 opened for READONLY access to toppar/toppar_all36_carb_imlab.str

                    INPUT STREAM SWITCHING TO UNIT    98
 RDTITL> READ RTF CARD APPEND
 RDTITL> No title read.
 Parameter: IN1 <- "" <empty>
  
 CHARMM>    read rtf card append
 MAINIO> Residue topology file being read from unit  98.
 RDTITL> * GLYCAN CHEMICAL MODIFICATION PATCHES
 RDTITL> *

      ***** LEVEL  1 WARNING FROM <rtfrdr> *****
      ***** No AUTOgen defaults specified in appended RTF. Potential conflict with prior RTF autogen options. Check.
      ******************************************
      BOMLEV (  0) IS NOT REACHED. WRNLEV IS  5

  
 CHARMM>     
  
 CHARMM>    read param card flex append

          PARAMETER FILE BEING READ FROM UNIT 98
 RDTITL> * GLYCAN CHEMICAL MODIFICATION PATCHES
 RDTITL> *
 PARRDR> Error: Repeated DIHE parameter ( 13781): NG2S  CG2R  CG2R  NG2O is replaced
 PARMIO> NONBOND, HBOND lists and IMAGE atoms cleared.
  
 CHARMM>     
  
 CHARMM>    RETURN
 VCLOSE: Closing unit   98 with status "KEEP"

                    RETURNING TO INPUT STREAM    99
  
 CHARMM>     
  
 CHARMM>    ! Additional topologies and parameters for spin/fluorophore labels
 CHARMM>    stream toppar/toppar_all36_label_spin.str
 VOPEN> Attempting to open::toppar/toppar_all36_label_spin.str::
 OPNLGU> Unit 98 opened for READONLY access to toppar/toppar_all36_label_spin.str

                    INPUT STREAM SWITCHING TO UNIT    98
 RDTITL> *>>>>> TOPOLOGY FOR NITROXYDE SPIN LABELS <<<<<<<
 RDTITL> * SHAHIDUL M. ISLAM, UNIVERSITY OF CHICAGO
 RDTITL> *
 Parameter: IN1 <- "" <empty>
  
 CHARMM>     
  
 CHARMM>    ! please reference the following:
 CHARMM>    !Sezer, D., Freed J. H., and Roux, B. “Parametrization, Molecular Dynamics Simulation, and Calculation of Electron Spin
 CHARMM>    !Resonance Spectra of a Nitroxide Spin Label on a Polyalanine alpha-Helix” J. Phys. Chem. B 2008, 112, 5755-5767
 CHARMM>     
  
 CHARMM>    !Islam, S. M., and Roux, B. “Parameterization and molecular dynamics simulations of a
 CHARMM>    !conformationally constrained double linked spin label constrained by EPR/DEER data”
 CHARMM>    !(planed submission to J journal)
 CHARMM>     
  
 CHARMM>    !test "append" to determine if previous toppar files have been read and
 CHARMM>    !add append to "read rtf card" if true
 CHARMM>    set nat ?NATC
 RDCMND substituted energy or value "?NATC" to "592"
 Parameter: NAT <- "592"
  
 CHARMM>    set app
 Parameter: APP <- "" <empty>
  
 CHARMM>    !We're exploiting what is arguably a bug in the parser. On the left hand side,
 CHARMM>    !the quotes have proirity, so NAT is correctly substituted. On the right hand
 CHARMM>    !side, the ? has priority and NATC" (sic) is not a valid substitution...
 CHARMM>    if "@NAT" ne "?NATC" if @nat ne 0 set app append
 Parameter: NAT -> "592"
 Parameter: NAT -> "592"
 RDCMND: can not substitute energy "?NATC""
 Comparing ""592"" and ""?NATC"".
 IF test evaluated as true.  Performing command
 Comparing "592" and "0".
 IF test evaluated as true.  Performing command
 Parameter: APP <- "APPEND"
  
 CHARMM>     
  
 CHARMM>     
  
 CHARMM>    read rtf card @app
 Parameter: APP -> "APPEND"
 MAINIO> Residue topology file being read from unit  98.
 RDTITL> * TOPOLOGY FOR SPIN LABEL
 RDTITL> *
  
 CHARMM>     
  
 CHARMM>     
  
 CHARMM>    read para card flex @app
 Parameter: APP -> "APPEND"

          PARAMETER FILE BEING READ FROM UNIT 98
 RDTITL> * PARAMETERS FOR SPIN LABEL
 RDTITL> *
 PARRDR> Error: Repeated BOND parameter (  1467): CG3C  NG2R is replaced
 PARRDR> Error: Repeated BOND parameter (  1659): NG2S  NG2S is replaced
 PARRDR> Error: Repeated ANGLE parameter (  5457): CG33  CG3C  NG2R is replaced
 PARRDR> Error: Repeated ANGLE parameter (  5928): CG3R  CG3C  SG31 is replaced
 PARRDR> Error: Repeated ANGLE parameter (  6245): CG3C  CG3R  NG2R is replaced
 PARRDR> Error: Repeated ANGLE parameter (  7030): CG2O  NG2S  NG2S is replaced
 PARRDR> Error: Repeated ANGLE parameter (  7063): NG2S  NG2S  HGP1 is replaced
 PARRDR> Error: Repeated ANGLE parameter (  7808): CG3C  SG31  CG3C is replaced
 PARRDR> Error: Repeated DIHE parameter (  7841): OG2D  CG2O  NG2S  NG2S is replaced
 PARRDR> Error: Repeated DIHE parameter (  9612): CG2O  CG2R  CG2R  HGR5 is replaced
 PARRDR> Error: Repeated DIHE parameter ( 25682): HGA3  CG33  CG3C  NG2R is replaced
 PARRDR> Error: Repeated DIHE parameter ( 28997): HGA1  CG3C  SG31  CG3C is replaced
 PARRDR> Error: Repeated DIHE parameter ( 29450): SG31  CG3C  CG3R  CG3R is replaced
 PARRDR> Error: Repeated DIHE parameter ( 29451): SG31  CG3C  CG3R  CG3R is replaced
 PARRDR> Error: Repeated DIHE parameter ( 29453): SG31  CG3C  CG3R  HGA1 is replaced
 PARRDR> Error: Repeated DIHE parameter ( 29477): HGA2  CG3C  CG3R  NG2R is replaced
 PARRDR> Error: Repeated DIHE parameter ( 29867): HGA2  CG3C  SG31  CG3C is replaced
 PARRDR> Error: Repeated DIHE parameter ( 30630): CG3C  CG3R  NG2R  CG2R is replaced
 PARRDR> Error: Repeated DIHE parameter ( 30631): CG3C  CG3R  NG2R  CG2R is replaced
 PARRDR> Error: Repeated DIHE parameter ( 31420): CG2O  NG2S  NG2S  HGP1 is replaced
 PARRDR> Error: Repeated DIHE parameter ( 31422): HGP1  NG2S  NG2S  HGP1 is replaced
 PARRDR> Error: Repeated DIHE parameter ( 31423): HGP1  NG2S  NG2S  HGP1 is replaced
 PARRDR> Error: Repeated DIHE parameter ( 31424): HGP1  NG2S  NG2S  HGP1 is replaced
 PARMIO> NONBOND, HBOND lists and IMAGE atoms cleared.
  
 CHARMM>     
  
 CHARMM>    return
 VCLOSE: Closing unit   98 with status "KEEP"

                    RETURNING TO INPUT STREAM    99
  
 CHARMM>    stream toppar/toppar_all36_label_fluorophore.str
 VOPEN> Attempting to open::toppar/toppar_all36_label_fluorophore.str::
 OPNLGU> Unit 98 opened for READONLY access to toppar/toppar_all36_label_fluorophore.str

                    INPUT STREAM SWITCHING TO UNIT    98
 RDTITL> READ RTF CARD APPEND
 RDTITL> No title read.
 Parameter: IN1 <- "" <empty>
  
 CHARMM>    read rtf card append
 MAINIO> Residue topology file being read from unit  98.
 RDTITL> * TOPOLOGY FILES
 RDTITL> *
  
 CHARMM>     
  
 CHARMM>    read param card flex append

          PARAMETER FILE BEING READ FROM UNIT 98
 RDTITL> * MINI FORCE FIELD PARAMETER FILE.
 RDTITL> *
 PARRDR> Error: Repeated BOND parameter (   462): CG25  NG3C is replaced
 PARRDR> Error: Repeated BOND parameter (   872): CG2R  CG3C is replaced
 PARRDR> Error: Repeated ANGLE parameter (  5367): CG2R  CG3C  CG33 is replaced
 PARRDR> Error: Repeated DIHE parameter ( 25685): HGA3  CG33  CG3C  CG2R is replaced
 PARMIO> NONBOND, HBOND lists and IMAGE atoms cleared.
  
 CHARMM>     
  
 VCLOSE: Closing unit   98 with status "KEEP"

                    RETURNING TO INPUT STREAM    99
  
 CHARMM>     
  
 CHARMM>     
  
 CHARMM>     
  
 VCLOSE: Closing unit   99 with status "KEEP"

                    RETURNING TO INPUT STREAM     5
  
 CHARMM>     
  
 CHARMM>    ! Read PSF and Coordinates
 CHARMM>    open read unit 10 card name step1_pdbreader.psf
 OPNLGU> Unit already open. The old file will be closed first.
 VCLOSE: Closing unit   10 with status "KEEP"
 VOPEN> Attempting to open::step1_pdbreader.psf::
 OPNLGU> Unit 10 opened for READONLY access to step1_pdbreader.psf
  
 CHARMM>    read psf  unit 10 card
 MAINIO> Protein structure file being read from unit  10.
 psf_read_formatted: Reading PSF in the expanded format.
 TITLE>  * GENERATED BY CHARMM-GUI (HTTP://WWW.CHARMM-GUI.ORG) V3.7 ON AUG, 28. 2026. JOB
 TITLE>  * READ PDB, MANIPULATE STRUCTURE IF NEEDED, AND GENERATE TOPOLOGY FILE
 TITLE>  *  DATE:     8/28/26     23: 3:25      CREATED BY USER: charmm-gui
 TITLE>  *
 PSFSUM> PSF modified: NONBOND lists and IMAGE atoms cleared.
 PSFSUM> Summary of the structure file counters :
         Number of segments      =        6   Number of residues   =        6
         Number of atoms         =      136   Number of groups     =       31
         Number of bonds         =      132   Number of angles     =      246
         Number of dihedrals     =      342   Number of impropers  =        9
         Number of cross-terms   =        0   Number of autogens   =        0
         Number of HB acceptors  =       12   Number of HB donors  =       30
         Number of NB exclusions =        0   Total charge =    4.00000
  
 CHARMM>     
  
 CHARMM>    open read unit 10 card name step2_orient.crd
 OPNLGU> Unit already open. The old file will be closed first.
 VCLOSE: Closing unit   10 with status "KEEP"
 VOPEN> Attempting to open::step2_orient.crd::
 OPNLGU> Unit 10 opened for READONLY access to step2_orient.crd
  
 CHARMM>    read coor unit 10 card
          SPATIAL COORDINATES BEING READ FROM UNIT 10
 TITLE> * CALC TOPAREA = 58.053846
 TITLE> * CALC BOTAREA = 0
 TITLE> * CALC XMAX = 1.83535528
 TITLE> * CALC XMIN = -2.59951228
 TITLE> * CALC YMAX = 4.77445681
 TITLE> * CALC YMIN = -5.60214471
 TITLE> * CALC ZMAX = 11.6295697
 TITLE> * CALC ZMIN = -10.4998433
 TITLE> *  DATE:     8/28/26     23: 4: 8      CREATED BY USER: CHARMM-GUI
 TITLE> *
  
 CHARMM>     
  
 CHARMM>    define PROT sele all end
 SELRPN>    136 atoms have been selected out of    136
  
 CHARMM>     
  
 CHARMM>    !Read the system information
 CHARMM>    stream step3_size.str
 VOPEN> Attempting to open::step3_size.str::
 OPNLGU> Unit 99 opened for READONLY access to step3_size.str

                    INPUT STREAM SWITCHING TO UNIT    99
 RDTITL> SET BOXTYPE  = RECT
 RDTITL> No title read.
 Parameter: IN1 <- "" <empty>
  
 CHARMM>     SET BOXTYPE  = RECT
 Parameter: BOXTYPE <- "RECT"
  
 CHARMM>     SET XTLTYPE  = TETRAGONAL
 Parameter: XTLTYPE <- "TETRAGONAL"
  
 CHARMM>     SET A        = 66.0740394
 Parameter: A <- "66.0740394"
  
 CHARMM>     SET B        = 66.0740394
 Parameter: B <- "66.0740394"
  
 CHARMM>     SET C        = 85
 Parameter: C <- "85"
  
 CHARMM>     SET ALPHA    = 90.0
 Parameter: ALPHA <- "90.0"
  
 CHARMM>     SET BETA     = 90.0
 Parameter: BETA <- "90.0"
  
 CHARMM>     SET GAMMA    = 90.0
 Parameter: GAMMA <- "90.0"
  
 CHARMM>     SET ZCEN     = 0
 Parameter: ZCEN <- "0"
  
 CHARMM>     SET NLIPTOP  = 65
 Parameter: NLIPTOP <- "65"
  
 CHARMM>     SET NLIPBOT  = 65
 Parameter: NLIPBOT <- "65"
  
 CHARMM>     SET WBOXZ    = 22.5
 Parameter: WBOXZ <- "22.5"
  
 CHARMM>     SET WATBOXZ  = 22.5
 Parameter: WATBOXZ <- "22.5"
  
 CHARMM>     SET NCHARGE  = -22
 Parameter: NCHARGE <- "-22"
  
 VCLOSE: Closing unit   99 with status "KEEP"

                    RETURNING TO INPUT STREAM     5
  
 CHARMM>    stream step4_components.str
 VOPEN> Attempting to open::step4_components.str::
 OPNLGU> Unit 99 opened for READONLY access to step4_components.str

                    INPUT STREAM SWITCHING TO UNIT    99
 RDTITL> SET NWATER = 0
 RDTITL> No title read.
 Parameter: IN1 <- "" <empty>
  
 CHARMM>     SET NWATER = 0
 Parameter: NWATER <- "0"
  
 VCLOSE: Closing unit   99 with status "KEEP"

                    RETURNING TO INPUT STREAM     5
  
 CHARMM>    if islconj .eq. YES stream step3_lipid_conjugate.str
 Comparing "ISLCONJ" and "YES".
 IF test evaluated as false.  Skipping command
  
 CHARMM>     
  
 CHARMM>    ! Read Lipids
 CHARMM>    open read unit 10 card name step4_lipid_lipid.psf
 OPNLGU> Unit already open. The old file will be closed first.
 VCLOSE: Closing unit   10 with status "KEEP"
 VOPEN> Attempting to open::step4_lipid_lipid.psf::
 OPNLGU> Unit 10 opened for READONLY access to step4_lipid_lipid.psf
  
 CHARMM>    read psf  unit 10 card append
 MAINIO> Protein structure file being appended from unit  10.
 psf_read_formatted: Reading PSF in the expanded format.
 TITLE>  * GENERATED BY CHARMM-GUI (HTTP://WWW.CHARMM-GUI.ORG) V3.7 ON AUG, 28. 2026. JOB
 TITLE>  * GET A DIFFERENT CONFORMATION FOR LIPIDS PENETRATING PROTEIN / CHOL
 TITLE>  *  DATE:     8/28/26     23: 7:22      CREATED BY USER: charmm-gui
 TITLE>  *
 PSFSUM> PSF modified: NONBOND lists and IMAGE atoms cleared.
 PSFSUM> Summary of the structure file counters :
         Number of segments      =        7   Number of residues   =      136
         Number of atoms         =    17374   Number of groups     =     4477
         Number of bonds         =    17240   Number of angles     =    33136
         Number of dihedrals     =    46076   Number of impropers  =      295
         Number of cross-terms   =        0   Number of autogens   =        0
         Number of HB acceptors  =       12   Number of HB donors  =       30
         Number of NB exclusions =        0   Total charge =  -22.00000
  
 CHARMM>     
  
 CHARMM>    open read unit 10 card name step4_lipid_lipid.crd
 OPNLGU> Unit already open. The old file will be closed first.
 VCLOSE: Closing unit   10 with status "KEEP"
 VOPEN> Attempting to open::step4_lipid_lipid.crd::
 OPNLGU> Unit 10 opened for READONLY access to step4_lipid_lipid.crd
  
 CHARMM>    read coor unit 10 card append
          SPATIAL COORDINATES BEING READ FROM UNIT 10
 A RESIDUE OFFSET OF   6 WILL BE USED.
 INFO: A subset of total atoms will be read.

 TITLE> * GENERATED BY CHARMM-GUI (HTTP://WWW.CHARMM-GUI.ORG) V3.7 ON AUG, 28. 2026. JOB
 TITLE> * GET A DIFFERENT CONFORMATION FOR LIPIDS PENETRATING PROTEIN / CHOL
 TITLE> *  DATE:     8/28/26     23: 7:22      CREATED BY USER: CHARMM-GUI
 TITLE> *
  
 CHARMM>     
  
 CHARMM>    ! Write coordinates
 CHARMM>    open write unit 10 card name step4.3_ion_protmemb.crd
 OPNLGU> Unit already open. The old file will be closed first.
 VCLOSE: Closing unit   10 with status "KEEP"
 VOPEN> Attempting to open::step4.3_ion_protmemb.crd::
 OPNLGU> Unit 10 opened for WRITE access to step4.3_ion_protmemb.crd
  
 CHARMM>    write coor unit 10 card
 RDTITL>  
 RDTITL> No title read.
 VCLOSE: Closing unit   10 with status "KEEP"
  
 CHARMM>     
  
 CHARMM>    define LPSION sele none end
 SELRPN>      0 atoms have been selected out of  17374
  
 CHARMM>     
  
 CHARMM>    !
 CHARMM>    ! conc    : concentration (M)
 CHARMM>    ! volumn  : ion accessible volume (Ang**3)
 CHARMM>    ! npos    : number of positive ions
 CHARMM>    ! nneg    : number of negative ions
 CHARMM>    ! nion    : number of positive and negative ions of a particular compound
 CHARMM>    ! npostot : total number of all positive ions
 CHARMM>    ! nnegtot : total number of all negative ions
 CHARMM>    ! niontot : total number of all ions
 CHARMM>    !
 CHARMM>     
  
 CHARMM>    set zmemb =  20.0           ! ion exclusion membrane region
 Parameter: ZMEMB <- "20.0"
  
 CHARMM>     
  
 CHARMM>    ! protein volume, calculation with a grid spacing of 0.5
 CHARMM>    coor stat
 STATISTICS FOR     17374 SELECTED ATOMS:
    XMIN =  -37.945377 XMAX =   39.198042 XAVE =    0.484123
    YMIN =  -38.483561 YMAX =   38.325072 YAVE =    0.464253
    ZMIN =  -22.908915 ZMAX =   23.159832 ZAVE =   -0.010625
    WMIN =    0.000000 WMAX =    0.058698 WAVE =    0.000020
  
 CHARMM>     
  
 CHARMM>    calc dcel = 0.5
Evaluating: 0.5
 Parameter: DCEL <- "0.5"
  
 CHARMM>    calc xdim = int ( ( ?xmax - ?xmin + 5.0 ) / @dcel ) + 1
 Parameter: DCEL -> "0.5"
 RDCMND substituted energy or value "?XMAX" to "39.1980416"
 RDCMND substituted energy or value "?XMIN" to "-37.9453771"
Evaluating: INT((39.1980416--37.9453771+5.0)/0.5)+1
 Parameter: XDIM <- "165"
  
 CHARMM>    calc ydim = int ( ( ?ymax - ?ymin + 5.0 ) / @dcel ) + 1
 Parameter: DCEL -> "0.5"
 RDCMND substituted energy or value "?YMAX" to "38.3250723"
 RDCMND substituted energy or value "?YMIN" to "-38.4835612"
Evaluating: INT((38.3250723--38.4835612+5.0)/0.5)+1
 Parameter: YDIM <- "164"
  
 CHARMM>    calc zdim = int ( ( ?zmax - ?zmin + 5.0 ) / @dcel ) + 1
 Parameter: DCEL -> "0.5"
 RDCMND substituted energy or value "?ZMAX" to "23.1598316"
 RDCMND substituted energy or value "?ZMIN" to "-22.9089149"
Evaluating: INT((23.1598316--22.9089149+5.0)/0.5)+1
 Parameter: ZDIM <- "103"
  
 CHARMM>    calc space = @xdim * @ydim * @zdim
 Parameter: XDIM -> "165"
 Parameter: YDIM -> "164"
 Parameter: ZDIM -> "103"
Evaluating: 165*164*103
 Parameter: SPACE <- "2787180"
  
 CHARMM>     
  
 CHARMM>    ! prevent overflow on integer conversion
 CHARMM>    calc maxint = 2**32 / 2 - 1
Evaluating: 2**32/2-1
 Parameter: MAXINT <- "2.147483647E+09"
  
 CHARMM>    if space .gt. @maxint calc space = @maxint
 Parameter: MAXINT -> "2.147483647E+09"
 Parameter: MAXINT -> "2.147483647E+09"
 Comparing "2787180" and "2.147483647E+09".
 IF test evaluated as false.  Skipping command
  
 CHARMM>     
  
 CHARMM>    scalar wmain = radius
  
 CHARMM>    scalar wmain add 1.4    ! use solvent accessible surface for molecular volume
  
 CHARMM>    scalar 1 = wmain
  
 CHARMM>    scalar 2 set 6.0
  
 CHARMM>    coor volume hole space @space sele .not. resname TIP3 end
 Parameter: SPACE -> "2787180"
 SELRPN>  17374 atoms have been selected out of  17374
 COMPUTING VOLUME PER ATOM WITH:
   XMIN=    -40.5954 XMAX=     41.9380 NX= 164
   YMIN=    -41.2215 YMAX=     41.4251 NY= 164
   ZMIN=    -25.6209 ZMAX=     26.0648 NZ= 102


 A TOTAL OF     7689   VACUUM POINTS WERE FOUND
 A TOTAL OF  1671389 OCCUPIED POINTS WERE FOUND
 A TOTAL OF  1064314 EXTERNAL POINTS WERE FOUND
 A TOTAL OF  2735703 SELECTED POINTS WERE FOUND
 TOTAL OCCUPIED  VOLUME =  214790.366882
 TOTAL SELECTED  VOLUME =  351565.465041
 TOTAL FREE      VOLUME =     988.114156
 FRACTIONAL FREE VOLUME =       0.457930
  
 CHARMM>     
  
 CHARMM>    set sysvol = ?volume
 RDCMND substituted energy or value "?VOLUME" to "214790.367"
 Parameter: SYSVOL <- "214790.367"
  
 CHARMM>     
  
 CHARMM>    IF BOXTYPE .ne. HEXA then
 Comparing "RECT" and "HEXA".
 IF test evaluated as true.  Performing command
  
 CHARMM>       calc volumn = ( @A * @B * @C ) - @sysvol
 Parameter: A -> "66.0740394"
 Parameter: B -> "66.0740394"
 Parameter: C -> "85"
 Parameter: SYSVOL -> "214790.367"
Evaluating: (66.0740394*66.0740394*85)-214790.367
 Parameter: VOLUMN <- "156300.821"
  
 CHARMM>    ENDIF
  
 CHARMM>     
  
 CHARMM>    IF BOXTYPE .eq. HEXA THEN
 Comparing "RECT" and "HEXA".
 IF test evaluated as false.  Skip to ELSE or ENDIF
  
 CHARMM>     
  
 CHARMM>    if @?nlipaion  .eq. 0 set nlipaion  = 0
 Comparing "0" and "0".
 IF test evaluated as true.  Performing command
 Parameter: NLIPAION <- "0"
  
 CHARMM>    if @?ncoreion  .eq. 0 set ncoreion  = 0
 Comparing "0" and "0".
 IF test evaluated as true.  Performing command
 Parameter: NCOREION <- "0"
  
 CHARMM>    if @?noantiion .eq. 0 set noantiion = 0
 Comparing "0" and "0".
 IF test evaluated as true.  Performing command
 Parameter: NOANTIION <- "0"
  
 CHARMM>     
  
 CHARMM>    calc npostot = @nlipaion + @ncoreion + @noantiion
 Parameter: NLIPAION -> "0"
 Parameter: NCOREION -> "0"
 Parameter: NOANTIION -> "0"
Evaluating: 0+0+0
 Parameter: NPOSTOT <- "0"
  
 CHARMM>    calc nnegtot = 0
Evaluating: 0
 Parameter: NNEGTOT <- "0"
  
 CHARMM>    calc niontot = @npostot
 Parameter: NPOSTOT -> "0"
Evaluating: 0
 Parameter: NIONTOT <- "0"
  
 CHARMM>     
  
 CHARMM>    define ALLIONS sele none end
 SELRPN>      0 atoms have been selected out of  17374
  
 CHARMM>     
  
 CHARMM>    set ionind = 1
 Parameter: IONIND <- "1"
  
 CHARMM>    label do_ion
  
 CHARMM>        define POS sele none end
 SELRPN>      0 atoms have been selected out of  17374
  
 CHARMM>        define NEG sele none end
 SELRPN>      0 atoms have been selected out of  17374
  
 CHARMM>     
  
 CHARMM>        stream step2.2_ions_count.str @ionind
 Parameter: IONIND -> "1"
 VOPEN> Attempting to open::step2.2_ions_count.str::
 OPNLGU> Unit 99 opened for READONLY access to step2.2_ions_count.str

                    INPUT STREAM SWITCHING TO UNIT    99
 RDTITL> * NUMBER OF EACH ION STRUCTURE, AS CHOSEN BY USER;
 RDTITL> * USAGE: STREAM STEP2_IONS_COUNT.STR INDEX
 RDTITL> *
 Parameter: IN1 <- "1"
  
 CHARMM>     
  
 CHARMM>    if @?IN1 .eq. 0 stop ! ABNORMAL TERMINATION: missing index
 Comparing "1" and "0".
 IF test evaluated as false.  Skipping command
  
 CHARMM>     
  
 CHARMM>    set isusercation = 0
 Parameter: ISUSERCATION <- "0"
  
 CHARMM>    set isuseranion  = 0
 Parameter: ISUSERANION <- "0"
  
 CHARMM>    if @IN1 .eq. 1 set pos = POT
 Parameter: IN1 -> "1"
 Comparing "1" and "1".
 IF test evaluated as true.  Performing command
 Parameter: POS <- "POT"
  
 CHARMM>    if @IN1 .eq. 1 set neg = CLA
 Parameter: IN1 -> "1"
 Comparing "1" and "1".
 IF test evaluated as true.  Performing command
 Parameter: NEG <- "CLA"
  
 CHARMM>    if @IN1 .eq. 1 set poscharge = 1
 Parameter: IN1 -> "1"
 Comparing "1" and "1".
 IF test evaluated as true.  Performing command
 Parameter: POSCHARGE <- "1"
  
 CHARMM>    if @IN1 .eq. 1 set negcharge = 1
 Parameter: IN1 -> "1"
 Comparing "1" and "1".
 IF test evaluated as true.  Performing command
 Parameter: NEGCHARGE <- "1"
  
 CHARMM>    if @IN1 .eq. 1 set posval = 1
 Parameter: IN1 -> "1"
 Comparing "1" and "1".
 IF test evaluated as true.  Performing command
 Parameter: POSVAL <- "1"
  
 CHARMM>    if @IN1 .eq. 1 set negval = 1
 Parameter: IN1 -> "1"
 Comparing "1" and "1".
 IF test evaluated as true.  Performing command
 Parameter: NEGVAL <- "1"
  
 CHARMM>    if @IN1 .eq. 1 set conc = 0.15
 Parameter: IN1 -> "1"
 Comparing "1" and "1".
 IF test evaluated as true.  Performing command
 Parameter: CONC <- "0.15"
  
 CHARMM>    if @IN1 .eq. 1 set natompos = 1
 Parameter: IN1 -> "1"
 Comparing "1" and "1".
 IF test evaluated as true.  Performing command
 Parameter: NATOMPOS <- "1"
  
 CHARMM>    if @IN1 .eq. 1 set natomneg = 1
 Parameter: IN1 -> "1"
 Comparing "1" and "1".
 IF test evaluated as true.  Performing command
 Parameter: NATOMNEG <- "1"
  
 CHARMM>    if @IN1 .eq. 1 set isusercation = 0
 Parameter: IN1 -> "1"
 Comparing "1" and "1".
 IF test evaluated as true.  Performing command
 Parameter: ISUSERCATION <- "0"
  
 CHARMM>    if @IN1 .eq. 1 set isuseranion  = 0
 Parameter: IN1 -> "1"
 Comparing "1" and "1".
 IF test evaluated as true.  Performing command
 Parameter: ISUSERANION <- "0"
  
 CHARMM>     
  
 CHARMM>     
  
 CHARMM>    set neutral_index = 1
 Parameter: NEUTRAL_INDEX <- "1"
  
 CHARMM>    set niontypes = 1
 Parameter: NIONTYPES <- "1"
  
 CHARMM>     
  
 VCLOSE: Closing unit   99 with status "KEEP"

                    RETURNING TO INPUT STREAM     5
  
 CHARMM>     
  
 CHARMM>        calc ncharge = int( ?cgtot )
 RDCMND substituted energy or value "?CGTOT" to "-22"
Evaluating: INT(-22)
 Parameter: NCHARGE <- "-22"
  
 CHARMM>        calc cgtot = ?cgtot
 RDCMND substituted energy or value "?CGTOT" to "-22"
Evaluating: -22
 Parameter: CGTOT <- "-22"
  
 CHARMM>     
  
 CHARMM>        calc npos = 0
Evaluating: 0
 Parameter: NPOS <- "0"
  
 CHARMM>        calc nneg = 0
Evaluating: 0
 Parameter: NNEG <- "0"
  
 CHARMM>        if neutral_index .eq. @ionind then
 Parameter: IONIND -> "1"
 Comparing "1" and "1".
 IF test evaluated as true.  Performing command
  
 CHARMM>            if ncharge .lt. 0 calc npos = int( abs( @cgtot ) / @poscharge )
 Parameter: CGTOT -> "-22"
 Parameter: POSCHARGE -> "1"
 Comparing "-22" and "0".
 IF test evaluated as true.  Performing command
Evaluating: INT(ABS(-22)/1)
 Parameter: NPOS <- "22"
  
 CHARMM>            if ncharge .gt. 0 calc nneg = int( abs( @cgtot ) / @negcharge )
 Parameter: CGTOT -> "-22"
 Parameter: NEGCHARGE -> "1"
 Comparing "-22" and "0".
 IF test evaluated as false.  Skipping command
  
 CHARMM>        endif
  
 CHARMM>     
  
 CHARMM>        calc diff   = int ( @cgtot + @npos*@poscharge - @nneg*@negcharge )
 Parameter: CGTOT -> "-22"
 Parameter: NPOS -> "22"
 Parameter: POSCHARGE -> "1"
 Parameter: NNEG -> "0"
 Parameter: NEGCHARGE -> "1"
Evaluating: INT(-22+22*1-0*1)
 Parameter: DIFF <- "0"
  
 CHARMM>     
  
 CHARMM>        if neutral_index .eq. @ionind then
 Parameter: IONIND -> "1"
 Comparing "1" and "1".
 IF test evaluated as true.  Performing command
  
 CHARMM>            set ntries = 0
 Parameter: NTRIES <- "0"
  
 CHARMM>            label neutral
  
 CHARMM>                if diff .gt. 0 calc nneg = @nneg + 1
 Parameter: NNEG -> "0"
 Comparing "0" and "0".
 IF test evaluated as false.  Skipping command
  
 CHARMM>                if diff .lt. 0 calc npos = @npos + 1
 Parameter: NPOS -> "22"
 Comparing "0" and "0".
 IF test evaluated as false.  Skipping command
  
 CHARMM>                calc diff   = int ( @cgtot + @npos*@poscharge - @nneg*@negcharge )
 Parameter: CGTOT -> "-22"
 Parameter: NPOS -> "22"
 Parameter: POSCHARGE -> "1"
 Parameter: NNEG -> "0"
 Parameter: NEGCHARGE -> "1"
Evaluating: INT(-22+22*1-0*1)
 Parameter: DIFF <- "0"
  
 CHARMM>                incr ntries
 Parameter: NTRIES <- "1"
  
 CHARMM>                if ntries .ge. 10 stop ! ABNORMAL TERMINATION: can't neutralize this system
 Comparing "1" and "10".
 IF test evaluated as false.  Skipping command
  
 CHARMM>                if diff .ne. 0 goto neutral
 Comparing "0" and "0".
 IF test evaluated as false.  Skipping command
  
 CHARMM>        endif
  
 CHARMM>     
  
 CHARMM>        calc npos = @npos + int ( @conc * 6.021 * 0.0001 * @volumn ) * @negval
 Parameter: NPOS -> "22"
 Parameter: CONC -> "0.15"
 Parameter: VOLUMN -> "156300.821"
 Parameter: NEGVAL -> "1"
Evaluating: 22+INT(0.15*6.021*0.0001*156300.821)*1
 Parameter: NPOS <- "36"
  
 CHARMM>        calc nneg = @nneg + int ( @conc * 6.021 * 0.0001 * @volumn ) * @posval
 Parameter: NNEG -> "0"
 Parameter: CONC -> "0.15"
 Parameter: VOLUMN -> "156300.821"
 Parameter: POSVAL -> "1"
Evaluating: 0+INT(0.15*6.021*0.0001*156300.821)*1
 Parameter: NNEG <- "14"
  
 CHARMM>     
  
 CHARMM>        if npos .lt. 0 stop ! ABNORMAL TERMINATION: something wrong
 Comparing "36" and "0".
 IF test evaluated as false.  Skipping command
  
 CHARMM>        if nneg .lt. 0 stop ! ABNORMAL TERMINATION: something wrong
 Comparing "14" and "0".
 IF test evaluated as false.  Skipping command
  
 CHARMM>     
  
 CHARMM>        !
  
 CHARMM>        ! Randomly place the ions
  
 CHARMM>        !
  
 CHARMM>     
  
 CHARMM>        ! Generate positive ion
  
 CHARMM>        if npos .gt. 0 then
 Comparing "36" and "0".
 IF test evaluated as true.  Performing command
  
 CHARMM>            if isusercation .eq. 1 then
 Comparing "0" and "1".
 IF test evaluated as false.  Skip to ELSE or ENDIF
  
 CHARMM>                read sequence @pos @npos
 Parameter: POS -> "POT"
 Parameter: NPOS -> "36"
  
 CHARMM>                generate POS warn
 NO PATCHING WILL BE DONE ON THE FIRST RESIDUE
 NO PATCHING WILL BE DONE ON THE LAST  RESIDUE
 AUTGEN: Autogenerating specified angles and dihedrals.
 GENPSF> Segment   8 has been generated. Its identifier is POS.
 PSFSUM> PSF modified: NONBOND lists and IMAGE atoms cleared.
 PSFSUM> Summary of the structure file counters :
         Number of segments      =        8   Number of residues   =      172
         Number of atoms         =    17410   Number of groups     =     4513
         Number of bonds         =    17240   Number of angles     =    33136
         Number of dihedrals     =    46076   Number of impropers  =      295
         Number of cross-terms   =        0   Number of autogens   =        0
         Number of HB acceptors  =       12   Number of HB donors  =       30
         Number of NB exclusions =        0   Total charge =   14.00000
  
 CHARMM>            endif
  
 CHARMM>     
  
 CHARMM>            define POS sele segid POS end
 SELRPN>     36 atoms have been selected out of  17410
  
 CHARMM>     
  
 CHARMM>            if natompos .gt. 1 then
 Comparing "1" and "1".
 IF test evaluated as false.  Skip to ELSE or ENDIF
  
 CHARMM>                ! move ion to origin
  
 CHARMM>                coor set sele POS end
 SELRPN>     36 atoms have been selected out of  17410
 SELECTED COORDINATES SET IN THE MAIN SET.

  
 CHARMM>            endif
  
 CHARMM>        endif
  
 CHARMM>     
  
 CHARMM>        ! Generate negative ion
  
 CHARMM>        if nneg .gt. 0 then
 Comparing "14" and "0".
 IF test evaluated as true.  Performing command
  
 CHARMM>            if isuseranion .eq. 1 then
 Comparing "0" and "1".
 IF test evaluated as false.  Skip to ELSE or ENDIF
  
 CHARMM>                read sequence @neg @nneg
 Parameter: NEG -> "CLA"
 Parameter: NNEG -> "14"
  
 CHARMM>                generate NEG warn
 NO PATCHING WILL BE DONE ON THE FIRST RESIDUE
 NO PATCHING WILL BE DONE ON THE LAST  RESIDUE
 AUTGEN: Autogenerating specified angles and dihedrals.
 GENPSF> Segment   9 has been generated. Its identifier is NEG.
 PSFSUM> PSF modified: NONBOND lists and IMAGE atoms cleared.
 PSFSUM> Summary of the structure file counters :
         Number of segments      =        9   Number of residues   =      186
         Number of atoms         =    17424   Number of groups     =     4527
         Number of bonds         =    17240   Number of angles     =    33136
         Number of dihedrals     =    46076   Number of impropers  =      295
         Number of cross-terms   =        0   Number of autogens   =        0
         Number of HB acceptors  =       12   Number of HB donors  =       30
         Number of NB exclusions =        0   Total charge =   -0.00000
  
 CHARMM>            endif
  
 CHARMM>     
  
 CHARMM>            define NEG sele segid NEG end
 SELRPN>     14 atoms have been selected out of  17424
  
 CHARMM>     
  
 CHARMM>            if natomneg .gt. 1 then
 Comparing "1" and "1".
 IF test evaluated as false.  Skip to ELSE or ENDIF
  
 CHARMM>                ! move ion to origin
  
 CHARMM>                coor set sele NEG end
 SELRPN>     14 atoms have been selected out of  17424
 SELECTED COORDINATES SET IN THE MAIN SET.

  
 CHARMM>            endif
  
 CHARMM>        endif
  
 CHARMM>     
  
 CHARMM>        define IONS sele POS .or. NEG end
 SELRPN>     50 atoms have been selected out of  17424
  
 CHARMM>        define ALLIONS sele segid IONS .or. IONS end
 SELRPN>     50 atoms have been selected out of  17424
  
 CHARMM>     
  
 CHARMM>        calc nion = @npos + @nneg
 Parameter: NPOS -> "36"
 Parameter: NNEG -> "14"
Evaluating: 36+14
 Parameter: NION <- "50"
  
 CHARMM>     
  
 CHARMM>        incr npostot by @npos
 Parameter: NPOS -> "36"
 Parameter: NPOSTOT <- "36"
  
 CHARMM>        incr nnegtot by @nneg
 Parameter: NNEG -> "14"
 Parameter: NNEGTOT <- "14"
  
 CHARMM>        incr niontot by @nion
 Parameter: NION -> "50"
 Parameter: NIONTOT <- "50"
  
 CHARMM>     
  
 CHARMM>        if nion .eq. 0 goto continue
 Comparing "50" and "0".
 IF test evaluated as false.  Skipping command
  
 CHARMM>        !
  
 CHARMM>        !Images Setup [to place all atoms inside the box]
  
 CHARMM>        !
  
 CHARMM>     
  
 CHARMM>        open read unit 10 card name crystal_image.str
 VOPEN> Attempting to open::crystal_image.str::
 OPNLGU> Unit 10 opened for READONLY access to crystal_image.str
  
 CHARMM>        CRYSTAL DEFINE @XTLtype @A @B @C @alpha @beta @gamma
 Parameter: XTLTYPE -> "TETRAGONAL"
 Parameter: A -> "66.0740394"
 Parameter: B -> "66.0740394"
 Parameter: C -> "85"
 Parameter: ALPHA -> "90.0"
 Parameter: BETA -> "90.0"
 Parameter: GAMMA -> "90.0"
 Crystal Parameters : Crystal Type = TETR
           A     =   66.07404 B    =   66.07404 C     =   85.00000
           Alpha =   90.00000 Beta =   90.00000 Gamma =   90.00000
  
 CHARMM>        CRYSTAL READ UNIT 10 CARD
 CRYSTAL FILE BEING READ FROM UNIT    10
 TITLE> * GENERATED BY CHARMM-GUI (HTTP://WWW.CHARMM-GUI.ORG) V3.7 ON AUG, 28. 2026. JOBID=8797249059
 TITLE> * STREAM FILE FOR CRYSTAL SYMMETRY OPERATION
 TITLE> *
 TITLE>  * GENERATED BY CHARMM-GUI (HTTP://WWW.CHARMM-GUI.ORG) V3.7 ON AUG, 28. 2026. JOB
 TITLE>  * STREAM FILE FOR CRYSTAL SYMMETRY OPERATION
 TITLE>  *
                     THERE ARE NO ROTATIONS FOR THIS TRANSFORMATION SET
    26 Transformations have been processed.

  
 CHARMM>     
  
 CHARMM>        !Image centering by residue
  
 CHARMM>        IMAGE BYRES XCEN 0.0 YCEN 0.0 ZCEN @zcen
 Parameter: ZCEN -> "0"
 IMAGE CENTERING ON FOR SOME ATOMS
  
 CHARMM>     
  
 CHARMM>        update image inbf 0

 SELECTED IMAGES ATOMS BEING CENTERED ABOUT  0.000000  0.000000  0.000000
 RESIDUE   53 OPERATED ON BY TRANSFORMATION Z0N1Z0R1
 RESIDUE   60 OPERATED ON BY TRANSFORMATION N1Z0Z0R1
 RESIDUE   70 OPERATED ON BY TRANSFORMATION P1Z0Z0R1
 RESIDUE   71 OPERATED ON BY TRANSFORMATION Z0P1Z0R1
 RESIDUE  128 OPERATED ON BY TRANSFORMATION Z0P1Z0R1

 <MKIMAT2>: updating the image atom lists and remapping
 Transformation   Atoms  Groups  Residues  Min-Distance
    1  N1N1N1R1 has       0       0       0       39.98
    2  N1Z0N1R1 has       0       0       0       39.03
    3  N1P1N1R1 has       0       0       0       39.59
    4  Z0N1N1R1 has       0       0       0       39.07
    5  Z0Z0N1R1 has       0       0       0       38.93
    6  Z0P1N1R1 has       0       0       0       38.93
    7  N1N1Z0R1 has     410     105       5        0.00
    8  N1Z0Z0R1 has    4308    1099      40        0.00
    9  N1P1Z0R1 has    1076     272      12        0.00
   10  Z0N1Z0R1 has    4555    1170      44        0.00
   12  N1N1P1R1 has       0       0       0       39.39
   13  N1Z0P1R1 has       0       0       0       39.13
   14  N1P1P1R1 has       0       0       0       39.33
 Total of27773 atoms and 7173 groups and  287 residues were included

 **** Warning ****  The following extraneous characters
 were found while command processing in CHARMM
 IMAGE
  
 CHARMM>     
  
 CHARMM>        CONS FIX SELE .NOT. ( POS .OR. NEG ) END
 SELRPN>  17374 atoms have been selected out of  17424
  
 CHARMM>        SKIP ALL EXCL VDW ELEC
 SKIPE> The following energy terms will be computed :
  VDW  ELEC
  
 CHARMM>        scalar wmain = charge
  
 CHARMM>     
  
 CHARMM>        !
  
 CHARMM>        ! Initial placement of ions
  
 CHARMM>        !
  
 CHARMM>     
  
 CHARMM>        calc cntrand = 0
Evaluating: 0
 Parameter: CNTRAND <- "0"
  
 CHARMM>     
  
 CHARMM>        calc i   = 1
Evaluating: 1
 Parameter: I <- "1"
  
 CHARMM>        label doinit
  
 CHARMM>     
  
 CHARMM>            calc cntrand = @cntrand + 1
 Parameter: CNTRAND -> "0"
Evaluating: 0+1
 Parameter: CNTRAND <- "1"
  
 CHARMM>            if cntrand .gt. 100 stop ! ABNORMAL TERMINATION: ion placing may not work.. stop here
 Comparing "1" and "100".
 IF test evaluated as false.  Skipping command
  
 CHARMM>     
  
 CHARMM>            calc j = @i
 Parameter: I -> "1"
Evaluating: 1
 Parameter: J <- "1"
  
 CHARMM>            set ion = POS
 Parameter: ION <- "POS"
  
 CHARMM>     
  
 CHARMM>            if j .gt. @npos then
 Parameter: NPOS -> "36"
 Comparing "1" and "36".
 IF test evaluated as false.  Skip to ELSE or ENDIF
  
 CHARMM>     
  
 CHARMM>            define target select segid @ion .and. resid @j end
 Parameter: ION -> "POS"
 Parameter: J -> "1"
 SELRPN>      1 atoms have been selected out of  17424
  
 CHARMM>     
  
 CHARMM>            calc xpos = @A * ( ?random - 0.5 )
 Parameter: A -> "66.0740394"
 RDCMND substituted energy or value "?RANDOM" to "0.605481283"
Evaluating: 66.0740394*(0.605481283-0.5)
 Parameter: XPOS <- "6.96957445"
  
 CHARMM>            calc ypos = @B * ( ?random - 0.5 )
 Parameter: B -> "66.0740394"
 RDCMND substituted energy or value "?RANDOM" to "0.827991883"
Evaluating: 66.0740394*(0.827991883-0.5)
 Parameter: YPOS <- "21.6717486"
  
 CHARMM>            calc zpos = @C * ( ?random - 0.5 ) + @zcen
 Parameter: C -> "85"
 Parameter: ZCEN -> "0"
 RDCMND substituted energy or value "?RANDOM" to "0.394724387"
Evaluating: 85*(0.394724387-0.5)+0
 Parameter: ZPOS <- "-8.94842711"
  
 CHARMM>     
  
 CHARMM>            if zpos .gt. -15 if zpos .lt. 15 goto doinit
 Comparing "-8.94842711" and "-15".
 IF test evaluated as true.  Performing command
 Comparing "-8.94842711" and "15".
 IF test evaluated as true.  Performing command
  
 CHARMM>     
  
 CHARMM>            calc cntrand = @cntrand + 1
 Parameter: CNTRAND -> "1"
Evaluating: 1+1
 Parameter: CNTRAND <- "2"
  
 CHARMM>            if cntrand .gt. 100 stop ! ABNORMAL TERMINATION: ion placing may not work.. stop here
 Comparing "2" and "100".
 IF test evaluated as false.  Skipping command
  
 CHARMM>     
  
 CHARMM>            calc j = @i
 Parameter: I -> "1"
Evaluating: 1
 Parameter: J <- "1"
  
 CHARMM>            set ion = POS
 Parameter: ION <- "POS"
  
 CHARMM>     
  
 CHARMM>            if j .gt. @npos then
 Parameter: NPOS -> "36"
 Comparing "1" and "36".
 IF test evaluated as false.  Skip to ELSE or ENDIF
  
 CHARMM>     
  
 CHARMM>            define target select segid @ion .and. resid @j end
 Parameter: ION -> "POS"
 Parameter: J -> "1"
 SELRPN>      1 atoms have been selected out of  17424
  
 CHARMM>     
  
 CHARMM>            calc xpos = @A * ( ?random - 0.5 )
 Parameter: A -> "66.0740394"
 RDCMND substituted energy or value "?RANDOM" to "0.604980379"
Evaluating: 66.0740394*(0.604980379-0.5)
 Parameter: XPOS <- "6.9364777"
  
 CHARMM>            calc ypos = @B * ( ?random - 0.5 )
 Parameter: B -> "66.0740394"
 RDCMND substituted energy or value "?RANDOM" to "8.189720874E-02"
Evaluating: 66.0740394*(8.189720874E-02-0.5)
 Parameter: YPOS <- "-27.6257403"
  
 CHARMM>            calc zpos = @C * ( ?random - 0.5 ) + @zcen
 Parameter: C -> "85"
 Parameter: ZCEN -> "0"
 RDCMND substituted energy or value "?RANDOM" to "0.189958556"
Evaluating: 85*(0.189958556-0.5)+0
 Parameter: ZPOS <- "-26.3535227"
  
 CHARMM>     
  
 CHARMM>            if zpos .gt. -15 if zpos .lt. 15 goto doinit
 Comparing "-26.3535227" and "-15".
 IF test evaluated as false.  Skipping command
  
 CHARMM>     
  
 CHARMM>            ! move target to selected position
  
 CHARMM>            coor stat select target end
 SELRPN>      1 atoms have been selected out of  17424
 STATISTICS FOR         1 SELECTED ATOMS:
    XMIN =    0.000000 XMAX =    0.000000 XAVE =    0.000000
    YMIN =    0.000000 YMAX =    0.000000 YAVE =    0.000000
    ZMIN =    0.000000 ZMAX =    0.000000 ZAVE =    0.000000
    WMIN =    1.000000 WMAX =    1.000000 WAVE =    1.000000
  
 CHARMM>            calc xtran = @xpos - ?xave
 Parameter: XPOS -> "6.9364777"
 RDCMND substituted energy or value "?XAVE" to "0"
Evaluating: 6.9364777-0
 Parameter: XTRAN <- "6.9364777"
  
 CHARMM>            calc ytran = @ypos - ?yave
 Parameter: YPOS -> "-27.6257403"
 RDCMND substituted energy or value "?YAVE" to "0"
Evaluating: -27.6257403-0
 Parameter: YTRAN <- "-27.6257403"
  
 CHARMM>            calc ztran = @zpos - ?zave
 Parameter: ZPOS -> "-26.3535227"
 RDCMND substituted energy or value "?ZAVE" to "0"
Evaluating: -26.3535227-0
 Parameter: ZTRAN <- "-26.3535227"
  
 CHARMM>            coor trans xdir @xtran ydir @ytran zdir @ztran select target end
 Parameter: XTRAN -> "6.9364777"
 Parameter: YTRAN -> "-27.6257403"
 Parameter: ZTRAN -> "-26.3535227"
 SELRPN>      1 atoms have been selected out of  17424
 TRANSLATION VECTOR     6.936478  -27.625740  -26.353523
 SELECTED COORDINATES TRANSLATED IN THE MAIN SET.

  
 CHARMM>     
  
 CHARMM>            ! apply a random rotation along XYZ
  
 CHARMM>            calc xphi = ?random * 360.0
 RDCMND substituted energy or value "?RANDOM" to "0.139632916"
Evaluating: 0.139632916*360.0
 Parameter: XPHI <- "50.2678498"
  
 CHARMM>            calc yphi = ?random * 360.0
 RDCMND substituted energy or value "?RANDOM" to "0.78582725"
Evaluating: 0.78582725*360.0
 Parameter: YPHI <- "282.89781"
  
 CHARMM>            calc zphi = ?random * 360.0
 RDCMND substituted energy or value "?RANDOM" to "0.415239381"
Evaluating: 0.415239381*360.0
 Parameter: ZPHI <- "149.486177"
  
 CHARMM>            coor rotate xcen @xpos ycen @ypos zcen @zpos xdir 1.0 -
 CHARMM>                phi @xphi select target end
 Parameter: XPOS -> "6.9364777"
 Parameter: YPOS -> "-27.6257403"
 Parameter: ZPOS -> "-26.3535227"
 Parameter: XPHI -> "50.2678498"
 SELRPN>      1 atoms have been selected out of  17424
 ROTATION MATRIX
    1.000000    0.000000    0.000000
    0.000000    0.639199    0.769041
    0.000000   -0.769041    0.639199

 AXIS OF ROTATION IS  1.000000  0.000000  0.000000  ANGLE IS   50.27

 SELECTED COORDINATES ROTATED IN THE MAIN SET.

  
 CHARMM>            coor rotate xcen @xpos ycen @ypos zcen @zpos ydir 1.0 -
 CHARMM>                phi @yphi select target end
 Parameter: XPOS -> "6.9364777"
 Parameter: YPOS -> "-27.6257403"
 Parameter: ZPOS -> "-26.3535227"
 Parameter: YPHI -> "282.89781"
 SELRPN>      1 atoms have been selected out of  17424
 ROTATION MATRIX
    0.223213    0.000000    0.974770
    0.000000    1.000000    0.000000
   -0.974770    0.000000    0.223213

 AXIS OF ROTATION IS  0.000000 -1.000000  0.000000  ANGLE IS   77.10

 SELECTED COORDINATES ROTATED IN THE MAIN SET.

  
 CHARMM>            coor rotate xcen @xpos ycen @ypos zcen @zpos zdir 1.0 -
 CHARMM>                phi @zphi select target end
 Parameter: XPOS -> "6.9364777"
 Parameter: YPOS -> "-27.6257403"
 Parameter: ZPOS -> "-26.3535227"
 Parameter: ZPHI -> "149.486177"
 SELRPN>      1 atoms have been selected out of  17424
 ROTATION MATRIX
   -0.861507    0.507746    0.000000
   -0.507746   -0.861507    0.000000
    0.000000    0.000000    1.000000

 AXIS OF ROTATION IS  0.000000  0.000000  1.000000  ANGLE IS  149.49

 SELECTED COORDINATES ROTATED IN THE MAIN SET.

  
 CHARMM>     
  
 CHARMM>     
  
 CHARMM>            calc dcut = 3.5
Evaluating: 3.5
 Parameter: DCUT <- "3.5"
  
 CHARMM>     
  
 CHARMM>            coor stat sele target end
 SELRPN>      1 atoms have been selected out of  17424
 STATISTICS FOR         1 SELECTED ATOMS:
    XMIN =    6.936478 XMAX =    6.936478 XAVE =    6.936478
    YMIN =  -27.625740 YMAX =  -27.625740 YAVE =  -27.625740
    ZMIN =  -26.353523 ZMAX =  -26.353523 ZAVE =  -26.353523
    WMIN =    1.000000 WMAX =    1.000000 WAVE =    1.000000
  
 CHARMM>            calc xmax = ?xmax + @dcut
 Parameter: DCUT -> "3.5"
 RDCMND substituted energy or value "?XMAX" to "6.9364777"
Evaluating: 6.9364777+3.5
 Parameter: XMAX <- "10.4364777"
  
 CHARMM>            calc ymax = ?ymax + @dcut
 Parameter: DCUT -> "3.5"
 RDCMND substituted energy or value "?YMAX" to "-27.6257403"
Evaluating: -27.6257403+3.5
 Parameter: YMAX <- "-24.1257403"
  
 CHARMM>            calc zmax = ?zmax + @dcut
 Parameter: DCUT -> "3.5"
 RDCMND substituted energy or value "?ZMAX" to "-26.3535227"
Evaluating: -26.3535227+3.5
 Parameter: ZMAX <- "-22.8535227"
  
 CHARMM>            calc xmin = ?xmin - @dcut
 Parameter: DCUT -> "3.5"
 RDCMND substituted energy or value "?XMIN" to "6.9364777"
Evaluating: 6.9364777-3.5
 Parameter: XMIN <- "3.4364777"
  
 CHARMM>            calc ymin = ?ymin - @dcut
 Parameter: DCUT -> "3.5"
 RDCMND substituted energy or value "?YMIN" to "-27.6257403"
Evaluating: -27.6257403-3.5
 Parameter: YMIN <- "-31.1257403"
  
 CHARMM>            calc zmin = ?zmin - @dcut
 Parameter: DCUT -> "3.5"
 RDCMND substituted energy or value "?ZMIN" to "-26.3535227"
Evaluating: -26.3535227-3.5
 Parameter: ZMIN <- "-29.8535227"
  
 CHARMM>     
  
 CHARMM>            define JUNK sele .not. target .and. -
 CHARMM>                             prop X .lt. @xmax .and. prop X .gt. @xmin .and. -
 CHARMM>                             prop Y .lt. @ymax .and. prop Y .gt. @ymin .and. -
 CHARMM>                             prop Z .lt. @zmax .and. prop Z .gt. @zmin  end
 Parameter: XMAX -> "10.4364777"
 Parameter: XMIN -> "3.4364777"
 Parameter: YMAX -> "-24.1257403"
 Parameter: YMIN -> "-31.1257403"
 Parameter: ZMAX -> "-22.8535227"
 Parameter: ZMIN -> "-29.8535227"
 SELRPN>      0 atoms have been selected out of  17424
  
 CHARMM>     
  
 CHARMM>            ! check if the ions are too close to protein
  
 CHARMM>            define XXX sele PROT end
 SELRPN>    136 atoms have been selected out of  17424
  
 CHARMM>            if ?nsel .gt. 0 then
 RDCMND substituted energy or value "?NSEL" to "136"
 Comparing "136" and "0".
 IF test evaluated as true.  Performing command
  
 CHARMM>                coor dist cut 10.0 sele target end -
 CHARMM>                                   sele PROT .and. JUNK .and. .not. hydrogen end image
 SELRPN>      1 atoms have been selected out of  27773
 SELRPN>      0 atoms have been selected out of  27773

            DISTANCES FOR SELECTED ATOMS
            ONLY ONE SELECTION SET SPECIFIED, A COMPARISON WILL BE DONE
 TOTAL EXCLUSION COUNT =         0
 TOTAL 1-4 EXCLUSIONS  =         0
 TOTAL NON-EXCLUSIONS  =         0
  
 CHARMM>                if ?npair .gt. 0 goto doinit
 RDCMND substituted energy or value "?NPAIR" to "0"
 Comparing "0" and "0".
 IF test evaluated as false.  Skipping command
  
 CHARMM>            endif
  
 CHARMM>     
  
 CHARMM>            ! check if the ions are too close to solute
  
 CHARMM>            coor dist cut 4.0 sele target end sele JUNK .and. .not. hydrogen end image
 SELRPN>      1 atoms have been selected out of  27773
 SELRPN>      0 atoms have been selected out of  27773

            DISTANCES FOR SELECTED ATOMS
            ONLY ONE SELECTION SET SPECIFIED, A COMPARISON WILL BE DONE
 TOTAL EXCLUSION COUNT =         0
 TOTAL 1-4 EXCLUSIONS  =         0
 TOTAL NON-EXCLUSIONS  =         0
  
 CHARMM>            if ?npair .gt. 0 goto doinit
 RDCMND substituted energy or value "?NPAIR" to "0"
 Comparing "0" and "0".
 IF test evaluated as false.  Skipping command
  
 CHARMM>     
  
 CHARMM>            calc cntrand = 0
Evaluating: 0
 Parameter: CNTRAND <- "0"
  
 CHARMM>            increase i by 1
 Parameter: I <- "2"
  
 CHARMM>            if i .le. @nion goto doinit
 Parameter: NION -> "50"
 Comparing "2" and "50".
 IF test evaluated as true.  Performing command
  
 CHARMM>     
  
 CHARMM>            calc cntrand = @cntrand + 1
 Parameter: CNTRAND -> "0"
Evaluating: 0+1
 Parameter: CNTRAND <- "1"
  
 CHARMM>            if cntrand .gt. 100 stop ! ABNORMAL TERMINATION: ion placing may not work.. stop here
 Comparing "1" and "100".
 IF test evaluated as false.  Skipping command
  
 CHARMM>     
  
 CHARMM>            calc j = @i
 Parameter: I -> "2"
Evaluating: 2
 Parameter: J <- "2"
  
 CHARMM>            set ion = POS
 Parameter: ION <- "POS"
  
 CHARMM>     
  
 CHARMM>            if j .gt. @npos then
 Parameter: NPOS -> "36"
 Comparing "2" and "36".
 IF test evaluated as false.  Skip to ELSE or ENDIF
  
 CHARMM>     
  
 CHARMM>            define target select segid @ion .and. resid @j end
 Parameter: ION -> "POS"
 Parameter: J -> "2"
 SELRPN>      1 atoms have been selected out of  17424
  
 CHARMM>     
  
 CHARMM>            calc xpos = @A * ( ?random - 0.5 )
 Parameter: A -> "66.0740394"
 RDCMND substituted energy or value "?RANDOM" to "0.401888822"
Evaluating: 66.0740394*(0.401888822-0.5)
 Parameter: XPOS <- "-6.48260184"
  
 CHARMM>            calc ypos = @B * ( ?random - 0.5 )
 Parameter: B -> "66.0740394"
 RDCMND substituted energy or value "?RANDOM" to "9.147550951E-03"
Evaluating: 66.0740394*(9.147550951E-03-0.5)
 Parameter: YPOS <- "-32.4326041"
  
 CHARMM>            calc zpos = @C * ( ?random - 0.5 ) + @zcen
 Parameter: C -> "85"
 Parameter: ZCEN -> "0"
 RDCMND substituted energy or value "?RANDOM" to "0.34493735"
Evaluating: 85*(0.34493735-0.5)+0
 Parameter: ZPOS <- "-13.1803252"
  
 CHARMM>     
  
 CHARMM>            if zpos .gt. -15 if zpos .lt. 15 goto doinit
 Comparing "-13.1803252" and "-15".
 IF test evaluated as true.  Performing command
 Comparing "-13.1803252" and "15".
 IF test evaluated as true.  Performing command
  
 CHARMM>     
  
 CHARMM>            calc cntrand = @cntrand + 1
 Parameter: CNTRAND -> "1"
Evaluating: 1+1
 Parameter: CNTRAND <- "2"
  
 CHARMM>            if cntrand .gt. 100 stop ! ABNORMAL TERMINATION: ion placing may not work.. stop here
 Comparing "2" and "100".
 IF test evaluated as false.  Skipping command
  
 CHARMM>     
  
 CHARMM>            calc j = @i
 Parameter: I -> "2"
Evaluating: 2
 Parameter: J <- "2"
  
 CHARMM>            set ion = POS
 Parameter: ION <- "POS"
  
 CHARMM>     
  
 CHARMM>            if j .gt. @npos then
 Parameter: NPOS -> "36"
 Comparing "2" and "36".
 IF test evaluated as false.  Skip to ELSE or ENDIF
  
 CHARMM>     
  
 CHARMM>            define target select segid @ion .and. resid @j end
 Parameter: ION -> "POS"
 Parameter: J -> "2"
 SELRPN>      1 atoms have been selected out of  17424
  
 CHARMM>     
  
 CHARMM>            calc xpos = @A * ( ?random - 0.5 )
 Parameter: A -> "66.0740394"
 RDCMND substituted energy or value "?RANDOM" to "0.869251727"
Evaluating: 66.0740394*(0.869251727-0.5)
 Parameter: XPOS <- "24.3979532"
  
 CHARMM>            calc ypos = @B * ( ?random - 0.5 )
 Parameter: B -> "66.0740394"
 RDCMND substituted energy or value "?RANDOM" to "0.770404688"
Evaluating: 66.0740394*(0.770404688-0.5)
 Parameter: YPOS <- "17.86673"
  
 CHARMM>            calc zpos = @C * ( ?random - 0.5 ) + @zcen
 Parameter: C -> "85"
 Parameter: ZCEN -> "0"
 RDCMND substituted energy or value "?RANDOM" to "4.737619848E-02"
Evaluating: 85*(4.737619848E-02-0.5)+0
 Parameter: ZPOS <- "-38.4730231"
  
 CHARMM>     
  
 CHARMM>            if zpos .gt. -15 if zpos .lt. 15 goto doinit
 Comparing "-38.4730231" and "-15".
 IF test evaluated as false.  Skipping command
  
 CHARMM>     
  
 CHARMM>            ! move target to selected position
  
 CHARMM>            coor stat select target end
 SELRPN>      1 atoms have been selected out of  17424
 STATISTICS FOR         1 SELECTED ATOMS:
    XMIN =    0.000000 XMAX =    0.000000 XAVE =    0.000000
    YMIN =    0.000000 YMAX =    0.000000 YAVE =    0.000000
    ZMIN =    0.000000 ZMAX =    0.000000 ZAVE =    0.000000
    WMIN =    1.000000 WMAX =    1.000000 WAVE =    1.000000
  
 CHARMM>            calc xtran = @xpos - ?xave
 Parameter: XPOS -> "24.3979532"
 RDCMND substituted energy or value "?XAVE" to "0"
Evaluating: 24.3979532-0
 Parameter: XTRAN <- "24.3979532"
  
 CHARMM>            calc ytran = @ypos - ?yave
 Parameter: YPOS -> "17.86673"
 RDCMND substituted energy or value "?YAVE" to "0"
Evaluating: 17.86673-0
 Parameter: YTRAN <- "17.86673"
  
 CHARMM>            calc ztran = @zpos - ?zave
 Parameter: ZPOS -> "-38.4730231"
 RDCMND substituted energy or value "?ZAVE" to "0"
Evaluating: -38.4730231-0
 Parameter: ZTRAN <- "-38.4730231"
  
 CHARMM>            coor trans xdir @xtran ydir @ytran zdir @ztran select target end
 Parameter: XTRAN -> "24.3979532"
 Parameter: YTRAN -> "17.86673"
 Parameter: ZTRAN -> "-38.4730231"
 SELRPN>      1 atoms have been selected out of  17424
 TRANSLATION VECTOR    24.397953   17.866730  -38.473023
 SELECTED COORDINATES TRANSLATED IN THE MAIN SET.

  
 CHARMM>     
  
 CHARMM>            ! apply a random rotation along XYZ
  
 CHARMM>            calc xphi = ?random * 360.0
 RDCMND substituted energy or value "?RANDOM" to "0.92521672"
Evaluating: 0.92521672*360.0
 Parameter: XPHI <- "333.078019"
  
 CHARMM>            calc yphi = ?random * 360.0
 RDCMND substituted energy or value "?RANDOM" to "0.554381404"
Evaluating: 0.554381404*360.0
 Parameter: YPHI <- "199.577305"
  
 CHARMM>            calc zphi = ?random * 360.0
 RDCMND substituted energy or value "?RANDOM" to "8.571040708E-02"
Evaluating: 8.571040708E-02*360.0
 Parameter: ZPHI <- "30.8557465"
  
 CHARMM>            coor rotate xcen @xpos ycen @ypos zcen @zpos xdir 1.0 -
 CHARMM>                phi @xphi select target end
 Parameter: XPOS -> "24.3979532"
 Parameter: YPOS -> "17.86673"
 Parameter: ZPOS -> "-38.4730231"
 Parameter: XPHI -> "333.078019"
 SELRPN>      1 atoms have been selected out of  17424
 ROTATION MATRIX
    1.000000    0.000000    0.000000
    0.000000    0.891624   -0.452777
    0.000000    0.452777    0.891624

 AXIS OF ROTATION IS -1.000000  0.000000  0.000000  ANGLE IS   26.92

 SELECTED COORDINATES ROTATED IN THE MAIN SET.

  
 CHARMM>            coor rotate xcen @xpos ycen @ypos zcen @zpos ydir 1.0 -
 CHARMM>                phi @yphi select target end
 Parameter: XPOS -> "24.3979532"
 Parameter: YPOS -> "17.86673"
 Parameter: ZPOS -> "-38.4730231"
 Parameter: YPHI -> "199.577305"
 SELRPN>      1 atoms have been selected out of  17424
 ROTATION MATRIX
   -0.942190    0.000000    0.335078
    0.000000    1.000000    0.000000
   -0.335078    0.000000   -0.942190

 AXIS OF ROTATION IS  0.000000 -1.000000  0.000000  ANGLE IS  160.42

 SELECTED COORDINATES ROTATED IN THE MAIN SET.

  
 CHARMM>            coor rotate xcen @xpos ycen @ypos zcen @zpos zdir 1.0 -
 CHARMM>                phi @zphi select target end
 Parameter: XPOS -> "24.3979532"
 Parameter: YPOS -> "17.86673"
 Parameter: ZPOS -> "-38.4730231"
 Parameter: ZPHI -> "30.8557465"
 SELRPN>      1 atoms have been selected out of  17424
 ROTATION MATRIX
    0.858461    0.512878    0.000000
   -0.512878    0.858461    0.000000
    0.000000    0.000000    1.000000

 AXIS OF ROTATION IS  0.000000  0.000000  1.000000  ANGLE IS   30.86

 SELECTED COORDINATES ROTATED IN THE MAIN SET.

  
 CHARMM>     
  
 CHARMM>     
  
 CHARMM>            calc dcut = 3.5
Evaluating: 3.5
 Parameter: DCUT <- "3.5"
  
 CHARMM>     
  
 CHARMM>            coor stat sele target end
 SELRPN>      1 atoms have been selected out of  17424
 STATISTICS FOR         1 SELECTED ATOMS:
    XMIN =   24.397953 XMAX =   24.397953 XAVE =   24.397953
    YMIN =   17.866730 YMAX =   17.866730 YAVE =   17.866730
    ZMIN =  -38.473023 ZMAX =  -38.473023 ZAVE =  -38.473023
    WMIN =    1.000000 WMAX =    1.000000 WAVE =    1.000000
  
 CHARMM>            calc xmax = ?xmax + @dcut
 Parameter: DCUT -> "3.5"
 RDCMND substituted energy or value "?XMAX" to "24.3979532"
Evaluating: 24.3979532+3.5
 Parameter: XMAX <- "27.8979532"
  
 CHARMM>            calc ymax = ?ymax + @dcut
 Parameter: DCUT -> "3.5"
 RDCMND substituted energy or value "?YMAX" to "17.86673"
Evaluating: 17.86673+3.5
 Parameter: YMAX <- "21.36673"
  
 CHARMM>            calc zmax = ?zmax + @dcut
 Parameter: DCUT -> "3.5"
 RDCMND substituted energy or value "?ZMAX" to "-38.4730231"
Evaluating: -38.4730231+3.5
 Parameter: ZMAX <- "-34.9730231"
  
 CHARMM>            calc xmin = ?xmin - @dcut
 Parameter: DCUT -> "3.5"
 RDCMND substituted energy or value "?XMIN" to "24.3979532"
Evaluating: 24.3979532-3.5
 Parameter: XMIN <- "20.8979532"
  
 CHARMM>            calc ymin = ?ymin - @dcut
 Parameter: DCUT -> "3.5"
 RDCMND substituted energy or value "?YMIN" to "17.86673"
Evaluating: 17.86673-3.5
 Parameter: YMIN <- "14.36673"
  
 CHARMM>            calc zmin = ?zmin - @dcut
 Parameter: DCUT -> "3.5"
 RDCMND substituted energy or value "?ZMIN" to "-38.4730231"
Evaluating: -38.4730231-3.5
 Parameter: ZMIN <- "-41.9730231"
  
 CHARMM>     
  
 CHARMM>            define JUNK sele .not. target .and. -
 CHARMM>                             prop X .lt. @xmax .and. prop X .gt. @xmin .and. -
 CHARMM>                             prop Y .lt. @ymax .and. prop Y .gt. @ymin .and. -
 CHARMM>                             prop Z .lt. @zmax .and. prop Z .gt. @zmin  end
 Parameter: XMAX -> "27.8979532"
 Parameter: XMIN -> "20.8979532"
 Parameter: YMAX -> "21.36673"
 Parameter: YMIN -> "14.36673"
 Parameter: ZMAX -> "-34.9730231"
 Parameter: ZMIN -> "-41.9730231"
 SELRPN>      0 atoms have been selected out of  17424
  
 CHARMM>     
  
 CHARMM>            ! check if the ions are too close to protein
  
 CHARMM>            define XXX sele PROT end
 SELRPN>    136 atoms have been selected out of  17424
  
 CHARMM>            if ?nsel .gt. 0 then
 RDCMND substituted energy or value "?NSEL" to "136"
 Comparing "136" and "0".
 IF test evaluated as true.  Performing command
  
 CHARMM>                coor dist cut 10.0 sele target end -
 CHARMM>                                   sele PROT .and. JUNK .and. .not. hydrogen end image
 SELRPN>      1 atoms have been selected out of  27773
 SELRPN>      0 atoms have been selected out of  27773

            DISTANCES FOR SELECTED ATOMS
            ONLY ONE SELECTION SET SPECIFIED, A COMPARISON WILL BE DONE
 TOTAL EXCLUSION COUNT =         0
 TOTAL 1-4 EXCLUSIONS  =         0
 TOTAL NON-EXCLUSIONS  =         0
  
 CHARMM>                if ?npair .gt. 0 goto doinit
 RDCMND substituted energy or value "?NPAIR" to "0"
 Comparing "0" and "0".
 IF test evaluated as false.  Skipping command
  
 CHARMM>            endif
  
 CHARMM>     
  
 CHARMM>            ! check if the ions are too close to solute
  
 CHARMM>            coor dist cut 4.0 sele target end sele JUNK .and. .not. hydrogen end image
 SELRPN>      1 atoms have been selected out of  27773
 SELRPN>      0 atoms have been selected out of  27773

            DISTANCES FOR SELECTED ATOMS
            ONLY ONE SELECTION SET SPECIFIED, A COMPARISON WILL BE DONE
 TOTAL EXCLUSION COUNT =         0
 TOTAL 1-4 EXCLUSIONS  =         0
 TOTAL NON-EXCLUSIONS  =         0
  
 CHARMM>            if ?npair .gt. 0 goto doinit
 RDCMND substituted energy or value "?NPAIR" to "0"
 Comparing "0" and "0".
 IF test evaluated as false.  Skipping command
  
 CHARMM>     
  
 CHARMM>            calc cntrand = 0
Evaluating: 0
 Parameter: CNTRAND <- "0"
  
 CHARMM>            increase i by 1
 Parameter: I <- "3"
  
 CHARMM>            if i .le. @nion goto doinit
 Parameter: NION -> "50"
 Comparing "3" and "50".
 IF test evaluated as true.  Performing command
  
 CHARMM>     
  
 CHARMM>            calc cntrand = @cntrand + 1
 Parameter: CNTRAND -> "0"
Evaluating: 0+1
 Parameter: CNTRAND <- "1"
  
 CHARMM>            if cntrand .gt. 100 stop ! ABNORMAL TERMINATION: ion placing may not work.. stop here
 Comparing "1" and "100".
 IF test evaluated as false.  Skipping command
  
 CHARMM>     
  
 CHARMM>            calc j = @i
 Parameter: I -> "3"
Evaluating: 3
 Parameter: J <- "3"
  
 CHARMM>            set ion = POS
 Parameter: ION <- "POS"
  
 CHARMM>     
  
 CHARMM>            if j .gt. @npos then
 Parameter: NPOS -> "36"
 Comparing "3" and "36".
 IF test evaluated as false.  Skip to ELSE or ENDIF
  
 CHARMM>     
  
 CHARMM>            define target select segid @ion .and. resid @j end
 Parameter: ION -> "POS"
 Parameter: J -> "3"
 SELRPN>      1 atoms have been selected out of  17424
  
 CHARMM>     
  
 CHARMM>            calc xpos = @A * ( ?random - 0.5 )
 Parameter: A -> "66.0740394"
 RDCMND substituted energy or value "?RANDOM" to "0.59515179"
Evaluating: 66.0740394*(0.59515179-0.5)
 Parameter: XPOS <- "6.28706312"
  
 CHARMM>            calc ypos = @B * ( ?random - 0.5 )
 Parameter: B -> "66.0740394"
 RDCMND substituted energy or value "?RANDOM" to "0.536277083"
Evaluating: 66.0740394*(0.536277083-0.5)
 Parameter: YPOS <- "2.39697341"
  
 CHARMM>            calc zpos = @C * ( ?random - 0.5 ) + @zcen
 Parameter: C -> "85"
 Parameter: ZCEN -> "0"
 RDCMND substituted energy or value "?RANDOM" to "0.721747285"
Evaluating: 85*(0.721747285-0.5)+0
 Parameter: ZPOS <- "18.8485192"
  
 CHARMM>     
  
 CHARMM>            if zpos .gt. -15 if zpos .lt. 15 goto doinit
 Comparing "18.8485192" and "-15".
 IF test evaluated as true.  Performing command
 Comparing "18.8485192" and "15".
 IF test evaluated as false.  Skipping command
  
 CHARMM>     
  
 CHARMM>            ! move target to selected position
  
 CHARMM>            coor stat select target end
 SELRPN>      1 atoms have been selected out of  17424
 STATISTICS FOR         1 SELECTED ATOMS:
    XMIN =    0.000000 XMAX =    0.000000 XAVE =    0.000000
    YMIN =    0.000000 YMAX =    0.000000 YAVE =    0.000000
    ZMIN =    0.000000 ZMAX =    0.000000 ZAVE =    0.000000
    WMIN =    1.000000 WMAX =    1.000000 WAVE =    1.000000
  
 CHARMM>            calc xtran = @xpos - ?xave
 Parameter: XPOS -> "6.28706312"
 RDCMND substituted energy or value "?XAVE" to "0"
Evaluating: 6.28706312-0
 Parameter: XTRAN <- "6.28706312"
  
 CHARMM>            calc ytran = @ypos - ?yave
 Parameter: YPOS -> "2.39697341"
 RDCMND substituted energy or value "?YAVE" to "0"
Evaluating: 2.39697341-0
 Parameter: YTRAN <- "2.39697341"
  
 CHARMM>            calc ztran = @zpos - ?zave
 Parameter: ZPOS -> "18.8485192"
 RDCMND substituted energy or value "?ZAVE" to "0"
Evaluating: 18.8485192-0
 Parameter: ZTRAN <- "18.8485192"
  
 CHARMM>            coor trans xdir @xtran ydir @ytran zdir @ztran select target end
 Parameter: XTRAN -> "6.28706312"
 Parameter: YTRAN -> "2.39697341"
 Parameter: ZTRAN -> "18.8485192"
 SELRPN>      1 atoms have been selected out of  17424
 TRANSLATION VECTOR     6.287063    2.396973   18.848519
 SELECTED COORDINATES TRANSLATED IN THE MAIN SET.

  
 CHARMM>     
  
 CHARMM>            ! apply a random rotation along XYZ
  
 CHARMM>            calc xphi = ?random * 360.0
 RDCMND substituted energy or value "?RANDOM" to "0.744369328"
Evaluating: 0.744369328*360.0
 Parameter: XPHI <- "267.972958"
  
 CHARMM>            calc yphi = ?random * 360.0
 RDCMND substituted energy or value "?RANDOM" to "0.510395898"
Evaluating: 0.510395898*360.0
 Parameter: YPHI <- "183.742523"
  
 CHARMM>            calc zphi = ?random * 360.0
 RDCMND substituted energy or value "?RANDOM" to "0.785037731"
Evaluating: 0.785037731*360.0
 Parameter: ZPHI <- "282.613583"
  
 CHARMM>            coor rotate xcen @xpos ycen @ypos zcen @zpos xdir 1.0 -
 CHARMM>                phi @xphi select target end
 Parameter: XPOS -> "6.28706312"
 Parameter: YPOS -> "2.39697341"
 Parameter: ZPOS -> "18.8485192"
 Parameter: XPHI -> "267.972958"
 SELRPN>      1 atoms have been selected out of  17424
 ROTATION MATRIX
    1.000000    0.000000    0.000000
    0.000000   -0.035371   -0.999374
    0.000000    0.999374   -0.035371

 AXIS OF ROTATION IS -1.000000  0.000000  0.000000  ANGLE IS   92.03

 SELECTED COORDINATES ROTATED IN THE MAIN SET.

  
 CHARMM>            coor rotate xcen @xpos ycen @ypos zcen @zpos ydir 1.0 -
 CHARMM>                phi @yphi select target end
 Parameter: XPOS -> "6.28706312"
 Parameter: YPOS -> "2.39697341"
 Parameter: ZPOS -> "18.8485192"
 Parameter: YPHI -> "183.742523"
 SELRPN>      1 atoms have been selected out of  17424
 ROTATION MATRIX
   -0.997867    0.000000    0.065273
    0.000000    1.000000    0.000000
   -0.065273    0.000000   -0.997867

 AXIS OF ROTATION IS  0.000000 -1.000000  0.000000  ANGLE IS  176.26

 SELECTED COORDINATES ROTATED IN THE MAIN SET.

  
 CHARMM>            coor rotate xcen @xpos ycen @ypos zcen @zpos zdir 1.0 -
 CHARMM>                phi @zphi select target end
 Parameter: XPOS -> "6.28706312"
 Parameter: YPOS -> "2.39697341"
 Parameter: ZPOS -> "18.8485192"
 Parameter: ZPHI -> "282.613583"
 SELRPN>      1 atoms have been selected out of  17424
 ROTATION MATRIX
    0.218375   -0.975865    0.000000
    0.975865    0.218375    0.000000
    0.000000    0.000000    1.000000

 AXIS OF ROTATION IS  0.000000  0.000000 -1.000000  ANGLE IS   77.39

 SELECTED COORDINATES ROTATED IN THE MAIN SET.

  
 CHARMM>     
  
 CHARMM>     
  
 CHARMM>            calc dcut = 3.5
Evaluating: 3.5
 Parameter: DCUT <- "3.5"
  
 CHARMM>     
  
 CHARMM>            coor stat sele target end
 SELRPN>      1 atoms have been selected out of  17424
 STATISTICS FOR         1 SELECTED ATOMS:
    XMIN =    6.287063 XMAX =    6.287063 XAVE =    6.287063
    YMIN =    2.396973 YMAX =    2.396973 YAVE =    2.396973
    ZMIN =   18.848519 ZMAX =   18.848519 ZAVE =   18.848519
    WMIN =    1.000000 WMAX =    1.000000 WAVE =    1.000000
  
 CHARMM>            calc xmax = ?xmax + @dcut
 Parameter: DCUT -> "3.5"
 RDCMND substituted energy or value "?XMAX" to "6.28706312"
Evaluating: 6.28706312+3.5
 Parameter: XMAX <- "9.78706312"
  
 CHARMM>            calc ymax = ?ymax + @dcut
 Parameter: DCUT -> "3.5"
 RDCMND substituted energy or value "?YMAX" to "2.39697341"
Evaluating: 2.39697341+3.5
 Parameter: YMAX <- "5.89697341"
  
 CHARMM>            calc zmax = ?zmax + @dcut
 Parameter: DCUT -> "3.5"
 RDCMND substituted energy or value "?ZMAX" to "18.8485192"
Evaluating: 18.8485192+3.5
 Parameter: ZMAX <- "22.3485192"
  
 CHARMM>            calc xmin = ?xmin - @dcut
 Parameter: DCUT -> "3.5"
 RDCMND substituted energy or value "?XMIN" to "6.28706312"
Evaluating: 6.28706312-3.5
 Parameter: XMIN <- "2.78706312"
  
 CHARMM>            calc ymin = ?ymin - @dcut
 Parameter: DCUT -> "3.5"
 RDCMND substituted energy or value "?YMIN" to "2.39697341"
Evaluating: 2.39697341-3.5
 Parameter: YMIN <- "-1.10302659"
  
 CHARMM>            calc zmin = ?zmin - @dcut
 Parameter: DCUT -> "3.5"
 RDCMND substituted energy or value "?ZMIN" to "18.8485192"
Evaluating: 18.8485192-3.5
 Parameter: ZMIN <- "15.3485192"
  
 CHARMM>     
  
 CHARMM>            define JUNK sele .not. target .and. -
 CHARMM>                             prop X .lt. @xmax .and. prop X .gt. @xmin .and. -
 CHARMM>                             prop Y .lt. @ymax .and. prop Y .gt. @ymin .and. -
 CHARMM>                             prop Z .lt. @zmax .and. prop Z .gt. @zmin  end
 Parameter: XMAX -> "9.78706312"
 Parameter: XMIN -> "2.78706312"
 Parameter: YMAX -> "5.89697341"
 Parameter: YMIN -> "-1.10302659"
 Parameter: ZMAX -> "22.3485192"
 Parameter: ZMIN -> "15.3485192"
 SELRPN>     23 atoms have been selected out of  17424
  
 CHARMM>     
  
 CHARMM>            ! check if the ions are too close to protein
  
 CHARMM>            define XXX sele PROT end
 SELRPN>    136 atoms have been selected out of  17424
  
 CHARMM>            if ?nsel .gt. 0 then
 RDCMND substituted energy or value "?NSEL" to "136"
 Comparing "136" and "0".
 IF test evaluated as true.  Performing command
  
 CHARMM>                coor dist cut 10.0 sele target end -
 CHARMM>                                   sele PROT .and. JUNK .and. .not. hydrogen end image
 SELRPN>      1 atoms have been selected out of  27773
 SELRPN>      0 atoms have been selected out of  27773

            DISTANCES FOR SELECTED ATOMS
            ONLY ONE SELECTION SET SPECIFIED, A COMPARISON WILL BE DONE
 TOTAL EXCLUSION COUNT =         0
 TOTAL 1-4 EXCLUSIONS  =         0
 TOTAL NON-EXCLUSIONS  =         0
  
 CHARMM>                if ?npair .gt. 0 goto doinit
 RDCMND substituted energy or value "?NPAIR" to "0"
 Comparing "0" and "0".
 IF test evaluated as false.  Skipping command
  
 CHARMM>            endif
  
 CHARMM>     
  
 CHARMM>            ! check if the ions are too close to solute
  
 CHARMM>            coor dist cut 4.0 sele target end sele JUNK .and. .not. hydrogen end image
 SELRPN>      1 atoms have been selected out of  27773
 SELRPN>      9 atoms have been selected out of  27773

            DISTANCES FOR SELECTED ATOMS
17377 POS      POT      3        POT     - 405 MEMB     POPC     3        N             2.6652
17377 POS      POT      3        POT     - 406 MEMB     POPC     3        C12           3.7706
17377 POS      POT      3        POT     - 409 MEMB     POPC     3        C13           3.2128
17377 POS      POT      3        POT     - 413 MEMB     POPC     3        C14           3.2613
17377 POS      POT      3        POT     - 417 MEMB     POPC     3        C15           1.3442
17377 POS      POT      3        POT     - 432 MEMB     POPC     3        C2            3.8389
17377 POS      POT      3        POT     - 440 MEMB     POPC     3        C3            3.2698
17377 POS      POT      3        POT     - 820 MEMB     POPS     6        O13           3.0517
 TOTAL EXCLUSION COUNT =         0
 TOTAL 1-4 EXCLUSIONS  =         0
 TOTAL NON-EXCLUSIONS  =         8
  
 CHARMM>            if ?npair .gt. 0 goto doinit
 RDCMND substituted energy or value "?NPAIR" to "8"
 Comparing "8" and "0".
 IF test evaluated as true.  Performing command
  
 CHARMM>     
  
 CHARMM>            calc cntrand = @cntrand + 1
 Parameter: CNTRAND -> "1"
Evaluating: 1+1
 Parameter: CNTRAND <- "2"
  
 CHARMM>            if cntrand .gt. 100 stop ! ABNORMAL TERMINATION: ion placing may not work.. stop here
 Comparing "2" and "100".
 IF test evaluated as false.  Skipping command
  
 CHARMM>     
  
 CHARMM>            calc j = @i
 Parameter: I -> "3"
Evaluating: 3
 Parameter: J <- "3"
  
 CHARMM>            set ion = POS
 Parameter: ION <- "POS"
  
 CHARMM>     
  
 CHARMM>            if j .gt. @npos then
 Parameter: NPOS -> "36"
 Comparing "3" and "36".
 IF test evaluated as false.  Skip to ELSE or ENDIF
  
 CHARMM>     
  
 CHARMM>            define target select segid @ion .and. resid @j end
 Parameter: ION -> "POS"
 Parameter: J -> "3"
 SELRPN>      1 atoms have been selected out of  17424
  
 CHARMM>     
  
 CHARMM>            calc xpos = @A * ( ?random - 0.5 )
 Parameter: A -> "66.0740394"
 RDCMND substituted energy or value "?RANDOM" to "0.135301737"
Evaluating: 66.0740394*(0.135301737-0.5)
 Parameter: XPOS <- "-24.0970874"
  
 CHARMM>            calc ypos = @B * ( ?random - 0.5 )
 Parameter: B -> "66.0740394"
 RDCMND substituted energy or value "?RANDOM" to "0.964494438"
Evaluating: 66.0740394*(0.964494438-0.5)
 Parameter: YPOS <- "30.6910238"
  
 CHARMM>            calc zpos = @C * ( ?random - 0.5 ) + @zcen
 Parameter: C -> "85"
 Parameter: ZCEN -> "0"
 RDCMND substituted energy or value "?RANDOM" to "0.544878212"
Evaluating: 85*(0.544878212-0.5)+0
 Parameter: ZPOS <- "3.81464802"
  
 CHARMM>     
  
 CHARMM>            if zpos .gt. -15 if zpos .lt. 15 goto doinit
 Comparing "3.81464802" and "-15".
 IF test evaluated as true.  Performing command
 Comparing "3.81464802" and "15".
 IF test evaluated as true.  Performing command
  
 CHARMM>     
  
 CHARMM>            calc cntrand = @cntrand + 1
 Parameter: CNTRAND -> "2"
Evaluating: 2+1
 Parameter: CNTRAND <- "3"
  
 CHARMM>            if cntrand .gt. 100 stop ! ABNORMAL TERMINATION: ion placing may not work.. stop here
 Comparing "3" and "100".
 IF test evaluated as false.  Skipping command
  
 CHARMM>     
  
 CHARMM>            calc j = @i
 Parameter: I -> "3"
Evaluating: 3
 Parameter: J <- "3"
  
 CHARMM>            set ion = POS
 Parameter: ION <- "POS"
  
 CHARMM>     
  
 CHARMM>            if j .gt. @npos then
 Parameter: NPOS -> "36"
 Comparing "3" and "36".
 IF test evaluated as false.  Skip to ELSE or ENDIF
  
 CHARMM>     
  
 CHARMM>            define target select segid @ion .and. resid @j end
 Parameter: ION -> "POS"
 Parameter: J -> "3"
 SELRPN>      1 atoms have been selected out of  17424
  
 CHARMM>     
  
 CHARMM>            calc xpos = @A * ( ?random - 0.5 )
 Parameter: A -> "66.0740394"
 RDCMND substituted energy or value "?RANDOM" to "0.134989396"
Evaluating: 66.0740394*(0.134989396-0.5)
 Parameter: XPOS <- "-24.117725"
  
 CHARMM>            calc ypos = @B * ( ?random - 0.5 )
 Parameter: B -> "66.0740394"
 RDCMND substituted energy or value "?RANDOM" to "0.446553931"
Evaluating: 66.0740394*(0.446553931-0.5)
 Parameter: YPOS <- "-3.53139767"
  
 CHARMM>            calc zpos = @C * ( ?random - 0.5 ) + @zcen
 Parameter: C -> "85"
 Parameter: ZCEN -> "0"
 RDCMND substituted energy or value "?RANDOM" to "0.889068909"
Evaluating: 85*(0.889068909-0.5)+0
 Parameter: ZPOS <- "33.0708573"
  
 CHARMM>     
  
 CHARMM>            if zpos .gt. -15 if zpos .lt. 15 goto doinit
 Comparing "33.0708573" and "-15".
 IF test evaluated as true.  Performing command
 Comparing "33.0708573" and "15".
 IF test evaluated as false.  Skipping command
  
 CHARMM>     
  
 CHARMM>            ! move target to selected position
  
 CHARMM>            coor stat select target end
 SELRPN>      1 atoms have been selected out of  17424
 STATISTICS FOR         1 SELECTED ATOMS:
    XMIN =    6.287063 XMAX =    6.287063 XAVE =    6.287063
    YMIN =    2.396973 YMAX =    2.396973 YAVE =    2.396973
    ZMIN =   18.848519 ZMAX =   18.848519 ZAVE =   18.848519
    WMIN =    1.000000 WMAX =    1.000000 WAVE =    1.000000
  
 CHARMM>            calc xtran = @xpos - ?xave
 Parameter: XPOS -> "-24.117725"
 RDCMND substituted energy or value "?XAVE" to "6.28706312"
Evaluating: -24.117725-6.28706312
 Parameter: XTRAN <- "-30.4047881"
  
 CHARMM>            calc ytran = @ypos - ?yave
 Parameter: YPOS -> "-3.53139767"
 RDCMND substituted energy or value "?YAVE" to "2.39697341"
Evaluating: -3.53139767-2.39697341
 Parameter: YTRAN <- "-5.92837108"
  
 CHARMM>            calc ztran = @zpos - ?zave
 Parameter: ZPOS -> "33.0708573"
 RDCMND substituted energy or value "?ZAVE" to "18.8485192"
Evaluating: 33.0708573-18.8485192
 Parameter: ZTRAN <- "14.2223381"
  
 CHARMM>            coor trans xdir @xtran ydir @ytran zdir @ztran select target end
 Parameter: XTRAN -> "-30.4047881"
 Parameter: YTRAN -> "-5.92837108"
 Parameter: ZTRAN -> "14.2223381"
 SELRPN>      1 atoms have been selected out of  17424
 TRANSLATION VECTOR   -30.404788   -5.928371   14.222338
 SELECTED COORDINATES TRANSLATED IN THE MAIN SET.

  
 CHARMM>     
  
 CHARMM>            ! apply a random rotation along XYZ
  
 CHARMM>            calc xphi = ?random * 360.0
 RDCMND substituted energy or value "?RANDOM" to "0.860106636"
Evaluating: 0.860106636*360.0
 Parameter: XPHI <- "309.638389"
  
 CHARMM>            calc yphi = ?random * 360.0
 RDCMND substituted energy or value "?RANDOM" to "2.337753973E-02"
Evaluating: 2.337753973E-02*360.0
 Parameter: YPHI <- "8.4159143"
  
 CHARMM>            calc zphi = ?random * 360.0
 RDCMND substituted energy or value "?RANDOM" to "0.679156692"
Evaluating: 0.679156692*360.0
 Parameter: ZPHI <- "244.496409"
  
 CHARMM>            coor rotate xcen @xpos ycen @ypos zcen @zpos xdir 1.0 -
 CHARMM>                phi @xphi select target end
 Parameter: XPOS -> "-24.117725"
 Parameter: YPOS -> "-3.53139767"
 Parameter: ZPOS -> "33.0708573"
 Parameter: XPHI -> "309.638389"
 SELRPN>      1 atoms have been selected out of  17424
 ROTATION MATRIX
    1.000000    0.000000    0.000000
    0.000000    0.637940   -0.770086
    0.000000    0.770086    0.637940

 AXIS OF ROTATION IS -1.000000  0.000000  0.000000  ANGLE IS   50.36

 SELECTED COORDINATES ROTATED IN THE MAIN SET.

  
 CHARMM>            coor rotate xcen @xpos ycen @ypos zcen @zpos ydir 1.0 -
 CHARMM>                phi @yphi select target end
 Parameter: XPOS -> "-24.117725"
 Parameter: YPOS -> "-3.53139767"
 Parameter: ZPOS -> "33.0708573"
 Parameter: YPHI -> "8.4159143"
 SELRPN>      1 atoms have been selected out of  17424
 ROTATION MATRIX
    0.989232    0.000000   -0.146358
    0.000000    1.000000    0.000000
    0.146358    0.000000    0.989232

 AXIS OF ROTATION IS  0.000000  1.000000  0.000000  ANGLE IS    8.42

 SELECTED COORDINATES ROTATED IN THE MAIN SET.

  
 CHARMM>            coor rotate xcen @xpos ycen @ypos zcen @zpos zdir 1.0 -
 CHARMM>                phi @zphi select target end
 Parameter: XPOS -> "-24.117725"
 Parameter: YPOS -> "-3.53139767"
 Parameter: ZPOS -> "33.0708573"
 Parameter: ZPHI -> "244.496409"
 SELRPN>      1 atoms have been selected out of  17424
 ROTATION MATRIX
   -0.430568   -0.902558    0.000000
    0.902558   -0.430568    0.000000
    0.000000    0.000000    1.000000

 AXIS OF ROTATION IS  0.000000  0.000000 -1.000000  ANGLE IS  115.50

 SELECTED COORDINATES ROTATED IN THE MAIN SET.

  
 CHARMM>     
  
 CHARMM>     
  
 CHARMM>            calc dcut = 3.5
Evaluating: 3.5
 Parameter: DCUT <- "3.5"
  
 CHARMM>     
  
 CHARMM>            coor stat sele target end
 SELRPN>      1 atoms have been selected out of  17424
 STATISTICS FOR         1 SELECTED ATOMS:
    XMIN =  -24.117725 XMAX =  -24.117725 XAVE =  -24.117725
    YMIN =   -3.531398 YMAX =   -3.531398 YAVE =   -3.531398
    ZMIN =   33.070857 ZMAX =   33.070857 ZAVE =   33.070857
    WMIN =    1.000000 WMAX =    1.000000 WAVE =    1.000000
  
 CHARMM>            calc xmax = ?xmax + @dcut
 Parameter: DCUT -> "3.5"
 RDCMND substituted energy or value "?XMAX" to "-24.117725"
Evaluating: -24.117725+3.5
 Parameter: XMAX <- "-20.617725"
  
 CHARMM>            calc ymax = ?ymax + @dcut
 Parameter: DCUT -> "3.5"
 RDCMND substituted energy or value "?YMAX" to "-3.53139765"
Evaluating: -3.53139765+3.5
 Parameter: YMAX <- "-3.139765E-02"
  
 CHARMM>            calc zmax = ?zmax + @dcut
 Parameter: DCUT -> "3.5"
 RDCMND substituted energy or value "?ZMAX" to "33.0708573"
Evaluating: 33.0708573+3.5
 Parameter: ZMAX <- "36.5708573"
  
 CHARMM>            calc xmin = ?xmin - @dcut
 Parameter: DCUT -> "3.5"
 RDCMND substituted energy or value "?XMIN" to "-24.117725"
Evaluating: -24.117725-3.5
 Parameter: XMIN <- "-27.617725"
  
 CHARMM>            calc ymin = ?ymin - @dcut
 Parameter: DCUT -> "3.5"
 RDCMND substituted energy or value "?YMIN" to "-3.53139765"
Evaluating: -3.53139765-3.5
 Parameter: YMIN <- "-7.03139765"
  
 CHARMM>            calc zmin = ?zmin - @dcut
 Parameter: DCUT -> "3.5"
 RDCMND substituted energy or value "?ZMIN" to "33.0708573"
Evaluating: 33.0708573-3.5
 Parameter: ZMIN <- "29.5708573"
  
 CHARMM>     
  
 CHARMM>            define JUNK sele .not. target .and. -
 CHARMM>                             prop X .lt. @xmax .and. prop X .gt. @xmin .and. -
 CHARMM>                             prop Y .lt. @ymax .and. prop Y .gt. @ymin .and. -
 CHARMM>                             prop Z .lt. @zmax .and. prop Z .gt. @zmin  end
 Parameter: XMAX -> "-20.617725"
 Parameter: XMIN -> "-27.617725"
 Parameter: YMAX -> "-3.139765E-02"
 Parameter: YMIN -> "-7.03139765"
 Parameter: ZMAX -> "36.5708573"
 Parameter: ZMIN -> "29.5708573"
 SELRPN>      0 atoms have been selected out of  17424
  
 CHARMM>     
  
 CHARMM>            ! check if the ions are too close to protein
  
 CHARMM>            define XXX sele PROT end
 SELRPN>    136 atoms have been selected out of  17424
  
 CHARMM>            if ?nsel .gt. 0 then
 RDCMND substituted energy or value "?NSEL" to "136"
 Comparing "136" and "0".
 IF test evaluated as true.  Performing command
  
 CHARMM>                coor dist cut 10.0 sele target end -
 CHARMM>                                   sele PROT .and. JUNK .and. .not. hydrogen end image
 SELRPN>      1 atoms have been selected out of  27773
 SELRPN>      0 atoms have been selected out of  27773

            DISTANCES FOR SELECTED ATOMS
            ONLY ONE SELECTION SET SPECIFIED, A COMPARISON WILL BE DONE
 TOTAL EXCLUSION COUNT =         0
 TOTAL 1-4 EXCLUSIONS  =         0
 TOTAL NON-EXCLUSIONS  =         0
  
 CHARMM>                if ?npair .gt. 0 goto doinit
 RDCMND substituted energy or value "?NPAIR" to "0"
 Comparing "0" and "0".
 IF test evaluated as false.  Skipping command
  
 CHARMM>            endif
  
 CHARMM>     
  
 CHARMM>            ! check if the ions are too close to solute
  
 CHARMM>            coor dist cut 4.0 sele target end sele JUNK .and. .not. hydrogen end image
 SELRPN>      1 atoms have been selected out of  27773
 SELRPN>      0 atoms have been selected out of  27773

            DISTANCES FOR SELECTED ATOMS
            ONLY ONE SELECTION SET SPECIFIED, A COMPARISON WILL BE DONE
 TOTAL EXCLUSION COUNT =         0
 TOTAL 1-4 EXCLUSIONS  =         0
 TOTAL NON-EXCLUSIONS  =         0
  
 CHARMM>            if ?npair .gt. 0 goto doinit
 RDCMND substituted energy or value "?NPAIR" to "0"
 Comparing "0" and "0".
 IF test evaluated as false.  Skipping command
  
 CHARMM>     
  
 CHARMM>            calc cntrand = 0
Evaluating: 0
 Parameter: CNTRAND <- "0"
  
 CHARMM>            increase i by 1
 Parameter: I <- "4"
  
 CHARMM>            if i .le. @nion goto doinit
 Parameter: NION -> "50"
 Comparing "4" and "50".
 IF test evaluated as true.  Performing command
  
 CHARMM>     
  
 CHARMM>            calc cntrand = @cntrand + 1
 Parameter: CNTRAND -> "0"
Evaluating: 0+1
 Parameter: CNTRAND <- "1"
  
 CHARMM>            if cntrand .gt. 100 stop ! ABNORMAL TERMINATION: ion placing may not work.. stop here
 Comparing "1" and "100".
 IF test evaluated as false.  Skipping command
  
 CHARMM>     
  
 CHARMM>            calc j = @i
 Parameter: I -> "4"
Evaluating: 4
 Parameter: J <- "4"
  
 CHARMM>            set ion = POS
 Parameter: ION <- "POS"
  
 CHARMM>     
  
 CHARMM>            if j .gt. @npos then
 Parameter: NPOS -> "36"
 Comparing "4" and "36".
 IF test evaluated as false.  Skip to ELSE or ENDIF
  
 CHARMM>     
  
 CHARMM>            define target select segid @ion .and. resid @j end
 Parameter: ION -> "POS"
 Parameter: J -> "4"
 SELRPN>      1 atoms have been selected out of  17424
  
 CHARMM>     
  
 CHARMM>            calc xpos = @A * ( ?random - 0.5 )
 Parameter: A -> "66.0740394"
 RDCMND substituted energy or value "?RANDOM" to "0.825457737"
Evaluating: 66.0740394*(0.825457737-0.5)
 Parameter: XPOS <- "21.5043073"
  
 CHARMM>            calc ypos = @B * ( ?random - 0.5 )
 Parameter: B -> "66.0740394"
 RDCMND substituted energy or value "?RANDOM" to "0.600390436"
Evaluating: 66.0740394*(0.600390436-0.5)
 Parameter: YPOS <- "6.63320162"
  
 CHARMM>            calc zpos = @C * ( ?random - 0.5 ) + @zcen
 Parameter: C -> "85"
 Parameter: ZCEN -> "0"
 RDCMND substituted energy or value "?RANDOM" to "0.324237715"
Evaluating: 85*(0.324237715-0.5)+0
 Parameter: ZPOS <- "-14.9397942"
  
 CHARMM>     
  
 CHARMM>            if zpos .gt. -15 if zpos .lt. 15 goto doinit
 Comparing "-14.9397942" and "-15".
 IF test evaluated as true.  Performing command
 Comparing "-14.9397942" and "15".
 IF test evaluated as true.  Performing command
  
 CHARMM>     
  
 CHARMM>            calc cntrand = @cntrand + 1
 Parameter: CNTRAND -> "1"
Evaluating: 1+1
 Parameter: CNTRAND <- "2"
  
 CHARMM>            if cntrand .gt. 100 stop ! ABNORMAL TERMINATION: ion placing may not work.. stop here
 Comparing "2" and "100".
 IF test evaluated as false.  Skipping command
  
 CHARMM>     
  
 CHARMM>            calc j = @i
 Parameter: I -> "4"
Evaluating: 4
 Parameter: J <- "4"
  
 CHARMM>            set ion = POS
 Parameter: ION <- "POS"
  
 CHARMM>     
  
 CHARMM>            if j .gt. @npos then
 Parameter: NPOS -> "36"
 Comparing "4" and "36".
 IF test evaluated as false.  Skip to ELSE or ENDIF
  
 CHARMM>     
  
 CHARMM>            define target select segid @ion .and. resid @j end
 Parameter: ION -> "POS"
 Parameter: J -> "4"
 SELRPN>      1 atoms have been selected out of  17424
  
 CHARMM>     
  
 CHARMM>            calc xpos = @A * ( ?random - 0.5 )
 Parameter: A -> "66.0740394"
 RDCMND substituted energy or value "?RANDOM" to "0.215823553"
Evaluating: 66.0740394*(0.215823553-0.5)
 Parameter: XPOS <- "-18.7766858"
  
 CHARMM>            calc ypos = @B * ( ?random - 0.5 )
 Parameter: B -> "66.0740394"
 RDCMND substituted energy or value "?RANDOM" to "0.400483805"
Evaluating: 66.0740394*(0.400483805-0.5)
 Parameter: YPOS <- "-6.57543699"
  
 CHARMM>            calc zpos = @C * ( ?random - 0.5 ) + @zcen
 Parameter: C -> "85"
 Parameter: ZCEN -> "0"
 RDCMND substituted energy or value "?RANDOM" to "0.177139135"
Evaluating: 85*(0.177139135-0.5)+0
 Parameter: ZPOS <- "-27.4431735"
  
 CHARMM>     
  
 CHARMM>            if zpos .gt. -15 if zpos .lt. 15 goto doinit
 Comparing "-27.4431735" and "-15".
 IF test evaluated as false.  Skipping command
  
 CHARMM>     
  
 CHARMM>            ! move target to selected position
  
 CHARMM>            coor stat select target end
 SELRPN>      1 atoms have been selected out of  17424
 STATISTICS FOR         1 SELECTED ATOMS:
    XMIN =    0.000000 XMAX =    0.000000 XAVE =    0.000000
    YMIN =    0.000000 YMAX =    0.000000 YAVE =    0.000000
    ZMIN =    0.000000 ZMAX =    0.000000 ZAVE =    0.000000
    WMIN =    1.000000 WMAX =    1.000000 WAVE =    1.000000
  
 CHARMM>            calc xtran = @xpos - ?xave
 Parameter: XPOS -> "-18.7766858"
 RDCMND substituted energy or value "?XAVE" to "0"
Evaluating: -18.7766858-0
 Parameter: XTRAN <- "-18.7766858"
  
 CHARMM>            calc ytran = @ypos - ?yave
 Parameter: YPOS -> "-6.57543699"
 RDCMND substituted energy or value "?YAVE" to "0"
Evaluating: -6.57543699-0
 Parameter: YTRAN <- "-6.57543699"
  
 CHARMM>            calc ztran = @zpos - ?zave
 Parameter: ZPOS -> "-27.4431735"
 RDCMND substituted energy or value "?ZAVE" to "0"
Evaluating: -27.4431735-0
 Parameter: ZTRAN <- "-27.4431735"
  
 CHARMM>            coor trans xdir @xtran ydir @ytran zdir @ztran select target end
 Parameter: XTRAN -> "-18.7766858"
 Parameter: YTRAN -> "-6.57543699"
 Parameter: ZTRAN -> "-27.4431735"
 SELRPN>      1 atoms have been selected out of  17424
 TRANSLATION VECTOR   -18.776686   -6.575437  -27.443174
 SELECTED COORDINATES TRANSLATED IN THE MAIN SET.

  
 CHARMM>     
  
 CHARMM>            ! apply a random rotation along XYZ
  
 CHARMM>            calc xphi = ?random * 360.0
 RDCMND substituted energy or value "?RANDOM" to "0.343900287"
Evaluating: 0.343900287*360.0
 Parameter: XPHI <- "123.804103"
  
 CHARMM>            calc yphi = ?random * 360.0
 RDCMND substituted energy or value "?RANDOM" to "7.321297546E-02"
Evaluating: 7.321297546E-02*360.0
 Parameter: YPHI <- "26.3566712"
  
 CHARMM>            calc zphi = ?random * 360.0
 RDCMND substituted energy or value "?RANDOM" to "0.86052439"
Evaluating: 0.86052439*360.0
 Parameter: ZPHI <- "309.78878"
  
 CHARMM>            coor rotate xcen @xpos ycen @ypos zcen @zpos xdir 1.0 -
 CHARMM>                phi @xphi select target end
 Parameter: XPOS -> "-18.7766858"
 Parameter: YPOS -> "-6.57543699"
 Parameter: ZPOS -> "-27.4431735"
 Parameter: XPHI -> "123.804103"
 SELRPN>      1 atoms have been selected out of  17424
 ROTATION MATRIX
    1.000000    0.000000    0.000000
    0.000000   -0.556355    0.830945
    0.000000   -0.830945   -0.556355

 AXIS OF ROTATION IS  1.000000  0.000000  0.000000  ANGLE IS  123.80

 SELECTED COORDINATES ROTATED IN THE MAIN SET.

  
 CHARMM>            coor rotate xcen @xpos ycen @ypos zcen @zpos ydir 1.0 -
 CHARMM>                phi @yphi select target end
 Parameter: XPOS -> "-18.7766858"
 Parameter: YPOS -> "-6.57543699"
 Parameter: ZPOS -> "-27.4431735"
 Parameter: YPHI -> "26.3566712"
 SELRPN>      1 atoms have been selected out of  17424
 ROTATION MATRIX
    0.896048    0.000000   -0.443958
    0.000000    1.000000    0.000000
    0.443958    0.000000    0.896048

 AXIS OF ROTATION IS  0.000000  1.000000  0.000000  ANGLE IS   26.36

 SELECTED COORDINATES ROTATED IN THE MAIN SET.

  
 CHARMM>            coor rotate xcen @xpos ycen @ypos zcen @zpos zdir 1.0 -
 CHARMM>                phi @zphi select target end
 Parameter: XPOS -> "-18.7766858"
 Parameter: YPOS -> "-6.57543699"
 Parameter: ZPOS -> "-27.4431735"
 Parameter: ZPHI -> "309.78878"
 SELRPN>      1 atoms have been selected out of  17424
 ROTATION MATRIX
    0.639959   -0.768409    0.000000
    0.768409    0.639959    0.000000
    0.000000    0.000000    1.000000

 AXIS OF ROTATION IS  0.000000  0.000000 -1.000000  ANGLE IS   50.21

 SELECTED COORDINATES ROTATED IN THE MAIN SET.

  
 CHARMM>     
  
 CHARMM>     
  
 CHARMM>            calc dcut = 3.5
Evaluating: 3.5
 Parameter: DCUT <- "3.5"
  
 CHARMM>     
  
 CHARMM>            coor stat sele target end
 SELRPN>      1 atoms have been selected out of  17424
 STATISTICS FOR         1 SELECTED ATOMS:
    XMIN =  -18.776686 XMAX =  -18.776686 XAVE =  -18.776686
    YMIN =   -6.575437 YMAX =   -6.575437 YAVE =   -6.575437
    ZMIN =  -27.443174 ZMAX =  -27.443174 ZAVE =  -27.443174
    WMIN =    1.000000 WMAX =    1.000000 WAVE =    1.000000
  
 CHARMM>            calc xmax = ?xmax + @dcut
 Parameter: DCUT -> "3.5"
 RDCMND substituted energy or value "?XMAX" to "-18.7766858"
Evaluating: -18.7766858+3.5
 Parameter: XMAX <- "-15.2766858"
  
 CHARMM>            calc ymax = ?ymax + @dcut
 Parameter: DCUT -> "3.5"
 RDCMND substituted energy or value "?YMAX" to "-6.57543699"
Evaluating: -6.57543699+3.5
 Parameter: YMAX <- "-3.07543699"
  
 CHARMM>            calc zmax = ?zmax + @dcut
 Parameter: DCUT -> "3.5"
 RDCMND substituted energy or value "?ZMAX" to "-27.4431735"
Evaluating: -27.4431735+3.5
 Parameter: ZMAX <- "-23.9431735"
  
 CHARMM>            calc xmin = ?xmin - @dcut
 Parameter: DCUT -> "3.5"
 RDCMND substituted energy or value "?XMIN" to "-18.7766858"
Evaluating: -18.7766858-3.5
 Parameter: XMIN <- "-22.2766858"
  
 CHARMM>            calc ymin = ?ymin - @dcut
 Parameter: DCUT -> "3.5"
 RDCMND substituted energy or value "?YMIN" to "-6.57543699"
Evaluating: -6.57543699-3.5
 Parameter: YMIN <- "-10.075437"
  
 CHARMM>            calc zmin = ?zmin - @dcut
 Parameter: DCUT -> "3.5"
 RDCMND substituted energy or value "?ZMIN" to "-27.4431735"
Evaluating: -27.4431735-3.5
 Parameter: ZMIN <- "-30.9431735"
  
 CHARMM>     
  
 CHARMM>            define JUNK sele .not. target .and. -
 CHARMM>                             prop X .lt. @xmax .and. prop X .gt. @xmin .and. -
 CHARMM>                             prop Y .lt. @ymax .and. prop Y .gt. @ymin .and. -
 CHARMM>                             prop Z .lt. @zmax .and. prop Z .gt. @zmin  end
 Parameter: XMAX -> "-15.2766858"
 Parameter: XMIN -> "-22.2766858"
 Parameter: YMAX -> "-3.07543699"
 Parameter: YMIN -> "-10.075437"
 Parameter: ZMAX -> "-23.9431735"
 Parameter: ZMIN -> "-30.9431735"
 SELRPN>      0 atoms have been selected out of  17424
  
 CHARMM>     
  
 CHARMM>            ! check if the ions are too close to protein
  
 CHARMM>            define XXX sele PROT end
 SELRPN>    136 atoms have been selected out of  17424
  
 CHARMM>            if ?nsel .gt. 0 then
 RDCMND substituted energy or value "?NSEL" to "136"
 Comparing "136" and "0".
 IF test evaluated as true.  Performing command
  
 CHARMM>                coor dist cut 10.0 sele target end -
 CHARMM>                                   sele PROT .and. JUNK .and. .not. hydrogen end image
 SELRPN>      1 atoms have been selected out of  27773
 SELRPN>      0 atoms have been selected out of  27773

            DISTANCES FOR SELECTED ATOMS
            ONLY ONE SELECTION SET SPECIFIED, A COMPARISON WILL BE DONE
 TOTAL EXCLUSION COUNT =         0
 TOTAL 1-4 EXCLUSIONS  =         0
 TOTAL NON-EXCLUSIONS  =         0
  
 CHARMM>                if ?npair .gt. 0 goto doinit
 RDCMND substituted energy or value "?NPAIR" to "0"
 Comparing "0" and "0".
 IF test evaluated as false.  Skipping command
  
 CHARMM>            endif
  
 CHARMM>     
  
 CHARMM>            ! check if the ions are too close to solute
  
 CHARMM>            coor dist cut 4.0 sele target end sele JUNK .and. .not. hydrogen end image
 SELRPN>      1 atoms have been selected out of  27773
 SELRPN>      0 atoms have been selected out of  27773

            DISTANCES FOR SELECTED ATOMS
            ONLY ONE SELECTION SET SPECIFIED, A COMPARISON WILL BE DONE
 TOTAL EXCLUSION COUNT =         0
 TOTAL 1-4 EXCLUSIONS  =         0
 TOTAL NON-EXCLUSIONS  =         0
  
 CHARMM>            if ?npair .gt. 0 goto doinit
 RDCMND substituted energy or value "?NPAIR" to "0"
 Comparing "0" and "0".
 IF test evaluated as false.  Skipping command
  
 CHARMM>     
  
 CHARMM>            calc cntrand = 0
Evaluating: 0
 Parameter: CNTRAND <- "0"
  
 CHARMM>            increase i by 1
 Parameter: I <- "5"
  
 CHARMM>            if i .le. @nion goto doinit
 Parameter: NION -> "50"
 Comparing "5" and "50".
 IF test evaluated as true.  Performing command
  
 CHARMM>     
  
 CHARMM>            calc cntrand = @cntrand + 1
 Parameter: CNTRAND -> "0"
Evaluating: 0+1
 Parameter: CNTRAND <- "1"
  
 CHARMM>            if cntrand .gt. 100 stop ! ABNORMAL TERMINATION: ion placing may not work.. stop here
 Comparing "1" and "100".
 IF test evaluated as false.  Skipping command
  
 CHARMM>     
  
 CHARMM>            calc j = @i
 Parameter: I -> "5"
Evaluating: 5
 Parameter: J <- "5"
  
 CHARMM>            set ion = POS
 Parameter: ION <- "POS"
  
 CHARMM>     
  
 CHARMM>            if j .gt. @npos then
 Parameter: NPOS -> "36"
 Comparing "5" and "36".
 IF test evaluated as false.  Skip to ELSE or ENDIF
  
 CHARMM>     
  
 CHARMM>            define target select segid @ion .and. resid @j end
 Parameter: ION -> "POS"
 Parameter: J -> "5"
 SELRPN>      1 atoms have been selected out of  17424
  
 CHARMM>     
  
 CHARMM>            calc xpos = @A * ( ?random - 0.5 )
 Parameter: A -> "66.0740394"
 RDCMND substituted energy or value "?RANDOM" to "0.657111294"
Evaluating: 66.0740394*(0.657111294-0.5)
 Parameter: XPOS <- "10.3809778"
  
 CHARMM>            calc ypos = @B * ( ?random - 0.5 )
 Parameter: B -> "66.0740394"
 RDCMND substituted energy or value "?RANDOM" to "0.969661468"
Evaluating: 66.0740394*(0.969661468-0.5)
 Parameter: YPOS <- "31.0324303"
  
 CHARMM>            calc zpos = @C * ( ?random - 0.5 ) + @zcen
 Parameter: C -> "85"
 Parameter: ZCEN -> "0"
 RDCMND substituted energy or value "?RANDOM" to "0.168127909"
Evaluating: 85*(0.168127909-0.5)+0
 Parameter: ZPOS <- "-28.2091277"
  
 CHARMM>     
  
 CHARMM>            if zpos .gt. -15 if zpos .lt. 15 goto doinit
 Comparing "-28.2091277" and "-15".
 IF test evaluated as false.  Skipping command
  
 CHARMM>     
  
 CHARMM>            ! move target to selected position
  
 CHARMM>            coor stat select target end
 SELRPN>      1 atoms have been selected out of  17424
 STATISTICS FOR         1 SELECTED ATOMS:
    XMIN =    0.000000 XMAX =    0.000000 XAVE =    0.000000
    YMIN =    0.000000 YMAX =    0.000000 YAVE =    0.000000
    ZMIN =    0.000000 ZMAX =    0.000000 ZAVE =    0.000000
    WMIN =    1.000000 WMAX =    1.000000 WAVE =    1.000000
  
 CHARMM>            calc xtran = @xpos - ?xave
 Parameter: XPOS -> "10.3809778"
 RDCMND substituted energy or value "?XAVE" to "0"
Evaluating: 10.3809778-0
 Parameter: XTRAN <- "10.3809778"
  
 CHARMM>            calc ytran = @ypos - ?yave
 Parameter: YPOS -> "31.0324303"
 RDCMND substituted energy or value "?YAVE" to "0"
Evaluating: 31.0324303-0
 Parameter: YTRAN <- "31.0324303"
  
 CHARMM>            calc ztran = @zpos - ?zave
 Parameter: ZPOS -> "-28.2091277"
 RDCMND substituted energy or value "?ZAVE" to "0"
Evaluating: -28.2091277-0
 Parameter: ZTRAN <- "-28.2091277"
  
 CHARMM>            coor trans xdir @xtran ydir @ytran zdir @ztran select target end
 Parameter: XTRAN -> "10.3809778"
 Parameter: YTRAN -> "31.0324303"
 Parameter: ZTRAN -> "-28.2091277"
 SELRPN>      1 atoms have been selected out of  17424
 TRANSLATION VECTOR    10.380978   31.032430  -28.209128
 SELECTED COORDINATES TRANSLATED IN THE MAIN SET.

  
 CHARMM>     
  
 CHARMM>            ! apply a random rotation along XYZ
  
 CHARMM>            calc xphi = ?random * 360.0
 RDCMND substituted energy or value "?RANDOM" to "0.367199791"
Evaluating: 0.367199791*360.0
 Parameter: XPHI <- "132.191925"
  
 CHARMM>            calc yphi = ?random * 360.0
 RDCMND substituted energy or value "?RANDOM" to "0.123317328"
Evaluating: 0.123317328*360.0
 Parameter: YPHI <- "44.3942381"
  
 CHARMM>            calc zphi = ?random * 360.0
 RDCMND substituted energy or value "?RANDOM" to "0.443169872"
Evaluating: 0.443169872*360.0
 Parameter: ZPHI <- "159.541154"
  
 CHARMM>            coor rotate xcen @xpos ycen @ypos zcen @zpos xdir 1.0 -
 CHARMM>                phi @xphi select target end
 Parameter: XPOS -> "10.3809778"
 Parameter: YPOS -> "31.0324303"
 Parameter: ZPOS -> "-28.2091277"
 Parameter: XPHI -> "132.191925"
 SELRPN>      1 atoms have been selected out of  17424
 ROTATION MATRIX
    1.000000    0.000000    0.000000
    0.000000   -0.671616    0.740899
    0.000000   -0.740899   -0.671616

 AXIS OF ROTATION IS  1.000000  0.000000  0.000000  ANGLE IS  132.19

 SELECTED COORDINATES ROTATED IN THE MAIN SET.

  
 CHARMM>            coor rotate xcen @xpos ycen @ypos zcen @zpos ydir 1.0 -
 CHARMM>                phi @yphi select target end
 Parameter: XPOS -> "10.3809778"
 Parameter: YPOS -> "31.0324303"
 Parameter: ZPOS -> "-28.2091277"
 Parameter: YPHI -> "44.3942381"
 SELRPN>      1 atoms have been selected out of  17424
 ROTATION MATRIX
    0.714543    0.000000   -0.699591
    0.000000    1.000000    0.000000
    0.699591    0.000000    0.714543

 AXIS OF ROTATION IS  0.000000  1.000000  0.000000  ANGLE IS   44.39

 SELECTED COORDINATES ROTATED IN THE MAIN SET.

  
 CHARMM>            coor rotate xcen @xpos ycen @ypos zcen @zpos zdir 1.0 -
 CHARMM>                phi @zphi select target end
 Parameter: XPOS -> "10.3809778"
 Parameter: YPOS -> "31.0324303"
 Parameter: ZPOS -> "-28.2091277"
 Parameter: ZPHI -> "159.541154"
 SELRPN>      1 atoms have been selected out of  17424
 ROTATION MATRIX
   -0.936923    0.349535    0.000000
   -0.349535   -0.936923    0.000000
    0.000000    0.000000    1.000000

 AXIS OF ROTATION IS  0.000000  0.000000  1.000000  ANGLE IS  159.54

 SELECTED COORDINATES ROTATED IN THE MAIN SET.

  
 CHARMM>     
  
 CHARMM>     
  
 CHARMM>            calc dcut = 3.5
Evaluating: 3.5
 Parameter: DCUT <- "3.5"
  
 CHARMM>     
  
 CHARMM>            coor stat sele target end
 SELRPN>      1 atoms have been selected out of  17424
 STATISTICS FOR         1 SELECTED ATOMS:
    XMIN =   10.380978 XMAX =   10.380978 XAVE =   10.380978
    YMIN =   31.032430 YMAX =   31.032430 YAVE =   31.032430
    ZMIN =  -28.209128 ZMAX =  -28.209128 ZAVE =  -28.209128
    WMIN =    1.000000 WMAX =    1.000000 WAVE =    1.000000
  
 CHARMM>            calc xmax = ?xmax + @dcut
 Parameter: DCUT -> "3.5"
 RDCMND substituted energy or value "?XMAX" to "10.3809778"
Evaluating: 10.3809778+3.5
 Parameter: XMAX <- "13.8809778"
  
 CHARMM>            calc ymax = ?ymax + @dcut
 Parameter: DCUT -> "3.5"
 RDCMND substituted energy or value "?YMAX" to "31.0324303"
Evaluating: 31.0324303+3.5
 Parameter: YMAX <- "34.5324303"
  
 CHARMM>            calc zmax = ?zmax + @dcut
 Parameter: DCUT -> "3.5"
 RDCMND substituted energy or value "?ZMAX" to "-28.2091277"
Evaluating: -28.2091277+3.5
 Parameter: ZMAX <- "-24.7091277"
  
 CHARMM>            calc xmin = ?xmin - @dcut
 Parameter: DCUT -> "3.5"
 RDCMND substituted energy or value "?XMIN" to "10.3809778"
Evaluating: 10.3809778-3.5
 Parameter: XMIN <- "6.8809778"
  
 CHARMM>            calc ymin = ?ymin - @dcut
 Parameter: DCUT -> "3.5"
 RDCMND substituted energy or value "?YMIN" to "31.0324303"
Evaluating: 31.0324303-3.5
 Parameter: YMIN <- "27.5324303"
  
 CHARMM>            calc zmin = ?zmin - @dcut
 Parameter: DCUT -> "3.5"
 RDCMND substituted energy or value "?ZMIN" to "-28.2091277"
Evaluating: -28.2091277-3.5
 Parameter: ZMIN <- "-31.7091277"
  
 CHARMM>     
  
 CHARMM>            define JUNK sele .not. target .and. -
 CHARMM>                             prop X .lt. @xmax .and. prop X .gt. @xmin .and. -
 CHARMM>                             prop Y .lt. @ymax .and. prop Y .gt. @ymin .and. -
 CHARMM>                             prop Z .lt. @zmax .and. prop Z .gt. @zmin  end
 Parameter: XMAX -> "13.8809778"
 Parameter: XMIN -> "6.8809778"
 Parameter: YMAX -> "34.5324303"
 Parameter: YMIN -> "27.5324303"
 Parameter: ZMAX -> "-24.7091277"
 Parameter: ZMIN -> "-31.7091277"
 SELRPN>      0 atoms have been selected out of  17424
  
 CHARMM>     
  
 CHARMM>            ! check if the ions are too close to protein
  
 CHARMM>            define XXX sele PROT end
 SELRPN>    136 atoms have been selected out of  17424
  
 CHARMM>            if ?nsel .gt. 0 then
 RDCMND substituted energy or value "?NSEL" to "136"
 Comparing "136" and "0".
 IF test evaluated as true.  Performing command
  
 CHARMM>                coor dist cut 10.0 sele target end -
 CHARMM>                                   sele PROT .and. JUNK .and. .not. hydrogen end image
 SELRPN>      1 atoms have been selected out of  27773
 SELRPN>      0 atoms have been selected out of  27773

            DISTANCES FOR SELECTED ATOMS
            ONLY ONE SELECTION SET SPECIFIED, A COMPARISON WILL BE DONE
 TOTAL EXCLUSION COUNT =         0
 TOTAL 1-4 EXCLUSIONS  =         0
 TOTAL NON-EXCLUSIONS  =         0
  
 CHARMM>                if ?npair .gt. 0 goto doinit
 RDCMND substituted energy or value "?NPAIR" to "0"
 Comparing "0" and "0".
 IF test evaluated as false.  Skipping command
  
 CHARMM>            endif
  
 CHARMM>     
  
 CHARMM>            ! check if the ions are too close to solute
  
 CHARMM>            coor dist cut 4.0 sele target end sele JUNK .and. .not. hydrogen end image
 SELRPN>      1 atoms have been selected out of  27773
 SELRPN>      0 atoms have been selected out of  27773

            DISTANCES FOR SELECTED ATOMS
            ONLY ONE SELECTION SET SPECIFIED, A COMPARISON WILL BE DONE
 TOTAL EXCLUSION COUNT =         0
 TOTAL 1-4 EXCLUSIONS  =         0
 TOTAL NON-EXCLUSIONS  =         0
  
 CHARMM>            if ?npair .gt. 0 goto doinit
 RDCMND substituted energy or value "?NPAIR" to "0"
 Comparing "0" and "0".
 IF test evaluated as false.  Skipping command
  
 CHARMM>     
  
 CHARMM>            calc cntrand = 0
Evaluating: 0
 Parameter: CNTRAND <- "0"
  
 CHARMM>            increase i by 1
 Parameter: I <- "6"
  
 CHARMM>            if i .le. @nion goto doinit
 Parameter: NION -> "50"
 Comparing "6" and "50".
 IF test evaluated as true.  Performing command
  
 CHARMM>     
  
 CHARMM>            calc cntrand = @cntrand + 1
 Parameter: CNTRAND -> "0"
Evaluating: 0+1
 Parameter: CNTRAND <- "1"
  
 CHARMM>            if cntrand .gt. 100 stop ! ABNORMAL TERMINATION: ion placing may not work.. stop here
 Comparing "1" and "100".
 IF test evaluated as false.  Skipping command
  
 CHARMM>     
  
 CHARMM>            calc j = @i
 Parameter: I -> "6"
Evaluating: 6
 Parameter: J <- "6"
  
 CHARMM>            set ion = POS
 Parameter: ION <- "POS"
  
 CHARMM>     
  
 CHARMM>            if j .gt. @npos then
 Parameter: NPOS -> "36"
 Comparing "6" and "36".
 IF test evaluated as false.  Skip to ELSE or ENDIF
  
 CHARMM>     
  
 CHARMM>            define target select segid @ion .and. resid @j end
 Parameter: ION -> "POS"
 Parameter: J -> "6"
 SELRPN>      1 atoms have been selected out of  17424
  
 CHARMM>     
  
 CHARMM>            calc xpos = @A * ( ?random - 0.5 )
 Parameter: A -> "66.0740394"
 RDCMND substituted energy or value "?RANDOM" to "0.98634414"
Evaluating: 66.0740394*(0.98634414-0.5)
 Parameter: XPOS <- "32.1347219"
  
 CHARMM>            calc ypos = @B * ( ?random - 0.5 )
 Parameter: B -> "66.0740394"
 RDCMND substituted energy or value "?RANDOM" to "0.529302282"
Evaluating: 66.0740394*(0.529302282-0.5)
 Parameter: YPOS <- "1.93612014"
  
 CHARMM>            calc zpos = @C * ( ?random - 0.5 ) + @zcen
 Parameter: C -> "85"
 Parameter: ZCEN -> "0"
 RDCMND substituted energy or value "?RANDOM" to "0.912402712"
Evaluating: 85*(0.912402712-0.5)+0
 Parameter: ZPOS <- "35.0542305"
  
 CHARMM>     
  
 CHARMM>            if zpos .gt. -15 if zpos .lt. 15 goto doinit
 Comparing "35.0542305" and "-15".
 IF test evaluated as true.  Performing command
 Comparing "35.0542305" and "15".
 IF test evaluated as false.  Skipping command
  
 CHARMM>     
  
 CHARMM>            ! move target to selected position
  
 CHARMM>            coor stat select target end
 SELRPN>      1 atoms have been selected out of  17424
 STATISTICS FOR         1 SELECTED ATOMS:
    XMIN =    0.000000 XMAX =    0.000000 XAVE =    0.000000
    YMIN =    0.000000 YMAX =    0.000000 YAVE =    0.000000
    ZMIN =    0.000000 ZMAX =    0.000000 ZAVE =    0.000000
    WMIN =    1.000000 WMAX =    1.000000 WAVE =    1.000000
  
 CHARMM>            calc xtran = @xpos - ?xave
 Parameter: XPOS -> "32.1347219"
 RDCMND substituted energy or value "?XAVE" to "0"
Evaluating: 32.1347219-0
 Parameter: XTRAN <- "32.1347219"
  
 CHARMM>            calc ytran = @ypos - ?yave
 Parameter: YPOS -> "1.93612014"
 RDCMND substituted energy or value "?YAVE" to "0"
Evaluating: 1.93612014-0
 Parameter: YTRAN <- "1.93612014"
  
 CHARMM>            calc ztran = @zpos - ?zave
 Parameter: ZPOS -> "35.0542305"
 RDCMND substituted energy or value "?ZAVE" to "0"
Evaluating: 35.0542305-0
 Parameter: ZTRAN <- "35.0542305"
  
 CHARMM>            coor trans xdir @xtran ydir @ytran zdir @ztran select target end
 Parameter: XTRAN -> "32.1347219"
 Parameter: YTRAN -> "1.93612014"
 Parameter: ZTRAN -> "35.0542305"
 SELRPN>      1 atoms have been selected out of  17424
 TRANSLATION VECTOR    32.134722    1.936120   35.054231
 SELECTED COORDINATES TRANSLATED IN THE MAIN SET.

  
 CHARMM>     
  
 CHARMM>            ! apply a random rotation along XYZ
  
 CHARMM>            calc xphi = ?random * 360.0
 RDCMND substituted energy or value "?RANDOM" to "0.785136176"
Evaluating: 0.785136176*360.0
 Parameter: XPHI <- "282.649023"
  
 CHARMM>            calc yphi = ?random * 360.0
 RDCMND substituted energy or value "?RANDOM" to "0.979214128"
Evaluating: 0.979214128*360.0
 Parameter: YPHI <- "352.517086"
  
 CHARMM>            calc zphi = ?random * 360.0
 RDCMND substituted energy or value "?RANDOM" to "0.41071223"
Evaluating: 0.41071223*360.0
 Parameter: ZPHI <- "147.856403"
  
 CHARMM>            coor rotate xcen @xpos ycen @ypos zcen @zpos xdir 1.0 -
 CHARMM>                phi @xphi select target end
 Parameter: XPOS -> "32.1347219"
 Parameter: YPOS -> "1.93612014"
 Parameter: ZPOS -> "35.0542305"
 Parameter: XPHI -> "282.649023"
 SELRPN>      1 atoms have been selected out of  17424
 ROTATION MATRIX
    1.000000    0.000000    0.000000
    0.000000    0.218978   -0.975730
    0.000000    0.975730    0.218978

 AXIS OF ROTATION IS -1.000000  0.000000  0.000000  ANGLE IS   77.35

 SELECTED COORDINATES ROTATED IN THE MAIN SET.

  
 CHARMM>            coor rotate xcen @xpos ycen @ypos zcen @zpos ydir 1.0 -
 CHARMM>                phi @yphi select target end
 Parameter: XPOS -> "32.1347219"
 Parameter: YPOS -> "1.93612014"
 Parameter: ZPOS -> "35.0542305"
 Parameter: YPHI -> "352.517086"
 SELRPN>      1 atoms have been selected out of  17424
 ROTATION MATRIX
    0.991484    0.000000    0.130231
    0.000000    1.000000    0.000000
   -0.130231    0.000000    0.991484

 AXIS OF ROTATION IS  0.000000 -1.000000  0.000000  ANGLE IS    7.48

 SELECTED COORDINATES ROTATED IN THE MAIN SET.

  
 CHARMM>            coor rotate xcen @xpos ycen @ypos zcen @zpos zdir 1.0 -
 CHARMM>                phi @zphi select target end
 Parameter: XPOS -> "32.1347219"
 Parameter: YPOS -> "1.93612014"
 Parameter: ZPOS -> "35.0542305"
 Parameter: ZPHI -> "147.856403"
 SELRPN>      1 atoms have been selected out of  17424
 ROTATION MATRIX
   -0.846717    0.532043    0.000000
   -0.532043   -0.846717    0.000000
    0.000000    0.000000    1.000000

 AXIS OF ROTATION IS  0.000000  0.000000  1.000000  ANGLE IS  147.86

 SELECTED COORDINATES ROTATED IN THE MAIN SET.

  
 CHARMM>     
  
 CHARMM>     
  
 CHARMM>            calc dcut = 3.5
Evaluating: 3.5
 Parameter: DCUT <- "3.5"
  
 CHARMM>     
  
 CHARMM>            coor stat sele target end
 SELRPN>      1 atoms have been selected out of  17424
 STATISTICS FOR         1 SELECTED ATOMS:
    XMIN =   32.134722 XMAX =   32.134722 XAVE =   32.134722
    YMIN =    1.936120 YMAX =    1.936120 YAVE =    1.936120
    ZMIN =   35.054231 ZMAX =   35.054231 ZAVE =   35.054231
    WMIN =    1.000000 WMAX =    1.000000 WAVE =    1.000000
  
 CHARMM>            calc xmax = ?xmax + @dcut
 Parameter: DCUT -> "3.5"
 RDCMND substituted energy or value "?XMAX" to "32.1347219"
Evaluating: 32.1347219+3.5
 Parameter: XMAX <- "35.6347219"
  
 CHARMM>            calc ymax = ?ymax + @dcut
 Parameter: DCUT -> "3.5"
 RDCMND substituted energy or value "?YMAX" to "1.93612014"
Evaluating: 1.93612014+3.5
 Parameter: YMAX <- "5.43612014"
  
 CHARMM>            calc zmax = ?zmax + @dcut
 Parameter: DCUT -> "3.5"
 RDCMND substituted energy or value "?ZMAX" to "35.0542305"
Evaluating: 35.0542305+3.5
 Parameter: ZMAX <- "38.5542305"
  
 CHARMM>            calc xmin = ?xmin - @dcut
 Parameter: DCUT -> "3.5"
 RDCMND substituted energy or value "?XMIN" to "32.1347219"
Evaluating: 32.1347219-3.5
 Parameter: XMIN <- "28.6347219"
  
 CHARMM>            calc ymin = ?ymin - @dcut
 Parameter: DCUT -> "3.5"
 RDCMND substituted energy or value "?YMIN" to "1.93612014"
Evaluating: 1.93612014-3.5
 Parameter: YMIN <- "-1.56387986"
  
 CHARMM>            calc zmin = ?zmin - @dcut
 Parameter: DCUT -> "3.5"
 RDCMND substituted energy or value "?ZMIN" to "35.0542305"
Evaluating: 35.0542305-3.5
 Parameter: ZMIN <- "31.5542305"
  
 CHARMM>     
  
 CHARMM>            define JUNK sele .not. target .and. -
 CHARMM>                             prop X .lt. @xmax .and. prop X .gt. @xmin .and. -
 CHARMM>                             prop Y .lt. @ymax .and. prop Y .gt. @ymin .and. -
 CHARMM>                             prop Z .lt. @zmax .and. prop Z .gt. @zmin  end
 Parameter: XMAX -> "35.6347219"
 Parameter: XMIN -> "28.6347219"
 Parameter: YMAX -> "5.43612014"
 Parameter: YMIN -> "-1.56387986"
 Parameter: ZMAX -> "38.5542305"
 Parameter: ZMIN -> "31.5542305"
 SELRPN>      0 atoms have been selected out of  17424
  
 CHARMM>     
  
 CHARMM>            ! check if the ions are too close to protein
  
 CHARMM>            define XXX sele PROT end
 SELRPN>    136 atoms have been selected out of  17424
  
 CHARMM>            if ?nsel .gt. 0 then
 RDCMND substituted energy or value "?NSEL" to "136"
 Comparing "136" and "0".
 IF test evaluated as true.  Performing command
  
 CHARMM>                coor dist cut 10.0 sele target end -
 CHARMM>                                   sele PROT .and. JUNK .and. .not. hydrogen end image
 SELRPN>      1 atoms have been selected out of  27773
 SELRPN>      0 atoms have been selected out of  27773

            DISTANCES FOR SELECTED ATOMS
            ONLY ONE SELECTION SET SPECIFIED, A COMPARISON WILL BE DONE
 TOTAL EXCLUSION COUNT =         0
 TOTAL 1-4 EXCLUSIONS  =         0
 TOTAL NON-EXCLUSIONS  =         0
  
 CHARMM>                if ?npair .gt. 0 goto doinit
 RDCMND substituted energy or value "?NPAIR" to "0"
 Comparing "0" and "0".
 IF test evaluated as false.  Skipping command
  
 CHARMM>            endif
  
 CHARMM>     
  
 CHARMM>            ! check if the ions are too close to solute
  
 CHARMM>            coor dist cut 4.0 sele target end sele JUNK .and. .not. hydrogen end image
 SELRPN>      1 atoms have been selected out of  27773
 SELRPN>      0 atoms have been selected out of  27773

            DISTANCES FOR SELECTED ATOMS
            ONLY ONE SELECTION SET SPECIFIED, A COMPARISON WILL BE DONE
 TOTAL EXCLUSION COUNT =         0
 TOTAL 1-4 EXCLUSIONS  =         0
 TOTAL NON-EXCLUSIONS  =         0
  
 CHARMM>            if ?npair .gt. 0 goto doinit
 RDCMND substituted energy or value "?NPAIR" to "0"
 Comparing "0" and "0".
 IF test evaluated as false.  Skipping command
  
 CHARMM>     
  
 CHARMM>            calc cntrand = 0
Evaluating: 0
 Parameter: CNTRAND <- "0"
  
 CHARMM>            increase i by 1
 Parameter: I <- "7"
  
 CHARMM>            if i .le. @nion goto doinit
 Parameter: NION -> "50"
 Comparing "7" and "50".
 IF test evaluated as true.  Performing command
  
 CHARMM>     
  
 CHARMM>            calc cntrand = @cntrand + 1
 Parameter: CNTRAND -> "0"
Evaluating: 0+1
 Parameter: CNTRAND <- "1"
  
 CHARMM>            if cntrand .gt. 100 stop ! ABNORMAL TERMINATION: ion placing may not work.. stop here
 Comparing "1" and "100".
 IF test evaluated as false.  Skipping command
  
 CHARMM>     
  
 CHARMM>            calc j = @i
 Parameter: I -> "7"
Evaluating: 7
 Parameter: J <- "7"
  
 CHARMM>            set ion = POS
 Parameter: ION <- "POS"
  
 CHARMM>     
  
 CHARMM>            if j .gt. @npos then
 Parameter: NPOS -> "36"
 Comparing "7" and "36".
 IF test evaluated as false.  Skip to ELSE or ENDIF
  
 CHARMM>     
  
 CHARMM>            define target select segid @ion .and. resid @j end
 Parameter: ION -> "POS"
 Parameter: J -> "7"
 SELRPN>      1 atoms have been selected out of  17424
  
 CHARMM>     
  
 CHARMM>            calc xpos = @A * ( ?random - 0.5 )
 Parameter: A -> "66.0740394"
 RDCMND substituted energy or value "?RANDOM" to "0.564770779"
Evaluating: 66.0740394*(0.564770779-0.5)
 Parameter: XPOS <- "4.279667"
  
 CHARMM>            calc ypos = @B * ( ?random - 0.5 )
 Parameter: B -> "66.0740394"
 RDCMND substituted energy or value "?RANDOM" to "0.75337878"
Evaluating: 66.0740394*(0.75337878-0.5)
 Parameter: YPOS <- "16.7417595"
  
 CHARMM>            calc zpos = @C * ( ?random - 0.5 ) + @zcen
 Parameter: C -> "85"
 Parameter: ZCEN -> "0"
 RDCMND substituted energy or value "?RANDOM" to "0.866184412"
Evaluating: 85*(0.866184412-0.5)+0
 Parameter: ZPOS <- "31.125675"
  
 CHARMM>     
  
 CHARMM>            if zpos .gt. -15 if zpos .lt. 15 goto doinit
 Comparing "31.125675" and "-15".
 IF test evaluated as true.  Performing command
 Comparing "31.125675" and "15".
 IF test evaluated as false.  Skipping command
  
 CHARMM>     
  
 CHARMM>            ! move target to selected position
  
 CHARMM>            coor stat select target end
 SELRPN>      1 atoms have been selected out of  17424
 STATISTICS FOR         1 SELECTED ATOMS:
    XMIN =    0.000000 XMAX =    0.000000 XAVE =    0.000000
    YMIN =    0.000000 YMAX =    0.000000 YAVE =    0.000000
    ZMIN =    0.000000 ZMAX =    0.000000 ZAVE =    0.000000
    WMIN =    1.000000 WMAX =    1.000000 WAVE =    1.000000
  
 CHARMM>            calc xtran = @xpos - ?xave
 Parameter: XPOS -> "4.279667"
 RDCMND substituted energy or value "?XAVE" to "0"
Evaluating: 4.279667-0
 Parameter: XTRAN <- "4.279667"
  
 CHARMM>            calc ytran = @ypos - ?yave
 Parameter: YPOS -> "16.7417595"
 RDCMND substituted energy or value "?YAVE" to "0"
Evaluating: 16.7417595-0
 Parameter: YTRAN <- "16.7417595"
  
 CHARMM>            calc ztran = @zpos - ?zave
 Parameter: ZPOS -> "31.125675"
 RDCMND substituted energy or value "?ZAVE" to "0"
Evaluating: 31.125675-0
 Parameter: ZTRAN <- "31.125675"
  
 CHARMM>            coor trans xdir @xtran ydir @ytran zdir @ztran select target end
 Parameter: XTRAN -> "4.279667"
 Parameter: YTRAN -> "16.7417595"
 Parameter: ZTRAN -> "31.125675"
 SELRPN>      1 atoms have been selected out of  17424
 TRANSLATION VECTOR     4.279667   16.741760   31.125675
 SELECTED COORDINATES TRANSLATED IN THE MAIN SET.

  
 CHARMM>     
  
 CHARMM>            ! apply a random rotation along XYZ
  
 CHARMM>            calc xphi = ?random * 360.0
 RDCMND substituted energy or value "?RANDOM" to "0.353432395"
Evaluating: 0.353432395*360.0
 Parameter: XPHI <- "127.235662"
  
 CHARMM>            calc yphi = ?random * 360.0
 RDCMND substituted energy or value "?RANDOM" to "0.538706067"
Evaluating: 0.538706067*360.0
 Parameter: YPHI <- "193.934184"
  
 CHARMM>            calc zphi = ?random * 360.0
 RDCMND substituted energy or value "?RANDOM" to "0.901039242"
Evaluating: 0.901039242*360.0
 Parameter: ZPHI <- "324.374127"
  
 CHARMM>            coor rotate xcen @xpos ycen @ypos zcen @zpos xdir 1.0 -
 CHARMM>                phi @xphi select target end
 Parameter: XPOS -> "4.279667"
 Parameter: YPOS -> "16.7417595"
 Parameter: ZPOS -> "31.125675"
 Parameter: XPHI -> "127.235662"
 SELRPN>      1 atoms have been selected out of  17424
 ROTATION MATRIX
    1.000000    0.000000    0.000000
    0.000000   -0.605095    0.796153
    0.000000   -0.796153   -0.605095

 AXIS OF ROTATION IS  1.000000  0.000000  0.000000  ANGLE IS  127.24

 SELECTED COORDINATES ROTATED IN THE MAIN SET.

  
 CHARMM>            coor rotate xcen @xpos ycen @ypos zcen @zpos ydir 1.0 -
 CHARMM>                phi @yphi select target end
 Parameter: XPOS -> "4.279667"
 Parameter: YPOS -> "16.7417595"
 Parameter: ZPOS -> "31.125675"
 Parameter: YPHI -> "193.934184"
 SELRPN>      1 atoms have been selected out of  17424
 ROTATION MATRIX
   -0.970573    0.000000    0.240807
    0.000000    1.000000    0.000000
   -0.240807    0.000000   -0.970573

 AXIS OF ROTATION IS  0.000000 -1.000000  0.000000  ANGLE IS  166.07

 SELECTED COORDINATES ROTATED IN THE MAIN SET.

  
 CHARMM>            coor rotate xcen @xpos ycen @ypos zcen @zpos zdir 1.0 -
 CHARMM>                phi @zphi select target end
 Parameter: XPOS -> "4.279667"
 Parameter: YPOS -> "16.7417595"
 Parameter: ZPOS -> "31.125675"
 Parameter: ZPHI -> "324.374127"
 SELRPN>      1 atoms have been selected out of  17424
 ROTATION MATRIX
    0.812838   -0.582490    0.000000
    0.582490    0.812838    0.000000
    0.000000    0.000000    1.000000

 AXIS OF ROTATION IS  0.000000  0.000000 -1.000000  ANGLE IS   35.63

 SELECTED COORDINATES ROTATED IN THE MAIN SET.

  
 CHARMM>     
  
 CHARMM>     
  
 CHARMM>            calc dcut = 3.5
Evaluating: 3.5
 Parameter: DCUT <- "3.5"
  
 CHARMM>     
  
 CHARMM>            coor stat sele target end
 SELRPN>      1 atoms have been selected out of  17424
 STATISTICS FOR         1 SELECTED ATOMS:
    XMIN =    4.279667 XMAX =    4.279667 XAVE =    4.279667
    YMIN =   16.741760 YMAX =   16.741760 YAVE =   16.741760
    ZMIN =   31.125675 ZMAX =   31.125675 ZAVE =   31.125675
    WMIN =    1.000000 WMAX =    1.000000 WAVE =    1.000000
  
 CHARMM>            calc xmax = ?xmax + @dcut
 Parameter: DCUT -> "3.5"
 RDCMND substituted energy or value "?XMAX" to "4.279667"
Evaluating: 4.279667+3.5
 Parameter: XMAX <- "7.779667"
  
 CHARMM>            calc ymax = ?ymax + @dcut
 Parameter: DCUT -> "3.5"
 RDCMND substituted energy or value "?YMAX" to "16.7417595"
Evaluating: 16.7417595+3.5
 Parameter: YMAX <- "20.2417595"
  
 CHARMM>            calc zmax = ?zmax + @dcut
 Parameter: DCUT -> "3.5"
 RDCMND substituted energy or value "?ZMAX" to "31.125675"
Evaluating: 31.125675+3.5
 Parameter: ZMAX <- "34.625675"
  
 CHARMM>            calc xmin = ?xmin - @dcut
 Parameter: DCUT -> "3.5"
 RDCMND substituted energy or value "?XMIN" to "4.279667"
Evaluating: 4.279667-3.5
 Parameter: XMIN <- "0.779667"
  
 CHARMM>            calc ymin = ?ymin - @dcut
 Parameter: DCUT -> "3.5"
 RDCMND substituted energy or value "?YMIN" to "16.7417595"
Evaluating: 16.7417595-3.5
 Parameter: YMIN <- "13.2417595"
  
 CHARMM>            calc zmin = ?zmin - @dcut
 Parameter: DCUT -> "3.5"
 RDCMND substituted energy or value "?ZMIN" to "31.125675"
Evaluating: 31.125675-3.5
 Parameter: ZMIN <- "27.625675"
  
 CHARMM>     
  
 CHARMM>            define JUNK sele .not. target .and. -
 CHARMM>                             prop X .lt. @xmax .and. prop X .gt. @xmin .and. -
 CHARMM>                             prop Y .lt. @ymax .and. prop Y .gt. @ymin .and. -
 CHARMM>                             prop Z .lt. @zmax .and. prop Z .gt. @zmin  end
 Parameter: XMAX -> "7.779667"
 Parameter: XMIN -> "0.779667"
 Parameter: YMAX -> "20.2417595"
 Parameter: YMIN -> "13.2417595"
 Parameter: ZMAX -> "34.625675"
 Parameter: ZMIN -> "27.625675"
 SELRPN>      0 atoms have been selected out of  17424
  
 CHARMM>     
  
 CHARMM>            ! check if the ions are too close to protein
  
 CHARMM>            define XXX sele PROT end
 SELRPN>    136 atoms have been selected out of  17424
  
 CHARMM>            if ?nsel .gt. 0 then
 RDCMND substituted energy or value "?NSEL" to "136"
 Comparing "136" and "0".
 IF test evaluated as true.  Performing command
  
 CHARMM>                coor dist cut 10.0 sele target end -
 CHARMM>                                   sele PROT .and. JUNK .and. .not. hydrogen end image
 SELRPN>      1 atoms have been selected out of  27773
 SELRPN>      0 atoms have been selected out of  27773

            DISTANCES FOR SELECTED ATOMS
            ONLY ONE SELECTION SET SPECIFIED, A COMPARISON WILL BE DONE
 TOTAL EXCLUSION COUNT =         0
 TOTAL 1-4 EXCLUSIONS  =         0
 TOTAL NON-EXCLUSIONS  =         0
  
 CHARMM>                if ?npair .gt. 0 goto doinit
 RDCMND substituted energy or value "?NPAIR" to "0"
 Comparing "0" and "0".
 IF test evaluated as false.  Skipping command
  
 CHARMM>            endif
  
 CHARMM>     
  
 CHARMM>            ! check if the ions are too close to solute
  
 CHARMM>            coor dist cut 4.0 sele target end sele JUNK .and. .not. hydrogen end image
 SELRPN>      1 atoms have been selected out of  27773
 SELRPN>      0 atoms have been selected out of  27773

            DISTANCES FOR SELECTED ATOMS
            ONLY ONE SELECTION SET SPECIFIED, A COMPARISON WILL BE DONE
 TOTAL EXCLUSION COUNT =         0
 TOTAL 1-4 EXCLUSIONS  =         0
 TOTAL NON-EXCLUSIONS  =         0
  
 CHARMM>            if ?npair .gt. 0 goto doinit
 RDCMND substituted energy or value "?NPAIR" to "0"
 Comparing "0" and "0".
 IF test evaluated as false.  Skipping command
  
 CHARMM>     
  
 CHARMM>            calc cntrand = 0
Evaluating: 0
 Parameter: CNTRAND <- "0"
  
 CHARMM>            increase i by 1
 Parameter: I <- "8"
  
 CHARMM>            if i .le. @nion goto doinit
 Parameter: NION -> "50"
 Comparing "8" and "50".
 IF test evaluated as true.  Performing command
  
 CHARMM>     
  
 CHARMM>            calc cntrand = @cntrand + 1
 Parameter: CNTRAND -> "0"
Evaluating: 0+1
 Parameter: CNTRAND <- "1"
  
 CHARMM>            if cntrand .gt. 100 stop ! ABNORMAL TERMINATION: ion placing may not work.. stop here
 Comparing "1" and "100".
 IF test evaluated as false.  Skipping command
  
 CHARMM>     
  
 CHARMM>            calc j = @i
 Parameter: I -> "8"
Evaluating: 8
 Parameter: J <- "8"
  
 CHARMM>            set ion = POS
 Parameter: ION <- "POS"
  
 CHARMM>     
  
 CHARMM>            if j .gt. @npos then
 Parameter: NPOS -> "36"
 Comparing "8" and "36".
 IF test evaluated as false.  Skip to ELSE or ENDIF
  
 CHARMM>     
  
 CHARMM>            define target select segid @ion .and. resid @j end
 Parameter: ION -> "POS"
 Parameter: J -> "8"
 SELRPN>      1 atoms have been selected out of  17424
  
 CHARMM>     
  
 CHARMM>            calc xpos = @A * ( ?random - 0.5 )
 Parameter: A -> "66.0740394"
 RDCMND substituted energy or value "?RANDOM" to "8.756180776E-02"
Evaluating: 66.0740394*(8.756180776E-02-0.5)
 Parameter: XPOS <- "-27.2514574"
  
 CHARMM>            calc ypos = @B * ( ?random - 0.5 )
 Parameter: B -> "66.0740394"
 RDCMND substituted energy or value "?RANDOM" to "0.102790132"
Evaluating: 66.0740394*(0.102790132-0.5)
 Parameter: YPOS <- "-26.2452605"
  
 CHARMM>            calc zpos = @C * ( ?random - 0.5 ) + @zcen
 Parameter: C -> "85"
 Parameter: ZCEN -> "0"
 RDCMND substituted energy or value "?RANDOM" to "3.785525729E-02"
Evaluating: 85*(3.785525729E-02-0.5)+0
 Parameter: ZPOS <- "-39.2823031"
  
 CHARMM>     
  
 CHARMM>            if zpos .gt. -15 if zpos .lt. 15 goto doinit
 Comparing "-39.2823031" and "-15".
 IF test evaluated as false.  Skipping command
  
 CHARMM>     
  
 CHARMM>            ! move target to selected position
  
 CHARMM>            coor stat select target end
 SELRPN>      1 atoms have been selected out of  17424
 STATISTICS FOR         1 SELECTED ATOMS:
    XMIN =    0.000000 XMAX =    0.000000 XAVE =    0.000000
    YMIN =    0.000000 YMAX =    0.000000 YAVE =    0.000000
    ZMIN =    0.000000 ZMAX =    0.000000 ZAVE =    0.000000
    WMIN =    1.000000 WMAX =    1.000000 WAVE =    1.000000
  
 CHARMM>            calc xtran = @xpos - ?xave
 Parameter: XPOS -> "-27.2514574"
 RDCMND substituted energy or value "?XAVE" to "0"
Evaluating: -27.2514574-0
 Parameter: XTRAN <- "-27.2514574"
  
 CHARMM>            calc ytran = @ypos - ?yave
 Parameter: YPOS -> "-26.2452605"
 RDCMND substituted energy or value "?YAVE" to "0"
Evaluating: -26.2452605-0
 Parameter: YTRAN <- "-26.2452605"
  
 CHARMM>            calc ztran = @zpos - ?zave
 Parameter: ZPOS -> "-39.2823031"
 RDCMND substituted energy or value "?ZAVE" to "0"
Evaluating: -39.2823031-0
 Parameter: ZTRAN <- "-39.2823031"
  
 CHARMM>            coor trans xdir @xtran ydir @ytran zdir @ztran select target end
 Parameter: XTRAN -> "-27.2514574"
 Parameter: YTRAN -> "-26.2452605"
 Parameter: ZTRAN -> "-39.2823031"
 SELRPN>      1 atoms have been selected out of  17424
 TRANSLATION VECTOR   -27.251457  -26.245261  -39.282303
 SELECTED COORDINATES TRANSLATED IN THE MAIN SET.

  
 CHARMM>     
  
 CHARMM>            ! apply a random rotation along XYZ
  
 CHARMM>            calc xphi = ?random * 360.0
 RDCMND substituted energy or value "?RANDOM" to "0.916297244"
Evaluating: 0.916297244*360.0
 Parameter: XPHI <- "329.867008"
  
 CHARMM>            calc yphi = ?random * 360.0
 RDCMND substituted energy or value "?RANDOM" to "0.426864083"
Evaluating: 0.426864083*360.0
 Parameter: YPHI <- "153.67107"
  
 CHARMM>            calc zphi = ?random * 360.0
 RDCMND substituted energy or value "?RANDOM" to "0.933445881"
Evaluating: 0.933445881*360.0
 Parameter: ZPHI <- "336.040517"
  
 CHARMM>            coor rotate xcen @xpos ycen @ypos zcen @zpos xdir 1.0 -
 CHARMM>                phi @xphi select target end
 Parameter: XPOS -> "-27.2514574"
 Parameter: YPOS -> "-26.2452605"
 Parameter: ZPOS -> "-39.2823031"
 Parameter: XPHI -> "329.867008"
 SELRPN>      1 atoms have been selected out of  17424
 ROTATION MATRIX
    1.000000    0.000000    0.000000
    0.000000    0.864862   -0.502009
    0.000000    0.502009    0.864862

 AXIS OF ROTATION IS -1.000000  0.000000  0.000000  ANGLE IS   30.13

 SELECTED COORDINATES ROTATED IN THE MAIN SET.

  
 CHARMM>            coor rotate xcen @xpos ycen @ypos zcen @zpos ydir 1.0 -
 CHARMM>                phi @yphi select target end
 Parameter: XPOS -> "-27.2514574"
 Parameter: YPOS -> "-26.2452605"
 Parameter: ZPOS -> "-39.2823031"
 Parameter: YPHI -> "153.67107"
 SELRPN>      1 atoms have been selected out of  17424
 ROTATION MATRIX
   -0.896263    0.000000   -0.443524
    0.000000    1.000000    0.000000
    0.443524    0.000000   -0.896263

 AXIS OF ROTATION IS  0.000000  1.000000  0.000000  ANGLE IS  153.67

 SELECTED COORDINATES ROTATED IN THE MAIN SET.

  
 CHARMM>            coor rotate xcen @xpos ycen @ypos zcen @zpos zdir 1.0 -
 CHARMM>                phi @zphi select target end
 Parameter: XPOS -> "-27.2514574"
 Parameter: YPOS -> "-26.2452605"
 Parameter: ZPOS -> "-39.2823031"
 Parameter: ZPHI -> "336.040517"
 SELRPN>      1 atoms have been selected out of  17424
 ROTATION MATRIX
    0.913833   -0.406091    0.000000
    0.406091    0.913833    0.000000
    0.000000    0.000000    1.000000

 AXIS OF ROTATION IS  0.000000  0.000000 -1.000000  ANGLE IS   23.96

 SELECTED COORDINATES ROTATED IN THE MAIN SET.

  
 CHARMM>     
  
 CHARMM>     
  
 CHARMM>            calc dcut = 3.5
Evaluating: 3.5
 Parameter: DCUT <- "3.5"
  
 CHARMM>     
  
 CHARMM>            coor stat sele target end
 SELRPN>      1 atoms have been selected out of  17424
 STATISTICS FOR         1 SELECTED ATOMS:
    XMIN =  -27.251457 XMAX =  -27.251457 XAVE =  -27.251457
    YMIN =  -26.245261 YMAX =  -26.245261 YAVE =  -26.245261
    ZMIN =  -39.282303 ZMAX =  -39.282303 ZAVE =  -39.282303
    WMIN =    1.000000 WMAX =    1.000000 WAVE =    1.000000
  
 CHARMM>            calc xmax = ?xmax + @dcut
 Parameter: DCUT -> "3.5"
 RDCMND substituted energy or value "?XMAX" to "-27.2514574"
Evaluating: -27.2514574+3.5
 Parameter: XMAX <- "-23.7514574"
  
 CHARMM>            calc ymax = ?ymax + @dcut
 Parameter: DCUT -> "3.5"
 RDCMND substituted energy or value "?YMAX" to "-26.2452605"
Evaluating: -26.2452605+3.5
 Parameter: YMAX <- "-22.7452605"
  
 CHARMM>            calc zmax = ?zmax + @dcut
 Parameter: DCUT -> "3.5"
 RDCMND substituted energy or value "?ZMAX" to "-39.2823031"
Evaluating: -39.2823031+3.5
 Parameter: ZMAX <- "-35.7823031"
  
 CHARMM>            calc xmin = ?xmin - @dcut
 Parameter: DCUT -> "3.5"
 RDCMND substituted energy or value "?XMIN" to "-27.2514574"
Evaluating: -27.2514574-3.5
 Parameter: XMIN <- "-30.7514574"
  
 CHARMM>            calc ymin = ?ymin - @dcut
 Parameter: DCUT -> "3.5"
 RDCMND substituted energy or value "?YMIN" to "-26.2452605"
Evaluating: -26.2452605-3.5
 Parameter: YMIN <- "-29.7452605"
  
 CHARMM>            calc zmin = ?zmin - @dcut
 Parameter: DCUT -> "3.5"
 RDCMND substituted energy or value "?ZMIN" to "-39.2823031"
Evaluating: -39.2823031-3.5
 Parameter: ZMIN <- "-42.7823031"
  
 CHARMM>     
  
 CHARMM>            define JUNK sele .not. target .and. -
 CHARMM>                             prop X .lt. @xmax .and. prop X .gt. @xmin .and. -
 CHARMM>                             prop Y .lt. @ymax .and. prop Y .gt. @ymin .and. -
 CHARMM>                             prop Z .lt. @zmax .and. prop Z .gt. @zmin  end
 Parameter: XMAX -> "-23.7514574"
 Parameter: XMIN -> "-30.7514574"
 Parameter: YMAX -> "-22.7452605"
 Parameter: YMIN -> "-29.7452605"
 Parameter: ZMAX -> "-35.7823031"
 Parameter: ZMIN -> "-42.7823031"
 SELRPN>      0 atoms have been selected out of  17424
  
 CHARMM>     
  
 CHARMM>            ! check if the ions are too close to protein
  
 CHARMM>            define XXX sele PROT end
 SELRPN>    136 atoms have been selected out of  17424
  
 CHARMM>            if ?nsel .gt. 0 then
 RDCMND substituted energy or value "?NSEL" to "136"
 Comparing "136" and "0".
 IF test evaluated as true.  Performing command
  
 CHARMM>                coor dist cut 10.0 sele target end -
 CHARMM>                                   sele PROT .and. JUNK .and. .not. hydrogen end image
 SELRPN>      1 atoms have been selected out of  27773
 SELRPN>      0 atoms have been selected out of  27773

            DISTANCES FOR SELECTED ATOMS
            ONLY ONE SELECTION SET SPECIFIED, A COMPARISON WILL BE DONE
 TOTAL EXCLUSION COUNT =         0
 TOTAL 1-4 EXCLUSIONS  =         0
 TOTAL NON-EXCLUSIONS  =         0
  
 CHARMM>                if ?npair .gt. 0 goto doinit
 RDCMND substituted energy or value "?NPAIR" to "0"
 Comparing "0" and "0".
 IF test evaluated as false.  Skipping command
  
 CHARMM>            endif
  
 CHARMM>     
  
 CHARMM>            ! check if the ions are too close to solute
  
 CHARMM>            coor dist cut 4.0 sele target end sele JUNK .and. .not. hydrogen end image
 SELRPN>      1 atoms have been selected out of  27773
 SELRPN>      0 atoms have been selected out of  27773

            DISTANCES FOR SELECTED ATOMS
            ONLY ONE SELECTION SET SPECIFIED, A COMPARISON WILL BE DONE
 TOTAL EXCLUSION COUNT =         0
 TOTAL 1-4 EXCLUSIONS  =         0
 TOTAL NON-EXCLUSIONS  =         0
  
 CHARMM>            if ?npair .gt. 0 goto doinit
 RDCMND substituted energy or value "?NPAIR" to "0"
 Comparing "0" and "0".
 IF test evaluated as false.  Skipping command
  
 CHARMM>     
  
 CHARMM>            calc cntrand = 0
Evaluating: 0
 Parameter: CNTRAND <- "0"
  
 CHARMM>            increase i by 1
 Parameter: I <- "9"
  
 CHARMM>            if i .le. @nion goto doinit
 Parameter: NION -> "50"
 Comparing "9" and "50".
 IF test evaluated as true.  Performing command
  
 CHARMM>     
  
 CHARMM>            calc cntrand = @cntrand + 1
 Parameter: CNTRAND -> "0"
Evaluating: 0+1
 Parameter: CNTRAND <- "1"
  
 CHARMM>            if cntrand .gt. 100 stop ! ABNORMAL TERMINATION: ion placing may not work.. stop here
 Comparing "1" and "100".
 IF test evaluated as false.  Skipping command
  
 CHARMM>     
  
 CHARMM>            calc j = @i
 Parameter: I -> "9"
Evaluating: 9
 Parameter: J <- "9"
  
 CHARMM>            set ion = POS
 Parameter: ION <- "POS"
  
 CHARMM>     
  
 CHARMM>            if j .gt. @npos then
 Parameter: NPOS -> "36"
 Comparing "9" and "36".
 IF test evaluated as false.  Skip to ELSE or ENDIF
  
 CHARMM>     
  
 CHARMM>            define target select segid @ion .and. resid @j end
 Parameter: ION -> "POS"
 Parameter: J -> "9"
 SELRPN>      1 atoms have been selected out of  17424
  
 CHARMM>     
  
 CHARMM>            calc xpos = @A * ( ?random - 0.5 )
 Parameter: A -> "66.0740394"
 RDCMND substituted energy or value "?RANDOM" to "0.702135047"
Evaluating: 66.0740394*(0.702135047-0.5)
 Parameter: XPOS <- "13.3558791"
  
 CHARMM>            calc ypos = @B * ( ?random - 0.5 )
 Parameter: B -> "66.0740394"
 RDCMND substituted energy or value "?RANDOM" to "0.897325774"
Evaluating: 66.0740394*(0.897325774-0.5)
 Parameter: YPOS <- "26.2529188"
  
 CHARMM>            calc zpos = @C * ( ?random - 0.5 ) + @zcen
 Parameter: C -> "85"
 Parameter: ZCEN -> "0"
 RDCMND substituted energy or value "?RANDOM" to "0.176478073"
Evaluating: 85*(0.176478073-0.5)+0
 Parameter: ZPOS <- "-27.4993638"
  
 CHARMM>     
  
 CHARMM>            if zpos .gt. -15 if zpos .lt. 15 goto doinit
 Comparing "-27.4993638" and "-15".
 IF test evaluated as false.  Skipping command
  
 CHARMM>     
  
 CHARMM>            ! move target to selected position
  
 CHARMM>            coor stat select target end
 SELRPN>      1 atoms have been selected out of  17424
 STATISTICS FOR         1 SELECTED ATOMS:
    XMIN =    0.000000 XMAX =    0.000000 XAVE =    0.000000
    YMIN =    0.000000 YMAX =    0.000000 YAVE =    0.000000
    ZMIN =    0.000000 ZMAX =    0.000000 ZAVE =    0.000000
    WMIN =    1.000000 WMAX =    1.000000 WAVE =    1.000000
  
 CHARMM>            calc xtran = @xpos - ?xave
 Parameter: XPOS -> "13.3558791"
 RDCMND substituted energy or value "?XAVE" to "0"
Evaluating: 13.3558791-0
 Parameter: XTRAN <- "13.3558791"
  
 CHARMM>            calc ytran = @ypos - ?yave
 Parameter: YPOS -> "26.2529188"
 RDCMND substituted energy or value "?YAVE" to "0"
Evaluating: 26.2529188-0
 Parameter: YTRAN <- "26.2529188"
  
 CHARMM>            calc ztran = @zpos - ?zave
 Parameter: ZPOS -> "-27.4993638"
 RDCMND substituted energy or value "?ZAVE" to "0"
Evaluating: -27.4993638-0
 Parameter: ZTRAN <- "-27.4993638"
  
 CHARMM>            coor trans xdir @xtran ydir @ytran zdir @ztran select target end
 Parameter: XTRAN -> "13.3558791"
 Parameter: YTRAN -> "26.2529188"
 Parameter: ZTRAN -> "-27.4993638"
 SELRPN>      1 atoms have been selected out of  17424
 TRANSLATION VECTOR    13.355879   26.252919  -27.499364
 SELECTED COORDINATES TRANSLATED IN THE MAIN SET.

  
 CHARMM>     
  
 CHARMM>            ! apply a random rotation along XYZ
  
 CHARMM>            calc xphi = ?random * 360.0
 RDCMND substituted energy or value "?RANDOM" to "0.769316468"
Evaluating: 0.769316468*360.0
 Parameter: XPHI <- "276.953928"
  
 CHARMM>            calc yphi = ?random * 360.0
 RDCMND substituted energy or value "?RANDOM" to "0.105439633"
Evaluating: 0.105439633*360.0
 Parameter: YPHI <- "37.9582679"
  
 CHARMM>            calc zphi = ?random * 360.0
 RDCMND substituted energy or value "?RANDOM" to "0.10694667"
Evaluating: 0.10694667*360.0
 Parameter: ZPHI <- "38.5008012"
  
 CHARMM>            coor rotate xcen @xpos ycen @ypos zcen @zpos xdir 1.0 -
 CHARMM>                phi @xphi select target end
 Parameter: XPOS -> "13.3558791"
 Parameter: YPOS -> "26.2529188"
 Parameter: ZPOS -> "-27.4993638"
 Parameter: XPHI -> "276.953928"
 SELRPN>      1 atoms have been selected out of  17424
 ROTATION MATRIX
    1.000000    0.000000    0.000000
    0.000000    0.121071   -0.992644
    0.000000    0.992644    0.121071

 AXIS OF ROTATION IS -1.000000  0.000000  0.000000  ANGLE IS   83.05

 SELECTED COORDINATES ROTATED IN THE MAIN SET.

  
 CHARMM>            coor rotate xcen @xpos ycen @ypos zcen @zpos ydir 1.0 -
 CHARMM>                phi @yphi select target end
 Parameter: XPOS -> "13.3558791"
 Parameter: YPOS -> "26.2529188"
 Parameter: ZPOS -> "-27.4993638"
 Parameter: YPHI -> "37.9582679"
 SELRPN>      1 atoms have been selected out of  17424
 ROTATION MATRIX
    0.788459    0.000000   -0.615087
    0.000000    1.000000    0.000000
    0.615087    0.000000    0.788459

 AXIS OF ROTATION IS  0.000000  1.000000  0.000000  ANGLE IS   37.96

 SELECTED COORDINATES ROTATED IN THE MAIN SET.

  
 CHARMM>            coor rotate xcen @xpos ycen @ypos zcen @zpos zdir 1.0 -
 CHARMM>                phi @zphi select target end
 Parameter: XPOS -> "13.3558791"
 Parameter: YPOS -> "26.2529188"
 Parameter: ZPOS -> "-27.4993638"
 Parameter: ZPHI -> "38.5008012"
 SELRPN>      1 atoms have been selected out of  17424
 ROTATION MATRIX
    0.782599    0.622526    0.000000
   -0.622526    0.782599    0.000000
    0.000000    0.000000    1.000000

 AXIS OF ROTATION IS  0.000000  0.000000  1.000000  ANGLE IS   38.50

 SELECTED COORDINATES ROTATED IN THE MAIN SET.

  
 CHARMM>     
  
 CHARMM>     
  
 CHARMM>            calc dcut = 3.5
Evaluating: 3.5
 Parameter: DCUT <- "3.5"
  
 CHARMM>     
  
 CHARMM>            coor stat sele target end
 SELRPN>      1 atoms have been selected out of  17424
 STATISTICS FOR         1 SELECTED ATOMS:
    XMIN =   13.355879 XMAX =   13.355879 XAVE =   13.355879
    YMIN =   26.252919 YMAX =   26.252919 YAVE =   26.252919
    ZMIN =  -27.499364 ZMAX =  -27.499364 ZAVE =  -27.499364
    WMIN =    1.000000 WMAX =    1.000000 WAVE =    1.000000
  
 CHARMM>            calc xmax = ?xmax + @dcut
 Parameter: DCUT -> "3.5"
 RDCMND substituted energy or value "?XMAX" to "13.3558791"
Evaluating: 13.3558791+3.5
 Parameter: XMAX <- "16.8558791"
  
 CHARMM>            calc ymax = ?ymax + @dcut
 Parameter: DCUT -> "3.5"
 RDCMND substituted energy or value "?YMAX" to "26.2529188"
Evaluating: 26.2529188+3.5
 Parameter: YMAX <- "29.7529188"
  
 CHARMM>            calc zmax = ?zmax + @dcut
 Parameter: DCUT -> "3.5"
 RDCMND substituted energy or value "?ZMAX" to "-27.4993638"
Evaluating: -27.4993638+3.5
 Parameter: ZMAX <- "-23.9993638"
  
 CHARMM>            calc xmin = ?xmin - @dcut
 Parameter: DCUT -> "3.5"
 RDCMND substituted energy or value "?XMIN" to "13.3558791"
Evaluating: 13.3558791-3.5
 Parameter: XMIN <- "9.8558791"
  
 CHARMM>            calc ymin = ?ymin - @dcut
 Parameter: DCUT -> "3.5"
 RDCMND substituted energy or value "?YMIN" to "26.2529188"
Evaluating: 26.2529188-3.5
 Parameter: YMIN <- "22.7529188"
  
 CHARMM>            calc zmin = ?zmin - @dcut
 Parameter: DCUT -> "3.5"
 RDCMND substituted energy or value "?ZMIN" to "-27.4993638"
Evaluating: -27.4993638-3.5
 Parameter: ZMIN <- "-30.9993638"
  
 CHARMM>     
  
 CHARMM>            define JUNK sele .not. target .and. -
 CHARMM>                             prop X .lt. @xmax .and. prop X .gt. @xmin .and. -
 CHARMM>                             prop Y .lt. @ymax .and. prop Y .gt. @ymin .and. -
 CHARMM>                             prop Z .lt. @zmax .and. prop Z .gt. @zmin  end
 Parameter: XMAX -> "16.8558791"
 Parameter: XMIN -> "9.8558791"
 Parameter: YMAX -> "29.7529188"
 Parameter: YMIN -> "22.7529188"
 Parameter: ZMAX -> "-23.9993638"
 Parameter: ZMIN -> "-30.9993638"
 SELRPN>      0 atoms have been selected out of  17424
  
 CHARMM>     
  
 CHARMM>            ! check if the ions are too close to protein
  
 CHARMM>            define XXX sele PROT end
 SELRPN>    136 atoms have been selected out of  17424
  
 CHARMM>            if ?nsel .gt. 0 then
 RDCMND substituted energy or value "?NSEL" to "136"
 Comparing "136" and "0".
 IF test evaluated as true.  Performing command
  
 CHARMM>                coor dist cut 10.0 sele target end -
 CHARMM>                                   sele PROT .and. JUNK .and. .not. hydrogen end image
 SELRPN>      1 atoms have been selected out of  27773
 SELRPN>      0 atoms have been selected out of  27773

            DISTANCES FOR SELECTED ATOMS
            ONLY ONE SELECTION SET SPECIFIED, A COMPARISON WILL BE DONE
 TOTAL EXCLUSION COUNT =         0
 TOTAL 1-4 EXCLUSIONS  =         0
 TOTAL NON-EXCLUSIONS  =         0
  
 CHARMM>                if ?npair .gt. 0 goto doinit
 RDCMND substituted energy or value "?NPAIR" to "0"
 Comparing "0" and "0".
 IF test evaluated as false.  Skipping command
  
 CHARMM>            endif
  
 CHARMM>     
  
 CHARMM>            ! check if the ions are too close to solute
  
 CHARMM>            coor dist cut 4.0 sele target end sele JUNK .and. .not. hydrogen end image
 SELRPN>      1 atoms have been selected out of  27773
 SELRPN>      0 atoms have been selected out of  27773

            DISTANCES FOR SELECTED ATOMS
            ONLY ONE SELECTION SET SPECIFIED, A COMPARISON WILL BE DONE
 TOTAL EXCLUSION COUNT =         0
 TOTAL 1-4 EXCLUSIONS  =         0
 TOTAL NON-EXCLUSIONS  =         0
  
 CHARMM>            if ?npair .gt. 0 goto doinit
 RDCMND substituted energy or value "?NPAIR" to "0"
 Comparing "0" and "0".
 IF test evaluated as false.  Skipping command
  
 CHARMM>     
  
 CHARMM>            calc cntrand = 0
Evaluating: 0
 Parameter: CNTRAND <- "0"
  
 CHARMM>            increase i by 1
 Parameter: I <- "10"
  
 CHARMM>            if i .le. @nion goto doinit
 Parameter: NION -> "50"
 Comparing "10" and "50".
 IF test evaluated as true.  Performing command
  
 CHARMM>     
  
 CHARMM>            calc cntrand = @cntrand + 1
 Parameter: CNTRAND -> "0"
Evaluating: 0+1
 Parameter: CNTRAND <- "1"
  
 CHARMM>            if cntrand .gt. 100 stop ! ABNORMAL TERMINATION: ion placing may not work.. stop here
 Comparing "1" and "100".
 IF test evaluated as false.  Skipping command
  
 CHARMM>     
  
 CHARMM>            calc j = @i
 Parameter: I -> "10"
Evaluating: 10
 Parameter: J <- "10"
  
 CHARMM>            set ion = POS
 Parameter: ION <- "POS"
  
 CHARMM>     
  
 CHARMM>            if j .gt. @npos then
 Parameter: NPOS -> "36"
 Comparing "10" and "36".
 IF test evaluated as false.  Skip to ELSE or ENDIF
  
 CHARMM>     
  
 CHARMM>            define target select segid @ion .and. resid @j end
 Parameter: ION -> "POS"
 Parameter: J -> "10"
 SELRPN>      1 atoms have been selected out of  17424
  
 CHARMM>     
  
 CHARMM>            calc xpos = @A * ( ?random - 0.5 )
 Parameter: A -> "66.0740394"
 RDCMND substituted energy or value "?RANDOM" to "0.393740496"
Evaluating: 66.0740394*(0.393740496-0.5)
 Parameter: XPOS <- "-7.02099465"
  
 CHARMM>            calc ypos = @B * ( ?random - 0.5 )
 Parameter: B -> "66.0740394"
 RDCMND substituted energy or value "?RANDOM" to "0.941260986"
Evaluating: 66.0740394*(0.941260986-0.5)
 Parameter: YPOS <- "29.1558958"
  
 CHARMM>            calc zpos = @C * ( ?random - 0.5 ) + @zcen
 Parameter: C -> "85"
 Parameter: ZCEN -> "0"
 RDCMND substituted energy or value "?RANDOM" to "0.852988403"
Evaluating: 85*(0.852988403-0.5)+0
 Parameter: ZPOS <- "30.0040143"
  
 CHARMM>     
  
 CHARMM>            if zpos .gt. -15 if zpos .lt. 15 goto doinit
 Comparing "30.0040143" and "-15".
 IF test evaluated as true.  Performing command
 Comparing "30.0040143" and "15".
 IF test evaluated as false.  Skipping command
  
 CHARMM>     
  
 CHARMM>            ! move target to selected position
  
 CHARMM>            coor stat select target end
 SELRPN>      1 atoms have been selected out of  17424
 STATISTICS FOR         1 SELECTED ATOMS:
    XMIN =    0.000000 XMAX =    0.000000 XAVE =    0.000000
    YMIN =    0.000000 YMAX =    0.000000 YAVE =    0.000000
    ZMIN =    0.000000 ZMAX =    0.000000 ZAVE =    0.000000
    WMIN =    1.000000 WMAX =    1.000000 WAVE =    1.000000
  
 CHARMM>            calc xtran = @xpos - ?xave
 Parameter: XPOS -> "-7.02099465"
 RDCMND substituted energy or value "?XAVE" to "0"
Evaluating: -7.02099465-0
 Parameter: XTRAN <- "-7.02099465"
  
 CHARMM>            calc ytran = @ypos - ?yave
 Parameter: YPOS -> "29.1558958"
 RDCMND substituted energy or value "?YAVE" to "0"
Evaluating: 29.1558958-0
 Parameter: YTRAN <- "29.1558958"
  
 CHARMM>            calc ztran = @zpos - ?zave
 Parameter: ZPOS -> "30.0040143"
 RDCMND substituted energy or value "?ZAVE" to "0"
Evaluating: 30.0040143-0
 Parameter: ZTRAN <- "30.0040143"
  
 CHARMM>            coor trans xdir @xtran ydir @ytran zdir @ztran select target end
 Parameter: XTRAN -> "-7.02099465"
 Parameter: YTRAN -> "29.1558958"
 Parameter: ZTRAN -> "30.0040143"
 SELRPN>      1 atoms have been selected out of  17424
 TRANSLATION VECTOR    -7.020995   29.155896   30.004014
 SELECTED COORDINATES TRANSLATED IN THE MAIN SET.

  
 CHARMM>     
  
 CHARMM>            ! apply a random rotation along XYZ
  
 CHARMM>            calc xphi = ?random * 360.0
 RDCMND substituted energy or value "?RANDOM" to "0.396826736"
Evaluating: 0.396826736*360.0
 Parameter: XPHI <- "142.857625"
  
 CHARMM>            calc yphi = ?random * 360.0
 RDCMND substituted energy or value "?RANDOM" to "0.604595559"
Evaluating: 0.604595559*360.0
 Parameter: YPHI <- "217.654401"
  
 CHARMM>            calc zphi = ?random * 360.0
 RDCMND substituted energy or value "?RANDOM" to "0.758461471"
Evaluating: 0.758461471*360.0
 Parameter: ZPHI <- "273.04613"
  
 CHARMM>            coor rotate xcen @xpos ycen @ypos zcen @zpos xdir 1.0 -
 CHARMM>                phi @xphi select target end
 Parameter: XPOS -> "-7.02099465"
 Parameter: YPOS -> "29.1558958"
 Parameter: ZPOS -> "30.0040143"
 Parameter: XPHI -> "142.857625"
 SELRPN>      1 atoms have been selected out of  17424
 ROTATION MATRIX
    1.000000    0.000000    0.000000
    0.000000   -0.797138    0.603798
    0.000000   -0.603798   -0.797138

 AXIS OF ROTATION IS  1.000000  0.000000  0.000000  ANGLE IS  142.86

 SELECTED COORDINATES ROTATED IN THE MAIN SET.

  
 CHARMM>            coor rotate xcen @xpos ycen @ypos zcen @zpos ydir 1.0 -
 CHARMM>                phi @yphi select target end
 Parameter: XPOS -> "-7.02099465"
 Parameter: YPOS -> "29.1558958"
 Parameter: ZPOS -> "30.0040143"
 Parameter: YPHI -> "217.654401"
 SELRPN>      1 atoms have been selected out of  17424
 ROTATION MATRIX
   -0.791710    0.000000    0.610897
    0.000000    1.000000    0.000000
   -0.610897    0.000000   -0.791710

 AXIS OF ROTATION IS  0.000000 -1.000000  0.000000  ANGLE IS  142.35

 SELECTED COORDINATES ROTATED IN THE MAIN SET.

  
 CHARMM>            coor rotate xcen @xpos ycen @ypos zcen @zpos zdir 1.0 -
 CHARMM>                phi @zphi select target end
 Parameter: XPOS -> "-7.02099465"
 Parameter: YPOS -> "29.1558958"
 Parameter: ZPOS -> "30.0040143"
 Parameter: ZPHI -> "273.04613"
 SELRPN>      1 atoms have been selected out of  17424
 ROTATION MATRIX
    0.053140   -0.998587    0.000000
    0.998587    0.053140    0.000000
    0.000000    0.000000    1.000000

 AXIS OF ROTATION IS  0.000000  0.000000 -1.000000  ANGLE IS   86.95

 SELECTED COORDINATES ROTATED IN THE MAIN SET.

  
 CHARMM>     
  
 CHARMM>     
  
 CHARMM>            calc dcut = 3.5
Evaluating: 3.5
 Parameter: DCUT <- "3.5"
  
 CHARMM>     
  
 CHARMM>            coor stat sele target end
 SELRPN>      1 atoms have been selected out of  17424
 STATISTICS FOR         1 SELECTED ATOMS:
    XMIN =   -7.020995 XMAX =   -7.020995 XAVE =   -7.020995
    YMIN =   29.155896 YMAX =   29.155896 YAVE =   29.155896
    ZMIN =   30.004014 ZMAX =   30.004014 ZAVE =   30.004014
    WMIN =    1.000000 WMAX =    1.000000 WAVE =    1.000000
  
 CHARMM>            calc xmax = ?xmax + @dcut
 Parameter: DCUT -> "3.5"
 RDCMND substituted energy or value "?XMAX" to "-7.02099465"
Evaluating: -7.02099465+3.5
 Parameter: XMAX <- "-3.52099465"
  
 CHARMM>            calc ymax = ?ymax + @dcut
 Parameter: DCUT -> "3.5"
 RDCMND substituted energy or value "?YMAX" to "29.1558958"
Evaluating: 29.1558958+3.5
 Parameter: YMAX <- "32.6558958"
  
 CHARMM>            calc zmax = ?zmax + @dcut
 Parameter: DCUT -> "3.5"
 RDCMND substituted energy or value "?ZMAX" to "30.0040143"
Evaluating: 30.0040143+3.5
 Parameter: ZMAX <- "33.5040143"
  
 CHARMM>            calc xmin = ?xmin - @dcut
 Parameter: DCUT -> "3.5"
 RDCMND substituted energy or value "?XMIN" to "-7.02099465"
Evaluating: -7.02099465-3.5
 Parameter: XMIN <- "-10.5209946"
  
 CHARMM>            calc ymin = ?ymin - @dcut
 Parameter: DCUT -> "3.5"
 RDCMND substituted energy or value "?YMIN" to "29.1558958"
Evaluating: 29.1558958-3.5
 Parameter: YMIN <- "25.6558958"
  
 CHARMM>            calc zmin = ?zmin - @dcut
 Parameter: DCUT -> "3.5"
 RDCMND substituted energy or value "?ZMIN" to "30.0040143"
Evaluating: 30.0040143-3.5
 Parameter: ZMIN <- "26.5040143"
  
 CHARMM>     
  
 CHARMM>            define JUNK sele .not. target .and. -
 CHARMM>                             prop X .lt. @xmax .and. prop X .gt. @xmin .and. -
 CHARMM>                             prop Y .lt. @ymax .and. prop Y .gt. @ymin .and. -
 CHARMM>                             prop Z .lt. @zmax .and. prop Z .gt. @zmin  end
 Parameter: XMAX -> "-3.52099465"
 Parameter: XMIN -> "-10.5209946"
 Parameter: YMAX -> "32.6558958"
 Parameter: YMIN -> "25.6558958"
 Parameter: ZMAX -> "33.5040143"
 Parameter: ZMIN -> "26.5040143"
 SELRPN>      0 atoms have been selected out of  17424
  
 CHARMM>     
  
 CHARMM>            ! check if the ions are too close to protein
  
 CHARMM>            define XXX sele PROT end
 SELRPN>    136 atoms have been selected out of  17424
  
 CHARMM>            if ?nsel .gt. 0 then
 RDCMND substituted energy or value "?NSEL" to "136"
 Comparing "136" and "0".
 IF test evaluated as true.  Performing command
  
 CHARMM>                coor dist cut 10.0 sele target end -
 CHARMM>                                   sele PROT .and. JUNK .and. .not. hydrogen end image
 SELRPN>      1 atoms have been selected out of  27773
 SELRPN>      0 atoms have been selected out of  27773

            DISTANCES FOR SELECTED ATOMS
            ONLY ONE SELECTION SET SPECIFIED, A COMPARISON WILL BE DONE
 TOTAL EXCLUSION COUNT =         0
 TOTAL 1-4 EXCLUSIONS  =         0
 TOTAL NON-EXCLUSIONS  =         0
  
 CHARMM>                if ?npair .gt. 0 goto doinit
 RDCMND substituted energy or value "?NPAIR" to "0"
 Comparing "0" and "0".
 IF test evaluated as false.  Skipping command
  
 CHARMM>            endif
  
 CHARMM>     
  
 CHARMM>            ! check if the ions are too close to solute
  
 CHARMM>            coor dist cut 4.0 sele target end sele JUNK .and. .not. hydrogen end image
 SELRPN>      1 atoms have been selected out of  27773
 SELRPN>      0 atoms have been selected out of  27773

            DISTANCES FOR SELECTED ATOMS
            ONLY ONE SELECTION SET SPECIFIED, A COMPARISON WILL BE DONE
 TOTAL EXCLUSION COUNT =         0
 TOTAL 1-4 EXCLUSIONS  =         0
 TOTAL NON-EXCLUSIONS  =         0
  
 CHARMM>            if ?npair .gt. 0 goto doinit
 RDCMND substituted energy or value "?NPAIR" to "0"
 Comparing "0" and "0".
 IF test evaluated as false.  Skipping command
  
 CHARMM>     
  
 CHARMM>            calc cntrand = 0
Evaluating: 0
 Parameter: CNTRAND <- "0"
  
 CHARMM>            increase i by 1
 Parameter: I <- "11"
  
 CHARMM>            if i .le. @nion goto doinit
 Parameter: NION -> "50"
 Comparing "11" and "50".
 IF test evaluated as true.  Performing command
  
 CHARMM>     
  
 CHARMM>            calc cntrand = @cntrand + 1
 Parameter: CNTRAND -> "0"
Evaluating: 0+1
 Parameter: CNTRAND <- "1"
  
 CHARMM>            if cntrand .gt. 100 stop ! ABNORMAL TERMINATION: ion placing may not work.. stop here
 Comparing "1" and "100".
 IF test evaluated as false.  Skipping command
  
 CHARMM>     
  
 CHARMM>            calc j = @i
 Parameter: I -> "11"
Evaluating: 11
 Parameter: J <- "11"
  
 CHARMM>            set ion = POS
 Parameter: ION <- "POS"
  
 CHARMM>     
  
 CHARMM>            if j .gt. @npos then
 Parameter: NPOS -> "36"
 Comparing "11" and "36".
 IF test evaluated as false.  Skip to ELSE or ENDIF
  
 CHARMM>     
  
 CHARMM>            define target select segid @ion .and. resid @j end
 Parameter: ION -> "POS"
 Parameter: J -> "11"
 SELRPN>      1 atoms have been selected out of  17424
  
 CHARMM>     
  
 CHARMM>            calc xpos = @A * ( ?random - 0.5 )
 Parameter: A -> "66.0740394"
 RDCMND substituted energy or value "?RANDOM" to "0.36599863"
Evaluating: 66.0740394*(0.36599863-0.5)
 Parameter: XPOS <- "-8.8540118"
  
 CHARMM>            calc ypos = @B * ( ?random - 0.5 )
 Parameter: B -> "66.0740394"
 RDCMND substituted energy or value "?RANDOM" to "0.392605485"
Evaluating: 66.0740394*(0.392605485-0.5)
 Parameter: YPOS <- "-7.09598942"
  
 CHARMM>            calc zpos = @C * ( ?random - 0.5 ) + @zcen
 Parameter: C -> "85"
 Parameter: ZCEN -> "0"
 RDCMND substituted energy or value "?RANDOM" to "0.602287812"
Evaluating: 85*(0.602287812-0.5)+0
 Parameter: ZPOS <- "8.69446402"
  
 CHARMM>     
  
 CHARMM>            if zpos .gt. -15 if zpos .lt. 15 goto doinit
 Comparing "8.69446402" and "-15".
 IF test evaluated as true.  Performing command
 Comparing "8.69446402" and "15".
 IF test evaluated as true.  Performing command
  
 CHARMM>     
  
 CHARMM>            calc cntrand = @cntrand + 1
 Parameter: CNTRAND -> "1"
Evaluating: 1+1
 Parameter: CNTRAND <- "2"
  
 CHARMM>            if cntrand .gt. 100 stop ! ABNORMAL TERMINATION: ion placing may not work.. stop here
 Comparing "2" and "100".
 IF test evaluated as false.  Skipping command
  
 CHARMM>     
  
 CHARMM>            calc j = @i
 Parameter: I -> "11"
Evaluating: 11
 Parameter: J <- "11"
  
 CHARMM>            set ion = POS
 Parameter: ION <- "POS"
  
 CHARMM>     
  
 CHARMM>            if j .gt. @npos then
 Parameter: NPOS -> "36"
 Comparing "11" and "36".
 IF test evaluated as false.  Skip to ELSE or ENDIF
  
 CHARMM>     
  
 CHARMM>            define target select segid @ion .and. resid @j end
 Parameter: ION -> "POS"
 Parameter: J -> "11"
 SELRPN>      1 atoms have been selected out of  17424
  
 CHARMM>     
  
 CHARMM>            calc xpos = @A * ( ?random - 0.5 )
 Parameter: A -> "66.0740394"
 RDCMND substituted energy or value "?RANDOM" to "0.230534969"
Evaluating: 66.0740394*(0.230534969-0.5)
 Parameter: XPOS <- "-17.8046431"
  
 CHARMM>            calc ypos = @B * ( ?random - 0.5 )
 Parameter: B -> "66.0740394"
 RDCMND substituted energy or value "?RANDOM" to "0.422505614"
Evaluating: 66.0740394*(0.422505614-0.5)
 Parameter: YPOS <- "-5.12036711"
  
 CHARMM>            calc zpos = @C * ( ?random - 0.5 ) + @zcen
 Parameter: C -> "85"
 Parameter: ZCEN -> "0"
 RDCMND substituted energy or value "?RANDOM" to "0.349175727"
Evaluating: 85*(0.349175727-0.5)+0
 Parameter: ZPOS <- "-12.8200632"
  
 CHARMM>     
  
 CHARMM>            if zpos .gt. -15 if zpos .lt. 15 goto doinit
 Comparing "-12.8200632" and "-15".
 IF test evaluated as true.  Performing command
 Comparing "-12.8200632" and "15".
 IF test evaluated as true.  Performing command
  
 CHARMM>     
  
 CHARMM>            calc cntrand = @cntrand + 1
 Parameter: CNTRAND -> "2"
Evaluating: 2+1
 Parameter: CNTRAND <- "3"
  
 CHARMM>            if cntrand .gt. 100 stop ! ABNORMAL TERMINATION: ion placing may not work.. stop here
 Comparing "3" and "100".
 IF test evaluated as false.  Skipping command
  
 CHARMM>     
  
 CHARMM>            calc j = @i
 Parameter: I -> "11"
Evaluating: 11
 Parameter: J <- "11"
  
 CHARMM>            set ion = POS
 Parameter: ION <- "POS"
  
 CHARMM>     
  
 CHARMM>            if j .gt. @npos then
 Parameter: NPOS -> "36"
 Comparing "11" and "36".
 IF test evaluated as false.  Skip to ELSE or ENDIF
  
 CHARMM>     
  
 CHARMM>            define target select segid @ion .and. resid @j end
 Parameter: ION -> "POS"
 Parameter: J -> "11"
 SELRPN>      1 atoms have been selected out of  17424
  
 CHARMM>     
  
 CHARMM>            calc xpos = @A * ( ?random - 0.5 )
 Parameter: A -> "66.0740394"
 RDCMND substituted energy or value "?RANDOM" to "0.912125425"
Evaluating: 66.0740394*(0.912125425-0.5)
 Parameter: XPOS <- "27.2307916"
  
 CHARMM>            calc ypos = @B * ( ?random - 0.5 )
 Parameter: B -> "66.0740394"
 RDCMND substituted energy or value "?RANDOM" to "0.455325155"
Evaluating: 66.0740394*(0.455325155-0.5)
 Parameter: YPOS <- "-2.95184747"
  
 CHARMM>            calc zpos = @C * ( ?random - 0.5 ) + @zcen
 Parameter: C -> "85"
 Parameter: ZCEN -> "0"
 RDCMND substituted energy or value "?RANDOM" to "0.141433875"
Evaluating: 85*(0.141433875-0.5)+0
 Parameter: ZPOS <- "-30.4781206"
  
 CHARMM>     
  
 CHARMM>            if zpos .gt. -15 if zpos .lt. 15 goto doinit
 Comparing "-30.4781206" and "-15".
 IF test evaluated as false.  Skipping command
  
 CHARMM>     
  
 CHARMM>            ! move target to selected position
  
 CHARMM>            coor stat select target end
 SELRPN>      1 atoms have been selected out of  17424
 STATISTICS FOR         1 SELECTED ATOMS:
    XMIN =    0.000000 XMAX =    0.000000 XAVE =    0.000000
    YMIN =    0.000000 YMAX =    0.000000 YAVE =    0.000000
    ZMIN =    0.000000 ZMAX =    0.000000 ZAVE =    0.000000
    WMIN =    1.000000 WMAX =    1.000000 WAVE =    1.000000
  
 CHARMM>            calc xtran = @xpos - ?xave
 Parameter: XPOS -> "27.2307916"
 RDCMND substituted energy or value "?XAVE" to "0"
Evaluating: 27.2307916-0
 Parameter: XTRAN <- "27.2307916"
  
 CHARMM>            calc ytran = @ypos - ?yave
 Parameter: YPOS -> "-2.95184747"
 RDCMND substituted energy or value "?YAVE" to "0"
Evaluating: -2.95184747-0
 Parameter: YTRAN <- "-2.95184747"
  
 CHARMM>            calc ztran = @zpos - ?zave
 Parameter: ZPOS -> "-30.4781206"
 RDCMND substituted energy or value "?ZAVE" to "0"
Evaluating: -30.4781206-0
 Parameter: ZTRAN <- "-30.4781206"
  
 CHARMM>            coor trans xdir @xtran ydir @ytran zdir @ztran select target end
 Parameter: XTRAN -> "27.2307916"
 Parameter: YTRAN -> "-2.95184747"
 Parameter: ZTRAN -> "-30.4781206"
 SELRPN>      1 atoms have been selected out of  17424
 TRANSLATION VECTOR    27.230792   -2.951847  -30.478121
 SELECTED COORDINATES TRANSLATED IN THE MAIN SET.

  
 CHARMM>     
  
 CHARMM>            ! apply a random rotation along XYZ
  
 CHARMM>            calc xphi = ?random * 360.0
 RDCMND substituted energy or value "?RANDOM" to "0.668694393"
Evaluating: 0.668694393*360.0
 Parameter: XPHI <- "240.729981"
  
 CHARMM>            calc yphi = ?random * 360.0
 RDCMND substituted energy or value "?RANDOM" to "0.42275562"
Evaluating: 0.42275562*360.0
 Parameter: YPHI <- "152.192023"
  
 CHARMM>            calc zphi = ?random * 360.0
 RDCMND substituted energy or value "?RANDOM" to "0.442816693"
Evaluating: 0.442816693*360.0
 Parameter: ZPHI <- "159.414009"
  
 CHARMM>            coor rotate xcen @xpos ycen @ypos zcen @zpos xdir 1.0 -
 CHARMM>                phi @xphi select target end
 Parameter: XPOS -> "27.2307916"
 Parameter: YPOS -> "-2.95184747"
 Parameter: ZPOS -> "-30.4781206"
 Parameter: XPHI -> "240.729981"
 SELRPN>      1 atoms have been selected out of  17424
 ROTATION MATRIX
    1.000000    0.000000    0.000000
    0.000000   -0.488926   -0.872325
    0.000000    0.872325   -0.488926

 AXIS OF ROTATION IS -1.000000  0.000000  0.000000  ANGLE IS  119.27

 SELECTED COORDINATES ROTATED IN THE MAIN SET.

  
 CHARMM>            coor rotate xcen @xpos ycen @ypos zcen @zpos ydir 1.0 -
 CHARMM>                phi @yphi select target end
 Parameter: XPOS -> "27.2307916"
 Parameter: YPOS -> "-2.95184747"
 Parameter: ZPOS -> "-30.4781206"
 Parameter: YPHI -> "152.192023"
 SELRPN>      1 atoms have been selected out of  17424
 ROTATION MATRIX
   -0.884516    0.000000   -0.466510
    0.000000    1.000000    0.000000
    0.466510    0.000000   -0.884516

 AXIS OF ROTATION IS  0.000000  1.000000  0.000000  ANGLE IS  152.19

 SELECTED COORDINATES ROTATED IN THE MAIN SET.

  
 CHARMM>            coor rotate xcen @xpos ycen @ypos zcen @zpos zdir 1.0 -
 CHARMM>                phi @zphi select target end
 Parameter: XPOS -> "27.2307916"
 Parameter: YPOS -> "-2.95184747"
 Parameter: ZPOS -> "-30.4781206"
 Parameter: ZPHI -> "159.414009"
 SELRPN>      1 atoms have been selected out of  17424
 ROTATION MATRIX
   -0.936146    0.351613    0.000000
   -0.351613   -0.936146    0.000000
    0.000000    0.000000    1.000000

 AXIS OF ROTATION IS  0.000000  0.000000  1.000000  ANGLE IS  159.41

 SELECTED COORDINATES ROTATED IN THE MAIN SET.

  
 CHARMM>     
  
 CHARMM>     
  
 CHARMM>            calc dcut = 3.5
Evaluating: 3.5
 Parameter: DCUT <- "3.5"
  
 CHARMM>     
  
 CHARMM>            coor stat sele target end
 SELRPN>      1 atoms have been selected out of  17424
 STATISTICS FOR         1 SELECTED ATOMS:
    XMIN =   27.230792 XMAX =   27.230792 XAVE =   27.230792
    YMIN =   -2.951847 YMAX =   -2.951847 YAVE =   -2.951847
    ZMIN =  -30.478121 ZMAX =  -30.478121 ZAVE =  -30.478121
    WMIN =    1.000000 WMAX =    1.000000 WAVE =    1.000000
  
 CHARMM>            calc xmax = ?xmax + @dcut
 Parameter: DCUT -> "3.5"
 RDCMND substituted energy or value "?XMAX" to "27.2307916"
Evaluating: 27.2307916+3.5
 Parameter: XMAX <- "30.7307916"
  
 CHARMM>            calc ymax = ?ymax + @dcut
 Parameter: DCUT -> "3.5"
 RDCMND substituted energy or value "?YMAX" to "-2.95184747"
Evaluating: -2.95184747+3.5
 Parameter: YMAX <- "0.54815253"
  
 CHARMM>            calc zmax = ?zmax + @dcut
 Parameter: DCUT -> "3.5"
 RDCMND substituted energy or value "?ZMAX" to "-30.4781206"
Evaluating: -30.4781206+3.5
 Parameter: ZMAX <- "-26.9781206"
  
 CHARMM>            calc xmin = ?xmin - @dcut
 Parameter: DCUT -> "3.5"
 RDCMND substituted energy or value "?XMIN" to "27.2307916"
Evaluating: 27.2307916-3.5
 Parameter: XMIN <- "23.7307916"
  
 CHARMM>            calc ymin = ?ymin - @dcut
 Parameter: DCUT -> "3.5"
 RDCMND substituted energy or value "?YMIN" to "-2.95184747"
Evaluating: -2.95184747-3.5
 Parameter: YMIN <- "-6.45184747"
  
 CHARMM>            calc zmin = ?zmin - @dcut
 Parameter: DCUT -> "3.5"
 RDCMND substituted energy or value "?ZMIN" to "-30.4781206"
Evaluating: -30.4781206-3.5
 Parameter: ZMIN <- "-33.9781206"
  
 CHARMM>     
  
 CHARMM>            define JUNK sele .not. target .and. -
 CHARMM>                             prop X .lt. @xmax .and. prop X .gt. @xmin .and. -
 CHARMM>                             prop Y .lt. @ymax .and. prop Y .gt. @ymin .and. -
 CHARMM>                             prop Z .lt. @zmax .and. prop Z .gt. @zmin  end
 Parameter: XMAX -> "30.7307916"
 Parameter: XMIN -> "23.7307916"
 Parameter: YMAX -> "0.54815253"
 Parameter: YMIN -> "-6.45184747"
 Parameter: ZMAX -> "-26.9781206"
 Parameter: ZMIN -> "-33.9781206"
 SELRPN>      0 atoms have been selected out of  17424
  
 CHARMM>     
  
 CHARMM>            ! check if the ions are too close to protein
  
 CHARMM>            define XXX sele PROT end
 SELRPN>    136 atoms have been selected out of  17424
  
 CHARMM>            if ?nsel .gt. 0 then
 RDCMND substituted energy or value "?NSEL" to "136"
 Comparing "136" and "0".
 IF test evaluated as true.  Performing command
  
 CHARMM>                coor dist cut 10.0 sele target end -
 CHARMM>                                   sele PROT .and. JUNK .and. .not. hydrogen end image
 SELRPN>      1 atoms have been selected out of  27773
 SELRPN>      0 atoms have been selected out of  27773

            DISTANCES FOR SELECTED ATOMS
            ONLY ONE SELECTION SET SPECIFIED, A COMPARISON WILL BE DONE
 TOTAL EXCLUSION COUNT =         0
 TOTAL 1-4 EXCLUSIONS  =         0
 TOTAL NON-EXCLUSIONS  =         0
  
 CHARMM>                if ?npair .gt. 0 goto doinit
 RDCMND substituted energy or value "?NPAIR" to "0"
 Comparing "0" and "0".
 IF test evaluated as false.  Skipping command
  
 CHARMM>            endif
  
 CHARMM>     
  
 CHARMM>            ! check if the ions are too close to solute
  
 CHARMM>            coor dist cut 4.0 sele target end sele JUNK .and. .not. hydrogen end image
 SELRPN>      1 atoms have been selected out of  27773
 SELRPN>      0 atoms have been selected out of  27773

            DISTANCES FOR SELECTED ATOMS
            ONLY ONE SELECTION SET SPECIFIED, A COMPARISON WILL BE DONE
 TOTAL EXCLUSION COUNT =         0
 TOTAL 1-4 EXCLUSIONS  =         0
 TOTAL NON-EXCLUSIONS  =         0
  
 CHARMM>            if ?npair .gt. 0 goto doinit
 RDCMND substituted energy or value "?NPAIR" to "0"
 Comparing "0" and "0".
 IF test evaluated as false.  Skipping command
  
 CHARMM>     
  
 CHARMM>            calc cntrand = 0
Evaluating: 0
 Parameter: CNTRAND <- "0"
  
 CHARMM>            increase i by 1
 Parameter: I <- "12"
  
 CHARMM>            if i .le. @nion goto doinit
 Parameter: NION -> "50"
 Comparing "12" and "50".
 IF test evaluated as true.  Performing command
  
 CHARMM>     
  
 CHARMM>            calc cntrand = @cntrand + 1
 Parameter: CNTRAND -> "0"
Evaluating: 0+1
 Parameter: CNTRAND <- "1"
  
 CHARMM>            if cntrand .gt. 100 stop ! ABNORMAL TERMINATION: ion placing may not work.. stop here
 Comparing "1" and "100".
 IF test evaluated as false.  Skipping command
  
 CHARMM>     
  
 CHARMM>            calc j = @i
 Parameter: I -> "12"
Evaluating: 12
 Parameter: J <- "12"
  
 CHARMM>            set ion = POS
 Parameter: ION <- "POS"
  
 CHARMM>     
  
 CHARMM>            if j .gt. @npos then
 Parameter: NPOS -> "36"
 Comparing "12" and "36".
 IF test evaluated as false.  Skip to ELSE or ENDIF
  
 CHARMM>     
  
 CHARMM>            define target select segid @ion .and. resid @j end
 Parameter: ION -> "POS"
 Parameter: J -> "12"
 SELRPN>      1 atoms have been selected out of  17424
  
 CHARMM>     
  
 CHARMM>            calc xpos = @A * ( ?random - 0.5 )
 Parameter: A -> "66.0740394"
 RDCMND substituted energy or value "?RANDOM" to "0.226894822"
Evaluating: 66.0740394*(0.226894822-0.5)
 Parameter: XPOS <- "-18.0451623"
  
 CHARMM>            calc ypos = @B * ( ?random - 0.5 )
 Parameter: B -> "66.0740394"
 RDCMND substituted energy or value "?RANDOM" to "0.254334557"
Evaluating: 66.0740394*(0.254334557-0.5)
 Parameter: YPOS <- "-16.2321082"
  
 CHARMM>            calc zpos = @C * ( ?random - 0.5 ) + @zcen
 Parameter: C -> "85"
 Parameter: ZCEN -> "0"
 RDCMND substituted energy or value "?RANDOM" to "0.152543258"
Evaluating: 85*(0.152543258-0.5)+0
 Parameter: ZPOS <- "-29.5338231"
  
 CHARMM>     
  
 CHARMM>            if zpos .gt. -15 if zpos .lt. 15 goto doinit
 Comparing "-29.5338231" and "-15".
 IF test evaluated as false.  Skipping command
  
 CHARMM>     
  
 CHARMM>            ! move target to selected position
  
 CHARMM>            coor stat select target end
 SELRPN>      1 atoms have been selected out of  17424
 STATISTICS FOR         1 SELECTED ATOMS:
    XMIN =    0.000000 XMAX =    0.000000 XAVE =    0.000000
    YMIN =    0.000000 YMAX =    0.000000 YAVE =    0.000000
    ZMIN =    0.000000 ZMAX =    0.000000 ZAVE =    0.000000
    WMIN =    1.000000 WMAX =    1.000000 WAVE =    1.000000
  
 CHARMM>            calc xtran = @xpos - ?xave
 Parameter: XPOS -> "-18.0451623"
 RDCMND substituted energy or value "?XAVE" to "0"
Evaluating: -18.0451623-0
 Parameter: XTRAN <- "-18.0451623"
  
 CHARMM>            calc ytran = @ypos - ?yave
 Parameter: YPOS -> "-16.2321082"
 RDCMND substituted energy or value "?YAVE" to "0"
Evaluating: -16.2321082-0
 Parameter: YTRAN <- "-16.2321082"
  
 CHARMM>            calc ztran = @zpos - ?zave
 Parameter: ZPOS -> "-29.5338231"
 RDCMND substituted energy or value "?ZAVE" to "0"
Evaluating: -29.5338231-0
 Parameter: ZTRAN <- "-29.5338231"
  
 CHARMM>            coor trans xdir @xtran ydir @ytran zdir @ztran select target end
 Parameter: XTRAN -> "-18.0451623"
 Parameter: YTRAN -> "-16.2321082"
 Parameter: ZTRAN -> "-29.5338231"
 SELRPN>      1 atoms have been selected out of  17424
 TRANSLATION VECTOR   -18.045162  -16.232108  -29.533823
 SELECTED COORDINATES TRANSLATED IN THE MAIN SET.

  
 CHARMM>     
  
 CHARMM>            ! apply a random rotation along XYZ
  
 CHARMM>            calc xphi = ?random * 360.0
 RDCMND substituted energy or value "?RANDOM" to "0.713483134"
Evaluating: 0.713483134*360.0
 Parameter: XPHI <- "256.853928"
  
 CHARMM>            calc yphi = ?random * 360.0
 RDCMND substituted energy or value "?RANDOM" to "0.175697393"
Evaluating: 0.175697393*360.0
 Parameter: YPHI <- "63.2510615"
  
 CHARMM>            calc zphi = ?random * 360.0
 RDCMND substituted energy or value "?RANDOM" to "0.741413101"
Evaluating: 0.741413101*360.0
 Parameter: ZPHI <- "266.908716"
  
 CHARMM>            coor rotate xcen @xpos ycen @ypos zcen @zpos xdir 1.0 -
 CHARMM>                phi @xphi select target end
 Parameter: XPOS -> "-18.0451623"
 Parameter: YPOS -> "-16.2321082"
 Parameter: ZPOS -> "-29.5338231"
 Parameter: XPHI -> "256.853928"
 SELRPN>      1 atoms have been selected out of  17424
 ROTATION MATRIX
    1.000000    0.000000    0.000000
    0.000000   -0.227434   -0.973793
    0.000000    0.973793   -0.227434

 AXIS OF ROTATION IS -1.000000  0.000000  0.000000  ANGLE IS  103.15

 SELECTED COORDINATES ROTATED IN THE MAIN SET.

  
 CHARMM>            coor rotate xcen @xpos ycen @ypos zcen @zpos ydir 1.0 -
 CHARMM>                phi @yphi select target end
 Parameter: XPOS -> "-18.0451623"
 Parameter: YPOS -> "-16.2321082"
 Parameter: ZPOS -> "-29.5338231"
 Parameter: YPHI -> "63.2510615"
 SELRPN>      1 atoms have been selected out of  17424
 ROTATION MATRIX
    0.450082    0.000000   -0.892987
    0.000000    1.000000    0.000000
    0.892987    0.000000    0.450082

 AXIS OF ROTATION IS  0.000000  1.000000  0.000000  ANGLE IS   63.25

 SELECTED COORDINATES ROTATED IN THE MAIN SET.

  
 CHARMM>            coor rotate xcen @xpos ycen @ypos zcen @zpos zdir 1.0 -
 CHARMM>                phi @zphi select target end
 Parameter: XPOS -> "-18.0451623"
 Parameter: YPOS -> "-16.2321082"
 Parameter: ZPOS -> "-29.5338231"
 Parameter: ZPHI -> "266.908716"
 SELRPN>      1 atoms have been selected out of  17424
 ROTATION MATRIX
   -0.053927   -0.998545    0.000000
    0.998545   -0.053927    0.000000
    0.000000    0.000000    1.000000

 AXIS OF ROTATION IS  0.000000  0.000000 -1.000000  ANGLE IS   93.09

 SELECTED COORDINATES ROTATED IN THE MAIN SET.

  
 CHARMM>     
  
 CHARMM>     
  
 CHARMM>            calc dcut = 3.5
Evaluating: 3.5
 Parameter: DCUT <- "3.5"
  
 CHARMM>     
  
 CHARMM>            coor stat sele target end
 SELRPN>      1 atoms have been selected out of  17424
 STATISTICS FOR         1 SELECTED ATOMS:
    XMIN =  -18.045162 XMAX =  -18.045162 XAVE =  -18.045162
    YMIN =  -16.232108 YMAX =  -16.232108 YAVE =  -16.232108
    ZMIN =  -29.533823 ZMAX =  -29.533823 ZAVE =  -29.533823
    WMIN =    1.000000 WMAX =    1.000000 WAVE =    1.000000
  
 CHARMM>            calc xmax = ?xmax + @dcut
 Parameter: DCUT -> "3.5"
 RDCMND substituted energy or value "?XMAX" to "-18.0451623"
Evaluating: -18.0451623+3.5
 Parameter: XMAX <- "-14.5451623"
  
 CHARMM>            calc ymax = ?ymax + @dcut
 Parameter: DCUT -> "3.5"
 RDCMND substituted energy or value "?YMAX" to "-16.2321082"
Evaluating: -16.2321082+3.5
 Parameter: YMAX <- "-12.7321082"
  
 CHARMM>            calc zmax = ?zmax + @dcut
 Parameter: DCUT -> "3.5"
 RDCMND substituted energy or value "?ZMAX" to "-29.5338231"
Evaluating: -29.5338231+3.5
 Parameter: ZMAX <- "-26.0338231"
  
 CHARMM>            calc xmin = ?xmin - @dcut
 Parameter: DCUT -> "3.5"
 RDCMND substituted energy or value "?XMIN" to "-18.0451623"
Evaluating: -18.0451623-3.5
 Parameter: XMIN <- "-21.5451623"
  
 CHARMM>            calc ymin = ?ymin - @dcut
 Parameter: DCUT -> "3.5"
 RDCMND substituted energy or value "?YMIN" to "-16.2321082"
Evaluating: -16.2321082-3.5
 Parameter: YMIN <- "-19.7321082"
  
 CHARMM>            calc zmin = ?zmin - @dcut
 Parameter: DCUT -> "3.5"
 RDCMND substituted energy or value "?ZMIN" to "-29.5338231"
Evaluating: -29.5338231-3.5
 Parameter: ZMIN <- "-33.0338231"
  
 CHARMM>     
  
 CHARMM>            define JUNK sele .not. target .and. -
 CHARMM>                             prop X .lt. @xmax .and. prop X .gt. @xmin .and. -
 CHARMM>                             prop Y .lt. @ymax .and. prop Y .gt. @ymin .and. -
 CHARMM>                             prop Z .lt. @zmax .and. prop Z .gt. @zmin  end
 Parameter: XMAX -> "-14.5451623"
 Parameter: XMIN -> "-21.5451623"
 Parameter: YMAX -> "-12.7321082"
 Parameter: YMIN -> "-19.7321082"
 Parameter: ZMAX -> "-26.0338231"
 Parameter: ZMIN -> "-33.0338231"
 SELRPN>      0 atoms have been selected out of  17424
  
 CHARMM>     
  
 CHARMM>            ! check if the ions are too close to protein
  
 CHARMM>            define XXX sele PROT end
 SELRPN>    136 atoms have been selected out of  17424
  
 CHARMM>            if ?nsel .gt. 0 then
 RDCMND substituted energy or value "?NSEL" to "136"
 Comparing "136" and "0".
 IF test evaluated as true.  Performing command
  
 CHARMM>                coor dist cut 10.0 sele target end -
 CHARMM>                                   sele PROT .and. JUNK .and. .not. hydrogen end image
 SELRPN>      1 atoms have been selected out of  27773
 SELRPN>      0 atoms have been selected out of  27773

            DISTANCES FOR SELECTED ATOMS
            ONLY ONE SELECTION SET SPECIFIED, A COMPARISON WILL BE DONE
 TOTAL EXCLUSION COUNT =         0
 TOTAL 1-4 EXCLUSIONS  =         0
 TOTAL NON-EXCLUSIONS  =         0
  
 CHARMM>                if ?npair .gt. 0 goto doinit
 RDCMND substituted energy or value "?NPAIR" to "0"
 Comparing "0" and "0".
 IF test evaluated as false.  Skipping command
  
 CHARMM>            endif
  
 CHARMM>     
  
 CHARMM>            ! check if the ions are too close to solute
  
 CHARMM>            coor dist cut 4.0 sele target end sele JUNK .and. .not. hydrogen end image
 SELRPN>      1 atoms have been selected out of  27773
 SELRPN>      0 atoms have been selected out of  27773

            DISTANCES FOR SELECTED ATOMS
            ONLY ONE SELECTION SET SPECIFIED, A COMPARISON WILL BE DONE
 TOTAL EXCLUSION COUNT =         0
 TOTAL 1-4 EXCLUSIONS  =         0
 TOTAL NON-EXCLUSIONS  =         0
  
 CHARMM>            if ?npair .gt. 0 goto doinit
 RDCMND substituted energy or value "?NPAIR" to "0"
 Comparing "0" and "0".
 IF test evaluated as false.  Skipping command
  
 CHARMM>     
  
 CHARMM>            calc cntrand = 0
Evaluating: 0
 Parameter: CNTRAND <- "0"
  
 CHARMM>            increase i by 1
 Parameter: I <- "13"
  
 CHARMM>            if i .le. @nion goto doinit
 Parameter: NION -> "50"
 Comparing "13" and "50".
 IF test evaluated as true.  Performing command
  
 CHARMM>     
  
 CHARMM>            calc cntrand = @cntrand + 1
 Parameter: CNTRAND -> "0"
Evaluating: 0+1
 Parameter: CNTRAND <- "1"
  
 CHARMM>            if cntrand .gt. 100 stop ! ABNORMAL TERMINATION: ion placing may not work.. stop here
 Comparing "1" and "100".
 IF test evaluated as false.  Skipping command
  
 CHARMM>     
  
 CHARMM>            calc j = @i
 Parameter: I -> "13"
Evaluating: 13
 Parameter: J <- "13"
  
 CHARMM>            set ion = POS
 Parameter: ION <- "POS"
  
 CHARMM>     
  
 CHARMM>            if j .gt. @npos then
 Parameter: NPOS -> "36"
 Comparing "13" and "36".
 IF test evaluated as false.  Skip to ELSE or ENDIF
  
 CHARMM>     
  
 CHARMM>            define target select segid @ion .and. resid @j end
 Parameter: ION -> "POS"
 Parameter: J -> "13"
 SELRPN>      1 atoms have been selected out of  17424
  
 CHARMM>     
  
 CHARMM>            calc xpos = @A * ( ?random - 0.5 )
 Parameter: A -> "66.0740394"
 RDCMND substituted energy or value "?RANDOM" to "0.985599213"
Evaluating: 66.0740394*(0.985599213-0.5)
 Parameter: XPOS <- "32.0855015"
  
 CHARMM>            calc ypos = @B * ( ?random - 0.5 )
 Parameter: B -> "66.0740394"
 RDCMND substituted energy or value "?RANDOM" to "0.291962614"
Evaluating: 66.0740394*(0.291962614-0.5)
 Parameter: YPOS <- "-13.7458704"
  
 CHARMM>            calc zpos = @C * ( ?random - 0.5 ) + @zcen
 Parameter: C -> "85"
 Parameter: ZCEN -> "0"
 RDCMND substituted energy or value "?RANDOM" to "0.686659795"
Evaluating: 85*(0.686659795-0.5)+0
 Parameter: ZPOS <- "15.8660826"
  
 CHARMM>     
  
 CHARMM>            if zpos .gt. -15 if zpos .lt. 15 goto doinit
 Comparing "15.8660826" and "-15".
 IF test evaluated as true.  Performing command
 Comparing "15.8660826" and "15".
 IF test evaluated as false.  Skipping command
  
 CHARMM>     
  
 CHARMM>            ! move target to selected position
  
 CHARMM>            coor stat select target end
 SELRPN>      1 atoms have been selected out of  17424
 STATISTICS FOR         1 SELECTED ATOMS:
    XMIN =    0.000000 XMAX =    0.000000 XAVE =    0.000000
    YMIN =    0.000000 YMAX =    0.000000 YAVE =    0.000000
    ZMIN =    0.000000 ZMAX =    0.000000 ZAVE =    0.000000
    WMIN =    1.000000 WMAX =    1.000000 WAVE =    1.000000
  
 CHARMM>            calc xtran = @xpos - ?xave
 Parameter: XPOS -> "32.0855015"
 RDCMND substituted energy or value "?XAVE" to "0"
Evaluating: 32.0855015-0
 Parameter: XTRAN <- "32.0855015"
  
 CHARMM>            calc ytran = @ypos - ?yave
 Parameter: YPOS -> "-13.7458704"
 RDCMND substituted energy or value "?YAVE" to "0"
Evaluating: -13.7458704-0
 Parameter: YTRAN <- "-13.7458704"
  
 CHARMM>            calc ztran = @zpos - ?zave
 Parameter: ZPOS -> "15.8660826"
 RDCMND substituted energy or value "?ZAVE" to "0"
Evaluating: 15.8660826-0
 Parameter: ZTRAN <- "15.8660826"
  
 CHARMM>            coor trans xdir @xtran ydir @ytran zdir @ztran select target end
 Parameter: XTRAN -> "32.0855015"
 Parameter: YTRAN -> "-13.7458704"
 Parameter: ZTRAN -> "15.8660826"
 SELRPN>      1 atoms have been selected out of  17424
 TRANSLATION VECTOR    32.085501  -13.745870   15.866083
 SELECTED COORDINATES TRANSLATED IN THE MAIN SET.

  
 CHARMM>     
  
 CHARMM>            ! apply a random rotation along XYZ
  
 CHARMM>            calc xphi = ?random * 360.0
 RDCMND substituted energy or value "?RANDOM" to "6.523566868E-02"
Evaluating: 6.523566868E-02*360.0
 Parameter: XPHI <- "23.4848407"
  
 CHARMM>            calc yphi = ?random * 360.0
 RDCMND substituted energy or value "?RANDOM" to "0.173359777"
Evaluating: 0.173359777*360.0
 Parameter: YPHI <- "62.4095197"
  
 CHARMM>            calc zphi = ?random * 360.0
 RDCMND substituted energy or value "?RANDOM" to "0.353235709"
Evaluating: 0.353235709*360.0
 Parameter: ZPHI <- "127.164855"
  
 CHARMM>            coor rotate xcen @xpos ycen @ypos zcen @zpos xdir 1.0 -
 CHARMM>                phi @xphi select target end
 Parameter: XPOS -> "32.0855015"
 Parameter: YPOS -> "-13.7458704"
 Parameter: ZPOS -> "15.8660826"
 Parameter: XPHI -> "23.4848407"
 SELRPN>      1 atoms have been selected out of  17424
 ROTATION MATRIX
    1.000000    0.000000    0.000000
    0.000000    0.917166    0.398506
    0.000000   -0.398506    0.917166

 AXIS OF ROTATION IS  1.000000  0.000000  0.000000  ANGLE IS   23.48

 SELECTED COORDINATES ROTATED IN THE MAIN SET.

  
 CHARMM>            coor rotate xcen @xpos ycen @ypos zcen @zpos ydir 1.0 -
 CHARMM>                phi @yphi select target end
 Parameter: XPOS -> "32.0855015"
 Parameter: YPOS -> "-13.7458704"
 Parameter: ZPOS -> "15.8660826"
 Parameter: YPHI -> "62.4095197"
 SELRPN>      1 atoms have been selected out of  17424
 ROTATION MATRIX
    0.463149    0.000000   -0.886281
    0.000000    1.000000    0.000000
    0.886281    0.000000    0.463149

 AXIS OF ROTATION IS  0.000000  1.000000  0.000000  ANGLE IS   62.41

 SELECTED COORDINATES ROTATED IN THE MAIN SET.

  
 CHARMM>            coor rotate xcen @xpos ycen @ypos zcen @zpos zdir 1.0 -
 CHARMM>                phi @zphi select target end
 Parameter: XPOS -> "32.0855015"
 Parameter: YPOS -> "-13.7458704"
 Parameter: ZPOS -> "15.8660826"
 Parameter: ZPHI -> "127.164855"
 SELRPN>      1 atoms have been selected out of  17424
 ROTATION MATRIX
   -0.604110    0.796901    0.000000
   -0.796901   -0.604110    0.000000
    0.000000    0.000000    1.000000

 AXIS OF ROTATION IS  0.000000  0.000000  1.000000  ANGLE IS  127.16

 SELECTED COORDINATES ROTATED IN THE MAIN SET.

  
 CHARMM>     
  
 CHARMM>     
  
 CHARMM>            calc dcut = 3.5
Evaluating: 3.5
 Parameter: DCUT <- "3.5"
  
 CHARMM>     
  
 CHARMM>            coor stat sele target end
 SELRPN>      1 atoms have been selected out of  17424
 STATISTICS FOR         1 SELECTED ATOMS:
    XMIN =   32.085501 XMAX =   32.085501 XAVE =   32.085501
    YMIN =  -13.745870 YMAX =  -13.745870 YAVE =  -13.745870
    ZMIN =   15.866083 ZMAX =   15.866083 ZAVE =   15.866083
    WMIN =    1.000000 WMAX =    1.000000 WAVE =    1.000000
  
 CHARMM>            calc xmax = ?xmax + @dcut
 Parameter: DCUT -> "3.5"
 RDCMND substituted energy or value "?XMAX" to "32.0855015"
Evaluating: 32.0855015+3.5
 Parameter: XMAX <- "35.5855015"
  
 CHARMM>            calc ymax = ?ymax + @dcut
 Parameter: DCUT -> "3.5"
 RDCMND substituted energy or value "?YMAX" to "-13.7458704"
Evaluating: -13.7458704+3.5
 Parameter: YMAX <- "-10.2458704"
  
 CHARMM>            calc zmax = ?zmax + @dcut
 Parameter: DCUT -> "3.5"
 RDCMND substituted energy or value "?ZMAX" to "15.8660826"
Evaluating: 15.8660826+3.5
 Parameter: ZMAX <- "19.3660826"
  
 CHARMM>            calc xmin = ?xmin - @dcut
 Parameter: DCUT -> "3.5"
 RDCMND substituted energy or value "?XMIN" to "32.0855015"
Evaluating: 32.0855015-3.5
 Parameter: XMIN <- "28.5855015"
  
 CHARMM>            calc ymin = ?ymin - @dcut
 Parameter: DCUT -> "3.5"
 RDCMND substituted energy or value "?YMIN" to "-13.7458704"
Evaluating: -13.7458704-3.5
 Parameter: YMIN <- "-17.2458704"
  
 CHARMM>            calc zmin = ?zmin - @dcut
 Parameter: DCUT -> "3.5"
 RDCMND substituted energy or value "?ZMIN" to "15.8660826"
Evaluating: 15.8660826-3.5
 Parameter: ZMIN <- "12.3660826"
  
 CHARMM>     
  
 CHARMM>            define JUNK sele .not. target .and. -
 CHARMM>                             prop X .lt. @xmax .and. prop X .gt. @xmin .and. -
 CHARMM>                             prop Y .lt. @ymax .and. prop Y .gt. @ymin .and. -
 CHARMM>                             prop Z .lt. @zmax .and. prop Z .gt. @zmin  end
 Parameter: XMAX -> "35.5855015"
 Parameter: XMIN -> "28.5855015"
 Parameter: YMAX -> "-10.2458704"
 Parameter: YMIN -> "-17.2458704"
 Parameter: ZMAX -> "19.3660826"
 Parameter: ZMIN -> "12.3660826"
 SELRPN>     25 atoms have been selected out of  17424
  
 CHARMM>     
  
 CHARMM>            ! check if the ions are too close to protein
  
 CHARMM>            define XXX sele PROT end
 SELRPN>    136 atoms have been selected out of  17424
  
 CHARMM>            if ?nsel .gt. 0 then
 RDCMND substituted energy or value "?NSEL" to "136"
 Comparing "136" and "0".
 IF test evaluated as true.  Performing command
  
 CHARMM>                coor dist cut 10.0 sele target end -
 CHARMM>                                   sele PROT .and. JUNK .and. .not. hydrogen end image
 SELRPN>      1 atoms have been selected out of  27773
 SELRPN>      0 atoms have been selected out of  27773

            DISTANCES FOR SELECTED ATOMS
            ONLY ONE SELECTION SET SPECIFIED, A COMPARISON WILL BE DONE
 TOTAL EXCLUSION COUNT =         0
 TOTAL 1-4 EXCLUSIONS  =         0
 TOTAL NON-EXCLUSIONS  =         0
  
 CHARMM>                if ?npair .gt. 0 goto doinit
 RDCMND substituted energy or value "?NPAIR" to "0"
 Comparing "0" and "0".
 IF test evaluated as false.  Skipping command
  
 CHARMM>            endif
  
 CHARMM>     
  
 CHARMM>            ! check if the ions are too close to solute
  
 CHARMM>            coor dist cut 4.0 sele target end sele JUNK .and. .not. hydrogen end image
 SELRPN>      1 atoms have been selected out of  27773
 SELRPN>     15 atoms have been selected out of  27773

            DISTANCES FOR SELECTED ATOMS
17387 POS      POT      13       POT     -5470 MEMB     POPC     41       O21           3.7030
17387 POS      POT      13       POT     -5471 MEMB     POPC     41       C21           2.7614
17387 POS      POT      13       POT     -5472 MEMB     POPC     41       O22           1.5845
17387 POS      POT      13       POT     -5473 MEMB     POPC     41       C22           3.8508
17387 POS      POT      13       POT     -7710 MEMB     POPC     58       C15           3.7434
17387 POS      POT      13       POT     -7720 MEMB     POPC     58       O12           3.8892
17387 POS      POT      13       POT     -7721 MEMB     POPC     58       O11           3.9342
17387 POS      POT      13       POT     -7725 MEMB     POPC     58       C2            3.6632
17387 POS      POT      13       POT     -7727 MEMB     POPC     58       O21           2.4350
17387 POS      POT      13       POT     -7728 MEMB     POPC     58       C21           2.2730
17387 POS      POT      13       POT     -7729 MEMB     POPC     58       O22           3.0373
17387 POS      POT      13       POT     -7730 MEMB     POPC     58       C22           2.2472
 TOTAL EXCLUSION COUNT =         0
 TOTAL 1-4 EXCLUSIONS  =         0
 TOTAL NON-EXCLUSIONS  =        12
  
 CHARMM>            if ?npair .gt. 0 goto doinit
 RDCMND substituted energy or value "?NPAIR" to "12"
 Comparing "12" and "0".
 IF test evaluated as true.  Performing command
  
 CHARMM>     
  
 CHARMM>            calc cntrand = @cntrand + 1
 Parameter: CNTRAND -> "1"
Evaluating: 1+1
 Parameter: CNTRAND <- "2"
  
 CHARMM>            if cntrand .gt. 100 stop ! ABNORMAL TERMINATION: ion placing may not work.. stop here
 Comparing "2" and "100".
 IF test evaluated as false.  Skipping command
  
 CHARMM>     
  
 CHARMM>            calc j = @i
 Parameter: I -> "13"
Evaluating: 13
 Parameter: J <- "13"
  
 CHARMM>            set ion = POS
 Parameter: ION <- "POS"
  
 CHARMM>     
  
 CHARMM>            if j .gt. @npos then
 Parameter: NPOS -> "36"
 Comparing "13" and "36".
 IF test evaluated as false.  Skip to ELSE or ENDIF
  
 CHARMM>     
  
 CHARMM>            define target select segid @ion .and. resid @j end
 Parameter: ION -> "POS"
 Parameter: J -> "13"
 SELRPN>      1 atoms have been selected out of  17424
  
 CHARMM>     
  
 CHARMM>            calc xpos = @A * ( ?random - 0.5 )
 Parameter: A -> "66.0740394"
 RDCMND substituted energy or value "?RANDOM" to "0.654010352"
Evaluating: 66.0740394*(0.654010352-0.5)
 Parameter: XPOS <- "10.1760861"
  
 CHARMM>            calc ypos = @B * ( ?random - 0.5 )
 Parameter: B -> "66.0740394"
 RDCMND substituted energy or value "?RANDOM" to "0.481701111"
Evaluating: 66.0740394*(0.481701111-0.5)
 Parameter: YPOS <- "-1.20908151"
  
 CHARMM>            calc zpos = @C * ( ?random - 0.5 ) + @zcen
 Parameter: C -> "85"
 Parameter: ZCEN -> "0"
 RDCMND substituted energy or value "?RANDOM" to "0.922426529"
Evaluating: 85*(0.922426529-0.5)+0
 Parameter: ZPOS <- "35.906255"
  
 CHARMM>     
  
 CHARMM>            if zpos .gt. -15 if zpos .lt. 15 goto doinit
 Comparing "35.906255" and "-15".
 IF test evaluated as true.  Performing command
 Comparing "35.906255" and "15".
 IF test evaluated as false.  Skipping command
  
 CHARMM>     
  
 CHARMM>            ! move target to selected position
  
 CHARMM>            coor stat select target end
 SELRPN>      1 atoms have been selected out of  17424
 STATISTICS FOR         1 SELECTED ATOMS:
    XMIN =   32.085501 XMAX =   32.085501 XAVE =   32.085501
    YMIN =  -13.745870 YMAX =  -13.745870 YAVE =  -13.745870
    ZMIN =   15.866083 ZMAX =   15.866083 ZAVE =   15.866083
    WMIN =    1.000000 WMAX =    1.000000 WAVE =    1.000000
  
 CHARMM>            calc xtran = @xpos - ?xave
 Parameter: XPOS -> "10.1760861"
 RDCMND substituted energy or value "?XAVE" to "32.0855015"
Evaluating: 10.1760861-32.0855015
 Parameter: XTRAN <- "-21.9094154"
  
 CHARMM>            calc ytran = @ypos - ?yave
 Parameter: YPOS -> "-1.20908151"
 RDCMND substituted energy or value "?YAVE" to "-13.7458704"
Evaluating: -1.20908151--13.7458704
 Parameter: YTRAN <- "12.5367889"
  
 CHARMM>            calc ztran = @zpos - ?zave
 Parameter: ZPOS -> "35.906255"
 RDCMND substituted energy or value "?ZAVE" to "15.8660826"
Evaluating: 35.906255-15.8660826
 Parameter: ZTRAN <- "20.0401724"
  
 CHARMM>            coor trans xdir @xtran ydir @ytran zdir @ztran select target end
 Parameter: XTRAN -> "-21.9094154"
 Parameter: YTRAN -> "12.5367889"
 Parameter: ZTRAN -> "20.0401724"
 SELRPN>      1 atoms have been selected out of  17424
 TRANSLATION VECTOR   -21.909415   12.536789   20.040172
 SELECTED COORDINATES TRANSLATED IN THE MAIN SET.

  
 CHARMM>     
  
 CHARMM>            ! apply a random rotation along XYZ
  
 CHARMM>            calc xphi = ?random * 360.0
 RDCMND substituted energy or value "?RANDOM" to "0.328779663"
Evaluating: 0.328779663*360.0
 Parameter: XPHI <- "118.360679"
  
 CHARMM>            calc yphi = ?random * 360.0
 RDCMND substituted energy or value "?RANDOM" to "0.807188275"
Evaluating: 0.807188275*360.0
 Parameter: YPHI <- "290.587779"
  
 CHARMM>            calc zphi = ?random * 360.0
 RDCMND substituted energy or value "?RANDOM" to "0.602439929"
Evaluating: 0.602439929*360.0
 Parameter: ZPHI <- "216.878374"
  
 CHARMM>            coor rotate xcen @xpos ycen @ypos zcen @zpos xdir 1.0 -
 CHARMM>                phi @xphi select target end
 Parameter: XPOS -> "10.1760861"
 Parameter: YPOS -> "-1.20908151"
 Parameter: ZPOS -> "35.906255"
 Parameter: XPHI -> "118.360679"
 SELRPN>      1 atoms have been selected out of  17424
 ROTATION MATRIX
    1.000000    0.000000    0.000000
    0.000000   -0.475020    0.879975
    0.000000   -0.879975   -0.475020

 AXIS OF ROTATION IS  1.000000  0.000000  0.000000  ANGLE IS  118.36

 SELECTED COORDINATES ROTATED IN THE MAIN SET.

  
 CHARMM>            coor rotate xcen @xpos ycen @ypos zcen @zpos ydir 1.0 -
 CHARMM>                phi @yphi select target end
 Parameter: XPOS -> "10.1760861"
 Parameter: YPOS -> "-1.20908151"
 Parameter: ZPOS -> "35.906255"
 Parameter: YPHI -> "290.587779"
 SELRPN>      1 atoms have been selected out of  17424
 ROTATION MATRIX
    0.351642    0.000000    0.936135
    0.000000    1.000000    0.000000
   -0.936135    0.000000    0.351642

 AXIS OF ROTATION IS  0.000000 -1.000000  0.000000  ANGLE IS   69.41

 SELECTED COORDINATES ROTATED IN THE MAIN SET.

  
 CHARMM>            coor rotate xcen @xpos ycen @ypos zcen @zpos zdir 1.0 -
 CHARMM>                phi @zphi select target end
 Parameter: XPOS -> "10.1760861"
 Parameter: YPOS -> "-1.20908151"
 Parameter: ZPOS -> "35.906255"
 Parameter: ZPHI -> "216.878374"
 SELRPN>      1 atoms have been selected out of  17424
 ROTATION MATRIX
   -0.799911   -0.600118    0.000000
    0.600118   -0.799911    0.000000
    0.000000    0.000000    1.000000

 AXIS OF ROTATION IS  0.000000  0.000000 -1.000000  ANGLE IS  143.12

 SELECTED COORDINATES ROTATED IN THE MAIN SET.

  
 CHARMM>     
  
 CHARMM>     
  
 CHARMM>            calc dcut = 3.5
Evaluating: 3.5
 Parameter: DCUT <- "3.5"
  
 CHARMM>     
  
 CHARMM>            coor stat sele target end
 SELRPN>      1 atoms have been selected out of  17424
 STATISTICS FOR         1 SELECTED ATOMS:
    XMIN =   10.176086 XMAX =   10.176086 XAVE =   10.176086
    YMIN =   -1.209082 YMAX =   -1.209082 YAVE =   -1.209082
    ZMIN =   35.906255 ZMAX =   35.906255 ZAVE =   35.906255
    WMIN =    1.000000 WMAX =    1.000000 WAVE =    1.000000
  
 CHARMM>            calc xmax = ?xmax + @dcut
 Parameter: DCUT -> "3.5"
 RDCMND substituted energy or value "?XMAX" to "10.1760861"
Evaluating: 10.1760861+3.5
 Parameter: XMAX <- "13.6760861"
  
 CHARMM>            calc ymax = ?ymax + @dcut
 Parameter: DCUT -> "3.5"
 RDCMND substituted energy or value "?YMAX" to "-1.20908151"
Evaluating: -1.20908151+3.5
 Parameter: YMAX <- "2.29091849"
  
 CHARMM>            calc zmax = ?zmax + @dcut
 Parameter: DCUT -> "3.5"
 RDCMND substituted energy or value "?ZMAX" to "35.906255"
Evaluating: 35.906255+3.5
 Parameter: ZMAX <- "39.406255"
  
 CHARMM>            calc xmin = ?xmin - @dcut
 Parameter: DCUT -> "3.5"
 RDCMND substituted energy or value "?XMIN" to "10.1760861"
Evaluating: 10.1760861-3.5
 Parameter: XMIN <- "6.6760861"
  
 CHARMM>            calc ymin = ?ymin - @dcut
 Parameter: DCUT -> "3.5"
 RDCMND substituted energy or value "?YMIN" to "-1.20908151"
Evaluating: -1.20908151-3.5
 Parameter: YMIN <- "-4.70908151"
  
 CHARMM>            calc zmin = ?zmin - @dcut
 Parameter: DCUT -> "3.5"
 RDCMND substituted energy or value "?ZMIN" to "35.906255"
Evaluating: 35.906255-3.5
 Parameter: ZMIN <- "32.406255"
  
 CHARMM>     
  
 CHARMM>            define JUNK sele .not. target .and. -
 CHARMM>                             prop X .lt. @xmax .and. prop X .gt. @xmin .and. -
 CHARMM>                             prop Y .lt. @ymax .and. prop Y .gt. @ymin .and. -
 CHARMM>                             prop Z .lt. @zmax .and. prop Z .gt. @zmin  end
 Parameter: XMAX -> "13.6760861"
 Parameter: XMIN -> "6.6760861"
 Parameter: YMAX -> "2.29091849"
 Parameter: YMIN -> "-4.70908151"
 Parameter: ZMAX -> "39.406255"
 Parameter: ZMIN -> "32.406255"
 SELRPN>      0 atoms have been selected out of  17424
  
 CHARMM>     
  
 CHARMM>            ! check if the ions are too close to protein
  
 CHARMM>            define XXX sele PROT end
 SELRPN>    136 atoms have been selected out of  17424
  
 CHARMM>            if ?nsel .gt. 0 then
 RDCMND substituted energy or value "?NSEL" to "136"
 Comparing "136" and "0".
 IF test evaluated as true.  Performing command
  
 CHARMM>                coor dist cut 10.0 sele target end -
 CHARMM>                                   sele PROT .and. JUNK .and. .not. hydrogen end image
 SELRPN>      1 atoms have been selected out of  27773
 SELRPN>      0 atoms have been selected out of  27773

            DISTANCES FOR SELECTED ATOMS
            ONLY ONE SELECTION SET SPECIFIED, A COMPARISON WILL BE DONE
 TOTAL EXCLUSION COUNT =         0
 TOTAL 1-4 EXCLUSIONS  =         0
 TOTAL NON-EXCLUSIONS  =         0
  
 CHARMM>                if ?npair .gt. 0 goto doinit
 RDCMND substituted energy or value "?NPAIR" to "0"
 Comparing "0" and "0".
 IF test evaluated as false.  Skipping command
  
 CHARMM>            endif
  
 CHARMM>     
  
 CHARMM>            ! check if the ions are too close to solute
  
 CHARMM>            coor dist cut 4.0 sele target end sele JUNK .and. .not. hydrogen end image
 SELRPN>      1 atoms have been selected out of  27773
 SELRPN>      0 atoms have been selected out of  27773

            DISTANCES FOR SELECTED ATOMS
            ONLY ONE SELECTION SET SPECIFIED, A COMPARISON WILL BE DONE
 TOTAL EXCLUSION COUNT =         0
 TOTAL 1-4 EXCLUSIONS  =         0
 TOTAL NON-EXCLUSIONS  =         0
  
 CHARMM>            if ?npair .gt. 0 goto doinit
 RDCMND substituted energy or value "?NPAIR" to "0"
 Comparing "0" and "0".
 IF test evaluated as false.  Skipping command
  
 CHARMM>     
  
 CHARMM>            calc cntrand = 0
Evaluating: 0
 Parameter: CNTRAND <- "0"
  
 CHARMM>            increase i by 1
 Parameter: I <- "14"
  
 CHARMM>            if i .le. @nion goto doinit
 Parameter: NION -> "50"
 Comparing "14" and "50".
 IF test evaluated as true.  Performing command
  
 CHARMM>     
  
 CHARMM>            calc cntrand = @cntrand + 1
 Parameter: CNTRAND -> "0"
Evaluating: 0+1
 Parameter: CNTRAND <- "1"
  
 CHARMM>            if cntrand .gt. 100 stop ! ABNORMAL TERMINATION: ion placing may not work.. stop here
 Comparing "1" and "100".
 IF test evaluated as false.  Skipping command
  
 CHARMM>     
  
 CHARMM>            calc j = @i
 Parameter: I -> "14"
Evaluating: 14
 Parameter: J <- "14"
  
 CHARMM>            set ion = POS
 Parameter: ION <- "POS"
  
 CHARMM>     
  
 CHARMM>            if j .gt. @npos then
 Parameter: NPOS -> "36"
 Comparing "14" and "36".
 IF test evaluated as false.  Skip to ELSE or ENDIF
  
 CHARMM>     
  
 CHARMM>            define target select segid @ion .and. resid @j end
 Parameter: ION -> "POS"
 Parameter: J -> "14"
 SELRPN>      1 atoms have been selected out of  17424
  
 CHARMM>     
  
 CHARMM>            calc xpos = @A * ( ?random - 0.5 )
 Parameter: A -> "66.0740394"
 RDCMND substituted energy or value "?RANDOM" to "0.305814177"
Evaluating: 66.0740394*(0.305814177-0.5)
 Parameter: XPOS <- "-12.8306417"
  
 CHARMM>            calc ypos = @B * ( ?random - 0.5 )
 Parameter: B -> "66.0740394"
 RDCMND substituted energy or value "?RANDOM" to "0.449010187"
Evaluating: 66.0740394*(0.449010187-0.5)
 Parameter: YPOS <- "-3.36910291"
  
 CHARMM>            calc zpos = @C * ( ?random - 0.5 ) + @zcen
 Parameter: C -> "85"
 Parameter: ZCEN -> "0"
 RDCMND substituted energy or value "?RANDOM" to "0.224163516"
Evaluating: 85*(0.224163516-0.5)+0
 Parameter: ZPOS <- "-23.4461011"
  
 CHARMM>     
  
 CHARMM>            if zpos .gt. -15 if zpos .lt. 15 goto doinit
 Comparing "-23.4461011" and "-15".
 IF test evaluated as false.  Skipping command
  
 CHARMM>     
  
 CHARMM>            ! move target to selected position
  
 CHARMM>            coor stat select target end
 SELRPN>      1 atoms have been selected out of  17424
 STATISTICS FOR         1 SELECTED ATOMS:
    XMIN =    0.000000 XMAX =    0.000000 XAVE =    0.000000
    YMIN =    0.000000 YMAX =    0.000000 YAVE =    0.000000
    ZMIN =    0.000000 ZMAX =    0.000000 ZAVE =    0.000000
    WMIN =    1.000000 WMAX =    1.000000 WAVE =    1.000000
  
 CHARMM>            calc xtran = @xpos - ?xave
 Parameter: XPOS -> "-12.8306417"
 RDCMND substituted energy or value "?XAVE" to "0"
Evaluating: -12.8306417-0
 Parameter: XTRAN <- "-12.8306417"
  
 CHARMM>            calc ytran = @ypos - ?yave
 Parameter: YPOS -> "-3.36910291"
 RDCMND substituted energy or value "?YAVE" to "0"
Evaluating: -3.36910291-0
 Parameter: YTRAN <- "-3.36910291"
  
 CHARMM>            calc ztran = @zpos - ?zave
 Parameter: ZPOS -> "-23.4461011"
 RDCMND substituted energy or value "?ZAVE" to "0"
Evaluating: -23.4461011-0
 Parameter: ZTRAN <- "-23.4461011"
  
 CHARMM>            coor trans xdir @xtran ydir @ytran zdir @ztran select target end
 Parameter: XTRAN -> "-12.8306417"
 Parameter: YTRAN -> "-3.36910291"
 Parameter: ZTRAN -> "-23.4461011"
 SELRPN>      1 atoms have been selected out of  17424
 TRANSLATION VECTOR   -12.830642   -3.369103  -23.446101
 SELECTED COORDINATES TRANSLATED IN THE MAIN SET.

  
 CHARMM>     
  
 CHARMM>            ! apply a random rotation along XYZ
  
 CHARMM>            calc xphi = ?random * 360.0
 RDCMND substituted energy or value "?RANDOM" to "0.176272565"
Evaluating: 0.176272565*360.0
 Parameter: XPHI <- "63.4581234"
  
 CHARMM>            calc yphi = ?random * 360.0
 RDCMND substituted energy or value "?RANDOM" to "0.424701419"
Evaluating: 0.424701419*360.0
 Parameter: YPHI <- "152.892511"
  
 CHARMM>            calc zphi = ?random * 360.0
 RDCMND substituted energy or value "?RANDOM" to "0.849733541"
Evaluating: 0.849733541*360.0
 Parameter: ZPHI <- "305.904075"
  
 CHARMM>            coor rotate xcen @xpos ycen @ypos zcen @zpos xdir 1.0 -
 CHARMM>                phi @xphi select target end
 Parameter: XPOS -> "-12.8306417"
 Parameter: YPOS -> "-3.36910291"
 Parameter: ZPOS -> "-23.4461011"
 Parameter: XPHI -> "63.4581234"
 SELRPN>      1 atoms have been selected out of  17424
 ROTATION MATRIX
    1.000000    0.000000    0.000000
    0.000000    0.446852    0.894608
    0.000000   -0.894608    0.446852

 AXIS OF ROTATION IS  1.000000  0.000000  0.000000  ANGLE IS   63.46

 SELECTED COORDINATES ROTATED IN THE MAIN SET.

  
 CHARMM>            coor rotate xcen @xpos ycen @ypos zcen @zpos ydir 1.0 -
 CHARMM>                phi @yphi select target end
 Parameter: XPOS -> "-12.8306417"
 Parameter: YPOS -> "-3.36910291"
 Parameter: ZPOS -> "-23.4461011"
 Parameter: YPHI -> "152.892511"
 SELRPN>      1 atoms have been selected out of  17424
 ROTATION MATRIX
   -0.890153    0.000000   -0.455661
    0.000000    1.000000    0.000000
    0.455661    0.000000   -0.890153

 AXIS OF ROTATION IS  0.000000  1.000000  0.000000  ANGLE IS  152.89

 SELECTED COORDINATES ROTATED IN THE MAIN SET.

  
 CHARMM>            coor rotate xcen @xpos ycen @ypos zcen @zpos zdir 1.0 -
 CHARMM>                phi @zphi select target end
 Parameter: XPOS -> "-12.8306417"
 Parameter: YPOS -> "-3.36910291"
 Parameter: ZPOS -> "-23.4461011"
 Parameter: ZPHI -> "305.904075"
 SELRPN>      1 atoms have been selected out of  17424
 ROTATION MATRIX
    0.586430   -0.810000    0.000000
    0.810000    0.586430    0.000000
    0.000000    0.000000    1.000000

 AXIS OF ROTATION IS  0.000000  0.000000 -1.000000  ANGLE IS   54.10

 SELECTED COORDINATES ROTATED IN THE MAIN SET.

  
 CHARMM>     
  
 CHARMM>     
  
 CHARMM>            calc dcut = 3.5
Evaluating: 3.5
 Parameter: DCUT <- "3.5"
  
 CHARMM>     
  
 CHARMM>            coor stat sele target end
 SELRPN>      1 atoms have been selected out of  17424
 STATISTICS FOR         1 SELECTED ATOMS:
    XMIN =  -12.830642 XMAX =  -12.830642 XAVE =  -12.830642
    YMIN =   -3.369103 YMAX =   -3.369103 YAVE =   -3.369103
    ZMIN =  -23.446101 ZMAX =  -23.446101 ZAVE =  -23.446101
    WMIN =    1.000000 WMAX =    1.000000 WAVE =    1.000000
  
 CHARMM>            calc xmax = ?xmax + @dcut
 Parameter: DCUT -> "3.5"
 RDCMND substituted energy or value "?XMAX" to "-12.8306417"
Evaluating: -12.8306417+3.5
 Parameter: XMAX <- "-9.3306417"
  
 CHARMM>            calc ymax = ?ymax + @dcut
 Parameter: DCUT -> "3.5"
 RDCMND substituted energy or value "?YMAX" to "-3.36910291"
Evaluating: -3.36910291+3.5
 Parameter: YMAX <- "0.13089709"
  
 CHARMM>            calc zmax = ?zmax + @dcut
 Parameter: DCUT -> "3.5"
 RDCMND substituted energy or value "?ZMAX" to "-23.4461011"
Evaluating: -23.4461011+3.5
 Parameter: ZMAX <- "-19.9461011"
  
 CHARMM>            calc xmin = ?xmin - @dcut
 Parameter: DCUT -> "3.5"
 RDCMND substituted energy or value "?XMIN" to "-12.8306417"
Evaluating: -12.8306417-3.5
 Parameter: XMIN <- "-16.3306417"
  
 CHARMM>            calc ymin = ?ymin - @dcut
 Parameter: DCUT -> "3.5"
 RDCMND substituted energy or value "?YMIN" to "-3.36910291"
Evaluating: -3.36910291-3.5
 Parameter: YMIN <- "-6.86910291"
  
 CHARMM>            calc zmin = ?zmin - @dcut
 Parameter: DCUT -> "3.5"
 RDCMND substituted energy or value "?ZMIN" to "-23.4461011"
Evaluating: -23.4461011-3.5
 Parameter: ZMIN <- "-26.9461011"
  
 CHARMM>     
  
 CHARMM>            define JUNK sele .not. target .and. -
 CHARMM>                             prop X .lt. @xmax .and. prop X .gt. @xmin .and. -
 CHARMM>                             prop Y .lt. @ymax .and. prop Y .gt. @ymin .and. -
 CHARMM>                             prop Z .lt. @zmax .and. prop Z .gt. @zmin  end
 Parameter: XMAX -> "-9.3306417"
 Parameter: XMIN -> "-16.3306417"
 Parameter: YMAX -> "0.13089709"
 Parameter: YMIN -> "-6.86910291"
 Parameter: ZMAX -> "-19.9461011"
 Parameter: ZMIN -> "-26.9461011"
 SELRPN>      5 atoms have been selected out of  17424
  
 CHARMM>     
  
 CHARMM>            ! check if the ions are too close to protein
  
 CHARMM>            define XXX sele PROT end
 SELRPN>    136 atoms have been selected out of  17424
  
 CHARMM>            if ?nsel .gt. 0 then
 RDCMND substituted energy or value "?NSEL" to "136"
 Comparing "136" and "0".
 IF test evaluated as true.  Performing command
  
 CHARMM>                coor dist cut 10.0 sele target end -
 CHARMM>                                   sele PROT .and. JUNK .and. .not. hydrogen end image
 SELRPN>      1 atoms have been selected out of  27773
 SELRPN>      0 atoms have been selected out of  27773

            DISTANCES FOR SELECTED ATOMS
            ONLY ONE SELECTION SET SPECIFIED, A COMPARISON WILL BE DONE
 TOTAL EXCLUSION COUNT =         0
 TOTAL 1-4 EXCLUSIONS  =         0
 TOTAL NON-EXCLUSIONS  =         0
  
 CHARMM>                if ?npair .gt. 0 goto doinit
 RDCMND substituted energy or value "?NPAIR" to "0"
 Comparing "0" and "0".
 IF test evaluated as false.  Skipping command
  
 CHARMM>            endif
  
 CHARMM>     
  
 CHARMM>            ! check if the ions are too close to solute
  
 CHARMM>            coor dist cut 4.0 sele target end sele JUNK .and. .not. hydrogen end image
 SELRPN>      1 atoms have been selected out of  27773
 SELRPN>      2 atoms have been selected out of  27773

            DISTANCES FOR SELECTED ATOMS
17388 POS      POT      14       POT     -9688 MEMB     POPC     73       C14           3.5010
 TOTAL EXCLUSION COUNT =         0
 TOTAL 1-4 EXCLUSIONS  =         0
 TOTAL NON-EXCLUSIONS  =         1
  
 CHARMM>            if ?npair .gt. 0 goto doinit
 RDCMND substituted energy or value "?NPAIR" to "1"
 Comparing "1" and "0".
 IF test evaluated as true.  Performing command
  
 CHARMM>     
  
 CHARMM>            calc cntrand = @cntrand + 1
 Parameter: CNTRAND -> "1"
Evaluating: 1+1
 Parameter: CNTRAND <- "2"
  
 CHARMM>            if cntrand .gt. 100 stop ! ABNORMAL TERMINATION: ion placing may not work.. stop here
 Comparing "2" and "100".
 IF test evaluated as false.  Skipping command
  
 CHARMM>     
  
 CHARMM>            calc j = @i
 Parameter: I -> "14"
Evaluating: 14
 Parameter: J <- "14"
  
 CHARMM>            set ion = POS
 Parameter: ION <- "POS"
  
 CHARMM>     
  
 CHARMM>            if j .gt. @npos then
 Parameter: NPOS -> "36"
 Comparing "14" and "36".
 IF test evaluated as false.  Skip to ELSE or ENDIF
  
 CHARMM>     
  
 CHARMM>            define target select segid @ion .and. resid @j end
 Parameter: ION -> "POS"
 Parameter: J -> "14"
 SELRPN>      1 atoms have been selected out of  17424
  
 CHARMM>     
  
 CHARMM>            calc xpos = @A * ( ?random - 0.5 )
 Parameter: A -> "66.0740394"
 RDCMND substituted energy or value "?RANDOM" to "0.211431884"
Evaluating: 66.0740394*(0.211431884-0.5)
 Parameter: XPOS <- "-19.0668611"
  
 CHARMM>            calc ypos = @B * ( ?random - 0.5 )
 Parameter: B -> "66.0740394"
 RDCMND substituted energy or value "?RANDOM" to "0.814082523"
Evaluating: 66.0740394*(0.814082523-0.5)
 Parameter: YPOS <- "20.752701"
  
 CHARMM>            calc zpos = @C * ( ?random - 0.5 ) + @zcen
 Parameter: C -> "85"
 Parameter: ZCEN -> "0"
 RDCMND substituted energy or value "?RANDOM" to "0.877656929"
Evaluating: 85*(0.877656929-0.5)+0
 Parameter: ZPOS <- "32.100839"
  
 CHARMM>     
  
 CHARMM>            if zpos .gt. -15 if zpos .lt. 15 goto doinit
 Comparing "32.100839" and "-15".
 IF test evaluated as true.  Performing command
 Comparing "32.100839" and "15".
 IF test evaluated as false.  Skipping command
  
 CHARMM>     
  
 CHARMM>            ! move target to selected position
  
 CHARMM>            coor stat select target end
 SELRPN>      1 atoms have been selected out of  17424
 STATISTICS FOR         1 SELECTED ATOMS:
    XMIN =  -12.830642 XMAX =  -12.830642 XAVE =  -12.830642
    YMIN =   -3.369103 YMAX =   -3.369103 YAVE =   -3.369103
    ZMIN =  -23.446101 ZMAX =  -23.446101 ZAVE =  -23.446101
    WMIN =    1.000000 WMAX =    1.000000 WAVE =    1.000000
  
 CHARMM>            calc xtran = @xpos - ?xave
 Parameter: XPOS -> "-19.0668611"
 RDCMND substituted energy or value "?XAVE" to "-12.8306417"
Evaluating: -19.0668611--12.8306417
 Parameter: XTRAN <- "-6.2362194"
  
 CHARMM>            calc ytran = @ypos - ?yave
 Parameter: YPOS -> "20.752701"
 RDCMND substituted energy or value "?YAVE" to "-3.36910291"
Evaluating: 20.752701--3.36910291
 Parameter: YTRAN <- "24.1218039"
  
 CHARMM>            calc ztran = @zpos - ?zave
 Parameter: ZPOS -> "32.100839"
 RDCMND substituted energy or value "?ZAVE" to "-23.4461011"
Evaluating: 32.100839--23.4461011
 Parameter: ZTRAN <- "55.5469401"
  
 CHARMM>            coor trans xdir @xtran ydir @ytran zdir @ztran select target end
 Parameter: XTRAN -> "-6.2362194"
 Parameter: YTRAN -> "24.1218039"
 Parameter: ZTRAN -> "55.5469401"
 SELRPN>      1 atoms have been selected out of  17424
 TRANSLATION VECTOR    -6.236219   24.121804   55.546940
 SELECTED COORDINATES TRANSLATED IN THE MAIN SET.

  
 CHARMM>     
  
 CHARMM>            ! apply a random rotation along XYZ
  
 CHARMM>            calc xphi = ?random * 360.0
 RDCMND substituted energy or value "?RANDOM" to "0.380021587"
Evaluating: 0.380021587*360.0
 Parameter: XPHI <- "136.807771"
  
 CHARMM>            calc yphi = ?random * 360.0
 RDCMND substituted energy or value "?RANDOM" to "0.102085664"
Evaluating: 0.102085664*360.0
 Parameter: YPHI <- "36.750839"
  
 CHARMM>            calc zphi = ?random * 360.0
 RDCMND substituted energy or value "?RANDOM" to "6.933854221E-02"
Evaluating: 6.933854221E-02*360.0
 Parameter: ZPHI <- "24.9618752"
  
 CHARMM>            coor rotate xcen @xpos ycen @ypos zcen @zpos xdir 1.0 -
 CHARMM>                phi @xphi select target end
 Parameter: XPOS -> "-19.0668611"
 Parameter: YPOS -> "20.752701"
 Parameter: ZPOS -> "32.100839"
 Parameter: XPHI -> "136.807771"
 SELRPN>      1 atoms have been selected out of  17424
 ROTATION MATRIX
    1.000000    0.000000    0.000000
    0.000000   -0.729061    0.684448
    0.000000   -0.684448   -0.729061

 AXIS OF ROTATION IS  1.000000  0.000000  0.000000  ANGLE IS  136.81

 SELECTED COORDINATES ROTATED IN THE MAIN SET.

  
 CHARMM>            coor rotate xcen @xpos ycen @ypos zcen @zpos ydir 1.0 -
 CHARMM>                phi @yphi select target end
 Parameter: XPOS -> "-19.0668611"
 Parameter: YPOS -> "20.752701"
 Parameter: ZPOS -> "32.100839"
 Parameter: YPHI -> "36.750839"
 SELRPN>      1 atoms have been selected out of  17424
 ROTATION MATRIX
    0.801245    0.000000   -0.598336
    0.000000    1.000000    0.000000
    0.598336    0.000000    0.801245

 AXIS OF ROTATION IS  0.000000  1.000000  0.000000  ANGLE IS   36.75

 SELECTED COORDINATES ROTATED IN THE MAIN SET.

  
 CHARMM>            coor rotate xcen @xpos ycen @ypos zcen @zpos zdir 1.0 -
 CHARMM>                phi @zphi select target end
 Parameter: XPOS -> "-19.0668611"
 Parameter: YPOS -> "20.752701"
 Parameter: ZPOS -> "32.100839"
 Parameter: ZPHI -> "24.9618752"
 SELRPN>      1 atoms have been selected out of  17424
 ROTATION MATRIX
    0.906589    0.422015    0.000000
   -0.422015    0.906589    0.000000
    0.000000    0.000000    1.000000

 AXIS OF ROTATION IS  0.000000  0.000000  1.000000  ANGLE IS   24.96

 SELECTED COORDINATES ROTATED IN THE MAIN SET.

  
 CHARMM>     
  
 CHARMM>     
  
 CHARMM>            calc dcut = 3.5
Evaluating: 3.5
 Parameter: DCUT <- "3.5"
  
 CHARMM>     
  
 CHARMM>            coor stat sele target end
 SELRPN>      1 atoms have been selected out of  17424
 STATISTICS FOR         1 SELECTED ATOMS:
    XMIN =  -19.066861 XMAX =  -19.066861 XAVE =  -19.066861
    YMIN =   20.752701 YMAX =   20.752701 YAVE =   20.752701
    ZMIN =   32.100839 ZMAX =   32.100839 ZAVE =   32.100839
    WMIN =    1.000000 WMAX =    1.000000 WAVE =    1.000000
  
 CHARMM>            calc xmax = ?xmax + @dcut
 Parameter: DCUT -> "3.5"
 RDCMND substituted energy or value "?XMAX" to "-19.0668611"
Evaluating: -19.0668611+3.5
 Parameter: XMAX <- "-15.5668611"
  
 CHARMM>            calc ymax = ?ymax + @dcut
 Parameter: DCUT -> "3.5"
 RDCMND substituted energy or value "?YMAX" to "20.752701"
Evaluating: 20.752701+3.5
 Parameter: YMAX <- "24.252701"
  
 CHARMM>            calc zmax = ?zmax + @dcut
 Parameter: DCUT -> "3.5"
 RDCMND substituted energy or value "?ZMAX" to "32.100839"
Evaluating: 32.100839+3.5
 Parameter: ZMAX <- "35.600839"
  
 CHARMM>            calc xmin = ?xmin - @dcut
 Parameter: DCUT -> "3.5"
 RDCMND substituted energy or value "?XMIN" to "-19.0668611"
Evaluating: -19.0668611-3.5
 Parameter: XMIN <- "-22.5668611"
  
 CHARMM>            calc ymin = ?ymin - @dcut
 Parameter: DCUT -> "3.5"
 RDCMND substituted energy or value "?YMIN" to "20.752701"
Evaluating: 20.752701-3.5
 Parameter: YMIN <- "17.252701"
  
 CHARMM>            calc zmin = ?zmin - @dcut
 Parameter: DCUT -> "3.5"
 RDCMND substituted energy or value "?ZMIN" to "32.100839"
Evaluating: 32.100839-3.5
 Parameter: ZMIN <- "28.600839"
  
 CHARMM>     
  
 CHARMM>            define JUNK sele .not. target .and. -
 CHARMM>                             prop X .lt. @xmax .and. prop X .gt. @xmin .and. -
 CHARMM>                             prop Y .lt. @ymax .and. prop Y .gt. @ymin .and. -
 CHARMM>                             prop Z .lt. @zmax .and. prop Z .gt. @zmin  end
 Parameter: XMAX -> "-15.5668611"
 Parameter: XMIN -> "-22.5668611"
 Parameter: YMAX -> "24.252701"
 Parameter: YMIN -> "17.252701"
 Parameter: ZMAX -> "35.600839"
 Parameter: ZMIN -> "28.600839"
 SELRPN>      0 atoms have been selected out of  17424
  
 CHARMM>     
  
 CHARMM>            ! check if the ions are too close to protein
  
 CHARMM>            define XXX sele PROT end
 SELRPN>    136 atoms have been selected out of  17424
  
 CHARMM>            if ?nsel .gt. 0 then
 RDCMND substituted energy or value "?NSEL" to "136"
 Comparing "136" and "0".
 IF test evaluated as true.  Performing command
  
 CHARMM>                coor dist cut 10.0 sele target end -
 CHARMM>                                   sele PROT .and. JUNK .and. .not. hydrogen end image
 SELRPN>      1 atoms have been selected out of  27773
 SELRPN>      0 atoms have been selected out of  27773

            DISTANCES FOR SELECTED ATOMS
            ONLY ONE SELECTION SET SPECIFIED, A COMPARISON WILL BE DONE
 TOTAL EXCLUSION COUNT =         0
 TOTAL 1-4 EXCLUSIONS  =         0
 TOTAL NON-EXCLUSIONS  =         0
  
 CHARMM>                if ?npair .gt. 0 goto doinit
 RDCMND substituted energy or value "?NPAIR" to "0"
 Comparing "0" and "0".
 IF test evaluated as false.  Skipping command
  
 CHARMM>            endif
  
 CHARMM>     
  
 CHARMM>            ! check if the ions are too close to solute
  
 CHARMM>            coor dist cut 4.0 sele target end sele JUNK .and. .not. hydrogen end image
 SELRPN>      1 atoms have been selected out of  27773
 SELRPN>      0 atoms have been selected out of  27773

            DISTANCES FOR SELECTED ATOMS
            ONLY ONE SELECTION SET SPECIFIED, A COMPARISON WILL BE DONE
 TOTAL EXCLUSION COUNT =         0
 TOTAL 1-4 EXCLUSIONS  =         0
 TOTAL NON-EXCLUSIONS  =         0
  
 CHARMM>            if ?npair .gt. 0 goto doinit
 RDCMND substituted energy or value "?NPAIR" to "0"
 Comparing "0" and "0".
 IF test evaluated as false.  Skipping command
  
 CHARMM>     
  
 CHARMM>            calc cntrand = 0
Evaluating: 0
 Parameter: CNTRAND <- "0"
  
 CHARMM>            increase i by 1
 Parameter: I <- "15"
  
 CHARMM>            if i .le. @nion goto doinit
 Parameter: NION -> "50"
 Comparing "15" and "50".
 IF test evaluated as true.  Performing command
  
 CHARMM>     
  
 CHARMM>            calc cntrand = @cntrand + 1
 Parameter: CNTRAND -> "0"
Evaluating: 0+1
 Parameter: CNTRAND <- "1"
  
 CHARMM>            if cntrand .gt. 100 stop ! ABNORMAL TERMINATION: ion placing may not work.. stop here
 Comparing "1" and "100".
 IF test evaluated as false.  Skipping command
  
 CHARMM>     
  
 CHARMM>            calc j = @i
 Parameter: I -> "15"
Evaluating: 15
 Parameter: J <- "15"
  
 CHARMM>            set ion = POS
 Parameter: ION <- "POS"
  
 CHARMM>     
  
 CHARMM>            if j .gt. @npos then
 Parameter: NPOS -> "36"
 Comparing "15" and "36".
 IF test evaluated as false.  Skip to ELSE or ENDIF
  
 CHARMM>     
  
 CHARMM>            define target select segid @ion .and. resid @j end
 Parameter: ION -> "POS"
 Parameter: J -> "15"
 SELRPN>      1 atoms have been selected out of  17424
  
 CHARMM>     
  
 CHARMM>            calc xpos = @A * ( ?random - 0.5 )
 Parameter: A -> "66.0740394"
 RDCMND substituted energy or value "?RANDOM" to "0.809347965"
Evaluating: 66.0740394*(0.809347965-0.5)
 Parameter: XPOS <- "20.4398696"
  
 CHARMM>            calc ypos = @B * ( ?random - 0.5 )
 Parameter: B -> "66.0740394"
 RDCMND substituted energy or value "?RANDOM" to "0.320729599"
Evaluating: 66.0740394*(0.320729599-0.5)
 Parameter: YPOS <- "-11.8451195"
  
 CHARMM>            calc zpos = @C * ( ?random - 0.5 ) + @zcen
 Parameter: C -> "85"
 Parameter: ZCEN -> "0"
 RDCMND substituted energy or value "?RANDOM" to "0.383390755"
Evaluating: 85*(0.383390755-0.5)+0
 Parameter: ZPOS <- "-9.91178583"
  
 CHARMM>     
  
 CHARMM>            if zpos .gt. -15 if zpos .lt. 15 goto doinit
 Comparing "-9.91178583" and "-15".
 IF test evaluated as true.  Performing command
 Comparing "-9.91178583" and "15".
 IF test evaluated as true.  Performing command
  
 CHARMM>     
  
 CHARMM>            calc cntrand = @cntrand + 1
 Parameter: CNTRAND -> "1"
Evaluating: 1+1
 Parameter: CNTRAND <- "2"
  
 CHARMM>            if cntrand .gt. 100 stop ! ABNORMAL TERMINATION: ion placing may not work.. stop here
 Comparing "2" and "100".
 IF test evaluated as false.  Skipping command
  
 CHARMM>     
  
 CHARMM>            calc j = @i
 Parameter: I -> "15"
Evaluating: 15
 Parameter: J <- "15"
  
 CHARMM>            set ion = POS
 Parameter: ION <- "POS"
  
 CHARMM>     
  
 CHARMM>            if j .gt. @npos then
 Parameter: NPOS -> "36"
 Comparing "15" and "36".
 IF test evaluated as false.  Skip to ELSE or ENDIF
  
 CHARMM>     
  
 CHARMM>            define target select segid @ion .and. resid @j end
 Parameter: ION -> "POS"
 Parameter: J -> "15"
 SELRPN>      1 atoms have been selected out of  17424
  
 CHARMM>     
  
 CHARMM>            calc xpos = @A * ( ?random - 0.5 )
 Parameter: A -> "66.0740394"
 RDCMND substituted energy or value "?RANDOM" to "9.26414158E-02"
Evaluating: 66.0740394*(9.26414158E-02-0.5)
 Parameter: XPOS <- "-26.9158271"
  
 CHARMM>            calc ypos = @B * ( ?random - 0.5 )
 Parameter: B -> "66.0740394"
 RDCMND substituted energy or value "?RANDOM" to "0.389860566"
Evaluating: 66.0740394*(0.389860566-0.5)
 Parameter: YPOS <- "-7.2773573"
  
 CHARMM>            calc zpos = @C * ( ?random - 0.5 ) + @zcen
 Parameter: C -> "85"
 Parameter: ZCEN -> "0"
 RDCMND substituted energy or value "?RANDOM" to "0.179863225"
Evaluating: 85*(0.179863225-0.5)+0
 Parameter: ZPOS <- "-27.2116259"
  
 CHARMM>     
  
 CHARMM>            if zpos .gt. -15 if zpos .lt. 15 goto doinit
 Comparing "-27.2116259" and "-15".
 IF test evaluated as false.  Skipping command
  
 CHARMM>     
  
 CHARMM>            ! move target to selected position
  
 CHARMM>            coor stat select target end
 SELRPN>      1 atoms have been selected out of  17424
 STATISTICS FOR         1 SELECTED ATOMS:
    XMIN =    0.000000 XMAX =    0.000000 XAVE =    0.000000
    YMIN =    0.000000 YMAX =    0.000000 YAVE =    0.000000
    ZMIN =    0.000000 ZMAX =    0.000000 ZAVE =    0.000000
    WMIN =    1.000000 WMAX =    1.000000 WAVE =    1.000000
  
 CHARMM>            calc xtran = @xpos - ?xave
 Parameter: XPOS -> "-26.9158271"
 RDCMND substituted energy or value "?XAVE" to "0"
Evaluating: -26.9158271-0
 Parameter: XTRAN <- "-26.9158271"
  
 CHARMM>            calc ytran = @ypos - ?yave
 Parameter: YPOS -> "-7.2773573"
 RDCMND substituted energy or value "?YAVE" to "0"
Evaluating: -7.2773573-0
 Parameter: YTRAN <- "-7.2773573"
  
 CHARMM>            calc ztran = @zpos - ?zave
 Parameter: ZPOS -> "-27.2116259"
 RDCMND substituted energy or value "?ZAVE" to "0"
Evaluating: -27.2116259-0
 Parameter: ZTRAN <- "-27.2116259"
  
 CHARMM>            coor trans xdir @xtran ydir @ytran zdir @ztran select target end
 Parameter: XTRAN -> "-26.9158271"
 Parameter: YTRAN -> "-7.2773573"
 Parameter: ZTRAN -> "-27.2116259"
 SELRPN>      1 atoms have been selected out of  17424
 TRANSLATION VECTOR   -26.915827   -7.277357  -27.211626
 SELECTED COORDINATES TRANSLATED IN THE MAIN SET.

  
 CHARMM>     
  
 CHARMM>            ! apply a random rotation along XYZ
  
 CHARMM>            calc xphi = ?random * 360.0
 RDCMND substituted energy or value "?RANDOM" to "0.8927312"
Evaluating: 0.8927312*360.0
 Parameter: XPHI <- "321.383232"
  
 CHARMM>            calc yphi = ?random * 360.0
 RDCMND substituted energy or value "?RANDOM" to "0.769786038"
Evaluating: 0.769786038*360.0
 Parameter: YPHI <- "277.122974"
  
 CHARMM>            calc zphi = ?random * 360.0
 RDCMND substituted energy or value "?RANDOM" to "0.72321193"
Evaluating: 0.72321193*360.0
 Parameter: ZPHI <- "260.356295"
  
 CHARMM>            coor rotate xcen @xpos ycen @ypos zcen @zpos xdir 1.0 -
 CHARMM>                phi @xphi select target end
 Parameter: XPOS -> "-26.9158271"
 Parameter: YPOS -> "-7.2773573"
 Parameter: ZPOS -> "-27.2116259"
 Parameter: XPHI -> "321.383232"
 SELRPN>      1 atoms have been selected out of  17424
 ROTATION MATRIX
    1.000000    0.000000    0.000000
    0.000000    0.781338   -0.624108
    0.000000    0.624108    0.781338

 AXIS OF ROTATION IS -1.000000  0.000000  0.000000  ANGLE IS   38.62

 SELECTED COORDINATES ROTATED IN THE MAIN SET.

  
 CHARMM>            coor rotate xcen @xpos ycen @ypos zcen @zpos ydir 1.0 -
 CHARMM>                phi @yphi select target end
 Parameter: XPOS -> "-26.9158271"
 Parameter: YPOS -> "-7.2773573"
 Parameter: ZPOS -> "-27.2116259"
 Parameter: YPHI -> "277.122974"
 SELRPN>      1 atoms have been selected out of  17424
 ROTATION MATRIX
    0.123999    0.000000    0.992282
    0.000000    1.000000    0.000000
   -0.992282    0.000000    0.123999

 AXIS OF ROTATION IS  0.000000 -1.000000  0.000000  ANGLE IS   82.88

 SELECTED COORDINATES ROTATED IN THE MAIN SET.

  
 CHARMM>            coor rotate xcen @xpos ycen @ypos zcen @zpos zdir 1.0 -
 CHARMM>                phi @zphi select target end
 Parameter: XPOS -> "-26.9158271"
 Parameter: YPOS -> "-7.2773573"
 Parameter: ZPOS -> "-27.2116259"
 Parameter: ZPHI -> "260.356295"
 SELRPN>      1 atoms have been selected out of  17424
 ROTATION MATRIX
   -0.167521   -0.985869    0.000000
    0.985869   -0.167521    0.000000
    0.000000    0.000000    1.000000

 AXIS OF ROTATION IS  0.000000  0.000000 -1.000000  ANGLE IS   99.64

 SELECTED COORDINATES ROTATED IN THE MAIN SET.

  
 CHARMM>     
  
 CHARMM>     
  
 CHARMM>            calc dcut = 3.5
Evaluating: 3.5
 Parameter: DCUT <- "3.5"
  
 CHARMM>     
  
 CHARMM>            coor stat sele target end
 SELRPN>      1 atoms have been selected out of  17424
 STATISTICS FOR         1 SELECTED ATOMS:
    XMIN =  -26.915827 XMAX =  -26.915827 XAVE =  -26.915827
    YMIN =   -7.277357 YMAX =   -7.277357 YAVE =   -7.277357
    ZMIN =  -27.211626 ZMAX =  -27.211626 ZAVE =  -27.211626
    WMIN =    1.000000 WMAX =    1.000000 WAVE =    1.000000
  
 CHARMM>            calc xmax = ?xmax + @dcut
 Parameter: DCUT -> "3.5"
 RDCMND substituted energy or value "?XMAX" to "-26.9158271"
Evaluating: -26.9158271+3.5
 Parameter: XMAX <- "-23.4158271"
  
 CHARMM>            calc ymax = ?ymax + @dcut
 Parameter: DCUT -> "3.5"
 RDCMND substituted energy or value "?YMAX" to "-7.2773573"
Evaluating: -7.2773573+3.5
 Parameter: YMAX <- "-3.7773573"
  
 CHARMM>            calc zmax = ?zmax + @dcut
 Parameter: DCUT -> "3.5"
 RDCMND substituted energy or value "?ZMAX" to "-27.2116259"
Evaluating: -27.2116259+3.5
 Parameter: ZMAX <- "-23.7116259"
  
 CHARMM>            calc xmin = ?xmin - @dcut
 Parameter: DCUT -> "3.5"
 RDCMND substituted energy or value "?XMIN" to "-26.9158271"
Evaluating: -26.9158271-3.5
 Parameter: XMIN <- "-30.4158271"
  
 CHARMM>            calc ymin = ?ymin - @dcut
 Parameter: DCUT -> "3.5"
 RDCMND substituted energy or value "?YMIN" to "-7.2773573"
Evaluating: -7.2773573-3.5
 Parameter: YMIN <- "-10.7773573"
  
 CHARMM>            calc zmin = ?zmin - @dcut
 Parameter: DCUT -> "3.5"
 RDCMND substituted energy or value "?ZMIN" to "-27.2116259"
Evaluating: -27.2116259-3.5
 Parameter: ZMIN <- "-30.7116259"
  
 CHARMM>     
  
 CHARMM>            define JUNK sele .not. target .and. -
 CHARMM>                             prop X .lt. @xmax .and. prop X .gt. @xmin .and. -
 CHARMM>                             prop Y .lt. @ymax .and. prop Y .gt. @ymin .and. -
 CHARMM>                             prop Z .lt. @zmax .and. prop Z .gt. @zmin  end
 Parameter: XMAX -> "-23.4158271"
 Parameter: XMIN -> "-30.4158271"
 Parameter: YMAX -> "-3.7773573"
 Parameter: YMIN -> "-10.7773573"
 Parameter: ZMAX -> "-23.7116259"
 Parameter: ZMIN -> "-30.7116259"
 SELRPN>      0 atoms have been selected out of  17424
  
 CHARMM>     
  
 CHARMM>            ! check if the ions are too close to protein
  
 CHARMM>            define XXX sele PROT end
 SELRPN>    136 atoms have been selected out of  17424
  
 CHARMM>            if ?nsel .gt. 0 then
 RDCMND substituted energy or value "?NSEL" to "136"
 Comparing "136" and "0".
 IF test evaluated as true.  Performing command
  
 CHARMM>                coor dist cut 10.0 sele target end -
 CHARMM>                                   sele PROT .and. JUNK .and. .not. hydrogen end image
 SELRPN>      1 atoms have been selected out of  27773
 SELRPN>      0 atoms have been selected out of  27773

            DISTANCES FOR SELECTED ATOMS
            ONLY ONE SELECTION SET SPECIFIED, A COMPARISON WILL BE DONE
 TOTAL EXCLUSION COUNT =         0
 TOTAL 1-4 EXCLUSIONS  =         0
 TOTAL NON-EXCLUSIONS  =         0
  
 CHARMM>                if ?npair .gt. 0 goto doinit
 RDCMND substituted energy or value "?NPAIR" to "0"
 Comparing "0" and "0".
 IF test evaluated as false.  Skipping command
  
 CHARMM>            endif
  
 CHARMM>     
  
 CHARMM>            ! check if the ions are too close to solute
  
 CHARMM>            coor dist cut 4.0 sele target end sele JUNK .and. .not. hydrogen end image
 SELRPN>      1 atoms have been selected out of  27773
 SELRPN>      0 atoms have been selected out of  27773

            DISTANCES FOR SELECTED ATOMS
            ONLY ONE SELECTION SET SPECIFIED, A COMPARISON WILL BE DONE
 TOTAL EXCLUSION COUNT =         0
 TOTAL 1-4 EXCLUSIONS  =         0
 TOTAL NON-EXCLUSIONS  =         0
  
 CHARMM>            if ?npair .gt. 0 goto doinit
 RDCMND substituted energy or value "?NPAIR" to "0"
 Comparing "0" and "0".
 IF test evaluated as false.  Skipping command
  
 CHARMM>     
  
 CHARMM>            calc cntrand = 0
Evaluating: 0
 Parameter: CNTRAND <- "0"
  
 CHARMM>            increase i by 1
 Parameter: I <- "16"
  
 CHARMM>            if i .le. @nion goto doinit
 Parameter: NION -> "50"
 Comparing "16" and "50".
 IF test evaluated as true.  Performing command
  
 CHARMM>     
  
 CHARMM>            calc cntrand = @cntrand + 1
 Parameter: CNTRAND -> "0"
Evaluating: 0+1
 Parameter: CNTRAND <- "1"
  
 CHARMM>            if cntrand .gt. 100 stop ! ABNORMAL TERMINATION: ion placing may not work.. stop here
 Comparing "1" and "100".
 IF test evaluated as false.  Skipping command
  
 CHARMM>     
  
 CHARMM>            calc j = @i
 Parameter: I -> "16"
Evaluating: 16
 Parameter: J <- "16"
  
 CHARMM>            set ion = POS
 Parameter: ION <- "POS"
  
 CHARMM>     
  
 CHARMM>            if j .gt. @npos then
 Parameter: NPOS -> "36"
 Comparing "16" and "36".
 IF test evaluated as false.  Skip to ELSE or ENDIF
  
 CHARMM>     
  
 CHARMM>            define target select segid @ion .and. resid @j end
 Parameter: ION -> "POS"
 Parameter: J -> "16"
 SELRPN>      1 atoms have been selected out of  17424
  
 CHARMM>     
  
 CHARMM>            calc xpos = @A * ( ?random - 0.5 )
 Parameter: A -> "66.0740394"
 RDCMND substituted energy or value "?RANDOM" to "0.285297836"
Evaluating: 66.0740394*(0.285297836-0.5)
 Parameter: XPOS <- "-14.1862392"
  
 CHARMM>            calc ypos = @B * ( ?random - 0.5 )
 Parameter: B -> "66.0740394"
 RDCMND substituted energy or value "?RANDOM" to "4.104018116E-02"
Evaluating: 66.0740394*(4.104018116E-02-0.5)
 Parameter: YPOS <- "-30.3253292"
  
 CHARMM>            calc zpos = @C * ( ?random - 0.5 ) + @zcen
 Parameter: C -> "85"
 Parameter: ZCEN -> "0"
 RDCMND substituted energy or value "?RANDOM" to "0.17494818"
Evaluating: 85*(0.17494818-0.5)+0
 Parameter: ZPOS <- "-27.6294047"
  
 CHARMM>     
  
 CHARMM>            if zpos .gt. -15 if zpos .lt. 15 goto doinit
 Comparing "-27.6294047" and "-15".
 IF test evaluated as false.  Skipping command
  
 CHARMM>     
  
 CHARMM>            ! move target to selected position
  
 CHARMM>            coor stat select target end
 SELRPN>      1 atoms have been selected out of  17424
 STATISTICS FOR         1 SELECTED ATOMS:
    XMIN =    0.000000 XMAX =    0.000000 XAVE =    0.000000
    YMIN =    0.000000 YMAX =    0.000000 YAVE =    0.000000
    ZMIN =    0.000000 ZMAX =    0.000000 ZAVE =    0.000000
    WMIN =    1.000000 WMAX =    1.000000 WAVE =    1.000000
  
 CHARMM>            calc xtran = @xpos - ?xave
 Parameter: XPOS -> "-14.1862392"
 RDCMND substituted energy or value "?XAVE" to "0"
Evaluating: -14.1862392-0
 Parameter: XTRAN <- "-14.1862392"
  
 CHARMM>            calc ytran = @ypos - ?yave
 Parameter: YPOS -> "-30.3253292"
 RDCMND substituted energy or value "?YAVE" to "0"
Evaluating: -30.3253292-0
 Parameter: YTRAN <- "-30.3253292"
  
 CHARMM>            calc ztran = @zpos - ?zave
 Parameter: ZPOS -> "-27.6294047"
 RDCMND substituted energy or value "?ZAVE" to "0"
Evaluating: -27.6294047-0
 Parameter: ZTRAN <- "-27.6294047"
  
 CHARMM>            coor trans xdir @xtran ydir @ytran zdir @ztran select target end
 Parameter: XTRAN -> "-14.1862392"
 Parameter: YTRAN -> "-30.3253292"
 Parameter: ZTRAN -> "-27.6294047"
 SELRPN>      1 atoms have been selected out of  17424
 TRANSLATION VECTOR   -14.186239  -30.325329  -27.629405
 SELECTED COORDINATES TRANSLATED IN THE MAIN SET.

  
 CHARMM>     
  
 CHARMM>            ! apply a random rotation along XYZ
  
 CHARMM>            calc xphi = ?random * 360.0
 RDCMND substituted energy or value "?RANDOM" to "0.919740433"
Evaluating: 0.919740433*360.0
 Parameter: XPHI <- "331.106556"
  
 CHARMM>            calc yphi = ?random * 360.0
 RDCMND substituted energy or value "?RANDOM" to "0.374096127"
Evaluating: 0.374096127*360.0
 Parameter: YPHI <- "134.674606"
  
 CHARMM>            calc zphi = ?random * 360.0
 RDCMND substituted energy or value "?RANDOM" to "0.378924255"
Evaluating: 0.378924255*360.0
 Parameter: ZPHI <- "136.412732"
  
 CHARMM>            coor rotate xcen @xpos ycen @ypos zcen @zpos xdir 1.0 -
 CHARMM>                phi @xphi select target end
 Parameter: XPOS -> "-14.1862392"
 Parameter: YPOS -> "-30.3253292"
 Parameter: ZPOS -> "-27.6294047"
 Parameter: XPHI -> "331.106556"
 SELRPN>      1 atoms have been selected out of  17424
 ROTATION MATRIX
    1.000000    0.000000    0.000000
    0.000000    0.875520   -0.483182
    0.000000    0.483182    0.875520

 AXIS OF ROTATION IS -1.000000  0.000000  0.000000  ANGLE IS   28.89

 SELECTED COORDINATES ROTATED IN THE MAIN SET.

  
 CHARMM>            coor rotate xcen @xpos ycen @ypos zcen @zpos ydir 1.0 -
 CHARMM>                phi @yphi select target end
 Parameter: XPOS -> "-14.1862392"
 Parameter: YPOS -> "-30.3253292"
 Parameter: ZPOS -> "-27.6294047"
 Parameter: YPHI -> "134.674606"
 SELRPN>      1 atoms have been selected out of  17424
 ROTATION MATRIX
   -0.703080    0.000000   -0.711111
    0.000000    1.000000    0.000000
    0.711111    0.000000   -0.703080

 AXIS OF ROTATION IS  0.000000  1.000000  0.000000  ANGLE IS  134.67

 SELECTED COORDINATES ROTATED IN THE MAIN SET.

  
 CHARMM>            coor rotate xcen @xpos ycen @ypos zcen @zpos zdir 1.0 -
 CHARMM>                phi @zphi select target end
 Parameter: XPOS -> "-14.1862392"
 Parameter: YPOS -> "-30.3253292"
 Parameter: ZPOS -> "-27.6294047"
 Parameter: ZPHI -> "136.412732"
 SELRPN>      1 atoms have been selected out of  17424
 ROTATION MATRIX
   -0.724325    0.689459    0.000000
   -0.689459   -0.724325    0.000000
    0.000000    0.000000    1.000000

 AXIS OF ROTATION IS  0.000000  0.000000  1.000000  ANGLE IS  136.41

 SELECTED COORDINATES ROTATED IN THE MAIN SET.

  
 CHARMM>     
  
 CHARMM>     
  
 CHARMM>            calc dcut = 3.5
Evaluating: 3.5
 Parameter: DCUT <- "3.5"
  
 CHARMM>     
  
 CHARMM>            coor stat sele target end
 SELRPN>      1 atoms have been selected out of  17424
 STATISTICS FOR         1 SELECTED ATOMS:
    XMIN =  -14.186239 XMAX =  -14.186239 XAVE =  -14.186239
    YMIN =  -30.325329 YMAX =  -30.325329 YAVE =  -30.325329
    ZMIN =  -27.629405 ZMAX =  -27.629405 ZAVE =  -27.629405
    WMIN =    1.000000 WMAX =    1.000000 WAVE =    1.000000
  
 CHARMM>            calc xmax = ?xmax + @dcut
 Parameter: DCUT -> "3.5"
 RDCMND substituted energy or value "?XMAX" to "-14.1862392"
Evaluating: -14.1862392+3.5
 Parameter: XMAX <- "-10.6862392"
  
 CHARMM>            calc ymax = ?ymax + @dcut
 Parameter: DCUT -> "3.5"
 RDCMND substituted energy or value "?YMAX" to "-30.3253292"
Evaluating: -30.3253292+3.5
 Parameter: YMAX <- "-26.8253292"
  
 CHARMM>            calc zmax = ?zmax + @dcut
 Parameter: DCUT -> "3.5"
 RDCMND substituted energy or value "?ZMAX" to "-27.6294047"
Evaluating: -27.6294047+3.5
 Parameter: ZMAX <- "-24.1294047"
  
 CHARMM>            calc xmin = ?xmin - @dcut
 Parameter: DCUT -> "3.5"
 RDCMND substituted energy or value "?XMIN" to "-14.1862392"
Evaluating: -14.1862392-3.5
 Parameter: XMIN <- "-17.6862392"
  
 CHARMM>            calc ymin = ?ymin - @dcut
 Parameter: DCUT -> "3.5"
 RDCMND substituted energy or value "?YMIN" to "-30.3253292"
Evaluating: -30.3253292-3.5
 Parameter: YMIN <- "-33.8253292"
  
 CHARMM>            calc zmin = ?zmin - @dcut
 Parameter: DCUT -> "3.5"
 RDCMND substituted energy or value "?ZMIN" to "-27.6294047"
Evaluating: -27.6294047-3.5
 Parameter: ZMIN <- "-31.1294047"
  
 CHARMM>     
  
 CHARMM>            define JUNK sele .not. target .and. -
 CHARMM>                             prop X .lt. @xmax .and. prop X .gt. @xmin .and. -
 CHARMM>                             prop Y .lt. @ymax .and. prop Y .gt. @ymin .and. -
 CHARMM>                             prop Z .lt. @zmax .and. prop Z .gt. @zmin  end
 Parameter: XMAX -> "-10.6862392"
 Parameter: XMIN -> "-17.6862392"
 Parameter: YMAX -> "-26.8253292"
 Parameter: YMIN -> "-33.8253292"
 Parameter: ZMAX -> "-24.1294047"
 Parameter: ZMIN -> "-31.1294047"
 SELRPN>      0 atoms have been selected out of  17424
  
 CHARMM>     
  
 CHARMM>            ! check if the ions are too close to protein
  
 CHARMM>            define XXX sele PROT end
 SELRPN>    136 atoms have been selected out of  17424
  
 CHARMM>            if ?nsel .gt. 0 then
 RDCMND substituted energy or value "?NSEL" to "136"
 Comparing "136" and "0".
 IF test evaluated as true.  Performing command
  
 CHARMM>                coor dist cut 10.0 sele target end -
 CHARMM>                                   sele PROT .and. JUNK .and. .not. hydrogen end image
 SELRPN>      1 atoms have been selected out of  27773
 SELRPN>      0 atoms have been selected out of  27773

            DISTANCES FOR SELECTED ATOMS
            ONLY ONE SELECTION SET SPECIFIED, A COMPARISON WILL BE DONE
 TOTAL EXCLUSION COUNT =         0
 TOTAL 1-4 EXCLUSIONS  =         0
 TOTAL NON-EXCLUSIONS  =         0
  
 CHARMM>                if ?npair .gt. 0 goto doinit
 RDCMND substituted energy or value "?NPAIR" to "0"
 Comparing "0" and "0".
 IF test evaluated as false.  Skipping command
  
 CHARMM>            endif
  
 CHARMM>     
  
 CHARMM>            ! check if the ions are too close to solute
  
 CHARMM>            coor dist cut 4.0 sele target end sele JUNK .and. .not. hydrogen end image
 SELRPN>      1 atoms have been selected out of  27773
 SELRPN>      0 atoms have been selected out of  27773

            DISTANCES FOR SELECTED ATOMS
            ONLY ONE SELECTION SET SPECIFIED, A COMPARISON WILL BE DONE
 TOTAL EXCLUSION COUNT =         0
 TOTAL 1-4 EXCLUSIONS  =         0
 TOTAL NON-EXCLUSIONS  =         0
  
 CHARMM>            if ?npair .gt. 0 goto doinit
 RDCMND substituted energy or value "?NPAIR" to "0"
 Comparing "0" and "0".
 IF test evaluated as false.  Skipping command
  
 CHARMM>     
  
 CHARMM>            calc cntrand = 0
Evaluating: 0
 Parameter: CNTRAND <- "0"
  
 CHARMM>            increase i by 1
 Parameter: I <- "17"
  
 CHARMM>            if i .le. @nion goto doinit
 Parameter: NION -> "50"
 Comparing "17" and "50".
 IF test evaluated as true.  Performing command
  
 CHARMM>     
  
 CHARMM>            calc cntrand = @cntrand + 1
 Parameter: CNTRAND -> "0"
Evaluating: 0+1
 Parameter: CNTRAND <- "1"
  
 CHARMM>            if cntrand .gt. 100 stop ! ABNORMAL TERMINATION: ion placing may not work.. stop here
 Comparing "1" and "100".
 IF test evaluated as false.  Skipping command
  
 CHARMM>     
  
 CHARMM>            calc j = @i
 Parameter: I -> "17"
Evaluating: 17
 Parameter: J <- "17"
  
 CHARMM>            set ion = POS
 Parameter: ION <- "POS"
  
 CHARMM>     
  
 CHARMM>            if j .gt. @npos then
 Parameter: NPOS -> "36"
 Comparing "17" and "36".
 IF test evaluated as false.  Skip to ELSE or ENDIF
  
 CHARMM>     
  
 CHARMM>            define target select segid @ion .and. resid @j end
 Parameter: ION -> "POS"
 Parameter: J -> "17"
 SELRPN>      1 atoms have been selected out of  17424
  
 CHARMM>     
  
 CHARMM>            calc xpos = @A * ( ?random - 0.5 )
 Parameter: A -> "66.0740394"
 RDCMND substituted energy or value "?RANDOM" to "0.983752639"
Evaluating: 66.0740394*(0.983752639-0.5)
 Parameter: XPOS <- "31.9634909"
  
 CHARMM>            calc ypos = @B * ( ?random - 0.5 )
 Parameter: B -> "66.0740394"
 RDCMND substituted energy or value "?RANDOM" to "0.483093184"
Evaluating: 66.0740394*(0.483093184-0.5)
 Parameter: YPOS <- "-1.11710163"
  
 CHARMM>            calc zpos = @C * ( ?random - 0.5 ) + @zcen
 Parameter: C -> "85"
 Parameter: ZCEN -> "0"
 RDCMND substituted energy or value "?RANDOM" to "0.849455754"
Evaluating: 85*(0.849455754-0.5)+0
 Parameter: ZPOS <- "29.7037391"
  
 CHARMM>     
  
 CHARMM>            if zpos .gt. -15 if zpos .lt. 15 goto doinit
 Comparing "29.7037391" and "-15".
 IF test evaluated as true.  Performing command
 Comparing "29.7037391" and "15".
 IF test evaluated as false.  Skipping command
  
 CHARMM>     
  
 CHARMM>            ! move target to selected position
  
 CHARMM>            coor stat select target end
 SELRPN>      1 atoms have been selected out of  17424
 STATISTICS FOR         1 SELECTED ATOMS:
    XMIN =    0.000000 XMAX =    0.000000 XAVE =    0.000000
    YMIN =    0.000000 YMAX =    0.000000 YAVE =    0.000000
    ZMIN =    0.000000 ZMAX =    0.000000 ZAVE =    0.000000
    WMIN =    1.000000 WMAX =    1.000000 WAVE =    1.000000
  
 CHARMM>            calc xtran = @xpos - ?xave
 Parameter: XPOS -> "31.9634909"
 RDCMND substituted energy or value "?XAVE" to "0"
Evaluating: 31.9634909-0
 Parameter: XTRAN <- "31.9634909"
  
 CHARMM>            calc ytran = @ypos - ?yave
 Parameter: YPOS -> "-1.11710163"
 RDCMND substituted energy or value "?YAVE" to "0"
Evaluating: -1.11710163-0
 Parameter: YTRAN <- "-1.11710163"
  
 CHARMM>            calc ztran = @zpos - ?zave
 Parameter: ZPOS -> "29.7037391"
 RDCMND substituted energy or value "?ZAVE" to "0"
Evaluating: 29.7037391-0
 Parameter: ZTRAN <- "29.7037391"
  
 CHARMM>            coor trans xdir @xtran ydir @ytran zdir @ztran select target end
 Parameter: XTRAN -> "31.9634909"
 Parameter: YTRAN -> "-1.11710163"
 Parameter: ZTRAN -> "29.7037391"
 SELRPN>      1 atoms have been selected out of  17424
 TRANSLATION VECTOR    31.963491   -1.117102   29.703739
 SELECTED COORDINATES TRANSLATED IN THE MAIN SET.

  
 CHARMM>     
  
 CHARMM>            ! apply a random rotation along XYZ
  
 CHARMM>            calc xphi = ?random * 360.0
 RDCMND substituted energy or value "?RANDOM" to "1.596332836E-02"
Evaluating: 1.596332836E-02*360.0
 Parameter: XPHI <- "5.74679821"
  
 CHARMM>            calc yphi = ?random * 360.0
 RDCMND substituted energy or value "?RANDOM" to "5.864826881E-02"
Evaluating: 5.864826881E-02*360.0
 Parameter: YPHI <- "21.1133768"
  
 CHARMM>            calc zphi = ?random * 360.0
 RDCMND substituted energy or value "?RANDOM" to "0.749698989"
Evaluating: 0.749698989*360.0
 Parameter: ZPHI <- "269.891636"
  
 CHARMM>            coor rotate xcen @xpos ycen @ypos zcen @zpos xdir 1.0 -
 CHARMM>                phi @xphi select target end
 Parameter: XPOS -> "31.9634909"
 Parameter: YPOS -> "-1.11710163"
 Parameter: ZPOS -> "29.7037391"
 Parameter: XPHI -> "5.74679821"
 SELRPN>      1 atoms have been selected out of  17424
 ROTATION MATRIX
    1.000000    0.000000    0.000000
    0.000000    0.994974    0.100132
    0.000000   -0.100132    0.994974

 AXIS OF ROTATION IS  1.000000  0.000000  0.000000  ANGLE IS    5.75

 SELECTED COORDINATES ROTATED IN THE MAIN SET.

  
 CHARMM>            coor rotate xcen @xpos ycen @ypos zcen @zpos ydir 1.0 -
 CHARMM>                phi @yphi select target end
 Parameter: XPOS -> "31.9634909"
 Parameter: YPOS -> "-1.11710163"
 Parameter: ZPOS -> "29.7037391"
 Parameter: YPHI -> "21.1133768"
 SELRPN>      1 atoms have been selected out of  17424
 ROTATION MATRIX
    0.932869    0.000000   -0.360215
    0.000000    1.000000    0.000000
    0.360215    0.000000    0.932869

 AXIS OF ROTATION IS  0.000000  1.000000  0.000000  ANGLE IS   21.11

 SELECTED COORDINATES ROTATED IN THE MAIN SET.

  
 CHARMM>            coor rotate xcen @xpos ycen @ypos zcen @zpos zdir 1.0 -
 CHARMM>                phi @zphi select target end
 Parameter: XPOS -> "31.9634909"
 Parameter: YPOS -> "-1.11710163"
 Parameter: ZPOS -> "29.7037391"
 Parameter: ZPHI -> "269.891636"
 SELRPN>      1 atoms have been selected out of  17424
 ROTATION MATRIX
   -0.001891   -0.999998    0.000000
    0.999998   -0.001891    0.000000
    0.000000    0.000000    1.000000

 AXIS OF ROTATION IS  0.000000  0.000000 -1.000000  ANGLE IS   90.11

 SELECTED COORDINATES ROTATED IN THE MAIN SET.

  
 CHARMM>     
  
 CHARMM>     
  
 CHARMM>            calc dcut = 3.5
Evaluating: 3.5
 Parameter: DCUT <- "3.5"
  
 CHARMM>     
  
 CHARMM>            coor stat sele target end
 SELRPN>      1 atoms have been selected out of  17424
 STATISTICS FOR         1 SELECTED ATOMS:
    XMIN =   31.963491 XMAX =   31.963491 XAVE =   31.963491
    YMIN =   -1.117102 YMAX =   -1.117102 YAVE =   -1.117102
    ZMIN =   29.703739 ZMAX =   29.703739 ZAVE =   29.703739
    WMIN =    1.000000 WMAX =    1.000000 WAVE =    1.000000
  
 CHARMM>            calc xmax = ?xmax + @dcut
 Parameter: DCUT -> "3.5"
 RDCMND substituted energy or value "?XMAX" to "31.9634909"
Evaluating: 31.9634909+3.5
 Parameter: XMAX <- "35.4634909"
  
 CHARMM>            calc ymax = ?ymax + @dcut
 Parameter: DCUT -> "3.5"
 RDCMND substituted energy or value "?YMAX" to "-1.11710163"
Evaluating: -1.11710163+3.5
 Parameter: YMAX <- "2.38289837"
  
 CHARMM>            calc zmax = ?zmax + @dcut
 Parameter: DCUT -> "3.5"
 RDCMND substituted energy or value "?ZMAX" to "29.7037391"
Evaluating: 29.7037391+3.5
 Parameter: ZMAX <- "33.2037391"
  
 CHARMM>            calc xmin = ?xmin - @dcut
 Parameter: DCUT -> "3.5"
 RDCMND substituted energy or value "?XMIN" to "31.9634909"
Evaluating: 31.9634909-3.5
 Parameter: XMIN <- "28.4634909"
  
 CHARMM>            calc ymin = ?ymin - @dcut
 Parameter: DCUT -> "3.5"
 RDCMND substituted energy or value "?YMIN" to "-1.11710163"
Evaluating: -1.11710163-3.5
 Parameter: YMIN <- "-4.61710163"
  
 CHARMM>            calc zmin = ?zmin - @dcut
 Parameter: DCUT -> "3.5"
 RDCMND substituted energy or value "?ZMIN" to "29.7037391"
Evaluating: 29.7037391-3.5
 Parameter: ZMIN <- "26.2037391"
  
 CHARMM>     
  
 CHARMM>            define JUNK sele .not. target .and. -
 CHARMM>                             prop X .lt. @xmax .and. prop X .gt. @xmin .and. -
 CHARMM>                             prop Y .lt. @ymax .and. prop Y .gt. @ymin .and. -
 CHARMM>                             prop Z .lt. @zmax .and. prop Z .gt. @zmin  end
 Parameter: XMAX -> "35.4634909"
 Parameter: XMIN -> "28.4634909"
 Parameter: YMAX -> "2.38289837"
 Parameter: YMIN -> "-4.61710163"
 Parameter: ZMAX -> "33.2037391"
 Parameter: ZMIN -> "26.2037391"
 SELRPN>      0 atoms have been selected out of  17424
  
 CHARMM>     
  
 CHARMM>            ! check if the ions are too close to protein
  
 CHARMM>            define XXX sele PROT end
 SELRPN>    136 atoms have been selected out of  17424
  
 CHARMM>            if ?nsel .gt. 0 then
 RDCMND substituted energy or value "?NSEL" to "136"
 Comparing "136" and "0".
 IF test evaluated as true.  Performing command
  
 CHARMM>                coor dist cut 10.0 sele target end -
 CHARMM>                                   sele PROT .and. JUNK .and. .not. hydrogen end image
 SELRPN>      1 atoms have been selected out of  27773
 SELRPN>      0 atoms have been selected out of  27773

            DISTANCES FOR SELECTED ATOMS
            ONLY ONE SELECTION SET SPECIFIED, A COMPARISON WILL BE DONE
 TOTAL EXCLUSION COUNT =         0
 TOTAL 1-4 EXCLUSIONS  =         0
 TOTAL NON-EXCLUSIONS  =         0
  
 CHARMM>                if ?npair .gt. 0 goto doinit
 RDCMND substituted energy or value "?NPAIR" to "0"
 Comparing "0" and "0".
 IF test evaluated as false.  Skipping command
  
 CHARMM>            endif
  
 CHARMM>     
  
 CHARMM>            ! check if the ions are too close to solute
  
 CHARMM>            coor dist cut 4.0 sele target end sele JUNK .and. .not. hydrogen end image
 SELRPN>      1 atoms have been selected out of  27773
 SELRPN>      0 atoms have been selected out of  27773

            DISTANCES FOR SELECTED ATOMS
            ONLY ONE SELECTION SET SPECIFIED, A COMPARISON WILL BE DONE
 TOTAL EXCLUSION COUNT =         0
 TOTAL 1-4 EXCLUSIONS  =         0
 TOTAL NON-EXCLUSIONS  =         0
  
 CHARMM>            if ?npair .gt. 0 goto doinit
 RDCMND substituted energy or value "?NPAIR" to "0"
 Comparing "0" and "0".
 IF test evaluated as false.  Skipping command
  
 CHARMM>     
  
 CHARMM>            calc cntrand = 0
Evaluating: 0
 Parameter: CNTRAND <- "0"
  
 CHARMM>            increase i by 1
 Parameter: I <- "18"
  
 CHARMM>            if i .le. @nion goto doinit
 Parameter: NION -> "50"
 Comparing "18" and "50".
 IF test evaluated as true.  Performing command
  
 CHARMM>     
  
 CHARMM>            calc cntrand = @cntrand + 1
 Parameter: CNTRAND -> "0"
Evaluating: 0+1
 Parameter: CNTRAND <- "1"
  
 CHARMM>            if cntrand .gt. 100 stop ! ABNORMAL TERMINATION: ion placing may not work.. stop here
 Comparing "1" and "100".
 IF test evaluated as false.  Skipping command
  
 CHARMM>     
  
 CHARMM>            calc j = @i
 Parameter: I -> "18"
Evaluating: 18
 Parameter: J <- "18"
  
 CHARMM>            set ion = POS
 Parameter: ION <- "POS"
  
 CHARMM>     
  
 CHARMM>            if j .gt. @npos then
 Parameter: NPOS -> "36"
 Comparing "18" and "36".
 IF test evaluated as false.  Skip to ELSE or ENDIF
  
 CHARMM>     
  
 CHARMM>            define target select segid @ion .and. resid @j end
 Parameter: ION -> "POS"
 Parameter: J -> "18"
 SELRPN>      1 atoms have been selected out of  17424
  
 CHARMM>     
  
 CHARMM>            calc xpos = @A * ( ?random - 0.5 )
 Parameter: A -> "66.0740394"
 RDCMND substituted energy or value "?RANDOM" to "0.963899832"
Evaluating: 66.0740394*(0.963899832-0.5)
 Parameter: XPOS <- "30.6517358"
  
 CHARMM>            calc ypos = @B * ( ?random - 0.5 )
 Parameter: B -> "66.0740394"
 RDCMND substituted energy or value "?RANDOM" to "0.714825795"
Evaluating: 66.0740394*(0.714825795-0.5)
 Parameter: YPOS <- "14.194408"
  
 CHARMM>            calc zpos = @C * ( ?random - 0.5 ) + @zcen
 Parameter: C -> "85"
 Parameter: ZCEN -> "0"
 RDCMND substituted energy or value "?RANDOM" to "0.813385167"
Evaluating: 85*(0.813385167-0.5)+0
 Parameter: ZPOS <- "26.6377392"
  
 CHARMM>     
  
 CHARMM>            if zpos .gt. -15 if zpos .lt. 15 goto doinit
 Comparing "26.6377392" and "-15".
 IF test evaluated as true.  Performing command
 Comparing "26.6377392" and "15".
 IF test evaluated as false.  Skipping command
  
 CHARMM>     
  
 CHARMM>            ! move target to selected position
  
 CHARMM>            coor stat select target end
 SELRPN>      1 atoms have been selected out of  17424
 STATISTICS FOR         1 SELECTED ATOMS:
    XMIN =    0.000000 XMAX =    0.000000 XAVE =    0.000000
    YMIN =    0.000000 YMAX =    0.000000 YAVE =    0.000000
    ZMIN =    0.000000 ZMAX =    0.000000 ZAVE =    0.000000
    WMIN =    1.000000 WMAX =    1.000000 WAVE =    1.000000
  
 CHARMM>            calc xtran = @xpos - ?xave
 Parameter: XPOS -> "30.6517358"
 RDCMND substituted energy or value "?XAVE" to "0"
Evaluating: 30.6517358-0
 Parameter: XTRAN <- "30.6517358"
  
 CHARMM>            calc ytran = @ypos - ?yave
 Parameter: YPOS -> "14.194408"
 RDCMND substituted energy or value "?YAVE" to "0"
Evaluating: 14.194408-0
 Parameter: YTRAN <- "14.194408"
  
 CHARMM>            calc ztran = @zpos - ?zave
 Parameter: ZPOS -> "26.6377392"
 RDCMND substituted energy or value "?ZAVE" to "0"
Evaluating: 26.6377392-0
 Parameter: ZTRAN <- "26.6377392"
  
 CHARMM>            coor trans xdir @xtran ydir @ytran zdir @ztran select target end
 Parameter: XTRAN -> "30.6517358"
 Parameter: YTRAN -> "14.194408"
 Parameter: ZTRAN -> "26.6377392"
 SELRPN>      1 atoms have been selected out of  17424
 TRANSLATION VECTOR    30.651736   14.194408   26.637739
 SELECTED COORDINATES TRANSLATED IN THE MAIN SET.

  
 CHARMM>     
  
 CHARMM>            ! apply a random rotation along XYZ
  
 CHARMM>            calc xphi = ?random * 360.0
 RDCMND substituted energy or value "?RANDOM" to "0.292274703"
Evaluating: 0.292274703*360.0
 Parameter: XPHI <- "105.218893"
  
 CHARMM>            calc yphi = ?random * 360.0
 RDCMND substituted energy or value "?RANDOM" to "0.242181957"
Evaluating: 0.242181957*360.0
 Parameter: YPHI <- "87.1855045"
  
 CHARMM>            calc zphi = ?random * 360.0
 RDCMND substituted energy or value "?RANDOM" to "0.550178626"
Evaluating: 0.550178626*360.0
 Parameter: ZPHI <- "198.064305"
  
 CHARMM>            coor rotate xcen @xpos ycen @ypos zcen @zpos xdir 1.0 -
 CHARMM>                phi @xphi select target end
 Parameter: XPOS -> "30.6517358"
 Parameter: YPOS -> "14.194408"
 Parameter: ZPOS -> "26.6377392"
 Parameter: XPHI -> "105.218893"
 SELRPN>      1 atoms have been selected out of  17424
 ROTATION MATRIX
    1.000000    0.000000    0.000000
    0.000000   -0.262507    0.964930
    0.000000   -0.964930   -0.262507

 AXIS OF ROTATION IS  1.000000  0.000000  0.000000  ANGLE IS  105.22

 SELECTED COORDINATES ROTATED IN THE MAIN SET.

  
 CHARMM>            coor rotate xcen @xpos ycen @ypos zcen @zpos ydir 1.0 -
 CHARMM>                phi @yphi select target end
 Parameter: XPOS -> "30.6517358"
 Parameter: YPOS -> "14.194408"
 Parameter: ZPOS -> "26.6377392"
 Parameter: YPHI -> "87.1855045"
 SELRPN>      1 atoms have been selected out of  17424
 ROTATION MATRIX
    0.049102    0.000000   -0.998794
    0.000000    1.000000    0.000000
    0.998794    0.000000    0.049102

 AXIS OF ROTATION IS  0.000000  1.000000  0.000000  ANGLE IS   87.19

 SELECTED COORDINATES ROTATED IN THE MAIN SET.

  
 CHARMM>            coor rotate xcen @xpos ycen @ypos zcen @zpos zdir 1.0 -
 CHARMM>                phi @zphi select target end
 Parameter: XPOS -> "30.6517358"
 Parameter: YPOS -> "14.194408"
 Parameter: ZPOS -> "26.6377392"
 Parameter: ZPHI -> "198.064305"
 SELRPN>      1 atoms have been selected out of  17424
 ROTATION MATRIX
   -0.950709   -0.310084    0.000000
    0.310084   -0.950709    0.000000
    0.000000    0.000000    1.000000

 AXIS OF ROTATION IS  0.000000  0.000000 -1.000000  ANGLE IS  161.94

 SELECTED COORDINATES ROTATED IN THE MAIN SET.

  
 CHARMM>     
  
 CHARMM>     
  
 CHARMM>            calc dcut = 3.5
Evaluating: 3.5
 Parameter: DCUT <- "3.5"
  
 CHARMM>     
  
 CHARMM>            coor stat sele target end
 SELRPN>      1 atoms have been selected out of  17424
 STATISTICS FOR         1 SELECTED ATOMS:
    XMIN =   30.651736 XMAX =   30.651736 XAVE =   30.651736
    YMIN =   14.194408 YMAX =   14.194408 YAVE =   14.194408
    ZMIN =   26.637739 ZMAX =   26.637739 ZAVE =   26.637739
    WMIN =    1.000000 WMAX =    1.000000 WAVE =    1.000000
  
 CHARMM>            calc xmax = ?xmax + @dcut
 Parameter: DCUT -> "3.5"
 RDCMND substituted energy or value "?XMAX" to "30.6517358"
Evaluating: 30.6517358+3.5
 Parameter: XMAX <- "34.1517358"
  
 CHARMM>            calc ymax = ?ymax + @dcut
 Parameter: DCUT -> "3.5"
 RDCMND substituted energy or value "?YMAX" to "14.194408"
Evaluating: 14.194408+3.5
 Parameter: YMAX <- "17.694408"
  
 CHARMM>            calc zmax = ?zmax + @dcut
 Parameter: DCUT -> "3.5"
 RDCMND substituted energy or value "?ZMAX" to "26.6377392"
Evaluating: 26.6377392+3.5
 Parameter: ZMAX <- "30.1377392"
  
 CHARMM>            calc xmin = ?xmin - @dcut
 Parameter: DCUT -> "3.5"
 RDCMND substituted energy or value "?XMIN" to "30.6517358"
Evaluating: 30.6517358-3.5
 Parameter: XMIN <- "27.1517358"
  
 CHARMM>            calc ymin = ?ymin - @dcut
 Parameter: DCUT -> "3.5"
 RDCMND substituted energy or value "?YMIN" to "14.194408"
Evaluating: 14.194408-3.5
 Parameter: YMIN <- "10.694408"
  
 CHARMM>            calc zmin = ?zmin - @dcut
 Parameter: DCUT -> "3.5"
 RDCMND substituted energy or value "?ZMIN" to "26.6377392"
Evaluating: 26.6377392-3.5
 Parameter: ZMIN <- "23.1377392"
  
 CHARMM>     
  
 CHARMM>            define JUNK sele .not. target .and. -
 CHARMM>                             prop X .lt. @xmax .and. prop X .gt. @xmin .and. -
 CHARMM>                             prop Y .lt. @ymax .and. prop Y .gt. @ymin .and. -
 CHARMM>                             prop Z .lt. @zmax .and. prop Z .gt. @zmin  end
 Parameter: XMAX -> "34.1517358"
 Parameter: XMIN -> "27.1517358"
 Parameter: YMAX -> "17.694408"
 Parameter: YMIN -> "10.694408"
 Parameter: ZMAX -> "30.1377392"
 Parameter: ZMIN -> "23.1377392"
 SELRPN>      0 atoms have been selected out of  17424
  
 CHARMM>     
  
 CHARMM>            ! check if the ions are too close to protein
  
 CHARMM>            define XXX sele PROT end
 SELRPN>    136 atoms have been selected out of  17424
  
 CHARMM>            if ?nsel .gt. 0 then
 RDCMND substituted energy or value "?NSEL" to "136"
 Comparing "136" and "0".
 IF test evaluated as true.  Performing command
  
 CHARMM>                coor dist cut 10.0 sele target end -
 CHARMM>                                   sele PROT .and. JUNK .and. .not. hydrogen end image
 SELRPN>      1 atoms have been selected out of  27773
 SELRPN>      0 atoms have been selected out of  27773

            DISTANCES FOR SELECTED ATOMS
            ONLY ONE SELECTION SET SPECIFIED, A COMPARISON WILL BE DONE
 TOTAL EXCLUSION COUNT =         0
 TOTAL 1-4 EXCLUSIONS  =         0
 TOTAL NON-EXCLUSIONS  =         0
  
 CHARMM>                if ?npair .gt. 0 goto doinit
 RDCMND substituted energy or value "?NPAIR" to "0"
 Comparing "0" and "0".
 IF test evaluated as false.  Skipping command
  
 CHARMM>            endif
  
 CHARMM>     
  
 CHARMM>            ! check if the ions are too close to solute
  
 CHARMM>            coor dist cut 4.0 sele target end sele JUNK .and. .not. hydrogen end image
 SELRPN>      1 atoms have been selected out of  27773
 SELRPN>      0 atoms have been selected out of  27773

            DISTANCES FOR SELECTED ATOMS
            ONLY ONE SELECTION SET SPECIFIED, A COMPARISON WILL BE DONE
 TOTAL EXCLUSION COUNT =         0
 TOTAL 1-4 EXCLUSIONS  =         0
 TOTAL NON-EXCLUSIONS  =         0
  
 CHARMM>            if ?npair .gt. 0 goto doinit
 RDCMND substituted energy or value "?NPAIR" to "0"
 Comparing "0" and "0".
 IF test evaluated as false.  Skipping command
  
 CHARMM>     
  
 CHARMM>            calc cntrand = 0
Evaluating: 0
 Parameter: CNTRAND <- "0"
  
 CHARMM>            increase i by 1
 Parameter: I <- "19"
  
 CHARMM>            if i .le. @nion goto doinit
 Parameter: NION -> "50"
 Comparing "19" and "50".
 IF test evaluated as true.  Performing command
  
 CHARMM>     
  
 CHARMM>            calc cntrand = @cntrand + 1
 Parameter: CNTRAND -> "0"
Evaluating: 0+1
 Parameter: CNTRAND <- "1"
  
 CHARMM>            if cntrand .gt. 100 stop ! ABNORMAL TERMINATION: ion placing may not work.. stop here
 Comparing "1" and "100".
 IF test evaluated as false.  Skipping command
  
 CHARMM>     
  
 CHARMM>            calc j = @i
 Parameter: I -> "19"
Evaluating: 19
 Parameter: J <- "19"
  
 CHARMM>            set ion = POS
 Parameter: ION <- "POS"
  
 CHARMM>     
  
 CHARMM>            if j .gt. @npos then
 Parameter: NPOS -> "36"
 Comparing "19" and "36".
 IF test evaluated as false.  Skip to ELSE or ENDIF
  
 CHARMM>     
  
 CHARMM>            define target select segid @ion .and. resid @j end
 Parameter: ION -> "POS"
 Parameter: J -> "19"
 SELRPN>      1 atoms have been selected out of  17424
  
 CHARMM>     
  
 CHARMM>            calc xpos = @A * ( ?random - 0.5 )
 Parameter: A -> "66.0740394"
 RDCMND substituted energy or value "?RANDOM" to "0.199210217"
Evaluating: 66.0740394*(0.199210217-0.5)
 Parameter: XPOS <- "-19.874396"
  
 CHARMM>            calc ypos = @B * ( ?random - 0.5 )
 Parameter: B -> "66.0740394"
 RDCMND substituted energy or value "?RANDOM" to "0.597868678"
Evaluating: 66.0740394*(0.597868678-0.5)
 Parameter: YPOS <- "6.46657889"
  
 CHARMM>            calc zpos = @C * ( ?random - 0.5 ) + @zcen
 Parameter: C -> "85"
 Parameter: ZCEN -> "0"
 RDCMND substituted energy or value "?RANDOM" to "0.458285422"
Evaluating: 85*(0.458285422-0.5)+0
 Parameter: ZPOS <- "-3.54573913"
  
 CHARMM>     
  
 CHARMM>            if zpos .gt. -15 if zpos .lt. 15 goto doinit
 Comparing "-3.54573913" and "-15".
 IF test evaluated as true.  Performing command
 Comparing "-3.54573913" and "15".
 IF test evaluated as true.  Performing command
  
 CHARMM>     
  
 CHARMM>            calc cntrand = @cntrand + 1
 Parameter: CNTRAND -> "1"
Evaluating: 1+1
 Parameter: CNTRAND <- "2"
  
 CHARMM>            if cntrand .gt. 100 stop ! ABNORMAL TERMINATION: ion placing may not work.. stop here
 Comparing "2" and "100".
 IF test evaluated as false.  Skipping command
  
 CHARMM>     
  
 CHARMM>            calc j = @i
 Parameter: I -> "19"
Evaluating: 19
 Parameter: J <- "19"
  
 CHARMM>            set ion = POS
 Parameter: ION <- "POS"
  
 CHARMM>     
  
 CHARMM>            if j .gt. @npos then
 Parameter: NPOS -> "36"
 Comparing "19" and "36".
 IF test evaluated as false.  Skip to ELSE or ENDIF
  
 CHARMM>     
  
 CHARMM>            define target select segid @ion .and. resid @j end
 Parameter: ION -> "POS"
 Parameter: J -> "19"
 SELRPN>      1 atoms have been selected out of  17424
  
 CHARMM>     
  
 CHARMM>            calc xpos = @A * ( ?random - 0.5 )
 Parameter: A -> "66.0740394"
 RDCMND substituted energy or value "?RANDOM" to "0.398320509"
Evaluating: 66.0740394*(0.398320509-0.5)
 Parameter: XPOS <- "-6.71837469"
  
 CHARMM>            calc ypos = @B * ( ?random - 0.5 )
 Parameter: B -> "66.0740394"
 RDCMND substituted energy or value "?RANDOM" to "0.377832213"
Evaluating: 66.0740394*(0.377832213-0.5)
 Parameter: YPOS <- "-8.07211917"
  
 CHARMM>            calc zpos = @C * ( ?random - 0.5 ) + @zcen
 Parameter: C -> "85"
 Parameter: ZCEN -> "0"
 RDCMND substituted energy or value "?RANDOM" to "0.878824104"
Evaluating: 85*(0.878824104-0.5)+0
 Parameter: ZPOS <- "32.2000488"
  
 CHARMM>     
  
 CHARMM>            if zpos .gt. -15 if zpos .lt. 15 goto doinit
 Comparing "32.2000488" and "-15".
 IF test evaluated as true.  Performing command
 Comparing "32.2000488" and "15".
 IF test evaluated as false.  Skipping command
  
 CHARMM>     
  
 CHARMM>            ! move target to selected position
  
 CHARMM>            coor stat select target end
 SELRPN>      1 atoms have been selected out of  17424
 STATISTICS FOR         1 SELECTED ATOMS:
    XMIN =    0.000000 XMAX =    0.000000 XAVE =    0.000000
    YMIN =    0.000000 YMAX =    0.000000 YAVE =    0.000000
    ZMIN =    0.000000 ZMAX =    0.000000 ZAVE =    0.000000
    WMIN =    1.000000 WMAX =    1.000000 WAVE =    1.000000
  
 CHARMM>            calc xtran = @xpos - ?xave
 Parameter: XPOS -> "-6.71837469"
 RDCMND substituted energy or value "?XAVE" to "0"
Evaluating: -6.71837469-0
 Parameter: XTRAN <- "-6.71837469"
  
 CHARMM>            calc ytran = @ypos - ?yave
 Parameter: YPOS -> "-8.07211917"
 RDCMND substituted energy or value "?YAVE" to "0"
Evaluating: -8.07211917-0
 Parameter: YTRAN <- "-8.07211917"
  
 CHARMM>            calc ztran = @zpos - ?zave
 Parameter: ZPOS -> "32.2000488"
 RDCMND substituted energy or value "?ZAVE" to "0"
Evaluating: 32.2000488-0
 Parameter: ZTRAN <- "32.2000488"
  
 CHARMM>            coor trans xdir @xtran ydir @ytran zdir @ztran select target end
 Parameter: XTRAN -> "-6.71837469"
 Parameter: YTRAN -> "-8.07211917"
 Parameter: ZTRAN -> "32.2000488"
 SELRPN>      1 atoms have been selected out of  17424
 TRANSLATION VECTOR    -6.718375   -8.072119   32.200049
 SELECTED COORDINATES TRANSLATED IN THE MAIN SET.

  
 CHARMM>     
  
 CHARMM>            ! apply a random rotation along XYZ
  
 CHARMM>            calc xphi = ?random * 360.0
 RDCMND substituted energy or value "?RANDOM" to "0.68853732"
Evaluating: 0.68853732*360.0
 Parameter: XPHI <- "247.873435"
  
 CHARMM>            calc yphi = ?random * 360.0
 RDCMND substituted energy or value "?RANDOM" to "0.831745937"
Evaluating: 0.831745937*360.0
 Parameter: YPHI <- "299.428537"
  
 CHARMM>            calc zphi = ?random * 360.0
 RDCMND substituted energy or value "?RANDOM" to "0.456620678"
Evaluating: 0.456620678*360.0
 Parameter: ZPHI <- "164.383444"
  
 CHARMM>            coor rotate xcen @xpos ycen @ypos zcen @zpos xdir 1.0 -
 CHARMM>                phi @xphi select target end
 Parameter: XPOS -> "-6.71837469"
 Parameter: YPOS -> "-8.07211917"
 Parameter: ZPOS -> "32.2000488"
 Parameter: XPHI -> "247.873435"
 SELRPN>      1 atoms have been selected out of  17424
 ROTATION MATRIX
    1.000000    0.000000    0.000000
    0.000000   -0.376654   -0.926354
    0.000000    0.926354   -0.376654

 AXIS OF ROTATION IS -1.000000  0.000000  0.000000  ANGLE IS  112.13

 SELECTED COORDINATES ROTATED IN THE MAIN SET.

  
 CHARMM>            coor rotate xcen @xpos ycen @ypos zcen @zpos ydir 1.0 -
 CHARMM>                phi @yphi select target end
 Parameter: XPOS -> "-6.71837469"
 Parameter: YPOS -> "-8.07211917"
 Parameter: ZPOS -> "32.2000488"
 Parameter: YPHI -> "299.428537"
 SELRPN>      1 atoms have been selected out of  17424
 ROTATION MATRIX
    0.491338    0.000000    0.870969
    0.000000    1.000000    0.000000
   -0.870969    0.000000    0.491338

 AXIS OF ROTATION IS  0.000000 -1.000000  0.000000  ANGLE IS   60.57

 SELECTED COORDINATES ROTATED IN THE MAIN SET.

  
 CHARMM>            coor rotate xcen @xpos ycen @ypos zcen @zpos zdir 1.0 -
 CHARMM>                phi @zphi select target end
 Parameter: XPOS -> "-6.71837469"
 Parameter: YPOS -> "-8.07211917"
 Parameter: ZPOS -> "32.2000488"
 Parameter: ZPHI -> "164.383444"
 SELRPN>      1 atoms have been selected out of  17424
 ROTATION MATRIX
   -0.963085    0.269198    0.000000
   -0.269198   -0.963085    0.000000
    0.000000    0.000000    1.000000

 AXIS OF ROTATION IS  0.000000  0.000000  1.000000  ANGLE IS  164.38

 SELECTED COORDINATES ROTATED IN THE MAIN SET.

  
 CHARMM>     
  
 CHARMM>     
  
 CHARMM>            calc dcut = 3.5
Evaluating: 3.5
 Parameter: DCUT <- "3.5"
  
 CHARMM>     
  
 CHARMM>            coor stat sele target end
 SELRPN>      1 atoms have been selected out of  17424
 STATISTICS FOR         1 SELECTED ATOMS:
    XMIN =   -6.718375 XMAX =   -6.718375 XAVE =   -6.718375
    YMIN =   -8.072119 YMAX =   -8.072119 YAVE =   -8.072119
    ZMIN =   32.200049 ZMAX =   32.200049 ZAVE =   32.200049
    WMIN =    1.000000 WMAX =    1.000000 WAVE =    1.000000
  
 CHARMM>            calc xmax = ?xmax + @dcut
 Parameter: DCUT -> "3.5"
 RDCMND substituted energy or value "?XMAX" to "-6.71837469"
Evaluating: -6.71837469+3.5
 Parameter: XMAX <- "-3.21837469"
  
 CHARMM>            calc ymax = ?ymax + @dcut
 Parameter: DCUT -> "3.5"
 RDCMND substituted energy or value "?YMAX" to "-8.07211917"
Evaluating: -8.07211917+3.5
 Parameter: YMAX <- "-4.57211917"
  
 CHARMM>            calc zmax = ?zmax + @dcut
 Parameter: DCUT -> "3.5"
 RDCMND substituted energy or value "?ZMAX" to "32.2000488"
Evaluating: 32.2000488+3.5
 Parameter: ZMAX <- "35.7000488"
  
 CHARMM>            calc xmin = ?xmin - @dcut
 Parameter: DCUT -> "3.5"
 RDCMND substituted energy or value "?XMIN" to "-6.71837469"
Evaluating: -6.71837469-3.5
 Parameter: XMIN <- "-10.2183747"
  
 CHARMM>            calc ymin = ?ymin - @dcut
 Parameter: DCUT -> "3.5"
 RDCMND substituted energy or value "?YMIN" to "-8.07211917"
Evaluating: -8.07211917-3.5
 Parameter: YMIN <- "-11.5721192"
  
 CHARMM>            calc zmin = ?zmin - @dcut
 Parameter: DCUT -> "3.5"
 RDCMND substituted energy or value "?ZMIN" to "32.2000488"
Evaluating: 32.2000488-3.5
 Parameter: ZMIN <- "28.7000488"
  
 CHARMM>     
  
 CHARMM>            define JUNK sele .not. target .and. -
 CHARMM>                             prop X .lt. @xmax .and. prop X .gt. @xmin .and. -
 CHARMM>                             prop Y .lt. @ymax .and. prop Y .gt. @ymin .and. -
 CHARMM>                             prop Z .lt. @zmax .and. prop Z .gt. @zmin  end
 Parameter: XMAX -> "-3.21837469"
 Parameter: XMIN -> "-10.2183747"
 Parameter: YMAX -> "-4.57211917"
 Parameter: YMIN -> "-11.5721192"
 Parameter: ZMAX -> "35.7000488"
 Parameter: ZMIN -> "28.7000488"
 SELRPN>      0 atoms have been selected out of  17424
  
 CHARMM>     
  
 CHARMM>            ! check if the ions are too close to protein
  
 CHARMM>            define XXX sele PROT end
 SELRPN>    136 atoms have been selected out of  17424
  
 CHARMM>            if ?nsel .gt. 0 then
 RDCMND substituted energy or value "?NSEL" to "136"
 Comparing "136" and "0".
 IF test evaluated as true.  Performing command
  
 CHARMM>                coor dist cut 10.0 sele target end -
 CHARMM>                                   sele PROT .and. JUNK .and. .not. hydrogen end image
 SELRPN>      1 atoms have been selected out of  27773
 SELRPN>      0 atoms have been selected out of  27773

            DISTANCES FOR SELECTED ATOMS
            ONLY ONE SELECTION SET SPECIFIED, A COMPARISON WILL BE DONE
 TOTAL EXCLUSION COUNT =         0
 TOTAL 1-4 EXCLUSIONS  =         0
 TOTAL NON-EXCLUSIONS  =         0
  
 CHARMM>                if ?npair .gt. 0 goto doinit
 RDCMND substituted energy or value "?NPAIR" to "0"
 Comparing "0" and "0".
 IF test evaluated as false.  Skipping command
  
 CHARMM>            endif
  
 CHARMM>     
  
 CHARMM>            ! check if the ions are too close to solute
  
 CHARMM>            coor dist cut 4.0 sele target end sele JUNK .and. .not. hydrogen end image
 SELRPN>      1 atoms have been selected out of  27773
 SELRPN>      0 atoms have been selected out of  27773

            DISTANCES FOR SELECTED ATOMS
            ONLY ONE SELECTION SET SPECIFIED, A COMPARISON WILL BE DONE
 TOTAL EXCLUSION COUNT =         0
 TOTAL 1-4 EXCLUSIONS  =         0
 TOTAL NON-EXCLUSIONS  =         0
  
 CHARMM>            if ?npair .gt. 0 goto doinit
 RDCMND substituted energy or value "?NPAIR" to "0"
 Comparing "0" and "0".
 IF test evaluated as false.  Skipping command
  
 CHARMM>     
  
 CHARMM>            calc cntrand = 0
Evaluating: 0
 Parameter: CNTRAND <- "0"
  
 CHARMM>            increase i by 1
 Parameter: I <- "20"
  
 CHARMM>            if i .le. @nion goto doinit
 Parameter: NION -> "50"
 Comparing "20" and "50".
 IF test evaluated as true.  Performing command
  
 CHARMM>     
  
 CHARMM>            calc cntrand = @cntrand + 1
 Parameter: CNTRAND -> "0"
Evaluating: 0+1
 Parameter: CNTRAND <- "1"
  
 CHARMM>            if cntrand .gt. 100 stop ! ABNORMAL TERMINATION: ion placing may not work.. stop here
 Comparing "1" and "100".
 IF test evaluated as false.  Skipping command
  
 CHARMM>     
  
 CHARMM>            calc j = @i
 Parameter: I -> "20"
Evaluating: 20
 Parameter: J <- "20"
  
 CHARMM>            set ion = POS
 Parameter: ION <- "POS"
  
 CHARMM>     
  
 CHARMM>            if j .gt. @npos then
 Parameter: NPOS -> "36"
 Comparing "20" and "36".
 IF test evaluated as false.  Skip to ELSE or ENDIF
  
 CHARMM>     
  
 CHARMM>            define target select segid @ion .and. resid @j end
 Parameter: ION -> "POS"
 Parameter: J -> "20"
 SELRPN>      1 atoms have been selected out of  17424
  
 CHARMM>     
  
 CHARMM>            calc xpos = @A * ( ?random - 0.5 )
 Parameter: A -> "66.0740394"
 RDCMND substituted energy or value "?RANDOM" to "0.265085896"
Evaluating: 66.0740394*(0.265085896-0.5)
 Parameter: XPOS <- "-15.5217238"
  
 CHARMM>            calc ypos = @B * ( ?random - 0.5 )
 Parameter: B -> "66.0740394"
 RDCMND substituted energy or value "?RANDOM" to "0.988581235"
Evaluating: 66.0740394*(0.988581235-0.5)
 Parameter: YPOS <- "32.2825358"
  
 CHARMM>            calc zpos = @C * ( ?random - 0.5 ) + @zcen
 Parameter: C -> "85"
 Parameter: ZCEN -> "0"
 RDCMND substituted energy or value "?RANDOM" to "0.177630567"
Evaluating: 85*(0.177630567-0.5)+0
 Parameter: ZPOS <- "-27.4014018"
  
 CHARMM>     
  
 CHARMM>            if zpos .gt. -15 if zpos .lt. 15 goto doinit
 Comparing "-27.4014018" and "-15".
 IF test evaluated as false.  Skipping command
  
 CHARMM>     
  
 CHARMM>            ! move target to selected position
  
 CHARMM>            coor stat select target end
 SELRPN>      1 atoms have been selected out of  17424
 STATISTICS FOR         1 SELECTED ATOMS:
    XMIN =    0.000000 XMAX =    0.000000 XAVE =    0.000000
    YMIN =    0.000000 YMAX =    0.000000 YAVE =    0.000000
    ZMIN =    0.000000 ZMAX =    0.000000 ZAVE =    0.000000
    WMIN =    1.000000 WMAX =    1.000000 WAVE =    1.000000
  
 CHARMM>            calc xtran = @xpos - ?xave
 Parameter: XPOS -> "-15.5217238"
 RDCMND substituted energy or value "?XAVE" to "0"
Evaluating: -15.5217238-0
 Parameter: XTRAN <- "-15.5217238"
  
 CHARMM>            calc ytran = @ypos - ?yave
 Parameter: YPOS -> "32.2825358"
 RDCMND substituted energy or value "?YAVE" to "0"
Evaluating: 32.2825358-0
 Parameter: YTRAN <- "32.2825358"
  
 CHARMM>            calc ztran = @zpos - ?zave
 Parameter: ZPOS -> "-27.4014018"
 RDCMND substituted energy or value "?ZAVE" to "0"
Evaluating: -27.4014018-0
 Parameter: ZTRAN <- "-27.4014018"
  
 CHARMM>            coor trans xdir @xtran ydir @ytran zdir @ztran select target end
 Parameter: XTRAN -> "-15.5217238"
 Parameter: YTRAN -> "32.2825358"
 Parameter: ZTRAN -> "-27.4014018"
 SELRPN>      1 atoms have been selected out of  17424
 TRANSLATION VECTOR   -15.521724   32.282536  -27.401402
 SELECTED COORDINATES TRANSLATED IN THE MAIN SET.

  
 CHARMM>     
  
 CHARMM>            ! apply a random rotation along XYZ
  
 CHARMM>            calc xphi = ?random * 360.0
 RDCMND substituted energy or value "?RANDOM" to "6.330939973E-02"
Evaluating: 6.330939973E-02*360.0
 Parameter: XPHI <- "22.7913839"
  
 CHARMM>            calc yphi = ?random * 360.0
 RDCMND substituted energy or value "?RANDOM" to "0.738769198"
Evaluating: 0.738769198*360.0
 Parameter: YPHI <- "265.956911"
  
 CHARMM>            calc zphi = ?random * 360.0
 RDCMND substituted energy or value "?RANDOM" to "0.117931039"
Evaluating: 0.117931039*360.0
 Parameter: ZPHI <- "42.455174"
  
 CHARMM>            coor rotate xcen @xpos ycen @ypos zcen @zpos xdir 1.0 -
 CHARMM>                phi @xphi select target end
 Parameter: XPOS -> "-15.5217238"
 Parameter: YPOS -> "32.2825358"
 Parameter: ZPOS -> "-27.4014018"
 Parameter: XPHI -> "22.7913839"
 SELRPN>      1 atoms have been selected out of  17424
 ROTATION MATRIX
    1.000000    0.000000    0.000000
    0.000000    0.921921    0.387377
    0.000000   -0.387377    0.921921

 AXIS OF ROTATION IS  1.000000  0.000000  0.000000  ANGLE IS   22.79

 SELECTED COORDINATES ROTATED IN THE MAIN SET.

  
 CHARMM>            coor rotate xcen @xpos ycen @ypos zcen @zpos ydir 1.0 -
 CHARMM>                phi @yphi select target end
 Parameter: XPOS -> "-15.5217238"
 Parameter: YPOS -> "32.2825358"
 Parameter: ZPOS -> "-27.4014018"
 Parameter: YPHI -> "265.956911"
 SELRPN>      1 atoms have been selected out of  17424
 ROTATION MATRIX
   -0.070507    0.000000    0.997511
    0.000000    1.000000    0.000000
   -0.997511    0.000000   -0.070507

 AXIS OF ROTATION IS  0.000000 -1.000000  0.000000  ANGLE IS   94.04

 SELECTED COORDINATES ROTATED IN THE MAIN SET.

  
 CHARMM>            coor rotate xcen @xpos ycen @ypos zcen @zpos zdir 1.0 -
 CHARMM>                phi @zphi select target end
 Parameter: XPOS -> "-15.5217238"
 Parameter: YPOS -> "32.2825358"
 Parameter: ZPOS -> "-27.4014018"
 Parameter: ZPHI -> "42.455174"
 SELRPN>      1 atoms have been selected out of  17424
 ROTATION MATRIX
    0.737806    0.675013    0.000000
   -0.675013    0.737806    0.000000
    0.000000    0.000000    1.000000

 AXIS OF ROTATION IS  0.000000  0.000000  1.000000  ANGLE IS   42.46

 SELECTED COORDINATES ROTATED IN THE MAIN SET.

  
 CHARMM>     
  
 CHARMM>     
  
 CHARMM>            calc dcut = 3.5
Evaluating: 3.5
 Parameter: DCUT <- "3.5"
  
 CHARMM>     
  
 CHARMM>            coor stat sele target end
 SELRPN>      1 atoms have been selected out of  17424
 STATISTICS FOR         1 SELECTED ATOMS:
    XMIN =  -15.521724 XMAX =  -15.521724 XAVE =  -15.521724
    YMIN =   32.282536 YMAX =   32.282536 YAVE =   32.282536
    ZMIN =  -27.401402 ZMAX =  -27.401402 ZAVE =  -27.401402
    WMIN =    1.000000 WMAX =    1.000000 WAVE =    1.000000
  
 CHARMM>            calc xmax = ?xmax + @dcut
 Parameter: DCUT -> "3.5"
 RDCMND substituted energy or value "?XMAX" to "-15.5217238"
Evaluating: -15.5217238+3.5
 Parameter: XMAX <- "-12.0217238"
  
 CHARMM>            calc ymax = ?ymax + @dcut
 Parameter: DCUT -> "3.5"
 RDCMND substituted energy or value "?YMAX" to "32.2825358"
Evaluating: 32.2825358+3.5
 Parameter: YMAX <- "35.7825358"
  
 CHARMM>            calc zmax = ?zmax + @dcut
 Parameter: DCUT -> "3.5"
 RDCMND substituted energy or value "?ZMAX" to "-27.4014018"
Evaluating: -27.4014018+3.5
 Parameter: ZMAX <- "-23.9014018"
  
 CHARMM>            calc xmin = ?xmin - @dcut
 Parameter: DCUT -> "3.5"
 RDCMND substituted energy or value "?XMIN" to "-15.5217238"
Evaluating: -15.5217238-3.5
 Parameter: XMIN <- "-19.0217238"
  
 CHARMM>            calc ymin = ?ymin - @dcut
 Parameter: DCUT -> "3.5"
 RDCMND substituted energy or value "?YMIN" to "32.2825358"
Evaluating: 32.2825358-3.5
 Parameter: YMIN <- "28.7825358"
  
 CHARMM>            calc zmin = ?zmin - @dcut
 Parameter: DCUT -> "3.5"
 RDCMND substituted energy or value "?ZMIN" to "-27.4014018"
Evaluating: -27.4014018-3.5
 Parameter: ZMIN <- "-30.9014018"
  
 CHARMM>     
  
 CHARMM>            define JUNK sele .not. target .and. -
 CHARMM>                             prop X .lt. @xmax .and. prop X .gt. @xmin .and. -
 CHARMM>                             prop Y .lt. @ymax .and. prop Y .gt. @ymin .and. -
 CHARMM>                             prop Z .lt. @zmax .and. prop Z .gt. @zmin  end
 Parameter: XMAX -> "-12.0217238"
 Parameter: XMIN -> "-19.0217238"
 Parameter: YMAX -> "35.7825358"
 Parameter: YMIN -> "28.7825358"
 Parameter: ZMAX -> "-23.9014018"
 Parameter: ZMIN -> "-30.9014018"
 SELRPN>      0 atoms have been selected out of  17424
  
 CHARMM>     
  
 CHARMM>            ! check if the ions are too close to protein
  
 CHARMM>            define XXX sele PROT end
 SELRPN>    136 atoms have been selected out of  17424
  
 CHARMM>            if ?nsel .gt. 0 then
 RDCMND substituted energy or value "?NSEL" to "136"
 Comparing "136" and "0".
 IF test evaluated as true.  Performing command
  
 CHARMM>                coor dist cut 10.0 sele target end -
 CHARMM>                                   sele PROT .and. JUNK .and. .not. hydrogen end image
 SELRPN>      1 atoms have been selected out of  27773
 SELRPN>      0 atoms have been selected out of  27773

            DISTANCES FOR SELECTED ATOMS
            ONLY ONE SELECTION SET SPECIFIED, A COMPARISON WILL BE DONE
 TOTAL EXCLUSION COUNT =         0
 TOTAL 1-4 EXCLUSIONS  =         0
 TOTAL NON-EXCLUSIONS  =         0
  
 CHARMM>                if ?npair .gt. 0 goto doinit
 RDCMND substituted energy or value "?NPAIR" to "0"
 Comparing "0" and "0".
 IF test evaluated as false.  Skipping command
  
 CHARMM>            endif
  
 CHARMM>     
  
 CHARMM>            ! check if the ions are too close to solute
  
 CHARMM>            coor dist cut 4.0 sele target end sele JUNK .and. .not. hydrogen end image
 SELRPN>      1 atoms have been selected out of  27773
 SELRPN>      0 atoms have been selected out of  27773

            DISTANCES FOR SELECTED ATOMS
            ONLY ONE SELECTION SET SPECIFIED, A COMPARISON WILL BE DONE
 TOTAL EXCLUSION COUNT =         0
 TOTAL 1-4 EXCLUSIONS  =         0
 TOTAL NON-EXCLUSIONS  =         0
  
 CHARMM>            if ?npair .gt. 0 goto doinit
 RDCMND substituted energy or value "?NPAIR" to "0"
 Comparing "0" and "0".
 IF test evaluated as false.  Skipping command
  
 CHARMM>     
  
 CHARMM>            calc cntrand = 0
Evaluating: 0
 Parameter: CNTRAND <- "0"
  
 CHARMM>            increase i by 1
 Parameter: I <- "21"
  
 CHARMM>            if i .le. @nion goto doinit
 Parameter: NION -> "50"
 Comparing "21" and "50".
 IF test evaluated as true.  Performing command
  
 CHARMM>     
  
 CHARMM>            calc cntrand = @cntrand + 1
 Parameter: CNTRAND -> "0"
Evaluating: 0+1
 Parameter: CNTRAND <- "1"
  
 CHARMM>            if cntrand .gt. 100 stop ! ABNORMAL TERMINATION: ion placing may not work.. stop here
 Comparing "1" and "100".
 IF test evaluated as false.  Skipping command
  
 CHARMM>     
  
 CHARMM>            calc j = @i
 Parameter: I -> "21"
Evaluating: 21
 Parameter: J <- "21"
  
 CHARMM>            set ion = POS
 Parameter: ION <- "POS"
  
 CHARMM>     
  
 CHARMM>            if j .gt. @npos then
 Parameter: NPOS -> "36"
 Comparing "21" and "36".
 IF test evaluated as false.  Skip to ELSE or ENDIF
  
 CHARMM>     
  
 CHARMM>            define target select segid @ion .and. resid @j end
 Parameter: ION -> "POS"
 Parameter: J -> "21"
 SELRPN>      1 atoms have been selected out of  17424
  
 CHARMM>     
  
 CHARMM>            calc xpos = @A * ( ?random - 0.5 )
 Parameter: A -> "66.0740394"
 RDCMND substituted energy or value "?RANDOM" to "0.54028763"
Evaluating: 66.0740394*(0.54028763-0.5)
 Parameter: XPOS <- "2.66196645"
  
 CHARMM>            calc ypos = @B * ( ?random - 0.5 )
 Parameter: B -> "66.0740394"
 RDCMND substituted energy or value "?RANDOM" to "0.984257126"
Evaluating: 66.0740394*(0.984257126-0.5)
 Parameter: YPOS <- "31.9968244"
  
 CHARMM>            calc zpos = @C * ( ?random - 0.5 ) + @zcen
 Parameter: C -> "85"
 Parameter: ZCEN -> "0"
 RDCMND substituted energy or value "?RANDOM" to "7.459733589E-02"
Evaluating: 85*(7.459733589E-02-0.5)+0
 Parameter: ZPOS <- "-36.1592264"
  
 CHARMM>     
  
 CHARMM>            if zpos .gt. -15 if zpos .lt. 15 goto doinit
 Comparing "-36.1592264" and "-15".
 IF test evaluated as false.  Skipping command
  
 CHARMM>     
  
 CHARMM>            ! move target to selected position
  
 CHARMM>            coor stat select target end
 SELRPN>      1 atoms have been selected out of  17424
 STATISTICS FOR         1 SELECTED ATOMS:
    XMIN =    0.000000 XMAX =    0.000000 XAVE =    0.000000
    YMIN =    0.000000 YMAX =    0.000000 YAVE =    0.000000
    ZMIN =    0.000000 ZMAX =    0.000000 ZAVE =    0.000000
    WMIN =    1.000000 WMAX =    1.000000 WAVE =    1.000000
  
 CHARMM>            calc xtran = @xpos - ?xave
 Parameter: XPOS -> "2.66196645"
 RDCMND substituted energy or value "?XAVE" to "0"
Evaluating: 2.66196645-0
 Parameter: XTRAN <- "2.66196645"
  
 CHARMM>            calc ytran = @ypos - ?yave
 Parameter: YPOS -> "31.9968244"
 RDCMND substituted energy or value "?YAVE" to "0"
Evaluating: 31.9968244-0
 Parameter: YTRAN <- "31.9968244"
  
 CHARMM>            calc ztran = @zpos - ?zave
 Parameter: ZPOS -> "-36.1592264"
 RDCMND substituted energy or value "?ZAVE" to "0"
Evaluating: -36.1592264-0
 Parameter: ZTRAN <- "-36.1592264"
  
 CHARMM>            coor trans xdir @xtran ydir @ytran zdir @ztran select target end
 Parameter: XTRAN -> "2.66196645"
 Parameter: YTRAN -> "31.9968244"
 Parameter: ZTRAN -> "-36.1592264"
 SELRPN>      1 atoms have been selected out of  17424
 TRANSLATION VECTOR     2.661966   31.996824  -36.159226
 SELECTED COORDINATES TRANSLATED IN THE MAIN SET.

  
 CHARMM>     
  
 CHARMM>            ! apply a random rotation along XYZ
  
 CHARMM>            calc xphi = ?random * 360.0
 RDCMND substituted energy or value "?RANDOM" to "5.344370702E-02"
Evaluating: 5.344370702E-02*360.0
 Parameter: XPHI <- "19.2397345"
  
 CHARMM>            calc yphi = ?random * 360.0
 RDCMND substituted energy or value "?RANDOM" to "0.45648122"
Evaluating: 0.45648122*360.0
 Parameter: YPHI <- "164.333239"
  
 CHARMM>            calc zphi = ?random * 360.0
 RDCMND substituted energy or value "?RANDOM" to "0.599305348"
Evaluating: 0.599305348*360.0
 Parameter: ZPHI <- "215.749925"
  
 CHARMM>            coor rotate xcen @xpos ycen @ypos zcen @zpos xdir 1.0 -
 CHARMM>                phi @xphi select target end
 Parameter: XPOS -> "2.66196645"
 Parameter: YPOS -> "31.9968244"
 Parameter: ZPOS -> "-36.1592264"
 Parameter: XPHI -> "19.2397345"
 SELRPN>      1 atoms have been selected out of  17424
 ROTATION MATRIX
    1.000000    0.000000    0.000000
    0.000000    0.944148    0.329521
    0.000000   -0.329521    0.944148

 AXIS OF ROTATION IS  1.000000  0.000000  0.000000  ANGLE IS   19.24

 SELECTED COORDINATES ROTATED IN THE MAIN SET.

  
 CHARMM>            coor rotate xcen @xpos ycen @ypos zcen @zpos ydir 1.0 -
 CHARMM>                phi @yphi select target end
 Parameter: XPOS -> "2.66196645"
 Parameter: YPOS -> "31.9968244"
 Parameter: ZPOS -> "-36.1592264"
 Parameter: YPHI -> "164.333239"
 SELRPN>      1 atoms have been selected out of  17424
 ROTATION MATRIX
   -0.962849    0.000000   -0.270042
    0.000000    1.000000    0.000000
    0.270042    0.000000   -0.962849

 AXIS OF ROTATION IS  0.000000  1.000000  0.000000  ANGLE IS  164.33

 SELECTED COORDINATES ROTATED IN THE MAIN SET.

  
 CHARMM>            coor rotate xcen @xpos ycen @ypos zcen @zpos zdir 1.0 -
 CHARMM>                phi @zphi select target end
 Parameter: XPOS -> "2.66196645"
 Parameter: YPOS -> "31.9968244"
 Parameter: ZPOS -> "-36.1592264"
 Parameter: ZPHI -> "215.749925"
 SELRPN>      1 atoms have been selected out of  17424
 ROTATION MATRIX
   -0.811575   -0.584249    0.000000
    0.584249   -0.811575    0.000000
    0.000000    0.000000    1.000000

 AXIS OF ROTATION IS  0.000000  0.000000 -1.000000  ANGLE IS  144.25

 SELECTED COORDINATES ROTATED IN THE MAIN SET.

  
 CHARMM>     
  
 CHARMM>     
  
 CHARMM>            calc dcut = 3.5
Evaluating: 3.5
 Parameter: DCUT <- "3.5"
  
 CHARMM>     
  
 CHARMM>            coor stat sele target end
 SELRPN>      1 atoms have been selected out of  17424
 STATISTICS FOR         1 SELECTED ATOMS:
    XMIN =    2.661966 XMAX =    2.661966 XAVE =    2.661966
    YMIN =   31.996824 YMAX =   31.996824 YAVE =   31.996824
    ZMIN =  -36.159226 ZMAX =  -36.159226 ZAVE =  -36.159226
    WMIN =    1.000000 WMAX =    1.000000 WAVE =    1.000000
  
 CHARMM>            calc xmax = ?xmax + @dcut
 Parameter: DCUT -> "3.5"
 RDCMND substituted energy or value "?XMAX" to "2.66196645"
Evaluating: 2.66196645+3.5
 Parameter: XMAX <- "6.16196645"
  
 CHARMM>            calc ymax = ?ymax + @dcut
 Parameter: DCUT -> "3.5"
 RDCMND substituted energy or value "?YMAX" to "31.9968244"
Evaluating: 31.9968244+3.5
 Parameter: YMAX <- "35.4968244"
  
 CHARMM>            calc zmax = ?zmax + @dcut
 Parameter: DCUT -> "3.5"
 RDCMND substituted energy or value "?ZMAX" to "-36.1592264"
Evaluating: -36.1592264+3.5
 Parameter: ZMAX <- "-32.6592264"
  
 CHARMM>            calc xmin = ?xmin - @dcut
 Parameter: DCUT -> "3.5"
 RDCMND substituted energy or value "?XMIN" to "2.66196645"
Evaluating: 2.66196645-3.5
 Parameter: XMIN <- "-0.83803355"
  
 CHARMM>            calc ymin = ?ymin - @dcut
 Parameter: DCUT -> "3.5"
 RDCMND substituted energy or value "?YMIN" to "31.9968244"
Evaluating: 31.9968244-3.5
 Parameter: YMIN <- "28.4968244"
  
 CHARMM>            calc zmin = ?zmin - @dcut
 Parameter: DCUT -> "3.5"
 RDCMND substituted energy or value "?ZMIN" to "-36.1592264"
Evaluating: -36.1592264-3.5
 Parameter: ZMIN <- "-39.6592264"
  
 CHARMM>     
  
 CHARMM>            define JUNK sele .not. target .and. -
 CHARMM>                             prop X .lt. @xmax .and. prop X .gt. @xmin .and. -
 CHARMM>                             prop Y .lt. @ymax .and. prop Y .gt. @ymin .and. -
 CHARMM>                             prop Z .lt. @zmax .and. prop Z .gt. @zmin  end
 Parameter: XMAX -> "6.16196645"
 Parameter: XMIN -> "-0.83803355"
 Parameter: YMAX -> "35.4968244"
 Parameter: YMIN -> "28.4968244"
 Parameter: ZMAX -> "-32.6592264"
 Parameter: ZMIN -> "-39.6592264"
 SELRPN>      0 atoms have been selected out of  17424
  
 CHARMM>     
  
 CHARMM>            ! check if the ions are too close to protein
  
 CHARMM>            define XXX sele PROT end
 SELRPN>    136 atoms have been selected out of  17424
  
 CHARMM>            if ?nsel .gt. 0 then
 RDCMND substituted energy or value "?NSEL" to "136"
 Comparing "136" and "0".
 IF test evaluated as true.  Performing command
  
 CHARMM>                coor dist cut 10.0 sele target end -
 CHARMM>                                   sele PROT .and. JUNK .and. .not. hydrogen end image
 SELRPN>      1 atoms have been selected out of  27773
 SELRPN>      0 atoms have been selected out of  27773

            DISTANCES FOR SELECTED ATOMS
            ONLY ONE SELECTION SET SPECIFIED, A COMPARISON WILL BE DONE
 TOTAL EXCLUSION COUNT =         0
 TOTAL 1-4 EXCLUSIONS  =         0
 TOTAL NON-EXCLUSIONS  =         0
  
 CHARMM>                if ?npair .gt. 0 goto doinit
 RDCMND substituted energy or value "?NPAIR" to "0"
 Comparing "0" and "0".
 IF test evaluated as false.  Skipping command
  
 CHARMM>            endif
  
 CHARMM>     
  
 CHARMM>            ! check if the ions are too close to solute
  
 CHARMM>            coor dist cut 4.0 sele target end sele JUNK .and. .not. hydrogen end image
 SELRPN>      1 atoms have been selected out of  27773
 SELRPN>      0 atoms have been selected out of  27773

            DISTANCES FOR SELECTED ATOMS
            ONLY ONE SELECTION SET SPECIFIED, A COMPARISON WILL BE DONE
 TOTAL EXCLUSION COUNT =         0
 TOTAL 1-4 EXCLUSIONS  =         0
 TOTAL NON-EXCLUSIONS  =         0
  
 CHARMM>            if ?npair .gt. 0 goto doinit
 RDCMND substituted energy or value "?NPAIR" to "0"
 Comparing "0" and "0".
 IF test evaluated as false.  Skipping command
  
 CHARMM>     
  
 CHARMM>            calc cntrand = 0
Evaluating: 0
 Parameter: CNTRAND <- "0"
  
 CHARMM>            increase i by 1
 Parameter: I <- "22"
  
 CHARMM>            if i .le. @nion goto doinit
 Parameter: NION -> "50"
 Comparing "22" and "50".
 IF test evaluated as true.  Performing command
  
 CHARMM>     
  
 CHARMM>            calc cntrand = @cntrand + 1
 Parameter: CNTRAND -> "0"
Evaluating: 0+1
 Parameter: CNTRAND <- "1"
  
 CHARMM>            if cntrand .gt. 100 stop ! ABNORMAL TERMINATION: ion placing may not work.. stop here
 Comparing "1" and "100".
 IF test evaluated as false.  Skipping command
  
 CHARMM>     
  
 CHARMM>            calc j = @i
 Parameter: I -> "22"
Evaluating: 22
 Parameter: J <- "22"
  
 CHARMM>            set ion = POS
 Parameter: ION <- "POS"
  
 CHARMM>     
  
 CHARMM>            if j .gt. @npos then
 Parameter: NPOS -> "36"
 Comparing "22" and "36".
 IF test evaluated as false.  Skip to ELSE or ENDIF
  
 CHARMM>     
  
 CHARMM>            define target select segid @ion .and. resid @j end
 Parameter: ION -> "POS"
 Parameter: J -> "22"
 SELRPN>      1 atoms have been selected out of  17424
  
 CHARMM>     
  
 CHARMM>            calc xpos = @A * ( ?random - 0.5 )
 Parameter: A -> "66.0740394"
 RDCMND substituted energy or value "?RANDOM" to "0.864313132"
Evaluating: 66.0740394*(0.864313132-0.5)
 Parameter: XPOS <- "24.0716402"
  
 CHARMM>            calc ypos = @B * ( ?random - 0.5 )
 Parameter: B -> "66.0740394"
 RDCMND substituted energy or value "?RANDOM" to "0.593964713"
Evaluating: 66.0740394*(0.593964713-0.5)
 Parameter: YPOS <- "6.20862815"
  
 CHARMM>            calc zpos = @C * ( ?random - 0.5 ) + @zcen
 Parameter: C -> "85"
 Parameter: ZCEN -> "0"
 RDCMND substituted energy or value "?RANDOM" to "0.989758918"
Evaluating: 85*(0.989758918-0.5)+0
 Parameter: ZPOS <- "41.629508"
  
 CHARMM>     
  
 CHARMM>            if zpos .gt. -15 if zpos .lt. 15 goto doinit
 Comparing "41.629508" and "-15".
 IF test evaluated as true.  Performing command
 Comparing "41.629508" and "15".
 IF test evaluated as false.  Skipping command
  
 CHARMM>     
  
 CHARMM>            ! move target to selected position
  
 CHARMM>            coor stat select target end
 SELRPN>      1 atoms have been selected out of  17424
 STATISTICS FOR         1 SELECTED ATOMS:
    XMIN =    0.000000 XMAX =    0.000000 XAVE =    0.000000
    YMIN =    0.000000 YMAX =    0.000000 YAVE =    0.000000
    ZMIN =    0.000000 ZMAX =    0.000000 ZAVE =    0.000000
    WMIN =    1.000000 WMAX =    1.000000 WAVE =    1.000000
  
 CHARMM>            calc xtran = @xpos - ?xave
 Parameter: XPOS -> "24.0716402"
 RDCMND substituted energy or value "?XAVE" to "0"
Evaluating: 24.0716402-0
 Parameter: XTRAN <- "24.0716402"
  
 CHARMM>            calc ytran = @ypos - ?yave
 Parameter: YPOS -> "6.20862815"
 RDCMND substituted energy or value "?YAVE" to "0"
Evaluating: 6.20862815-0
 Parameter: YTRAN <- "6.20862815"
  
 CHARMM>            calc ztran = @zpos - ?zave
 Parameter: ZPOS -> "41.629508"
 RDCMND substituted energy or value "?ZAVE" to "0"
Evaluating: 41.629508-0
 Parameter: ZTRAN <- "41.629508"
  
 CHARMM>            coor trans xdir @xtran ydir @ytran zdir @ztran select target end
 Parameter: XTRAN -> "24.0716402"
 Parameter: YTRAN -> "6.20862815"
 Parameter: ZTRAN -> "41.629508"
 SELRPN>      1 atoms have been selected out of  17424
 TRANSLATION VECTOR    24.071640    6.208628   41.629508
 SELECTED COORDINATES TRANSLATED IN THE MAIN SET.

  
 CHARMM>     
  
 CHARMM>            ! apply a random rotation along XYZ
  
 CHARMM>            calc xphi = ?random * 360.0
 RDCMND substituted energy or value "?RANDOM" to "0.155927758"
Evaluating: 0.155927758*360.0
 Parameter: XPHI <- "56.1339929"
  
 CHARMM>            calc yphi = ?random * 360.0
 RDCMND substituted energy or value "?RANDOM" to "0.315888066"
Evaluating: 0.315888066*360.0
 Parameter: YPHI <- "113.719704"
  
 CHARMM>            calc zphi = ?random * 360.0
 RDCMND substituted energy or value "?RANDOM" to "3.672767676E-02"
Evaluating: 3.672767676E-02*360.0
 Parameter: ZPHI <- "13.2219636"
  
 CHARMM>            coor rotate xcen @xpos ycen @ypos zcen @zpos xdir 1.0 -
 CHARMM>                phi @xphi select target end
 Parameter: XPOS -> "24.0716402"
 Parameter: YPOS -> "6.20862815"
 Parameter: ZPOS -> "41.629508"
 Parameter: XPHI -> "56.1339929"
 SELRPN>      1 atoms have been selected out of  17424
 ROTATION MATRIX
    1.000000    0.000000    0.000000
    0.000000    0.557253    0.830343
    0.000000   -0.830343    0.557253

 AXIS OF ROTATION IS  1.000000  0.000000  0.000000  ANGLE IS   56.13

 SELECTED COORDINATES ROTATED IN THE MAIN SET.

  
 CHARMM>            coor rotate xcen @xpos ycen @ypos zcen @zpos ydir 1.0 -
 CHARMM>                phi @yphi select target end
 Parameter: XPOS -> "24.0716402"
 Parameter: YPOS -> "6.20862815"
 Parameter: ZPOS -> "41.629508"
 Parameter: YPHI -> "113.719704"
 SELRPN>      1 atoms have been selected out of  17424
 ROTATION MATRIX
   -0.402263    0.000000   -0.915524
    0.000000    1.000000    0.000000
    0.915524    0.000000   -0.402263

 AXIS OF ROTATION IS  0.000000  1.000000  0.000000  ANGLE IS  113.72

 SELECTED COORDINATES ROTATED IN THE MAIN SET.

  
 CHARMM>            coor rotate xcen @xpos ycen @ypos zcen @zpos zdir 1.0 -
 CHARMM>                phi @zphi select target end
 Parameter: XPOS -> "24.0716402"
 Parameter: YPOS -> "6.20862815"
 Parameter: ZPOS -> "41.629508"
 Parameter: ZPHI -> "13.2219636"
 SELRPN>      1 atoms have been selected out of  17424
 ROTATION MATRIX
    0.973491    0.228724    0.000000
   -0.228724    0.973491    0.000000
    0.000000    0.000000    1.000000

 AXIS OF ROTATION IS  0.000000  0.000000  1.000000  ANGLE IS   13.22

 SELECTED COORDINATES ROTATED IN THE MAIN SET.

  
 CHARMM>     
  
 CHARMM>     
  
 CHARMM>            calc dcut = 3.5
Evaluating: 3.5
 Parameter: DCUT <- "3.5"
  
 CHARMM>     
  
 CHARMM>            coor stat sele target end
 SELRPN>      1 atoms have been selected out of  17424
 STATISTICS FOR         1 SELECTED ATOMS:
    XMIN =   24.071640 XMAX =   24.071640 XAVE =   24.071640
    YMIN =    6.208628 YMAX =    6.208628 YAVE =    6.208628
    ZMIN =   41.629508 ZMAX =   41.629508 ZAVE =   41.629508
    WMIN =    1.000000 WMAX =    1.000000 WAVE =    1.000000
  
 CHARMM>            calc xmax = ?xmax + @dcut
 Parameter: DCUT -> "3.5"
 RDCMND substituted energy or value "?XMAX" to "24.0716402"
Evaluating: 24.0716402+3.5
 Parameter: XMAX <- "27.5716402"
  
 CHARMM>            calc ymax = ?ymax + @dcut
 Parameter: DCUT -> "3.5"
 RDCMND substituted energy or value "?YMAX" to "6.20862815"
Evaluating: 6.20862815+3.5
 Parameter: YMAX <- "9.70862815"
  
 CHARMM>            calc zmax = ?zmax + @dcut
 Parameter: DCUT -> "3.5"
 RDCMND substituted energy or value "?ZMAX" to "41.629508"
Evaluating: 41.629508+3.5
 Parameter: ZMAX <- "45.129508"
  
 CHARMM>            calc xmin = ?xmin - @dcut
 Parameter: DCUT -> "3.5"
 RDCMND substituted energy or value "?XMIN" to "24.0716402"
Evaluating: 24.0716402-3.5
 Parameter: XMIN <- "20.5716402"
  
 CHARMM>            calc ymin = ?ymin - @dcut
 Parameter: DCUT -> "3.5"
 RDCMND substituted energy or value "?YMIN" to "6.20862815"
Evaluating: 6.20862815-3.5
 Parameter: YMIN <- "2.70862815"
  
 CHARMM>            calc zmin = ?zmin - @dcut
 Parameter: DCUT -> "3.5"
 RDCMND substituted energy or value "?ZMIN" to "41.629508"
Evaluating: 41.629508-3.5
 Parameter: ZMIN <- "38.129508"
  
 CHARMM>     
  
 CHARMM>            define JUNK sele .not. target .and. -
 CHARMM>                             prop X .lt. @xmax .and. prop X .gt. @xmin .and. -
 CHARMM>                             prop Y .lt. @ymax .and. prop Y .gt. @ymin .and. -
 CHARMM>                             prop Z .lt. @zmax .and. prop Z .gt. @zmin  end
 Parameter: XMAX -> "27.5716402"
 Parameter: XMIN -> "20.5716402"
 Parameter: YMAX -> "9.70862815"
 Parameter: YMIN -> "2.70862815"
 Parameter: ZMAX -> "45.129508"
 Parameter: ZMIN -> "38.129508"
 SELRPN>      0 atoms have been selected out of  17424
  
 CHARMM>     
  
 CHARMM>            ! check if the ions are too close to protein
  
 CHARMM>            define XXX sele PROT end
 SELRPN>    136 atoms have been selected out of  17424
  
 CHARMM>            if ?nsel .gt. 0 then
 RDCMND substituted energy or value "?NSEL" to "136"
 Comparing "136" and "0".
 IF test evaluated as true.  Performing command
  
 CHARMM>                coor dist cut 10.0 sele target end -
 CHARMM>                                   sele PROT .and. JUNK .and. .not. hydrogen end image
 SELRPN>      1 atoms have been selected out of  27773
 SELRPN>      0 atoms have been selected out of  27773

            DISTANCES FOR SELECTED ATOMS
            ONLY ONE SELECTION SET SPECIFIED, A COMPARISON WILL BE DONE
 TOTAL EXCLUSION COUNT =         0
 TOTAL 1-4 EXCLUSIONS  =         0
 TOTAL NON-EXCLUSIONS  =         0
  
 CHARMM>                if ?npair .gt. 0 goto doinit
 RDCMND substituted energy or value "?NPAIR" to "0"
 Comparing "0" and "0".
 IF test evaluated as false.  Skipping command
  
 CHARMM>            endif
  
 CHARMM>     
  
 CHARMM>            ! check if the ions are too close to solute
  
 CHARMM>            coor dist cut 4.0 sele target end sele JUNK .and. .not. hydrogen end image
 SELRPN>      1 atoms have been selected out of  27773
 SELRPN>      0 atoms have been selected out of  27773

            DISTANCES FOR SELECTED ATOMS
            ONLY ONE SELECTION SET SPECIFIED, A COMPARISON WILL BE DONE
 TOTAL EXCLUSION COUNT =         0
 TOTAL 1-4 EXCLUSIONS  =         0
 TOTAL NON-EXCLUSIONS  =         0
  
 CHARMM>            if ?npair .gt. 0 goto doinit
 RDCMND substituted energy or value "?NPAIR" to "0"
 Comparing "0" and "0".
 IF test evaluated as false.  Skipping command
  
 CHARMM>     
  
 CHARMM>            calc cntrand = 0
Evaluating: 0
 Parameter: CNTRAND <- "0"
  
 CHARMM>            increase i by 1
 Parameter: I <- "23"
  
 CHARMM>            if i .le. @nion goto doinit
 Parameter: NION -> "50"
 Comparing "23" and "50".
 IF test evaluated as true.  Performing command
  
 CHARMM>     
  
 CHARMM>            calc cntrand = @cntrand + 1
 Parameter: CNTRAND -> "0"
Evaluating: 0+1
 Parameter: CNTRAND <- "1"
  
 CHARMM>            if cntrand .gt. 100 stop ! ABNORMAL TERMINATION: ion placing may not work.. stop here
 Comparing "1" and "100".
 IF test evaluated as false.  Skipping command
  
 CHARMM>     
  
 CHARMM>            calc j = @i
 Parameter: I -> "23"
Evaluating: 23
 Parameter: J <- "23"
  
 CHARMM>            set ion = POS
 Parameter: ION <- "POS"
  
 CHARMM>     
  
 CHARMM>            if j .gt. @npos then
 Parameter: NPOS -> "36"
 Comparing "23" and "36".
 IF test evaluated as false.  Skip to ELSE or ENDIF
  
 CHARMM>     
  
 CHARMM>            define target select segid @ion .and. resid @j end
 Parameter: ION -> "POS"
 Parameter: J -> "23"
 SELRPN>      1 atoms have been selected out of  17424
  
 CHARMM>     
  
 CHARMM>            calc xpos = @A * ( ?random - 0.5 )
 Parameter: A -> "66.0740394"
 RDCMND substituted energy or value "?RANDOM" to "0.444693834"
Evaluating: 66.0740394*(0.444693834-0.5)
 Parameter: XPOS <- "-3.65430179"
  
 CHARMM>            calc ypos = @B * ( ?random - 0.5 )
 Parameter: B -> "66.0740394"
 RDCMND substituted energy or value "?RANDOM" to "0.621152673"
Evaluating: 66.0740394*(0.621152673-0.5)
 Parameter: YPOS <- "8.00504649"
  
 CHARMM>            calc zpos = @C * ( ?random - 0.5 ) + @zcen
 Parameter: C -> "85"
 Parameter: ZCEN -> "0"
 RDCMND substituted energy or value "?RANDOM" to "0.959708138"
Evaluating: 85*(0.959708138-0.5)+0
 Parameter: ZPOS <- "39.0751917"
  
 CHARMM>     
  
 CHARMM>            if zpos .gt. -15 if zpos .lt. 15 goto doinit
 Comparing "39.0751917" and "-15".
 IF test evaluated as true.  Performing command
 Comparing "39.0751917" and "15".
 IF test evaluated as false.  Skipping command
  
 CHARMM>     
  
 CHARMM>            ! move target to selected position
  
 CHARMM>            coor stat select target end
 SELRPN>      1 atoms have been selected out of  17424
 STATISTICS FOR         1 SELECTED ATOMS:
    XMIN =    0.000000 XMAX =    0.000000 XAVE =    0.000000
    YMIN =    0.000000 YMAX =    0.000000 YAVE =    0.000000
    ZMIN =    0.000000 ZMAX =    0.000000 ZAVE =    0.000000
    WMIN =    1.000000 WMAX =    1.000000 WAVE =    1.000000
  
 CHARMM>            calc xtran = @xpos - ?xave
 Parameter: XPOS -> "-3.65430179"
 RDCMND substituted energy or value "?XAVE" to "0"
Evaluating: -3.65430179-0
 Parameter: XTRAN <- "-3.65430179"
  
 CHARMM>            calc ytran = @ypos - ?yave
 Parameter: YPOS -> "8.00504649"
 RDCMND substituted energy or value "?YAVE" to "0"
Evaluating: 8.00504649-0
 Parameter: YTRAN <- "8.00504649"
  
 CHARMM>            calc ztran = @zpos - ?zave
 Parameter: ZPOS -> "39.0751917"
 RDCMND substituted energy or value "?ZAVE" to "0"
Evaluating: 39.0751917-0
 Parameter: ZTRAN <- "39.0751917"
  
 CHARMM>            coor trans xdir @xtran ydir @ytran zdir @ztran select target end
 Parameter: XTRAN -> "-3.65430179"
 Parameter: YTRAN -> "8.00504649"
 Parameter: ZTRAN -> "39.0751917"
 SELRPN>      1 atoms have been selected out of  17424
 TRANSLATION VECTOR    -3.654302    8.005046   39.075192
 SELECTED COORDINATES TRANSLATED IN THE MAIN SET.

  
 CHARMM>     
  
 CHARMM>            ! apply a random rotation along XYZ
  
 CHARMM>            calc xphi = ?random * 360.0
 RDCMND substituted energy or value "?RANDOM" to "0.402329746"
Evaluating: 0.402329746*360.0
 Parameter: XPHI <- "144.838709"
  
 CHARMM>            calc yphi = ?random * 360.0
 RDCMND substituted energy or value "?RANDOM" to "0.921033701"
Evaluating: 0.921033701*360.0
 Parameter: YPHI <- "331.572132"
  
 CHARMM>            calc zphi = ?random * 360.0
 RDCMND substituted energy or value "?RANDOM" to "0.203396751"
Evaluating: 0.203396751*360.0
 Parameter: ZPHI <- "73.2228304"
  
 CHARMM>            coor rotate xcen @xpos ycen @ypos zcen @zpos xdir 1.0 -
 CHARMM>                phi @xphi select target end
 Parameter: XPOS -> "-3.65430179"
 Parameter: YPOS -> "8.00504649"
 Parameter: ZPOS -> "39.0751917"
 Parameter: XPHI -> "144.838709"
 SELRPN>      1 atoms have been selected out of  17424
 ROTATION MATRIX
    1.000000    0.000000    0.000000
    0.000000   -0.817534    0.575880
    0.000000   -0.575880   -0.817534

 AXIS OF ROTATION IS  1.000000  0.000000  0.000000  ANGLE IS  144.84

 SELECTED COORDINATES ROTATED IN THE MAIN SET.

  
 CHARMM>            coor rotate xcen @xpos ycen @ypos zcen @zpos ydir 1.0 -
 CHARMM>                phi @yphi select target end
 Parameter: XPOS -> "-3.65430179"
 Parameter: YPOS -> "8.00504649"
 Parameter: ZPOS -> "39.0751917"
 Parameter: YPHI -> "331.572132"
 SELRPN>      1 atoms have been selected out of  17424
 ROTATION MATRIX
    0.879417    0.000000    0.476052
    0.000000    1.000000    0.000000
   -0.476052    0.000000    0.879417

 AXIS OF ROTATION IS  0.000000 -1.000000  0.000000  ANGLE IS   28.43

 SELECTED COORDINATES ROTATED IN THE MAIN SET.

  
 CHARMM>            coor rotate xcen @xpos ycen @ypos zcen @zpos zdir 1.0 -
 CHARMM>                phi @zphi select target end
 Parameter: XPOS -> "-3.65430179"
 Parameter: YPOS -> "8.00504649"
 Parameter: ZPOS -> "39.0751917"
 Parameter: ZPHI -> "73.2228304"
 SELRPN>      1 atoms have been selected out of  17424
 ROTATION MATRIX
    0.288650    0.957435    0.000000
   -0.957435    0.288650    0.000000
    0.000000    0.000000    1.000000

 AXIS OF ROTATION IS  0.000000  0.000000  1.000000  ANGLE IS   73.22

 SELECTED COORDINATES ROTATED IN THE MAIN SET.

  
 CHARMM>     
  
 CHARMM>     
  
 CHARMM>            calc dcut = 3.5
Evaluating: 3.5
 Parameter: DCUT <- "3.5"
  
 CHARMM>     
  
 CHARMM>            coor stat sele target end
 SELRPN>      1 atoms have been selected out of  17424
 STATISTICS FOR         1 SELECTED ATOMS:
    XMIN =   -3.654302 XMAX =   -3.654302 XAVE =   -3.654302
    YMIN =    8.005046 YMAX =    8.005046 YAVE =    8.005046
    ZMIN =   39.075192 ZMAX =   39.075192 ZAVE =   39.075192
    WMIN =    1.000000 WMAX =    1.000000 WAVE =    1.000000
  
 CHARMM>            calc xmax = ?xmax + @dcut
 Parameter: DCUT -> "3.5"
 RDCMND substituted energy or value "?XMAX" to "-3.65430179"
Evaluating: -3.65430179+3.5
 Parameter: XMAX <- "-0.15430179"
  
 CHARMM>            calc ymax = ?ymax + @dcut
 Parameter: DCUT -> "3.5"
 RDCMND substituted energy or value "?YMAX" to "8.00504649"
Evaluating: 8.00504649+3.5
 Parameter: YMAX <- "11.5050465"
  
 CHARMM>            calc zmax = ?zmax + @dcut
 Parameter: DCUT -> "3.5"
 RDCMND substituted energy or value "?ZMAX" to "39.0751917"
Evaluating: 39.0751917+3.5
 Parameter: ZMAX <- "42.5751917"
  
 CHARMM>            calc xmin = ?xmin - @dcut
 Parameter: DCUT -> "3.5"
 RDCMND substituted energy or value "?XMIN" to "-3.65430179"
Evaluating: -3.65430179-3.5
 Parameter: XMIN <- "-7.15430179"
  
 CHARMM>            calc ymin = ?ymin - @dcut
 Parameter: DCUT -> "3.5"
 RDCMND substituted energy or value "?YMIN" to "8.00504649"
Evaluating: 8.00504649-3.5
 Parameter: YMIN <- "4.50504649"
  
 CHARMM>            calc zmin = ?zmin - @dcut
 Parameter: DCUT -> "3.5"
 RDCMND substituted energy or value "?ZMIN" to "39.0751917"
Evaluating: 39.0751917-3.5
 Parameter: ZMIN <- "35.5751917"
  
 CHARMM>     
  
 CHARMM>            define JUNK sele .not. target .and. -
 CHARMM>                             prop X .lt. @xmax .and. prop X .gt. @xmin .and. -
 CHARMM>                             prop Y .lt. @ymax .and. prop Y .gt. @ymin .and. -
 CHARMM>                             prop Z .lt. @zmax .and. prop Z .gt. @zmin  end
 Parameter: XMAX -> "-0.15430179"
 Parameter: XMIN -> "-7.15430179"
 Parameter: YMAX -> "11.5050465"
 Parameter: YMIN -> "4.50504649"
 Parameter: ZMAX -> "42.5751917"
 Parameter: ZMIN -> "35.5751917"
 SELRPN>      0 atoms have been selected out of  17424
  
 CHARMM>     
  
 CHARMM>            ! check if the ions are too close to protein
  
 CHARMM>            define XXX sele PROT end
 SELRPN>    136 atoms have been selected out of  17424
  
 CHARMM>            if ?nsel .gt. 0 then
 RDCMND substituted energy or value "?NSEL" to "136"
 Comparing "136" and "0".
 IF test evaluated as true.  Performing command
  
 CHARMM>                coor dist cut 10.0 sele target end -
 CHARMM>                                   sele PROT .and. JUNK .and. .not. hydrogen end image
 SELRPN>      1 atoms have been selected out of  27773
 SELRPN>      0 atoms have been selected out of  27773

            DISTANCES FOR SELECTED ATOMS
            ONLY ONE SELECTION SET SPECIFIED, A COMPARISON WILL BE DONE
 TOTAL EXCLUSION COUNT =         0
 TOTAL 1-4 EXCLUSIONS  =         0
 TOTAL NON-EXCLUSIONS  =         0
  
 CHARMM>                if ?npair .gt. 0 goto doinit
 RDCMND substituted energy or value "?NPAIR" to "0"
 Comparing "0" and "0".
 IF test evaluated as false.  Skipping command
  
 CHARMM>            endif
  
 CHARMM>     
  
 CHARMM>            ! check if the ions are too close to solute
  
 CHARMM>            coor dist cut 4.0 sele target end sele JUNK .and. .not. hydrogen end image
 SELRPN>      1 atoms have been selected out of  27773
 SELRPN>      0 atoms have been selected out of  27773

            DISTANCES FOR SELECTED ATOMS
            ONLY ONE SELECTION SET SPECIFIED, A COMPARISON WILL BE DONE
 TOTAL EXCLUSION COUNT =         0
 TOTAL 1-4 EXCLUSIONS  =         0
 TOTAL NON-EXCLUSIONS  =         0
  
 CHARMM>            if ?npair .gt. 0 goto doinit
 RDCMND substituted energy or value "?NPAIR" to "0"
 Comparing "0" and "0".
 IF test evaluated as false.  Skipping command
  
 CHARMM>     
  
 CHARMM>            calc cntrand = 0
Evaluating: 0
 Parameter: CNTRAND <- "0"
  
 CHARMM>            increase i by 1
 Parameter: I <- "24"
  
 CHARMM>            if i .le. @nion goto doinit
 Parameter: NION -> "50"
 Comparing "24" and "50".
 IF test evaluated as true.  Performing command
  
 CHARMM>     
  
 CHARMM>            calc cntrand = @cntrand + 1
 Parameter: CNTRAND -> "0"
Evaluating: 0+1
 Parameter: CNTRAND <- "1"
  
 CHARMM>            if cntrand .gt. 100 stop ! ABNORMAL TERMINATION: ion placing may not work.. stop here
 Comparing "1" and "100".
 IF test evaluated as false.  Skipping command
  
 CHARMM>     
  
 CHARMM>            calc j = @i
 Parameter: I -> "24"
Evaluating: 24
 Parameter: J <- "24"
  
 CHARMM>            set ion = POS
 Parameter: ION <- "POS"
  
 CHARMM>     
  
 CHARMM>            if j .gt. @npos then
 Parameter: NPOS -> "36"
 Comparing "24" and "36".
 IF test evaluated as false.  Skip to ELSE or ENDIF
  
 CHARMM>     
  
 CHARMM>            define target select segid @ion .and. resid @j end
 Parameter: ION -> "POS"
 Parameter: J -> "24"
 SELRPN>      1 atoms have been selected out of  17424
  
 CHARMM>     
  
 CHARMM>            calc xpos = @A * ( ?random - 0.5 )
 Parameter: A -> "66.0740394"
 RDCMND substituted energy or value "?RANDOM" to "0.71369541"
Evaluating: 66.0740394*(0.71369541-0.5)
 Parameter: XPOS <- "14.1197189"
  
 CHARMM>            calc ypos = @B * ( ?random - 0.5 )
 Parameter: B -> "66.0740394"
 RDCMND substituted energy or value "?RANDOM" to "0.622017001"
Evaluating: 66.0740394*(0.622017001-0.5)
 Parameter: YPOS <- "8.06215613"
  
 CHARMM>            calc zpos = @C * ( ?random - 0.5 ) + @zcen
 Parameter: C -> "85"
 Parameter: ZCEN -> "0"
 RDCMND substituted energy or value "?RANDOM" to "0.421509385"
Evaluating: 85*(0.421509385-0.5)+0
 Parameter: ZPOS <- "-6.67170228"
  
 CHARMM>     
  
 CHARMM>            if zpos .gt. -15 if zpos .lt. 15 goto doinit
 Comparing "-6.67170228" and "-15".
 IF test evaluated as true.  Performing command
 Comparing "-6.67170228" and "15".
 IF test evaluated as true.  Performing command
  
 CHARMM>     
  
 CHARMM>            calc cntrand = @cntrand + 1
 Parameter: CNTRAND -> "1"
Evaluating: 1+1
 Parameter: CNTRAND <- "2"
  
 CHARMM>            if cntrand .gt. 100 stop ! ABNORMAL TERMINATION: ion placing may not work.. stop here
 Comparing "2" and "100".
 IF test evaluated as false.  Skipping command
  
 CHARMM>     
  
 CHARMM>            calc j = @i
 Parameter: I -> "24"
Evaluating: 24
 Parameter: J <- "24"
  
 CHARMM>            set ion = POS
 Parameter: ION <- "POS"
  
 CHARMM>     
  
 CHARMM>            if j .gt. @npos then
 Parameter: NPOS -> "36"
 Comparing "24" and "36".
 IF test evaluated as false.  Skip to ELSE or ENDIF
  
 CHARMM>     
  
 CHARMM>            define target select segid @ion .and. resid @j end
 Parameter: ION -> "POS"
 Parameter: J -> "24"
 SELRPN>      1 atoms have been selected out of  17424
  
 CHARMM>     
  
 CHARMM>            calc xpos = @A * ( ?random - 0.5 )
 Parameter: A -> "66.0740394"
 RDCMND substituted energy or value "?RANDOM" to "9.288424011E-02"
Evaluating: 66.0740394*(9.288424011E-02-0.5)
 Parameter: XPOS <- "-26.8997828"
  
 CHARMM>            calc ypos = @B * ( ?random - 0.5 )
 Parameter: B -> "66.0740394"
 RDCMND substituted energy or value "?RANDOM" to "0.203294431"
Evaluating: 66.0740394*(0.203294431-0.5)
 Parameter: YPOS <- "-19.6045355"
  
 CHARMM>            calc zpos = @C * ( ?random - 0.5 ) + @zcen
 Parameter: C -> "85"
 Parameter: ZCEN -> "0"
 RDCMND substituted energy or value "?RANDOM" to "0.834947984"
Evaluating: 85*(0.834947984-0.5)+0
 Parameter: ZPOS <- "28.4705786"
  
 CHARMM>     
  
 CHARMM>            if zpos .gt. -15 if zpos .lt. 15 goto doinit
 Comparing "28.4705786" and "-15".
 IF test evaluated as true.  Performing command
 Comparing "28.4705786" and "15".
 IF test evaluated as false.  Skipping command
  
 CHARMM>     
  
 CHARMM>            ! move target to selected position
  
 CHARMM>            coor stat select target end
 SELRPN>      1 atoms have been selected out of  17424
 STATISTICS FOR         1 SELECTED ATOMS:
    XMIN =    0.000000 XMAX =    0.000000 XAVE =    0.000000
    YMIN =    0.000000 YMAX =    0.000000 YAVE =    0.000000
    ZMIN =    0.000000 ZMAX =    0.000000 ZAVE =    0.000000
    WMIN =    1.000000 WMAX =    1.000000 WAVE =    1.000000
  
 CHARMM>            calc xtran = @xpos - ?xave
 Parameter: XPOS -> "-26.8997828"
 RDCMND substituted energy or value "?XAVE" to "0"
Evaluating: -26.8997828-0
 Parameter: XTRAN <- "-26.8997828"
  
 CHARMM>            calc ytran = @ypos - ?yave
 Parameter: YPOS -> "-19.6045355"
 RDCMND substituted energy or value "?YAVE" to "0"
Evaluating: -19.6045355-0
 Parameter: YTRAN <- "-19.6045355"
  
 CHARMM>            calc ztran = @zpos - ?zave
 Parameter: ZPOS -> "28.4705786"
 RDCMND substituted energy or value "?ZAVE" to "0"
Evaluating: 28.4705786-0
 Parameter: ZTRAN <- "28.4705786"
  
 CHARMM>            coor trans xdir @xtran ydir @ytran zdir @ztran select target end
 Parameter: XTRAN -> "-26.8997828"
 Parameter: YTRAN -> "-19.6045355"
 Parameter: ZTRAN -> "28.4705786"
 SELRPN>      1 atoms have been selected out of  17424
 TRANSLATION VECTOR   -26.899783  -19.604536   28.470579
 SELECTED COORDINATES TRANSLATED IN THE MAIN SET.

  
 CHARMM>     
  
 CHARMM>            ! apply a random rotation along XYZ
  
 CHARMM>            calc xphi = ?random * 360.0
 RDCMND substituted energy or value "?RANDOM" to "0.345619654"
Evaluating: 0.345619654*360.0
 Parameter: XPHI <- "124.423075"
  
 CHARMM>            calc yphi = ?random * 360.0
 RDCMND substituted energy or value "?RANDOM" to "0.681522624"
Evaluating: 0.681522624*360.0
 Parameter: YPHI <- "245.348145"
  
 CHARMM>            calc zphi = ?random * 360.0
 RDCMND substituted energy or value "?RANDOM" to "0.836454844"
Evaluating: 0.836454844*360.0
 Parameter: ZPHI <- "301.123744"
  
 CHARMM>            coor rotate xcen @xpos ycen @ypos zcen @zpos xdir 1.0 -
 CHARMM>                phi @xphi select target end
 Parameter: XPOS -> "-26.8997828"
 Parameter: YPOS -> "-19.6045355"
 Parameter: ZPOS -> "28.4705786"
 Parameter: XPHI -> "124.423075"
 SELRPN>      1 atoms have been selected out of  17424
 ROTATION MATRIX
    1.000000    0.000000    0.000000
    0.000000   -0.565299    0.824886
    0.000000   -0.824886   -0.565299

 AXIS OF ROTATION IS  1.000000  0.000000  0.000000  ANGLE IS  124.42

 SELECTED COORDINATES ROTATED IN THE MAIN SET.

  
 CHARMM>            coor rotate xcen @xpos ycen @ypos zcen @zpos ydir 1.0 -
 CHARMM>                phi @yphi select target end
 Parameter: XPOS -> "-26.8997828"
 Parameter: YPOS -> "-19.6045355"
 Parameter: ZPOS -> "28.4705786"
 Parameter: YPHI -> "245.348145"
 SELRPN>      1 atoms have been selected out of  17424
 ROTATION MATRIX
   -0.417104    0.000000    0.908859
    0.000000    1.000000    0.000000
   -0.908859    0.000000   -0.417104

 AXIS OF ROTATION IS  0.000000 -1.000000  0.000000  ANGLE IS  114.65

 SELECTED COORDINATES ROTATED IN THE MAIN SET.

  
 CHARMM>            coor rotate xcen @xpos ycen @ypos zcen @zpos zdir 1.0 -
 CHARMM>                phi @zphi select target end
 Parameter: XPOS -> "-26.8997828"
 Parameter: YPOS -> "-19.6045355"
 Parameter: ZPOS -> "28.4705786"
 Parameter: ZPHI -> "301.123744"
 SELRPN>      1 atoms have been selected out of  17424
 ROTATION MATRIX
    0.516888   -0.856053    0.000000
    0.856053    0.516888    0.000000
    0.000000    0.000000    1.000000

 AXIS OF ROTATION IS  0.000000  0.000000 -1.000000  ANGLE IS   58.88

 SELECTED COORDINATES ROTATED IN THE MAIN SET.

  
 CHARMM>     
  
 CHARMM>     
  
 CHARMM>            calc dcut = 3.5
Evaluating: 3.5
 Parameter: DCUT <- "3.5"
  
 CHARMM>     
  
 CHARMM>            coor stat sele target end
 SELRPN>      1 atoms have been selected out of  17424
 STATISTICS FOR         1 SELECTED ATOMS:
    XMIN =  -26.899783 XMAX =  -26.899783 XAVE =  -26.899783
    YMIN =  -19.604536 YMAX =  -19.604536 YAVE =  -19.604536
    ZMIN =   28.470579 ZMAX =   28.470579 ZAVE =   28.470579
    WMIN =    1.000000 WMAX =    1.000000 WAVE =    1.000000
  
 CHARMM>            calc xmax = ?xmax + @dcut
 Parameter: DCUT -> "3.5"
 RDCMND substituted energy or value "?XMAX" to "-26.8997828"
Evaluating: -26.8997828+3.5
 Parameter: XMAX <- "-23.3997828"
  
 CHARMM>            calc ymax = ?ymax + @dcut
 Parameter: DCUT -> "3.5"
 RDCMND substituted energy or value "?YMAX" to "-19.6045355"
Evaluating: -19.6045355+3.5
 Parameter: YMAX <- "-16.1045355"
  
 CHARMM>            calc zmax = ?zmax + @dcut
 Parameter: DCUT -> "3.5"
 RDCMND substituted energy or value "?ZMAX" to "28.4705786"
Evaluating: 28.4705786+3.5
 Parameter: ZMAX <- "31.9705786"
  
 CHARMM>            calc xmin = ?xmin - @dcut
 Parameter: DCUT -> "3.5"
 RDCMND substituted energy or value "?XMIN" to "-26.8997828"
Evaluating: -26.8997828-3.5
 Parameter: XMIN <- "-30.3997828"
  
 CHARMM>            calc ymin = ?ymin - @dcut
 Parameter: DCUT -> "3.5"
 RDCMND substituted energy or value "?YMIN" to "-19.6045355"
Evaluating: -19.6045355-3.5
 Parameter: YMIN <- "-23.1045355"
  
 CHARMM>            calc zmin = ?zmin - @dcut
 Parameter: DCUT -> "3.5"
 RDCMND substituted energy or value "?ZMIN" to "28.4705786"
Evaluating: 28.4705786-3.5
 Parameter: ZMIN <- "24.9705786"
  
 CHARMM>     
  
 CHARMM>            define JUNK sele .not. target .and. -
 CHARMM>                             prop X .lt. @xmax .and. prop X .gt. @xmin .and. -
 CHARMM>                             prop Y .lt. @ymax .and. prop Y .gt. @ymin .and. -
 CHARMM>                             prop Z .lt. @zmax .and. prop Z .gt. @zmin  end
 Parameter: XMAX -> "-23.3997828"
 Parameter: XMIN -> "-30.3997828"
 Parameter: YMAX -> "-16.1045355"
 Parameter: YMIN -> "-23.1045355"
 Parameter: ZMAX -> "31.9705786"
 Parameter: ZMIN -> "24.9705786"
 SELRPN>      0 atoms have been selected out of  17424
  
 CHARMM>     
  
 CHARMM>            ! check if the ions are too close to protein
  
 CHARMM>            define XXX sele PROT end
 SELRPN>    136 atoms have been selected out of  17424
  
 CHARMM>            if ?nsel .gt. 0 then
 RDCMND substituted energy or value "?NSEL" to "136"
 Comparing "136" and "0".
 IF test evaluated as true.  Performing command
  
 CHARMM>                coor dist cut 10.0 sele target end -
 CHARMM>                                   sele PROT .and. JUNK .and. .not. hydrogen end image
 SELRPN>      1 atoms have been selected out of  27773
 SELRPN>      0 atoms have been selected out of  27773

            DISTANCES FOR SELECTED ATOMS
            ONLY ONE SELECTION SET SPECIFIED, A COMPARISON WILL BE DONE
 TOTAL EXCLUSION COUNT =         0
 TOTAL 1-4 EXCLUSIONS  =         0
 TOTAL NON-EXCLUSIONS  =         0
  
 CHARMM>                if ?npair .gt. 0 goto doinit
 RDCMND substituted energy or value "?NPAIR" to "0"
 Comparing "0" and "0".
 IF test evaluated as false.  Skipping command
  
 CHARMM>            endif
  
 CHARMM>     
  
 CHARMM>            ! check if the ions are too close to solute
  
 CHARMM>            coor dist cut 4.0 sele target end sele JUNK .and. .not. hydrogen end image
 SELRPN>      1 atoms have been selected out of  27773
 SELRPN>      0 atoms have been selected out of  27773

            DISTANCES FOR SELECTED ATOMS
            ONLY ONE SELECTION SET SPECIFIED, A COMPARISON WILL BE DONE
 TOTAL EXCLUSION COUNT =         0
 TOTAL 1-4 EXCLUSIONS  =         0
 TOTAL NON-EXCLUSIONS  =         0
  
 CHARMM>            if ?npair .gt. 0 goto doinit
 RDCMND substituted energy or value "?NPAIR" to "0"
 Comparing "0" and "0".
 IF test evaluated as false.  Skipping command
  
 CHARMM>     
  
 CHARMM>            calc cntrand = 0
Evaluating: 0
 Parameter: CNTRAND <- "0"
  
 CHARMM>            increase i by 1
 Parameter: I <- "25"
  
 CHARMM>            if i .le. @nion goto doinit
 Parameter: NION -> "50"
 Comparing "25" and "50".
 IF test evaluated as true.  Performing command
  
 CHARMM>     
  
 CHARMM>            calc cntrand = @cntrand + 1
 Parameter: CNTRAND -> "0"
Evaluating: 0+1
 Parameter: CNTRAND <- "1"
  
 CHARMM>            if cntrand .gt. 100 stop ! ABNORMAL TERMINATION: ion placing may not work.. stop here
 Comparing "1" and "100".
 IF test evaluated as false.  Skipping command
  
 CHARMM>     
  
 CHARMM>            calc j = @i
 Parameter: I -> "25"
Evaluating: 25
 Parameter: J <- "25"
  
 CHARMM>            set ion = POS
 Parameter: ION <- "POS"
  
 CHARMM>     
  
 CHARMM>            if j .gt. @npos then
 Parameter: NPOS -> "36"
 Comparing "25" and "36".
 IF test evaluated as false.  Skip to ELSE or ENDIF
  
 CHARMM>     
  
 CHARMM>            define target select segid @ion .and. resid @j end
 Parameter: ION -> "POS"
 Parameter: J -> "25"
 SELRPN>      1 atoms have been selected out of  17424
  
 CHARMM>     
  
 CHARMM>            calc xpos = @A * ( ?random - 0.5 )
 Parameter: A -> "66.0740394"
 RDCMND substituted energy or value "?RANDOM" to "0.762852335"
Evaluating: 66.0740394*(0.762852335-0.5)
 Parameter: XPOS <- "17.3677155"
  
 CHARMM>            calc ypos = @B * ( ?random - 0.5 )
 Parameter: B -> "66.0740394"
 RDCMND substituted energy or value "?RANDOM" to "0.32566425"
Evaluating: 66.0740394*(0.32566425-0.5)
 Parameter: YPOS <- "-11.5190672"
  
 CHARMM>            calc zpos = @C * ( ?random - 0.5 ) + @zcen
 Parameter: C -> "85"
 Parameter: ZCEN -> "0"
 RDCMND substituted energy or value "?RANDOM" to "0.96120032"
Evaluating: 85*(0.96120032-0.5)+0
 Parameter: ZPOS <- "39.2020272"
  
 CHARMM>     
  
 CHARMM>            if zpos .gt. -15 if zpos .lt. 15 goto doinit
 Comparing "39.2020272" and "-15".
 IF test evaluated as true.  Performing command
 Comparing "39.2020272" and "15".
 IF test evaluated as false.  Skipping command
  
 CHARMM>     
  
 CHARMM>            ! move target to selected position
  
 CHARMM>            coor stat select target end
 SELRPN>      1 atoms have been selected out of  17424
 STATISTICS FOR         1 SELECTED ATOMS:
    XMIN =    0.000000 XMAX =    0.000000 XAVE =    0.000000
    YMIN =    0.000000 YMAX =    0.000000 YAVE =    0.000000
    ZMIN =    0.000000 ZMAX =    0.000000 ZAVE =    0.000000
    WMIN =    1.000000 WMAX =    1.000000 WAVE =    1.000000
  
 CHARMM>            calc xtran = @xpos - ?xave
 Parameter: XPOS -> "17.3677155"
 RDCMND substituted energy or value "?XAVE" to "0"
Evaluating: 17.3677155-0
 Parameter: XTRAN <- "17.3677155"
  
 CHARMM>            calc ytran = @ypos - ?yave
 Parameter: YPOS -> "-11.5190672"
 RDCMND substituted energy or value "?YAVE" to "0"
Evaluating: -11.5190672-0
 Parameter: YTRAN <- "-11.5190672"
  
 CHARMM>            calc ztran = @zpos - ?zave
 Parameter: ZPOS -> "39.2020272"
 RDCMND substituted energy or value "?ZAVE" to "0"
Evaluating: 39.2020272-0
 Parameter: ZTRAN <- "39.2020272"
  
 CHARMM>            coor trans xdir @xtran ydir @ytran zdir @ztran select target end
 Parameter: XTRAN -> "17.3677155"
 Parameter: YTRAN -> "-11.5190672"
 Parameter: ZTRAN -> "39.2020272"
 SELRPN>      1 atoms have been selected out of  17424
 TRANSLATION VECTOR    17.367715  -11.519067   39.202027
 SELECTED COORDINATES TRANSLATED IN THE MAIN SET.

  
 CHARMM>     
  
 CHARMM>            ! apply a random rotation along XYZ
  
 CHARMM>            calc xphi = ?random * 360.0
 RDCMND substituted energy or value "?RANDOM" to "0.5920401"
Evaluating: 0.5920401*360.0
 Parameter: XPHI <- "213.134436"
  
 CHARMM>            calc yphi = ?random * 360.0
 RDCMND substituted energy or value "?RANDOM" to "0.283328193"
Evaluating: 0.283328193*360.0
 Parameter: YPHI <- "101.998149"
  
 CHARMM>            calc zphi = ?random * 360.0
 RDCMND substituted energy or value "?RANDOM" to "0.112021499"
Evaluating: 0.112021499*360.0
 Parameter: ZPHI <- "40.3277396"
  
 CHARMM>            coor rotate xcen @xpos ycen @ypos zcen @zpos xdir 1.0 -
 CHARMM>                phi @xphi select target end
 Parameter: XPOS -> "17.3677155"
 Parameter: YPOS -> "-11.5190672"
 Parameter: ZPOS -> "39.2020272"
 Parameter: XPHI -> "213.134436"
 SELRPN>      1 atoms have been selected out of  17424
 ROTATION MATRIX
    1.000000    0.000000    0.000000
    0.000000   -0.837390   -0.546605
    0.000000    0.546605   -0.837390

 AXIS OF ROTATION IS -1.000000  0.000000  0.000000  ANGLE IS  146.87

 SELECTED COORDINATES ROTATED IN THE MAIN SET.

  
 CHARMM>            coor rotate xcen @xpos ycen @ypos zcen @zpos ydir 1.0 -
 CHARMM>                phi @yphi select target end
 Parameter: XPOS -> "17.3677155"
 Parameter: YPOS -> "-11.5190672"
 Parameter: ZPOS -> "39.2020272"
 Parameter: YPHI -> "101.998149"
 SELRPN>      1 atoms have been selected out of  17424
 ROTATION MATRIX
   -0.207880    0.000000   -0.978154
    0.000000    1.000000    0.000000
    0.978154    0.000000   -0.207880

 AXIS OF ROTATION IS  0.000000  1.000000  0.000000  ANGLE IS  102.00

 SELECTED COORDINATES ROTATED IN THE MAIN SET.

  
 CHARMM>            coor rotate xcen @xpos ycen @ypos zcen @zpos zdir 1.0 -
 CHARMM>                phi @zphi select target end
 Parameter: XPOS -> "17.3677155"
 Parameter: YPOS -> "-11.5190672"
 Parameter: ZPOS -> "39.2020272"
 Parameter: ZPHI -> "40.3277396"
 SELRPN>      1 atoms have been selected out of  17424
 ROTATION MATRIX
    0.762355    0.647159    0.000000
   -0.647159    0.762355    0.000000
    0.000000    0.000000    1.000000

 AXIS OF ROTATION IS  0.000000  0.000000  1.000000  ANGLE IS   40.33

 SELECTED COORDINATES ROTATED IN THE MAIN SET.

  
 CHARMM>     
  
 CHARMM>     
  
 CHARMM>            calc dcut = 3.5
Evaluating: 3.5
 Parameter: DCUT <- "3.5"
  
 CHARMM>     
  
 CHARMM>            coor stat sele target end
 SELRPN>      1 atoms have been selected out of  17424
 STATISTICS FOR         1 SELECTED ATOMS:
    XMIN =   17.367715 XMAX =   17.367715 XAVE =   17.367715
    YMIN =  -11.519067 YMAX =  -11.519067 YAVE =  -11.519067
    ZMIN =   39.202027 ZMAX =   39.202027 ZAVE =   39.202027
    WMIN =    1.000000 WMAX =    1.000000 WAVE =    1.000000
  
 CHARMM>            calc xmax = ?xmax + @dcut
 Parameter: DCUT -> "3.5"
 RDCMND substituted energy or value "?XMAX" to "17.3677155"
Evaluating: 17.3677155+3.5
 Parameter: XMAX <- "20.8677155"
  
 CHARMM>            calc ymax = ?ymax + @dcut
 Parameter: DCUT -> "3.5"
 RDCMND substituted energy or value "?YMAX" to "-11.5190672"
Evaluating: -11.5190672+3.5
 Parameter: YMAX <- "-8.0190672"
  
 CHARMM>            calc zmax = ?zmax + @dcut
 Parameter: DCUT -> "3.5"
 RDCMND substituted energy or value "?ZMAX" to "39.2020272"
Evaluating: 39.2020272+3.5
 Parameter: ZMAX <- "42.7020272"
  
 CHARMM>            calc xmin = ?xmin - @dcut
 Parameter: DCUT -> "3.5"
 RDCMND substituted energy or value "?XMIN" to "17.3677155"
Evaluating: 17.3677155-3.5
 Parameter: XMIN <- "13.8677155"
  
 CHARMM>            calc ymin = ?ymin - @dcut
 Parameter: DCUT -> "3.5"
 RDCMND substituted energy or value "?YMIN" to "-11.5190672"
Evaluating: -11.5190672-3.5
 Parameter: YMIN <- "-15.0190672"
  
 CHARMM>            calc zmin = ?zmin - @dcut
 Parameter: DCUT -> "3.5"
 RDCMND substituted energy or value "?ZMIN" to "39.2020272"
Evaluating: 39.2020272-3.5
 Parameter: ZMIN <- "35.7020272"
  
 CHARMM>     
  
 CHARMM>            define JUNK sele .not. target .and. -
 CHARMM>                             prop X .lt. @xmax .and. prop X .gt. @xmin .and. -
 CHARMM>                             prop Y .lt. @ymax .and. prop Y .gt. @ymin .and. -
 CHARMM>                             prop Z .lt. @zmax .and. prop Z .gt. @zmin  end
 Parameter: XMAX -> "20.8677155"
 Parameter: XMIN -> "13.8677155"
 Parameter: YMAX -> "-8.0190672"
 Parameter: YMIN -> "-15.0190672"
 Parameter: ZMAX -> "42.7020272"
 Parameter: ZMIN -> "35.7020272"
 SELRPN>      0 atoms have been selected out of  17424
  
 CHARMM>     
  
 CHARMM>            ! check if the ions are too close to protein
  
 CHARMM>            define XXX sele PROT end
 SELRPN>    136 atoms have been selected out of  17424
  
 CHARMM>            if ?nsel .gt. 0 then
 RDCMND substituted energy or value "?NSEL" to "136"
 Comparing "136" and "0".
 IF test evaluated as true.  Performing command
  
 CHARMM>                coor dist cut 10.0 sele target end -
 CHARMM>                                   sele PROT .and. JUNK .and. .not. hydrogen end image
 SELRPN>      1 atoms have been selected out of  27773
 SELRPN>      0 atoms have been selected out of  27773

            DISTANCES FOR SELECTED ATOMS
            ONLY ONE SELECTION SET SPECIFIED, A COMPARISON WILL BE DONE
 TOTAL EXCLUSION COUNT =         0
 TOTAL 1-4 EXCLUSIONS  =         0
 TOTAL NON-EXCLUSIONS  =         0
  
 CHARMM>                if ?npair .gt. 0 goto doinit
 RDCMND substituted energy or value "?NPAIR" to "0"
 Comparing "0" and "0".
 IF test evaluated as false.  Skipping command
  
 CHARMM>            endif
  
 CHARMM>     
  
 CHARMM>            ! check if the ions are too close to solute
  
 CHARMM>            coor dist cut 4.0 sele target end sele JUNK .and. .not. hydrogen end image
 SELRPN>      1 atoms have been selected out of  27773
 SELRPN>      0 atoms have been selected out of  27773

            DISTANCES FOR SELECTED ATOMS
            ONLY ONE SELECTION SET SPECIFIED, A COMPARISON WILL BE DONE
 TOTAL EXCLUSION COUNT =         0
 TOTAL 1-4 EXCLUSIONS  =         0
 TOTAL NON-EXCLUSIONS  =         0
  
 CHARMM>            if ?npair .gt. 0 goto doinit
 RDCMND substituted energy or value "?NPAIR" to "0"
 Comparing "0" and "0".
 IF test evaluated as false.  Skipping command
  
 CHARMM>     
  
 CHARMM>            calc cntrand = 0
Evaluating: 0
 Parameter: CNTRAND <- "0"
  
 CHARMM>            increase i by 1
 Parameter: I <- "26"
  
 CHARMM>            if i .le. @nion goto doinit
 Parameter: NION -> "50"
 Comparing "26" and "50".
 IF test evaluated as true.  Performing command
  
 CHARMM>     
  
 CHARMM>            calc cntrand = @cntrand + 1
 Parameter: CNTRAND -> "0"
Evaluating: 0+1
 Parameter: CNTRAND <- "1"
  
 CHARMM>            if cntrand .gt. 100 stop ! ABNORMAL TERMINATION: ion placing may not work.. stop here
 Comparing "1" and "100".
 IF test evaluated as false.  Skipping command
  
 CHARMM>     
  
 CHARMM>            calc j = @i
 Parameter: I -> "26"
Evaluating: 26
 Parameter: J <- "26"
  
 CHARMM>            set ion = POS
 Parameter: ION <- "POS"
  
 CHARMM>     
  
 CHARMM>            if j .gt. @npos then
 Parameter: NPOS -> "36"
 Comparing "26" and "36".
 IF test evaluated as false.  Skip to ELSE or ENDIF
  
 CHARMM>     
  
 CHARMM>            define target select segid @ion .and. resid @j end
 Parameter: ION -> "POS"
 Parameter: J -> "26"
 SELRPN>      1 atoms have been selected out of  17424
  
 CHARMM>     
  
 CHARMM>            calc xpos = @A * ( ?random - 0.5 )
 Parameter: A -> "66.0740394"
 RDCMND substituted energy or value "?RANDOM" to "0.632948692"
Evaluating: 66.0740394*(0.632948692-0.5)
 Parameter: XPOS <- "8.78445711"
  
 CHARMM>            calc ypos = @B * ( ?random - 0.5 )
 Parameter: B -> "66.0740394"
 RDCMND substituted energy or value "?RANDOM" to "0.276855963"
Evaluating: 66.0740394*(0.276855963-0.5)
 Parameter: YPOS <- "-14.7440279"
  
 CHARMM>            calc zpos = @C * ( ?random - 0.5 ) + @zcen
 Parameter: C -> "85"
 Parameter: ZCEN -> "0"
 RDCMND substituted energy or value "?RANDOM" to "0.94407591"
Evaluating: 85*(0.94407591-0.5)+0
 Parameter: ZPOS <- "37.7464523"
  
 CHARMM>     
  
 CHARMM>            if zpos .gt. -15 if zpos .lt. 15 goto doinit
 Comparing "37.7464523" and "-15".
 IF test evaluated as true.  Performing command
 Comparing "37.7464523" and "15".
 IF test evaluated as false.  Skipping command
  
 CHARMM>     
  
 CHARMM>            ! move target to selected position
  
 CHARMM>            coor stat select target end
 SELRPN>      1 atoms have been selected out of  17424
 STATISTICS FOR         1 SELECTED ATOMS:
    XMIN =    0.000000 XMAX =    0.000000 XAVE =    0.000000
    YMIN =    0.000000 YMAX =    0.000000 YAVE =    0.000000
    ZMIN =    0.000000 ZMAX =    0.000000 ZAVE =    0.000000
    WMIN =    1.000000 WMAX =    1.000000 WAVE =    1.000000
  
 CHARMM>            calc xtran = @xpos - ?xave
 Parameter: XPOS -> "8.78445711"
 RDCMND substituted energy or value "?XAVE" to "0"
Evaluating: 8.78445711-0
 Parameter: XTRAN <- "8.78445711"
  
 CHARMM>            calc ytran = @ypos - ?yave
 Parameter: YPOS -> "-14.7440279"
 RDCMND substituted energy or value "?YAVE" to "0"
Evaluating: -14.7440279-0
 Parameter: YTRAN <- "-14.7440279"
  
 CHARMM>            calc ztran = @zpos - ?zave
 Parameter: ZPOS -> "37.7464523"
 RDCMND substituted energy or value "?ZAVE" to "0"
Evaluating: 37.7464523-0
 Parameter: ZTRAN <- "37.7464523"
  
 CHARMM>            coor trans xdir @xtran ydir @ytran zdir @ztran select target end
 Parameter: XTRAN -> "8.78445711"
 Parameter: YTRAN -> "-14.7440279"
 Parameter: ZTRAN -> "37.7464523"
 SELRPN>      1 atoms have been selected out of  17424
 TRANSLATION VECTOR     8.784457  -14.744028   37.746452
 SELECTED COORDINATES TRANSLATED IN THE MAIN SET.

  
 CHARMM>     
  
 CHARMM>            ! apply a random rotation along XYZ
  
 CHARMM>            calc xphi = ?random * 360.0
 RDCMND substituted energy or value "?RANDOM" to "0.873428289"
Evaluating: 0.873428289*360.0
 Parameter: XPHI <- "314.434184"
  
 CHARMM>            calc yphi = ?random * 360.0
 RDCMND substituted energy or value "?RANDOM" to "0.117769741"
Evaluating: 0.117769741*360.0
 Parameter: YPHI <- "42.3971068"
  
 CHARMM>            calc zphi = ?random * 360.0
 RDCMND substituted energy or value "?RANDOM" to "0.139940303"
Evaluating: 0.139940303*360.0
 Parameter: ZPHI <- "50.3785091"
  
 CHARMM>            coor rotate xcen @xpos ycen @ypos zcen @zpos xdir 1.0 -
 CHARMM>                phi @xphi select target end
 Parameter: XPOS -> "8.78445711"
 Parameter: YPOS -> "-14.7440279"
 Parameter: ZPOS -> "37.7464523"
 Parameter: XPHI -> "314.434184"
 SELRPN>      1 atoms have been selected out of  17424
 ROTATION MATRIX
    1.000000    0.000000    0.000000
    0.000000    0.700089   -0.714055
    0.000000    0.714055    0.700089

 AXIS OF ROTATION IS -1.000000  0.000000  0.000000  ANGLE IS   45.57

 SELECTED COORDINATES ROTATED IN THE MAIN SET.

  
 CHARMM>            coor rotate xcen @xpos ycen @ypos zcen @zpos ydir 1.0 -
 CHARMM>                phi @yphi select target end
 Parameter: XPOS -> "8.78445711"
 Parameter: YPOS -> "-14.7440279"
 Parameter: ZPOS -> "37.7464523"
 Parameter: YPHI -> "42.3971068"
 SELRPN>      1 atoms have been selected out of  17424
 ROTATION MATRIX
    0.738489    0.000000   -0.674265
    0.000000    1.000000    0.000000
    0.674265    0.000000    0.738489

 AXIS OF ROTATION IS  0.000000  1.000000  0.000000  ANGLE IS   42.40

 SELECTED COORDINATES ROTATED IN THE MAIN SET.

  
 CHARMM>            coor rotate xcen @xpos ycen @ypos zcen @zpos zdir 1.0 -
 CHARMM>                phi @zphi select target end
 Parameter: XPOS -> "8.78445711"
 Parameter: YPOS -> "-14.7440279"
 Parameter: ZPOS -> "37.7464523"
 Parameter: ZPHI -> "50.3785091"
 SELRPN>      1 atoms have been selected out of  17424
 ROTATION MATRIX
    0.637713    0.770274    0.000000
   -0.770274    0.637713    0.000000
    0.000000    0.000000    1.000000

 AXIS OF ROTATION IS  0.000000  0.000000  1.000000  ANGLE IS   50.38

 SELECTED COORDINATES ROTATED IN THE MAIN SET.

  
 CHARMM>     
  
 CHARMM>     
  
 CHARMM>            calc dcut = 3.5
Evaluating: 3.5
 Parameter: DCUT <- "3.5"
  
 CHARMM>     
  
 CHARMM>            coor stat sele target end
 SELRPN>      1 atoms have been selected out of  17424
 STATISTICS FOR         1 SELECTED ATOMS:
    XMIN =    8.784457 XMAX =    8.784457 XAVE =    8.784457
    YMIN =  -14.744028 YMAX =  -14.744028 YAVE =  -14.744028
    ZMIN =   37.746452 ZMAX =   37.746452 ZAVE =   37.746452
    WMIN =    1.000000 WMAX =    1.000000 WAVE =    1.000000
  
 CHARMM>            calc xmax = ?xmax + @dcut
 Parameter: DCUT -> "3.5"
 RDCMND substituted energy or value "?XMAX" to "8.78445711"
Evaluating: 8.78445711+3.5
 Parameter: XMAX <- "12.2844571"
  
 CHARMM>            calc ymax = ?ymax + @dcut
 Parameter: DCUT -> "3.5"
 RDCMND substituted energy or value "?YMAX" to "-14.7440279"
Evaluating: -14.7440279+3.5
 Parameter: YMAX <- "-11.2440279"
  
 CHARMM>            calc zmax = ?zmax + @dcut
 Parameter: DCUT -> "3.5"
 RDCMND substituted energy or value "?ZMAX" to "37.7464523"
Evaluating: 37.7464523+3.5
 Parameter: ZMAX <- "41.2464523"
  
 CHARMM>            calc xmin = ?xmin - @dcut
 Parameter: DCUT -> "3.5"
 RDCMND substituted energy or value "?XMIN" to "8.78445711"
Evaluating: 8.78445711-3.5
 Parameter: XMIN <- "5.28445711"
  
 CHARMM>            calc ymin = ?ymin - @dcut
 Parameter: DCUT -> "3.5"
 RDCMND substituted energy or value "?YMIN" to "-14.7440279"
Evaluating: -14.7440279-3.5
 Parameter: YMIN <- "-18.2440279"
  
 CHARMM>            calc zmin = ?zmin - @dcut
 Parameter: DCUT -> "3.5"
 RDCMND substituted energy or value "?ZMIN" to "37.7464523"
Evaluating: 37.7464523-3.5
 Parameter: ZMIN <- "34.2464523"
  
 CHARMM>     
  
 CHARMM>            define JUNK sele .not. target .and. -
 CHARMM>                             prop X .lt. @xmax .and. prop X .gt. @xmin .and. -
 CHARMM>                             prop Y .lt. @ymax .and. prop Y .gt. @ymin .and. -
 CHARMM>                             prop Z .lt. @zmax .and. prop Z .gt. @zmin  end
 Parameter: XMAX -> "12.2844571"
 Parameter: XMIN -> "5.28445711"
 Parameter: YMAX -> "-11.2440279"
 Parameter: YMIN -> "-18.2440279"
 Parameter: ZMAX -> "41.2464523"
 Parameter: ZMIN -> "34.2464523"
 SELRPN>      0 atoms have been selected out of  17424
  
 CHARMM>     
  
 CHARMM>            ! check if the ions are too close to protein
  
 CHARMM>            define XXX sele PROT end
 SELRPN>    136 atoms have been selected out of  17424
  
 CHARMM>            if ?nsel .gt. 0 then
 RDCMND substituted energy or value "?NSEL" to "136"
 Comparing "136" and "0".
 IF test evaluated as true.  Performing command
  
 CHARMM>                coor dist cut 10.0 sele target end -
 CHARMM>                                   sele PROT .and. JUNK .and. .not. hydrogen end image
 SELRPN>      1 atoms have been selected out of  27773
 SELRPN>      0 atoms have been selected out of  27773

            DISTANCES FOR SELECTED ATOMS
            ONLY ONE SELECTION SET SPECIFIED, A COMPARISON WILL BE DONE
 TOTAL EXCLUSION COUNT =         0
 TOTAL 1-4 EXCLUSIONS  =         0
 TOTAL NON-EXCLUSIONS  =         0
  
 CHARMM>                if ?npair .gt. 0 goto doinit
 RDCMND substituted energy or value "?NPAIR" to "0"
 Comparing "0" and "0".
 IF test evaluated as false.  Skipping command
  
 CHARMM>            endif
  
 CHARMM>     
  
 CHARMM>            ! check if the ions are too close to solute
  
 CHARMM>            coor dist cut 4.0 sele target end sele JUNK .and. .not. hydrogen end image
 SELRPN>      1 atoms have been selected out of  27773
 SELRPN>      0 atoms have been selected out of  27773

            DISTANCES FOR SELECTED ATOMS
            ONLY ONE SELECTION SET SPECIFIED, A COMPARISON WILL BE DONE
 TOTAL EXCLUSION COUNT =         0
 TOTAL 1-4 EXCLUSIONS  =         0
 TOTAL NON-EXCLUSIONS  =         0
  
 CHARMM>            if ?npair .gt. 0 goto doinit
 RDCMND substituted energy or value "?NPAIR" to "0"
 Comparing "0" and "0".
 IF test evaluated as false.  Skipping command
  
 CHARMM>     
  
 CHARMM>            calc cntrand = 0
Evaluating: 0
 Parameter: CNTRAND <- "0"
  
 CHARMM>            increase i by 1
 Parameter: I <- "27"
  
 CHARMM>            if i .le. @nion goto doinit
 Parameter: NION -> "50"
 Comparing "27" and "50".
 IF test evaluated as true.  Performing command
  
 CHARMM>     
  
 CHARMM>            calc cntrand = @cntrand + 1
 Parameter: CNTRAND -> "0"
Evaluating: 0+1
 Parameter: CNTRAND <- "1"
  
 CHARMM>            if cntrand .gt. 100 stop ! ABNORMAL TERMINATION: ion placing may not work.. stop here
 Comparing "1" and "100".
 IF test evaluated as false.  Skipping command
  
 CHARMM>     
  
 CHARMM>            calc j = @i
 Parameter: I -> "27"
Evaluating: 27
 Parameter: J <- "27"
  
 CHARMM>            set ion = POS
 Parameter: ION <- "POS"
  
 CHARMM>     
  
 CHARMM>            if j .gt. @npos then
 Parameter: NPOS -> "36"
 Comparing "27" and "36".
 IF test evaluated as false.  Skip to ELSE or ENDIF
  
 CHARMM>     
  
 CHARMM>            define target select segid @ion .and. resid @j end
 Parameter: ION -> "POS"
 Parameter: J -> "27"
 SELRPN>      1 atoms have been selected out of  17424
  
 CHARMM>     
  
 CHARMM>            calc xpos = @A * ( ?random - 0.5 )
 Parameter: A -> "66.0740394"
 RDCMND substituted energy or value "?RANDOM" to "6.890418103E-02"
Evaluating: 66.0740394*(6.890418103E-02-0.5)
 Parameter: XPOS <- "-28.4842421"
  
 CHARMM>            calc ypos = @B * ( ?random - 0.5 )
 Parameter: B -> "66.0740394"
 RDCMND substituted energy or value "?RANDOM" to "7.93945528E-03"
Evaluating: 66.0740394*(7.93945528E-03-0.5)
 Parameter: YPOS <- "-32.5124278"
  
 CHARMM>            calc zpos = @C * ( ?random - 0.5 ) + @zcen
 Parameter: C -> "85"
 Parameter: ZCEN -> "0"
 RDCMND substituted energy or value "?RANDOM" to "0.279717562"
Evaluating: 85*(0.279717562-0.5)+0
 Parameter: ZPOS <- "-18.7240072"
  
 CHARMM>     
  
 CHARMM>            if zpos .gt. -15 if zpos .lt. 15 goto doinit
 Comparing "-18.7240072" and "-15".
 IF test evaluated as false.  Skipping command
  
 CHARMM>     
  
 CHARMM>            ! move target to selected position
  
 CHARMM>            coor stat select target end
 SELRPN>      1 atoms have been selected out of  17424
 STATISTICS FOR         1 SELECTED ATOMS:
    XMIN =    0.000000 XMAX =    0.000000 XAVE =    0.000000
    YMIN =    0.000000 YMAX =    0.000000 YAVE =    0.000000
    ZMIN =    0.000000 ZMAX =    0.000000 ZAVE =    0.000000
    WMIN =    1.000000 WMAX =    1.000000 WAVE =    1.000000
  
 CHARMM>            calc xtran = @xpos - ?xave
 Parameter: XPOS -> "-28.4842421"
 RDCMND substituted energy or value "?XAVE" to "0"
Evaluating: -28.4842421-0
 Parameter: XTRAN <- "-28.4842421"
  
 CHARMM>            calc ytran = @ypos - ?yave
 Parameter: YPOS -> "-32.5124278"
 RDCMND substituted energy or value "?YAVE" to "0"
Evaluating: -32.5124278-0
 Parameter: YTRAN <- "-32.5124278"
  
 CHARMM>            calc ztran = @zpos - ?zave
 Parameter: ZPOS -> "-18.7240072"
 RDCMND substituted energy or value "?ZAVE" to "0"
Evaluating: -18.7240072-0
 Parameter: ZTRAN <- "-18.7240072"
  
 CHARMM>            coor trans xdir @xtran ydir @ytran zdir @ztran select target end
 Parameter: XTRAN -> "-28.4842421"
 Parameter: YTRAN -> "-32.5124278"
 Parameter: ZTRAN -> "-18.7240072"
 SELRPN>      1 atoms have been selected out of  17424
 TRANSLATION VECTOR   -28.484242  -32.512428  -18.724007
 SELECTED COORDINATES TRANSLATED IN THE MAIN SET.

  
 CHARMM>     
  
 CHARMM>            ! apply a random rotation along XYZ
  
 CHARMM>            calc xphi = ?random * 360.0
 RDCMND substituted energy or value "?RANDOM" to "0.916454118"
Evaluating: 0.916454118*360.0
 Parameter: XPHI <- "329.923482"
  
 CHARMM>            calc yphi = ?random * 360.0
 RDCMND substituted energy or value "?RANDOM" to "3.243613761E-02"
Evaluating: 3.243613761E-02*360.0
 Parameter: YPHI <- "11.6770095"
  
 CHARMM>            calc zphi = ?random * 360.0
 RDCMND substituted energy or value "?RANDOM" to "0.328652768"
Evaluating: 0.328652768*360.0
 Parameter: ZPHI <- "118.314996"
  
 CHARMM>            coor rotate xcen @xpos ycen @ypos zcen @zpos xdir 1.0 -
 CHARMM>                phi @xphi select target end
 Parameter: XPOS -> "-28.4842421"
 Parameter: YPOS -> "-32.5124278"
 Parameter: ZPOS -> "-18.7240072"
 Parameter: XPHI -> "329.923482"
 SELRPN>      1 atoms have been selected out of  17424
 ROTATION MATRIX
    1.000000    0.000000    0.000000
    0.000000    0.865357   -0.501156
    0.000000    0.501156    0.865357

 AXIS OF ROTATION IS -1.000000  0.000000  0.000000  ANGLE IS   30.08

 SELECTED COORDINATES ROTATED IN THE MAIN SET.

  
 CHARMM>            coor rotate xcen @xpos ycen @ypos zcen @zpos ydir 1.0 -
 CHARMM>                phi @yphi select target end
 Parameter: XPOS -> "-28.4842421"
 Parameter: YPOS -> "-32.5124278"
 Parameter: ZPOS -> "-18.7240072"
 Parameter: YPHI -> "11.6770095"
 SELRPN>      1 atoms have been selected out of  17424
 ROTATION MATRIX
    0.979304    0.000000   -0.202394
    0.000000    1.000000    0.000000
    0.202394    0.000000    0.979304

 AXIS OF ROTATION IS  0.000000  1.000000  0.000000  ANGLE IS   11.68

 SELECTED COORDINATES ROTATED IN THE MAIN SET.

  
 CHARMM>            coor rotate xcen @xpos ycen @ypos zcen @zpos zdir 1.0 -
 CHARMM>                phi @zphi select target end
 Parameter: XPOS -> "-28.4842421"
 Parameter: YPOS -> "-32.5124278"
 Parameter: ZPOS -> "-18.7240072"
 Parameter: ZPHI -> "118.314996"
 SELRPN>      1 atoms have been selected out of  17424
 ROTATION MATRIX
   -0.474319    0.880353    0.000000
   -0.880353   -0.474319    0.000000
    0.000000    0.000000    1.000000

 AXIS OF ROTATION IS  0.000000  0.000000  1.000000  ANGLE IS  118.31

 SELECTED COORDINATES ROTATED IN THE MAIN SET.

  
 CHARMM>     
  
 CHARMM>     
  
 CHARMM>            calc dcut = 3.5
Evaluating: 3.5
 Parameter: DCUT <- "3.5"
  
 CHARMM>     
  
 CHARMM>            coor stat sele target end
 SELRPN>      1 atoms have been selected out of  17424
 STATISTICS FOR         1 SELECTED ATOMS:
    XMIN =  -28.484242 XMAX =  -28.484242 XAVE =  -28.484242
    YMIN =  -32.512428 YMAX =  -32.512428 YAVE =  -32.512428
    ZMIN =  -18.724007 ZMAX =  -18.724007 ZAVE =  -18.724007
    WMIN =    1.000000 WMAX =    1.000000 WAVE =    1.000000
  
 CHARMM>            calc xmax = ?xmax + @dcut
 Parameter: DCUT -> "3.5"
 RDCMND substituted energy or value "?XMAX" to "-28.4842421"
Evaluating: -28.4842421+3.5
 Parameter: XMAX <- "-24.9842421"
  
 CHARMM>            calc ymax = ?ymax + @dcut
 Parameter: DCUT -> "3.5"
 RDCMND substituted energy or value "?YMAX" to "-32.5124278"
Evaluating: -32.5124278+3.5
 Parameter: YMAX <- "-29.0124278"
  
 CHARMM>            calc zmax = ?zmax + @dcut
 Parameter: DCUT -> "3.5"
 RDCMND substituted energy or value "?ZMAX" to "-18.7240072"
Evaluating: -18.7240072+3.5
 Parameter: ZMAX <- "-15.2240072"
  
 CHARMM>            calc xmin = ?xmin - @dcut
 Parameter: DCUT -> "3.5"
 RDCMND substituted energy or value "?XMIN" to "-28.4842421"
Evaluating: -28.4842421-3.5
 Parameter: XMIN <- "-31.9842421"
  
 CHARMM>            calc ymin = ?ymin - @dcut
 Parameter: DCUT -> "3.5"
 RDCMND substituted energy or value "?YMIN" to "-32.5124278"
Evaluating: -32.5124278-3.5
 Parameter: YMIN <- "-36.0124278"
  
 CHARMM>            calc zmin = ?zmin - @dcut
 Parameter: DCUT -> "3.5"
 RDCMND substituted energy or value "?ZMIN" to "-18.7240072"
Evaluating: -18.7240072-3.5
 Parameter: ZMIN <- "-22.2240072"
  
 CHARMM>     
  
 CHARMM>            define JUNK sele .not. target .and. -
 CHARMM>                             prop X .lt. @xmax .and. prop X .gt. @xmin .and. -
 CHARMM>                             prop Y .lt. @ymax .and. prop Y .gt. @ymin .and. -
 CHARMM>                             prop Z .lt. @zmax .and. prop Z .gt. @zmin  end
 Parameter: XMAX -> "-24.9842421"
 Parameter: XMIN -> "-31.9842421"
 Parameter: YMAX -> "-29.0124278"
 Parameter: YMIN -> "-36.0124278"
 Parameter: ZMAX -> "-15.2240072"
 Parameter: ZMIN -> "-22.2240072"
 SELRPN>      0 atoms have been selected out of  17424
  
 CHARMM>     
  
 CHARMM>            ! check if the ions are too close to protein
  
 CHARMM>            define XXX sele PROT end
 SELRPN>    136 atoms have been selected out of  17424
  
 CHARMM>            if ?nsel .gt. 0 then
 RDCMND substituted energy or value "?NSEL" to "136"
 Comparing "136" and "0".
 IF test evaluated as true.  Performing command
  
 CHARMM>                coor dist cut 10.0 sele target end -
 CHARMM>                                   sele PROT .and. JUNK .and. .not. hydrogen end image
 SELRPN>      1 atoms have been selected out of  27773
 SELRPN>      0 atoms have been selected out of  27773

            DISTANCES FOR SELECTED ATOMS
            ONLY ONE SELECTION SET SPECIFIED, A COMPARISON WILL BE DONE
 TOTAL EXCLUSION COUNT =         0
 TOTAL 1-4 EXCLUSIONS  =         0
 TOTAL NON-EXCLUSIONS  =         0
  
 CHARMM>                if ?npair .gt. 0 goto doinit
 RDCMND substituted energy or value "?NPAIR" to "0"
 Comparing "0" and "0".
 IF test evaluated as false.  Skipping command
  
 CHARMM>            endif
  
 CHARMM>     
  
 CHARMM>            ! check if the ions are too close to solute
  
 CHARMM>            coor dist cut 4.0 sele target end sele JUNK .and. .not. hydrogen end image
 SELRPN>      1 atoms have been selected out of  27773
 SELRPN>      0 atoms have been selected out of  27773

            DISTANCES FOR SELECTED ATOMS
            ONLY ONE SELECTION SET SPECIFIED, A COMPARISON WILL BE DONE
 TOTAL EXCLUSION COUNT =         0
 TOTAL 1-4 EXCLUSIONS  =         0
 TOTAL NON-EXCLUSIONS  =         0
  
 CHARMM>            if ?npair .gt. 0 goto doinit
 RDCMND substituted energy or value "?NPAIR" to "0"
 Comparing "0" and "0".
 IF test evaluated as false.  Skipping command
  
 CHARMM>     
  
 CHARMM>            calc cntrand = 0
Evaluating: 0
 Parameter: CNTRAND <- "0"
  
 CHARMM>            increase i by 1
 Parameter: I <- "28"
  
 CHARMM>            if i .le. @nion goto doinit
 Parameter: NION -> "50"
 Comparing "28" and "50".
 IF test evaluated as true.  Performing command
  
 CHARMM>     
  
 CHARMM>            calc cntrand = @cntrand + 1
 Parameter: CNTRAND -> "0"
Evaluating: 0+1
 Parameter: CNTRAND <- "1"
  
 CHARMM>            if cntrand .gt. 100 stop ! ABNORMAL TERMINATION: ion placing may not work.. stop here
 Comparing "1" and "100".
 IF test evaluated as false.  Skipping command
  
 CHARMM>     
  
 CHARMM>            calc j = @i
 Parameter: I -> "28"
Evaluating: 28
 Parameter: J <- "28"
  
 CHARMM>            set ion = POS
 Parameter: ION <- "POS"
  
 CHARMM>     
  
 CHARMM>            if j .gt. @npos then
 Parameter: NPOS -> "36"
 Comparing "28" and "36".
 IF test evaluated as false.  Skip to ELSE or ENDIF
  
 CHARMM>     
  
 CHARMM>            define target select segid @ion .and. resid @j end
 Parameter: ION -> "POS"
 Parameter: J -> "28"
 SELRPN>      1 atoms have been selected out of  17424
  
 CHARMM>     
  
 CHARMM>            calc xpos = @A * ( ?random - 0.5 )
 Parameter: A -> "66.0740394"
 RDCMND substituted energy or value "?RANDOM" to "0.564346724"
Evaluating: 66.0740394*(0.564346724-0.5)
 Parameter: XPOS <- "4.25164798"
  
 CHARMM>            calc ypos = @B * ( ?random - 0.5 )
 Parameter: B -> "66.0740394"
 RDCMND substituted energy or value "?RANDOM" to "0.810477926"
Evaluating: 66.0740394*(0.810477926-0.5)
 Parameter: YPOS <- "20.5145307"
  
 CHARMM>            calc zpos = @C * ( ?random - 0.5 ) + @zcen
 Parameter: C -> "85"
 Parameter: ZCEN -> "0"
 RDCMND substituted energy or value "?RANDOM" to "0.603426795"
Evaluating: 85*(0.603426795-0.5)+0
 Parameter: ZPOS <- "8.79127758"
  
 CHARMM>     
  
 CHARMM>            if zpos .gt. -15 if zpos .lt. 15 goto doinit
 Comparing "8.79127758" and "-15".
 IF test evaluated as true.  Performing command
 Comparing "8.79127758" and "15".
 IF test evaluated as true.  Performing command
  
 CHARMM>     
  
 CHARMM>            calc cntrand = @cntrand + 1
 Parameter: CNTRAND -> "1"
Evaluating: 1+1
 Parameter: CNTRAND <- "2"
  
 CHARMM>            if cntrand .gt. 100 stop ! ABNORMAL TERMINATION: ion placing may not work.. stop here
 Comparing "2" and "100".
 IF test evaluated as false.  Skipping command
  
 CHARMM>     
  
 CHARMM>            calc j = @i
 Parameter: I -> "28"
Evaluating: 28
 Parameter: J <- "28"
  
 CHARMM>            set ion = POS
 Parameter: ION <- "POS"
  
 CHARMM>     
  
 CHARMM>            if j .gt. @npos then
 Parameter: NPOS -> "36"
 Comparing "28" and "36".
 IF test evaluated as false.  Skip to ELSE or ENDIF
  
 CHARMM>     
  
 CHARMM>            define target select segid @ion .and. resid @j end
 Parameter: ION -> "POS"
 Parameter: J -> "28"
 SELRPN>      1 atoms have been selected out of  17424
  
 CHARMM>     
  
 CHARMM>            calc xpos = @A * ( ?random - 0.5 )
 Parameter: A -> "66.0740394"
 RDCMND substituted energy or value "?RANDOM" to "0.85133446"
Evaluating: 66.0740394*(0.85133446-0.5)
 Parameter: XPOS <- "23.214087"
  
 CHARMM>            calc ypos = @B * ( ?random - 0.5 )
 Parameter: B -> "66.0740394"
 RDCMND substituted energy or value "?RANDOM" to "0.652964083"
Evaluating: 66.0740394*(0.652964083-0.5)
 Parameter: YPOS <- "10.1069548"
  
 CHARMM>            calc zpos = @C * ( ?random - 0.5 ) + @zcen
 Parameter: C -> "85"
 Parameter: ZCEN -> "0"
 RDCMND substituted energy or value "?RANDOM" to "0.949590094"
Evaluating: 85*(0.949590094-0.5)+0
 Parameter: ZPOS <- "38.215158"
  
 CHARMM>     
  
 CHARMM>            if zpos .gt. -15 if zpos .lt. 15 goto doinit
 Comparing "38.215158" and "-15".
 IF test evaluated as true.  Performing command
 Comparing "38.215158" and "15".
 IF test evaluated as false.  Skipping command
  
 CHARMM>     
  
 CHARMM>            ! move target to selected position
  
 CHARMM>            coor stat select target end
 SELRPN>      1 atoms have been selected out of  17424
 STATISTICS FOR         1 SELECTED ATOMS:
    XMIN =    0.000000 XMAX =    0.000000 XAVE =    0.000000
    YMIN =    0.000000 YMAX =    0.000000 YAVE =    0.000000
    ZMIN =    0.000000 ZMAX =    0.000000 ZAVE =    0.000000
    WMIN =    1.000000 WMAX =    1.000000 WAVE =    1.000000
  
 CHARMM>            calc xtran = @xpos - ?xave
 Parameter: XPOS -> "23.214087"
 RDCMND substituted energy or value "?XAVE" to "0"
Evaluating: 23.214087-0
 Parameter: XTRAN <- "23.214087"
  
 CHARMM>            calc ytran = @ypos - ?yave
 Parameter: YPOS -> "10.1069548"
 RDCMND substituted energy or value "?YAVE" to "0"
Evaluating: 10.1069548-0
 Parameter: YTRAN <- "10.1069548"
  
 CHARMM>            calc ztran = @zpos - ?zave
 Parameter: ZPOS -> "38.215158"
 RDCMND substituted energy or value "?ZAVE" to "0"
Evaluating: 38.215158-0
 Parameter: ZTRAN <- "38.215158"
  
 CHARMM>            coor trans xdir @xtran ydir @ytran zdir @ztran select target end
 Parameter: XTRAN -> "23.214087"
 Parameter: YTRAN -> "10.1069548"
 Parameter: ZTRAN -> "38.215158"
 SELRPN>      1 atoms have been selected out of  17424
 TRANSLATION VECTOR    23.214087   10.106955   38.215158
 SELECTED COORDINATES TRANSLATED IN THE MAIN SET.

  
 CHARMM>     
  
 CHARMM>            ! apply a random rotation along XYZ
  
 CHARMM>            calc xphi = ?random * 360.0
 RDCMND substituted energy or value "?RANDOM" to "0.952334213"
Evaluating: 0.952334213*360.0
 Parameter: XPHI <- "342.840317"
  
 CHARMM>            calc yphi = ?random * 360.0
 RDCMND substituted energy or value "?RANDOM" to "0.373996605"
Evaluating: 0.373996605*360.0
 Parameter: YPHI <- "134.638778"
  
 CHARMM>            calc zphi = ?random * 360.0
 RDCMND substituted energy or value "?RANDOM" to "0.769192713"
Evaluating: 0.769192713*360.0
 Parameter: ZPHI <- "276.909377"
  
 CHARMM>            coor rotate xcen @xpos ycen @ypos zcen @zpos xdir 1.0 -
 CHARMM>                phi @xphi select target end
 Parameter: XPOS -> "23.214087"
 Parameter: YPOS -> "10.1069548"
 Parameter: ZPOS -> "38.215158"
 Parameter: XPHI -> "342.840317"
 SELRPN>      1 atoms have been selected out of  17424
 ROTATION MATRIX
    1.000000    0.000000    0.000000
    0.000000    0.955486   -0.295036
    0.000000    0.295036    0.955486

 AXIS OF ROTATION IS -1.000000  0.000000  0.000000  ANGLE IS   17.16

 SELECTED COORDINATES ROTATED IN THE MAIN SET.

  
 CHARMM>            coor rotate xcen @xpos ycen @ypos zcen @zpos ydir 1.0 -
 CHARMM>                phi @yphi select target end
 Parameter: XPOS -> "23.214087"
 Parameter: YPOS -> "10.1069548"
 Parameter: ZPOS -> "38.215158"
 Parameter: YPHI -> "134.638778"
 SELRPN>      1 atoms have been selected out of  17424
 ROTATION MATRIX
   -0.702635    0.000000   -0.711551
    0.000000    1.000000    0.000000
    0.711551    0.000000   -0.702635

 AXIS OF ROTATION IS  0.000000  1.000000  0.000000  ANGLE IS  134.64

 SELECTED COORDINATES ROTATED IN THE MAIN SET.

  
 CHARMM>            coor rotate xcen @xpos ycen @ypos zcen @zpos zdir 1.0 -
 CHARMM>                phi @zphi select target end
 Parameter: XPOS -> "23.214087"
 Parameter: YPOS -> "10.1069548"
 Parameter: ZPOS -> "38.215158"
 Parameter: ZPHI -> "276.909377"
 SELRPN>      1 atoms have been selected out of  17424
 ROTATION MATRIX
    0.120299   -0.992738    0.000000
    0.992738    0.120299    0.000000
    0.000000    0.000000    1.000000

 AXIS OF ROTATION IS  0.000000  0.000000 -1.000000  ANGLE IS   83.09

 SELECTED COORDINATES ROTATED IN THE MAIN SET.

  
 CHARMM>     
  
 CHARMM>     
  
 CHARMM>            calc dcut = 3.5
Evaluating: 3.5
 Parameter: DCUT <- "3.5"
  
 CHARMM>     
  
 CHARMM>            coor stat sele target end
 SELRPN>      1 atoms have been selected out of  17424
 STATISTICS FOR         1 SELECTED ATOMS:
    XMIN =   23.214087 XMAX =   23.214087 XAVE =   23.214087
    YMIN =   10.106955 YMAX =   10.106955 YAVE =   10.106955
    ZMIN =   38.215158 ZMAX =   38.215158 ZAVE =   38.215158
    WMIN =    1.000000 WMAX =    1.000000 WAVE =    1.000000
  
 CHARMM>            calc xmax = ?xmax + @dcut
 Parameter: DCUT -> "3.5"
 RDCMND substituted energy or value "?XMAX" to "23.214087"
Evaluating: 23.214087+3.5
 Parameter: XMAX <- "26.714087"
  
 CHARMM>            calc ymax = ?ymax + @dcut
 Parameter: DCUT -> "3.5"
 RDCMND substituted energy or value "?YMAX" to "10.1069548"
Evaluating: 10.1069548+3.5
 Parameter: YMAX <- "13.6069548"
  
 CHARMM>            calc zmax = ?zmax + @dcut
 Parameter: DCUT -> "3.5"
 RDCMND substituted energy or value "?ZMAX" to "38.215158"
Evaluating: 38.215158+3.5
 Parameter: ZMAX <- "41.715158"
  
 CHARMM>            calc xmin = ?xmin - @dcut
 Parameter: DCUT -> "3.5"
 RDCMND substituted energy or value "?XMIN" to "23.214087"
Evaluating: 23.214087-3.5
 Parameter: XMIN <- "19.714087"
  
 CHARMM>            calc ymin = ?ymin - @dcut
 Parameter: DCUT -> "3.5"
 RDCMND substituted energy or value "?YMIN" to "10.1069548"
Evaluating: 10.1069548-3.5
 Parameter: YMIN <- "6.6069548"
  
 CHARMM>            calc zmin = ?zmin - @dcut
 Parameter: DCUT -> "3.5"
 RDCMND substituted energy or value "?ZMIN" to "38.215158"
Evaluating: 38.215158-3.5
 Parameter: ZMIN <- "34.715158"
  
 CHARMM>     
  
 CHARMM>            define JUNK sele .not. target .and. -
 CHARMM>                             prop X .lt. @xmax .and. prop X .gt. @xmin .and. -
 CHARMM>                             prop Y .lt. @ymax .and. prop Y .gt. @ymin .and. -
 CHARMM>                             prop Z .lt. @zmax .and. prop Z .gt. @zmin  end
 Parameter: XMAX -> "26.714087"
 Parameter: XMIN -> "19.714087"
 Parameter: YMAX -> "13.6069548"
 Parameter: YMIN -> "6.6069548"
 Parameter: ZMAX -> "41.715158"
 Parameter: ZMIN -> "34.715158"
 SELRPN>      0 atoms have been selected out of  17424
  
 CHARMM>     
  
 CHARMM>            ! check if the ions are too close to protein
  
 CHARMM>            define XXX sele PROT end
 SELRPN>    136 atoms have been selected out of  17424
  
 CHARMM>            if ?nsel .gt. 0 then
 RDCMND substituted energy or value "?NSEL" to "136"
 Comparing "136" and "0".
 IF test evaluated as true.  Performing command
  
 CHARMM>                coor dist cut 10.0 sele target end -
 CHARMM>                                   sele PROT .and. JUNK .and. .not. hydrogen end image
 SELRPN>      1 atoms have been selected out of  27773
 SELRPN>      0 atoms have been selected out of  27773

            DISTANCES FOR SELECTED ATOMS
            ONLY ONE SELECTION SET SPECIFIED, A COMPARISON WILL BE DONE
 TOTAL EXCLUSION COUNT =         0
 TOTAL 1-4 EXCLUSIONS  =         0
 TOTAL NON-EXCLUSIONS  =         0
  
 CHARMM>                if ?npair .gt. 0 goto doinit
 RDCMND substituted energy or value "?NPAIR" to "0"
 Comparing "0" and "0".
 IF test evaluated as false.  Skipping command
  
 CHARMM>            endif
  
 CHARMM>     
  
 CHARMM>            ! check if the ions are too close to solute
  
 CHARMM>            coor dist cut 4.0 sele target end sele JUNK .and. .not. hydrogen end image
 SELRPN>      1 atoms have been selected out of  27773
 SELRPN>      0 atoms have been selected out of  27773

            DISTANCES FOR SELECTED ATOMS
            ONLY ONE SELECTION SET SPECIFIED, A COMPARISON WILL BE DONE
 TOTAL EXCLUSION COUNT =         0
 TOTAL 1-4 EXCLUSIONS  =         0
 TOTAL NON-EXCLUSIONS  =         0
  
 CHARMM>            if ?npair .gt. 0 goto doinit
 RDCMND substituted energy or value "?NPAIR" to "0"
 Comparing "0" and "0".
 IF test evaluated as false.  Skipping command
  
 CHARMM>     
  
 CHARMM>            calc cntrand = 0
Evaluating: 0
 Parameter: CNTRAND <- "0"
  
 CHARMM>            increase i by 1
 Parameter: I <- "29"
  
 CHARMM>            if i .le. @nion goto doinit
 Parameter: NION -> "50"
 Comparing "29" and "50".
 IF test evaluated as true.  Performing command
  
 CHARMM>     
  
 CHARMM>            calc cntrand = @cntrand + 1
 Parameter: CNTRAND -> "0"
Evaluating: 0+1
 Parameter: CNTRAND <- "1"
  
 CHARMM>            if cntrand .gt. 100 stop ! ABNORMAL TERMINATION: ion placing may not work.. stop here
 Comparing "1" and "100".
 IF test evaluated as false.  Skipping command
  
 CHARMM>     
  
 CHARMM>            calc j = @i
 Parameter: I -> "29"
Evaluating: 29
 Parameter: J <- "29"
  
 CHARMM>            set ion = POS
 Parameter: ION <- "POS"
  
 CHARMM>     
  
 CHARMM>            if j .gt. @npos then
 Parameter: NPOS -> "36"
 Comparing "29" and "36".
 IF test evaluated as false.  Skip to ELSE or ENDIF
  
 CHARMM>     
  
 CHARMM>            define target select segid @ion .and. resid @j end
 Parameter: ION -> "POS"
 Parameter: J -> "29"
 SELRPN>      1 atoms have been selected out of  17424
  
 CHARMM>     
  
 CHARMM>            calc xpos = @A * ( ?random - 0.5 )
 Parameter: A -> "66.0740394"
 RDCMND substituted energy or value "?RANDOM" to "0.149554078"
Evaluating: 66.0740394*(0.149554078-0.5)
 Parameter: XPOS <- "-23.1553777"
  
 CHARMM>            calc ypos = @B * ( ?random - 0.5 )
 Parameter: B -> "66.0740394"
 RDCMND substituted energy or value "?RANDOM" to "2.872690599E-03"
Evaluating: 66.0740394*(2.872690599E-03-0.5)
 Parameter: YPOS <- "-32.8472094"
  
 CHARMM>            calc zpos = @C * ( ?random - 0.5 ) + @zcen
 Parameter: C -> "85"
 Parameter: ZCEN -> "0"
 RDCMND substituted energy or value "?RANDOM" to "0.8629973"
Evaluating: 85*(0.8629973-0.5)+0
 Parameter: ZPOS <- "30.8547705"
  
 CHARMM>     
  
 CHARMM>            if zpos .gt. -15 if zpos .lt. 15 goto doinit
 Comparing "30.8547705" and "-15".
 IF test evaluated as true.  Performing command
 Comparing "30.8547705" and "15".
 IF test evaluated as false.  Skipping command
  
 CHARMM>     
  
 CHARMM>            ! move target to selected position
  
 CHARMM>            coor stat select target end
 SELRPN>      1 atoms have been selected out of  17424
 STATISTICS FOR         1 SELECTED ATOMS:
    XMIN =    0.000000 XMAX =    0.000000 XAVE =    0.000000
    YMIN =    0.000000 YMAX =    0.000000 YAVE =    0.000000
    ZMIN =    0.000000 ZMAX =    0.000000 ZAVE =    0.000000
    WMIN =    1.000000 WMAX =    1.000000 WAVE =    1.000000
  
 CHARMM>            calc xtran = @xpos - ?xave
 Parameter: XPOS -> "-23.1553777"
 RDCMND substituted energy or value "?XAVE" to "0"
Evaluating: -23.1553777-0
 Parameter: XTRAN <- "-23.1553777"
  
 CHARMM>            calc ytran = @ypos - ?yave
 Parameter: YPOS -> "-32.8472094"
 RDCMND substituted energy or value "?YAVE" to "0"
Evaluating: -32.8472094-0
 Parameter: YTRAN <- "-32.8472094"
  
 CHARMM>            calc ztran = @zpos - ?zave
 Parameter: ZPOS -> "30.8547705"
 RDCMND substituted energy or value "?ZAVE" to "0"
Evaluating: 30.8547705-0
 Parameter: ZTRAN <- "30.8547705"
  
 CHARMM>            coor trans xdir @xtran ydir @ytran zdir @ztran select target end
 Parameter: XTRAN -> "-23.1553777"
 Parameter: YTRAN -> "-32.8472094"
 Parameter: ZTRAN -> "30.8547705"
 SELRPN>      1 atoms have been selected out of  17424
 TRANSLATION VECTOR   -23.155378  -32.847209   30.854771
 SELECTED COORDINATES TRANSLATED IN THE MAIN SET.

  
 CHARMM>     
  
 CHARMM>            ! apply a random rotation along XYZ
  
 CHARMM>            calc xphi = ?random * 360.0
 RDCMND substituted energy or value "?RANDOM" to "0.856791127"
Evaluating: 0.856791127*360.0
 Parameter: XPHI <- "308.444806"
  
 CHARMM>            calc yphi = ?random * 360.0
 RDCMND substituted energy or value "?RANDOM" to "0.531762232"
Evaluating: 0.531762232*360.0
 Parameter: YPHI <- "191.434404"
  
 CHARMM>            calc zphi = ?random * 360.0
 RDCMND substituted energy or value "?RANDOM" to "0.181116355"
Evaluating: 0.181116355*360.0
 Parameter: ZPHI <- "65.2018878"
  
 CHARMM>            coor rotate xcen @xpos ycen @ypos zcen @zpos xdir 1.0 -
 CHARMM>                phi @xphi select target end
 Parameter: XPOS -> "-23.1553777"
 Parameter: YPOS -> "-32.8472094"
 Parameter: ZPOS -> "30.8547705"
 Parameter: XPHI -> "308.444806"
 SELRPN>      1 atoms have been selected out of  17424
 ROTATION MATRIX
    1.000000    0.000000    0.000000
    0.000000    0.621760   -0.783207
    0.000000    0.783207    0.621760

 AXIS OF ROTATION IS -1.000000  0.000000  0.000000  ANGLE IS   51.56

 SELECTED COORDINATES ROTATED IN THE MAIN SET.

  
 CHARMM>            coor rotate xcen @xpos ycen @ypos zcen @zpos ydir 1.0 -
 CHARMM>                phi @yphi select target end
 Parameter: XPOS -> "-23.1553777"
 Parameter: YPOS -> "-32.8472094"
 Parameter: ZPOS -> "30.8547705"
 Parameter: YPHI -> "191.434404"
 SELRPN>      1 atoms have been selected out of  17424
 ROTATION MATRIX
   -0.980152    0.000000    0.198246
    0.000000    1.000000    0.000000
   -0.198246    0.000000   -0.980152

 AXIS OF ROTATION IS  0.000000 -1.000000  0.000000  ANGLE IS  168.57

 SELECTED COORDINATES ROTATED IN THE MAIN SET.

  
 CHARMM>            coor rotate xcen @xpos ycen @ypos zcen @zpos zdir 1.0 -
 CHARMM>                phi @zphi select target end
 Parameter: XPOS -> "-23.1553777"
 Parameter: YPOS -> "-32.8472094"
 Parameter: ZPOS -> "30.8547705"
 Parameter: ZPHI -> "65.2018878"
 SELRPN>      1 atoms have been selected out of  17424
 ROTATION MATRIX
    0.419422    0.907791    0.000000
   -0.907791    0.419422    0.000000
    0.000000    0.000000    1.000000

 AXIS OF ROTATION IS  0.000000  0.000000  1.000000  ANGLE IS   65.20

 SELECTED COORDINATES ROTATED IN THE MAIN SET.

  
 CHARMM>     
  
 CHARMM>     
  
 CHARMM>            calc dcut = 3.5
Evaluating: 3.5
 Parameter: DCUT <- "3.5"
  
 CHARMM>     
  
 CHARMM>            coor stat sele target end
 SELRPN>      1 atoms have been selected out of  17424
 STATISTICS FOR         1 SELECTED ATOMS:
    XMIN =  -23.155378 XMAX =  -23.155378 XAVE =  -23.155378
    YMIN =  -32.847209 YMAX =  -32.847209 YAVE =  -32.847209
    ZMIN =   30.854771 ZMAX =   30.854771 ZAVE =   30.854771
    WMIN =    1.000000 WMAX =    1.000000 WAVE =    1.000000
  
 CHARMM>            calc xmax = ?xmax + @dcut
 Parameter: DCUT -> "3.5"
 RDCMND substituted energy or value "?XMAX" to "-23.1553777"
Evaluating: -23.1553777+3.5
 Parameter: XMAX <- "-19.6553777"
  
 CHARMM>            calc ymax = ?ymax + @dcut
 Parameter: DCUT -> "3.5"
 RDCMND substituted energy or value "?YMAX" to "-32.8472094"
Evaluating: -32.8472094+3.5
 Parameter: YMAX <- "-29.3472094"
  
 CHARMM>            calc zmax = ?zmax + @dcut
 Parameter: DCUT -> "3.5"
 RDCMND substituted energy or value "?ZMAX" to "30.8547705"
Evaluating: 30.8547705+3.5
 Parameter: ZMAX <- "34.3547705"
  
 CHARMM>            calc xmin = ?xmin - @dcut
 Parameter: DCUT -> "3.5"
 RDCMND substituted energy or value "?XMIN" to "-23.1553777"
Evaluating: -23.1553777-3.5
 Parameter: XMIN <- "-26.6553777"
  
 CHARMM>            calc ymin = ?ymin - @dcut
 Parameter: DCUT -> "3.5"
 RDCMND substituted energy or value "?YMIN" to "-32.8472094"
Evaluating: -32.8472094-3.5
 Parameter: YMIN <- "-36.3472094"
  
 CHARMM>            calc zmin = ?zmin - @dcut
 Parameter: DCUT -> "3.5"
 RDCMND substituted energy or value "?ZMIN" to "30.8547705"
Evaluating: 30.8547705-3.5
 Parameter: ZMIN <- "27.3547705"
  
 CHARMM>     
  
 CHARMM>            define JUNK sele .not. target .and. -
 CHARMM>                             prop X .lt. @xmax .and. prop X .gt. @xmin .and. -
 CHARMM>                             prop Y .lt. @ymax .and. prop Y .gt. @ymin .and. -
 CHARMM>                             prop Z .lt. @zmax .and. prop Z .gt. @zmin  end
 Parameter: XMAX -> "-19.6553777"
 Parameter: XMIN -> "-26.6553777"
 Parameter: YMAX -> "-29.3472094"
 Parameter: YMIN -> "-36.3472094"
 Parameter: ZMAX -> "34.3547705"
 Parameter: ZMIN -> "27.3547705"
 SELRPN>      0 atoms have been selected out of  17424
  
 CHARMM>     
  
 CHARMM>            ! check if the ions are too close to protein
  
 CHARMM>            define XXX sele PROT end
 SELRPN>    136 atoms have been selected out of  17424
  
 CHARMM>            if ?nsel .gt. 0 then
 RDCMND substituted energy or value "?NSEL" to "136"
 Comparing "136" and "0".
 IF test evaluated as true.  Performing command
  
 CHARMM>                coor dist cut 10.0 sele target end -
 CHARMM>                                   sele PROT .and. JUNK .and. .not. hydrogen end image
 SELRPN>      1 atoms have been selected out of  27773
 SELRPN>      0 atoms have been selected out of  27773

            DISTANCES FOR SELECTED ATOMS
            ONLY ONE SELECTION SET SPECIFIED, A COMPARISON WILL BE DONE
 TOTAL EXCLUSION COUNT =         0
 TOTAL 1-4 EXCLUSIONS  =         0
 TOTAL NON-EXCLUSIONS  =         0
  
 CHARMM>                if ?npair .gt. 0 goto doinit
 RDCMND substituted energy or value "?NPAIR" to "0"
 Comparing "0" and "0".
 IF test evaluated as false.  Skipping command
  
 CHARMM>            endif
  
 CHARMM>     
  
 CHARMM>            ! check if the ions are too close to solute
  
 CHARMM>            coor dist cut 4.0 sele target end sele JUNK .and. .not. hydrogen end image
 SELRPN>      1 atoms have been selected out of  27773
 SELRPN>      0 atoms have been selected out of  27773

            DISTANCES FOR SELECTED ATOMS
            ONLY ONE SELECTION SET SPECIFIED, A COMPARISON WILL BE DONE
 TOTAL EXCLUSION COUNT =         0
 TOTAL 1-4 EXCLUSIONS  =         0
 TOTAL NON-EXCLUSIONS  =         0
  
 CHARMM>            if ?npair .gt. 0 goto doinit
 RDCMND substituted energy or value "?NPAIR" to "0"
 Comparing "0" and "0".
 IF test evaluated as false.  Skipping command
  
 CHARMM>     
  
 CHARMM>            calc cntrand = 0
Evaluating: 0
 Parameter: CNTRAND <- "0"
  
 CHARMM>            increase i by 1
 Parameter: I <- "30"
  
 CHARMM>            if i .le. @nion goto doinit
 Parameter: NION -> "50"
 Comparing "30" and "50".
 IF test evaluated as true.  Performing command
  
 CHARMM>     
  
 CHARMM>            calc cntrand = @cntrand + 1
 Parameter: CNTRAND -> "0"
Evaluating: 0+1
 Parameter: CNTRAND <- "1"
  
 CHARMM>            if cntrand .gt. 100 stop ! ABNORMAL TERMINATION: ion placing may not work.. stop here
 Comparing "1" and "100".
 IF test evaluated as false.  Skipping command
  
 CHARMM>     
  
 CHARMM>            calc j = @i
 Parameter: I -> "30"
Evaluating: 30
 Parameter: J <- "30"
  
 CHARMM>            set ion = POS
 Parameter: ION <- "POS"
  
 CHARMM>     
  
 CHARMM>            if j .gt. @npos then
 Parameter: NPOS -> "36"
 Comparing "30" and "36".
 IF test evaluated as false.  Skip to ELSE or ENDIF
  
 CHARMM>     
  
 CHARMM>            define target select segid @ion .and. resid @j end
 Parameter: ION -> "POS"
 Parameter: J -> "30"
 SELRPN>      1 atoms have been selected out of  17424
  
 CHARMM>     
  
 CHARMM>            calc xpos = @A * ( ?random - 0.5 )
 Parameter: A -> "66.0740394"
 RDCMND substituted energy or value "?RANDOM" to "0.262262262"
Evaluating: 66.0740394*(0.262262262-0.5)
 Parameter: XPOS <- "-15.7082927"
  
 CHARMM>            calc ypos = @B * ( ?random - 0.5 )
 Parameter: B -> "66.0740394"
 RDCMND substituted energy or value "?RANDOM" to "0.143216261"
Evaluating: 66.0740394*(0.143216261-0.5)
 Parameter: YPOS <- "-23.5741428"
  
 CHARMM>            calc zpos = @C * ( ?random - 0.5 ) + @zcen
 Parameter: C -> "85"
 Parameter: ZCEN -> "0"
 RDCMND substituted energy or value "?RANDOM" to "0.867419923"
Evaluating: 85*(0.867419923-0.5)+0
 Parameter: ZPOS <- "31.2306935"
  
 CHARMM>     
  
 CHARMM>            if zpos .gt. -15 if zpos .lt. 15 goto doinit
 Comparing "31.2306935" and "-15".
 IF test evaluated as true.  Performing command
 Comparing "31.2306935" and "15".
 IF test evaluated as false.  Skipping command
  
 CHARMM>     
  
 CHARMM>            ! move target to selected position
  
 CHARMM>            coor stat select target end
 SELRPN>      1 atoms have been selected out of  17424
 STATISTICS FOR         1 SELECTED ATOMS:
    XMIN =    0.000000 XMAX =    0.000000 XAVE =    0.000000
    YMIN =    0.000000 YMAX =    0.000000 YAVE =    0.000000
    ZMIN =    0.000000 ZMAX =    0.000000 ZAVE =    0.000000
    WMIN =    1.000000 WMAX =    1.000000 WAVE =    1.000000
  
 CHARMM>            calc xtran = @xpos - ?xave
 Parameter: XPOS -> "-15.7082927"
 RDCMND substituted energy or value "?XAVE" to "0"
Evaluating: -15.7082927-0
 Parameter: XTRAN <- "-15.7082927"
  
 CHARMM>            calc ytran = @ypos - ?yave
 Parameter: YPOS -> "-23.5741428"
 RDCMND substituted energy or value "?YAVE" to "0"
Evaluating: -23.5741428-0
 Parameter: YTRAN <- "-23.5741428"
  
 CHARMM>            calc ztran = @zpos - ?zave
 Parameter: ZPOS -> "31.2306935"
 RDCMND substituted energy or value "?ZAVE" to "0"
Evaluating: 31.2306935-0
 Parameter: ZTRAN <- "31.2306935"
  
 CHARMM>            coor trans xdir @xtran ydir @ytran zdir @ztran select target end
 Parameter: XTRAN -> "-15.7082927"
 Parameter: YTRAN -> "-23.5741428"
 Parameter: ZTRAN -> "31.2306935"
 SELRPN>      1 atoms have been selected out of  17424
 TRANSLATION VECTOR   -15.708293  -23.574143   31.230694
 SELECTED COORDINATES TRANSLATED IN THE MAIN SET.

  
 CHARMM>     
  
 CHARMM>            ! apply a random rotation along XYZ
  
 CHARMM>            calc xphi = ?random * 360.0
 RDCMND substituted energy or value "?RANDOM" to "0.890439685"
Evaluating: 0.890439685*360.0
 Parameter: XPHI <- "320.558287"
  
 CHARMM>            calc yphi = ?random * 360.0
 RDCMND substituted energy or value "?RANDOM" to "0.965208237"
Evaluating: 0.965208237*360.0
 Parameter: YPHI <- "347.474965"
  
 CHARMM>            calc zphi = ?random * 360.0
 RDCMND substituted energy or value "?RANDOM" to "0.921301345"
Evaluating: 0.921301345*360.0
 Parameter: ZPHI <- "331.668484"
  
 CHARMM>            coor rotate xcen @xpos ycen @ypos zcen @zpos xdir 1.0 -
 CHARMM>                phi @xphi select target end
 Parameter: XPOS -> "-15.7082927"
 Parameter: YPOS -> "-23.5741428"
 Parameter: ZPOS -> "31.2306935"
 Parameter: XPHI -> "320.558287"
 SELRPN>      1 atoms have been selected out of  17424
 ROTATION MATRIX
    1.000000    0.000000    0.000000
    0.000000    0.772271   -0.635293
    0.000000    0.635293    0.772271

 AXIS OF ROTATION IS -1.000000  0.000000  0.000000  ANGLE IS   39.44

 SELECTED COORDINATES ROTATED IN THE MAIN SET.

  
 CHARMM>            coor rotate xcen @xpos ycen @ypos zcen @zpos ydir 1.0 -
 CHARMM>                phi @yphi select target end
 Parameter: XPOS -> "-15.7082927"
 Parameter: YPOS -> "-23.5741428"
 Parameter: ZPOS -> "31.2306935"
 Parameter: YPHI -> "347.474965"
 SELRPN>      1 atoms have been selected out of  17424
 ROTATION MATRIX
    0.976201    0.000000    0.216866
    0.000000    1.000000    0.000000
   -0.216866    0.000000    0.976201

 AXIS OF ROTATION IS  0.000000 -1.000000  0.000000  ANGLE IS   12.53

 SELECTED COORDINATES ROTATED IN THE MAIN SET.

  
 CHARMM>            coor rotate xcen @xpos ycen @ypos zcen @zpos zdir 1.0 -
 CHARMM>                phi @zphi select target end
 Parameter: XPOS -> "-15.7082927"
 Parameter: YPOS -> "-23.5741428"
 Parameter: ZPOS -> "31.2306935"
 Parameter: ZPHI -> "331.668484"
 SELRPN>      1 atoms have been selected out of  17424
 ROTATION MATRIX
    0.880216   -0.474572    0.000000
    0.474572    0.880216    0.000000
    0.000000    0.000000    1.000000

 AXIS OF ROTATION IS  0.000000  0.000000 -1.000000  ANGLE IS   28.33

 SELECTED COORDINATES ROTATED IN THE MAIN SET.

  
 CHARMM>     
  
 CHARMM>     
  
 CHARMM>            calc dcut = 3.5
Evaluating: 3.5
 Parameter: DCUT <- "3.5"
  
 CHARMM>     
  
 CHARMM>            coor stat sele target end
 SELRPN>      1 atoms have been selected out of  17424
 STATISTICS FOR         1 SELECTED ATOMS:
    XMIN =  -15.708293 XMAX =  -15.708293 XAVE =  -15.708293
    YMIN =  -23.574143 YMAX =  -23.574143 YAVE =  -23.574143
    ZMIN =   31.230694 ZMAX =   31.230694 ZAVE =   31.230694
    WMIN =    1.000000 WMAX =    1.000000 WAVE =    1.000000
  
 CHARMM>            calc xmax = ?xmax + @dcut
 Parameter: DCUT -> "3.5"
 RDCMND substituted energy or value "?XMAX" to "-15.7082927"
Evaluating: -15.7082927+3.5
 Parameter: XMAX <- "-12.2082927"
  
 CHARMM>            calc ymax = ?ymax + @dcut
 Parameter: DCUT -> "3.5"
 RDCMND substituted energy or value "?YMAX" to "-23.5741428"
Evaluating: -23.5741428+3.5
 Parameter: YMAX <- "-20.0741428"
  
 CHARMM>            calc zmax = ?zmax + @dcut
 Parameter: DCUT -> "3.5"
 RDCMND substituted energy or value "?ZMAX" to "31.2306935"
Evaluating: 31.2306935+3.5
 Parameter: ZMAX <- "34.7306935"
  
 CHARMM>            calc xmin = ?xmin - @dcut
 Parameter: DCUT -> "3.5"
 RDCMND substituted energy or value "?XMIN" to "-15.7082927"
Evaluating: -15.7082927-3.5
 Parameter: XMIN <- "-19.2082927"
  
 CHARMM>            calc ymin = ?ymin - @dcut
 Parameter: DCUT -> "3.5"
 RDCMND substituted energy or value "?YMIN" to "-23.5741428"
Evaluating: -23.5741428-3.5
 Parameter: YMIN <- "-27.0741428"
  
 CHARMM>            calc zmin = ?zmin - @dcut
 Parameter: DCUT -> "3.5"
 RDCMND substituted energy or value "?ZMIN" to "31.2306935"
Evaluating: 31.2306935-3.5
 Parameter: ZMIN <- "27.7306935"
  
 CHARMM>     
  
 CHARMM>            define JUNK sele .not. target .and. -
 CHARMM>                             prop X .lt. @xmax .and. prop X .gt. @xmin .and. -
 CHARMM>                             prop Y .lt. @ymax .and. prop Y .gt. @ymin .and. -
 CHARMM>                             prop Z .lt. @zmax .and. prop Z .gt. @zmin  end
 Parameter: XMAX -> "-12.2082927"
 Parameter: XMIN -> "-19.2082927"
 Parameter: YMAX -> "-20.0741428"
 Parameter: YMIN -> "-27.0741428"
 Parameter: ZMAX -> "34.7306935"
 Parameter: ZMIN -> "27.7306935"
 SELRPN>      0 atoms have been selected out of  17424
  
 CHARMM>     
  
 CHARMM>            ! check if the ions are too close to protein
  
 CHARMM>            define XXX sele PROT end
 SELRPN>    136 atoms have been selected out of  17424
  
 CHARMM>            if ?nsel .gt. 0 then
 RDCMND substituted energy or value "?NSEL" to "136"
 Comparing "136" and "0".
 IF test evaluated as true.  Performing command
  
 CHARMM>                coor dist cut 10.0 sele target end -
 CHARMM>                                   sele PROT .and. JUNK .and. .not. hydrogen end image
 SELRPN>      1 atoms have been selected out of  27773
 SELRPN>      0 atoms have been selected out of  27773

            DISTANCES FOR SELECTED ATOMS
            ONLY ONE SELECTION SET SPECIFIED, A COMPARISON WILL BE DONE
 TOTAL EXCLUSION COUNT =         0
 TOTAL 1-4 EXCLUSIONS  =         0
 TOTAL NON-EXCLUSIONS  =         0
  
 CHARMM>                if ?npair .gt. 0 goto doinit
 RDCMND substituted energy or value "?NPAIR" to "0"
 Comparing "0" and "0".
 IF test evaluated as false.  Skipping command
  
 CHARMM>            endif
  
 CHARMM>     
  
 CHARMM>            ! check if the ions are too close to solute
  
 CHARMM>            coor dist cut 4.0 sele target end sele JUNK .and. .not. hydrogen end image
 SELRPN>      1 atoms have been selected out of  27773
 SELRPN>      0 atoms have been selected out of  27773

            DISTANCES FOR SELECTED ATOMS
            ONLY ONE SELECTION SET SPECIFIED, A COMPARISON WILL BE DONE
 TOTAL EXCLUSION COUNT =         0
 TOTAL 1-4 EXCLUSIONS  =         0
 TOTAL NON-EXCLUSIONS  =         0
  
 CHARMM>            if ?npair .gt. 0 goto doinit
 RDCMND substituted energy or value "?NPAIR" to "0"
 Comparing "0" and "0".
 IF test evaluated as false.  Skipping command
  
 CHARMM>     
  
 CHARMM>            calc cntrand = 0
Evaluating: 0
 Parameter: CNTRAND <- "0"
  
 CHARMM>            increase i by 1
 Parameter: I <- "31"
  
 CHARMM>            if i .le. @nion goto doinit
 Parameter: NION -> "50"
 Comparing "31" and "50".
 IF test evaluated as true.  Performing command
  
 CHARMM>     
  
 CHARMM>            calc cntrand = @cntrand + 1
 Parameter: CNTRAND -> "0"
Evaluating: 0+1
 Parameter: CNTRAND <- "1"
  
 CHARMM>            if cntrand .gt. 100 stop ! ABNORMAL TERMINATION: ion placing may not work.. stop here
 Comparing "1" and "100".
 IF test evaluated as false.  Skipping command
  
 CHARMM>     
  
 CHARMM>            calc j = @i
 Parameter: I -> "31"
Evaluating: 31
 Parameter: J <- "31"
  
 CHARMM>            set ion = POS
 Parameter: ION <- "POS"
  
 CHARMM>     
  
 CHARMM>            if j .gt. @npos then
 Parameter: NPOS -> "36"
 Comparing "31" and "36".
 IF test evaluated as false.  Skip to ELSE or ENDIF
  
 CHARMM>     
  
 CHARMM>            define target select segid @ion .and. resid @j end
 Parameter: ION -> "POS"
 Parameter: J -> "31"
 SELRPN>      1 atoms have been selected out of  17424
  
 CHARMM>     
  
 CHARMM>            calc xpos = @A * ( ?random - 0.5 )
 Parameter: A -> "66.0740394"
 RDCMND substituted energy or value "?RANDOM" to "0.349028635"
Evaluating: 66.0740394*(0.349028635-0.5)
 Parameter: XPOS <- "-9.97528792"
  
 CHARMM>            calc ypos = @B * ( ?random - 0.5 )
 Parameter: B -> "66.0740394"
 RDCMND substituted energy or value "?RANDOM" to "0.382087172"
Evaluating: 66.0740394*(0.382087172-0.5)
 Parameter: YPOS <- "-7.79097684"
  
 CHARMM>            calc zpos = @C * ( ?random - 0.5 ) + @zcen
 Parameter: C -> "85"
 Parameter: ZCEN -> "0"
 RDCMND substituted energy or value "?RANDOM" to "0.330213965"
Evaluating: 85*(0.330213965-0.5)+0
 Parameter: ZPOS <- "-14.431813"
  
 CHARMM>     
  
 CHARMM>            if zpos .gt. -15 if zpos .lt. 15 goto doinit
 Comparing "-14.431813" and "-15".
 IF test evaluated as true.  Performing command
 Comparing "-14.431813" and "15".
 IF test evaluated as true.  Performing command
  
 CHARMM>     
  
 CHARMM>            calc cntrand = @cntrand + 1
 Parameter: CNTRAND -> "1"
Evaluating: 1+1
 Parameter: CNTRAND <- "2"
  
 CHARMM>            if cntrand .gt. 100 stop ! ABNORMAL TERMINATION: ion placing may not work.. stop here
 Comparing "2" and "100".
 IF test evaluated as false.  Skipping command
  
 CHARMM>     
  
 CHARMM>            calc j = @i
 Parameter: I -> "31"
Evaluating: 31
 Parameter: J <- "31"
  
 CHARMM>            set ion = POS
 Parameter: ION <- "POS"
  
 CHARMM>     
  
 CHARMM>            if j .gt. @npos then
 Parameter: NPOS -> "36"
 Comparing "31" and "36".
 IF test evaluated as false.  Skip to ELSE or ENDIF
  
 CHARMM>     
  
 CHARMM>            define target select segid @ion .and. resid @j end
 Parameter: ION -> "POS"
 Parameter: J -> "31"
 SELRPN>      1 atoms have been selected out of  17424
  
 CHARMM>     
  
 CHARMM>            calc xpos = @A * ( ?random - 0.5 )
 Parameter: A -> "66.0740394"
 RDCMND substituted energy or value "?RANDOM" to "0.6967891"
Evaluating: 66.0740394*(0.6967891-0.5)
 Parameter: XPOS <- "13.0026507"
  
 CHARMM>            calc ypos = @B * ( ?random - 0.5 )
 Parameter: B -> "66.0740394"
 RDCMND substituted energy or value "?RANDOM" to "0.664416856"
Evaluating: 66.0740394*(0.664416856-0.5)
 Parameter: YPOS <- "10.8636858"
  
 CHARMM>            calc zpos = @C * ( ?random - 0.5 ) + @zcen
 Parameter: C -> "85"
 Parameter: ZCEN -> "0"
 RDCMND substituted energy or value "?RANDOM" to "0.710771928"
Evaluating: 85*(0.710771928-0.5)+0
 Parameter: ZPOS <- "17.9156139"
  
 CHARMM>     
  
 CHARMM>            if zpos .gt. -15 if zpos .lt. 15 goto doinit
 Comparing "17.9156139" and "-15".
 IF test evaluated as true.  Performing command
 Comparing "17.9156139" and "15".
 IF test evaluated as false.  Skipping command
  
 CHARMM>     
  
 CHARMM>            ! move target to selected position
  
 CHARMM>            coor stat select target end
 SELRPN>      1 atoms have been selected out of  17424
 STATISTICS FOR         1 SELECTED ATOMS:
    XMIN =    0.000000 XMAX =    0.000000 XAVE =    0.000000
    YMIN =    0.000000 YMAX =    0.000000 YAVE =    0.000000
    ZMIN =    0.000000 ZMAX =    0.000000 ZAVE =    0.000000
    WMIN =    1.000000 WMAX =    1.000000 WAVE =    1.000000
  
 CHARMM>            calc xtran = @xpos - ?xave
 Parameter: XPOS -> "13.0026507"
 RDCMND substituted energy or value "?XAVE" to "0"
Evaluating: 13.0026507-0
 Parameter: XTRAN <- "13.0026507"
  
 CHARMM>            calc ytran = @ypos - ?yave
 Parameter: YPOS -> "10.8636858"
 RDCMND substituted energy or value "?YAVE" to "0"
Evaluating: 10.8636858-0
 Parameter: YTRAN <- "10.8636858"
  
 CHARMM>            calc ztran = @zpos - ?zave
 Parameter: ZPOS -> "17.9156139"
 RDCMND substituted energy or value "?ZAVE" to "0"
Evaluating: 17.9156139-0
 Parameter: ZTRAN <- "17.9156139"
  
 CHARMM>            coor trans xdir @xtran ydir @ytran zdir @ztran select target end
 Parameter: XTRAN -> "13.0026507"
 Parameter: YTRAN -> "10.8636858"
 Parameter: ZTRAN -> "17.9156139"
 SELRPN>      1 atoms have been selected out of  17424
 TRANSLATION VECTOR    13.002651   10.863686   17.915614
 SELECTED COORDINATES TRANSLATED IN THE MAIN SET.

  
 CHARMM>     
  
 CHARMM>            ! apply a random rotation along XYZ
  
 CHARMM>            calc xphi = ?random * 360.0
 RDCMND substituted energy or value "?RANDOM" to "0.719572329"
Evaluating: 0.719572329*360.0
 Parameter: XPHI <- "259.046038"
  
 CHARMM>            calc yphi = ?random * 360.0
 RDCMND substituted energy or value "?RANDOM" to "0.822635516"
Evaluating: 0.822635516*360.0
 Parameter: YPHI <- "296.148786"
  
 CHARMM>            calc zphi = ?random * 360.0
 RDCMND substituted energy or value "?RANDOM" to "0.30900676"
Evaluating: 0.30900676*360.0
 Parameter: ZPHI <- "111.242434"
  
 CHARMM>            coor rotate xcen @xpos ycen @ypos zcen @zpos xdir 1.0 -
 CHARMM>                phi @xphi select target end
 Parameter: XPOS -> "13.0026507"
 Parameter: YPOS -> "10.8636858"
 Parameter: ZPOS -> "17.9156139"
 Parameter: XPHI -> "259.046038"
 SELRPN>      1 atoms have been selected out of  17424
 ROTATION MATRIX
    1.000000    0.000000    0.000000
    0.000000   -0.190020   -0.981780
    0.000000    0.981780   -0.190020

 AXIS OF ROTATION IS -1.000000  0.000000  0.000000  ANGLE IS  100.95

 SELECTED COORDINATES ROTATED IN THE MAIN SET.

  
 CHARMM>            coor rotate xcen @xpos ycen @ypos zcen @zpos ydir 1.0 -
 CHARMM>                phi @yphi select target end
 Parameter: XPOS -> "13.0026507"
 Parameter: YPOS -> "10.8636858"
 Parameter: ZPOS -> "17.9156139"
 Parameter: YPHI -> "296.148786"
 SELRPN>      1 atoms have been selected out of  17424
 ROTATION MATRIX
    0.440704    0.000000    0.897653
    0.000000    1.000000    0.000000
   -0.897653    0.000000    0.440704

 AXIS OF ROTATION IS  0.000000 -1.000000  0.000000  ANGLE IS   63.85

 SELECTED COORDINATES ROTATED IN THE MAIN SET.

  
 CHARMM>            coor rotate xcen @xpos ycen @ypos zcen @zpos zdir 1.0 -
 CHARMM>                phi @zphi select target end
 Parameter: XPOS -> "13.0026507"
 Parameter: YPOS -> "10.8636858"
 Parameter: ZPOS -> "17.9156139"
 Parameter: ZPHI -> "111.242434"
 SELRPN>      1 atoms have been selected out of  17424
 ROTATION MATRIX
   -0.362315    0.932056    0.000000
   -0.932056   -0.362315    0.000000
    0.000000    0.000000    1.000000

 AXIS OF ROTATION IS  0.000000  0.000000  1.000000  ANGLE IS  111.24

 SELECTED COORDINATES ROTATED IN THE MAIN SET.

  
 CHARMM>     
  
 CHARMM>     
  
 CHARMM>            calc dcut = 3.5
Evaluating: 3.5
 Parameter: DCUT <- "3.5"
  
 CHARMM>     
  
 CHARMM>            coor stat sele target end
 SELRPN>      1 atoms have been selected out of  17424
 STATISTICS FOR         1 SELECTED ATOMS:
    XMIN =   13.002651 XMAX =   13.002651 XAVE =   13.002651
    YMIN =   10.863686 YMAX =   10.863686 YAVE =   10.863686
    ZMIN =   17.915614 ZMAX =   17.915614 ZAVE =   17.915614
    WMIN =    1.000000 WMAX =    1.000000 WAVE =    1.000000
  
 CHARMM>            calc xmax = ?xmax + @dcut
 Parameter: DCUT -> "3.5"
 RDCMND substituted energy or value "?XMAX" to "13.0026507"
Evaluating: 13.0026507+3.5
 Parameter: XMAX <- "16.5026507"
  
 CHARMM>            calc ymax = ?ymax + @dcut
 Parameter: DCUT -> "3.5"
 RDCMND substituted energy or value "?YMAX" to "10.8636858"
Evaluating: 10.8636858+3.5
 Parameter: YMAX <- "14.3636858"
  
 CHARMM>            calc zmax = ?zmax + @dcut
 Parameter: DCUT -> "3.5"
 RDCMND substituted energy or value "?ZMAX" to "17.9156139"
Evaluating: 17.9156139+3.5
 Parameter: ZMAX <- "21.4156139"
  
 CHARMM>            calc xmin = ?xmin - @dcut
 Parameter: DCUT -> "3.5"
 RDCMND substituted energy or value "?XMIN" to "13.0026507"
Evaluating: 13.0026507-3.5
 Parameter: XMIN <- "9.5026507"
  
 CHARMM>            calc ymin = ?ymin - @dcut
 Parameter: DCUT -> "3.5"
 RDCMND substituted energy or value "?YMIN" to "10.8636858"
Evaluating: 10.8636858-3.5
 Parameter: YMIN <- "7.3636858"
  
 CHARMM>            calc zmin = ?zmin - @dcut
 Parameter: DCUT -> "3.5"
 RDCMND substituted energy or value "?ZMIN" to "17.9156139"
Evaluating: 17.9156139-3.5
 Parameter: ZMIN <- "14.4156139"
  
 CHARMM>     
  
 CHARMM>            define JUNK sele .not. target .and. -
 CHARMM>                             prop X .lt. @xmax .and. prop X .gt. @xmin .and. -
 CHARMM>                             prop Y .lt. @ymax .and. prop Y .gt. @ymin .and. -
 CHARMM>                             prop Z .lt. @zmax .and. prop Z .gt. @zmin  end
 Parameter: XMAX -> "16.5026507"
 Parameter: XMIN -> "9.5026507"
 Parameter: YMAX -> "14.3636858"
 Parameter: YMIN -> "7.3636858"
 Parameter: ZMAX -> "21.4156139"
 Parameter: ZMIN -> "14.4156139"
 SELRPN>     16 atoms have been selected out of  17424
  
 CHARMM>     
  
 CHARMM>            ! check if the ions are too close to protein
  
 CHARMM>            define XXX sele PROT end
 SELRPN>    136 atoms have been selected out of  17424
  
 CHARMM>            if ?nsel .gt. 0 then
 RDCMND substituted energy or value "?NSEL" to "136"
 Comparing "136" and "0".
 IF test evaluated as true.  Performing command
  
 CHARMM>                coor dist cut 10.0 sele target end -
 CHARMM>                                   sele PROT .and. JUNK .and. .not. hydrogen end image
 SELRPN>      1 atoms have been selected out of  27773
 SELRPN>      0 atoms have been selected out of  27773

            DISTANCES FOR SELECTED ATOMS
            ONLY ONE SELECTION SET SPECIFIED, A COMPARISON WILL BE DONE
 TOTAL EXCLUSION COUNT =         0
 TOTAL 1-4 EXCLUSIONS  =         0
 TOTAL NON-EXCLUSIONS  =         0
  
 CHARMM>                if ?npair .gt. 0 goto doinit
 RDCMND substituted energy or value "?NPAIR" to "0"
 Comparing "0" and "0".
 IF test evaluated as false.  Skipping command
  
 CHARMM>            endif
  
 CHARMM>     
  
 CHARMM>            ! check if the ions are too close to solute
  
 CHARMM>            coor dist cut 4.0 sele target end sele JUNK .and. .not. hydrogen end image
 SELRPN>      1 atoms have been selected out of  27773
 SELRPN>      9 atoms have been selected out of  27773

            DISTANCES FOR SELECTED ATOMS
17405 POS      POT      31       POT     -2655 MEMB     POPS     20       N             3.8552
17405 POS      POT      31       POT     -2664 MEMB     POPS     20       C11           3.2538
17405 POS      POT      31       POT     -2667 MEMB     POPS     20       P             2.5812
17405 POS      POT      31       POT     -2668 MEMB     POPS     20       O13           2.6776
17405 POS      POT      31       POT     -2670 MEMB     POPS     20       O12           2.0070
17405 POS      POT      31       POT     -2671 MEMB     POPS     20       O11           2.6340
17405 POS      POT      31       POT     -2672 MEMB     POPS     20       C1            2.2973
 TOTAL EXCLUSION COUNT =         0
 TOTAL 1-4 EXCLUSIONS  =         0
 TOTAL NON-EXCLUSIONS  =         7
  
 CHARMM>            if ?npair .gt. 0 goto doinit
 RDCMND substituted energy or value "?NPAIR" to "7"
 Comparing "7" and "0".
 IF test evaluated as true.  Performing command
  
 CHARMM>     
  
 CHARMM>            calc cntrand = @cntrand + 1
 Parameter: CNTRAND -> "2"
Evaluating: 2+1
 Parameter: CNTRAND <- "3"
  
 CHARMM>            if cntrand .gt. 100 stop ! ABNORMAL TERMINATION: ion placing may not work.. stop here
 Comparing "3" and "100".
 IF test evaluated as false.  Skipping command
  
 CHARMM>     
  
 CHARMM>            calc j = @i
 Parameter: I -> "31"
Evaluating: 31
 Parameter: J <- "31"
  
 CHARMM>            set ion = POS
 Parameter: ION <- "POS"
  
 CHARMM>     
  
 CHARMM>            if j .gt. @npos then
 Parameter: NPOS -> "36"
 Comparing "31" and "36".
 IF test evaluated as false.  Skip to ELSE or ENDIF
  
 CHARMM>     
  
 CHARMM>            define target select segid @ion .and. resid @j end
 Parameter: ION -> "POS"
 Parameter: J -> "31"
 SELRPN>      1 atoms have been selected out of  17424
  
 CHARMM>     
  
 CHARMM>            calc xpos = @A * ( ?random - 0.5 )
 Parameter: A -> "66.0740394"
 RDCMND substituted energy or value "?RANDOM" to "0.76535065"
Evaluating: 66.0740394*(0.76535065-0.5)
 Parameter: XPOS <- "17.5327893"
  
 CHARMM>            calc ypos = @B * ( ?random - 0.5 )
 Parameter: B -> "66.0740394"
 RDCMND substituted energy or value "?RANDOM" to "0.718690062"
Evaluating: 66.0740394*(0.718690062-0.5)
 Parameter: YPOS <- "14.4497358"
  
 CHARMM>            calc zpos = @C * ( ?random - 0.5 ) + @zcen
 Parameter: C -> "85"
 Parameter: ZCEN -> "0"
 RDCMND substituted energy or value "?RANDOM" to "0.480496214"
Evaluating: 85*(0.480496214-0.5)+0
 Parameter: ZPOS <- "-1.65782181"
  
 CHARMM>     
  
 CHARMM>            if zpos .gt. -15 if zpos .lt. 15 goto doinit
 Comparing "-1.65782181" and "-15".
 IF test evaluated as true.  Performing command
 Comparing "-1.65782181" and "15".
 IF test evaluated as true.  Performing command
  
 CHARMM>     
  
 CHARMM>            calc cntrand = @cntrand + 1
 Parameter: CNTRAND -> "3"
Evaluating: 3+1
 Parameter: CNTRAND <- "4"
  
 CHARMM>            if cntrand .gt. 100 stop ! ABNORMAL TERMINATION: ion placing may not work.. stop here
 Comparing "4" and "100".
 IF test evaluated as false.  Skipping command
  
 CHARMM>     
  
 CHARMM>            calc j = @i
 Parameter: I -> "31"
Evaluating: 31
 Parameter: J <- "31"
  
 CHARMM>            set ion = POS
 Parameter: ION <- "POS"
  
 CHARMM>     
  
 CHARMM>            if j .gt. @npos then
 Parameter: NPOS -> "36"
 Comparing "31" and "36".
 IF test evaluated as false.  Skip to ELSE or ENDIF
  
 CHARMM>     
  
 CHARMM>            define target select segid @ion .and. resid @j end
 Parameter: ION -> "POS"
 Parameter: J -> "31"
 SELRPN>      1 atoms have been selected out of  17424
  
 CHARMM>     
  
 CHARMM>            calc xpos = @A * ( ?random - 0.5 )
 Parameter: A -> "66.0740394"
 RDCMND substituted energy or value "?RANDOM" to "0.641734178"
Evaluating: 66.0740394*(0.641734178-0.5)
 Parameter: XPOS <- "9.36494966"
  
 CHARMM>            calc ypos = @B * ( ?random - 0.5 )
 Parameter: B -> "66.0740394"
 RDCMND substituted energy or value "?RANDOM" to "0.555096733"
Evaluating: 66.0740394*(0.555096733-0.5)
 Parameter: YPOS <- "3.64046371"
  
 CHARMM>            calc zpos = @C * ( ?random - 0.5 ) + @zcen
 Parameter: C -> "85"
 Parameter: ZCEN -> "0"
 RDCMND substituted energy or value "?RANDOM" to "0.556722256"
Evaluating: 85*(0.556722256-0.5)+0
 Parameter: ZPOS <- "4.82139176"
  
 CHARMM>     
  
 CHARMM>            if zpos .gt. -15 if zpos .lt. 15 goto doinit
 Comparing "4.82139176" and "-15".
 IF test evaluated as true.  Performing command
 Comparing "4.82139176" and "15".
 IF test evaluated as true.  Performing command
  
 CHARMM>     
  
 CHARMM>            calc cntrand = @cntrand + 1
 Parameter: CNTRAND -> "4"
Evaluating: 4+1
 Parameter: CNTRAND <- "5"
  
 CHARMM>            if cntrand .gt. 100 stop ! ABNORMAL TERMINATION: ion placing may not work.. stop here
 Comparing "5" and "100".
 IF test evaluated as false.  Skipping command
  
 CHARMM>     
  
 CHARMM>            calc j = @i
 Parameter: I -> "31"
Evaluating: 31
 Parameter: J <- "31"
  
 CHARMM>            set ion = POS
 Parameter: ION <- "POS"
  
 CHARMM>     
  
 CHARMM>            if j .gt. @npos then
 Parameter: NPOS -> "36"
 Comparing "31" and "36".
 IF test evaluated as false.  Skip to ELSE or ENDIF
  
 CHARMM>     
  
 CHARMM>            define target select segid @ion .and. resid @j end
 Parameter: ION -> "POS"
 Parameter: J -> "31"
 SELRPN>      1 atoms have been selected out of  17424
  
 CHARMM>     
  
 CHARMM>            calc xpos = @A * ( ?random - 0.5 )
 Parameter: A -> "66.0740394"
 RDCMND substituted energy or value "?RANDOM" to "0.126181267"
Evaluating: 66.0740394*(0.126181267-0.5)
 Parameter: XPOS <- "-24.6997137"
  
 CHARMM>            calc ypos = @B * ( ?random - 0.5 )
 Parameter: B -> "66.0740394"
 RDCMND substituted energy or value "?RANDOM" to "0.705277616"
Evaluating: 66.0740394*(0.705277616-0.5)
 Parameter: YPOS <- "13.5635213"
  
 CHARMM>            calc zpos = @C * ( ?random - 0.5 ) + @zcen
 Parameter: C -> "85"
 Parameter: ZCEN -> "0"
 RDCMND substituted energy or value "?RANDOM" to "0.81553149"
Evaluating: 85*(0.81553149-0.5)+0
 Parameter: ZPOS <- "26.8201767"
  
 CHARMM>     
  
 CHARMM>            if zpos .gt. -15 if zpos .lt. 15 goto doinit
 Comparing "26.8201767" and "-15".
 IF test evaluated as true.  Performing command
 Comparing "26.8201767" and "15".
 IF test evaluated as false.  Skipping command
  
 CHARMM>     
  
 CHARMM>            ! move target to selected position
  
 CHARMM>            coor stat select target end
 SELRPN>      1 atoms have been selected out of  17424
 STATISTICS FOR         1 SELECTED ATOMS:
    XMIN =   13.002651 XMAX =   13.002651 XAVE =   13.002651
    YMIN =   10.863686 YMAX =   10.863686 YAVE =   10.863686
    ZMIN =   17.915614 ZMAX =   17.915614 ZAVE =   17.915614
    WMIN =    1.000000 WMAX =    1.000000 WAVE =    1.000000
  
 CHARMM>            calc xtran = @xpos - ?xave
 Parameter: XPOS -> "-24.6997137"
 RDCMND substituted energy or value "?XAVE" to "13.0026507"
Evaluating: -24.6997137-13.0026507
 Parameter: XTRAN <- "-37.7023644"
  
 CHARMM>            calc ytran = @ypos - ?yave
 Parameter: YPOS -> "13.5635213"
 RDCMND substituted energy or value "?YAVE" to "10.8636858"
Evaluating: 13.5635213-10.8636858
 Parameter: YTRAN <- "2.6998355"
  
 CHARMM>            calc ztran = @zpos - ?zave
 Parameter: ZPOS -> "26.8201767"
 RDCMND substituted energy or value "?ZAVE" to "17.9156139"
Evaluating: 26.8201767-17.9156139
 Parameter: ZTRAN <- "8.9045628"
  
 CHARMM>            coor trans xdir @xtran ydir @ytran zdir @ztran select target end
 Parameter: XTRAN -> "-37.7023644"
 Parameter: YTRAN -> "2.6998355"
 Parameter: ZTRAN -> "8.9045628"
 SELRPN>      1 atoms have been selected out of  17424
 TRANSLATION VECTOR   -37.702364    2.699835    8.904563
 SELECTED COORDINATES TRANSLATED IN THE MAIN SET.

  
 CHARMM>     
  
 CHARMM>            ! apply a random rotation along XYZ
  
 CHARMM>            calc xphi = ?random * 360.0
 RDCMND substituted energy or value "?RANDOM" to "0.275755706"
Evaluating: 0.275755706*360.0
 Parameter: XPHI <- "99.2720542"
  
 CHARMM>            calc yphi = ?random * 360.0
 RDCMND substituted energy or value "?RANDOM" to "0.952349699"
Evaluating: 0.952349699*360.0
 Parameter: YPHI <- "342.845892"
  
 CHARMM>            calc zphi = ?random * 360.0
 RDCMND substituted energy or value "?RANDOM" to "0.940235084"
Evaluating: 0.940235084*360.0
 Parameter: ZPHI <- "338.48463"
  
 CHARMM>            coor rotate xcen @xpos ycen @ypos zcen @zpos xdir 1.0 -
 CHARMM>                phi @xphi select target end
 Parameter: XPOS -> "-24.6997137"
 Parameter: YPOS -> "13.5635213"
 Parameter: ZPOS -> "26.8201767"
 Parameter: XPHI -> "99.2720542"
 SELRPN>      1 atoms have been selected out of  17424
 ROTATION MATRIX
    1.000000    0.000000    0.000000
    0.000000   -0.161122    0.986934
    0.000000   -0.986934   -0.161122

 AXIS OF ROTATION IS  1.000000  0.000000  0.000000  ANGLE IS   99.27

 SELECTED COORDINATES ROTATED IN THE MAIN SET.

  
 CHARMM>            coor rotate xcen @xpos ycen @ypos zcen @zpos ydir 1.0 -
 CHARMM>                phi @yphi select target end
 Parameter: XPOS -> "-24.6997137"
 Parameter: YPOS -> "13.5635213"
 Parameter: ZPOS -> "26.8201767"
 Parameter: YPHI -> "342.845892"
 SELRPN>      1 atoms have been selected out of  17424
 ROTATION MATRIX
    0.955515    0.000000    0.294943
    0.000000    1.000000    0.000000
   -0.294943    0.000000    0.955515

 AXIS OF ROTATION IS  0.000000 -1.000000  0.000000  ANGLE IS   17.15

 SELECTED COORDINATES ROTATED IN THE MAIN SET.

  
 CHARMM>            coor rotate xcen @xpos ycen @ypos zcen @zpos zdir 1.0 -
 CHARMM>                phi @zphi select target end
 Parameter: XPOS -> "-24.6997137"
 Parameter: YPOS -> "13.5635213"
 Parameter: ZPOS -> "26.8201767"
 Parameter: ZPHI -> "338.48463"
 SELRPN>      1 atoms have been selected out of  17424
 ROTATION MATRIX
    0.930319   -0.366751    0.000000
    0.366751    0.930319    0.000000
    0.000000    0.000000    1.000000

 AXIS OF ROTATION IS  0.000000  0.000000 -1.000000  ANGLE IS   21.52

 SELECTED COORDINATES ROTATED IN THE MAIN SET.

  
 CHARMM>     
  
 CHARMM>     
  
 CHARMM>            calc dcut = 3.5
Evaluating: 3.5
 Parameter: DCUT <- "3.5"
  
 CHARMM>     
  
 CHARMM>            coor stat sele target end
 SELRPN>      1 atoms have been selected out of  17424
 STATISTICS FOR         1 SELECTED ATOMS:
    XMIN =  -24.699714 XMAX =  -24.699714 XAVE =  -24.699714
    YMIN =   13.563521 YMAX =   13.563521 YAVE =   13.563521
    ZMIN =   26.820177 ZMAX =   26.820177 ZAVE =   26.820177
    WMIN =    1.000000 WMAX =    1.000000 WAVE =    1.000000
  
 CHARMM>            calc xmax = ?xmax + @dcut
 Parameter: DCUT -> "3.5"
 RDCMND substituted energy or value "?XMAX" to "-24.6997137"
Evaluating: -24.6997137+3.5
 Parameter: XMAX <- "-21.1997137"
  
 CHARMM>            calc ymax = ?ymax + @dcut
 Parameter: DCUT -> "3.5"
 RDCMND substituted energy or value "?YMAX" to "13.5635213"
Evaluating: 13.5635213+3.5
 Parameter: YMAX <- "17.0635213"
  
 CHARMM>            calc zmax = ?zmax + @dcut
 Parameter: DCUT -> "3.5"
 RDCMND substituted energy or value "?ZMAX" to "26.8201767"
Evaluating: 26.8201767+3.5
 Parameter: ZMAX <- "30.3201767"
  
 CHARMM>            calc xmin = ?xmin - @dcut
 Parameter: DCUT -> "3.5"
 RDCMND substituted energy or value "?XMIN" to "-24.6997137"
Evaluating: -24.6997137-3.5
 Parameter: XMIN <- "-28.1997137"
  
 CHARMM>            calc ymin = ?ymin - @dcut
 Parameter: DCUT -> "3.5"
 RDCMND substituted energy or value "?YMIN" to "13.5635213"
Evaluating: 13.5635213-3.5
 Parameter: YMIN <- "10.0635213"
  
 CHARMM>            calc zmin = ?zmin - @dcut
 Parameter: DCUT -> "3.5"
 RDCMND substituted energy or value "?ZMIN" to "26.8201767"
Evaluating: 26.8201767-3.5
 Parameter: ZMIN <- "23.3201767"
  
 CHARMM>     
  
 CHARMM>            define JUNK sele .not. target .and. -
 CHARMM>                             prop X .lt. @xmax .and. prop X .gt. @xmin .and. -
 CHARMM>                             prop Y .lt. @ymax .and. prop Y .gt. @ymin .and. -
 CHARMM>                             prop Z .lt. @zmax .and. prop Z .gt. @zmin  end
 Parameter: XMAX -> "-21.1997137"
 Parameter: XMIN -> "-28.1997137"
 Parameter: YMAX -> "17.0635213"
 Parameter: YMIN -> "10.0635213"
 Parameter: ZMAX -> "30.3201767"
 Parameter: ZMIN -> "23.3201767"
 SELRPN>      0 atoms have been selected out of  17424
  
 CHARMM>     
  
 CHARMM>            ! check if the ions are too close to protein
  
 CHARMM>            define XXX sele PROT end
 SELRPN>    136 atoms have been selected out of  17424
  
 CHARMM>            if ?nsel .gt. 0 then
 RDCMND substituted energy or value "?NSEL" to "136"
 Comparing "136" and "0".
 IF test evaluated as true.  Performing command
  
 CHARMM>                coor dist cut 10.0 sele target end -
 CHARMM>                                   sele PROT .and. JUNK .and. .not. hydrogen end image
 SELRPN>      1 atoms have been selected out of  27773
 SELRPN>      0 atoms have been selected out of  27773

            DISTANCES FOR SELECTED ATOMS
            ONLY ONE SELECTION SET SPECIFIED, A COMPARISON WILL BE DONE
 TOTAL EXCLUSION COUNT =         0
 TOTAL 1-4 EXCLUSIONS  =         0
 TOTAL NON-EXCLUSIONS  =         0
  
 CHARMM>                if ?npair .gt. 0 goto doinit
 RDCMND substituted energy or value "?NPAIR" to "0"
 Comparing "0" and "0".
 IF test evaluated as false.  Skipping command
  
 CHARMM>            endif
  
 CHARMM>     
  
 CHARMM>            ! check if the ions are too close to solute
  
 CHARMM>            coor dist cut 4.0 sele target end sele JUNK .and. .not. hydrogen end image
 SELRPN>      1 atoms have been selected out of  27773
 SELRPN>      0 atoms have been selected out of  27773

            DISTANCES FOR SELECTED ATOMS
            ONLY ONE SELECTION SET SPECIFIED, A COMPARISON WILL BE DONE
 TOTAL EXCLUSION COUNT =         0
 TOTAL 1-4 EXCLUSIONS  =         0
 TOTAL NON-EXCLUSIONS  =         0
  
 CHARMM>            if ?npair .gt. 0 goto doinit
 RDCMND substituted energy or value "?NPAIR" to "0"
 Comparing "0" and "0".
 IF test evaluated as false.  Skipping command
  
 CHARMM>     
  
 CHARMM>            calc cntrand = 0
Evaluating: 0
 Parameter: CNTRAND <- "0"
  
 CHARMM>            increase i by 1
 Parameter: I <- "32"
  
 CHARMM>            if i .le. @nion goto doinit
 Parameter: NION -> "50"
 Comparing "32" and "50".
 IF test evaluated as true.  Performing command
  
 CHARMM>     
  
 CHARMM>            calc cntrand = @cntrand + 1
 Parameter: CNTRAND -> "0"
Evaluating: 0+1
 Parameter: CNTRAND <- "1"
  
 CHARMM>            if cntrand .gt. 100 stop ! ABNORMAL TERMINATION: ion placing may not work.. stop here
 Comparing "1" and "100".
 IF test evaluated as false.  Skipping command
  
 CHARMM>     
  
 CHARMM>            calc j = @i
 Parameter: I -> "32"
Evaluating: 32
 Parameter: J <- "32"
  
 CHARMM>            set ion = POS
 Parameter: ION <- "POS"
  
 CHARMM>     
  
 CHARMM>            if j .gt. @npos then
 Parameter: NPOS -> "36"
 Comparing "32" and "36".
 IF test evaluated as false.  Skip to ELSE or ENDIF
  
 CHARMM>     
  
 CHARMM>            define target select segid @ion .and. resid @j end
 Parameter: ION -> "POS"
 Parameter: J -> "32"
 SELRPN>      1 atoms have been selected out of  17424
  
 CHARMM>     
  
 CHARMM>            calc xpos = @A * ( ?random - 0.5 )
 Parameter: A -> "66.0740394"
 RDCMND substituted energy or value "?RANDOM" to "0.157921108"
Evaluating: 66.0740394*(0.157921108-0.5)
 Parameter: XPOS <- "-22.6025342"
  
 CHARMM>            calc ypos = @B * ( ?random - 0.5 )
 Parameter: B -> "66.0740394"
 RDCMND substituted energy or value "?RANDOM" to "0.603468278"
Evaluating: 66.0740394*(0.603468278-0.5)
 Parameter: YPOS <- "6.83656708"
  
 CHARMM>            calc zpos = @C * ( ?random - 0.5 ) + @zcen
 Parameter: C -> "85"
 Parameter: ZCEN -> "0"
 RDCMND substituted energy or value "?RANDOM" to "0.78743522"
Evaluating: 85*(0.78743522-0.5)+0
 Parameter: ZPOS <- "24.4319937"
  
 CHARMM>     
  
 CHARMM>            if zpos .gt. -15 if zpos .lt. 15 goto doinit
 Comparing "24.4319937" and "-15".
 IF test evaluated as true.  Performing command
 Comparing "24.4319937" and "15".
 IF test evaluated as false.  Skipping command
  
 CHARMM>     
  
 CHARMM>            ! move target to selected position
  
 CHARMM>            coor stat select target end
 SELRPN>      1 atoms have been selected out of  17424
 STATISTICS FOR         1 SELECTED ATOMS:
    XMIN =    0.000000 XMAX =    0.000000 XAVE =    0.000000
    YMIN =    0.000000 YMAX =    0.000000 YAVE =    0.000000
    ZMIN =    0.000000 ZMAX =    0.000000 ZAVE =    0.000000
    WMIN =    1.000000 WMAX =    1.000000 WAVE =    1.000000
  
 CHARMM>            calc xtran = @xpos - ?xave
 Parameter: XPOS -> "-22.6025342"
 RDCMND substituted energy or value "?XAVE" to "0"
Evaluating: -22.6025342-0
 Parameter: XTRAN <- "-22.6025342"
  
 CHARMM>            calc ytran = @ypos - ?yave
 Parameter: YPOS -> "6.83656708"
 RDCMND substituted energy or value "?YAVE" to "0"
Evaluating: 6.83656708-0
 Parameter: YTRAN <- "6.83656708"
  
 CHARMM>            calc ztran = @zpos - ?zave
 Parameter: ZPOS -> "24.4319937"
 RDCMND substituted energy or value "?ZAVE" to "0"
Evaluating: 24.4319937-0
 Parameter: ZTRAN <- "24.4319937"
  
 CHARMM>            coor trans xdir @xtran ydir @ytran zdir @ztran select target end
 Parameter: XTRAN -> "-22.6025342"
 Parameter: YTRAN -> "6.83656708"
 Parameter: ZTRAN -> "24.4319937"
 SELRPN>      1 atoms have been selected out of  17424
 TRANSLATION VECTOR   -22.602534    6.836567   24.431994
 SELECTED COORDINATES TRANSLATED IN THE MAIN SET.

  
 CHARMM>     
  
 CHARMM>            ! apply a random rotation along XYZ
  
 CHARMM>            calc xphi = ?random * 360.0
 RDCMND substituted energy or value "?RANDOM" to "0.145740819"
Evaluating: 0.145740819*360.0
 Parameter: XPHI <- "52.4666948"
  
 CHARMM>            calc yphi = ?random * 360.0
 RDCMND substituted energy or value "?RANDOM" to "0.958493012"
Evaluating: 0.958493012*360.0
 Parameter: YPHI <- "345.057484"
  
 CHARMM>            calc zphi = ?random * 360.0
 RDCMND substituted energy or value "?RANDOM" to "0.203206422"
Evaluating: 0.203206422*360.0
 Parameter: ZPHI <- "73.1543119"
  
 CHARMM>            coor rotate xcen @xpos ycen @ypos zcen @zpos xdir 1.0 -
 CHARMM>                phi @xphi select target end
 Parameter: XPOS -> "-22.6025342"
 Parameter: YPOS -> "6.83656708"
 Parameter: ZPOS -> "24.4319937"
 Parameter: XPHI -> "52.4666948"
 SELRPN>      1 atoms have been selected out of  17424
 ROTATION MATRIX
    1.000000    0.000000    0.000000
    0.000000    0.609222    0.792999
    0.000000   -0.792999    0.609222

 AXIS OF ROTATION IS  1.000000  0.000000  0.000000  ANGLE IS   52.47

 SELECTED COORDINATES ROTATED IN THE MAIN SET.

  
 CHARMM>            coor rotate xcen @xpos ycen @ypos zcen @zpos ydir 1.0 -
 CHARMM>                phi @yphi select target end
 Parameter: XPOS -> "-22.6025342"
 Parameter: YPOS -> "6.83656708"
 Parameter: ZPOS -> "24.4319937"
 Parameter: YPHI -> "345.057484"
 SELRPN>      1 atoms have been selected out of  17424
 ROTATION MATRIX
    0.966185    0.000000    0.257850
    0.000000    1.000000    0.000000
   -0.257850    0.000000    0.966185

 AXIS OF ROTATION IS  0.000000 -1.000000  0.000000  ANGLE IS   14.94

 SELECTED COORDINATES ROTATED IN THE MAIN SET.

  
 CHARMM>            coor rotate xcen @xpos ycen @ypos zcen @zpos zdir 1.0 -
 CHARMM>                phi @zphi select target end
 Parameter: XPOS -> "-22.6025342"
 Parameter: YPOS -> "6.83656708"
 Parameter: ZPOS -> "24.4319937"
 Parameter: ZPHI -> "73.1543119"
 SELRPN>      1 atoms have been selected out of  17424
 ROTATION MATRIX
    0.289795    0.957089    0.000000
   -0.957089    0.289795    0.000000
    0.000000    0.000000    1.000000

 AXIS OF ROTATION IS  0.000000  0.000000  1.000000  ANGLE IS   73.15

 SELECTED COORDINATES ROTATED IN THE MAIN SET.

  
 CHARMM>     
  
 CHARMM>     
  
 CHARMM>            calc dcut = 3.5
Evaluating: 3.5
 Parameter: DCUT <- "3.5"
  
 CHARMM>     
  
 CHARMM>            coor stat sele target end
 SELRPN>      1 atoms have been selected out of  17424
 STATISTICS FOR         1 SELECTED ATOMS:
    XMIN =  -22.602534 XMAX =  -22.602534 XAVE =  -22.602534
    YMIN =    6.836567 YMAX =    6.836567 YAVE =    6.836567
    ZMIN =   24.431994 ZMAX =   24.431994 ZAVE =   24.431994
    WMIN =    1.000000 WMAX =    1.000000 WAVE =    1.000000
  
 CHARMM>            calc xmax = ?xmax + @dcut
 Parameter: DCUT -> "3.5"
 RDCMND substituted energy or value "?XMAX" to "-22.6025342"
Evaluating: -22.6025342+3.5
 Parameter: XMAX <- "-19.1025342"
  
 CHARMM>            calc ymax = ?ymax + @dcut
 Parameter: DCUT -> "3.5"
 RDCMND substituted energy or value "?YMAX" to "6.83656708"
Evaluating: 6.83656708+3.5
 Parameter: YMAX <- "10.3365671"
  
 CHARMM>            calc zmax = ?zmax + @dcut
 Parameter: DCUT -> "3.5"
 RDCMND substituted energy or value "?ZMAX" to "24.4319937"
Evaluating: 24.4319937+3.5
 Parameter: ZMAX <- "27.9319937"
  
 CHARMM>            calc xmin = ?xmin - @dcut
 Parameter: DCUT -> "3.5"
 RDCMND substituted energy or value "?XMIN" to "-22.6025342"
Evaluating: -22.6025342-3.5
 Parameter: XMIN <- "-26.1025342"
  
 CHARMM>            calc ymin = ?ymin - @dcut
 Parameter: DCUT -> "3.5"
 RDCMND substituted energy or value "?YMIN" to "6.83656708"
Evaluating: 6.83656708-3.5
 Parameter: YMIN <- "3.33656708"
  
 CHARMM>            calc zmin = ?zmin - @dcut
 Parameter: DCUT -> "3.5"
 RDCMND substituted energy or value "?ZMIN" to "24.4319937"
Evaluating: 24.4319937-3.5
 Parameter: ZMIN <- "20.9319937"
  
 CHARMM>     
  
 CHARMM>            define JUNK sele .not. target .and. -
 CHARMM>                             prop X .lt. @xmax .and. prop X .gt. @xmin .and. -
 CHARMM>                             prop Y .lt. @ymax .and. prop Y .gt. @ymin .and. -
 CHARMM>                             prop Z .lt. @zmax .and. prop Z .gt. @zmin  end
 Parameter: XMAX -> "-19.1025342"
 Parameter: XMIN -> "-26.1025342"
 Parameter: YMAX -> "10.3365671"
 Parameter: YMIN -> "3.33656708"
 Parameter: ZMAX -> "27.9319937"
 Parameter: ZMIN -> "20.9319937"
 SELRPN>      1 atoms have been selected out of  17424
  
 CHARMM>     
  
 CHARMM>            ! check if the ions are too close to protein
  
 CHARMM>            define XXX sele PROT end
 SELRPN>    136 atoms have been selected out of  17424
  
 CHARMM>            if ?nsel .gt. 0 then
 RDCMND substituted energy or value "?NSEL" to "136"
 Comparing "136" and "0".
 IF test evaluated as true.  Performing command
  
 CHARMM>                coor dist cut 10.0 sele target end -
 CHARMM>                                   sele PROT .and. JUNK .and. .not. hydrogen end image
 SELRPN>      1 atoms have been selected out of  27773
 SELRPN>      0 atoms have been selected out of  27773

            DISTANCES FOR SELECTED ATOMS
            ONLY ONE SELECTION SET SPECIFIED, A COMPARISON WILL BE DONE
 TOTAL EXCLUSION COUNT =         0
 TOTAL 1-4 EXCLUSIONS  =         0
 TOTAL NON-EXCLUSIONS  =         0
  
 CHARMM>                if ?npair .gt. 0 goto doinit
 RDCMND substituted energy or value "?NPAIR" to "0"
 Comparing "0" and "0".
 IF test evaluated as false.  Skipping command
  
 CHARMM>            endif
  
 CHARMM>     
  
 CHARMM>            ! check if the ions are too close to solute
  
 CHARMM>            coor dist cut 4.0 sele target end sele JUNK .and. .not. hydrogen end image
 SELRPN>      1 atoms have been selected out of  27773
 SELRPN>      0 atoms have been selected out of  27773

            DISTANCES FOR SELECTED ATOMS
            ONLY ONE SELECTION SET SPECIFIED, A COMPARISON WILL BE DONE
 TOTAL EXCLUSION COUNT =         0
 TOTAL 1-4 EXCLUSIONS  =         0
 TOTAL NON-EXCLUSIONS  =         0
  
 CHARMM>            if ?npair .gt. 0 goto doinit
 RDCMND substituted energy or value "?NPAIR" to "0"
 Comparing "0" and "0".
 IF test evaluated as false.  Skipping command
  
 CHARMM>     
  
 CHARMM>            calc cntrand = 0
Evaluating: 0
 Parameter: CNTRAND <- "0"
  
 CHARMM>            increase i by 1
 Parameter: I <- "33"
  
 CHARMM>            if i .le. @nion goto doinit
 Parameter: NION -> "50"
 Comparing "33" and "50".
 IF test evaluated as true.  Performing command
  
 CHARMM>     
  
 CHARMM>            calc cntrand = @cntrand + 1
 Parameter: CNTRAND -> "0"
Evaluating: 0+1
 Parameter: CNTRAND <- "1"
  
 CHARMM>            if cntrand .gt. 100 stop ! ABNORMAL TERMINATION: ion placing may not work.. stop here
 Comparing "1" and "100".
 IF test evaluated as false.  Skipping command
  
 CHARMM>     
  
 CHARMM>            calc j = @i
 Parameter: I -> "33"
Evaluating: 33
 Parameter: J <- "33"
  
 CHARMM>            set ion = POS
 Parameter: ION <- "POS"
  
 CHARMM>     
  
 CHARMM>            if j .gt. @npos then
 Parameter: NPOS -> "36"
 Comparing "33" and "36".
 IF test evaluated as false.  Skip to ELSE or ENDIF
  
 CHARMM>     
  
 CHARMM>            define target select segid @ion .and. resid @j end
 Parameter: ION -> "POS"
 Parameter: J -> "33"
 SELRPN>      1 atoms have been selected out of  17424
  
 CHARMM>     
  
 CHARMM>            calc xpos = @A * ( ?random - 0.5 )
 Parameter: A -> "66.0740394"
 RDCMND substituted energy or value "?RANDOM" to "0.405203513"
Evaluating: 66.0740394*(0.405203513-0.5)
 Parameter: XPOS <- "-6.26358682"
  
 CHARMM>            calc ypos = @B * ( ?random - 0.5 )
 Parameter: B -> "66.0740394"
 RDCMND substituted energy or value "?RANDOM" to "0.647963582"
Evaluating: 66.0740394*(0.647963582-0.5)
 Parameter: YPOS <- "9.77655155"
  
 CHARMM>            calc zpos = @C * ( ?random - 0.5 ) + @zcen
 Parameter: C -> "85"
 Parameter: ZCEN -> "0"
 RDCMND substituted energy or value "?RANDOM" to "0.8321288"
Evaluating: 85*(0.8321288-0.5)+0
 Parameter: ZPOS <- "28.230948"
  
 CHARMM>     
  
 CHARMM>            if zpos .gt. -15 if zpos .lt. 15 goto doinit
 Comparing "28.230948" and "-15".
 IF test evaluated as true.  Performing command
 Comparing "28.230948" and "15".
 IF test evaluated as false.  Skipping command
  
 CHARMM>     
  
 CHARMM>            ! move target to selected position
  
 CHARMM>            coor stat select target end
 SELRPN>      1 atoms have been selected out of  17424
 STATISTICS FOR         1 SELECTED ATOMS:
    XMIN =    0.000000 XMAX =    0.000000 XAVE =    0.000000
    YMIN =    0.000000 YMAX =    0.000000 YAVE =    0.000000
    ZMIN =    0.000000 ZMAX =    0.000000 ZAVE =    0.000000
    WMIN =    1.000000 WMAX =    1.000000 WAVE =    1.000000
  
 CHARMM>            calc xtran = @xpos - ?xave
 Parameter: XPOS -> "-6.26358682"
 RDCMND substituted energy or value "?XAVE" to "0"
Evaluating: -6.26358682-0
 Parameter: XTRAN <- "-6.26358682"
  
 CHARMM>            calc ytran = @ypos - ?yave
 Parameter: YPOS -> "9.77655155"
 RDCMND substituted energy or value "?YAVE" to "0"
Evaluating: 9.77655155-0
 Parameter: YTRAN <- "9.77655155"
  
 CHARMM>            calc ztran = @zpos - ?zave
 Parameter: ZPOS -> "28.230948"
 RDCMND substituted energy or value "?ZAVE" to "0"
Evaluating: 28.230948-0
 Parameter: ZTRAN <- "28.230948"
  
 CHARMM>            coor trans xdir @xtran ydir @ytran zdir @ztran select target end
 Parameter: XTRAN -> "-6.26358682"
 Parameter: YTRAN -> "9.77655155"
 Parameter: ZTRAN -> "28.230948"
 SELRPN>      1 atoms have been selected out of  17424
 TRANSLATION VECTOR    -6.263587    9.776552   28.230948
 SELECTED COORDINATES TRANSLATED IN THE MAIN SET.

  
 CHARMM>     
  
 CHARMM>            ! apply a random rotation along XYZ
  
 CHARMM>            calc xphi = ?random * 360.0
 RDCMND substituted energy or value "?RANDOM" to "0.318317727"
Evaluating: 0.318317727*360.0
 Parameter: XPHI <- "114.594382"
  
 CHARMM>            calc yphi = ?random * 360.0
 RDCMND substituted energy or value "?RANDOM" to "0.995776763"
Evaluating: 0.995776763*360.0
 Parameter: YPHI <- "358.479635"
  
 CHARMM>            calc zphi = ?random * 360.0
 RDCMND substituted energy or value "?RANDOM" to "0.514492525"
Evaluating: 0.514492525*360.0
 Parameter: ZPHI <- "185.217309"
  
 CHARMM>            coor rotate xcen @xpos ycen @ypos zcen @zpos xdir 1.0 -
 CHARMM>                phi @xphi select target end
 Parameter: XPOS -> "-6.26358682"
 Parameter: YPOS -> "9.77655155"
 Parameter: ZPOS -> "28.230948"
 Parameter: XPHI -> "114.594382"
 SELRPN>      1 atoms have been selected out of  17424
 ROTATION MATRIX
    1.000000    0.000000    0.000000
    0.000000   -0.416192    0.909277
    0.000000   -0.909277   -0.416192

 AXIS OF ROTATION IS  1.000000  0.000000  0.000000  ANGLE IS  114.59

 SELECTED COORDINATES ROTATED IN THE MAIN SET.

  
 CHARMM>            coor rotate xcen @xpos ycen @ypos zcen @zpos ydir 1.0 -
 CHARMM>                phi @yphi select target end
 Parameter: XPOS -> "-6.26358682"
 Parameter: YPOS -> "9.77655155"
 Parameter: ZPOS -> "28.230948"
 Parameter: YPHI -> "358.479635"
 SELRPN>      1 atoms have been selected out of  17424
 ROTATION MATRIX
    0.999648    0.000000    0.026532
    0.000000    1.000000    0.000000
   -0.026532    0.000000    0.999648

 AXIS OF ROTATION IS  0.000000 -1.000000  0.000000  ANGLE IS    1.52

 SELECTED COORDINATES ROTATED IN THE MAIN SET.

  
 CHARMM>            coor rotate xcen @xpos ycen @ypos zcen @zpos zdir 1.0 -
 CHARMM>                phi @zphi select target end
 Parameter: XPOS -> "-6.26358682"
 Parameter: YPOS -> "9.77655155"
 Parameter: ZPOS -> "28.230948"
 Parameter: ZPHI -> "185.217309"
 SELRPN>      1 atoms have been selected out of  17424
 ROTATION MATRIX
   -0.995857   -0.090933    0.000000
    0.090933   -0.995857    0.000000
    0.000000    0.000000    1.000000

 AXIS OF ROTATION IS  0.000000  0.000000 -1.000000  ANGLE IS  174.78

 SELECTED COORDINATES ROTATED IN THE MAIN SET.

  
 CHARMM>     
  
 CHARMM>     
  
 CHARMM>            calc dcut = 3.5
Evaluating: 3.5
 Parameter: DCUT <- "3.5"
  
 CHARMM>     
  
 CHARMM>            coor stat sele target end
 SELRPN>      1 atoms have been selected out of  17424
 STATISTICS FOR         1 SELECTED ATOMS:
    XMIN =   -6.263587 XMAX =   -6.263587 XAVE =   -6.263587
    YMIN =    9.776552 YMAX =    9.776552 YAVE =    9.776552
    ZMIN =   28.230948 ZMAX =   28.230948 ZAVE =   28.230948
    WMIN =    1.000000 WMAX =    1.000000 WAVE =    1.000000
  
 CHARMM>            calc xmax = ?xmax + @dcut
 Parameter: DCUT -> "3.5"
 RDCMND substituted energy or value "?XMAX" to "-6.26358682"
Evaluating: -6.26358682+3.5
 Parameter: XMAX <- "-2.76358682"
  
 CHARMM>            calc ymax = ?ymax + @dcut
 Parameter: DCUT -> "3.5"
 RDCMND substituted energy or value "?YMAX" to "9.77655155"
Evaluating: 9.77655155+3.5
 Parameter: YMAX <- "13.2765516"
  
 CHARMM>            calc zmax = ?zmax + @dcut
 Parameter: DCUT -> "3.5"
 RDCMND substituted energy or value "?ZMAX" to "28.230948"
Evaluating: 28.230948+3.5
 Parameter: ZMAX <- "31.730948"
  
 CHARMM>            calc xmin = ?xmin - @dcut
 Parameter: DCUT -> "3.5"
 RDCMND substituted energy or value "?XMIN" to "-6.26358682"
Evaluating: -6.26358682-3.5
 Parameter: XMIN <- "-9.76358682"
  
 CHARMM>            calc ymin = ?ymin - @dcut
 Parameter: DCUT -> "3.5"
 RDCMND substituted energy or value "?YMIN" to "9.77655155"
Evaluating: 9.77655155-3.5
 Parameter: YMIN <- "6.27655155"
  
 CHARMM>            calc zmin = ?zmin - @dcut
 Parameter: DCUT -> "3.5"
 RDCMND substituted energy or value "?ZMIN" to "28.230948"
Evaluating: 28.230948-3.5
 Parameter: ZMIN <- "24.730948"
  
 CHARMM>     
  
 CHARMM>            define JUNK sele .not. target .and. -
 CHARMM>                             prop X .lt. @xmax .and. prop X .gt. @xmin .and. -
 CHARMM>                             prop Y .lt. @ymax .and. prop Y .gt. @ymin .and. -
 CHARMM>                             prop Z .lt. @zmax .and. prop Z .gt. @zmin  end
 Parameter: XMAX -> "-2.76358682"
 Parameter: XMIN -> "-9.76358682"
 Parameter: YMAX -> "13.2765516"
 Parameter: YMIN -> "6.27655155"
 Parameter: ZMAX -> "31.730948"
 Parameter: ZMIN -> "24.730948"
 SELRPN>      0 atoms have been selected out of  17424
  
 CHARMM>     
  
 CHARMM>            ! check if the ions are too close to protein
  
 CHARMM>            define XXX sele PROT end
 SELRPN>    136 atoms have been selected out of  17424
  
 CHARMM>            if ?nsel .gt. 0 then
 RDCMND substituted energy or value "?NSEL" to "136"
 Comparing "136" and "0".
 IF test evaluated as true.  Performing command
  
 CHARMM>                coor dist cut 10.0 sele target end -
 CHARMM>                                   sele PROT .and. JUNK .and. .not. hydrogen end image
 SELRPN>      1 atoms have been selected out of  27773
 SELRPN>      0 atoms have been selected out of  27773

            DISTANCES FOR SELECTED ATOMS
            ONLY ONE SELECTION SET SPECIFIED, A COMPARISON WILL BE DONE
 TOTAL EXCLUSION COUNT =         0
 TOTAL 1-4 EXCLUSIONS  =         0
 TOTAL NON-EXCLUSIONS  =         0
  
 CHARMM>                if ?npair .gt. 0 goto doinit
 RDCMND substituted energy or value "?NPAIR" to "0"
 Comparing "0" and "0".
 IF test evaluated as false.  Skipping command
  
 CHARMM>            endif
  
 CHARMM>     
  
 CHARMM>            ! check if the ions are too close to solute
  
 CHARMM>            coor dist cut 4.0 sele target end sele JUNK .and. .not. hydrogen end image
 SELRPN>      1 atoms have been selected out of  27773
 SELRPN>      0 atoms have been selected out of  27773

            DISTANCES FOR SELECTED ATOMS
            ONLY ONE SELECTION SET SPECIFIED, A COMPARISON WILL BE DONE
 TOTAL EXCLUSION COUNT =         0
 TOTAL 1-4 EXCLUSIONS  =         0
 TOTAL NON-EXCLUSIONS  =         0
  
 CHARMM>            if ?npair .gt. 0 goto doinit
 RDCMND substituted energy or value "?NPAIR" to "0"
 Comparing "0" and "0".
 IF test evaluated as false.  Skipping command
  
 CHARMM>     
  
 CHARMM>            calc cntrand = 0
Evaluating: 0
 Parameter: CNTRAND <- "0"
  
 CHARMM>            increase i by 1
 Parameter: I <- "34"
  
 CHARMM>            if i .le. @nion goto doinit
 Parameter: NION -> "50"
 Comparing "34" and "50".
 IF test evaluated as true.  Performing command
  
 CHARMM>     
  
 CHARMM>            calc cntrand = @cntrand + 1
 Parameter: CNTRAND -> "0"
Evaluating: 0+1
 Parameter: CNTRAND <- "1"
  
 CHARMM>            if cntrand .gt. 100 stop ! ABNORMAL TERMINATION: ion placing may not work.. stop here
 Comparing "1" and "100".
 IF test evaluated as false.  Skipping command
  
 CHARMM>     
  
 CHARMM>            calc j = @i
 Parameter: I -> "34"
Evaluating: 34
 Parameter: J <- "34"
  
 CHARMM>            set ion = POS
 Parameter: ION <- "POS"
  
 CHARMM>     
  
 CHARMM>            if j .gt. @npos then
 Parameter: NPOS -> "36"
 Comparing "34" and "36".
 IF test evaluated as false.  Skip to ELSE or ENDIF
  
 CHARMM>     
  
 CHARMM>            define target select segid @ion .and. resid @j end
 Parameter: ION -> "POS"
 Parameter: J -> "34"
 SELRPN>      1 atoms have been selected out of  17424
  
 CHARMM>     
  
 CHARMM>            calc xpos = @A * ( ?random - 0.5 )
 Parameter: A -> "66.0740394"
 RDCMND substituted energy or value "?RANDOM" to "0.833404937"
Evaluating: 66.0740394*(0.833404937-0.5)
 Parameter: XPOS <- "22.0294109"
  
 CHARMM>            calc ypos = @B * ( ?random - 0.5 )
 Parameter: B -> "66.0740394"
 RDCMND substituted energy or value "?RANDOM" to "0.722288008"
Evaluating: 66.0740394*(0.722288008-0.5)
 Parameter: YPOS <- "14.6874666"
  
 CHARMM>            calc zpos = @C * ( ?random - 0.5 ) + @zcen
 Parameter: C -> "85"
 Parameter: ZCEN -> "0"
 RDCMND substituted energy or value "?RANDOM" to "0.862632137"
Evaluating: 85*(0.862632137-0.5)+0
 Parameter: ZPOS <- "30.8237316"
  
 CHARMM>     
  
 CHARMM>            if zpos .gt. -15 if zpos .lt. 15 goto doinit
 Comparing "30.8237316" and "-15".
 IF test evaluated as true.  Performing command
 Comparing "30.8237316" and "15".
 IF test evaluated as false.  Skipping command
  
 CHARMM>     
  
 CHARMM>            ! move target to selected position
  
 CHARMM>            coor stat select target end
 SELRPN>      1 atoms have been selected out of  17424
 STATISTICS FOR         1 SELECTED ATOMS:
    XMIN =    0.000000 XMAX =    0.000000 XAVE =    0.000000
    YMIN =    0.000000 YMAX =    0.000000 YAVE =    0.000000
    ZMIN =    0.000000 ZMAX =    0.000000 ZAVE =    0.000000
    WMIN =    1.000000 WMAX =    1.000000 WAVE =    1.000000
  
 CHARMM>            calc xtran = @xpos - ?xave
 Parameter: XPOS -> "22.0294109"
 RDCMND substituted energy or value "?XAVE" to "0"
Evaluating: 22.0294109-0
 Parameter: XTRAN <- "22.0294109"
  
 CHARMM>            calc ytran = @ypos - ?yave
 Parameter: YPOS -> "14.6874666"
 RDCMND substituted energy or value "?YAVE" to "0"
Evaluating: 14.6874666-0
 Parameter: YTRAN <- "14.6874666"
  
 CHARMM>            calc ztran = @zpos - ?zave
 Parameter: ZPOS -> "30.8237316"
 RDCMND substituted energy or value "?ZAVE" to "0"
Evaluating: 30.8237316-0
 Parameter: ZTRAN <- "30.8237316"
  
 CHARMM>            coor trans xdir @xtran ydir @ytran zdir @ztran select target end
 Parameter: XTRAN -> "22.0294109"
 Parameter: YTRAN -> "14.6874666"
 Parameter: ZTRAN -> "30.8237316"
 SELRPN>      1 atoms have been selected out of  17424
 TRANSLATION VECTOR    22.029411   14.687467   30.823732
 SELECTED COORDINATES TRANSLATED IN THE MAIN SET.

  
 CHARMM>     
  
 CHARMM>            ! apply a random rotation along XYZ
  
 CHARMM>            calc xphi = ?random * 360.0
 RDCMND substituted energy or value "?RANDOM" to "0.617566754"
Evaluating: 0.617566754*360.0
 Parameter: XPHI <- "222.324031"
  
 CHARMM>            calc yphi = ?random * 360.0
 RDCMND substituted energy or value "?RANDOM" to "0.350849054"
Evaluating: 0.350849054*360.0
 Parameter: YPHI <- "126.305659"
  
 CHARMM>            calc zphi = ?random * 360.0
 RDCMND substituted energy or value "?RANDOM" to "5.438640482E-02"
Evaluating: 5.438640482E-02*360.0
 Parameter: ZPHI <- "19.5791057"
  
 CHARMM>            coor rotate xcen @xpos ycen @ypos zcen @zpos xdir 1.0 -
 CHARMM>                phi @xphi select target end
 Parameter: XPOS -> "22.0294109"
 Parameter: YPOS -> "14.6874666"
 Parameter: ZPOS -> "30.8237316"
 Parameter: XPHI -> "222.324031"
 SELRPN>      1 atoms have been selected out of  17424
 ROTATION MATRIX
    1.000000    0.000000    0.000000
    0.000000   -0.739349   -0.673323
    0.000000    0.673323   -0.739349

 AXIS OF ROTATION IS -1.000000  0.000000  0.000000  ANGLE IS  137.68

 SELECTED COORDINATES ROTATED IN THE MAIN SET.

  
 CHARMM>            coor rotate xcen @xpos ycen @ypos zcen @zpos ydir 1.0 -
 CHARMM>                phi @yphi select target end
 Parameter: XPOS -> "22.0294109"
 Parameter: YPOS -> "14.6874666"
 Parameter: ZPOS -> "30.8237316"
 Parameter: YPHI -> "126.305659"
 SELRPN>      1 atoms have been selected out of  17424
 ROTATION MATRIX
   -0.592093    0.000000   -0.805870
    0.000000    1.000000    0.000000
    0.805870    0.000000   -0.592093

 AXIS OF ROTATION IS  0.000000  1.000000  0.000000  ANGLE IS  126.31

 SELECTED COORDINATES ROTATED IN THE MAIN SET.

  
 CHARMM>            coor rotate xcen @xpos ycen @ypos zcen @zpos zdir 1.0 -
 CHARMM>                phi @zphi select target end
 Parameter: XPOS -> "22.0294109"
 Parameter: YPOS -> "14.6874666"
 Parameter: ZPOS -> "30.8237316"
 Parameter: ZPHI -> "19.5791057"
 SELRPN>      1 atoms have been selected out of  17424
 ROTATION MATRIX
    0.942180    0.335108    0.000000
   -0.335108    0.942180    0.000000
    0.000000    0.000000    1.000000

 AXIS OF ROTATION IS  0.000000  0.000000  1.000000  ANGLE IS   19.58

 SELECTED COORDINATES ROTATED IN THE MAIN SET.

  
 CHARMM>     
  
 CHARMM>     
  
 CHARMM>            calc dcut = 3.5
Evaluating: 3.5
 Parameter: DCUT <- "3.5"
  
 CHARMM>     
  
 CHARMM>            coor stat sele target end
 SELRPN>      1 atoms have been selected out of  17424
 STATISTICS FOR         1 SELECTED ATOMS:
    XMIN =   22.029411 XMAX =   22.029411 XAVE =   22.029411
    YMIN =   14.687467 YMAX =   14.687467 YAVE =   14.687467
    ZMIN =   30.823732 ZMAX =   30.823732 ZAVE =   30.823732
    WMIN =    1.000000 WMAX =    1.000000 WAVE =    1.000000
  
 CHARMM>            calc xmax = ?xmax + @dcut
 Parameter: DCUT -> "3.5"
 RDCMND substituted energy or value "?XMAX" to "22.0294109"
Evaluating: 22.0294109+3.5
 Parameter: XMAX <- "25.5294109"
  
 CHARMM>            calc ymax = ?ymax + @dcut
 Parameter: DCUT -> "3.5"
 RDCMND substituted energy or value "?YMAX" to "14.6874666"
Evaluating: 14.6874666+3.5
 Parameter: YMAX <- "18.1874666"
  
 CHARMM>            calc zmax = ?zmax + @dcut
 Parameter: DCUT -> "3.5"
 RDCMND substituted energy or value "?ZMAX" to "30.8237316"
Evaluating: 30.8237316+3.5
 Parameter: ZMAX <- "34.3237316"
  
 CHARMM>            calc xmin = ?xmin - @dcut
 Parameter: DCUT -> "3.5"
 RDCMND substituted energy or value "?XMIN" to "22.0294109"
Evaluating: 22.0294109-3.5
 Parameter: XMIN <- "18.5294109"
  
 CHARMM>            calc ymin = ?ymin - @dcut
 Parameter: DCUT -> "3.5"
 RDCMND substituted energy or value "?YMIN" to "14.6874666"
Evaluating: 14.6874666-3.5
 Parameter: YMIN <- "11.1874666"
  
 CHARMM>            calc zmin = ?zmin - @dcut
 Parameter: DCUT -> "3.5"
 RDCMND substituted energy or value "?ZMIN" to "30.8237316"
Evaluating: 30.8237316-3.5
 Parameter: ZMIN <- "27.3237316"
  
 CHARMM>     
  
 CHARMM>            define JUNK sele .not. target .and. -
 CHARMM>                             prop X .lt. @xmax .and. prop X .gt. @xmin .and. -
 CHARMM>                             prop Y .lt. @ymax .and. prop Y .gt. @ymin .and. -
 CHARMM>                             prop Z .lt. @zmax .and. prop Z .gt. @zmin  end
 Parameter: XMAX -> "25.5294109"
 Parameter: XMIN -> "18.5294109"
 Parameter: YMAX -> "18.1874666"
 Parameter: YMIN -> "11.1874666"
 Parameter: ZMAX -> "34.3237316"
 Parameter: ZMIN -> "27.3237316"
 SELRPN>      0 atoms have been selected out of  17424
  
 CHARMM>     
  
 CHARMM>            ! check if the ions are too close to protein
  
 CHARMM>            define XXX sele PROT end
 SELRPN>    136 atoms have been selected out of  17424
  
 CHARMM>            if ?nsel .gt. 0 then
 RDCMND substituted energy or value "?NSEL" to "136"
 Comparing "136" and "0".
 IF test evaluated as true.  Performing command
  
 CHARMM>                coor dist cut 10.0 sele target end -
 CHARMM>                                   sele PROT .and. JUNK .and. .not. hydrogen end image
 SELRPN>      1 atoms have been selected out of  27773
 SELRPN>      0 atoms have been selected out of  27773

            DISTANCES FOR SELECTED ATOMS
            ONLY ONE SELECTION SET SPECIFIED, A COMPARISON WILL BE DONE
 TOTAL EXCLUSION COUNT =         0
 TOTAL 1-4 EXCLUSIONS  =         0
 TOTAL NON-EXCLUSIONS  =         0
  
 CHARMM>                if ?npair .gt. 0 goto doinit
 RDCMND substituted energy or value "?NPAIR" to "0"
 Comparing "0" and "0".
 IF test evaluated as false.  Skipping command
  
 CHARMM>            endif
  
 CHARMM>     
  
 CHARMM>            ! check if the ions are too close to solute
  
 CHARMM>            coor dist cut 4.0 sele target end sele JUNK .and. .not. hydrogen end image
 SELRPN>      1 atoms have been selected out of  27773
 SELRPN>      0 atoms have been selected out of  27773

            DISTANCES FOR SELECTED ATOMS
            ONLY ONE SELECTION SET SPECIFIED, A COMPARISON WILL BE DONE
 TOTAL EXCLUSION COUNT =         0
 TOTAL 1-4 EXCLUSIONS  =         0
 TOTAL NON-EXCLUSIONS  =         0
  
 CHARMM>            if ?npair .gt. 0 goto doinit
 RDCMND substituted energy or value "?NPAIR" to "0"
 Comparing "0" and "0".
 IF test evaluated as false.  Skipping command
  
 CHARMM>     
  
 CHARMM>            calc cntrand = 0
Evaluating: 0
 Parameter: CNTRAND <- "0"
  
 CHARMM>            increase i by 1
 Parameter: I <- "35"
  
 CHARMM>            if i .le. @nion goto doinit
 Parameter: NION -> "50"
 Comparing "35" and "50".
 IF test evaluated as true.  Performing command
  
 CHARMM>     
  
 CHARMM>            calc cntrand = @cntrand + 1
 Parameter: CNTRAND -> "0"
Evaluating: 0+1
 Parameter: CNTRAND <- "1"
  
 CHARMM>            if cntrand .gt. 100 stop ! ABNORMAL TERMINATION: ion placing may not work.. stop here
 Comparing "1" and "100".
 IF test evaluated as false.  Skipping command
  
 CHARMM>     
  
 CHARMM>            calc j = @i
 Parameter: I -> "35"
Evaluating: 35
 Parameter: J <- "35"
  
 CHARMM>            set ion = POS
 Parameter: ION <- "POS"
  
 CHARMM>     
  
 CHARMM>            if j .gt. @npos then
 Parameter: NPOS -> "36"
 Comparing "35" and "36".
 IF test evaluated as false.  Skip to ELSE or ENDIF
  
 CHARMM>     
  
 CHARMM>            define target select segid @ion .and. resid @j end
 Parameter: ION -> "POS"
 Parameter: J -> "35"
 SELRPN>      1 atoms have been selected out of  17424
  
 CHARMM>     
  
 CHARMM>            calc xpos = @A * ( ?random - 0.5 )
 Parameter: A -> "66.0740394"
 RDCMND substituted energy or value "?RANDOM" to "0.385944561"
Evaluating: 66.0740394*(0.385944561-0.5)
 Parameter: XPOS <- "-7.53610357"
  
 CHARMM>            calc ypos = @B * ( ?random - 0.5 )
 Parameter: B -> "66.0740394"
 RDCMND substituted energy or value "?RANDOM" to "0.86231933"
Evaluating: 66.0740394*(0.86231933-0.5)
 Parameter: YPOS <- "23.9399017"
  
 CHARMM>            calc zpos = @C * ( ?random - 0.5 ) + @zcen
 Parameter: C -> "85"
 Parameter: ZCEN -> "0"
 RDCMND substituted energy or value "?RANDOM" to "8.228465033E-02"
Evaluating: 85*(8.228465033E-02-0.5)+0
 Parameter: ZPOS <- "-35.5058047"
  
 CHARMM>     
  
 CHARMM>            if zpos .gt. -15 if zpos .lt. 15 goto doinit
 Comparing "-35.5058047" and "-15".
 IF test evaluated as false.  Skipping command
  
 CHARMM>     
  
 CHARMM>            ! move target to selected position
  
 CHARMM>            coor stat select target end
 SELRPN>      1 atoms have been selected out of  17424
 STATISTICS FOR         1 SELECTED ATOMS:
    XMIN =    0.000000 XMAX =    0.000000 XAVE =    0.000000
    YMIN =    0.000000 YMAX =    0.000000 YAVE =    0.000000
    ZMIN =    0.000000 ZMAX =    0.000000 ZAVE =    0.000000
    WMIN =    1.000000 WMAX =    1.000000 WAVE =    1.000000
  
 CHARMM>            calc xtran = @xpos - ?xave
 Parameter: XPOS -> "-7.53610357"
 RDCMND substituted energy or value "?XAVE" to "0"
Evaluating: -7.53610357-0
 Parameter: XTRAN <- "-7.53610357"
  
 CHARMM>            calc ytran = @ypos - ?yave
 Parameter: YPOS -> "23.9399017"
 RDCMND substituted energy or value "?YAVE" to "0"
Evaluating: 23.9399017-0
 Parameter: YTRAN <- "23.9399017"
  
 CHARMM>            calc ztran = @zpos - ?zave
 Parameter: ZPOS -> "-35.5058047"
 RDCMND substituted energy or value "?ZAVE" to "0"
Evaluating: -35.5058047-0
 Parameter: ZTRAN <- "-35.5058047"
  
 CHARMM>            coor trans xdir @xtran ydir @ytran zdir @ztran select target end
 Parameter: XTRAN -> "-7.53610357"
 Parameter: YTRAN -> "23.9399017"
 Parameter: ZTRAN -> "-35.5058047"
 SELRPN>      1 atoms have been selected out of  17424
 TRANSLATION VECTOR    -7.536104   23.939902  -35.505805
 SELECTED COORDINATES TRANSLATED IN THE MAIN SET.

  
 CHARMM>     
  
 CHARMM>            ! apply a random rotation along XYZ
  
 CHARMM>            calc xphi = ?random * 360.0
 RDCMND substituted energy or value "?RANDOM" to "0.20254348"
Evaluating: 0.20254348*360.0
 Parameter: XPHI <- "72.9156528"
  
 CHARMM>            calc yphi = ?random * 360.0
 RDCMND substituted energy or value "?RANDOM" to "0.625930899"
Evaluating: 0.625930899*360.0
 Parameter: YPHI <- "225.335124"
  
 CHARMM>            calc zphi = ?random * 360.0
 RDCMND substituted energy or value "?RANDOM" to "0.702977338"
Evaluating: 0.702977338*360.0
 Parameter: ZPHI <- "253.071842"
  
 CHARMM>            coor rotate xcen @xpos ycen @ypos zcen @zpos xdir 1.0 -
 CHARMM>                phi @xphi select target end
 Parameter: XPOS -> "-7.53610357"
 Parameter: YPOS -> "23.9399017"
 Parameter: ZPOS -> "-35.5058047"
 Parameter: XPHI -> "72.9156528"
 SELRPN>      1 atoms have been selected out of  17424
 ROTATION MATRIX
    1.000000    0.000000    0.000000
    0.000000    0.293779    0.955873
    0.000000   -0.955873    0.293779

 AXIS OF ROTATION IS  1.000000  0.000000  0.000000  ANGLE IS   72.92

 SELECTED COORDINATES ROTATED IN THE MAIN SET.

  
 CHARMM>            coor rotate xcen @xpos ycen @ypos zcen @zpos ydir 1.0 -
 CHARMM>                phi @yphi select target end
 Parameter: XPOS -> "-7.53610357"
 Parameter: YPOS -> "23.9399017"
 Parameter: ZPOS -> "-35.5058047"
 Parameter: YPHI -> "225.335124"
 SELRPN>      1 atoms have been selected out of  17424
 ROTATION MATRIX
   -0.702959    0.000000    0.711231
    0.000000    1.000000    0.000000
   -0.711231    0.000000   -0.702959

 AXIS OF ROTATION IS  0.000000 -1.000000  0.000000  ANGLE IS  134.66

 SELECTED COORDINATES ROTATED IN THE MAIN SET.

  
 CHARMM>            coor rotate xcen @xpos ycen @ypos zcen @zpos zdir 1.0 -
 CHARMM>                phi @zphi select target end
 Parameter: XPOS -> "-7.53610357"
 Parameter: YPOS -> "23.9399017"
 Parameter: ZPOS -> "-35.5058047"
 Parameter: ZPHI -> "253.071842"
 SELRPN>      1 atoms have been selected out of  17424
 ROTATION MATRIX
   -0.291172   -0.956671    0.000000
    0.956671   -0.291172    0.000000
    0.000000    0.000000    1.000000

 AXIS OF ROTATION IS  0.000000  0.000000 -1.000000  ANGLE IS  106.93

 SELECTED COORDINATES ROTATED IN THE MAIN SET.

  
 CHARMM>     
  
 CHARMM>     
  
 CHARMM>            calc dcut = 3.5
Evaluating: 3.5
 Parameter: DCUT <- "3.5"
  
 CHARMM>     
  
 CHARMM>            coor stat sele target end
 SELRPN>      1 atoms have been selected out of  17424
 STATISTICS FOR         1 SELECTED ATOMS:
    XMIN =   -7.536104 XMAX =   -7.536104 XAVE =   -7.536104
    YMIN =   23.939902 YMAX =   23.939902 YAVE =   23.939902
    ZMIN =  -35.505805 ZMAX =  -35.505805 ZAVE =  -35.505805
    WMIN =    1.000000 WMAX =    1.000000 WAVE =    1.000000
  
 CHARMM>            calc xmax = ?xmax + @dcut
 Parameter: DCUT -> "3.5"
 RDCMND substituted energy or value "?XMAX" to "-7.53610357"
Evaluating: -7.53610357+3.5
 Parameter: XMAX <- "-4.03610357"
  
 CHARMM>            calc ymax = ?ymax + @dcut
 Parameter: DCUT -> "3.5"
 RDCMND substituted energy or value "?YMAX" to "23.9399017"
Evaluating: 23.9399017+3.5
 Parameter: YMAX <- "27.4399017"
  
 CHARMM>            calc zmax = ?zmax + @dcut
 Parameter: DCUT -> "3.5"
 RDCMND substituted energy or value "?ZMAX" to "-35.5058047"
Evaluating: -35.5058047+3.5
 Parameter: ZMAX <- "-32.0058047"
  
 CHARMM>            calc xmin = ?xmin - @dcut
 Parameter: DCUT -> "3.5"
 RDCMND substituted energy or value "?XMIN" to "-7.53610357"
Evaluating: -7.53610357-3.5
 Parameter: XMIN <- "-11.0361036"
  
 CHARMM>            calc ymin = ?ymin - @dcut
 Parameter: DCUT -> "3.5"
 RDCMND substituted energy or value "?YMIN" to "23.9399017"
Evaluating: 23.9399017-3.5
 Parameter: YMIN <- "20.4399017"
  
 CHARMM>            calc zmin = ?zmin - @dcut
 Parameter: DCUT -> "3.5"
 RDCMND substituted energy or value "?ZMIN" to "-35.5058047"
Evaluating: -35.5058047-3.5
 Parameter: ZMIN <- "-39.0058047"
  
 CHARMM>     
  
 CHARMM>            define JUNK sele .not. target .and. -
 CHARMM>                             prop X .lt. @xmax .and. prop X .gt. @xmin .and. -
 CHARMM>                             prop Y .lt. @ymax .and. prop Y .gt. @ymin .and. -
 CHARMM>                             prop Z .lt. @zmax .and. prop Z .gt. @zmin  end
 Parameter: XMAX -> "-4.03610357"
 Parameter: XMIN -> "-11.0361036"
 Parameter: YMAX -> "27.4399017"
 Parameter: YMIN -> "20.4399017"
 Parameter: ZMAX -> "-32.0058047"
 Parameter: ZMIN -> "-39.0058047"
 SELRPN>      0 atoms have been selected out of  17424
  
 CHARMM>     
  
 CHARMM>            ! check if the ions are too close to protein
  
 CHARMM>            define XXX sele PROT end
 SELRPN>    136 atoms have been selected out of  17424
  
 CHARMM>            if ?nsel .gt. 0 then
 RDCMND substituted energy or value "?NSEL" to "136"
 Comparing "136" and "0".
 IF test evaluated as true.  Performing command
  
 CHARMM>                coor dist cut 10.0 sele target end -
 CHARMM>                                   sele PROT .and. JUNK .and. .not. hydrogen end image
 SELRPN>      1 atoms have been selected out of  27773
 SELRPN>      0 atoms have been selected out of  27773

            DISTANCES FOR SELECTED ATOMS
            ONLY ONE SELECTION SET SPECIFIED, A COMPARISON WILL BE DONE
 TOTAL EXCLUSION COUNT =         0
 TOTAL 1-4 EXCLUSIONS  =         0
 TOTAL NON-EXCLUSIONS  =         0
  
 CHARMM>                if ?npair .gt. 0 goto doinit
 RDCMND substituted energy or value "?NPAIR" to "0"
 Comparing "0" and "0".
 IF test evaluated as false.  Skipping command
  
 CHARMM>            endif
  
 CHARMM>     
  
 CHARMM>            ! check if the ions are too close to solute
  
 CHARMM>            coor dist cut 4.0 sele target end sele JUNK .and. .not. hydrogen end image
 SELRPN>      1 atoms have been selected out of  27773
 SELRPN>      0 atoms have been selected out of  27773

            DISTANCES FOR SELECTED ATOMS
            ONLY ONE SELECTION SET SPECIFIED, A COMPARISON WILL BE DONE
 TOTAL EXCLUSION COUNT =         0
 TOTAL 1-4 EXCLUSIONS  =         0
 TOTAL NON-EXCLUSIONS  =         0
  
 CHARMM>            if ?npair .gt. 0 goto doinit
 RDCMND substituted energy or value "?NPAIR" to "0"
 Comparing "0" and "0".
 IF test evaluated as false.  Skipping command
  
 CHARMM>     
  
 CHARMM>            calc cntrand = 0
Evaluating: 0
 Parameter: CNTRAND <- "0"
  
 CHARMM>            increase i by 1
 Parameter: I <- "36"
  
 CHARMM>            if i .le. @nion goto doinit
 Parameter: NION -> "50"
 Comparing "36" and "50".
 IF test evaluated as true.  Performing command
  
 CHARMM>     
  
 CHARMM>            calc cntrand = @cntrand + 1
 Parameter: CNTRAND -> "0"
Evaluating: 0+1
 Parameter: CNTRAND <- "1"
  
 CHARMM>            if cntrand .gt. 100 stop ! ABNORMAL TERMINATION: ion placing may not work.. stop here
 Comparing "1" and "100".
 IF test evaluated as false.  Skipping command
  
 CHARMM>     
  
 CHARMM>            calc j = @i
 Parameter: I -> "36"
Evaluating: 36
 Parameter: J <- "36"
  
 CHARMM>            set ion = POS
 Parameter: ION <- "POS"
  
 CHARMM>     
  
 CHARMM>            if j .gt. @npos then
 Parameter: NPOS -> "36"
 Comparing "36" and "36".
 IF test evaluated as false.  Skip to ELSE or ENDIF
  
 CHARMM>     
  
 CHARMM>            define target select segid @ion .and. resid @j end
 Parameter: ION -> "POS"
 Parameter: J -> "36"
 SELRPN>      1 atoms have been selected out of  17424
  
 CHARMM>     
  
 CHARMM>            calc xpos = @A * ( ?random - 0.5 )
 Parameter: A -> "66.0740394"
 RDCMND substituted energy or value "?RANDOM" to "0.276122813"
Evaluating: 66.0740394*(0.276122813-0.5)
 Parameter: XPOS <- "-14.7924701"
  
 CHARMM>            calc ypos = @B * ( ?random - 0.5 )
 Parameter: B -> "66.0740394"
 RDCMND substituted energy or value "?RANDOM" to "0.445478473"
Evaluating: 66.0740394*(0.445478473-0.5)
 Parameter: YPOS <- "-3.60245752"
  
 CHARMM>            calc zpos = @C * ( ?random - 0.5 ) + @zcen
 Parameter: C -> "85"
 Parameter: ZCEN -> "0"
 RDCMND substituted energy or value "?RANDOM" to "0.762181472"
Evaluating: 85*(0.762181472-0.5)+0
 Parameter: ZPOS <- "22.2854251"
  
 CHARMM>     
  
 CHARMM>            if zpos .gt. -15 if zpos .lt. 15 goto doinit
 Comparing "22.2854251" and "-15".
 IF test evaluated as true.  Performing command
 Comparing "22.2854251" and "15".
 IF test evaluated as false.  Skipping command
  
 CHARMM>     
  
 CHARMM>            ! move target to selected position
  
 CHARMM>            coor stat select target end
 SELRPN>      1 atoms have been selected out of  17424
 STATISTICS FOR         1 SELECTED ATOMS:
    XMIN =    0.000000 XMAX =    0.000000 XAVE =    0.000000
    YMIN =    0.000000 YMAX =    0.000000 YAVE =    0.000000
    ZMIN =    0.000000 ZMAX =    0.000000 ZAVE =    0.000000
    WMIN =    1.000000 WMAX =    1.000000 WAVE =    1.000000
  
 CHARMM>            calc xtran = @xpos - ?xave
 Parameter: XPOS -> "-14.7924701"
 RDCMND substituted energy or value "?XAVE" to "0"
Evaluating: -14.7924701-0
 Parameter: XTRAN <- "-14.7924701"
  
 CHARMM>            calc ytran = @ypos - ?yave
 Parameter: YPOS -> "-3.60245752"
 RDCMND substituted energy or value "?YAVE" to "0"
Evaluating: -3.60245752-0
 Parameter: YTRAN <- "-3.60245752"
  
 CHARMM>            calc ztran = @zpos - ?zave
 Parameter: ZPOS -> "22.2854251"
 RDCMND substituted energy or value "?ZAVE" to "0"
Evaluating: 22.2854251-0
 Parameter: ZTRAN <- "22.2854251"
  
 CHARMM>            coor trans xdir @xtran ydir @ytran zdir @ztran select target end
 Parameter: XTRAN -> "-14.7924701"
 Parameter: YTRAN -> "-3.60245752"
 Parameter: ZTRAN -> "22.2854251"
 SELRPN>      1 atoms have been selected out of  17424
 TRANSLATION VECTOR   -14.792470   -3.602458   22.285425
 SELECTED COORDINATES TRANSLATED IN THE MAIN SET.

  
 CHARMM>     
  
 CHARMM>            ! apply a random rotation along XYZ
  
 CHARMM>            calc xphi = ?random * 360.0
 RDCMND substituted energy or value "?RANDOM" to "0.843875555"
Evaluating: 0.843875555*360.0
 Parameter: XPHI <- "303.7952"
  
 CHARMM>            calc yphi = ?random * 360.0
 RDCMND substituted energy or value "?RANDOM" to "0.636908485"
Evaluating: 0.636908485*360.0
 Parameter: YPHI <- "229.287055"
  
 CHARMM>            calc zphi = ?random * 360.0
 RDCMND substituted energy or value "?RANDOM" to "0.293313411"
Evaluating: 0.293313411*360.0
 Parameter: ZPHI <- "105.592828"
  
 CHARMM>            coor rotate xcen @xpos ycen @ypos zcen @zpos xdir 1.0 -
 CHARMM>                phi @xphi select target end
 Parameter: XPOS -> "-14.7924701"
 Parameter: YPOS -> "-3.60245752"
 Parameter: ZPOS -> "22.2854251"
 Parameter: XPHI -> "303.7952"
 SELRPN>      1 atoms have been selected out of  17424
 ROTATION MATRIX
    1.000000    0.000000    0.000000
    0.000000    0.556226   -0.831031
    0.000000    0.831031    0.556226

 AXIS OF ROTATION IS -1.000000  0.000000  0.000000  ANGLE IS   56.20

 SELECTED COORDINATES ROTATED IN THE MAIN SET.

  
 CHARMM>            coor rotate xcen @xpos ycen @ypos zcen @zpos ydir 1.0 -
 CHARMM>                phi @yphi select target end
 Parameter: XPOS -> "-14.7924701"
 Parameter: YPOS -> "-3.60245752"
 Parameter: ZPOS -> "22.2854251"
 Parameter: YPHI -> "229.287055"
 SELRPN>      1 atoms have been selected out of  17424
 ROTATION MATRIX
   -0.652270    0.000000    0.757987
    0.000000    1.000000    0.000000
   -0.757987    0.000000   -0.652270

 AXIS OF ROTATION IS  0.000000 -1.000000  0.000000  ANGLE IS  130.71

 SELECTED COORDINATES ROTATED IN THE MAIN SET.

  
 CHARMM>            coor rotate xcen @xpos ycen @ypos zcen @zpos zdir 1.0 -
 CHARMM>                phi @zphi select target end
 Parameter: XPOS -> "-14.7924701"
 Parameter: YPOS -> "-3.60245752"
 Parameter: ZPOS -> "22.2854251"
 Parameter: ZPHI -> "105.592828"
 SELRPN>      1 atoms have been selected out of  17424
 ROTATION MATRIX
   -0.268799    0.963196    0.000000
   -0.963196   -0.268799    0.000000
    0.000000    0.000000    1.000000

 AXIS OF ROTATION IS  0.000000  0.000000  1.000000  ANGLE IS  105.59

 SELECTED COORDINATES ROTATED IN THE MAIN SET.

  
 CHARMM>     
  
 CHARMM>     
  
 CHARMM>            calc dcut = 3.5
Evaluating: 3.5
 Parameter: DCUT <- "3.5"
  
 CHARMM>     
  
 CHARMM>            coor stat sele target end
 SELRPN>      1 atoms have been selected out of  17424
 STATISTICS FOR         1 SELECTED ATOMS:
    XMIN =  -14.792470 XMAX =  -14.792470 XAVE =  -14.792470
    YMIN =   -3.602458 YMAX =   -3.602458 YAVE =   -3.602458
    ZMIN =   22.285425 ZMAX =   22.285425 ZAVE =   22.285425
    WMIN =    1.000000 WMAX =    1.000000 WAVE =    1.000000
  
 CHARMM>            calc xmax = ?xmax + @dcut
 Parameter: DCUT -> "3.5"
 RDCMND substituted energy or value "?XMAX" to "-14.7924701"
Evaluating: -14.7924701+3.5
 Parameter: XMAX <- "-11.2924701"
  
 CHARMM>            calc ymax = ?ymax + @dcut
 Parameter: DCUT -> "3.5"
 RDCMND substituted energy or value "?YMAX" to "-3.60245752"
Evaluating: -3.60245752+3.5
 Parameter: YMAX <- "-0.10245752"
  
 CHARMM>            calc zmax = ?zmax + @dcut
 Parameter: DCUT -> "3.5"
 RDCMND substituted energy or value "?ZMAX" to "22.2854251"
Evaluating: 22.2854251+3.5
 Parameter: ZMAX <- "25.7854251"
  
 CHARMM>            calc xmin = ?xmin - @dcut
 Parameter: DCUT -> "3.5"
 RDCMND substituted energy or value "?XMIN" to "-14.7924701"
Evaluating: -14.7924701-3.5
 Parameter: XMIN <- "-18.2924701"
  
 CHARMM>            calc ymin = ?ymin - @dcut
 Parameter: DCUT -> "3.5"
 RDCMND substituted energy or value "?YMIN" to "-3.60245752"
Evaluating: -3.60245752-3.5
 Parameter: YMIN <- "-7.10245752"
  
 CHARMM>            calc zmin = ?zmin - @dcut
 Parameter: DCUT -> "3.5"
 RDCMND substituted energy or value "?ZMIN" to "22.2854251"
Evaluating: 22.2854251-3.5
 Parameter: ZMIN <- "18.7854251"
  
 CHARMM>     
  
 CHARMM>            define JUNK sele .not. target .and. -
 CHARMM>                             prop X .lt. @xmax .and. prop X .gt. @xmin .and. -
 CHARMM>                             prop Y .lt. @ymax .and. prop Y .gt. @ymin .and. -
 CHARMM>                             prop Z .lt. @zmax .and. prop Z .gt. @zmin  end
 Parameter: XMAX -> "-11.2924701"
 Parameter: XMIN -> "-18.2924701"
 Parameter: YMAX -> "-0.10245752"
 Parameter: YMIN -> "-7.10245752"
 Parameter: ZMAX -> "25.7854251"
 Parameter: ZMIN -> "18.7854251"
 SELRPN>      8 atoms have been selected out of  17424
  
 CHARMM>     
  
 CHARMM>            ! check if the ions are too close to protein
  
 CHARMM>            define XXX sele PROT end
 SELRPN>    136 atoms have been selected out of  17424
  
 CHARMM>            if ?nsel .gt. 0 then
 RDCMND substituted energy or value "?NSEL" to "136"
 Comparing "136" and "0".
 IF test evaluated as true.  Performing command
  
 CHARMM>                coor dist cut 10.0 sele target end -
 CHARMM>                                   sele PROT .and. JUNK .and. .not. hydrogen end image
 SELRPN>      1 atoms have been selected out of  27773
 SELRPN>      0 atoms have been selected out of  27773

            DISTANCES FOR SELECTED ATOMS
            ONLY ONE SELECTION SET SPECIFIED, A COMPARISON WILL BE DONE
 TOTAL EXCLUSION COUNT =         0
 TOTAL 1-4 EXCLUSIONS  =         0
 TOTAL NON-EXCLUSIONS  =         0
  
 CHARMM>                if ?npair .gt. 0 goto doinit
 RDCMND substituted energy or value "?NPAIR" to "0"
 Comparing "0" and "0".
 IF test evaluated as false.  Skipping command
  
 CHARMM>            endif
  
 CHARMM>     
  
 CHARMM>            ! check if the ions are too close to solute
  
 CHARMM>            coor dist cut 4.0 sele target end sele JUNK .and. .not. hydrogen end image
 SELRPN>      1 atoms have been selected out of  27773
 SELRPN>      3 atoms have been selected out of  27773

            DISTANCES FOR SELECTED ATOMS
17410 POS      POT      36       POT     -1082 MEMB     POPS     8        O14           3.1001
17410 POS      POT      36       POT     -2015 MEMB     POPC     15       C11           3.8248
 TOTAL EXCLUSION COUNT =         0
 TOTAL 1-4 EXCLUSIONS  =         0
 TOTAL NON-EXCLUSIONS  =         2
  
 CHARMM>            if ?npair .gt. 0 goto doinit
 RDCMND substituted energy or value "?NPAIR" to "2"
 Comparing "2" and "0".
 IF test evaluated as true.  Performing command
  
 CHARMM>     
  
 CHARMM>            calc cntrand = @cntrand + 1
 Parameter: CNTRAND -> "1"
Evaluating: 1+1
 Parameter: CNTRAND <- "2"
  
 CHARMM>            if cntrand .gt. 100 stop ! ABNORMAL TERMINATION: ion placing may not work.. stop here
 Comparing "2" and "100".
 IF test evaluated as false.  Skipping command
  
 CHARMM>     
  
 CHARMM>            calc j = @i
 Parameter: I -> "36"
Evaluating: 36
 Parameter: J <- "36"
  
 CHARMM>            set ion = POS
 Parameter: ION <- "POS"
  
 CHARMM>     
  
 CHARMM>            if j .gt. @npos then
 Parameter: NPOS -> "36"
 Comparing "36" and "36".
 IF test evaluated as false.  Skip to ELSE or ENDIF
  
 CHARMM>     
  
 CHARMM>            define target select segid @ion .and. resid @j end
 Parameter: ION -> "POS"
 Parameter: J -> "36"
 SELRPN>      1 atoms have been selected out of  17424
  
 CHARMM>     
  
 CHARMM>            calc xpos = @A * ( ?random - 0.5 )
 Parameter: A -> "66.0740394"
 RDCMND substituted energy or value "?RANDOM" to "9.834724225E-04"
Evaluating: 66.0740394*(9.834724225E-04-0.5)
 Parameter: XPOS <- "-32.9720377"
  
 CHARMM>            calc ypos = @B * ( ?random - 0.5 )
 Parameter: B -> "66.0740394"
 RDCMND substituted energy or value "?RANDOM" to "0.647480468"
Evaluating: 66.0740394*(0.647480468-0.5)
 Parameter: YPOS <- "9.74463025"
  
 CHARMM>            calc zpos = @C * ( ?random - 0.5 ) + @zcen
 Parameter: C -> "85"
 Parameter: ZCEN -> "0"
 RDCMND substituted energy or value "?RANDOM" to "0.488172012"
Evaluating: 85*(0.488172012-0.5)+0
 Parameter: ZPOS <- "-1.00537898"
  
 CHARMM>     
  
 CHARMM>            if zpos .gt. -15 if zpos .lt. 15 goto doinit
 Comparing "-1.00537898" and "-15".
 IF test evaluated as true.  Performing command
 Comparing "-1.00537898" and "15".
 IF test evaluated as true.  Performing command
  
 CHARMM>     
  
 CHARMM>            calc cntrand = @cntrand + 1
 Parameter: CNTRAND -> "2"
Evaluating: 2+1
 Parameter: CNTRAND <- "3"
  
 CHARMM>            if cntrand .gt. 100 stop ! ABNORMAL TERMINATION: ion placing may not work.. stop here
 Comparing "3" and "100".
 IF test evaluated as false.  Skipping command
  
 CHARMM>     
  
 CHARMM>            calc j = @i
 Parameter: I -> "36"
Evaluating: 36
 Parameter: J <- "36"
  
 CHARMM>            set ion = POS
 Parameter: ION <- "POS"
  
 CHARMM>     
  
 CHARMM>            if j .gt. @npos then
 Parameter: NPOS -> "36"
 Comparing "36" and "36".
 IF test evaluated as false.  Skip to ELSE or ENDIF
  
 CHARMM>     
  
 CHARMM>            define target select segid @ion .and. resid @j end
 Parameter: ION -> "POS"
 Parameter: J -> "36"
 SELRPN>      1 atoms have been selected out of  17424
  
 CHARMM>     
  
 CHARMM>            calc xpos = @A * ( ?random - 0.5 )
 Parameter: A -> "66.0740394"
 RDCMND substituted energy or value "?RANDOM" to "0.368572007"
Evaluating: 66.0740394*(0.368572007-0.5)
 Parameter: XPOS <- "-8.68397839"
  
 CHARMM>            calc ypos = @B * ( ?random - 0.5 )
 Parameter: B -> "66.0740394"
 RDCMND substituted energy or value "?RANDOM" to "0.41598613"
Evaluating: 66.0740394*(0.41598613-0.5)
 Parameter: YPOS <- "-5.55113576"
  
 CHARMM>            calc zpos = @C * ( ?random - 0.5 ) + @zcen
 Parameter: C -> "85"
 Parameter: ZCEN -> "0"
 RDCMND substituted energy or value "?RANDOM" to "0.802419902"
Evaluating: 85*(0.802419902-0.5)+0
 Parameter: ZPOS <- "25.7056917"
  
 CHARMM>     
  
 CHARMM>            if zpos .gt. -15 if zpos .lt. 15 goto doinit
 Comparing "25.7056917" and "-15".
 IF test evaluated as true.  Performing command
 Comparing "25.7056917" and "15".
 IF test evaluated as false.  Skipping command
  
 CHARMM>     
  
 CHARMM>            ! move target to selected position
  
 CHARMM>            coor stat select target end
 SELRPN>      1 atoms have been selected out of  17424
 STATISTICS FOR         1 SELECTED ATOMS:
    XMIN =  -14.792470 XMAX =  -14.792470 XAVE =  -14.792470
    YMIN =   -3.602458 YMAX =   -3.602458 YAVE =   -3.602458
    ZMIN =   22.285425 ZMAX =   22.285425 ZAVE =   22.285425
    WMIN =    1.000000 WMAX =    1.000000 WAVE =    1.000000
  
 CHARMM>            calc xtran = @xpos - ?xave
 Parameter: XPOS -> "-8.68397839"
 RDCMND substituted energy or value "?XAVE" to "-14.7924701"
Evaluating: -8.68397839--14.7924701
 Parameter: XTRAN <- "6.10849171"
  
 CHARMM>            calc ytran = @ypos - ?yave
 Parameter: YPOS -> "-5.55113576"
 RDCMND substituted energy or value "?YAVE" to "-3.60245752"
Evaluating: -5.55113576--3.60245752
 Parameter: YTRAN <- "-1.94867824"
  
 CHARMM>            calc ztran = @zpos - ?zave
 Parameter: ZPOS -> "25.7056917"
 RDCMND substituted energy or value "?ZAVE" to "22.2854251"
Evaluating: 25.7056917-22.2854251
 Parameter: ZTRAN <- "3.4202666"
  
 CHARMM>            coor trans xdir @xtran ydir @ytran zdir @ztran select target end
 Parameter: XTRAN -> "6.10849171"
 Parameter: YTRAN -> "-1.94867824"
 Parameter: ZTRAN -> "3.4202666"
 SELRPN>      1 atoms have been selected out of  17424
 TRANSLATION VECTOR     6.108492   -1.948678    3.420267
 SELECTED COORDINATES TRANSLATED IN THE MAIN SET.

  
 CHARMM>     
  
 CHARMM>            ! apply a random rotation along XYZ
  
 CHARMM>            calc xphi = ?random * 360.0
 RDCMND substituted energy or value "?RANDOM" to "0.404861818"
Evaluating: 0.404861818*360.0
 Parameter: XPHI <- "145.750254"
  
 CHARMM>            calc yphi = ?random * 360.0
 RDCMND substituted energy or value "?RANDOM" to "0.611919164"
Evaluating: 0.611919164*360.0
 Parameter: YPHI <- "220.290899"
  
 CHARMM>            calc zphi = ?random * 360.0
 RDCMND substituted energy or value "?RANDOM" to "0.90887794"
Evaluating: 0.90887794*360.0
 Parameter: ZPHI <- "327.196058"
  
 CHARMM>            coor rotate xcen @xpos ycen @ypos zcen @zpos xdir 1.0 -
 CHARMM>                phi @xphi select target end
 Parameter: XPOS -> "-8.68397839"
 Parameter: YPOS -> "-5.55113576"
 Parameter: ZPOS -> "25.7056917"
 Parameter: XPHI -> "145.750254"
 SELRPN>      1 atoms have been selected out of  17424
 ROTATION MATRIX
    1.000000    0.000000    0.000000
    0.000000   -0.826592    0.562801
    0.000000   -0.562801   -0.826592

 AXIS OF ROTATION IS  1.000000  0.000000  0.000000  ANGLE IS  145.75

 SELECTED COORDINATES ROTATED IN THE MAIN SET.

  
 CHARMM>            coor rotate xcen @xpos ycen @ypos zcen @zpos ydir 1.0 -
 CHARMM>                phi @yphi select target end
 Parameter: XPOS -> "-8.68397839"
 Parameter: YPOS -> "-5.55113576"
 Parameter: ZPOS -> "25.7056917"
 Parameter: YPHI -> "220.290899"
 SELRPN>      1 atoms have been selected out of  17424
 ROTATION MATRIX
   -0.762771    0.000000    0.646669
    0.000000    1.000000    0.000000
   -0.646669    0.000000   -0.762771

 AXIS OF ROTATION IS  0.000000 -1.000000  0.000000  ANGLE IS  139.71

 SELECTED COORDINATES ROTATED IN THE MAIN SET.

  
 CHARMM>            coor rotate xcen @xpos ycen @ypos zcen @zpos zdir 1.0 -
 CHARMM>                phi @zphi select target end
 Parameter: XPOS -> "-8.68397839"
 Parameter: YPOS -> "-5.55113576"
 Parameter: ZPOS -> "25.7056917"
 Parameter: ZPHI -> "327.196058"
 SELRPN>      1 atoms have been selected out of  17424
 ROTATION MATRIX
    0.840529   -0.541766    0.000000
    0.541766    0.840529    0.000000
    0.000000    0.000000    1.000000

 AXIS OF ROTATION IS  0.000000  0.000000 -1.000000  ANGLE IS   32.80

 SELECTED COORDINATES ROTATED IN THE MAIN SET.

  
 CHARMM>     
  
 CHARMM>     
  
 CHARMM>            calc dcut = 3.5
Evaluating: 3.5
 Parameter: DCUT <- "3.5"
  
 CHARMM>     
  
 CHARMM>            coor stat sele target end
 SELRPN>      1 atoms have been selected out of  17424
 STATISTICS FOR         1 SELECTED ATOMS:
    XMIN =   -8.683978 XMAX =   -8.683978 XAVE =   -8.683978
    YMIN =   -5.551136 YMAX =   -5.551136 YAVE =   -5.551136
    ZMIN =   25.705692 ZMAX =   25.705692 ZAVE =   25.705692
    WMIN =    1.000000 WMAX =    1.000000 WAVE =    1.000000
  
 CHARMM>            calc xmax = ?xmax + @dcut
 Parameter: DCUT -> "3.5"
 RDCMND substituted energy or value "?XMAX" to "-8.68397839"
Evaluating: -8.68397839+3.5
 Parameter: XMAX <- "-5.18397839"
  
 CHARMM>            calc ymax = ?ymax + @dcut
 Parameter: DCUT -> "3.5"
 RDCMND substituted energy or value "?YMAX" to "-5.55113576"
Evaluating: -5.55113576+3.5
 Parameter: YMAX <- "-2.05113576"
  
 CHARMM>            calc zmax = ?zmax + @dcut
 Parameter: DCUT -> "3.5"
 RDCMND substituted energy or value "?ZMAX" to "25.7056917"
Evaluating: 25.7056917+3.5
 Parameter: ZMAX <- "29.2056917"
  
 CHARMM>            calc xmin = ?xmin - @dcut
 Parameter: DCUT -> "3.5"
 RDCMND substituted energy or value "?XMIN" to "-8.68397839"
Evaluating: -8.68397839-3.5
 Parameter: XMIN <- "-12.1839784"
  
 CHARMM>            calc ymin = ?ymin - @dcut
 Parameter: DCUT -> "3.5"
 RDCMND substituted energy or value "?YMIN" to "-5.55113576"
Evaluating: -5.55113576-3.5
 Parameter: YMIN <- "-9.05113576"
  
 CHARMM>            calc zmin = ?zmin - @dcut
 Parameter: DCUT -> "3.5"
 RDCMND substituted energy or value "?ZMIN" to "25.7056917"
Evaluating: 25.7056917-3.5
 Parameter: ZMIN <- "22.2056917"
  
 CHARMM>     
  
 CHARMM>            define JUNK sele .not. target .and. -
 CHARMM>                             prop X .lt. @xmax .and. prop X .gt. @xmin .and. -
 CHARMM>                             prop Y .lt. @ymax .and. prop Y .gt. @ymin .and. -
 CHARMM>                             prop Z .lt. @zmax .and. prop Z .gt. @zmin  end
 Parameter: XMAX -> "-5.18397839"
 Parameter: XMIN -> "-12.1839784"
 Parameter: YMAX -> "-2.05113576"
 Parameter: YMIN -> "-9.05113576"
 Parameter: ZMAX -> "29.2056917"
 Parameter: ZMIN -> "22.2056917"
 SELRPN>      0 atoms have been selected out of  17424
  
 CHARMM>     
  
 CHARMM>            ! check if the ions are too close to protein
  
 CHARMM>            define XXX sele PROT end
 SELRPN>    136 atoms have been selected out of  17424
  
 CHARMM>            if ?nsel .gt. 0 then
 RDCMND substituted energy or value "?NSEL" to "136"
 Comparing "136" and "0".
 IF test evaluated as true.  Performing command
  
 CHARMM>                coor dist cut 10.0 sele target end -
 CHARMM>                                   sele PROT .and. JUNK .and. .not. hydrogen end image
 SELRPN>      1 atoms have been selected out of  27773
 SELRPN>      0 atoms have been selected out of  27773

            DISTANCES FOR SELECTED ATOMS
            ONLY ONE SELECTION SET SPECIFIED, A COMPARISON WILL BE DONE
 TOTAL EXCLUSION COUNT =         0
 TOTAL 1-4 EXCLUSIONS  =         0
 TOTAL NON-EXCLUSIONS  =         0
  
 CHARMM>                if ?npair .gt. 0 goto doinit
 RDCMND substituted energy or value "?NPAIR" to "0"
 Comparing "0" and "0".
 IF test evaluated as false.  Skipping command
  
 CHARMM>            endif
  
 CHARMM>     
  
 CHARMM>            ! check if the ions are too close to solute
  
 CHARMM>            coor dist cut 4.0 sele target end sele JUNK .and. .not. hydrogen end image
 SELRPN>      1 atoms have been selected out of  27773
 SELRPN>      0 atoms have been selected out of  27773

            DISTANCES FOR SELECTED ATOMS
            ONLY ONE SELECTION SET SPECIFIED, A COMPARISON WILL BE DONE
 TOTAL EXCLUSION COUNT =         0
 TOTAL 1-4 EXCLUSIONS  =         0
 TOTAL NON-EXCLUSIONS  =         0
  
 CHARMM>            if ?npair .gt. 0 goto doinit
 RDCMND substituted energy or value "?NPAIR" to "0"
 Comparing "0" and "0".
 IF test evaluated as false.  Skipping command
  
 CHARMM>     
  
 CHARMM>            calc cntrand = 0
Evaluating: 0
 Parameter: CNTRAND <- "0"
  
 CHARMM>            increase i by 1
 Parameter: I <- "37"
  
 CHARMM>            if i .le. @nion goto doinit
 Parameter: NION -> "50"
 Comparing "37" and "50".
 IF test evaluated as true.  Performing command
  
 CHARMM>     
  
 CHARMM>            calc cntrand = @cntrand + 1
 Parameter: CNTRAND -> "0"
Evaluating: 0+1
 Parameter: CNTRAND <- "1"
  
 CHARMM>            if cntrand .gt. 100 stop ! ABNORMAL TERMINATION: ion placing may not work.. stop here
 Comparing "1" and "100".
 IF test evaluated as false.  Skipping command
  
 CHARMM>     
  
 CHARMM>            calc j = @i
 Parameter: I -> "37"
Evaluating: 37
 Parameter: J <- "37"
  
 CHARMM>            set ion = POS
 Parameter: ION <- "POS"
  
 CHARMM>     
  
 CHARMM>            if j .gt. @npos then
 Parameter: NPOS -> "36"
 Comparing "37" and "36".
 IF test evaluated as true.  Performing command
  
 CHARMM>               set ion = NEG
 Parameter: ION <- "NEG"
  
 CHARMM>               calc j  = @j - @npos
 Parameter: J -> "37"
 Parameter: NPOS -> "36"
Evaluating: 37-36
 Parameter: J <- "1"
  
 CHARMM>            endif
  
 CHARMM>     
  
 CHARMM>            define target select segid @ion .and. resid @j end
 Parameter: ION -> "NEG"
 Parameter: J -> "1"
 SELRPN>      1 atoms have been selected out of  17424
  
 CHARMM>     
  
 CHARMM>            calc xpos = @A * ( ?random - 0.5 )
 Parameter: A -> "66.0740394"
 RDCMND substituted energy or value "?RANDOM" to "0.105128776"
Evaluating: 66.0740394*(0.105128776-0.5)
 Parameter: XPOS <- "-26.0907368"
  
 CHARMM>            calc ypos = @B * ( ?random - 0.5 )
 Parameter: B -> "66.0740394"
 RDCMND substituted energy or value "?RANDOM" to "0.439661471"
Evaluating: 66.0740394*(0.439661471-0.5)
 Parameter: YPOS <- "-3.98681034"
  
 CHARMM>            calc zpos = @C * ( ?random - 0.5 ) + @zcen
 Parameter: C -> "85"
 Parameter: ZCEN -> "0"
 RDCMND substituted energy or value "?RANDOM" to "0.51856363"
Evaluating: 85*(0.51856363-0.5)+0
 Parameter: ZPOS <- "1.57790855"
  
 CHARMM>     
  
 CHARMM>            if zpos .gt. -15 if zpos .lt. 15 goto doinit
 Comparing "1.57790855" and "-15".
 IF test evaluated as true.  Performing command
 Comparing "1.57790855" and "15".
 IF test evaluated as true.  Performing command
  
 CHARMM>     
  
 CHARMM>            calc cntrand = @cntrand + 1
 Parameter: CNTRAND -> "1"
Evaluating: 1+1
 Parameter: CNTRAND <- "2"
  
 CHARMM>            if cntrand .gt. 100 stop ! ABNORMAL TERMINATION: ion placing may not work.. stop here
 Comparing "2" and "100".
 IF test evaluated as false.  Skipping command
  
 CHARMM>     
  
 CHARMM>            calc j = @i
 Parameter: I -> "37"
Evaluating: 37
 Parameter: J <- "37"
  
 CHARMM>            set ion = POS
 Parameter: ION <- "POS"
  
 CHARMM>     
  
 CHARMM>            if j .gt. @npos then
 Parameter: NPOS -> "36"
 Comparing "37" and "36".
 IF test evaluated as true.  Performing command
  
 CHARMM>               set ion = NEG
 Parameter: ION <- "NEG"
  
 CHARMM>               calc j  = @j - @npos
 Parameter: J -> "37"
 Parameter: NPOS -> "36"
Evaluating: 37-36
 Parameter: J <- "1"
  
 CHARMM>            endif
  
 CHARMM>     
  
 CHARMM>            define target select segid @ion .and. resid @j end
 Parameter: ION -> "NEG"
 Parameter: J -> "1"
 SELRPN>      1 atoms have been selected out of  17424
  
 CHARMM>     
  
 CHARMM>            calc xpos = @A * ( ?random - 0.5 )
 Parameter: A -> "66.0740394"
 RDCMND substituted energy or value "?RANDOM" to "0.785057077"
Evaluating: 66.0740394*(0.785057077-0.5)
 Parameter: XPOS <- "18.8348725"
  
 CHARMM>            calc ypos = @B * ( ?random - 0.5 )
 Parameter: B -> "66.0740394"
 RDCMND substituted energy or value "?RANDOM" to "0.502717939"
Evaluating: 66.0740394*(0.502717939-0.5)
 Parameter: YPOS <- "0.179585209"
  
 CHARMM>            calc zpos = @C * ( ?random - 0.5 ) + @zcen
 Parameter: C -> "85"
 Parameter: ZCEN -> "0"
 RDCMND substituted energy or value "?RANDOM" to "0.7039812"
Evaluating: 85*(0.7039812-0.5)+0
 Parameter: ZPOS <- "17.338402"
  
 CHARMM>     
  
 CHARMM>            if zpos .gt. -15 if zpos .lt. 15 goto doinit
 Comparing "17.338402" and "-15".
 IF test evaluated as true.  Performing command
 Comparing "17.338402" and "15".
 IF test evaluated as false.  Skipping command
  
 CHARMM>     
  
 CHARMM>            ! move target to selected position
  
 CHARMM>            coor stat select target end
 SELRPN>      1 atoms have been selected out of  17424
 STATISTICS FOR         1 SELECTED ATOMS:
    XMIN =    0.000000 XMAX =    0.000000 XAVE =    0.000000
    YMIN =    0.000000 YMAX =    0.000000 YAVE =    0.000000
    ZMIN =    0.000000 ZMAX =    0.000000 ZAVE =    0.000000
    WMIN =   -1.000000 WMAX =   -1.000000 WAVE =   -1.000000
  
 CHARMM>            calc xtran = @xpos - ?xave
 Parameter: XPOS -> "18.8348725"
 RDCMND substituted energy or value "?XAVE" to "0"
Evaluating: 18.8348725-0
 Parameter: XTRAN <- "18.8348725"
  
 CHARMM>            calc ytran = @ypos - ?yave
 Parameter: YPOS -> "0.179585209"
 RDCMND substituted energy or value "?YAVE" to "0"
Evaluating: 0.179585209-0
 Parameter: YTRAN <- "0.179585209"
  
 CHARMM>            calc ztran = @zpos - ?zave
 Parameter: ZPOS -> "17.338402"
 RDCMND substituted energy or value "?ZAVE" to "0"
Evaluating: 17.338402-0
 Parameter: ZTRAN <- "17.338402"
  
 CHARMM>            coor trans xdir @xtran ydir @ytran zdir @ztran select target end
 Parameter: XTRAN -> "18.8348725"
 Parameter: YTRAN -> "0.179585209"
 Parameter: ZTRAN -> "17.338402"
 SELRPN>      1 atoms have been selected out of  17424
 TRANSLATION VECTOR    18.834872    0.179585   17.338402
 SELECTED COORDINATES TRANSLATED IN THE MAIN SET.

  
 CHARMM>     
  
 CHARMM>            ! apply a random rotation along XYZ
  
 CHARMM>            calc xphi = ?random * 360.0
 RDCMND substituted energy or value "?RANDOM" to "0.781529696"
Evaluating: 0.781529696*360.0
 Parameter: XPHI <- "281.350691"
  
 CHARMM>            calc yphi = ?random * 360.0
 RDCMND substituted energy or value "?RANDOM" to "0.482184341"
Evaluating: 0.482184341*360.0
 Parameter: YPHI <- "173.586363"
  
 CHARMM>            calc zphi = ?random * 360.0
 RDCMND substituted energy or value "?RANDOM" to "8.644070343E-02"
Evaluating: 8.644070343E-02*360.0
 Parameter: ZPHI <- "31.1186532"
  
 CHARMM>            coor rotate xcen @xpos ycen @ypos zcen @zpos xdir 1.0 -
 CHARMM>                phi @xphi select target end
 Parameter: XPOS -> "18.8348725"
 Parameter: YPOS -> "0.179585209"
 Parameter: ZPOS -> "17.338402"
 Parameter: XPHI -> "281.350691"
 SELRPN>      1 atoms have been selected out of  17424
 ROTATION MATRIX
    1.000000    0.000000    0.000000
    0.000000    0.196814   -0.980441
    0.000000    0.980441    0.196814

 AXIS OF ROTATION IS -1.000000  0.000000  0.000000  ANGLE IS   78.65

 SELECTED COORDINATES ROTATED IN THE MAIN SET.

  
 CHARMM>            coor rotate xcen @xpos ycen @ypos zcen @zpos ydir 1.0 -
 CHARMM>                phi @yphi select target end
 Parameter: XPOS -> "18.8348725"
 Parameter: YPOS -> "0.179585209"
 Parameter: ZPOS -> "17.338402"
 Parameter: YPHI -> "173.586363"
 SELRPN>      1 atoms have been selected out of  17424
 ROTATION MATRIX
   -0.993741    0.000000   -0.111705
    0.000000    1.000000    0.000000
    0.111705    0.000000   -0.993741

 AXIS OF ROTATION IS  0.000000  1.000000  0.000000  ANGLE IS  173.59

 SELECTED COORDINATES ROTATED IN THE MAIN SET.

  
 CHARMM>            coor rotate xcen @xpos ycen @ypos zcen @zpos zdir 1.0 -
 CHARMM>                phi @zphi select target end
 Parameter: XPOS -> "18.8348725"
 Parameter: YPOS -> "0.179585209"
 Parameter: ZPOS -> "17.338402"
 Parameter: ZPHI -> "31.1186532"
 SELRPN>      1 atoms have been selected out of  17424
 ROTATION MATRIX
    0.856099    0.516812    0.000000
   -0.516812    0.856099    0.000000
    0.000000    0.000000    1.000000

 AXIS OF ROTATION IS  0.000000  0.000000  1.000000  ANGLE IS   31.12

 SELECTED COORDINATES ROTATED IN THE MAIN SET.

  
 CHARMM>     
  
 CHARMM>     
  
 CHARMM>            calc dcut = 3.5
Evaluating: 3.5
 Parameter: DCUT <- "3.5"
  
 CHARMM>     
  
 CHARMM>            coor stat sele target end
 SELRPN>      1 atoms have been selected out of  17424
 STATISTICS FOR         1 SELECTED ATOMS:
    XMIN =   18.834872 XMAX =   18.834872 XAVE =   18.834872
    YMIN =    0.179585 YMAX =    0.179585 YAVE =    0.179585
    ZMIN =   17.338402 ZMAX =   17.338402 ZAVE =   17.338402
    WMIN =   -1.000000 WMAX =   -1.000000 WAVE =   -1.000000
  
 CHARMM>            calc xmax = ?xmax + @dcut
 Parameter: DCUT -> "3.5"
 RDCMND substituted energy or value "?XMAX" to "18.8348725"
Evaluating: 18.8348725+3.5
 Parameter: XMAX <- "22.3348725"
  
 CHARMM>            calc ymax = ?ymax + @dcut
 Parameter: DCUT -> "3.5"
 RDCMND substituted energy or value "?YMAX" to "0.179585209"
Evaluating: 0.179585209+3.5
 Parameter: YMAX <- "3.67958521"
  
 CHARMM>            calc zmax = ?zmax + @dcut
 Parameter: DCUT -> "3.5"
 RDCMND substituted energy or value "?ZMAX" to "17.338402"
Evaluating: 17.338402+3.5
 Parameter: ZMAX <- "20.838402"
  
 CHARMM>            calc xmin = ?xmin - @dcut
 Parameter: DCUT -> "3.5"
 RDCMND substituted energy or value "?XMIN" to "18.8348725"
Evaluating: 18.8348725-3.5
 Parameter: XMIN <- "15.3348725"
  
 CHARMM>            calc ymin = ?ymin - @dcut
 Parameter: DCUT -> "3.5"
 RDCMND substituted energy or value "?YMIN" to "0.179585209"
Evaluating: 0.179585209-3.5
 Parameter: YMIN <- "-3.32041479"
  
 CHARMM>            calc zmin = ?zmin - @dcut
 Parameter: DCUT -> "3.5"
 RDCMND substituted energy or value "?ZMIN" to "17.338402"
Evaluating: 17.338402-3.5
 Parameter: ZMIN <- "13.838402"
  
 CHARMM>     
  
 CHARMM>            define JUNK sele .not. target .and. -
 CHARMM>                             prop X .lt. @xmax .and. prop X .gt. @xmin .and. -
 CHARMM>                             prop Y .lt. @ymax .and. prop Y .gt. @ymin .and. -
 CHARMM>                             prop Z .lt. @zmax .and. prop Z .gt. @zmin  end
 Parameter: XMAX -> "22.3348725"
 Parameter: XMIN -> "15.3348725"
 Parameter: YMAX -> "3.67958521"
 Parameter: YMIN -> "-3.32041479"
 Parameter: ZMAX -> "20.838402"
 Parameter: ZMIN -> "13.838402"
 SELRPN>     25 atoms have been selected out of  17424
  
 CHARMM>     
  
 CHARMM>            ! check if the ions are too close to protein
  
 CHARMM>            define XXX sele PROT end
 SELRPN>    136 atoms have been selected out of  17424
  
 CHARMM>            if ?nsel .gt. 0 then
 RDCMND substituted energy or value "?NSEL" to "136"
 Comparing "136" and "0".
 IF test evaluated as true.  Performing command
  
 CHARMM>                coor dist cut 10.0 sele target end -
 CHARMM>                                   sele PROT .and. JUNK .and. .not. hydrogen end image
 SELRPN>      1 atoms have been selected out of  27773
 SELRPN>      0 atoms have been selected out of  27773

            DISTANCES FOR SELECTED ATOMS
            ONLY ONE SELECTION SET SPECIFIED, A COMPARISON WILL BE DONE
 TOTAL EXCLUSION COUNT =         0
 TOTAL 1-4 EXCLUSIONS  =         0
 TOTAL NON-EXCLUSIONS  =         0
  
 CHARMM>                if ?npair .gt. 0 goto doinit
 RDCMND substituted energy or value "?NPAIR" to "0"
 Comparing "0" and "0".
 IF test evaluated as false.  Skipping command
  
 CHARMM>            endif
  
 CHARMM>     
  
 CHARMM>            ! check if the ions are too close to solute
  
 CHARMM>            coor dist cut 4.0 sele target end sele JUNK .and. .not. hydrogen end image
 SELRPN>      1 atoms have been selected out of  27773
 SELRPN>     12 atoms have been selected out of  27773

            DISTANCES FOR SELECTED ATOMS
17411 NEG      CLA      1        CLA     -1463 MEMB     POPC     11       N             3.5651
17411 NEG      CLA      1        CLA     -1467 MEMB     POPC     11       C13           3.8735
17411 NEG      CLA      1        CLA     -1471 MEMB     POPC     11       C14           2.2469
17411 NEG      CLA      1        CLA     -3464 MEMB     POPC     26       P             2.8736
17411 NEG      CLA      1        CLA     -3465 MEMB     POPC     26       O13           1.5812
17411 NEG      CLA      1        CLA     -3466 MEMB     POPC     26       O14           3.4564
17411 NEG      CLA      1        CLA     -3467 MEMB     POPC     26       O12           3.8389
17411 NEG      CLA      1        CLA     -3486 MEMB     POPC     26       C32           3.9518
 TOTAL EXCLUSION COUNT =         0
 TOTAL 1-4 EXCLUSIONS  =         0
 TOTAL NON-EXCLUSIONS  =         8
  
 CHARMM>            if ?npair .gt. 0 goto doinit
 RDCMND substituted energy or value "?NPAIR" to "8"
 Comparing "8" and "0".
 IF test evaluated as true.  Performing command
  
 CHARMM>     
  
 CHARMM>            calc cntrand = @cntrand + 1
 Parameter: CNTRAND -> "2"
Evaluating: 2+1
 Parameter: CNTRAND <- "3"
  
 CHARMM>            if cntrand .gt. 100 stop ! ABNORMAL TERMINATION: ion placing may not work.. stop here
 Comparing "3" and "100".
 IF test evaluated as false.  Skipping command
  
 CHARMM>     
  
 CHARMM>            calc j = @i
 Parameter: I -> "37"
Evaluating: 37
 Parameter: J <- "37"
  
 CHARMM>            set ion = POS
 Parameter: ION <- "POS"
  
 CHARMM>     
  
 CHARMM>            if j .gt. @npos then
 Parameter: NPOS -> "36"
 Comparing "37" and "36".
 IF test evaluated as true.  Performing command
  
 CHARMM>               set ion = NEG
 Parameter: ION <- "NEG"
  
 CHARMM>               calc j  = @j - @npos
 Parameter: J -> "37"
 Parameter: NPOS -> "36"
Evaluating: 37-36
 Parameter: J <- "1"
  
 CHARMM>            endif
  
 CHARMM>     
  
 CHARMM>            define target select segid @ion .and. resid @j end
 Parameter: ION -> "NEG"
 Parameter: J -> "1"
 SELRPN>      1 atoms have been selected out of  17424
  
 CHARMM>     
  
 CHARMM>            calc xpos = @A * ( ?random - 0.5 )
 Parameter: A -> "66.0740394"
 RDCMND substituted energy or value "?RANDOM" to "9.347593546E-02"
Evaluating: 66.0740394*(9.347593546E-02-0.5)
 Parameter: XPOS <- "-26.8606871"
  
 CHARMM>            calc ypos = @B * ( ?random - 0.5 )
 Parameter: B -> "66.0740394"
 RDCMND substituted energy or value "?RANDOM" to "0.861388733"
Evaluating: 66.0740394*(0.861388733-0.5)
 Parameter: YPOS <- "23.8784134"
  
 CHARMM>            calc zpos = @C * ( ?random - 0.5 ) + @zcen
 Parameter: C -> "85"
 Parameter: ZCEN -> "0"
 RDCMND substituted energy or value "?RANDOM" to "0.96490063"
Evaluating: 85*(0.96490063-0.5)+0
 Parameter: ZPOS <- "39.5165535"
  
 CHARMM>     
  
 CHARMM>            if zpos .gt. -15 if zpos .lt. 15 goto doinit
 Comparing "39.5165535" and "-15".
 IF test evaluated as true.  Performing command
 Comparing "39.5165535" and "15".
 IF test evaluated as false.  Skipping command
  
 CHARMM>     
  
 CHARMM>            ! move target to selected position
  
 CHARMM>            coor stat select target end
 SELRPN>      1 atoms have been selected out of  17424
 STATISTICS FOR         1 SELECTED ATOMS:
    XMIN =   18.834872 XMAX =   18.834872 XAVE =   18.834872
    YMIN =    0.179585 YMAX =    0.179585 YAVE =    0.179585
    ZMIN =   17.338402 ZMAX =   17.338402 ZAVE =   17.338402
    WMIN =   -1.000000 WMAX =   -1.000000 WAVE =   -1.000000
  
 CHARMM>            calc xtran = @xpos - ?xave
 Parameter: XPOS -> "-26.8606871"
 RDCMND substituted energy or value "?XAVE" to "18.8348725"
Evaluating: -26.8606871-18.8348725
 Parameter: XTRAN <- "-45.6955596"
  
 CHARMM>            calc ytran = @ypos - ?yave
 Parameter: YPOS -> "23.8784134"
 RDCMND substituted energy or value "?YAVE" to "0.179585209"
Evaluating: 23.8784134-0.179585209
 Parameter: YTRAN <- "23.6988282"
  
 CHARMM>            calc ztran = @zpos - ?zave
 Parameter: ZPOS -> "39.5165535"
 RDCMND substituted energy or value "?ZAVE" to "17.338402"
Evaluating: 39.5165535-17.338402
 Parameter: ZTRAN <- "22.1781515"
  
 CHARMM>            coor trans xdir @xtran ydir @ytran zdir @ztran select target end
 Parameter: XTRAN -> "-45.6955596"
 Parameter: YTRAN -> "23.6988282"
 Parameter: ZTRAN -> "22.1781515"
 SELRPN>      1 atoms have been selected out of  17424
 TRANSLATION VECTOR   -45.695560   23.698828   22.178151
 SELECTED COORDINATES TRANSLATED IN THE MAIN SET.

  
 CHARMM>     
  
 CHARMM>            ! apply a random rotation along XYZ
  
 CHARMM>            calc xphi = ?random * 360.0
 RDCMND substituted energy or value "?RANDOM" to "0.95286637"
Evaluating: 0.95286637*360.0
 Parameter: XPHI <- "343.031893"
  
 CHARMM>            calc yphi = ?random * 360.0
 RDCMND substituted energy or value "?RANDOM" to "0.195685247"
Evaluating: 0.195685247*360.0
 Parameter: YPHI <- "70.4466889"
  
 CHARMM>            calc zphi = ?random * 360.0
 RDCMND substituted energy or value "?RANDOM" to "0.364477154"
Evaluating: 0.364477154*360.0
 Parameter: ZPHI <- "131.211775"
  
 CHARMM>            coor rotate xcen @xpos ycen @ypos zcen @zpos xdir 1.0 -
 CHARMM>                phi @xphi select target end
 Parameter: XPOS -> "-26.8606871"
 Parameter: YPOS -> "23.8784134"
 Parameter: ZPOS -> "39.5165535"
 Parameter: XPHI -> "343.031893"
 SELRPN>      1 atoms have been selected out of  17424
 ROTATION MATRIX
    1.000000    0.000000    0.000000
    0.000000    0.956467   -0.291839
    0.000000    0.291839    0.956467

 AXIS OF ROTATION IS -1.000000  0.000000  0.000000  ANGLE IS   16.97

 SELECTED COORDINATES ROTATED IN THE MAIN SET.

  
 CHARMM>            coor rotate xcen @xpos ycen @ypos zcen @zpos ydir 1.0 -
 CHARMM>                phi @yphi select target end
 Parameter: XPOS -> "-26.8606871"
 Parameter: YPOS -> "23.8784134"
 Parameter: ZPOS -> "39.5165535"
 Parameter: YPHI -> "70.4466889"
 SELRPN>      1 atoms have been selected out of  17424
 ROTATION MATRIX
    0.334684    0.000000   -0.942330
    0.000000    1.000000    0.000000
    0.942330    0.000000    0.334684

 AXIS OF ROTATION IS  0.000000  1.000000  0.000000  ANGLE IS   70.45

 SELECTED COORDINATES ROTATED IN THE MAIN SET.

  
 CHARMM>            coor rotate xcen @xpos ycen @ypos zcen @zpos zdir 1.0 -
 CHARMM>                phi @zphi select target end
 Parameter: XPOS -> "-26.8606871"
 Parameter: YPOS -> "23.8784134"
 Parameter: ZPOS -> "39.5165535"
 Parameter: ZPHI -> "131.211775"
 SELRPN>      1 atoms have been selected out of  17424
 ROTATION MATRIX
   -0.658844    0.752280    0.000000
   -0.752280   -0.658844    0.000000
    0.000000    0.000000    1.000000

 AXIS OF ROTATION IS  0.000000  0.000000  1.000000  ANGLE IS  131.21

 SELECTED COORDINATES ROTATED IN THE MAIN SET.

  
 CHARMM>     
  
 CHARMM>     
  
 CHARMM>            calc dcut = 3.5
Evaluating: 3.5
 Parameter: DCUT <- "3.5"
  
 CHARMM>     
  
 CHARMM>            coor stat sele target end
 SELRPN>      1 atoms have been selected out of  17424
 STATISTICS FOR         1 SELECTED ATOMS:
    XMIN =  -26.860687 XMAX =  -26.860687 XAVE =  -26.860687
    YMIN =   23.878413 YMAX =   23.878413 YAVE =   23.878413
    ZMIN =   39.516554 ZMAX =   39.516554 ZAVE =   39.516554
    WMIN =   -1.000000 WMAX =   -1.000000 WAVE =   -1.000000
  
 CHARMM>            calc xmax = ?xmax + @dcut
 Parameter: DCUT -> "3.5"
 RDCMND substituted energy or value "?XMAX" to "-26.8606871"
Evaluating: -26.8606871+3.5
 Parameter: XMAX <- "-23.3606871"
  
 CHARMM>            calc ymax = ?ymax + @dcut
 Parameter: DCUT -> "3.5"
 RDCMND substituted energy or value "?YMAX" to "23.8784134"
Evaluating: 23.8784134+3.5
 Parameter: YMAX <- "27.3784134"
  
 CHARMM>            calc zmax = ?zmax + @dcut
 Parameter: DCUT -> "3.5"
 RDCMND substituted energy or value "?ZMAX" to "39.5165535"
Evaluating: 39.5165535+3.5
 Parameter: ZMAX <- "43.0165535"
  
 CHARMM>            calc xmin = ?xmin - @dcut
 Parameter: DCUT -> "3.5"
 RDCMND substituted energy or value "?XMIN" to "-26.8606871"
Evaluating: -26.8606871-3.5
 Parameter: XMIN <- "-30.3606871"
  
 CHARMM>            calc ymin = ?ymin - @dcut
 Parameter: DCUT -> "3.5"
 RDCMND substituted energy or value "?YMIN" to "23.8784134"
Evaluating: 23.8784134-3.5
 Parameter: YMIN <- "20.3784134"
  
 CHARMM>            calc zmin = ?zmin - @dcut
 Parameter: DCUT -> "3.5"
 RDCMND substituted energy or value "?ZMIN" to "39.5165535"
Evaluating: 39.5165535-3.5
 Parameter: ZMIN <- "36.0165535"
  
 CHARMM>     
  
 CHARMM>            define JUNK sele .not. target .and. -
 CHARMM>                             prop X .lt. @xmax .and. prop X .gt. @xmin .and. -
 CHARMM>                             prop Y .lt. @ymax .and. prop Y .gt. @ymin .and. -
 CHARMM>                             prop Z .lt. @zmax .and. prop Z .gt. @zmin  end
 Parameter: XMAX -> "-23.3606871"
 Parameter: XMIN -> "-30.3606871"
 Parameter: YMAX -> "27.3784134"
 Parameter: YMIN -> "20.3784134"
 Parameter: ZMAX -> "43.0165535"
 Parameter: ZMIN -> "36.0165535"
 SELRPN>      0 atoms have been selected out of  17424
  
 CHARMM>     
  
 CHARMM>            ! check if the ions are too close to protein
  
 CHARMM>            define XXX sele PROT end
 SELRPN>    136 atoms have been selected out of  17424
  
 CHARMM>            if ?nsel .gt. 0 then
 RDCMND substituted energy or value "?NSEL" to "136"
 Comparing "136" and "0".
 IF test evaluated as true.  Performing command
  
 CHARMM>                coor dist cut 10.0 sele target end -
 CHARMM>                                   sele PROT .and. JUNK .and. .not. hydrogen end image
 SELRPN>      1 atoms have been selected out of  27773
 SELRPN>      0 atoms have been selected out of  27773

            DISTANCES FOR SELECTED ATOMS
            ONLY ONE SELECTION SET SPECIFIED, A COMPARISON WILL BE DONE
 TOTAL EXCLUSION COUNT =         0
 TOTAL 1-4 EXCLUSIONS  =         0
 TOTAL NON-EXCLUSIONS  =         0
  
 CHARMM>                if ?npair .gt. 0 goto doinit
 RDCMND substituted energy or value "?NPAIR" to "0"
 Comparing "0" and "0".
 IF test evaluated as false.  Skipping command
  
 CHARMM>            endif
  
 CHARMM>     
  
 CHARMM>            ! check if the ions are too close to solute
  
 CHARMM>            coor dist cut 4.0 sele target end sele JUNK .and. .not. hydrogen end image
 SELRPN>      1 atoms have been selected out of  27773
 SELRPN>      0 atoms have been selected out of  27773

            DISTANCES FOR SELECTED ATOMS
            ONLY ONE SELECTION SET SPECIFIED, A COMPARISON WILL BE DONE
 TOTAL EXCLUSION COUNT =         0
 TOTAL 1-4 EXCLUSIONS  =         0
 TOTAL NON-EXCLUSIONS  =         0
  
 CHARMM>            if ?npair .gt. 0 goto doinit
 RDCMND substituted energy or value "?NPAIR" to "0"
 Comparing "0" and "0".
 IF test evaluated as false.  Skipping command
  
 CHARMM>     
  
 CHARMM>            calc cntrand = 0
Evaluating: 0
 Parameter: CNTRAND <- "0"
  
 CHARMM>            increase i by 1
 Parameter: I <- "38"
  
 CHARMM>            if i .le. @nion goto doinit
 Parameter: NION -> "50"
 Comparing "38" and "50".
 IF test evaluated as true.  Performing command
  
 CHARMM>     
  
 CHARMM>            calc cntrand = @cntrand + 1
 Parameter: CNTRAND -> "0"
Evaluating: 0+1
 Parameter: CNTRAND <- "1"
  
 CHARMM>            if cntrand .gt. 100 stop ! ABNORMAL TERMINATION: ion placing may not work.. stop here
 Comparing "1" and "100".
 IF test evaluated as false.  Skipping command
  
 CHARMM>     
  
 CHARMM>            calc j = @i
 Parameter: I -> "38"
Evaluating: 38
 Parameter: J <- "38"
  
 CHARMM>            set ion = POS
 Parameter: ION <- "POS"
  
 CHARMM>     
  
 CHARMM>            if j .gt. @npos then
 Parameter: NPOS -> "36"
 Comparing "38" and "36".
 IF test evaluated as true.  Performing command
  
 CHARMM>               set ion = NEG
 Parameter: ION <- "NEG"
  
 CHARMM>               calc j  = @j - @npos
 Parameter: J -> "38"
 Parameter: NPOS -> "36"
Evaluating: 38-36
 Parameter: J <- "2"
  
 CHARMM>            endif
  
 CHARMM>     
  
 CHARMM>            define target select segid @ion .and. resid @j end
 Parameter: ION -> "NEG"
 Parameter: J -> "2"
 SELRPN>      1 atoms have been selected out of  17424
  
 CHARMM>     
  
 CHARMM>            calc xpos = @A * ( ?random - 0.5 )
 Parameter: A -> "66.0740394"
 RDCMND substituted energy or value "?RANDOM" to "0.566358126"
Evaluating: 66.0740394*(0.566358126-0.5)
 Parameter: XPOS <- "4.38454943"
  
 CHARMM>            calc ypos = @B * ( ?random - 0.5 )
 Parameter: B -> "66.0740394"
 RDCMND substituted energy or value "?RANDOM" to "0.302791366"
Evaluating: 66.0740394*(0.302791366-0.5)
 Parameter: YPOS <- "-13.0303711"
  
 CHARMM>            calc zpos = @C * ( ?random - 0.5 ) + @zcen
 Parameter: C -> "85"
 Parameter: ZCEN -> "0"
 RDCMND substituted energy or value "?RANDOM" to "0.579302482"
Evaluating: 85*(0.579302482-0.5)+0
 Parameter: ZPOS <- "6.74071097"
  
 CHARMM>     
  
 CHARMM>            if zpos .gt. -15 if zpos .lt. 15 goto doinit
 Comparing "6.74071097" and "-15".
 IF test evaluated as true.  Performing command
 Comparing "6.74071097" and "15".
 IF test evaluated as true.  Performing command
  
 CHARMM>     
  
 CHARMM>            calc cntrand = @cntrand + 1
 Parameter: CNTRAND -> "1"
Evaluating: 1+1
 Parameter: CNTRAND <- "2"
  
 CHARMM>            if cntrand .gt. 100 stop ! ABNORMAL TERMINATION: ion placing may not work.. stop here
 Comparing "2" and "100".
 IF test evaluated as false.  Skipping command
  
 CHARMM>     
  
 CHARMM>            calc j = @i
 Parameter: I -> "38"
Evaluating: 38
 Parameter: J <- "38"
  
 CHARMM>            set ion = POS
 Parameter: ION <- "POS"
  
 CHARMM>     
  
 CHARMM>            if j .gt. @npos then
 Parameter: NPOS -> "36"
 Comparing "38" and "36".
 IF test evaluated as true.  Performing command
  
 CHARMM>               set ion = NEG
 Parameter: ION <- "NEG"
  
 CHARMM>               calc j  = @j - @npos
 Parameter: J -> "38"
 Parameter: NPOS -> "36"
Evaluating: 38-36
 Parameter: J <- "2"
  
 CHARMM>            endif
  
 CHARMM>     
  
 CHARMM>            define target select segid @ion .and. resid @j end
 Parameter: ION -> "NEG"
 Parameter: J -> "2"
 SELRPN>      1 atoms have been selected out of  17424
  
 CHARMM>     
  
 CHARMM>            calc xpos = @A * ( ?random - 0.5 )
 Parameter: A -> "66.0740394"
 RDCMND substituted energy or value "?RANDOM" to "0.789249037"
Evaluating: 66.0740394*(0.789249037-0.5)
 Parameter: XPOS <- "19.1118523"
  
 CHARMM>            calc ypos = @B * ( ?random - 0.5 )
 Parameter: B -> "66.0740394"
 RDCMND substituted energy or value "?RANDOM" to "0.52604802"
Evaluating: 66.0740394*(0.52604802-0.5)
 Parameter: YPOS <- "1.7210979"
  
 CHARMM>            calc zpos = @C * ( ?random - 0.5 ) + @zcen
 Parameter: C -> "85"
 Parameter: ZCEN -> "0"
 RDCMND substituted energy or value "?RANDOM" to "0.539575404"
Evaluating: 85*(0.539575404-0.5)+0
 Parameter: ZPOS <- "3.36390934"
  
 CHARMM>     
  
 CHARMM>            if zpos .gt. -15 if zpos .lt. 15 goto doinit
 Comparing "3.36390934" and "-15".
 IF test evaluated as true.  Performing command
 Comparing "3.36390934" and "15".
 IF test evaluated as true.  Performing command
  
 CHARMM>     
  
 CHARMM>            calc cntrand = @cntrand + 1
 Parameter: CNTRAND -> "2"
Evaluating: 2+1
 Parameter: CNTRAND <- "3"
  
 CHARMM>            if cntrand .gt. 100 stop ! ABNORMAL TERMINATION: ion placing may not work.. stop here
 Comparing "3" and "100".
 IF test evaluated as false.  Skipping command
  
 CHARMM>     
  
 CHARMM>            calc j = @i
 Parameter: I -> "38"
Evaluating: 38
 Parameter: J <- "38"
  
 CHARMM>            set ion = POS
 Parameter: ION <- "POS"
  
 CHARMM>     
  
 CHARMM>            if j .gt. @npos then
 Parameter: NPOS -> "36"
 Comparing "38" and "36".
 IF test evaluated as true.  Performing command
  
 CHARMM>               set ion = NEG
 Parameter: ION <- "NEG"
  
 CHARMM>               calc j  = @j - @npos
 Parameter: J -> "38"
 Parameter: NPOS -> "36"
Evaluating: 38-36
 Parameter: J <- "2"
  
 CHARMM>            endif
  
 CHARMM>     
  
 CHARMM>            define target select segid @ion .and. resid @j end
 Parameter: ION -> "NEG"
 Parameter: J -> "2"
 SELRPN>      1 atoms have been selected out of  17424
  
 CHARMM>     
  
 CHARMM>            calc xpos = @A * ( ?random - 0.5 )
 Parameter: A -> "66.0740394"
 RDCMND substituted energy or value "?RANDOM" to "0.840078907"
Evaluating: 66.0740394*(0.840078907-0.5)
 Parameter: XPOS <- "22.4703871"
  
 CHARMM>            calc ypos = @B * ( ?random - 0.5 )
 Parameter: B -> "66.0740394"
 RDCMND substituted energy or value "?RANDOM" to "0.759600292"
Evaluating: 66.0740394*(0.759600292-0.5)
 Parameter: YPOS <- "17.1528399"
  
 CHARMM>            calc zpos = @C * ( ?random - 0.5 ) + @zcen
 Parameter: C -> "85"
 Parameter: ZCEN -> "0"
 RDCMND substituted energy or value "?RANDOM" to "0.85911025"
Evaluating: 85*(0.85911025-0.5)+0
 Parameter: ZPOS <- "30.5243713"
  
 CHARMM>     
  
 CHARMM>            if zpos .gt. -15 if zpos .lt. 15 goto doinit
 Comparing "30.5243713" and "-15".
 IF test evaluated as true.  Performing command
 Comparing "30.5243713" and "15".
 IF test evaluated as false.  Skipping command
  
 CHARMM>     
  
 CHARMM>            ! move target to selected position
  
 CHARMM>            coor stat select target end
 SELRPN>      1 atoms have been selected out of  17424
 STATISTICS FOR         1 SELECTED ATOMS:
    XMIN =    0.000000 XMAX =    0.000000 XAVE =    0.000000
    YMIN =    0.000000 YMAX =    0.000000 YAVE =    0.000000
    ZMIN =    0.000000 ZMAX =    0.000000 ZAVE =    0.000000
    WMIN =   -1.000000 WMAX =   -1.000000 WAVE =   -1.000000
  
 CHARMM>            calc xtran = @xpos - ?xave
 Parameter: XPOS -> "22.4703871"
 RDCMND substituted energy or value "?XAVE" to "0"
Evaluating: 22.4703871-0
 Parameter: XTRAN <- "22.4703871"
  
 CHARMM>            calc ytran = @ypos - ?yave
 Parameter: YPOS -> "17.1528399"
 RDCMND substituted energy or value "?YAVE" to "0"
Evaluating: 17.1528399-0
 Parameter: YTRAN <- "17.1528399"
  
 CHARMM>            calc ztran = @zpos - ?zave
 Parameter: ZPOS -> "30.5243713"
 RDCMND substituted energy or value "?ZAVE" to "0"
Evaluating: 30.5243713-0
 Parameter: ZTRAN <- "30.5243713"
  
 CHARMM>            coor trans xdir @xtran ydir @ytran zdir @ztran select target end
 Parameter: XTRAN -> "22.4703871"
 Parameter: YTRAN -> "17.1528399"
 Parameter: ZTRAN -> "30.5243713"
 SELRPN>      1 atoms have been selected out of  17424
 TRANSLATION VECTOR    22.470387   17.152840   30.524371
 SELECTED COORDINATES TRANSLATED IN THE MAIN SET.

  
 CHARMM>     
  
 CHARMM>            ! apply a random rotation along XYZ
  
 CHARMM>            calc xphi = ?random * 360.0
 RDCMND substituted energy or value "?RANDOM" to "0.868475455"
Evaluating: 0.868475455*360.0
 Parameter: XPHI <- "312.651164"
  
 CHARMM>            calc yphi = ?random * 360.0
 RDCMND substituted energy or value "?RANDOM" to "0.324810506"
Evaluating: 0.324810506*360.0
 Parameter: YPHI <- "116.931782"
  
 CHARMM>            calc zphi = ?random * 360.0
 RDCMND substituted energy or value "?RANDOM" to "0.16059846"
Evaluating: 0.16059846*360.0
 Parameter: ZPHI <- "57.8154456"
  
 CHARMM>            coor rotate xcen @xpos ycen @ypos zcen @zpos xdir 1.0 -
 CHARMM>                phi @xphi select target end
 Parameter: XPOS -> "22.4703871"
 Parameter: YPOS -> "17.1528399"
 Parameter: ZPOS -> "30.5243713"
 Parameter: XPHI -> "312.651164"
 SELRPN>      1 atoms have been selected out of  17424
 ROTATION MATRIX
    1.000000    0.000000    0.000000
    0.000000    0.677533   -0.735492
    0.000000    0.735492    0.677533

 AXIS OF ROTATION IS -1.000000  0.000000  0.000000  ANGLE IS   47.35

 SELECTED COORDINATES ROTATED IN THE MAIN SET.

  
 CHARMM>            coor rotate xcen @xpos ycen @ypos zcen @zpos ydir 1.0 -
 CHARMM>                phi @yphi select target end
 Parameter: XPOS -> "22.4703871"
 Parameter: YPOS -> "17.1528399"
 Parameter: ZPOS -> "30.5243713"
 Parameter: YPHI -> "116.931782"
 SELRPN>      1 atoms have been selected out of  17424
 ROTATION MATRIX
   -0.452929    0.000000   -0.891546
    0.000000    1.000000    0.000000
    0.891546    0.000000   -0.452929

 AXIS OF ROTATION IS  0.000000  1.000000  0.000000  ANGLE IS  116.93

 SELECTED COORDINATES ROTATED IN THE MAIN SET.

  
 CHARMM>            coor rotate xcen @xpos ycen @ypos zcen @zpos zdir 1.0 -
 CHARMM>                phi @zphi select target end
 Parameter: XPOS -> "22.4703871"
 Parameter: YPOS -> "17.1528399"
 Parameter: ZPOS -> "30.5243713"
 Parameter: ZPHI -> "57.8154456"
 SELRPN>      1 atoms have been selected out of  17424
 ROTATION MATRIX
    0.532648    0.846337    0.000000
   -0.846337    0.532648    0.000000
    0.000000    0.000000    1.000000

 AXIS OF ROTATION IS  0.000000  0.000000  1.000000  ANGLE IS   57.82

 SELECTED COORDINATES ROTATED IN THE MAIN SET.

  
 CHARMM>     
  
 CHARMM>     
  
 CHARMM>            calc dcut = 3.5
Evaluating: 3.5
 Parameter: DCUT <- "3.5"
  
 CHARMM>     
  
 CHARMM>            coor stat sele target end
 SELRPN>      1 atoms have been selected out of  17424
 STATISTICS FOR         1 SELECTED ATOMS:
    XMIN =   22.470387 XMAX =   22.470387 XAVE =   22.470387
    YMIN =   17.152840 YMAX =   17.152840 YAVE =   17.152840
    ZMIN =   30.524371 ZMAX =   30.524371 ZAVE =   30.524371
    WMIN =   -1.000000 WMAX =   -1.000000 WAVE =   -1.000000
  
 CHARMM>            calc xmax = ?xmax + @dcut
 Parameter: DCUT -> "3.5"
 RDCMND substituted energy or value "?XMAX" to "22.4703871"
Evaluating: 22.4703871+3.5
 Parameter: XMAX <- "25.9703871"
  
 CHARMM>            calc ymax = ?ymax + @dcut
 Parameter: DCUT -> "3.5"
 RDCMND substituted energy or value "?YMAX" to "17.1528399"
Evaluating: 17.1528399+3.5
 Parameter: YMAX <- "20.6528399"
  
 CHARMM>            calc zmax = ?zmax + @dcut
 Parameter: DCUT -> "3.5"
 RDCMND substituted energy or value "?ZMAX" to "30.5243713"
Evaluating: 30.5243713+3.5
 Parameter: ZMAX <- "34.0243713"
  
 CHARMM>            calc xmin = ?xmin - @dcut
 Parameter: DCUT -> "3.5"
 RDCMND substituted energy or value "?XMIN" to "22.4703871"
Evaluating: 22.4703871-3.5
 Parameter: XMIN <- "18.9703871"
  
 CHARMM>            calc ymin = ?ymin - @dcut
 Parameter: DCUT -> "3.5"
 RDCMND substituted energy or value "?YMIN" to "17.1528399"
Evaluating: 17.1528399-3.5
 Parameter: YMIN <- "13.6528399"
  
 CHARMM>            calc zmin = ?zmin - @dcut
 Parameter: DCUT -> "3.5"
 RDCMND substituted energy or value "?ZMIN" to "30.5243713"
Evaluating: 30.5243713-3.5
 Parameter: ZMIN <- "27.0243713"
  
 CHARMM>     
  
 CHARMM>            define JUNK sele .not. target .and. -
 CHARMM>                             prop X .lt. @xmax .and. prop X .gt. @xmin .and. -
 CHARMM>                             prop Y .lt. @ymax .and. prop Y .gt. @ymin .and. -
 CHARMM>                             prop Z .lt. @zmax .and. prop Z .gt. @zmin  end
 Parameter: XMAX -> "25.9703871"
 Parameter: XMIN -> "18.9703871"
 Parameter: YMAX -> "20.6528399"
 Parameter: YMIN -> "13.6528399"
 Parameter: ZMAX -> "34.0243713"
 Parameter: ZMIN -> "27.0243713"
 SELRPN>      1 atoms have been selected out of  17424
  
 CHARMM>     
  
 CHARMM>            ! check if the ions are too close to protein
  
 CHARMM>            define XXX sele PROT end
 SELRPN>    136 atoms have been selected out of  17424
  
 CHARMM>            if ?nsel .gt. 0 then
 RDCMND substituted energy or value "?NSEL" to "136"
 Comparing "136" and "0".
 IF test evaluated as true.  Performing command
  
 CHARMM>                coor dist cut 10.0 sele target end -
 CHARMM>                                   sele PROT .and. JUNK .and. .not. hydrogen end image
 SELRPN>      1 atoms have been selected out of  27773
 SELRPN>      0 atoms have been selected out of  27773

            DISTANCES FOR SELECTED ATOMS
            ONLY ONE SELECTION SET SPECIFIED, A COMPARISON WILL BE DONE
 TOTAL EXCLUSION COUNT =         0
 TOTAL 1-4 EXCLUSIONS  =         0
 TOTAL NON-EXCLUSIONS  =         0
  
 CHARMM>                if ?npair .gt. 0 goto doinit
 RDCMND substituted energy or value "?NPAIR" to "0"
 Comparing "0" and "0".
 IF test evaluated as false.  Skipping command
  
 CHARMM>            endif
  
 CHARMM>     
  
 CHARMM>            ! check if the ions are too close to solute
  
 CHARMM>            coor dist cut 4.0 sele target end sele JUNK .and. .not. hydrogen end image
 SELRPN>      1 atoms have been selected out of  27773
 SELRPN>      1 atoms have been selected out of  27773

            DISTANCES FOR SELECTED ATOMS
17412 NEG      CLA      2        CLA     -**** POS      POT      34       POT           2.5223
 TOTAL EXCLUSION COUNT =         0
 TOTAL 1-4 EXCLUSIONS  =         0
 TOTAL NON-EXCLUSIONS  =         1
  
 CHARMM>            if ?npair .gt. 0 goto doinit
 RDCMND substituted energy or value "?NPAIR" to "1"
 Comparing "1" and "0".
 IF test evaluated as true.  Performing command
  
 CHARMM>     
  
 CHARMM>            calc cntrand = @cntrand + 1
 Parameter: CNTRAND -> "3"
Evaluating: 3+1
 Parameter: CNTRAND <- "4"
  
 CHARMM>            if cntrand .gt. 100 stop ! ABNORMAL TERMINATION: ion placing may not work.. stop here
 Comparing "4" and "100".
 IF test evaluated as false.  Skipping command
  
 CHARMM>     
  
 CHARMM>            calc j = @i
 Parameter: I -> "38"
Evaluating: 38
 Parameter: J <- "38"
  
 CHARMM>            set ion = POS
 Parameter: ION <- "POS"
  
 CHARMM>     
  
 CHARMM>            if j .gt. @npos then
 Parameter: NPOS -> "36"
 Comparing "38" and "36".
 IF test evaluated as true.  Performing command
  
 CHARMM>               set ion = NEG
 Parameter: ION <- "NEG"
  
 CHARMM>               calc j  = @j - @npos
 Parameter: J -> "38"
 Parameter: NPOS -> "36"
Evaluating: 38-36
 Parameter: J <- "2"
  
 CHARMM>            endif
  
 CHARMM>     
  
 CHARMM>            define target select segid @ion .and. resid @j end
 Parameter: ION -> "NEG"
 Parameter: J -> "2"
 SELRPN>      1 atoms have been selected out of  17424
  
 CHARMM>     
  
 CHARMM>            calc xpos = @A * ( ?random - 0.5 )
 Parameter: A -> "66.0740394"
 RDCMND substituted energy or value "?RANDOM" to "0.147520593"
Evaluating: 66.0740394*(0.147520593-0.5)
 Parameter: XPOS <- "-23.2897382"
  
 CHARMM>            calc ypos = @B * ( ?random - 0.5 )
 Parameter: B -> "66.0740394"
 RDCMND substituted energy or value "?RANDOM" to "0.929038069"
Evaluating: 66.0740394*(0.929038069-0.5)
 Parameter: YPOS <- "28.3482783"
  
 CHARMM>            calc zpos = @C * ( ?random - 0.5 ) + @zcen
 Parameter: C -> "85"
 Parameter: ZCEN -> "0"
 RDCMND substituted energy or value "?RANDOM" to "0.289782675"
Evaluating: 85*(0.289782675-0.5)+0
 Parameter: ZPOS <- "-17.8684726"
  
 CHARMM>     
  
 CHARMM>            if zpos .gt. -15 if zpos .lt. 15 goto doinit
 Comparing "-17.8684726" and "-15".
 IF test evaluated as false.  Skipping command
  
 CHARMM>     
  
 CHARMM>            ! move target to selected position
  
 CHARMM>            coor stat select target end
 SELRPN>      1 atoms have been selected out of  17424
 STATISTICS FOR         1 SELECTED ATOMS:
    XMIN =   22.470387 XMAX =   22.470387 XAVE =   22.470387
    YMIN =   17.152840 YMAX =   17.152840 YAVE =   17.152840
    ZMIN =   30.524371 ZMAX =   30.524371 ZAVE =   30.524371
    WMIN =   -1.000000 WMAX =   -1.000000 WAVE =   -1.000000
  
 CHARMM>            calc xtran = @xpos - ?xave
 Parameter: XPOS -> "-23.2897382"
 RDCMND substituted energy or value "?XAVE" to "22.4703871"
Evaluating: -23.2897382-22.4703871
 Parameter: XTRAN <- "-45.7601253"
  
 CHARMM>            calc ytran = @ypos - ?yave
 Parameter: YPOS -> "28.3482783"
 RDCMND substituted energy or value "?YAVE" to "17.1528399"
Evaluating: 28.3482783-17.1528399
 Parameter: YTRAN <- "11.1954384"
  
 CHARMM>            calc ztran = @zpos - ?zave
 Parameter: ZPOS -> "-17.8684726"
 RDCMND substituted energy or value "?ZAVE" to "30.5243713"
Evaluating: -17.8684726-30.5243713
 Parameter: ZTRAN <- "-48.3928439"
  
 CHARMM>            coor trans xdir @xtran ydir @ytran zdir @ztran select target end
 Parameter: XTRAN -> "-45.7601253"
 Parameter: YTRAN -> "11.1954384"
 Parameter: ZTRAN -> "-48.3928439"
 SELRPN>      1 atoms have been selected out of  17424
 TRANSLATION VECTOR   -45.760125   11.195438  -48.392844
 SELECTED COORDINATES TRANSLATED IN THE MAIN SET.

  
 CHARMM>     
  
 CHARMM>            ! apply a random rotation along XYZ
  
 CHARMM>            calc xphi = ?random * 360.0
 RDCMND substituted energy or value "?RANDOM" to "0.845574845"
Evaluating: 0.845574845*360.0
 Parameter: XPHI <- "304.406944"
  
 CHARMM>            calc yphi = ?random * 360.0
 RDCMND substituted energy or value "?RANDOM" to "0.270480343"
Evaluating: 0.270480343*360.0
 Parameter: YPHI <- "97.3729235"
  
 CHARMM>            calc zphi = ?random * 360.0
 RDCMND substituted energy or value "?RANDOM" to "0.587099689"
Evaluating: 0.587099689*360.0
 Parameter: ZPHI <- "211.355888"
  
 CHARMM>            coor rotate xcen @xpos ycen @ypos zcen @zpos xdir 1.0 -
 CHARMM>                phi @xphi select target end
 Parameter: XPOS -> "-23.2897382"
 Parameter: YPOS -> "28.3482783"
 Parameter: ZPOS -> "-17.8684726"
 Parameter: XPHI -> "304.406944"
 SELRPN>      1 atoms have been selected out of  17424
 ROTATION MATRIX
    1.000000    0.000000    0.000000
    0.000000    0.565067   -0.825045
    0.000000    0.825045    0.565067

 AXIS OF ROTATION IS -1.000000  0.000000  0.000000  ANGLE IS   55.59

 SELECTED COORDINATES ROTATED IN THE MAIN SET.

  
 CHARMM>            coor rotate xcen @xpos ycen @ypos zcen @zpos ydir 1.0 -
 CHARMM>                phi @yphi select target end
 Parameter: XPOS -> "-23.2897382"
 Parameter: YPOS -> "28.3482783"
 Parameter: ZPOS -> "-17.8684726"
 Parameter: YPHI -> "97.3729235"
 SELRPN>      1 atoms have been selected out of  17424
 ROTATION MATRIX
   -0.128327    0.000000   -0.991732
    0.000000    1.000000    0.000000
    0.991732    0.000000   -0.128327

 AXIS OF ROTATION IS  0.000000  1.000000  0.000000  ANGLE IS   97.37

 SELECTED COORDINATES ROTATED IN THE MAIN SET.

  
 CHARMM>            coor rotate xcen @xpos ycen @ypos zcen @zpos zdir 1.0 -
 CHARMM>                phi @zphi select target end
 Parameter: XPOS -> "-23.2897382"
 Parameter: YPOS -> "28.3482783"
 Parameter: ZPOS -> "-17.8684726"
 Parameter: ZPHI -> "211.355888"
 SELRPN>      1 atoms have been selected out of  17424
 ROTATION MATRIX
   -0.853952   -0.520352    0.000000
    0.520352   -0.853952    0.000000
    0.000000    0.000000    1.000000

 AXIS OF ROTATION IS  0.000000  0.000000 -1.000000  ANGLE IS  148.64

 SELECTED COORDINATES ROTATED IN THE MAIN SET.

  
 CHARMM>     
  
 CHARMM>     
  
 CHARMM>            calc dcut = 3.5
Evaluating: 3.5
 Parameter: DCUT <- "3.5"
  
 CHARMM>     
  
 CHARMM>            coor stat sele target end
 SELRPN>      1 atoms have been selected out of  17424
 STATISTICS FOR         1 SELECTED ATOMS:
    XMIN =  -23.289738 XMAX =  -23.289738 XAVE =  -23.289738
    YMIN =   28.348278 YMAX =   28.348278 YAVE =   28.348278
    ZMIN =  -17.868473 ZMAX =  -17.868473 ZAVE =  -17.868473
    WMIN =   -1.000000 WMAX =   -1.000000 WAVE =   -1.000000
  
 CHARMM>            calc xmax = ?xmax + @dcut
 Parameter: DCUT -> "3.5"
 RDCMND substituted energy or value "?XMAX" to "-23.2897382"
Evaluating: -23.2897382+3.5
 Parameter: XMAX <- "-19.7897382"
  
 CHARMM>            calc ymax = ?ymax + @dcut
 Parameter: DCUT -> "3.5"
 RDCMND substituted energy or value "?YMAX" to "28.3482783"
Evaluating: 28.3482783+3.5
 Parameter: YMAX <- "31.8482783"
  
 CHARMM>            calc zmax = ?zmax + @dcut
 Parameter: DCUT -> "3.5"
 RDCMND substituted energy or value "?ZMAX" to "-17.8684726"
Evaluating: -17.8684726+3.5
 Parameter: ZMAX <- "-14.3684726"
  
 CHARMM>            calc xmin = ?xmin - @dcut
 Parameter: DCUT -> "3.5"
 RDCMND substituted energy or value "?XMIN" to "-23.2897382"
Evaluating: -23.2897382-3.5
 Parameter: XMIN <- "-26.7897382"
  
 CHARMM>            calc ymin = ?ymin - @dcut
 Parameter: DCUT -> "3.5"
 RDCMND substituted energy or value "?YMIN" to "28.3482783"
Evaluating: 28.3482783-3.5
 Parameter: YMIN <- "24.8482783"
  
 CHARMM>            calc zmin = ?zmin - @dcut
 Parameter: DCUT -> "3.5"
 RDCMND substituted energy or value "?ZMIN" to "-17.8684726"
Evaluating: -17.8684726-3.5
 Parameter: ZMIN <- "-21.3684726"
  
 CHARMM>     
  
 CHARMM>            define JUNK sele .not. target .and. -
 CHARMM>                             prop X .lt. @xmax .and. prop X .gt. @xmin .and. -
 CHARMM>                             prop Y .lt. @ymax .and. prop Y .gt. @ymin .and. -
 CHARMM>                             prop Z .lt. @zmax .and. prop Z .gt. @zmin  end
 Parameter: XMAX -> "-19.7897382"
 Parameter: XMIN -> "-26.7897382"
 Parameter: YMAX -> "31.8482783"
 Parameter: YMIN -> "24.8482783"
 Parameter: ZMAX -> "-14.3684726"
 Parameter: ZMIN -> "-21.3684726"
 SELRPN>     32 atoms have been selected out of  17424
  
 CHARMM>     
  
 CHARMM>            ! check if the ions are too close to protein
  
 CHARMM>            define XXX sele PROT end
 SELRPN>    136 atoms have been selected out of  17424
  
 CHARMM>            if ?nsel .gt. 0 then
 RDCMND substituted energy or value "?NSEL" to "136"
 Comparing "136" and "0".
 IF test evaluated as true.  Performing command
  
 CHARMM>                coor dist cut 10.0 sele target end -
 CHARMM>                                   sele PROT .and. JUNK .and. .not. hydrogen end image
 SELRPN>      1 atoms have been selected out of  27773
 SELRPN>      0 atoms have been selected out of  27773

            DISTANCES FOR SELECTED ATOMS
            ONLY ONE SELECTION SET SPECIFIED, A COMPARISON WILL BE DONE
 TOTAL EXCLUSION COUNT =         0
 TOTAL 1-4 EXCLUSIONS  =         0
 TOTAL NON-EXCLUSIONS  =         0
  
 CHARMM>                if ?npair .gt. 0 goto doinit
 RDCMND substituted energy or value "?NPAIR" to "0"
 Comparing "0" and "0".
 IF test evaluated as false.  Skipping command
  
 CHARMM>            endif
  
 CHARMM>     
  
 CHARMM>            ! check if the ions are too close to solute
  
 CHARMM>            coor dist cut 4.0 sele target end sele JUNK .and. .not. hydrogen end image
 SELRPN>      1 atoms have been selected out of  27773
 SELRPN>     18 atoms have been selected out of  27773

            DISTANCES FOR SELECTED ATOMS
17412 NEG      CLA      2        CLA     -**** MEMB     POPC     110      O21           3.7978
17412 NEG      CLA      2        CLA     -**** MEMB     POPC     110      C21           2.8167
17412 NEG      CLA      2        CLA     -**** MEMB     POPC     110      O22           1.7011
17412 NEG      CLA      2        CLA     -**** MEMB     POPC     110      C22           3.7343
17412 NEG      CLA      2        CLA     -**** MEMB     POPC     122      C2            3.1158
17412 NEG      CLA      2        CLA     -**** MEMB     POPC     122      O21           2.7555
17412 NEG      CLA      2        CLA     -**** MEMB     POPC     122      C21           2.4265
17412 NEG      CLA      2        CLA     -**** MEMB     POPC     122      O22           2.0327
17412 NEG      CLA      2        CLA     -**** MEMB     POPC     122      C22           3.6783
17412 NEG      CLA      2        CLA     -**** MEMB     POPC     126      C14           3.4981
17412 NEG      CLA      2        CLA     -**** MEMB     POPC     126      C11           3.5105
17412 NEG      CLA      2        CLA     -**** MEMB     POPC     126      P             2.6529
17412 NEG      CLA      2        CLA     -**** MEMB     POPC     126      O13           3.5282
17412 NEG      CLA      2        CLA     -**** MEMB     POPC     126      O14           2.0955
17412 NEG      CLA      2        CLA     -**** MEMB     POPC     126      O12           2.1734
17412 NEG      CLA      2        CLA     -**** MEMB     POPC     126      O11           3.9454
 TOTAL EXCLUSION COUNT =         0
 TOTAL 1-4 EXCLUSIONS  =         0
 TOTAL NON-EXCLUSIONS  =        16
  
 CHARMM>            if ?npair .gt. 0 goto doinit
 RDCMND substituted energy or value "?NPAIR" to "16"
 Comparing "16" and "0".
 IF test evaluated as true.  Performing command
  
 CHARMM>     
  
 CHARMM>            calc cntrand = @cntrand + 1
 Parameter: CNTRAND -> "4"
Evaluating: 4+1
 Parameter: CNTRAND <- "5"
  
 CHARMM>            if cntrand .gt. 100 stop ! ABNORMAL TERMINATION: ion placing may not work.. stop here
 Comparing "5" and "100".
 IF test evaluated as false.  Skipping command
  
 CHARMM>     
  
 CHARMM>            calc j = @i
 Parameter: I -> "38"
Evaluating: 38
 Parameter: J <- "38"
  
 CHARMM>            set ion = POS
 Parameter: ION <- "POS"
  
 CHARMM>     
  
 CHARMM>            if j .gt. @npos then
 Parameter: NPOS -> "36"
 Comparing "38" and "36".
 IF test evaluated as true.  Performing command
  
 CHARMM>               set ion = NEG
 Parameter: ION <- "NEG"
  
 CHARMM>               calc j  = @j - @npos
 Parameter: J -> "38"
 Parameter: NPOS -> "36"
Evaluating: 38-36
 Parameter: J <- "2"
  
 CHARMM>            endif
  
 CHARMM>     
  
 CHARMM>            define target select segid @ion .and. resid @j end
 Parameter: ION -> "NEG"
 Parameter: J -> "2"
 SELRPN>      1 atoms have been selected out of  17424
  
 CHARMM>     
  
 CHARMM>            calc xpos = @A * ( ?random - 0.5 )
 Parameter: A -> "66.0740394"
 RDCMND substituted energy or value "?RANDOM" to "0.581408694"
Evaluating: 66.0740394*(0.581408694-0.5)
 Parameter: XPOS <- "5.37900125"
  
 CHARMM>            calc ypos = @B * ( ?random - 0.5 )
 Parameter: B -> "66.0740394"
 RDCMND substituted energy or value "?RANDOM" to "0.878282138"
Evaluating: 66.0740394*(0.878282138-0.5)
 Parameter: YPOS <- "24.9946289"
  
 CHARMM>            calc zpos = @C * ( ?random - 0.5 ) + @zcen
 Parameter: C -> "85"
 Parameter: ZCEN -> "0"
 RDCMND substituted energy or value "?RANDOM" to "0.413960394"
Evaluating: 85*(0.413960394-0.5)+0
 Parameter: ZPOS <- "-7.31336651"
  
 CHARMM>     
  
 CHARMM>            if zpos .gt. -15 if zpos .lt. 15 goto doinit
 Comparing "-7.31336651" and "-15".
 IF test evaluated as true.  Performing command
 Comparing "-7.31336651" and "15".
 IF test evaluated as true.  Performing command
  
 CHARMM>     
  
 CHARMM>            calc cntrand = @cntrand + 1
 Parameter: CNTRAND -> "5"
Evaluating: 5+1
 Parameter: CNTRAND <- "6"
  
 CHARMM>            if cntrand .gt. 100 stop ! ABNORMAL TERMINATION: ion placing may not work.. stop here
 Comparing "6" and "100".
 IF test evaluated as false.  Skipping command
  
 CHARMM>     
  
 CHARMM>            calc j = @i
 Parameter: I -> "38"
Evaluating: 38
 Parameter: J <- "38"
  
 CHARMM>            set ion = POS
 Parameter: ION <- "POS"
  
 CHARMM>     
  
 CHARMM>            if j .gt. @npos then
 Parameter: NPOS -> "36"
 Comparing "38" and "36".
 IF test evaluated as true.  Performing command
  
 CHARMM>               set ion = NEG
 Parameter: ION <- "NEG"
  
 CHARMM>               calc j  = @j - @npos
 Parameter: J -> "38"
 Parameter: NPOS -> "36"
Evaluating: 38-36
 Parameter: J <- "2"
  
 CHARMM>            endif
  
 CHARMM>     
  
 CHARMM>            define target select segid @ion .and. resid @j end
 Parameter: ION -> "NEG"
 Parameter: J -> "2"
 SELRPN>      1 atoms have been selected out of  17424
  
 CHARMM>     
  
 CHARMM>            calc xpos = @A * ( ?random - 0.5 )
 Parameter: A -> "66.0740394"
 RDCMND substituted energy or value "?RANDOM" to "0.283840179"
Evaluating: 66.0740394*(0.283840179-0.5)
 Parameter: XPOS <- "-14.2825525"
  
 CHARMM>            calc ypos = @B * ( ?random - 0.5 )
 Parameter: B -> "66.0740394"
 RDCMND substituted energy or value "?RANDOM" to "0.511343915"
Evaluating: 66.0740394*(0.511343915-0.5)
 Parameter: YPOS <- "0.749538287"
  
 CHARMM>            calc zpos = @C * ( ?random - 0.5 ) + @zcen
 Parameter: C -> "85"
 Parameter: ZCEN -> "0"
 RDCMND substituted energy or value "?RANDOM" to "0.398556956"
Evaluating: 85*(0.398556956-0.5)+0
 Parameter: ZPOS <- "-8.62265874"
  
 CHARMM>     
  
 CHARMM>            if zpos .gt. -15 if zpos .lt. 15 goto doinit
 Comparing "-8.62265874" and "-15".
 IF test evaluated as true.  Performing command
 Comparing "-8.62265874" and "15".
 IF test evaluated as true.  Performing command
  
 CHARMM>     
  
 CHARMM>            calc cntrand = @cntrand + 1
 Parameter: CNTRAND -> "6"
Evaluating: 6+1
 Parameter: CNTRAND <- "7"
  
 CHARMM>            if cntrand .gt. 100 stop ! ABNORMAL TERMINATION: ion placing may not work.. stop here
 Comparing "7" and "100".
 IF test evaluated as false.  Skipping command
  
 CHARMM>     
  
 CHARMM>            calc j = @i
 Parameter: I -> "38"
Evaluating: 38
 Parameter: J <- "38"
  
 CHARMM>            set ion = POS
 Parameter: ION <- "POS"
  
 CHARMM>     
  
 CHARMM>            if j .gt. @npos then
 Parameter: NPOS -> "36"
 Comparing "38" and "36".
 IF test evaluated as true.  Performing command
  
 CHARMM>               set ion = NEG
 Parameter: ION <- "NEG"
  
 CHARMM>               calc j  = @j - @npos
 Parameter: J -> "38"
 Parameter: NPOS -> "36"
Evaluating: 38-36
 Parameter: J <- "2"
  
 CHARMM>            endif
  
 CHARMM>     
  
 CHARMM>            define target select segid @ion .and. resid @j end
 Parameter: ION -> "NEG"
 Parameter: J -> "2"
 SELRPN>      1 atoms have been selected out of  17424
  
 CHARMM>     
  
 CHARMM>            calc xpos = @A * ( ?random - 0.5 )
 Parameter: A -> "66.0740394"
 RDCMND substituted energy or value "?RANDOM" to "0.302708638"
Evaluating: 66.0740394*(0.302708638-0.5)
 Parameter: XPOS <- "-13.0358372"
  
 CHARMM>            calc ypos = @B * ( ?random - 0.5 )
 Parameter: B -> "66.0740394"
 RDCMND substituted energy or value "?RANDOM" to "0.167687609"
Evaluating: 66.0740394*(0.167687609-0.5)
 Parameter: YPOS <- "-21.957222"
  
 CHARMM>            calc zpos = @C * ( ?random - 0.5 ) + @zcen
 Parameter: C -> "85"
 Parameter: ZCEN -> "0"
 RDCMND substituted energy or value "?RANDOM" to "1.988793147E-03"
Evaluating: 85*(1.988793147E-03-0.5)+0
 Parameter: ZPOS <- "-42.3309526"
  
 CHARMM>     
  
 CHARMM>            if zpos .gt. -15 if zpos .lt. 15 goto doinit
 Comparing "-42.3309526" and "-15".
 IF test evaluated as false.  Skipping command
  
 CHARMM>     
  
 CHARMM>            ! move target to selected position
  
 CHARMM>            coor stat select target end
 SELRPN>      1 atoms have been selected out of  17424
 STATISTICS FOR         1 SELECTED ATOMS:
    XMIN =  -23.289738 XMAX =  -23.289738 XAVE =  -23.289738
    YMIN =   28.348278 YMAX =   28.348278 YAVE =   28.348278
    ZMIN =  -17.868473 ZMAX =  -17.868473 ZAVE =  -17.868473
    WMIN =   -1.000000 WMAX =   -1.000000 WAVE =   -1.000000
  
 CHARMM>            calc xtran = @xpos - ?xave
 Parameter: XPOS -> "-13.0358372"
 RDCMND substituted energy or value "?XAVE" to "-23.2897382"
Evaluating: -13.0358372--23.2897382
 Parameter: XTRAN <- "10.253901"
  
 CHARMM>            calc ytran = @ypos - ?yave
 Parameter: YPOS -> "-21.957222"
 RDCMND substituted energy or value "?YAVE" to "28.3482783"
Evaluating: -21.957222-28.3482783
 Parameter: YTRAN <- "-50.3055003"
  
 CHARMM>            calc ztran = @zpos - ?zave
 Parameter: ZPOS -> "-42.3309526"
 RDCMND substituted energy or value "?ZAVE" to "-17.8684726"
Evaluating: -42.3309526--17.8684726
 Parameter: ZTRAN <- "-24.46248"
  
 CHARMM>            coor trans xdir @xtran ydir @ytran zdir @ztran select target end
 Parameter: XTRAN -> "10.253901"
 Parameter: YTRAN -> "-50.3055003"
 Parameter: ZTRAN -> "-24.46248"
 SELRPN>      1 atoms have been selected out of  17424
 TRANSLATION VECTOR    10.253901  -50.305500  -24.462480
 SELECTED COORDINATES TRANSLATED IN THE MAIN SET.

  
 CHARMM>     
  
 CHARMM>            ! apply a random rotation along XYZ
  
 CHARMM>            calc xphi = ?random * 360.0
 RDCMND substituted energy or value "?RANDOM" to "0.397399735"
Evaluating: 0.397399735*360.0
 Parameter: XPHI <- "143.063905"
  
 CHARMM>            calc yphi = ?random * 360.0
 RDCMND substituted energy or value "?RANDOM" to "0.642356965"
Evaluating: 0.642356965*360.0
 Parameter: YPHI <- "231.248507"
  
 CHARMM>            calc zphi = ?random * 360.0
 RDCMND substituted energy or value "?RANDOM" to "0.760045209"
Evaluating: 0.760045209*360.0
 Parameter: ZPHI <- "273.616275"
  
 CHARMM>            coor rotate xcen @xpos ycen @ypos zcen @zpos xdir 1.0 -
 CHARMM>                phi @xphi select target end
 Parameter: XPOS -> "-13.0358372"
 Parameter: YPOS -> "-21.957222"
 Parameter: ZPOS -> "-42.3309526"
 Parameter: XPHI -> "143.063905"
 SELRPN>      1 atoms have been selected out of  17424
 ROTATION MATRIX
    1.000000    0.000000    0.000000
    0.000000   -0.799306    0.600924
    0.000000   -0.600924   -0.799306

 AXIS OF ROTATION IS  1.000000  0.000000  0.000000  ANGLE IS  143.06

 SELECTED COORDINATES ROTATED IN THE MAIN SET.

  
 CHARMM>            coor rotate xcen @xpos ycen @ypos zcen @zpos ydir 1.0 -
 CHARMM>                phi @yphi select target end
 Parameter: XPOS -> "-13.0358372"
 Parameter: YPOS -> "-21.957222"
 Parameter: ZPOS -> "-42.3309526"
 Parameter: YPHI -> "231.248507"
 SELRPN>      1 atoms have been selected out of  17424
 ROTATION MATRIX
   -0.625944    0.000000    0.779868
    0.000000    1.000000    0.000000
   -0.779868    0.000000   -0.625944

 AXIS OF ROTATION IS  0.000000 -1.000000  0.000000  ANGLE IS  128.75

 SELECTED COORDINATES ROTATED IN THE MAIN SET.

  
 CHARMM>            coor rotate xcen @xpos ycen @ypos zcen @zpos zdir 1.0 -
 CHARMM>                phi @zphi select target end
 Parameter: XPOS -> "-13.0358372"
 Parameter: YPOS -> "-21.957222"
 Parameter: ZPOS -> "-42.3309526"
 Parameter: ZPHI -> "273.616275"
 SELRPN>      1 atoms have been selected out of  17424
 ROTATION MATRIX
    0.063074   -0.998009    0.000000
    0.998009    0.063074    0.000000
    0.000000    0.000000    1.000000

 AXIS OF ROTATION IS  0.000000  0.000000 -1.000000  ANGLE IS   86.38

 SELECTED COORDINATES ROTATED IN THE MAIN SET.

  
 CHARMM>     
  
 CHARMM>     
  
 CHARMM>            calc dcut = 3.5
Evaluating: 3.5
 Parameter: DCUT <- "3.5"
  
 CHARMM>     
  
 CHARMM>            coor stat sele target end
 SELRPN>      1 atoms have been selected out of  17424
 STATISTICS FOR         1 SELECTED ATOMS:
    XMIN =  -13.035837 XMAX =  -13.035837 XAVE =  -13.035837
    YMIN =  -21.957222 YMAX =  -21.957222 YAVE =  -21.957222
    ZMIN =  -42.330953 ZMAX =  -42.330953 ZAVE =  -42.330953
    WMIN =   -1.000000 WMAX =   -1.000000 WAVE =   -1.000000
  
 CHARMM>            calc xmax = ?xmax + @dcut
 Parameter: DCUT -> "3.5"
 RDCMND substituted energy or value "?XMAX" to "-13.0358372"
Evaluating: -13.0358372+3.5
 Parameter: XMAX <- "-9.5358372"
  
 CHARMM>            calc ymax = ?ymax + @dcut
 Parameter: DCUT -> "3.5"
 RDCMND substituted energy or value "?YMAX" to "-21.957222"
Evaluating: -21.957222+3.5
 Parameter: YMAX <- "-18.457222"
  
 CHARMM>            calc zmax = ?zmax + @dcut
 Parameter: DCUT -> "3.5"
 RDCMND substituted energy or value "?ZMAX" to "-42.3309526"
Evaluating: -42.3309526+3.5
 Parameter: ZMAX <- "-38.8309526"
  
 CHARMM>            calc xmin = ?xmin - @dcut
 Parameter: DCUT -> "3.5"
 RDCMND substituted energy or value "?XMIN" to "-13.0358372"
Evaluating: -13.0358372-3.5
 Parameter: XMIN <- "-16.5358372"
  
 CHARMM>            calc ymin = ?ymin - @dcut
 Parameter: DCUT -> "3.5"
 RDCMND substituted energy or value "?YMIN" to "-21.957222"
Evaluating: -21.957222-3.5
 Parameter: YMIN <- "-25.457222"
  
 CHARMM>            calc zmin = ?zmin - @dcut
 Parameter: DCUT -> "3.5"
 RDCMND substituted energy or value "?ZMIN" to "-42.3309526"
Evaluating: -42.3309526-3.5
 Parameter: ZMIN <- "-45.8309526"
  
 CHARMM>     
  
 CHARMM>            define JUNK sele .not. target .and. -
 CHARMM>                             prop X .lt. @xmax .and. prop X .gt. @xmin .and. -
 CHARMM>                             prop Y .lt. @ymax .and. prop Y .gt. @ymin .and. -
 CHARMM>                             prop Z .lt. @zmax .and. prop Z .gt. @zmin  end
 Parameter: XMAX -> "-9.5358372"
 Parameter: XMIN -> "-16.5358372"
 Parameter: YMAX -> "-18.457222"
 Parameter: YMIN -> "-25.457222"
 Parameter: ZMAX -> "-38.8309526"
 Parameter: ZMIN -> "-45.8309526"
 SELRPN>      0 atoms have been selected out of  17424
  
 CHARMM>     
  
 CHARMM>            ! check if the ions are too close to protein
  
 CHARMM>            define XXX sele PROT end
 SELRPN>    136 atoms have been selected out of  17424
  
 CHARMM>            if ?nsel .gt. 0 then
 RDCMND substituted energy or value "?NSEL" to "136"
 Comparing "136" and "0".
 IF test evaluated as true.  Performing command
  
 CHARMM>                coor dist cut 10.0 sele target end -
 CHARMM>                                   sele PROT .and. JUNK .and. .not. hydrogen end image
 SELRPN>      1 atoms have been selected out of  27773
 SELRPN>      0 atoms have been selected out of  27773

            DISTANCES FOR SELECTED ATOMS
            ONLY ONE SELECTION SET SPECIFIED, A COMPARISON WILL BE DONE
 TOTAL EXCLUSION COUNT =         0
 TOTAL 1-4 EXCLUSIONS  =         0
 TOTAL NON-EXCLUSIONS  =         0
  
 CHARMM>                if ?npair .gt. 0 goto doinit
 RDCMND substituted energy or value "?NPAIR" to "0"
 Comparing "0" and "0".
 IF test evaluated as false.  Skipping command
  
 CHARMM>            endif
  
 CHARMM>     
  
 CHARMM>            ! check if the ions are too close to solute
  
 CHARMM>            coor dist cut 4.0 sele target end sele JUNK .and. .not. hydrogen end image
 SELRPN>      1 atoms have been selected out of  27773
 SELRPN>      0 atoms have been selected out of  27773

            DISTANCES FOR SELECTED ATOMS
            ONLY ONE SELECTION SET SPECIFIED, A COMPARISON WILL BE DONE
 TOTAL EXCLUSION COUNT =         0
 TOTAL 1-4 EXCLUSIONS  =         0
 TOTAL NON-EXCLUSIONS  =         0
  
 CHARMM>            if ?npair .gt. 0 goto doinit
 RDCMND substituted energy or value "?NPAIR" to "0"
 Comparing "0" and "0".
 IF test evaluated as false.  Skipping command
  
 CHARMM>     
  
 CHARMM>            calc cntrand = 0
Evaluating: 0
 Parameter: CNTRAND <- "0"
  
 CHARMM>            increase i by 1
 Parameter: I <- "39"
  
 CHARMM>            if i .le. @nion goto doinit
 Parameter: NION -> "50"
 Comparing "39" and "50".
 IF test evaluated as true.  Performing command
  
 CHARMM>     
  
 CHARMM>            calc cntrand = @cntrand + 1
 Parameter: CNTRAND -> "0"
Evaluating: 0+1
 Parameter: CNTRAND <- "1"
  
 CHARMM>            if cntrand .gt. 100 stop ! ABNORMAL TERMINATION: ion placing may not work.. stop here
 Comparing "1" and "100".
 IF test evaluated as false.  Skipping command
  
 CHARMM>     
  
 CHARMM>            calc j = @i
 Parameter: I -> "39"
Evaluating: 39
 Parameter: J <- "39"
  
 CHARMM>            set ion = POS
 Parameter: ION <- "POS"
  
 CHARMM>     
  
 CHARMM>            if j .gt. @npos then
 Parameter: NPOS -> "36"
 Comparing "39" and "36".
 IF test evaluated as true.  Performing command
  
 CHARMM>               set ion = NEG
 Parameter: ION <- "NEG"
  
 CHARMM>               calc j  = @j - @npos
 Parameter: J -> "39"
 Parameter: NPOS -> "36"
Evaluating: 39-36
 Parameter: J <- "3"
  
 CHARMM>            endif
  
 CHARMM>     
  
 CHARMM>            define target select segid @ion .and. resid @j end
 Parameter: ION -> "NEG"
 Parameter: J -> "3"
 SELRPN>      1 atoms have been selected out of  17424
  
 CHARMM>     
  
 CHARMM>            calc xpos = @A * ( ?random - 0.5 )
 Parameter: A -> "66.0740394"
 RDCMND substituted energy or value "?RANDOM" to "0.315824419"
Evaluating: 66.0740394*(0.315824419-0.5)
 Parameter: XPOS <- "-12.1692246"
  
 CHARMM>            calc ypos = @B * ( ?random - 0.5 )
 Parameter: B -> "66.0740394"
 RDCMND substituted energy or value "?RANDOM" to "0.36586179"
Evaluating: 66.0740394*(0.36586179-0.5)
 Parameter: YPOS <- "-8.86305337"
  
 CHARMM>            calc zpos = @C * ( ?random - 0.5 ) + @zcen
 Parameter: C -> "85"
 Parameter: ZCEN -> "0"
 RDCMND substituted energy or value "?RANDOM" to "0.437884813"
Evaluating: 85*(0.437884813-0.5)+0
 Parameter: ZPOS <- "-5.2797909"
  
 CHARMM>     
  
 CHARMM>            if zpos .gt. -15 if zpos .lt. 15 goto doinit
 Comparing "-5.2797909" and "-15".
 IF test evaluated as true.  Performing command
 Comparing "-5.2797909" and "15".
 IF test evaluated as true.  Performing command
  
 CHARMM>     
  
 CHARMM>            calc cntrand = @cntrand + 1
 Parameter: CNTRAND -> "1"
Evaluating: 1+1
 Parameter: CNTRAND <- "2"
  
 CHARMM>            if cntrand .gt. 100 stop ! ABNORMAL TERMINATION: ion placing may not work.. stop here
 Comparing "2" and "100".
 IF test evaluated as false.  Skipping command
  
 CHARMM>     
  
 CHARMM>            calc j = @i
 Parameter: I -> "39"
Evaluating: 39
 Parameter: J <- "39"
  
 CHARMM>            set ion = POS
 Parameter: ION <- "POS"
  
 CHARMM>     
  
 CHARMM>            if j .gt. @npos then
 Parameter: NPOS -> "36"
 Comparing "39" and "36".
 IF test evaluated as true.  Performing command
  
 CHARMM>               set ion = NEG
 Parameter: ION <- "NEG"
  
 CHARMM>               calc j  = @j - @npos
 Parameter: J -> "39"
 Parameter: NPOS -> "36"
Evaluating: 39-36
 Parameter: J <- "3"
  
 CHARMM>            endif
  
 CHARMM>     
  
 CHARMM>            define target select segid @ion .and. resid @j end
 Parameter: ION -> "NEG"
 Parameter: J -> "3"
 SELRPN>      1 atoms have been selected out of  17424
  
 CHARMM>     
  
 CHARMM>            calc xpos = @A * ( ?random - 0.5 )
 Parameter: A -> "66.0740394"
 RDCMND substituted energy or value "?RANDOM" to "0.787605711"
Evaluating: 66.0740394*(0.787605711-0.5)
 Parameter: XPOS <- "19.0032711"
  
 CHARMM>            calc ypos = @B * ( ?random - 0.5 )
 Parameter: B -> "66.0740394"
 RDCMND substituted energy or value "?RANDOM" to "0.699074321"
Evaluating: 66.0740394*(0.699074321-0.5)
 Parameter: YPOS <- "13.1536445"
  
 CHARMM>            calc zpos = @C * ( ?random - 0.5 ) + @zcen
 Parameter: C -> "85"
 Parameter: ZCEN -> "0"
 RDCMND substituted energy or value "?RANDOM" to "0.386364257"
Evaluating: 85*(0.386364257-0.5)+0
 Parameter: ZPOS <- "-9.65903815"
  
 CHARMM>     
  
 CHARMM>            if zpos .gt. -15 if zpos .lt. 15 goto doinit
 Comparing "-9.65903815" and "-15".
 IF test evaluated as true.  Performing command
 Comparing "-9.65903815" and "15".
 IF test evaluated as true.  Performing command
  
 CHARMM>     
  
 CHARMM>            calc cntrand = @cntrand + 1
 Parameter: CNTRAND -> "2"
Evaluating: 2+1
 Parameter: CNTRAND <- "3"
  
 CHARMM>            if cntrand .gt. 100 stop ! ABNORMAL TERMINATION: ion placing may not work.. stop here
 Comparing "3" and "100".
 IF test evaluated as false.  Skipping command
  
 CHARMM>     
  
 CHARMM>            calc j = @i
 Parameter: I -> "39"
Evaluating: 39
 Parameter: J <- "39"
  
 CHARMM>            set ion = POS
 Parameter: ION <- "POS"
  
 CHARMM>     
  
 CHARMM>            if j .gt. @npos then
 Parameter: NPOS -> "36"
 Comparing "39" and "36".
 IF test evaluated as true.  Performing command
  
 CHARMM>               set ion = NEG
 Parameter: ION <- "NEG"
  
 CHARMM>               calc j  = @j - @npos
 Parameter: J -> "39"
 Parameter: NPOS -> "36"
Evaluating: 39-36
 Parameter: J <- "3"
  
 CHARMM>            endif
  
 CHARMM>     
  
 CHARMM>            define target select segid @ion .and. resid @j end
 Parameter: ION -> "NEG"
 Parameter: J -> "3"
 SELRPN>      1 atoms have been selected out of  17424
  
 CHARMM>     
  
 CHARMM>            calc xpos = @A * ( ?random - 0.5 )
 Parameter: A -> "66.0740394"
 RDCMND substituted energy or value "?RANDOM" to "0.843248181"
Evaluating: 66.0740394*(0.843248181-0.5)
 Parameter: XPOS <- "22.6797938"
  
 CHARMM>            calc ypos = @B * ( ?random - 0.5 )
 Parameter: B -> "66.0740394"
 RDCMND substituted energy or value "?RANDOM" to "0.814963363"
Evaluating: 66.0740394*(0.814963363-0.5)
 Parameter: YPOS <- "20.8109017"
  
 CHARMM>            calc zpos = @C * ( ?random - 0.5 ) + @zcen
 Parameter: C -> "85"
 Parameter: ZCEN -> "0"
 RDCMND substituted energy or value "?RANDOM" to "0.997905259"
Evaluating: 85*(0.997905259-0.5)+0
 Parameter: ZPOS <- "42.321947"
  
 CHARMM>     
  
 CHARMM>            if zpos .gt. -15 if zpos .lt. 15 goto doinit
 Comparing "42.321947" and "-15".
 IF test evaluated as true.  Performing command
 Comparing "42.321947" and "15".
 IF test evaluated as false.  Skipping command
  
 CHARMM>     
  
 CHARMM>            ! move target to selected position
  
 CHARMM>            coor stat select target end
 SELRPN>      1 atoms have been selected out of  17424
 STATISTICS FOR         1 SELECTED ATOMS:
    XMIN =    0.000000 XMAX =    0.000000 XAVE =    0.000000
    YMIN =    0.000000 YMAX =    0.000000 YAVE =    0.000000
    ZMIN =    0.000000 ZMAX =    0.000000 ZAVE =    0.000000
    WMIN =   -1.000000 WMAX =   -1.000000 WAVE =   -1.000000
  
 CHARMM>            calc xtran = @xpos - ?xave
 Parameter: XPOS -> "22.6797938"
 RDCMND substituted energy or value "?XAVE" to "0"
Evaluating: 22.6797938-0
 Parameter: XTRAN <- "22.6797938"
  
 CHARMM>            calc ytran = @ypos - ?yave
 Parameter: YPOS -> "20.8109017"
 RDCMND substituted energy or value "?YAVE" to "0"
Evaluating: 20.8109017-0
 Parameter: YTRAN <- "20.8109017"
  
 CHARMM>            calc ztran = @zpos - ?zave
 Parameter: ZPOS -> "42.321947"
 RDCMND substituted energy or value "?ZAVE" to "0"
Evaluating: 42.321947-0
 Parameter: ZTRAN <- "42.321947"
  
 CHARMM>            coor trans xdir @xtran ydir @ytran zdir @ztran select target end
 Parameter: XTRAN -> "22.6797938"
 Parameter: YTRAN -> "20.8109017"
 Parameter: ZTRAN -> "42.321947"
 SELRPN>      1 atoms have been selected out of  17424
 TRANSLATION VECTOR    22.679794   20.810902   42.321947
 SELECTED COORDINATES TRANSLATED IN THE MAIN SET.

  
 CHARMM>     
  
 CHARMM>            ! apply a random rotation along XYZ
  
 CHARMM>            calc xphi = ?random * 360.0
 RDCMND substituted energy or value "?RANDOM" to "0.215607203"
Evaluating: 0.215607203*360.0
 Parameter: XPHI <- "77.6185931"
  
 CHARMM>            calc yphi = ?random * 360.0
 RDCMND substituted energy or value "?RANDOM" to "0.761908579"
Evaluating: 0.761908579*360.0
 Parameter: YPHI <- "274.287088"
  
 CHARMM>            calc zphi = ?random * 360.0
 RDCMND substituted energy or value "?RANDOM" to "0.177710024"
Evaluating: 0.177710024*360.0
 Parameter: ZPHI <- "63.9756086"
  
 CHARMM>            coor rotate xcen @xpos ycen @ypos zcen @zpos xdir 1.0 -
 CHARMM>                phi @xphi select target end
 Parameter: XPOS -> "22.6797938"
 Parameter: YPOS -> "20.8109017"
 Parameter: ZPOS -> "42.321947"
 Parameter: XPHI -> "77.6185931"
 SELRPN>      1 atoms have been selected out of  17424
 ROTATION MATRIX
    1.000000    0.000000    0.000000
    0.000000    0.214418    0.976742
    0.000000   -0.976742    0.214418

 AXIS OF ROTATION IS  1.000000  0.000000  0.000000  ANGLE IS   77.62

 SELECTED COORDINATES ROTATED IN THE MAIN SET.

  
 CHARMM>            coor rotate xcen @xpos ycen @ypos zcen @zpos ydir 1.0 -
 CHARMM>                phi @yphi select target end
 Parameter: XPOS -> "22.6797938"
 Parameter: YPOS -> "20.8109017"
 Parameter: ZPOS -> "42.321947"
 Parameter: YPHI -> "274.287088"
 SELRPN>      1 atoms have been selected out of  17424
 ROTATION MATRIX
    0.074754    0.000000    0.997202
    0.000000    1.000000    0.000000
   -0.997202    0.000000    0.074754

 AXIS OF ROTATION IS  0.000000 -1.000000  0.000000  ANGLE IS   85.71

 SELECTED COORDINATES ROTATED IN THE MAIN SET.

  
 CHARMM>            coor rotate xcen @xpos ycen @ypos zcen @zpos zdir 1.0 -
 CHARMM>                phi @zphi select target end
 Parameter: XPOS -> "22.6797938"
 Parameter: YPOS -> "20.8109017"
 Parameter: ZPOS -> "42.321947"
 Parameter: ZPHI -> "63.9756086"
 SELRPN>      1 atoms have been selected out of  17424
 ROTATION MATRIX
    0.438754    0.898607    0.000000
   -0.898607    0.438754    0.000000
    0.000000    0.000000    1.000000

 AXIS OF ROTATION IS  0.000000  0.000000  1.000000  ANGLE IS   63.98

 SELECTED COORDINATES ROTATED IN THE MAIN SET.

  
 CHARMM>     
  
 CHARMM>     
  
 CHARMM>            calc dcut = 3.5
Evaluating: 3.5
 Parameter: DCUT <- "3.5"
  
 CHARMM>     
  
 CHARMM>            coor stat sele target end
 SELRPN>      1 atoms have been selected out of  17424
 STATISTICS FOR         1 SELECTED ATOMS:
    XMIN =   22.679794 XMAX =   22.679794 XAVE =   22.679794
    YMIN =   20.810902 YMAX =   20.810902 YAVE =   20.810902
    ZMIN =   42.321947 ZMAX =   42.321947 ZAVE =   42.321947
    WMIN =   -1.000000 WMAX =   -1.000000 WAVE =   -1.000000
  
 CHARMM>            calc xmax = ?xmax + @dcut
 Parameter: DCUT -> "3.5"
 RDCMND substituted energy or value "?XMAX" to "22.6797938"
Evaluating: 22.6797938+3.5
 Parameter: XMAX <- "26.1797938"
  
 CHARMM>            calc ymax = ?ymax + @dcut
 Parameter: DCUT -> "3.5"
 RDCMND substituted energy or value "?YMAX" to "20.8109017"
Evaluating: 20.8109017+3.5
 Parameter: YMAX <- "24.3109017"
  
 CHARMM>            calc zmax = ?zmax + @dcut
 Parameter: DCUT -> "3.5"
 RDCMND substituted energy or value "?ZMAX" to "42.321947"
Evaluating: 42.321947+3.5
 Parameter: ZMAX <- "45.821947"
  
 CHARMM>            calc xmin = ?xmin - @dcut
 Parameter: DCUT -> "3.5"
 RDCMND substituted energy or value "?XMIN" to "22.6797938"
Evaluating: 22.6797938-3.5
 Parameter: XMIN <- "19.1797938"
  
 CHARMM>            calc ymin = ?ymin - @dcut
 Parameter: DCUT -> "3.5"
 RDCMND substituted energy or value "?YMIN" to "20.8109017"
Evaluating: 20.8109017-3.5
 Parameter: YMIN <- "17.3109017"
  
 CHARMM>            calc zmin = ?zmin - @dcut
 Parameter: DCUT -> "3.5"
 RDCMND substituted energy or value "?ZMIN" to "42.321947"
Evaluating: 42.321947-3.5
 Parameter: ZMIN <- "38.821947"
  
 CHARMM>     
  
 CHARMM>            define JUNK sele .not. target .and. -
 CHARMM>                             prop X .lt. @xmax .and. prop X .gt. @xmin .and. -
 CHARMM>                             prop Y .lt. @ymax .and. prop Y .gt. @ymin .and. -
 CHARMM>                             prop Z .lt. @zmax .and. prop Z .gt. @zmin  end
 Parameter: XMAX -> "26.1797938"
 Parameter: XMIN -> "19.1797938"
 Parameter: YMAX -> "24.3109017"
 Parameter: YMIN -> "17.3109017"
 Parameter: ZMAX -> "45.821947"
 Parameter: ZMIN -> "38.821947"
 SELRPN>      0 atoms have been selected out of  17424
  
 CHARMM>     
  
 CHARMM>            ! check if the ions are too close to protein
  
 CHARMM>            define XXX sele PROT end
 SELRPN>    136 atoms have been selected out of  17424
  
 CHARMM>            if ?nsel .gt. 0 then
 RDCMND substituted energy or value "?NSEL" to "136"
 Comparing "136" and "0".
 IF test evaluated as true.  Performing command
  
 CHARMM>                coor dist cut 10.0 sele target end -
 CHARMM>                                   sele PROT .and. JUNK .and. .not. hydrogen end image
 SELRPN>      1 atoms have been selected out of  27773
 SELRPN>      0 atoms have been selected out of  27773

            DISTANCES FOR SELECTED ATOMS
            ONLY ONE SELECTION SET SPECIFIED, A COMPARISON WILL BE DONE
 TOTAL EXCLUSION COUNT =         0
 TOTAL 1-4 EXCLUSIONS  =         0
 TOTAL NON-EXCLUSIONS  =         0
  
 CHARMM>                if ?npair .gt. 0 goto doinit
 RDCMND substituted energy or value "?NPAIR" to "0"
 Comparing "0" and "0".
 IF test evaluated as false.  Skipping command
  
 CHARMM>            endif
  
 CHARMM>     
  
 CHARMM>            ! check if the ions are too close to solute
  
 CHARMM>            coor dist cut 4.0 sele target end sele JUNK .and. .not. hydrogen end image
 SELRPN>      1 atoms have been selected out of  27773
 SELRPN>      0 atoms have been selected out of  27773

            DISTANCES FOR SELECTED ATOMS
            ONLY ONE SELECTION SET SPECIFIED, A COMPARISON WILL BE DONE
 TOTAL EXCLUSION COUNT =         0
 TOTAL 1-4 EXCLUSIONS  =         0
 TOTAL NON-EXCLUSIONS  =         0
  
 CHARMM>            if ?npair .gt. 0 goto doinit
 RDCMND substituted energy or value "?NPAIR" to "0"
 Comparing "0" and "0".
 IF test evaluated as false.  Skipping command
  
 CHARMM>     
  
 CHARMM>            calc cntrand = 0
Evaluating: 0
 Parameter: CNTRAND <- "0"
  
 CHARMM>            increase i by 1
 Parameter: I <- "40"
  
 CHARMM>            if i .le. @nion goto doinit
 Parameter: NION -> "50"
 Comparing "40" and "50".
 IF test evaluated as true.  Performing command
  
 CHARMM>     
  
 CHARMM>            calc cntrand = @cntrand + 1
 Parameter: CNTRAND -> "0"
Evaluating: 0+1
 Parameter: CNTRAND <- "1"
  
 CHARMM>            if cntrand .gt. 100 stop ! ABNORMAL TERMINATION: ion placing may not work.. stop here
 Comparing "1" and "100".
 IF test evaluated as false.  Skipping command
  
 CHARMM>     
  
 CHARMM>            calc j = @i
 Parameter: I -> "40"
Evaluating: 40
 Parameter: J <- "40"
  
 CHARMM>            set ion = POS
 Parameter: ION <- "POS"
  
 CHARMM>     
  
 CHARMM>            if j .gt. @npos then
 Parameter: NPOS -> "36"
 Comparing "40" and "36".
 IF test evaluated as true.  Performing command
  
 CHARMM>               set ion = NEG
 Parameter: ION <- "NEG"
  
 CHARMM>               calc j  = @j - @npos
 Parameter: J -> "40"
 Parameter: NPOS -> "36"
Evaluating: 40-36
 Parameter: J <- "4"
  
 CHARMM>            endif
  
 CHARMM>     
  
 CHARMM>            define target select segid @ion .and. resid @j end
 Parameter: ION -> "NEG"
 Parameter: J -> "4"
 SELRPN>      1 atoms have been selected out of  17424
  
 CHARMM>     
  
 CHARMM>            calc xpos = @A * ( ?random - 0.5 )
 Parameter: A -> "66.0740394"
 RDCMND substituted energy or value "?RANDOM" to "0.390088401"
Evaluating: 66.0740394*(0.390088401-0.5)
 Parameter: XPOS <- "-7.26230332"
  
 CHARMM>            calc ypos = @B * ( ?random - 0.5 )
 Parameter: B -> "66.0740394"
 RDCMND substituted energy or value "?RANDOM" to "0.21357624"
Evaluating: 66.0740394*(0.21357624-0.5)
 Parameter: YPOS <- "-18.9251748"
  
 CHARMM>            calc zpos = @C * ( ?random - 0.5 ) + @zcen
 Parameter: C -> "85"
 Parameter: ZCEN -> "0"
 RDCMND substituted energy or value "?RANDOM" to "0.163965426"
Evaluating: 85*(0.163965426-0.5)+0
 Parameter: ZPOS <- "-28.5629388"
  
 CHARMM>     
  
 CHARMM>            if zpos .gt. -15 if zpos .lt. 15 goto doinit
 Comparing "-28.5629388" and "-15".
 IF test evaluated as false.  Skipping command
  
 CHARMM>     
  
 CHARMM>            ! move target to selected position
  
 CHARMM>            coor stat select target end
 SELRPN>      1 atoms have been selected out of  17424
 STATISTICS FOR         1 SELECTED ATOMS:
    XMIN =    0.000000 XMAX =    0.000000 XAVE =    0.000000
    YMIN =    0.000000 YMAX =    0.000000 YAVE =    0.000000
    ZMIN =    0.000000 ZMAX =    0.000000 ZAVE =    0.000000
    WMIN =   -1.000000 WMAX =   -1.000000 WAVE =   -1.000000
  
 CHARMM>            calc xtran = @xpos - ?xave
 Parameter: XPOS -> "-7.26230332"
 RDCMND substituted energy or value "?XAVE" to "0"
Evaluating: -7.26230332-0
 Parameter: XTRAN <- "-7.26230332"
  
 CHARMM>            calc ytran = @ypos - ?yave
 Parameter: YPOS -> "-18.9251748"
 RDCMND substituted energy or value "?YAVE" to "0"
Evaluating: -18.9251748-0
 Parameter: YTRAN <- "-18.9251748"
  
 CHARMM>            calc ztran = @zpos - ?zave
 Parameter: ZPOS -> "-28.5629388"
 RDCMND substituted energy or value "?ZAVE" to "0"
Evaluating: -28.5629388-0
 Parameter: ZTRAN <- "-28.5629388"
  
 CHARMM>            coor trans xdir @xtran ydir @ytran zdir @ztran select target end
 Parameter: XTRAN -> "-7.26230332"
 Parameter: YTRAN -> "-18.9251748"
 Parameter: ZTRAN -> "-28.5629388"
 SELRPN>      1 atoms have been selected out of  17424
 TRANSLATION VECTOR    -7.262303  -18.925175  -28.562939
 SELECTED COORDINATES TRANSLATED IN THE MAIN SET.

  
 CHARMM>     
  
 CHARMM>            ! apply a random rotation along XYZ
  
 CHARMM>            calc xphi = ?random * 360.0
 RDCMND substituted energy or value "?RANDOM" to "0.476596239"
Evaluating: 0.476596239*360.0
 Parameter: XPHI <- "171.574646"
  
 CHARMM>            calc yphi = ?random * 360.0
 RDCMND substituted energy or value "?RANDOM" to "0.225120615"
Evaluating: 0.225120615*360.0
 Parameter: YPHI <- "81.0434214"
  
 CHARMM>            calc zphi = ?random * 360.0
 RDCMND substituted energy or value "?RANDOM" to "0.159103044"
Evaluating: 0.159103044*360.0
 Parameter: ZPHI <- "57.2770958"
  
 CHARMM>            coor rotate xcen @xpos ycen @ypos zcen @zpos xdir 1.0 -
 CHARMM>                phi @xphi select target end
 Parameter: XPOS -> "-7.26230332"
 Parameter: YPOS -> "-18.9251748"
 Parameter: ZPOS -> "-28.5629388"
 Parameter: XPHI -> "171.574646"
 SELRPN>      1 atoms have been selected out of  17424
 ROTATION MATRIX
    1.000000    0.000000    0.000000
    0.000000   -0.989208    0.146521
    0.000000   -0.146521   -0.989208

 AXIS OF ROTATION IS  1.000000  0.000000  0.000000  ANGLE IS  171.57

 SELECTED COORDINATES ROTATED IN THE MAIN SET.

  
 CHARMM>            coor rotate xcen @xpos ycen @ypos zcen @zpos ydir 1.0 -
 CHARMM>                phi @yphi select target end
 Parameter: XPOS -> "-7.26230332"
 Parameter: YPOS -> "-18.9251748"
 Parameter: ZPOS -> "-28.5629388"
 Parameter: YPHI -> "81.0434214"
 SELRPN>      1 atoms have been selected out of  17424
 ROTATION MATRIX
    0.155686    0.000000   -0.987807
    0.000000    1.000000    0.000000
    0.987807    0.000000    0.155686

 AXIS OF ROTATION IS  0.000000  1.000000  0.000000  ANGLE IS   81.04

 SELECTED COORDINATES ROTATED IN THE MAIN SET.

  
 CHARMM>            coor rotate xcen @xpos ycen @ypos zcen @zpos zdir 1.0 -
 CHARMM>                phi @zphi select target end
 Parameter: XPOS -> "-7.26230332"
 Parameter: YPOS -> "-18.9251748"
 Parameter: ZPOS -> "-28.5629388"
 Parameter: ZPHI -> "57.2770958"
 SELRPN>      1 atoms have been selected out of  17424
 ROTATION MATRIX
    0.540577    0.841295    0.000000
   -0.841295    0.540577    0.000000
    0.000000    0.000000    1.000000

 AXIS OF ROTATION IS  0.000000  0.000000  1.000000  ANGLE IS   57.28

 SELECTED COORDINATES ROTATED IN THE MAIN SET.

  
 CHARMM>     
  
 CHARMM>     
  
 CHARMM>            calc dcut = 3.5
Evaluating: 3.5
 Parameter: DCUT <- "3.5"
  
 CHARMM>     
  
 CHARMM>            coor stat sele target end
 SELRPN>      1 atoms have been selected out of  17424
 STATISTICS FOR         1 SELECTED ATOMS:
    XMIN =   -7.262303 XMAX =   -7.262303 XAVE =   -7.262303
    YMIN =  -18.925175 YMAX =  -18.925175 YAVE =  -18.925175
    ZMIN =  -28.562939 ZMAX =  -28.562939 ZAVE =  -28.562939
    WMIN =   -1.000000 WMAX =   -1.000000 WAVE =   -1.000000
  
 CHARMM>            calc xmax = ?xmax + @dcut
 Parameter: DCUT -> "3.5"
 RDCMND substituted energy or value "?XMAX" to "-7.26230332"
Evaluating: -7.26230332+3.5
 Parameter: XMAX <- "-3.76230332"
  
 CHARMM>            calc ymax = ?ymax + @dcut
 Parameter: DCUT -> "3.5"
 RDCMND substituted energy or value "?YMAX" to "-18.9251748"
Evaluating: -18.9251748+3.5
 Parameter: YMAX <- "-15.4251748"
  
 CHARMM>            calc zmax = ?zmax + @dcut
 Parameter: DCUT -> "3.5"
 RDCMND substituted energy or value "?ZMAX" to "-28.5629388"
Evaluating: -28.5629388+3.5
 Parameter: ZMAX <- "-25.0629388"
  
 CHARMM>            calc xmin = ?xmin - @dcut
 Parameter: DCUT -> "3.5"
 RDCMND substituted energy or value "?XMIN" to "-7.26230332"
Evaluating: -7.26230332-3.5
 Parameter: XMIN <- "-10.7623033"
  
 CHARMM>            calc ymin = ?ymin - @dcut
 Parameter: DCUT -> "3.5"
 RDCMND substituted energy or value "?YMIN" to "-18.9251748"
Evaluating: -18.9251748-3.5
 Parameter: YMIN <- "-22.4251748"
  
 CHARMM>            calc zmin = ?zmin - @dcut
 Parameter: DCUT -> "3.5"
 RDCMND substituted energy or value "?ZMIN" to "-28.5629388"
Evaluating: -28.5629388-3.5
 Parameter: ZMIN <- "-32.0629388"
  
 CHARMM>     
  
 CHARMM>            define JUNK sele .not. target .and. -
 CHARMM>                             prop X .lt. @xmax .and. prop X .gt. @xmin .and. -
 CHARMM>                             prop Y .lt. @ymax .and. prop Y .gt. @ymin .and. -
 CHARMM>                             prop Z .lt. @zmax .and. prop Z .gt. @zmin  end
 Parameter: XMAX -> "-3.76230332"
 Parameter: XMIN -> "-10.7623033"
 Parameter: YMAX -> "-15.4251748"
 Parameter: YMIN -> "-22.4251748"
 Parameter: ZMAX -> "-25.0629388"
 Parameter: ZMIN -> "-32.0629388"
 SELRPN>      0 atoms have been selected out of  17424
  
 CHARMM>     
  
 CHARMM>            ! check if the ions are too close to protein
  
 CHARMM>            define XXX sele PROT end
 SELRPN>    136 atoms have been selected out of  17424
  
 CHARMM>            if ?nsel .gt. 0 then
 RDCMND substituted energy or value "?NSEL" to "136"
 Comparing "136" and "0".
 IF test evaluated as true.  Performing command
  
 CHARMM>                coor dist cut 10.0 sele target end -
 CHARMM>                                   sele PROT .and. JUNK .and. .not. hydrogen end image
 SELRPN>      1 atoms have been selected out of  27773
 SELRPN>      0 atoms have been selected out of  27773

            DISTANCES FOR SELECTED ATOMS
            ONLY ONE SELECTION SET SPECIFIED, A COMPARISON WILL BE DONE
 TOTAL EXCLUSION COUNT =         0
 TOTAL 1-4 EXCLUSIONS  =         0
 TOTAL NON-EXCLUSIONS  =         0
  
 CHARMM>                if ?npair .gt. 0 goto doinit
 RDCMND substituted energy or value "?NPAIR" to "0"
 Comparing "0" and "0".
 IF test evaluated as false.  Skipping command
  
 CHARMM>            endif
  
 CHARMM>     
  
 CHARMM>            ! check if the ions are too close to solute
  
 CHARMM>            coor dist cut 4.0 sele target end sele JUNK .and. .not. hydrogen end image
 SELRPN>      1 atoms have been selected out of  27773
 SELRPN>      0 atoms have been selected out of  27773

            DISTANCES FOR SELECTED ATOMS
            ONLY ONE SELECTION SET SPECIFIED, A COMPARISON WILL BE DONE
 TOTAL EXCLUSION COUNT =         0
 TOTAL 1-4 EXCLUSIONS  =         0
 TOTAL NON-EXCLUSIONS  =         0
  
 CHARMM>            if ?npair .gt. 0 goto doinit
 RDCMND substituted energy or value "?NPAIR" to "0"
 Comparing "0" and "0".
 IF test evaluated as false.  Skipping command
  
 CHARMM>     
  
 CHARMM>            calc cntrand = 0
Evaluating: 0
 Parameter: CNTRAND <- "0"
  
 CHARMM>            increase i by 1
 Parameter: I <- "41"
  
 CHARMM>            if i .le. @nion goto doinit
 Parameter: NION -> "50"
 Comparing "41" and "50".
 IF test evaluated as true.  Performing command
  
 CHARMM>     
  
 CHARMM>            calc cntrand = @cntrand + 1
 Parameter: CNTRAND -> "0"
Evaluating: 0+1
 Parameter: CNTRAND <- "1"
  
 CHARMM>            if cntrand .gt. 100 stop ! ABNORMAL TERMINATION: ion placing may not work.. stop here
 Comparing "1" and "100".
 IF test evaluated as false.  Skipping command
  
 CHARMM>     
  
 CHARMM>            calc j = @i
 Parameter: I -> "41"
Evaluating: 41
 Parameter: J <- "41"
  
 CHARMM>            set ion = POS
 Parameter: ION <- "POS"
  
 CHARMM>     
  
 CHARMM>            if j .gt. @npos then
 Parameter: NPOS -> "36"
 Comparing "41" and "36".
 IF test evaluated as true.  Performing command
  
 CHARMM>               set ion = NEG
 Parameter: ION <- "NEG"
  
 CHARMM>               calc j  = @j - @npos
 Parameter: J -> "41"
 Parameter: NPOS -> "36"
Evaluating: 41-36
 Parameter: J <- "5"
  
 CHARMM>            endif
  
 CHARMM>     
  
 CHARMM>            define target select segid @ion .and. resid @j end
 Parameter: ION -> "NEG"
 Parameter: J -> "5"
 SELRPN>      1 atoms have been selected out of  17424
  
 CHARMM>     
  
 CHARMM>            calc xpos = @A * ( ?random - 0.5 )
 Parameter: A -> "66.0740394"
 RDCMND substituted energy or value "?RANDOM" to "0.169913123"
Evaluating: 66.0740394*(0.169913123-0.5)
 Parameter: XPOS <- "-21.8101733"
  
 CHARMM>            calc ypos = @B * ( ?random - 0.5 )
 Parameter: B -> "66.0740394"
 RDCMND substituted energy or value "?RANDOM" to "0.310118881"
Evaluating: 66.0740394*(0.310118881-0.5)
 Parameter: YPOS <- "-12.5462125"
  
 CHARMM>            calc zpos = @C * ( ?random - 0.5 ) + @zcen
 Parameter: C -> "85"
 Parameter: ZCEN -> "0"
 RDCMND substituted energy or value "?RANDOM" to "0.706434877"
Evaluating: 85*(0.706434877-0.5)+0
 Parameter: ZPOS <- "17.5469645"
  
 CHARMM>     
  
 CHARMM>            if zpos .gt. -15 if zpos .lt. 15 goto doinit
 Comparing "17.5469645" and "-15".
 IF test evaluated as true.  Performing command
 Comparing "17.5469645" and "15".
 IF test evaluated as false.  Skipping command
  
 CHARMM>     
  
 CHARMM>            ! move target to selected position
  
 CHARMM>            coor stat select target end
 SELRPN>      1 atoms have been selected out of  17424
 STATISTICS FOR         1 SELECTED ATOMS:
    XMIN =    0.000000 XMAX =    0.000000 XAVE =    0.000000
    YMIN =    0.000000 YMAX =    0.000000 YAVE =    0.000000
    ZMIN =    0.000000 ZMAX =    0.000000 ZAVE =    0.000000
    WMIN =   -1.000000 WMAX =   -1.000000 WAVE =   -1.000000
  
 CHARMM>            calc xtran = @xpos - ?xave
 Parameter: XPOS -> "-21.8101733"
 RDCMND substituted energy or value "?XAVE" to "0"
Evaluating: -21.8101733-0
 Parameter: XTRAN <- "-21.8101733"
  
 CHARMM>            calc ytran = @ypos - ?yave
 Parameter: YPOS -> "-12.5462125"
 RDCMND substituted energy or value "?YAVE" to "0"
Evaluating: -12.5462125-0
 Parameter: YTRAN <- "-12.5462125"
  
 CHARMM>            calc ztran = @zpos - ?zave
 Parameter: ZPOS -> "17.5469645"
 RDCMND substituted energy or value "?ZAVE" to "0"
Evaluating: 17.5469645-0
 Parameter: ZTRAN <- "17.5469645"
  
 CHARMM>            coor trans xdir @xtran ydir @ytran zdir @ztran select target end
 Parameter: XTRAN -> "-21.8101733"
 Parameter: YTRAN -> "-12.5462125"
 Parameter: ZTRAN -> "17.5469645"
 SELRPN>      1 atoms have been selected out of  17424
 TRANSLATION VECTOR   -21.810173  -12.546212   17.546965
 SELECTED COORDINATES TRANSLATED IN THE MAIN SET.

  
 CHARMM>     
  
 CHARMM>            ! apply a random rotation along XYZ
  
 CHARMM>            calc xphi = ?random * 360.0
 RDCMND substituted energy or value "?RANDOM" to "4.678996134E-02"
Evaluating: 4.678996134E-02*360.0
 Parameter: XPHI <- "16.8443861"
  
 CHARMM>            calc yphi = ?random * 360.0
 RDCMND substituted energy or value "?RANDOM" to "0.32134768"
Evaluating: 0.32134768*360.0
 Parameter: YPHI <- "115.685165"
  
 CHARMM>            calc zphi = ?random * 360.0
 RDCMND substituted energy or value "?RANDOM" to "8.53515127E-02"
Evaluating: 8.53515127E-02*360.0
 Parameter: ZPHI <- "30.7265446"
  
 CHARMM>            coor rotate xcen @xpos ycen @ypos zcen @zpos xdir 1.0 -
 CHARMM>                phi @xphi select target end
 Parameter: XPOS -> "-21.8101733"
 Parameter: YPOS -> "-12.5462125"
 Parameter: ZPOS -> "17.5469645"
 Parameter: XPHI -> "16.8443861"
 SELRPN>      1 atoms have been selected out of  17424
 ROTATION MATRIX
    1.000000    0.000000    0.000000
    0.000000    0.957095    0.289773
    0.000000   -0.289773    0.957095

 AXIS OF ROTATION IS  1.000000  0.000000  0.000000  ANGLE IS   16.84

 SELECTED COORDINATES ROTATED IN THE MAIN SET.

  
 CHARMM>            coor rotate xcen @xpos ycen @ypos zcen @zpos ydir 1.0 -
 CHARMM>                phi @yphi select target end
 Parameter: XPOS -> "-21.8101733"
 Parameter: YPOS -> "-12.5462125"
 Parameter: ZPOS -> "17.5469645"
 Parameter: YPHI -> "115.685165"
 SELRPN>      1 atoms have been selected out of  17424
 ROTATION MATRIX
   -0.433426    0.000000   -0.901189
    0.000000    1.000000    0.000000
    0.901189    0.000000   -0.433426

 AXIS OF ROTATION IS  0.000000  1.000000  0.000000  ANGLE IS  115.69

 SELECTED COORDINATES ROTATED IN THE MAIN SET.

  
 CHARMM>            coor rotate xcen @xpos ycen @ypos zcen @zpos zdir 1.0 -
 CHARMM>                phi @zphi select target end
 Parameter: XPOS -> "-21.8101733"
 Parameter: YPOS -> "-12.5462125"
 Parameter: ZPOS -> "17.5469645"
 Parameter: ZPHI -> "30.7265446"
 SELRPN>      1 atoms have been selected out of  17424
 ROTATION MATRIX
    0.859616    0.510941    0.000000
   -0.510941    0.859616    0.000000
    0.000000    0.000000    1.000000

 AXIS OF ROTATION IS  0.000000  0.000000  1.000000  ANGLE IS   30.73

 SELECTED COORDINATES ROTATED IN THE MAIN SET.

  
 CHARMM>     
  
 CHARMM>     
  
 CHARMM>            calc dcut = 3.5
Evaluating: 3.5
 Parameter: DCUT <- "3.5"
  
 CHARMM>     
  
 CHARMM>            coor stat sele target end
 SELRPN>      1 atoms have been selected out of  17424
 STATISTICS FOR         1 SELECTED ATOMS:
    XMIN =  -21.810173 XMAX =  -21.810173 XAVE =  -21.810173
    YMIN =  -12.546212 YMAX =  -12.546212 YAVE =  -12.546212
    ZMIN =   17.546965 ZMAX =   17.546965 ZAVE =   17.546965
    WMIN =   -1.000000 WMAX =   -1.000000 WAVE =   -1.000000
  
 CHARMM>            calc xmax = ?xmax + @dcut
 Parameter: DCUT -> "3.5"
 RDCMND substituted energy or value "?XMAX" to "-21.8101733"
Evaluating: -21.8101733+3.5
 Parameter: XMAX <- "-18.3101733"
  
 CHARMM>            calc ymax = ?ymax + @dcut
 Parameter: DCUT -> "3.5"
 RDCMND substituted energy or value "?YMAX" to "-12.5462125"
Evaluating: -12.5462125+3.5
 Parameter: YMAX <- "-9.0462125"
  
 CHARMM>            calc zmax = ?zmax + @dcut
 Parameter: DCUT -> "3.5"
 RDCMND substituted energy or value "?ZMAX" to "17.5469645"
Evaluating: 17.5469645+3.5
 Parameter: ZMAX <- "21.0469645"
  
 CHARMM>            calc xmin = ?xmin - @dcut
 Parameter: DCUT -> "3.5"
 RDCMND substituted energy or value "?XMIN" to "-21.8101733"
Evaluating: -21.8101733-3.5
 Parameter: XMIN <- "-25.3101733"
  
 CHARMM>            calc ymin = ?ymin - @dcut
 Parameter: DCUT -> "3.5"
 RDCMND substituted energy or value "?YMIN" to "-12.5462125"
Evaluating: -12.5462125-3.5
 Parameter: YMIN <- "-16.0462125"
  
 CHARMM>            calc zmin = ?zmin - @dcut
 Parameter: DCUT -> "3.5"
 RDCMND substituted energy or value "?ZMIN" to "17.5469645"
Evaluating: 17.5469645-3.5
 Parameter: ZMIN <- "14.0469645"
  
 CHARMM>     
  
 CHARMM>            define JUNK sele .not. target .and. -
 CHARMM>                             prop X .lt. @xmax .and. prop X .gt. @xmin .and. -
 CHARMM>                             prop Y .lt. @ymax .and. prop Y .gt. @ymin .and. -
 CHARMM>                             prop Z .lt. @zmax .and. prop Z .gt. @zmin  end
 Parameter: XMAX -> "-18.3101733"
 Parameter: XMIN -> "-25.3101733"
 Parameter: YMAX -> "-9.0462125"
 Parameter: YMIN -> "-16.0462125"
 Parameter: ZMAX -> "21.0469645"
 Parameter: ZMIN -> "14.0469645"
 SELRPN>     25 atoms have been selected out of  17424
  
 CHARMM>     
  
 CHARMM>            ! check if the ions are too close to protein
  
 CHARMM>            define XXX sele PROT end
 SELRPN>    136 atoms have been selected out of  17424
  
 CHARMM>            if ?nsel .gt. 0 then
 RDCMND substituted energy or value "?NSEL" to "136"
 Comparing "136" and "0".
 IF test evaluated as true.  Performing command
  
 CHARMM>                coor dist cut 10.0 sele target end -
 CHARMM>                                   sele PROT .and. JUNK .and. .not. hydrogen end image
 SELRPN>      1 atoms have been selected out of  27773
 SELRPN>      0 atoms have been selected out of  27773

            DISTANCES FOR SELECTED ATOMS
            ONLY ONE SELECTION SET SPECIFIED, A COMPARISON WILL BE DONE
 TOTAL EXCLUSION COUNT =         0
 TOTAL 1-4 EXCLUSIONS  =         0
 TOTAL NON-EXCLUSIONS  =         0
  
 CHARMM>                if ?npair .gt. 0 goto doinit
 RDCMND substituted energy or value "?NPAIR" to "0"
 Comparing "0" and "0".
 IF test evaluated as false.  Skipping command
  
 CHARMM>            endif
  
 CHARMM>     
  
 CHARMM>            ! check if the ions are too close to solute
  
 CHARMM>            coor dist cut 4.0 sele target end sele JUNK .and. .not. hydrogen end image
 SELRPN>      1 atoms have been selected out of  27773
 SELRPN>     10 atoms have been selected out of  27773

            DISTANCES FOR SELECTED ATOMS
17415 NEG      CLA      5        CLA     -3184 MEMB     POPS     24       N             3.7797
17415 NEG      CLA      5        CLA     -3199 MEMB     POPS     24       O12           3.8328
17415 NEG      CLA      5        CLA     -5062 MEMB     POPC     38       O11           3.4221
17415 NEG      CLA      5        CLA     -5063 MEMB     POPC     38       C1            2.8504
17415 NEG      CLA      5        CLA     -5066 MEMB     POPC     38       C2            3.3912
17415 NEG      CLA      5        CLA     -5074 MEMB     POPC     38       C3            3.3001
17415 NEG      CLA      5        CLA     -5974 MEMB     POPC     45       C13           3.6412
17415 NEG      CLA      5        CLA     -6001 MEMB     POPC     45       O22           3.8319
 TOTAL EXCLUSION COUNT =         0
 TOTAL 1-4 EXCLUSIONS  =         0
 TOTAL NON-EXCLUSIONS  =         8
  
 CHARMM>            if ?npair .gt. 0 goto doinit
 RDCMND substituted energy or value "?NPAIR" to "8"
 Comparing "8" and "0".
 IF test evaluated as true.  Performing command
  
 CHARMM>     
  
 CHARMM>            calc cntrand = @cntrand + 1
 Parameter: CNTRAND -> "1"
Evaluating: 1+1
 Parameter: CNTRAND <- "2"
  
 CHARMM>            if cntrand .gt. 100 stop ! ABNORMAL TERMINATION: ion placing may not work.. stop here
 Comparing "2" and "100".
 IF test evaluated as false.  Skipping command
  
 CHARMM>     
  
 CHARMM>            calc j = @i
 Parameter: I -> "41"
Evaluating: 41
 Parameter: J <- "41"
  
 CHARMM>            set ion = POS
 Parameter: ION <- "POS"
  
 CHARMM>     
  
 CHARMM>            if j .gt. @npos then
 Parameter: NPOS -> "36"
 Comparing "41" and "36".
 IF test evaluated as true.  Performing command
  
 CHARMM>               set ion = NEG
 Parameter: ION <- "NEG"
  
 CHARMM>               calc j  = @j - @npos
 Parameter: J -> "41"
 Parameter: NPOS -> "36"
Evaluating: 41-36
 Parameter: J <- "5"
  
 CHARMM>            endif
  
 CHARMM>     
  
 CHARMM>            define target select segid @ion .and. resid @j end
 Parameter: ION -> "NEG"
 Parameter: J -> "5"
 SELRPN>      1 atoms have been selected out of  17424
  
 CHARMM>     
  
 CHARMM>            calc xpos = @A * ( ?random - 0.5 )
 Parameter: A -> "66.0740394"
 RDCMND substituted energy or value "?RANDOM" to "0.762863801"
Evaluating: 66.0740394*(0.762863801-0.5)
 Parameter: XPOS <- "17.3684731"
  
 CHARMM>            calc ypos = @B * ( ?random - 0.5 )
 Parameter: B -> "66.0740394"
 RDCMND substituted energy or value "?RANDOM" to "0.702998351"
Evaluating: 66.0740394*(0.702998351-0.5)
 Parameter: YPOS <- "13.412921"
  
 CHARMM>            calc zpos = @C * ( ?random - 0.5 ) + @zcen
 Parameter: C -> "85"
 Parameter: ZCEN -> "0"
 RDCMND substituted energy or value "?RANDOM" to "0.966042951"
Evaluating: 85*(0.966042951-0.5)+0
 Parameter: ZPOS <- "39.6136508"
  
 CHARMM>     
  
 CHARMM>            if zpos .gt. -15 if zpos .lt. 15 goto doinit
 Comparing "39.6136508" and "-15".
 IF test evaluated as true.  Performing command
 Comparing "39.6136508" and "15".
 IF test evaluated as false.  Skipping command
  
 CHARMM>     
  
 CHARMM>            ! move target to selected position
  
 CHARMM>            coor stat select target end
 SELRPN>      1 atoms have been selected out of  17424
 STATISTICS FOR         1 SELECTED ATOMS:
    XMIN =  -21.810173 XMAX =  -21.810173 XAVE =  -21.810173
    YMIN =  -12.546212 YMAX =  -12.546212 YAVE =  -12.546212
    ZMIN =   17.546965 ZMAX =   17.546965 ZAVE =   17.546965
    WMIN =   -1.000000 WMAX =   -1.000000 WAVE =   -1.000000
  
 CHARMM>            calc xtran = @xpos - ?xave
 Parameter: XPOS -> "17.3684731"
 RDCMND substituted energy or value "?XAVE" to "-21.8101733"
Evaluating: 17.3684731--21.8101733
 Parameter: XTRAN <- "39.1786464"
  
 CHARMM>            calc ytran = @ypos - ?yave
 Parameter: YPOS -> "13.412921"
 RDCMND substituted energy or value "?YAVE" to "-12.5462125"
Evaluating: 13.412921--12.5462125
 Parameter: YTRAN <- "25.9591335"
  
 CHARMM>            calc ztran = @zpos - ?zave
 Parameter: ZPOS -> "39.6136508"
 RDCMND substituted energy or value "?ZAVE" to "17.5469645"
Evaluating: 39.6136508-17.5469645
 Parameter: ZTRAN <- "22.0666863"
  
 CHARMM>            coor trans xdir @xtran ydir @ytran zdir @ztran select target end
 Parameter: XTRAN -> "39.1786464"
 Parameter: YTRAN -> "25.9591335"
 Parameter: ZTRAN -> "22.0666863"
 SELRPN>      1 atoms have been selected out of  17424
 TRANSLATION VECTOR    39.178646   25.959134   22.066686
 SELECTED COORDINATES TRANSLATED IN THE MAIN SET.

  
 CHARMM>     
  
 CHARMM>            ! apply a random rotation along XYZ
  
 CHARMM>            calc xphi = ?random * 360.0
 RDCMND substituted energy or value "?RANDOM" to "0.29564293"
Evaluating: 0.29564293*360.0
 Parameter: XPHI <- "106.431455"
  
 CHARMM>            calc yphi = ?random * 360.0
 RDCMND substituted energy or value "?RANDOM" to "0.495197932"
Evaluating: 0.495197932*360.0
 Parameter: YPHI <- "178.271256"
  
 CHARMM>            calc zphi = ?random * 360.0
 RDCMND substituted energy or value "?RANDOM" to "0.350426048"
Evaluating: 0.350426048*360.0
 Parameter: ZPHI <- "126.153377"
  
 CHARMM>            coor rotate xcen @xpos ycen @ypos zcen @zpos xdir 1.0 -
 CHARMM>                phi @xphi select target end
 Parameter: XPOS -> "17.3684731"
 Parameter: YPOS -> "13.412921"
 Parameter: ZPOS -> "39.6136508"
 Parameter: XPHI -> "106.431455"
 SELRPN>      1 atoms have been selected out of  17424
 ROTATION MATRIX
    1.000000    0.000000    0.000000
    0.000000   -0.282868    0.959159
    0.000000   -0.959159   -0.282868

 AXIS OF ROTATION IS  1.000000  0.000000  0.000000  ANGLE IS  106.43

 SELECTED COORDINATES ROTATED IN THE MAIN SET.

  
 CHARMM>            coor rotate xcen @xpos ycen @ypos zcen @zpos ydir 1.0 -
 CHARMM>                phi @yphi select target end
 Parameter: XPOS -> "17.3684731"
 Parameter: YPOS -> "13.412921"
 Parameter: ZPOS -> "39.6136508"
 Parameter: YPHI -> "178.271256"
 SELRPN>      1 atoms have been selected out of  17424
 ROTATION MATRIX
   -0.999545    0.000000   -0.030168
    0.000000    1.000000    0.000000
    0.030168    0.000000   -0.999545

 AXIS OF ROTATION IS  0.000000  1.000000  0.000000  ANGLE IS  178.27

 SELECTED COORDINATES ROTATED IN THE MAIN SET.

  
 CHARMM>            coor rotate xcen @xpos ycen @ypos zcen @zpos zdir 1.0 -
 CHARMM>                phi @zphi select target end
 Parameter: XPOS -> "17.3684731"
 Parameter: YPOS -> "13.412921"
 Parameter: ZPOS -> "39.6136508"
 Parameter: ZPHI -> "126.153377"
 SELRPN>      1 atoms have been selected out of  17424
 ROTATION MATRIX
   -0.589949    0.807441    0.000000
   -0.807441   -0.589949    0.000000
    0.000000    0.000000    1.000000

 AXIS OF ROTATION IS  0.000000  0.000000  1.000000  ANGLE IS  126.15

 SELECTED COORDINATES ROTATED IN THE MAIN SET.

  
 CHARMM>     
  
 CHARMM>     
  
 CHARMM>            calc dcut = 3.5
Evaluating: 3.5
 Parameter: DCUT <- "3.5"
  
 CHARMM>     
  
 CHARMM>            coor stat sele target end
 SELRPN>      1 atoms have been selected out of  17424
 STATISTICS FOR         1 SELECTED ATOMS:
    XMIN =   17.368473 XMAX =   17.368473 XAVE =   17.368473
    YMIN =   13.412921 YMAX =   13.412921 YAVE =   13.412921
    ZMIN =   39.613651 ZMAX =   39.613651 ZAVE =   39.613651
    WMIN =   -1.000000 WMAX =   -1.000000 WAVE =   -1.000000
  
 CHARMM>            calc xmax = ?xmax + @dcut
 Parameter: DCUT -> "3.5"
 RDCMND substituted energy or value "?XMAX" to "17.3684731"
Evaluating: 17.3684731+3.5
 Parameter: XMAX <- "20.8684731"
  
 CHARMM>            calc ymax = ?ymax + @dcut
 Parameter: DCUT -> "3.5"
 RDCMND substituted energy or value "?YMAX" to "13.412921"
Evaluating: 13.412921+3.5
 Parameter: YMAX <- "16.912921"
  
 CHARMM>            calc zmax = ?zmax + @dcut
 Parameter: DCUT -> "3.5"
 RDCMND substituted energy or value "?ZMAX" to "39.6136508"
Evaluating: 39.6136508+3.5
 Parameter: ZMAX <- "43.1136508"
  
 CHARMM>            calc xmin = ?xmin - @dcut
 Parameter: DCUT -> "3.5"
 RDCMND substituted energy or value "?XMIN" to "17.3684731"
Evaluating: 17.3684731-3.5
 Parameter: XMIN <- "13.8684731"
  
 CHARMM>            calc ymin = ?ymin - @dcut
 Parameter: DCUT -> "3.5"
 RDCMND substituted energy or value "?YMIN" to "13.412921"
Evaluating: 13.412921-3.5
 Parameter: YMIN <- "9.912921"
  
 CHARMM>            calc zmin = ?zmin - @dcut
 Parameter: DCUT -> "3.5"
 RDCMND substituted energy or value "?ZMIN" to "39.6136508"
Evaluating: 39.6136508-3.5
 Parameter: ZMIN <- "36.1136508"
  
 CHARMM>     
  
 CHARMM>            define JUNK sele .not. target .and. -
 CHARMM>                             prop X .lt. @xmax .and. prop X .gt. @xmin .and. -
 CHARMM>                             prop Y .lt. @ymax .and. prop Y .gt. @ymin .and. -
 CHARMM>                             prop Z .lt. @zmax .and. prop Z .gt. @zmin  end
 Parameter: XMAX -> "20.8684731"
 Parameter: XMIN -> "13.8684731"
 Parameter: YMAX -> "16.912921"
 Parameter: YMIN -> "9.912921"
 Parameter: ZMAX -> "43.1136508"
 Parameter: ZMIN -> "36.1136508"
 SELRPN>      0 atoms have been selected out of  17424
  
 CHARMM>     
  
 CHARMM>            ! check if the ions are too close to protein
  
 CHARMM>            define XXX sele PROT end
 SELRPN>    136 atoms have been selected out of  17424
  
 CHARMM>            if ?nsel .gt. 0 then
 RDCMND substituted energy or value "?NSEL" to "136"
 Comparing "136" and "0".
 IF test evaluated as true.  Performing command
  
 CHARMM>                coor dist cut 10.0 sele target end -
 CHARMM>                                   sele PROT .and. JUNK .and. .not. hydrogen end image
 SELRPN>      1 atoms have been selected out of  27773
 SELRPN>      0 atoms have been selected out of  27773

            DISTANCES FOR SELECTED ATOMS
            ONLY ONE SELECTION SET SPECIFIED, A COMPARISON WILL BE DONE
 TOTAL EXCLUSION COUNT =         0
 TOTAL 1-4 EXCLUSIONS  =         0
 TOTAL NON-EXCLUSIONS  =         0
  
 CHARMM>                if ?npair .gt. 0 goto doinit
 RDCMND substituted energy or value "?NPAIR" to "0"
 Comparing "0" and "0".
 IF test evaluated as false.  Skipping command
  
 CHARMM>            endif
  
 CHARMM>     
  
 CHARMM>            ! check if the ions are too close to solute
  
 CHARMM>            coor dist cut 4.0 sele target end sele JUNK .and. .not. hydrogen end image
 SELRPN>      1 atoms have been selected out of  27773
 SELRPN>      0 atoms have been selected out of  27773

            DISTANCES FOR SELECTED ATOMS
            ONLY ONE SELECTION SET SPECIFIED, A COMPARISON WILL BE DONE
 TOTAL EXCLUSION COUNT =         0
 TOTAL 1-4 EXCLUSIONS  =         0
 TOTAL NON-EXCLUSIONS  =         0
  
 CHARMM>            if ?npair .gt. 0 goto doinit
 RDCMND substituted energy or value "?NPAIR" to "0"
 Comparing "0" and "0".
 IF test evaluated as false.  Skipping command
  
 CHARMM>     
  
 CHARMM>            calc cntrand = 0
Evaluating: 0
 Parameter: CNTRAND <- "0"
  
 CHARMM>            increase i by 1
 Parameter: I <- "42"
  
 CHARMM>            if i .le. @nion goto doinit
 Parameter: NION -> "50"
 Comparing "42" and "50".
 IF test evaluated as true.  Performing command
  
 CHARMM>     
  
 CHARMM>            calc cntrand = @cntrand + 1
 Parameter: CNTRAND -> "0"
Evaluating: 0+1
 Parameter: CNTRAND <- "1"
  
 CHARMM>            if cntrand .gt. 100 stop ! ABNORMAL TERMINATION: ion placing may not work.. stop here
 Comparing "1" and "100".
 IF test evaluated as false.  Skipping command
  
 CHARMM>     
  
 CHARMM>            calc j = @i
 Parameter: I -> "42"
Evaluating: 42
 Parameter: J <- "42"
  
 CHARMM>            set ion = POS
 Parameter: ION <- "POS"
  
 CHARMM>     
  
 CHARMM>            if j .gt. @npos then
 Parameter: NPOS -> "36"
 Comparing "42" and "36".
 IF test evaluated as true.  Performing command
  
 CHARMM>               set ion = NEG
 Parameter: ION <- "NEG"
  
 CHARMM>               calc j  = @j - @npos
 Parameter: J -> "42"
 Parameter: NPOS -> "36"
Evaluating: 42-36
 Parameter: J <- "6"
  
 CHARMM>            endif
  
 CHARMM>     
  
 CHARMM>            define target select segid @ion .and. resid @j end
 Parameter: ION -> "NEG"
 Parameter: J -> "6"
 SELRPN>      1 atoms have been selected out of  17424
  
 CHARMM>     
  
 CHARMM>            calc xpos = @A * ( ?random - 0.5 )
 Parameter: A -> "66.0740394"
 RDCMND substituted energy or value "?RANDOM" to "0.736210193"
Evaluating: 66.0740394*(0.736210193-0.5)
 Parameter: XPOS <- "15.6073616"
  
 CHARMM>            calc ypos = @B * ( ?random - 0.5 )
 Parameter: B -> "66.0740394"
 RDCMND substituted energy or value "?RANDOM" to "0.639304438"
Evaluating: 66.0740394*(0.639304438-0.5)
 Parameter: YPOS <- "9.20440693"
  
 CHARMM>            calc zpos = @C * ( ?random - 0.5 ) + @zcen
 Parameter: C -> "85"
 Parameter: ZCEN -> "0"
 RDCMND substituted energy or value "?RANDOM" to "0.217808121"
Evaluating: 85*(0.217808121-0.5)+0
 Parameter: ZPOS <- "-23.9863097"
  
 CHARMM>     
  
 CHARMM>            if zpos .gt. -15 if zpos .lt. 15 goto doinit
 Comparing "-23.9863097" and "-15".
 IF test evaluated as false.  Skipping command
  
 CHARMM>     
  
 CHARMM>            ! move target to selected position
  
 CHARMM>            coor stat select target end
 SELRPN>      1 atoms have been selected out of  17424
 STATISTICS FOR         1 SELECTED ATOMS:
    XMIN =    0.000000 XMAX =    0.000000 XAVE =    0.000000
    YMIN =    0.000000 YMAX =    0.000000 YAVE =    0.000000
    ZMIN =    0.000000 ZMAX =    0.000000 ZAVE =    0.000000
    WMIN =   -1.000000 WMAX =   -1.000000 WAVE =   -1.000000
  
 CHARMM>            calc xtran = @xpos - ?xave
 Parameter: XPOS -> "15.6073616"
 RDCMND substituted energy or value "?XAVE" to "0"
Evaluating: 15.6073616-0
 Parameter: XTRAN <- "15.6073616"
  
 CHARMM>            calc ytran = @ypos - ?yave
 Parameter: YPOS -> "9.20440693"
 RDCMND substituted energy or value "?YAVE" to "0"
Evaluating: 9.20440693-0
 Parameter: YTRAN <- "9.20440693"
  
 CHARMM>            calc ztran = @zpos - ?zave
 Parameter: ZPOS -> "-23.9863097"
 RDCMND substituted energy or value "?ZAVE" to "0"
Evaluating: -23.9863097-0
 Parameter: ZTRAN <- "-23.9863097"
  
 CHARMM>            coor trans xdir @xtran ydir @ytran zdir @ztran select target end
 Parameter: XTRAN -> "15.6073616"
 Parameter: YTRAN -> "9.20440693"
 Parameter: ZTRAN -> "-23.9863097"
 SELRPN>      1 atoms have been selected out of  17424
 TRANSLATION VECTOR    15.607362    9.204407  -23.986310
 SELECTED COORDINATES TRANSLATED IN THE MAIN SET.

  
 CHARMM>     
  
 CHARMM>            ! apply a random rotation along XYZ
  
 CHARMM>            calc xphi = ?random * 360.0
 RDCMND substituted energy or value "?RANDOM" to "0.413534899"
Evaluating: 0.413534899*360.0
 Parameter: XPHI <- "148.872564"
  
 CHARMM>            calc yphi = ?random * 360.0
 RDCMND substituted energy or value "?RANDOM" to "0.743797741"
Evaluating: 0.743797741*360.0
 Parameter: YPHI <- "267.767187"
  
 CHARMM>            calc zphi = ?random * 360.0
 RDCMND substituted energy or value "?RANDOM" to "0.527357186"
Evaluating: 0.527357186*360.0
 Parameter: ZPHI <- "189.848587"
  
 CHARMM>            coor rotate xcen @xpos ycen @ypos zcen @zpos xdir 1.0 -
 CHARMM>                phi @xphi select target end
 Parameter: XPOS -> "15.6073616"
 Parameter: YPOS -> "9.20440693"
 Parameter: ZPOS -> "-23.9863097"
 Parameter: XPHI -> "148.872564"
 SELRPN>      1 atoms have been selected out of  17424
 ROTATION MATRIX
    1.000000    0.000000    0.000000
    0.000000   -0.856020    0.516943
    0.000000   -0.516943   -0.856020

 AXIS OF ROTATION IS  1.000000  0.000000  0.000000  ANGLE IS  148.87

 SELECTED COORDINATES ROTATED IN THE MAIN SET.

  
 CHARMM>            coor rotate xcen @xpos ycen @ypos zcen @zpos ydir 1.0 -
 CHARMM>                phi @yphi select target end
 Parameter: XPOS -> "15.6073616"
 Parameter: YPOS -> "9.20440693"
 Parameter: ZPOS -> "-23.9863097"
 Parameter: YPHI -> "267.767187"
 SELRPN>      1 atoms have been selected out of  17424
 ROTATION MATRIX
   -0.038960    0.000000    0.999241
    0.000000    1.000000    0.000000
   -0.999241    0.000000   -0.038960

 AXIS OF ROTATION IS  0.000000 -1.000000  0.000000  ANGLE IS   92.23

 SELECTED COORDINATES ROTATED IN THE MAIN SET.

  
 CHARMM>            coor rotate xcen @xpos ycen @ypos zcen @zpos zdir 1.0 -
 CHARMM>                phi @zphi select target end
 Parameter: XPOS -> "15.6073616"
 Parameter: YPOS -> "9.20440693"
 Parameter: ZPOS -> "-23.9863097"
 Parameter: ZPHI -> "189.848587"
 SELRPN>      1 atoms have been selected out of  17424
 ROTATION MATRIX
   -0.985263   -0.171045    0.000000
    0.171045   -0.985263    0.000000
    0.000000    0.000000    1.000000

 AXIS OF ROTATION IS  0.000000  0.000000 -1.000000  ANGLE IS  170.15

 SELECTED COORDINATES ROTATED IN THE MAIN SET.

  
 CHARMM>     
  
 CHARMM>     
  
 CHARMM>            calc dcut = 3.5
Evaluating: 3.5
 Parameter: DCUT <- "3.5"
  
 CHARMM>     
  
 CHARMM>            coor stat sele target end
 SELRPN>      1 atoms have been selected out of  17424
 STATISTICS FOR         1 SELECTED ATOMS:
    XMIN =   15.607362 XMAX =   15.607362 XAVE =   15.607362
    YMIN =    9.204407 YMAX =    9.204407 YAVE =    9.204407
    ZMIN =  -23.986310 ZMAX =  -23.986310 ZAVE =  -23.986310
    WMIN =   -1.000000 WMAX =   -1.000000 WAVE =   -1.000000
  
 CHARMM>            calc xmax = ?xmax + @dcut
 Parameter: DCUT -> "3.5"
 RDCMND substituted energy or value "?XMAX" to "15.6073616"
Evaluating: 15.6073616+3.5
 Parameter: XMAX <- "19.1073616"
  
 CHARMM>            calc ymax = ?ymax + @dcut
 Parameter: DCUT -> "3.5"
 RDCMND substituted energy or value "?YMAX" to "9.20440693"
Evaluating: 9.20440693+3.5
 Parameter: YMAX <- "12.7044069"
  
 CHARMM>            calc zmax = ?zmax + @dcut
 Parameter: DCUT -> "3.5"
 RDCMND substituted energy or value "?ZMAX" to "-23.9863097"
Evaluating: -23.9863097+3.5
 Parameter: ZMAX <- "-20.4863097"
  
 CHARMM>            calc xmin = ?xmin - @dcut
 Parameter: DCUT -> "3.5"
 RDCMND substituted energy or value "?XMIN" to "15.6073616"
Evaluating: 15.6073616-3.5
 Parameter: XMIN <- "12.1073616"
  
 CHARMM>            calc ymin = ?ymin - @dcut
 Parameter: DCUT -> "3.5"
 RDCMND substituted energy or value "?YMIN" to "9.20440693"
Evaluating: 9.20440693-3.5
 Parameter: YMIN <- "5.70440693"
  
 CHARMM>            calc zmin = ?zmin - @dcut
 Parameter: DCUT -> "3.5"
 RDCMND substituted energy or value "?ZMIN" to "-23.9863097"
Evaluating: -23.9863097-3.5
 Parameter: ZMIN <- "-27.4863097"
  
 CHARMM>     
  
 CHARMM>            define JUNK sele .not. target .and. -
 CHARMM>                             prop X .lt. @xmax .and. prop X .gt. @xmin .and. -
 CHARMM>                             prop Y .lt. @ymax .and. prop Y .gt. @ymin .and. -
 CHARMM>                             prop Z .lt. @zmax .and. prop Z .gt. @zmin  end
 Parameter: XMAX -> "19.1073616"
 Parameter: XMIN -> "12.1073616"
 Parameter: YMAX -> "12.7044069"
 Parameter: YMIN -> "5.70440693"
 Parameter: ZMAX -> "-20.4863097"
 Parameter: ZMIN -> "-27.4863097"
 SELRPN>      1 atoms have been selected out of  17424
  
 CHARMM>     
  
 CHARMM>            ! check if the ions are too close to protein
  
 CHARMM>            define XXX sele PROT end
 SELRPN>    136 atoms have been selected out of  17424
  
 CHARMM>            if ?nsel .gt. 0 then
 RDCMND substituted energy or value "?NSEL" to "136"
 Comparing "136" and "0".
 IF test evaluated as true.  Performing command
  
 CHARMM>                coor dist cut 10.0 sele target end -
 CHARMM>                                   sele PROT .and. JUNK .and. .not. hydrogen end image
 SELRPN>      1 atoms have been selected out of  27773
 SELRPN>      0 atoms have been selected out of  27773

            DISTANCES FOR SELECTED ATOMS
            ONLY ONE SELECTION SET SPECIFIED, A COMPARISON WILL BE DONE
 TOTAL EXCLUSION COUNT =         0
 TOTAL 1-4 EXCLUSIONS  =         0
 TOTAL NON-EXCLUSIONS  =         0
  
 CHARMM>                if ?npair .gt. 0 goto doinit
 RDCMND substituted energy or value "?NPAIR" to "0"
 Comparing "0" and "0".
 IF test evaluated as false.  Skipping command
  
 CHARMM>            endif
  
 CHARMM>     
  
 CHARMM>            ! check if the ions are too close to solute
  
 CHARMM>            coor dist cut 4.0 sele target end sele JUNK .and. .not. hydrogen end image
 SELRPN>      1 atoms have been selected out of  27773
 SELRPN>      0 atoms have been selected out of  27773

            DISTANCES FOR SELECTED ATOMS
            ONLY ONE SELECTION SET SPECIFIED, A COMPARISON WILL BE DONE
 TOTAL EXCLUSION COUNT =         0
 TOTAL 1-4 EXCLUSIONS  =         0
 TOTAL NON-EXCLUSIONS  =         0
  
 CHARMM>            if ?npair .gt. 0 goto doinit
 RDCMND substituted energy or value "?NPAIR" to "0"
 Comparing "0" and "0".
 IF test evaluated as false.  Skipping command
  
 CHARMM>     
  
 CHARMM>            calc cntrand = 0
Evaluating: 0
 Parameter: CNTRAND <- "0"
  
 CHARMM>            increase i by 1
 Parameter: I <- "43"
  
 CHARMM>            if i .le. @nion goto doinit
 Parameter: NION -> "50"
 Comparing "43" and "50".
 IF test evaluated as true.  Performing command
  
 CHARMM>     
  
 CHARMM>            calc cntrand = @cntrand + 1
 Parameter: CNTRAND -> "0"
Evaluating: 0+1
 Parameter: CNTRAND <- "1"
  
 CHARMM>            if cntrand .gt. 100 stop ! ABNORMAL TERMINATION: ion placing may not work.. stop here
 Comparing "1" and "100".
 IF test evaluated as false.  Skipping command
  
 CHARMM>     
  
 CHARMM>            calc j = @i
 Parameter: I -> "43"
Evaluating: 43
 Parameter: J <- "43"
  
 CHARMM>            set ion = POS
 Parameter: ION <- "POS"
  
 CHARMM>     
  
 CHARMM>            if j .gt. @npos then
 Parameter: NPOS -> "36"
 Comparing "43" and "36".
 IF test evaluated as true.  Performing command
  
 CHARMM>               set ion = NEG
 Parameter: ION <- "NEG"
  
 CHARMM>               calc j  = @j - @npos
 Parameter: J -> "43"
 Parameter: NPOS -> "36"
Evaluating: 43-36
 Parameter: J <- "7"
  
 CHARMM>            endif
  
 CHARMM>     
  
 CHARMM>            define target select segid @ion .and. resid @j end
 Parameter: ION -> "NEG"
 Parameter: J -> "7"
 SELRPN>      1 atoms have been selected out of  17424
  
 CHARMM>     
  
 CHARMM>            calc xpos = @A * ( ?random - 0.5 )
 Parameter: A -> "66.0740394"
 RDCMND substituted energy or value "?RANDOM" to "0.341169257"
Evaluating: 66.0740394*(0.341169257-0.5)
 Parameter: XPOS <- "-10.4945888"
  
 CHARMM>            calc ypos = @B * ( ?random - 0.5 )
 Parameter: B -> "66.0740394"
 RDCMND substituted energy or value "?RANDOM" to "0.670566293"
Evaluating: 66.0740394*(0.670566293-0.5)
 Parameter: YPOS <- "11.270004"
  
 CHARMM>            calc zpos = @C * ( ?random - 0.5 ) + @zcen
 Parameter: C -> "85"
 Parameter: ZCEN -> "0"
 RDCMND substituted energy or value "?RANDOM" to "3.878603879E-03"
Evaluating: 85*(3.878603879E-03-0.5)+0
 Parameter: ZPOS <- "-42.1703187"
  
 CHARMM>     
  
 CHARMM>            if zpos .gt. -15 if zpos .lt. 15 goto doinit
 Comparing "-42.1703187" and "-15".
 IF test evaluated as false.  Skipping command
  
 CHARMM>     
  
 CHARMM>            ! move target to selected position
  
 CHARMM>            coor stat select target end
 SELRPN>      1 atoms have been selected out of  17424
 STATISTICS FOR         1 SELECTED ATOMS:
    XMIN =    0.000000 XMAX =    0.000000 XAVE =    0.000000
    YMIN =    0.000000 YMAX =    0.000000 YAVE =    0.000000
    ZMIN =    0.000000 ZMAX =    0.000000 ZAVE =    0.000000
    WMIN =   -1.000000 WMAX =   -1.000000 WAVE =   -1.000000
  
 CHARMM>            calc xtran = @xpos - ?xave
 Parameter: XPOS -> "-10.4945888"
 RDCMND substituted energy or value "?XAVE" to "0"
Evaluating: -10.4945888-0
 Parameter: XTRAN <- "-10.4945888"
  
 CHARMM>            calc ytran = @ypos - ?yave
 Parameter: YPOS -> "11.270004"
 RDCMND substituted energy or value "?YAVE" to "0"
Evaluating: 11.270004-0
 Parameter: YTRAN <- "11.270004"
  
 CHARMM>            calc ztran = @zpos - ?zave
 Parameter: ZPOS -> "-42.1703187"
 RDCMND substituted energy or value "?ZAVE" to "0"
Evaluating: -42.1703187-0
 Parameter: ZTRAN <- "-42.1703187"
  
 CHARMM>            coor trans xdir @xtran ydir @ytran zdir @ztran select target end
 Parameter: XTRAN -> "-10.4945888"
 Parameter: YTRAN -> "11.270004"
 Parameter: ZTRAN -> "-42.1703187"
 SELRPN>      1 atoms have been selected out of  17424
 TRANSLATION VECTOR   -10.494589   11.270004  -42.170319
 SELECTED COORDINATES TRANSLATED IN THE MAIN SET.

  
 CHARMM>     
  
 CHARMM>            ! apply a random rotation along XYZ
  
 CHARMM>            calc xphi = ?random * 360.0
 RDCMND substituted energy or value "?RANDOM" to "0.208173711"
Evaluating: 0.208173711*360.0
 Parameter: XPHI <- "74.942536"
  
 CHARMM>            calc yphi = ?random * 360.0
 RDCMND substituted energy or value "?RANDOM" to "0.488762786"
Evaluating: 0.488762786*360.0
 Parameter: YPHI <- "175.954603"
  
 CHARMM>            calc zphi = ?random * 360.0
 RDCMND substituted energy or value "?RANDOM" to "0.564384877"
Evaluating: 0.564384877*360.0
 Parameter: ZPHI <- "203.178556"
  
 CHARMM>            coor rotate xcen @xpos ycen @ypos zcen @zpos xdir 1.0 -
 CHARMM>                phi @xphi select target end
 Parameter: XPOS -> "-10.4945888"
 Parameter: YPOS -> "11.270004"
 Parameter: ZPOS -> "-42.1703187"
 Parameter: XPHI -> "74.942536"
 SELRPN>      1 atoms have been selected out of  17424
 ROTATION MATRIX
    1.000000    0.000000    0.000000
    0.000000    0.259788    0.965666
    0.000000   -0.965666    0.259788

 AXIS OF ROTATION IS  1.000000  0.000000  0.000000  ANGLE IS   74.94

 SELECTED COORDINATES ROTATED IN THE MAIN SET.

  
 CHARMM>            coor rotate xcen @xpos ycen @ypos zcen @zpos ydir 1.0 -
 CHARMM>                phi @yphi select target end
 Parameter: XPOS -> "-10.4945888"
 Parameter: YPOS -> "11.270004"
 Parameter: ZPOS -> "-42.1703187"
 Parameter: YPHI -> "175.954603"
 SELRPN>      1 atoms have been selected out of  17424
 ROTATION MATRIX
   -0.997508    0.000000   -0.070547
    0.000000    1.000000    0.000000
    0.070547    0.000000   -0.997508

 AXIS OF ROTATION IS  0.000000  1.000000  0.000000  ANGLE IS  175.95

 SELECTED COORDINATES ROTATED IN THE MAIN SET.

  
 CHARMM>            coor rotate xcen @xpos ycen @ypos zcen @zpos zdir 1.0 -
 CHARMM>                phi @zphi select target end
 Parameter: XPOS -> "-10.4945888"
 Parameter: YPOS -> "11.270004"
 Parameter: ZPOS -> "-42.1703187"
 Parameter: ZPHI -> "203.178556"
 SELRPN>      1 atoms have been selected out of  17424
 ROTATION MATRIX
   -0.919283   -0.393598    0.000000
    0.393598   -0.919283    0.000000
    0.000000    0.000000    1.000000

 AXIS OF ROTATION IS  0.000000  0.000000 -1.000000  ANGLE IS  156.82

 SELECTED COORDINATES ROTATED IN THE MAIN SET.

  
 CHARMM>     
  
 CHARMM>     
  
 CHARMM>            calc dcut = 3.5
Evaluating: 3.5
 Parameter: DCUT <- "3.5"
  
 CHARMM>     
  
 CHARMM>            coor stat sele target end
 SELRPN>      1 atoms have been selected out of  17424
 STATISTICS FOR         1 SELECTED ATOMS:
    XMIN =  -10.494589 XMAX =  -10.494589 XAVE =  -10.494589
    YMIN =   11.270004 YMAX =   11.270004 YAVE =   11.270004
    ZMIN =  -42.170319 ZMAX =  -42.170319 ZAVE =  -42.170319
    WMIN =   -1.000000 WMAX =   -1.000000 WAVE =   -1.000000
  
 CHARMM>            calc xmax = ?xmax + @dcut
 Parameter: DCUT -> "3.5"
 RDCMND substituted energy or value "?XMAX" to "-10.4945888"
Evaluating: -10.4945888+3.5
 Parameter: XMAX <- "-6.9945888"
  
 CHARMM>            calc ymax = ?ymax + @dcut
 Parameter: DCUT -> "3.5"
 RDCMND substituted energy or value "?YMAX" to "11.270004"
Evaluating: 11.270004+3.5
 Parameter: YMAX <- "14.770004"
  
 CHARMM>            calc zmax = ?zmax + @dcut
 Parameter: DCUT -> "3.5"
 RDCMND substituted energy or value "?ZMAX" to "-42.1703187"
Evaluating: -42.1703187+3.5
 Parameter: ZMAX <- "-38.6703187"
  
 CHARMM>            calc xmin = ?xmin - @dcut
 Parameter: DCUT -> "3.5"
 RDCMND substituted energy or value "?XMIN" to "-10.4945888"
Evaluating: -10.4945888-3.5
 Parameter: XMIN <- "-13.9945888"
  
 CHARMM>            calc ymin = ?ymin - @dcut
 Parameter: DCUT -> "3.5"
 RDCMND substituted energy or value "?YMIN" to "11.270004"
Evaluating: 11.270004-3.5
 Parameter: YMIN <- "7.770004"
  
 CHARMM>            calc zmin = ?zmin - @dcut
 Parameter: DCUT -> "3.5"
 RDCMND substituted energy or value "?ZMIN" to "-42.1703187"
Evaluating: -42.1703187-3.5
 Parameter: ZMIN <- "-45.6703187"
  
 CHARMM>     
  
 CHARMM>            define JUNK sele .not. target .and. -
 CHARMM>                             prop X .lt. @xmax .and. prop X .gt. @xmin .and. -
 CHARMM>                             prop Y .lt. @ymax .and. prop Y .gt. @ymin .and. -
 CHARMM>                             prop Z .lt. @zmax .and. prop Z .gt. @zmin  end
 Parameter: XMAX -> "-6.9945888"
 Parameter: XMIN -> "-13.9945888"
 Parameter: YMAX -> "14.770004"
 Parameter: YMIN -> "7.770004"
 Parameter: ZMAX -> "-38.6703187"
 Parameter: ZMIN -> "-45.6703187"
 SELRPN>      0 atoms have been selected out of  17424
  
 CHARMM>     
  
 CHARMM>            ! check if the ions are too close to protein
  
 CHARMM>            define XXX sele PROT end
 SELRPN>    136 atoms have been selected out of  17424
  
 CHARMM>            if ?nsel .gt. 0 then
 RDCMND substituted energy or value "?NSEL" to "136"
 Comparing "136" and "0".
 IF test evaluated as true.  Performing command
  
 CHARMM>                coor dist cut 10.0 sele target end -
 CHARMM>                                   sele PROT .and. JUNK .and. .not. hydrogen end image
 SELRPN>      1 atoms have been selected out of  27773
 SELRPN>      0 atoms have been selected out of  27773

            DISTANCES FOR SELECTED ATOMS
            ONLY ONE SELECTION SET SPECIFIED, A COMPARISON WILL BE DONE
 TOTAL EXCLUSION COUNT =         0
 TOTAL 1-4 EXCLUSIONS  =         0
 TOTAL NON-EXCLUSIONS  =         0
  
 CHARMM>                if ?npair .gt. 0 goto doinit
 RDCMND substituted energy or value "?NPAIR" to "0"
 Comparing "0" and "0".
 IF test evaluated as false.  Skipping command
  
 CHARMM>            endif
  
 CHARMM>     
  
 CHARMM>            ! check if the ions are too close to solute
  
 CHARMM>            coor dist cut 4.0 sele target end sele JUNK .and. .not. hydrogen end image
 SELRPN>      1 atoms have been selected out of  27773
 SELRPN>      0 atoms have been selected out of  27773

            DISTANCES FOR SELECTED ATOMS
            ONLY ONE SELECTION SET SPECIFIED, A COMPARISON WILL BE DONE
 TOTAL EXCLUSION COUNT =         0
 TOTAL 1-4 EXCLUSIONS  =         0
 TOTAL NON-EXCLUSIONS  =         0
  
 CHARMM>            if ?npair .gt. 0 goto doinit
 RDCMND substituted energy or value "?NPAIR" to "0"
 Comparing "0" and "0".
 IF test evaluated as false.  Skipping command
  
 CHARMM>     
  
 CHARMM>            calc cntrand = 0
Evaluating: 0
 Parameter: CNTRAND <- "0"
  
 CHARMM>            increase i by 1
 Parameter: I <- "44"
  
 CHARMM>            if i .le. @nion goto doinit
 Parameter: NION -> "50"
 Comparing "44" and "50".
 IF test evaluated as true.  Performing command
  
 CHARMM>     
  
 CHARMM>            calc cntrand = @cntrand + 1
 Parameter: CNTRAND -> "0"
Evaluating: 0+1
 Parameter: CNTRAND <- "1"
  
 CHARMM>            if cntrand .gt. 100 stop ! ABNORMAL TERMINATION: ion placing may not work.. stop here
 Comparing "1" and "100".
 IF test evaluated as false.  Skipping command
  
 CHARMM>     
  
 CHARMM>            calc j = @i
 Parameter: I -> "44"
Evaluating: 44
 Parameter: J <- "44"
  
 CHARMM>            set ion = POS
 Parameter: ION <- "POS"
  
 CHARMM>     
  
 CHARMM>            if j .gt. @npos then
 Parameter: NPOS -> "36"
 Comparing "44" and "36".
 IF test evaluated as true.  Performing command
  
 CHARMM>               set ion = NEG
 Parameter: ION <- "NEG"
  
 CHARMM>               calc j  = @j - @npos
 Parameter: J -> "44"
 Parameter: NPOS -> "36"
Evaluating: 44-36
 Parameter: J <- "8"
  
 CHARMM>            endif
  
 CHARMM>     
  
 CHARMM>            define target select segid @ion .and. resid @j end
 Parameter: ION -> "NEG"
 Parameter: J -> "8"
 SELRPN>      1 atoms have been selected out of  17424
  
 CHARMM>     
  
 CHARMM>            calc xpos = @A * ( ?random - 0.5 )
 Parameter: A -> "66.0740394"
 RDCMND substituted energy or value "?RANDOM" to "0.431344074"
Evaluating: 66.0740394*(0.431344074-0.5)
 Parameter: XPOS <- "-4.53637436"
  
 CHARMM>            calc ypos = @B * ( ?random - 0.5 )
 Parameter: B -> "66.0740394"
 RDCMND substituted energy or value "?RANDOM" to "0.609828334"
Evaluating: 66.0740394*(0.609828334-0.5)
 Parameter: YPOS <- "7.25680167"
  
 CHARMM>            calc zpos = @C * ( ?random - 0.5 ) + @zcen
 Parameter: C -> "85"
 Parameter: ZCEN -> "0"
 RDCMND substituted energy or value "?RANDOM" to "0.553743059"
Evaluating: 85*(0.553743059-0.5)+0
 Parameter: ZPOS <- "4.56816002"
  
 CHARMM>     
  
 CHARMM>            if zpos .gt. -15 if zpos .lt. 15 goto doinit
 Comparing "4.56816002" and "-15".
 IF test evaluated as true.  Performing command
 Comparing "4.56816002" and "15".
 IF test evaluated as true.  Performing command
  
 CHARMM>     
  
 CHARMM>            calc cntrand = @cntrand + 1
 Parameter: CNTRAND -> "1"
Evaluating: 1+1
 Parameter: CNTRAND <- "2"
  
 CHARMM>            if cntrand .gt. 100 stop ! ABNORMAL TERMINATION: ion placing may not work.. stop here
 Comparing "2" and "100".
 IF test evaluated as false.  Skipping command
  
 CHARMM>     
  
 CHARMM>            calc j = @i
 Parameter: I -> "44"
Evaluating: 44
 Parameter: J <- "44"
  
 CHARMM>            set ion = POS
 Parameter: ION <- "POS"
  
 CHARMM>     
  
 CHARMM>            if j .gt. @npos then
 Parameter: NPOS -> "36"
 Comparing "44" and "36".
 IF test evaluated as true.  Performing command
  
 CHARMM>               set ion = NEG
 Parameter: ION <- "NEG"
  
 CHARMM>               calc j  = @j - @npos
 Parameter: J -> "44"
 Parameter: NPOS -> "36"
Evaluating: 44-36
 Parameter: J <- "8"
  
 CHARMM>            endif
  
 CHARMM>     
  
 CHARMM>            define target select segid @ion .and. resid @j end
 Parameter: ION -> "NEG"
 Parameter: J -> "8"
 SELRPN>      1 atoms have been selected out of  17424
  
 CHARMM>     
  
 CHARMM>            calc xpos = @A * ( ?random - 0.5 )
 Parameter: A -> "66.0740394"
 RDCMND substituted energy or value "?RANDOM" to "0.839055774"
Evaluating: 66.0740394*(0.839055774-0.5)
 Parameter: XPOS <- "22.4027846"
  
 CHARMM>            calc ypos = @B * ( ?random - 0.5 )
 Parameter: B -> "66.0740394"
 RDCMND substituted energy or value "?RANDOM" to "0.1407258"
Evaluating: 66.0740394*(0.1407258-0.5)
 Parameter: YPOS <- "-23.7386976"
  
 CHARMM>            calc zpos = @C * ( ?random - 0.5 ) + @zcen
 Parameter: C -> "85"
 Parameter: ZCEN -> "0"
 RDCMND substituted energy or value "?RANDOM" to "0.496067857"
Evaluating: 85*(0.496067857-0.5)+0
 Parameter: ZPOS <- "-0.334232155"
  
 CHARMM>     
  
 CHARMM>            if zpos .gt. -15 if zpos .lt. 15 goto doinit
 Comparing "-0.334232155" and "-15".
 IF test evaluated as true.  Performing command
 Comparing "-0.334232155" and "15".
 IF test evaluated as true.  Performing command
  
 CHARMM>     
  
 CHARMM>            calc cntrand = @cntrand + 1
 Parameter: CNTRAND -> "2"
Evaluating: 2+1
 Parameter: CNTRAND <- "3"
  
 CHARMM>            if cntrand .gt. 100 stop ! ABNORMAL TERMINATION: ion placing may not work.. stop here
 Comparing "3" and "100".
 IF test evaluated as false.  Skipping command
  
 CHARMM>     
  
 CHARMM>            calc j = @i
 Parameter: I -> "44"
Evaluating: 44
 Parameter: J <- "44"
  
 CHARMM>            set ion = POS
 Parameter: ION <- "POS"
  
 CHARMM>     
  
 CHARMM>            if j .gt. @npos then
 Parameter: NPOS -> "36"
 Comparing "44" and "36".
 IF test evaluated as true.  Performing command
  
 CHARMM>               set ion = NEG
 Parameter: ION <- "NEG"
  
 CHARMM>               calc j  = @j - @npos
 Parameter: J -> "44"
 Parameter: NPOS -> "36"
Evaluating: 44-36
 Parameter: J <- "8"
  
 CHARMM>            endif
  
 CHARMM>     
  
 CHARMM>            define target select segid @ion .and. resid @j end
 Parameter: ION -> "NEG"
 Parameter: J -> "8"
 SELRPN>      1 atoms have been selected out of  17424
  
 CHARMM>     
  
 CHARMM>            calc xpos = @A * ( ?random - 0.5 )
 Parameter: A -> "66.0740394"
 RDCMND substituted energy or value "?RANDOM" to "2.45860199E-02"
Evaluating: 66.0740394*(2.45860199E-02-0.5)
 Parameter: XPOS <- "-31.4125221"
  
 CHARMM>            calc ypos = @B * ( ?random - 0.5 )
 Parameter: B -> "66.0740394"
 RDCMND substituted energy or value "?RANDOM" to "0.425372251"
Evaluating: 66.0740394*(0.425372251-0.5)
 Parameter: YPOS <- "-4.93095683"
  
 CHARMM>            calc zpos = @C * ( ?random - 0.5 ) + @zcen
 Parameter: C -> "85"
 Parameter: ZCEN -> "0"
 RDCMND substituted energy or value "?RANDOM" to "1.767437071E-03"
Evaluating: 85*(1.767437071E-03-0.5)+0
 Parameter: ZPOS <- "-42.3497678"
  
 CHARMM>     
  
 CHARMM>            if zpos .gt. -15 if zpos .lt. 15 goto doinit
 Comparing "-42.3497678" and "-15".
 IF test evaluated as false.  Skipping command
  
 CHARMM>     
  
 CHARMM>            ! move target to selected position
  
 CHARMM>            coor stat select target end
 SELRPN>      1 atoms have been selected out of  17424
 STATISTICS FOR         1 SELECTED ATOMS:
    XMIN =    0.000000 XMAX =    0.000000 XAVE =    0.000000
    YMIN =    0.000000 YMAX =    0.000000 YAVE =    0.000000
    ZMIN =    0.000000 ZMAX =    0.000000 ZAVE =    0.000000
    WMIN =   -1.000000 WMAX =   -1.000000 WAVE =   -1.000000
  
 CHARMM>            calc xtran = @xpos - ?xave
 Parameter: XPOS -> "-31.4125221"
 RDCMND substituted energy or value "?XAVE" to "0"
Evaluating: -31.4125221-0
 Parameter: XTRAN <- "-31.4125221"
  
 CHARMM>            calc ytran = @ypos - ?yave
 Parameter: YPOS -> "-4.93095683"
 RDCMND substituted energy or value "?YAVE" to "0"
Evaluating: -4.93095683-0
 Parameter: YTRAN <- "-4.93095683"
  
 CHARMM>            calc ztran = @zpos - ?zave
 Parameter: ZPOS -> "-42.3497678"
 RDCMND substituted energy or value "?ZAVE" to "0"
Evaluating: -42.3497678-0
 Parameter: ZTRAN <- "-42.3497678"
  
 CHARMM>            coor trans xdir @xtran ydir @ytran zdir @ztran select target end
 Parameter: XTRAN -> "-31.4125221"
 Parameter: YTRAN -> "-4.93095683"
 Parameter: ZTRAN -> "-42.3497678"
 SELRPN>      1 atoms have been selected out of  17424
 TRANSLATION VECTOR   -31.412522   -4.930957  -42.349768
 SELECTED COORDINATES TRANSLATED IN THE MAIN SET.

  
 CHARMM>     
  
 CHARMM>            ! apply a random rotation along XYZ
  
 CHARMM>            calc xphi = ?random * 360.0
 RDCMND substituted energy or value "?RANDOM" to "0.924234072"
Evaluating: 0.924234072*360.0
 Parameter: XPHI <- "332.724266"
  
 CHARMM>            calc yphi = ?random * 360.0
 RDCMND substituted energy or value "?RANDOM" to "4.488123569E-02"
Evaluating: 4.488123569E-02*360.0
 Parameter: YPHI <- "16.1572448"
  
 CHARMM>            calc zphi = ?random * 360.0
 RDCMND substituted energy or value "?RANDOM" to "0.894189657"
Evaluating: 0.894189657*360.0
 Parameter: ZPHI <- "321.908277"
  
 CHARMM>            coor rotate xcen @xpos ycen @ypos zcen @zpos xdir 1.0 -
 CHARMM>                phi @xphi select target end
 Parameter: XPOS -> "-31.4125221"
 Parameter: YPOS -> "-4.93095683"
 Parameter: ZPOS -> "-42.3497678"
 Parameter: XPHI -> "332.724266"
 SELRPN>      1 atoms have been selected out of  17424
 ROTATION MATRIX
    1.000000    0.000000    0.000000
    0.000000    0.888811   -0.458273
    0.000000    0.458273    0.888811

 AXIS OF ROTATION IS -1.000000  0.000000  0.000000  ANGLE IS   27.28

 SELECTED COORDINATES ROTATED IN THE MAIN SET.

  
 CHARMM>            coor rotate xcen @xpos ycen @ypos zcen @zpos ydir 1.0 -
 CHARMM>                phi @yphi select target end
 Parameter: XPOS -> "-31.4125221"
 Parameter: YPOS -> "-4.93095683"
 Parameter: ZPOS -> "-42.3497678"
 Parameter: YPHI -> "16.1572448"
 SELRPN>      1 atoms have been selected out of  17424
 ROTATION MATRIX
    0.960502    0.000000   -0.278274
    0.000000    1.000000    0.000000
    0.278274    0.000000    0.960502

 AXIS OF ROTATION IS  0.000000  1.000000  0.000000  ANGLE IS   16.16

 SELECTED COORDINATES ROTATED IN THE MAIN SET.

  
 CHARMM>            coor rotate xcen @xpos ycen @ypos zcen @zpos zdir 1.0 -
 CHARMM>                phi @zphi select target end
 Parameter: XPOS -> "-31.4125221"
 Parameter: YPOS -> "-4.93095683"
 Parameter: ZPOS -> "-42.3497678"
 Parameter: ZPHI -> "321.908277"
 SELRPN>      1 atoms have been selected out of  17424
 ROTATION MATRIX
    0.787024   -0.616922    0.000000
    0.616922    0.787024    0.000000
    0.000000    0.000000    1.000000

 AXIS OF ROTATION IS  0.000000  0.000000 -1.000000  ANGLE IS   38.09

 SELECTED COORDINATES ROTATED IN THE MAIN SET.

  
 CHARMM>     
  
 CHARMM>     
  
 CHARMM>            calc dcut = 3.5
Evaluating: 3.5
 Parameter: DCUT <- "3.5"
  
 CHARMM>     
  
 CHARMM>            coor stat sele target end
 SELRPN>      1 atoms have been selected out of  17424
 STATISTICS FOR         1 SELECTED ATOMS:
    XMIN =  -31.412522 XMAX =  -31.412522 XAVE =  -31.412522
    YMIN =   -4.930957 YMAX =   -4.930957 YAVE =   -4.930957
    ZMIN =  -42.349768 ZMAX =  -42.349768 ZAVE =  -42.349768
    WMIN =   -1.000000 WMAX =   -1.000000 WAVE =   -1.000000
  
 CHARMM>            calc xmax = ?xmax + @dcut
 Parameter: DCUT -> "3.5"
 RDCMND substituted energy or value "?XMAX" to "-31.4125221"
Evaluating: -31.4125221+3.5
 Parameter: XMAX <- "-27.9125221"
  
 CHARMM>            calc ymax = ?ymax + @dcut
 Parameter: DCUT -> "3.5"
 RDCMND substituted energy or value "?YMAX" to "-4.93095683"
Evaluating: -4.93095683+3.5
 Parameter: YMAX <- "-1.43095683"
  
 CHARMM>            calc zmax = ?zmax + @dcut
 Parameter: DCUT -> "3.5"
 RDCMND substituted energy or value "?ZMAX" to "-42.3497678"
Evaluating: -42.3497678+3.5
 Parameter: ZMAX <- "-38.8497678"
  
 CHARMM>            calc xmin = ?xmin - @dcut
 Parameter: DCUT -> "3.5"
 RDCMND substituted energy or value "?XMIN" to "-31.4125221"
Evaluating: -31.4125221-3.5
 Parameter: XMIN <- "-34.9125221"
  
 CHARMM>            calc ymin = ?ymin - @dcut
 Parameter: DCUT -> "3.5"
 RDCMND substituted energy or value "?YMIN" to "-4.93095683"
Evaluating: -4.93095683-3.5
 Parameter: YMIN <- "-8.43095683"
  
 CHARMM>            calc zmin = ?zmin - @dcut
 Parameter: DCUT -> "3.5"
 RDCMND substituted energy or value "?ZMIN" to "-42.3497678"
Evaluating: -42.3497678-3.5
 Parameter: ZMIN <- "-45.8497678"
  
 CHARMM>     
  
 CHARMM>            define JUNK sele .not. target .and. -
 CHARMM>                             prop X .lt. @xmax .and. prop X .gt. @xmin .and. -
 CHARMM>                             prop Y .lt. @ymax .and. prop Y .gt. @ymin .and. -
 CHARMM>                             prop Z .lt. @zmax .and. prop Z .gt. @zmin  end
 Parameter: XMAX -> "-27.9125221"
 Parameter: XMIN -> "-34.9125221"
 Parameter: YMAX -> "-1.43095683"
 Parameter: YMIN -> "-8.43095683"
 Parameter: ZMAX -> "-38.8497678"
 Parameter: ZMIN -> "-45.8497678"
 SELRPN>      0 atoms have been selected out of  17424
  
 CHARMM>     
  
 CHARMM>            ! check if the ions are too close to protein
  
 CHARMM>            define XXX sele PROT end
 SELRPN>    136 atoms have been selected out of  17424
  
 CHARMM>            if ?nsel .gt. 0 then
 RDCMND substituted energy or value "?NSEL" to "136"
 Comparing "136" and "0".
 IF test evaluated as true.  Performing command
  
 CHARMM>                coor dist cut 10.0 sele target end -
 CHARMM>                                   sele PROT .and. JUNK .and. .not. hydrogen end image
 SELRPN>      1 atoms have been selected out of  27773
 SELRPN>      0 atoms have been selected out of  27773

            DISTANCES FOR SELECTED ATOMS
            ONLY ONE SELECTION SET SPECIFIED, A COMPARISON WILL BE DONE
 TOTAL EXCLUSION COUNT =         0
 TOTAL 1-4 EXCLUSIONS  =         0
 TOTAL NON-EXCLUSIONS  =         0
  
 CHARMM>                if ?npair .gt. 0 goto doinit
 RDCMND substituted energy or value "?NPAIR" to "0"
 Comparing "0" and "0".
 IF test evaluated as false.  Skipping command
  
 CHARMM>            endif
  
 CHARMM>     
  
 CHARMM>            ! check if the ions are too close to solute
  
 CHARMM>            coor dist cut 4.0 sele target end sele JUNK .and. .not. hydrogen end image
 SELRPN>      1 atoms have been selected out of  27773
 SELRPN>      0 atoms have been selected out of  27773

            DISTANCES FOR SELECTED ATOMS
            ONLY ONE SELECTION SET SPECIFIED, A COMPARISON WILL BE DONE
 TOTAL EXCLUSION COUNT =         0
 TOTAL 1-4 EXCLUSIONS  =         0
 TOTAL NON-EXCLUSIONS  =         0
  
 CHARMM>            if ?npair .gt. 0 goto doinit
 RDCMND substituted energy or value "?NPAIR" to "0"
 Comparing "0" and "0".
 IF test evaluated as false.  Skipping command
  
 CHARMM>     
  
 CHARMM>            calc cntrand = 0
Evaluating: 0
 Parameter: CNTRAND <- "0"
  
 CHARMM>            increase i by 1
 Parameter: I <- "45"
  
 CHARMM>            if i .le. @nion goto doinit
 Parameter: NION -> "50"
 Comparing "45" and "50".
 IF test evaluated as true.  Performing command
  
 CHARMM>     
  
 CHARMM>            calc cntrand = @cntrand + 1
 Parameter: CNTRAND -> "0"
Evaluating: 0+1
 Parameter: CNTRAND <- "1"
  
 CHARMM>            if cntrand .gt. 100 stop ! ABNORMAL TERMINATION: ion placing may not work.. stop here
 Comparing "1" and "100".
 IF test evaluated as false.  Skipping command
  
 CHARMM>     
  
 CHARMM>            calc j = @i
 Parameter: I -> "45"
Evaluating: 45
 Parameter: J <- "45"
  
 CHARMM>            set ion = POS
 Parameter: ION <- "POS"
  
 CHARMM>     
  
 CHARMM>            if j .gt. @npos then
 Parameter: NPOS -> "36"
 Comparing "45" and "36".
 IF test evaluated as true.  Performing command
  
 CHARMM>               set ion = NEG
 Parameter: ION <- "NEG"
  
 CHARMM>               calc j  = @j - @npos
 Parameter: J -> "45"
 Parameter: NPOS -> "36"
Evaluating: 45-36
 Parameter: J <- "9"
  
 CHARMM>            endif
  
 CHARMM>     
  
 CHARMM>            define target select segid @ion .and. resid @j end
 Parameter: ION -> "NEG"
 Parameter: J -> "9"
 SELRPN>      1 atoms have been selected out of  17424
  
 CHARMM>     
  
 CHARMM>            calc xpos = @A * ( ?random - 0.5 )
 Parameter: A -> "66.0740394"
 RDCMND substituted energy or value "?RANDOM" to "0.220966728"
Evaluating: 66.0740394*(0.220966728-0.5)
 Parameter: XPOS <- "-18.4368554"
  
 CHARMM>            calc ypos = @B * ( ?random - 0.5 )
 Parameter: B -> "66.0740394"
 RDCMND substituted energy or value "?RANDOM" to "0.436706619"
Evaluating: 66.0740394*(0.436706619-0.5)
 Parameter: YPOS <- "-4.18204935"
  
 CHARMM>            calc zpos = @C * ( ?random - 0.5 ) + @zcen
 Parameter: C -> "85"
 Parameter: ZCEN -> "0"
 RDCMND substituted energy or value "?RANDOM" to "0.132752272"
Evaluating: 85*(0.132752272-0.5)+0
 Parameter: ZPOS <- "-31.2160569"
  
 CHARMM>     
  
 CHARMM>            if zpos .gt. -15 if zpos .lt. 15 goto doinit
 Comparing "-31.2160569" and "-15".
 IF test evaluated as false.  Skipping command
  
 CHARMM>     
  
 CHARMM>            ! move target to selected position
  
 CHARMM>            coor stat select target end
 SELRPN>      1 atoms have been selected out of  17424
 STATISTICS FOR         1 SELECTED ATOMS:
    XMIN =    0.000000 XMAX =    0.000000 XAVE =    0.000000
    YMIN =    0.000000 YMAX =    0.000000 YAVE =    0.000000
    ZMIN =    0.000000 ZMAX =    0.000000 ZAVE =    0.000000
    WMIN =   -1.000000 WMAX =   -1.000000 WAVE =   -1.000000
  
 CHARMM>            calc xtran = @xpos - ?xave
 Parameter: XPOS -> "-18.4368554"
 RDCMND substituted energy or value "?XAVE" to "0"
Evaluating: -18.4368554-0
 Parameter: XTRAN <- "-18.4368554"
  
 CHARMM>            calc ytran = @ypos - ?yave
 Parameter: YPOS -> "-4.18204935"
 RDCMND substituted energy or value "?YAVE" to "0"
Evaluating: -4.18204935-0
 Parameter: YTRAN <- "-4.18204935"
  
 CHARMM>            calc ztran = @zpos - ?zave
 Parameter: ZPOS -> "-31.2160569"
 RDCMND substituted energy or value "?ZAVE" to "0"
Evaluating: -31.2160569-0
 Parameter: ZTRAN <- "-31.2160569"
  
 CHARMM>            coor trans xdir @xtran ydir @ytran zdir @ztran select target end
 Parameter: XTRAN -> "-18.4368554"
 Parameter: YTRAN -> "-4.18204935"
 Parameter: ZTRAN -> "-31.2160569"
 SELRPN>      1 atoms have been selected out of  17424
 TRANSLATION VECTOR   -18.436855   -4.182049  -31.216057
 SELECTED COORDINATES TRANSLATED IN THE MAIN SET.

  
 CHARMM>     
  
 CHARMM>            ! apply a random rotation along XYZ
  
 CHARMM>            calc xphi = ?random * 360.0
 RDCMND substituted energy or value "?RANDOM" to "0.175725954"
Evaluating: 0.175725954*360.0
 Parameter: XPHI <- "63.2613434"
  
 CHARMM>            calc yphi = ?random * 360.0
 RDCMND substituted energy or value "?RANDOM" to "0.167022453"
Evaluating: 0.167022453*360.0
 Parameter: YPHI <- "60.1280831"
  
 CHARMM>            calc zphi = ?random * 360.0
 RDCMND substituted energy or value "?RANDOM" to "0.389592036"
Evaluating: 0.389592036*360.0
 Parameter: ZPHI <- "140.253133"
  
 CHARMM>            coor rotate xcen @xpos ycen @ypos zcen @zpos xdir 1.0 -
 CHARMM>                phi @xphi select target end
 Parameter: XPOS -> "-18.4368554"
 Parameter: YPOS -> "-4.18204935"
 Parameter: ZPOS -> "-31.2160569"
 Parameter: XPHI -> "63.2613434"
 SELRPN>      1 atoms have been selected out of  17424
 ROTATION MATRIX
    1.000000    0.000000    0.000000
    0.000000    0.449922    0.893068
    0.000000   -0.893068    0.449922

 AXIS OF ROTATION IS  1.000000  0.000000  0.000000  ANGLE IS   63.26

 SELECTED COORDINATES ROTATED IN THE MAIN SET.

  
 CHARMM>            coor rotate xcen @xpos ycen @ypos zcen @zpos ydir 1.0 -
 CHARMM>                phi @yphi select target end
 Parameter: XPOS -> "-18.4368554"
 Parameter: YPOS -> "-4.18204935"
 Parameter: ZPOS -> "-31.2160569"
 Parameter: YPHI -> "60.1280831"
 SELRPN>      1 atoms have been selected out of  17424
 ROTATION MATRIX
    0.498063    0.000000   -0.867141
    0.000000    1.000000    0.000000
    0.867141    0.000000    0.498063

 AXIS OF ROTATION IS  0.000000  1.000000  0.000000  ANGLE IS   60.13

 SELECTED COORDINATES ROTATED IN THE MAIN SET.

  
 CHARMM>            coor rotate xcen @xpos ycen @ypos zcen @zpos zdir 1.0 -
 CHARMM>                phi @zphi select target end
 Parameter: XPOS -> "-18.4368554"
 Parameter: YPOS -> "-4.18204935"
 Parameter: ZPOS -> "-31.2160569"
 Parameter: ZPHI -> "140.253133"
 SELRPN>      1 atoms have been selected out of  17424
 ROTATION MATRIX
   -0.768877    0.639397    0.000000
   -0.639397   -0.768877    0.000000
    0.000000    0.000000    1.000000

 AXIS OF ROTATION IS  0.000000  0.000000  1.000000  ANGLE IS  140.25

 SELECTED COORDINATES ROTATED IN THE MAIN SET.

  
 CHARMM>     
  
 CHARMM>     
  
 CHARMM>            calc dcut = 3.5
Evaluating: 3.5
 Parameter: DCUT <- "3.5"
  
 CHARMM>     
  
 CHARMM>            coor stat sele target end
 SELRPN>      1 atoms have been selected out of  17424
 STATISTICS FOR         1 SELECTED ATOMS:
    XMIN =  -18.436855 XMAX =  -18.436855 XAVE =  -18.436855
    YMIN =   -4.182049 YMAX =   -4.182049 YAVE =   -4.182049
    ZMIN =  -31.216057 ZMAX =  -31.216057 ZAVE =  -31.216057
    WMIN =   -1.000000 WMAX =   -1.000000 WAVE =   -1.000000
  
 CHARMM>            calc xmax = ?xmax + @dcut
 Parameter: DCUT -> "3.5"
 RDCMND substituted energy or value "?XMAX" to "-18.4368554"
Evaluating: -18.4368554+3.5
 Parameter: XMAX <- "-14.9368554"
  
 CHARMM>            calc ymax = ?ymax + @dcut
 Parameter: DCUT -> "3.5"
 RDCMND substituted energy or value "?YMAX" to "-4.18204935"
Evaluating: -4.18204935+3.5
 Parameter: YMAX <- "-0.68204935"
  
 CHARMM>            calc zmax = ?zmax + @dcut
 Parameter: DCUT -> "3.5"
 RDCMND substituted energy or value "?ZMAX" to "-31.2160569"
Evaluating: -31.2160569+3.5
 Parameter: ZMAX <- "-27.7160569"
  
 CHARMM>            calc xmin = ?xmin - @dcut
 Parameter: DCUT -> "3.5"
 RDCMND substituted energy or value "?XMIN" to "-18.4368554"
Evaluating: -18.4368554-3.5
 Parameter: XMIN <- "-21.9368554"
  
 CHARMM>            calc ymin = ?ymin - @dcut
 Parameter: DCUT -> "3.5"
 RDCMND substituted energy or value "?YMIN" to "-4.18204935"
Evaluating: -4.18204935-3.5
 Parameter: YMIN <- "-7.68204935"
  
 CHARMM>            calc zmin = ?zmin - @dcut
 Parameter: DCUT -> "3.5"
 RDCMND substituted energy or value "?ZMIN" to "-31.2160569"
Evaluating: -31.2160569-3.5
 Parameter: ZMIN <- "-34.7160569"
  
 CHARMM>     
  
 CHARMM>            define JUNK sele .not. target .and. -
 CHARMM>                             prop X .lt. @xmax .and. prop X .gt. @xmin .and. -
 CHARMM>                             prop Y .lt. @ymax .and. prop Y .gt. @ymin .and. -
 CHARMM>                             prop Z .lt. @zmax .and. prop Z .gt. @zmin  end
 Parameter: XMAX -> "-14.9368554"
 Parameter: XMIN -> "-21.9368554"
 Parameter: YMAX -> "-0.68204935"
 Parameter: YMIN -> "-7.68204935"
 Parameter: ZMAX -> "-27.7160569"
 Parameter: ZMIN -> "-34.7160569"
 SELRPN>      0 atoms have been selected out of  17424
  
 CHARMM>     
  
 CHARMM>            ! check if the ions are too close to protein
  
 CHARMM>            define XXX sele PROT end
 SELRPN>    136 atoms have been selected out of  17424
  
 CHARMM>            if ?nsel .gt. 0 then
 RDCMND substituted energy or value "?NSEL" to "136"
 Comparing "136" and "0".
 IF test evaluated as true.  Performing command
  
 CHARMM>                coor dist cut 10.0 sele target end -
 CHARMM>                                   sele PROT .and. JUNK .and. .not. hydrogen end image
 SELRPN>      1 atoms have been selected out of  27773
 SELRPN>      0 atoms have been selected out of  27773

            DISTANCES FOR SELECTED ATOMS
            ONLY ONE SELECTION SET SPECIFIED, A COMPARISON WILL BE DONE
 TOTAL EXCLUSION COUNT =         0
 TOTAL 1-4 EXCLUSIONS  =         0
 TOTAL NON-EXCLUSIONS  =         0
  
 CHARMM>                if ?npair .gt. 0 goto doinit
 RDCMND substituted energy or value "?NPAIR" to "0"
 Comparing "0" and "0".
 IF test evaluated as false.  Skipping command
  
 CHARMM>            endif
  
 CHARMM>     
  
 CHARMM>            ! check if the ions are too close to solute
  
 CHARMM>            coor dist cut 4.0 sele target end sele JUNK .and. .not. hydrogen end image
 SELRPN>      1 atoms have been selected out of  27773
 SELRPN>      0 atoms have been selected out of  27773

            DISTANCES FOR SELECTED ATOMS
            ONLY ONE SELECTION SET SPECIFIED, A COMPARISON WILL BE DONE
 TOTAL EXCLUSION COUNT =         0
 TOTAL 1-4 EXCLUSIONS  =         0
 TOTAL NON-EXCLUSIONS  =         0
  
 CHARMM>            if ?npair .gt. 0 goto doinit
 RDCMND substituted energy or value "?NPAIR" to "0"
 Comparing "0" and "0".
 IF test evaluated as false.  Skipping command
  
 CHARMM>     
  
 CHARMM>            calc cntrand = 0
Evaluating: 0
 Parameter: CNTRAND <- "0"
  
 CHARMM>            increase i by 1
 Parameter: I <- "46"
  
 CHARMM>            if i .le. @nion goto doinit
 Parameter: NION -> "50"
 Comparing "46" and "50".
 IF test evaluated as true.  Performing command
  
 CHARMM>     
  
 CHARMM>            calc cntrand = @cntrand + 1
 Parameter: CNTRAND -> "0"
Evaluating: 0+1
 Parameter: CNTRAND <- "1"
  
 CHARMM>            if cntrand .gt. 100 stop ! ABNORMAL TERMINATION: ion placing may not work.. stop here
 Comparing "1" and "100".
 IF test evaluated as false.  Skipping command
  
 CHARMM>     
  
 CHARMM>            calc j = @i
 Parameter: I -> "46"
Evaluating: 46
 Parameter: J <- "46"
  
 CHARMM>            set ion = POS
 Parameter: ION <- "POS"
  
 CHARMM>     
  
 CHARMM>            if j .gt. @npos then
 Parameter: NPOS -> "36"
 Comparing "46" and "36".
 IF test evaluated as true.  Performing command
  
 CHARMM>               set ion = NEG
 Parameter: ION <- "NEG"
  
 CHARMM>               calc j  = @j - @npos
 Parameter: J -> "46"
 Parameter: NPOS -> "36"
Evaluating: 46-36
 Parameter: J <- "10"
  
 CHARMM>            endif
  
 CHARMM>     
  
 CHARMM>            define target select segid @ion .and. resid @j end
 Parameter: ION -> "NEG"
 Parameter: J -> "10"
 SELRPN>      1 atoms have been selected out of  17424
  
 CHARMM>     
  
 CHARMM>            calc xpos = @A * ( ?random - 0.5 )
 Parameter: A -> "66.0740394"
 RDCMND substituted energy or value "?RANDOM" to "0.689974256"
Evaluating: 66.0740394*(0.689974256-0.5)
 Parameter: XPOS <- "12.5523665"
  
 CHARMM>            calc ypos = @B * ( ?random - 0.5 )
 Parameter: B -> "66.0740394"
 RDCMND substituted energy or value "?RANDOM" to "0.670529147"
Evaluating: 66.0740394*(0.670529147-0.5)
 Parameter: YPOS <- "11.2675496"
  
 CHARMM>            calc zpos = @C * ( ?random - 0.5 ) + @zcen
 Parameter: C -> "85"
 Parameter: ZCEN -> "0"
 RDCMND substituted energy or value "?RANDOM" to "4.261825269E-02"
Evaluating: 85*(4.261825269E-02-0.5)+0
 Parameter: ZPOS <- "-38.8774485"
  
 CHARMM>     
  
 CHARMM>            if zpos .gt. -15 if zpos .lt. 15 goto doinit
 Comparing "-38.8774485" and "-15".
 IF test evaluated as false.  Skipping command
  
 CHARMM>     
  
 CHARMM>            ! move target to selected position
  
 CHARMM>            coor stat select target end
 SELRPN>      1 atoms have been selected out of  17424
 STATISTICS FOR         1 SELECTED ATOMS:
    XMIN =    0.000000 XMAX =    0.000000 XAVE =    0.000000
    YMIN =    0.000000 YMAX =    0.000000 YAVE =    0.000000
    ZMIN =    0.000000 ZMAX =    0.000000 ZAVE =    0.000000
    WMIN =   -1.000000 WMAX =   -1.000000 WAVE =   -1.000000
  
 CHARMM>            calc xtran = @xpos - ?xave
 Parameter: XPOS -> "12.5523665"
 RDCMND substituted energy or value "?XAVE" to "0"
Evaluating: 12.5523665-0
 Parameter: XTRAN <- "12.5523665"
  
 CHARMM>            calc ytran = @ypos - ?yave
 Parameter: YPOS -> "11.2675496"
 RDCMND substituted energy or value "?YAVE" to "0"
Evaluating: 11.2675496-0
 Parameter: YTRAN <- "11.2675496"
  
 CHARMM>            calc ztran = @zpos - ?zave
 Parameter: ZPOS -> "-38.8774485"
 RDCMND substituted energy or value "?ZAVE" to "0"
Evaluating: -38.8774485-0
 Parameter: ZTRAN <- "-38.8774485"
  
 CHARMM>            coor trans xdir @xtran ydir @ytran zdir @ztran select target end
 Parameter: XTRAN -> "12.5523665"
 Parameter: YTRAN -> "11.2675496"
 Parameter: ZTRAN -> "-38.8774485"
 SELRPN>      1 atoms have been selected out of  17424
 TRANSLATION VECTOR    12.552366   11.267550  -38.877448
 SELECTED COORDINATES TRANSLATED IN THE MAIN SET.

  
 CHARMM>     
  
 CHARMM>            ! apply a random rotation along XYZ
  
 CHARMM>            calc xphi = ?random * 360.0
 RDCMND substituted energy or value "?RANDOM" to "0.422624233"
Evaluating: 0.422624233*360.0
 Parameter: XPHI <- "152.144724"
  
 CHARMM>            calc yphi = ?random * 360.0
 RDCMND substituted energy or value "?RANDOM" to "0.233629583"
Evaluating: 0.233629583*360.0
 Parameter: YPHI <- "84.1066499"
  
 CHARMM>            calc zphi = ?random * 360.0
 RDCMND substituted energy or value "?RANDOM" to "0.500937496"
Evaluating: 0.500937496*360.0
 Parameter: ZPHI <- "180.337499"
  
 CHARMM>            coor rotate xcen @xpos ycen @ypos zcen @zpos xdir 1.0 -
 CHARMM>                phi @xphi select target end
 Parameter: XPOS -> "12.5523665"
 Parameter: YPOS -> "11.2675496"
 Parameter: ZPOS -> "-38.8774485"
 Parameter: XPHI -> "152.144724"
 SELRPN>      1 atoms have been selected out of  17424
 ROTATION MATRIX
    1.000000    0.000000    0.000000
    0.000000   -0.884131    0.467240
    0.000000   -0.467240   -0.884131

 AXIS OF ROTATION IS  1.000000  0.000000  0.000000  ANGLE IS  152.14

 SELECTED COORDINATES ROTATED IN THE MAIN SET.

  
 CHARMM>            coor rotate xcen @xpos ycen @ypos zcen @zpos ydir 1.0 -
 CHARMM>                phi @yphi select target end
 Parameter: XPOS -> "12.5523665"
 Parameter: YPOS -> "11.2675496"
 Parameter: ZPOS -> "-38.8774485"
 Parameter: YPHI -> "84.1066499"
 SELRPN>      1 atoms have been selected out of  17424
 ROTATION MATRIX
    0.102677    0.000000   -0.994715
    0.000000    1.000000    0.000000
    0.994715    0.000000    0.102677

 AXIS OF ROTATION IS  0.000000  1.000000  0.000000  ANGLE IS   84.11

 SELECTED COORDINATES ROTATED IN THE MAIN SET.

  
 CHARMM>            coor rotate xcen @xpos ycen @ypos zcen @zpos zdir 1.0 -
 CHARMM>                phi @zphi select target end
 Parameter: XPOS -> "12.5523665"
 Parameter: YPOS -> "11.2675496"
 Parameter: ZPOS -> "-38.8774485"
 Parameter: ZPHI -> "180.337499"
 SELRPN>      1 atoms have been selected out of  17424
 ROTATION MATRIX
   -0.999983   -0.005890    0.000000
    0.005890   -0.999983    0.000000
    0.000000    0.000000    1.000000

 AXIS OF ROTATION IS  0.000000  0.000000 -1.000000  ANGLE IS  179.66

 SELECTED COORDINATES ROTATED IN THE MAIN SET.

  
 CHARMM>     
  
 CHARMM>     
  
 CHARMM>            calc dcut = 3.5
Evaluating: 3.5
 Parameter: DCUT <- "3.5"
  
 CHARMM>     
  
 CHARMM>            coor stat sele target end
 SELRPN>      1 atoms have been selected out of  17424
 STATISTICS FOR         1 SELECTED ATOMS:
    XMIN =   12.552366 XMAX =   12.552366 XAVE =   12.552366
    YMIN =   11.267550 YMAX =   11.267550 YAVE =   11.267550
    ZMIN =  -38.877448 ZMAX =  -38.877448 ZAVE =  -38.877448
    WMIN =   -1.000000 WMAX =   -1.000000 WAVE =   -1.000000
  
 CHARMM>            calc xmax = ?xmax + @dcut
 Parameter: DCUT -> "3.5"
 RDCMND substituted energy or value "?XMAX" to "12.5523665"
Evaluating: 12.5523665+3.5
 Parameter: XMAX <- "16.0523665"
  
 CHARMM>            calc ymax = ?ymax + @dcut
 Parameter: DCUT -> "3.5"
 RDCMND substituted energy or value "?YMAX" to "11.2675496"
Evaluating: 11.2675496+3.5
 Parameter: YMAX <- "14.7675496"
  
 CHARMM>            calc zmax = ?zmax + @dcut
 Parameter: DCUT -> "3.5"
 RDCMND substituted energy or value "?ZMAX" to "-38.8774485"
Evaluating: -38.8774485+3.5
 Parameter: ZMAX <- "-35.3774485"
  
 CHARMM>            calc xmin = ?xmin - @dcut
 Parameter: DCUT -> "3.5"
 RDCMND substituted energy or value "?XMIN" to "12.5523665"
Evaluating: 12.5523665-3.5
 Parameter: XMIN <- "9.0523665"
  
 CHARMM>            calc ymin = ?ymin - @dcut
 Parameter: DCUT -> "3.5"
 RDCMND substituted energy or value "?YMIN" to "11.2675496"
Evaluating: 11.2675496-3.5
 Parameter: YMIN <- "7.7675496"
  
 CHARMM>            calc zmin = ?zmin - @dcut
 Parameter: DCUT -> "3.5"
 RDCMND substituted energy or value "?ZMIN" to "-38.8774485"
Evaluating: -38.8774485-3.5
 Parameter: ZMIN <- "-42.3774485"
  
 CHARMM>     
  
 CHARMM>            define JUNK sele .not. target .and. -
 CHARMM>                             prop X .lt. @xmax .and. prop X .gt. @xmin .and. -
 CHARMM>                             prop Y .lt. @ymax .and. prop Y .gt. @ymin .and. -
 CHARMM>                             prop Z .lt. @zmax .and. prop Z .gt. @zmin  end
 Parameter: XMAX -> "16.0523665"
 Parameter: XMIN -> "9.0523665"
 Parameter: YMAX -> "14.7675496"
 Parameter: YMIN -> "7.7675496"
 Parameter: ZMAX -> "-35.3774485"
 Parameter: ZMIN -> "-42.3774485"
 SELRPN>      0 atoms have been selected out of  17424
  
 CHARMM>     
  
 CHARMM>            ! check if the ions are too close to protein
  
 CHARMM>            define XXX sele PROT end
 SELRPN>    136 atoms have been selected out of  17424
  
 CHARMM>            if ?nsel .gt. 0 then
 RDCMND substituted energy or value "?NSEL" to "136"
 Comparing "136" and "0".
 IF test evaluated as true.  Performing command
  
 CHARMM>                coor dist cut 10.0 sele target end -
 CHARMM>                                   sele PROT .and. JUNK .and. .not. hydrogen end image
 SELRPN>      1 atoms have been selected out of  27773
 SELRPN>      0 atoms have been selected out of  27773

            DISTANCES FOR SELECTED ATOMS
            ONLY ONE SELECTION SET SPECIFIED, A COMPARISON WILL BE DONE
 TOTAL EXCLUSION COUNT =         0
 TOTAL 1-4 EXCLUSIONS  =         0
 TOTAL NON-EXCLUSIONS  =         0
  
 CHARMM>                if ?npair .gt. 0 goto doinit
 RDCMND substituted energy or value "?NPAIR" to "0"
 Comparing "0" and "0".
 IF test evaluated as false.  Skipping command
  
 CHARMM>            endif
  
 CHARMM>     
  
 CHARMM>            ! check if the ions are too close to solute
  
 CHARMM>            coor dist cut 4.0 sele target end sele JUNK .and. .not. hydrogen end image
 SELRPN>      1 atoms have been selected out of  27773
 SELRPN>      0 atoms have been selected out of  27773

            DISTANCES FOR SELECTED ATOMS
            ONLY ONE SELECTION SET SPECIFIED, A COMPARISON WILL BE DONE
 TOTAL EXCLUSION COUNT =         0
 TOTAL 1-4 EXCLUSIONS  =         0
 TOTAL NON-EXCLUSIONS  =         0
  
 CHARMM>            if ?npair .gt. 0 goto doinit
 RDCMND substituted energy or value "?NPAIR" to "0"
 Comparing "0" and "0".
 IF test evaluated as false.  Skipping command
  
 CHARMM>     
  
 CHARMM>            calc cntrand = 0
Evaluating: 0
 Parameter: CNTRAND <- "0"
  
 CHARMM>            increase i by 1
 Parameter: I <- "47"
  
 CHARMM>            if i .le. @nion goto doinit
 Parameter: NION -> "50"
 Comparing "47" and "50".
 IF test evaluated as true.  Performing command
  
 CHARMM>     
  
 CHARMM>            calc cntrand = @cntrand + 1
 Parameter: CNTRAND -> "0"
Evaluating: 0+1
 Parameter: CNTRAND <- "1"
  
 CHARMM>            if cntrand .gt. 100 stop ! ABNORMAL TERMINATION: ion placing may not work.. stop here
 Comparing "1" and "100".
 IF test evaluated as false.  Skipping command
  
 CHARMM>     
  
 CHARMM>            calc j = @i
 Parameter: I -> "47"
Evaluating: 47
 Parameter: J <- "47"
  
 CHARMM>            set ion = POS
 Parameter: ION <- "POS"
  
 CHARMM>     
  
 CHARMM>            if j .gt. @npos then
 Parameter: NPOS -> "36"
 Comparing "47" and "36".
 IF test evaluated as true.  Performing command
  
 CHARMM>               set ion = NEG
 Parameter: ION <- "NEG"
  
 CHARMM>               calc j  = @j - @npos
 Parameter: J -> "47"
 Parameter: NPOS -> "36"
Evaluating: 47-36
 Parameter: J <- "11"
  
 CHARMM>            endif
  
 CHARMM>     
  
 CHARMM>            define target select segid @ion .and. resid @j end
 Parameter: ION -> "NEG"
 Parameter: J -> "11"
 SELRPN>      1 atoms have been selected out of  17424
  
 CHARMM>     
  
 CHARMM>            calc xpos = @A * ( ?random - 0.5 )
 Parameter: A -> "66.0740394"
 RDCMND substituted energy or value "?RANDOM" to "0.519386194"
Evaluating: 66.0740394*(0.519386194-0.5)
 Parameter: XPOS <- "1.28092415"
  
 CHARMM>            calc ypos = @B * ( ?random - 0.5 )
 Parameter: B -> "66.0740394"
 RDCMND substituted energy or value "?RANDOM" to "0.45153835"
Evaluating: 66.0740394*(0.45153835-0.5)
 Parameter: YPOS <- "-3.20205697"
  
 CHARMM>            calc zpos = @C * ( ?random - 0.5 ) + @zcen
 Parameter: C -> "85"
 Parameter: ZCEN -> "0"
 RDCMND substituted energy or value "?RANDOM" to "0.852229383"
Evaluating: 85*(0.852229383-0.5)+0
 Parameter: ZPOS <- "29.9394976"
  
 CHARMM>     
  
 CHARMM>            if zpos .gt. -15 if zpos .lt. 15 goto doinit
 Comparing "29.9394976" and "-15".
 IF test evaluated as true.  Performing command
 Comparing "29.9394976" and "15".
 IF test evaluated as false.  Skipping command
  
 CHARMM>     
  
 CHARMM>            ! move target to selected position
  
 CHARMM>            coor stat select target end
 SELRPN>      1 atoms have been selected out of  17424
 STATISTICS FOR         1 SELECTED ATOMS:
    XMIN =    0.000000 XMAX =    0.000000 XAVE =    0.000000
    YMIN =    0.000000 YMAX =    0.000000 YAVE =    0.000000
    ZMIN =    0.000000 ZMAX =    0.000000 ZAVE =    0.000000
    WMIN =   -1.000000 WMAX =   -1.000000 WAVE =   -1.000000
  
 CHARMM>            calc xtran = @xpos - ?xave
 Parameter: XPOS -> "1.28092415"
 RDCMND substituted energy or value "?XAVE" to "0"
Evaluating: 1.28092415-0
 Parameter: XTRAN <- "1.28092415"
  
 CHARMM>            calc ytran = @ypos - ?yave
 Parameter: YPOS -> "-3.20205697"
 RDCMND substituted energy or value "?YAVE" to "0"
Evaluating: -3.20205697-0
 Parameter: YTRAN <- "-3.20205697"
  
 CHARMM>            calc ztran = @zpos - ?zave
 Parameter: ZPOS -> "29.9394976"
 RDCMND substituted energy or value "?ZAVE" to "0"
Evaluating: 29.9394976-0
 Parameter: ZTRAN <- "29.9394976"
  
 CHARMM>            coor trans xdir @xtran ydir @ytran zdir @ztran select target end
 Parameter: XTRAN -> "1.28092415"
 Parameter: YTRAN -> "-3.20205697"
 Parameter: ZTRAN -> "29.9394976"
 SELRPN>      1 atoms have been selected out of  17424
 TRANSLATION VECTOR     1.280924   -3.202057   29.939498
 SELECTED COORDINATES TRANSLATED IN THE MAIN SET.

  
 CHARMM>     
  
 CHARMM>            ! apply a random rotation along XYZ
  
 CHARMM>            calc xphi = ?random * 360.0
 RDCMND substituted energy or value "?RANDOM" to "0.476534539"
Evaluating: 0.476534539*360.0
 Parameter: XPHI <- "171.552434"
  
 CHARMM>            calc yphi = ?random * 360.0
 RDCMND substituted energy or value "?RANDOM" to "0.588221824"
Evaluating: 0.588221824*360.0
 Parameter: YPHI <- "211.759857"
  
 CHARMM>            calc zphi = ?random * 360.0
 RDCMND substituted energy or value "?RANDOM" to "0.860373624"
Evaluating: 0.860373624*360.0
 Parameter: ZPHI <- "309.734505"
  
 CHARMM>            coor rotate xcen @xpos ycen @ypos zcen @zpos xdir 1.0 -
 CHARMM>                phi @xphi select target end
 Parameter: XPOS -> "1.28092415"
 Parameter: YPOS -> "-3.20205697"
 Parameter: ZPOS -> "29.9394976"
 Parameter: XPHI -> "171.552434"
 SELRPN>      1 atoms have been selected out of  17424
 ROTATION MATRIX
    1.000000    0.000000    0.000000
    0.000000   -0.989151    0.146904
    0.000000   -0.146904   -0.989151

 AXIS OF ROTATION IS  1.000000  0.000000  0.000000  ANGLE IS  171.55

 SELECTED COORDINATES ROTATED IN THE MAIN SET.

  
 CHARMM>            coor rotate xcen @xpos ycen @ypos zcen @zpos ydir 1.0 -
 CHARMM>                phi @yphi select target end
 Parameter: XPOS -> "1.28092415"
 Parameter: YPOS -> "-3.20205697"
 Parameter: ZPOS -> "29.9394976"
 Parameter: YPHI -> "211.759857"
 SELRPN>      1 atoms have been selected out of  17424
 ROTATION MATRIX
   -0.850262    0.000000    0.526360
    0.000000    1.000000    0.000000
   -0.526360    0.000000   -0.850262

 AXIS OF ROTATION IS  0.000000 -1.000000  0.000000  ANGLE IS  148.24

 SELECTED COORDINATES ROTATED IN THE MAIN SET.

  
 CHARMM>            coor rotate xcen @xpos ycen @ypos zcen @zpos zdir 1.0 -
 CHARMM>                phi @zphi select target end
 Parameter: XPOS -> "1.28092415"
 Parameter: YPOS -> "-3.20205697"
 Parameter: ZPOS -> "29.9394976"
 Parameter: ZPHI -> "309.734505"
 SELRPN>      1 atoms have been selected out of  17424
 ROTATION MATRIX
    0.639231   -0.769015    0.000000
    0.769015    0.639231    0.000000
    0.000000    0.000000    1.000000

 AXIS OF ROTATION IS  0.000000  0.000000 -1.000000  ANGLE IS   50.27

 SELECTED COORDINATES ROTATED IN THE MAIN SET.

  
 CHARMM>     
  
 CHARMM>     
  
 CHARMM>            calc dcut = 3.5
Evaluating: 3.5
 Parameter: DCUT <- "3.5"
  
 CHARMM>     
  
 CHARMM>            coor stat sele target end
 SELRPN>      1 atoms have been selected out of  17424
 STATISTICS FOR         1 SELECTED ATOMS:
    XMIN =    1.280924 XMAX =    1.280924 XAVE =    1.280924
    YMIN =   -3.202057 YMAX =   -3.202057 YAVE =   -3.202057
    ZMIN =   29.939498 ZMAX =   29.939498 ZAVE =   29.939498
    WMIN =   -1.000000 WMAX =   -1.000000 WAVE =   -1.000000
  
 CHARMM>            calc xmax = ?xmax + @dcut
 Parameter: DCUT -> "3.5"
 RDCMND substituted energy or value "?XMAX" to "1.28092415"
Evaluating: 1.28092415+3.5
 Parameter: XMAX <- "4.78092415"
  
 CHARMM>            calc ymax = ?ymax + @dcut
 Parameter: DCUT -> "3.5"
 RDCMND substituted energy or value "?YMAX" to "-3.20205697"
Evaluating: -3.20205697+3.5
 Parameter: YMAX <- "0.29794303"
  
 CHARMM>            calc zmax = ?zmax + @dcut
 Parameter: DCUT -> "3.5"
 RDCMND substituted energy or value "?ZMAX" to "29.9394976"
Evaluating: 29.9394976+3.5
 Parameter: ZMAX <- "33.4394976"
  
 CHARMM>            calc xmin = ?xmin - @dcut
 Parameter: DCUT -> "3.5"
 RDCMND substituted energy or value "?XMIN" to "1.28092415"
Evaluating: 1.28092415-3.5
 Parameter: XMIN <- "-2.21907585"
  
 CHARMM>            calc ymin = ?ymin - @dcut
 Parameter: DCUT -> "3.5"
 RDCMND substituted energy or value "?YMIN" to "-3.20205697"
Evaluating: -3.20205697-3.5
 Parameter: YMIN <- "-6.70205697"
  
 CHARMM>            calc zmin = ?zmin - @dcut
 Parameter: DCUT -> "3.5"
 RDCMND substituted energy or value "?ZMIN" to "29.9394976"
Evaluating: 29.9394976-3.5
 Parameter: ZMIN <- "26.4394976"
  
 CHARMM>     
  
 CHARMM>            define JUNK sele .not. target .and. -
 CHARMM>                             prop X .lt. @xmax .and. prop X .gt. @xmin .and. -
 CHARMM>                             prop Y .lt. @ymax .and. prop Y .gt. @ymin .and. -
 CHARMM>                             prop Z .lt. @zmax .and. prop Z .gt. @zmin  end
 Parameter: XMAX -> "4.78092415"
 Parameter: XMIN -> "-2.21907585"
 Parameter: YMAX -> "0.29794303"
 Parameter: YMIN -> "-6.70205697"
 Parameter: ZMAX -> "33.4394976"
 Parameter: ZMIN -> "26.4394976"
 SELRPN>      0 atoms have been selected out of  17424
  
 CHARMM>     
  
 CHARMM>            ! check if the ions are too close to protein
  
 CHARMM>            define XXX sele PROT end
 SELRPN>    136 atoms have been selected out of  17424
  
 CHARMM>            if ?nsel .gt. 0 then
 RDCMND substituted energy or value "?NSEL" to "136"
 Comparing "136" and "0".
 IF test evaluated as true.  Performing command
  
 CHARMM>                coor dist cut 10.0 sele target end -
 CHARMM>                                   sele PROT .and. JUNK .and. .not. hydrogen end image
 SELRPN>      1 atoms have been selected out of  27773
 SELRPN>      0 atoms have been selected out of  27773

            DISTANCES FOR SELECTED ATOMS
            ONLY ONE SELECTION SET SPECIFIED, A COMPARISON WILL BE DONE
 TOTAL EXCLUSION COUNT =         0
 TOTAL 1-4 EXCLUSIONS  =         0
 TOTAL NON-EXCLUSIONS  =         0
  
 CHARMM>                if ?npair .gt. 0 goto doinit
 RDCMND substituted energy or value "?NPAIR" to "0"
 Comparing "0" and "0".
 IF test evaluated as false.  Skipping command
  
 CHARMM>            endif
  
 CHARMM>     
  
 CHARMM>            ! check if the ions are too close to solute
  
 CHARMM>            coor dist cut 4.0 sele target end sele JUNK .and. .not. hydrogen end image
 SELRPN>      1 atoms have been selected out of  27773
 SELRPN>      0 atoms have been selected out of  27773

            DISTANCES FOR SELECTED ATOMS
            ONLY ONE SELECTION SET SPECIFIED, A COMPARISON WILL BE DONE
 TOTAL EXCLUSION COUNT =         0
 TOTAL 1-4 EXCLUSIONS  =         0
 TOTAL NON-EXCLUSIONS  =         0
  
 CHARMM>            if ?npair .gt. 0 goto doinit
 RDCMND substituted energy or value "?NPAIR" to "0"
 Comparing "0" and "0".
 IF test evaluated as false.  Skipping command
  
 CHARMM>     
  
 CHARMM>            calc cntrand = 0
Evaluating: 0
 Parameter: CNTRAND <- "0"
  
 CHARMM>            increase i by 1
 Parameter: I <- "48"
  
 CHARMM>            if i .le. @nion goto doinit
 Parameter: NION -> "50"
 Comparing "48" and "50".
 IF test evaluated as true.  Performing command
  
 CHARMM>     
  
 CHARMM>            calc cntrand = @cntrand + 1
 Parameter: CNTRAND -> "0"
Evaluating: 0+1
 Parameter: CNTRAND <- "1"
  
 CHARMM>            if cntrand .gt. 100 stop ! ABNORMAL TERMINATION: ion placing may not work.. stop here
 Comparing "1" and "100".
 IF test evaluated as false.  Skipping command
  
 CHARMM>     
  
 CHARMM>            calc j = @i
 Parameter: I -> "48"
Evaluating: 48
 Parameter: J <- "48"
  
 CHARMM>            set ion = POS
 Parameter: ION <- "POS"
  
 CHARMM>     
  
 CHARMM>            if j .gt. @npos then
 Parameter: NPOS -> "36"
 Comparing "48" and "36".
 IF test evaluated as true.  Performing command
  
 CHARMM>               set ion = NEG
 Parameter: ION <- "NEG"
  
 CHARMM>               calc j  = @j - @npos
 Parameter: J -> "48"
 Parameter: NPOS -> "36"
Evaluating: 48-36
 Parameter: J <- "12"
  
 CHARMM>            endif
  
 CHARMM>     
  
 CHARMM>            define target select segid @ion .and. resid @j end
 Parameter: ION -> "NEG"
 Parameter: J -> "12"
 SELRPN>      1 atoms have been selected out of  17424
  
 CHARMM>     
  
 CHARMM>            calc xpos = @A * ( ?random - 0.5 )
 Parameter: A -> "66.0740394"
 RDCMND substituted energy or value "?RANDOM" to "0.619152775"
Evaluating: 66.0740394*(0.619152775-0.5)
 Parameter: XPOS <- "7.87290515"
  
 CHARMM>            calc ypos = @B * ( ?random - 0.5 )
 Parameter: B -> "66.0740394"
 RDCMND substituted energy or value "?RANDOM" to "0.938858426"
Evaluating: 66.0740394*(0.938858426-0.5)
 Parameter: YPOS <- "28.9971489"
  
 CHARMM>            calc zpos = @C * ( ?random - 0.5 ) + @zcen
 Parameter: C -> "85"
 Parameter: ZCEN -> "0"
 RDCMND substituted energy or value "?RANDOM" to "0.858991868"
Evaluating: 85*(0.858991868-0.5)+0
 Parameter: ZPOS <- "30.5143088"
  
 CHARMM>     
  
 CHARMM>            if zpos .gt. -15 if zpos .lt. 15 goto doinit
 Comparing "30.5143088" and "-15".
 IF test evaluated as true.  Performing command
 Comparing "30.5143088" and "15".
 IF test evaluated as false.  Skipping command
  
 CHARMM>     
  
 CHARMM>            ! move target to selected position
  
 CHARMM>            coor stat select target end
 SELRPN>      1 atoms have been selected out of  17424
 STATISTICS FOR         1 SELECTED ATOMS:
    XMIN =    0.000000 XMAX =    0.000000 XAVE =    0.000000
    YMIN =    0.000000 YMAX =    0.000000 YAVE =    0.000000
    ZMIN =    0.000000 ZMAX =    0.000000 ZAVE =    0.000000
    WMIN =   -1.000000 WMAX =   -1.000000 WAVE =   -1.000000
  
 CHARMM>            calc xtran = @xpos - ?xave
 Parameter: XPOS -> "7.87290515"
 RDCMND substituted energy or value "?XAVE" to "0"
Evaluating: 7.87290515-0
 Parameter: XTRAN <- "7.87290515"
  
 CHARMM>            calc ytran = @ypos - ?yave
 Parameter: YPOS -> "28.9971489"
 RDCMND substituted energy or value "?YAVE" to "0"
Evaluating: 28.9971489-0
 Parameter: YTRAN <- "28.9971489"
  
 CHARMM>            calc ztran = @zpos - ?zave
 Parameter: ZPOS -> "30.5143088"
 RDCMND substituted energy or value "?ZAVE" to "0"
Evaluating: 30.5143088-0
 Parameter: ZTRAN <- "30.5143088"
  
 CHARMM>            coor trans xdir @xtran ydir @ytran zdir @ztran select target end
 Parameter: XTRAN -> "7.87290515"
 Parameter: YTRAN -> "28.9971489"
 Parameter: ZTRAN -> "30.5143088"
 SELRPN>      1 atoms have been selected out of  17424
 TRANSLATION VECTOR     7.872905   28.997149   30.514309
 SELECTED COORDINATES TRANSLATED IN THE MAIN SET.

  
 CHARMM>     
  
 CHARMM>            ! apply a random rotation along XYZ
  
 CHARMM>            calc xphi = ?random * 360.0
 RDCMND substituted energy or value "?RANDOM" to "0.829433259"
Evaluating: 0.829433259*360.0
 Parameter: XPHI <- "298.595973"
  
 CHARMM>            calc yphi = ?random * 360.0
 RDCMND substituted energy or value "?RANDOM" to "8.583111835E-02"
Evaluating: 8.583111835E-02*360.0
 Parameter: YPHI <- "30.8992026"
  
 CHARMM>            calc zphi = ?random * 360.0
 RDCMND substituted energy or value "?RANDOM" to "0.367298025"
Evaluating: 0.367298025*360.0
 Parameter: ZPHI <- "132.227289"
  
 CHARMM>            coor rotate xcen @xpos ycen @ypos zcen @zpos xdir 1.0 -
 CHARMM>                phi @xphi select target end
 Parameter: XPOS -> "7.87290515"
 Parameter: YPOS -> "28.9971489"
 Parameter: ZPOS -> "30.5143088"
 Parameter: XPHI -> "298.595973"
 SELRPN>      1 atoms have been selected out of  17424
 ROTATION MATRIX
    1.000000    0.000000    0.000000
    0.000000    0.478630   -0.878017
    0.000000    0.878017    0.478630

 AXIS OF ROTATION IS -1.000000  0.000000  0.000000  ANGLE IS   61.40

 SELECTED COORDINATES ROTATED IN THE MAIN SET.

  
 CHARMM>            coor rotate xcen @xpos ycen @ypos zcen @zpos ydir 1.0 -
 CHARMM>                phi @yphi select target end
 Parameter: XPOS -> "7.87290515"
 Parameter: YPOS -> "28.9971489"
 Parameter: ZPOS -> "30.5143088"
 Parameter: YPHI -> "30.8992026"
 SELRPN>      1 atoms have been selected out of  17424
 ROTATION MATRIX
    0.858072    0.000000   -0.513529
    0.000000    1.000000    0.000000
    0.513529    0.000000    0.858072

 AXIS OF ROTATION IS  0.000000  1.000000  0.000000  ANGLE IS   30.90

 SELECTED COORDINATES ROTATED IN THE MAIN SET.

  
 CHARMM>            coor rotate xcen @xpos ycen @ypos zcen @zpos zdir 1.0 -
 CHARMM>                phi @zphi select target end
 Parameter: XPOS -> "7.87290515"
 Parameter: YPOS -> "28.9971489"
 Parameter: ZPOS -> "30.5143088"
 Parameter: ZPHI -> "132.227289"
 SELRPN>      1 atoms have been selected out of  17424
 ROTATION MATRIX
   -0.672073    0.740485    0.000000
   -0.740485   -0.672073    0.000000
    0.000000    0.000000    1.000000

 AXIS OF ROTATION IS  0.000000  0.000000  1.000000  ANGLE IS  132.23

 SELECTED COORDINATES ROTATED IN THE MAIN SET.

  
 CHARMM>     
  
 CHARMM>     
  
 CHARMM>            calc dcut = 3.5
Evaluating: 3.5
 Parameter: DCUT <- "3.5"
  
 CHARMM>     
  
 CHARMM>            coor stat sele target end
 SELRPN>      1 atoms have been selected out of  17424
 STATISTICS FOR         1 SELECTED ATOMS:
    XMIN =    7.872905 XMAX =    7.872905 XAVE =    7.872905
    YMIN =   28.997149 YMAX =   28.997149 YAVE =   28.997149
    ZMIN =   30.514309 ZMAX =   30.514309 ZAVE =   30.514309
    WMIN =   -1.000000 WMAX =   -1.000000 WAVE =   -1.000000
  
 CHARMM>            calc xmax = ?xmax + @dcut
 Parameter: DCUT -> "3.5"
 RDCMND substituted energy or value "?XMAX" to "7.87290515"
Evaluating: 7.87290515+3.5
 Parameter: XMAX <- "11.3729052"
  
 CHARMM>            calc ymax = ?ymax + @dcut
 Parameter: DCUT -> "3.5"
 RDCMND substituted energy or value "?YMAX" to "28.9971489"
Evaluating: 28.9971489+3.5
 Parameter: YMAX <- "32.4971489"
  
 CHARMM>            calc zmax = ?zmax + @dcut
 Parameter: DCUT -> "3.5"
 RDCMND substituted energy or value "?ZMAX" to "30.5143088"
Evaluating: 30.5143088+3.5
 Parameter: ZMAX <- "34.0143088"
  
 CHARMM>            calc xmin = ?xmin - @dcut
 Parameter: DCUT -> "3.5"
 RDCMND substituted energy or value "?XMIN" to "7.87290515"
Evaluating: 7.87290515-3.5
 Parameter: XMIN <- "4.37290515"
  
 CHARMM>            calc ymin = ?ymin - @dcut
 Parameter: DCUT -> "3.5"
 RDCMND substituted energy or value "?YMIN" to "28.9971489"
Evaluating: 28.9971489-3.5
 Parameter: YMIN <- "25.4971489"
  
 CHARMM>            calc zmin = ?zmin - @dcut
 Parameter: DCUT -> "3.5"
 RDCMND substituted energy or value "?ZMIN" to "30.5143088"
Evaluating: 30.5143088-3.5
 Parameter: ZMIN <- "27.0143088"
  
 CHARMM>     
  
 CHARMM>            define JUNK sele .not. target .and. -
 CHARMM>                             prop X .lt. @xmax .and. prop X .gt. @xmin .and. -
 CHARMM>                             prop Y .lt. @ymax .and. prop Y .gt. @ymin .and. -
 CHARMM>                             prop Z .lt. @zmax .and. prop Z .gt. @zmin  end
 Parameter: XMAX -> "11.3729052"
 Parameter: XMIN -> "4.37290515"
 Parameter: YMAX -> "32.4971489"
 Parameter: YMIN -> "25.4971489"
 Parameter: ZMAX -> "34.0143088"
 Parameter: ZMIN -> "27.0143088"
 SELRPN>      0 atoms have been selected out of  17424
  
 CHARMM>     
  
 CHARMM>            ! check if the ions are too close to protein
  
 CHARMM>            define XXX sele PROT end
 SELRPN>    136 atoms have been selected out of  17424
  
 CHARMM>            if ?nsel .gt. 0 then
 RDCMND substituted energy or value "?NSEL" to "136"
 Comparing "136" and "0".
 IF test evaluated as true.  Performing command
  
 CHARMM>                coor dist cut 10.0 sele target end -
 CHARMM>                                   sele PROT .and. JUNK .and. .not. hydrogen end image
 SELRPN>      1 atoms have been selected out of  27773
 SELRPN>      0 atoms have been selected out of  27773

            DISTANCES FOR SELECTED ATOMS
            ONLY ONE SELECTION SET SPECIFIED, A COMPARISON WILL BE DONE
 TOTAL EXCLUSION COUNT =         0
 TOTAL 1-4 EXCLUSIONS  =         0
 TOTAL NON-EXCLUSIONS  =         0
  
 CHARMM>                if ?npair .gt. 0 goto doinit
 RDCMND substituted energy or value "?NPAIR" to "0"
 Comparing "0" and "0".
 IF test evaluated as false.  Skipping command
  
 CHARMM>            endif
  
 CHARMM>     
  
 CHARMM>            ! check if the ions are too close to solute
  
 CHARMM>            coor dist cut 4.0 sele target end sele JUNK .and. .not. hydrogen end image
 SELRPN>      1 atoms have been selected out of  27773
 SELRPN>      0 atoms have been selected out of  27773

            DISTANCES FOR SELECTED ATOMS
            ONLY ONE SELECTION SET SPECIFIED, A COMPARISON WILL BE DONE
 TOTAL EXCLUSION COUNT =         0
 TOTAL 1-4 EXCLUSIONS  =         0
 TOTAL NON-EXCLUSIONS  =         0
  
 CHARMM>            if ?npair .gt. 0 goto doinit
 RDCMND substituted energy or value "?NPAIR" to "0"
 Comparing "0" and "0".
 IF test evaluated as false.  Skipping command
  
 CHARMM>     
  
 CHARMM>            calc cntrand = 0
Evaluating: 0
 Parameter: CNTRAND <- "0"
  
 CHARMM>            increase i by 1
 Parameter: I <- "49"
  
 CHARMM>            if i .le. @nion goto doinit
 Parameter: NION -> "50"
 Comparing "49" and "50".
 IF test evaluated as true.  Performing command
  
 CHARMM>     
  
 CHARMM>            calc cntrand = @cntrand + 1
 Parameter: CNTRAND -> "0"
Evaluating: 0+1
 Parameter: CNTRAND <- "1"
  
 CHARMM>            if cntrand .gt. 100 stop ! ABNORMAL TERMINATION: ion placing may not work.. stop here
 Comparing "1" and "100".
 IF test evaluated as false.  Skipping command
  
 CHARMM>     
  
 CHARMM>            calc j = @i
 Parameter: I -> "49"
Evaluating: 49
 Parameter: J <- "49"
  
 CHARMM>            set ion = POS
 Parameter: ION <- "POS"
  
 CHARMM>     
  
 CHARMM>            if j .gt. @npos then
 Parameter: NPOS -> "36"
 Comparing "49" and "36".
 IF test evaluated as true.  Performing command
  
 CHARMM>               set ion = NEG
 Parameter: ION <- "NEG"
  
 CHARMM>               calc j  = @j - @npos
 Parameter: J -> "49"
 Parameter: NPOS -> "36"
Evaluating: 49-36
 Parameter: J <- "13"
  
 CHARMM>            endif
  
 CHARMM>     
  
 CHARMM>            define target select segid @ion .and. resid @j end
 Parameter: ION -> "NEG"
 Parameter: J -> "13"
 SELRPN>      1 atoms have been selected out of  17424
  
 CHARMM>     
  
 CHARMM>            calc xpos = @A * ( ?random - 0.5 )
 Parameter: A -> "66.0740394"
 RDCMND substituted energy or value "?RANDOM" to "0.969932049"
Evaluating: 66.0740394*(0.969932049-0.5)
 Parameter: XPOS <- "31.0503087"
  
 CHARMM>            calc ypos = @B * ( ?random - 0.5 )
 Parameter: B -> "66.0740394"
 RDCMND substituted energy or value "?RANDOM" to "0.338556542"
Evaluating: 66.0740394*(0.338556542-0.5)
 Parameter: YPOS <- "-10.6672214"
  
 CHARMM>            calc zpos = @C * ( ?random - 0.5 ) + @zcen
 Parameter: C -> "85"
 Parameter: ZCEN -> "0"
 RDCMND substituted energy or value "?RANDOM" to "0.916872054"
Evaluating: 85*(0.916872054-0.5)+0
 Parameter: ZPOS <- "35.4341246"
  
 CHARMM>     
  
 CHARMM>            if zpos .gt. -15 if zpos .lt. 15 goto doinit
 Comparing "35.4341246" and "-15".
 IF test evaluated as true.  Performing command
 Comparing "35.4341246" and "15".
 IF test evaluated as false.  Skipping command
  
 CHARMM>     
  
 CHARMM>            ! move target to selected position
  
 CHARMM>            coor stat select target end
 SELRPN>      1 atoms have been selected out of  17424
 STATISTICS FOR         1 SELECTED ATOMS:
    XMIN =    0.000000 XMAX =    0.000000 XAVE =    0.000000
    YMIN =    0.000000 YMAX =    0.000000 YAVE =    0.000000
    ZMIN =    0.000000 ZMAX =    0.000000 ZAVE =    0.000000
    WMIN =   -1.000000 WMAX =   -1.000000 WAVE =   -1.000000
  
 CHARMM>            calc xtran = @xpos - ?xave
 Parameter: XPOS -> "31.0503087"
 RDCMND substituted energy or value "?XAVE" to "0"
Evaluating: 31.0503087-0
 Parameter: XTRAN <- "31.0503087"
  
 CHARMM>            calc ytran = @ypos - ?yave
 Parameter: YPOS -> "-10.6672214"
 RDCMND substituted energy or value "?YAVE" to "0"
Evaluating: -10.6672214-0
 Parameter: YTRAN <- "-10.6672214"
  
 CHARMM>            calc ztran = @zpos - ?zave
 Parameter: ZPOS -> "35.4341246"
 RDCMND substituted energy or value "?ZAVE" to "0"
Evaluating: 35.4341246-0
 Parameter: ZTRAN <- "35.4341246"
  
 CHARMM>            coor trans xdir @xtran ydir @ytran zdir @ztran select target end
 Parameter: XTRAN -> "31.0503087"
 Parameter: YTRAN -> "-10.6672214"
 Parameter: ZTRAN -> "35.4341246"
 SELRPN>      1 atoms have been selected out of  17424
 TRANSLATION VECTOR    31.050309  -10.667221   35.434125
 SELECTED COORDINATES TRANSLATED IN THE MAIN SET.

  
 CHARMM>     
  
 CHARMM>            ! apply a random rotation along XYZ
  
 CHARMM>            calc xphi = ?random * 360.0
 RDCMND substituted energy or value "?RANDOM" to "0.321602484"
Evaluating: 0.321602484*360.0
 Parameter: XPHI <- "115.776894"
  
 CHARMM>            calc yphi = ?random * 360.0
 RDCMND substituted energy or value "?RANDOM" to "0.820897162"
Evaluating: 0.820897162*360.0
 Parameter: YPHI <- "295.522978"
  
 CHARMM>            calc zphi = ?random * 360.0
 RDCMND substituted energy or value "?RANDOM" to "0.105937833"
Evaluating: 0.105937833*360.0
 Parameter: ZPHI <- "38.1376199"
  
 CHARMM>            coor rotate xcen @xpos ycen @ypos zcen @zpos xdir 1.0 -
 CHARMM>                phi @xphi select target end
 Parameter: XPOS -> "31.0503087"
 Parameter: YPOS -> "-10.6672214"
 Parameter: ZPOS -> "35.4341246"
 Parameter: XPHI -> "115.776894"
 SELRPN>      1 atoms have been selected out of  17424
 ROTATION MATRIX
    1.000000    0.000000    0.000000
    0.000000   -0.434868    0.900494
    0.000000   -0.900494   -0.434868

 AXIS OF ROTATION IS  1.000000  0.000000  0.000000  ANGLE IS  115.78

 SELECTED COORDINATES ROTATED IN THE MAIN SET.

  
 CHARMM>            coor rotate xcen @xpos ycen @ypos zcen @zpos ydir 1.0 -
 CHARMM>                phi @yphi select target end
 Parameter: XPOS -> "31.0503087"
 Parameter: YPOS -> "-10.6672214"
 Parameter: ZPOS -> "35.4341246"
 Parameter: YPHI -> "295.522978"
 SELRPN>      1 atoms have been selected out of  17424
 ROTATION MATRIX
    0.430873    0.000000    0.902413
    0.000000    1.000000    0.000000
   -0.902413    0.000000    0.430873

 AXIS OF ROTATION IS  0.000000 -1.000000  0.000000  ANGLE IS   64.48

 SELECTED COORDINATES ROTATED IN THE MAIN SET.

  
 CHARMM>            coor rotate xcen @xpos ycen @ypos zcen @zpos zdir 1.0 -
 CHARMM>                phi @zphi select target end
 Parameter: XPOS -> "31.0503087"
 Parameter: YPOS -> "-10.6672214"
 Parameter: ZPOS -> "35.4341246"
 Parameter: ZPHI -> "38.1376199"
 SELRPN>      1 atoms have been selected out of  17424
 ROTATION MATRIX
    0.786530    0.617552    0.000000
   -0.617552    0.786530    0.000000
    0.000000    0.000000    1.000000

 AXIS OF ROTATION IS  0.000000  0.000000  1.000000  ANGLE IS   38.14

 SELECTED COORDINATES ROTATED IN THE MAIN SET.

  
 CHARMM>     
  
 CHARMM>     
  
 CHARMM>            calc dcut = 3.5
Evaluating: 3.5
 Parameter: DCUT <- "3.5"
  
 CHARMM>     
  
 CHARMM>            coor stat sele target end
 SELRPN>      1 atoms have been selected out of  17424
 STATISTICS FOR         1 SELECTED ATOMS:
    XMIN =   31.050309 XMAX =   31.050309 XAVE =   31.050309
    YMIN =  -10.667221 YMAX =  -10.667221 YAVE =  -10.667221
    ZMIN =   35.434125 ZMAX =   35.434125 ZAVE =   35.434125
    WMIN =   -1.000000 WMAX =   -1.000000 WAVE =   -1.000000
  
 CHARMM>            calc xmax = ?xmax + @dcut
 Parameter: DCUT -> "3.5"
 RDCMND substituted energy or value "?XMAX" to "31.0503087"
Evaluating: 31.0503087+3.5
 Parameter: XMAX <- "34.5503087"
  
 CHARMM>            calc ymax = ?ymax + @dcut
 Parameter: DCUT -> "3.5"
 RDCMND substituted energy or value "?YMAX" to "-10.6672214"
Evaluating: -10.6672214+3.5
 Parameter: YMAX <- "-7.1672214"
  
 CHARMM>            calc zmax = ?zmax + @dcut
 Parameter: DCUT -> "3.5"
 RDCMND substituted energy or value "?ZMAX" to "35.4341246"
Evaluating: 35.4341246+3.5
 Parameter: ZMAX <- "38.9341246"
  
 CHARMM>            calc xmin = ?xmin - @dcut
 Parameter: DCUT -> "3.5"
 RDCMND substituted energy or value "?XMIN" to "31.0503087"
Evaluating: 31.0503087-3.5
 Parameter: XMIN <- "27.5503087"
  
 CHARMM>            calc ymin = ?ymin - @dcut
 Parameter: DCUT -> "3.5"
 RDCMND substituted energy or value "?YMIN" to "-10.6672214"
Evaluating: -10.6672214-3.5
 Parameter: YMIN <- "-14.1672214"
  
 CHARMM>            calc zmin = ?zmin - @dcut
 Parameter: DCUT -> "3.5"
 RDCMND substituted energy or value "?ZMIN" to "35.4341246"
Evaluating: 35.4341246-3.5
 Parameter: ZMIN <- "31.9341246"
  
 CHARMM>     
  
 CHARMM>            define JUNK sele .not. target .and. -
 CHARMM>                             prop X .lt. @xmax .and. prop X .gt. @xmin .and. -
 CHARMM>                             prop Y .lt. @ymax .and. prop Y .gt. @ymin .and. -
 CHARMM>                             prop Z .lt. @zmax .and. prop Z .gt. @zmin  end
 Parameter: XMAX -> "34.5503087"
 Parameter: XMIN -> "27.5503087"
 Parameter: YMAX -> "-7.1672214"
 Parameter: YMIN -> "-14.1672214"
 Parameter: ZMAX -> "38.9341246"
 Parameter: ZMIN -> "31.9341246"
 SELRPN>      0 atoms have been selected out of  17424
  
 CHARMM>     
  
 CHARMM>            ! check if the ions are too close to protein
  
 CHARMM>            define XXX sele PROT end
 SELRPN>    136 atoms have been selected out of  17424
  
 CHARMM>            if ?nsel .gt. 0 then
 RDCMND substituted energy or value "?NSEL" to "136"
 Comparing "136" and "0".
 IF test evaluated as true.  Performing command
  
 CHARMM>                coor dist cut 10.0 sele target end -
 CHARMM>                                   sele PROT .and. JUNK .and. .not. hydrogen end image
 SELRPN>      1 atoms have been selected out of  27773
 SELRPN>      0 atoms have been selected out of  27773

            DISTANCES FOR SELECTED ATOMS
            ONLY ONE SELECTION SET SPECIFIED, A COMPARISON WILL BE DONE
 TOTAL EXCLUSION COUNT =         0
 TOTAL 1-4 EXCLUSIONS  =         0
 TOTAL NON-EXCLUSIONS  =         0
  
 CHARMM>                if ?npair .gt. 0 goto doinit
 RDCMND substituted energy or value "?NPAIR" to "0"
 Comparing "0" and "0".
 IF test evaluated as false.  Skipping command
  
 CHARMM>            endif
  
 CHARMM>     
  
 CHARMM>            ! check if the ions are too close to solute
  
 CHARMM>            coor dist cut 4.0 sele target end sele JUNK .and. .not. hydrogen end image
 SELRPN>      1 atoms have been selected out of  27773
 SELRPN>      0 atoms have been selected out of  27773

            DISTANCES FOR SELECTED ATOMS
            ONLY ONE SELECTION SET SPECIFIED, A COMPARISON WILL BE DONE
 TOTAL EXCLUSION COUNT =         0
 TOTAL 1-4 EXCLUSIONS  =         0
 TOTAL NON-EXCLUSIONS  =         0
  
 CHARMM>            if ?npair .gt. 0 goto doinit
 RDCMND substituted energy or value "?NPAIR" to "0"
 Comparing "0" and "0".
 IF test evaluated as false.  Skipping command
  
 CHARMM>     
  
 CHARMM>            calc cntrand = 0
Evaluating: 0
 Parameter: CNTRAND <- "0"
  
 CHARMM>            increase i by 1
 Parameter: I <- "50"
  
 CHARMM>            if i .le. @nion goto doinit
 Parameter: NION -> "50"
 Comparing "50" and "50".
 IF test evaluated as true.  Performing command
  
 CHARMM>     
  
 CHARMM>            calc cntrand = @cntrand + 1
 Parameter: CNTRAND -> "0"
Evaluating: 0+1
 Parameter: CNTRAND <- "1"
  
 CHARMM>            if cntrand .gt. 100 stop ! ABNORMAL TERMINATION: ion placing may not work.. stop here
 Comparing "1" and "100".
 IF test evaluated as false.  Skipping command
  
 CHARMM>     
  
 CHARMM>            calc j = @i
 Parameter: I -> "50"
Evaluating: 50
 Parameter: J <- "50"
  
 CHARMM>            set ion = POS
 Parameter: ION <- "POS"
  
 CHARMM>     
  
 CHARMM>            if j .gt. @npos then
 Parameter: NPOS -> "36"
 Comparing "50" and "36".
 IF test evaluated as true.  Performing command
  
 CHARMM>               set ion = NEG
 Parameter: ION <- "NEG"
  
 CHARMM>               calc j  = @j - @npos
 Parameter: J -> "50"
 Parameter: NPOS -> "36"
Evaluating: 50-36
 Parameter: J <- "14"
  
 CHARMM>            endif
  
 CHARMM>     
  
 CHARMM>            define target select segid @ion .and. resid @j end
 Parameter: ION -> "NEG"
 Parameter: J -> "14"
 SELRPN>      1 atoms have been selected out of  17424
  
 CHARMM>     
  
 CHARMM>            calc xpos = @A * ( ?random - 0.5 )
 Parameter: A -> "66.0740394"
 RDCMND substituted energy or value "?RANDOM" to "0.937646529"
Evaluating: 66.0740394*(0.937646529-0.5)
 Parameter: XPOS <- "28.917074"
  
 CHARMM>            calc ypos = @B * ( ?random - 0.5 )
 Parameter: B -> "66.0740394"
 RDCMND substituted energy or value "?RANDOM" to "0.443034747"
Evaluating: 66.0740394*(0.443034747-0.5)
 Parameter: YPOS <- "-3.76392437"
  
 CHARMM>            calc zpos = @C * ( ?random - 0.5 ) + @zcen
 Parameter: C -> "85"
 Parameter: ZCEN -> "0"
 RDCMND substituted energy or value "?RANDOM" to "0.528981284"
Evaluating: 85*(0.528981284-0.5)+0
 Parameter: ZPOS <- "2.46340914"
  
 CHARMM>     
  
 CHARMM>            if zpos .gt. -15 if zpos .lt. 15 goto doinit
 Comparing "2.46340914" and "-15".
 IF test evaluated as true.  Performing command
 Comparing "2.46340914" and "15".
 IF test evaluated as true.  Performing command
  
 CHARMM>     
  
 CHARMM>            calc cntrand = @cntrand + 1
 Parameter: CNTRAND -> "1"
Evaluating: 1+1
 Parameter: CNTRAND <- "2"
  
 CHARMM>            if cntrand .gt. 100 stop ! ABNORMAL TERMINATION: ion placing may not work.. stop here
 Comparing "2" and "100".
 IF test evaluated as false.  Skipping command
  
 CHARMM>     
  
 CHARMM>            calc j = @i
 Parameter: I -> "50"
Evaluating: 50
 Parameter: J <- "50"
  
 CHARMM>            set ion = POS
 Parameter: ION <- "POS"
  
 CHARMM>     
  
 CHARMM>            if j .gt. @npos then
 Parameter: NPOS -> "36"
 Comparing "50" and "36".
 IF test evaluated as true.  Performing command
  
 CHARMM>               set ion = NEG
 Parameter: ION <- "NEG"
  
 CHARMM>               calc j  = @j - @npos
 Parameter: J -> "50"
 Parameter: NPOS -> "36"
Evaluating: 50-36
 Parameter: J <- "14"
  
 CHARMM>            endif
  
 CHARMM>     
  
 CHARMM>            define target select segid @ion .and. resid @j end
 Parameter: ION -> "NEG"
 Parameter: J -> "14"
 SELRPN>      1 atoms have been selected out of  17424
  
 CHARMM>     
  
 CHARMM>            calc xpos = @A * ( ?random - 0.5 )
 Parameter: A -> "66.0740394"
 RDCMND substituted energy or value "?RANDOM" to "7.682001364E-03"
Evaluating: 66.0740394*(7.682001364E-03-0.5)
 Parameter: XPOS <- "-32.5294388"
  
 CHARMM>            calc ypos = @B * ( ?random - 0.5 )
 Parameter: B -> "66.0740394"
 RDCMND substituted energy or value "?RANDOM" to "0.474690823"
Evaluating: 66.0740394*(0.474690823-0.5)
 Parameter: YPOS <- "-1.67227956"
  
 CHARMM>            calc zpos = @C * ( ?random - 0.5 ) + @zcen
 Parameter: C -> "85"
 Parameter: ZCEN -> "0"
 RDCMND substituted energy or value "?RANDOM" to "0.221539876"
Evaluating: 85*(0.221539876-0.5)+0
 Parameter: ZPOS <- "-23.6691105"
  
 CHARMM>     
  
 CHARMM>            if zpos .gt. -15 if zpos .lt. 15 goto doinit
 Comparing "-23.6691105" and "-15".
 IF test evaluated as false.  Skipping command
  
 CHARMM>     
  
 CHARMM>            ! move target to selected position
  
 CHARMM>            coor stat select target end
 SELRPN>      1 atoms have been selected out of  17424
 STATISTICS FOR         1 SELECTED ATOMS:
    XMIN =    0.000000 XMAX =    0.000000 XAVE =    0.000000
    YMIN =    0.000000 YMAX =    0.000000 YAVE =    0.000000
    ZMIN =    0.000000 ZMAX =    0.000000 ZAVE =    0.000000
    WMIN =   -1.000000 WMAX =   -1.000000 WAVE =   -1.000000
  
 CHARMM>            calc xtran = @xpos - ?xave
 Parameter: XPOS -> "-32.5294388"
 RDCMND substituted energy or value "?XAVE" to "0"
Evaluating: -32.5294388-0
 Parameter: XTRAN <- "-32.5294388"
  
 CHARMM>            calc ytran = @ypos - ?yave
 Parameter: YPOS -> "-1.67227956"
 RDCMND substituted energy or value "?YAVE" to "0"
Evaluating: -1.67227956-0
 Parameter: YTRAN <- "-1.67227956"
  
 CHARMM>            calc ztran = @zpos - ?zave
 Parameter: ZPOS -> "-23.6691105"
 RDCMND substituted energy or value "?ZAVE" to "0"
Evaluating: -23.6691105-0
 Parameter: ZTRAN <- "-23.6691105"
  
 CHARMM>            coor trans xdir @xtran ydir @ytran zdir @ztran select target end
 Parameter: XTRAN -> "-32.5294388"
 Parameter: YTRAN -> "-1.67227956"
 Parameter: ZTRAN -> "-23.6691105"
 SELRPN>      1 atoms have been selected out of  17424
 TRANSLATION VECTOR   -32.529439   -1.672280  -23.669110
 SELECTED COORDINATES TRANSLATED IN THE MAIN SET.

  
 CHARMM>     
  
 CHARMM>            ! apply a random rotation along XYZ
  
 CHARMM>            calc xphi = ?random * 360.0
 RDCMND substituted energy or value "?RANDOM" to "0.43323072"
Evaluating: 0.43323072*360.0
 Parameter: XPHI <- "155.963059"
  
 CHARMM>            calc yphi = ?random * 360.0
 RDCMND substituted energy or value "?RANDOM" to "0.412569649"
Evaluating: 0.412569649*360.0
 Parameter: YPHI <- "148.525074"
  
 CHARMM>            calc zphi = ?random * 360.0
 RDCMND substituted energy or value "?RANDOM" to "5.49997511E-02"
Evaluating: 5.49997511E-02*360.0
 Parameter: ZPHI <- "19.7999104"
  
 CHARMM>            coor rotate xcen @xpos ycen @ypos zcen @zpos xdir 1.0 -
 CHARMM>                phi @xphi select target end
 Parameter: XPOS -> "-32.5294388"
 Parameter: YPOS -> "-1.67227956"
 Parameter: ZPOS -> "-23.6691105"
 Parameter: XPHI -> "155.963059"
 SELRPN>      1 atoms have been selected out of  17424
 ROTATION MATRIX
    1.000000    0.000000    0.000000
    0.000000   -0.913283    0.407326
    0.000000   -0.407326   -0.913283

 AXIS OF ROTATION IS  1.000000  0.000000  0.000000  ANGLE IS  155.96

 SELECTED COORDINATES ROTATED IN THE MAIN SET.

  
 CHARMM>            coor rotate xcen @xpos ycen @ypos zcen @zpos ydir 1.0 -
 CHARMM>                phi @yphi select target end
 Parameter: XPOS -> "-32.5294388"
 Parameter: YPOS -> "-1.67227956"
 Parameter: ZPOS -> "-23.6691105"
 Parameter: YPHI -> "148.525074"
 SELRPN>      1 atoms have been selected out of  17424
 ROTATION MATRIX
   -0.852869    0.000000   -0.522125
    0.000000    1.000000    0.000000
    0.522125    0.000000   -0.852869

 AXIS OF ROTATION IS  0.000000  1.000000  0.000000  ANGLE IS  148.53

 SELECTED COORDINATES ROTATED IN THE MAIN SET.

  
 CHARMM>            coor rotate xcen @xpos ycen @ypos zcen @zpos zdir 1.0 -
 CHARMM>                phi @zphi select target end
 Parameter: XPOS -> "-32.5294388"
 Parameter: YPOS -> "-1.67227956"
 Parameter: ZPOS -> "-23.6691105"
 Parameter: ZPHI -> "19.7999104"
 SELRPN>      1 atoms have been selected out of  17424
 ROTATION MATRIX
    0.940881    0.338736    0.000000
   -0.338736    0.940881    0.000000
    0.000000    0.000000    1.000000

 AXIS OF ROTATION IS  0.000000  0.000000  1.000000  ANGLE IS   19.80

 SELECTED COORDINATES ROTATED IN THE MAIN SET.

  
 CHARMM>     
  
 CHARMM>     
  
 CHARMM>            calc dcut = 3.5
Evaluating: 3.5
 Parameter: DCUT <- "3.5"
  
 CHARMM>     
  
 CHARMM>            coor stat sele target end
 SELRPN>      1 atoms have been selected out of  17424
 STATISTICS FOR         1 SELECTED ATOMS:
    XMIN =  -32.529439 XMAX =  -32.529439 XAVE =  -32.529439
    YMIN =   -1.672280 YMAX =   -1.672280 YAVE =   -1.672280
    ZMIN =  -23.669110 ZMAX =  -23.669110 ZAVE =  -23.669110
    WMIN =   -1.000000 WMAX =   -1.000000 WAVE =   -1.000000
  
 CHARMM>            calc xmax = ?xmax + @dcut
 Parameter: DCUT -> "3.5"
 RDCMND substituted energy or value "?XMAX" to "-32.5294388"
Evaluating: -32.5294388+3.5
 Parameter: XMAX <- "-29.0294388"
  
 CHARMM>            calc ymax = ?ymax + @dcut
 Parameter: DCUT -> "3.5"
 RDCMND substituted energy or value "?YMAX" to "-1.67227956"
Evaluating: -1.67227956+3.5
 Parameter: YMAX <- "1.82772044"
  
 CHARMM>            calc zmax = ?zmax + @dcut
 Parameter: DCUT -> "3.5"
 RDCMND substituted energy or value "?ZMAX" to "-23.6691105"
Evaluating: -23.6691105+3.5
 Parameter: ZMAX <- "-20.1691105"
  
 CHARMM>            calc xmin = ?xmin - @dcut
 Parameter: DCUT -> "3.5"
 RDCMND substituted energy or value "?XMIN" to "-32.5294388"
Evaluating: -32.5294388-3.5
 Parameter: XMIN <- "-36.0294388"
  
 CHARMM>            calc ymin = ?ymin - @dcut
 Parameter: DCUT -> "3.5"
 RDCMND substituted energy or value "?YMIN" to "-1.67227956"
Evaluating: -1.67227956-3.5
 Parameter: YMIN <- "-5.17227956"
  
 CHARMM>            calc zmin = ?zmin - @dcut
 Parameter: DCUT -> "3.5"
 RDCMND substituted energy or value "?ZMIN" to "-23.6691105"
Evaluating: -23.6691105-3.5
 Parameter: ZMIN <- "-27.1691105"
  
 CHARMM>     
  
 CHARMM>            define JUNK sele .not. target .and. -
 CHARMM>                             prop X .lt. @xmax .and. prop X .gt. @xmin .and. -
 CHARMM>                             prop Y .lt. @ymax .and. prop Y .gt. @ymin .and. -
 CHARMM>                             prop Z .lt. @zmax .and. prop Z .gt. @zmin  end
 Parameter: XMAX -> "-29.0294388"
 Parameter: XMIN -> "-36.0294388"
 Parameter: YMAX -> "1.82772044"
 Parameter: YMIN -> "-5.17227956"
 Parameter: ZMAX -> "-20.1691105"
 Parameter: ZMIN -> "-27.1691105"
 SELRPN>      7 atoms have been selected out of  17424
  
 CHARMM>     
  
 CHARMM>            ! check if the ions are too close to protein
  
 CHARMM>            define XXX sele PROT end
 SELRPN>    136 atoms have been selected out of  17424
  
 CHARMM>            if ?nsel .gt. 0 then
 RDCMND substituted energy or value "?NSEL" to "136"
 Comparing "136" and "0".
 IF test evaluated as true.  Performing command
  
 CHARMM>                coor dist cut 10.0 sele target end -
 CHARMM>                                   sele PROT .and. JUNK .and. .not. hydrogen end image
 SELRPN>      1 atoms have been selected out of  27773
 SELRPN>      0 atoms have been selected out of  27773

            DISTANCES FOR SELECTED ATOMS
            ONLY ONE SELECTION SET SPECIFIED, A COMPARISON WILL BE DONE
 TOTAL EXCLUSION COUNT =         0
 TOTAL 1-4 EXCLUSIONS  =         0
 TOTAL NON-EXCLUSIONS  =         0
  
 CHARMM>                if ?npair .gt. 0 goto doinit
 RDCMND substituted energy or value "?NPAIR" to "0"
 Comparing "0" and "0".
 IF test evaluated as false.  Skipping command
  
 CHARMM>            endif
  
 CHARMM>     
  
 CHARMM>            ! check if the ions are too close to solute
  
 CHARMM>            coor dist cut 4.0 sele target end sele JUNK .and. .not. hydrogen end image
 SELRPN>      1 atoms have been selected out of  27773
 SELRPN>      3 atoms have been selected out of  27773

            DISTANCES FOR SELECTED ATOMS
17424 NEG      CLA      14       CLA     -**** MEMB     POPC     105      C14           3.2969
 TOTAL EXCLUSION COUNT =         0
 TOTAL 1-4 EXCLUSIONS  =         0
 TOTAL NON-EXCLUSIONS  =         1
  
 CHARMM>            if ?npair .gt. 0 goto doinit
 RDCMND substituted energy or value "?NPAIR" to "1"
 Comparing "1" and "0".
 IF test evaluated as true.  Performing command
  
 CHARMM>     
  
 CHARMM>            calc cntrand = @cntrand + 1
 Parameter: CNTRAND -> "2"
Evaluating: 2+1
 Parameter: CNTRAND <- "3"
  
 CHARMM>            if cntrand .gt. 100 stop ! ABNORMAL TERMINATION: ion placing may not work.. stop here
 Comparing "3" and "100".
 IF test evaluated as false.  Skipping command
  
 CHARMM>     
  
 CHARMM>            calc j = @i
 Parameter: I -> "50"
Evaluating: 50
 Parameter: J <- "50"
  
 CHARMM>            set ion = POS
 Parameter: ION <- "POS"
  
 CHARMM>     
  
 CHARMM>            if j .gt. @npos then
 Parameter: NPOS -> "36"
 Comparing "50" and "36".
 IF test evaluated as true.  Performing command
  
 CHARMM>               set ion = NEG
 Parameter: ION <- "NEG"
  
 CHARMM>               calc j  = @j - @npos
 Parameter: J -> "50"
 Parameter: NPOS -> "36"
Evaluating: 50-36
 Parameter: J <- "14"
  
 CHARMM>            endif
  
 CHARMM>     
  
 CHARMM>            define target select segid @ion .and. resid @j end
 Parameter: ION -> "NEG"
 Parameter: J -> "14"
 SELRPN>      1 atoms have been selected out of  17424
  
 CHARMM>     
  
 CHARMM>            calc xpos = @A * ( ?random - 0.5 )
 Parameter: A -> "66.0740394"
 RDCMND substituted energy or value "?RANDOM" to "0.722435047"
Evaluating: 66.0740394*(0.722435047-0.5)
 Parameter: XPOS <- "14.6971821"
  
 CHARMM>            calc ypos = @B * ( ?random - 0.5 )
 Parameter: B -> "66.0740394"
 RDCMND substituted energy or value "?RANDOM" to "0.341252887"
Evaluating: 66.0740394*(0.341252887-0.5)
 Parameter: YPOS <- "-10.489063"
  
 CHARMM>            calc zpos = @C * ( ?random - 0.5 ) + @zcen
 Parameter: C -> "85"
 Parameter: ZCEN -> "0"
 RDCMND substituted energy or value "?RANDOM" to "0.436215325"
Evaluating: 85*(0.436215325-0.5)+0
 Parameter: ZPOS <- "-5.42169737"
  
 CHARMM>     
  
 CHARMM>            if zpos .gt. -15 if zpos .lt. 15 goto doinit
 Comparing "-5.42169737" and "-15".
 IF test evaluated as true.  Performing command
 Comparing "-5.42169737" and "15".
 IF test evaluated as true.  Performing command
  
 CHARMM>     
  
 CHARMM>            calc cntrand = @cntrand + 1
 Parameter: CNTRAND -> "3"
Evaluating: 3+1
 Parameter: CNTRAND <- "4"
  
 CHARMM>            if cntrand .gt. 100 stop ! ABNORMAL TERMINATION: ion placing may not work.. stop here
 Comparing "4" and "100".
 IF test evaluated as false.  Skipping command
  
 CHARMM>     
  
 CHARMM>            calc j = @i
 Parameter: I -> "50"
Evaluating: 50
 Parameter: J <- "50"
  
 CHARMM>            set ion = POS
 Parameter: ION <- "POS"
  
 CHARMM>     
  
 CHARMM>            if j .gt. @npos then
 Parameter: NPOS -> "36"
 Comparing "50" and "36".
 IF test evaluated as true.  Performing command
  
 CHARMM>               set ion = NEG
 Parameter: ION <- "NEG"
  
 CHARMM>               calc j  = @j - @npos
 Parameter: J -> "50"
 Parameter: NPOS -> "36"
Evaluating: 50-36
 Parameter: J <- "14"
  
 CHARMM>            endif
  
 CHARMM>     
  
 CHARMM>            define target select segid @ion .and. resid @j end
 Parameter: ION -> "NEG"
 Parameter: J -> "14"
 SELRPN>      1 atoms have been selected out of  17424
  
 CHARMM>     
  
 CHARMM>            calc xpos = @A * ( ?random - 0.5 )
 Parameter: A -> "66.0740394"
 RDCMND substituted energy or value "?RANDOM" to "0.432405187"
Evaluating: 66.0740394*(0.432405187-0.5)
 Parameter: XPOS <- "-4.46626234"
  
 CHARMM>            calc ypos = @B * ( ?random - 0.5 )
 Parameter: B -> "66.0740394"
 RDCMND substituted energy or value "?RANDOM" to "0.402483276"
Evaluating: 66.0740394*(0.402483276-0.5)
 Parameter: YPOS <- "-6.44332386"
  
 CHARMM>            calc zpos = @C * ( ?random - 0.5 ) + @zcen
 Parameter: C -> "85"
 Parameter: ZCEN -> "0"
 RDCMND substituted energy or value "?RANDOM" to "0.433870428"
Evaluating: 85*(0.433870428-0.5)+0
 Parameter: ZPOS <- "-5.62101362"
  
 CHARMM>     
  
 CHARMM>            if zpos .gt. -15 if zpos .lt. 15 goto doinit
 Comparing "-5.62101362" and "-15".
 IF test evaluated as true.  Performing command
 Comparing "-5.62101362" and "15".
 IF test evaluated as true.  Performing command
  
 CHARMM>     
  
 CHARMM>            calc cntrand = @cntrand + 1
 Parameter: CNTRAND -> "4"
Evaluating: 4+1
 Parameter: CNTRAND <- "5"
  
 CHARMM>            if cntrand .gt. 100 stop ! ABNORMAL TERMINATION: ion placing may not work.. stop here
 Comparing "5" and "100".
 IF test evaluated as false.  Skipping command
  
 CHARMM>     
  
 CHARMM>            calc j = @i
 Parameter: I -> "50"
Evaluating: 50
 Parameter: J <- "50"
  
 CHARMM>            set ion = POS
 Parameter: ION <- "POS"
  
 CHARMM>     
  
 CHARMM>            if j .gt. @npos then
 Parameter: NPOS -> "36"
 Comparing "50" and "36".
 IF test evaluated as true.  Performing command
  
 CHARMM>               set ion = NEG
 Parameter: ION <- "NEG"
  
 CHARMM>               calc j  = @j - @npos
 Parameter: J -> "50"
 Parameter: NPOS -> "36"
Evaluating: 50-36
 Parameter: J <- "14"
  
 CHARMM>            endif
  
 CHARMM>     
  
 CHARMM>            define target select segid @ion .and. resid @j end
 Parameter: ION -> "NEG"
 Parameter: J -> "14"
 SELRPN>      1 atoms have been selected out of  17424
  
 CHARMM>     
  
 CHARMM>            calc xpos = @A * ( ?random - 0.5 )
 Parameter: A -> "66.0740394"
 RDCMND substituted energy or value "?RANDOM" to "0.502256357"
Evaluating: 66.0740394*(0.502256357-0.5)
 Parameter: XPOS <- "0.149086621"
  
 CHARMM>            calc ypos = @B * ( ?random - 0.5 )
 Parameter: B -> "66.0740394"
 RDCMND substituted energy or value "?RANDOM" to "0.293209615"
Evaluating: 66.0740394*(0.293209615-0.5)
 Parameter: YPOS <- "-13.663476"
  
 CHARMM>            calc zpos = @C * ( ?random - 0.5 ) + @zcen
 Parameter: C -> "85"
 Parameter: ZCEN -> "0"
 RDCMND substituted energy or value "?RANDOM" to "0.15076874"
Evaluating: 85*(0.15076874-0.5)+0
 Parameter: ZPOS <- "-29.6846571"
  
 CHARMM>     
  
 CHARMM>            if zpos .gt. -15 if zpos .lt. 15 goto doinit
 Comparing "-29.6846571" and "-15".
 IF test evaluated as false.  Skipping command
  
 CHARMM>     
  
 CHARMM>            ! move target to selected position
  
 CHARMM>            coor stat select target end
 SELRPN>      1 atoms have been selected out of  17424
 STATISTICS FOR         1 SELECTED ATOMS:
    XMIN =  -32.529439 XMAX =  -32.529439 XAVE =  -32.529439
    YMIN =   -1.672280 YMAX =   -1.672280 YAVE =   -1.672280
    ZMIN =  -23.669110 ZMAX =  -23.669110 ZAVE =  -23.669110
    WMIN =   -1.000000 WMAX =   -1.000000 WAVE =   -1.000000
  
 CHARMM>            calc xtran = @xpos - ?xave
 Parameter: XPOS -> "0.149086621"
 RDCMND substituted energy or value "?XAVE" to "-32.5294388"
Evaluating: 0.149086621--32.5294388
 Parameter: XTRAN <- "32.6785254"
  
 CHARMM>            calc ytran = @ypos - ?yave
 Parameter: YPOS -> "-13.663476"
 RDCMND substituted energy or value "?YAVE" to "-1.67227956"
Evaluating: -13.663476--1.67227956
 Parameter: YTRAN <- "-11.9911964"
  
 CHARMM>            calc ztran = @zpos - ?zave
 Parameter: ZPOS -> "-29.6846571"
 RDCMND substituted energy or value "?ZAVE" to "-23.6691105"
Evaluating: -29.6846571--23.6691105
 Parameter: ZTRAN <- "-6.0155466"
  
 CHARMM>            coor trans xdir @xtran ydir @ytran zdir @ztran select target end
 Parameter: XTRAN -> "32.6785254"
 Parameter: YTRAN -> "-11.9911964"
 Parameter: ZTRAN -> "-6.0155466"
 SELRPN>      1 atoms have been selected out of  17424
 TRANSLATION VECTOR    32.678525  -11.991196   -6.015547
 SELECTED COORDINATES TRANSLATED IN THE MAIN SET.

  
 CHARMM>     
  
 CHARMM>            ! apply a random rotation along XYZ
  
 CHARMM>            calc xphi = ?random * 360.0
 RDCMND substituted energy or value "?RANDOM" to "0.882481277"
Evaluating: 0.882481277*360.0
 Parameter: XPHI <- "317.69326"
  
 CHARMM>            calc yphi = ?random * 360.0
 RDCMND substituted energy or value "?RANDOM" to "0.472830265"
Evaluating: 0.472830265*360.0
 Parameter: YPHI <- "170.218895"
  
 CHARMM>            calc zphi = ?random * 360.0
 RDCMND substituted energy or value "?RANDOM" to "0.224203921"
Evaluating: 0.224203921*360.0
 Parameter: ZPHI <- "80.7134116"
  
 CHARMM>            coor rotate xcen @xpos ycen @ypos zcen @zpos xdir 1.0 -
 CHARMM>                phi @xphi select target end
 Parameter: XPOS -> "0.149086621"
 Parameter: YPOS -> "-13.663476"
 Parameter: ZPOS -> "-29.6846571"
 Parameter: XPHI -> "317.69326"
 SELRPN>      1 atoms have been selected out of  17424
 ROTATION MATRIX
    1.000000    0.000000    0.000000
    0.000000    0.739552   -0.673100
    0.000000    0.673100    0.739552

 AXIS OF ROTATION IS -1.000000  0.000000  0.000000  ANGLE IS   42.31

 SELECTED COORDINATES ROTATED IN THE MAIN SET.

  
 CHARMM>            coor rotate xcen @xpos ycen @ypos zcen @zpos ydir 1.0 -
 CHARMM>                phi @yphi select target end
 Parameter: XPOS -> "0.149086621"
 Parameter: YPOS -> "-13.663476"
 Parameter: ZPOS -> "-29.6846571"
 Parameter: YPHI -> "170.218895"
 SELRPN>      1 atoms have been selected out of  17424
 ROTATION MATRIX
   -0.985464    0.000000   -0.169885
    0.000000    1.000000    0.000000
    0.169885    0.000000   -0.985464

 AXIS OF ROTATION IS  0.000000  1.000000  0.000000  ANGLE IS  170.22

 SELECTED COORDINATES ROTATED IN THE MAIN SET.

  
 CHARMM>            coor rotate xcen @xpos ycen @ypos zcen @zpos zdir 1.0 -
 CHARMM>                phi @zphi select target end
 Parameter: XPOS -> "0.149086621"
 Parameter: YPOS -> "-13.663476"
 Parameter: ZPOS -> "-29.6846571"
 Parameter: ZPHI -> "80.7134116"
 SELRPN>      1 atoms have been selected out of  17424
 ROTATION MATRIX
    0.161373    0.986894    0.000000
   -0.986894    0.161373    0.000000
    0.000000    0.000000    1.000000

 AXIS OF ROTATION IS  0.000000  0.000000  1.000000  ANGLE IS   80.71

 SELECTED COORDINATES ROTATED IN THE MAIN SET.

  
 CHARMM>     
  
 CHARMM>     
  
 CHARMM>            calc dcut = 3.5
Evaluating: 3.5
 Parameter: DCUT <- "3.5"
  
 CHARMM>     
  
 CHARMM>            coor stat sele target end
 SELRPN>      1 atoms have been selected out of  17424
 STATISTICS FOR         1 SELECTED ATOMS:
    XMIN =    0.149087 XMAX =    0.149087 XAVE =    0.149087
    YMIN =  -13.663476 YMAX =  -13.663476 YAVE =  -13.663476
    ZMIN =  -29.684657 ZMAX =  -29.684657 ZAVE =  -29.684657
    WMIN =   -1.000000 WMAX =   -1.000000 WAVE =   -1.000000
  
 CHARMM>            calc xmax = ?xmax + @dcut
 Parameter: DCUT -> "3.5"
 RDCMND substituted energy or value "?XMAX" to "0.149086653"
Evaluating: 0.149086653+3.5
 Parameter: XMAX <- "3.64908665"
  
 CHARMM>            calc ymax = ?ymax + @dcut
 Parameter: DCUT -> "3.5"
 RDCMND substituted energy or value "?YMAX" to "-13.663476"
Evaluating: -13.663476+3.5
 Parameter: YMAX <- "-10.163476"
  
 CHARMM>            calc zmax = ?zmax + @dcut
 Parameter: DCUT -> "3.5"
 RDCMND substituted energy or value "?ZMAX" to "-29.6846571"
Evaluating: -29.6846571+3.5
 Parameter: ZMAX <- "-26.1846571"
  
 CHARMM>            calc xmin = ?xmin - @dcut
 Parameter: DCUT -> "3.5"
 RDCMND substituted energy or value "?XMIN" to "0.149086653"
Evaluating: 0.149086653-3.5
 Parameter: XMIN <- "-3.35091335"
  
 CHARMM>            calc ymin = ?ymin - @dcut
 Parameter: DCUT -> "3.5"
 RDCMND substituted energy or value "?YMIN" to "-13.663476"
Evaluating: -13.663476-3.5
 Parameter: YMIN <- "-17.163476"
  
 CHARMM>            calc zmin = ?zmin - @dcut
 Parameter: DCUT -> "3.5"
 RDCMND substituted energy or value "?ZMIN" to "-29.6846571"
Evaluating: -29.6846571-3.5
 Parameter: ZMIN <- "-33.1846571"
  
 CHARMM>     
  
 CHARMM>            define JUNK sele .not. target .and. -
 CHARMM>                             prop X .lt. @xmax .and. prop X .gt. @xmin .and. -
 CHARMM>                             prop Y .lt. @ymax .and. prop Y .gt. @ymin .and. -
 CHARMM>                             prop Z .lt. @zmax .and. prop Z .gt. @zmin  end
 Parameter: XMAX -> "3.64908665"
 Parameter: XMIN -> "-3.35091335"
 Parameter: YMAX -> "-10.163476"
 Parameter: YMIN -> "-17.163476"
 Parameter: ZMAX -> "-26.1846571"
 Parameter: ZMIN -> "-33.1846571"
 SELRPN>      0 atoms have been selected out of  17424
  
 CHARMM>     
  
 CHARMM>            ! check if the ions are too close to protein
  
 CHARMM>            define XXX sele PROT end
 SELRPN>    136 atoms have been selected out of  17424
  
 CHARMM>            if ?nsel .gt. 0 then
 RDCMND substituted energy or value "?NSEL" to "136"
 Comparing "136" and "0".
 IF test evaluated as true.  Performing command
  
 CHARMM>                coor dist cut 10.0 sele target end -
 CHARMM>                                   sele PROT .and. JUNK .and. .not. hydrogen end image
 SELRPN>      1 atoms have been selected out of  27773
 SELRPN>      0 atoms have been selected out of  27773

            DISTANCES FOR SELECTED ATOMS
            ONLY ONE SELECTION SET SPECIFIED, A COMPARISON WILL BE DONE
 TOTAL EXCLUSION COUNT =         0
 TOTAL 1-4 EXCLUSIONS  =         0
 TOTAL NON-EXCLUSIONS  =         0
  
 CHARMM>                if ?npair .gt. 0 goto doinit
 RDCMND substituted energy or value "?NPAIR" to "0"
 Comparing "0" and "0".
 IF test evaluated as false.  Skipping command
  
 CHARMM>            endif
  
 CHARMM>     
  
 CHARMM>            ! check if the ions are too close to solute
  
 CHARMM>            coor dist cut 4.0 sele target end sele JUNK .and. .not. hydrogen end image
 SELRPN>      1 atoms have been selected out of  27773
 SELRPN>      0 atoms have been selected out of  27773

            DISTANCES FOR SELECTED ATOMS
            ONLY ONE SELECTION SET SPECIFIED, A COMPARISON WILL BE DONE
 TOTAL EXCLUSION COUNT =         0
 TOTAL 1-4 EXCLUSIONS  =         0
 TOTAL NON-EXCLUSIONS  =         0
  
 CHARMM>            if ?npair .gt. 0 goto doinit
 RDCMND substituted energy or value "?NPAIR" to "0"
 Comparing "0" and "0".
 IF test evaluated as false.  Skipping command
  
 CHARMM>     
  
 CHARMM>            calc cntrand = 0
Evaluating: 0
 Parameter: CNTRAND <- "0"
  
 CHARMM>            increase i by 1
 Parameter: I <- "51"
  
 CHARMM>            if i .le. @nion goto doinit
 Parameter: NION -> "50"
 Comparing "51" and "50".
 IF test evaluated as false.  Skipping command
  
 CHARMM>     
  
 CHARMM>        label continue
  
 CHARMM>     
  
 CHARMM>        CRYSTAL FREE
  
 CHARMM>     
  
 CHARMM>        ! get the number of @pos residues to reorder
  
 CHARMM>        define JUNK sele ( segid IONS .or. LPSION ) .and. resname @pos end
 Parameter: POS -> "POT"
 SELRPN>      0 atoms have been selected out of  17424
  
 CHARMM>        set natoms = ?nsel
 RDCMND substituted energy or value "?NSEL" to "0"
 Parameter: NATOMS <- "0"
  
 CHARMM>        calc nresi = @natoms / @natompos
 Parameter: NATOMS -> "0"
 Parameter: NATOMPOS -> "1"
Evaluating: 0/1
 Parameter: NRESI <- "0"
  
 CHARMM>        incr npos by @nresi
 Parameter: NRESI -> "0"
 Parameter: NPOS <- "36"
  
 CHARMM>     
  
 CHARMM>        ! join POS to @pos via reordering
  
 CHARMM>        if nresi .gt. 0 then
 Comparing "0" and "0".
 IF test evaluated as false.  Skip to ELSE or ENDIF
  
 CHARMM>     
  
 CHARMM>        ! update LPS selection
  
 CHARMM>        define LPSION sele segid LION .or. segid CION .or. segid OION end
 SELRPN>      0 atoms have been selected out of  17424
  
 CHARMM>     
  
 CHARMM>        ! get the number of @neg residues to reorder
  
 CHARMM>        define JUNK sele ( segid IONS .or. LPSION ) .and. resname @neg end
 Parameter: NEG -> "CLA"
 SELRPN>      0 atoms have been selected out of  17424
  
 CHARMM>        set natoms = ?nsel
 RDCMND substituted energy or value "?NSEL" to "0"
 Parameter: NATOMS <- "0"
  
 CHARMM>        calc nresi = @natoms / @natomneg
 Parameter: NATOMS -> "0"
 Parameter: NATOMNEG -> "1"
Evaluating: 0/1
 Parameter: NRESI <- "0"
  
 CHARMM>        incr nneg by @nresi
 Parameter: NRESI -> "0"
 Parameter: NNEG <- "14"
  
 CHARMM>     
  
 CHARMM>        ! join NEG to @neg via reordering
  
 CHARMM>        if nresi .gt. 0 then
 Comparing "0" and "0".
 IF test evaluated as false.  Skip to ELSE or ENDIF
  
 CHARMM>            ! if POS was reordered, NEG may still need to be reordered
  
 CHARMM>            define POS sele segid POS end
 SELRPN>     36 atoms have been selected out of  17424
  
 CHARMM>            set posat = ?selatom
 RDCMND substituted energy or value "?SELATOM" to "17375"
 Parameter: POSAT <- "17375"
  
 CHARMM>     
  
 CHARMM>            define NEG sele segid NEG end
 SELRPN>     14 atoms have been selected out of  17424
  
 CHARMM>            set negat = ?selatom
 RDCMND substituted energy or value "?SELATOM" to "17411"
 Parameter: NEGAT <- "17411"
  
 CHARMM>     
  
 CHARMM>            if negat .eq. 0 goto skipreorder
 Comparing "17411" and "0".
 IF test evaluated as false.  Skipping command
  
 CHARMM>     
  
 CHARMM>            if posat .gt. @negat then
 Parameter: NEGAT -> "17411"
 Comparing "17375" and "17411".
 IF test evaluated as false.  Skip to ELSE or ENDIF
  
 CHARMM>        endif
  
 CHARMM>     
  
 CHARMM>        label skipreorder
  
 CHARMM>     
  
 CHARMM>        ! update LPS selection
  
 CHARMM>        define LPSION sele segid LION .or. segid CION .or. segid OION end
 SELRPN>      0 atoms have been selected out of  17424
  
 CHARMM>     
  
 CHARMM>        !
  
 CHARMM>        ! join everything to IONS segment
  
 CHARMM>        !
  
 CHARMM>        define IONS sele segid IONS end
 SELRPN>      0 atoms have been selected out of  17424
  
 CHARMM>        set nionatoms = ?nsel
 RDCMND substituted energy or value "?NSEL" to "0"
 Parameter: NIONATOMS <- "0"
  
 CHARMM>     
  
 CHARMM>        define POS sele segid POS end
 SELRPN>     36 atoms have been selected out of  17424
  
 CHARMM>        set nposatoms = ?nsel
 RDCMND substituted energy or value "?NSEL" to "36"
 Parameter: NPOSATOMS <- "36"
  
 CHARMM>     
  
 CHARMM>        define NEG sele segid NEG end
 SELRPN>     14 atoms have been selected out of  17424
  
 CHARMM>        set nnegatoms = ?nsel
 RDCMND substituted energy or value "?NSEL" to "14"
 Parameter: NNEGATOMS <- "14"
  
 CHARMM>     
  
 CHARMM>        if nionatoms .gt. 0 then
 Comparing "0" and "0".
 IF test evaluated as false.  Skip to ELSE or ENDIF
  
 CHARMM>            rename segid IONS sele segid POS end
 SELRPN>     36 atoms have been selected out of  17424
 SEGMENT 'POS     ' IS RENAMED TO 'IONS    '
  
 CHARMM>        endif
  
 CHARMM>     
  
 CHARMM>        define IONS sele segid IONS end
 SELRPN>     36 atoms have been selected out of  17424
  
 CHARMM>        set nionatoms = ?nsel
 RDCMND substituted energy or value "?NSEL" to "36"
 Parameter: NIONATOMS <- "36"
  
 CHARMM>     
  
 CHARMM>        if nionatoms .gt. 0 then
 Comparing "36" and "0".
 IF test evaluated as true.  Performing command
  
 CHARMM>            if nnegatoms .gt. 0 join IONS NEG renumber
 Comparing "14" and "0".
 IF test evaluated as true.  Performing command
 SEGMENTS "IONS    " AND "NEG     " HAVE BEEN JOINED.
 THE RESIDUE IDENTIFIERS HAVE BEEN RENUMBERED
 PSFSUM> PSF modified: NONBOND lists and IMAGE atoms cleared.
 PSFSUM> Summary of the structure file counters :
         Number of segments      =        8   Number of residues   =      186
         Number of atoms         =    17424   Number of groups     =     4527
         Number of bonds         =    17240   Number of angles     =    33136
         Number of dihedrals     =    46076   Number of impropers  =      295
         Number of cross-terms   =        0   Number of autogens   =        0
         Number of HB acceptors  =       12   Number of HB donors  =       30
         Number of NB exclusions =        0   Total charge =   -0.00000
  
 CHARMM>        else
 Skip commands until next ENDIF
  
 CHARMM>     
  
 CHARMM>        incr ionind
 Parameter: IONIND <- "2"
  
 CHARMM>        if ionind le @niontypes goto do_ion
 Parameter: NIONTYPES -> "1"
 Comparing "2" and "1".
 IF test evaluated as false.  Skipping command
  
 CHARMM>     
  
 CHARMM>     
  
 CHARMM>    CRYSTAL FREE
  
 CHARMM>     
  
 CHARMM>    open read unit 10 card name step4.3_ion_protmemb.crd
 OPNLGU> Unit already open. The old file will be closed first.
 VCLOSE: Closing unit   10 with status "KEEP"
 VOPEN> Attempting to open::step4.3_ion_protmemb.crd::
 OPNLGU> Unit 10 opened for READONLY access to step4.3_ion_protmemb.crd
  
 CHARMM>    read coor unit 10 card
          SPATIAL COORDINATES BEING READ FROM UNIT 10
 TITLE> * GENERATED BY CHARMM-GUI (HTTP://WWW.CHARMM-GUI.ORG) V3.7 ON AUG, 28. 2026. JOB
 TITLE> * GENERATES ION CONFORMATION USING MONTE-CARLO SIMULATION
 TITLE> *  DATE:     8/28/26     23: 8:34      CREATED BY USER: CHARMM-GUI
 TITLE> *

 ** WARNING ** Coordinates were overwritten for 17374 atoms.
 *** LEVEL  2 WARNING *** BOMLEV IS    0
  
 CHARMM>     
  
 CHARMM>    write coor pdb name step4.3_ion.pdb
 VOPEN> Attempting to open::step4.3_ion.pdb::
 RDTITL>  
 RDTITL> No title read.
  Write CHARMM-pdb format
 VCLOSE: Closing unit   90 with status "KEEP"
  
 CHARMM>     
  
 CHARMM>    calc cgtotinit = ?cgtot
 RDCMND substituted energy or value "?CGTOT" to "-3.588240816E-13"
Evaluating: -3.588240816E-13
 Parameter: CGTOTINIT <- "-3.588240816E-13"
  
 CHARMM>    calc cgtot = int( ?cgtot )
 RDCMND substituted energy or value "?CGTOT" to "-3.588240816E-13"
Evaluating: INT(-3.588240816E-13)
 Parameter: CGTOT <- "0"
  
 CHARMM>    if cgtot .ne. 0 stop ! ABNORMAL TERMINATION: failure to neutralize system
 Comparing "0" and "0".
 IF test evaluated as false.  Skipping command
  
 CHARMM>    calc cgdiff = abs(@cgtot - @cgtotinit)
 Parameter: CGTOT -> "0"
 Parameter: CGTOTINIT -> "-3.588240816E-13"
Evaluating: ABS(0--3.588240816E-13)
 Parameter: CGDIFF <- "3.588240816E-13"
  
 CHARMM>    if cgdiff .gt. 0.0001 stop ! ABNORMAL TERMINATION: failure to neutralize system
 Comparing "3.588240816E-13" and "0.0001".
 IF test evaluated as false.  Skipping command
  
 CHARMM>     
  
 CHARMM>    delete atom sele .not. ( segid IONS ) end
 SELRPN>  17374 atoms have been selected out of  17424

 Message from MAPIC: Atom numbers are changed.

 Message from MAPIC:        136 residues deleted.

 Message from MAPIC:          7 segments deleted.
 DELTIC:     17240 bonds deleted
 DELTIC:     33136 angles deleted
 DELTIC:     46076 dihedrals deleted
 DELTIC:       295 improper dihedrals deleted
 DELTIC:        30 donors deleted
 DELTIC:        12 acceptors deleted
 PSFSUM> PSF modified: NONBOND lists and IMAGE atoms cleared.
 PSFSUM> Summary of the structure file counters :
         Number of segments      =        1   Number of residues   =       50
         Number of atoms         =       50   Number of groups     =       50
         Number of bonds         =        0   Number of angles     =        0
         Number of dihedrals     =        0   Number of impropers  =        0
         Number of cross-terms   =        0   Number of autogens   =        0
         Number of HB acceptors  =        0   Number of HB donors  =        0
         Number of NB exclusions =        0   Total charge =   22.00000
  
 CHARMM>     
  
 CHARMM>    bomlev 2 ! force error if no atoms written
  
 CHARMM>     
  
 CHARMM>    write psf  card name step4.3_ion.psf
 VOPEN> Attempting to open::step4.3_ion.psf::
 RDTITL> WRITE COOR CARD NAME STEP4.3_ION.CRD
 RDTITL> No title read.
 VCLOSE: Closing unit   90 with status "KEEP"
 VCLOSE: Closing unit   90 with status "KEEP"
  
 CHARMM>    write coor card name step4.3_ion.crd
 VOPEN> Attempting to open::step4.3_ion.crd::
 RDTITL>  
 RDTITL> No title read.
 VCLOSE: Closing unit   90 with status "KEEP"
 VCLOSE: Closing unit   90 with status "KEEP"
  
 CHARMM>     
  
 CHARMM>    write title card name step4.3_ion.str
 VOPEN> Attempting to open::step4.3_ion.str::
 RDTITL> * SET NIONTYPES = 1
 RDTITL> * SET NPOSTOT = 36
 RDTITL> * SET NNEGTOT = 14
 RDTITL> * SET NIONTOT = 50
 RDTITL> *
 VCLOSE: Closing unit   90 with status "KEEP"
 **** Warning ****  The following extraneous characters
 were found while command processing in CHARMM
 CARD
  
 CHARMM>     
  
 CHARMM>    stop
 VCLOSE: Closing unit   10 with status "KEEP"
 VCLOSE: Closing unit   20 with status "KEEP"
$$$$$$  New timer profile $$$$$
 Total time                     16.47 Other:            0.00

                    NORMAL TERMINATION BY NORMAL STOP
                    MOST SEVERE WARNING WAS AT LEVEL  1

                    $$$$$ JOB ACCOUNTING INFORMATION $$$$$
                     ELAPSED TIME:    16.47  SECONDS 
                         CPU TIME:    16.47  SECONDS 
