#"Step","Time (ps)","Potential Energy (kJ/mole)","Temperature (K)","Speed (ns/day)"
5000,10.000000000000009,-206257.17200161167,300.55938664053673,0
10000,19.999999999999794,-205671.44031335157,296.64462419200794,663
15000,29.99999999999425,-206506.8421067358,297.63206101733186,654
20000,40.00000000000292,-206368.85106196802,297.49408503363975,654
25000,50.00000000001514,-205215.4516818734,298.8512347076311,656
30000,60.00000000002736,-206126.80449542007,297.3594843090692,657
35000,70.00000000001826,-205639.6702169379,298.2572510738412,656
40000,79.99999999999496,-205756.47127577337,306.02760435145257,656
45000,89.99999999997165,-205621.2488607663,301.342318439283,655
50000,99.99999999994834,-205560.59849314892,298.6594835782094,655
55000,109.99999999992504,-206300.06626139954,301.14894875023,655
60000,119.99999999990173,-205660.90257211914,303.98437810970853,656
65000,129.99999999989262,-205722.36297331215,300.15276022391635,655
70000,139.99999999994037,-206352.77022054303,301.88751504697734,655
75000,149.99999999998812,-205601.4885148016,300.98506981836056,654
80000,160.00000000003587,-205874.95905542816,299.94669190388294,655
85000,170.00000000008362,-205296.38260509085,299.07919880321003,655
90000,180.00000000013137,-205581.7724850059,301.52050958025364,656
95000,190.0000000001791,-206059.7818508806,298.3060714774983,655
100000,200.00000000022686,-206087.95561810664,296.9388009645047,655
105000,210.0000000002746,-205459.24091847113,298.52519734953245,655
110000,220.00000000032236,-206149.5881029506,297.54306434787685,655
115000,230.0000000003701,-205471.8067622562,300.36470499216654,655
120000,240.00000000041786,-205554.42187037272,300.81419190452044,655
125000,250.0000000004656,-206278.17017036083,300.65489341351014,655
130000,260.00000000051335,-205432.079170492,300.93021758507757,655
135000,270.0000000005611,-205979.82931551605,298.61758577589717,655
140000,280.00000000060885,-205985.7219679749,298.0209552685217,655
145000,290.0000000006566,-206182.78998401505,301.01086334704496,655
150000,300.00000000070435,-205606.67569191894,302.32117136465956,655
155000,310.0000000007521,-206194.19669862383,297.97300836540813,655
160000,320.00000000079984,-206055.51927089924,299.96853554484653,655
165000,330.0000000008476,-205375.7145915915,302.80737155163933,655
170000,340.00000000089534,-206433.1095400066,304.3537991509212,655
175000,350.0000000009431,-205289.40130468272,304.1358264095078,655
180000,360.00000000099084,-206525.7985389745,299.37165762689386,655
185000,370.0000000010386,-206398.3225481403,296.29839877994624,655
190000,380.00000000108633,-205919.07151375257,301.7944896175051,655
195000,390.0000000011341,-205835.870120654,304.95301311902006,655
200000,400.00000000118183,-205409.4180430884,298.40060604581413,655
205000,410.0000000012296,-205804.3894142965,299.88830711346543,655
210000,420.00000000127733,-205705.24630126264,299.75693251672413,655
215000,430.0000000013251,-205406.5311564179,300.9637100120276,654
220000,440.0000000013728,-206036.36557952978,300.12194554383683,654
225000,450.0000000014206,-206418.7231523753,301.36359034901324,655
230000,460.0000000014683,-205641.54262006632,300.3946199169305,654
235000,470.00000000151607,-205899.0268448993,299.8920227985115,654
240000,480.0000000015638,-205548.70077538618,302.65855441943637,654
245000,490.00000000161157,-205912.1069970806,302.0033034225291,653
250000,500.0000000016593,-205556.82767883153,300.05383776174097,653
255000,510.00000000170706,-206196.93195560714,296.756902183015,653
260000,520.0000000015274,-205640.36852979823,304.01023968960044,653
265000,530.0000000012909,-206006.34641937562,296.9729037281936,653
270000,540.0000000010544,-205944.59769853228,302.40590559134705,653
275000,550.000000000818,-206264.04621812224,300.2960038512538,653
280000,560.0000000005815,-205698.87048577913,305.79468385116576,653
285000,570.000000000345,-205698.2389906518,304.51564269440064,653
290000,580.0000000001086,-205344.23819594248,301.3172421780477,653
295000,589.9999999998721,-205983.6719810383,301.3473603975468,653
300000,599.9999999996356,-206135.41243323823,303.07825750978407,653
305000,609.9999999993992,-205913.67569767789,298.1517964527785,653
310000,619.9999999991627,-206150.8247029857,299.5448906746075,652
315000,629.9999999989262,-205292.54686472577,306.10272291218746,653
320000,639.9999999986898,-204831.7436269269,297.9396235521719,652
325000,649.9999999984533,-205393.60050063033,300.0991074146663,652
330000,659.9999999982168,-205729.3908552525,302.68160420346356,652
335000,669.9999999979804,-205922.2133745196,297.88147227195986,652
340000,679.9999999977439,-205328.3516018961,303.2636815222587,652
345000,689.9999999975074,-206080.801329909,297.3926830021766,652
350000,699.999999997271,-206131.82012189075,302.04178062214606,652
355000,709.9999999970345,-205533.59317242284,293.08648585253826,651
360000,719.999999996798,-206506.23992213432,301.7237309865222,651
365000,729.9999999965615,-206227.85614019446,300.72750895896775,651
370000,739.9999999963251,-205418.81781427877,296.87218790897214,651
375000,749.9999999960886,-206023.42066049087,301.1623574541745,651
380000,759.9999999958521,-205588.4018158262,295.14751726409236,651
385000,769.9999999956157,-205831.62013313116,300.12213849377537,651
390000,779.9999999953792,-206636.12639107252,301.459382894899,651
395000,789.9999999951427,-204944.8122156408,300.54141967334124,651
400000,799.9999999949063,-205663.10707709834,303.0623749490992,651
405000,809.9999999946698,-205307.85627996235,303.0449239459347,651
410000,819.9999999944333,-205638.33938249794,297.5223335188782,651
415000,829.9999999941969,-206436.92298917833,299.7439655083248,651
420000,839.9999999939604,-205800.4682068783,297.8887186966478,651
425000,849.9999999937239,-205682.9828785929,300.0582547993448,651
430000,859.9999999934874,-205982.7912881854,301.790040868407,651
435000,869.999999993251,-205562.95840547606,302.4171980841738,651
440000,879.9999999930145,-205742.2283075857,295.4087842618259,651
445000,889.999999992778,-206665.36879182002,300.9719655973448,651
450000,899.9999999925416,-206151.06757361442,301.97962157062267,651
455000,909.9999999923051,-205745.81076198956,305.7535829954245,651
460000,919.9999999920686,-205670.97689229308,301.40095800353964,651
465000,929.9999999918322,-205340.5236974561,302.9093477594219,651
470000,939.9999999915957,-206375.6344074515,300.88398048866725,651
475000,949.9999999913592,-206498.45000548125,299.8888389696317,651
480000,959.9999999911228,-205926.32337078592,297.3423723379179,651
485000,969.9999999908863,-205687.77217700554,305.3661196537482,651
490000,979.9999999906498,-205850.79042205773,302.3816814631952,651
495000,989.9999999904134,-205664.19004029362,299.00808587292164,651
500000,999.9999999901769,-205290.34059059503,296.4133453289526,651
505000,1009.9999999899404,-206647.65522066457,297.98259607764044,651
510000,1019.999999989704,-206063.45790473674,299.442018130278,651
515000,1029.9999999894676,-205380.78042055608,303.90553708271926,651
520000,1039.9999999892311,-205465.90209626686,303.9451960722791,651
525000,1049.9999999889947,-205577.16534572828,298.95116868802404,651
530000,1059.9999999887582,-205793.58296042506,300.2676829217452,651
535000,1069.9999999885217,-205659.5095042875,303.74518167348657,651
540000,1079.9999999882853,-206334.39994413976,300.5898495929691,651
545000,1089.9999999880488,-206173.41280999559,298.1508930695774,651
550000,1099.9999999878123,-205867.51467806485,302.812689362354,651
555000,1109.9999999875758,-206450.49753696076,295.7267884476005,651
560000,1119.9999999873394,-205566.62319676916,303.9779468013341,651
565000,1129.999999987103,-206284.02884899662,299.51844943764587,651
570000,1139.9999999868664,-205703.2384115865,302.29903456021754,651
575000,1149.99999998663,-205333.10964008968,303.90653388343515,651
580000,1159.9999999863935,-205762.17998842732,302.4592995339358,651
585000,1169.999999986157,-206621.79555739358,300.93203306998646,651
590000,1179.9999999859206,-205599.87152243697,299.6968566891406,651
595000,1189.999999985684,-205893.1010729511,300.3898143246033,651
600000,1199.9999999854476,-205792.04219426448,296.51695107943516,651
605000,1209.9999999852112,-206077.69462023315,296.9805456305762,651
610000,1219.9999999849747,-206003.189094992,304.48567260442485,651
615000,1229.9999999847382,-206041.2122915854,298.6968798326982,651
620000,1239.9999999845018,-205492.70160934876,300.64778005899575,651
625000,1249.9999999842653,-206386.27878843306,300.39849599092696,651
630000,1259.9999999840288,-206092.03931087023,301.0439732873181,651
635000,1269.9999999837923,-205466.08926580194,301.8510969930931,651
640000,1279.9999999835559,-205842.2429345952,296.1166545597649,651
645000,1289.9999999833194,-205609.36819869978,297.76395948202827,651
650000,1299.999999983083,-205246.28903357673,303.7084604931289,651
655000,1309.9999999828465,-206133.32536541834,294.0474477331316,651
660000,1319.99999998261,-206042.55988161743,297.4849620786628,651
665000,1329.9999999823735,-205975.40031428158,303.06617630620934,651
670000,1339.999999982137,-206213.05838825542,301.72894393712846,651
675000,1349.9999999819006,-205400.6930896577,297.51003411714004,651
680000,1359.9999999816641,-206021.8017021604,291.88260081922004,651
685000,1369.9999999814277,-205442.60479392146,300.0388860914867,651
690000,1379.9999999811912,-205697.44300210115,299.41897974449904,651
695000,1389.9999999809547,-205855.70304298867,303.343131432682,651
700000,1399.9999999807183,-205739.5247671915,300.9148268895621,651
705000,1409.9999999804818,-205141.68764622917,298.24353547478194,651
710000,1419.9999999802453,-207231.22800641973,299.92838413901467,651
715000,1429.9999999800089,-206270.53331140825,299.3819593981805,651
720000,1439.9999999797724,-206002.6075109184,294.16728636605916,651
725000,1449.999999979536,-205729.18332072184,298.3524588610201,651
730000,1459.9999999792994,-205922.91423804313,304.1434435200563,651
735000,1469.999999979063,-205192.8119661467,296.7312433888829,651
740000,1479.9999999788265,-206018.3332892951,294.5992607917376,651
745000,1489.99999997859,-204662.09857766156,298.26923911585516,651
750000,1499.9999999783536,-205790.23175104207,296.7294499394751,651
755000,1509.999999978117,-205645.63745730917,300.65625768174493,651
760000,1519.9999999778806,-205650.11545367853,302.38677015377135,651
765000,1529.9999999776442,-205913.68738552695,300.6843898223643,651
770000,1539.9999999774077,-206340.41476047668,302.1086960092536,651
775000,1549.9999999771712,-205726.09787810955,302.7719529184189,651
780000,1559.9999999769348,-205637.74593599362,296.26034595669677,651
785000,1569.9999999766983,-205704.16609858233,294.31097065029985,651
790000,1579.9999999764618,-206077.90238412237,303.6909721870097,651
795000,1589.9999999762254,-205611.41968584014,296.75455941577076,651
800000,1599.9999999759889,-206112.53595186095,301.6100972429411,651
805000,1609.9999999757524,-205299.22924459912,300.28872073361777,651
810000,1619.999999975516,-206143.4488695144,301.93715865614337,651
815000,1629.9999999752795,-206012.88764558348,305.5163481230015,651
820000,1639.999999975043,-205665.4547958516,299.04528381783547,651
825000,1649.9999999748065,-205561.65463167825,302.68501088351877,651
830000,1659.99999997457,-205921.3290389605,300.56751722115615,651
835000,1669.9999999743336,-206311.93973964418,298.91763197210304,651
840000,1679.9999999740971,-205756.23054268572,304.75985880979977,651
845000,1689.9999999738607,-205693.61585815845,300.13515312093,651
850000,1699.9999999736242,-205293.52170847205,303.25862737069133,651
855000,1709.9999999733877,-205879.83060418477,295.3890972684314,650
860000,1719.9999999731513,-205911.6071099873,301.24623205608646,649
865000,1729.9999999729148,-206056.76358556526,303.26985412514944,648
870000,1739.9999999726783,-205774.12648800737,300.1020907331056,647
875000,1749.9999999724419,-205885.92153275246,306.48302687504207,646
880000,1759.9999999722054,-205287.03618078202,303.3623219374543,645
885000,1769.999999971969,-206390.94305679027,298.130315658457,643
890000,1779.9999999717324,-205354.83731413283,301.4875277592457,640
895000,1789.999999971496,-206990.32802492986,300.62301150982404,633
900000,1799.9999999712595,-205891.91615639336,298.7204116596393,627
905000,1809.999999971023,-206222.848403831,297.7320545709992,621
910000,1819.9999999707866,-205738.74202343042,296.93861292830064,615
915000,1829.99999997055,-206036.0197173747,299.61926947848957,609
920000,1839.9999999703136,-205902.70895055216,299.16475456426804,603
925000,1849.9999999700772,-205847.88088183408,295.7317824472976,597
930000,1859.9999999698407,-206220.7792261606,302.7561932666089,592
935000,1869.9999999696042,-205289.25324444065,303.9282536261418,587
940000,1879.9999999693678,-206046.06315364945,299.09013657930007,581
945000,1889.9999999691313,-206102.01318094274,299.9690817159367,577
950000,1899.9999999688948,-205666.71629711532,301.3780747218516,572
955000,1909.9999999686584,-206000.21029891388,302.5464509884584,567
960000,1919.999999968422,-205434.7890844182,303.1173048302805,562
965000,1929.9999999681854,-205752.39387469087,299.6670695478934,558
970000,1939.999999967949,-206169.94555288565,298.1838098943608,554
975000,1949.9999999677125,-205414.284409562,302.9357895602125,550
980000,1959.999999967476,-205706.8693855754,303.4173642788478,545
985000,1969.9999999672395,-205724.2459114244,293.19283368699087,541
990000,1979.999999967003,-206209.13690901443,300.54700174057876,537
995000,1989.9999999667666,-204995.4629629486,295.5416432201557,533
1000000,1999.9999999665301,-205896.63904677262,302.4152577431624,530
1005000,2009.9999999662937,-206256.5158133168,299.0735559437493,526
1010000,2019.9999999660572,-205164.5356728083,299.9750393771138,523
1015000,2029.9999999658207,-206169.16029341565,297.8547349979749,519
1020000,2039.9999999655843,-205777.78646709688,301.1740074901381,516
1025000,2049.999999965348,-205047.1137062303,299.5954598356608,512
1030000,2059.9999999651113,-205935.47961219505,300.31842126752184,509
1035000,2069.999999964875,-206568.96561557485,300.4202950939898,506
1040000,2079.9999999646384,-205448.50184157805,298.2958025048051,503
1045000,2089.999999964402,-205572.72617320542,303.09808547004576,500
1050000,2099.9999999641655,-205735.1545872084,304.56019321733686,497
1055000,2109.999999963929,-206669.22920613724,302.72468944447644,494
1060000,2119.9999999636925,-206097.23869056685,299.29606948508575,491
1065000,2129.999999963456,-204748.29087483138,297.79123403260814,488
1070000,2139.9999999632196,-206053.1351653235,303.2608677376351,485
1075000,2149.999999962983,-205646.76711211272,300.3021414404601,483
1080000,2159.9999999627466,-206363.13662650413,303.89484905081974,480
1085000,2169.99999996251,-206410.32518851617,304.64166874974836,478
1090000,2179.9999999622737,-205498.4629943096,303.68643811246756,475
1095000,2189.9999999620372,-205684.5312191774,299.6577298415142,472
1100000,2199.9999999618008,-205711.86933557037,298.2152400464513,470
1105000,2209.9999999615643,-205984.2930187576,298.4610397699634,468
1110000,2219.999999961328,-205856.08015683317,300.7808657227701,466
1115000,2229.9999999610914,-205857.97277716943,303.32274802490304,463
1120000,2239.999999960855,-205886.40885726386,297.62369570764196,461
1125000,2249.9999999606184,-205283.4863881003,298.31421777344065,459
1130000,2259.999999960382,-205675.3491336113,298.1756851938753,457
1135000,2269.9999999601455,-206017.01021743752,300.6126123011669,454
1140000,2279.999999959909,-205738.33642116212,300.42885502498916,452
1145000,2289.9999999596726,-205544.1510887685,295.47480693650357,450
1150000,2299.999999959436,-205733.75990476878,300.44979126553585,448
1155000,2309.9999999591996,-206566.59877551673,301.4112787997329,446
1160000,2319.999999958963,-205817.6698795854,298.00766877197856,444
1165000,2329.9999999587267,-205828.93118494248,294.0501948835107,442
1170000,2339.99999995849,-206025.39554209413,304.8177894424984,441
1175000,2349.9999999582537,-205322.8615087394,299.3931340739026,439
1180000,2359.9999999580173,-206116.33081746276,296.6796939399738,437
1185000,2369.999999957781,-205958.13036484504,303.50052382058163,435
1190000,2379.9999999575443,-206794.1456829768,302.6886041019024,433
1195000,2389.999999957308,-206229.17730865453,300.81722771800963,432
1200000,2399.9999999570714,-206376.41023278446,303.51237899322985,430
1205000,2409.999999956835,-206033.90079972346,293.562028148681,428
1210000,2419.9999999565985,-205863.9334896222,304.8205443018401,427
1215000,2429.999999956362,-205621.98476528353,302.4431980377198,425
1220000,2439.9999999561255,-206316.739474489,299.4165979488173,423
1225000,2449.999999955889,-205011.0361128489,300.5768653604617,422
1230000,2459.9999999556526,-205745.16041531926,300.2131293359915,420
1235000,2469.999999955416,-205249.20605146769,303.3296181288684,419
1240000,2479.9999999551796,-205996.42774325656,303.37342483103487,417
1245000,2489.999999954943,-206250.5345860531,299.0982774660852,416
1250000,2499.9999999547067,-206878.25589190016,295.51592560104166,414
1255000,2509.9999999544702,-206478.91648168198,304.0150316469443,413
1260000,2519.9999999542338,-206642.38216233265,299.01295694624065,411
1265000,2529.9999999539973,-206043.8816919783,300.37840345844216,410
1270000,2539.999999953761,-204659.8719867533,303.704262988078,409
1275000,2549.9999999535244,-206549.1183448363,303.46834443235565,407
1280000,2559.999999953288,-205779.74407644465,300.45509533804795,406
1285000,2569.9999999530514,-205659.58512073196,302.1880160081831,405
1290000,2579.999999952815,-206450.07002474053,296.67999567623906,403
1295000,2589.9999999525785,-205912.28982013103,300.07729344340333,402
1300000,2599.999999952342,-205318.25784024736,300.9074460637061,401
1305000,2609.9999999521056,-205806.72484194557,297.0408861348328,399
1310000,2619.999999951869,-205850.68140387838,302.8957939763887,398
1315000,2629.9999999516326,-205060.35287012067,299.32172353587333,397
1320000,2639.999999951396,-205078.56466360344,294.3249616989973,396
1325000,2649.9999999511597,-205345.81950015202,298.8166404297267,395
1330000,2659.999999950923,-205640.09877770953,298.4132619429763,393
1335000,2669.9999999506867,-206012.97369659785,300.77326530698997,392
1340000,2679.9999999504503,-205552.41793360084,298.94960845122876,391
1345000,2689.999999950214,-204900.95274831797,302.6610207214248,390
1350000,2699.9999999499773,-205559.46536157827,298.85206185179607,389
1355000,2709.999999949741,-205840.02378250076,301.26911200846985,387
1360000,2719.9999999495044,-205252.55018549168,303.9690957802393,386
1365000,2729.999999949268,-205504.0915585145,301.69386316495894,385
1370000,2739.9999999490315,-205440.76879275404,302.49800317411115,384
1375000,2749.999999948795,-206044.24990260974,298.37855363369795,383
1380000,2759.9999999485585,-206291.36987269658,299.287891723764,382
1385000,2769.999999948322,-205534.3129079244,300.0631763663338,381
1390000,2779.9999999480856,-205801.25798541575,299.9808761835883,380
1395000,2789.999999947849,-205614.62799436902,303.9990439444831,379
1400000,2799.9999999476127,-206535.6660162669,301.8007707280413,378
1405000,2809.999999947376,-205513.59042874572,301.27540890081815,377
1410000,2819.9999999471397,-206410.7608228348,296.628137342428,376
1415000,2829.9999999469032,-205138.9906985846,300.06705260932074,375
1420000,2839.999999946667,-205339.06320845347,296.26095163846264,374
1425000,2849.9999999464303,-204997.27410488157,298.94891602343466,374
1430000,2859.999999946194,-206344.28582469595,299.47922862094606,373
1435000,2869.9999999459574,-205402.34243595996,301.66281000737547,372
1440000,2879.999999945721,-205571.8312720632,298.16809699034826,371
1445000,2889.9999999454844,-205635.28785546753,302.89929568473343,370
1450000,2899.999999945248,-205285.40989242785,301.8185721374237,369
1455000,2909.9999999450115,-206449.57614329876,295.887733704157,368
1460000,2919.999999944775,-205473.26791477168,297.40753799286784,367
1465000,2929.9999999445386,-206124.1319311465,300.22014582551924,367
1470000,2939.999999944302,-205458.5658127243,295.06049388967256,366
1475000,2949.9999999440656,-205394.1871482199,301.9352582189275,365
1480000,2959.999999943829,-205846.9287638096,297.1572633702882,364
1485000,2969.9999999435927,-205500.01740458317,304.98321981786427,363
1490000,2979.999999943356,-206127.8906607133,294.5202802155643,363
1495000,2989.9999999431197,-206477.7171949771,298.71116584289086,362
1500000,2999.9999999428833,-205856.5919186715,300.91006817088754,361
1505000,3009.999999942647,-205521.57526638045,298.50753620989923,360
1510000,3019.9999999424103,-205473.75605941168,296.54474109577546,359
1515000,3029.999999942174,-205792.02392578986,297.6938794499876,359
1520000,3039.9999999419374,-206030.30945155944,298.30709619314194,358
1525000,3049.999999941701,-204817.69148901908,298.94319825646534,357
1530000,3059.9999999414645,-205888.96748194273,300.2557564262322,357
1535000,3069.999999941228,-205575.62104131468,295.7282660498918,356
1540000,3079.9999999409915,-205543.3979056361,303.1470853367361,355
1545000,3089.999999940755,-206514.07253770472,296.45174249420035,354
1550000,3099.9999999405186,-206023.5055544239,298.3305166363529,354
1555000,3109.999999940282,-205973.97850447835,298.03326776186145,353
1560000,3119.9999999400457,-205630.32504027628,297.94083539862106,352
1565000,3129.999999939809,-206585.72645766567,295.1391434639362,352
1570000,3139.9999999395727,-205859.67737582535,301.0836085954157,351
1575000,3149.9999999393362,-206841.32065921067,300.92504795236397,350
1580000,3159.9999999391,-206351.20402252267,304.61922926103193,350
1585000,3169.9999999388633,-205646.48732629104,302.61614609363073,349
1590000,3179.999999938627,-206659.72935975099,296.4274488793353,349
1595000,3189.9999999383904,-206429.4485357718,300.2041568213903,348
1600000,3199.999999938154,-205542.54961863603,301.50282785470375,347
1605000,3209.9999999379174,-206427.45411163103,298.8778164350317,347
1610000,3219.999999937681,-206075.83148437354,299.9434826650717,346
1615000,3229.9999999374445,-206747.80871327617,300.00383205128367,346
1620000,3239.999999937208,-204882.84090413293,302.82976985056183,345
1625000,3249.9999999369716,-205667.11108795728,297.6650545968356,344
1630000,3259.999999936735,-205433.16040241485,298.7926099942314,344
1635000,3269.9999999364986,-205279.47732533189,300.22074711476193,343
1640000,3279.999999936262,-206394.8383633009,296.92245891561384,343
1645000,3289.9999999360257,-206892.92211489996,301.895614561639,342
1650000,3299.999999935789,-205778.60473102832,299.9880871331406,341
1655000,3309.9999999355528,-205751.46155655896,303.4900473313622,341
1660000,3319.9999999353163,-206114.24849513092,298.9423661845035,340
1665000,3329.99999993508,-205896.7272737926,299.3570180584756,340
1670000,3339.9999999348433,-205953.5060522498,297.01171083214484,339
1675000,3349.999999934607,-205621.01897287532,297.65556714047096,339
1680000,3359.9999999343704,-205862.25403788127,299.9867055733568,338
1685000,3369.999999934134,-205839.80409552203,299.245898707242,338
1690000,3379.9999999338975,-205125.0882204672,301.13796720730153,337
1695000,3389.999999933661,-205208.76599283796,303.5542829842947,337
1700000,3399.9999999334245,-206023.98704322882,297.510222384251,336
1705000,3409.999999933188,-206047.8061505591,300.9898235894306,336
1710000,3419.9999999329516,-206353.55555351742,304.1742845673985,335
1715000,3429.999999932715,-205885.4874134818,296.9137989709949,335
1720000,3439.9999999324787,-205433.69346347707,305.4175534061766,334
1725000,3449.999999932242,-205976.19286573562,300.76714071030165,334
1730000,3459.9999999320057,-205523.29230148788,297.1635299059886,333
1735000,3469.9999999317693,-206659.23420888057,298.71495862963343,333
1740000,3479.999999931533,-205880.0102785239,297.8703931350682,332
1745000,3489.9999999312963,-205640.95246674074,300.08866083541903,332
1750000,3499.99999993106,-206208.8402114422,303.87040711789774,331
1755000,3509.9999999308234,-206078.66761757853,296.3074693934063,331
1760000,3519.999999930587,-206355.4073379134,294.6206791016893,330
1765000,3529.9999999303504,-205568.88043717225,299.1128967246145,330
1770000,3539.999999930114,-206104.68039641972,298.4201613155656,329
1775000,3549.9999999298775,-205257.21260138415,301.3295447671355,329
1780000,3559.999999929641,-205992.8000175244,297.5096089275545,329
1785000,3569.9999999294046,-205921.6315774346,299.17781174421793,328
1790000,3579.999999929168,-205364.33633135376,301.94956883565186,328
1795000,3589.9999999289316,-205580.03030990635,302.604350865805,327
1800000,3599.999999928695,-205169.52672000113,298.24698581007186,327
1805000,3609.9999999284587,-205729.80511732004,302.2124583926639,326
1810000,3619.999999928222,-205951.74547074374,296.10272777523477,326
1815000,3629.9999999279858,-206118.65586975962,298.88932918217125,326
1820000,3639.9999999277493,-205544.58426729415,298.7060957743609,325
1825000,3649.999999927513,-206255.06505231257,302.1821175993079,325
1830000,3659.9999999272763,-206327.52966338326,301.62751639374903,324
1835000,3669.99999992704,-206115.3839509877,301.84410374138423,324
1840000,3679.9999999268034,-205354.91111109522,299.7995087558093,323
1845000,3689.999999926567,-204842.14940024784,301.0698091010084,323
1850000,3699.9999999263305,-206710.14936434512,300.1408173785395,323
1855000,3709.999999926094,-205737.07852923032,297.9178414776651,322
1860000,3719.9999999258575,-205443.24337790988,300.18438683377116,322
1865000,3729.999999925621,-205861.6843804462,302.0535828927723,321
1870000,3739.9999999253846,-206111.3332983146,297.9503949006286,321
1875000,3749.999999925148,-205266.3633616157,300.55793445362735,321
1880000,3759.9999999249117,-205458.30389343202,297.4179846059622,320
1885000,3769.999999924675,-206125.13626220904,300.7751817473374,320
1890000,3779.9999999244387,-205823.94602239027,299.9311331227445,320
1895000,3789.9999999242023,-206010.5134757182,298.1882955113245,319
1900000,3799.999999923966,-205948.4664645627,301.8176517750843,319
1905000,3809.9999999237293,-205311.10214007134,302.3198353825841,318
1910000,3819.999999923493,-205919.7138572191,303.82327906541,318
1915000,3829.9999999232564,-205730.7082210956,300.2695107645591,318
1920000,3839.99999992302,-205106.81318895868,301.2715384142687,317
1925000,3849.9999999227834,-205711.7122753529,299.1009873807444,317
1930000,3859.999999922547,-205726.25558746385,302.00645892794284,317
1935000,3869.9999999223105,-206133.09900467482,303.9300980881271,316
1940000,3879.999999922074,-206179.74793038517,300.94135701782494,316
1945000,3889.9999999218376,-205594.90777254768,298.8077404603538,316
1950000,3899.999999921601,-205926.6289882859,298.8680120387627,315
1955000,3909.9999999213646,-206304.96773297002,297.5897362336706,315
1960000,3919.999999921128,-205798.82840073796,305.0796349945111,315
1965000,3929.9999999208917,-205507.52417293575,296.2436381841548,314
1970000,3939.9999999206552,-205970.64234049642,302.2294920547787,314
1975000,3949.9999999204188,-205518.3189631122,300.98306210985623,314
1980000,3959.9999999201823,-205744.59329989273,297.1353506090939,313
1985000,3969.999999919946,-206778.9178101801,301.3189185806844,313
1990000,3979.9999999197094,-206355.64556412958,305.72552526029176,313
1995000,3989.999999919473,-205661.45369508897,292.4322530411246,312
2000000,3999.9999999192364,-205547.93552589638,298.1630047048719,312
2005000,4009.999999919,-206046.5633728616,303.70021189006184,312
2010000,4019.9999999187635,-205424.7247936636,302.5258919364448,311
2015000,4029.999999918527,-206192.0814378428,297.9978093205429,311
2020000,4039.9999999182905,-206818.52682097733,297.817603852042,311
2025000,4049.999999918054,-205934.1143092009,303.680781037427,311
2030000,4059.9999999178176,-206007.7176549679,304.6632190377832,310
2035000,4069.999999917581,-205534.06619594456,298.59473694367,310
2040000,4079.9999999173447,-206576.87951466092,298.90102457944516,310
2045000,4089.999999917108,-206045.9878258471,301.2863203469914,309
2050000,4099.999999917781,-205370.87594187167,297.5997801606461,309
2055000,4109.999999919818,-206212.70469692198,303.081150924926,309
2060000,4119.999999921855,-205588.47916987655,303.03271763809516,308
2065000,4129.999999923893,-206030.7710703119,302.3482630391098,308
2070000,4139.99999992593,-206509.79824352567,303.55565976362794,308
2075000,4149.999999927967,-205653.87750452617,302.1991553785889,308
2080000,4159.999999930004,-206390.65944972762,300.16326736282855,307
2085000,4169.999999932042,-205823.06984749238,300.7160903118631,307
2090000,4179.999999934079,-205830.1460025462,302.60910918705076,307
2095000,4189.999999936116,-206172.09764095594,300.54779330891853,306
2100000,4199.999999938153,-204891.64398902596,304.8005909047994,306
2105000,4209.999999940191,-205347.4367303606,298.5610925184696,306
2110000,4219.999999942228,-205881.00576820818,298.8729134908958,305
2115000,4229.999999944265,-206283.116128337,296.30685910709593,305
2120000,4239.9999999463025,-206042.0058864219,306.15584662761427,305
2125000,4249.99999994834,-205212.9746192617,297.9675832078838,305
2130000,4259.999999950377,-205097.69079199317,295.20858738981957,304
2135000,4269.999999952414,-205631.98896882054,300.00221307623445,304
2140000,4279.999999954452,-205890.1561226307,302.92213637827996,304
2145000,4289.999999956489,-205488.3676233933,294.4434537121672,304
2150000,4299.999999958526,-205307.46089428186,301.0936922898533,303
2155000,4309.999999960563,-205847.40908885724,302.4452828851513,303
2160000,4319.999999962601,-206081.6969006405,298.41673001799785,303
2165000,4329.999999964638,-206738.70320111467,297.88306842712075,303
2170000,4339.999999966675,-205145.7448311512,301.3742892377311,302
2175000,4349.9999999687125,-205605.69725446263,299.77915034161475,302
2180000,4359.99999997075,-206085.52455390536,298.8916916906728,302
2185000,4369.999999972787,-206140.9616247326,299.1829213889404,302
2190000,4379.999999974824,-205491.66986860055,297.6602674325723,301
2195000,4389.999999976862,-206467.4539133379,305.4679210555818,301
2200000,4399.999999978899,-205168.24711758853,295.90905495258147,301
2205000,4409.999999980936,-205349.89170508133,299.0830520449355,301
2210000,4419.999999982973,-205868.51908070222,294.45001057511763,300
2215000,4429.999999985011,-205993.3239371992,300.16211855047294,300
2220000,4439.999999987048,-204904.14372757694,303.7702620150021,300
2225000,4449.999999989085,-205956.97970336326,301.2682257226695,300
2230000,4459.999999991122,-205923.1254870447,302.5793676915596,299
2235000,4469.99999999316,-205785.9494194293,302.63481344846195,299
2240000,4479.999999995197,-206026.45510568144,300.57128551170985,299
2245000,4489.999999997234,-206314.10917350627,303.85394604089123,299
2250000,4499.9999999992715,-205383.96709649777,295.5602195980105,298
2255000,4510.000000001309,-204880.578097019,302.10259265918603,298
2260000,4520.000000003346,-205035.27708577458,299.26476466095573,298
2265000,4530.000000005383,-205688.47074677318,303.5495852203603,298
2270000,4540.000000007421,-206241.47068094392,305.47635016361266,298
2275000,4550.000000009458,-205863.2703885683,299.57446405761476,297
2280000,4560.000000011495,-205815.3983355104,301.1132375695291,297
2285000,4570.000000013532,-205096.94801773457,295.39349637640504,297
2290000,4580.00000001557,-205590.80470254854,299.15472686142573,297
2295000,4590.000000017607,-205866.69837034307,305.5770248949709,296
2300000,4600.000000019644,-205273.79072225105,299.26702738339435,296
2305000,4610.000000021681,-206836.71746790013,300.4759408941683,296
2310000,4620.000000023719,-205225.67563738348,295.6060065280762,296
2315000,4630.000000025756,-206303.05091322237,302.3188024031603,295
2320000,4640.000000027793,-204893.04456882656,297.35374656319465,295
2325000,4650.0000000298305,-205255.7221915461,303.4611225798573,295
2330000,4660.000000031868,-205207.8806563049,301.1845723540807,295
2335000,4670.000000033905,-205422.75706380082,304.12704179990726,295
2340000,4680.000000035942,-205186.40184339357,305.3836191058003,294
2345000,4690.00000003798,-205413.8208345595,302.2603768277599,294
2350000,4700.000000040017,-205954.26237470435,299.14327253999306,294
2355000,4710.000000042054,-205596.98543935956,299.8662099355366,294
2360000,4720.000000044091,-206162.33020366216,298.58432297337447,294
2365000,4730.000000046129,-205957.2394831468,298.79209861951796,293
2370000,4740.000000048166,-205551.89761761331,299.3086134102685,293
2375000,4750.000000050203,-205583.67302694917,302.2099281360941,293
2380000,4760.0000000522405,-205382.55431024823,300.2807378336226,293
2385000,4770.000000054278,-206316.69600771822,303.45973806511205,293
2390000,4780.000000056315,-205716.46039600077,299.6245020125937,292
2395000,4790.000000058352,-205993.99429779907,300.4567937547744,292
2400000,4800.0000000603895,-205211.96895815292,304.36467573457503,292
2405000,4810.000000062427,-206097.30334258755,297.2317444689431,292
2410000,4820.000000064464,-205367.57592196134,298.13767936247365,292
2415000,4830.000000066501,-205958.34340696852,300.39174481864035,291
2420000,4840.000000068539,-205354.55655803625,300.08517073970665,291
2425000,4850.000000070576,-205837.85455267294,301.2756852476653,291
2430000,4860.000000072613,-205483.13570403657,301.7759643050512,291
2435000,4870.00000007465,-206149.36371090636,297.3317533006077,291
2440000,4880.000000076688,-205854.39847570367,307.46161085387405,290
2445000,4890.000000078725,-205870.09034223796,299.64461793025396,290
2450000,4900.000000080762,-206018.2370421067,298.03151988935633,290
2455000,4910.0000000827995,-205990.75150247617,300.09128312935894,290
2460000,4920.000000084837,-205666.7212536428,301.3035610468638,290
2465000,4930.000000086874,-205801.25050861167,296.2599461413042,289
2470000,4940.000000088911,-205935.1613858376,304.432555897454,289
2475000,4950.000000090949,-205853.8521563752,299.4050661725106,289
2480000,4960.000000092986,-204892.8401060548,301.0119217133078,289
2485000,4970.000000095023,-206461.25549780857,304.2647225901488,289
2490000,4980.00000009706,-206687.5705623459,293.2301039741867,289
2495000,4990.000000099098,-206054.97894346912,297.413371739954,288
2500000,5000.000000101135,-206400.4794893082,297.0160385700273,288
2505000,5010.000000103172,-206429.64128243038,298.2186910174456,288
2510000,5020.000000105209,-205710.54490485345,304.7772392717944,288
2515000,5030.000000107247,-205089.94109127857,298.8250986291403,288
2520000,5040.000000109284,-205343.56911888975,298.54605183963923,287
2525000,5050.000000111321,-206336.67246359156,297.6471377297109,287
2530000,5060.0000001133585,-205683.6039043453,297.24705409970665,287
2535000,5070.000000115396,-205432.73428814532,301.22893334615196,287
2540000,5080.000000117433,-206242.47284216806,299.681962298087,287
2545000,5090.00000011947,-206599.61089125695,302.2237476197434,287
2550000,5100.000000121508,-206223.77889381826,300.0202094193483,287
2555000,5110.000000123545,-205201.70252348215,302.49126515281233,286
2560000,5120.000000125582,-205650.9288233067,306.27469683283357,286
2565000,5130.000000127619,-205513.16338012007,299.6376432286515,286
2570000,5140.000000129657,-205703.37712805672,296.2905965015123,286
2575000,5150.000000131694,-205488.3599588694,300.6193022749679,286
2580000,5160.000000133731,-205848.29641219135,303.8954348538535,286
2585000,5170.0000001357685,-205698.1222537465,301.0694812076373,285
2590000,5180.000000137806,-205670.64580657613,305.813055530698,285
2595000,5190.000000139843,-204873.3289640718,298.42009256290044,285
2600000,5200.00000014188,-206214.3444089915,297.51581293248466,285
2605000,5210.0000001439175,-205632.32714983763,302.86036590778053,285
2610000,5220.000000145955,-205629.03736821702,296.4628644119558,285
2615000,5230.000000147992,-206288.48476109165,301.65306983793784,284
2620000,5240.000000150029,-205961.32677265175,296.1938554057033,284
2625000,5250.000000152067,-206402.78396633302,297.3036161532828,284
2630000,5260.000000154104,-206446.58731716662,297.1165296157336,284
2635000,5270.000000156141,-205935.78771669685,297.5101890930152,284
2640000,5280.000000158178,-204869.52289356233,302.7141136475628,284
2645000,5290.000000160216,-206257.47569621506,301.3675308643899,283
2650000,5300.000000162253,-205767.66004054807,304.7540479629302,283
2655000,5310.00000016429,-205855.97531871824,294.79573734288186,283
2660000,5320.0000001663275,-205725.72075747373,301.85383006568264,283
2665000,5330.000000168365,-205998.62430375651,302.46562236142114,283
2670000,5340.000000170402,-205485.01204633387,295.9439054970268,283
2675000,5350.000000172439,-205323.93941734475,298.1661351547138,283
2680000,5360.000000174477,-206139.41798196814,299.32628921551355,282
2685000,5370.000000176514,-205705.92683499656,299.5414076685961,282
2690000,5380.000000178551,-206070.40356041887,297.86644255754885,282
2695000,5390.000000180588,-206314.54981485824,303.8102153468784,282
2700000,5400.000000182626,-205719.69753402157,292.92011519485294,282
2705000,5410.000000184663,-205716.57773241203,299.73168316333084,282
2710000,5420.0000001867,-205870.17529144685,299.62145991514893,282
2715000,5430.000000188737,-205814.81692035333,302.904001421816,282
2720000,5440.000000190775,-205875.08097593277,299.7146901153748,281
2725000,5450.000000192812,-206016.3777429068,297.3441630849032,281
2730000,5460.000000194849,-205820.70489109855,300.253981034261,281
2735000,5470.0000001968865,-205962.63405552343,299.6432787131021,281
2740000,5480.000000198924,-206392.45097398642,302.20865382199986,281
2745000,5490.000000200961,-206065.09779200936,295.0329454762135,281
2750000,5500.000000202998,-206404.55919028574,297.8678518949441,281
2755000,5510.000000205036,-205355.4423734732,302.92156955170185,281
2760000,5520.000000207073,-206092.7657889754,305.6120815640534,280
2765000,5530.00000020911,-205351.3895664038,300.35902299774034,280
2770000,5540.000000211147,-205671.9846124706,297.9474745494441,280
2775000,5550.000000213185,-205172.1549183603,300.5356068596543,280
2780000,5560.000000215222,-205425.76984645438,299.94389412051027,280
2785000,5570.000000217259,-206398.79203205463,297.8983868308055,280
2790000,5580.000000219296,-206441.95148194,306.03336002052845,280
2795000,5590.000000221334,-206769.3989807634,297.6552492676544,279
2800000,5600.000000223371,-205132.1352154119,300.6161351563985,279
2805000,5610.000000225408,-205505.50350295857,303.1370688667837,279
2810000,5620.0000002274455,-206832.0708969005,298.5891253356584,279
2815000,5630.000000229483,-205801.84851017245,303.19543150152344,279
2820000,5640.00000023152,-206356.2788910292,294.93926232389174,279
2825000,5650.000000233557,-205928.33233551227,300.37776131394867,279
2830000,5660.000000235595,-205972.75461692433,295.14545845280367,279
2835000,5670.000000237632,-205716.71705866046,300.25306956861004,278
2840000,5680.000000239669,-206398.38843726413,300.5938181402028,278
2845000,5690.000000241706,-205617.88812086522,299.6972489315718,278
2850000,5700.000000243744,-205338.09613364423,300.1511932223359,278
2855000,5710.000000245781,-205337.4968729925,297.56940324246983,278
2860000,5720.000000247818,-206274.63908987318,297.6226629427109,278
2865000,5730.0000002498555,-206186.91898711352,299.509067819458,278
2870000,5740.000000251893,-205756.32086352643,300.0912902168822,278
2875000,5750.00000025393,-205940.1171875631,298.7310229455558,277
2880000,5760.000000255967,-206089.1794037351,299.93744756544567,277
2885000,5770.000000258005,-206327.33774128172,301.25626506729003,277
2890000,5780.000000260042,-206083.964828011,297.0504943036985,277
2895000,5790.000000262079,-206236.13247026247,300.185425029301,277
2900000,5800.000000264116,-205667.80143922265,296.1006754187244,277
2905000,5810.000000266154,-206193.37193793477,295.7828014260875,277
2910000,5820.000000268191,-205533.89313604252,297.85808451964454,277
2915000,5830.000000270228,-204870.15622779226,306.2698622884664,276
2920000,5840.000000272265,-205166.71462543402,298.86284013079273,276
2925000,5850.000000274303,-206168.66031235713,301.44544164440487,276
2930000,5860.00000027634,-205759.93619215605,303.4196940786754,276
2935000,5870.000000278377,-205883.7004349574,299.1439742848136,276
2940000,5880.0000002804145,-206254.09202081338,296.8897056483309,276
2945000,5890.000000282452,-205893.9232061291,301.36766352418704,276
2950000,5900.000000284489,-205700.07505652378,299.79293112214407,276
2955000,5910.000000286526,-205682.25909393572,303.7226253434578,276
2960000,5920.000000288564,-206571.71454208973,300.14122556361855,275
2965000,5930.000000290601,-205909.14145448257,299.4305001305941,275
2970000,5940.000000292638,-205056.3874831203,302.29661209013364,275
2975000,5950.000000294675,-206370.62329302425,297.60322913434055,275
2980000,5960.000000296713,-205391.4872616186,301.8265813569047,275
2985000,5970.00000029875,-205742.99801834207,304.180775381985,275
2990000,5980.000000300787,-205824.3584483288,297.9442011123108,275
2995000,5990.000000302824,-206385.86700562504,304.0327986783304,275
3000000,6000.000000304862,-206072.176547467,303.45921381237343,275
3005000,6010.000000306899,-206046.15221598675,295.20515630686515,274
3010000,6020.000000308936,-205494.3456922701,303.7706877258793,274
3015000,6030.0000003109735,-205405.7511337197,301.1854616942376,274
3020000,6040.000000313011,-205473.85807907186,297.51945515100755,274
3025000,6050.000000315048,-205925.3574692615,297.2022305647232,274
3030000,6060.000000317085,-206189.85604432574,296.3001202648724,274
3035000,6070.000000319123,-205132.9627525251,301.52333644016426,274
3040000,6080.00000032116,-206267.99153300375,299.3192435927839,274
3045000,6090.000000323197,-205934.94924953347,299.7050098913307,273
3050000,6100.000000325234,-206212.15235623834,302.56217549268524,273
3055000,6110.000000327272,-205709.00505783164,299.18835975872923,273
3060000,6120.000000329309,-205975.9865942921,298.61191241275077,273
3065000,6130.000000331346,-205430.64921914053,303.43350967781123,273
3070000,6140.0000003333835,-205408.7186680897,300.16792953712996,273
3075000,6150.000000335421,-205597.0742150105,297.8751606996882,273
3080000,6160.000000337458,-206246.6507567321,297.3482020198484,273
3085000,6170.000000339495,-205498.36655142682,300.8415556990911,273
3090000,6180.0000003415325,-205413.05050513695,297.7238855230063,273
3095000,6190.00000034357,-205511.34699795418,298.2830996636536,272
3100000,6200.000000345607,-205628.91626353702,300.78419311283454,272
3105000,6210.000000347644,-205356.1775358112,301.1590517854805,272
3110000,6220.000000349682,-206392.98139492748,300.9015289715264,272
3115000,6230.000000351719,-205414.8803757853,295.6935833151679,272
3120000,6240.000000353756,-205105.49531041423,303.3616464297899,272
3125000,6250.000000355793,-205991.86026051245,299.37612667013707,272
3130000,6260.000000357831,-205192.5757309124,296.6515284564519,272
3135000,6270.000000359868,-205969.81902736868,298.95060798043164,272
3140000,6280.000000361905,-206101.5488315716,305.6289869196584,272
3145000,6290.0000003639425,-205377.9234726926,299.4537669772412,271
3150000,6300.00000036598,-206257.0684771248,302.0274070430627,271
3155000,6310.000000368017,-206097.26923347404,296.66998432753,271
3160000,6320.000000370054,-204766.1131410573,298.2101257024487,271
3165000,6330.000000372092,-206027.44206362066,302.90201812915853,271
3170000,6340.000000374129,-205468.4759363114,298.3765467521942,271
3175000,6350.000000376166,-206009.05005748593,297.8955255451536,271
3180000,6360.000000378203,-206348.6268041227,304.5568378817236,271
3185000,6370.000000380241,-205934.86450757156,301.85530764584644,271
3190000,6380.000000382278,-206178.5967846471,304.47509424973595,271
3195000,6390.000000384315,-205936.6680872828,299.213960753968,271
3200000,6400.000000386352,-206144.96730159665,298.4603609155448,270
3205000,6410.00000038839,-204929.60447793978,296.7471926871163,270
3210000,6420.000000390427,-205820.64727567427,298.461572487898,270
3215000,6430.000000392464,-205742.9076138538,302.48015655609385,270
3220000,6440.0000003945015,-205787.5094304894,303.7047395183941,270
3225000,6450.000000396539,-205598.37935342523,301.6088936556903,270
3230000,6460.000000398576,-205618.58768511878,301.7009011045559,270
3235000,6470.000000400613,-205479.8527225306,296.79589934619435,270
3240000,6480.000000402651,-205712.8681239928,299.6047147415137,270
3245000,6490.000000404688,-206164.12848882074,301.48160289959327,270
3250000,6500.000000406725,-205807.91559611028,297.78169144535644,270
3255000,6510.000000408762,-206611.06746000668,298.41594120972724,269
3260000,6520.0000004108,-205765.301838179,300.7054994815078,269
3265000,6530.000000412837,-206144.01321503147,302.99137096502494,269
3270000,6540.000000414874,-206904.89996913157,299.3572432631791,269
3275000,6550.0000004169115,-205859.0712950033,297.96759353524726,269
3280000,6560.000000418949,-205178.24283867166,301.0044609912394,269
3285000,6570.000000420986,-206024.56002222258,302.74323430065937,269
3290000,6580.000000423023,-204962.20350274257,299.6326378496791,269
3295000,6590.0000004250605,-204850.31318616867,302.5684028888964,269
3300000,6600.000000427098,-205871.4841086656,298.8861136451159,269
3305000,6610.000000429135,-206130.00569666806,298.3411769374448,269
3310000,6620.000000431172,-205084.76218603086,304.27473065424317,268
3315000,6630.00000043321,-205801.15392462327,302.344747395403,268
3320000,6640.000000435247,-206097.6171288077,297.1592869443718,268
3325000,6650.000000437284,-206420.2323607892,298.58712211490496,268
3330000,6660.000000439321,-205769.61902212165,298.49122118732527,268
3335000,6670.000000441359,-205659.7356231428,298.0610855239256,268
3340000,6680.000000443396,-205414.89585109428,297.4273729706315,268
3345000,6690.000000445433,-205154.66802053864,302.60842822563274,268
3350000,6700.0000004474705,-205988.3645269361,297.7709418258065,268
3355000,6710.000000449508,-205505.7269010098,299.08715023811703,268
3360000,6720.000000451545,-206278.26397411176,296.66453143814994,268
3365000,6730.000000453582,-206089.77357639465,298.5579966698035,268
3370000,6740.00000045562,-205509.14200885943,299.30289671606806,267
3375000,6750.000000457657,-205230.10176021745,301.54738591657883,267
3380000,6760.000000459694,-205156.6653426881,301.0433246720023,267
3385000,6770.000000461731,-206012.54947632563,300.3302599570119,267
3390000,6780.000000463769,-206111.45317756094,297.9713535032072,267
3395000,6790.000000465806,-205903.4175202177,294.74252584423925,267
3400000,6800.000000467843,-206067.53063057037,303.14802005808195,267
3405000,6810.00000046988,-205251.85802959988,299.74752658185184,267
3410000,6820.000000471918,-206324.4225137867,301.5031690176134,267
3415000,6830.000000473955,-206428.56316690613,303.1460788371191,267
3420000,6840.000000475992,-205888.09836698743,300.86710192668477,267
3425000,6850.0000004780295,-205746.61336488416,301.10752009567784,267
3430000,6860.000000480067,-206063.46512107807,299.37689921014857,267
3435000,6870.000000482104,-205661.0195614394,305.4792670464958,266
3440000,6880.000000484141,-205535.69350485248,298.8285153240283,266
3445000,6890.000000486179,-206197.40243803163,298.5206680253664,266
3450000,6900.000000488216,-206039.55592318857,299.5827188361372,266
3455000,6910.000000490253,-206062.88717538922,300.51006723205586,266
3460000,6920.00000049229,-206225.0565864517,300.0913129614369,266
3465000,6930.000000494328,-205724.7294428104,294.9426289681519,266
3470000,6940.000000496365,-206365.81581355864,294.0810533313985,266
3475000,6950.000000498402,-205790.11292338045,304.993890518346,266
3480000,6960.0000005004395,-206039.58732941397,299.63866407959495,266
3485000,6970.000000502477,-206352.62779443723,295.47220679960066,266
3490000,6980.000000504514,-205616.15158107714,306.2401673368914,266
3495000,6990.000000506551,-205696.8043797618,299.63322107387637,266
3500000,7000.0000005085885,-206393.59343073482,298.4461178759509,265
3505000,7010.000000510626,-204943.98517248593,305.02873782238976,265
3510000,7020.000000512663,-205426.1584420891,295.8703492699702,265
3515000,7030.0000005147,-206927.01063455024,303.53025215715104,265
3520000,7040.000000516738,-205451.42448349833,301.7058362628294,265
3525000,7050.000000518775,-205778.01158551336,298.3114540465122,265
3530000,7060.000000520812,-206687.1981040591,301.46671123975716,265
3535000,7070.000000522849,-206295.28495448816,299.9959518002638,265
3540000,7080.000000524887,-206083.67373721732,294.45331086666613,265
3545000,7090.000000526924,-205533.47873478907,295.98249539122276,265
3550000,7100.000000528961,-206881.45387671632,300.22708987827104,265
3555000,7110.0000005309985,-206209.21363826084,293.19621227057974,265
3560000,7120.000000533036,-205552.01191671868,302.22614136169096,265
3565000,7130.000000535073,-205679.6462125805,302.97591996667717,265
3570000,7140.00000053711,-205337.5366993324,301.53509471155456,264
3575000,7150.000000539148,-205239.12448225636,301.28041644219127,264
3580000,7160.000000541185,-206624.9351348403,299.01323534523124,264
3585000,7170.000000543222,-205955.45141679863,296.5222803930321,264
3590000,7180.000000545259,-205589.30034500873,300.5865820030982,264
3595000,7190.000000547297,-205716.64267040137,298.05575558773535,264
3600000,7200.000000549334,-205928.55918091605,299.5016529035218,264
3605000,7210.000000551371,-206288.3312935508,296.6507976207906,264
3610000,7220.000000553408,-206380.50252098858,298.6593898784641,264
3615000,7230.000000555446,-205792.36817416386,299.454432835827,264
3620000,7240.000000557483,-206137.64010906755,297.5777875537666,264
3625000,7250.00000055952,-205860.43291101302,297.9761881865332,264
3630000,7260.0000005615575,-205804.22441049851,301.6350463296164,264
3635000,7270.000000563595,-206037.79032673268,299.4536105054574,264
3640000,7280.000000565632,-206650.90618750313,302.036860372692,264
3645000,7290.000000567669,-205387.39307933953,299.00439594921625,263
3650000,7300.000000569707,-205681.27468696982,304.40578528075935,263
3655000,7310.000000571744,-206336.35802344605,295.93299475729157,263
3660000,7320.000000573781,-206027.71957319626,295.92600672167913,263
3665000,7330.000000575818,-206072.34662056726,303.0255391826496,263
3670000,7340.000000577856,-206424.59560414997,300.1375810981169,263
3675000,7350.000000579893,-205662.3179071406,296.4251244323916,262
3680000,7360.00000058193,-204880.04505826975,300.1673490330862,262
3685000,7370.000000583967,-205407.9347984672,296.6466529914129,262
3690000,7380.000000586005,-204621.483162674,302.6421488389905,261
3695000,7390.000000588042,-206175.29956734565,300.72616444644075,261
3700000,7400.000000590079,-206244.11660037993,301.404832986689,261
3705000,7410.0000005921165,-205830.03243407002,296.8541355604548,260
3710000,7420.000000594154,-205617.96071641473,305.2293059894033,260
3715000,7430.000000596191,-205079.4059897354,297.9382250923367,260
3720000,7440.000000598228,-206124.62491960253,297.2482618004618,259
3725000,7450.000000600266,-205671.50376306043,295.9687725119045,259
3730000,7460.000000602303,-205307.0736129036,297.76048912392827,259
3735000,7470.00000060434,-205935.1854126748,301.479778282351,258
3740000,7480.000000606377,-206156.37390100525,298.0485435333694,258
3745000,7490.000000608415,-205361.7074715714,309.51067181395916,258
3750000,7500.000000610452,-206087.82804280333,299.80345654548904,257
3755000,7510.000000612489,-205978.85808193462,302.16760647203233,257
3760000,7520.0000006145265,-205199.6100548287,301.04308848506327,257
3765000,7530.000000616564,-205670.92656702874,295.35660876701576,256
3770000,7540.000000618601,-205505.14170768438,301.6088760236923,256
3775000,7550.000000620638,-205176.02990317903,300.98445076350254,256
3780000,7560.0000006226755,-206219.16440832627,302.60937828629915,255
3785000,7570.000000624713,-206390.6711087703,297.6944042322556,255
3790000,7580.00000062675,-205812.0511345222,297.9064296842546,255
3795000,7590.000000628787,-206042.7426253626,298.3010132083107,255
3800000,7600.000000630825,-206339.70032446575,302.351243428165,254
3805000,7610.000000632862,-205739.43194020726,299.0259171973547,254
3810000,7620.000000634899,-206141.1755398931,303.36787597056696,254
3815000,7630.000000636936,-205770.4045133961,300.5980531704272,253
3820000,7640.000000638974,-205595.8996310396,297.1432144582735,253
3825000,7650.000000641011,-205085.86092828342,299.5655431207097,253
3830000,7660.000000643048,-206300.7415425378,295.86593497569703,252
3835000,7670.0000006450855,-205454.4389329278,295.37771837269696,252
3840000,7680.000000647123,-205906.28671250166,302.9085425108965,252
3845000,7690.00000064916,-205532.22037156718,299.0912923907916,252
3850000,7700.000000651197,-206004.03207067365,304.4434140942111,251
3855000,7710.000000653235,-205792.90664364607,302.5906755198977,251
3860000,7720.000000655272,-206115.12498125585,298.93312540088994,251
3865000,7730.000000657309,-206009.7420153087,298.42885330787027,251
3870000,7740.000000659346,-205585.82295838627,301.5435971118506,251
3875000,7750.000000661384,-205788.7733024069,301.869386984186,251
3880000,7760.000000663421,-205168.88126961258,307.63634906257613,250
3885000,7770.000000665458,-206043.81117595325,304.9793025535654,250
3890000,7780.000000667495,-204617.68728732562,300.4035868347804,250
3895000,7790.000000669533,-205908.52670698403,298.4552626952042,249
3900000,7800.00000067157,-206029.8264778935,301.0327963567324,249
3905000,7810.000000673607,-206218.29087988602,295.1482195495292,249
3910000,7820.0000006756445,-205481.06897053926,298.8444586272516,249
3915000,7830.000000677682,-206198.49434390524,302.6851716866671,248
3920000,7840.000000679719,-206440.2559341098,295.15938730215737,248
3925000,7850.000000681756,-206045.34725066775,295.22553123539586,248
3930000,7860.000000683794,-205945.6347357412,302.0635246696749,247
3935000,7870.000000685831,-205204.88501488045,299.71866528719045,247
3940000,7880.000000687868,-205850.93577069882,300.67168114902717,247
3945000,7890.000000689905,-206636.2352016254,299.3227400030146,247
3950000,7900.000000691943,-206092.65140025166,297.57311982144734,246
3955000,7910.00000069398,-205859.69429044053,304.5861819781255,246
3960000,7920.000000696017,-205414.9513557118,300.1364038204725,246
3965000,7930.0000006980545,-205951.01296052686,300.5720394710091,246
3970000,7940.000000700092,-205913.93765990273,298.2142450333573,245
3975000,7950.000000702129,-206227.97960455704,299.04515906162186,245
3980000,7960.000000704166,-205841.8867207782,299.4169578638536,245
3985000,7970.0000007062035,-206387.9671357104,299.78943914396876,245
3990000,7980.000000708241,-206255.4159506919,296.83928578432904,244
3995000,7990.000000710278,-205919.9982743715,299.271497707701,244
4000000,8000.000000712315,-205572.83445278998,300.60377466794955,244
4005000,8010.000000714353,-205598.45145736798,303.18239260873725,243
4010000,8020.00000071639,-205101.15067022166,300.7978598581482,243
4015000,8030.000000718427,-205331.16749555245,298.91967806693214,243
4020000,8040.000000720464,-205597.18933633447,300.37060164198084,243
4025000,8050.000000722502,-205953.45330421883,301.3745007045315,242
4030000,8060.000000724539,-205769.33114401367,295.3369214526164,242
4035000,8070.000000726576,-205708.74685029872,302.71269242761633,242
4040000,8080.0000007286135,-205919.84767246002,299.20334820027153,242
4045000,8090.000000730651,-205877.88029124052,299.9929422639232,241
4050000,8100.000000732688,-205877.7691920119,298.93975379585953,241
4055000,8110.000000734725,-205645.7981853237,301.3890604839821,241
4060000,8120.000000736763,-205128.0111646722,300.8133952078483,241
4065000,8130.0000007388,-206260.54551029555,301.45674233608753,241
4070000,8140.000000740837,-205345.35893384088,301.7628084600809,241
4075000,8150.000000742874,-205254.13924242312,303.8653647617263,241
4080000,8160.000000744912,-206223.9556480681,303.44163886602934,240
4085000,8170.000000746949,-205910.83838956116,299.56650046469673,240
4090000,8180.000000748986,-205879.29637063213,299.8004967066154,240
4095000,8190.000000751023,-205497.4836168812,300.0967731938674,240
4100000,8200.00000075306,-205828.63667301543,293.6502714814121,240
4105000,8210.000000755097,-206563.91073712579,304.80353554312853,239
4110000,8220.000000757134,-205712.15390045848,298.36554184985886,239
4115000,8230.000000759172,-206323.32861884404,300.4001671568322,239
4120000,8240.000000761209,-206280.05756018322,300.8630925788248,239
4125000,8250.000000763246,-205449.38338865223,298.31045903209366,239
4130000,8260.000000765283,-206523.72686278622,306.3775699677079,238
4135000,8270.00000076732,-205574.30833645456,302.80843371098234,238
4140000,8280.000000769358,-205109.88756902714,301.92540050414584,238
4145000,8290.000000771395,-205763.31920004124,296.89765906526316,238
4150000,8300.000000773432,-206023.29971797054,299.7810528092934,238
4155000,8310.00000077547,-205547.25339883775,297.6109641230195,237
4160000,8320.000000777507,-205584.44701473427,300.84693706983984,237
4165000,8330.000000779544,-205940.74901097,299.42456806881086,237
4170000,8340.000000781582,-205591.647035043,302.1767428979455,237
4175000,8350.000000783619,-206363.0062628769,305.1027133726426,236
4180000,8360.000000785656,-206252.58272352268,298.69810530423206,236
4185000,8370.000000787693,-205416.13850603846,300.80116923129276,236
4190000,8380.00000078973,-205298.70909777866,298.64162985129997,236
4195000,8390.000000791768,-206067.07668259018,300.02536836039957,236
4200000,8400.000000793805,-205085.36885843368,301.04105747221274,235
4205000,8410.000000795842,-206117.15319620888,298.5451628841282,235
4210000,8420.00000079788,-205567.32451762795,295.64566810389056,235
4215000,8430.000000799917,-205762.22257146076,300.3261215184404,235
4220000,8440.000000801954,-205275.87308090937,303.30186935279136,235
4225000,8450.000000803991,-205048.7607642943,297.3777515483478,234
4230000,8460.000000806029,-206149.5009874713,297.1857222955342,234
4235000,8470.000000808066,-205823.9644799081,293.1286126138434,234
4240000,8480.000000810103,-205547.73831170087,299.5844099666643,234
4245000,8490.00000081214,-205264.2134885696,296.8956023346741,234
4250000,8500.000000814178,-206556.3134616497,300.90520865488594,233
4255000,8510.000000816215,-205671.55851057114,298.511095827744,233
4260000,8520.000000818252,-205510.21041058435,300.59155957119333,233
4265000,8530.00000082029,-205920.5848545381,301.3552187819129,233
4270000,8540.000000822327,-206320.87279998034,302.5074540822659,233
4275000,8550.000000824364,-205772.58999025845,298.66955612872806,233
4280000,8560.000000826401,-205950.47818658466,297.4443845694962,233
4285000,8570.000000828439,-205535.89582104736,300.21946758771526,232
4290000,8580.000000830476,-205157.78738089837,302.43121470382636,232
4295000,8590.000000832513,-205418.20830244874,295.25660548560467,232
4300000,8600.00000083455,-206089.215955129,302.4372183623021,232
4305000,8610.000000836588,-205675.15011690673,299.20485999286825,232
4310000,8620.000000838625,-205230.70268493332,298.72603112540116,232
4315000,8630.000000840662,-205948.10910965048,301.0536249266829,232
4320000,8640.0000008427,-205910.50287826546,298.96805872789236,231
4325000,8650.000000844737,-205964.5883072219,301.83265119419474,231
4330000,8660.000000846774,-205593.8243941766,303.50805412026267,231
4335000,8670.000000848811,-206263.229037115,301.2385201493052,231
4340000,8680.000000850849,-205881.28002922167,296.41229392964857,231
4345000,8690.000000852886,-205994.2635139086,302.8797766769373,231
4350000,8700.000000854923,-206289.6157701062,304.16637308383815,230
4355000,8710.00000085696,-206134.04012940603,301.0498164944022,230
4360000,8720.000000858998,-206180.21471034118,302.82347754273053,230
4365000,8730.000000861035,-205149.47360682127,300.8820234647904,230
4370000,8740.000000863072,-205203.2206935126,302.7642829401034,230
4375000,8750.00000086511,-206404.18825519492,301.6642842689337,230
4380000,8760.000000867147,-206586.28949215636,295.31002509911207,229
4385000,8770.000000869184,-205733.636356554,302.3466661804104,229
4390000,8780.000000871221,-205856.27523786435,301.42251294204186,229
4395000,8790.000000873259,-205798.73266031605,296.72823373454173,229
4400000,8800.000000875296,-206233.1935982972,301.254692498586,229
4405000,8810.000000877333,-206205.90250550874,296.69023769038057,229
4410000,8820.00000087937,-205151.97879969445,295.66582258051113,229
4415000,8830.000000881408,-205550.1325644838,298.46653646467837,228
4420000,8840.000000883445,-206243.74526282493,299.93109489759235,228
4425000,8850.000000885482,-206130.89512134506,303.2223480327759,228
4430000,8860.00000088752,-205937.41702146514,303.38131575113067,228
4435000,8870.000000889557,-206142.16561927146,299.69797205699786,228
4440000,8880.000000891594,-205241.19158017263,296.8406179993717,228
4445000,8890.000000893631,-205833.5925259604,303.34521011147575,227
4450000,8900.000000895669,-205576.42610300845,295.86749708595056,227
4455000,8910.000000897706,-206235.98827823042,297.11000352118856,227
4460000,8920.000000899743,-206190.3552538253,297.5790934687401,227
4465000,8930.00000090178,-206547.4874882102,297.09885824734187,227
4470000,8940.000000903818,-206066.60189347342,298.71743992900565,227
4475000,8950.000000905855,-206266.81626176683,300.742832259655,227
4480000,8960.000000907892,-205808.0595569593,303.9220886944571,226
4485000,8970.00000090993,-205673.49743348395,299.2519436092615,226
4490000,8980.000000911967,-205762.49433973292,305.5779729419989,226
4495000,8990.000000914004,-205210.55872155062,296.60694803304926,226
4500000,9000.000000916041,-205308.0719957411,294.7882739531352,226
4505000,9010.000000918079,-205659.00069107988,300.95161700168126,226
4510000,9020.000000920116,-206291.23004156642,297.6809213340885,226
4515000,9030.000000922153,-205631.45336209214,300.4352542497611,225
4520000,9040.00000092419,-206039.44741411007,307.80890099091573,225
4525000,9050.000000926228,-206252.50024967035,298.24412813909987,225
4530000,9060.000000928265,-206270.0024305057,302.2418779121522,225
4535000,9070.000000930302,-205205.1516130378,300.7064506396343,225
4540000,9080.00000093234,-205929.18540395272,298.96219334834154,225
4545000,9090.000000934377,-205890.87014188536,298.4508943602341,225
4550000,9100.000000936414,-206156.94279460562,300.34054922528816,224
4555000,9110.000000938451,-206002.23028110282,296.5918899350421,224
4560000,9120.000000940488,-205388.20489930012,297.5341149883608,224
4565000,9130.000000942526,-205685.2219515508,304.05896055142864,224
4570000,9140.000000944563,-206001.9561171421,295.9606169171271,224
4575000,9150.0000009466,-206050.79232133087,304.0792995115163,224
4580000,9160.000000948638,-205429.9510987018,302.5474875993135,224
4585000,9170.000000950675,-204517.17860375613,301.7874048623384,223
4590000,9180.000000952712,-205977.13233680453,299.0279901506378,223
4595000,9190.00000095475,-206116.2213636809,304.61051513266625,223
4600000,9200.000000956787,-205622.81231618684,292.8910916320601,223
4605000,9210.000000958824,-205444.35847424727,303.3741631733278,223
4610000,9220.000000960861,-205850.32423242542,300.91358663979366,223
4615000,9230.000000962898,-205132.32691856287,308.6811028112339,223
4620000,9240.000000964936,-204866.83072322898,301.78159293676964,223
4625000,9250.000000966973,-205836.59984414873,304.4072002052591,222
4630000,9260.00000096901,-206461.94641790353,300.81880653346553,222
4635000,9270.000000971047,-204851.5574498747,298.23505066317244,222
4640000,9280.000000973085,-206774.51260840392,301.1433989641916,222
4645000,9290.000000975122,-206018.82257458474,297.9907594888858,222
4650000,9300.00000097716,-206088.0489819314,302.04923381350363,222
4655000,9310.000000979197,-205927.71346147498,300.1957639028326,222
4660000,9320.000000981234,-205556.4045856517,296.28240353909933,221
4665000,9330.000000983271,-205028.65649089008,298.7023121337212,221
4670000,9340.000000985308,-206123.84911068808,297.1125486252126,221
4675000,9350.000000987346,-205163.33720183,300.7434983453129,221
4680000,9360.000000989383,-205700.85724374535,297.66582452884643,221
4685000,9370.00000099142,-206485.65273128706,298.75297304637803,221
4690000,9380.000000993457,-205945.71784124547,302.38730162843154,221
4695000,9390.000000995495,-205688.00054347515,303.4247293336944,221
4700000,9400.000000997532,-205949.04945623898,297.95089274461105,220
4705000,9410.00000099957,-205664.94594841462,295.1629873372557,220
4710000,9420.000001001607,-206810.1867243367,299.70845418998584,220
4715000,9430.000001003644,-206216.21317688085,298.8843486242221,220
4720000,9440.000001005681,-205954.46163162682,301.53984205227454,220
4725000,9450.000001007718,-205179.39690932527,299.47180337046717,220
4730000,9460.000001009756,-204896.1914030182,303.3031022573861,220
4735000,9470.000001011793,-206125.22547744855,297.46934085462726,220
4740000,9480.00000101383,-206371.98800911347,301.2276135860922,219
4745000,9490.000001015867,-205468.56799951172,296.7874531236819,219
4750000,9500.000001017905,-206280.43882867473,298.54814158821944,219
4755000,9510.000001019942,-205202.89458235598,299.051307787472,219
4760000,9520.00000102198,-205681.72280425963,300.11594641879174,219
4765000,9530.000001024016,-205667.29984924197,300.4423405558383,219
4770000,9540.000001026054,-206322.28898663924,302.869875230855,219
4775000,9550.000001028091,-206076.686916281,300.5676324052142,219
4780000,9560.000001030128,-206094.58548691624,299.3653134051784,218
4785000,9570.000001032166,-206600.66569408297,297.61302626933565,218
4790000,9580.000001034203,-205492.89330350806,303.45303911436184,218
4795000,9590.00000103624,-206386.0464981991,299.45118272136864,218
4800000,9600.000001038277,-205394.251324228,296.2933317738882,218
4805000,9610.000001040315,-206428.58314460644,301.00052649282765,218
4810000,9620.000001042352,-206372.0427989174,298.41647310696163,218
4815000,9630.00000104439,-205062.58413529757,298.4599755538385,218
4820000,9640.000001046426,-204804.2923104805,296.72384723101555,218
4825000,9650.000001048464,-205577.36266800424,300.5782953925914,218
4830000,9660.000001050501,-205708.34923577914,302.08410109645195,218
4835000,9670.000001052538,-204907.5963862755,298.42484669590607,217
4840000,9680.000001054575,-205741.1299812859,299.82907983039536,217
4845000,9690.000001056613,-206312.8571061074,298.943244289328,217
4850000,9700.00000105865,-205500.9868183867,298.4790379610729,217
4855000,9710.000001060687,-206081.36744428845,305.217681624505,217
4860000,9720.000001062725,-205842.2788720189,298.3031152616666,217
4865000,9730.000001064762,-206407.2706090575,300.5796492680672,217
4870000,9740.000001066799,-205775.7115106939,303.1328668012988,217
4875000,9750.000001068836,-206046.82173867244,305.5981349099031,217
4880000,9760.000001070874,-205798.96095313434,299.3867967453544,216
4885000,9770.00000107291,-205890.80677837285,302.1436866115584,216
4890000,9780.000001074948,-206110.17982987454,301.6994042606272,216
4895000,9790.000001076985,-206377.84575113212,296.85520919016363,216
4900000,9800.000001079023,-206035.81257583597,300.8650804267424,216
4905000,9810.00000108106,-205938.10839791363,302.80628062260047,216
4910000,9820.000001083097,-205698.01769544696,302.41014645610784,216
4915000,9830.000001085134,-205107.51590740087,300.5689446984037,216
4920000,9840.000001087172,-205682.9963183388,302.9607307750888,216
4925000,9850.000001089209,-206566.11899464624,302.9855394105242,215
4930000,9860.000001091246,-205927.7323512124,297.43783290791794,215
4935000,9870.000001093284,-205614.37140465004,301.3536750300808,215
4940000,9880.00000109532,-205923.5692406278,300.2921046116385,215
4945000,9890.000001097358,-206424.89988812793,301.94339537919,215
4950000,9900.000001099395,-205456.94017103792,301.9217589043408,215
4955000,9910.000001101433,-205829.02091332013,300.5612710445548,215
4960000,9920.00000110347,-206126.52102915128,301.5760454654891,215
4965000,9930.000001105507,-205372.630894784,297.7892958148483,215
4970000,9940.000001107544,-206241.31692608492,302.5167819948516,215
4975000,9950.000001109582,-205853.76762227633,300.2023055841727,214
4980000,9960.000001111619,-206484.86237552436,298.9262249300189,214
4985000,9970.000001113656,-205782.06352832587,300.98816772700565,214
4990000,9980.000001115694,-205172.40044346068,295.4879316505177,214
4995000,9990.00000111773,-205400.406283212,297.71157752054967,214
5000000,10000.000001119768,-205890.54224709095,302.57637247074456,214
5005000,10010.000001121805,-205739.60422982625,300.7364189899799,214
5010000,10020.000001123843,-204718.3986580479,309.38163444729827,214
5015000,10030.00000112588,-204781.06526530883,296.4635553487619,214
5020000,10040.000001127917,-205421.8295795566,298.53266368570735,213
5025000,10050.000001129954,-206788.4634659032,302.8837330664518,213
5030000,10060.000001131992,-206150.3729580032,297.9195368667809,213
5035000,10070.000001134029,-206377.61866003682,302.53913345427196,213
5040000,10080.000001136066,-205842.31668135442,297.6614525337151,213
5045000,10090.000001138103,-206031.37544797105,297.7986888588515,213
5050000,10100.00000114014,-205984.08983281138,301.7958660789182,213
5055000,10110.000001142178,-206321.29609260208,303.13295510636294,213
5060000,10120.000001144215,-205781.24648804753,304.95396363401943,213
5065000,10130.000001146253,-206263.75948006485,302.6920039093047,213
5070000,10140.00000114829,-205904.06157523906,300.12588506445405,212
5075000,10150.000001150327,-205848.06981389225,300.6271713659445,212
5080000,10160.000001152364,-205555.9632198976,305.23180403400426,212
5085000,10170.000001154402,-205656.78496737417,304.23720910729566,212
5090000,10180.000001156439,-205791.360204653,302.36013024797955,212
5095000,10190.000001158476,-206621.8511255146,302.26630974625243,212
5100000,10200.000001160513,-205629.7262867419,301.3247219179603,212
5105000,10210.00000116255,-206269.17297518032,300.21334803387583,212
5110000,10220.000001164588,-205801.44694789068,300.6882277538836,212
5115000,10230.000001166625,-205275.1622506664,296.17048539857126,212
5120000,10240.000001168662,-205451.86891482444,299.829349967607,211
5125000,10250.0000011707,-205503.23923692037,302.7132204785649,211
5130000,10260.000001172737,-205940.0817805184,298.2862435865583,211
5135000,10270.000001174774,-206084.13113435684,301.5000511089764,211
5140000,10280.000001176812,-205498.89922841405,299.1231726954875,211
5145000,10290.000001178849,-205340.778568735,299.9934870398093,211
5150000,10300.000001180886,-205281.76318132365,304.2118973470994,211
5155000,10310.000001182923,-205999.05828690017,299.75064954130846,211
5160000,10320.00000118496,-205496.72660201567,303.5923901951963,211
5165000,10330.000001186998,-206671.73246471095,292.5334232649003,211
5170000,10340.000001189035,-206058.39412276458,300.8355062683313,211
5175000,10350.000001191072,-206101.8608433524,299.4537642782021,210
5180000,10360.00000119311,-206375.49493041018,302.09018733261007,210
5185000,10370.000001195147,-207137.88924644515,300.2278850948849,210
5190000,10380.000001197184,-205955.75501698686,301.39152450599164,210
5195000,10390.000001199222,-206335.56292002066,302.6127964736991,210
5200000,10400.000001201259,-205135.05843525066,300.60543233822534,210
5205000,10410.000001203296,-205632.67474687053,305.7950460643112,210
5210000,10420.000001205333,-205204.12965082028,308.52503700475006,210
5215000,10430.00000120737,-205683.2969280749,301.76758345687085,210
5220000,10440.000001209408,-206231.75459000806,299.3261738951981,210
5225000,10450.000001211445,-206351.46447687852,305.2172364324226,209
5230000,10460.000001213482,-205988.08431135933,303.9822514244141,209
5235000,10470.00000121552,-206405.92939319462,297.8674774224002,209
5240000,10480.000001217557,-205793.09641209722,299.2647838239046,209
5245000,10490.000001219594,-205250.66176135652,295.01273187861585,209
5250000,10500.000001221631,-205723.52854213165,300.71491265803627,209
5255000,10510.000001223669,-205327.22505269467,298.2423143195507,209
5260000,10520.000001225706,-205714.364920564,299.71184672552755,209
5265000,10530.000001227743,-206280.29582723207,298.55702641062334,209
5270000,10540.00000122978,-206410.14208281995,300.0742579081396,209
5275000,10550.000001231818,-205727.8264049699,303.4652408263243,209
5280000,10560.000001233855,-205511.2843888395,296.0084433189191,208
5285000,10570.000001235892,-205900.59106088663,296.872433024429,208
5290000,10580.00000123793,-204949.85173014493,303.35723705489744,208
5295000,10590.000001239967,-205175.76365046413,300.37196949338176,208
5300000,10600.000001242004,-205852.96041670768,302.9510121389413,208
5305000,10610.000001244041,-204921.6403168959,296.6240180277142,208
5310000,10620.000001246079,-206101.42687171232,298.52188919669345,208
5315000,10630.000001248116,-206032.00163791364,301.1445096711337,208
5320000,10640.000001250153,-206275.49158355326,303.1504115245472,208
5325000,10650.00000125219,-205063.5047894481,303.0065861760338,208
5330000,10660.000001254228,-205865.43527664582,303.0114372219826,208
5335000,10670.000001256265,-205601.19645025663,294.6158993578954,208
5340000,10680.000001258302,-205602.35270375235,298.8011445538544,208
5345000,10690.00000126034,-205285.88681500242,304.0944219799051,208
5350000,10700.000001262377,-205899.23276869813,303.427325345233,207
5355000,10710.000001264414,-206135.53834733076,298.17039866425586,207
5360000,10720.000001266451,-205131.07141926629,296.6727609982499,207
5365000,10730.000001268489,-206259.1852439649,298.4467146319264,207
5370000,10740.000001270526,-206499.96721053927,301.35702651179224,207
5375000,10750.000001272563,-205508.9076142417,297.30856260199994,207
5380000,10760.0000012746,-206225.05317225168,301.3661559499224,207
5385000,10770.000001276638,-206685.4265185789,300.6274201632103,207
5390000,10780.000001278675,-206492.94465404667,298.70570203721735,207
5395000,10790.000001280712,-206641.49009682215,302.30486594348673,207
5400000,10800.00000128275,-205417.2403699048,295.07947882058596,207
5405000,10810.000001284787,-205048.21012393595,302.17771671783214,207
5410000,10820.000001286824,-205652.66616236302,304.03420854583965,206
5415000,10830.000001288861,-205868.4102248284,305.5219335513842,206
5420000,10840.000001290899,-205671.8457584132,303.83053580098937,206
5425000,10850.000001292936,-205871.54525947152,300.27650931036356,206
5430000,10860.000001294973,-206536.27622380026,303.0808297123175,206
5435000,10870.00000129701,-205112.1444693606,303.68635908295767,206
5440000,10880.000001299048,-204519.2640074687,302.1797156229796,206
5445000,10890.000001301085,-206794.71829772997,298.06768646683946,206
5450000,10900.000001303122,-205683.2381439996,306.09505088118266,206
5455000,10910.00000130516,-205711.62288516143,303.2528498082387,206
5460000,10920.000001307197,-205513.7745952888,300.470462550437,205
5465000,10930.000001309234,-206019.93002150615,305.19074644993134,205
5470000,10940.000001311271,-205918.4939492084,300.6332176022494,205
5475000,10950.000001313309,-205627.52871764742,297.89298444289904,205
5480000,10960.000001315346,-205722.72874347656,299.6022448105595,205
5485000,10970.000001317383,-205401.93373164826,302.04200540068575,205
5490000,10980.00000131942,-205415.87206587545,294.4303141834872,205
5495000,10990.000001321458,-205089.53075655783,302.0331606190659,205
5500000,11000.000001323495,-205531.6612303917,296.4814963285964,205
5505000,11010.000001325532,-206055.22501030413,304.4446345896904,205
5510000,11020.00000132757,-205970.27792641148,299.05808829793637,205
5515000,11030.000001329607,-206245.81636626576,300.1145549883174,204
5520000,11040.000001331644,-205407.60824173386,298.36928209997245,204
5525000,11050.000001333681,-205907.14789834176,304.4698144401227,204
5530000,11060.000001335718,-205796.68021636002,298.3189981537997,204
5535000,11070.000001337756,-206056.53021945385,302.05969736776126,204
5540000,11080.000001339793,-205991.87789383717,299.87700318350744,204
5545000,11090.00000134183,-205252.82920903584,301.7561909230256,204
5550000,11100.000001343868,-205523.20072942367,301.0392930222715,204
5555000,11110.000001345905,-206165.42025524948,296.2699440537862,204
5560000,11120.000001347942,-206014.16858864832,300.6874217542976,204
5565000,11130.00000134998,-206155.9988078893,300.515053535894,204
5570000,11140.000001352017,-206323.11227651546,300.82683860741076,204
5575000,11150.000001354054,-205514.72815438383,301.0520264963733,203
5580000,11160.000001356091,-206189.74982464488,298.0596491846373,203
5585000,11170.000001358128,-205631.13761789002,303.3135893751046,203
5590000,11180.000001360166,-206539.44722067332,302.808824948754,203
5595000,11190.000001362203,-206096.40406406822,296.1978432045362,203
5600000,11200.00000136424,-206293.55476703658,304.06611938468063,203
5605000,11210.000001366278,-206019.17479501036,297.21381910769793,203
5610000,11220.000001368315,-206457.16324478143,299.42547776446145,203
5615000,11230.000001370352,-205961.04005145887,302.612316362557,203
5620000,11240.00000137239,-205956.90783552302,300.2182821719772,203
5625000,11250.000001374427,-205561.76379144983,302.31518412101354,203
5630000,11260.000001376464,-205987.57715777273,300.7750673331862,203
5635000,11270.000001378501,-205939.444493316,297.0041893997128,202
5640000,11280.000001380538,-205920.15697648446,296.8405960138952,202
5645000,11290.000001382576,-206792.8234992259,299.1334476263238,202
5650000,11300.000001384613,-206370.2065708245,295.9680605328459,202
5655000,11310.00000138665,-205783.52967356588,296.35041170125623,202
5660000,11320.000001388687,-205218.48727513256,301.9777933378,202
5665000,11330.000001390725,-206370.53824195208,303.4505002654951,202
5670000,11340.000001392762,-205860.10463058145,300.3698103585234,202
5675000,11350.0000013948,-205447.746545173,297.57540610419375,202
5680000,11360.000001396837,-206157.23178508156,301.79737729371965,202
5685000,11370.000001398874,-206258.99260127614,302.91890341076356,202
5690000,11380.000001400911,-206080.69903538295,302.8136094734805,202
5695000,11390.000001402948,-206607.9795529819,301.86821471685977,202
5700000,11400.000001404986,-205233.482202778,299.17796807814955,201
5705000,11410.000001407023,-206663.4184504688,301.2078100013662,201
5710000,11420.00000140906,-206042.84470191645,300.217014597599,201
5715000,11430.000001411097,-205243.2718268676,297.93852472575634,201
5720000,11440.000001413135,-205303.94590340636,304.804326034725,201
5725000,11450.000001415172,-205805.19704930403,299.33120072169385,201
5730000,11460.00000141721,-205062.80298862513,306.6378833025297,201
5735000,11470.000001419246,-205084.60348376946,301.66892701922336,201
5740000,11480.000001421284,-206320.21395731345,301.0279459184368,201
5745000,11490.000001423321,-205801.18082873162,300.5635404145988,201
5750000,11500.000001425358,-205310.93092853273,300.32680154073716,201
5755000,11510.000001427396,-206152.12294760917,301.3618299227184,201
5760000,11520.000001429433,-206123.9722904825,297.84444843849826,201
5765000,11530.00000143147,-205465.57257431233,301.77937713187373,200
5770000,11540.000001433507,-205966.5442288015,297.4366674532994,200
5775000,11550.000001435545,-206136.10405507998,300.99969529989687,200
5780000,11560.000001437582,-205907.556869274,302.0304881624682,200
5785000,11570.00000143962,-206397.6767536773,303.8642690526559,200
5790000,11580.000001441656,-206001.5168165086,300.03700494667527,200
5795000,11590.000001443694,-205973.6297378908,296.640613886068,200
5800000,11600.000001445731,-205834.11103765143,299.00332989398885,200
5805000,11610.000001447768,-205991.00058546814,301.1515550336751,200
5810000,11620.000001449805,-205392.92510439805,305.08533339662057,200
5815000,11630.000001451843,-206228.05383982882,299.9169660294024,200
5820000,11640.00000145388,-206146.13538394833,297.1316659807658,200
5825000,11650.000001455917,-205893.47208673088,304.67460925335894,200
5830000,11660.000001457955,-206026.84402742016,303.6026603405012,200
5835000,11670.000001459992,-205200.6343657613,300.17553350532705,200
5840000,11680.00000146203,-205249.26746765734,299.39473545846926,200
5845000,11690.000001464066,-205838.2572993012,301.18711744748686,199
5850000,11700.000001466104,-206108.49013241276,298.3234016957924,199
5855000,11710.00000146814,-205096.45170026738,299.3804055113463,199
5860000,11720.000001470178,-206175.19675933546,302.2697167807902,199
5865000,11730.000001472215,-205467.9079059097,301.885573826251,199
5870000,11740.000001474253,-206847.55742001813,300.7707825471729,199
5875000,11750.00000147629,-206239.87045753235,301.22614757663706,199
5880000,11760.000001478327,-205628.59161891264,301.2681885029354,199
5885000,11770.000001480365,-205957.58804551954,296.1948807283534,199
5890000,11780.000001482402,-206182.66169555124,293.7361885823699,199
5895000,11790.000001484439,-205819.8099671125,298.3310487181739,199
5900000,11800.000001486476,-205768.63239440683,300.0347650129568,199
5905000,11810.000001488514,-205754.13278236415,298.16427386545337,199
5910000,11820.00000149055,-205888.67412737512,295.41657323209347,198
5915000,11830.000001492588,-205961.35220617033,301.2166604314465,198
5920000,11840.000001494625,-205948.50930888974,294.9331183327086,198
5925000,11850.000001496663,-206249.1964084301,299.3168044604979,198
5930000,11860.0000014987,-205482.45676928724,304.15490124061046,198
5935000,11870.000001500737,-206120.17139775585,304.9007630784099,198
5940000,11880.000001502774,-206253.34363639064,300.21997227829695,198
5945000,11890.000001504812,-205887.00889628625,303.4729046221371,198
5950000,11900.000001506849,-206698.5867669154,294.7118070974072,198
5955000,11910.000001508886,-206271.65030579292,303.6171220763958,198
5960000,11920.000001510924,-204982.8890838042,303.4943921576326,198
5965000,11930.00000151296,-205570.55200046406,306.93880510086336,198
5970000,11940.000001514998,-205466.59464139293,299.0567839120255,198
5975000,11950.000001517035,-206293.2092940237,302.00219693401624,198
5980000,11960.000001519073,-206101.5610280931,297.83372134345825,197
5985000,11970.00000152111,-205927.60704063147,297.34034686616246,197
5990000,11980.000001523147,-205824.01369814377,295.6027243286191,197
5995000,11990.000001525184,-205703.5966628556,307.7487420650432,197
6000000,12000.000001527222,-205958.31896925857,302.84471049296525,197
6005000,12010.000001529259,-205501.3265911825,300.56868162209275,197
6010000,12020.000001531296,-207109.8561124123,302.3488010865418,197
6015000,12030.000001533333,-206079.83749837114,298.4463352265845,197
6020000,12040.00000153537,-206008.99082330673,299.3813064427838,197
6025000,12050.000001537408,-205081.0301005774,298.4124429011911,197
6030000,12060.000001539445,-205630.30633005127,298.49760606733525,197
6035000,12070.000001541483,-206557.70933712705,300.58830334969025,197
6040000,12080.00000154352,-205321.01880373934,301.1053371273807,197
6045000,12090.000001545557,-206191.25477324123,297.16218514350516,197
6050000,12100.000001547594,-205530.32954839338,304.66672736292935,196
6055000,12110.000001549632,-205715.98157325573,302.82711905818593,196
6060000,12120.000001551669,-205440.03551341104,297.5614845800983,196
6065000,12130.000001553706,-205412.05457223102,301.91107958114253,196
6070000,12140.000001555743,-205822.40307015018,297.7394329340285,196
6075000,12150.00000155778,-206087.07848337106,300.5207899801929,196
6080000,12160.000001559818,-205579.94091468304,301.93126679567683,196
6085000,12170.000001561855,-205420.4362160723,300.1537934770679,196
6090000,12180.000001563893,-205279.4468551241,299.4497739135351,196
6095000,12190.00000156593,-206265.88688757655,304.7674957050452,196
6100000,12200.000001567967,-205423.95779512066,302.3256154397938,196
6105000,12210.000001570004,-205987.09724846995,302.0877561484196,196
6110000,12220.000001572042,-205484.59152601496,297.319508808195,196
6115000,12230.000001574079,-205781.38700218312,299.46163026429133,196
6120000,12240.000001576116,-206282.6344168469,298.36341421264325,196
6125000,12250.000001578153,-206202.61460133386,305.3563952210843,195
6130000,12260.00000158019,-206347.02877984638,301.12813156786063,195
6135000,12270.000001582228,-205642.51262931444,298.0910185550357,195
6140000,12280.000001584265,-205436.27790974767,301.65183895461604,195
6145000,12290.000001586302,-205915.41309683945,297.5409274165113,195
6150000,12300.00000158834,-205888.7228273932,298.83578127830634,195
6155000,12310.000001590377,-205930.12524241058,291.67065978973835,195
6160000,12320.000001592414,-205694.6513472665,298.85186083955205,195
6165000,12330.000001594452,-205499.3839556591,303.63734518644236,195
6170000,12340.000001596489,-206604.67003702023,300.7369439074958,195
6175000,12350.000001598526,-206116.78703871171,301.54391998907107,195
6180000,12360.000001600563,-206667.07381378976,298.9064120120937,195
6185000,12370.0000016026,-205630.0490931205,302.0422339348035,195
6190000,12380.000001604638,-205842.89192225994,305.03615983605715,195
6195000,12390.000001606675,-205841.1507722739,299.23608489944854,195
6200000,12400.000001608712,-206394.71062836307,298.6665084390147,194
6205000,12410.00000161075,-206212.9516165225,295.56606918089795,194
6210000,12420.000001612787,-206200.91706987447,303.7269550325415,194
6215000,12430.000001614824,-205452.06303340488,301.1569541256982,194
6220000,12440.000001616861,-205747.36560811708,304.4094239869113,194
6225000,12450.000001618899,-205994.06832913787,301.5442626773414,194
6230000,12460.000001620936,-205211.60853707814,293.85757025950596,194
6235000,12470.000001622973,-205123.8856367605,299.84751086143024,194
6240000,12480.00000162501,-205863.2573923932,299.359639731675,194
6245000,12490.000001627048,-205448.3486161324,297.9681727296134,194
6250000,12500.000001629085,-206486.39182424243,301.29907433551045,194
6255000,12510.000001631122,-206257.504974026,303.5802111294002,194
6260000,12520.00000163316,-205704.57480590686,304.4371566645299,194
6265000,12530.000001635197,-205805.78491600906,300.20434499419423,194
6270000,12540.000001637234,-205190.12481033453,299.4534851032699,194
6275000,12550.000001639271,-205799.92353514954,295.80389308123983,194
6280000,12560.000001641309,-206140.02157773997,301.8375433873806,193
6285000,12570.000001643346,-206051.61700710806,299.27520464413465,193
6290000,12580.000001645383,-205627.5717351709,301.83256337344676,193
6295000,12590.00000164742,-205978.8953894273,296.702939790086,193
6300000,12600.000001649458,-205599.26375111006,298.2318640491468,193
6305000,12610.000001651495,-206219.63396983081,297.92141876115903,193
6310000,12620.000001653532,-206125.5249647,299.47630259522253,193
6315000,12630.00000165557,-205922.83494221116,298.7683328693379,193
6320000,12640.000001657607,-205925.3520678986,294.0153764736173,193
6325000,12650.000001659644,-206137.29882692057,299.4414338969516,193
6330000,12660.000001661681,-206237.85642268718,299.5186575925887,193
6335000,12670.000001663719,-205801.61478409357,302.48851022659915,193
6340000,12680.000001665756,-205675.78891940322,303.7983261939577,193
6345000,12690.000001667793,-206091.09566006484,299.4436546625595,193
6350000,12700.00000166983,-205745.8967971746,298.9213035850006,193
6355000,12710.000001671868,-205539.62195521244,302.5295909137474,193
6360000,12720.000001673905,-205434.72398986388,299.29179606412106,193
6365000,12730.000001675942,-205256.01308608905,298.6895252933476,192
6370000,12740.00000167798,-206075.65985729138,301.7659451341777,192
6375000,12750.000001680017,-205853.03183663113,296.7082718237819,192
6380000,12760.000001682054,-205612.05659457739,297.15749694084514,192
6385000,12770.000001684091,-205341.85098218825,297.4209073880929,192
6390000,12780.000001686129,-205567.0189943203,301.6488218285629,192
6395000,12790.000001688166,-205399.6451865523,300.2898096906062,192
6400000,12800.000001690203,-205549.98386453663,300.26652101056635,192
6405000,12810.00000169224,-205444.170421771,304.19973807456836,192
6410000,12820.000001694278,-205460.4156804171,299.4001898759111,192
6415000,12830.000001696315,-206082.78342925617,299.8325078457201,192
6420000,12840.000001698352,-206577.344034269,302.6349374877475,192
6425000,12850.00000170039,-204949.71443267365,299.13294325810335,192
6430000,12860.000001702427,-206079.02009649016,296.7658127808237,192
6435000,12870.000001704464,-206508.7878319188,298.2493969092329,192
6440000,12880.000001706501,-206732.03164714808,301.8876326014861,192
6445000,12890.000001708539,-206013.22577159328,295.86360480219395,192
6450000,12900.000001710576,-205796.932490655,298.3119245865405,191
6455000,12910.000001712613,-205954.9566054691,295.52949490391967,191
6460000,12920.00000171465,-206599.99995400372,298.5663694074706,191
6465000,12930.000001716688,-205335.08840381075,297.24683391821986,191
6470000,12940.000001718725,-205914.00378613523,299.3682021636594,191
6475000,12950.000001720762,-205412.38975432562,300.5938038389338,191
6480000,12960.0000017228,-205804.64648354123,299.4905912520547,191
6485000,12970.000001724837,-205676.64126050193,302.4226937152002,191
6490000,12980.000001726874,-205597.7273687753,305.6425043700158,191
6495000,12990.000001728911,-205346.74908234703,304.4161226573154,191
6500000,13000.000001730948,-206112.4105260194,294.41383742279714,191
6505000,13010.000001732986,-205526.64431833045,305.6810469221139,191
6510000,13020.000001735023,-206259.84327558486,296.6511022366215,191
6515000,13030.00000173706,-205474.31062671042,302.1367092999788,191
6520000,13040.000001739098,-206239.89550023095,297.4608071509335,191
6525000,13050.000001741135,-206834.4384209189,297.30435815267447,191
6530000,13060.000001743172,-205717.25816880725,298.7071996882204,191
6535000,13070.00000174521,-206582.81249127688,292.7662436195572,191
6540000,13080.000001747247,-206747.69506116118,299.0320838299865,190
6545000,13090.000001749284,-205817.58368801384,299.3204463002841,190
6550000,13100.000001751321,-205081.1622767778,303.5268100063198,190
6555000,13110.000001753358,-206087.47872044414,299.40458385927144,190
6560000,13120.000001755396,-206151.60076917137,304.55777363835085,190
6565000,13130.000001757433,-206398.91927904007,302.04895743273124,190
6570000,13140.00000175947,-205469.05202519998,301.533039629486,190
6575000,13150.000001761508,-205617.41808026377,300.4423791205674,190
6580000,13160.000001763545,-205890.34250319295,300.4240041956385,190
6585000,13170.000001765582,-206274.67491567647,298.951827635099,190
6590000,13180.00000176762,-205703.55849317904,299.8393989091894,190
6595000,13190.000001769657,-206004.64643288672,299.8609738757129,190
6600000,13200.000001771694,-205968.9363443444,293.25496559049185,190
6605000,13210.000001773731,-205882.14370870392,300.8097972060991,190
6610000,13220.000001775768,-205215.85257377638,297.1678205356687,190
6615000,13230.000001777806,-205750.23908858933,297.7465717045679,190
6620000,13240.000001779843,-205776.25576009392,297.7378390911629,190
6625000,13250.00000178188,-206432.27373011224,299.48123678161096,190
6630000,13260.000001783917,-206227.00355868263,300.85804567556687,190
6635000,13270.000001785955,-205978.73497770715,298.93724311319454,189
6640000,13280.000001787992,-205672.98406585085,303.12960043921163,189
6645000,13290.00000179003,-205971.78003873327,302.26003234086147,189
6650000,13300.000001792067,-205279.28466831055,298.43356836790707,189
6655000,13310.000001794104,-205153.09105675935,305.03783043208904,189
6660000,13320.000001796141,-206324.77461955312,303.5294724075635,189
6665000,13330.000001798178,-206282.60365734668,296.2645098311808,189
6670000,13340.000001800216,-205727.33909801173,300.0730604742043,189
6675000,13350.000001802253,-205579.57055869745,296.4881232927835,189
6680000,13360.00000180429,-207132.93219831097,299.77779697263185,189
6685000,13370.000001806327,-205913.2619678917,299.5416953881844,189
6690000,13380.000001808365,-206045.3753316499,303.81859528771497,189
6695000,13390.000001810402,-206368.07529911178,294.63812615192376,189
6700000,13400.00000181244,-205965.83392781974,301.08872521625045,189
6705000,13410.000001814476,-205523.76411178615,299.15068253361,189
6710000,13420.000001816514,-205951.33277183468,298.8805739402119,189
6715000,13430.000001818551,-205551.16425847122,303.6904216937106,189
6720000,13440.000001820588,-205573.39509766805,302.57252879519723,189
6725000,13450.000001822626,-205511.45067821094,305.3594390606374,189
6730000,13460.000001824663,-205980.94895638444,298.5648304083418,189
6735000,13470.0000018267,-206033.43460018304,294.56564478372485,189
6740000,13480.000001828737,-205662.27507073095,303.3428695612673,189
6745000,13490.000001830775,-205749.90912781202,303.34004594483713,189
6750000,13500.000001832812,-205745.0494183572,301.6431538385622,189
6755000,13510.00000183485,-206274.863054174,301.8683130479859,189
6760000,13520.000001836886,-205347.8600825501,303.72820004878866,189
6765000,13530.000001838924,-205705.00360756682,301.71880051037823,189
6770000,13540.000001840961,-205157.2098451435,303.75199837614787,189
6775000,13550.000001842998,-205694.9909511113,301.3524665060873,189
6780000,13560.000001845036,-206475.19119054312,294.4093242976672,189
6785000,13570.000001847073,-206157.12352748495,298.80718617728223,189
6790000,13580.00000184911,-206688.32325240027,301.58214328821,189
6795000,13590.000001851147,-205839.26294463512,307.3421956434996,189
6800000,13600.000001853185,-205292.6815573813,297.6014472137502,189
6805000,13610.000001855222,-206190.0033666595,303.1177596636233,189
6810000,13620.00000185726,-206059.6539555681,295.2839355759644,189
6815000,13630.000001859296,-206066.12587969576,307.9531821549804,189
6820000,13640.000001861334,-205496.8451100923,304.3000214841431,189
6825000,13650.000001863371,-205387.58867004444,303.27433029445035,189
6830000,13660.000001865408,-205284.57816265023,302.16812633283183,189
6835000,13670.000001867445,-205985.92667418136,301.2362876721931,189
6840000,13680.000001869483,-206066.13232450222,301.93732277494803,189
6845000,13690.00000187152,-206085.861454873,299.88129817118033,189
6850000,13700.000001873557,-205742.95562269725,299.39696846130533,189
6855000,13710.000001875595,-205755.7279574587,298.47325395824123,189
6860000,13720.000001877632,-205170.62700186553,306.23370673853015,189
6865000,13730.000001879669,-206375.89560720685,296.2235152766406,189
6870000,13740.000001881706,-205638.51346117666,304.0601449165298,189
6875000,13750.000001883744,-205501.45091098396,293.79860688108283,189
6880000,13760.00000188578,-205836.194641875,300.94349827090457,189
6885000,13770.000001887818,-205679.37759313732,301.8582498243473,189
6890000,13780.000001889855,-205713.85380052857,304.30050654031635,189
6895000,13790.000001891893,-206466.30049754074,303.67532751870465,189
6900000,13800.00000189393,-205344.945053922,294.5002718570431,189
6905000,13810.000001895967,-205643.83743216668,301.5138347808994,189
6910000,13820.000001898004,-204900.08054930624,304.07778790726076,189
6915000,13830.000001900042,-205821.92764058127,306.0302652422457,189
6920000,13840.000001902079,-206160.88283246453,301.71558645865036,189
6925000,13850.000001904116,-205402.36149089294,299.99865324331614,189
6930000,13860.000001906154,-205340.0018927938,303.1929444034832,189
6935000,13870.00000190819,-205649.35783885035,295.9157558464741,189
6940000,13880.000001910228,-205623.43807059433,296.2705863640399,189
6945000,13890.000001912265,-205149.39588777686,295.6510928964282,189
6950000,13900.000001914303,-205764.59735105583,298.2829925894315,189
6955000,13910.00000191634,-205303.21905193944,299.2837607641821,189
6960000,13920.000001918377,-205910.58490301273,310.20913526714435,189
6965000,13930.000001920414,-205595.93399883213,294.68845287907794,189
6970000,13940.000001922452,-205889.86200229055,299.09213552366157,189
6975000,13950.000001924489,-205803.9869553853,302.2084618164747,189
6980000,13960.000001926526,-205954.64874017343,299.8705620269704,189
6985000,13970.000001928564,-205471.81911289704,299.91215581476274,189
6990000,13980.0000019306,-205037.61393324588,300.5697844518645,189
6995000,13990.000001932638,-206927.6128213245,304.3384820903575,189
7000000,14000.000001934675,-206290.53825305426,294.967080854603,189
7005000,14010.000001936713,-205827.9774492297,297.2994082792581,189
7010000,14020.00000193875,-205989.594826448,300.62732360216745,189
7015000,14030.000001940787,-206108.34591249074,300.94184573545743,189
7020000,14040.000001942824,-206605.65262084478,297.39647456923456,189
7025000,14050.000001944862,-204977.65082463645,299.3230067297823,189
7030000,14060.000001946899,-205767.3672420953,303.7010104299519,189
7035000,14070.000001948936,-205501.05260504258,300.7506765824906,189
7040000,14080.000001950973,-205323.22611684515,301.6271737374398,189
7045000,14090.00000195301,-205174.0238595038,301.7644551984078,189
7050000,14100.000001955048,-206635.0732037048,299.2883512327058,189
7055000,14110.000001957085,-205735.38376666966,300.45346669842354,189
7060000,14120.000001959123,-204720.1555439171,302.88908714433273,189
7065000,14130.00000196116,-205853.35885326797,303.6035018525523,189
7070000,14140.000001963197,-205426.88262051006,300.7204297108187,189
7075000,14150.000001965234,-206160.2621439976,298.10113723997665,189
7080000,14160.000001967272,-205363.83593919873,300.5693020368627,189
7085000,14170.000001969309,-205686.71831408434,297.2177353611149,189
7090000,14180.000001971346,-206293.7072634874,300.6083357487389,188
7095000,14190.000001973383,-205865.54437003843,299.7901893256151,188
7100000,14200.00000197542,-205581.1420176765,300.2387859028735,188
7105000,14210.000001977458,-206210.30157794524,302.0442089907503,188
7110000,14220.000001979495,-206103.2017800624,301.7765257237504,188
7115000,14230.000001981532,-205950.16950222675,300.1449327951735,188
7120000,14240.00000198357,-205550.32303834578,305.3203793030493,188
7125000,14250.000001985607,-206148.91232772893,301.7637727581151,188
7130000,14260.000001987644,-205666.17490900808,301.83518862516786,188
7135000,14270.000001989682,-206517.42050572333,294.563395588634,188
7140000,14280.000001991719,-205369.74489791936,296.908380383565,188
7145000,14290.000001993756,-205661.59369655373,302.33022367821536,188
7150000,14300.000001995793,-205258.84645988245,299.22621430167464,188
7155000,14310.00000199783,-205985.75040996424,298.7739210013658,188
7160000,14320.000001999868,-205815.79216715787,298.6186035306676,188
7165000,14330.000002001905,-205861.59113766626,303.8529606142219,188
7170000,14340.000002003942,-205480.32065648458,301.18478884904965,188
7175000,14350.00000200598,-205714.6707103512,300.6817021026651,188
7180000,14360.000002008017,-205984.38935866032,300.70527743939243,188
7185000,14370.000002010054,-206282.1184362945,299.3011982015042,188
7190000,14380.000002012091,-206740.03558828228,300.57525617598395,188
7195000,14390.000002014129,-205745.3145485582,300.6520798643977,188
7200000,14400.000002016166,-206346.0994137607,299.9211467750847,188
7205000,14410.000002018203,-206253.4730086669,298.5179791667248,187
7210000,14420.00000202024,-206314.45533918857,295.6803890569193,187
7215000,14430.000002022278,-205322.356153682,295.98328980008347,187
7220000,14440.000002024315,-206132.89335746516,304.3089971027664,187
7225000,14450.000002026352,-205799.51317849662,302.06754180617685,187
7230000,14460.00000202839,-206345.90632694005,299.83397801852175,187
7235000,14470.000002030427,-205429.28807337885,302.34496727322505,187
7240000,14480.000002032464,-205947.93078796787,299.0421311784467,187
7245000,14490.000002034501,-204925.93809711805,299.0794716836934,187
7250000,14500.000002036539,-205005.55464158917,301.0118021689454,187
7255000,14510.000002038576,-205389.70426519518,304.75496435723164,187
7260000,14520.000002040613,-205609.98571111937,297.81674370358155,187
7265000,14530.00000204265,-207420.71637794666,299.7933409602567,187
7270000,14540.000002044688,-206194.5911873117,302.0304538167068,187
7275000,14550.000002046725,-205193.129236858,300.8305266128735,187
7280000,14560.000002048762,-205576.3915252263,297.7426748687663,187
7285000,14570.0000020508,-205058.52277784515,302.14267137722305,187
7290000,14580.000002052837,-206295.74185756675,299.03041968932337,187
7295000,14590.000002054874,-206271.55929465918,294.87709885233494,187
7300000,14600.000002056911,-205977.87138719787,301.32049227625555,187
7305000,14610.000002058949,-205813.25964025443,301.19711958118467,187
7310000,14620.000002060986,-206636.38206699153,297.4997482701232,187
7315000,14630.000002063023,-206057.93617959728,299.45396435401176,187
7320000,14640.00000206506,-206547.76909616834,302.25123962873505,187
7325000,14650.000002067098,-206242.11132912966,299.3032168636195,186
7330000,14660.000002069135,-206100.06859189086,306.3949783047685,186
7335000,14670.000002071172,-205418.20913304645,303.09877000512347,186
7340000,14680.00000207321,-206030.9258570111,301.2689816761144,186
7345000,14690.000002075247,-205720.41174058116,301.5396005002438,186
7350000,14700.000002077284,-206034.41141465167,297.7015768265417,186
7355000,14710.000002079321,-205461.14187846344,299.994015025528,186
7360000,14720.000002081359,-205586.51687785774,298.47242024350936,186
7365000,14730.000002083396,-205433.35402117705,301.25597770233566,186
7370000,14740.000002085433,-206252.34989947884,300.2171346712369,186
7375000,14750.00000208747,-206030.4126233724,299.08772422998976,186
7380000,14760.000002089508,-205398.98950292054,296.5761301332831,186
7385000,14770.000002091545,-205968.33461284114,298.7796293470045,186
7390000,14780.000002093582,-206240.07863427454,298.0330287067476,186
7395000,14790.00000209562,-204897.14157507848,300.0417817918476,186
7400000,14800.000002097657,-205941.08895478502,302.58450041356343,186
7405000,14810.000002099694,-206104.5862893468,298.34033469277256,186
7410000,14820.000002101731,-206031.77694225637,301.8321511563554,186
7415000,14830.000002103769,-205515.39515974163,299.67756453343634,186
7420000,14840.000002105806,-205620.77350426558,297.59077563643626,186
7425000,14850.000002107843,-205476.37054341426,295.0902632472359,186
7430000,14860.00000210988,-207205.50352692918,298.0405183497351,186
7435000,14870.000002111918,-205742.0346065493,302.1761477714864,186
7440000,14880.000002113955,-205677.30772516283,300.56269135516317,186
7445000,14890.000002115992,-207172.11246890726,299.56260054497966,186
7450000,14900.00000211803,-206658.76231269108,299.9184219834319,185
7455000,14910.000002120067,-206394.11369223753,310.98350989635946,185
7460000,14920.000002122104,-205572.61711290036,296.62731610844327,185
7465000,14930.000002124141,-205748.7336988619,300.6453505950272,185
7470000,14940.000002126179,-205211.16935110872,302.6066196051915,185
7475000,14950.000002128216,-206129.07542541216,300.45896206225245,185
7480000,14960.000002130253,-205436.10771991138,298.4119196637908,185
7485000,14970.00000213229,-206183.97714707896,302.2449728682334,185
7490000,14980.000002134328,-206321.013157023,301.6120563144269,185
7495000,14990.000002136365,-206649.96797962754,294.88922810984474,185
7500000,15000.000002138402,-206223.43487684953,300.9147822445194,185
7505000,15010.00000214044,-205701.24369776738,299.1599699327455,185
7510000,15020.000002142477,-206629.60460816592,300.8008590678233,185
7515000,15030.000002144514,-205963.42256437335,302.6365560885406,185
7520000,15040.000002146551,-205392.4936483472,303.0590478129717,185
7525000,15050.000002148588,-205586.49856127833,306.83426198771764,185
7530000,15060.000002150626,-206015.3081141857,297.4718788315186,185
7535000,15070.000002152663,-206000.17538947298,299.52372235680645,185
7540000,15080.0000021547,-205839.43400500657,301.5376958744585,185
7545000,15090.000002156738,-205837.31701566966,301.2331655105123,185
7550000,15100.000002158775,-205393.40021124622,298.00822982924154,185
7555000,15110.000002160812,-205741.6762994154,296.12246137367265,185
7560000,15120.00000216285,-205883.61698196072,296.6170013310678,185
7565000,15130.000002164887,-205524.10918576084,303.13170436090616,185
7570000,15140.000002166924,-205305.34756170795,297.03429206842725,185
7575000,15150.000002168961,-206135.5593944447,299.480045508536,184
7580000,15160.000002170998,-205622.52855072613,302.8911434125447,184
7585000,15170.000002173036,-206000.93917470006,301.09525606773667,184
7590000,15180.000002175073,-205954.78096725466,301.1929808007822,184
7595000,15190.00000217711,-206474.69001555035,301.63419754933693,184
7600000,15200.000002179147,-205831.35912283813,299.49886192399106,184
7605000,15210.000002181185,-205402.24930431705,297.92465014381975,184
7610000,15220.000002183222,-205701.21640557225,294.0867415579395,184
7615000,15230.00000218526,-205913.7191111392,296.7954236239448,184
7620000,15240.000002187297,-205910.31578076235,300.21833719734263,184
7625000,15250.000002189334,-205813.48424107977,302.33396203766955,184
7630000,15260.000002191371,-205629.6094665858,305.29217266459443,184
7635000,15270.000002193408,-206316.9438822699,296.86468839926687,184
7640000,15280.000002195446,-205119.34218459914,303.19072699814365,184
7645000,15290.000002197483,-205516.4784757595,299.91846490637255,184
7650000,15300.00000219952,-206275.72137193196,299.29985518728296,184
7655000,15310.000002201557,-206219.94986319973,303.1245957107932,184
7660000,15320.000002203595,-205645.66611274553,301.5634774306126,184
7665000,15330.000002205632,-205629.25198469602,303.3033541843741,184
7670000,15340.00000220767,-205247.86791499832,298.7889380644044,184
7675000,15350.000002209707,-205373.24167979136,298.1630339627525,184
7680000,15360.000002211744,-206104.98517823825,301.97614217830557,184
7685000,15370.000002213781,-205389.88403385575,301.63906602238154,184
7690000,15380.000002215818,-206152.56833611627,301.91881347378273,184
7695000,15390.000002217856,-206451.54672172375,301.17852905168684,184
7700000,15400.000002219893,-206305.51325174258,300.86601182042676,184
7705000,15410.00000222193,-205567.78768973448,299.55719539987473,184
7710000,15420.000002223967,-206742.0400742431,302.28788127243814,183
7715000,15430.000002226005,-205876.83971854125,302.12968646985223,183
7720000,15440.000002228042,-206007.8828196826,300.8035816674803,183
7725000,15450.00000223008,-206018.5440234741,300.0062917169398,183
7730000,15460.000002232116,-205258.61272280116,297.756431845743,183
7735000,15470.000002234154,-205070.29134431097,303.4411842510803,183
7740000,15480.000002236191,-205040.2721053016,306.21314004303815,183
7745000,15490.000002238228,-205606.06612646463,297.7437454385318,183
7750000,15500.000002240266,-205512.48022828612,301.6186407503339,183
7755000,15510.000002242303,-205722.09674292,298.5510445385028,183
7760000,15520.00000224434,-206779.51995453937,299.4010472270125,183
7765000,15530.000002246377,-205507.2663838648,298.6144876984837,183
7770000,15540.000002248415,-206381.2099909886,302.1916966993662,183
7775000,15550.000002250452,-205238.8907308398,300.7457869885826,183
7780000,15560.00000225249,-205409.2549688362,300.91270219490707,183
7785000,15570.000002254526,-206052.13186716835,300.98231079355,183
7790000,15580.000002256564,-205878.60486539756,303.45635191964465,183
7795000,15590.000002258601,-205404.33187510516,303.66454450774444,183
7800000,15600.000002260638,-206099.72117392404,298.94736781071737,183
7805000,15610.000002262675,-206499.93713542784,301.5564365016174,183
7810000,15620.000002264713,-205500.4013281155,299.08143915217,183
7815000,15630.00000226675,-205036.09615814802,304.91884494984856,183
7820000,15640.000002268787,-205027.6216057113,300.35331360063907,183
7825000,15650.000002270825,-205921.27019060985,299.33363419201856,183
7830000,15660.000002272862,-205573.88917049288,300.1954966498479,183
7835000,15670.000002274899,-205984.5933286522,297.9474539909034,183
7840000,15680.000002276936,-205590.14710293943,304.30976720520835,183
7845000,15690.000002278974,-205563.37375103706,304.65920871655106,182
7850000,15700.00000228101,-205786.46333045256,299.673232259077,182
7855000,15710.000002283048,-205695.9263230362,298.7427948097271,182
7860000,15720.000002285085,-206632.36024737172,297.3514647075769,182
7865000,15730.000002287123,-206250.60961528192,302.4044738091668,182
7870000,15740.00000228916,-205741.16877765802,297.68036038992346,182
7875000,15750.000002291197,-206360.44508696604,301.33811674006256,182
7880000,15760.000002293235,-206542.25912529975,303.45534000089856,182
7885000,15770.000002295272,-206100.6891999191,302.9509469581491,182
7890000,15780.000002297309,-205645.72271182342,294.87648936422715,182
7895000,15790.000002299346,-206044.29393209645,297.5279448125506,182
7900000,15800.000002301384,-205151.77020793885,299.2368373672019,182
7905000,15810.00000230342,-206112.11551686178,302.953190194895,182
7910000,15820.000002305458,-206417.59801674576,297.6788998871828,182
7915000,15830.000002307495,-206389.57824697776,300.69111613669355,182
7920000,15840.000002309533,-205323.16265044862,299.67267722172295,182
7925000,15850.00000231157,-206230.36816914915,294.3681105121876,182
7930000,15860.000002313607,-206232.11644189362,296.4419732570534,182
7935000,15870.000002315644,-205025.3551863638,296.50149937494314,182
7940000,15880.000002317682,-205605.8331423367,298.7329423730607,182
7945000,15890.000002319719,-205988.1271495903,298.54956075291506,182
7950000,15900.000002321756,-205683.85967537854,299.2828486572227,182
7955000,15910.000002323794,-205525.55075967486,305.480600889753,182
7960000,15920.00000232583,-205549.50863711128,301.3135815248361,182
7965000,15930.000002327868,-205360.3701007322,294.55266207253464,182
7970000,15940.000002329905,-205724.80478574988,299.6520358082823,182
7975000,15950.000002331943,-206063.06928754319,300.4047509934393,182
7980000,15960.00000233398,-205974.50039826194,300.9802149687504,182
7985000,15970.000002336017,-205584.4895791593,297.9622089990803,182
7990000,15980.000002338054,-206606.78043941152,299.66486796405377,181
7995000,15990.000002340092,-205657.33971137705,299.24757239175574,181
8000000,16000.000002342129,-205781.41521326918,298.7680502055288,181
8005000,16010.000002344166,-205330.8871996504,300.56837256284314,181
8010000,16020.000002346203,-206457.48039730848,303.1779603277847,181
8015000,16030.00000234824,-205229.63465484616,304.4548993318546,181
8020000,16040.000002350278,-205796.7407889521,300.0437089923688,181
8025000,16050.000002352315,-205759.85777974245,302.8655069797918,181
8030000,16060.000002354353,-205159.4694004252,300.9387906923688,181
8035000,16070.00000235639,-206531.17289222102,300.8523872239874,181
8040000,16080.000002358427,-205959.12607958075,298.3481953469883,181
8045000,16090.000002360464,-205441.46932437038,296.7226729420311,181
8050000,16100.000002362502,-204973.29125690216,297.5303541135936,181
8055000,16110.000002364539,-204753.31100490212,298.62283246255697,181
8060000,16120.000002366576,-205872.57731604483,300.82127911262455,181
8065000,16130.000002368613,-205524.8347064088,301.57871625647505,181
8070000,16140.00000237065,-205357.1369203265,299.67578971918897,181
8075000,16150.000002372688,-205888.51980319642,295.3159879686013,181
8080000,16160.000002374725,-205676.98587677046,302.15837777949105,181
8085000,16170.000002376762,-205724.37869041972,300.14482172760745,181
8090000,16180.0000023788,-205884.98136325553,302.6654333251006,181
8095000,16190.000002380837,-206213.7803908789,301.94235344630397,181
8100000,16200.000002382874,-205324.186417231,299.333562896483,181
8105000,16210.000002384912,-205996.53055212647,296.6191188798753,181
8110000,16220.000002386949,-206207.1755625552,299.98246336818863,181
8115000,16230.000002388986,-206122.9795841598,301.6494431122131,181
8120000,16240.000002391023,-205341.56407666777,306.4582780249303,181
8125000,16250.00000239306,-206231.40618621325,299.1127703810355,181
8130000,16260.000002395098,-205014.4917776268,298.11322027299184,181
8135000,16270.000002397135,-205457.9250853425,302.01500042860823,181
8140000,16280.000002399172,-205773.69060628396,300.23200364037694,180
8145000,16290.00000240121,-205041.67983490613,297.22980210805054,180
8150000,16300.000002403247,-205991.25495422736,303.88469985344483,180
8155000,16310.000002405284,-205237.60249592736,302.0939062738294,180
8160000,16320.000002407322,-205554.4574481584,304.36841654510215,180
8165000,16330.000002409359,-205830.76530829084,302.7896255146574,180
8170000,16340.000002411396,-206345.69453803776,299.04926963357536,180
8175000,16350.000002413433,-205415.81035282207,299.3416796367743,180
8180000,16360.00000241547,-206777.4295492709,299.738383044339,180
8185000,16370.000002417508,-205831.3733791737,299.3766170461846,180
8190000,16380.000002419545,-205905.70252895984,302.0975083932902,180
8195000,16390.00000242158,-205862.40576737397,304.2290809884223,180
8200000,16400.000002423618,-206190.56664417346,300.84548734570626,180
8205000,16410.000002425655,-205876.44044918998,299.8636866471886,180
8210000,16420.000002427692,-206347.43506168597,299.89301449629005,180
8215000,16430.00000242973,-205937.13098833722,306.7554644951325,180
8220000,16440.000002431767,-207050.81221378688,299.4639673815827,180
8225000,16450.000002433804,-206185.7280950502,301.62046779316756,180
8230000,16460.00000243584,-205890.42758185754,305.4379835234482,180
8235000,16470.00000243788,-206021.43811845093,297.1902734835643,180
8240000,16480.000002439916,-205908.54763298423,297.6244396341546,180
8245000,16490.000002441953,-206406.09454875975,300.3036547051772,180
8250000,16500.00000244399,-206029.311230373,296.75249149825373,180
8255000,16510.000002446028,-205569.0988994696,299.41873948525165,180
8260000,16520.000002448065,-205491.7742394635,297.4789065063113,180
8265000,16530.000002450102,-205309.867725502,298.4311349770521,180
8270000,16540.00000245214,-206022.50028735632,297.72932233374416,180
8275000,16550.000002454177,-205626.67555324524,300.9272825749557,180
8280000,16560.000002456214,-206197.02385525568,297.3063017861968,180
8285000,16570.00000245825,-204611.17398322432,293.84929355423606,180
8290000,16580.00000246029,-205989.2326852735,301.57474726500027,180
8295000,16590.000002462326,-205374.1539905999,298.27775477484204,180
8300000,16600.000002464363,-206107.87476655142,300.5079065242151,179
8305000,16610.0000024664,-205569.88781355007,300.0588071721372,179
8310000,16620.000002468438,-205633.16063079704,295.3002332195759,179
8315000,16630.000002470475,-205806.00399247883,301.66153713727084,179
8320000,16640.000002472512,-206384.84085036407,300.03130678523723,179
8325000,16650.00000247455,-205298.6439525782,296.93803584600687,179
8330000,16660.000002476587,-205742.70669014147,299.2030220694091,179
8335000,16670.000002478624,-205577.85065224348,297.55934783131863,179
8340000,16680.00000248066,-206109.24704435305,300.3641708620193,179
8345000,16690.0000024827,-205482.52006203774,302.20358840697406,179
8350000,16700.000002484736,-205649.55859071517,297.09799338539614,179
8355000,16710.000002486773,-205852.939967516,305.4505934439634,179
8360000,16720.00000248881,-206107.7036986733,297.5037534998533,179
8365000,16730.000002490848,-205300.4412423122,303.4201875976358,179
8370000,16740.000002492885,-205209.52013990213,299.36277476528096,179
8375000,16750.000002494922,-205995.12847409467,297.40076190503123,179
8380000,16760.00000249696,-206187.75289854326,297.8035561398661,179
8385000,16770.000002498997,-205253.3928204634,298.8671538809045,179
8390000,16780.000002501034,-205416.14692542818,299.70682517671355,179
8395000,16790.00000250307,-205093.39393770776,299.1067629251678,179
8400000,16800.00000250511,-206158.53858361766,299.99733734024784,179
8405000,16810.000002507146,-204900.5712348402,301.5765854216784,179
8410000,16820.000002509183,-205883.11205882614,297.96340008140385,179
8415000,16830.00000251122,-205636.3710827442,300.513578320237,179
8420000,16840.000002513258,-206053.98297357536,303.5498262428554,179
8425000,16850.000002515295,-205302.9945850051,306.3737338481712,179
8430000,16860.000002517332,-205767.96350365586,299.99045921017597,179
8435000,16870.00000251937,-206289.00637053605,307.1139768063019,179
8440000,16880.000002521407,-205116.08958417282,300.42218279199363,179
8445000,16890.000002523444,-206151.05911875598,296.3181078634928,179
8450000,16900.00000252548,-206125.5626033527,300.36089990497226,179
8455000,16910.00000252752,-205598.48418169108,303.0739789271488,179
8460000,16920.000002529556,-205519.78424598335,300.7149351807049,179
8465000,16930.000002531593,-205736.61790151766,307.4584802731749,179
8470000,16940.00000253363,-205965.0302485046,300.52087950967496,178
8475000,16950.000002535668,-206211.75264211826,298.62610067137547,178
8480000,16960.000002537705,-205795.56087757472,301.5551553339438,178
8485000,16970.000002539742,-206226.6384736076,296.65989535179244,178
8490000,16980.00000254178,-205802.70552831516,299.27767072239817,178
8495000,16990.000002543817,-205822.05228607357,296.86074091169945,178
8500000,17000.000002545854,-206346.01875206758,301.52815659926165,178
8505000,17010.00000254789,-204937.2146234922,301.7262890896952,178
8510000,17020.00000254993,-205574.32548999437,297.8029605961301,178
8515000,17030.000002551966,-205910.78672462853,299.8611148704316,178
8520000,17040.000002554003,-205299.47005707223,301.167703211449,178
8525000,17050.00000255604,-205729.5915512729,297.1403511816133,178
8530000,17060.000002558078,-205665.42917489796,299.7797882268598,178
8535000,17070.000002560115,-206375.7454978543,299.09586473571875,178
8540000,17080.000002562152,-206796.46846342203,298.10099480356837,178
8545000,17090.00000256419,-205366.21261303627,300.1866776761552,178
8550000,17100.000002566227,-205626.29937277478,300.0534772053409,178
8555000,17110.000002568264,-206030.7289692317,299.4801781518184,178
8560000,17120.0000025703,-206068.85400557984,295.37154086602624,178
8565000,17130.00000257234,-205825.21511356812,299.7071505041332,178
8570000,17140.000002574376,-205921.70447595324,301.0789743223158,178
8575000,17150.000002576413,-205790.22799687262,296.93930184933294,178
8580000,17160.00000257845,-206016.07890153327,306.28583941895687,178
8585000,17170.000002580487,-205512.66200168966,297.01590039649636,178
8590000,17180.000002582525,-205821.6257930979,303.7625165404358,178
8595000,17190.000002584562,-206140.20376661047,302.20450508422715,178
8600000,17200.0000025866,-204351.25608168205,303.1255703614715,178
8605000,17210.000002588637,-205295.45081398403,300.23895551161667,178
8610000,17220.000002590674,-205714.9701372768,294.52835758618124,178
8615000,17230.00000259271,-205401.97605890047,298.9744234416832,178
8620000,17240.00000259475,-206030.40100275725,300.3249538899067,178
8625000,17250.000002596786,-205058.49313091335,297.9643063857215,178
8630000,17260.000002598823,-205357.96796284174,298.5355709000246,178
8635000,17270.00000260086,-206533.34831968183,303.5958721777335,178
8640000,17280.000002602897,-205208.87237192562,298.28550325681647,178
8645000,17290.000002604935,-206485.3364235463,298.2039424249688,178
8650000,17300.000002606972,-206053.24405064865,299.5582345590093,177
8655000,17310.00000260901,-206145.64049205417,301.6646362285075,177
8660000,17320.000002611047,-205725.28230677696,300.7452957388607,177
8665000,17330.000002613084,-205150.92441444204,297.3185328533666,177
8670000,17340.00000261512,-205622.05293637107,302.4455469643697,177
8675000,17350.00000261716,-206633.61826014437,294.8691289634429,177
8680000,17360.000002619196,-206660.4254540524,305.57575046867277,177
8685000,17370.000002621233,-206123.65659464838,297.2516534021098,177
8690000,17380.00000262327,-207245.11787754716,296.2543613375216,177
8695000,17390.000002625307,-206409.9345055523,295.86140837716766,177
8700000,17400.000002627345,-207433.83830337052,299.655654702419,177
8705000,17410.000002629382,-206953.70407650853,298.232747041333,177
8710000,17420.00000263142,-205859.98219058313,297.20613117724537,177
8715000,17430.000002633456,-206419.36747664702,305.22925357060274,177
8720000,17440.000002635494,-206567.0042469328,297.7813628593149,177
8725000,17450.00000263753,-207445.72439730575,298.10240459035293,177
8730000,17460.00000263957,-206652.88508835726,302.21338758866887,177
8735000,17470.000002641606,-206829.24103839754,297.90636814448146,177
8740000,17480.000002643643,-206700.26113327383,304.00056897818325,177
8745000,17490.00000264568,-206294.07659952994,302.07341720555905,177
8750000,17500.000002647717,-205989.62699331623,303.03639842732446,177
8755000,17510.000002649755,-205742.37326348177,296.7817360463884,177
8760000,17520.000002651792,-206449.37410619506,299.38214804927907,177
8765000,17530.00000265383,-206654.87935758685,307.48757617220497,177
8770000,17540.000002655866,-206353.00075552205,301.2445858016315,177
8775000,17550.000002657904,-206328.42888795142,304.68846663379423,177
8780000,17560.00000265994,-206596.02551951096,300.413155987411,177
8785000,17570.00000266198,-206192.58868867345,300.6976489014964,177
8790000,17580.000002664015,-207041.41822243808,301.21548722424046,177
8795000,17590.000002666053,-206410.18180171307,302.87313502821416,177
8800000,17600.00000266809,-207005.55494250008,298.6360920129075,177
8805000,17610.000002670127,-205965.6375404473,298.9727996317337,177
8810000,17620.000002672165,-206522.79726415407,299.10157261868244,177
8815000,17630.000002674202,-207026.19376763632,301.40782857524187,177
8820000,17640.00000267624,-206826.3857931418,302.35641210352514,177
8825000,17650.000002678276,-205280.64246721892,296.59462119983624,177
8830000,17660.000002680314,-206525.85194217542,298.54430327920966,177
8835000,17670.00000268235,-206958.1615607707,300.5110479678988,176
8840000,17680.000002684388,-207184.3954108127,296.6881995174956,176
8845000,17690.000002686425,-207870.54271033907,299.6715202133145,176
8850000,17700.000002688463,-207422.96552470222,303.32590023283154,176
8855000,17710.0000026905,-206133.83708115853,299.0270007375635,176
8860000,17720.000002692537,-206720.50621096988,301.4138251107336,176
8865000,17730.000002694575,-206860.45568395208,301.35647463051833,176
8870000,17740.00000269661,-206123.28373284393,299.85513450463327,176
8875000,17750.00000269865,-206455.1074621937,303.4825284208314,176
8880000,17760.000002700686,-207009.35572292516,303.85699753006173,176
8885000,17770.000002702724,-206108.93272025278,295.98690367271075,176
8890000,17780.00000270476,-206724.05985938665,302.7241404327732,176
8895000,17790.000002706798,-206303.13851918362,297.7467600093201,176
8900000,17800.000002708835,-205983.79764233902,298.87016563434,176
8905000,17810.000002710873,-206415.28608139616,303.72122009064503,176
8910000,17820.00000271291,-206591.35813564237,299.6011389842238,176
8915000,17830.000002714947,-206963.31664983102,300.9577908564186,176
8920000,17840.000002716984,-206204.2327868539,305.45196526558715,176
8925000,17850.00000271902,-207030.18352955114,299.30837070815073,176
8930000,17860.00000272106,-206488.95377729286,298.37512810378445,176
8935000,17870.000002723096,-205642.96507621766,298.6837916964065,176
8940000,17880.000002725134,-207205.6447331875,302.2901881407173,176
8945000,17890.00000272717,-206294.92477519554,304.4452055254413,176
8950000,17900.000002729208,-206870.23750567134,301.56517488625076,176
8955000,17910.000002731245,-206693.66993699933,292.85199058471574,176
8960000,17920.000002733283,-205618.41726235126,300.6292826959747,176
8965000,17930.00000273532,-206408.37752380013,299.4233076381884,176
8970000,17940.000002737357,-206764.7338092717,300.2235355268301,176
8975000,17950.000002739394,-206724.16757074627,302.8000193374705,176
8980000,17960.00000274143,-206104.65506866714,300.81245483466114,176
8985000,17970.00000274347,-205825.82776591158,296.1472573632716,176
8990000,17980.000002745506,-207185.62301025796,297.6233714273049,176
8995000,17990.000002747543,-206323.16778600018,302.9334913500319,176
9000000,18000.00000274958,-206299.99451675592,300.4498989509387,176
9005000,18010.000002751618,-206033.37450697855,303.1274525401082,176
9010000,18020.000002753655,-206687.94302580308,297.59270960456814,176
9015000,18030.000002755693,-206291.15800931666,303.9769543651499,176
9020000,18040.00000275773,-206178.08462727477,303.72936562158736,176
9025000,18050.000002759767,-205982.36532601586,300.36874010231054,176
9030000,18060.000002761804,-207037.50046570576,299.18523801618176,176
9035000,18070.00000276384,-206200.866691674,301.1210727828739,175
9040000,18080.00000276588,-206533.24270767998,302.1885234069751,175
9045000,18090.000002767916,-206605.58583730343,300.66903920090795,175
9050000,18100.000002769953,-206788.30777111743,300.7792755182391,175
9055000,18110.00000277199,-205925.1083083219,298.535984728378,175
9060000,18120.000002774028,-205974.81158653868,302.1968405179687,175
9065000,18130.000002776065,-206709.97268354392,294.2189079079415,175
9070000,18140.000002778102,-207457.91699596262,303.0126516783213,175
9075000,18150.00000278014,-205691.43573767098,300.89698611246195,175
9080000,18160.000002782177,-206563.59610325063,301.2039187215064,175
9085000,18170.000002784214,-206860.4146137957,302.54146596945236,175
9090000,18180.00000278625,-206740.22773162648,303.35692655189615,175
9095000,18190.00000278829,-206529.2119961467,294.17686769540626,175
9100000,18200.000002790326,-206701.1466855466,297.80988685710275,175
9105000,18210.000002792363,-206500.86221626843,298.88624476204075,175
9110000,18220.0000027944,-205463.47656801844,301.0605061720947,175
9115000,18230.000002796438,-206484.92922586424,303.6531456884694,175
9120000,18240.000002798475,-206055.831737909,299.1388858184365,175
9125000,18250.000002800512,-206671.0875250873,303.0034064675857,175
9130000,18260.00000280255,-205876.06449768262,297.9482348927193,175
9135000,18270.000002804587,-206538.17951660813,298.1124867511689,175
9140000,18280.000002806624,-206842.3051863598,298.5832207395847,175
9145000,18290.00000280866,-206478.5884988379,305.2206124110954,175
9150000,18300.0000028107,-206520.53013824276,300.6037570589341,175
9155000,18310.000002812736,-206605.58031865372,299.2762882211434,175
9160000,18320.000002814773,-206376.6857301807,300.87691593292885,175
9165000,18330.00000281681,-205903.1694355408,302.88607185856154,175
9170000,18340.000002818848,-206584.11020703078,295.47965234943285,175
9175000,18350.000002820885,-206783.89325051766,296.09460523075467,175
9180000,18360.000002822922,-206386.84663347306,303.1636423261679,175
9185000,18370.00000282496,-206726.19710768329,299.44340410837754,175
9190000,18380.000002826997,-206603.98441485048,298.436146112282,175
9195000,18390.000002829034,-206440.16262231756,297.02529705437314,175
9200000,18400.00000283107,-206715.60571018234,300.17489543799485,175
9205000,18410.00000283311,-206785.90509280562,296.9027270395343,175
9210000,18420.000002835146,-206692.09828903864,297.91235220585753,175
9215000,18430.000002837183,-206458.98272330163,298.6846384719562,175
9220000,18440.00000283922,-206955.37966069614,300.9753407789987,175
9225000,18450.000002841258,-206495.30333100655,300.77453264412975,175
9230000,18460.000002843295,-206451.70198754198,300.34302573151064,175
9235000,18470.000002845332,-206891.35610838188,304.96126643001344,175
9240000,18480.00000284737,-206348.9257884737,299.18689801800093,174
9245000,18490.000002849407,-207475.218489856,297.7875294337746,174
9250000,18500.000002851444,-206652.61418136558,295.56203559522055,174
9255000,18510.00000285348,-207072.25847902964,301.514601393029,174
9260000,18520.00000285552,-206842.67433527566,300.2346849328693,174
9265000,18530.000002857556,-206816.3777371646,299.90767510701534,174
9270000,18540.000002859593,-206655.75414390513,298.93980198857975,174
9275000,18550.00000286163,-206265.92469472997,301.2547982005349,174
9280000,18560.000002863668,-206984.19008396962,306.3714499733907,174
9285000,18570.000002865705,-206218.7604956677,302.99497138119835,174
9290000,18580.000002867742,-206818.65094585496,300.99934069102335,174
9295000,18590.00000286978,-206919.38649831654,303.91627650860585,174
9300000,18600.000002871817,-206414.2717856787,302.16272587687104,174
9305000,18610.000002873854,-206595.54435236158,300.2280132198837,174
9310000,18620.00000287589,-206954.44959724648,299.15883244933747,174
9315000,18630.00000287793,-206563.6192613811,300.94512914981635,174
9320000,18640.000002879966,-207288.19655551738,300.5909619902674,174
9325000,18650.000002882003,-206091.48895114858,302.1812925567783,174
9330000,18660.00000288404,-207423.053191607,300.9859000789712,174
9335000,18670.000002886078,-206522.27637127344,299.4267417502877,174
9340000,18680.000002888115,-206442.3853351227,301.08706698012566,174
9345000,18690.000002890152,-206566.53456689767,299.8992853993236,174
9350000,18700.00000289219,-206082.93958076264,295.19164897173266,174
9355000,18710.000002894227,-205990.60216122074,301.5998712050233,174
9360000,18720.000002896264,-206665.72845443757,299.4763690500777,174
9365000,18730.0000028983,-206318.8957746873,295.34535808240935,174
9370000,18740.00000290034,-207196.73018488043,293.3734895604744,174
9375000,18750.000002902376,-206277.61223925417,304.74087817310675,174
9380000,18760.000002904413,-206747.99619311758,303.7347308975888,174
9385000,18770.00000290645,-206876.49248368386,298.67185539246367,174
9390000,18780.000002908488,-206396.25301101978,299.4486949908991,174
9395000,18790.000002910525,-206472.43063041824,297.68731984878286,174
9400000,18800.000002912562,-206726.46653224598,299.6798291808926,174
9405000,18810.0000029146,-206682.56657611276,297.7613868639185,174
9410000,18820.000002916637,-206549.4997490954,301.1366006309365,174
9415000,18830.000002918674,-206458.78524172946,300.08936307406987,174
9420000,18840.00000292071,-206907.39035577467,298.3570075015932,174
9425000,18850.00000292275,-206327.76795905887,307.5551383937929,174
9430000,18860.000002924786,-206397.91261620517,300.24212893720915,174
9435000,18870.000002926823,-207050.08442240604,296.97845812063025,174
9440000,18880.00000292886,-206804.72170902137,294.9956857583713,174
9445000,18890.000002930898,-206522.71588260145,297.9611131834488,174
9450000,18900.000002932935,-206927.00984441454,298.9599833544369,174
9455000,18910.000002934972,-206536.9621835082,301.129593524215,174
9460000,18920.00000293701,-206108.03770836606,302.5487931664091,174
9465000,18930.000002939047,-206365.19841880118,302.37787768303025,173
9470000,18940.000002941084,-207563.45694986533,293.309682888231,173
9475000,18950.00000294312,-207171.41749285837,300.9744777992038,173
9480000,18960.00000294516,-205921.12066806306,301.05460855507437,173
9485000,18970.000002947196,-206865.95998966356,298.5891928750574,173
9490000,18980.000002949233,-207309.95426491403,300.6051700826628,173
9495000,18990.00000295127,-206270.79934755666,304.2375640234449,173
9500000,19000.000002953308,-207025.8275777147,295.8921423382896,173
9505000,19010.000002955345,-206140.42354685813,301.0077926388317,173
9510000,19020.000002957382,-205559.25840726646,301.2202286394852,173
9515000,19030.00000295942,-207240.91555415606,300.45332436191467,173
9520000,19040.000002961457,-206553.85903614853,300.44744794330717,173
9525000,19050.000002963494,-206060.02626482723,296.337555427178,173
9530000,19060.00000296553,-206550.4884644047,303.6960925311675,173
9535000,19070.00000296757,-207106.58504351717,301.66913700408935,173
9540000,19080.000002969606,-206597.6642311362,300.22153473900494,173
9545000,19090.000002971643,-206851.77407541533,302.91863210111666,173
9550000,19100.00000297368,-207047.99862422235,302.90670860753954,173
9555000,19110.000002975718,-206609.70804171613,295.1733565460186,173
9560000,19120.000002977755,-207294.5521384558,295.8192776551227,173
9565000,19130.000002979792,-206277.94372896862,300.09923723689917,173
9570000,19140.00000298183,-206679.0471146598,298.73113152540697,173
9575000,19150.000002983867,-206442.69621181372,305.94225785239104,173
9580000,19160.000002985904,-206523.22858599445,300.16772244681454,173
9585000,19170.00000298794,-206675.64504273527,298.7998958666361,173
9590000,19180.00000298998,-206038.66783430462,299.585206489123,173
9595000,19190.000002992016,-206676.4985356978,299.95183894667707,173
9600000,19200.000002994053,-206265.09390523122,301.0981584522052,173
9605000,19210.00000299609,-206314.88369917544,305.7340348354493,173
9610000,19220.000002998127,-207345.340487067,306.66216360540284,173
9615000,19230.000003000165,-205415.77011898265,300.3651275753391,173
9620000,19240.000003002202,-206795.79972426582,298.9632279136576,173
9625000,19250.00000300424,-206049.5902736314,297.7360872075354,173
9630000,19260.000003006277,-206473.62905359513,296.50816464875174,173
9635000,19270.000003008314,-206657.28753522446,299.4607117508813,173
9640000,19280.00000301035,-206489.6391315211,296.0832629360083,173
9645000,19290.00000301239,-206472.67630976427,298.7899092412429,173
9650000,19300.000003014426,-207209.6826848006,297.8877419825359,173
9655000,19310.000003016463,-205847.3358937552,296.9807379983958,173
9660000,19320.0000030185,-206114.4759064744,297.5465841113344,173
9665000,19330.000003020537,-206300.33940119506,297.23277292369505,173
9670000,19340.000003022575,-207185.9677441516,306.34231788503325,173
9675000,19350.000003024612,-206380.5598482208,299.5766109973432,173
9680000,19360.00000302665,-207530.4115229085,297.4113402602851,173
9685000,19370.000003028686,-206598.78181239672,294.2735644447647,173
9690000,19380.000003030724,-206302.5914262199,302.01845063412594,173
9695000,19390.00000303276,-206744.1712418748,304.0313725514681,173
9700000,19400.0000030348,-205997.31399669114,303.04242195600096,173
9705000,19410.000003036836,-207830.4784620275,299.35418313572296,172
9710000,19420.000003038873,-206309.9801796202,295.57051339678276,172
9715000,19430.00000304091,-207161.0551181374,298.1736363560557,172
9720000,19440.000003042947,-206221.0055254742,302.2059939856014,172
9725000,19450.000003044985,-207448.7038661436,298.9114093632434,172
9730000,19460.000003047022,-206926.02302389825,297.25929372714313,172
9735000,19470.00000304906,-206592.5304182861,302.3541021726075,172
9740000,19480.000003051096,-207316.63567922125,300.9161848579706,172
9745000,19490.000003053134,-206898.22424010828,303.2057473175393,172
9750000,19500.00000305517,-206617.78381574096,303.16529474326074,172
9755000,19510.00000305721,-206962.17558433092,298.9129525564013,172
9760000,19520.000003059246,-206346.69981404243,298.5523370463913,172
9765000,19530.000003061283,-205598.5967718967,299.28917451126756,172
9770000,19540.00000306332,-206682.80765402154,300.19941172806034,172
9775000,19550.000003065357,-206770.2521756126,303.23330961523715,172
9780000,19560.000003067395,-206477.70968718128,298.82894477300425,172
9785000,19570.000003069432,-207537.62687968148,295.9887412143911,172
9790000,19580.00000307147,-206676.29815714026,298.1757495615503,172
9795000,19590.000003073506,-205765.68710309698,297.3796768674136,172
9800000,19600.000003075544,-206428.92210232106,300.9897280697954,172
9805000,19610.00000307758,-207002.39796635392,301.1637728169675,172
9810000,19620.00000307962,-206393.50611525704,304.38637910990593,172
9815000,19630.000003081655,-206035.40919903724,301.5454049778382,172
9820000,19640.000003083693,-206902.05699480977,301.01072608330634,172
9825000,19650.00000308573,-207238.7805430463,298.3780475797326,172
9830000,19660.000003087767,-207241.44112993474,298.3655969557544,172
9835000,19670.000003089805,-206426.39629466762,301.8373353347562,172
9840000,19680.00000309184,-206572.73626481998,305.6022554608508,172
9845000,19690.00000309388,-206510.61315723206,301.15254218451884,172
9850000,19700.000003095916,-206279.73777655547,300.73681289825765,172
9855000,19710.000003097954,-206807.9585209291,298.40210750755386,172
9860000,19720.00000309999,-206696.62179880566,301.61117696870656,172
9865000,19730.000003102028,-205905.78524947888,300.3791910166626,172
9870000,19740.000003104065,-206737.11553973204,301.0000201269509,172
9875000,19750.000003106103,-205903.84549441608,298.5718080945744,172
9880000,19760.00000310814,-207386.6113417165,296.56066581706443,172
9885000,19770.000003110177,-206932.4862890239,304.055931205248,172
9890000,19780.000003112214,-205799.83081811597,305.4004728429373,172
9895000,19790.00000311425,-206703.49257854978,302.8434218600041,172
9900000,19800.00000311629,-206670.95803782414,299.31477655862363,172
9905000,19810.000003118326,-206661.9531762147,298.902809186785,172
9910000,19820.000003120364,-206903.80843304284,303.0080924336525,172
9915000,19830.0000031224,-206967.58097273333,299.1501638811797,172
9920000,19840.000003124438,-206257.5371806107,298.4475666077569,172
9925000,19850.000003126475,-206625.37016999547,301.600262559838,172
9930000,19860.000003128513,-205852.62930094753,299.97167640033285,172
9935000,19870.00000313055,-206778.78838991048,301.02445661481426,172
9940000,19880.000003132587,-206400.83672028803,301.4480943068216,172
9945000,19890.000003134624,-206399.8410024565,302.37035770567024,172
9950000,19900.00000313666,-206319.3625817427,293.61115466243035,172
9955000,19910.0000031387,-206130.1068547431,301.2320396664003,172
9960000,19920.000003140736,-206768.7335042326,302.3858133180473,171
9965000,19930.000003142773,-206481.10662001732,309.56676376791614,171
9970000,19940.00000314481,-206102.02928761987,296.543853813644,171
9975000,19950.000003146848,-207525.46543185215,298.4860314763355,171
9980000,19960.000003148885,-206649.62750098656,301.15708126873284,171
9985000,19970.000003150923,-207007.07568325382,298.5432403039374,171
9990000,19980.00000315296,-206323.18251210358,300.6052884799255,171
9995000,19990.000003154997,-206348.89718958398,299.86137098834666,171
10000000,20000.000003157034,-206720.99455298204,300.2580729541407,171
10005000,20010.00000315907,-205852.3668309457,299.57912341183317,171
10010000,20020.00000316111,-206777.75299233873,298.75218936140584,171
10015000,20030.000003163146,-206445.54812956986,298.8387007403577,171
10020000,20040.000003165183,-206030.42865028232,298.6397188109918,171
10025000,20050.00000316722,-206476.81246234186,299.88273317634804,171
10030000,20060.000003169258,-206197.81288315984,303.04117174419184,171
10035000,20070.000003171295,-207057.82333445107,295.4596738932493,171
10040000,20080.000003173333,-206924.1577940858,297.182758735072,171
10045000,20090.00000317537,-206659.68149432016,302.40950052290015,171
10050000,20100.000003177407,-206973.59093945252,300.9057481055952,171
10055000,20110.000003179444,-206642.47309428756,299.0650684918085,171
10060000,20120.00000318148,-206469.37140030088,302.64017687924917,171
10065000,20130.00000318352,-206838.60346591566,296.8182277354338,171
10070000,20140.000003185556,-206455.81061424583,298.74628658520464,171
10075000,20150.000003187593,-206760.56642419298,304.928897632969,171
10080000,20160.00000318963,-206973.16697896353,300.7689584882379,171
10085000,20170.000003191668,-206407.73160290648,302.71677106193897,171
10090000,20180.000003193705,-206962.51504140266,302.88254686611214,171
10095000,20190.000003195742,-205979.13536272314,299.5911338859178,171
10100000,20200.00000319778,-206758.36566854268,301.12079563732965,171
10105000,20210.000003199817,-206364.42615235806,298.3214918509236,171
10110000,20220.000003201854,-206292.1743883884,306.28580739182377,171
10115000,20230.00000320389,-206538.89966696303,300.69177442110043,171
10120000,20240.00000320593,-206345.9361833909,296.4047240702522,171
10125000,20250.000003207966,-206912.43998359516,300.7141072764373,171
10130000,20260.000003210003,-206169.21483786136,305.7925524486512,171
10135000,20270.00000321204,-205894.82781033032,295.29237380646833,171
10140000,20280.000003214078,-206954.65070257278,297.97841844671007,171
10145000,20290.000003216115,-206113.7911373612,298.93642156757517,171
10150000,20300.000003218152,-206429.80601287715,300.9934792774912,171
10155000,20310.00000322019,-206216.32219894067,298.4847681087029,171
10160000,20320.000003222227,-206282.92275144777,301.3795849440822,171
10165000,20330.000003224264,-207005.5239318359,295.37492653324983,171
10170000,20340.0000032263,-207172.4932923296,301.68032893687956,171
10175000,20350.00000322834,-207457.2052915286,299.46969912687354,171
10180000,20360.000003230376,-206449.73192992946,301.47307414000187,171
10185000,20370.000003232413,-206340.52196781617,303.01381727359245,171
10190000,20380.00000323445,-207043.56203433766,305.66236296327486,171
10195000,20390.000003236488,-206999.43760726997,297.12881515418275,171
10200000,20400.000003238525,-206454.09654157364,296.01232214882145,171
10205000,20410.000003240562,-206567.15756138472,299.03218149031335,171
10210000,20420.0000032426,-206733.696582302,295.3731780047608,171
10215000,20430.000003244637,-206486.84177285666,304.18354858551186,171
10220000,20440.000003246674,-206493.9552922775,302.4133513953675,171
10225000,20450.00000324871,-206295.3156806936,297.71418974208194,171
10230000,20460.00000325075,-207523.16417172411,304.5840336616235,170
10235000,20470.000003252786,-207147.89784990042,301.02424183444356,170
10240000,20480.000003254823,-206998.03161067667,299.82795469075353,170
10245000,20490.00000325686,-206907.89853228384,300.7670386810148,170
10250000,20500.000003258898,-207141.47376371687,298.79357352926036,170
10255000,20510.000003260935,-206696.83672291366,301.0748555963468,170
10260000,20520.000003262972,-206560.5026364834,301.05925607269967,170
10265000,20530.00000326501,-206336.60866748646,298.69118749857626,170
10270000,20540.000003267047,-206857.3733528267,300.33195583534336,170
10275000,20550.000003269084,-206350.3753683715,298.08648276839654,170
10280000,20560.00000327112,-206801.95312510012,297.13920889197954,170
10285000,20570.00000327316,-206306.25160102476,303.70710683820784,170
10290000,20580.000003275196,-206245.78016813006,301.48171936169535,170
10295000,20590.000003277233,-205849.7438100375,302.7062962193285,170
10300000,20600.00000327927,-206191.21354233474,305.49630820813593,170
10305000,20610.000003281308,-205830.10415974236,301.39636756012516,170
10310000,20620.000003283345,-206912.65191375033,304.26029171420197,170
10315000,20630.000003285382,-206377.1451940037,300.35497863442276,170
10320000,20640.00000328742,-207502.47814714687,297.5084950635159,170
10325000,20650.000003289457,-206583.58549015818,302.13039819613635,170
10330000,20660.000003291494,-206139.22198302962,300.983074462263,170
10335000,20670.00000329353,-206013.41105801146,297.44977467012984,170
10340000,20680.00000329557,-206902.08449546737,301.94135335458225,170
10345000,20690.000003297606,-206826.81689869985,299.5915967859837,170
10350000,20700.000003299643,-206415.4703842135,304.3725896414928,170
10355000,20710.00000330168,-207618.22999389982,301.1692801727608,170
10360000,20720.000003303718,-207068.05326624704,300.1324556617858,170
10365000,20730.000003305755,-207157.98203474726,302.1313330077901,170
10370000,20740.000003307792,-206237.96564276773,299.8818119253511,170
10375000,20750.00000330983,-206730.07395487325,304.30835718829076,170
10380000,20760.000003311867,-206576.41270250827,303.50804569368626,170
10385000,20770.000003313904,-206601.4492008778,299.76375525838176,170
10390000,20780.00000331594,-207364.6083935101,300.6301530065555,170
10395000,20790.00000331798,-206516.6349232567,298.31363827290807,170
10400000,20800.000003320016,-205702.99710998486,301.7769601044753,170
10405000,20810.000003322053,-206646.57275370392,297.7924021273012,170
10410000,20820.00000332409,-206884.02258163795,296.62262183157543,170
10415000,20830.000003326128,-206568.3227115341,298.9977975120939,170
10420000,20840.000003328165,-205698.5654182015,303.40546915868197,170
10425000,20850.000003330202,-206790.42924322712,300.89235095989113,170
10430000,20860.00000333224,-206786.66151388513,295.9707912506012,170
10435000,20870.000003334277,-207625.53391794022,299.4961580924123,170
10440000,20880.000003336314,-205993.49520769797,299.9415748881355,170
10445000,20890.00000333835,-206891.77306257654,301.8619187458141,170
10450000,20900.00000334039,-206096.00233070296,294.72752955843595,170
10455000,20910.000003342426,-206806.3544605457,301.3861650227738,170
10460000,20920.000003344463,-206654.91217366443,295.80075244658246,170
10465000,20930.0000033465,-206495.55567419773,300.49224412371996,170
10470000,20940.000003348538,-207074.69566260523,297.3739333130457,170
10475000,20950.000003350575,-207464.8865721944,297.63467204516184,170
10480000,20960.000003352612,-206947.14495478978,301.00665679548524,170
10485000,20970.00000335465,-206528.87763151992,299.0087078195073,170
10490000,20980.000003356687,-206495.48849465826,303.48128089036334,170
10495000,20990.000003358724,-207248.882114831,299.42056772095253,170
10500000,21000.00000336076,-206014.11590001918,302.22538159096723,170
10505000,21010.0000033628,-206966.58638482762,298.9627338069998,170
10510000,21020.000003364836,-206521.23535361898,302.4264759462593,170
10515000,21030.000003366873,-206421.5579304743,301.53813501351715,170
10520000,21040.00000336891,-206361.10344887094,303.3778422237858,169
10525000,21050.000003370948,-206249.72485856502,295.04899882762476,169
10530000,21060.000003372985,-205876.41096156067,296.57451447201726,169
10535000,21070.000003375022,-206337.7683368367,297.87264785242434,169
10540000,21080.00000337706,-206433.70299296046,302.9784473362069,169
10545000,21090.000003379097,-206305.85267584946,304.3590439687102,169
10550000,21100.000003381134,-206560.5715705905,297.0575066872363,169
10555000,21110.00000338317,-205700.73289382388,300.53920003650154,169
10560000,21120.00000338521,-206824.2390170527,306.54137756000347,169
10565000,21130.000003387246,-206601.61894953798,299.9352923048299,169
10570000,21140.000003389283,-205975.6813120849,299.8876777787329,169
10575000,21150.00000339132,-206157.88711211912,300.3862031817327,169
10580000,21160.000003393357,-206576.42691920954,301.98176724549467,169
10585000,21170.000003395395,-206622.6433950063,300.01152561943644,169
10590000,21180.000003397432,-207353.898633013,303.7331306471964,169
10595000,21190.00000339947,-207149.9779873269,300.72190166452464,169
10600000,21200.000003401507,-206887.5325602634,302.8466664783473,169
10605000,21210.000003403544,-206011.6953208691,306.15367160840447,169
10610000,21220.00000340558,-206339.3917355137,297.8152819005814,169
10615000,21230.00000340762,-206095.14411031513,302.03407766177236,169
10620000,21240.000003409656,-207036.17572024,301.68622310445943,169
10625000,21250.000003411693,-206093.06968202034,300.44111818702385,169
10630000,21260.00000341373,-206651.4442477984,302.8930845006687,169
10635000,21270.000003415767,-206867.14306696795,300.6435669906113,169
10640000,21280.000003417805,-206693.52406637708,297.9527870891854,169
10645000,21290.000003419842,-206479.69553397305,295.45294365856563,169
10650000,21300.00000342188,-205968.91469427582,303.09379216616156,169
10655000,21310.000003423916,-206830.38514186442,297.539845376117,169
10660000,21320.000003425954,-206864.40415456006,299.6777689543681,169
10665000,21330.00000342799,-207287.07225188066,299.8198822863354,169
10670000,21340.00000343003,-206945.14176421205,295.97632957448724,169
10675000,21350.000003432066,-206629.32338227145,303.0966499068575,169
10680000,21360.000003434103,-207126.2241945099,302.76980926973516,169
10685000,21370.00000343614,-205767.75996546284,300.89933464425616,169
10690000,21380.000003438177,-206636.0771512345,299.723127678231,169
10695000,21390.000003440215,-206550.6957243901,303.19586784818455,169
10700000,21400.000003442252,-206427.0542590035,296.1331731607778,169
10705000,21410.00000344429,-206776.4316275603,302.74899861145644,169
10710000,21420.000003446326,-206855.86876791716,300.20802047850464,169
10715000,21430.000003448364,-206990.7355042504,300.84747640137215,169
10720000,21440.0000034504,-206711.54965318437,299.298190524569,169
10725000,21450.00000345244,-206777.1968370888,303.87068507070205,169
10730000,21460.000003454476,-206439.927475302,302.600987455604,169
10735000,21470.000003456513,-205824.62350670714,300.9265621493193,169
10740000,21480.00000345855,-206135.58820187638,303.6274947552912,169
10745000,21490.000003460587,-207017.34824292827,298.52227738421135,169
10750000,21500.000003462625,-206822.7342313719,306.18619707113623,169
10755000,21510.000003464662,-206240.5124595504,303.90860304190153,169
10760000,21520.0000034667,-206732.01533813507,298.76615666982553,169
10765000,21530.000003468736,-206303.2102742223,301.39398213313603,169
10770000,21540.000003470774,-206839.56763511465,300.0136449819307,169
10775000,21550.00000347281,-206673.99345136387,301.9153774859803,169
10780000,21560.00000347485,-206736.63292705687,301.04961368702243,169
10785000,21570.000003476885,-207076.7703322596,299.6396380743151,169
10790000,21580.000003478923,-205778.12700192188,302.95445851584293,169
10795000,21590.00000348096,-206191.54814773554,305.40730670856044,169
10800000,21600.000003482997,-206233.95877926657,301.24216578632115,169
10805000,21610.000003485035,-206658.83095715404,299.33489037152935,169
10810000,21620.00000348707,-206026.6360266948,301.6867233885163,169
10815000,21630.00000348911,-205796.19586228463,303.1635680087292,169
10820000,21640.000003491146,-206032.28432526172,300.42994884381676,168
10825000,21650.000003493184,-207299.8528607972,299.4133300478773,168
10830000,21660.00000349522,-206969.8706946082,300.1956440716882,168
10835000,21670.000003497258,-206107.17678377067,296.5040215233504,168
10840000,21680.000003499295,-206919.67263856076,304.26317215172287,168
10845000,21690.000003501333,-206041.67638890713,300.5638110180152,168
10850000,21700.00000350337,-206580.9552061594,298.7036209244249,168
10855000,21710.000003505407,-206718.25993163593,301.66776900270935,168
10860000,21720.000003507444,-206803.32235026138,300.562179624031,168
10865000,21730.00000350948,-206345.7512983,297.497219697553,168
10870000,21740.00000351152,-206117.85313011543,301.18587811657534,168
10875000,21750.000003513556,-206247.18148212053,298.9195143300192,168
10880000,21760.000003515594,-206854.85339967813,299.9930730466139,168
10885000,21770.00000351763,-206493.6120211183,301.47072184803557,168
10890000,21780.000003519668,-205648.3644271167,302.8515838041921,168
10895000,21790.000003521705,-206401.45442817686,303.337178022237,168
10900000,21800.000003523743,-207003.06585059827,297.0222549411415,168
10905000,21810.00000352578,-205895.66613456223,299.6587234717242,168
10910000,21820.000003527817,-206643.47315411235,302.6016698536006,168
10915000,21830.000003529854,-205915.96332689526,301.75707932243967,168
10920000,21840.00000353189,-205936.35861655127,302.11475187184607,168
10925000,21850.00000353393,-206525.93526546238,305.1818262746065,168
10930000,21860.000003535966,-206389.60052462597,294.4798480325778,168
10935000,21870.000003538004,-205723.88464165328,301.81341292562297,168
10940000,21880.00000354004,-206294.5220150263,304.76496459317866,168
10945000,21890.000003542078,-206377.20821900212,301.2272614087902,168
10950000,21900.000003544115,-206631.4681927124,298.48585094837597,168
10955000,21910.000003546153,-206687.87587934197,298.7162107269791,168
10960000,21920.00000354819,-205919.14724638732,299.7968877266173,168
10965000,21930.000003550227,-206624.43089866103,301.1052575729631,168
10970000,21940.000003552264,-206304.79926561192,297.01354884867305,168
10975000,21950.0000035543,-206413.6945749143,299.5336641840131,168
10980000,21960.00000355634,-206287.48824537056,299.3707357855861,168
10985000,21970.000003558376,-206754.54305832135,299.0252409238316,168
10990000,21980.000003560413,-206780.70311329002,300.392821849119,168
10995000,21990.00000356245,-206683.30333454814,302.6822130899303,168
11000000,22000.000003564488,-206500.38698228204,297.6716207773261,168
11005000,22010.000003566525,-205516.18191555107,301.62954355930015,168
11010000,22020.000003568563,-205740.3593348855,301.4712529851031,168
11015000,22030.0000035706,-206736.5189515287,303.2175242729163,168
11020000,22040.000003572637,-206137.38060316537,302.21830204682374,168
11025000,22050.000003574674,-206302.8081666882,305.97248952845484,168
11030000,22060.00000357671,-207074.41662495956,299.73792976261507,168
11035000,22070.00000357875,-206016.68131226418,302.8355620369637,168
11040000,22080.000003580786,-206746.18369346275,301.2930205762147,168
11045000,22090.000003582823,-206425.11942684243,304.1052288277105,168
11050000,22100.00000358486,-206287.04577649187,302.8174010829938,168
11055000,22110.000003586898,-206250.29748735065,301.9949855040821,168
11060000,22120.000003588935,-206045.86510389717,300.28354754316996,168
11065000,22130.000003590972,-206297.47410401667,297.85730786490524,168
11070000,22140.00000359301,-207408.97897296585,295.16633653935645,168
11075000,22150.000003595047,-206360.94768103142,298.8895832361514,168
11080000,22160.000003597084,-206668.6871336701,301.6049755601577,168
11085000,22170.00000359912,-206792.16136308003,304.48980870608943,168
11090000,22180.00000360116,-206148.9077962424,299.3364567224052,168
11095000,22190.000003603196,-206575.02467015223,306.4965939628023,168
11100000,22200.000003605233,-207376.79094026156,305.7957481218099,168
11105000,22210.00000360727,-207057.26579360408,302.25921850564,168
11110000,22220.000003609308,-206544.62457681086,301.63360688028877,168
11115000,22230.000003611345,-206092.68255401833,299.5179545268042,168
11120000,22240.000003613382,-206672.66157258023,301.2568378570262,168
11125000,22250.00000361542,-206678.88066615106,298.90387675714044,168
11130000,22260.000003617457,-206776.55998291494,296.391898137746,168
11135000,22270.000003619494,-206645.22046086506,304.3215805819392,168
11140000,22280.00000362153,-205762.9232929364,305.71434638206887,168
11145000,22290.00000362357,-206648.38445340388,298.43548318608924,168
11150000,22300.000003625606,-206325.33780287928,303.66641868970646,167
11155000,22310.000003627643,-206324.60104274726,296.1225747444708,167
11160000,22320.00000362968,-205878.60244137573,302.2376089012881,167
11165000,22330.000003631718,-206141.7485310575,300.9385120465601,167
11170000,22340.000003633755,-206425.9844916811,300.4057309809449,167
11175000,22350.000003635792,-206854.9277240528,301.2605790479838,167
11180000,22360.00000363783,-206599.7619822924,299.78190303211096,167
11185000,22370.000003639867,-206698.69878638082,301.36526274762264,167
11190000,22380.000003641904,-207149.41727666545,302.1130584481356,167
11195000,22390.00000364394,-206951.61387091246,300.0666104040982,167
11200000,22400.00000364598,-206907.37845629407,300.3322772195527,167
11205000,22410.000003648016,-206321.1377818042,299.27603951126645,167
11210000,22420.000003650053,-206670.90067518712,302.7140443959375,167
11215000,22430.00000365209,-207656.73732372036,303.3579714785596,167
11220000,22440.000003654128,-207106.25581515208,303.7920246460084,167
11225000,22450.000003656165,-206976.29921088216,297.7420982866345,167
11230000,22460.000003658202,-206628.54467843473,304.6663107223184,167
11235000,22470.00000366024,-206427.57890623307,300.6218038617791,167
11240000,22480.000003662277,-206513.55173509265,301.9334964378524,167
11245000,22490.000003664314,-206499.48674980015,306.2716045556066,167
11250000,22500.00000366635,-206605.7608465663,297.1925848822659,167
11255000,22510.00000366839,-206597.37179278757,301.3708966378273,167
11260000,22520.000003670426,-206488.8509614917,300.6123008117454,167
11265000,22530.000003672463,-205575.49280031084,302.3434837363743,167
11270000,22540.0000036745,-206919.80836400448,302.10711286317036,167
11275000,22550.000003676538,-206568.11365376925,297.9031396057291,167
11280000,22560.000003678575,-206268.12101792102,302.43472117231937,167
11285000,22570.000003680612,-206018.94345098536,301.8847477021021,167
11290000,22580.00000368265,-207135.12174752692,300.3558189254303,167
11295000,22590.000003684687,-206630.96336076641,304.25522568351056,167
11300000,22600.000003686724,-206377.0496887099,303.65668822726053,167
11305000,22610.00000368876,-206659.58562408958,305.52710276660514,167
11310000,22620.0000036908,-207054.45377703104,298.25829027636496,167
11315000,22630.000003692836,-206498.47390743694,299.3716884185329,167
11320000,22640.000003694873,-206159.6445029633,301.6412879110814,167
11325000,22650.00000369691,-206729.62584764312,302.756676843047,167
11330000,22660.000003698948,-206299.0323849481,298.84469665230756,167
11335000,22670.000003700985,-206289.81865020294,296.8680673983804,167
11340000,22680.000003703022,-206462.52898350102,299.5849314762025,167
11345000,22690.00000370506,-205929.29349745705,300.8052939145638,167
11350000,22700.000003707097,-206614.46613002813,300.7820849800277,167
11355000,22710.000003709134,-206367.24155814573,301.50845727408773,167
11360000,22720.00000371117,-206369.0069525428,302.19535734828753,167
11365000,22730.00000371321,-206820.67255293543,300.5594640480117,167
11370000,22740.000003715246,-206592.76848691888,299.87302414274495,167
11375000,22750.000003717283,-206172.70573884016,302.89620883454324,167
11380000,22760.00000371932,-206703.73973560065,302.668681110697,167
11385000,22770.000003721358,-206356.7295241136,304.1098719827099,167
11390000,22780.000003723395,-206259.45072597428,300.93587536979294,167
11395000,22790.000003725432,-207148.98127719492,300.04914350966766,167
11400000,22800.00000372747,-205836.0841313789,300.8072927818463,167
11405000,22810.000003729507,-205874.04168836982,294.3255121325377,167
11410000,22820.000003731544,-206605.3332246514,296.8768312740919,167
11415000,22830.00000373358,-206386.9858218825,299.37614827636844,167
11420000,22840.00000373562,-206642.612608757,295.22023619962476,167
11425000,22850.000003737656,-206440.8225260703,300.58932398080765,167
11430000,22860.000003739693,-206756.931905146,298.9493108609161,167
11435000,22870.00000374173,-205985.1963619357,300.6648667364555,167
11440000,22880.000003743768,-206307.1230136283,301.7456781134328,167
11445000,22890.000003745805,-206949.93760199123,304.2805598632972,167
11450000,22900.000003747842,-207067.3715502204,303.09412357549365,167
11455000,22910.00000374988,-206928.66163025983,302.45241951565885,167
11460000,22920.000003751917,-206207.9477009367,300.62076274660785,167
11465000,22930.000003753954,-206580.98156149976,301.5348523385788,167
11470000,22940.00000375599,-206139.3742885159,295.8578321701044,167
11475000,22950.00000375803,-207327.2191911548,300.68768543929895,167
11480000,22960.000003760066,-206757.58599748742,304.6714750763361,167
11485000,22970.000003762103,-206352.4433787648,300.2834515104465,167
11490000,22980.00000376414,-205996.14864946972,302.5014579604839,167
11495000,22990.000003766178,-207075.67984824115,299.4688546694693,167
11500000,23000.000003768215,-206609.25393897505,300.61975123459206,167
11505000,23010.000003770252,-206652.73879931378,299.313362966271,167
11510000,23020.00000377229,-205782.23889158363,303.73287288347353,167
11515000,23030.000003774327,-206340.7024481095,305.0427089646615,167
11520000,23040.000003776364,-206495.41569894552,302.1777204497437,166
11525000,23050.0000037784,-206353.37398448645,304.5133261789931,166
11530000,23060.00000378044,-205608.04919686995,298.1594012497783,166
11535000,23070.000003782476,-206512.0059611568,298.72495883581445,166
11540000,23080.000003784513,-206482.14196132112,300.34464428142854,166
11545000,23090.00000378655,-206567.29974672978,301.74536663103004,166
11550000,23100.000003788587,-206463.32698739436,297.72664058634035,166
11555000,23110.000003790625,-206900.31892258162,304.4568406732751,166
11560000,23120.000003792662,-206949.4263608558,298.84340038858153,166
11565000,23130.0000037947,-206670.3540292352,303.9731073512534,166
11570000,23140.000003796737,-205380.77212581388,300.78913645973853,166
11575000,23150.000003798774,-205733.66824154812,298.5663553137249,166
11580000,23160.00000380081,-205666.26469141943,297.1337457121429,166
11585000,23170.00000380285,-206713.14920319687,302.48277401836,166
11590000,23180.000003804886,-205871.04496508616,300.693518424783,166
11595000,23190.000003806923,-206651.66346105724,301.2592876166219,166
11600000,23200.00000380896,-207260.68965289323,303.38350659162586,166
11605000,23210.000003810997,-206267.42502818618,302.4463785400134,166
11610000,23220.000003813035,-206506.3102115218,296.33658073202025,166
11615000,23230.000003815072,-206938.1921188936,297.23556653059546,166
11620000,23240.00000381711,-205686.48356321012,299.04688418926634,166
11625000,23250.000003819147,-206398.36774008325,302.11464418517465,166
11630000,23260.000003821184,-206343.7937123999,301.68075900478505,166
11635000,23270.00000382322,-206749.94228022243,301.01473410367794,166
11640000,23280.00000382526,-206476.09455340728,303.33526642559957,166
11645000,23290.000003827296,-206751.02608972462,297.7750706249729,166
11650000,23300.000003829333,-207131.91420224414,300.42439831303284,166
11655000,23310.00000383137,-206583.8917569504,301.1880434624571,166
11660000,23320.000003833407,-206174.09997431492,300.38130052539265,166
11665000,23330.000003835445,-206985.93542742578,305.52529889560043,166
11670000,23340.000003837482,-206657.1040091446,299.53960922284807,166
11675000,23350.00000383952,-206822.35444111936,303.77512630910724,166
11680000,23360.000003841556,-207228.90813447908,302.96085550061844,166
11685000,23370.000003843594,-206214.87305995543,303.72542510458413,166
11690000,23380.00000384563,-206012.07070151565,297.7023240987797,166
11695000,23390.00000384767,-206692.56773354346,298.60531519192006,166
11700000,23400.000003849706,-206521.06120512832,304.3969352804056,166
11705000,23410.000003851743,-206404.87639800552,298.5872908104932,166
11710000,23420.00000385378,-206245.2368658051,299.06110593921915,166
11715000,23430.000003855817,-206575.39837529522,301.2006600609637,166
11720000,23440.000003857855,-205834.1771523673,305.81385078502336,166
11725000,23450.000003859892,-207106.66737788962,300.17040118204784,166
11730000,23460.00000386193,-206363.49341345462,299.18416707607116,166
11735000,23470.000003863966,-206736.82636161358,293.26333627919564,166
11740000,23480.000003866004,-206684.6848963279,306.25414405208727,166
11745000,23490.00000386804,-205823.34539405373,304.01275505317574,166
11750000,23500.00000387008,-207061.12668568047,295.2955075576152,166
11755000,23510.000003872115,-207276.53949454054,299.8162312589396,166
11760000,23520.000003874153,-206085.92705305002,302.5900568750571,166
11765000,23530.00000387619,-206348.54702655855,297.2432688980485,166
11770000,23540.000003878227,-206333.2906942378,301.81598388038975,166
11775000,23550.000003880265,-206343.27280524722,298.0223838561024,166
11780000,23560.000003882302,-206289.32334233017,299.10199327005,166
11785000,23570.00000388434,-207222.35811873898,298.1452846526322,166
11790000,23580.000003886376,-206843.3308919503,301.15707196921625,166
11795000,23590.000003888414,-207092.46973191237,305.1399474237167,166
11800000,23600.00000389045,-206529.3037812101,307.37294270508943,166
11805000,23610.000003892488,-206705.80625625,298.9037459540405,166
11810000,23620.000003894525,-206467.1024703118,301.9952569738083,166
11815000,23630.000003896563,-206401.73981527856,298.1923798908505,166
11820000,23640.0000038986,-206064.18609646615,301.6025820041679,166
11825000,23650.000003900637,-206187.62768818263,302.06657321510056,166
11830000,23660.000003902675,-206990.4033887207,302.7648810644134,166
11835000,23670.00000390471,-206765.67837672948,295.41816438476803,166
11840000,23680.00000390675,-206086.83614005533,299.8606570531904,166
11845000,23690.000003908786,-206802.6249973122,298.3253566409256,166
11850000,23700.000003910824,-206911.5718667371,299.261301332473,166
11855000,23710.00000391286,-206786.53569703735,299.7296397236756,166
11860000,23720.000003914898,-206307.67067773116,299.6755311020462,166
11865000,23730.000003916935,-206679.47054629168,298.9681283056819,166
11870000,23740.000003918973,-207197.91614026867,302.45664623585594,166
11875000,23750.00000392101,-205751.58456230268,301.1741616361014,166
11880000,23760.000003923047,-206060.06858279405,304.1239145421545,166
11885000,23770.000003925084,-206500.6803801898,300.2657479101287,166
11890000,23780.00000392712,-205925.52278210886,299.4350477408927,166
11895000,23790.00000392916,-206167.7449805413,301.7629676513332,166
11900000,23800.000003931196,-206745.13671716524,301.1488046083712,166
11905000,23810.000003933234,-206601.60595478746,296.28222623788736,166
11910000,23820.00000393527,-206083.16660101432,298.32875907184183,166
11915000,23830.000003937308,-206628.2295053372,293.0336406272144,166
11920000,23840.000003939345,-206607.09738761256,304.5563930664844,166
11925000,23850.000003941383,-205786.7891974511,297.3652616292182,166
11930000,23860.00000394342,-207261.82725727628,301.967779896493,165
11935000,23870.000003945457,-205336.40498294216,301.88378069612935,165
11940000,23880.000003947494,-206349.33173107437,297.4550957084426,165
11945000,23890.00000394953,-207050.9815100741,297.68952800479076,165
11950000,23900.00000395157,-205664.30701912974,301.8389021167209,165
11955000,23910.000003953606,-206239.26847249037,300.93989764190286,165
11960000,23920.000003955643,-206688.77878962515,300.60306972217575,165
11965000,23930.00000395768,-206478.58293156174,301.2418076962676,165
11970000,23940.000003959718,-206528.06117908366,300.2711914352101,165
11975000,23950.000003961755,-206813.9057073244,300.54816266818096,165
11980000,23960.000003963793,-206700.31742503704,300.24669312314103,165
11985000,23970.00000396583,-206067.56983933074,303.0613584271621,165
11990000,23980.000003967867,-206044.85058652202,296.9124352554631,165
11995000,23990.000003969904,-206623.09323279525,300.0960731062031,165
12000000,24000.00000397194,-206396.8072060484,301.77845456366634,165
12005000,24010.00000397398,-206821.58262288978,295.1135265008273,165
12010000,24020.000003976016,-206047.32259496406,297.6757263252927,165
12015000,24030.000003978053,-206708.82322394405,302.89185269290857,165
12020000,24040.00000398009,-206730.1617343556,299.91940042920896,165
12025000,24050.000003982128,-207373.47230141598,296.67216962213803,165
12030000,24060.000003984165,-206087.02781230467,303.0253480927716,165
12035000,24070.000003986203,-205877.84663035104,295.35208892770453,165
12040000,24080.00000398824,-205981.81592056865,304.35735454832195,165
12045000,24090.000003990277,-205762.4952128356,305.0584474251927,165
12050000,24100.000003992314,-206954.53549954842,300.2920021148893,165
12055000,24110.00000399435,-206397.64693297492,302.79849925100774,165
12060000,24120.00000399639,-206960.30646207323,302.6120385613457,165
12065000,24130.000003998426,-206091.95352764206,299.8332481419552,165
12070000,24140.000004000463,-206788.4042196212,295.09145453041515,165
12075000,24150.0000040025,-206706.09236705978,299.8221559781597,165
12080000,24160.000004004538,-205770.79137418384,297.14717099552496,165
12085000,24170.000004006575,-205943.16944016027,299.7096258384055,165
12090000,24180.000004008612,-206680.98348174826,301.649878215532,165
12095000,24190.00000401065,-206817.1945037531,298.0142791150847,165
12100000,24200.000004012687,-205913.9492313884,299.0616597849762,165
12105000,24210.000004014724,-206572.85082325886,300.15526061254775,165
12110000,24220.00000401676,-206170.34470616688,300.50187302062955,165
12115000,24230.0000040188,-205988.45836171648,303.6734968865806,165
12120000,24240.000004020836,-206584.48085697112,301.59100586585674,165
12125000,24250.000004022873,-207066.32573483256,302.952886221993,165
12130000,24260.00000402491,-205806.01948159467,300.619815520105,165
12135000,24270.000004026948,-206559.96324276854,303.49895680533155,165
12140000,24280.000004028985,-206259.95360625233,299.157180387395,165
12145000,24290.000004031022,-206472.3056700664,302.79758719850867,165
12150000,24300.00000403306,-205664.6997053665,299.3670903053933,165
12155000,24310.000004035097,-206417.39425545023,294.46109879513904,165
12160000,24320.000004037134,-207324.49270193628,301.7361523664974,165
12165000,24330.00000403917,-206446.01242895087,298.64463039448435,165
12170000,24340.00000404121,-205724.69405440078,301.0715394123968,165
12175000,24350.000004043246,-207095.46292861993,299.093782874783,165
12180000,24360.000004045283,-206415.2836301115,302.3373102688239,165
12185000,24370.00000404732,-206609.59726343164,297.4258086880921,165
12190000,24380.000004049358,-206188.41596714978,299.81816100546314,165
12195000,24390.000004051395,-206063.55951681745,298.68018659475405,165
12200000,24400.000004053432,-206374.94278057397,303.5709498492334,165
12205000,24410.00000405547,-206183.16190336598,297.9874440600923,165
12210000,24420.000004057507,-206283.2441919573,297.35357858848323,165
12215000,24430.000004059544,-206333.24037837458,294.8155117084439,165
12220000,24440.00000406158,-206339.24290098855,303.07070964576235,165
12225000,24450.00000406362,-206292.90599379316,301.79100840493464,165
12230000,24460.000004065656,-206496.92778870696,305.40994685186246,165
12235000,24470.000004067693,-206348.35947027802,297.7094444165508,165
12240000,24480.00000406973,-206690.6953874929,301.9764287044563,165
12245000,24490.000004071768,-206338.12441213778,299.66790634955424,165
12250000,24500.000004073805,-206697.51530748268,304.961703673498,165
12255000,24510.000004075842,-206261.89545944217,303.01542999056,165
12260000,24520.00000407788,-206877.06656907022,295.06390404357575,165
12265000,24530.000004079917,-206249.99163104896,297.1007654298171,165
12270000,24540.000004081954,-206476.93819109944,304.27690122337856,165
12275000,24550.00000408399,-206441.81789589836,299.5145824159878,165
12280000,24560.00000408603,-207064.9736498912,299.9452167288825,165
12285000,24570.000004088066,-206023.7636183221,303.70124921136005,165
12290000,24580.000004090103,-206166.11442994676,299.9924736464191,165
12295000,24590.00000409214,-205989.10984295746,304.5485151013219,165
12300000,24600.000004094178,-206570.71425713098,300.60662205084157,165
12305000,24610.000004096215,-206372.87294745469,300.7630292371964,165
12310000,24620.000004098252,-206305.21584863123,301.14231427130863,165
12315000,24630.00000410029,-206611.2750187175,294.3850078603745,165
12320000,24640.000004102327,-205791.1464118032,303.123143768859,165
12325000,24650.000004104364,-206239.98875056964,298.9756049566443,165
12330000,24660.0000041064,-205933.49492076633,299.0869732896918,165
12335000,24670.00000410844,-206154.13719816413,301.4990195676847,165
12340000,24680.000004110476,-206629.09938820708,297.3786409591528,165
12345000,24690.000004112513,-206323.3471449752,300.2446108126706,165
12350000,24700.00000411455,-206714.84181892173,297.48202463971876,165
12355000,24710.000004116588,-206384.95558638545,300.39437993518914,165
12360000,24720.000004118625,-206294.78969985247,300.0696111158283,164
12365000,24730.000004120662,-207085.04727565532,300.257755820587,164
12370000,24740.0000041227,-206007.46985657536,301.84612039566247,164
12375000,24750.000004124737,-206957.2763113852,297.5750396268732,164
12380000,24760.000004126774,-207017.2853668878,297.3178114830717,164
12385000,24770.00000412881,-205712.39536655706,301.68405296033876,164
12390000,24780.00000413085,-206344.6941092544,302.5446544697814,164
12395000,24790.000004132886,-206072.10169413663,299.0604604683884,164
12400000,24800.000004134923,-206940.4081775496,298.38739584911735,164
12405000,24810.00000413696,-206967.40289833536,300.06737594454194,164
12410000,24820.000004138998,-207337.5268516657,297.7795427536033,164
12415000,24830.000004141035,-206452.20748511446,300.0443434489636,164
12420000,24840.000004143072,-206746.1740106236,303.26918926039167,164
12425000,24850.00000414511,-205604.75319307263,300.3241785455617,164
12430000,24860.000004147147,-206183.45466366957,304.4198645396755,164
12435000,24870.000004149184,-206892.30279002432,303.61526403543786,164
12440000,24880.00000415122,-206566.893050364,303.4409640660745,164
12445000,24890.00000415326,-205653.31430867047,300.4633492992798,164
12450000,24900.000004155296,-205721.80082782567,303.09169136385805,164
12455000,24910.000004157333,-206031.66194227035,301.66822945449894,164
12460000,24920.00000415937,-206506.77743235684,299.90780845497426,164
12465000,24930.000004161408,-206125.8177280915,301.9077654785859,164
12470000,24940.000004163445,-206563.94662401674,305.5555126859739,164
12475000,24950.000004165482,-206465.4115852632,302.8373657012753,164
12480000,24960.00000416752,-206735.0457981939,300.3764477913739,164
12485000,24970.000004169557,-206886.0429352919,300.3613563679563,164
12490000,24980.000004171594,-205859.41701980634,299.8985874355282,164
12495000,24990.00000417363,-206844.60097968043,299.53280460241564,164
12500000,25000.00000417567,-206319.8800669005,297.3629994154133,164
12505000,25010.000004177706,-206208.72176296508,304.5418316806864,164
12510000,25020.000004179743,-206305.94808764732,300.05575484046904,164
12515000,25030.00000418178,-206958.1723385047,307.0579182503569,164
12520000,25040.000004183818,-206123.44344435597,299.20207625140773,164
12525000,25050.000004185855,-206815.48005178547,306.4577008636421,164
12530000,25060.000004187892,-206456.2239347794,298.5900826589333,164
12535000,25070.00000418993,-206323.41613257467,297.09421509229816,164
12540000,25080.000004191967,-206986.13139462355,295.2280495158952,164
12545000,25090.000004194004,-206633.3378425995,303.13323084831416,164
12550000,25100.00000419604,-206097.95764014567,298.87419272838025,164
12555000,25110.00000419808,-206678.0301794723,304.0447996958617,164
12560000,25120.000004200116,-206515.9274364533,299.2586135361905,164
12565000,25130.000004202153,-206257.6920230427,298.9770762357865,164
12570000,25140.00000420419,-206685.5214716302,299.99543601432396,164
12575000,25150.000004206227,-207097.86186980468,304.16708925752994,164
12580000,25160.000004208265,-206490.25734308315,300.9681998351837,164
12585000,25170.000004210302,-206076.76362496917,299.25304390232833,164
12590000,25180.00000421234,-206257.4210631958,300.42167293484033,164
12595000,25190.000004214377,-206265.33766748675,297.98878151940494,164
12600000,25200.000004216414,-206782.33269648766,305.4143222402865,164
12605000,25210.00000421845,-206108.52039834205,297.4133375661787,164
12610000,25220.00000422049,-205915.06304188992,305.10000140708286,164
12615000,25230.000004222526,-206376.8540176088,303.31028022848267,164
12620000,25240.000004224563,-206420.0303925356,308.2724669624782,164
12625000,25250.0000042266,-206592.32529745647,302.0829942537961,164
12630000,25260.000004228637,-207512.36732330068,303.6414801112171,164
12635000,25270.000004230675,-206284.33308549423,303.8574096773665,164
12640000,25280.000004232712,-205954.6668204096,301.1220020835598,164
12645000,25290.00000423475,-205675.83669881383,296.5149569066779,164
12650000,25300.000004236786,-206418.76899561682,299.98019399256236,164
12655000,25310.000004238824,-206703.82015041134,306.33842422321806,164
12660000,25320.00000424086,-206328.7644462178,297.83736713853665,164
12665000,25330.0000042429,-206668.22088353068,295.8065849889051,164
12670000,25340.000004244936,-206882.50222726935,302.1875772040574,164
12675000,25350.000004246973,-206117.98760026437,300.94671536884414,164
12680000,25360.00000424901,-206362.85201131762,300.9292063129827,164
12685000,25370.000004251047,-207139.8715336714,298.97705871780386,164
12690000,25380.000004253085,-206324.54214582895,303.31050330703323,164
12695000,25390.000004255122,-206277.57434530812,298.0758276432726,164
12700000,25400.00000425716,-205519.52727995138,297.3834566721143,164
12705000,25410.000004259196,-207343.55523709801,298.5907129228236,164
12710000,25420.000004261234,-206353.81016673986,301.18373496380474,164
12715000,25430.00000426327,-206312.3384451645,300.2089603098584,164
12720000,25440.00000426531,-206073.28215282492,301.3697176512019,164
12725000,25450.000004267346,-206083.43836442998,299.7500587443107,164
12730000,25460.000004269383,-207008.15698361082,299.1462382886179,164
12735000,25470.00000427142,-206392.7320524857,303.90076592591475,164
12740000,25480.000004273457,-206934.23193179362,298.5454306990927,164
12745000,25490.000004275495,-206871.80936199822,296.70384656764213,164
12750000,25500.000004277532,-206486.8376266848,298.0387352760598,164
12755000,25510.00000427957,-206814.08128646843,296.44610440928176,164
12760000,25520.000004281606,-207275.84842928557,297.95974436039194,164
12765000,25530.000004283644,-206172.60942330782,302.39264282830703,164
12770000,25540.00000428568,-206128.20954467286,297.0212920771894,164
12775000,25550.00000428772,-206021.41461047495,298.3366040537282,164
12780000,25560.000004289755,-206634.5680317909,296.51102551772505,164
12785000,25570.000004291793,-206652.14851992717,299.43361346849593,164
12790000,25580.00000429383,-205937.2403368426,300.9446865307941,164
12795000,25590.000004295867,-206627.4166319815,299.803969426091,164
12800000,25600.000004297905,-206518.79140266683,301.0307255956681,164
12805000,25610.00000429994,-206628.37910131481,302.8031555329732,164
12810000,25620.00000430198,-206326.3044421319,301.47322781928233,164
12815000,25630.000004304016,-205929.72348306002,299.26913366053657,164
12820000,25640.000004306054,-206468.60396085866,299.9545115938946,163
12825000,25650.00000430809,-207428.60614023486,296.767946223227,163
12830000,25660.000004310128,-206178.2833106498,299.58174151232726,163
12835000,25670.000004312165,-206266.33928568359,298.80286926705315,163
12840000,25680.000004314203,-207113.2466333364,299.27923410840543,163
12845000,25690.00000431624,-206833.51111181523,303.70306073467896,163
12850000,25700.000004318277,-206879.35757237673,295.9332653182221,163
12855000,25710.000004320314,-206323.42332999175,297.968070982816,163
12860000,25720.00000432235,-206404.1649702267,298.1125499844162,163
12865000,25730.00000432439,-205743.07445198204,299.0988486683227,163
12870000,25740.000004326426,-206599.43403714744,305.24750420471815,163
12875000,25750.000004328464,-207460.47662806138,301.7046445799847,163
12880000,25760.0000043305,-206472.8307138777,300.4716201147067,163
12885000,25770.000004332538,-206612.69305560063,298.5930281008829,163
12890000,25780.000004334575,-206186.47244629858,301.47970231706444,163
12895000,25790.000004336613,-206688.68352530268,299.31007303444187,163
12900000,25800.00000433865,-207009.24799648672,302.30075167564934,163
12905000,25810.000004340687,-206529.79438155063,299.0476843549043,163
12910000,25820.000004342724,-206847.0791190681,300.1474129508953,163
12915000,25830.00000434476,-206555.12348332081,297.9778860400919,163
12920000,25840.0000043468,-206772.8572219843,308.89717234405845,163
12925000,25850.000004348836,-206351.62282608647,303.7925110495392,163
12930000,25860.000004350873,-206604.45884332515,303.7055865196877,163
12935000,25870.00000435291,-206347.4097604081,300.35353201089646,163
12940000,25880.000004354948,-206730.75925351866,302.4903210492924,163
12945000,25890.000004356985,-206949.95960764785,299.58839415186026,163
12950000,25900.000004359023,-206182.5639979638,295.72365352935816,163
12955000,25910.00000436106,-206721.558969873,300.92536946871996,163
12960000,25920.000004363097,-206166.36337358865,297.6966475287836,163
12965000,25930.000004365134,-206570.21082177386,299.25261824108514,163
12970000,25940.00000436717,-206137.39193385618,298.9408240851317,163
12975000,25950.00000436921,-206172.84895471367,301.6867232802473,163
12980000,25960.000004371246,-205782.90134903183,301.7910556680408,163
12985000,25970.000004373283,-206394.68023029715,302.7497287234766,163
12990000,25980.00000437532,-206532.82337027043,299.2661500733861,163
12995000,25990.000004377358,-207285.18624924333,303.95918369590663,163
13000000,26000.000004379395,-206856.65493703738,295.93973657643295,163
13005000,26010.000004381433,-205550.0594428276,304.8427037070651,163
13010000,26020.00000438347,-206223.0311689363,300.10352273275095,163
13015000,26030.000004385507,-206399.03956876637,300.44940425366394,163
13020000,26040.000004387544,-206751.7165841465,301.64695324677473,163
13025000,26050.00000438958,-206486.2192727566,303.74412176231357,163
13030000,26060.00000439162,-206403.93822156545,298.73752191834365,163
13035000,26070.000004393656,-207037.9450109906,295.4335430393112,163
13040000,26080.000004395693,-206199.43227388454,300.68911704854065,163
13045000,26090.00000439773,-206414.7485970722,300.70770239366425,163
13050000,26100.000004399768,-206429.80947936524,299.49609626142967,163
13055000,26110.000004401805,-207190.9434050516,299.20761890885154,163
13060000,26120.000004403842,-206272.20193317404,305.65942876472536,163
13065000,26130.00000440588,-206995.25538683636,300.1359962047217,163
13070000,26140.000004407917,-206710.79133049073,299.566939119381,163
13075000,26150.000004409954,-206685.39009164716,298.5584038931091,163
13080000,26160.00000441199,-206015.23894291755,299.3738996816897,163
13085000,26170.00000441403,-206540.62909929955,296.6454122695424,163
13090000,26180.000004416066,-206451.54967611737,296.1526880787294,163
13095000,26190.000004418103,-206530.09964135825,299.7520569583275,163
13100000,26200.00000442014,-206599.0439161642,303.4579160063089,163
13105000,26210.000004422178,-206625.1494278236,300.60068943163344,163
13110000,26220.000004424215,-205971.27613027918,299.43311246998354,163
13115000,26230.000004426252,-206430.38761215948,303.5421559948202,163
13120000,26240.00000442829,-205786.43380881613,299.51397486478805,163
13125000,26250.000004430327,-207321.70156798558,295.0251935603694,163
13130000,26260.000004432364,-206367.47787302884,297.0884430890146,163
13135000,26270.0000044344,-206060.14878242917,303.4178095438849,163
13140000,26280.00000443644,-206406.95128048304,299.93589972382097,163
13145000,26290.000004438476,-206432.84327918186,301.84157569498757,163
13150000,26300.000004440513,-206439.20754200732,300.8733919888542,163
13155000,26310.00000444255,-206767.86041986442,297.94740114275453,163
13160000,26320.000004444588,-206154.01114788104,302.57587706586605,163
13165000,26330.000004446625,-206051.07283961074,302.51416626743645,163
13170000,26340.000004448662,-206605.00605345902,300.90423700860276,163
13175000,26350.0000044507,-205930.21949111542,302.7727178756168,163
13180000,26360.000004452737,-206502.9059653458,302.2564077771466,163
13185000,26370.000004454774,-206489.73129472567,300.4868440434598,163
13190000,26380.00000445681,-206264.95340420585,298.1433287007623,163
13195000,26390.00000445885,-206536.82360726467,301.9562611268798,163
13200000,26400.000004460886,-206422.50193213113,301.44181838652855,163
13205000,26410.000004462923,-206826.73765761475,298.5485302086642,163
13210000,26420.00000446496,-205857.8296628252,299.8502607727171,163
13215000,26430.000004466998,-206562.71886956855,300.20549417127273,163
13220000,26440.000004469035,-206041.59853307297,306.94472412496066,163
13225000,26450.000004471072,-206429.26191056147,301.5680150860769,163
13230000,26460.00000447311,-206434.20885907742,296.8057239744226,163
13235000,26470.000004475147,-206778.9124256021,301.8580880776758,163
13240000,26480.000004477184,-206509.05467730458,303.5751260088645,163
13245000,26490.00000447922,-206313.5675917489,296.8400927249378,163
13250000,26500.00000448126,-205868.66828957002,299.57435254001854,163
13255000,26510.000004483296,-206689.86360869266,301.2598247408984,163
13260000,26520.000004485333,-206627.05348319188,297.3278354361266,163
13265000,26530.00000448737,-206799.96595053282,300.3606011320149,163
13270000,26540.000004489408,-206460.381378368,298.2919290969483,163
13275000,26550.000004491445,-206220.47705766268,298.4435246021071,163
13280000,26560.000004493482,-206373.3113825668,299.93937143977945,163
13285000,26570.00000449552,-206621.65540954308,301.0055639725602,163
13290000,26580.000004497557,-206847.65646517114,297.82856054474206,163
13295000,26590.000004499594,-206218.43641907803,302.1003069866215,163
13300000,26600.00000450163,-206347.0167171365,299.3386239646649,163
13305000,26610.00000450367,-207691.33277522319,299.89961189944887,163
13310000,26620.000004505706,-207132.92236052395,304.16294604106184,163
13315000,26630.000004507743,-206303.50213400612,296.2101800018825,163
13320000,26640.00000450978,-206552.90820222464,299.1212595359556,163
13325000,26650.000004511818,-206575.57205125876,303.06509318070306,163
13330000,26660.000004513855,-206343.65082208044,295.9510203243431,163
13335000,26670.000004515892,-206858.17407552525,297.559302324441,163
13340000,26680.00000451793,-206961.90053275565,299.88849614444575,163
13345000,26690.000004519967,-207255.87408453156,300.7772808769799,162
13350000,26700.000004522004,-206741.9658628985,304.45135609258136,162
13355000,26710.00000452404,-207191.91624177736,294.58727736887676,162
13360000,26720.00000452608,-206925.2065363112,300.4118687346154,162
13365000,26730.000004528116,-206861.03584826284,297.2150290133546,162
13370000,26740.000004530153,-206388.19677249622,299.0668179968874,162
13375000,26750.00000453219,-206147.08286835195,294.98918024973034,162
13380000,26760.000004534228,-206484.89182204718,295.9808934736761,162
13385000,26770.000004536265,-206316.77413821954,299.7131435186972,162
13390000,26780.000004538302,-205835.4057195735,301.27280332635365,162
13395000,26790.00000454034,-206878.8559495291,298.9534559667329,162
13400000,26800.000004542377,-206771.53487697197,300.04677234802404,162
13405000,26810.000004544414,-206618.8257339045,297.84298023966284,162
13410000,26820.00000454645,-206905.4112073856,302.9356317118983,162
13415000,26830.00000454849,-206490.02849172195,299.9808168460888,162
13420000,26840.000004550526,-207048.68224126974,303.4737903603637,162
13425000,26850.000004552563,-206769.88586484198,301.9692892453992,162
13430000,26860.0000045546,-207038.43870131858,295.1682403726643,162
13435000,26870.000004556638,-206260.4494009402,299.5690033613214,162
13440000,26880.000004558675,-206317.07857503323,299.8898025538614,162
13445000,26890.000004560712,-207743.03447855497,302.13334164327046,162
13450000,26900.00000456275,-205679.19917360286,299.35459674249836,162
13455000,26910.000004564787,-206443.7783567265,301.2026373947428,162
13460000,26920.000004566824,-206833.7101125426,297.1521524489895,162
13465000,26930.00000456886,-206302.6253896025,296.0611899313382,162
13470000,26940.0000045709,-206378.68323339522,299.78039563380105,162
13475000,26950.000004572936,-206633.64293055236,298.88762765503867,162
13480000,26960.000004574973,-206570.42398175574,300.5607622347825,162
13485000,26970.00000457701,-205437.5289014416,304.1570652918234,162
13490000,26980.000004579048,-206151.58297439327,299.96732143377466,162
13495000,26990.000004581085,-206859.4514062932,303.7141900795381,162
13500000,27000.000004583122,-205829.00902090804,303.00194498780144,162
13505000,27010.00000458516,-206236.19887787744,302.75774546896974,162
13510000,27020.000004587197,-206544.00941743748,300.2690039372349,162
13515000,27030.000004589234,-206897.4282640185,300.16976219356025,162
13520000,27040.00000459127,-206289.3892800744,300.08074375197594,162
13525000,27050.00000459331,-206532.96499698574,294.5386813406442,162
13530000,27060.000004595346,-207019.56737893284,299.8846092521398,162
13535000,27070.000004597383,-206256.03647501196,302.72817501533893,162
13540000,27080.00000459942,-206520.28524664696,298.9727331871205,162
13545000,27090.000004601457,-206703.0909168754,301.8322764667141,162
13550000,27100.000004603495,-206784.79719298414,299.87230693497827,162
13555000,27110.000004605532,-206613.2321509912,301.4070072504007,162
13560000,27120.00000460757,-206390.81516932917,297.9491121350861,162
13565000,27130.000004609607,-206367.11286171025,298.2858930270035,162
13570000,27140.000004611644,-206291.50190574967,298.73126998430985,162
13575000,27150.00000461368,-206621.4181664025,300.000289298919,162
13580000,27160.00000461572,-206232.93261713407,305.6509516682985,162
13585000,27170.000004617756,-206894.2834941654,299.12210383642207,162
13590000,27180.000004619793,-206628.1738090727,304.2028482605493,162
13595000,27190.00000462183,-205551.21166919894,300.8944486704246,162
13600000,27200.000004623867,-206927.9655889942,300.9718826328527,162
13605000,27210.000004625905,-206685.18825365405,298.3041104505878,162
13610000,27220.000004627942,-206149.7064479465,301.73396334038745,162
13615000,27230.00000462998,-206707.2830348597,302.7368446013457,162
13620000,27240.000004632016,-205891.9445915008,297.6860951224012,162
13625000,27250.000004634054,-206496.29578973178,299.9381274397683,162
13630000,27260.00000463609,-206414.32005124434,301.1600293209499,162
13635000,27270.00000463813,-206412.7664363645,302.8669331903561,162
13640000,27280.000004640166,-206418.82921840646,296.86816452756506,162
13645000,27290.000004642203,-206435.8734627202,301.757510503717,162
13650000,27300.00000464424,-207047.96966871223,306.3746155249194,162
13655000,27310.000004646277,-206076.41942403605,299.7065570729699,162
13660000,27320.000004648315,-206307.789054606,304.4407234522186,162
13665000,27330.000004650352,-206699.03092458437,300.42987004611405,162
13670000,27340.00000465239,-206997.94023865962,298.1009762853712,162
13675000,27350.000004654426,-206192.3539622291,298.8310329285978,162
13680000,27360.000004656464,-206317.03665565583,299.6403329591457,162
13685000,27370.0000046585,-205590.4199089154,294.7431097457071,162
13690000,27380.00000466054,-206283.91971104976,303.3496067339809,162
13695000,27390.000004662576,-206273.62128830596,300.43768483311663,162
13700000,27400.000004664613,-206145.2858183895,295.6376652048912,162
13705000,27410.00000466665,-206596.10944012587,303.4424341773263,162
13710000,27420.000004668687,-206271.15441489615,297.32215117099963,162
13715000,27430.000004670725,-206264.83087834262,298.12044095331794,162
13720000,27440.000004672762,-206684.09218382183,300.56545464472777,162
13725000,27450.0000046748,-205460.64531958348,304.42691327343067,162
13730000,27460.000004676836,-206157.5687598841,300.19534331431134,162
13735000,27470.000004678874,-206998.84670500935,300.79726957866205,162
13740000,27480.00000468091,-206872.84723681037,302.28863240632137,162
13745000,27490.00000468295,-206814.6210437686,304.4643121606166,162
13750000,27500.000004684985,-206808.78606605635,305.16504964935575,162
13755000,27510.000004687023,-206734.29135045817,299.22391182128007,162
13760000,27520.00000468906,-207154.08190837677,297.5479113338751,162
13765000,27530.000004691097,-206969.9561305258,301.5817069303101,162
13770000,27540.000004693135,-206917.80682667042,301.7644060806531,162
13775000,27550.00000469517,-206495.25472456985,297.2118914548876,162
13780000,27560.00000469721,-206298.08026738954,300.566500276999,162
13785000,27570.000004699246,-206469.45154602244,297.2630935714092,162
13790000,27580.000004701284,-205904.62962578726,300.34460604478767,162
13795000,27590.00000470332,-205811.7752706916,301.7918309542267,162
13800000,27600.000004705358,-206091.6139412974,302.34867733848483,162
13805000,27610.000004707395,-206771.41542588454,300.64746971872705,162
13810000,27620.000004709433,-206964.97990558157,303.7391657300081,162
13815000,27630.00000471147,-206577.02158636018,300.4509212595652,162
13820000,27640.000004713507,-206617.50134739873,302.4988845113555,162
13825000,27650.000004715544,-206083.1330933522,297.20860908562565,162
13830000,27660.00000471758,-206644.33297633904,303.0306807795525,162
13835000,27670.00000471962,-206576.4113492095,298.97834409651915,162
13840000,27680.000004721656,-206538.63667288353,303.0954895105016,162
13845000,27690.000004723694,-206675.39763167885,295.58623142830425,162
13850000,27700.00000472573,-205552.79817793914,301.222106874011,162
13855000,27710.000004727768,-206878.17619120702,303.7629119425278,162
13860000,27720.000004729805,-206730.4045856021,300.30372109625125,162
13865000,27730.000004731843,-206258.40226217546,302.72641787462413,162
13870000,27740.00000473388,-206977.9938143897,300.1043959019657,162
13875000,27750.000004735917,-206826.2615859164,302.0445648098263,162
13880000,27760.000004737954,-206546.67160636443,299.93121776846664,162
13885000,27770.00000473999,-206346.65970302746,303.0854469031214,161
13890000,27780.00000474203,-206647.46942351724,296.67006445897823,161
13895000,27790.000004744066,-205684.19120132457,299.30234426102754,161
13900000,27800.000004746104,-206339.1352514939,306.2167870452748,161
13905000,27810.00000474814,-205738.2823687346,297.3700337298287,161
13910000,27820.000004750178,-205701.8556961883,301.556827000367,161
13915000,27830.000004752215,-206145.06306200486,302.99352134534394,161
13920000,27840.000004754253,-205557.8606414427,302.01456474750836,161
13925000,27850.00000475629,-206283.57146851462,299.7159940908209,161
13930000,27860.000004758327,-206162.06736187753,300.6931772712429,161
13935000,27870.000004760364,-206907.54111862718,297.6313728898608,161
13940000,27880.0000047624,-206298.53031551605,296.58936675314584,161
13945000,27890.00000476444,-205566.07604760537,302.51509559066943,161
13950000,27900.000004766476,-207122.56042988983,298.2450705894292,161
13955000,27910.000004768513,-206756.96494938643,301.1626629873062,161
13960000,27920.00000477055,-206536.4475591171,298.19773803037486,161
13965000,27930.000004772588,-206267.81716464157,298.3890959363224,161
13970000,27940.000004774625,-206699.79951393756,299.5602450520223,161
13975000,27950.000004776663,-206362.2504727702,303.62674206488185,161
13980000,27960.0000047787,-206466.72929796134,302.2714608504598,161
13985000,27970.000004780737,-206023.74031946424,304.2861455647405,161
13990000,27980.000004782774,-206714.2493911431,297.54756562720274,161
13995000,27990.00000478481,-206413.91020558588,298.8963037112453,161
14000000,28000.00000478685,-207464.58844404249,300.3006000363668,161
14005000,28010.000004788886,-206813.55659673247,301.19073614561137,161
14010000,28020.000004790923,-206862.18409779225,293.3330431411288,161
14015000,28030.00000479296,-205539.82055752177,300.9435030667962,161
14020000,28040.000004794998,-206449.22067866358,303.9682202922506,161
14025000,28050.000004797035,-207496.22707406164,302.10532277646575,161
14030000,28060.000004799072,-206473.0987064829,301.63674928177136,161
14035000,28070.00000480111,-206438.21328132052,300.86617772199884,161
14040000,28080.000004803147,-206464.45557097415,299.6064226421062,161
14045000,28090.000004805184,-206659.5387973598,300.33202512654793,161
14050000,28100.00000480722,-207327.96844379616,299.4291779134529,161
14055000,28110.00000480926,-206030.60255336203,301.1221973598016,161
14060000,28120.000004811296,-206980.0590451843,298.81576485558867,161
14065000,28130.000004813333,-206665.39678050997,296.91145898429147,161
14070000,28140.00000481537,-206996.19212157745,300.5642895541271,161
14075000,28150.000004817408,-206972.5477104548,300.2247668864498,161
14080000,28160.000004819445,-206042.10530071077,298.94408616868935,161
14085000,28170.000004821482,-206379.28875009017,298.0509878270098,161
14090000,28180.00000482352,-206841.9663954269,302.0129962789433,161
14095000,28190.000004825557,-205848.58246183558,299.8547699838198,161
14100000,28200.000004827594,-207224.25411731354,297.9359892108513,161
14105000,28210.00000482963,-206627.47466262896,302.90042269655635,161
14110000,28220.00000483167,-205967.47046260058,299.0473344813571,161
14115000,28230.000004833706,-206794.7613796034,302.4326308081562,161
14120000,28240.000004835743,-206109.09752336412,298.65319244374393,161
14125000,28250.00000483778,-206939.95150846546,299.25385370322647,161
14130000,28260.000004839818,-207123.42343112745,301.4366232581339,161
14135000,28270.000004841855,-206166.6104797033,297.6778856418496,161
14140000,28280.000004843892,-206815.21267744154,300.4035182016496,161
14145000,28290.00000484593,-206727.22826851474,298.80191974361776,161
14150000,28300.000004847967,-206898.7749063198,298.7714804168641,161
14155000,28310.000004850004,-206658.74425079615,297.1188600563747,161
14160000,28320.00000485204,-206754.2371383299,300.4149323001214,161
14165000,28330.00000485408,-206708.13647757145,297.0653109394831,161
14170000,28340.000004856116,-206602.6188299323,304.7107698634708,161
14175000,28350.000004858153,-206241.5057766894,298.3123476197961,161
14180000,28360.00000486019,-206106.81966352067,299.50101403734527,161
14185000,28370.000004862228,-206256.2767565638,295.53357460244456,161
14190000,28380.000004864265,-206612.87747767335,302.2953250899042,161
14195000,28390.000004866302,-205867.8001100953,298.7741081939077,161
14200000,28400.00000486834,-206159.2524171524,302.5106261276451,161
14205000,28410.000004870377,-206652.27829607995,295.5822953565101,161
14210000,28420.000004872414,-206583.89493348158,303.2973626176853,161
14215000,28430.00000487445,-207459.3456306333,299.51554830834107,161
14220000,28440.00000487649,-207204.6290235964,297.0784629032486,161
14225000,28450.000004878526,-205389.6587880269,303.20747976983995,161
14230000,28460.000004880563,-206288.9259843377,305.38538067103036,161
14235000,28470.0000048826,-206199.08723747125,304.10083942240084,161
14240000,28480.000004884638,-206774.60615087557,303.49786696474047,161
14245000,28490.000004886675,-206629.6238598571,304.0186486005326,161
14250000,28500.000004888712,-207057.00734573964,297.7131744843205,161
14255000,28510.00000489075,-207108.34656627965,299.1629685003932,161
14260000,28520.000004892787,-206374.21395593463,301.11629784437923,161
14265000,28530.000004894824,-206854.8803771789,297.7803065000747,161
14270000,28540.00000489686,-206253.0354134204,297.0016574751675,161
14275000,28550.0000048989,-206474.31716107088,302.8493973844999,161
14280000,28560.000004900936,-207085.11627773766,304.253135658923,161
14285000,28570.000004902973,-206210.37254681194,303.9301207244334,161
14290000,28580.00000490501,-206699.19730849366,297.3250761707541,161
14295000,28590.000004907048,-205991.36295426125,304.90535251869574,161
14300000,28600.000004909085,-206571.98967692,304.16435114234656,161
14305000,28610.000004911122,-206264.4900237266,295.66417451454566,161
14310000,28620.00000491316,-206506.91637078463,295.67550947957164,161
14315000,28630.000004915197,-207034.65747308405,305.1999778596827,161
14320000,28640.000004917234,-206524.7715127326,300.7803322347729,161
14325000,28650.00000491927,-206726.9789907243,300.33510742003267,161
14330000,28660.00000492131,-206547.03009387,298.6284388285091,161
14335000,28670.000004923346,-206650.7900127467,304.26219716811687,161
14340000,28680.000004925383,-206921.4903233979,298.75328948068085,161
14345000,28690.00000492742,-206934.76471776678,299.9360394601684,161
14350000,28700.000004929458,-206249.6785806307,298.20268398268865,161
14355000,28710.000004931495,-207660.15575505258,301.5867354703419,161
14360000,28720.000004933532,-206991.11961683386,297.01982006224114,161
14365000,28730.00000493557,-206983.96727826202,300.09842933357174,161
14370000,28740.000004937607,-206959.90722467634,302.93645656634595,161
14375000,28750.000004939644,-206145.39412550745,298.85204319721015,161
14380000,28760.00000494168,-206901.11362422328,303.9651912387574,161
14385000,28770.00000494372,-207550.05027097114,299.6098716798897,161
14390000,28780.000004945756,-207058.3644424125,297.1745334405473,161
14395000,28790.000004947793,-206512.61959913385,299.4689548632283,161
14400000,28800.00000494983,-206677.60614001472,299.8771464465512,161
14405000,28810.000004951868,-206075.14740129304,301.12274572922746,161
14410000,28820.000004953905,-206158.81174660602,302.0429183421559,161
14415000,28830.000004955942,-206208.3600333552,301.336718413209,161
14420000,28840.00000495798,-206666.21167433518,298.60001590786544,161
14425000,28850.000004960017,-206757.08015714656,297.58064584517535,161
14430000,28860.000004962054,-206207.9914753507,299.6188767710569,161
14435000,28870.00000496409,-207395.31803072244,298.34962210774347,161
14440000,28880.00000496613,-206122.24459493253,303.6767831701162,161
14445000,28890.000004968166,-206806.58095343004,299.6471418326884,161
14450000,28900.000004970203,-206535.75588801818,300.02400286841123,161
14455000,28910.00000497224,-206364.53398277052,296.0924057324445,161
14460000,28920.000004974278,-205997.1351171129,299.06010132778056,161
14465000,28930.000004976315,-207280.67401117354,300.86029954035484,161
14470000,28940.000004978352,-206305.29130576178,295.20883699683714,161
14475000,28950.00000498039,-206640.13641655655,302.43190076173784,161
14480000,28960.000004982427,-206214.77945824538,298.75578131860345,161
14485000,28970.000004984464,-206685.70810497808,299.80946300213947,161
14490000,28980.0000049865,-206735.09348658146,300.46451004989376,161
14495000,28990.00000498854,-206276.05088451225,296.49868875076686,161
14500000,29000.000004990576,-206893.68272334652,302.97948844467845,161
14505000,29010.000004992613,-206600.13107433368,305.1739016749605,161
14510000,29020.00000499465,-206343.5832538607,297.3634032837276,160
14515000,29030.000004996687,-205997.08140945004,305.6086971998944,160
14520000,29040.000004998725,-206859.54048491456,300.76577405879726,160
14525000,29050.000005000762,-205963.92356738832,299.8281099335149,160
14530000,29060.0000050028,-206114.85071985074,303.88252285269766,160
14535000,29070.000005004837,-207056.5954594243,302.0945107713437,160
14540000,29080.000005006874,-206834.7123216677,296.3653828271716,160
14545000,29090.00000500891,-206435.743913066,296.6353154857313,160
14550000,29100.00000501095,-206570.13619529223,303.2463600051633,160
14555000,29110.000005012986,-206534.916123854,297.9254246430463,160
14560000,29120.000005015023,-206756.9771163913,301.6230774792988,160
14565000,29130.00000501706,-206761.2337577463,299.6363847997623,160
14570000,29140.000005019097,-206504.47624936246,303.1586513173255,160
14575000,29150.000005021135,-207135.65683779155,297.99619100605275,160
14580000,29160.000005023172,-205996.00724012533,299.1008855035925,160
14585000,29170.00000502521,-206983.0422117865,294.58518159386745,160
14590000,29180.000005027247,-206920.31671277387,298.19436488865784,160
14595000,29190.000005029284,-206443.33127436915,296.4791979697052,160
14600000,29200.00000503132,-205788.6761802876,300.51158172515414,160
14605000,29210.00000503336,-206786.50337352883,294.87887504373884,160
14610000,29220.000005035396,-207152.05358273792,298.08669377454197,160
14615000,29230.000005037433,-206595.02969207044,298.5384477319615,160
14620000,29240.00000503947,-206172.31030788878,301.08581775882953,160
14625000,29250.000005041507,-206633.38769394043,295.8330669303109,160
14630000,29260.000005043545,-206894.3496152562,302.76878918823195,160
14635000,29270.000005045582,-206056.3303460494,296.89858195599294,160
14640000,29280.00000504762,-207125.86717503308,301.245479606794,160
14645000,29290.000005049656,-207068.41474448843,304.2642433120824,160
14650000,29300.000005051694,-206515.66116946982,302.2420532627628,160
14655000,29310.00000505373,-206462.57705406134,297.7828177190999,160
14660000,29320.00000505577,-206519.506126403,294.2370896023203,160
14665000,29330.000005057806,-207627.84356682491,306.246055322265,160
14670000,29340.000005059843,-206685.38225479855,301.64675840353203,160
14675000,29350.00000506188,-205551.33779125568,301.71922180287993,160
14680000,29360.000005063917,-205721.3478705407,297.32281068174996,160
14685000,29370.000005065955,-205693.85575298697,299.8866687001591,160
14690000,29380.000005067992,-207032.05717353453,303.1830508895764,160
14695000,29390.00000507003,-206271.36631015525,300.4968808725807,160
14700000,29400.000005072066,-206153.2050952185,298.65707138735524,160
14705000,29410.000005074104,-206297.36334190972,296.56721909068875,160
14710000,29420.00000507614,-206551.9390008531,298.8425148684213,160
14715000,29430.00000507818,-206436.00639465428,301.18211179386276,160
14720000,29440.000005080215,-206931.0807406695,298.9522672957247,160
14725000,29450.000005082253,-206035.7625664816,297.89754917031706,160
14730000,29460.00000508429,-206049.7038867738,304.5546299449826,160
14735000,29470.000005086327,-206848.76446511073,306.1663277304781,160
14740000,29480.000005088365,-206540.3203274788,299.93214501402565,160
14745000,29490.000005090402,-206859.38754961756,301.65953579195207,160
14750000,29500.00000509244,-206587.940099851,298.9794227804683,160
14755000,29510.000005094476,-205684.10565237713,292.1146585503424,160
14760000,29520.000005096514,-206954.42313176207,303.1752568645206,160
14765000,29530.00000509855,-205612.9112788979,302.0832386189534,160
14770000,29540.000005100588,-206901.65078783908,299.7279763483636,160
14775000,29550.000005102625,-206235.43526941014,299.75543181970727,160
14780000,29560.000005104663,-205674.65468616586,300.1180067392079,160
14785000,29570.0000051067,-206733.40668245347,299.46129423565543,160
14790000,29580.000005108737,-206579.24260480364,303.10995741644274,160
14795000,29590.000005110775,-206202.6222615384,298.8085934695522,160
14800000,29600.00000511281,-206555.41160410235,300.4746417055042,160
14805000,29610.00000511485,-206432.8119252472,305.2406136794488,160
14810000,29620.000005116886,-207017.53087759262,297.76587028881556,160
14815000,29630.000005118924,-206479.95546935662,301.7003945314913,160
14820000,29640.00000512096,-207507.16404443886,299.33304680096217,160
14825000,29650.000005122998,-207172.16229918902,306.1723543200664,160
14830000,29660.000005125035,-206494.80776590505,304.24368744380877,160
14835000,29670.000005127073,-206992.10798695846,303.3543657097682,160
14840000,29680.00000512911,-206261.49765275745,300.9109499602712,160
14845000,29690.000005131147,-206922.97200629825,299.82951704923056,160
14850000,29700.000005133184,-206574.69933840074,299.2987771097146,160
14855000,29710.00000513522,-207650.55363528873,303.7454536516565,160
14860000,29720.00000513726,-206607.66678823135,296.0627725594317,160
14865000,29730.000005139296,-206745.81083134853,300.8170588327931,160
14870000,29740.000005141334,-206373.37070695648,297.6889412122189,160
14875000,29750.00000514337,-206562.86164221354,299.3713121142232,160
14880000,29760.000005145408,-206530.3339973942,299.5191577966782,160
14885000,29770.000005147445,-206222.72398126347,299.21452573238133,160
14890000,29780.000005149483,-206059.46111735096,298.81554873147456,160
14895000,29790.00000515152,-206215.1397275281,303.37397011731724,160
14900000,29800.000005153557,-206902.39675563516,302.6564816085934,160
14905000,29810.000005155594,-206653.43498393777,297.9432994616547,160
14910000,29820.00000515763,-206810.8841186813,301.390272022867,160
14915000,29830.00000515967,-206641.6418641311,299.51931331346094,160
14920000,29840.000005161706,-206670.64172932343,297.41715552630615,160
14925000,29850.000005163743,-206466.153189215,300.1202849585797,160
14930000,29860.00000516578,-206903.9230051688,301.3889778346058,160
14935000,29870.000005167818,-206605.67136278213,300.08741838608177,160
14940000,29880.000005169855,-206134.10122501897,300.12739809542296,160
14945000,29890.000005171893,-206058.4416969251,297.2336077196427,160
14950000,29900.00000517393,-206998.59153103223,301.15976304682096,160
14955000,29910.000005175967,-206894.42547378154,297.4700426819666,160
14960000,29920.000005178004,-205744.7839851149,305.02963425132583,160
14965000,29930.00000518004,-206900.42708834866,300.0638889589295,160
14970000,29940.00000518208,-206799.9139003331,302.6879136734782,160
14975000,29950.000005184116,-206907.37297460646,302.9571277305401,160
14980000,29960.000005186153,-206812.02674685663,301.1285657684889,160
14985000,29970.00000518819,-206676.53146811866,300.9597323877013,160
14990000,29980.000005190228,-205492.12574026885,297.63752835691196,160
14995000,29990.000005192265,-206415.97254470293,303.0363181958156,160
15000000,30000.000005194303,-206645.8779125323,301.0220292996601,160
15005000,30010.00000519634,-206878.57472532755,303.2104904482369,160
15010000,30020.000005198377,-206068.76359552983,302.5415651768585,160
15015000,30030.000005200414,-206888.6251299202,299.0506797252565,160
15020000,30040.00000520245,-206528.10315180465,301.70862384376244,160
15025000,30050.00000520449,-207412.34430312575,300.662774930372,160
15030000,30060.000005206526,-206132.81803697348,300.3617493145681,160
15035000,30070.000005208563,-206572.2381723302,296.8054514800484,160
15040000,30080.0000052106,-206881.160175586,297.87128142519344,160
15045000,30090.000005212638,-207176.68177196162,302.964643480556,160
15050000,30100.000005214675,-206415.40688756655,299.27323945282694,160
15055000,30110.000005216712,-206295.33707007975,301.2807616463712,160
15060000,30120.00000521875,-206905.53662437864,301.63187714607835,160
15065000,30130.000005220787,-207012.0893015227,300.48540244656624,160
15070000,30140.000005222824,-206367.23085593118,296.32168884681863,160
15075000,30150.00000522486,-205929.0843703769,298.08062692870743,160
15080000,30160.0000052269,-206508.75716925832,302.4610655036071,160
15085000,30170.000005228936,-206370.3628783269,300.70805016960014,160
15090000,30180.000005230973,-205832.7325080072,300.5212041151706,160
15095000,30190.00000523301,-207245.19550641382,300.03961190234725,160
15100000,30200.000005235048,-206786.53725958383,300.96317593229713,160
15105000,30210.000005237085,-206948.36820547655,301.1737432635586,160
15110000,30220.000005239122,-206533.19250638387,302.29939623838595,160
15115000,30230.00000524116,-206111.08463557682,304.62922454250196,160
15120000,30240.000005243197,-207061.371319904,298.90770828110436,160
15125000,30250.000005245234,-206803.83511514764,305.17791658117136,160
15130000,30260.00000524727,-205830.62026977458,297.0940394347145,160
15135000,30270.00000524931,-206533.64818832383,305.34581810780827,160
15140000,30280.000005251346,-207246.35155493626,298.19893469799973,160
15145000,30290.000005253383,-206356.53145063017,300.25860775516185,160
15150000,30300.00000525542,-205314.74741685658,297.7688458357549,160
15155000,30310.000005257458,-206933.1413357053,296.8973184800475,160
15160000,30320.000005259495,-206497.81106955884,301.5130186204835,160
15165000,30330.000005261532,-206710.1727858741,298.3525539129374,160
15170000,30340.00000526357,-206828.93840188184,295.86530719796735,160
15175000,30350.000005265607,-206812.7466167549,300.25058119637885,160
15180000,30360.000005267644,-206682.36524642224,303.7729566705616,160
15185000,30370.00000526968,-206564.18835714855,298.32571269474187,160
15190000,30380.00000527172,-206653.98440444143,301.1490249133412,160
15195000,30390.000005273756,-206744.91074406204,300.47578483858086,159
15200000,30400.000005275793,-207290.2814957375,300.22910208660215,159
15205000,30410.00000527783,-206141.52621010342,302.92841435822436,159
15210000,30420.000005279868,-207302.6320995998,303.3789349829579,159
15215000,30430.000005281905,-206913.29646189732,303.4614689482711,159
15220000,30440.000005283942,-206218.17448344454,297.4372002088655,159
15225000,30450.00000528598,-206961.87605243677,302.33425730316753,159
15230000,30460.000005288017,-207077.7154437137,302.7979906382911,159
15235000,30470.000005290054,-206057.42406831426,299.9594469924678,159
15240000,30480.00000529209,-206712.85773246514,304.3488453984127,159
15245000,30490.00000529413,-206945.72099995427,295.8144968193911,159
15250000,30500.000005296166,-206085.72382442106,299.9055646472114,159
15255000,30510.000005298203,-206134.77360341675,301.8163121805861,159
15260000,30520.00000530024,-206558.97404585208,302.9040231985728,159
15265000,30530.000005302278,-205662.0207362934,301.9030513386608,159
15270000,30540.000005304315,-206564.89275077684,298.8519988777674,159
15275000,30550.000005306352,-206103.534314065,302.8802986081977,159
15280000,30560.00000530839,-206994.33578704437,303.01124569492646,159
15285000,30570.000005310427,-206528.4662040813,300.69056284177384,159
15290000,30580.000005312464,-206530.85475880723,298.2945430123833,159
15295000,30590.0000053145,-206025.694222147,300.4605809738745,159
15300000,30600.00000531654,-205860.97498285898,303.69047830318107,159
15305000,30610.000005318576,-206283.5370877632,294.124067634013,159
15310000,30620.000005320613,-206359.9597195814,299.59734919644,159
15315000,30630.00000532265,-206613.72700416017,299.3653582155265,159
15320000,30640.000005324688,-207022.43397880567,303.9117638290543,159
15325000,30650.000005326725,-207426.2186562505,295.59753194557265,159
15330000,30660.000005328762,-207268.80687476555,306.88045369450197,159
15335000,30670.0000053308,-206701.8914151229,299.3306347209574,159
15340000,30680.000005332837,-206999.79129626031,298.8981807664247,159
15345000,30690.000005334874,-206615.83023926802,301.4034489698017,159
15350000,30700.00000533691,-206961.37780056905,297.4200349472652,159
15355000,30710.00000533895,-206597.29246541392,302.24851728112003,159
15360000,30720.000005340986,-206165.12444776797,299.1993443557955,159
15365000,30730.000005343023,-206174.20085771265,300.27012163504816,159
15370000,30740.00000534506,-207457.63940010336,300.51248773474646,159
15375000,30750.000005347098,-206288.447575617,301.0565766698642,159
15380000,30760.000005349135,-206086.9964033079,299.41438502055524,159
15385000,30770.000005351172,-206792.22415493766,300.3040915517451,159
15390000,30780.00000535321,-206209.57128248177,294.43660608948295,159
15395000,30790.000005355247,-206586.91665635246,301.0964785636078,159
15400000,30800.000005357284,-206317.83705773845,299.784315731526,159
15405000,30810.00000535932,-206480.28553276602,301.8080497611108,159
15410000,30820.00000536136,-206019.17644195084,299.86750022160624,159
15415000,30830.000005363396,-206408.56986447738,300.9443774915124,159
15420000,30840.000005365433,-206291.49618806143,300.1326166058996,159
15425000,30850.00000536747,-206695.08406733756,298.5385930783836,159
15430000,30860.000005369508,-206345.16090772138,304.0695528284059,159
15435000,30870.000005371545,-206356.97031172202,304.5887972096434,159
15440000,30880.000005373582,-206761.62113423715,303.2687283586835,159
15445000,30890.00000537562,-206329.84001493594,297.8500385535486,159
15450000,30900.000005377657,-206585.68252201518,299.7685214223686,159
15455000,30910.000005379694,-207556.2408628529,294.30630828317146,159
15460000,30920.00000538173,-206538.54821484128,296.62593026527395,159
15465000,30930.00000538377,-207108.99180505436,296.1671627604004,159
15470000,30940.000005385806,-206679.22782034625,301.85101180236586,159
15475000,30950.000005387843,-206850.96937756182,304.3549863477917,159
15480000,30960.00000538988,-206411.80215757922,299.3380363664949,159
15485000,30970.000005391918,-206368.8625599991,302.77257588306975,159
15490000,30980.000005393955,-206526.84477205074,302.17589817587776,159
15495000,30990.000005395992,-206215.35786158813,300.15898031840635,159
15500000,31000.00000539803,-207188.488915532,298.4931914683875,159
15505000,31010.000005400067,-206172.24120663234,304.3947712362131,159
15510000,31020.000005402104,-206086.3999417877,304.01033802312503,159
15515000,31030.00000540414,-206915.026768349,299.70338940177237,159
15520000,31040.00000540618,-206831.31838145386,304.4073876800284,159
15525000,31050.000005408216,-206752.7867475662,301.9749992480293,159
15530000,31060.000005410253,-206887.39427630953,300.5824249736391,159
15535000,31070.00000541229,-205613.09497493436,302.15656498701935,159
15540000,31080.000005414327,-206808.04400660994,299.3106033624313,159
15545000,31090.000005416365,-207241.17881488218,302.3867595843879,159
15550000,31100.000005418402,-206448.12390972,304.15094073224975,159
15555000,31110.00000542044,-206524.9835298605,297.6646631709571,159
15560000,31120.000005422477,-206007.15080511908,307.20101879330696,159
15565000,31130.000005424514,-206871.0240233075,301.58194963238975,159
15570000,31140.00000542655,-206701.3872712392,295.0404639051728,159
15575000,31150.00000542859,-206261.21652364847,306.1879229721429,159
15580000,31160.000005430626,-206897.0276217428,302.25986486469395,159
15585000,31170.000005432663,-206442.85592774162,300.9645177666342,159
15590000,31180.0000054347,-206448.1096831595,302.60945825673605,159
15595000,31190.000005436737,-206390.0167281935,299.92516555776206,159
15600000,31200.000005438775,-206845.76869912317,301.84088999970066,159
15605000,31210.000005440812,-206174.90934236452,302.4775616964723,159
15610000,31220.00000544285,-207071.9207809904,302.01754106941115,159
15615000,31230.000005444886,-205994.53086622478,296.80306257848923,159
15620000,31240.000005446924,-207088.82122139668,303.47523392307124,159
15625000,31250.00000544896,-206209.43111341342,303.9794843332474,159
15630000,31260.000005451,-206702.2354124335,303.3100168167208,159
15635000,31270.000005453036,-206557.29354785103,296.5530224031397,159
15640000,31280.000005455073,-206580.49528976204,304.086347800806,159
15645000,31290.00000545711,-207275.15794061392,298.9292386753999,159
15650000,31300.000005459147,-206093.1942403142,295.7209753757254,159
15655000,31310.000005461185,-206384.25461085793,301.71915271713374,159
15660000,31320.000005463222,-206542.20135071012,303.6582918322491,159
15665000,31330.00000546526,-206368.02167149645,300.549610947879,159
15670000,31340.000005467296,-207024.85892606224,300.383519614756,159
15675000,31350.000005469334,-206746.9447506587,299.9559938988171,159
15680000,31360.00000547137,-205790.19623186218,299.9240128916502,159
15685000,31370.00000547341,-206883.46832179232,294.4043819738953,159
15690000,31380.000005475446,-207303.4346638742,296.73750318796044,159
15695000,31390.000005477483,-206268.07646463835,300.3288723255149,159
15700000,31400.00000547952,-206329.34988870798,300.11427839878627,159
15705000,31410.000005481557,-206864.66288049705,302.3640851848063,159
15710000,31420.000005483595,-206523.2969227665,298.93642861514644,159
15715000,31430.000005485632,-206534.49554711813,298.26917322308316,159
15720000,31440.00000548767,-206167.5834083436,300.11538874707674,159
15725000,31450.000005489706,-206000.5666192749,302.8595409904967,159
15730000,31460.000005491744,-205723.610500328,300.9683771768976,159
15735000,31470.00000549378,-206477.80725755868,299.9102518388157,159
15740000,31480.00000549582,-205854.96177100914,300.97347626015613,159
15745000,31490.000005497855,-205937.75058795838,298.5559978105335,159
15750000,31500.000005499893,-206529.795258343,302.47300271378606,159
15755000,31510.00000550193,-206372.94633117376,296.40126498972637,159
15760000,31520.000005503967,-207146.39979150356,302.62534274190165,159
15765000,31530.000005506005,-206799.48109478527,297.70835227541795,159
15770000,31540.00000550804,-206508.2483006583,297.8612039888354,159
15775000,31550.00000551008,-207422.06118460023,297.86003762840295,159
15780000,31560.000005512116,-206125.0930063494,299.05794719245927,159
15785000,31570.000005514154,-206273.8670441094,294.63774614709934,159
15790000,31580.00000551619,-206625.0283102108,303.11951646224486,159
15795000,31590.000005518228,-206007.54049158702,300.47687586604843,159
15800000,31600.000005520265,-206754.7949982558,300.2327720077495,159
15805000,31610.000005522303,-205554.26569350052,303.29490012154105,159
15810000,31620.00000552434,-205624.03890841955,298.432690415802,159
15815000,31630.000005526377,-206544.94171391614,296.6341813954401,159
15820000,31640.000005528414,-206168.4589080452,297.90753970629606,159
15825000,31650.00000553045,-205786.97226430057,299.1166503119168,159
15830000,31660.00000553249,-207123.72114111728,297.56945539974924,159
15835000,31670.000005534526,-206243.3274132579,300.83506219476925,159
15840000,31680.000005536564,-207152.41573779855,301.4042522101278,159
15845000,31690.0000055386,-206307.49373087974,299.5943814491232,159
15850000,31700.000005540638,-206849.70926671813,299.349776740221,159
15855000,31710.000005542675,-206248.93849249324,301.1861717081373,159
15860000,31720.000005544713,-206744.60673647793,302.09245023102835,159
15865000,31730.00000554675,-207032.69206990697,298.5074938619985,159
15870000,31740.000005548787,-207381.89494761894,296.8313694411684,159
15875000,31750.000005550824,-206457.55743034405,299.5576037964167,159
15880000,31760.00000555286,-206523.68555690534,299.43804162297,159
15885000,31770.0000055549,-207164.61696523242,302.28021811719714,159
15890000,31780.000005556936,-206638.27996095968,298.1478244597558,159
15895000,31790.000005558973,-206823.23609647283,303.8974416048729,159
15900000,31800.00000556101,-207020.11964442802,299.8592489595206,159
15905000,31810.000005563048,-206425.13036848488,303.1486177077336,159
15910000,31820.000005565085,-206694.67111760192,300.10309319379434,159
15915000,31830.000005567123,-207110.06319725257,302.5399533166533,159
15920000,31840.00000556916,-206649.7811663131,296.9243148446517,159
15925000,31850.000005571197,-207166.23892555502,299.84899903464543,159
15930000,31860.000005573234,-206764.83647142083,298.1297091428027,159
15935000,31870.00000557527,-206565.62436188525,300.5875315093261,159
15940000,31880.00000557731,-206629.09530660813,299.63841467604703,159
15945000,31890.000005579346,-205847.21946170332,303.1511723730137,159
15950000,31900.000005581383,-207373.16415135819,299.3295372894444,159
15955000,31910.00000558342,-206321.3737409328,306.90726763043756,159
15960000,31920.000005585458,-206379.63679185032,296.41714639129674,159
15965000,31930.000005587495,-206592.44363420596,300.3835288393691,159
15970000,31940.000005589533,-205460.0964859702,302.28495581806493,159
15975000,31950.00000559157,-206095.20842504152,303.6440596170877,159
15980000,31960.000005593607,-207100.2659817452,302.95712781269214,159
15985000,31970.000005595644,-206786.836693689,298.52959925094177,159
15990000,31980.00000559768,-206423.6656291854,307.6012240242214,159
15995000,31990.00000559972,-206613.0727893915,294.2799846550172,159
16000000,32000.000005601756,-206626.9623426611,300.07674600096453,159
16005000,32010.000005603793,-206391.48532465717,301.7397758919002,159
16010000,32020.00000560583,-207417.73606560705,298.90962871889025,158
16015000,32030.000005607868,-206099.87241125095,298.6710984362335,158
16020000,32040.000005609905,-206110.362619241,295.95226476023026,158
16025000,32050.000005611942,-206357.30343105248,296.4084068032584,158
16030000,32060.00000561398,-205835.3176120876,304.0782934447883,158
16035000,32070.000005616017,-205684.44378456194,305.4371972732456,158
16040000,32080.000005618054,-206792.13893837226,310.52886720517296,158
16045000,32090.00000562009,-206399.34351623408,297.61032985410463,158
16050000,32100.00000562213,-206181.47010712686,300.0084925648067,158
16055000,32110.000005624166,-205838.04291468998,303.36149664792634,158
16060000,32120.000005626203,-206772.2745120942,299.77868171564256,158
16065000,32130.00000562824,-206655.22925469745,301.5164351279379,158
16070000,32140.000005630278,-206864.6949877186,296.0110786506733,158
16075000,32150.000005632315,-205664.45401735045,295.05074649643933,158
16080000,32160.000005634352,-205612.56944851112,301.3558609025611,158
16085000,32170.00000563639,-206407.96624969377,301.8898526029561,158
16090000,32180.000005638427,-207134.28451958112,302.00393411482264,158
16095000,32190.000005640464,-206973.85600079724,302.69165746638663,158
16100000,32200.0000056425,-206049.188805465,303.32994153319856,158
16105000,32210.00000564454,-206847.14152995474,305.7698288651735,158
16110000,32220.000005646576,-206741.10907331447,300.18342527387796,158
16115000,32230.000005648613,-207595.24757090118,297.1250095298127,158
16120000,32240.00000565065,-206167.25174031674,299.686178139018,158
16125000,32250.000005652688,-206172.1284789273,304.68141040501536,158
16130000,32260.000005654725,-206057.22615721717,297.85729680342683,158
16135000,32270.000005656762,-206923.1927258378,299.4730818592279,158
16140000,32280.0000056588,-206963.12642906606,303.8866907068085,158
16145000,32290.000005660837,-207018.66283694922,304.5044385887154,158
16150000,32300.000005662874,-205777.20565303043,301.78444554790605,158
16155000,32310.00000566491,-206403.25400158262,296.0041647604421,158
16160000,32320.00000566695,-206647.64413901896,299.7476521336818,158
16165000,32330.000005668986,-206500.57978999615,299.17629147684164,158
16170000,32340.000005671023,-205420.2542278174,306.1831487165448,158
16175000,32350.00000567306,-206743.39945298154,298.2005640290094,158
16180000,32360.000005675098,-205893.30710031732,296.66233501113425,158
16185000,32370.000005677135,-206264.32210507966,300.79668125622936,158
16190000,32380.000005679172,-206846.9939983436,301.86388575527405,158
16195000,32390.00000568121,-206600.15847541648,302.47004166458987,158
16200000,32400.000005683247,-206595.55487120594,299.65253256656246,158
16205000,32410.000005685284,-206194.03153233672,297.0443015538266,158
16210000,32420.00000568732,-206273.22893577896,301.1768288813874,158
16215000,32430.00000568936,-206694.5946965681,299.2922875999011,158
16220000,32440.000005691396,-206524.01451281877,302.4126150760192,158
16225000,32450.000005693433,-206085.10866254487,303.711519104778,158
16230000,32460.00000569547,-207102.0257990429,298.0787220562568,158
16235000,32470.000005697508,-206615.8842379792,300.5546595153943,158
16240000,32480.000005699545,-206477.46869938157,303.37944681608286,158
16245000,32490.000005701582,-207191.5547132193,296.77863812582785,158
16250000,32500.00000570362,-206603.38416974992,296.79980092513694,158
16255000,32510.000005705657,-206019.81603110803,301.0570207330883,158
16260000,32520.000005707694,-206973.90879079152,302.386854057443,158
16265000,32530.00000570973,-206597.57835886674,300.79537546247457,158
16270000,32540.00000571177,-206683.90553152328,300.54727557125733,158
16275000,32550.000005713806,-206274.53646094678,298.80893990818305,158
16280000,32560.000005715843,-207249.64411824814,301.1661395243529,158
16285000,32570.00000571788,-206788.68033657363,300.08831387602396,158
16290000,32580.000005719918,-206082.10716616665,295.1649643958738,158
16295000,32590.000005721955,-205424.76496675238,301.6444172922214,158
16300000,32600.000005723992,-207464.36308010016,304.21046383839143,158
16305000,32610.00000572603,-206449.3005813812,296.161435363375,158
16310000,32620.000005728067,-205895.1912092385,300.1108470723407,158
16315000,32630.000005730104,-206347.85359596089,294.1362321500492,158
16320000,32640.00000573214,-206476.86934882565,303.0337974865711,158
16325000,32650.00000573418,-205792.74003088637,303.24710736151485,158
16330000,32660.000005736216,-206925.24095878587,303.4462211300287,158
16335000,32670.000005738253,-206580.88347237871,296.63770844957156,158
16340000,32680.00000574029,-206637.68954480556,298.0032165687327,158
16345000,32690.000005742328,-206268.64392959315,298.14542959320545,158
16350000,32700.000005744365,-206888.96314951184,304.71587859858977,158
16355000,32710.000005746402,-206810.1269439623,302.27588749660964,158
16360000,32720.00000574844,-206119.9571516125,302.7037216459079,158
16365000,32730.000005750477,-206283.9602806113,296.9741183465436,158
16370000,32740.000005752514,-205804.64443628024,300.1823856454333,158
16375000,32750.00000575455,-206988.4255076152,302.5855171785142,158
16380000,32760.00000575659,-207171.64515437034,302.6742299411682,158
16385000,32770.00000575862,-207193.56522807374,300.8047552995606,158
16390000,32780.00000576066,-207050.22208919493,300.6546654299558,158
16395000,32790.0000057627,-207223.7423201478,297.3355764338455,158
16400000,32800.000005764734,-207150.10945649678,299.64413938152416,158
16405000,32810.00000576677,-205857.0363491258,298.0914885987905,158
16410000,32820.00000576881,-206628.54012627783,297.6726101815055,158
16415000,32830.000005770846,-206606.49641153158,297.5422369493453,158
16420000,32840.00000577288,-206355.0441701545,297.54101418710997,158
16425000,32850.00000577492,-206925.59571748006,301.24964227243186,158
16430000,32860.00000577696,-205527.79421273165,301.52935228292745,158
16435000,32870.000005778995,-207640.16607016826,298.80873674447207,158
16440000,32880.00000578103,-206113.86774217663,302.3295036802719,158
16445000,32890.00000578307,-207136.0334736309,300.2531096701174,158
16450000,32900.00000578511,-206583.18603939645,301.1744270475145,158
16455000,32910.000005787144,-206736.74410272785,299.3276258712127,158
16460000,32920.00000578918,-206802.62568179052,295.6769509913869,158
16465000,32930.00000579122,-206997.22085750278,301.70485270821706,158
16470000,32940.000005793256,-205828.78170991933,299.4943206875092,158
16475000,32950.00000579529,-206305.2964985359,298.92131727367513,158
16480000,32960.00000579733,-206603.87729005446,304.52769708323206,158
16485000,32970.00000579937,-206652.42723615922,299.4038187207767,158
16490000,32980.000005801405,-207143.36527166294,298.7792581195555,158
16495000,32990.00000580344,-206204.18257010705,299.0496699020102,158
16500000,33000.00000580548,-206087.30072362442,295.8905104677182,158
16505000,33010.00000580752,-208039.9458368027,301.46504150381077,158
16510000,33020.000005809554,-206231.74871718825,304.92847845811,158
16515000,33030.00000581159,-205931.77456852293,298.7585976398275,158
16520000,33040.00000581363,-206944.77333262132,298.9687618963929,158
16525000,33050.000005815666,-206048.16730694973,300.2471840434758,158
16530000,33060.0000058177,-206396.8616632186,298.1390116757816,158
16535000,33070.00000581974,-206247.2177992044,303.5650024758291,158
16540000,33080.00000582178,-207511.53197570913,297.9865330236931,158
16545000,33090.000005823815,-206939.81740505435,301.1424984406193,158
16550000,33100.00000582585,-206723.70154007548,299.34961800293627,158
16555000,33110.00000582789,-206827.90842432878,306.2969625454613,158
16560000,33120.00000582993,-206491.02727865858,302.4723181112454,158
16565000,33130.000005831964,-206160.68103105575,302.5422536019296,158
16570000,33140.000005834,-206935.5199928782,307.3671763609878,158
16575000,33150.00000583604,-205558.7636228596,298.5957297620455,158
16580000,33160.000005838076,-206188.85108702758,301.9566871193374,158
16585000,33170.00000584011,-205981.85995466856,298.58099185711285,158
16590000,33180.00000584215,-206503.6414964305,301.15998286485575,158
16595000,33190.00000584419,-206249.9736154558,296.95326156348176,158
16600000,33200.000005846225,-206688.36288602534,299.20167682385613,158
16605000,33210.00000584826,-206867.9789182425,298.4893956546545,158
16610000,33220.0000058503,-206799.81367213116,298.6205986355173,158
16615000,33230.00000585234,-206082.42802560935,299.85533448545925,158
16620000,33240.000005854374,-206203.163078964,303.0030583866451,158
16625000,33250.00000585641,-207098.89001097227,295.6085685012185,158
16630000,33260.00000585845,-206083.6704652412,296.3490526538146,158
16635000,33270.000005860486,-205982.303987887,299.3036511354892,158
16640000,33280.00000586252,-206702.57913627068,304.46739408333593,158
16645000,33290.00000586456,-207552.3589867364,302.4447119678145,158
16650000,33300.0000058666,-206766.55336373928,299.2106740013948,158
16655000,33310.000005868635,-207112.73109484802,297.46485506503177,158
16660000,33320.00000587067,-206040.31543732993,298.8901994835604,158
16665000,33330.00000587271,-207304.8236295944,300.9308441335596,158
16670000,33340.00000587475,-206234.32529237028,298.54082890380795,158
16675000,33350.000005876784,-206704.5785935896,298.2732254563785,158
16680000,33360.00000587882,-207011.4373981792,301.64432867985994,158
16685000,33370.00000588086,-206154.94550222252,295.54267649480033,158
16690000,33380.000005882895,-206448.39300002856,298.2937325606781,158
16695000,33390.00000588493,-205740.19144809898,301.8898831703121,158
16700000,33400.00000588697,-206296.6347637656,299.28391316996914,158
16705000,33410.00000588901,-206630.4036424706,301.56012894496985,158
16710000,33420.000005891045,-206144.09524689463,296.0521395335047,158
16715000,33430.00000589308,-206701.1854365958,299.92480312979035,158
16720000,33440.00000589512,-206655.93107025034,297.4327761235344,158
16725000,33450.00000589716,-207372.06914525002,296.1848292800439,158
16730000,33460.000005899194,-207056.89694776444,302.0172263348008,158
16735000,33470.00000590123,-207335.03053967096,298.07633860734177,158
16740000,33480.00000590327,-206290.70944267046,297.9073035133141,158
16745000,33490.000005905305,-206846.10199312877,297.48698300378226,158
16750000,33500.00000590734,-207101.59184726584,305.63528931719713,158
16755000,33510.00000590938,-206721.4013862745,298.56874560267306,158
16760000,33520.00000591142,-206781.05833926762,298.81984868972353,158
16765000,33530.000005913455,-206127.4701322252,302.65833002899984,158
16770000,33540.00000591549,-206508.8888191773,304.0014385693331,158
16775000,33550.00000591753,-206412.58361619175,299.6745924468154,158
16780000,33560.000005919566,-206687.2266951017,295.0551168033847,158
16785000,33570.0000059216,-207707.7369740135,300.80888132020584,158
16790000,33580.00000592364,-207079.29626522737,295.0405907490307,158
16795000,33590.00000592568,-206772.8536497457,297.35695623131954,158
16800000,33600.000005927715,-206974.5677382811,300.86753662996153,158
16805000,33610.00000592975,-206264.97949410032,296.8219791051801,158
16810000,33620.00000593179,-206399.22669238294,296.0169704317898,158
16815000,33630.00000593383,-206324.97077873978,298.4022656869305,158
16820000,33640.000005935864,-206123.05684153188,298.0023716363525,158
16825000,33650.0000059379,-206106.6774871837,299.7963906283562,158
16830000,33660.00000593994,-206867.2667533696,299.6027577223685,158
16835000,33670.000005941976,-206564.67653615307,298.62322524202546,158
16840000,33680.00000594401,-206610.369112337,301.7103792103378,158
16845000,33690.00000594605,-207051.44124067866,299.7803447055269,158
16850000,33700.00000594809,-206818.34181641985,306.87175281269856,158
16855000,33710.000005950125,-207015.61822150345,302.09436622984947,158
16860000,33720.00000595216,-206443.67779478885,303.0470012440807,158
16865000,33730.0000059542,-206328.04322494322,299.4396532360285,158
16870000,33740.00000595624,-206049.44366903522,298.26406618014363,158
16875000,33750.000005958274,-205065.21406412683,301.69488495955295,158
16880000,33760.00000596031,-206664.96103209455,292.1492752998199,158
16885000,33770.00000596235,-207240.3340167118,299.60063570030076,158
16890000,33780.000005964386,-206420.59954113967,302.27309655022935,158
16895000,33790.00000596642,-205180.36737300316,299.88754322272706,158
16900000,33800.00000596846,-206632.56656801014,305.10607470342126,158
16905000,33810.0000059705,-206431.72170316405,300.642992419097,158
16910000,33820.000005972535,-207104.29683251597,303.325308597452,158
16915000,33830.00000597457,-206443.39204713155,294.3408743271959,158
16920000,33840.00000597661,-205979.72512861702,302.45535817427736,158
16925000,33850.00000597865,-206522.81213910482,297.73435297005074,158
16930000,33860.000005980684,-206225.27431530203,301.73499763969534,157
16935000,33870.00000598272,-206881.7911632883,297.3179922247866,157
16940000,33880.00000598476,-206619.56089324888,299.9428591187702,157
16945000,33890.000005986796,-206664.46096063824,299.0344175307396,157
16950000,33900.00000598883,-206079.98093878874,297.55993564315685,157
16955000,33910.00000599087,-206269.36482276488,301.0899297423562,157
16960000,33920.00000599291,-207005.42496393772,299.8238522564951,157
16965000,33930.000005994945,-205802.69027929392,303.90034105837447,157
16970000,33940.00000599698,-206611.25559092662,297.55431992900475,157
16975000,33950.00000599902,-206308.05985734693,297.8645388060523,157
16980000,33960.00000600106,-206723.7038264363,296.05368083103764,157
16985000,33970.000006003094,-207266.60621103738,304.09230099978447,157
16990000,33980.00000600513,-206815.34822896216,300.466194327148,157
16995000,33990.00000600717,-206039.56040780887,302.91349537751546,157
17000000,34000.000006009206,-206449.5416706903,299.5849019191756,157
17005000,34010.00000601124,-206280.20446897577,296.9461180819144,157
17010000,34020.00000601328,-207126.46325753396,297.2050119907983,157
17015000,34030.00000601532,-206480.52251759812,301.8254721131668,157
17020000,34040.000006017355,-206735.27332779823,304.7792422152616,157
17025000,34050.00000601939,-205996.7067321064,301.4114328449816,157
17030000,34060.00000602143,-206568.16358291847,302.50826227576033,157
17035000,34070.00000602347,-206959.20282744803,296.63161074762144,157
17040000,34080.000006025504,-207147.0453705415,302.4219287123062,157
17045000,34090.00000602754,-206265.87548538542,298.83620109800233,157
17050000,34100.00000602958,-206434.4295849593,297.75947478658895,157
17055000,34110.000006031616,-206319.54787039768,298.9684224496481,157
17060000,34120.00000603365,-207034.32533091016,304.82773422225114,157
17065000,34130.00000603569,-206728.33518802573,300.3586760568624,157
17070000,34140.00000603773,-206574.52411770145,299.90226040164885,157
17075000,34150.000006039765,-207069.1616154008,300.711658235275,157
17080000,34160.0000060418,-207074.36438976496,299.437847273463,157
17085000,34170.00000604384,-206126.74741041975,303.09831216913545,157
17090000,34180.00000604588,-206429.65935337858,297.2561377086696,157
17095000,34190.000006047914,-205964.92595494876,298.75007997488535,157
17100000,34200.00000604995,-207151.68337943032,301.0952626537299,157
17105000,34210.00000605199,-206772.21632232703,302.0469998819135,157
17110000,34220.000006054026,-206627.6097479054,300.7273146504061,157
17115000,34230.00000605606,-206022.92986555095,296.0774370970966,157
17120000,34240.0000060581,-206169.41592314944,296.65806273143613,157
17125000,34250.00000606014,-205709.88836094167,301.5209649151094,157
17130000,34260.000006062175,-206931.24598288396,300.7474479872636,157
17135000,34270.00000606421,-206719.48365296936,300.76997842599576,157
17140000,34280.00000606625,-205302.0637398737,301.5447985572629,157
17145000,34290.00000606829,-206575.84193817887,296.18955172423546,157
17150000,34300.000006070324,-206467.62369767856,303.7188598134129,157
17155000,34310.00000607236,-206443.58883097803,300.4454322220675,157
17160000,34320.0000060744,-206203.21071956563,300.1777013221086,157
17165000,34330.000006076436,-205795.99866179726,303.2848273369361,157
17170000,34340.00000607847,-205804.9206061681,302.46322578595397,157
17175000,34350.00000608051,-207385.6368526587,298.35125161037735,157
17180000,34360.00000608255,-207025.02774942142,295.8686340389318,157
17185000,34370.000006084585,-207064.21145175176,299.5404792115691,157
17190000,34380.00000608662,-206776.25317685422,298.32849106285374,157
17195000,34390.00000608866,-206483.07312754262,301.4359796842204,157
17200000,34400.0000060907,-206189.21140791988,299.34942651748986,157
17205000,34410.000006092734,-206754.1334824434,302.1887771690548,157
17210000,34420.00000609477,-206479.95694220578,301.9874006817043,157
17215000,34430.00000609681,-206402.36650710355,303.9529821978844,157
17220000,34440.000006098846,-206379.65515585023,299.3585584945945,157
17225000,34450.00000610088,-205930.5411533626,299.5361864289585,157
17230000,34460.00000610292,-207026.305576456,303.5092296204296,157
17235000,34470.00000610496,-205868.26648865698,301.83592050838115,157
17240000,34480.000006106995,-206727.35847195517,297.09426553481075,157
17245000,34490.00000610903,-206266.15425517072,301.78874341111003,157
17250000,34500.00000611107,-205504.65835901164,301.4780583629876,157
17255000,34510.00000611311,-206505.1174185963,301.65007141928066,157
17260000,34520.000006115144,-206663.7633334531,298.39413945219184,157
17265000,34530.00000611718,-205827.64559946978,296.27612107239577,157
17270000,34540.00000611922,-207136.9444255547,302.47307089531887,157
17275000,34550.000006121256,-206609.43626023934,298.17511484913524,157
17280000,34560.00000612329,-206212.47695890535,295.5689896452595,157
17285000,34570.00000612533,-207090.5337672138,300.8516784168157,157
17290000,34580.00000612737,-206706.4896179915,297.7166107160765,157
17295000,34590.000006129405,-206229.25871135364,297.41669469496696,157
17300000,34600.00000613144,-207470.04348950193,300.0728917802378,157
17305000,34610.00000613348,-206810.15065316868,301.4892759130426,157
17310000,34620.00000613552,-205970.23836331954,296.8203546839866,157
17315000,34630.000006137554,-205705.82494862052,302.10199621103703,157
17320000,34640.00000613959,-205885.67124475702,297.91915412819804,157
17325000,34650.00000614163,-206534.86417027214,304.20866709168325,157
17330000,34660.000006143666,-205714.2622692117,305.0845974333761,157
17335000,34670.0000061457,-206356.7791992824,301.80565692824825,157
17340000,34680.00000614774,-207032.16180988564,299.25989444463056,157
17345000,34690.00000614978,-205608.23126958404,304.91637351507603,157
17350000,34700.000006151815,-206464.28123771085,301.2860471759542,157
17355000,34710.00000615385,-207303.5301155313,296.10421801973166,157
17360000,34720.00000615589,-206210.87783862953,305.58103322196456,157
17365000,34730.00000615793,-205241.40104263742,296.8108661730822,157
17370000,34740.000006159964,-206295.98366777506,300.1979041861705,157
17375000,34750.000006162,-206831.3264721505,298.2217313223663,157
17380000,34760.00000616404,-206296.4182926492,301.06098977974784,157
17385000,34770.000006166076,-207015.93134568445,301.00289092863284,157
17390000,34780.00000616811,-205902.678950098,306.30506666611416,157
17395000,34790.00000617015,-206482.959087805,298.77862209759303,157
17400000,34800.00000617219,-207025.59006716998,299.22965319358747,157
17405000,34810.000006174225,-207099.4203523309,302.13983469492973,157
17410000,34820.00000617626,-207262.58149861824,298.32387587171957,157
17415000,34830.0000061783,-206140.61562483106,303.24452472647965,157
17420000,34840.00000618034,-206690.30815557367,297.77623297199636,157
17425000,34850.000006182374,-206317.1921579875,297.7274350054664,157
17430000,34860.00000618441,-206527.64053806593,305.3442378856499,157
17435000,34870.00000618645,-206918.69726596656,300.6106911708071,157
17440000,34880.000006188486,-206010.00817377947,303.2149228387271,157
17445000,34890.00000619052,-205941.87524332956,297.16077594601586,157
17450000,34900.00000619256,-207509.9015788919,301.76424367504853,157
17455000,34910.0000061946,-206508.69708394166,295.3318236873591,157
17460000,34920.000006196635,-206887.17010600504,298.695175623347,157
17465000,34930.00000619867,-206317.54315568972,298.28395696789516,157
17470000,34940.00000620071,-206244.0468230513,304.1757323993714,157
17475000,34950.00000620275,-205700.04607563245,298.1882008802097,157
17480000,34960.000006204784,-205392.91282931634,297.99142177548237,157
17485000,34970.00000620682,-207269.8685790602,299.37016607034855,157
17490000,34980.00000620886,-206748.82766342594,299.05449224171304,157
17495000,34990.000006210896,-206804.5048915,294.6850491165697,157
17500000,35000.00000621293,-207372.01978609653,301.0151380369752,157
17505000,35010.00000621497,-206854.4307156579,299.8885115760612,157
17510000,35020.00000621701,-206361.291034595,305.9176009116694,157
17515000,35030.000006219045,-206366.92713601608,301.4342130396147,157
17520000,35040.00000622108,-206354.8173045275,300.761161397332,157
17525000,35050.00000622312,-206628.34302965226,298.5397164793441,157
17530000,35060.00000622516,-206935.3767825194,301.03059159141884,157
17535000,35070.000006227194,-206934.8273537727,303.31354120902535,157
17540000,35080.00000622923,-206416.46814987191,299.839682372808,157
17545000,35090.00000623127,-206302.4482256308,301.9117286098314,157
17550000,35100.000006233306,-206554.0669155824,301.8917671286629,157
17555000,35110.00000623534,-206219.4829380206,302.22413571288337,157
17560000,35120.00000623738,-206811.85917756218,297.73258715005664,157
17565000,35130.00000623942,-206278.3752223273,296.97509946044556,157
17570000,35140.000006241455,-206396.4072150169,297.9509593591926,157
17575000,35150.00000624349,-206155.87438853807,294.96787630490667,157
17580000,35160.00000624553,-206902.83827151312,298.24331030987236,157
17585000,35170.00000624757,-206686.381820568,293.11058936622084,157
17590000,35180.000006249604,-206689.7694790078,297.6414517681812,157
17595000,35190.00000625164,-206745.13069359958,307.08142184025456,157
17600000,35200.00000625368,-206081.93523239496,298.5912937810907,157
17605000,35210.000006255716,-206597.59226521407,302.5157360252716,157
17610000,35220.00000625775,-206496.66992982826,302.77938288601837,157
17615000,35230.00000625979,-206677.88902309362,301.61363509801174,157
17620000,35240.00000626183,-206232.5334702857,302.10753384747574,157
17625000,35250.000006263865,-205724.41794140823,298.9006662168384,157
17630000,35260.0000062659,-206741.61085650476,299.5835675118791,157
17635000,35270.00000626794,-206376.0412310887,298.32836057116384,157
17640000,35280.00000626998,-206307.7690857196,300.06890242829473,157
17645000,35290.000006272014,-207637.32055618078,298.46630233724665,157
17650000,35300.00000627405,-207199.19905031915,299.28994023562274,157
17655000,35310.00000627609,-207026.60608575738,304.1506921522215,157
17660000,35320.000006278126,-207720.77442205336,299.17404380285126,157
17665000,35330.00000628016,-206530.7662361717,305.12611933353946,157
17670000,35340.0000062822,-206209.902947873,297.59061737919177,157
17675000,35350.00000628424,-206660.25266317802,299.88224981824726,157
17680000,35360.000006286275,-207075.20647119312,297.6717772182702,157
17685000,35370.00000628831,-206478.84085548762,297.19225161769896,157
17690000,35380.00000629035,-206463.95872464718,296.5863521298464,157
17695000,35390.00000629239,-206594.69640904316,300.5944690157026,157
17700000,35400.000006294424,-206368.63964250463,297.41212837767296,157
17705000,35410.00000629646,-206540.81046107807,299.5182782285955,157
17710000,35420.0000062985,-205840.79352888535,302.06819108750517,157
17715000,35430.000006300535,-206513.02014530683,304.4560663181278,157
17720000,35440.00000630257,-206146.7143563137,299.0768939495181,157
17725000,35450.00000630461,-207342.8663778467,306.9660523502926,157
17730000,35460.00000630665,-207121.20904030476,302.87999979707575,157
17735000,35470.000006308685,-206764.22966632084,302.380631129176,157
17740000,35480.00000631072,-206066.45087652537,298.61187301280177,157
17745000,35490.00000631276,-205818.1478092419,306.34157993197834,157
17750000,35500.000006314796,-206570.13135766285,302.4279917264232,157
17755000,35510.00000631683,-206816.837176578,294.9266668355461,157
17760000,35520.00000631887,-206681.08174603095,303.7586168430597,157
17765000,35530.00000632091,-206262.34289226227,300.5937040438952,157
17770000,35540.000006322945,-206617.00946828746,303.470088197169,157
17775000,35550.00000632498,-205314.16045931098,300.6004408112669,157
17780000,35560.00000632702,-206730.0561080937,296.8528778036933,157
17785000,35570.00000632906,-206956.02255375707,296.20801139404426,157
17790000,35580.000006331094,-206258.4190543258,299.17798948192825,157
17795000,35590.00000633313,-206704.14496310358,296.3136461862359,157
17800000,35600.00000633517,-207097.1779333743,299.9753440202586,157
17805000,35610.000006337206,-206754.50145099976,298.7302106323705,157
17810000,35620.00000633924,-207103.56527353672,297.2082956675722,157
17815000,35630.00000634128,-205740.16551709373,298.8232458231047,157
17820000,35640.00000634332,-206516.74074639392,310.1049544485957,157
17825000,35650.000006345355,-207212.56690542842,300.7784053050505,157
17830000,35660.00000634739,-206614.1351751662,299.9228378631874,157
17835000,35670.00000634943,-206210.54891303426,299.96139931149,157
17840000,35680.00000635147,-206019.0535310076,298.3481300175278,157
17845000,35690.000006353504,-206305.56421634473,302.75243600583525,157
17850000,35700.00000635554,-206850.7211028064,303.1857215664571,157
17855000,35710.00000635758,-206831.89837380114,302.485203631078,157
17860000,35720.000006359616,-205668.7927251138,302.47904977594123,157
17865000,35730.00000636165,-206895.86830301164,302.0077827172479,157
17870000,35740.00000636369,-207031.79332475318,304.7221238801398,157
17875000,35750.00000636573,-206217.70817564777,305.72999441455056,157
17880000,35760.000006367765,-206951.46595011489,296.0565075164064,157
17885000,35770.0000063698,-206259.98386953445,300.50882999453876,157
17890000,35780.00000637184,-206309.7943576558,295.8065261410105,157
17895000,35790.00000637388,-206163.58644621016,298.2900542928552,157
17900000,35800.000006375914,-206742.8823162429,303.8344751211955,157
17905000,35810.00000637795,-206816.60628873762,298.8463631406867,157
17910000,35820.00000637999,-206157.59117692464,297.6892570947497,157
17915000,35830.000006382026,-205543.43988593295,299.99564860746466,157
17920000,35840.00000638406,-205710.79127451638,296.3082433145859,157
17925000,35850.0000063861,-206316.23358691076,295.5700844781822,157
17930000,35860.00000638814,-206035.34298161615,298.1811142524003,157
17935000,35870.000006390175,-206936.30136274593,302.1033104039111,157
17940000,35880.00000639221,-206434.13081726863,300.8016762469228,157
17945000,35890.00000639425,-206499.0927305019,299.6610960953503,157
17950000,35900.00000639629,-206812.87214783928,297.63121346933514,157
17955000,35910.000006398324,-206488.87731529807,299.602978495626,157
17960000,35920.00000640036,-207552.8095110706,307.08686304548655,157
17965000,35930.0000064024,-206690.00558216008,300.14122164939073,157
17970000,35940.000006404436,-206754.8728722441,302.47174452412753,157
17975000,35950.00000640647,-206904.5281293718,297.3116383691299,157
17980000,35960.00000640851,-206189.59084286483,301.5893630720291,157
17985000,35970.00000641055,-206932.8565432349,299.88984581173634,157
17990000,35980.000006412585,-205715.21045574558,300.17920374113646,157
17995000,35990.00000641462,-206334.42731118284,299.8613771175229,157
18000000,36000.00000641666,-206660.50087547838,302.6826622787203,157
18005000,36010.0000064187,-206974.2962297831,298.59299909672956,157
18010000,36020.000006420734,-206095.55682732305,299.70890340090176,157
18015000,36030.00000642277,-206713.22778567113,303.73993723928265,157
18020000,36040.00000642481,-206572.46616140392,296.11293025663554,156
18025000,36050.000006426846,-206611.1134562106,296.0696735486724,156
18030000,36060.00000642888,-206066.63301681203,305.60674140131135,156
18035000,36070.00000643092,-206832.84928157134,299.0623731546883,156
18040000,36080.00000643296,-206290.76752011513,300.126855627616,156
18045000,36090.000006434995,-206739.77565704542,303.0796686712803,156
18050000,36100.00000643703,-206284.19838890422,298.7272178437523,156
18055000,36110.00000643907,-207221.31964853161,299.5544185869135,156
18060000,36120.00000644111,-206356.17819755513,306.3147702473675,156
18065000,36130.000006443144,-206553.22290002508,298.53850751853463,156
18070000,36140.00000644518,-206326.8474329703,307.22435475815047,156
18075000,36150.00000644722,-206864.26018071664,302.9778884883149,156
18080000,36160.000006449256,-207201.52699947008,300.0055938226878,156
18085000,36170.00000645129,-206849.72111952584,301.17227571535847,156
18090000,36180.00000645333,-206922.49851929024,301.12551183349194,156
18095000,36190.00000645537,-206416.9811445037,298.92235206415654,156
18100000,36200.000006457405,-206700.70271291072,299.7104021238813,156
18105000,36210.00000645944,-205422.03370869032,298.5024748459287,156
18110000,36220.00000646148,-206410.97275098646,295.2364192750732,156
18115000,36230.00000646352,-206693.07176359242,304.3349272993492,156
18120000,36240.000006465554,-206356.3066388761,303.92147106824706,156
18125000,36250.00000646759,-206874.25598916668,299.4814214736174,156
18130000,36260.00000646963,-206935.5916546731,298.43248174951924,156
18135000,36270.000006471666,-206444.89938305528,304.4934846049289,156
18140000,36280.0000064737,-206015.31842897856,299.67337358737586,156
18145000,36290.00000647574,-206534.3857264535,302.2426724017646,156
18150000,36300.00000647778,-206506.96636006644,301.7889332657969,156
18155000,36310.000006479815,-206761.05872118392,297.49706974801563,156
18160000,36320.00000648185,-206216.36370284494,301.9119086168641,156
18165000,36330.00000648389,-206934.0699568258,298.835797669989,156
18170000,36340.00000648593,-206689.3706924573,297.1413159527338,156
18175000,36350.000006487964,-206801.2085266054,295.3516529457579,156
18180000,36360.00000649,-206678.20623536105,297.78634597099904,156
18185000,36370.00000649204,-206110.14844314917,297.5138707520211,156
18190000,36380.000006494076,-206706.52971635014,303.41374569990523,156
18195000,36390.00000649611,-206148.6464502269,299.21833913825634,156
18200000,36400.00000649815,-206833.41309657495,296.48498546960064,156
18205000,36410.00000650019,-207199.09873088484,302.5607003772647,156
18210000,36420.000006502225,-207142.9789388012,300.40678955405014,156
18215000,36430.00000650426,-206636.87806788483,296.24808196204384,156
18220000,36440.0000065063,-206102.35738292756,302.6227458759375,156
18225000,36450.00000650834,-206290.13277906412,302.7467018564382,156
18230000,36460.000006510374,-207229.46084852237,298.75885994742004,156
18235000,36470.00000651241,-206353.30413944134,302.5952985172272,156
18240000,36480.00000651445,-206225.15343686193,297.7537858504947,156
18245000,36490.000006516486,-206750.97692503186,297.04051633681803,156
18250000,36500.00000651852,-205425.5756316987,297.48003761947854,156
18255000,36510.00000652056,-206480.52614838246,296.66714610729326,156
18260000,36520.0000065226,-206283.26047128683,301.26895718761205,156
18265000,36530.000006524635,-206335.71527919592,306.6751433663763,156
18270000,36540.00000652667,-206269.97434784425,299.3411518907029,156
18275000,36550.00000652871,-206043.96197001252,297.2529045840791,156
18280000,36560.00000653075,-206316.35657471023,300.4884102477684,156
18285000,36570.000006532784,-206304.07900317688,301.2245205867992,156
18290000,36580.00000653482,-206509.24393729062,296.0349797167931,156
18295000,36590.00000653686,-206916.9565802971,296.5932691466844,156
18300000,36600.000006538896,-206827.94707448652,301.18392419943063,156
18305000,36610.00000654093,-206906.4975476386,297.583146868714,156
18310000,36620.00000654297,-207306.23866386595,300.86511428171383,156
18315000,36630.00000654501,-206130.17162505235,297.3787121060049,156
18320000,36640.000006547045,-206127.2421880114,297.8924830219448,156
18325000,36650.00000654908,-206400.24008244288,301.3802116727355,156
18330000,36660.00000655112,-206563.84778402932,300.07426555902015,156
18335000,36670.00000655316,-206260.57140750566,299.6179585604508,156
18340000,36680.000006555194,-205708.1165140831,302.51528429685004,156
18345000,36690.00000655723,-206478.77799532935,301.5855217876081,156
18350000,36700.00000655927,-206391.68883130152,295.0528810668211,156
18355000,36710.000006561306,-206376.9517354821,299.11075748798964,156
18360000,36720.00000656334,-206452.25497740728,298.91113900951376,156
18365000,36730.00000656538,-206307.57230994885,294.48535953612577,156
18370000,36740.00000656742,-207034.2342571296,302.19323364887225,156
18375000,36750.000006569455,-205938.61364452657,299.1522544770536,156
18380000,36760.00000657149,-206969.3833556195,301.56038672389184,156
18385000,36770.00000657353,-207148.66416564886,304.8805405885662,156
18390000,36780.00000657557,-207024.69917275093,299.43023928040054,156
18395000,36790.000006577604,-206864.9933401188,305.7197873104341,156
18400000,36800.00000657964,-207170.6557096839,302.68397664785425,156
18405000,36810.00000658168,-206351.41178697813,304.78365860010393,156
18410000,36820.000006583716,-206764.85166637122,302.18079475604094,156
18415000,36830.00000658575,-206803.42659331963,294.6626720874674,156
18420000,36840.00000658779,-206755.004948757,301.5558857727783,156
18425000,36850.00000658983,-206150.73001709394,299.264339789918,156
18430000,36860.000006591865,-206216.34659741807,299.31801009293525,156
18435000,36870.0000065939,-206238.71004534396,302.8052588598944,156
18440000,36880.00000659594,-206508.781117843,298.64926208043744,156
18445000,36890.00000659798,-206276.25453175057,296.7423990245821,156
18450000,36900.000006600014,-205889.34668038273,303.5535654705713,156
18455000,36910.00000660205,-206061.36681794305,306.570054058012,156
18460000,36920.00000660409,-206235.71659381187,298.57198608504206,156
18465000,36930.000006606126,-206312.8957218012,299.94000479146445,156
18470000,36940.00000660816,-207043.7455019001,302.40026247467176,156
18475000,36950.0000066102,-205960.61075904965,298.3323710558195,156
18480000,36960.00000661224,-206707.1617279062,300.72831781752535,156
18485000,36970.000006614275,-206846.3742555409,302.06635398079857,156
18490000,36980.00000661631,-206123.5195262771,296.1026016732128,156
18495000,36990.00000661835,-206104.25479098433,297.1413889021578,156
18500000,37000.00000662039,-207745.4037973932,303.4931554028101,156
18505000,37010.000006622424,-206072.8285762017,300.66511128564764,156
18510000,37020.00000662446,-206417.40637399,300.6115668146576,156
18515000,37030.0000066265,-205844.1773231096,300.69827992628854,156
18520000,37040.000006628536,-206302.14220106252,297.7781487267592,156
18525000,37050.00000663057,-206795.46879258356,306.21015109649943,156
18530000,37060.00000663261,-206954.9291877288,296.7866213033791,156
18535000,37070.00000663465,-206718.38709383272,299.94496330024754,156
18540000,37080.000006636685,-206547.35543854686,297.3989926956479,156
18545000,37090.00000663872,-206571.82122435246,302.34471309713035,156
18550000,37100.00000664076,-207000.12785870046,298.3234123434232,156
18555000,37110.0000066428,-205514.81964785082,299.1507001493726,156
18560000,37120.000006644834,-205991.68501861184,301.843103945122,156
18565000,37130.00000664687,-206523.96073637158,297.94774000691314,156
18570000,37140.00000664891,-206487.3310969083,302.50296868960953,156
18575000,37150.000006650946,-206639.62328664307,298.2810145062631,156
18580000,37160.00000665298,-206480.3279414114,304.72523352497154,156
18585000,37170.00000665502,-206602.2215640375,299.1301914752967,156
18590000,37180.00000665706,-205739.2940809268,300.95434941665104,156
18595000,37190.000006659095,-206350.62166119623,301.08428799586613,156
18600000,37200.00000666113,-205943.9967895468,300.24205834556693,156
18605000,37210.00000666317,-206932.59506208776,301.9548823100923,156
18610000,37220.00000666521,-205627.47649831278,304.518361185878,156
18615000,37230.000006667244,-206246.1642894816,298.89269066196533,156
18620000,37240.00000666928,-206122.00924196525,300.0400145585408,156
18625000,37250.00000667132,-206104.52552273555,297.2172123748022,156
18630000,37260.000006673356,-206678.6068773946,297.73844499959284,156
18635000,37270.00000667539,-206401.3827259004,301.34688106885943,156
18640000,37280.00000667743,-206320.89422829752,297.92601269584947,156
18645000,37290.00000667947,-206969.48343568924,294.00990878266373,156
18650000,37300.000006681505,-206396.84240384784,302.59295455722764,156
18655000,37310.00000668354,-207433.0708683757,295.2912112610993,156
18660000,37320.00000668558,-206638.51942481508,301.90291832263364,156
18665000,37330.00000668762,-206308.56502194528,296.14181219182075,156
18670000,37340.000006689654,-206959.64415100857,295.96346250238093,156
18675000,37350.00000669169,-205791.15792214242,303.4609607498938,156
18680000,37360.00000669373,-206692.0689869246,297.44521736636887,156
18685000,37370.000006695765,-206545.64817811374,295.8139026263579,156
18690000,37380.0000066978,-207119.53463080688,298.46428571972206,156
18695000,37390.00000669984,-206129.77159199282,302.25430828522593,156
18700000,37400.00000670188,-206691.68024290784,296.1453838238248,156
18705000,37410.000006703915,-207001.66880701564,299.9478446246341,156
18710000,37420.00000670595,-206830.52244921087,301.75071716380313,156
18715000,37430.00000670799,-206428.39728769287,296.82753364599563,156
18720000,37440.000006710026,-206344.26357107877,301.4639164540042,156
18725000,37450.00000671206,-206875.4334746726,299.9123725926136,156
18730000,37460.0000067141,-207102.0660759207,300.55600678281485,156
18735000,37470.00000671614,-206052.70597452042,297.83619359100504,156
18740000,37480.000006718175,-205875.3041547091,304.51651183904136,156
18745000,37490.00000672021,-206686.0765275089,297.1807217908547,156
18750000,37500.00000672225,-206110.14508539985,297.9374706401759,156
18755000,37510.00000672429,-206263.21890093153,300.1378117825681,156
18760000,37520.000006726325,-206703.12223664403,297.10591045412195,156
18765000,37530.00000672836,-206458.94619976718,301.0881104621999,156
18770000,37540.0000067304,-206841.14633583627,298.2289088620317,156
18775000,37550.000006732436,-207289.2150222744,297.5707031476815,156
18780000,37560.00000673447,-206640.01960009825,301.01938152159505,156
18785000,37570.00000673651,-206884.9769386549,300.48114524583485,156
18790000,37580.00000673855,-206447.83811587153,297.99828495639406,156
18795000,37590.000006740585,-207257.6075864064,304.15901147282693,156
18800000,37600.00000674262,-206093.26098929893,298.99536500271324,156
18805000,37610.00000674466,-206336.65802156157,296.1895314688825,156
18810000,37620.0000067467,-205891.46926442056,298.78591017817257,156
18815000,37630.000006748734,-206264.4867265498,301.6978510867639,156
18820000,37640.00000675077,-205903.19343551423,302.82952146985826,156
18825000,37650.00000675281,-206598.69561774388,304.9834826047795,156
18830000,37660.000006754846,-206096.72391697357,304.9778615361072,156
18835000,37670.00000675688,-206038.55160023156,296.74724938296174,156
18840000,37680.00000675892,-206932.83819496725,299.4052101208378,156
18845000,37690.00000676096,-206729.71690963954,301.8398236923086,156
18850000,37700.000006762995,-206853.20047619264,305.01006551112494,156
18855000,37710.00000676503,-206450.34834830393,294.4296986394066,156
18860000,37720.00000676707,-205851.08771332575,301.67793994097076,156
18865000,37730.00000676911,-206132.79259075318,302.04148908603446,156
18870000,37740.000006771144,-206756.07432992395,299.35534203513663,156
18875000,37750.00000677318,-206733.32693823392,301.0056173089785,156
18880000,37760.00000677522,-205997.9907515681,302.98618687395486,156
18885000,37770.000006777256,-205639.5620676732,304.11277275801854,156
18890000,37780.00000677929,-206943.2107075936,299.2659012000729,156
18895000,37790.00000678133,-206175.02623952797,303.78998318571365,156
18900000,37800.00000678337,-206362.4439779285,302.2159058934249,156
18905000,37810.000006785405,-206841.34444666211,297.3038218434238,156
18910000,37820.00000678744,-206080.62414176262,304.5990106066101,156
18915000,37830.00000678948,-205912.7447655606,298.5766078661392,156
18920000,37840.00000679152,-206498.5805261864,303.25692090976963,156
18925000,37850.000006793554,-206368.86666679685,301.6576514315649,156
18930000,37860.00000679559,-206409.44295547903,299.01714001115613,156
18935000,37870.00000679763,-206225.7241062757,300.8041320094124,156
18940000,37880.000006799666,-206820.4097304946,300.35930331103316,156
18945000,37890.0000068017,-206908.33254204178,299.78518334726186,156
18950000,37900.00000680374,-206475.64755011234,303.1383377378981,156
18955000,37910.00000680578,-207058.01900226448,299.8209960243415,156
18960000,37920.000006807815,-207018.66314430907,300.0901667901497,156
18965000,37930.00000680985,-205781.10275547195,302.8774872772986,156
18970000,37940.00000681189,-207196.63053507847,300.1766294999298,156
18975000,37950.00000681393,-206883.0987517482,300.88039726197957,156
18980000,37960.000006815964,-206885.07353957987,301.05389521128984,156
18985000,37970.000006818,-206312.08316361776,298.5091519520611,156
18990000,37980.00000682004,-207200.734667951,295.88412525680576,156
18995000,37990.000006822076,-205566.21031429735,297.81795684904773,156
19000000,38000.00000682411,-206780.91742900352,299.7031448350382,156
19005000,38010.00000682615,-206906.4701398291,300.65401997042915,156
19010000,38020.00000682819,-206575.55478125508,300.1767174880538,156
19015000,38030.000006830225,-207268.9745220769,296.6959094624208,156
19020000,38040.00000683226,-206345.44566585904,298.0282362565661,156
19025000,38050.0000068343,-206142.09250892117,299.2461241165674,156
19030000,38060.00000683634,-206193.65204976208,297.30361165886194,156
19035000,38070.000006838374,-206027.1725511629,300.7825557539841,156
19040000,38080.00000684041,-206512.92303739558,297.3677841944319,156
19045000,38090.00000684245,-206448.02773540223,298.3573489897531,156
19050000,38100.000006844486,-206664.37191472366,302.72925973681214,156
19055000,38110.00000684652,-205860.3246570481,302.0370199619861,156
19060000,38120.00000684856,-205987.7715650769,303.4585043414292,156
19065000,38130.0000068506,-207051.83827310964,304.0888450416622,156
19070000,38140.000006852635,-206404.7656387766,301.41155816023195,156
19075000,38150.00000685467,-207047.21890429978,305.2089586373297,156
19080000,38160.00000685671,-206404.96347939607,300.2466626041115,156
19085000,38170.00000685875,-206443.7482413028,303.2951478824589,156
19090000,38180.000006860784,-206883.1910865088,301.9237974215954,156
19095000,38190.00000686282,-206694.91740361415,294.3832204573754,156
19100000,38200.00000686486,-206352.03380529583,300.44250272714476,156
19105000,38210.000006866896,-206322.68947023945,301.68527442957253,156
19110000,38220.00000686893,-206462.133970276,303.33635296322456,156
19115000,38230.00000687097,-207106.61303998542,296.58838869596866,156
19120000,38240.00000687301,-207116.01187079237,298.775731051487,156
19125000,38250.000006875045,-206559.4290639758,300.4095604915037,156
19130000,38260.00000687708,-206418.93638442853,296.3769405452898,156
19135000,38270.00000687912,-206623.15732733265,302.2656216175287,156
19140000,38280.00000688116,-207143.4956611913,299.12129395490814,156
19145000,38290.000006883194,-206352.4228635151,304.6880624031314,156
19150000,38300.00000688523,-207066.69043181324,295.6052122432215,156
19155000,38310.00000688727,-206461.76784341317,300.46049033800557,156
19160000,38320.000006889306,-206408.49447037873,298.9297328132752,156
19165000,38330.00000689134,-205832.94996620913,297.6481948135151,156
19170000,38340.00000689338,-206455.54345399665,298.33320259700815,156
19175000,38350.00000689542,-206467.88570796035,302.66067544540226,156
19180000,38360.000006897455,-206595.5184361774,301.0649016802422,156
19185000,38370.00000689949,-207503.9660468389,305.64274763385976,156
19190000,38380.00000690153,-206116.91868065146,295.5363394635215,156
19195000,38390.00000690357,-205197.09338541282,305.32294102064816,156
19200000,38400.000006905604,-207043.90183222585,302.8936620871087,156
19205000,38410.00000690764,-206213.40103072033,298.3587521940069,156
19210000,38420.00000690968,-206433.76538648957,299.96400181922616,156
19215000,38430.000006911716,-206937.30996674742,296.3064896412556,156
19220000,38440.00000691375,-206089.9667478986,299.79536522341573,156
19225000,38450.00000691579,-206255.28018646478,301.42507362155175,156
19230000,38460.00000691783,-206706.87644445896,303.68046044171746,156
19235000,38470.000006919865,-207090.30718942813,299.1468382220892,156
19240000,38480.0000069219,-207225.3681822312,300.4259486391277,156
19245000,38490.00000692394,-206215.06502670562,303.4401045184312,156
19250000,38500.00000692598,-206795.5303361324,299.001233211417,156
19255000,38510.000006928014,-206532.78778844,299.1622698339334,156
19260000,38520.00000693005,-206932.15636202996,304.27843444816995,156
19265000,38530.00000693209,-206756.95927301864,306.0750048618724,156
19270000,38540.000006934126,-207174.34249141277,297.2140466027584,156
19275000,38550.00000693616,-205976.81446478923,303.6808456750109,156
19280000,38560.0000069382,-206705.35610141768,298.5610763214168,156
19285000,38570.00000694024,-206829.96085766074,299.94554761334234,156
19290000,38580.000006942275,-206932.20293841802,303.0868853500489,156
19295000,38590.00000694431,-206456.20811019815,302.59605325152864,156
19300000,38600.00000694635,-206529.36860262754,302.22427562497285,155
19305000,38610.00000694839,-206496.35472400708,301.77201696634785,155
19310000,38620.000006950424,-206516.59325684048,299.16371004114455,155
19315000,38630.00000695246,-206181.61799950118,300.00669136719654,155
19320000,38640.0000069545,-206941.48913364531,304.2279573817586,155
19325000,38650.000006956536,-206569.9321082792,300.64469466051764,155
19330000,38660.00000695857,-206584.72736083297,300.87627146060714,155
19335000,38670.00000696061,-206123.4537138067,297.43635359556316,155
19340000,38680.00000696265,-206645.02234681055,298.1754145786758,155
19345000,38690.000006964685,-206072.29751089984,297.14423597888026,155
19350000,38700.00000696672,-206565.96434700978,306.5705517795539,155
19355000,38710.00000696876,-206014.33740573062,298.532064412488,155
19360000,38720.0000069708,-206253.07474645914,298.60124428360535,155
19365000,38730.000006972834,-206764.56306236098,298.1222244504564,155
19370000,38740.00000697487,-206678.8768668375,299.41587976996874,155
19375000,38750.00000697691,-206430.56322396616,301.7664582563045,155
19380000,38760.000006978946,-206912.1433061884,299.8992844164867,155
19385000,38770.00000698098,-207198.41381266108,302.35899644604547,155
19390000,38780.00000698302,-206475.31343079417,301.3477607856224,155
19395000,38790.00000698506,-207280.27513108565,298.8825179662927,155
19400000,38800.000006987095,-206463.03640204435,300.82648223765034,155
19405000,38810.00000698913,-206299.8814350135,304.7518999229573,155
19410000,38820.00000699117,-206115.44243098516,297.4928568407502,155
19415000,38830.00000699321,-206753.83059863164,302.177290027404,155
19420000,38840.000006995244,-206947.77795106173,302.51446255514486,155
19425000,38850.00000699728,-205865.4410441009,301.708547613292,155
19430000,38860.00000699932,-206689.4268120398,304.2759496443885,155
19435000,38870.000007001356,-206420.46059290122,300.26636021543584,155
19440000,38880.00000700339,-206717.86504202907,301.68508427989445,155
19445000,38890.00000700543,-206119.2501568722,295.2660860388378,155
19450000,38900.00000700747,-206687.11113878665,302.82352216749473,155
19455000,38910.000007009505,-206176.25056301244,299.08777972396024,155
19460000,38920.00000701154,-206269.2084771843,301.6107655833609,155
19465000,38930.00000701358,-207668.4888721814,296.8589998151927,155
19470000,38940.00000701562,-206608.0128021259,300.83958654962726,155
19475000,38950.000007017654,-205953.60417476483,296.8428633840041,155
19480000,38960.00000701969,-206430.56219057366,298.58783297358025,155
19485000,38970.00000702173,-206132.96711090417,301.12836741230007,155
19490000,38980.000007023766,-206527.3548674495,297.37275612052616,155
19495000,38990.0000070258,-206381.97599864588,298.66024199792815,155
19500000,39000.00000702784,-206909.71482893266,301.5353519142895,155
19505000,39010.00000702988,-206526.53948327538,301.0931373996775,155
19510000,39020.000007031915,-206410.1840647515,298.4390190980672,155
19515000,39030.00000703395,-206377.96088286734,300.92530815766213,155
19520000,39040.00000703599,-206733.4413975177,299.2990118893993,155
19525000,39050.00000703803,-206330.93901774555,300.23437178901145,155
19530000,39060.000007040064,-206543.31432651856,298.84241417423766,155
19535000,39070.0000070421,-206637.30006564083,303.2229506096457,155
19540000,39080.00000704414,-206252.41625395452,301.72511462915503,155
19545000,39090.000007046176,-207770.23262595385,298.0250758069868,155
19550000,39100.00000704821,-206982.36374316306,301.3155662985423,155
19555000,39110.00000705025,-206880.46974352107,300.161348898386,155
19560000,39120.00000705229,-206344.58849680866,301.81414645415515,155
19565000,39130.000007054325,-206667.10031435033,299.37607930448297,155
19570000,39140.00000705636,-206674.30337956618,298.43263935703925,155
19575000,39150.0000070584,-206890.54209353647,298.2450167464845,155
19580000,39160.00000706044,-206184.94762522867,298.0425188933681,155
19585000,39170.000007062474,-206625.69334449386,298.9779133740873,155
19590000,39180.00000706451,-206671.59734483215,297.63103819825255,155
19595000,39190.00000706655,-206454.6968665761,294.83188893521594,155
19600000,39200.000007068586,-207668.58998336853,295.14572408241776,155
19605000,39210.00000707062,-206815.87228646153,298.8826745817677,155
19610000,39220.00000707266,-206335.07557182456,298.7189000482916,155
19615000,39230.0000070747,-206151.26794563688,302.90618281186124,155
19620000,39240.000007076735,-206259.10008379526,297.28060147388476,155
19625000,39250.00000707877,-207058.03358296596,300.10172251315794,155
19630000,39260.00000708081,-206340.47772971878,300.9775657673099,155
19635000,39270.00000708285,-206847.7633372025,296.2547156796784,155
19640000,39280.000007084884,-206248.4458780915,303.0894871632047,155
19645000,39290.00000708692,-206460.32330409123,297.79754559243446,155
19650000,39300.00000708896,-206275.29455017578,304.2939042168774,155
19655000,39310.000007090995,-206605.45963434456,298.84529455786543,155
19660000,39320.00000709303,-206769.81269343803,299.2569229869993,155
19665000,39330.00000709507,-206613.3611498695,299.5000033917535,155
19670000,39340.00000709711,-206422.48624171782,300.045197054067,155
19675000,39350.000007099145,-206726.4646769492,299.51657584082454,155
19680000,39360.00000710118,-206503.90894114308,301.9341129429573,155
19685000,39370.00000710322,-207396.02719141508,298.86920353033264,155
19690000,39380.00000710526,-206476.72223293816,298.3204428752523,155
19695000,39390.000007107294,-206648.29921151104,301.63047649829576,155
19700000,39400.00000710933,-205234.57736122177,301.7625877804203,155
19705000,39410.00000711137,-206451.463892636,301.18254338633903,155
19710000,39420.000007113405,-206288.03755769844,303.40527759575883,155
19715000,39430.00000711544,-205900.15697416768,295.8935641255626,155
19720000,39440.00000711748,-207540.72724231286,302.38807323132295,155
19725000,39450.00000711952,-207010.46117130108,300.3059506013958,155
19730000,39460.000007121555,-205927.13740870333,298.6861865067532,155
19735000,39470.00000712359,-206594.10849454917,302.44360646167127,155
19740000,39480.00000712563,-206467.21934146376,301.23269223507106,155
19745000,39490.000007127666,-206924.2933792274,302.8540308855929,155
19750000,39500.0000071297,-206748.96199153084,301.23522689284823,155
19755000,39510.00000713174,-206470.31778162427,304.7361399320973,155
19760000,39520.00000713378,-206322.3157183536,299.075836425629,155
19765000,39530.000007135815,-207143.93468084605,298.56812466459047,155
19770000,39540.00000713785,-206988.79683794337,304.2151743963246,155
19775000,39550.00000713989,-206289.03856631066,303.34078078622053,155
19780000,39560.00000714193,-206617.85705925804,302.11443998339576,155
19785000,39570.000007143964,-206440.70093225338,296.7641178355029,155
19790000,39580.000007146,-206253.31416534854,300.64591424559893,155
19795000,39590.00000714804,-206091.83614155813,300.8541371217278,155
19800000,39600.000007150076,-205886.4427596348,301.12608763028584,155
19805000,39610.00000715211,-206030.106288219,302.80245625554824,155
19810000,39620.00000715415,-206028.27960359957,298.29876175953115,155
19815000,39630.00000715619,-206834.4698777002,296.8854164370512,155
19820000,39640.000007158225,-207536.29951514793,300.64473414305536,155
19825000,39650.00000716026,-207129.0217948903,296.1244721587839,155
19830000,39660.0000071623,-206317.5687872339,299.23570536100993,155
19835000,39670.00000716434,-206363.59807965974,297.50745588890237,155
19840000,39680.000007166374,-207133.5795965453,300.80693806749247,155
19845000,39690.00000716841,-206742.04222237132,300.160273561955,155
19850000,39700.00000717045,-207098.18363939133,297.7834890615771,155
19855000,39710.000007172486,-207549.7811280206,302.41284384819977,155
19860000,39720.00000717452,-206616.54214765294,302.7803551990904,155
19865000,39730.00000717656,-206553.67855121952,299.5523086691797,155
19870000,39740.0000071786,-207049.8037142658,300.98365377111867,155
19875000,39750.000007180635,-205876.6522129979,298.3507890939235,155
19880000,39760.00000718267,-206017.40515792836,298.1666806145086,155
19885000,39770.00000718471,-206887.1492273612,294.5061553346036,155
19890000,39780.00000718675,-206848.34224466386,298.2623964197862,155
19895000,39790.000007188784,-206488.66816941707,296.6053675385058,155
19900000,39800.00000719082,-207011.9973958088,295.7362343628025,155
19905000,39810.00000719286,-206481.70338652178,302.8430528271189,155
19910000,39820.000007194896,-205615.26439516968,302.8871491165195,155
19915000,39830.00000719693,-206877.02769982128,302.86502862734653,155
19920000,39840.00000719897,-206016.31099537644,301.23680674703894,155
19925000,39850.00000720101,-206477.64321710367,303.56288023996177,155
19930000,39860.000007203045,-206369.56215831882,302.3085383269713,155
19935000,39870.00000720508,-206338.45901925955,296.9675834273838,155
19940000,39880.00000720712,-206337.33985586546,305.1537330773113,155
19945000,39890.00000720916,-207198.71506875777,299.83191659608724,155
19950000,39900.000007211194,-206462.2096964192,299.17109712393045,155
19955000,39910.00000721323,-206781.7587925347,308.61391351043966,155
19960000,39920.00000721527,-206845.13425211876,296.90933932804893,155
19965000,39930.000007217306,-205982.64926409128,301.4148174914943,155
19970000,39940.00000721934,-206639.31918396626,298.9693089667147,155
19975000,39950.00000722138,-206365.74783709424,293.80881710605394,155
19980000,39960.00000722342,-207288.01447914017,299.62379015834296,155
19985000,39970.000007225455,-206247.0300123248,298.27077118439547,155
19990000,39980.00000722749,-206612.42745427717,299.6821893300463,155
19995000,39990.00000722953,-207017.294869988,302.8731552497295,155
20000000,40000.00000723157,-206619.93286553794,304.71572887879717,155
20005000,40010.000007233604,-205857.9022235301,296.63086388666676,155
20010000,40020.00000723564,-206317.21718096256,296.6685667659163,155
20015000,40030.00000723768,-206711.34269105433,297.5876877295587,155
20020000,40040.000007239716,-206579.29245340126,304.1593656872185,155
20025000,40050.00000724175,-206594.85833265935,300.2171506099001,155
20030000,40060.00000724379,-206437.620467306,304.97991113593747,155
20035000,40070.00000724583,-206217.6538750223,301.14700472192203,155
20040000,40080.000007247865,-205764.48419194587,300.10266494624716,155
20045000,40090.0000072499,-206114.0489271743,295.9944786915577,155
20050000,40100.00000725194,-206647.00935802853,297.7294668232405,155
20055000,40110.00000725398,-206690.49647249246,297.78736609938295,155
20060000,40120.000007256014,-206800.36735647137,305.5720841763511,155
20065000,40130.00000725805,-207556.05508514016,298.0784734420792,155
20070000,40140.00000726009,-207092.089985674,300.53518288363006,155
20075000,40150.000007262126,-206820.8607104211,300.402646387533,155
20080000,40160.00000726416,-206462.44519527955,303.1627365878692,155
20085000,40170.0000072662,-207693.50505610986,295.0568608850697,155
20090000,40180.00000726824,-206426.2409406281,303.52215521393674,155
20095000,40190.000007270275,-206275.1824737878,298.0569066123487,155
20100000,40200.00000727231,-207033.15264238766,303.6158235249525,155
20105000,40210.00000727435,-206630.331613329,300.09149422515213,155
20110000,40220.00000727639,-206302.88308469718,300.2588829806698,155
20115000,40230.000007278424,-206869.07736088044,304.1238970413125,155
20120000,40240.00000728046,-205594.15395210485,300.96350047053875,155
20125000,40250.0000072825,-206194.59943670104,300.8872998273605,155
20130000,40260.000007284536,-206897.42419625784,302.42310596654266,155
20135000,40270.00000728657,-206933.88599880075,303.5758869108582,155
20140000,40280.00000728861,-206430.895622632,302.73567068683303,155
20145000,40290.00000729065,-206437.51764765487,299.14512612003205,155
20150000,40300.000007292685,-206722.1813531532,306.71404816560374,155
20155000,40310.00000729472,-206497.24880655995,301.2436127924717,155
20160000,40320.00000729676,-205928.0306833851,296.9424841547153,155
20165000,40330.0000072988,-206038.88938766334,301.2860455873686,155
20170000,40340.000007300834,-206109.34728067787,304.9136077332555,155
20175000,40350.00000730287,-206544.30134898657,301.6321586110518,155
20180000,40360.00000730491,-206605.34131457342,297.10393592758214,155
20185000,40370.000007306946,-205824.20524309122,305.97844326809246,155
20190000,40380.00000730898,-206536.86823807436,301.22482130016164,155
20195000,40390.00000731102,-206955.5763061674,298.59714611506683,155
20200000,40400.00000731306,-206485.1499104082,301.2449842402909,155
20205000,40410.000007315095,-206526.0113819188,304.06505123207285,155
20210000,40420.00000731713,-207383.6746063074,297.5886326958222,155
20215000,40430.00000731917,-205801.80560215632,298.51820206362913,155
20220000,40440.00000732121,-206805.32359998045,298.36621741282784,155
20225000,40450.000007323244,-206217.02754513186,295.9272052070812,155
20230000,40460.00000732528,-206296.1094169853,296.6407024888865,155
20235000,40470.00000732732,-207209.56230319408,302.19274572105576,155
20240000,40480.000007329356,-206364.34845432278,297.400477022776,155
20245000,40490.00000733139,-206514.22474729398,300.22533316685514,155
20250000,40500.00000733343,-206865.6800166259,299.6803959511225,155
20255000,40510.00000733547,-207093.82921725546,304.7250422530307,155
20260000,40520.000007337505,-206045.35737096076,298.89385622514277,155
20265000,40530.00000733954,-206938.40200446313,300.98384394513585,155
20270000,40540.00000734158,-206051.49931633868,294.65369764902255,155
20275000,40550.00000734362,-206560.81603005657,301.98033180351604,155
20280000,40560.000007345654,-206498.8488170521,300.54630267986096,155
20285000,40570.00000734769,-206617.11995300069,298.7719155564514,155
20290000,40580.00000734973,-205705.58545560972,301.39514907715545,155
20295000,40590.000007351766,-206796.05708482477,301.1916999402681,155
20300000,40600.0000073538,-207216.2577527071,302.61144784712894,155
20305000,40610.00000735584,-206534.466827824,298.6075470909465,155
20310000,40620.00000735788,-206587.90970299765,292.34696078696345,155
20315000,40630.000007359915,-205833.30928099807,301.92611891904886,155
20320000,40640.00000736195,-206802.69920621754,299.10267345829095,155
20325000,40650.00000736399,-206337.4672699531,298.92723412981576,155
20330000,40660.00000736603,-206258.3758981875,295.42935162719925,155
20335000,40670.000007368064,-205907.81065462157,300.68480354684493,155
20340000,40680.0000073701,-205884.0474247482,299.7639391913991,155
20345000,40690.00000737214,-207051.47968740808,299.84523419755834,155
20350000,40700.000007374176,-206403.74007636355,302.07896939626016,155
20355000,40710.00000737621,-206475.07614887937,298.3823654464871,155
20360000,40720.00000737825,-206049.88697644358,303.62427972348013,155
20365000,40730.00000738029,-207359.63544573507,299.96367084919433,155
20370000,40740.000007382325,-206791.56112121418,300.70681950756364,155
20375000,40750.00000738436,-206857.47686609335,301.0524019039273,155
20380000,40760.0000073864,-206526.85225735046,297.25122620997433,155
20385000,40770.00000738844,-206723.47614184825,296.1958897895056,155
20390000,40780.000007390474,-207161.5698396978,300.28790588917053,155
20395000,40790.00000739251,-205282.09656457696,303.7464601909097,155
20400000,40800.00000739455,-206391.0129166135,299.45890069669923,155
20405000,40810.000007396586,-205857.78813368152,297.7604231138666,155
20410000,40820.00000739862,-206599.20255628543,298.4617054311219,155
20415000,40830.00000740066,-207028.68204598478,299.8393542080074,155
20420000,40840.0000074027,-207250.60642032232,300.49952367236125,155
20425000,40850.000007404735,-207195.43526916415,302.7642648663228,155
20430000,40860.00000740677,-206200.02531427064,296.9671246060133,155
20435000,40870.00000740881,-206124.83526534855,303.49997070885155,155
20440000,40880.00000741085,-206104.89184015593,303.6533339531896,155
20445000,40890.000007412884,-206375.61994136812,298.090575756447,155
20450000,40900.00000741492,-206428.90749400156,301.78532141580564,155
20455000,40910.00000741696,-206895.9665553925,303.0598886270867,155
20460000,40920.000007418996,-206348.83368801093,303.08058785692606,155
20465000,40930.00000742103,-207627.39839013945,301.71326199443956,155
20470000,40940.00000742307,-206555.0442698812,298.4738433736063,155
20475000,40950.00000742511,-206665.72854342207,304.52948852885817,155
20480000,40960.000007427145,-206741.64667041018,301.9367630760749,155
20485000,40970.00000742918,-206549.27303478273,299.0838333521039,155
20490000,40980.00000743122,-207120.1972482336,301.08497048655744,155
20495000,40990.00000743326,-206326.34215453407,300.2272843499498,155
20500000,41000.000007435294,-205974.8047721224,299.48465356120266,155
20505000,41010.00000743733,-206769.4650369659,299.8079814023725,155
20510000,41020.00000743937,-207135.27623597463,301.52505248554456,155
20515000,41030.000007441406,-206303.67380978027,297.9560306867541,155
20520000,41040.00000744344,-206963.2315471148,307.08105525999935,155
20525000,41050.00000744548,-206564.50146592036,297.82293253743023,155
20530000,41060.00000744752,-206309.7262863327,301.4923413108136,155
20535000,41070.000007449555,-206654.61323187966,303.1733229735389,155
20540000,41080.00000745159,-206930.59758924448,300.2078101215882,155
20545000,41090.00000745363,-206169.98491393542,295.8071676288069,155
20550000,41100.00000745567,-205877.64269436884,297.8864060941053,155
20555000,41110.000007457704,-206375.82592286612,298.64941534389305,155
20560000,41120.00000745974,-206229.88011006918,304.4216931331119,155
20565000,41130.00000746178,-206277.7912593485,298.73640024196806,155
20570000,41140.000007463816,-205768.98523835628,301.2723873623726,155
20575000,41150.00000746585,-207047.89489314635,298.2856436268174,155
20580000,41160.00000746789,-206153.38343441463,303.3862804736504,155
20585000,41170.00000746993,-205926.9872689345,307.79918467224513,155
20590000,41180.000007471965,-207256.61860329472,303.7987250638463,155
20595000,41190.000007474,-206547.5386789248,300.5280896120195,155
20600000,41200.00000747604,-207306.29946580448,299.45528738855967,155
20605000,41210.00000747808,-206065.73563985457,302.22610425755676,154
20610000,41220.000007480114,-206079.51227252046,298.83465734342536,154
20615000,41230.00000748215,-206607.562492679,292.4295853979716,154
20620000,41240.00000748419,-206752.6188663207,301.44072186467724,154
20625000,41250.000007486226,-206150.3095089452,304.85862995758913,154
20630000,41260.00000748826,-206035.30172592436,297.1549324038887,154
20635000,41270.0000074903,-206165.79969952255,296.0274506818783,154
20640000,41280.00000749234,-206814.04068424855,295.11549756667955,154
20645000,41290.000007494375,-205494.61091438425,301.3448511968193,154
20650000,41300.00000749641,-206678.71119928418,303.5213569698199,154
20655000,41310.00000749845,-206771.1160074484,298.01907059497654,154
20660000,41320.00000750049,-206948.07616581605,297.3355749552079,154
20665000,41330.000007502524,-206242.2551251056,301.64483080925226,154
20670000,41340.00000750456,-207133.55408396316,298.28505217104725,154
20675000,41350.0000075066,-207081.37584879552,301.1245710413457,154
20680000,41360.000007508635,-206081.2211000059,299.9671626352917,154
20685000,41370.00000751067,-206795.14888783218,298.295711293407,154
20690000,41380.00000751271,-206202.9037528953,298.90596664518523,154
20695000,41390.00000751475,-206428.38514024706,301.0032853318235,154
20700000,41400.000007516785,-205901.48798330966,298.3187418168164,154
20705000,41410.00000751882,-207151.65443197254,304.7304920340727,154
20710000,41420.00000752086,-206730.57714386494,300.67737865825205,154
20715000,41430.000007522896,-206339.0325089373,295.80794124911404,154
20720000,41440.00000752493,-206417.82017116842,300.6951264734407,154
20725000,41450.00000752697,-206448.68159898918,299.8434646843821,154
20730000,41460.00000752901,-206852.79372970574,296.7477605901487,154
20735000,41470.000007531045,-206111.80521048978,302.951291097094,154
20740000,41480.00000753308,-205839.58239704894,300.065209390318,154
20745000,41490.00000753512,-206142.99475750048,304.80792441815345,154
20750000,41500.00000753716,-206798.42919779732,299.60231399365665,154
20755000,41510.000007539194,-206432.68032019876,295.578157073103,154
20760000,41520.00000754123,-206941.75440833252,299.74491334262467,154
20765000,41530.00000754327,-206453.6634488547,301.54129777185307,154
20770000,41540.000007545306,-206734.60779177165,300.92092521406596,154
20775000,41550.00000754734,-206284.2130748718,304.9803921112477,154
20780000,41560.00000754938,-206180.4467240118,298.62117130883405,154
20785000,41570.00000755142,-207044.50175316934,303.94564169936086,154
20790000,41580.000007553455,-205902.87464692106,296.1742233988633,154
20795000,41590.00000755549,-206885.94145780697,297.9766693597139,154
20800000,41600.00000755753,-205995.94256267208,294.9254662854437,154
20805000,41610.00000755957,-206252.71968777408,299.82268264053107,154
20810000,41620.000007561604,-206169.17475808656,295.8506088921552,154
20815000,41630.00000756364,-206828.33538992272,296.7475833994314,154
20820000,41640.00000756568,-206067.21469910257,298.64495415984595,154
20825000,41650.000007567716,-206554.26145854336,302.9040897768639,154
20830000,41660.00000756975,-206932.84953380434,304.02669142098665,154
20835000,41670.00000757179,-206586.08566353167,302.4309509339174,154
20840000,41680.00000757383,-206508.8097025724,299.82902548862324,154
20845000,41690.000007575865,-206214.5082263155,301.1682941582874,154
20850000,41700.0000075779,-206573.28303726157,297.93000036640046,154
20855000,41710.00000757994,-207171.80442648183,297.2518612794518,154
20860000,41720.00000758198,-206895.50259592372,298.93657155964195,154
20865000,41730.000007584014,-206557.947082108,302.08796334850535,154
20870000,41740.00000758605,-206667.94544158597,305.7692836486149,154
20875000,41750.00000758809,-206223.59199910786,296.9397314441175,154
20880000,41760.000007590126,-206286.33760049904,303.9683735939919,154
20885000,41770.00000759216,-206427.1997571044,300.707231175048,154
20890000,41780.0000075942,-206716.34770132473,299.630593363127,154
20895000,41790.00000759624,-206364.90826353582,294.0826394558935,154
20900000,41800.000007598275,-205816.66464902903,303.095148115592,154
20905000,41810.00000760031,-206164.63590654987,303.6779001862366,154
20910000,41820.00000760235,-205855.01027333154,300.8705157898164,154
20915000,41830.00000760439,-206403.2111866444,301.64899156553906,154
20920000,41840.000007606424,-206238.9365566076,298.56875313650636,154
20925000,41850.00000760846,-206100.25197057263,303.28438673495486,154
20930000,41860.0000076105,-206465.38403492433,299.7383728823104,154
20935000,41870.000007612536,-206146.14413956087,295.37456098237084,154
20940000,41880.00000761457,-206757.4784486884,300.3902849957602,154
20945000,41890.00000761661,-206463.39419666957,300.5175923576896,154
20950000,41900.00000761865,-206236.3612076674,304.04792911941047,154
20955000,41910.000007620685,-205972.00474939262,303.7823539109372,154
20960000,41920.00000762272,-206309.54266847856,302.2907073692389,154
20965000,41930.00000762476,-206453.19229848462,299.9974892004453,154
20970000,41940.0000076268,-206253.64599041652,307.98829557520884,154
20975000,41950.000007628834,-206556.72270229075,302.8966179358484,154
20980000,41960.00000763087,-206425.78768816637,298.0934854183679,154
20985000,41970.00000763291,-206134.31779470202,299.4921601577845,154
20990000,41980.000007634946,-207448.60702079465,302.01345519746656,154
20995000,41990.00000763698,-206763.44671402196,296.74019259205073,154
21000000,42000.00000763902,-206411.81111697818,296.1819808179542,154
21005000,42010.00000764106,-207067.17193136062,302.58190569782647,154
21010000,42020.000007643095,-206444.19909735944,303.15277342315176,154
21015000,42030.00000764513,-206455.11613435508,300.91599678412024,154
21020000,42040.00000764717,-206022.78571354237,299.41312568278966,154
21025000,42050.00000764921,-206509.0531865802,297.15330047661706,154
21030000,42060.000007651244,-206351.61014056113,300.00046440906806,154
21035000,42070.00000765328,-206817.4784463297,301.37941348355275,154
21040000,42080.00000765532,-205611.0171379561,302.5985618288015,154
21045000,42090.000007657356,-206385.49813295202,301.2440696320281,154
21050000,42100.00000765939,-206300.80870905495,301.03435510359503,154
21055000,42110.00000766143,-205898.5955008656,299.7724302669141,154
21060000,42120.00000766347,-206384.34426203894,299.23997403804304,154
21065000,42130.000007665505,-206664.36098758562,296.31811552911176,154
21070000,42140.00000766754,-206704.02340925823,302.561532601837,154
21075000,42150.00000766958,-206703.89088896802,295.09885235424576,154
21080000,42160.00000767162,-206047.0887282018,301.1743020239493,154
21085000,42170.000007673654,-206901.8598534033,299.99517942808154,154
21090000,42180.00000767569,-206520.8393824998,300.0704371336535,154
21095000,42190.00000767773,-206402.15595678985,302.27907317468254,154
21100000,42200.000007679766,-206864.84035320173,301.53173510191897,154
21105000,42210.0000076818,-206553.2113787214,302.78540290012614,154
21110000,42220.00000768384,-206989.04238265275,303.9764167643523,154
21115000,42230.00000768588,-206613.40925418376,297.80285190558607,154
21120000,42240.000007687915,-206985.7838841714,294.70462377015707,154
21125000,42250.00000768995,-206530.31451627042,300.6697508227569,154
21130000,42260.00000769199,-205557.99508733128,298.8186886200863,154
21135000,42270.00000769403,-206521.05714751466,295.8073309111047,154
21140000,42280.000007696064,-206904.8901572678,303.83949097909874,154
21145000,42290.0000076981,-206264.78212263854,301.3527685733994,154
21150000,42300.00000770014,-206660.6710080707,302.8596368085237,154
21155000,42310.000007702176,-206690.45833042567,299.754998264921,154
21160000,42320.00000770421,-206250.4466393668,302.43648584216413,154
21165000,42330.00000770625,-206743.52992504416,300.2987973410886,154
21170000,42340.00000770829,-206974.47706203628,298.32545192388574,154
21175000,42350.000007710325,-205878.25280646887,298.94961782922707,154
21180000,42360.00000771236,-206922.87178492837,303.2321718259923,154
21185000,42370.0000077144,-206567.44712753664,299.99615020043325,154
21190000,42380.00000771644,-206469.77513579628,297.21116684306384,154
21195000,42390.000007718474,-205750.09365556843,301.44808054183403,154
21200000,42400.00000772051,-206584.8656946069,298.14195426422395,154
21205000,42410.00000772255,-207067.63660476636,298.22575055948636,154
21210000,42420.000007724586,-205893.3464539745,297.65280469148837,154
21215000,42430.00000772662,-206664.39802126354,300.3387015979923,154
21220000,42440.00000772866,-206235.84655294847,302.95098512574197,154
21225000,42450.0000077307,-206214.66818354,295.5566902417584,154
21230000,42460.000007732735,-206839.31847852666,303.01859868449225,154
21235000,42470.00000773477,-206205.90552942536,301.6332242982209,154
21240000,42480.00000773681,-207188.04485677765,299.8757916511946,154
21245000,42490.00000773885,-206406.87613498676,297.85515224013744,154
21250000,42500.000007740884,-205630.48132966226,300.8419825395576,154
21255000,42510.00000774292,-206874.19022086088,302.41351927070014,154
21260000,42520.00000774496,-206245.62358580518,302.20526843264696,154
21265000,42530.000007746996,-206094.50293733482,301.1936954456628,154
21270000,42540.00000774903,-206487.0192140165,302.72974937987146,154
21275000,42550.00000775107,-206586.86959872697,298.9368997463845,154
21280000,42560.00000775311,-206738.17498353263,298.96140316717737,154
21285000,42570.000007755145,-205779.25227233744,298.8161486891237,154
21290000,42580.00000775718,-206517.6908034297,297.6675054505388,154
21295000,42590.00000775922,-206528.7941124679,301.8843454175047,154
21300000,42600.00000776126,-206788.77881760872,301.19982426904016,154
21305000,42610.000007763294,-207335.38384154346,301.39817178032524,154
21310000,42620.00000776533,-206667.75096007856,302.792575693538,154
21315000,42630.00000776737,-206113.54832811689,300.8162815715349,154
21320000,42640.000007769406,-206423.09202508314,296.92649002510774,154
21325000,42650.00000777144,-206084.08388168283,300.7068190400209,154
21330000,42660.00000777348,-207001.18291802914,298.4155403479962,154
21335000,42670.00000777552,-206976.26231601718,303.00561663167923,154
21340000,42680.000007777555,-206609.81422900117,301.1409769713969,154
21345000,42690.00000777959,-205951.46415084146,302.8604635125246,154
21350000,42700.00000778163,-206139.05396832852,302.8344181223054,154
21355000,42710.00000778367,-206367.5473883024,298.07169525889105,154
21360000,42720.000007785704,-206767.5105330986,298.70656703304525,154
21365000,42730.00000778774,-207008.24557304266,299.880271827953,154
21370000,42740.00000778978,-206933.53536537185,299.91153379577963,154
21375000,42750.000007791816,-205877.32645945693,306.9343002495977,154
21380000,42760.00000779385,-206174.3842144386,298.1139494223383,154
21385000,42770.00000779589,-206423.84160559764,303.27063850814005,154
21390000,42780.00000779793,-206303.82883968635,300.22955259430404,154
21395000,42790.000007799965,-206937.58377057523,300.1791722280677,154
21400000,42800.000007802,-207102.18630119832,301.08836369425734,154
21405000,42810.00000780404,-207107.43357160152,297.67303824025055,154
21410000,42820.00000780608,-206323.7688933697,297.1139308675741,154
21415000,42830.000007808114,-207108.12089259294,303.1286878829601,154
21420000,42840.00000781015,-205620.9592072136,299.250769980452,154
21425000,42850.00000781219,-205932.6672355868,304.04902071743413,154
21430000,42860.000007814226,-206100.71916034608,298.12178696642616,154
21435000,42870.00000781626,-206286.32968303002,300.88279164701527,154
21440000,42880.0000078183,-206463.96697117446,302.45388719233364,154
21445000,42890.00000782034,-206210.01562465634,303.8090404413325,154
21450000,42900.000007822375,-206243.01846573956,294.8379474715454,154
21455000,42910.00000782441,-206816.32882372127,307.6469682919747,154
21460000,42920.00000782645,-206529.03921479743,297.06725881616956,154
21465000,42930.00000782849,-206748.90525197308,298.51837248820215,154
21470000,42940.000007830524,-206489.84380909533,301.4506023040536,154
21475000,42950.00000783256,-206251.1497954873,301.3977900822278,154
21480000,42960.0000078346,-206731.64018850971,296.03369236840757,154
21485000,42970.000007836636,-205323.57447422517,298.7328055816498,154
21490000,42980.00000783867,-206445.60042654478,296.33410088295545,154
21495000,42990.00000784071,-206599.48421229515,303.0227801272625,154
21500000,43000.00000784275,-206852.26932485425,299.5994095087854,154
21505000,43010.000007844785,-207783.53599653882,298.88471993688887,154
21510000,43020.00000784682,-206127.41818125534,304.1519629248922,154
21515000,43030.00000784886,-206227.57395860867,298.2120052600683,154
21520000,43040.0000078509,-206774.20439525484,302.943822744508,154
21525000,43050.000007852934,-207288.2040188188,305.22749051498454,154
21530000,43060.00000785497,-206715.75733878603,303.9695389619778,154
21535000,43070.00000785701,-206435.19608343462,298.4087540136929,154
21540000,43080.000007859046,-206393.56073514814,299.5718495204573,154
21545000,43090.00000786108,-206152.5302184997,299.71802011159957,154
21550000,43100.00000786312,-206246.39255099942,301.13045134203395,154
21555000,43110.00000786516,-206585.8666670405,300.41259058204867,154
21560000,43120.000007867195,-206550.09756176476,305.3214128682562,154
21565000,43130.00000786923,-206239.65163651237,301.65254907105833,154
21570000,43140.00000787127,-206791.74137946276,299.69239790600284,154
21575000,43150.00000787331,-206429.80947935255,298.19151830860096,154
21580000,43160.000007875344,-206511.61858744,299.7490502130062,154
21585000,43170.00000787738,-206225.36142546032,296.9402159904176,154
21590000,43180.00000787942,-207329.40980541566,298.80644139137024,154
21595000,43190.000007881456,-206762.93700008502,300.8521255484989,154
21600000,43200.00000788349,-206063.59794918424,299.79245331436135,154
21605000,43210.00000788553,-206642.24775617546,304.859985758586,154
21610000,43220.00000788757,-206496.26621014823,301.2600616527904,154
21615000,43230.000007889605,-207007.9325247181,298.4758269405243,154
21620000,43240.00000789164,-206920.04087592964,307.1821421391204,154
21625000,43250.00000789368,-206152.59064004035,297.9227895063824,154
21630000,43260.00000789572,-206624.25181962538,295.9512375974038,154
21635000,43270.000007897754,-206667.0140261799,305.07770559371585,154
21640000,43280.00000789979,-206307.93865037966,301.77684766033815,154
21645000,43290.00000790183,-207453.60825043079,301.9419246011316,154
21650000,43300.000007903865,-206549.18517693318,301.5790130587573,154
21655000,43310.0000079059,-206361.85840050154,300.15086747019944,154
21660000,43320.00000790794,-206459.08898375498,298.4044520249505,154
21665000,43330.00000790998,-205545.8034792794,298.50092501032015,154
21670000,43340.000007912015,-206581.11123553186,300.1279122556059,154
21675000,43350.00000791405,-205693.8771450998,298.6573102608368,154
21680000,43360.00000791609,-205675.80256521178,300.80313249432555,154
21685000,43370.000007918126,-206946.157000924,299.7970757654679,154
21690000,43380.00000792016,-206310.57271223434,305.29157140628126,154
21695000,43390.0000079222,-206576.0415977661,304.6781168659754,154
21700000,43400.00000792424,-206701.1724735496,295.57710196130114,154
21705000,43410.000007926275,-206933.0474354301,294.65429747720844,154
21710000,43420.00000792831,-207253.6677199877,300.6099281781805,154
21715000,43430.00000793035,-206650.8123502736,298.20999921580676,154
21720000,43440.00000793239,-206006.1743045667,300.813304402779,154
21725000,43450.000007934425,-206773.2213587612,300.7292096794625,154
21730000,43460.00000793646,-206508.7347816975,294.98886464670767,154
21735000,43470.0000079385,-206362.12414894276,295.25759350318293,154
21740000,43480.000007940536,-206484.49825672898,305.8191576277551,154
21745000,43490.00000794257,-206259.47814619355,296.53945152587664,154
21750000,43500.00000794461,-206472.1356862476,299.98364452861887,154
21755000,43510.00000794665,-205811.06094648258,301.9430769598408,154
21760000,43520.000007948685,-206249.74906833726,300.74715461647503,154
21765000,43530.00000795072,-206062.18260012637,299.66559577453813,154
21770000,43540.00000795276,-206199.1861827002,299.88247722448693,154
21775000,43550.0000079548,-206205.74856898584,299.0202162852396,154
21780000,43560.000007956834,-206157.7336906261,299.2364786728032,154
21785000,43570.00000795887,-206102.97832280328,301.65680164624104,154
21790000,43580.00000796091,-206441.55699592968,306.9818245089366,154
21795000,43590.000007962946,-205849.38610201445,297.535760755768,154
21800000,43600.00000796498,-206469.20378435426,296.50920406405453,154
21805000,43610.00000796702,-206911.6179814405,299.00696606480886,154
21810000,43620.00000796906,-206701.89303836913,302.34757830229796,154
21815000,43630.000007971095,-206607.12591309263,305.65049635211886,154
21820000,43640.00000797313,-206890.3121946199,305.2702847288601,154
21825000,43650.00000797517,-206375.9505987016,298.7088925203281,154
21830000,43660.00000797721,-206997.04921814823,299.50575159671416,154
21835000,43670.000007979244,-206961.24629089236,299.53729840224923,154
21840000,43680.00000798128,-206256.8072723113,301.1298163890562,154
21845000,43690.00000798332,-206694.6593042405,302.40332628227924,154
21850000,43700.000007985356,-206454.02271182777,301.3007628561391,154
21855000,43710.00000798739,-205581.328693036,293.8880656436462,154
21860000,43720.00000798943,-206080.72669975855,297.44595119714074,154
21865000,43730.00000799147,-206746.60778384167,300.21194455510306,154
21870000,43740.000007993505,-206535.25641725608,298.99282966282266,154
21875000,43750.00000799554,-206673.66436998697,298.46841145280285,154
21880000,43760.00000799758,-206921.05303230358,297.63141187311135,154
21885000,43770.00000799962,-206010.28979642084,299.67234908618804,154
21890000,43780.000008001654,-206634.7040617317,300.0665209188023,154
21895000,43790.00000800369,-206112.58119509846,300.51273589385914,154
21900000,43800.00000800573,-206456.1204460183,299.2353492153612,154
21905000,43810.000008007766,-206435.1444693174,296.062176745671,154
21910000,43820.0000080098,-206403.70842597226,297.9941698826718,154
21915000,43830.00000801184,-206177.61665200407,300.6343698985382,154
21920000,43840.00000801388,-206725.05258170143,297.18767279402186,154
21925000,43850.000008015915,-206219.99434334063,300.0438105363278,154
21930000,43860.00000801795,-206894.7764147555,298.3916709274641,154
21935000,43870.00000801999,-206614.52482844132,299.28105680671575,154
21940000,43880.00000802203,-206746.4293374176,300.1807936717753,154
21945000,43890.000008024064,-206567.9067925925,302.83165122334896,154
21950000,43900.0000080261,-206980.60158736818,297.2974900851321,154
21955000,43910.00000802814,-206996.1937541688,299.2285272809313,154
21960000,43920.000008030176,-206983.73144513182,303.66553399476487,154
21965000,43930.00000803221,-206755.65889423003,301.32995624838327,154
21970000,43940.00000803425,-207071.1598278716,300.792291287186,154
21975000,43950.00000803629,-207044.37200597196,296.30235904756927,154
21980000,43960.000008038325,-206384.6808390778,298.419378674582,154
21985000,43970.00000804036,-206549.3936095254,303.5495130527983,154
21990000,43980.0000080424,-206025.02347289165,300.0531059529307,154
21995000,43990.00000804444,-205760.05967813986,297.6324208385647,154
22000000,44000.000008046474,-206215.9978240187,300.99422869549005,154
22005000,44010.00000804851,-207120.63881800883,299.68386917869054,154
22010000,44020.00000805055,-206512.95442752854,299.51913126859347,154
22015000,44030.000008052586,-206797.41296970728,301.29952065514306,154
22020000,44040.00000805462,-206078.4157712208,300.6594326160144,154
22025000,44050.00000805666,-206342.40799751948,296.32104395305834,154
22030000,44060.0000080587,-206581.74698581418,297.5857931182247,154
22035000,44070.000008060735,-207037.9784912041,296.6923865950293,154
22040000,44080.00000806277,-206425.18940592045,301.07656709793014,154
22045000,44090.00000806481,-206359.38025396597,295.8509473769741,154
22050000,44100.00000806685,-206074.6996820313,306.33041044569893,154
22055000,44110.000008068884,-206012.49553418253,296.0924043811588,154
22060000,44120.00000807092,-206676.36627028778,302.1080491036216,154
22065000,44130.00000807296,-207124.5770192613,304.77431718556994,154
22070000,44140.000008074996,-207095.28595815902,299.9227932744786,154
22075000,44150.00000807703,-207140.05357132282,299.9522733461527,154
22080000,44160.00000807907,-206343.74177020823,300.9243298029463,154
22085000,44170.00000808111,-206116.99911400396,299.2088782574099,154
22090000,44180.000008083145,-207367.4249383033,303.41953462681056,154
22095000,44190.00000808518,-206481.01540918183,304.9289768824666,154
22100000,44200.00000808722,-206610.5143921402,301.485699565793,154
22105000,44210.00000808926,-205598.4104072653,301.707717273867,154
22110000,44220.000008091294,-206401.96087291348,302.0252677492494,154
22115000,44230.00000809333,-206788.7854646535,304.25931877499005,154
22120000,44240.00000809537,-206349.36321248068,302.536152589779,154
22125000,44250.000008097406,-206203.6597206348,297.47844453180886,154
22130000,44260.00000809944,-206849.14068667148,301.2218766360561,154
22135000,44270.00000810148,-205823.62765044533,300.5322636880731,154
22140000,44280.00000810352,-206198.71592238336,301.2654661211453,154
22145000,44290.000008105555,-206582.94238202565,301.98884992332887,154
22150000,44300.00000810759,-206771.34019303496,303.4869647437225,154
22155000,44310.00000810963,-207436.55083242396,302.54431255159164,154
22160000,44320.00000811167,-206075.64826994913,301.64963666223366,154
22165000,44330.000008113704,-207084.94803302956,307.021434987683,154
22170000,44340.00000811574,-206410.33475125814,303.9468092607309,154
22175000,44350.00000811778,-207019.35388334864,300.62369933608136,154
22180000,44360.000008119816,-206741.28961145785,299.9584052580418,154
22185000,44370.00000812185,-207066.20092850784,300.68874323886627,154
22190000,44380.00000812389,-206888.92076733557,297.95175706206595,154
22195000,44390.00000812593,-206484.27166955918,298.2055844486252,154
22200000,44400.000008127965,-206888.47445276822,302.3838856336797,153
22205000,44410.00000813,-206863.21072378918,297.5816811394812,153
22210000,44420.00000813204,-206080.08089537034,301.51622329625184,153
22215000,44430.00000813408,-207002.91392413562,300.74709958966923,153
22220000,44440.000008136114,-206784.14865224017,305.0675902506891,153
22225000,44450.00000813815,-206919.72607862263,297.4854149622722,153
22230000,44460.00000814019,-206330.4232412742,297.31433009342715,153
22235000,44470.000008142226,-206593.8810232482,301.41727507704627,153
22240000,44480.00000814426,-206203.23459542054,298.4260328703104,153
22245000,44490.0000081463,-206706.41141516133,301.3078234853322,153
22250000,44500.00000814834,-206433.0918158791,300.0535917391061,153
22255000,44510.000008150375,-206299.47204614547,297.91924503415197,153
22260000,44520.00000815241,-206599.2413165177,299.2706864215075,153
22265000,44530.00000815445,-206140.43271596346,300.43986509202904,153
22270000,44540.00000815649,-207722.60362319625,296.49568658283266,153
22275000,44550.000008158524,-206275.1266861417,301.2111016437579,153
22280000,44560.00000816056,-205657.44360441132,303.8797600936848,153
22285000,44570.0000081626,-206598.28973825066,299.4842041269769,153
22290000,44580.000008164636,-205928.8637929533,297.7699867261285,153
22295000,44590.00000816667,-205877.39421426097,300.84842912902343,153
22300000,44600.00000816871,-206891.8646278089,295.4642566601648,153
22305000,44610.00000817075,-207361.18005266692,301.71959210955106,153
22310000,44620.000008172785,-206652.22660714085,294.9813848459719,153
22315000,44630.00000817482,-206584.41312993946,304.5818294786338,153
22320000,44640.00000817686,-206490.94793244335,298.7276270737603,153
22325000,44650.0000081789,-206147.59130377334,300.44728657040656,153
22330000,44660.000008180934,-207070.47811882407,301.53194544118554,153
22335000,44670.00000818297,-206152.8777126125,297.88938820075373,153
22340000,44680.00000818501,-206092.61729264585,302.75563383871776,153
22345000,44690.000008187046,-206615.05069648137,296.94866740872203,153
22350000,44700.00000818908,-207169.85088660766,306.0557045373738,153
22355000,44710.00000819112,-206841.70257667045,300.2937818630934,153
22360000,44720.00000819316,-206558.55583215994,299.72218049104697,153
22365000,44730.000008195195,-205278.40872700512,300.54512227930877,153
22370000,44740.00000819723,-205941.22337306803,300.0915970942785,153
22375000,44750.00000819927,-206678.56414855283,302.7730875592178,153
22380000,44760.00000820131,-206781.24785311788,295.3553975010244,153
22385000,44770.000008203344,-206446.95626748155,297.39031111476925,153
22390000,44780.00000820538,-205929.48016294255,299.39203014085206,153
22395000,44790.00000820742,-206663.1925141894,299.82059394509923,153
22400000,44800.000008209456,-206619.3678059082,297.8372101647448,153
22405000,44810.00000821149,-206201.75841579586,300.9086215860176,153
22410000,44820.00000821353,-206677.25123562862,298.05129926528076,153
22415000,44830.00000821557,-206630.83783023863,300.79632675844226,153
22420000,44840.000008217605,-206730.5812622077,305.8176311426937,153
22425000,44850.00000821964,-207081.69389181025,299.07266334099666,153
22430000,44860.00000822168,-205782.65121842292,301.0357460737575,153
22435000,44870.00000822372,-206148.37522981048,298.3638119270296,153
22440000,44880.000008225754,-206831.63278445392,297.3442942192886,153
22445000,44890.00000822779,-208009.78036245483,299.529257483965,153
22450000,44900.00000822983,-206666.25687826052,300.86239449212883,153
22455000,44910.000008231866,-206673.41503998765,301.85162398709633,153
22460000,44920.0000082339,-207051.30928628764,301.2695975212508,153
22465000,44930.00000823594,-206507.0908929482,303.43225444805046,153
22470000,44940.00000823798,-206447.74683953694,299.3061862216941,153
22475000,44950.000008240015,-206935.29990316846,301.85989419784426,153
22480000,44960.00000824205,-206056.06956571143,298.5526951731809,153
22485000,44970.00000824409,-206676.92079286836,296.85257624612933,153
22490000,44980.00000824613,-206435.61306262366,303.11307382673624,153
22495000,44990.000008248164,-206263.8104065666,305.984145610578,153
22500000,45000.0000082502,-207389.2137834886,297.83112181346246,153
22505000,45010.00000825224,-206427.27007821389,299.0010998611274,153
22510000,45020.000008254276,-206189.41299313633,300.1963871750627,153
22515000,45030.00000825631,-206747.4721261243,305.27616190438073,153
22520000,45040.00000825835,-207016.74044070987,298.70550072753053,153
22525000,45050.00000826039,-206450.98809453216,299.7151552101613,153
22530000,45060.000008262425,-206713.584568772,302.92156546474183,153
22535000,45070.00000826446,-207109.21815617173,300.7722544886753,153
22540000,45080.0000082665,-206397.45997477975,296.41802440465074,153
22545000,45090.00000826854,-206852.19712661742,302.32789340451876,153
22550000,45100.000008270574,-206096.20395104913,295.95699338746476,153
22555000,45110.00000827261,-207688.9444450515,299.09425477737716,153
22560000,45120.00000827465,-206385.3597033854,296.7826563467868,153
22565000,45130.000008276686,-205941.51819635404,298.66792902271635,153
22570000,45140.00000827872,-207261.11502633966,303.27503244287624,153
22575000,45150.00000828076,-206389.63929772133,299.893593422824,153
22580000,45160.0000082828,-206611.03722965927,302.39618896499434,153
22585000,45170.000008284835,-206462.9830297475,298.0749022614642,153
22590000,45180.00000828687,-207373.95341715286,300.8488452530412,153
22595000,45190.00000828891,-206323.71762266266,303.42464887396767,153
22600000,45200.00000829095,-206768.8362701201,297.37293257876524,153
22605000,45210.000008292984,-206219.4452008322,299.0340209323783,153
22610000,45220.00000829502,-206291.56880961498,296.67924914406905,153
22615000,45230.00000829706,-206018.19282145763,303.3440271670137,153
22620000,45240.000008299095,-205958.65412900166,299.7648524653855,153
22625000,45250.00000830113,-207023.74999120634,299.01213121909666,153
22630000,45260.00000830317,-206244.97002116754,301.08490986242106,153
22635000,45270.00000830521,-206939.3159387682,299.5763867704508,153
22640000,45280.000008307245,-206820.05229036894,298.8447962657825,153
22645000,45290.00000830928,-206084.36651907524,299.97979811191925,153
22650000,45300.00000831132,-206543.19768321048,304.5008891451211,153
22655000,45310.00000831336,-206473.54986316594,302.82804711016325,153
22660000,45320.000008315394,-207085.95410404378,301.9614888300667,153
22665000,45330.00000831743,-206747.45252810966,301.9953721408815,153
22670000,45340.00000831947,-206376.36415852956,300.80667794649185,153
22675000,45350.000008321505,-206529.8237066298,302.51238050117723,153
22680000,45360.00000832354,-205954.70291740226,301.65317675752607,153
22685000,45370.00000832558,-206295.4437358292,303.8249766448841,153
22690000,45380.00000832762,-205933.46854539192,297.97738814355597,153
22695000,45390.000008329655,-206334.49490568496,296.0274191462708,153
22700000,45400.00000833169,-206352.0317106957,297.86090082811535,153
22705000,45410.00000833373,-206833.18448858126,294.5977229414691,153
22710000,45420.000008335766,-206601.25768245524,300.2417954556283,153
22715000,45430.0000083378,-205862.984141174,295.3740798161157,153
22720000,45440.00000833984,-206616.97554692684,301.03975938889045,153
22725000,45450.00000834188,-206092.2166822931,305.43497175175213,153
22730000,45460.000008343915,-206545.72649438912,300.89083218683953,153
22735000,45470.00000834595,-206550.65715490514,300.8888435396489,153
22740000,45480.00000834799,-206300.6462082063,298.70655308602204,153
22745000,45490.00000835003,-206514.54897447932,302.6965071098649,153
22750000,45500.000008352064,-206515.19764420367,299.66712359202285,153
22755000,45510.0000083541,-206734.3626453037,296.97016406607185,153
22760000,45520.00000835614,-207149.6620990903,300.1051098346427,153
22765000,45530.000008358176,-207242.4677388958,297.6928333188589,153
22770000,45540.00000836021,-206448.84207895177,302.75591806535704,153
22775000,45550.00000836225,-206301.44567977858,298.7569983871865,153
22780000,45560.00000836429,-205782.82099240494,297.6497583067596,153
22785000,45570.000008366325,-206675.00935158913,298.3805410870294,153
22790000,45580.00000836836,-206290.3971064184,299.1724455232897,153
22795000,45590.0000083704,-206617.0293422311,301.31475157771104,153
22800000,45600.00000837244,-206532.39809085696,301.4668472910616,153
22805000,45610.000008374474,-206144.26776414318,299.0620437374916,153
22810000,45620.00000837651,-206578.127378018,300.0893704550755,153
22815000,45630.00000837855,-206607.58493250632,305.0766318871682,153
22820000,45640.000008380586,-206406.3822148887,297.0318569289737,153
22825000,45650.00000838262,-206090.0342917923,295.5807028363673,153
22830000,45660.00000838466,-206932.89901300624,301.57794226680033,153
22835000,45670.0000083867,-206075.8991043521,299.1038893834134,153
22840000,45680.000008388735,-206462.9600468882,298.68196379834893,153
22845000,45690.00000839077,-205434.13708508085,298.5189056246799,153
22850000,45700.00000839281,-207138.3399762949,302.4036875653898,153
22855000,45710.00000839485,-206845.47506459686,302.0489015067522,153
22860000,45720.000008396884,-206342.29108610586,300.35183303483456,153
22865000,45730.00000839892,-206817.74716759403,297.9092551038447,153
22870000,45740.00000840096,-207002.57409493474,303.70029492445303,153
22875000,45750.000008402996,-206192.14995763707,300.34816785765844,153
22880000,45760.00000840503,-206874.70930024108,295.9874061906781,153
22885000,45770.00000840707,-207214.12298229407,301.9368640376409,153
22890000,45780.00000840911,-207195.95562232344,304.59449168892036,153
22895000,45790.000008411145,-206837.98707589146,297.63824175156236,153
22900000,45800.00000841318,-205845.22780926246,296.34531027680237,153
22905000,45810.00000841522,-206104.38444589078,302.5962516638526,153
22910000,45820.00000841726,-206103.0559095604,300.5589714027792,153
22915000,45830.000008419294,-206227.14369723725,303.3248076550318,153
22920000,45840.00000842133,-205801.83848574664,298.62154480071433,153
22925000,45850.00000842337,-206773.81651934294,299.19979753108777,153
22930000,45860.000008425406,-205978.29288840853,301.88057466448345,153
22935000,45870.00000842744,-206271.53369310906,301.8802351001886,153
22940000,45880.00000842948,-207278.9293070787,304.46833247384984,153
22945000,45890.00000843152,-206855.23923716112,297.41819407167014,153
22950000,45900.000008433555,-206395.75951811404,303.42219475057976,153
22955000,45910.00000843559,-206983.39757900406,296.01798151385947,153
22960000,45920.00000843763,-206817.9399424711,303.0596024114785,153
22965000,45930.00000843967,-206207.90348192083,302.1891317839655,153
22970000,45940.000008441704,-206162.7366396814,297.7431870914631,153
22975000,45950.00000844374,-205908.84389167,299.1033479570191,153
22980000,45960.00000844578,-205908.00987729023,298.20240992222955,153
22985000,45970.000008447816,-206637.79069493676,297.2513923147429,153
22990000,45980.00000844985,-206389.04746829567,305.2105496749576,153
22995000,45990.00000845189,-206782.62131894473,298.952119360234,153
23000000,46000.00000845393,-206443.62438571616,298.92969515935476,153
23005000,46010.000008455965,-206941.8560657201,302.95054550447657,153
23010000,46020.000008458,-206576.97112684604,296.3742504956166,153
23015000,46030.00000846004,-206743.88630317384,299.4763930128374,153
23020000,46040.00000846208,-206234.8842797674,300.9919540151409,153
23025000,46050.000008464114,-206818.94543168775,294.1187641526221,153
23030000,46060.00000846615,-207270.18635637686,297.4286995251219,153
23035000,46070.00000846819,-206179.97691170627,300.122595261694,153
23040000,46080.000008470226,-206907.78440349922,302.66839696137095,153
23045000,46090.00000847226,-206279.70068830939,298.5191141142245,153
23050000,46100.0000084743,-206255.52286448772,294.9277073365314,153
23055000,46110.00000847634,-206156.94011302316,301.9844804713924,153
23060000,46120.000008478375,-206713.38530011068,300.2147423107562,153
23065000,46130.00000848041,-205624.8239314541,300.4682580121918,153
23070000,46140.00000848245,-206328.27827732346,295.50647638050054,153
23075000,46150.00000848449,-207123.6037237664,299.7393554848741,153
23080000,46160.000008486524,-207119.69884402573,301.8815835186556,153
23085000,46170.00000848856,-206468.93063364446,297.7845034993512,153
23090000,46180.0000084906,-206239.2058279313,298.3853970717987,153
23095000,46190.000008492636,-206868.94265379803,302.2942926827607,153
23100000,46200.00000849467,-206795.47332883696,295.45971981914056,153
23105000,46210.00000849671,-206837.43799524696,295.9475517327301,153
23110000,46220.00000849875,-206780.86090104724,302.85565644907706,153
23115000,46230.000008500785,-206533.4954648955,297.7721415981697,153
23120000,46240.00000850282,-206511.61427907122,298.11431815265973,153
23125000,46250.00000850486,-206122.85773915134,300.6182854423129,153
23130000,46260.0000085069,-206815.69813636807,302.51066440903253,153
23135000,46270.000008508934,-207162.7013548864,302.846026234909,153
23140000,46280.00000851097,-207062.09695157432,303.1408482764189,153
23145000,46290.00000851301,-206908.1298508125,298.92575448988947,153
23150000,46300.000008515046,-206642.62970503035,300.3082917657815,153
23155000,46310.00000851708,-207200.91470500338,294.6885097916581,153
23160000,46320.00000851912,-207018.13550878596,303.392674451609,153
23165000,46330.00000852116,-206750.3339102026,302.1477863121683,153
23170000,46340.000008523195,-206457.9526805475,304.350718689976,153
23175000,46350.00000852523,-206943.2753497545,298.8356254043372,153
23180000,46360.00000852727,-205749.40368079662,297.9227311030465,153
23185000,46370.00000852931,-206158.19772819267,301.31221036866486,153
23190000,46380.000008531344,-207116.7665143658,301.9559157253454,153
23195000,46390.00000853338,-205936.2462814001,302.5130752294552,153
23200000,46400.00000853542,-206370.72402490105,297.0941689127594,153
23205000,46410.000008537456,-205876.26429949794,302.17859089275845,153
23210000,46420.00000853949,-206977.2820472162,303.142491310598,153
23215000,46430.00000854153,-206058.16903140978,295.1047843891667,153
23220000,46440.00000854357,-206169.65932493156,297.38440706147054,153
23225000,46450.000008545605,-206676.38226189464,303.3224368308594,153
23230000,46460.00000854764,-206417.16380266484,296.73029977864957,153
23235000,46470.00000854968,-205606.73830390582,298.79750755529113,153
23240000,46480.00000855172,-206665.49718722294,300.07816587173676,153
23245000,46490.000008553754,-206724.914572931,298.8168661017069,153
23250000,46500.00000855579,-206322.74828322895,298.40575858638545,153
23255000,46510.00000855783,-206149.92467604915,298.5257914111242,153
23260000,46520.000008559866,-206487.00517186988,303.3133052599684,153
23265000,46530.0000085619,-206203.5282556793,300.49790521329993,153
23270000,46540.00000856394,-206506.1556398163,304.21562523646304,153
23275000,46550.00000856598,-206771.74600450124,301.2516405507327,153
23280000,46560.000008568015,-206388.91058787645,301.4849434566604,153
23285000,46570.00000857005,-206562.03341511474,299.8903298819488,153
23290000,46580.00000857209,-206247.79988747067,295.1620559911086,153
23295000,46590.00000857413,-206828.05234833632,296.0362046473724,153
23300000,46600.000008576164,-206705.5126458787,301.665565670676,153
23305000,46610.0000085782,-206595.88635443454,301.3666503220507,153
23310000,46620.00000858024,-206560.22714895627,303.0113635891244,153
23315000,46630.000008582276,-206638.83951066795,304.6280232633277,153
23320000,46640.00000858431,-206516.5609536484,300.33419685781666,153
23325000,46650.00000858635,-205710.71610566997,296.47258008733604,153
23330000,46660.00000858839,-206556.4047102054,302.9924144088227,153
23335000,46670.000008590425,-206467.34033156594,300.7444823252483,153
23340000,46680.00000859246,-206364.33705369127,302.85931526792467,153
23345000,46690.0000085945,-205919.9455446856,301.1309126450175,153
23350000,46700.00000859654,-206108.75281964277,302.73074011416827,153
23355000,46710.000008598574,-206782.7696925078,302.36405900910427,153
23360000,46720.00000860061,-206300.35410379013,302.10398520296263,153
23365000,46730.00000860265,-206436.63995723822,302.0885412592521,153
23370000,46740.000008604686,-206551.12515934696,296.82960373309777,153
23375000,46750.00000860672,-206621.43379388086,302.5452228220887,153
23380000,46760.00000860876,-206292.2814647518,302.5969721461985,153
23385000,46770.0000086108,-206787.5321099453,301.7685803088618,153
23390000,46780.000008612835,-206079.44387601386,301.47544764137837,153
23395000,46790.00000861487,-206668.85605986067,300.9898527939332,153
23400000,46800.00000861691,-207132.48004317365,299.1596904567081,153
23405000,46810.00000861895,-205687.96650758618,295.9731318275227,153
23410000,46820.000008620984,-206472.52452622633,300.80911440764186,153
23415000,46830.00000862302,-206814.00692200242,304.3872156938475,153
23420000,46840.00000862506,-206655.42900584603,304.24286982140524,153
23425000,46850.000008627096,-207132.15477297467,298.4152957604842,153
23430000,46860.00000862913,-205453.19921545323,301.9856554137213,153
23435000,46870.00000863117,-206619.69850155187,299.90358043932525,153
23440000,46880.00000863321,-206486.32139172393,298.815985247324,153
23445000,46890.000008635245,-206872.41897191072,299.8844816284516,153
23450000,46900.00000863728,-206635.64731994527,296.5554607575279,153
23455000,46910.00000863932,-206549.59157827962,300.54407921963866,153
23460000,46920.00000864136,-207130.6296359303,296.5558692304938,153
23465000,46930.000008643394,-206380.372963988,300.1303290680341,153
23470000,46940.00000864543,-206279.5173670028,295.53819572725985,153
23475000,46950.00000864747,-206478.08470110223,300.40525486692576,153
23480000,46960.000008649506,-205760.80796428525,300.0531198683665,153
23485000,46970.00000865154,-205872.35733121517,299.5816137438638,153
23490000,46980.00000865358,-206232.72419813368,300.9849548984898,153
23495000,46990.00000865562,-206714.65264088695,302.9047534987402,153
23500000,47000.000008657655,-205990.53739824577,302.80775719049507,153
23505000,47010.00000865969,-206932.43258284964,300.6151097946774,153
23510000,47020.00000866173,-207100.45263299195,301.3422219578967,153
23515000,47030.00000866377,-206026.724976253,303.39220087402146,153
23520000,47040.000008665804,-206892.1948378496,306.2625962451068,153
23525000,47050.00000866784,-207263.4804329537,304.0399923977908,153
23530000,47060.00000866988,-205784.2216410446,292.6430336560542,153
23535000,47070.000008671916,-206184.22942592425,305.07141926120494,153
23540000,47080.00000867395,-206432.3720245997,294.8911479301687,153
23545000,47090.00000867599,-205602.2592178681,300.71686611947143,153
23550000,47100.00000867803,-206709.37977530726,298.58982826576374,153
23555000,47110.000008680065,-206662.41904080403,301.9686948349724,153
23560000,47120.0000086821,-206500.31114171818,296.7683665393269,153
23565000,47130.00000868414,-206516.87856975035,302.3197536108875,153
23570000,47140.00000868618,-207245.43816536758,294.940636370444,153
23575000,47150.000008688214,-206231.88582879747,300.44207534759573,153
23580000,47160.00000869025,-207184.0534116883,299.79388844464336,153
23585000,47170.00000869229,-205938.99202968064,299.9370057610953,153
23590000,47180.000008694326,-207687.4121887372,299.8016377652904,153
23595000,47190.00000869636,-206922.81674748065,303.7922092248223,153
23600000,47200.0000086984,-206489.97329291573,300.7898266742802,153
23605000,47210.00000870044,-206402.06979175797,299.06498644984555,153
23610000,47220.000008702475,-206589.46773204044,303.4245192154921,153
23615000,47230.00000870451,-207430.74812827213,301.9062291207453,153
23620000,47240.00000870655,-206236.8987951941,301.09261238233603,153
23625000,47250.00000870859,-206736.4831855169,299.9081263616594,153
23630000,47260.000008710624,-206622.70253950928,294.93555830861175,153
23635000,47270.00000871266,-206322.51695992798,296.9925725168452,153
23640000,47280.0000087147,-206751.0997368605,298.5677308932487,153
23645000,47290.000008716735,-207194.48850969167,297.330246748993,153
23650000,47300.00000871877,-206608.87422965537,296.50053963768806,153
23655000,47310.00000872081,-206473.07977176586,300.48741183023344,153
23660000,47320.00000872285,-206398.05548284203,303.12317177953554,153
23665000,47330.000008724885,-206479.5806889888,301.95619212352995,153
23670000,47340.00000872692,-205810.85956586804,299.58454535935573,153
23675000,47350.00000872896,-206407.07886191446,301.9135894724261,153
23680000,47360.000008730996,-206492.35224712454,300.17037486909567,153
23685000,47370.00000873303,-206698.27795649949,299.5890002556184,153
23690000,47380.00000873507,-206167.1640733987,295.0988269373816,153
23695000,47390.00000873711,-206639.0005932271,303.7095698918662,153
23700000,47400.000008739145,-207346.47690278152,299.89872648312496,153
23705000,47410.00000874118,-206376.1214178173,302.960836263684,153
23710000,47420.00000874322,-206958.58069983195,301.0821649232917,153
23715000,47430.00000874526,-206486.70158363064,297.1201147251826,153
23720000,47440.000008747294,-206826.75074514898,301.2268665547876,153
23725000,47450.00000874933,-205433.87056738453,299.7226888360291,153
23730000,47460.00000875137,-206889.8174758763,300.0243232219022,153
23735000,47470.000008753406,-207076.93025008065,298.503369344645,153
23740000,47480.00000875544,-206584.2972773132,300.9592939648475,153
23745000,47490.00000875748,-206655.8697151877,298.3840571308744,153
23750000,47500.00000875952,-206557.413450083,297.60697999968505,153
23755000,47510.000008761555,-206705.58322831406,307.79131850443645,153
23760000,47520.00000876359,-206825.28189462714,299.50686834930855,153
23765000,47530.00000876563,-207010.00119939446,299.30141002784035,153
23770000,47540.00000876767,-206910.063653306,300.4538533928879,153
23775000,47550.000008769704,-206643.57807244896,303.63064368127874,153
23780000,47560.00000877174,-206563.39463707316,301.0046792951937,153
23785000,47570.00000877378,-207006.2299559964,299.6487222613938,153
23790000,47580.000008775816,-206210.24512827653,297.33161027571185,153
23795000,47590.00000877785,-206531.12421345955,294.6282614983143,153
23800000,47600.00000877989,-206157.87160782318,292.27014197679114,153
23805000,47610.00000878193,-206765.40060533385,298.738104968128,153
23810000,47620.000008783965,-206978.0871621708,300.067918926783,153
23815000,47630.000008786,-205872.6888876164,302.36601289961504,153
23820000,47640.00000878804,-206137.43815449404,299.7606390608341,153
23825000,47650.00000879008,-206292.0892818952,298.961637857189,153
23830000,47660.000008792114,-206600.1047513606,300.5215207135782,153
23835000,47670.00000879415,-206638.93294491118,302.86651934337806,153
23840000,47680.00000879619,-207378.08691720245,303.59022019615406,153
23845000,47690.000008798226,-206222.5138071864,301.3841813743283,153
23850000,47700.00000880026,-206151.5925614105,302.7311244053574,153
23855000,47710.0000088023,-206218.12110258988,303.9932002707975,153
23860000,47720.00000880434,-206646.39603925624,301.24122446290045,153
23865000,47730.000008806375,-206351.58785689436,298.6779192821033,153
23870000,47740.00000880841,-207046.63067195914,297.45868626213576,153
23875000,47750.00000881045,-206114.93253231258,303.7655210764753,153
23880000,47760.00000881249,-206288.16745992342,300.35810155501076,153
23885000,47770.000008814524,-206205.98121509014,302.09202268990606,153
23890000,47780.00000881656,-205295.47131812433,296.27652596513934,153
23895000,47790.0000088186,-206637.51522621338,301.9617174761188,153
23900000,47800.000008820636,-206898.78553376393,301.6643337455389,153
23905000,47810.00000882267,-206516.8223567761,300.1134183982913,153
23910000,47820.00000882471,-207102.60670997808,297.6029248783256,153
23915000,47830.00000882675,-206427.39508177235,303.93783090619445,153
23920000,47840.000008828785,-205772.1022499646,299.793556056544,153
23925000,47850.00000883082,-206408.48445621622,302.83260979381816,153
23930000,47860.00000883286,-206554.791466253,300.8993403248901,153
23935000,47870.0000088349,-206923.49306909693,305.0726778340932,153
23940000,47880.000008836934,-206802.38239803025,297.36639010831345,153
23945000,47890.00000883897,-206168.8293242521,301.7654789101307,153
23950000,47900.00000884101,-205899.01777440915,297.6135860863057,153
23955000,47910.000008843046,-207096.17087146046,300.2962392029804,153
23960000,47920.00000884508,-206508.06728056527,299.95615614216496,153
23965000,47930.00000884712,-206660.70022400178,300.2675241696942,153
23970000,47940.00000884916,-205995.61400516087,301.86122940333837,153
23975000,47950.000008851195,-207257.9506470987,303.01572928553105,153
23980000,47960.00000885323,-206144.61401330493,300.3609454816998,153
23985000,47970.00000885527,-206211.81760210788,300.7479125024284,153
23990000,47980.00000885731,-207206.51803523256,301.76820275970726,153
23995000,47990.000008859344,-206849.71254625497,293.57590718793017,153
24000000,48000.00000886138,-206080.5343795783,302.7964828611749,153
24005000,48010.00000886342,-206236.24619159522,296.22841175289204,153
24010000,48020.000008865456,-206981.8387668219,300.109643683683,153
24015000,48030.00000886749,-206872.96833868255,298.0493461969207,153
24020000,48040.00000886953,-206901.4592581502,300.01923700794987,153
24025000,48050.00000887157,-206388.44604262745,301.3259142841242,153
24030000,48060.000008873605,-207160.4455324415,302.4839098393161,153
24035000,48070.00000887564,-206839.04863943474,298.3662979310734,152
24040000,48080.00000887768,-206800.41361466108,299.92434185159306,152
24045000,48090.00000887972,-206594.6411861052,301.4101891426257,152
24050000,48100.000008881754,-205944.90970795706,301.9203664577382,152
24055000,48110.00000888379,-206468.1379680948,302.099426717141,152
24060000,48120.00000888583,-207344.20755927218,300.33537529921085,152
24065000,48130.000008887866,-206936.4372700737,306.35601680873515,152
24070000,48140.0000088899,-206567.61031051562,294.07037198087164,152
24075000,48150.00000889194,-206068.83285101433,300.9259232442607,152
24080000,48160.00000889398,-206753.30918950366,300.1234534645965,152
24085000,48170.000008896015,-207341.67654592125,301.18895359775996,152
24090000,48180.00000889805,-206795.35616207984,301.0699773687829,152
24095000,48190.00000890009,-206693.36815212003,300.1034631533361,152
24100000,48200.00000890213,-205735.9187333337,300.92991674602337,152
24105000,48210.000008904164,-206422.61059581896,304.14567018244037,152
24110000,48220.0000089062,-206694.11976495024,298.9600839627803,152
24115000,48230.00000890824,-207542.21567352745,297.1802170731605,152
24120000,48240.000008910276,-207504.39056869317,294.22380981336994,152
24125000,48250.00000891231,-206135.33038086002,295.95364459409075,152
24130000,48260.00000891435,-206716.14787439478,299.9314162850071,152
24135000,48270.00000891639,-206879.8266498166,304.15839137777186,152
24140000,48280.000008918425,-206993.0884621339,299.24215213535126,152
24145000,48290.00000892046,-206551.37797495595,295.07416013003825,152
24150000,48300.0000089225,-206928.0196041437,298.7600081052475,152
24155000,48310.00000892454,-206732.62785345677,300.3129538010062,152
24160000,48320.000008926574,-206680.9729427913,302.39832093268853,152
24165000,48330.00000892861,-206816.97706407134,301.54209706381897,152
24170000,48340.00000893065,-206324.05847544887,300.9558436568552,152
24175000,48350.000008932686,-206076.87720849423,301.6041214411411,152
24180000,48360.00000893472,-206186.3029085152,307.06131973503545,152
24185000,48370.00000893676,-206848.9300194258,300.4398368260271,152
24190000,48380.0000089388,-205745.83659148228,303.23225369928184,152
24195000,48390.000008940835,-206617.18311573577,302.62005077514755,152
24200000,48400.00000894287,-206119.43838788464,296.15723641822484,152
24205000,48410.00000894491,-206878.7393913567,300.2366551815303,152
24210000,48420.00000894695,-206658.43485626706,299.0720545966572,152
24215000,48430.000008948984,-206268.03923869028,303.5697146449704,152
24220000,48440.00000895102,-206576.38227555994,302.7497926986294,152
24225000,48450.00000895306,-206230.41429743601,296.9456443415919,152
24230000,48460.000008955096,-206321.43759426335,304.4140216733441,152
24235000,48470.00000895713,-206169.96986123384,296.95862753964036,152
24240000,48480.00000895917,-206758.419086152,299.92531414967164,152
24245000,48490.00000896121,-207384.2684842794,296.5384444999463,152
24250000,48500.000008963245,-206142.14422584674,304.68491828165503,152
24255000,48510.00000896528,-206393.29762398486,299.71103985896855,152
24260000,48520.00000896732,-206544.1434066411,300.62947025645326,152
24265000,48530.00000896936,-206393.12460126914,302.0467901715607,152
24270000,48540.000008971394,-206583.69532847858,301.509813819763,152
24275000,48550.00000897343,-206715.3803018853,303.7193180955853,152
24280000,48560.00000897547,-206340.72813590174,298.4575254155214,152
24285000,48570.000008977506,-206514.42762585613,302.91185724082743,152
24290000,48580.00000897954,-206385.0805743573,301.27579039388723,152
24295000,48590.00000898158,-205917.84060798225,303.12910823659064,152
24300000,48600.00000898362,-206177.62823682115,298.91304829396995,152
24305000,48610.000008985655,-207004.69141820248,303.469252997731,152
24310000,48620.00000898769,-205876.67066453223,295.92011482395395,152
24315000,48630.00000898973,-206481.18009626574,302.92659383235684,152
24320000,48640.00000899177,-206739.7299573511,293.75062439921874,152
24325000,48650.000008993804,-206384.59631061484,302.1855021346741,152
24330000,48660.00000899584,-206606.1864558952,301.1496793575041,152
24335000,48670.00000899788,-205700.04933641083,305.3052603073768,152
24340000,48680.000008999916,-207012.2677797085,295.89640955811575,152
24345000,48690.00000900195,-206552.4319675403,302.1600045933122,152
24350000,48700.00000900399,-206528.4700758413,301.87117126915183,152
24355000,48710.00000900603,-207688.4524388821,298.95212313817376,152
24360000,48720.000009008065,-206776.4918331426,302.10705039136747,152
24365000,48730.0000090101,-207122.77197048906,298.11655962824744,152
24370000,48740.00000901214,-207112.4117609728,298.251209296051,152
24375000,48750.00000901418,-206113.68859080516,299.45764424552794,152
24380000,48760.000009016214,-206790.56972341123,301.0944409353475,152
24385000,48770.00000901825,-206724.28549348866,301.66091672368873,152
24390000,48780.00000902029,-206635.2642721897,303.7812471530242,152
24395000,48790.000009022326,-207137.9283930672,303.22557468008756,152
24400000,48800.00000902436,-207207.19307230448,298.45988318173653,152
24405000,48810.0000090264,-207032.53422264627,301.307762496668,152
24410000,48820.00000902844,-207260.20793543302,301.88694825690555,152
24415000,48830.000009030475,-206876.80743840197,297.2511110616804,152
24420000,48840.00000903251,-206183.74954177614,299.29464544770997,152
24425000,48850.00000903455,-206254.56904836197,302.9829553886769,152
24430000,48860.00000903659,-207393.14915346447,301.92319334862907,152
24435000,48870.000009038624,-206107.56613064674,300.2061149214182,152
24440000,48880.00000904066,-205740.15703572752,299.9071297971492,152
24445000,48890.0000090427,-206957.03166337882,300.4755555403953,152
24450000,48900.000009044736,-206126.94159736985,301.03608797444883,152
24455000,48910.00000904677,-205916.3298259296,298.61686094323386,152
24460000,48920.00000904881,-206645.51790688222,295.2702247527898,152
24465000,48930.00000905085,-206535.74815275765,299.6508516423249,152
24470000,48940.000009052885,-206266.90316908504,304.5466660119737,152
24475000,48950.00000905492,-207136.2938558472,297.4176810740367,152
24480000,48960.00000905696,-206667.63979722548,300.5596326128371,152
24485000,48970.000009059,-206263.70540752506,300.52047322564493,152
24490000,48980.000009061034,-206981.12993414083,298.15134927209766,152
24495000,48990.00000906307,-206705.0893022829,305.19948494111816,152
24500000,49000.00000906511,-206003.67716469627,300.1490587256929,152
24505000,49010.000009067146,-206340.10007644305,300.7829011119855,152
24510000,49020.00000906918,-205923.42830086593,299.62839525894526,152
24515000,49030.00000907122,-206490.4949474536,298.8852435751982,152
24520000,49040.00000907326,-206921.43654442648,299.16902687440694,152
24525000,49050.000009075295,-206227.57227836363,298.97383649928116,152
24530000,49060.00000907733,-206340.7371468679,301.8798284940683,152
24535000,49070.00000907937,-206759.77430153324,297.2156237064832,152
24540000,49080.00000908141,-206900.31895887002,303.76385187736827,152
24545000,49090.000009083444,-206766.58860571904,301.4730854043191,152
24550000,49100.00000908548,-206059.81979663344,295.91129221863685,152
24555000,49110.00000908752,-206216.7387157809,301.7505554848973,152
24560000,49120.000009089556,-206471.24133120128,298.2058990876079,152
24565000,49130.00000909159,-206558.71273949277,301.817052118653,152
24570000,49140.00000909363,-206285.0445993191,302.06445001828934,152
24575000,49150.00000909567,-207113.31013282924,295.7701620327249,152
24580000,49160.000009097705,-206034.30250585813,301.0431769567464,152
24585000,49170.00000909974,-206064.70043721818,304.8626424399071,152
24590000,49180.00000910178,-206632.60424949648,300.91468741901633,152
24595000,49190.00000910382,-205677.4860062995,300.1485854984997,152
24600000,49200.000009105854,-206347.72678031656,293.58361362539256,152
24605000,49210.00000910789,-207187.9389362469,304.6966240032912,152
24610000,49220.00000910993,-206436.5602013406,299.52297653621184,152
24615000,49230.000009111965,-206872.2444785441,302.35261851386423,152
24620000,49240.000009114,-206126.53033507976,304.26300277519243,152
24625000,49250.00000911604,-205904.15373413567,294.6081405539843,152
24630000,49260.00000911808,-206862.07691174955,300.64230390453884,152
24635000,49270.000009120115,-206232.20140002284,299.422338249322,152
24640000,49280.00000912215,-206970.64289540716,299.78313861708665,152
24645000,49290.00000912419,-207114.3554956608,298.3875970622491,152
24650000,49300.000009126226,-206487.85816153663,294.6298978523557,152
24655000,49310.00000912826,-206127.15843949083,298.13510937696657,152
24660000,49320.0000091303,-206459.3895542916,302.1881626368586,152
24665000,49330.00000913234,-205695.53631204693,299.58327353472197,152
24670000,49340.000009134375,-206239.8198197959,303.17090203987095,152
24675000,49350.00000913641,-207159.07242045947,300.8855391857225,152
24680000,49360.00000913845,-207102.32309556438,298.085644266837,152
24685000,49370.00000914049,-206875.6602839172,299.60826611341963,152
24690000,49380.000009142525,-206381.28140317975,299.5295867379099,152
24695000,49390.00000914456,-205986.94513007766,304.00457395462143,152
24700000,49400.0000091466,-206815.34183170984,302.2846885785882,152
24705000,49410.000009148636,-206829.34166819626,302.4597417482951,152
24710000,49420.00000915067,-206695.02757753467,296.57361142682885,152
24715000,49430.00000915271,-206212.57741963933,300.5585130257125,152
24720000,49440.00000915475,-206806.34121404972,299.0710610371483,152
24725000,49450.000009156785,-206795.85165161127,299.8494950757918,152
24730000,49460.00000915882,-206355.33267604443,299.7733880606145,152
24735000,49470.00000916086,-206475.7874183578,299.9137815164404,152
24740000,49480.0000091629,-206549.07364266657,301.8078946708564,152
24745000,49490.000009164934,-206643.06202564994,301.21709878506294,152
24750000,49500.00000916697,-205650.7543678661,302.7561852355248,152
24755000,49510.00000916901,-206963.26407675853,305.00138517185957,152
24760000,49520.000009171046,-205894.03333358478,296.03613888368284,152
24765000,49530.00000917308,-206230.26717403368,299.4674774188315,152
24770000,49540.00000917512,-207132.14020207815,299.4521178409044,152
24775000,49550.00000917716,-206278.36918271868,301.00507794545746,152
24780000,49560.000009179195,-207342.82610766462,299.9935314223803,152
24785000,49570.00000918123,-206332.23662041407,302.37113985003646,152
24790000,49580.00000918327,-206175.99222232914,300.9354234183034,152
24795000,49590.00000918531,-206405.7246348781,301.64997059715677,152
24800000,49600.000009187344,-207302.71311624418,297.35368333596193,152
24805000,49610.00000918938,-206397.50590548816,305.4624054871533,152
24810000,49620.00000919142,-205954.8389144166,306.7584733881974,152
24815000,49630.000009193456,-206331.48142175877,297.9770095618,152
24820000,49640.00000919549,-206248.18188594922,297.58202937638697,152
24825000,49650.00000919753,-206035.62866886077,299.4193711096166,152
24830000,49660.00000919957,-206501.0727363458,302.9748086243022,152
24835000,49670.000009201605,-206368.35461878125,305.3511621523011,152
24840000,49680.00000920364,-206570.4766643464,300.8369365514897,152
24845000,49690.00000920568,-206158.43113820208,298.4837662685573,152
24850000,49700.00000920772,-206946.5537410942,299.01888997747943,152
24855000,49710.000009209754,-206535.52394902112,298.16109243009146,152
24860000,49720.00000921179,-206788.1322711073,299.90954733687414,152
24865000,49730.00000921383,-207413.49336136004,300.18486700666284,152
24870000,49740.000009215866,-205954.34198459494,297.22999433411735,152
24875000,49750.0000092179,-206736.756312849,300.78883194979795,152
24880000,49760.00000921994,-206414.41537783958,299.3350322843564,152
24885000,49770.00000922198,-206753.71035112522,299.2421828006977,152
24890000,49780.000009224015,-206145.37178300717,295.67994816158307,152
24895000,49790.00000922605,-206582.95465990575,302.80992519277106,152
24900000,49800.00000922809,-206231.9902740412,300.3262146002907,152
24905000,49810.00000923013,-206353.64940927434,300.62201893904574,152
24910000,49820.000009232164,-206026.53906249697,299.47489118849205,152
24915000,49830.0000092342,-206280.97189490963,296.4238883381608,152
24920000,49840.00000923624,-205752.18293593673,299.58424847072206,152
24925000,49850.000009238276,-206062.83124904626,299.56530600436423,152
24930000,49860.00000924031,-206117.59336411208,301.8568346316298,152
24935000,49870.00000924235,-205933.88253681303,298.9809439892757,152
24940000,49880.00000924439,-206801.2485383217,302.8760730520988,152
24945000,49890.000009246425,-205797.0235962991,296.9917156218916,152
24950000,49900.00000924846,-206288.49846166105,301.02822825221506,152
24955000,49910.0000092505,-206241.12004689104,304.79495762771455,152
24960000,49920.00000925254,-206674.36540165963,302.86372801080955,152
24965000,49930.000009254574,-206959.246192376,300.0322500931693,152
24970000,49940.00000925661,-206896.06200273754,299.9496225528729,152
24975000,49950.00000925865,-207029.8979234246,301.438598340482,152
24980000,49960.000009260686,-207457.43238320167,301.22634824311314,152
24985000,49970.00000926272,-206161.0695263435,300.43794876861347,152
24990000,49980.00000926476,-206129.09855689656,300.79934960276285,152
24995000,49990.0000092668,-206071.6585256342,302.6853114159626,152
25000000,50000.000009268835,-206100.43933811807,301.9228382892245,152
25005000,50010.00000927087,-206250.26163534378,297.1267553793417,152
25010000,50020.00000927291,-206827.19545427093,302.5884160626075,152
25015000,50030.00000927495,-207764.25183657394,304.8317005992708,152
25020000,50040.000009276984,-206414.1497519198,302.159355508902,152
25025000,50050.00000927902,-207020.4832130213,302.7805263514916,152
25030000,50060.00000928106,-206530.77917808725,303.44537713410574,152
25035000,50070.000009283096,-206592.426336715,298.1344152256416,152
25040000,50080.00000928513,-206142.440611477,298.14190008273545,152
25045000,50090.00000928717,-206871.35023327312,303.8583545703113,152
25050000,50100.00000928921,-206891.79524770472,299.89062532838176,152
25055000,50110.000009291245,-206730.12913411774,302.27737176845466,152
25060000,50120.00000929328,-206838.9145277288,301.2448643243166,152
25065000,50130.00000929532,-206705.69496064144,301.6146070028471,152
25070000,50140.00000929736,-206775.43811158987,298.30382680097745,152
25075000,50150.000009299394,-206183.92217383278,297.2754526546124,152
25080000,50160.00000930143,-206425.2989632733,301.1913575270828,152
25085000,50170.00000930347,-206966.44676924997,304.9821139669688,152
25090000,50180.000009305506,-206333.04895229172,299.8440580155072,152
25095000,50190.00000930754,-206677.85196218546,305.6720971891299,152
25100000,50200.00000930958,-206429.46444452344,298.1288381790996,152
25105000,50210.00000931162,-207436.97279212438,295.7945047972327,152
25110000,50220.000009313655,-207524.58381527453,298.2566207951242,152
25115000,50230.00000931569,-206629.8579217589,300.35176083013135,152
25120000,50240.00000931773,-207082.24122271326,302.1588701315059,152
25125000,50250.00000931977,-206037.88385964045,301.90557881395864,152
25130000,50260.000009321804,-206868.9095301904,299.05495907862377,152
25135000,50270.00000932384,-205757.68033319258,297.4193789644927,152
25140000,50280.00000932588,-206844.97221138142,299.83028659483347,152
25145000,50290.000009327916,-206517.81669373647,299.93639696595943,152
25150000,50300.00000932995,-206835.27831506252,297.74760113501725,152
25155000,50310.00000933199,-206757.2884066531,301.44799811432796,152
25160000,50320.00000933403,-206068.4003761839,302.0671446616383,152
25165000,50330.000009336065,-206479.29467740713,301.1473536331776,152
25170000,50340.0000093381,-206809.97259211587,301.21669284804216,152
25175000,50350.00000934014,-207397.15637603065,299.20360188438354,152
25180000,50360.00000934218,-206350.33211970434,301.9038858503971,152
25185000,50370.000009344214,-206771.6366085317,303.1767920179572,152
25190000,50380.00000934625,-207056.86178116337,300.4377846564886,152
25195000,50390.00000934829,-205959.3528063445,298.88045659812656,152
25200000,50400.000009350326,-206579.01987902785,301.877524304277,152
25205000,50410.00000935236,-206003.0019978279,300.16369483760167,152
25210000,50420.0000093544,-205927.50711589248,299.350566183263,152
25215000,50430.00000935644,-206719.46027535934,304.42991183046894,152
25220000,50440.000009358475,-206643.78964517626,303.29263619154244,152
25225000,50450.00000936051,-206950.94809110858,301.6095955979141,152
25230000,50460.00000936255,-205866.27692135354,304.9415046655481,152
25235000,50470.00000936459,-206481.65529626433,301.7097706491664,152
25240000,50480.000009366624,-206750.6108708994,304.2571482122556,152
25245000,50490.00000936866,-206272.83818338404,303.36049228015474,152
25250000,50500.0000093707,-206528.1481503877,294.60968827093217,152
25255000,50510.000009372736,-205835.9526598755,299.20042503186687,152
25260000,50520.00000937477,-206745.41169548174,299.5290250100232,152
25265000,50530.00000937681,-206740.0162848687,298.04582699327244,152
25270000,50540.00000937885,-207055.29477830848,297.77234196319125,152
25275000,50550.000009380885,-206609.33546197158,300.94989662089637,152
25280000,50560.00000938292,-206921.74555836117,299.2398954376589,152
25285000,50570.00000938496,-206227.2801112797,297.53117146652977,152
25290000,50580.000009387,-206778.2697214929,302.8398335731275,152
25295000,50590.000009389034,-205796.8960300996,303.14651496710036,152
25300000,50600.00000939107,-206748.44528350572,297.6622155370727,152
25305000,50610.00000939311,-206954.8971541077,304.39453570326873,152
25310000,50620.000009395146,-206554.2998094865,302.60935506959146,152
25315000,50630.00000939718,-206501.74915449752,297.2595125373283,152
25320000,50640.00000939922,-206575.2962722677,299.19921194649413,152
25325000,50650.00000940126,-206471.61775170732,297.5546255443047,152
25330000,50660.000009403295,-206118.6158092902,298.2679909058855,152
25335000,50670.00000940533,-206378.78568590526,298.75807445203054,152
25340000,50680.00000940737,-207065.86541409697,301.4601871176632,152
25345000,50690.00000940941,-206776.61635680357,302.15386854601417,152
25350000,50700.000009411444,-206701.21241252986,301.2743062022324,152
25355000,50710.00000941348,-206457.3823356625,297.9961496337703,152
25360000,50720.00000941552,-206797.4602830368,299.8628799651279,152
25365000,50730.000009417556,-206189.56852029485,296.33840809306963,152
25370000,50740.00000941959,-206549.23298508988,301.65845234809177,152
25375000,50750.00000942163,-205922.4455864483,296.65906028497545,152
25380000,50760.00000942367,-207580.00067479664,301.9018230530321,152
25385000,50770.000009425705,-206700.1638375474,302.1970831970815,152
25390000,50780.00000942774,-206739.4989909007,303.01549959790935,152
25395000,50790.00000942978,-206113.32475440204,299.54142996250977,152
25400000,50800.00000943182,-206665.86480469955,292.2400816166128,152
25405000,50810.000009433854,-206949.6207824743,302.5828298002779,152
25410000,50820.00000943589,-206681.708158392,297.2888059592335,152
25415000,50830.00000943793,-206608.9750878258,304.5118606631667,152
25420000,50840.000009439966,-206418.50260492682,303.708529600448,152
25425000,50850.000009442,-205847.38285500102,299.042791529483,152
25430000,50860.00000944404,-207214.80929213506,304.3401492878579,152
25435000,50870.00000944608,-206348.3527212235,302.4424826738378,152
25440000,50880.000009448115,-206993.15054882644,303.65252428452953,152
25445000,50890.00000945015,-206675.93542796862,299.34312650906963,152
25450000,50900.00000945219,-206581.80138895777,304.5982809988203,152
25455000,50910.00000945423,-206310.57997151406,302.80848887838425,152
25460000,50920.000009456264,-206419.00626028783,302.0856496157793,152
25465000,50930.0000094583,-206445.98207123263,301.4853311158982,152
25470000,50940.00000946034,-205977.2727704082,305.584979058467,152
25475000,50950.000009462376,-206533.22836013406,300.40773472912645,152
25480000,50960.00000946441,-206939.83877140167,296.6387059964544,152
25485000,50970.00000946645,-206781.6404025684,300.1759578747646,152
25490000,50980.00000946849,-205946.23060267104,304.6660774450098,152
25495000,50990.000009470525,-206005.6530223129,297.1402919583032,152
25500000,51000.00000947256,-206168.5900135925,301.82375376048645,152
25505000,51010.0000094746,-205968.95263546938,299.05158930156614,152
25510000,51020.00000947664,-206574.17843101034,301.4441199230319,152
25515000,51030.000009478674,-206289.15853884746,298.09994961064814,152
25520000,51040.00000948071,-205957.56620862707,297.5860809653499,152
25525000,51050.00000948275,-206428.91341529996,302.1476870148341,152
25530000,51060.000009484786,-206252.98497146368,297.20643056157695,152
25535000,51070.00000948682,-206793.11868312524,298.6258463994362,152
25540000,51080.00000948886,-206511.86158952,296.2290721599865,152
25545000,51090.0000094909,-207379.51604540995,299.93161865046676,152
25550000,51100.000009492935,-206602.98397976358,301.6972177336845,152
25555000,51110.00000949497,-207044.10149160936,299.61092935083946,152
25560000,51120.00000949701,-206361.26877587195,298.53644865349213,152
25565000,51130.00000949905,-206497.8708908665,306.03469395542277,152
25570000,51140.000009501084,-207257.96467799984,300.8221540504515,152
25575000,51150.00000950312,-206282.88958171243,299.4151077037732,152
25580000,51160.00000950516,-206307.75476676947,297.708088424053,152
25585000,51170.000009507196,-206504.87300473347,302.5311540179645,152
25590000,51180.00000950923,-206977.31541967543,299.00577072607894,152
25595000,51190.00000951127,-206369.90768697252,300.14447869860334,152
25600000,51200.00000951331,-206544.0785896188,300.51126426202217,152
25605000,51210.000009515345,-206239.18499192537,299.217144177782,152
25610000,51220.00000951738,-206960.99996344908,303.78346430142557,152
25615000,51230.00000951942,-206467.61732559116,301.78706620265194,152
25620000,51240.00000952146,-206551.517682545,300.06622467495936,152
25625000,51250.000009523494,-206920.83084127924,299.4645838189337,152
25630000,51260.00000952553,-205932.12238502188,301.2131258408395,152
25635000,51270.00000952757,-206482.92088108987,302.1235209705658,152
25640000,51280.000009529605,-206498.10621445312,303.59717615729363,152
25645000,51290.00000953164,-206035.04383093864,300.3049598408339,152
25650000,51300.00000953368,-206408.98212566425,298.73257629647964,152
25655000,51310.00000953572,-206211.02173335396,301.14225243165424,152
25660000,51320.000009537755,-206314.1009208141,299.29337081293727,152
25665000,51330.00000953979,-206224.7227269234,298.483257855798,152
25670000,51340.00000954183,-206378.9807148648,298.36659247106024,152
25675000,51350.000009543866,-206124.5670966484,301.0577751865867,152
25680000,51360.0000095459,-206366.31230664428,301.96051815979683,152
25685000,51370.00000954794,-206553.84829814755,300.73518398039664,152
25690000,51380.00000954998,-206705.136250337,301.86865951732466,152
25695000,51390.000009552015,-205745.36112981394,303.53179009916164,152
25700000,51400.00000955405,-206721.4466350769,297.24786626407104,152
25705000,51410.00000955609,-205689.29697772197,299.9440247216798,152
25710000,51420.00000955813,-207122.2643710461,297.6685242873669,152
25715000,51430.000009560164,-206468.51711279608,296.9526538701208,152
25720000,51440.0000095622,-205697.97476766747,299.215789458999,152
25725000,51450.00000956424,-206528.4900117705,299.2807316305236,152
25730000,51460.000009566276,-206701.50805119437,301.22978529207563,152
25735000,51470.00000956831,-206321.70101700188,296.14400042135395,152
25740000,51480.00000957035,-206386.30349748465,297.23956880400027,152
25745000,51490.00000957239,-206649.43595580175,302.8578898079622,152
25750000,51500.000009574425,-206927.9707530433,303.66185537227,152
25755000,51510.00000957646,-206612.81015863107,298.920174458645,152
25760000,51520.0000095785,-206806.1453044794,298.7278510741109,152
25765000,51530.00000958054,-205931.91613840288,303.9363701521581,152
25770000,51540.000009582574,-205928.24944073276,306.3476658143384,152
25775000,51550.00000958461,-206739.05211140355,301.1539224968236,152
25780000,51560.00000958665,-206326.41273602052,296.27376202591773,152
25785000,51570.000009588686,-206643.89872858417,300.2233882752299,152
25790000,51580.00000959072,-207108.48246871086,301.6331692346599,152
25795000,51590.00000959276,-206269.01122261456,300.5828211209741,152
25800000,51600.0000095948,-206407.69841013104,300.71021817200653,152
25805000,51610.000009596835,-206435.8263263771,299.1650785519043,152
25810000,51620.00000959887,-205787.81598853087,300.1254105895538,152
25815000,51630.00000960091,-206672.82660416525,298.30514555194696,152
25820000,51640.00000960295,-206654.81938721752,300.1504255952335,152
25825000,51650.000009604984,-206531.998617016,304.2642115997767,152
25830000,51660.00000960702,-206576.41174937272,297.3205158320489,152
25835000,51670.00000960906,-206286.0212519786,297.374129590579,152
25840000,51680.000009611096,-206701.2242010102,302.56291406416744,152
25845000,51690.00000961313,-206463.53933071624,296.64661188656083,152
25850000,51700.00000961517,-206376.0797180885,304.04561727264144,152
25855000,51710.00000961721,-206103.79334240127,305.56939404200205,152
25860000,51720.000009619245,-206886.31924751622,297.3034914595676,152
25865000,51730.00000962128,-206136.30020938,302.60982884334635,152
25870000,51740.00000962332,-206097.89047082444,296.27310487368516,152
25875000,51750.00000962536,-205917.32050924026,301.8513731863109,152
25880000,51760.000009627394,-206808.20279658097,299.6711304502047,152
25885000,51770.00000962943,-206262.5425412706,296.10768529005327,152
25890000,51780.00000963147,-206269.62387150945,302.90126865664325,152
25895000,51790.000009633506,-205940.3451417383,300.02912588042653,152
25900000,51800.00000963554,-206921.4547418391,301.89025370504754,152
25905000,51810.00000963758,-207009.26523650938,294.1800397981776,152
25910000,51820.00000963962,-206705.3693895475,303.758315252394,152
25915000,51830.000009641655,-206447.19343483367,302.0828732073024,152
25920000,51840.00000964369,-206491.9610636225,299.8207181341626,152
25925000,51850.00000964573,-207251.7617654309,298.79815711162394,152
25930000,51860.00000964777,-206714.88154802402,300.1135179056971,152
25935000,51870.000009649804,-206959.56138795905,304.01082423409264,152
25940000,51880.00000965184,-206657.69860541227,302.8934359298133,152
25945000,51890.00000965388,-206397.81482185167,301.46733106121115,152
25950000,51900.000009655916,-206619.01653012482,302.4367007023192,152
25955000,51910.00000965795,-205462.13728413475,301.52237138285403,152
25960000,51920.00000965999,-205401.6164973718,301.3862812747576,152
25965000,51930.00000966203,-205898.19202449988,301.87109282350616,152
25970000,51940.000009664065,-207070.36383675504,296.22506324414775,152
25975000,51950.0000096661,-206723.10796636564,300.56342412662104,152
25980000,51960.00000966814,-206610.60155998287,300.5582587501467,152
25985000,51970.00000967018,-206956.21422815556,302.28233557603846,152
25990000,51980.000009672214,-206127.73720460106,298.5813703061054,152
25995000,51990.00000967425,-206977.40632844565,303.5608616158516,152
26000000,52000.00000967629,-206737.6663056612,301.4744044752031,152
26005000,52010.000009678326,-206844.9200101815,299.0087473236206,152
26010000,52020.00000968036,-206958.49169227248,297.81778149903147,152
26015000,52030.0000096824,-205766.63246781868,293.80462703590916,152
26020000,52040.00000968444,-206221.25453132472,294.6877319091782,152
26025000,52050.000009686475,-206789.99540573987,296.57091283412103,152
26030000,52060.00000968851,-206766.4353896113,299.131500142456,152
26035000,52070.00000969055,-206614.8425113269,299.0017551633262,152
26040000,52080.00000969259,-206901.77015675732,297.5822123619723,152
26045000,52090.000009694624,-206689.76872480055,296.7407475655968,152
26050000,52100.00000969666,-205899.40362100268,300.86872406060166,152
26055000,52110.0000096987,-206136.2943206858,300.489261699815,152
26060000,52120.000009700736,-206258.49063739204,301.8175897759399,152
26065000,52130.00000970277,-207095.80783596588,301.931300416676,152
26070000,52140.00000970481,-206714.46302074275,305.1371769288196,152
26075000,52150.00000970685,-207401.47610038554,296.93235546539756,152
26080000,52160.000009708885,-207340.11541945394,297.41017985228433,152
26085000,52170.00000971092,-206535.90020632383,301.0506926947818,152
26090000,52180.00000971296,-206351.51025429927,300.2997697170157,152
26095000,52190.000009715,-206613.29623547313,297.9662627510168,152
26100000,52200.000009717034,-206855.87660505064,299.95763026897185,152
26105000,52210.00000971907,-206502.56196707813,298.4995117553056,152
26110000,52220.00000972111,-207320.67633807054,302.47972997406794,152
26115000,52230.000009723146,-206444.2645910479,295.4204328347051,152
26120000,52240.00000972518,-206467.72905552154,299.7090603967188,152
26125000,52250.00000972722,-207561.6647219353,304.2162541747512,152
26130000,52260.00000972926,-207023.369857406,294.799848756849,152
26135000,52270.000009731295,-206223.28659000678,298.1658786653119,152
26140000,52280.00000973333,-205552.2636339051,295.76631397903554,152
26145000,52290.00000973537,-206669.64480051643,300.31028758347526,152
26150000,52300.00000973741,-206678.1861166819,296.3944901097789,151
26155000,52310.000009739444,-206755.0525064777,300.574160289158,151
26160000,52320.00000974148,-206963.57218148303,300.6988931591107,151
26165000,52330.00000974352,-205669.7427366292,302.39289817355626,151
26170000,52340.000009745556,-207052.66734087397,296.8595257992176,151
26175000,52350.00000974759,-205753.5353098521,301.9029717696316,151
26180000,52360.00000974963,-205985.28314426867,298.93362669988204,151
26185000,52370.00000975167,-207132.30282736663,299.89291176966697,151
26190000,52380.000009753705,-206617.84144462273,299.91738906069645,151
26195000,52390.00000975574,-206893.64067902777,298.43588026821794,151
26200000,52400.00000975778,-206625.93019974255,301.45480910421225,151
26205000,52410.00000975982,-206329.06610042427,298.2682005213109,151
26210000,52420.000009761854,-206979.86574719765,303.0173398019303,151
26215000,52430.00000976389,-206426.8463768668,300.0087615535277,151
26220000,52440.00000976593,-206935.4031220834,297.240422032901,151
26225000,52450.000009767966,-206737.65985446796,299.62211228683714,151
26230000,52460.00000977,-206722.7131833519,299.07316701699807,151
26235000,52470.00000977204,-206097.30296427826,299.58599852061405,151
26240000,52480.00000977408,-206761.21720719128,297.9500240416737,151
26245000,52490.000009776115,-206944.12639501912,302.58281917034606,151
26250000,52500.00000977815,-206229.08272120496,303.7697526061951,151
26255000,52510.00000978019,-206798.1199379115,303.1602181042352,151
26260000,52520.00000978223,-206737.2705220742,305.29660560286476,151
26265000,52530.000009784264,-206576.7978318655,299.0951017356658,151
26270000,52540.0000097863,-206944.27471390762,294.44128721546724,151
26275000,52550.00000978834,-206279.85375397862,298.90933397649377,151
26280000,52560.000009790376,-206946.20725783403,301.4793477922158,151
26285000,52570.00000979241,-206679.2573089128,298.1214966823199,151
26290000,52580.00000979445,-206865.0139946302,301.70901076027604,151
26295000,52590.00000979649,-206776.39882692415,303.4943250670758,151
26300000,52600.000009798525,-206571.4098478465,296.76503451996246,151
26305000,52610.00000980056,-206819.5203594796,299.60327160640617,151
26310000,52620.0000098026,-206950.67842265684,300.28673484241335,151
26315000,52630.00000980464,-206645.0933986192,299.0423675426549,151
26320000,52640.000009806674,-206475.49052165356,297.843857988844,151
26325000,52650.00000980871,-206612.2726082753,300.06108881532384,151
26330000,52660.00000981075,-206494.6649886322,303.24876034472345,151
26335000,52670.000009812786,-206715.36021538544,298.2961709237784,151
26340000,52680.00000981482,-207105.36437147425,298.8128984410611,151
26345000,52690.00000981686,-206240.12462552357,297.536180084671,151
26350000,52700.0000098189,-207098.48724383942,302.1443754123358,151
26355000,52710.000009820935,-206608.81273988576,300.22659573062464,151
26360000,52720.00000982297,-206883.83103030012,303.02953093558125,151
26365000,52730.00000982501,-206780.5269305125,301.19049408142087,151
26370000,52740.00000982705,-206933.32973229454,296.8340804331916,151
26375000,52750.000009829084,-207113.71050599078,302.39974488534114,151
26380000,52760.00000983112,-206510.7805701783,302.4149921101638,151
26385000,52770.00000983316,-205955.408093062,300.3936583339196,151
26390000,52780.000009835196,-205791.3888941384,300.0761853890401,151
26395000,52790.00000983723,-207039.2696643708,298.68570103802057,151
26400000,52800.00000983927,-206537.8999104537,302.7567265680731,151
26405000,52810.00000984131,-206551.0446106327,303.56114235165194,151
26410000,52820.000009843345,-207282.27715707466,301.8241319513988,151
26415000,52830.00000984538,-206609.40149901703,299.321338938285,151
26420000,52840.00000984742,-206437.85979010724,301.3589026087697,151
26425000,52850.00000984946,-206304.81175991357,303.33688878775945,151
26430000,52860.000009851494,-206081.56222188892,301.39607626448344,151
26435000,52870.00000985353,-206486.42135858035,298.7834651404199,151
26440000,52880.00000985557,-206788.31723726215,303.4183006802758,151
26445000,52890.000009857606,-205163.26451502193,299.1709410628146,151
26450000,52900.00000985964,-205441.3869676122,303.7240481853454,151
26455000,52910.00000986168,-206271.03201992775,301.50387678685894,151
26460000,52920.00000986372,-206143.57130695914,298.5520635460044,151
26465000,52930.000009865755,-207124.76626015862,301.7473291633894,151
26470000,52940.00000986779,-206253.84471490944,297.59691937627724,151
26475000,52950.00000986983,-206534.2506529818,304.1999132685553,151
26480000,52960.00000987187,-205758.5733523243,300.99472721654405,151
26485000,52970.000009873904,-206594.57929079328,299.0567439017898,151
26490000,52980.00000987594,-206735.42580930388,299.7547322024479,151
26495000,52990.00000987798,-206589.70084841596,296.6169284226314,151
26500000,53000.000009880016,-206460.4404046439,294.02262712776843,151
26505000,53010.00000988205,-206477.34571730904,300.3135535373028,151
26510000,53020.00000988409,-206600.70321661874,298.98684975705044,151
26515000,53030.00000988613,-206433.5770072036,299.8313948390736,151
26520000,53040.000009888165,-206102.9143338456,298.3734980082019,151
26525000,53050.0000098902,-205997.86757736665,301.80346212895614,151
26530000,53060.00000989224,-205434.5451068551,301.09037909929754,151
26535000,53070.00000989428,-205595.46026450035,296.7275329269845,151
26540000,53080.000009896314,-206011.18753093923,297.99688935242676,151
26545000,53090.00000989835,-206847.95109824336,301.26196731446106,151
26550000,53100.00000990039,-207339.08188573795,297.26528495295315,151
26555000,53110.000009902426,-206297.1569479244,293.15088100655043,151
26560000,53120.00000990446,-206493.0385595957,299.9306162923674,151
26565000,53130.0000099065,-206447.811616192,297.12882697050776,151
26570000,53140.00000990854,-206516.71234326623,300.82202804588,151
26575000,53150.000009910575,-207010.28464279545,299.9996418208091,151
26580000,53160.00000991261,-207249.93408729555,297.7865969666933,151
26585000,53170.00000991465,-206895.69065146812,300.70213872111236,151
26590000,53180.00000991669,-206821.18111102015,300.8319635618814,151
26595000,53190.000009918724,-206223.5587625415,299.50441059791626,151
26600000,53200.00000992076,-206194.85461530858,297.49869663183097,151
26605000,53210.0000099228,-206684.66339578957,303.0835137038075,151
26610000,53220.000009924835,-206641.99140553793,306.2878556508434,151
26615000,53230.00000992687,-206757.6512901599,298.48836831307756,151
26620000,53240.00000992891,-206647.92908079363,301.243058970193,151
26625000,53250.00000993095,-206519.59716960567,300.49610022172624,151
26630000,53260.000009932985,-207490.7369025998,303.29679596967503,151
26635000,53270.00000993502,-206804.74219727574,299.22750927289206,151
26640000,53280.00000993706,-206521.34179163328,302.3254509813097,151
26645000,53290.000009939096,-206371.72193084273,297.72769412761113,151
26650000,53300.00000994113,-207045.06912828772,303.35241875407405,151
26655000,53310.00000994317,-206889.04237983236,303.3548426079531,151
26660000,53320.00000994521,-206389.6197438198,303.3695718749096,151
26665000,53330.000009947245,-206491.9383521611,298.3478891793341,151
26670000,53340.00000994928,-206448.54342186986,299.58205585957984,151
26675000,53350.00000995132,-205648.8481028335,302.15355749697284,151
26680000,53360.00000995336,-206740.75806348282,301.7411808360268,151
26685000,53370.000009955394,-207315.01557303395,299.5477207000825,151
26690000,53380.00000995743,-206239.59296814457,301.1580689177631,151
26695000,53390.00000995947,-206864.12003431295,300.0113001197949,151
26700000,53400.000009961506,-206762.74272152747,297.5380985030035,151
26705000,53410.00000996354,-206713.87852751475,300.81714542192117,151
26710000,53420.00000996558,-206946.1496648516,297.2991076045316,151
26715000,53430.00000996762,-207251.52951127954,302.7560828615599,151
26720000,53440.000009969655,-206765.28472484287,300.7569402081021,151
26725000,53450.00000997169,-206517.0302170132,297.2031279503217,151
26730000,53460.00000997373,-207203.24483433273,300.29452714915203,151
26735000,53470.00000997577,-206648.25904133997,293.5200282947345,151
26740000,53480.000009977804,-206841.4491371055,304.49342180657743,151
26745000,53490.00000997984,-206725.55879618507,300.98384863205723,151
26750000,53500.00000998188,-206526.45585223997,302.39574467226026,151
26755000,53510.000009983916,-206312.08174375712,302.69981185894426,151
26760000,53520.00000998595,-207096.62743480376,299.0472862291509,151
26765000,53530.00000998799,-206092.13202155114,303.64705249064644,151
26770000,53540.00000999003,-206352.15133359074,302.213122786123,151
26775000,53550.000009992065,-206098.8124655087,306.7655980971719,151
26780000,53560.0000099941,-206740.774454967,299.12015892977746,151
26785000,53570.00000999614,-206180.38098727097,297.05899517810394,151
26790000,53580.00000999818,-207326.61345873377,301.88029935794543,151
26795000,53590.000010000214,-207402.14518226578,304.36859265850967,151
26800000,53600.00001000225,-206743.58051128173,301.3506733975387,151
26805000,53610.00001000429,-206449.28682430903,306.68618046799565,151
26810000,53620.000010006326,-206377.6240504625,294.783001394629,151
26815000,53630.00001000836,-206258.9093456238,298.32070847216283,151
26820000,53640.0000100104,-206460.0202953735,297.55865643275143,151
26825000,53650.00001001244,-206514.94437223685,300.5170388526143,151
26830000,53660.000010014475,-206579.30070107908,300.9690026156971,151
26835000,53670.00001001651,-206930.91443949018,303.18131240786465,151
26840000,53680.00001001855,-207541.38028457772,299.76388764826027,151
26845000,53690.00001002059,-206718.5967987551,298.8851949428934,151
26850000,53700.000010022624,-206964.2738197283,299.7869317117557,151
26855000,53710.00001002466,-205749.5904699131,300.43893326696207,151
26860000,53720.0000100267,-206341.84294531192,296.58130700799217,151
26865000,53730.000010028736,-206691.25975799898,300.670413784721,151
26870000,53740.00001003077,-207327.4707353413,302.34839001275924,151
26875000,53750.00001003281,-206193.70491974358,298.33950443765116,151
26880000,53760.00001003485,-206443.12030174152,298.95387337323706,151
26885000,53770.000010036885,-206553.30069746252,298.9024121970172,151
26890000,53780.00001003892,-207344.2657765547,306.59728647778314,151
26895000,53790.00001004096,-206590.69860111887,302.3802571240131,151
26900000,53800.000010043,-207235.41699728055,300.66079227932283,151
26905000,53810.000010045034,-206129.04322940635,301.86645378338307,151
26910000,53820.00001004707,-206052.33529253502,298.24087438752883,151
26915000,53830.00001004911,-207124.65604379354,300.35944635617034,151
26920000,53840.000010051146,-206602.01003346057,299.1268529527622,151
26925000,53850.00001005318,-206418.89580883575,294.0017700706515,151
26930000,53860.00001005522,-206505.8758834818,302.8927581098619,151
26935000,53870.00001005726,-206779.56681141676,301.3758718085064,151
26940000,53880.000010059295,-206848.5449294215,298.32821356036663,151
26945000,53890.00001006133,-205862.4076901425,300.0076642430803,151
26950000,53900.00001006337,-206015.84160067525,302.50825389533935,151
26955000,53910.00001006541,-205972.23476803082,301.2787787403547,151
26960000,53920.000010067444,-206155.0005559536,293.4196660466516,151
26965000,53930.00001006948,-206185.8135263467,303.012652557722,151
26970000,53940.00001007152,-205543.3510736915,297.9997271375012,151
26975000,53950.000010073556,-205407.3105750468,301.3257474950774,151
26980000,53960.00001007559,-207168.51477039664,300.6389929021618,151
26985000,53970.00001007763,-205960.57962871657,301.9988268575834,151
26990000,53980.00001007967,-205806.50105838617,293.1000505166334,151
26995000,53990.000010081705,-206220.34624443925,301.0269051852283,151
27000000,54000.00001008374,-206541.9555423772,306.6755543120314,151
27005000,54010.00001008578,-206749.47416341573,303.2007169178771,151
27010000,54020.00001008782,-206413.09896998748,297.7070598610907,151
27015000,54030.000010089854,-206506.0434867578,297.2831576126083,151
27020000,54040.00001009189,-206812.52838426153,303.15923428524917,151
27025000,54050.00001009393,-206915.8849592876,302.76775148780087,151
27030000,54060.000010095966,-206469.6658897741,298.72898285397713,151
27035000,54070.000010098,-206409.4721819443,294.14757217682796,151
27040000,54080.00001010004,-206611.42493666662,299.169021582455,151
27045000,54090.00001010208,-206452.86536964402,304.24236561980155,151
27050000,54100.000010104115,-206570.9681586061,303.7303406826874,151
27055000,54110.00001010615,-206896.5429369961,299.5186009556995,151
27060000,54120.00001010819,-206224.4648694317,299.61052486610583,151
27065000,54130.00001011023,-206438.91821159027,299.8056339335461,151
27070000,54140.000010112264,-206783.23040865327,301.2003935536218,151
27075000,54150.0000101143,-206998.6982022638,295.2271959654546,151
27080000,54160.00001011634,-206569.50261488184,301.47998322790966,151
27085000,54170.000010118376,-207080.19582203287,300.83131892118433,151
27090000,54180.00001012041,-205946.67687897244,307.0836298010559,151
27095000,54190.00001012245,-206841.91101107956,302.5449940022613,151
27100000,54200.00001012449,-206886.62762676307,301.1698579228078,151
27105000,54210.000010126525,-206498.85721028678,304.5535694552449,151
27110000,54220.00001012856,-206912.4793039281,301.11936963894044,151
27115000,54230.0000101306,-206152.88797351485,301.3622185735633,151
27120000,54240.00001013264,-206707.16614779667,296.1711554214333,151
27125000,54250.000010134674,-207060.3681531871,299.7781479483191,151
27130000,54260.00001013671,-206334.45360031293,296.3091782539111,151
27135000,54270.00001013875,-206812.85972939606,302.94567853768916,151
27140000,54280.000010140786,-206565.0892852717,299.0512381684358,151
27145000,54290.00001014282,-206560.54907947034,295.7740941902254,151
27150000,54300.00001014486,-206587.38901862828,299.4817298708157,151
27155000,54310.0000101469,-207263.23151132348,299.3267190889385,151
27160000,54320.000010148935,-206892.12244600395,298.54214997571194,151
27165000,54330.00001015097,-205896.2334655648,302.7690488703853,151
27170000,54340.00001015301,-206548.91043528996,299.095047199316,151
27175000,54350.00001015505,-206391.58818491362,295.7547601971488,151
27180000,54360.000010157084,-207157.02050283714,300.0931038838756,151
27185000,54370.00001015912,-206334.18190473528,301.8151290681336,151
27190000,54380.00001016116,-206101.0095823278,304.98715461997756,151
27195000,54390.000010163196,-206907.6379016603,302.6682601958685,151
27200000,54400.00001016523,-206175.2473692255,300.4137113611093,151
27205000,54410.00001016727,-206370.37430983176,296.4233968331678,151
27210000,54420.00001016931,-206949.61294734257,298.247605033756,151
27215000,54430.000010171345,-205862.32633795997,299.3632628209671,151
27220000,54440.00001017338,-206098.56841025234,301.24236049341084,151
27225000,54450.00001017542,-206889.73319686763,302.53648780743595,151
27230000,54460.00001017746,-206637.8531144344,301.62077859701225,151
27235000,54470.000010179494,-206105.5790925899,304.61727671627773,151
27240000,54480.00001018153,-205838.07979245286,297.6076199772713,151
27245000,54490.00001018357,-207089.12098138162,302.3987479995517,151
27250000,54500.000010185606,-206052.87435105164,296.7808695853927,151
27255000,54510.00001018764,-206774.2674427561,300.5851452999991,151
27260000,54520.00001018968,-206848.77666733263,299.3480534853354,151
27265000,54530.00001019172,-206476.2926124467,304.5116765390962,151
27270000,54540.000010193755,-206613.12491758424,303.00345671776665,151
27275000,54550.00001019579,-207377.17207942577,296.9808509561105,151
27280000,54560.00001019783,-206370.94894109096,305.40971783868196,151
27285000,54570.00001019987,-207197.4863136044,303.11436218221377,151
27290000,54580.000010201904,-206489.4314767227,300.28281938589924,151
27295000,54590.00001020394,-205876.88101341936,299.64674534842726,151
27300000,54600.00001020598,-207056.91330861207,303.6220911284376,151
27305000,54610.000010208016,-207282.75147116766,303.657112731098,151
27310000,54620.00001021005,-206998.65852202591,297.4590160407142,151
27315000,54630.00001021209,-206285.31058240484,302.8230985027884,151
27320000,54640.00001021413,-206457.32800143934,299.6446557993035,151
27325000,54650.000010216165,-206205.40746172867,300.7135985489585,151
27330000,54660.0000102182,-206095.50636419526,300.19235680972946,151
27335000,54670.00001022024,-206934.29678929073,303.8936928588658,151
27340000,54680.00001022228,-207052.36136902357,301.9322613498672,151
27345000,54690.000010224314,-207359.77735686954,298.9316848430973,151
27350000,54700.00001022635,-206292.51398688194,296.2748364956636,151
27355000,54710.00001022839,-206810.07434821106,299.9215233458867,151
27360000,54720.000010230426,-205917.71216520178,298.17635641206516,151
27365000,54730.00001023246,-205573.9718335243,296.91030455185444,151
27370000,54740.0000102345,-207171.15588355414,300.3410640487343,151
27375000,54750.00001023654,-206179.82945785625,300.7398052328807,151
27380000,54760.000010238575,-206393.05841791932,305.9593126124057,151
27385000,54770.00001024061,-206661.30371237954,301.38889788378503,151
27390000,54780.00001024265,-207136.03216497868,299.9495390138776,151
27395000,54790.00001024469,-206764.4924767383,299.26948495601357,151
27400000,54800.000010246724,-206702.32181835128,302.3771136872364,151
27405000,54810.00001024876,-206459.6101965321,302.13160844499333,151
27410000,54820.0000102508,-207020.50907669892,298.0898163570292,151
27415000,54830.000010252836,-206392.53303790034,302.0068318829168,151
27420000,54840.00001025487,-206664.7002828368,301.50524453353484,151
27425000,54850.00001025691,-206266.51923097903,296.1049067574873,151
27430000,54860.00001025895,-206336.0627254208,302.20607997860327,151
27435000,54870.000010260985,-207633.61263970332,297.1896963055225,151
27440000,54880.00001026302,-206810.39774931862,298.52919894806706,151
27445000,54890.00001026506,-206919.19394094497,300.87510190867425,151
27450000,54900.0000102671,-206914.9283750183,296.6389278445524,151
27455000,54910.000010269134,-206629.535695152,297.3635962697145,151
27460000,54920.00001027117,-207062.35339859198,298.73922152913923,151
27465000,54930.00001027321,-206446.86033428833,299.0267513307056,151
27470000,54940.000010275246,-205986.92441674753,297.44047152783213,151
27475000,54950.00001027728,-206766.1034499933,297.09322222266746,151
27480000,54960.00001027932,-206452.15087791893,301.74036384008474,151
27485000,54970.00001028136,-206730.2077789075,305.62130091415867,151
27490000,54980.000010283395,-206891.2092475047,301.4712989092829,151
27495000,54990.00001028543,-206833.44266980793,303.1462131715282,151
27500000,55000.00001028747,-206483.29921399406,302.3938700233089,151
27505000,55010.00001028951,-206233.83093882387,304.13820778943875,151
27510000,55020.000010291544,-206917.79498653882,300.10812954506866,151
27515000,55030.00001029358,-206741.39793867175,298.13658544539373,151
27520000,55040.00001029562,-206547.3962955178,302.733631491783,151
27525000,55050.000010297656,-206694.03896479902,296.0427881561052,151
27530000,55060.00001029969,-205764.79423419456,299.7069458100527,151
27535000,55070.00001030173,-207107.01341070433,298.4754571936808,151
27540000,55080.00001030377,-207105.60761933366,298.92049755406384,151
27545000,55090.000010305805,-206910.02584828262,294.7974642328118,151
27550000,55100.00001030784,-206068.56401736487,303.5843788731316,151
27555000,55110.00001030988,-206517.693577533,298.9528489711937,151
27560000,55120.00001031192,-206822.18449490564,299.15343958527865,151
27565000,55130.000010313954,-207365.07835107122,298.6690103818543,151
27570000,55140.00001031599,-206574.70386239735,295.91259681405927,151
27575000,55150.00001031803,-207055.22126339865,298.6413391947032,151
27580000,55160.000010320065,-206406.77973211592,295.99738931615957,151
27585000,55170.0000103221,-206175.07762736396,300.49447761886097,151
27590000,55180.00001032414,-206868.00001848757,300.6253487039295,151
27595000,55190.00001032618,-206407.63281100604,307.22939131852945,151
27600000,55200.000010328215,-206603.63823845529,300.68422346375854,151
27605000,55210.00001033025,-206152.83170250547,299.0798677157543,151
27610000,55220.00001033229,-206266.4715919689,298.4133546820232,151
27615000,55230.000010334326,-206717.21264140157,301.86238017386484,151
27620000,55240.00001033636,-206157.8210682833,305.1083088578486,151
27625000,55250.0000103384,-206379.72703194502,301.7863917963163,151
27630000,55260.00001034044,-206817.97828507202,297.907044681546,151
27635000,55270.000010342475,-207561.2248476873,299.7510366084594,151
27640000,55280.00001034451,-207403.09381468303,296.9751583538038,151
27645000,55290.00001034655,-205925.2892304305,297.8610963960533,151
27650000,55300.00001034859,-206691.37912503025,300.5909093479106,151
27655000,55310.000010350625,-206216.19426880532,302.4191181258397,151
27660000,55320.00001035266,-206712.35577005637,298.8749321323751,151
27665000,55330.0000103547,-207304.44710706256,299.99229410579073,151
27670000,55340.000010356736,-206641.67392215924,305.22341687037743,151
27675000,55350.00001035877,-206688.7212506414,299.0689349063034,151
27680000,55360.00001036081,-206096.4969943671,299.65359779656484,151
27685000,55370.00001036285,-206707.7637607765,294.8837716702095,151
27690000,55380.000010364885,-205642.60256842233,304.85567199942176,151
27695000,55390.00001036692,-206746.30997122615,297.5801217368881,151
27700000,55400.00001036896,-206798.07524656737,298.42706241451015,151
27705000,55410.000010371,-206393.75391703658,299.4031892681955,151
27710000,55420.000010373034,-206426.25996581698,301.65623422544144,151
27715000,55430.00001037507,-206748.70500130823,301.4489478067054,151
27720000,55440.00001037711,-206403.20601161034,294.79603768633746,151
27725000,55450.000010379146,-205853.41613861348,294.6217082952024,151
27730000,55460.00001038118,-206499.58891748148,298.80862564653125,151
27735000,55470.00001038322,-206338.13570503867,298.40672842249415,151
27740000,55480.00001038526,-206823.4929183795,296.5212149340614,151
27745000,55490.000010387295,-205855.36654235376,293.64770316038766,151
27750000,55500.00001038933,-206296.02345552004,301.037411765111,151
27755000,55510.00001039137,-206053.98318899318,299.9807125201806,151
27760000,55520.00001039341,-206641.0223826163,300.78986315323476,151
27765000,55530.000010395444,-206753.98629740195,303.03164322134774,151
27770000,55540.00001039748,-206404.9997974846,297.9896909989587,151
27775000,55550.00001039952,-206384.09125444537,301.77557916214505,151
27780000,55560.000010401556,-205652.75963741262,298.03921799680234,151
27785000,55570.00001040359,-206384.3350701296,299.15155443511674,151
27790000,55580.00001040563,-205975.6109037922,301.3566333363918,151
27795000,55590.00001040767,-206583.6518814898,295.5558357348942,151
27800000,55600.000010409705,-206916.97508183424,298.3477034072629,151
27805000,55610.00001041174,-206404.16727412748,298.3894561879074,151
27810000,55620.00001041378,-206204.80663622066,300.1892467251838,151
27815000,55630.00001041582,-206950.88306040806,301.51630465757387,151
27820000,55640.000010417854,-206536.9853242532,301.99634425158496,151
27825000,55650.00001041989,-207008.7164166188,298.6776856672454,151
27830000,55660.00001042193,-207189.46239142166,303.1080260206905,151
27835000,55670.000010423966,-206818.5489122183,298.59389670175756,151
27840000,55680.000010426,-207013.63852516015,300.7229766405122,151
27845000,55690.00001042804,-206673.88766926527,303.51197072159204,151
27850000,55700.00001043008,-205958.8154647164,299.2670150416875,151
27855000,55710.000010432115,-205917.37835711672,300.7693662293605,151
27860000,55720.00001043415,-206687.6745622392,295.2270384779762,151
27865000,55730.00001043619,-206336.13768928952,296.6316030196014,151
27870000,55740.00001043823,-205710.24647146964,302.1647475501506,151
27875000,55750.000010440264,-206285.34175769484,301.5751303434909,151
27880000,55760.0000104423,-206646.56243202905,305.2678270329825,151
27885000,55770.00001044434,-205883.67317075736,302.29362674721807,151
27890000,55780.000010446376,-206801.91571696417,306.4400105872425,151
27895000,55790.00001044841,-206701.24700341525,298.69151778157374,151
27900000,55800.00001045045,-206944.3803324952,299.02373118699853,151
27905000,55810.00001045249,-206608.9649764467,295.76240069872694,151
27910000,55820.000010454525,-205936.40647197212,300.1351205321183,151
27915000,55830.00001045656,-206304.24873967352,301.9238682400935,151
27920000,55840.0000104586,-205144.1780659674,304.1046396553155,151
27925000,55850.00001046064,-206415.9451382464,298.6773954479949,151
27930000,55860.000010462674,-206813.41615598532,303.3038491039902,151
27935000,55870.00001046471,-206522.9169302918,305.77392934009106,151
27940000,55880.00001046675,-206546.9668265644,299.6557325928603,151
27945000,55890.000010468786,-206495.3765151113,299.97565556442015,151
27950000,55900.00001047082,-205849.0703584666,299.61944461527776,151
27955000,55910.00001047286,-206301.42287011188,299.12438358143436,151
27960000,55920.0000104749,-207827.5451861322,303.52935110537845,151
27965000,55930.000010476935,-206596.48156832042,298.7032747161454,151
27970000,55940.00001047897,-207588.97212368564,306.94786975793284,151
27975000,55950.00001048101,-207088.61506449187,300.75519586987616,151
27980000,55960.00001048305,-206228.37907626457,300.68791387833267,151
27985000,55970.000010485084,-206646.21709556878,299.03182848852964,151
27990000,55980.00001048712,-206476.34537851228,301.6931322524751,151
27995000,55990.00001048916,-207040.3959712257,299.03506193553784,151
28000000,56000.000010491196,-206595.50776975416,301.6521655946611,151
28005000,56010.00001049323,-207009.86766460037,298.93623678455947,151
28010000,56020.00001049527,-206133.87524630746,302.1924016616771,151
28015000,56030.00001049731,-206472.6368640951,300.16920434806974,151
28020000,56040.000010499345,-206638.4935229288,301.2315999292807,151
28025000,56050.00001050138,-206549.28668620973,301.7260961267118,151
28030000,56060.00001050342,-206769.0893123682,297.6744654433356,151
28035000,56070.00001050546,-206531.9400996545,301.26112448308606,151
28040000,56080.000010507494,-206627.5595920569,301.7823459032383,151
28045000,56090.00001050953,-206578.7692772809,300.41523008647334,151
28050000,56100.00001051157,-206797.98789785488,297.7100311187675,151
28055000,56110.000010513606,-206143.0476045314,297.116314503735,151
28060000,56120.00001051564,-206443.4714858469,300.860100871155,151
28065000,56130.00001051768,-206571.4329312808,296.563795816571,151
28070000,56140.00001051972,-206101.1693616818,297.4882373247759,151
28075000,56150.000010521755,-206719.33661663695,301.6739876307118,151
28080000,56160.00001052379,-206720.972656423,291.51514478399986,151
28085000,56170.00001052583,-206988.24981978163,303.7332122399034,151
28090000,56180.00001052787,-205944.05068774708,298.1676024302304,151
28095000,56190.000010529904,-206844.49533028807,298.7822455686386,151
28100000,56200.00001053194,-206877.5029065155,296.58085485607205,151
28105000,56210.00001053398,-206268.27182455605,299.6069127368012,151
28110000,56220.000010536016,-206133.56152388686,301.24590052675495,151
28115000,56230.00001053805,-207179.62253202696,298.4203780802679,151
28120000,56240.00001054009,-206431.4403353983,304.1265073368327,151
28125000,56250.00001054213,-206175.42646554473,300.65873274267767,151
28130000,56260.000010544165,-206859.9443908051,302.4492485085793,151
28135000,56270.0000105462,-206690.30496817117,299.85343886801803,151
28140000,56280.00001054824,-206771.54709225532,299.5697252820964,151
28145000,56290.00001055028,-206897.5911679481,296.888390334086,151
28150000,56300.000010552314,-206467.41558479902,302.33904977721545,151
28155000,56310.00001055435,-206352.77292960626,306.62788271805454,151
28160000,56320.00001055639,-206451.26094021404,299.8101605916117,151
28165000,56330.000010558426,-206483.26442537806,300.04760590463997,151
28170000,56340.00001056046,-206654.2232337891,302.32161662784654,151
28175000,56350.0000105625,-206457.57243184873,302.81000640361754,151
28180000,56360.00001056454,-205992.79563475947,298.6869741336804,151
28185000,56370.000010566575,-205848.36261384806,298.0462973542708,151
28190000,56380.00001056861,-206095.15211428213,301.29889787381853,151
28195000,56390.00001057065,-207567.09079283196,297.29865784305156,151
28200000,56400.00001057269,-206797.89003560191,298.8057104957838,151
28205000,56410.000010574724,-206004.53722145897,295.4338569198088,151
28210000,56420.00001057676,-206561.8655139173,306.3413644854898,151
28215000,56430.0000105788,-206201.52102202375,301.4848079264968,151
28220000,56440.000010580836,-206492.57847425214,297.6111639876777,151
28225000,56450.00001058287,-207460.6631548216,302.3350547254963,151
28230000,56460.00001058491,-206724.46139648696,297.81889654820066,151
28235000,56470.00001058695,-207178.41973741516,301.6712888371043,151
28240000,56480.000010588985,-206250.1444116953,299.05728568195315,151
28245000,56490.00001059102,-206778.98843475687,301.78330886168726,151
28250000,56500.00001059306,-206402.4468148083,299.8508296090893,151
28255000,56510.0000105951,-205618.86677679932,301.18059510028195,151
28260000,56520.000010597134,-206260.14864491345,303.07823856603284,151
28265000,56530.00001059917,-206537.52156812546,303.3762386473341,151
28270000,56540.00001060121,-206839.90862826607,298.31472456900497,151
28275000,56550.000010603246,-206546.53086404956,298.7717397685042,151
28280000,56560.00001060528,-205994.17849516298,300.01536784084357,151
28285000,56570.00001060732,-205999.4139250553,297.2542846182997,151
28290000,56580.00001060936,-206116.60973435978,301.6338440415822,151
28295000,56590.000010611395,-205834.13757039572,302.9381735477088,151
28300000,56600.00001061343,-206286.16577185784,300.18842033778554,151
28305000,56610.00001061547,-206500.9068955375,300.01942977701526,151
28310000,56620.00001061751,-206630.0202633905,296.8994388788103,151
28315000,56630.000010619544,-206781.27117242385,299.5279044229708,151
28320000,56640.00001062158,-206795.0003928463,300.1736601924693,151
28325000,56650.00001062362,-206305.8116235307,303.10206851819805,151
28330000,56660.000010625656,-206587.05497802992,302.55499557064473,151
28335000,56670.00001062769,-206441.43734618416,302.81229280188955,151
28340000,56680.00001062973,-206317.48912551743,300.211605673609,151
28345000,56690.00001063177,-207285.5021975569,299.97739652631714,151
28350000,56700.000010633805,-206996.93550956692,298.94060051188296,151
28355000,56710.00001063584,-205413.0403340211,299.6544729031847,151
28360000,56720.00001063788,-206573.1897747434,298.4243383969206,151
28365000,56730.00001063992,-206659.5637220412,294.3161649443511,151
28370000,56740.000010641954,-206062.16871488758,298.40880345522856,151
28375000,56750.00001064399,-206032.936439345,297.0076850726164,151
28380000,56760.00001064603,-207043.09290874156,297.46972921580243,151
28385000,56770.000010648066,-206768.42095640057,301.6789746516828,151
28390000,56780.0000106501,-206571.35317475698,301.2859545960072,151
28395000,56790.00001065214,-207353.77339308988,300.3347581600562,151
28400000,56800.00001065418,-206593.2891586544,302.89868127594787,151
28405000,56810.000010656215,-206994.95774205495,305.59885599809706,151
28410000,56820.00001065825,-206314.7621975242,299.93780449904017,151
28415000,56830.00001066029,-205900.31816760602,301.5409505041031,151
28420000,56840.00001066233,-206196.09212270263,299.92702540037345,151
28425000,56850.000010664364,-206792.9053362885,299.27369985021005,151
28430000,56860.0000106664,-207316.0686842329,302.0008952269226,151
28435000,56870.00001066844,-206377.3134530423,298.117177493783,151
28440000,56880.000010670476,-206425.86055258475,303.8721984713295,151
28445000,56890.00001067251,-206265.27690220915,299.6542249578991,151
28450000,56900.00001067455,-206839.9844902231,298.0567276074162,151
28455000,56910.00001067659,-205944.72985558538,303.02810586678146,151
28460000,56920.000010678625,-206290.30806244386,301.6854297770522,151
28465000,56930.00001068066,-206814.37949397333,295.46891441679384,151
28470000,56940.0000106827,-207287.9816888176,297.89237286524445,151
28475000,56950.00001068474,-206206.91453393595,300.1073076840835,151
28480000,56960.000010686774,-207526.56786820467,298.4864051158913,151
28485000,56970.00001068881,-206594.75127886096,299.45446448876316,151
28490000,56980.00001069085,-206998.05566140893,302.952873417094,151
28495000,56990.000010692886,-206730.84780159534,303.2205802389265,151
28500000,57000.00001069492,-207247.79204575787,303.7883498068261,151
28505000,57010.00001069696,-206356.61873667326,295.6875511920175,151
28510000,57020.000010699,-206146.99680962565,295.6419036625235,151
28515000,57030.000010701035,-206263.6691291089,301.9925166306959,151
28520000,57040.00001070307,-206439.91850394767,299.42057335586446,151
28525000,57050.00001070511,-206715.4142324644,297.46382548762324,151
28530000,57060.00001070715,-206937.71803754184,300.32173523844267,150
28535000,57070.000010709184,-206021.07706441497,300.74274084975474,150
28540000,57080.00001071122,-206817.13265762362,299.3231363637758,150
28545000,57090.00001071326,-206993.39022345247,304.7349148466002,150
28550000,57100.000010715296,-207109.34967337165,294.01658850801425,150
28555000,57110.00001071733,-206642.209826238,295.1931758532336,150
28560000,57120.00001071937,-207223.76584564545,295.2680389852311,150
28565000,57130.00001072141,-207031.34791947866,302.00208590710093,150
28570000,57140.000010723445,-205781.67627930932,301.1099277527609,150
28575000,57150.00001072548,-206501.23501337587,300.3911805849766,150
28580000,57160.00001072752,-206115.57213774358,296.01030868274216,150
28585000,57170.00001072956,-206461.363379227,299.2998273913476,150
28590000,57180.000010731594,-206024.3948565561,299.5306522614866,150
28595000,57190.00001073363,-206700.70675206685,300.6073747491938,150
28600000,57200.00001073567,-206727.83346779202,301.4521606367681,150
28605000,57210.000010737705,-206171.95248443284,298.11160831873417,150
28610000,57220.00001073974,-206506.72578121966,299.7283187785993,150
28615000,57230.00001074178,-206973.95121047483,299.62811774188776,150
28620000,57240.00001074382,-206520.59835792356,302.00518510973825,150
28625000,57250.000010745855,-206804.79023374105,301.22019036311605,150
28630000,57260.00001074789,-206808.20701715758,300.90437392850043,150
28635000,57270.00001074993,-206351.4841983862,297.4558185175378,150
28640000,57280.000010751966,-206478.13025378017,301.9154184339291,150
28645000,57290.000010754,-206891.27029179758,296.5696041146034,150
28650000,57300.00001075604,-206918.73687482264,299.84834154800603,150
28655000,57310.00001075808,-207034.7794635424,296.9923769800733,150
28660000,57320.000010760115,-205877.74008359888,295.96917186326505,150
28665000,57330.00001076215,-206937.35329256905,296.3141635744979,150
28670000,57340.00001076419,-206493.0052383938,299.4683848371124,150
28675000,57350.00001076623,-206520.3478885244,297.2738742115487,150
28680000,57360.000010768264,-206926.55263066688,296.8753455733944,150
28685000,57370.0000107703,-206606.5581318693,304.9313502037062,150
28690000,57380.00001077234,-206701.78238427953,298.3775559029946,150
28695000,57390.000010774376,-206683.50890169246,302.14956240159313,150
28700000,57400.00001077641,-206193.98034353938,302.22471628166187,150
28705000,57410.00001077845,-206454.78891090222,303.978419359567,150
28710000,57420.00001078049,-206264.05090180459,303.56352474633303,150
28715000,57430.000010782525,-207561.40408261912,304.1240472606257,150
28720000,57440.00001078456,-206827.5618689392,298.7226606720897,150
28725000,57450.0000107866,-205984.8310600178,302.9911540320885,150
28730000,57460.00001078864,-206541.2669075398,302.18164858690955,150
28735000,57470.000010790674,-206219.57740899804,297.3868087814289,150
28740000,57480.00001079271,-207566.49068572302,301.21586916058266,150
28745000,57490.00001079475,-206056.32478110096,299.0480216594217,150
28750000,57500.000010796786,-206380.3714611996,301.23119646058456,150
28755000,57510.00001079882,-206293.58403807215,302.8875179350955,150
28760000,57520.00001080086,-206667.54879972874,300.0777757776638,150
28765000,57530.0000108029,-205661.04926074808,305.1474633582183,150
28770000,57540.000010804935,-206770.15407790034,297.21814653640683,150
28775000,57550.00001080697,-206069.12981239439,305.9748913842465,150
28780000,57560.00001080901,-206558.5975449261,296.44683954918435,150
28785000,57570.00001081105,-206747.44014146726,301.5045401482704,150
28790000,57580.000010813084,-206049.71515812934,302.0342707629105,150
28795000,57590.00001081512,-206120.46043451526,296.1542354966386,150
28800000,57600.00001081716,-205916.00827554206,302.4754360648708,150
28805000,57610.000010819196,-207006.1348961637,304.2295479253524,150
28810000,57620.00001082123,-205982.5203103599,300.784650083665,150
28815000,57630.00001082327,-206906.8274091829,301.2659120946129,150
28820000,57640.00001082531,-206790.52078052785,305.5935379090565,150
28825000,57650.000010827345,-207083.51308500033,300.80081683852484,150
28830000,57660.00001082938,-207385.92508996848,297.8016106507076,150
28835000,57670.00001083142,-206530.357492793,303.92661561039495,150
28840000,57680.00001083346,-206210.12693185965,304.25869897073966,150
28845000,57690.000010835494,-207318.11079519475,300.5942616901715,150
28850000,57700.00001083753,-206834.45699110953,298.44269403285557,150
28855000,57710.00001083957,-206407.87406047538,296.90212504212144,150
28860000,57720.000010841606,-205939.11701040238,299.435212624745,150
28865000,57730.00001084364,-206848.83026920375,298.23365569553334,150
28870000,57740.00001084568,-206818.19886111678,301.35745774189746,150
28875000,57750.00001084772,-206030.10420429253,299.8066034691873,150
28880000,57760.000010849755,-206410.54618620384,300.07735150090883,150
28885000,57770.00001085179,-206389.17290611402,296.1711815315852,150
28890000,57780.00001085383,-206859.5331643551,294.61103558683976,150
28895000,57790.00001085587,-207194.62323623593,298.47601883887324,150
28900000,57800.000010857904,-206223.35676638305,297.84025439989324,150
28905000,57810.00001085994,-207145.34020141978,297.2209726076001,150
28910000,57820.00001086198,-206339.628621183,304.22429347496836,150
28915000,57830.000010864016,-205699.47441346315,305.75088551074845,150
28920000,57840.00001086605,-206274.9730419767,301.39235470270904,150
28925000,57850.00001086809,-206207.56753256405,297.7757835203143,150
28930000,57860.00001087013,-206934.57093741058,303.46543840540124,150
28935000,57870.000010872165,-206252.47441959602,302.14018740944033,150
28940000,57880.0000108742,-206843.74104513216,297.3121374961884,150
28945000,57890.00001087624,-206828.46268808364,298.9148901958442,150
28950000,57900.00001087828,-206724.06726863643,300.1342902992018,150
28955000,57910.000010880314,-206923.14696338482,304.02764140324393,150
28960000,57920.00001088235,-206575.88861424453,300.6279159021212,150
28965000,57930.00001088439,-206552.83329055738,298.6917107375894,150
28970000,57940.000010886426,-206584.80517027155,302.51545744769703,150
28975000,57950.00001088846,-206590.28220108978,302.12755983200213,150
28980000,57960.0000108905,-206103.75156772835,302.0804439512205,150
28985000,57970.00001089254,-206666.33591492497,299.5494104927411,150
28990000,57980.000010894575,-206842.6691708935,300.2626418547593,150
28995000,57990.00001089661,-206198.58675638598,295.3268368497694,150
29000000,58000.00001089865,-206978.12370292773,302.8421323261064,150
29005000,58010.00001090069,-206666.75166229845,300.0039519632074,150
29010000,58020.000010902724,-206708.19244740705,298.5179313747531,150
29015000,58030.00001090476,-206712.62360892573,301.1876288041398,150
29020000,58040.0000109068,-206602.07244710065,295.5632485660544,150
29025000,58050.000010908836,-206476.76184266212,298.8030595413129,150
29030000,58060.00001091087,-206246.7803291045,295.1670244843668,150
29035000,58070.00001091291,-206414.2721583884,298.0806237566874,150
29040000,58080.00001091495,-206292.97321169334,296.51112367306155,150
29045000,58090.000010916985,-207862.24076566368,299.8876084192884,150
29050000,58100.00001091902,-206007.36746404564,303.11168834686845,150
29055000,58110.00001092106,-207406.51903947385,297.7873241780381,150
29060000,58120.0000109231,-206966.95985090395,297.7835761563301,150
29065000,58130.000010925134,-206953.26339086588,297.6196838261947,150
29070000,58140.00001092717,-206580.6478632996,299.8472281483409,150
29075000,58150.00001092921,-205815.87197879737,302.25433098746123,150
29080000,58160.000010931246,-207175.5301400579,292.2339642521247,150
29085000,58170.00001093328,-206783.78495476244,302.36454191037035,150
29090000,58180.00001093532,-206497.0814458205,298.95501350785923,150
29095000,58190.00001093736,-206528.89696047106,299.7948333556486,150
29100000,58200.000010939395,-206468.20949307247,299.40329509853495,150
29105000,58210.00001094143,-206654.2503080523,298.8295232222721,150
29110000,58220.00001094347,-206844.14084194403,295.7824429631526,150
29115000,58230.00001094551,-206509.6981021494,304.3293037948284,150
29120000,58240.000010947544,-206038.89423273923,304.2664737714034,150
29125000,58250.00001094958,-206840.9249058793,301.5577660686118,150
29130000,58260.00001095162,-207144.98023194063,298.54463701745107,150
29135000,58270.000010953656,-206604.0303564699,301.5859965445554,150
29140000,58280.00001095569,-206842.40079494263,299.16113120741954,150
29145000,58290.00001095773,-206923.31057503726,299.60601110725133,150
29150000,58300.00001095977,-207054.61165974615,299.83467368086116,150
29155000,58310.000010961805,-207107.67387376982,298.1027404875367,150
29160000,58320.00001096384,-206253.37133626977,294.8938444883944,150
29165000,58330.00001096588,-206102.79291079985,296.7921209405042,150
29170000,58340.00001096792,-205696.97047397483,297.8298707075364,150
29175000,58350.000010969954,-206185.74805194198,299.5722322906969,150
29180000,58360.00001097199,-206550.6719981155,301.3489799077464,150
29185000,58370.00001097403,-206481.54071205237,299.2672457217624,150
29190000,58380.000010976066,-207065.4882060202,300.2741768510072,150
29195000,58390.0000109781,-207094.45480737055,295.119236756108,150
29200000,58400.00001098014,-207038.44740657986,302.7363896312322,150
29205000,58410.00001098218,-206342.63073929516,297.7433179908063,150
29210000,58420.000010984215,-206443.40939818928,301.30273782360183,150
29215000,58430.00001098625,-206995.83862542862,300.37236385547806,150
29220000,58440.00001098829,-206252.2932673971,302.7173136166236,150
29225000,58450.00001099033,-206742.34982342098,298.5763297086937,150
29230000,58460.000010992364,-206660.31592972286,304.8763447932868,150
29235000,58470.0000109944,-206365.1573567713,299.9728319164396,150
29240000,58480.00001099644,-206818.56417256792,293.40981790840954,150
29245000,58490.000010998476,-206783.91416406643,301.12560105453,150
29250000,58500.00001100051,-205804.75264523725,302.95097541529924,150
29255000,58510.00001100255,-206870.3765268597,300.69928003312083,150
29260000,58520.00001100459,-206670.1570891483,298.44795844517796,150
29265000,58530.000011006625,-205714.42468883866,301.7324529001234,150
29270000,58540.00001100866,-206719.92265391175,302.6535903526502,150
29275000,58550.0000110107,-206147.21169761603,297.9447897800512,150
29280000,58560.00001101274,-206260.2423948556,300.1767204143598,150
29285000,58570.000011014774,-206320.40947661398,301.00481052591795,150
29290000,58580.00001101681,-205938.35006369627,304.33974059501037,150
29295000,58590.00001101885,-206600.70496161713,300.12887110457666,150
29300000,58600.000011020886,-206978.76799285226,304.6888629821654,150
29305000,58610.00001102292,-206733.59551021399,304.87729377119064,150
29310000,58620.00001102496,-207093.70196743472,295.45499598701645,150
29315000,58630.000011027,-206962.40228838718,299.5343816501573,150
29320000,58640.000011029035,-206022.4203482801,306.6949464037342,150
29325000,58650.00001103107,-206798.0135954345,302.52444827239344,150
29330000,58660.00001103311,-207110.99647459784,302.7126027057692,150
29335000,58670.00001103515,-206391.3271703563,303.12138617306624,150
29340000,58680.000011037184,-206439.91556748876,303.3485440325294,150
29345000,58690.00001103922,-206127.6339720788,299.06006592865464,150
29350000,58700.00001104126,-206825.05441930145,301.18959202694435,150
29355000,58710.000011043296,-207244.45646577992,301.69896050812144,150
29360000,58720.00001104533,-207162.95364235656,303.1273378667347,150
29365000,58730.00001104737,-206537.3249366664,295.2681126215654,150
29370000,58740.00001104941,-207691.73092277406,302.374998954123,150
29375000,58750.000011051445,-206833.077720279,296.96709878707253,150
29380000,58760.00001105348,-206422.83100873395,299.8973767006524,150
29385000,58770.00001105552,-205881.4538835131,301.7163497953469,150
29390000,58780.00001105756,-207052.53872025758,298.28902252143826,150
29395000,58790.000011059594,-206131.79572354082,305.0823246398769,150
29400000,58800.00001106163,-206950.55476361024,299.6889416075733,150
29405000,58810.00001106367,-206068.47411550127,299.733237219804,150
29410000,58820.000011065706,-206308.81362251332,298.56592760004946,150
29415000,58830.00001106774,-206525.88500730693,298.74105901207116,150
29420000,58840.00001106978,-206591.50386826857,300.45883521087757,150
29425000,58850.00001107182,-206142.1054471226,301.88351210187585,150
29430000,58860.000011073855,-206763.41448846483,299.01396377069807,150
29435000,58870.00001107589,-207232.78737691953,302.00398745696356,150
29440000,58880.00001107793,-206721.58622523758,304.4231439679453,150
29445000,58890.00001107997,-205836.4426802391,301.2039985608721,150
29450000,58900.000011082004,-206558.2875645766,306.1028646350544,150
29455000,58910.00001108404,-206191.00539211743,303.82118714367743,150
29460000,58920.00001108608,-206636.60413633136,303.99420550234527,150
29465000,58930.000011088116,-205958.42887391523,294.8236598342761,150
29470000,58940.00001109015,-206623.65960030933,301.6265525363223,150
29475000,58950.00001109219,-206455.2650033359,303.97910249179614,150
29480000,58960.00001109423,-206806.52490008983,298.6183649297173,150
29485000,58970.000011096265,-205440.77611911297,296.37959934841905,150
29490000,58980.0000110983,-206615.4870610882,309.6794221550249,150
29495000,58990.00001110034,-206631.4384320596,293.3760932510802,150
29500000,59000.00001110238,-206167.17941105145,303.4643661843802,150
29505000,59010.000011104414,-206458.99300025566,302.84538626414405,150
29510000,59020.00001110645,-206166.7126028519,299.514209841372,150
29515000,59030.00001110849,-206502.87374032475,303.66472327837175,150
29520000,59040.000011110526,-206516.02242197283,302.91217224180997,150
29525000,59050.00001111256,-206387.69929569447,297.3425878741256,150
29530000,59060.0000111146,-206477.37874778034,300.9332829459467,150
29535000,59070.00001111664,-206067.76714520075,300.9116470649075,150
29540000,59080.000011118675,-206521.30716690945,295.6933973803898,150
29545000,59090.00001112071,-206685.71147760353,302.27262698038163,150
29550000,59100.00001112275,-206619.23146427702,300.4784479416841,150
29555000,59110.00001112479,-206355.0004788331,304.1023567254623,150
29560000,59120.000011126824,-205648.73736864026,301.66034981255586,150
29565000,59130.00001112886,-206574.36766048952,299.66115088493297,150
29570000,59140.0000111309,-206339.99360455142,297.4114335185952,150
29575000,59150.000011132935,-206821.05818396783,300.66835944950935,150
29580000,59160.00001113497,-206522.72347848257,300.07563699111955,150
29585000,59170.00001113701,-206137.3910539538,300.55735417470635,150
29590000,59180.00001113905,-206358.95577144052,299.04531963423426,150
29595000,59190.000011141085,-206256.795996852,300.64541992662674,150
29600000,59200.00001114312,-206303.98333313735,302.2974431625897,150
29605000,59210.00001114516,-206801.03657279094,302.68386855092814,150
29610000,59220.000011147196,-206665.08194176864,295.63669805423234,150
29615000,59230.00001114923,-206751.59469389846,296.83963562317524,150
29620000,59240.00001115127,-206921.98228378827,301.93638269926817,150
29625000,59250.00001115331,-205903.7554207408,302.06407691753634,150
29630000,59260.000011155345,-205927.97023151733,297.9132746789901,150
29635000,59270.00001115738,-206329.31787702662,302.4405941054712,150
29640000,59280.00001115942,-206760.07451559906,299.2341988338521,150
29645000,59290.00001116146,-205845.80311777967,299.57433781557376,150
29650000,59300.000011163494,-206791.38700680435,293.4865659085908,150
29655000,59310.00001116553,-207076.40751518565,301.07412188164955,150
29660000,59320.00001116757,-206446.93208079843,302.1775469137339,150
29665000,59330.000011169606,-206844.73345376097,301.37049579039734,150
29670000,59340.00001117164,-206522.00408247346,297.1292121669633,150
29675000,59350.00001117368,-207307.33057062235,297.8496491321732,150
29680000,59360.00001117572,-206619.806162316,296.1759985680123,150
29685000,59370.000011177755,-206918.94077088544,299.0531630013385,150
29690000,59380.00001117979,-206527.0580024243,295.4584659318822,150
29695000,59390.00001118183,-206429.5062950796,300.3569805646461,150
29700000,59400.00001118387,-206882.45757035026,304.710176019868,150
29705000,59410.000011185904,-206406.5336290585,305.5113697867933,150
29710000,59420.00001118794,-206711.4157068102,300.1283697536852,150
29715000,59430.00001118998,-206302.47927781963,297.63769428327754,150
29720000,59440.000011192016,-206657.54380691587,303.1175042568223,150
29725000,59450.00001119405,-206436.8720428904,301.4057968898561,150
29730000,59460.00001119609,-206352.11969457672,298.87269952924885,150
29735000,59470.00001119813,-207092.64645399083,296.09359936309954,150
29740000,59480.000011200165,-207076.17446481204,297.3203320120751,150
29745000,59490.0000112022,-206455.81935031444,298.7255816698712,150
29750000,59500.00001120424,-207071.7969376397,299.0854595303675,150
29755000,59510.00001120628,-207292.09467078908,298.13242676000465,150
29760000,59520.000011208314,-206654.4750211353,302.3987189657215,150
29765000,59530.00001121035,-207581.49464179075,301.356772878193,150
29770000,59540.00001121239,-206528.29034716485,295.13551038088997,150
29775000,59550.000011214426,-207602.51939400763,303.39672478489996,150
29780000,59560.00001121646,-207065.45415748714,306.4352347391192,150
29785000,59570.0000112185,-206757.98830510792,296.4333365909738,150
29790000,59580.00001122054,-206853.35715600848,298.38177760864903,150
29795000,59590.000011222575,-206187.03370754851,302.7785465947115,150
29800000,59600.00001122461,-206157.4779671454,296.5972237754273,150
29805000,59610.00001122665,-206315.83543607197,297.7272647510408,150
29810000,59620.00001122869,-206776.42619331833,298.9575707824022,150
29815000,59630.000011230724,-206954.22151312255,299.66396184187835,150
29820000,59640.00001123276,-206676.9902119008,298.2985446932514,150
29825000,59650.0000112348,-206692.44890282478,302.76088705978196,150
29830000,59660.000011236836,-206191.05063027644,299.0962373613865,150
29835000,59670.00001123887,-205524.21344115143,299.5281207618118,150
29840000,59680.00001124091,-206347.92040831072,293.9787100044818,150
29845000,59690.00001124295,-206604.88092967798,296.7212317392014,150
29850000,59700.000011244985,-206030.567456946,304.348114223549,150
29855000,59710.00001124702,-207002.88397409406,298.1742760413726,150
29860000,59720.00001124906,-206793.63144886866,304.01218882730325,150
29865000,59730.0000112511,-205831.47751023783,299.287641556102,150
29870000,59740.000011253134,-206679.8296279949,297.4705864379805,150
29875000,59750.00001125517,-206619.88570953114,298.79536142201664,150
29880000,59760.00001125721,-206197.70476184215,302.9034650178776,150
29885000,59770.000011259246,-205959.13785875728,296.1445723811896,150
29890000,59780.00001126128,-205917.5708594832,301.45269743996,150
29895000,59790.00001126332,-206124.84401941719,300.10166935792904,150
29900000,59800.00001126536,-206894.78099772625,299.56546982465824,150
29905000,59810.000011267395,-206831.17381235922,301.4629912020451,150
29910000,59820.00001126943,-207123.66667699465,301.7402334593041,150
29915000,59830.00001127147,-206872.9177458632,305.1946439017137,150
29920000,59840.00001127351,-206477.96016182564,301.49270395408433,150
29925000,59850.000011275544,-206751.20633333747,295.5005132950791,150
29930000,59860.00001127758,-206962.52073943976,299.373128869604,150
29935000,59870.00001127962,-207226.96548370272,302.6067892643972,150
29940000,59880.000011281656,-206068.78624308587,300.92269877021613,150
29945000,59890.00001128369,-206451.11411980703,304.30072632143134,150
29950000,59900.00001128573,-206108.75452177937,298.8657114064911,150
29955000,59910.00001128777,-206633.82584908092,299.0214140801919,150
29960000,59920.000011289805,-206444.58427749365,300.9952549355466,150
29965000,59930.00001129184,-206798.84632229165,299.6106350260474,150
29970000,59940.00001129388,-205861.268810575,297.66594487118215,150
29975000,59950.00001129592,-206416.856753728,302.407865157106,150
29980000,59960.000011297954,-206285.60260336404,299.3189361491212,150
29985000,59970.00001129999,-206256.20569778665,299.2540852745855,150
29990000,59980.00001130203,-206229.6979858901,303.58354069798685,150
29995000,59990.000011304066,-206768.11869821534,307.2759983826249,150
30000000,60000.0000113061,-206758.8380721528,305.09244181290507,150
30005000,60010.00001130814,-205368.32765337103,295.13794910214125,150
30010000,60020.00001131018,-206636.9289977859,296.97263556618236,150
30015000,60030.000011312215,-205660.71447018604,299.60237233119835,150
30020000,60040.00001131425,-206746.22847039485,299.63253276677096,150
30025000,60050.00001131629,-206771.46915924666,301.2893898265517,150
30030000,60060.00001131833,-206611.57102899998,299.9178857723352,150
30035000,60070.000011320364,-207122.08839189925,301.14540702647406,150
30040000,60080.0000113224,-206401.19468346657,302.2640877023524,150
30045000,60090.00001132444,-205911.42647233908,300.65029770454413,150
30050000,60100.000011326476,-207330.96299670672,305.4037347514448,150
30055000,60110.00001132851,-205203.65122669947,304.81955683344466,150
30060000,60120.00001133055,-206809.56861314597,299.9746798395205,150
30065000,60130.00001133259,-206705.05239690433,300.6943893012988,150
30070000,60140.000011334625,-206060.40106988035,297.98960111473383,150
30075000,60150.00001133666,-205969.67811496858,297.94210064854184,150
30080000,60160.0000113387,-206791.7807409059,298.4997074497848,150
30085000,60170.00001134074,-206847.9201538032,301.6096659725529,150
30090000,60180.000011342774,-207076.69591615314,298.06499749789447,150
30095000,60190.00001134481,-206008.64042525156,293.4814397727647,150
30100000,60200.00001134685,-206810.4237556184,300.7461809517529,150
30105000,60210.000011348886,-206709.71616539662,299.30960430503524,150
30110000,60220.00001135092,-206571.3392040662,300.3774613480684,150
30115000,60230.00001135296,-207005.866463218,308.5123243007823,150
30120000,60240.000011355,-206205.06646083342,294.9068367923123,150
30125000,60250.000011357035,-206703.67509166547,294.2966596370107,150
30130000,60260.00001135907,-206314.56536367815,300.2419433611085,150
30135000,60270.00001136111,-206598.46443448064,301.27121885248624,150
30140000,60280.00001136315,-206436.0319434239,296.72342964472944,150
30145000,60290.000011365184,-207468.19329152966,299.9770423992959,150
30150000,60300.00001136722,-206622.4227820735,298.7767831991323,150
30155000,60310.00001136926,-206529.47474545287,300.61168469346825,150
30160000,60320.000011371296,-206227.34000556252,300.48622109454436,150
30165000,60330.00001137333,-206179.55369656952,298.069595728748,150
30170000,60340.00001137537,-206639.94540272688,303.92623574078186,150
30175000,60350.00001137741,-205541.45001823502,301.7419075217492,150
30180000,60360.000011379445,-206500.42505038925,301.05510207485906,150
30185000,60370.00001138148,-207127.49176731124,300.89815570116764,150
30190000,60380.00001138352,-205701.28052548086,302.15702537889,150
30195000,60390.00001138556,-206288.15567781997,299.93532322962807,150
30200000,60400.000011387594,-205972.00506148022,303.9871956560406,150
30205000,60410.00001138963,-205593.3299212749,305.1899151969566,150
30210000,60420.00001139167,-207121.62180847093,301.78783894364665,150
30215000,60430.000011393706,-205695.29184816522,299.3212497674398,150
30220000,60440.00001139574,-207460.4283749957,298.1609137240528,150
30225000,60450.00001139778,-206621.64343024825,295.50201638236956,150
30230000,60460.00001139982,-206999.73802709475,303.2302926809318,150
30235000,60470.000011401855,-206342.62563728122,302.54253489875435,150
30240000,60480.00001140389,-206702.7422363226,303.4840722845323,150
30245000,60490.00001140593,-206245.45100984396,302.39554102693336,150
30250000,60500.00001140797,-206873.1743610081,302.03200985901634,150
30255000,60510.000011410004,-206231.39751638705,298.36551462406396,150
30260000,60520.00001141204,-206370.93809316657,297.7757076126427,150
30265000,60530.00001141408,-206296.70019905537,300.5804084462627,150
30270000,60540.000011416116,-205940.3216675074,301.32359537991397,150
30275000,60550.00001141815,-207229.6652243361,299.8074544474722,150
30280000,60560.00001142019,-206488.49688422866,297.87903756017033,150
30285000,60570.00001142223,-206254.91479698033,304.5620231187259,150
30290000,60580.000011424265,-206771.459650564,299.2664025717417,150
30295000,60590.0000114263,-206760.50385183934,304.38138515072256,150
30300000,60600.00001142834,-206213.722883843,300.218855082679,150
30305000,60610.00001143038,-206718.77391772403,297.92910160337937,150
30310000,60620.000011432414,-207045.03863500978,300.92114030352496,150
30315000,60630.00001143445,-206340.05818301218,301.20724288725677,150
30320000,60640.00001143649,-206056.37970690313,300.3369910056673,150
30325000,60650.000011438526,-206903.6711806776,303.60725953275966,150
30330000,60660.00001144056,-206512.64969290164,300.2657061492888,150
30335000,60670.0000114426,-206487.6050647404,304.55238290398006,150
30340000,60680.00001144464,-206723.84052187146,299.983978300915,150
30345000,60690.000011446675,-206950.79857905733,299.7054379082,150
30350000,60700.00001144871,-205911.7531115358,300.6494613946577,150
30355000,60710.00001145075,-206766.55195006798,294.3182160752226,150
30360000,60720.00001145279,-206783.57982690912,299.2992071111761,150
30365000,60730.000011454824,-207008.27162689308,299.6383064593665,150
30370000,60740.00001145686,-205954.2333652908,299.1607941921281,150
30375000,60750.0000114589,-206138.882811995,302.10283352217897,150
30380000,60760.000011460936,-206376.57410766569,299.28396939425636,150
30385000,60770.00001146297,-205903.63717764197,305.63325142895616,150
30390000,60780.00001146501,-206025.0958220578,300.6605695247789,150
30395000,60790.00001146705,-206824.66722711548,299.2460468765879,150
30400000,60800.000011469085,-206545.58153167414,302.22852696577263,150
30405000,60810.00001147112,-206530.14753384888,299.40815099282,150
30410000,60820.00001147316,-206103.84334934654,305.15782527650805,150
30415000,60830.0000114752,-207173.2432687739,303.2631924929629,150
30420000,60840.000011477234,-206674.67320199113,302.8849156426355,150
30425000,60850.00001147927,-206025.49140902353,294.6592909569656,150
30430000,60860.00001148131,-206597.84066589666,296.87822215263515,150
30435000,60870.000011483346,-206549.40091764042,298.90158708395063,150
30440000,60880.00001148538,-206698.8278606485,301.2141494506669,150
30445000,60890.00001148742,-206633.08159442781,301.8879517599214,150
30450000,60900.00001148946,-205557.76929698873,297.41293673691933,150
30455000,60910.000011491495,-206991.7776295672,300.2230763256898,150
30460000,60920.00001149353,-206634.4757235084,299.2284218638858,150
30465000,60930.00001149557,-206680.35815457522,297.5524758224622,150
30470000,60940.00001149761,-206905.96764022042,297.3127509309016,150
30475000,60950.000011499644,-206634.84128040378,298.1843128548447,150
30480000,60960.00001150168,-206229.72796024685,299.56128110221044,150
30485000,60970.00001150372,-206330.38846587064,302.05886456838255,150
30490000,60980.000011505756,-206319.45067661186,299.75605373303483,150
30495000,60990.00001150779,-206496.88932903367,299.1186895507519,150
30500000,61000.00001150983,-206145.78855630138,297.49129477585467,150
30505000,61010.00001151187,-206757.94583954138,301.1234393222931,150
30510000,61020.000011513905,-207739.76391045016,295.02335449772386,150
30515000,61030.00001151594,-207196.98989724868,298.9472005952773,150
30520000,61040.00001151798,-207386.22189105407,300.99717461687317,150
30525000,61050.00001152002,-206866.13356683566,304.1653626114121,150
30530000,61060.000011522054,-206976.35027959163,297.71817610265293,150
30535000,61070.00001152409,-206108.92888563278,299.6468784456217,150
30540000,61080.00001152613,-206614.35294933734,303.6322863083211,150
30545000,61090.000011528165,-206468.76895257598,297.99821124092813,150
30550000,61100.0000115302,-206109.80078516772,301.47142152118124,150
30555000,61110.00001153224,-206440.41710792715,301.9486388792299,150
30560000,61120.00001153428,-205968.45781133464,299.4202119883108,150
30565000,61130.000011536315,-206767.65792292182,297.9882481760967,150
30570000,61140.00001153835,-206174.3741507075,301.987403525157,150
30575000,61150.00001154039,-206879.89687610744,305.6045094086531,150
30580000,61160.00001154243,-206922.22283083724,297.7215611550703,150
30585000,61170.00001154446,-206096.61597691476,304.34215291630244,150
30590000,61180.0000115465,-206597.42140008172,303.2220296280246,150
30595000,61190.00001154854,-207349.24988166627,297.642764119005,150
30600000,61200.000011550575,-206841.1868128887,295.51982261946466,150
30605000,61210.00001155261,-206530.7593569134,299.1986365941185,150
30610000,61220.00001155465,-206566.00350166694,294.99794001224797,150
30615000,61230.00001155669,-206926.24787676218,303.31064854864155,150
30620000,61240.000011558725,-206384.41944137902,300.26346332288944,150
30625000,61250.00001156076,-206788.84945224389,298.43133676929415,150
30630000,61260.0000115628,-206082.47041201673,296.0477168864789,150
30635000,61270.000011564836,-206389.88262508973,303.2347732864577,150
30640000,61280.00001156687,-206766.60818834382,301.584234428007,150
30645000,61290.00001156891,-206851.86943309417,303.7397687807809,150
30650000,61300.00001157095,-206324.85020984232,300.79119782132113,150
30655000,61310.000011572985,-206942.48136362166,299.1710023023474,150
30660000,61320.00001157502,-206414.66164438426,300.18617470862193,150
30665000,61330.00001157706,-206462.6196935703,291.8089409967037,150
30670000,61340.0000115791,-206593.50141347584,301.8180296640854,150
30675000,61350.000011581134,-206017.1918766693,301.47823440853387,150
30680000,61360.00001158317,-205969.1475479774,300.0411617370865,150
30685000,61370.00001158521,-206951.1132654607,305.45714785035426,150
30690000,61380.000011587246,-207021.66946556896,300.84156478725384,150
30695000,61390.00001158928,-206548.66131117626,303.50091308074406,150
30700000,61400.00001159132,-206180.09102755354,301.0512870178711,150
30705000,61410.00001159336,-207194.64366115793,301.51886741113304,150
30710000,61420.000011595395,-206550.08349448768,303.6614437410464,150
30715000,61430.00001159743,-206688.3528907795,292.8249514410503,150
30720000,61440.00001159947,-206036.56285894848,299.20685937241194,150
30725000,61450.00001160151,-206567.14533357136,301.60392818124706,150
30730000,61460.000011603544,-206892.05708458612,297.89403049299136,150
30735000,61470.00001160558,-206240.81751999073,300.65614174609306,150
30740000,61480.00001160762,-206074.0919705003,299.1155696388864,150
30745000,61490.000011609656,-206662.4654220231,303.7400848753708,150
30750000,61500.00001161169,-206286.05860167835,296.18593508767674,150
30755000,61510.00001161373,-206943.90415101917,301.0472408514284,150
30760000,61520.00001161577,-205881.56611546432,302.06110054515216,150
30765000,61530.000011617805,-206042.98584239592,296.96025734573595,150
30770000,61540.00001161984,-206479.93547814898,298.9979319844078,150
30775000,61550.00001162188,-206898.03320450243,300.552297582596,150
30780000,61560.00001162392,-207068.11109243345,297.8121264633391,150
30785000,61570.000011625954,-206447.40253055224,300.453826909298,150
30790000,61580.00001162799,-206541.55478411214,299.3410375936367,150
30795000,61590.00001163003,-206434.36086671427,300.78909269026605,150
30800000,61600.000011632066,-206502.0952966885,301.6988000470149,150
30805000,61610.0000116341,-206578.17401963868,299.91276338326094,150
30810000,61620.00001163614,-205762.7647533454,298.47659339180336,150
30815000,61630.00001163818,-206207.1883342252,300.22086199804454,150
30820000,61640.000011640215,-206110.66009264207,303.2832014299726,150
30825000,61650.00001164225,-206860.851572901,300.4734062453849,150
30830000,61660.00001164429,-206712.9922605576,299.1782993508252,150
30835000,61670.00001164633,-207538.90893757425,298.4751421674845,150
30840000,61680.000011648364,-206873.30560591014,300.9353003510047,150
30845000,61690.0000116504,-207106.41531608463,299.5523678842383,150
30850000,61700.00001165244,-206781.34734059847,296.4415703877554,150
30855000,61710.000011654476,-207417.7490819143,297.9008264567174,150
30860000,61720.00001165651,-206195.21928370872,303.16222590153217,150
30865000,61730.00001165855,-205868.4356894194,301.0660829193533,150
30870000,61740.00001166059,-207021.67152290267,302.9742362427795,150
30875000,61750.000011662625,-206070.34387376718,302.13798298545265,150
30880000,61760.00001166466,-206736.91611623298,303.2189101236431,150
30885000,61770.0000116667,-206601.95104107237,301.1986856475075,150
30890000,61780.00001166874,-206605.29065402749,300.2555934492702,150
30895000,61790.000011670774,-207180.50015431154,301.42334499946816,150
30900000,61800.00001167281,-206468.88322457613,299.37178534788694,150
30905000,61810.00001167485,-206373.46355829015,299.562819464246,150
30910000,61820.000011676886,-206691.27394766267,296.00920334862184,150
30915000,61830.00001167892,-207300.23936842615,303.9709458100705,150
30920000,61840.00001168096,-206927.67515703477,297.5799357021155,150
30925000,61850.000011683,-205739.466181861,303.8289093338172,150
30930000,61860.000011685035,-206053.65541616897,297.2992645486227,150
30935000,61870.00001168707,-206369.55910594924,298.72939692896773,150
30940000,61880.00001168911,-207442.7582521597,297.1880821893998,150
30945000,61890.00001169115,-206731.4970947106,301.8254090273094,150
30950000,61900.000011693184,-206635.56555839942,305.6990886890757,150
30955000,61910.00001169522,-206479.69247076835,300.7056728286974,150
30960000,61920.00001169726,-206575.02759531687,300.5621188874618,150
30965000,61930.000011699296,-205866.0592845321,301.6588812564094,150
30970000,61940.00001170133,-206646.8319825118,296.73236356194656,150
30975000,61950.00001170337,-206379.05208376085,302.8791875260138,150
30980000,61960.00001170541,-206833.64379492472,296.9912986842346,150
30985000,61970.000011707445,-206737.56110537972,305.5390526599756,150
30990000,61980.00001170948,-206877.71963928815,299.99704416112905,150
30995000,61990.00001171152,-206519.83588148153,300.99844083341884,150
31000000,62000.00001171356,-206640.7951058573,300.8094599513564,150
31005000,62010.000011715594,-206149.35294888436,299.87083300584754,150
31010000,62020.00001171763,-206423.0332244439,300.7176424654817,150
31015000,62030.00001171967,-206318.88684633386,296.8522322117708,150
31020000,62040.000011721706,-206105.99727455666,298.69249296009195,150
31025000,62050.00001172374,-206561.9158527844,297.4643450942333,150
31030000,62060.00001172578,-206681.7292991652,299.2865025221139,150
31035000,62070.00001172782,-206545.5780845224,304.2464996916636,150
31040000,62080.000011729855,-206630.55502356216,301.3561154624347,150
31045000,62090.00001173189,-207046.85778626823,300.4745191864637,150
31050000,62100.00001173393,-205910.69858327252,298.7126767727564,150
31055000,62110.00001173597,-206900.27472394693,299.6195947048921,150
31060000,62120.000011738004,-206049.41362858296,298.8348226013509,150
31065000,62130.00001174004,-206367.32260809978,301.40501201369597,150
31070000,62140.00001174208,-205950.27487740119,296.0784747104104,150
31075000,62150.000011744116,-206726.44335913076,301.70917277684725,150
31080000,62160.00001174615,-206965.74765523255,295.58883630689553,150
31085000,62170.00001174819,-206306.1567022046,299.29315209320123,150
31090000,62180.00001175023,-206701.85342663364,300.8101821160245,150
31095000,62190.000011752265,-206650.52535335848,297.14252590231627,150
31100000,62200.0000117543,-206678.59478352952,297.9589670301916,150
31105000,62210.00001175634,-206772.5293780769,300.96146572576333,150
31110000,62220.00001175838,-206138.5635332486,300.2056666300697,150
31115000,62230.000011760414,-205463.1521279458,302.2313061628003,150
31120000,62240.00001176245,-206427.98574815004,299.24417596169224,150
31125000,62250.00001176449,-205751.13458813843,299.80260403381516,150
31130000,62260.000011766526,-206905.71828172076,302.66485309704956,150
31135000,62270.00001176856,-206460.32695063401,299.0042453690929,150
31140000,62280.0000117706,-206426.45511836722,303.54698990941864,150
31145000,62290.00001177264,-206831.00841244275,304.15489312660117,150
31150000,62300.000011774675,-205996.88979216595,297.8446605710287,150
31155000,62310.00001177671,-206770.7546535373,299.6814699650863,150
31160000,62320.00001177875,-206317.9001862827,293.6755190434295,150
31165000,62330.00001178079,-206349.77161150798,303.72297621984546,150
31170000,62340.000011782824,-206505.961807622,300.0194457014249,150
31175000,62350.00001178486,-207403.34203677962,300.5708797257418,150
31180000,62360.0000117869,-206976.55710752774,298.61923758432016,150
31185000,62370.000011788936,-206847.95987376245,301.0222555394855,150
31190000,62380.00001179097,-206499.15366315935,298.44114617097375,150
31195000,62390.00001179301,-206206.41568115912,300.2079487467024,150
31200000,62400.00001179505,-206570.3007065776,299.19106810375195,150
31205000,62410.000011797085,-206534.6762005411,302.5828617920244,150
31210000,62420.00001179912,-206608.62149515585,300.50203139817353,150
31215000,62430.00001180116,-206188.04471311497,303.55725459350623,150
31220000,62440.0000118032,-206372.90619876632,299.8432002104254,150
31225000,62450.000011805234,-206647.15378037025,302.43457222043526,150
31230000,62460.00001180727,-205823.71883634792,301.60260207629483,150
31235000,62470.00001180931,-206767.52913429367,298.8214509949203,150
31240000,62480.000011811346,-206518.49368260195,300.85666395667846,150
31245000,62490.00001181338,-206420.53674153483,305.4887534002221,150
31250000,62500.00001181542,-206596.34132752498,297.2056931694956,150
31255000,62510.00001181746,-206096.06740135606,300.0457904843775,150
31260000,62520.000011819495,-206878.1095158339,300.40080266497023,150
31265000,62530.00001182153,-206910.38594320824,301.7345725784185,150
31270000,62540.00001182357,-206177.72743793635,298.80637883875573,150
31275000,62550.00001182561,-206405.3748400954,300.5496976553372,150
31280000,62560.000011827644,-207020.2151147821,303.1010036016314,150
31285000,62570.00001182968,-207134.69358847511,298.57005520716586,150
31290000,62580.00001183172,-207138.67803328217,300.4923137403424,150
31295000,62590.000011833756,-207552.6632765818,300.1635798537741,150
31300000,62600.00001183579,-205789.10500558245,300.1247184716666,150
31305000,62610.00001183783,-206164.71002672298,294.889095930659,150
31310000,62620.00001183987,-206576.74382738024,300.6639857743807,150
31315000,62630.000011841905,-206737.86430384545,302.9689343562895,150
31320000,62640.00001184394,-206617.6465630075,299.7933356516095,150
31325000,62650.00001184598,-205648.0852658552,296.745409585215,150
31330000,62660.00001184802,-206926.39435298555,307.40201884279435,150
31335000,62670.000011850054,-206663.00550716987,298.35870941600075,150
31340000,62680.00001185209,-205556.99889383314,302.7624731798404,150
31345000,62690.00001185413,-206170.60013891105,298.72756156803683,150
31350000,62700.000011856166,-206058.97892835282,301.14823404947475,150
31355000,62710.0000118582,-206734.80545911437,301.43517325940877,150
31360000,62720.00001186024,-205746.66556790192,306.1211540533558,150
31365000,62730.00001186228,-206866.91075439344,299.2439291917976,150
31370000,62740.000011864315,-206532.68824553466,298.52173025450514,150
31375000,62750.00001186635,-206482.608073861,296.6659755931582,150
31380000,62760.00001186839,-206261.51229230408,304.0220770786888,150
31385000,62770.00001187043,-206573.23491396778,303.84800306598873,150
31390000,62780.000011872464,-207151.68910430057,299.59890292896165,150
31395000,62790.0000118745,-206782.8264002204,298.69556996967225,150
31400000,62800.00001187654,-206640.28325234866,299.5515033770229,150
31405000,62810.000011878576,-205425.80146729492,303.49843011776676,150
31410000,62820.00001188061,-205881.65483436256,301.46837127369423,150
31415000,62830.00001188265,-205976.15763505746,297.97354345779286,150
31420000,62840.00001188469,-206888.6977146248,297.54097243907563,150
31425000,62850.000011886725,-206992.43471055303,300.56747675800455,150
31430000,62860.00001188876,-205897.28640373738,299.919722936387,150
31435000,62870.0000118908,-206074.48855434894,303.36794524549293,150
31440000,62880.00001189284,-206409.30166115344,303.7813709422358,150
31445000,62890.000011894874,-206684.79120676522,302.0314735920423,150
31450000,62900.00001189691,-206445.60769677826,299.6250623020381,150
31455000,62910.00001189895,-207267.80351167195,298.26320349663473,150
31460000,62920.000011900986,-205989.95033923665,301.31700578057394,150
31465000,62930.00001190302,-206469.07356654655,297.26922344651547,150
31470000,62940.00001190506,-206307.06053656468,302.53120458087085,150
31475000,62950.0000119071,-206134.79777451488,302.33425091178884,150
31480000,62960.000011909135,-206680.81716754066,302.9463841821584,150
31485000,62970.00001191117,-206719.6113569243,302.4599858630047,150
31490000,62980.00001191321,-207099.1294713671,303.94065318053697,150
31495000,62990.00001191525,-206324.25971148664,299.9349907803644,150
31500000,63000.000011917284,-206550.96686438727,300.4519935913725,150
31505000,63010.00001191932,-206662.57460573385,303.40653954534605,150
31510000,63020.00001192136,-207573.561165108,297.94944250834095,150
31515000,63030.000011923396,-206225.9033966259,298.9398253773576,150
31520000,63040.00001192543,-206765.00958625716,302.76532497706955,150
31525000,63050.00001192747,-206703.61375796795,304.6458589818299,150
31530000,63060.00001192951,-206198.84010253358,301.8514536154852,150
31535000,63070.000011931545,-206433.39166626637,298.4961052530807,150
31540000,63080.00001193358,-206201.2001215357,300.57890775084087,150
31545000,63090.00001193562,-205539.69210949703,302.1556389930508,150
31550000,63100.00001193766,-206704.5881882849,304.5239474553088,150
31555000,63110.000011939694,-206334.64092197956,300.25344228828425,150
31560000,63120.00001194173,-206047.3989937096,295.4098279493196,150
31565000,63130.00001194377,-206216.39279595914,300.0523753522277,150
31570000,63140.000011945805,-206818.17409423948,300.7094448103519,150
31575000,63150.00001194784,-206553.6383214607,295.73981715062683,150
31580000,63160.00001194988,-206762.26901448413,301.4123347962874,150
31585000,63170.00001195192,-206937.1028962388,297.75917413781207,150
31590000,63180.000011953955,-206717.09251311654,295.97333698258683,150
31595000,63190.00001195599,-206243.20883752662,299.2883129975519,150
31600000,63200.00001195803,-206164.655500215,303.39401843935525,150
31605000,63210.000011960066,-207389.21738439775,300.6613916250137,150
31610000,63220.0000119621,-206788.31411298946,297.4129813132512,150
31615000,63230.00001196414,-206484.7397408737,301.4440965758727,150
31620000,63240.00001196618,-206134.67291331082,302.2985312884307,150
31625000,63250.000011968215,-206206.48808059143,301.54934526403537,150
31630000,63260.00001197025,-206982.6749385933,299.08672173183135,150
31635000,63270.00001197229,-207308.2863540079,302.41898089879953,150
31640000,63280.00001197433,-206755.20197785925,298.34986755330044,150
31645000,63290.000011976364,-206468.89285472035,296.99398391017996,150
31650000,63300.0000119784,-205703.61400699895,300.2076875752771,150
31655000,63310.00001198044,-206897.5661935273,295.8340194156903,150
31660000,63320.000011982476,-206898.9878233279,303.86238762249,150
31665000,63330.00001198451,-206683.85870406765,300.0954337661408,150
31670000,63340.00001198655,-206590.44989644445,299.2688327717421,150
31675000,63350.00001198859,-206678.37912379776,292.74054557120104,150
31680000,63360.000011990625,-207236.68547459925,299.6114965616797,150
31685000,63370.00001199266,-206231.89261197567,301.1656942990473,150
31690000,63380.0000119947,-206163.72476999974,300.9471054535114,150
31695000,63390.00001199674,-206557.7174962907,300.9156446293028,150
31700000,63400.000011998774,-206984.88664172892,303.442218234967,150
31705000,63410.00001200081,-206789.55817672855,298.635872945623,150
31710000,63420.00001200285,-206572.81400836934,301.89079835213164,150
31715000,63430.000012004886,-206605.9274554829,297.8238799838876,150
31720000,63440.00001200692,-206500.69229077373,302.8647846917893,150
31725000,63450.00001200896,-205875.97477829363,303.3560079265263,150
31730000,63460.000012011,-206653.26346751174,297.7485895475222,150
31735000,63470.000012013035,-207068.20269413013,299.3452182076342,150
31740000,63480.00001201507,-206394.5702546382,300.31534266221604,150
31745000,63490.00001201711,-206275.12584798934,303.4225643125137,150
31750000,63500.00001201915,-206033.97361160663,302.1464165950999,150
31755000,63510.000012021184,-206313.26303435734,302.8519606332849,150
31760000,63520.00001202322,-207298.9442111014,300.558664531561,150
31765000,63530.00001202526,-206792.93958993873,302.505718014706,150
31770000,63540.000012027296,-206762.51054733223,300.4289808750918,150
31775000,63550.00001202933,-206642.7077823726,305.46254859252593,150
31780000,63560.00001203137,-206667.28773443936,299.912788516407,150
31785000,63570.00001203341,-206009.9832962891,304.33692219582,150
31790000,63580.000012035445,-206858.36127963196,300.1321505559156,150
31795000,63590.00001203748,-206846.4844365298,301.44287580691133,150
31800000,63600.00001203952,-207129.29150208877,301.2849327474063,150
31805000,63610.00001204156,-206491.43515456293,300.99049795106015,150
31810000,63620.000012043594,-206910.47115957236,306.12506635220774,150
31815000,63630.00001204563,-206607.89783616713,303.43224256668094,150
31820000,63640.00001204767,-207528.656636838,302.4068306899805,150
31825000,63650.000012049706,-206384.99257358862,298.66429578655874,150
31830000,63660.00001205174,-206908.38311182894,304.6741125163354,150
31835000,63670.00001205378,-206956.80012749345,300.2015597857481,150
31840000,63680.00001205582,-206987.9357307509,301.26524691036343,150
31845000,63690.000012057855,-206306.12396176113,298.8922080923887,150
31850000,63700.00001205989,-205884.1430556852,303.3593224939261,150
31855000,63710.00001206193,-206605.5351514282,296.5744658459948,150
31860000,63720.00001206397,-206649.03070975817,298.15029114332737,150
31865000,63730.000012066004,-206611.2466349234,297.1981848214554,150
31870000,63740.00001206804,-206399.56064213568,300.3224666968119,150
31875000,63750.00001207008,-206375.73484675516,301.48863004545143,150
31880000,63760.000012072116,-206472.75247230032,302.40489662809114,150
31885000,63770.00001207415,-206871.09341560188,298.20124908260095,150
31890000,63780.00001207619,-206897.27837606322,296.58239412567235,150
31895000,63790.00001207823,-206721.0041763445,298.18676639004144,150
31900000,63800.000012080265,-206831.54064056696,297.21230110863985,150
31905000,63810.0000120823,-206392.2534046407,302.2422560395328,150
31910000,63820.00001208434,-206784.03283291915,299.5581330377061,150
31915000,63830.00001208638,-206420.25856477884,297.14413308444443,150
31920000,63840.000012088414,-205499.62078162527,301.1846857708872,150
31925000,63850.00001209045,-207203.72645461152,298.15510677171886,150
31930000,63860.00001209249,-206819.91328789457,301.5016955585657,150
31935000,63870.000012094526,-206395.93440553173,300.1367080608933,150
31940000,63880.00001209656,-206253.95048525615,299.71148371436874,150
31945000,63890.0000120986,-207495.85136726545,295.3177962216039,150
31950000,63900.00001210064,-206614.91038598155,297.63165971330665,150
31955000,63910.000012102675,-206142.1229003435,298.0292577033258,150
31960000,63920.00001210471,-206869.98200746835,300.57489475046515,150
31965000,63930.00001210675,-206309.40842881752,300.59949554212085,150
31970000,63940.00001210879,-206869.26164536714,298.2917170593137,149
31975000,63950.000012110824,-206261.48147695197,300.49150472468926,149
31980000,63960.00001211286,-206413.83180855843,306.31766792822623,149
31985000,63970.0000121149,-206693.3883610631,301.42018713826144,149
31990000,63980.000012116936,-206072.8187019066,298.5625746002621,149
31995000,63990.00001211897,-206889.20905256306,302.197024261417,149
32000000,64000.00001212101,-207156.42107922398,298.07836287041886,149
32005000,64010.00001212305,-206690.2079903033,296.75729174752524,149
32010000,64020.000012125085,-206200.39724889607,302.2094983992539,149
32015000,64030.00001212712,-206736.42594426346,299.40652805318337,149
32020000,64040.00001212916,-206696.34944754478,299.9815819213529,149
32025000,64050.0000121312,-206338.59460591373,303.00679285299435,149
32030000,64060.000012133234,-207011.0437530222,304.02239636247094,149
32035000,64070.00001213527,-206560.17893912154,293.975526526303,149
32040000,64080.00001213731,-206096.26253476366,302.3002375956979,149
32045000,64090.000012139346,-206264.9806577568,300.5191308333564,149
32050000,64100.00001214138,-206763.84536007885,300.6641687695411,149
32055000,64110.00001214342,-206620.99881264893,305.40888368282975,149
32060000,64120.00001214546,-206962.9981822673,298.338495218449,149
32065000,64130.000012147495,-206572.29640323087,301.87174160696947,149
32070000,64140.00001214953,-206276.98729701957,301.74377713125375,149
32075000,64150.00001215157,-206427.27561220177,297.16781037260256,149
32080000,64160.00001215361,-206477.63174569025,300.4985888219863,149
32085000,64170.000012155644,-206091.81339320797,295.27895112659843,149
32090000,64180.00001215768,-206090.30007651588,300.036124186887,149
32095000,64190.00001215972,-206241.98360953375,300.42657936697066,149
32100000,64200.000012161756,-206803.80781874852,298.4331575944478,149
32105000,64210.00001216379,-206468.475488381,302.74042318551983,149
32110000,64220.00001216583,-206674.8323471645,300.3339988084371,149
32115000,64230.00001216787,-206812.7616543027,303.2194782278421,149
32120000,64240.000012169905,-206299.7494073396,301.0841107887193,149
32125000,64250.00001217194,-206193.4675299516,296.9312996215911,149
32130000,64260.00001217398,-206732.82097805722,297.6874276401602,149
32135000,64270.00001217602,-206884.9483677775,299.7609854534821,149
32140000,64280.000012178054,-205919.80283646542,299.6669630127689,149
32145000,64290.00001218009,-206745.93816345464,307.50311217882233,149
32150000,64300.00001218213,-206674.8694930768,300.39239744246817,149
32155000,64310.000012184166,-206539.50180611666,303.50515391882436,149
32160000,64320.0000121862,-206265.64662805537,299.70319067587275,149
32165000,64330.00001218824,-206245.28827062692,299.4769020116898,149
32170000,64340.00001219028,-207323.45713184832,298.2411665563259,149
32175000,64350.000012192315,-206708.18416559743,300.26647301210045,149
32180000,64360.00001219435,-206371.19389425148,301.59602811382746,149
32185000,64370.00001219639,-207491.42561207782,300.2241974062333,149
32190000,64380.00001219843,-206957.2833021013,297.1953402441401,149
32195000,64390.000012200464,-206072.70445804775,301.96038007662804,149
32200000,64400.0000122025,-206980.08454652433,301.83510155966206,149
32205000,64410.00001220454,-206776.34318641364,300.1229359978284,149
32210000,64420.000012206576,-206900.11974790925,300.94762744486,149
32215000,64430.00001220861,-205592.69817499863,299.78293946116014,149
32220000,64440.00001221065,-206374.56195706292,305.1810293891315,149
32225000,64450.00001221269,-206154.4791896405,297.8420178414916,149
32230000,64460.000012214725,-206997.77874501795,299.0621845816022,149
32235000,64470.00001221676,-206643.45400792232,298.73525597949623,149
32240000,64480.0000122188,-207084.748183151,306.8235522227667,149
32245000,64490.00001222084,-206434.4452713693,302.2494276895981,149
32250000,64500.000012222874,-206044.58149361587,304.02664706726273,149
32255000,64510.00001222491,-205986.507859305,298.87750957312716,149
32260000,64520.00001222695,-206653.80653800978,301.05783142047807,149
32265000,64530.000012228986,-206854.31112365483,293.8417991090419,149
32270000,64540.00001223102,-206733.9647760014,297.46324812134304,149
32275000,64550.00001223306,-205798.56045076763,302.30237949266507,149
32280000,64560.0000122351,-207532.8494997715,301.5011168354207,149
32285000,64570.000012237135,-206567.10914631083,300.3494191932765,149
32290000,64580.00001223917,-206579.88443495927,299.6158818913835,149
32295000,64590.00001224121,-206551.8286882143,300.92368594067193,149
32300000,64600.00001224325,-206446.16028716927,303.2328043203551,149
32305000,64610.000012245284,-205796.72115484218,302.0462409444576,149
32310000,64620.00001224732,-206822.31401023234,300.14055497270203,149
32315000,64630.00001224936,-206669.28130287514,301.63066094136343,149
32320000,64640.000012251396,-206282.0152003609,299.67178579564853,149
32325000,64650.00001225343,-206033.2165021574,300.2061141071473,149
32330000,64660.00001225547,-207135.26695191,301.549781000139,149
32335000,64670.00001225751,-207226.74218327354,301.4007104135288,149
32340000,64680.000012259545,-206570.022685142,298.8857600428275,149
32345000,64690.00001226158,-206385.29476907745,299.7904866938102,149
32350000,64700.00001226362,-205915.95177531778,300.7988704448981,149
32355000,64710.00001226566,-206383.61692809395,298.65450862769944,149
32360000,64720.000012267694,-205859.52027340338,299.8221711985607,149
32365000,64730.00001226973,-206605.7642456165,300.4823396100602,149
32370000,64740.00001227177,-206638.72206430568,298.15706368797487,149
32375000,64750.000012273806,-206933.95313872932,302.4165092610869,149
32380000,64760.00001227584,-206701.89785612887,302.10202456816285,149
32385000,64770.00001227788,-205892.21780104656,297.24189862790394,149
32390000,64780.00001227992,-206065.56529201695,305.6198523898099,149
32395000,64790.000012281955,-207010.15853207605,299.65951569217395,149
32400000,64800.00001228399,-206648.93896366726,299.1556163432661,149
32405000,64810.00001228603,-206435.83231260593,299.5628152027245,149
32410000,64820.00001228807,-206940.49262189423,300.7163826871667,149
32415000,64830.000012290104,-206846.57967747166,301.7228851566003,149
32420000,64840.00001229214,-206242.55556947936,302.46192132457094,149
32425000,64850.00001229418,-206163.24544549244,302.741204695565,149
32430000,64860.000012296216,-206513.361829628,298.5565901303123,149
32435000,64870.00001229825,-206617.9095796874,301.7385833161127,149
32440000,64880.00001230029,-206201.72224799718,300.31657272834843,149
32445000,64890.00001230233,-206129.5169667469,297.00349403348554,149
32450000,64900.000012304365,-206833.90122869052,300.4467738645475,149
32455000,64910.0000123064,-206010.3279119134,302.54843351060447,149
32460000,64920.00001230844,-206584.370145211,298.2335883035129,149
32465000,64930.00001231048,-206052.31961048255,302.54685848747465,149
32470000,64940.000012312514,-206665.97780216753,299.303261072487,149
32475000,64950.00001231455,-206912.02127064392,297.2817196348396,149
32480000,64960.00001231659,-206714.69373335468,303.294342311413,149
32485000,64970.000012318626,-206672.62642035587,299.9979561938344,149
32490000,64980.00001232066,-206571.57674034056,299.4339003358255,149
32495000,64990.0000123227,-206681.2818478807,303.11852081953725,149
32500000,65000.00001232474,-206472.0238600067,300.20538678072535,149
32505000,65010.000012326775,-205758.50739363604,299.8757522989713,149
32510000,65020.00001232881,-207054.43300385494,300.16135027469284,149
32515000,65030.00001233085,-206478.8619023026,302.0197294740951,149
32520000,65040.00001233289,-206782.78235283075,301.09831083937183,149
32525000,65050.000012334924,-206935.8094464197,300.7475682207281,149
32530000,65060.00001233696,-206316.47739917226,297.6661374271303,149
32535000,65070.000012339,-206884.56624569686,296.2895904177651,149
32540000,65080.000012341035,-206529.7830329542,298.727472308908,149
32545000,65090.00001234307,-206126.47059780697,299.2766659427915,149
32550000,65100.00001234511,-206124.8430306788,304.26450318023865,149
32555000,65110.00001234715,-205876.38996409893,301.9590993379966,149
32560000,65120.000012349185,-207028.12171453983,297.4308654064973,149
32565000,65130.00001235122,-207026.91560536006,300.4618730393295,149
32570000,65140.00001235326,-206165.30951651512,298.3987753454284,149
32575000,65150.000012355296,-205853.90278705128,303.6166048295336,149
32580000,65160.00001235733,-206494.78662650357,297.5856188394986,149
32585000,65170.00001235937,-207616.38124374044,303.42128055342863,149
32590000,65180.00001236141,-205491.10992890154,300.99474875911017,149
32595000,65190.000012363445,-206440.5863293436,299.1598680544898,149
32600000,65200.00001236548,-205832.77768467157,302.7704197561459,149
32605000,65210.00001236752,-205914.678555244,298.2569920150184,149
32610000,65220.00001236956,-206145.90064427268,298.68936998407503,149
32615000,65230.000012371594,-206444.90842848504,302.2458800631059,149
32620000,65240.00001237363,-207198.18489629985,302.14468682084294,149
32625000,65250.00001237567,-206762.82294879062,300.26639500517325,149
32630000,65260.000012377706,-205809.17253874766,296.70788431316026,149
32635000,65270.00001237974,-206655.32554366894,303.7503355935246,149
32640000,65280.00001238178,-205561.28464433178,300.40143884875937,149
32645000,65290.00001238382,-206307.07452177326,303.95934894980275,149
32650000,65300.000012385855,-206194.64639517316,303.3159802589569,149
32655000,65310.00001238789,-206314.98049448943,297.2165746170775,149
32660000,65320.00001238993,-207052.15382357116,300.8293079534294,149
32665000,65330.00001239197,-207090.26849632803,301.80893167696223,149
32670000,65340.000012394004,-205580.45064172102,299.95312832786834,149
32675000,65350.00001239604,-206707.53963394882,294.0764546840657,149
32680000,65360.00001239808,-206685.29966296093,303.60496204232265,149
32685000,65370.000012400116,-205905.7763921927,302.83596957197676,149
32690000,65380.00001240215,-206774.17646564264,299.02598698257924,149
32695000,65390.00001240419,-206491.42759789433,299.89498695740735,149
32700000,65400.00001240623,-207225.20069507824,303.0287592010064,149
32705000,65410.000012408265,-206121.46516350633,298.17322628363485,149
32710000,65420.0000124103,-207204.5856000639,302.4519749595744,149
32715000,65430.00001241234,-206056.58293133858,302.8838585798975,149
32720000,65440.00001241438,-206831.8032448897,298.674015508151,149
32725000,65450.000012416414,-205559.04633033345,299.65873936277734,149
32730000,65460.00001241845,-206343.51300520252,304.1989013751203,149
32735000,65470.00001242049,-205698.90789341228,303.2903771268722,149
32740000,65480.000012422526,-206908.86597391462,302.79828607566697,149
32745000,65490.00001242456,-206193.9152754459,302.4305103317265,149
32750000,65500.0000124266,-206442.45083881263,298.7578808148653,149
32755000,65510.00001242864,-206726.0908052805,300.29018334365605,149
32760000,65520.000012430675,-206797.8255386016,301.1289288230857,149
32765000,65530.00001243271,-206476.084200899,298.74280595335927,149
32770000,65540.00001242019,-206857.62849172507,299.4652394292751,149
32775000,65550.00001238585,-207039.7047677713,300.866496026052,149
32780000,65560.0000123515,-207412.57456981717,300.7305435578376,149
32785000,65570.00001231716,-206607.81703301333,298.90690537579405,149
32790000,65580.00001228282,-206041.56571208232,300.1030086672491,149
32795000,65590.00001224848,-206837.69940661383,299.70532393280627,149
32800000,65600.00001221414,-206410.15691764432,302.0315913894685,149
32805000,65610.0000121798,-206708.57519630378,297.4644702383633,149
32810000,65620.00001214545,-207235.8390669754,299.3928622300951,149
32815000,65630.00001211111,-205958.1146631298,299.6147221509471,149
32820000,65640.00001207677,-207071.46866039105,303.92549205794757,149
32825000,65650.00001204242,-206417.46458746423,300.84286468286336,149
32830000,65660.00001200808,-206969.7399380079,302.7282871853444,149
32835000,65670.00001197374,-206974.02831167146,300.32575784132786,149
32840000,65680.0000119394,-205557.20473866165,299.8703044972221,149
32845000,65690.00001190505,-205950.94969141833,300.5603278502183,149
32850000,65700.00001187071,-206781.8225199968,303.44045058467157,149
32855000,65710.00001183637,-206853.60916239955,299.4060801697398,149
32860000,65720.00001180203,-206705.3138296568,298.1049005240242,149
32865000,65730.00001176768,-206726.16327515175,300.4370113915137,149
32870000,65740.00001173334,-206532.54411901964,300.45584473631504,149
32875000,65750.000011699,-207105.31002240174,301.43515028031896,149
32880000,65760.00001166466,-206511.3962897153,303.43895544042056,149
32885000,65770.00001163031,-206414.6401281138,299.3678600239157,149
32890000,65780.00001159597,-206873.5504267919,300.4387495363088,149
32895000,65790.00001156163,-207034.79220978078,300.93955363436066,149
32900000,65800.00001152729,-205470.3452596967,304.58402995729335,149
32905000,65810.00001149294,-206153.11513764795,294.571662557625,149
32910000,65820.0000114586,-206368.5201945427,297.24633617282575,149
32915000,65830.00001142426,-206886.1959999922,297.6222559339233,149
32920000,65840.00001138992,-206211.81455652183,300.03071342736564,149
32925000,65850.00001135557,-206156.20667427115,301.79372667647806,149
32930000,65860.00001132123,-206609.37007587112,304.1337739203084,149
32935000,65870.00001128689,-205846.90335448552,297.16622473627706,149
32940000,65880.00001125254,-206205.762971638,299.5666713287779,149
32945000,65890.0000112182,-206214.9926651771,297.4984104220924,149
32950000,65900.00001118386,-206520.96592153423,304.82717988779393,149
32955000,65910.00001114952,-206694.1960475525,300.74390184011304,149
32960000,65920.00001111517,-206290.81615107344,295.01529925090153,149
32965000,65930.00001108083,-206792.6433608376,298.65441851812125,149
32970000,65940.00001104649,-207201.87760523672,297.54232344968375,149
32975000,65950.00001101215,-206728.53082263353,298.0141697814084,149
32980000,65960.0000109778,-206471.8403665925,303.94334471759834,149
32985000,65970.00001094346,-205953.59160449775,295.779453456538,149
32990000,65980.00001090912,-206443.40635761083,299.883125061081,149
32995000,65990.00001087478,-206452.74898424104,299.7228547298513,149
33000000,66000.00001084043,-207310.52203732182,296.79405882593693,149
33005000,66010.00001080609,-206098.68874560075,302.74228836128543,149
33010000,66020.00001077175,-205947.62131940923,295.6122222689653,149
33015000,66030.0000107374,-206913.40376518143,299.9452006929564,149
33020000,66040.00001070306,-206328.39700428385,299.8590867995969,149
33025000,66050.00001066872,-206250.065348292,296.12187455430706,149
33030000,66060.00001063438,-206442.20309673715,303.9604483376486,149
33035000,66070.00001060004,-206898.78731829184,298.46652406310875,149
33040000,66080.0000105657,-206947.81667718897,297.33460606439974,149
33045000,66090.00001053135,-206071.5582429669,297.5939395453672,149
33050000,66100.00001049701,-206290.8612838057,301.37728894655726,149
33055000,66110.00001046267,-206756.95755179715,298.799497883425,149
33060000,66120.00001042832,-207026.71150061768,304.22127047742424,149
33065000,66130.00001039398,-206260.08348558063,298.4971637769274,149
33070000,66140.00001035964,-207647.3246009797,300.76213268913017,149
33075000,66150.0000103253,-206604.0174891512,296.0481421567062,149
33080000,66160.00001029095,-206534.1157252884,299.87256637503583,149
33085000,66170.00001025661,-206589.4419114095,301.4496504997843,149
33090000,66180.00001022227,-206746.10799242393,299.09175670929153,149
33095000,66190.00001018793,-206419.15269203158,298.23777705376267,149
33100000,66200.00001015358,-206392.6868626976,301.1226689154049,149
33105000,66210.00001011924,-206362.17276316683,299.9337619299945,149
33110000,66220.0000100849,-206751.02036587603,300.6749617607932,149
33115000,66230.00001005056,-207031.20817082864,297.82339692793835,149
33120000,66240.00001001621,-206285.00103284547,296.12778841857084,149
33125000,66250.00000998187,-206533.82973647455,302.8607229145083,149
33130000,66260.00000994753,-206521.02947386145,298.32180984402896,149
33135000,66270.00000991319,-205911.74448971858,300.4292364862315,149
33140000,66280.00000987884,-206891.16898238985,298.2031177886667,149
33145000,66290.0000098445,-206187.54209479084,302.6282882815472,149
33150000,66300.00000981016,-206631.64199806692,301.93364098498665,149
33155000,66310.00000977582,-205854.65530181862,302.20487897087503,149
33160000,66320.00000974147,-206488.4138820907,301.9848978846471,149
33165000,66330.00000970713,-205989.08195719123,299.17355237989256,149
33170000,66340.00000967279,-206156.4232730004,301.009306959583,149
33175000,66350.00000963845,-205925.03145998216,299.9678934937321,149
33180000,66360.0000096041,-206029.91878409067,304.5012540239936,149
33185000,66370.00000956976,-206029.38578953373,302.70816364058805,149
33190000,66380.00000953542,-206468.29119786865,305.15183673917505,149
33195000,66390.00000950108,-206019.50227041787,300.5446628560078,149
33200000,66400.00000946673,-206738.9190961828,298.9184698572502,149
33205000,66410.00000943239,-206526.93903442088,299.7915343372585,149
33210000,66420.00000939805,-206146.7124013477,303.02279599268127,149
33215000,66430.0000093637,-207647.50020838284,302.8590721326408,149
33220000,66440.00000932936,-206754.64819401712,303.8115781719514,149
33225000,66450.00000929502,-206497.79681719095,299.4956445543524,149
33230000,66460.00000926068,-206062.56374375382,300.37656395728567,149
33235000,66470.00000922634,-206957.92554043583,301.6206253663369,149
33240000,66480.000009192,-206415.15780138806,299.52688912136546,149
33245000,66490.00000915765,-206506.9543872733,299.4076446464294,149
33250000,66500.00000912331,-205510.31573235046,301.2128877410563,149
33255000,66510.00000908897,-206119.51267133444,303.07416561880177,149
33260000,66520.00000905462,-207130.86579892877,300.69651196049267,149
33265000,66530.00000902028,-205689.6053785344,297.2994350929332,149
33270000,66540.00000898594,-206510.58294905932,301.94183425697923,149
33275000,66550.0000089516,-206678.4348391737,306.34335501275933,149
33280000,66560.00000891725,-205814.34580288432,300.53320542286303,149
33285000,66570.00000888291,-206935.19357019407,302.11129337589546,149
33290000,66580.00000884857,-206288.80086379894,303.2545310548443,149
33295000,66590.00000881423,-205928.35336290044,301.31701397681115,149
33300000,66600.00000877988,-206624.6603519267,302.9747858958587,149
33305000,66610.00000874554,-206623.1685378258,298.4628735899011,149
33310000,66620.0000087112,-206350.22804732912,301.6928637565697,149
33315000,66630.00000867686,-206799.89364379703,299.9413605354773,149
33320000,66640.00000864251,-206398.79798287374,297.766442722705,149
33325000,66650.00000860817,-206353.55327415816,298.32621101941663,149
33330000,66660.00000857383,-207328.52397535276,297.4360233098623,149
33335000,66670.00000853949,-206967.26408850634,297.53615191512256,149
33340000,66680.00000850514,-206380.4591431222,301.99427934582076,149
33345000,66690.0000084708,-206956.3195404536,304.31211340559264,149
33350000,66700.00000843646,-207373.76311234245,301.23975768293695,149
33355000,66710.00000840212,-206978.08451759012,302.8747577482915,149
33360000,66720.00000836777,-207364.69654984074,298.92346030025806,149
33365000,66730.00000833343,-206324.579251798,297.11286211097735,149
33370000,66740.00000829909,-205948.2305616251,302.2046374208385,149
33375000,66750.00000826475,-206201.05511843204,298.35565589032933,149
33380000,66760.0000082304,-205855.43585925922,300.06676840418675,149
33385000,66770.00000819606,-206513.98772125458,301.3309115936568,149
33390000,66780.00000816172,-206931.9110437614,302.40817890051966,149
33395000,66790.00000812738,-207056.61378787213,302.14805323645743,149
33400000,66800.00000809303,-206688.7329808909,302.94647568422386,149
33405000,66810.00000805869,-206757.49567108054,299.77441159933204,149
33410000,66820.00000802435,-207232.66058970056,301.5213338654554,149
33415000,66830.00000799,-205837.94727576477,301.9395162565569,149
33420000,66840.00000795566,-207221.6836045998,303.2235779253973,149
33425000,66850.00000792132,-206359.98363407364,302.846036676678,149
33430000,66860.00000788698,-206509.0548694519,308.88032766571973,149
33435000,66870.00000785264,-205963.21010768216,305.1723543388131,149
33440000,66880.0000078183,-205888.7864559067,300.89530183128363,149
33445000,66890.00000778395,-206816.59319505328,297.84339219798284,149
33450000,66900.00000774961,-205524.45440590172,303.9562939250045,149
33455000,66910.00000771527,-206748.02297771326,299.17722269568924,149
33460000,66920.00000768092,-205816.0305934942,305.7304018545234,149
33465000,66930.00000764658,-206065.29631203227,297.04717345119917,149
33470000,66940.00000761224,-205670.974184465,299.8183330448545,149
33475000,66950.0000075779,-206297.7364698433,297.45416638011454,149
33480000,66960.00000754355,-206435.7696040509,299.2109635195949,149
33485000,66970.00000750921,-206303.8864762159,300.7158426524183,149
33490000,66980.00000747487,-206410.60318569012,297.36080516784835,149
33495000,66990.00000744053,-206999.24172562256,300.16179431019714,149
33500000,67000.00000740618,-206616.23673552694,299.7767440925291,149
33505000,67010.00000737184,-206819.68647093384,302.3775338264826,149
33510000,67020.0000073375,-206536.44701764628,299.3670169558697,149
33515000,67030.00000730316,-206640.75488910114,301.37812234814874,149
33520000,67040.00000726881,-207073.0935412969,296.88970098036464,149
33525000,67050.00000723447,-207028.15713312395,298.254616612393,149
33530000,67060.00000720013,-206778.19095931342,300.5972814716031,149
33535000,67070.00000716579,-206853.22205753543,299.3178461733287,149
33540000,67080.00000713144,-207972.75098873174,305.95294363034617,149
33545000,67090.0000070971,-206472.08870173665,293.59000780967546,149
33550000,67100.00000706276,-206439.51070918317,296.0789834097323,149
33555000,67110.00000702841,-206364.75222114124,299.36953701122377,149
33560000,67120.00000699407,-206752.28335384978,302.7634113276037,149
33565000,67130.00000695973,-206556.79466967273,299.01166037707674,149
33570000,67140.00000692539,-206421.79095716972,299.47947921783924,149
33575000,67150.00000689104,-206340.17797998386,298.53693521444023,149
33580000,67160.0000068567,-206483.1374726534,303.2520613397778,149
33585000,67170.00000682236,-206430.04234444688,303.03224907376074,149
33590000,67180.00000678802,-207543.4757644859,299.52084348360364,149
33595000,67190.00000675367,-207338.19079272344,301.74755558691754,149
33600000,67200.00000671933,-206081.6858661652,303.1832960478292,149
33605000,67210.00000668499,-206738.76291437098,295.9298130417212,149
33610000,67220.00000665065,-206334.8346859403,298.97750490721796,149
33615000,67230.0000066163,-205640.16695039358,300.75951329074576,149
33620000,67240.00000658196,-205912.23755959375,300.4701747452646,149
33625000,67250.00000654762,-206046.2564676453,304.1629925008977,149
33630000,67260.00000651328,-207037.62533525203,300.4883373332542,149
33635000,67270.00000647893,-206124.25533443643,295.6242508979845,149
33640000,67280.00000644459,-206218.50276087318,301.07136407380887,149
33645000,67290.00000641025,-206175.7998865554,300.1148745687944,149
33650000,67300.0000063759,-205978.75214896153,299.10686326284156,149
33655000,67310.00000634156,-205624.34301190078,301.98642134249,149
33660000,67320.00000630722,-206824.02294614096,299.1492927487239,149
33665000,67330.00000627288,-205912.0155222956,302.3793541644808,149
33670000,67340.00000623854,-206869.06200410507,304.20011690734873,149
33675000,67350.0000062042,-207277.68248574878,301.3284089454737,149
33680000,67360.00000616985,-206419.71139998955,302.5831784567773,149
33685000,67370.00000613551,-206842.4230885473,298.4210148969724,149
33690000,67380.00000610117,-206088.8035611238,300.5737605591669,149
33695000,67390.00000606682,-206468.40109583375,302.07370821898786,149
33700000,67400.00000603248,-206640.6288676475,299.27512579020527,149
33705000,67410.00000599814,-207167.57442502864,299.54795362237115,149
33710000,67420.0000059638,-206670.3184267967,301.69212291084517,149
33715000,67430.00000592945,-206135.8123517182,302.7682881120814,149
33720000,67440.00000589511,-206246.76847291668,298.0514335875034,149
33725000,67450.00000586077,-206765.55146759038,296.6898808234516,149
33730000,67460.00000582643,-206307.11194773472,297.94103761745174,149
33735000,67470.00000579208,-206284.32678187208,299.8714496889819,149
33740000,67480.00000575774,-206380.7736256027,300.20333927972996,149
33745000,67490.0000057234,-205780.69124022033,303.32713989979396,149
33750000,67500.00000568906,-206651.17557127005,298.8631446114877,149
33755000,67510.00000565471,-206675.0865930952,298.88030109125816,149
33760000,67520.00000562037,-206579.23714641994,301.2709623100223,149
33765000,67530.00000558603,-206329.22095931508,300.7361830583742,149
33770000,67540.00000555169,-206207.03492163424,295.52596506429757,149
33775000,67550.00000551734,-206119.61279742524,301.40323194444454,149
33780000,67560.000005483,-206631.75162762485,301.07034065261826,149
33785000,67570.00000544866,-207051.74649773142,298.04814657406683,149
33790000,67580.00000541432,-206540.44003770978,298.3011758233758,149
33795000,67590.00000537997,-206347.58165417227,305.1727023476154,149
33800000,67600.00000534563,-205809.79731958674,300.4359494094266,149
33805000,67610.00000531129,-206545.76454077847,299.0028213825937,149
33810000,67620.00000527695,-206867.8128698161,300.9294592678987,149
33815000,67630.0000052426,-206296.4450541311,298.99761044475457,149
33820000,67640.00000520826,-206431.74739275104,303.31397183048983,149
33825000,67650.00000517392,-206273.80813991348,303.04222672349056,149
33830000,67660.00000513958,-206465.96978720638,303.8185034409207,149
33835000,67670.00000510523,-205630.89422297757,298.37251986870564,149
33840000,67680.00000507089,-206761.8401280765,303.16720431854236,149
33845000,67690.00000503655,-206256.12650138093,300.53495776958744,149
33850000,67700.0000050022,-206296.9435246702,299.74500852730273,149
33855000,67710.00000496786,-206689.1606598352,302.43784809585014,149
33860000,67720.00000493352,-206316.749994162,298.2134046740178,149
33865000,67730.00000489918,-206802.4446779245,301.9838437389159,149
33870000,67740.00000486484,-206498.85716975643,299.75160986190184,149
33875000,67750.0000048305,-206249.09096007876,304.3874323888373,149
33880000,67760.00000479615,-206121.8857241685,301.6275972341394,149
33885000,67770.00000476181,-206865.60143323278,294.7354069067293,149
33890000,67780.00000472747,-206082.99358153378,299.4865248030849,149
33895000,67790.00000469312,-206408.24329664977,298.7846215692402,149
33900000,67800.00000465878,-207035.01122198685,301.68710436403387,149
33905000,67810.00000462444,-207083.89030792855,298.4514222495814,149
33910000,67820.0000045901,-206918.09940610244,300.5554874433393,149
33915000,67830.00000455575,-206405.7412742565,297.58892270023256,149
33920000,67840.00000452141,-206520.48394626705,299.15526535083285,149
33925000,67850.00000448707,-206836.1930496886,298.7201177397498,149
33930000,67860.00000445273,-206800.86877687357,302.513792698476,149
33935000,67870.00000441838,-207055.06589541223,299.5575554823096,149
33940000,67880.00000438404,-206287.86802311684,300.7862768245475,149
33945000,67890.0000043497,-207342.2585153752,301.514088152285,149
33950000,67900.00000431536,-207183.9241833021,297.98879723385204,149
33955000,67910.00000428101,-206475.70147383108,299.1367897283995,149
33960000,67920.00000424667,-207464.89980314637,301.8332452233704,149
33965000,67930.00000421233,-207428.35242725315,306.1403728291214,149
33970000,67940.00000417799,-206295.3932527171,305.6425201441372,149
33975000,67950.00000414364,-206926.16775238037,302.12081514081484,149
33980000,67960.0000041093,-206575.52108534332,304.49949723090907,149
33985000,67970.00000407496,-206828.97568755795,299.13588342421946,149
33990000,67980.00000404062,-206907.0974982361,291.79529294515856,149
33995000,67990.00000400627,-206974.97918611136,299.61585168701214,149
34000000,68000.00000397193,-207435.65274587343,306.67850021496156,149
34005000,68010.00000393759,-207077.69876426028,298.5537449248006,149
34010000,68020.00000390325,-206838.12707926868,296.431794966384,149
34015000,68030.0000038689,-206849.9681597011,304.5472934783469,149
34020000,68040.00000383456,-206629.21580884873,299.11799295155913,149
34025000,68050.00000380022,-206697.3040692748,305.39361357544277,149
34030000,68060.00000376588,-205894.86963438534,301.7727453502267,149
34035000,68070.00000373153,-206430.18948597065,299.3620287737896,149
34040000,68080.00000369719,-206760.054075295,299.38312492340356,149
34045000,68090.00000366285,-206571.55917674303,305.22657032467635,149
34050000,68100.0000036285,-206183.61510059668,298.9340797673976,149
34055000,68110.00000359416,-206393.5521770795,300.63397110530553,149
34060000,68120.00000355982,-206008.50983790553,302.1652011337427,149
34065000,68130.00000352548,-206453.66581040388,299.0994953737913,149
34070000,68140.00000349114,-206775.1784716444,295.10891369017327,149
34075000,68150.0000034568,-206505.24245000666,303.55051345475124,149
34080000,68160.00000342245,-206395.46216278174,300.53804128303966,149
34085000,68170.00000338811,-206892.38769473194,296.32657131059017,149
34090000,68180.00000335377,-205992.4635035128,299.59146542059744,149
34095000,68190.00000331942,-207040.04529642535,303.2379993675494,149
34100000,68200.00000328508,-206803.42277324887,300.4996120125243,149
34105000,68210.00000325074,-206787.42595283233,298.26321713863814,149
34110000,68220.0000032164,-206982.95854824793,302.1035216331462,149
34115000,68230.00000318205,-206652.53115779534,302.5023663483237,149
34120000,68240.00000314771,-206912.03023683513,299.1485871527419,149
34125000,68250.00000311337,-206266.10741815553,302.5542356811771,149
34130000,68260.00000307903,-206187.8555093793,302.37529187714676,149
34135000,68270.00000304468,-206408.67759439244,303.16768345893513,149
34140000,68280.00000301034,-206021.5382061347,303.6267814457502,149
34145000,68290.000002976,-206318.36704867182,300.59850425870974,149
34150000,68300.00000294166,-206883.22607409733,302.6779082077442,149
34155000,68310.00000290731,-207006.44489782397,298.7404362598871,149
34160000,68320.00000287297,-207201.53279270523,298.21699588831706,149
34165000,68330.00000283863,-206955.32761934726,300.874757085156,149
34170000,68340.00000280429,-206023.59089750808,298.6003572964019,149
34175000,68350.00000276994,-206275.3396268033,298.8209264693585,149
34180000,68360.0000027356,-206624.37699543824,299.3330970054475,149
34185000,68370.00000270126,-206857.39266835526,298.625814485757,149
34190000,68380.00000266691,-206580.38874020963,297.2187653956072,149
34195000,68390.00000263257,-207292.9504227352,303.7579115399535,149
34200000,68400.00000259823,-205919.09658891452,300.135037429091,149
34205000,68410.00000256389,-206324.48327484995,297.4112563132718,149
34210000,68420.00000252954,-206538.22589326662,304.2222950235149,149
34215000,68430.0000024952,-205913.18735123612,302.238566486863,149
34220000,68440.00000246086,-207336.30130170297,303.5962708235666,149
34225000,68450.00000242652,-206244.0726675092,304.40356204809234,149
34230000,68460.00000239217,-206287.91020966042,299.74401583489913,149
34235000,68470.00000235783,-206988.817141457,304.85414994943307,149
34240000,68480.00000232349,-206515.02789306163,304.1886217168469,149
34245000,68490.00000228915,-206720.89782347868,301.3559665265057,149
34250000,68500.0000022548,-206829.5520575781,301.0318227523491,149
34255000,68510.00000222046,-207027.48012374016,297.55831459822787,149
34260000,68520.00000218612,-206264.67880053085,305.83226687818467,149
34265000,68530.00000215178,-206884.34031791298,299.32453635925134,149
34270000,68540.00000211743,-206485.31196597428,302.36300337065086,149
34275000,68550.00000208309,-206884.78780581348,301.5492848793425,149
34280000,68560.00000204875,-206965.03386377287,300.73275127030394,149
34285000,68570.0000020144,-207120.45539930358,299.3149561816156,149
34290000,68580.00000198006,-206799.32164803485,301.37895877712407,149
34295000,68590.00000194572,-205939.93730811356,297.82958802920683,149
34300000,68600.00000191138,-206107.19162151474,296.9810389927205,149
34305000,68610.00000187704,-206202.08057938132,296.67451936499253,149
34310000,68620.0000018427,-206548.7796758653,302.1737402022036,149
34315000,68630.00000180835,-206977.4833997395,295.9076094491766,149
34320000,68640.00000177401,-206641.71098798304,304.14846259789897,149
34325000,68650.00000173967,-207245.14666056307,298.07211674174823,149
34330000,68660.00000170532,-206835.71610662632,297.72252150668584,149
34335000,68670.00000167098,-206029.25677676534,295.26290291944775,149
34340000,68680.00000163664,-206667.2803233239,302.3527092355214,149
34345000,68690.0000016023,-206593.5539209987,301.4433738788121,149
34350000,68700.00000156795,-206664.61671390838,300.24171328145246,149
34355000,68710.00000153361,-206012.17766542628,303.34217137412253,149
34360000,68720.00000149927,-206712.71281315235,296.9339821739144,149
34365000,68730.00000146493,-206889.62167850346,302.7442758089943,149
34370000,68740.00000143058,-207011.8807509998,299.85518615981687,149
34375000,68750.00000139624,-206310.30077436368,299.95096959595514,149
34380000,68760.0000013619,-206203.6404195974,296.56612644714966,149
34385000,68770.00000132756,-205706.30583814625,301.1616835576229,149
34390000,68780.00000129321,-206773.94578262744,299.32249592590597,149
34395000,68790.00000125887,-207451.58644849877,299.43309890882045,149
34400000,68800.00000122453,-206865.8777110983,305.15677174008664,149
34405000,68810.00000119019,-207185.01685345755,300.71546045458643,149
34410000,68820.00000115584,-205726.61183762946,301.8794380928708,149
34415000,68830.0000011215,-206988.89768563968,296.3749682225374,149
34420000,68840.00000108716,-207386.40365343587,294.8101847558488,149
34425000,68850.00000105282,-207207.81251425215,301.05297894262355,149
34430000,68860.00000101847,-206124.09099149378,303.95586540461056,149
34435000,68870.00000098413,-206538.9335480195,300.3602740369859,149
34440000,68880.00000094979,-206063.83034632565,295.1390378282101,149
34445000,68890.00000091545,-206172.6839876948,298.9482870851584,149
34450000,68900.0000008811,-206115.83677994274,303.003701631959,149
34455000,68910.00000084676,-206050.90610299818,301.15426718850927,149
34460000,68920.00000081242,-206895.609927,300.63608248174813,149
34465000,68930.00000077808,-206744.20400864724,301.6607970246611,149
34470000,68940.00000074373,-207626.9701855278,303.1982611389022,149
34475000,68950.00000070939,-206687.43359052425,303.01593515815966,149
34480000,68960.00000067505,-206752.76721040043,297.16538284978475,149
34485000,68970.0000006407,-206696.12529137952,297.5363025285841,149
34490000,68980.00000060636,-205965.2810555608,299.3642210782474,149
34495000,68990.00000057202,-206932.31121299788,300.8462557169813,149
34500000,69000.00000053768,-206694.58956200082,303.5202963200122,149
34505000,69010.00000050334,-206310.1001510626,298.8320651500741,149
34510000,69020.000000469,-206523.3030338193,298.92946207627733,149
34515000,69030.00000043465,-207092.63540913956,298.95585412024866,149
34520000,69040.00000040031,-206786.858014807,296.2114025241259,149
34525000,69050.00000036597,-206605.94390622305,300.89922897045216,149
34530000,69060.00000033162,-206967.84225602238,298.97323482779694,149
34535000,69070.00000029728,-206557.42597631295,300.1987603538532,149
34540000,69080.00000026294,-206906.41890994553,298.24278897611094,149
34545000,69090.0000002286,-206831.3349861547,304.2315901232191,149
34550000,69100.00000019425,-205716.22776865156,304.64068071117924,149
34555000,69110.00000015991,-206786.96418188303,297.7141961456127,149
34560000,69120.00000012557,-206682.06957898673,298.9878845188055,149
34565000,69130.00000009123,-206451.24807170779,297.697750290811,149
34570000,69140.00000005688,-205807.6794863654,299.5922086842537,149
34575000,69150.00000002254,-206804.01022100775,295.2033237591845,149
34580000,69159.9999999882,-206751.84382554854,298.532226676376,149
34585000,69169.99999995386,-206148.2829519621,298.90232762260973,149
34590000,69179.99999991951,-206236.85332420352,306.2782124676407,149
34595000,69189.99999988517,-206337.18395992217,298.7434120494001,149
34600000,69199.99999985083,-205912.97972101055,297.8141211147996,149
34605000,69209.99999981649,-206777.20586717548,307.2721996498606,149
34610000,69219.99999978214,-206729.57353042276,303.04351805524266,149
34615000,69229.9999997478,-206121.58592422225,300.15218420723147,149
34620000,69239.99999971346,-206416.68778677715,302.36057857913045,149
34625000,69249.99999967912,-206197.44460592908,297.43966100969106,149
34630000,69259.99999964477,-206676.1715379171,302.1181360126047,149
34635000,69269.99999961043,-206836.3313389452,298.1337935253118,149
34640000,69279.99999957609,-206748.01216366538,303.7433671496295,149
34645000,69289.99999954175,-206837.04498434055,300.802036314602,149
34650000,69299.9999995074,-207153.13948318863,303.8432166284259,149
34655000,69309.99999947306,-206181.97871877288,300.5973415771945,149
34660000,69319.99999943872,-207098.24346019723,303.7206158839544,149
34665000,69329.99999940438,-206320.28695679596,300.71053987809086,149
34670000,69339.99999937003,-206144.54697169608,304.55679510362967,149
34675000,69349.99999933569,-206250.35933427734,300.2072141333993,149
34680000,69359.99999930135,-206445.0472797273,302.9793705303417,149
34685000,69369.999999267,-207074.53492091107,298.34297579112797,149
34690000,69379.99999923266,-206716.04931176174,299.22163789272184,149
34695000,69389.99999919832,-206773.19720908022,302.4595641517117,149
34700000,69399.99999916398,-206644.21847830527,300.64447395162057,149
34705000,69409.99999912964,-206770.22852907097,298.8928171375431,149
34710000,69419.9999990953,-206777.91488318145,300.00165397823883,149
34715000,69429.99999906095,-206567.29497809405,303.78542236236467,149
34720000,69439.99999902661,-206467.72343932465,298.8993188972211,149
34725000,69449.99999899227,-206611.37517941685,302.1586446983929,149
34730000,69459.99999895792,-207237.922932297,301.7737809261249,149
34735000,69469.99999892358,-206684.4098891724,301.22899332217577,149
34740000,69479.99999888924,-207461.433736644,301.2383768413304,149
34745000,69489.9999988549,-205799.19286527077,300.20735289473015,149
34750000,69499.99999882055,-206037.10174032627,301.6329179070056,149
34755000,69509.99999878621,-206754.11982111435,306.8048329052965,149
34760000,69519.99999875187,-205705.92891468573,297.33510209035234,149
34765000,69529.99999871753,-207051.00050120684,301.2793456862768,149
34770000,69539.99999868318,-206082.07272885623,299.7622702967411,149
34775000,69549.99999864884,-206897.1886454745,298.204823998903,149
34780000,69559.9999986145,-206795.32210174226,300.8007112430584,149
34785000,69569.99999858016,-206671.6455309966,301.8758189081885,149
34790000,69579.99999854581,-206302.84899627685,298.9832628612446,149
34795000,69589.99999851147,-207057.8137386908,297.0282825385191,149
34800000,69599.99999847713,-206292.2938876826,300.1201596450588,149
34805000,69609.99999844278,-206954.56693431595,298.95092095786924,149
34810000,69619.99999840844,-206048.6099715106,295.6138369816516,149
34815000,69629.9999983741,-205964.3563929157,298.03346280807,149
34820000,69639.99999833976,-205715.56734925113,300.0985838132363,149
34825000,69649.99999830541,-206936.02523471403,303.85309463855435,149
34830000,69659.99999827107,-206893.94630884158,300.65381815330466,149
34835000,69669.99999823673,-206576.12185050943,296.0346894833268,149
34840000,69679.99999820239,-206150.22343592788,300.8331505674304,149
34845000,69689.99999816804,-206333.42368979426,298.5513994952894,149
34850000,69699.9999981337,-207789.43412500795,298.76781583146226,149
34855000,69709.99999809936,-206573.568538137,302.0072057189544,149
34860000,69719.99999806502,-205640.83066321688,298.97403603842326,149
34865000,69729.99999803067,-207673.10043789272,298.35648867211387,149
34870000,69739.99999799633,-206341.83338881447,301.3085930384405,149
34875000,69749.99999796199,-205763.21611415595,300.4765998141888,149
34880000,69759.99999792765,-206930.81434501777,296.1657683313221,149
34885000,69769.9999978933,-206754.71505779866,298.86772745420564,149
34890000,69779.99999785896,-206078.55680200155,302.5190819699665,149
34895000,69789.99999782462,-207110.55823931633,298.98512387226765,149
34900000,69799.99999779028,-206161.71820921788,301.38311271713565,149
34905000,69809.99999775593,-206198.13254267862,300.79705470008446,149
34910000,69819.99999772159,-206886.6066786194,300.4411628403888,149
34915000,69829.99999768725,-206134.61618476373,302.8918769590309,149
34920000,69839.9999976529,-206582.36642352818,298.4509286984401,149
34925000,69849.99999761856,-206207.20069550455,296.68574842570655,149
34930000,69859.99999758422,-206636.31019564474,302.5349491873652,149
34935000,69869.99999754988,-206416.52591328963,297.6688994459054,149
34940000,69879.99999751554,-206484.36175903212,301.7597573396066,149
34945000,69889.9999974812,-205815.379168991,308.70282325127107,149
34950000,69899.99999744685,-206342.52012712997,295.88765964827417,149
34955000,69909.99999741251,-206213.37476615794,299.51596883045204,149
34960000,69919.99999737817,-206978.26069049048,306.55199881865866,149
34965000,69929.99999734382,-206976.60923733038,298.0477353100138,149
34970000,69939.99999730948,-206598.5913738039,299.7846506353614,149
34975000,69949.99999727514,-206527.52207558544,302.94624380122445,149
34980000,69959.9999972408,-206150.23185643472,303.23353129625275,149
34985000,69969.99999720645,-205751.00523081596,304.48378596305116,149
34990000,69979.99999717211,-207210.13857088983,298.7995521648911,149
34995000,69989.99999713777,-206394.823019444,301.7257985002603,149
35000000,69999.99999710343,-206438.709493718,296.74071650983984,149
35005000,70009.99999706908,-207003.74117966252,297.0317204296891,149
35010000,70019.99999703474,-205892.2289056544,304.7594332876494,149
35015000,70029.9999970004,-207033.19138318533,303.3270091146566,149
35020000,70039.99999696606,-206676.88399153273,301.4483835513947,149
35025000,70049.99999693171,-206428.55409696093,297.34311370925576,149
35030000,70059.99999689737,-206221.37672524585,296.28377665958993,149
35035000,70069.99999686303,-207206.06014619186,299.9453006571818,149
35040000,70079.99999682869,-206135.45626579702,299.99561312878114,149
35045000,70089.99999679434,-206552.09194474004,301.8023231256492,149
35050000,70099.99999676,-206437.8707918903,303.64914712201863,149
35055000,70109.99999672566,-206251.54364325688,298.417587446739,149
35060000,70119.99999669132,-206442.69673720386,298.72250760249955,149
35065000,70129.99999665697,-207042.6336704227,303.00877503325574,149
35070000,70139.99999662263,-206935.79528242047,302.08616567659675,149
35075000,70149.99999658829,-206933.15022028273,297.5734276752386,149
35080000,70159.99999655395,-206477.1731112263,300.5061659024587,149
35085000,70169.9999965196,-206831.13114873413,297.8355142870033,149
35090000,70179.99999648526,-207128.2404990478,299.5118227254449,149
35095000,70189.99999645092,-206498.94189814012,300.83761565991136,149
35100000,70199.99999641658,-205886.27459013544,302.79090063112864,149
35105000,70209.99999638223,-206084.56969642872,299.02981088810174,149
35110000,70219.99999634789,-206794.48604775395,299.00577683331176,149
35115000,70229.99999631355,-205668.95284812583,300.1863296243967,149
35120000,70239.9999962792,-206704.18406019395,306.411875774311,149
35125000,70249.99999624486,-206417.79011459742,297.24136868938217,149
35130000,70259.99999621052,-206260.40919731616,302.1295301416793,149
35135000,70269.99999617618,-206751.3133553774,298.1726583188465,149
35140000,70279.99999614184,-206553.45586917363,293.95198613434417,149
35145000,70289.9999961075,-206411.70297199045,302.06776911796663,149
35150000,70299.99999607315,-206507.71393224946,300.04776845135854,149
35155000,70309.99999603881,-206837.62843312463,301.8635531264771,149
35160000,70319.99999600447,-206943.25206821715,302.5752798992444,149
35165000,70329.99999597012,-207258.63650774257,301.4485584523396,149
35170000,70339.99999593578,-206501.52806694503,296.2514211605477,149
35175000,70349.99999590144,-205966.05350578425,302.41701099120746,149
35180000,70359.9999958671,-206907.132366837,303.0851784231046,149
35185000,70369.99999583275,-207044.5044796255,297.9601191579767,149
35190000,70379.99999579841,-206705.92283282126,300.958972329411,149
35195000,70389.99999576407,-206608.66696709802,298.7551230697196,149
35200000,70399.99999572973,-206521.8925803505,299.43486389231657,149
35205000,70409.99999569538,-206486.53661177098,302.3099388709026,149
35210000,70419.99999566104,-207033.26872640802,299.0853428517493,149
35215000,70429.9999956267,-207511.2827405925,300.65623411312833,149
35220000,70439.99999559236,-207082.2301368661,301.00367938434977,149
35225000,70449.99999555801,-206284.98918370903,299.236311693749,149
35230000,70459.99999552367,-207258.80071808014,302.1306874702807,149
35235000,70469.99999548933,-206951.89051497017,304.576228903726,149
35240000,70479.99999545499,-206715.7236721604,305.34485101398275,149
35245000,70489.99999542064,-206797.64665786223,300.43010220431177,149
35250000,70499.9999953863,-206822.02903950028,297.24104665186246,149
35255000,70509.99999535196,-206794.66531565785,303.3523760998327,149
35260000,70519.99999531762,-206397.9256589415,303.22784119041023,149
35265000,70529.99999528327,-207158.9954586454,298.6854194818838,149
35270000,70539.99999524893,-205940.81290862896,300.0858082782269,149
35275000,70549.99999521459,-205824.57801908941,296.19277519453885,149
35280000,70559.99999518025,-205954.6870288608,297.0448029533384,149
35285000,70569.9999951459,-207140.16850392765,300.39393215652876,149
35290000,70579.99999511156,-207170.59603365476,303.81012570465725,149
35295000,70589.99999507722,-206785.3915590105,300.880703240206,149
35300000,70599.99999504288,-207398.59250852652,301.75325209589585,149
35305000,70609.99999500853,-206483.05984937074,300.10787782493696,149
35310000,70619.99999497419,-206523.60125547985,300.52077013771583,149
35315000,70629.99999493985,-206989.66333711136,303.77097887474474,149
35320000,70639.9999949055,-205963.67355985998,297.46550490254447,149
35325000,70649.99999487116,-206329.52455415367,303.3134176017325,149
35330000,70659.99999483682,-207045.873171726,310.42106378569605,149
35335000,70669.99999480248,-206834.9442880128,305.76629838893484,149
35340000,70679.99999476814,-205837.37271634198,302.74207044135096,149
35345000,70689.9999947338,-207163.59347606392,296.9727415283883,149
35350000,70699.99999469945,-206258.20805086708,297.87845483122175,149
35355000,70709.99999466511,-206514.5751190153,298.5570340758289,149
35360000,70719.99999463077,-206280.14186662866,297.7966793275015,149
35365000,70729.99999459642,-206318.2508509981,299.93889442789117,149
35370000,70739.99999456208,-206541.06129426253,300.7175890789809,149
35375000,70749.99999452774,-206583.4922700182,297.1369730015774,149
35380000,70759.9999944934,-206734.7233681922,299.421356305215,149
35385000,70769.99999445905,-206736.4657061291,303.0674971731394,149
35390000,70779.99999442471,-206478.69068614847,302.3749212413244,149
35395000,70789.99999439037,-205964.028891213,295.33957029665635,149
35400000,70799.99999435603,-206312.77348147554,300.90099036855185,149
35405000,70809.99999432168,-206252.17314976384,303.0576412354973,149
35410000,70819.99999428734,-207035.65490104386,297.68157679594543,149
35415000,70829.999994253,-205972.99874739337,302.2256549077357,149
35420000,70839.99999421866,-206117.17495211307,302.23377262412936,149
35425000,70849.99999418431,-207499.91512955015,302.3811916093093,149
35430000,70859.99999414997,-207436.2717988192,299.494198944436,149
35435000,70869.99999411563,-206531.73350321094,306.6882597651628,149
35440000,70879.99999408128,-205764.7688842311,300.46678090166324,149
35445000,70889.99999404694,-206558.85810738907,302.9306370454188,149
35450000,70899.9999940126,-206938.9056786236,296.676905004101,149
35455000,70909.99999397826,-206278.6357244089,299.99731904147995,149
35460000,70919.99999394391,-206447.30353777343,299.0228953440609,149
35465000,70929.99999390957,-206835.395590232,300.0811124740775,149
35470000,70939.99999387523,-207307.23033121217,302.6424665300651,149
35475000,70949.99999384089,-207277.43718237733,301.584927166876,149
35480000,70959.99999380654,-206958.97733025288,308.53453719945514,149
35485000,70969.9999937722,-206383.76296862913,298.9171266752111,149
35490000,70979.99999373786,-206321.05062532646,301.9752427474444,149
35495000,70989.99999370352,-206540.12092652684,302.5078299158921,149
35500000,70999.99999366917,-206764.4519783355,302.1679774599948,149
35505000,71009.99999363483,-207394.63790430396,304.0980510922746,149
35510000,71019.99999360049,-206043.4553843618,298.1735392898002,149
35515000,71029.99999356615,-206416.93738237675,303.3479275760765,149
35520000,71039.9999935318,-206236.33803041675,304.61601612869464,149
35525000,71049.99999349746,-207339.19627884903,302.4246799147632,149
35530000,71059.99999346312,-206922.81582674524,297.23026074090967,149
35535000,71069.99999342878,-207227.60115925362,302.98586676229826,149
35540000,71079.99999339443,-206001.4058344129,300.70103827631254,149
35545000,71089.99999336009,-207119.56480050564,299.77155749022285,149
35550000,71099.99999332575,-207032.6725240486,303.819799067058,149
35555000,71109.9999932914,-205996.34249245562,298.7959621445904,149
35560000,71119.99999325706,-206117.15947821725,298.28470058907504,149
35565000,71129.99999322272,-206061.0073965867,298.225525477538,149
35570000,71139.99999318838,-206139.69346304808,299.7723511614535,149
35575000,71149.99999315404,-206941.61248913012,300.02335466133667,149
35580000,71159.9999931197,-206696.76467674342,299.89151860968866,149
35585000,71169.99999308535,-206952.67223919265,301.1318558318867,149
35590000,71179.99999305101,-206181.40235761355,297.244658195163,149
35595000,71189.99999301667,-206360.79331578675,299.8902460815755,149
35600000,71199.99999298232,-207274.0630109337,303.7320711568214,149
35605000,71209.99999294798,-206033.60845997557,299.26386190669854,149
35610000,71219.99999291364,-206169.4634472991,303.00890400290984,149
35615000,71229.9999928793,-206336.0656544729,303.1729531829768,149
35620000,71239.99999284495,-206541.47104518896,302.3363141490616,149
35625000,71249.99999281061,-206829.10715836484,299.8060098592401,149
35630000,71259.99999277627,-206614.23009863112,299.301239212067,149
35635000,71269.99999274193,-207293.2940911129,304.3136732742404,149
35640000,71279.99999270758,-206030.15789886354,302.80904134621613,149
35645000,71289.99999267324,-207541.89451433404,295.61136143800144,149
35650000,71299.9999926389,-206733.84902025224,299.4794366897829,149
35655000,71309.99999260456,-206197.4186808956,298.36835712766276,149
35660000,71319.99999257021,-206558.3757790795,304.0148978304568,149
35665000,71329.99999253587,-206129.81982469955,300.2809513755596,149
35670000,71339.99999250153,-206026.56079829182,302.8331328618739,149
35675000,71349.99999246719,-206788.74991079234,302.7015397238204,149
35680000,71359.99999243284,-206306.91129579186,301.2962759845448,149
35685000,71369.9999923985,-206582.0513087929,301.81616877103625,149
35690000,71379.99999236416,-206942.5829773188,301.74603758795473,149
35695000,71389.99999232982,-206946.2818578661,298.22428380595295,149
35700000,71399.99999229547,-205462.23386194475,299.46096514765134,149
35705000,71409.99999226113,-206993.43558133417,301.36919995790623,149
35710000,71419.99999222679,-206044.47106937936,295.430778649327,149
35715000,71429.99999219245,-206894.31641378487,302.0190200711485,149
35720000,71439.9999921581,-207157.57361966418,301.0736711098881,149
35725000,71449.99999212376,-206224.412302537,302.66007945802585,149
35730000,71459.99999208942,-206855.30037611746,300.7022335531635,149
35735000,71469.99999205508,-206910.99549622217,298.6957669303487,149
35740000,71479.99999202073,-206319.95245721575,299.4378918411807,149
35745000,71489.99999198639,-206995.21961133834,302.67784616519225,149
35750000,71499.99999195205,-206319.7436601111,300.1561425759393,149
35755000,71509.9999919177,-206042.16407227586,300.0412343730642,149
35760000,71519.99999188336,-206939.9798614966,304.2234487098074,149
35765000,71529.99999184902,-206374.76187998196,306.07886956667033,149
35770000,71539.99999181468,-206240.924919829,303.1404507051058,149
35775000,71549.99999178034,-206957.61072162213,302.5922521241699,149
35780000,71559.999991746,-206260.085076025,299.3738966520459,149
35785000,71569.99999171165,-206911.25854226528,297.67674900328444,149
35790000,71579.99999167731,-206055.91628640832,300.9656626837116,149
35795000,71589.99999164297,-206675.47447124822,304.4703784425396,149
35800000,71599.99999160862,-206235.62425188918,300.7689674907963,149
35805000,71609.99999157428,-206478.2402740206,302.34486399477083,149
35810000,71619.99999153994,-206383.61029915372,303.4443503223387,149
35815000,71629.9999915056,-205906.58074616932,304.66986364115076,149
35820000,71639.99999147125,-206513.39715931192,300.28782775439686,149
35825000,71649.99999143691,-206910.28520593257,301.06110732625376,149
35830000,71659.99999140257,-206919.82498170203,301.4839348411429,149
35835000,71669.99999136823,-206854.8763198856,300.8134915828906,149
35840000,71679.99999133388,-206178.44248080987,295.33323990879506,149
35845000,71689.99999129954,-206373.08817828714,301.224860587218,149
35850000,71699.9999912652,-206526.61349552672,301.5386818553122,149
35855000,71709.99999123086,-205207.78533850715,299.4568935880576,149
35860000,71719.99999119651,-206810.24422678526,304.5796303283142,149
35865000,71729.99999116217,-205768.3325036437,297.9223529039918,149
35870000,71739.99999112783,-206553.7119536635,301.52224410276904,149
35875000,71749.99999109349,-207451.9127388118,297.2970450596384,149
35880000,71759.99999105914,-207019.0295588792,304.0691364140218,149
35885000,71769.9999910248,-206740.85127197346,300.06477539049814,149
35890000,71779.99999099046,-207270.83675477817,306.23493877580205,149
35895000,71789.99999095612,-206498.41297178215,298.8090623839752,149
35900000,71799.99999092177,-206472.76997758786,297.646447860541,149
35905000,71809.99999088743,-206882.70035181777,297.41128553643006,149
35910000,71819.99999085309,-206250.291940185,297.549060309459,149
35915000,71829.99999081875,-206064.43572155375,296.1042539266969,149
35920000,71839.9999907844,-206968.93251429708,300.3605514517363,149
35925000,71849.99999075006,-206542.13935666753,295.293161852213,149
35930000,71859.99999071572,-206542.92430399184,298.42229480328785,149
35935000,71869.99999068138,-207124.53673936066,293.92251292433156,149
35940000,71879.99999064703,-205883.06994932378,296.84691063180765,149
35945000,71889.99999061269,-206678.80447395053,299.28880417397727,149
35950000,71899.99999057835,-206633.21895160154,300.7157655679669,149
35955000,71909.999990544,-206361.68669672764,300.55964262129106,149
35960000,71919.99999050966,-206649.32447195868,303.6064302242464,149
35965000,71929.99999047532,-206044.08430758573,296.9814902805841,149
35970000,71939.99999044098,-205721.0138624244,304.7095419378588,149
35975000,71949.99999040664,-206475.32876622735,302.81021851873004,149
35980000,71959.9999903723,-206784.17384146736,300.03153642912287,149
35985000,71969.99999033795,-205826.0935505724,294.7725727325466,149
35990000,71979.99999030361,-205989.74632602255,294.51821397635183,149
35995000,71989.99999026927,-206352.18547372194,302.62490129424225,149
36000000,71999.99999023492,-206323.55624199566,296.5808572252406,149
36005000,72009.99999020058,-207425.99527384387,301.23547959868904,149
36010000,72019.99999016624,-207151.07718883594,296.5773492576705,149
36015000,72029.9999901319,-206418.89386227506,299.83689650311277,149
36020000,72039.99999009755,-207363.1988555172,297.55207224201166,149
36025000,72049.99999006321,-207104.3713654878,300.46535397016316,149
36030000,72059.99999002887,-206032.59725815104,302.78384021379003,149
36035000,72069.99998999453,-205996.43719220138,296.8379964127385,149
36040000,72079.99998996018,-206447.44759384228,295.7874487596817,149
36045000,72089.99998992584,-205851.4822542558,303.49201487490745,149
36050000,72099.9999898915,-206217.0167534881,298.30887773000563,149
36055000,72109.99998985716,-206550.6519251602,301.2066070975898,149
36060000,72119.99998982281,-206148.6359683053,301.50661129413584,149
36065000,72129.99998978847,-206524.43266192393,302.20781551262064,149
36070000,72139.99998975413,-206147.01986240153,299.33160666532865,149
36075000,72149.99998971978,-205928.05360928492,301.67931832124026,149
36080000,72159.99998968544,-206664.5941276243,300.489549753935,149
36085000,72169.9999896511,-207157.0721814148,298.80517927870875,149
36090000,72179.99998961676,-207160.85538758372,297.9030291554031,149
36095000,72189.99998958241,-207132.3550311483,302.9065275158888,149
36100000,72199.99998954807,-207451.1544867342,297.4806887203967,149
36105000,72209.99998951373,-206308.60278263444,300.8288976373675,149
36110000,72219.99998947939,-206269.70800614462,300.8284690989468,149
36115000,72229.99998944504,-205941.08642208006,299.11791748312436,149
36120000,72239.9999894107,-206429.01819610258,298.31302962323304,149
36125000,72249.99998937636,-206095.32265801704,302.31484233591016,149
36130000,72259.99998934202,-206594.5902989162,298.84671358786727,149
36135000,72269.99998930767,-205717.86478656065,305.2107558679776,149
36140000,72279.99998927333,-206443.23598363297,305.061319022696,149
36145000,72289.99998923899,-207527.90905640286,301.3510162883529,149
36150000,72299.99998920465,-206485.80143302772,303.1805357699056,149
36155000,72309.9999891703,-206655.47063502658,295.81988792010424,149
36160000,72319.99998913596,-206756.5681503981,301.7565418432698,149
36165000,72329.99998910162,-206629.2883129695,294.584907052297,149
36170000,72339.99998906728,-206392.80159807333,301.5163421320598,149
36175000,72349.99998903293,-206575.93617932952,300.76328197779515,149
36180000,72359.99998899859,-206544.04440475686,301.49949269854,149
36185000,72369.99998896425,-206243.20803902578,298.2185647275014,149
36190000,72379.9999889299,-206694.19120974,300.76612988055115,149
36195000,72389.99998889556,-206930.82017712004,299.5616430231963,149
36200000,72399.99998886122,-206210.81802742148,302.31449757647835,149
36205000,72409.99998882688,-206619.56591230805,304.55668314733526,149
36210000,72419.99998879254,-206833.97112001607,299.1039465269252,149
36215000,72429.9999887582,-206738.6967891471,296.58213698697324,149
36220000,72439.99998872385,-206881.54309926333,296.6141880179156,149
36225000,72449.99998868951,-206151.86771803326,300.5613092324582,149
36230000,72459.99998865517,-206520.6464076906,301.9534422114918,149
36235000,72469.99998862082,-206739.02586689463,299.31588222397085,149
36240000,72479.99998858648,-206466.05904118204,305.19045107970857,149
36245000,72489.99998855214,-206089.69266217318,297.41201510580055,149
36250000,72499.9999885178,-206002.29542179557,301.8378303825804,149
36255000,72509.99998848345,-206371.1883793634,301.6393109732094,149
36260000,72519.99998844911,-206545.14762868977,302.95972709521425,149
36265000,72529.99998841477,-207706.20285468549,300.37446490963157,149
36270000,72539.99998838043,-206265.34630958422,303.7519913113075,149
36275000,72549.99998834608,-206446.76800084044,297.0799260930845,149
36280000,72559.99998831174,-206091.6893833686,298.4045357427051,149
36285000,72569.9999882774,-207266.69626477011,302.18085041963155,149
36290000,72579.99998824306,-206535.3479447934,302.09771867245206,149
36295000,72589.99998820871,-206542.95626293158,296.4748269258564,149
36300000,72599.99998817437,-206680.72197638988,299.4826201743811,149
36305000,72609.99998814003,-206900.56709416106,299.7785670452603,149
36310000,72619.99998810569,-206605.27356617618,302.86509439527526,149
36315000,72629.99998807134,-206514.08688193886,302.118973902104,149
36320000,72639.999988037,-206278.12318098324,299.5815728323651,149
36325000,72649.99998800266,-206846.35771717946,298.6378472499527,149
36330000,72659.99998796832,-206932.93794239184,301.80325613411327,149
36335000,72669.99998793397,-205956.3844888463,304.83812694775685,149
36340000,72679.99998789963,-206324.5283348614,304.5166090793375,149
36345000,72689.99998786529,-207543.44605397026,301.32934578574987,149
36350000,72699.99998783095,-207299.6726116587,299.95188952700545,149
36355000,72709.9999877966,-205920.94563087483,301.0644835971602,149
36360000,72719.99998776226,-206345.44046682213,307.59913195365357,149
36365000,72729.99998772792,-207038.45636982867,301.32643508233485,149
36370000,72739.99998769358,-206496.4899205974,299.0844714468881,149
36375000,72749.99998765923,-206888.98330631084,300.23245258112445,149
36380000,72759.99998762489,-206420.97031419666,306.3492445192747,149
36385000,72769.99998759055,-206256.18533952825,294.85012720603777,149
36390000,72779.9999875562,-206202.0348776502,295.86945145329616,149
36395000,72789.99998752186,-206775.08250081248,298.0674284366901,149
36400000,72799.99998748752,-207290.41031484515,295.0987997192474,149
36405000,72809.99998745318,-206213.37005005183,305.09238815602936,149
36410000,72819.99998741884,-205864.64939496573,302.4453399770315,149
36415000,72829.9999873845,-207149.5374734234,298.1792955367014,149
36420000,72839.99998735015,-207770.14805357496,293.71454138694554,149
36425000,72849.99998731581,-206031.2367652813,298.0638437126927,149
36430000,72859.99998728147,-206455.7144782145,297.9820932128688,149
36435000,72869.99998724712,-206779.33741064311,297.1087539768322,149
36440000,72879.99998721278,-206247.81347258796,301.60542575072907,149
36445000,72889.99998717844,-206929.1599772264,300.53989718109045,149
36450000,72899.9999871441,-205772.0497701649,302.25963378335643,149
36455000,72909.99998710975,-206888.4306836268,300.6154087586257,149
36460000,72919.99998707541,-207192.59795012348,296.9052013314357,149
36465000,72929.99998704107,-206167.25261009135,297.8841706990131,149
36470000,72939.99998700673,-206643.8691962522,304.5138583509995,149
36475000,72949.99998697238,-206802.98671936675,304.7217292962531,148
36480000,72959.99998693804,-206574.49274138408,299.84949620969144,148
36485000,72969.9999869037,-206242.41133616492,301.9589839440213,148
36490000,72979.99998686936,-206513.34330696776,301.13833979395554,148
36495000,72989.99998683501,-207136.41552737553,296.81808264955686,148
36500000,72999.99998680067,-206820.08314778248,300.8212338223682,148
36505000,73009.99998676633,-206304.3143956163,301.0737267883861,148
36510000,73019.99998673199,-206830.40369789884,299.1846551668509,148
36515000,73029.99998669764,-207002.84780500957,303.45009295998443,148
36520000,73039.9999866633,-206464.90661088878,298.9857630837216,148
36525000,73049.99998662896,-205971.05095577915,304.306006280275,148
36530000,73059.99998659462,-206163.01302624308,303.0305930750623,148
36535000,73069.99998656027,-206923.0399024192,302.82850457314277,148
36540000,73079.99998652593,-206240.9557159549,299.250663908399,148
36545000,73089.99998649159,-206425.1945618702,302.6441888544004,148
36550000,73099.99998645725,-207049.00694681564,294.6261271669061,148
36555000,73109.9999864229,-206773.94302686746,299.86446027733217,148
36560000,73119.99998638856,-206069.50923222955,298.34881651361417,148
36565000,73129.99998635422,-206354.00752376334,297.14505649517343,148
36570000,73139.99998631988,-206779.82361556077,298.18104437200685,148
36575000,73149.99998628553,-206511.45464713697,296.7072178224385,148
36580000,73159.99998625119,-207178.31887967885,297.53643920799294,148
36585000,73169.99998621685,-207215.41655759094,303.75427633124013,148
36590000,73179.9999861825,-207468.9018364027,295.09019868604184,148
36595000,73189.99998614816,-207140.59946857777,301.140866578612,148
36600000,73199.99998611382,-206317.9327779645,299.4161321194695,148
36605000,73209.99998607948,-205933.7398634361,298.58234198537656,148
36610000,73219.99998604514,-206938.5900332129,300.61267720612636,148
36615000,73229.9999860108,-206281.08324011636,303.1935626367924,148
36620000,73239.99998597645,-206857.2469965478,300.51259219673415,148
36625000,73249.99998594211,-205889.41062038264,300.13546138929945,148
36630000,73259.99998590777,-206479.43189842382,299.7075454100395,148
36635000,73269.99998587342,-206424.84922744706,297.7733961185128,148
36640000,73279.99998583908,-206817.36169526412,301.3129900908568,148
36645000,73289.99998580474,-206959.24904104054,293.04091358335336,148
36650000,73299.9999857704,-206338.03289898066,297.7592825216768,148
36655000,73309.99998573605,-205791.62620602583,300.4803331805365,148
36660000,73319.99998570171,-206632.42138615635,300.3673579014163,148
36665000,73329.99998566737,-206772.64997626783,301.65704365321443,148
36670000,73339.99998563303,-206685.66127271985,305.7733810981612,148
36675000,73349.99998559868,-206212.79963472113,301.7442310157044,148
36680000,73359.99998556434,-206220.91073064378,304.2856021294236,148
36685000,73369.99998553,-206740.48883732653,300.7121963291706,148
36690000,73379.99998549565,-207006.93175657035,299.44643315204036,148
36695000,73389.99998546131,-206642.17889209895,300.2596671358037,148
36700000,73399.99998542697,-206381.18127517716,303.608875718463,148
36705000,73409.99998539263,-206923.87357621267,305.833610217127,148
36710000,73419.99998535828,-206834.37048225268,294.9645172633328,148
36715000,73429.99998532394,-207347.99914377404,305.07789393624955,148
36720000,73439.9999852896,-206233.43064639193,297.3680879177504,148
36725000,73449.99998525526,-206765.69111520436,302.3726568120702,148
36730000,73459.99998522091,-206850.25456013018,295.94205097468927,148
36735000,73469.99998518657,-206571.9923112779,301.24470933300256,148
36740000,73479.99998515223,-206703.4598145422,299.0210033617299,148
36745000,73489.99998511789,-206683.6137969446,300.4929212470037,148
36750000,73499.99998508354,-206957.66722383467,301.70205207446156,148
36755000,73509.9999850492,-206337.46611076093,300.3153192025344,148
36760000,73519.99998501486,-205662.2746237237,302.0407478306802,148
36765000,73529.99998498052,-206369.42175686941,300.66009595787796,148
36770000,73539.99998494617,-207743.45604744728,298.3161530956794,148
36775000,73549.99998491183,-206388.1997955041,297.5620542252217,148
36780000,73559.99998487749,-206501.8501615571,300.9564623947823,148
36785000,73569.99998484315,-206658.25603017164,298.69734157652107,148
36790000,73579.9999848088,-206547.0304276587,298.2514416586405,148
36795000,73589.99998477446,-206517.7613307808,298.9874157224231,148
36800000,73599.99998474012,-206821.0047968172,306.17381273511353,148
36805000,73609.99998470578,-205664.43381324247,298.51432910029627,148
36810000,73619.99998467143,-206258.00322061533,302.9800366410287,148
36815000,73629.99998463709,-205425.08241015417,302.28635133714056,148
36820000,73639.99998460275,-207152.30227894627,300.43587756183047,148
36825000,73649.9999845684,-206097.62120961968,303.65772654526944,148
36830000,73659.99998453406,-207078.84500139067,297.48989081629986,148
36835000,73669.99998449972,-207134.77930431184,298.00967497546526,148
36840000,73679.99998446538,-206388.9529394107,299.2895579791859,148
36845000,73689.99998443104,-206573.526390336,300.08897512151395,148
36850000,73699.9999843967,-206119.80650388903,302.945175435596,148
36855000,73709.99998436235,-206805.85832884593,302.5352907170303,148
36860000,73719.99998432801,-206281.27094879933,298.32698629926733,148
36865000,73729.99998429367,-206508.7481917541,303.0516532083892,148
36870000,73739.99998425932,-206756.77685211983,296.55839157234533,148
36875000,73749.99998422498,-207079.81631309527,301.2176068568015,148
36880000,73759.99998419064,-206082.92698089115,299.13732226872804,148
36885000,73769.9999841563,-206414.621852107,301.4130103818199,148
36890000,73779.99998412195,-206765.0021145076,300.0713653541638,148
36895000,73789.99998408761,-206124.7401309352,300.6523859279501,148
36900000,73799.99998405327,-206006.72623303486,302.80519591197987,148
36905000,73809.99998401893,-206198.5366359558,300.40773087309805,148
36910000,73819.99998398458,-206443.35632078024,302.23986408356797,148
36915000,73829.99998395024,-206645.9212212735,299.5936160235821,148
36920000,73839.9999839159,-207090.00761864148,306.7426340238114,148
36925000,73849.99998388156,-206652.1310662364,300.87989207580546,148
36930000,73859.99998384721,-206714.9316282753,298.35700830495017,148
36935000,73869.99998381287,-207319.7476174616,302.9760486103289,148
36940000,73879.99998377853,-206597.08924130083,298.9319416634324,148
36945000,73889.99998374419,-206382.943804043,305.18380498641915,148
36950000,73899.99998370984,-206709.2068570091,301.0440133765018,148
36955000,73909.9999836755,-206800.33756399225,306.34482134504145,148
36960000,73919.99998364116,-206601.10529370874,303.56206829183174,148
36965000,73929.99998360682,-206485.51515495265,297.4698280009334,148
36970000,73939.99998357247,-207015.2445955159,298.8176313912476,148
36975000,73949.99998353813,-205933.18788838014,300.08257800817773,148
36980000,73959.99998350379,-206481.14073836198,304.2939093613711,148
36985000,73969.99998346945,-207009.3442583382,303.09751401224634,148
36990000,73979.9999834351,-207130.41372551234,299.9231732917904,148
36995000,73989.99998340076,-206448.58535977278,298.923134893463,148
37000000,73999.99998336642,-206636.71296569472,300.91713242987277,148
37005000,74009.99998333208,-207317.14593604836,298.7281273712384,148
37010000,74019.99998329773,-206090.20655363577,298.82041299151757,148
37015000,74029.99998326339,-206099.68154450785,296.1839929621039,148
37020000,74039.99998322905,-206330.753694345,298.3255016897933,148
37025000,74049.9999831947,-206066.62865838292,299.31711808260303,148
37030000,74059.99998316036,-206270.5191569496,303.2040365000921,148
37035000,74069.99998312602,-206201.69237827626,305.0544465928894,148
37040000,74079.99998309168,-205760.5056049804,307.5398146833283,148
37045000,74089.99998305734,-206652.10150630504,304.1725425140351,148
37050000,74099.999983023,-206006.92762678105,302.4742184693958,148
37055000,74109.99998298865,-206860.34422974905,299.49892662352573,148
37060000,74119.99998295431,-206270.13587363623,302.0171697756226,148
37065000,74129.99998291997,-207251.67842037033,298.2634581888509,148
37070000,74139.99998288562,-206350.59172498423,304.03690446428067,148
37075000,74149.99998285128,-207008.871548785,293.136426179792,148
37080000,74159.99998281694,-205862.31039761077,305.77827485352327,148
37085000,74169.9999827826,-206773.57066368312,302.54230289360163,148
37090000,74179.99998274825,-207011.35111045535,301.5464008635133,148
37095000,74189.99998271391,-205829.36158150295,292.4938821385556,148
37100000,74199.99998267957,-206618.96939691273,295.03797791903986,148
37105000,74209.99998264523,-206276.5687898309,296.5621333578819,148
37110000,74219.99998261088,-207489.82342106383,301.7613533212853,148
37115000,74229.99998257654,-206844.4303839811,298.5633697432959,148
37120000,74239.9999825422,-206104.68887292338,300.4560490445989,148
37125000,74249.99998250786,-206578.81364150892,302.22925731530273,148
37130000,74259.99998247351,-207231.77535907773,297.16762339982694,148
37135000,74269.99998243917,-205465.31254253117,299.189570375713,148
37140000,74279.99998240483,-206814.39793038252,300.7774909171842,148
37145000,74289.99998237049,-205985.78880371922,296.67627607378967,148
37150000,74299.99998233614,-206434.53490244818,302.35033384264227,148
37155000,74309.9999823018,-207033.5070058806,301.463370335279,148
37160000,74319.99998226746,-206637.0107467284,297.4187460092055,148
37165000,74329.99998223312,-207161.52180006937,297.14416258046487,148
37170000,74339.99998219877,-205818.49372667796,305.49914616322485,148
37175000,74349.99998216443,-205819.08551595954,297.25178999342484,148
37180000,74359.99998213009,-206348.29350944795,295.41601116449164,148
37185000,74369.99998209575,-205634.4264078529,299.32781931352406,148
37190000,74379.9999820614,-206704.05890905298,297.3521958108463,148
37195000,74389.99998202706,-206209.1049863944,300.91655815201284,148
37200000,74399.99998199272,-206334.71510366013,300.43575259114624,148
37205000,74409.99998195838,-206651.19317822566,296.6365564913672,148
37210000,74419.99998192403,-206327.7661657479,303.2253576377762,148
37215000,74429.99998188969,-206683.3135899749,300.46222446930193,148
37220000,74439.99998185535,-206610.31057896174,301.0776697507943,148
37225000,74449.999981821,-206266.79514525027,301.73924180442225,148
37230000,74459.99998178666,-206501.98945896036,299.66318910538496,148
37235000,74469.99998175232,-207016.89744532667,297.2196944786417,148
37240000,74479.99998171798,-207614.1286411133,299.4076577166533,148
37245000,74489.99998168364,-207489.0777064236,301.7195974131221,148
37250000,74499.9999816493,-206673.122545504,301.25037001059223,148
37255000,74509.99998161495,-206931.3676993132,297.7686764259197,148
37260000,74519.99998158061,-207504.65631868667,298.43368632308795,148
37265000,74529.99998154627,-206473.88753266574,304.3650059300054,148
37270000,74539.99998151192,-207131.8920384231,298.559553162325,148
37275000,74549.99998147758,-207019.94935512834,297.54695538308084,148
37280000,74559.99998144324,-206494.28716707847,300.1907038365679,148
37285000,74569.9999814089,-205828.50620665448,297.5538288127282,148
37290000,74579.99998137455,-206917.5615968851,302.0757222411678,148
37295000,74589.99998134021,-207136.27301581588,303.6986257768527,148
37300000,74599.99998130587,-206271.61902583402,304.44784392798124,148
37305000,74609.99998127153,-205995.67133751907,300.2409127871281,148
37310000,74619.99998123718,-207097.4276664945,299.7574643313273,148
37315000,74629.99998120284,-206264.33996987436,304.29392733761404,148
37320000,74639.9999811685,-206866.94267833326,295.70005448884035,148
37325000,74649.99998113415,-206295.255193362,296.21979814907536,148
37330000,74659.99998109981,-206488.39501397847,300.7802614421519,148
37335000,74669.99998106547,-206074.37150966947,304.06666176947067,148
37340000,74679.99998103113,-206799.95132761856,293.6037263317834,148
37345000,74689.99998099678,-206678.50162248476,298.2504412247504,148
37350000,74699.99998096244,-207178.72917091788,300.9277830410718,148
37355000,74709.9999809281,-206335.76836649782,303.218071754725,148
37360000,74719.99998089376,-206875.9724854061,293.7879559952513,148
37365000,74729.99998085941,-206207.33394212113,296.94392882810473,148
37370000,74739.99998082507,-205363.45178613404,297.7002761146788,148
37375000,74749.99998079073,-206235.80301719683,303.181911357411,148
37380000,74759.99998075639,-206092.34192638227,299.15110786234845,148
37385000,74769.99998072204,-206734.80935001932,304.44696448666946,148
37390000,74779.9999806877,-206611.3823715452,297.32077114144465,148
37395000,74789.99998065336,-206542.44387094723,297.10939736783774,148
37400000,74799.99998061902,-206860.69228898303,298.181503061285,148
37405000,74809.99998058467,-205339.0886727525,301.5072925477114,148
37410000,74819.99998055033,-206044.40444690245,299.62178854889817,148
37415000,74829.99998051599,-206683.63815788145,296.88314077726636,148
37420000,74839.99998048165,-206089.13844154146,302.10943701433416,148
37425000,74849.9999804473,-206065.77992319746,299.97712317589355,148
37430000,74859.99998041296,-206921.52948824863,300.07728558603003,148
37435000,74869.99998037862,-206315.12489723926,300.47798801183495,148
37440000,74879.99998034428,-206517.7530907304,299.43824525305945,148
37445000,74889.99998030993,-205832.31269213045,302.08276444190545,148
37450000,74899.99998027559,-206553.14488660253,296.55390591728104,148
37455000,74909.99998024125,-206615.42676955624,298.29405040113164,148
37460000,74919.9999802069,-205952.66739318147,303.01720950168846,148
37465000,74929.99998017256,-207509.30586056702,306.4900487767927,148
37470000,74939.99998013822,-206187.9213904536,299.6228625385743,148
37475000,74949.99998010388,-206138.1875262654,299.33538037773656,148
37480000,74959.99998006954,-206651.48264756298,299.698661971161,148
37485000,74969.9999800352,-205697.13052062166,303.3732025936123,148
37490000,74979.99998000085,-206643.19098753377,302.45037148838907,148
37495000,74989.99997996651,-206908.399615707,301.2159781329306,148
37500000,74999.99997993217,-207102.9615021228,300.2993868529001,148
37505000,75009.99997989782,-207000.52773627872,304.5705978593046,148
37510000,75019.99997986348,-206663.22807200486,305.1968842499148,148
37515000,75029.99997982914,-207048.91345932556,299.738170825281,148
37520000,75039.9999797948,-206657.0085111939,298.578264334388,148
37525000,75049.99997976045,-206433.84293937054,307.5779836264621,148
37530000,75059.99997972611,-206408.62244429195,299.79188751761876,148
37535000,75069.99997969177,-206264.52600495378,297.07939341582505,148
37540000,75079.99997965743,-206394.49905226612,297.53335786082533,148
37545000,75089.99997962308,-205558.6368428286,306.11596218552245,148
37550000,75099.99997958874,-206406.09702715476,299.645429424716,148
37555000,75109.9999795544,-206330.41247020487,297.20766742442225,148
37560000,75119.99997952006,-206163.0740145517,305.73975217532796,148
37565000,75129.99997948571,-206557.2579604023,300.8437512369568,148
37570000,75139.99997945137,-206398.1581221756,301.6942134414139,148
37575000,75149.99997941703,-206675.41021228686,297.09985350494725,148
37580000,75159.99997938269,-206362.39271110797,300.69158996176793,148
37585000,75169.99997934834,-206564.83890688652,300.2347554517702,148
37590000,75179.999979314,-206641.93796223227,302.0262210767097,148
37595000,75189.99997927966,-206385.291402227,302.1296651435444,148
37600000,75199.99997924532,-206617.91101828613,296.0203198259285,148
37605000,75209.99997921097,-206169.50585470698,298.95972592575544,148
37610000,75219.99997917663,-206639.46134371136,294.48114011554856,148
37615000,75229.99997914229,-206472.89044774184,303.1117262951477,148
37620000,75239.99997910795,-206107.8797709851,297.8040115652263,148
37625000,75249.9999790736,-205579.71734561154,305.09195306441916,148
37630000,75259.99997903926,-206543.56025111862,299.3095387167309,148
37635000,75269.99997900492,-206932.8406938865,301.3700024355825,148
37640000,75279.99997897058,-206718.27208663465,298.88145894794246,148
37645000,75289.99997893623,-206032.31861388846,299.2019199719209,148
37650000,75299.99997890189,-207252.4194681266,297.1195105725581,148
37655000,75309.99997886755,-206802.82570454746,303.93655898311346,148
37660000,75319.9999788332,-206365.41566231195,299.2846031400135,148
37665000,75329.99997879886,-206236.18044375267,300.3027258360706,148
37670000,75339.99997876452,-205754.70921165845,305.86139740158103,148
37675000,75349.99997873018,-206857.213481192,301.3318995535593,148
37680000,75359.99997869584,-206089.49960476696,298.0320932300278,148
37685000,75369.9999786615,-207141.56944784243,304.5984496827052,148
37690000,75379.99997862715,-206755.15892814274,295.8643321209604,148
37695000,75389.99997859281,-206867.30217309832,298.59484985326395,148
37700000,75399.99997855847,-206917.40758915432,297.47444347998277,148
37705000,75409.99997852412,-206339.618174301,297.7198908367449,148
37710000,75419.99997848978,-206399.43125187082,299.4453666820587,148
37715000,75429.99997845544,-205958.59393914195,296.64345596508633,148
37720000,75439.9999784211,-206586.88344493695,299.97193640293887,148
37725000,75449.99997838675,-207007.6177878558,297.5367695716672,148
37730000,75459.99997835241,-206848.02961743018,303.2456425799133,148
37735000,75469.99997831807,-206963.02194022154,300.612952758412,148
37740000,75479.99997828373,-206339.36407147592,305.3943630467073,148
37745000,75489.99997824938,-206419.42625814385,300.69112410557796,148
37750000,75499.99997821504,-206515.9713132321,297.77626702026174,148
37755000,75509.9999781807,-206619.3592602075,300.7123097887462,148
37760000,75519.99997814636,-207537.98528661975,298.509159019878,148
37765000,75529.99997811201,-206217.70629814896,298.08478796992256,148
37770000,75539.99997807767,-206565.6678246979,296.6313122074144,148
37775000,75549.99997804333,-206901.50576752936,301.332108895739,148
37780000,75559.99997800899,-206098.87097923784,298.62308752393477,148
37785000,75569.99997797464,-206584.998405203,303.6223938631391,148
37790000,75579.9999779403,-206380.65878056362,301.0869803908509,148
37795000,75589.99997790596,-206482.2888210963,293.2457599157134,148
37800000,75599.99997787162,-206618.01334429334,300.941332864144,148
37805000,75609.99997783727,-206464.10314033588,301.2392543392345,148
37810000,75619.99997780293,-206205.87727863202,300.1301007868731,148
37815000,75629.99997776859,-206620.23007264372,299.79964559482147,148
37820000,75639.99997773425,-206820.51415687904,298.9657275318878,148
37825000,75649.9999776999,-206709.45136511058,302.71343661897714,148
37830000,75659.99997766556,-206590.0596635549,304.1259100716765,148
37835000,75669.99997763122,-206820.75101046113,301.4791919732104,148
37840000,75679.99997759688,-206469.43564767076,301.85974665023326,148
37845000,75689.99997756253,-206630.70367502212,302.2220288975038,148
37850000,75699.99997752819,-206366.5725125738,301.71822350332206,148
37855000,75709.99997749385,-206363.33912318305,304.5444083647683,148
37860000,75719.9999774595,-206289.8031581001,300.09525498211025,148
37865000,75729.99997742516,-205967.6005539575,297.18247305855834,148
37870000,75739.99997739082,-206103.45221511333,301.4052744582234,148
37875000,75749.99997735648,-206372.63100739976,304.850990608124,148
37880000,75759.99997732214,-206480.49547191628,302.24389775175496,148
37885000,75769.99997728779,-205421.48561453563,305.6159251506267,148
37890000,75779.99997725345,-206959.4129474233,302.8673016127581,148
37895000,75789.99997721911,-206620.65385084692,299.39119024133856,148
37900000,75799.99997718477,-206315.03083697392,303.33142731312216,148
37905000,75809.99997715042,-206621.72346695862,299.68137235275077,148
37910000,75819.99997711608,-206696.79638998152,302.59281480564545,148
37915000,75829.99997708174,-206558.58370645496,300.1270118446979,148
37920000,75839.9999770474,-206220.43096359156,297.78956183671124,148
37925000,75849.99997701305,-206187.60675578797,295.28119929138,148
37930000,75859.99997697871,-206397.1809909736,297.6225479529632,148
37935000,75869.99997694437,-206455.26298596768,303.2573721210419,148
37940000,75879.99997691002,-206526.5181520246,300.2552522786436,148
37945000,75889.99997687568,-205971.47865625715,295.9891700785889,148
37950000,75899.99997684134,-206907.17985215015,300.52254462091605,148
37955000,75909.999976807,-206663.2453626024,302.7713853928719,148
37960000,75919.99997677265,-206650.88248842605,296.11026147710925,148
37965000,75929.99997673831,-206806.60451602505,300.9569531704032,148
37970000,75939.99997670397,-206850.50060599623,302.8979037982922,148
37975000,75949.99997666963,-207135.38859232666,300.7112466423015,148
37980000,75959.99997663528,-206121.67394749052,299.6562402297465,148
37985000,75969.99997660094,-206270.7482018785,299.049774325264,148
37990000,75979.9999765666,-206357.7601602181,306.8083577025638,148
37995000,75989.99997653226,-207134.8982794683,305.8655324864418,148
38000000,75999.99997649791,-206898.93566667533,302.8899013687001,148
38005000,76009.99997646357,-206492.07429091248,302.42819860482155,148
38010000,76019.99997642923,-205963.4369911775,298.57377897067164,148
38015000,76029.99997639489,-206919.4697572504,302.6271727187739,148
38020000,76039.99997636054,-206588.17539506755,296.90425841072795,148
38025000,76049.9999763262,-206312.50645978737,294.0095059760344,148
38030000,76059.99997629186,-207072.40407093917,301.9968157105086,148
38035000,76069.99997625752,-206771.37908534508,300.5280792021387,148
38040000,76079.99997622317,-205944.32199623703,297.8444841472497,148
38045000,76089.99997618883,-207008.33336720406,304.57478782348585,148
38050000,76099.99997615449,-206466.84295312525,299.68991937898653,148
38055000,76109.99997612015,-206780.2529242962,297.5514106982312,148
38060000,76119.9999760858,-206170.1786101791,300.6283524068882,148
38065000,76129.99997605146,-206232.4964832022,303.48676171500256,148
38070000,76139.99997601712,-207030.77199497516,302.12213329931575,148
38075000,76149.99997598278,-206242.133969308,304.5922891363786,148
38080000,76159.99997594843,-206220.29501497664,300.1176724957752,148
38085000,76169.99997591409,-206554.42486258317,305.94456554971583,148
38090000,76179.99997587975,-205688.8824467091,302.14024829819954,148
38095000,76189.9999758454,-206002.47844102525,297.78189369601284,148
38100000,76199.99997581106,-207513.63198535005,295.7659946320174,148
38105000,76209.99997577672,-206820.969951672,299.24552005480774,148
38110000,76219.99997574238,-206704.77006160095,301.8237326758407,148
38115000,76229.99997570804,-206083.7173655983,296.1955481473248,148
38120000,76239.9999756737,-206636.08199691004,301.3424539199507,148
38125000,76249.99997563935,-206943.5807464699,298.70661605117675,148
38130000,76259.99997560501,-206429.65860752517,298.6002934716853,148
38135000,76269.99997557067,-206908.5855324068,300.90516391589165,148
38140000,76279.99997553632,-206392.1286959363,298.234369993596,148
38145000,76289.99997550198,-206990.09273779194,302.6111762590239,148
38150000,76299.99997546764,-206584.4868326158,299.40941831826603,148
38155000,76309.9999754333,-206043.05044417863,298.7863243427825,148
38160000,76319.99997539895,-206699.1034546825,295.0957760467575,148
38165000,76329.99997536461,-205934.3588659647,298.90449304697296,148
38170000,76339.99997533027,-206216.9690082227,305.66827373778887,148
38175000,76349.99997529593,-206182.8212694506,303.0418328269648,148
38180000,76359.99997526158,-207402.4984638421,301.22249038962445,148
38185000,76369.99997522724,-206330.6559800217,303.62796423134347,148
38190000,76379.9999751929,-206353.03095090121,303.45592319495466,148
38195000,76389.99997515856,-206453.26466738782,304.5488118915309,148
38200000,76399.99997512421,-206650.0404952477,302.7690992763727,148
38205000,76409.99997508987,-206226.04985703004,298.36747224076515,148
38210000,76419.99997505553,-206278.018544315,302.49091525026626,148
38215000,76429.99997502119,-206517.22407102608,302.7632503552934,148
38220000,76439.99997498684,-206376.47656623495,300.295016881131,148
38225000,76449.9999749525,-207561.1390732471,298.6701160115193,148
38230000,76459.99997491816,-206487.75584494765,300.8406993361472,148
38235000,76469.99997488382,-206864.0181102145,300.15140004613863,148
38240000,76479.99997484947,-206256.86704939383,295.08395599518786,148
38245000,76489.99997481513,-206236.14421068132,299.50507395886063,148
38250000,76499.99997478079,-206719.46569239115,302.22756026530834,148
38255000,76509.99997474645,-207331.74973929278,301.64079013214933,148
38260000,76519.9999747121,-207166.86274068092,296.0014665787985,148
38265000,76529.99997467776,-206655.35420078645,299.11666504208057,148
38270000,76539.99997464342,-206101.59140947438,303.19124701226735,148
38275000,76549.99997460908,-207190.01255875174,297.1000284910885,148
38280000,76559.99997457473,-206457.53252841998,301.08001713862956,148
38285000,76569.99997454039,-207019.5351436691,300.1050358361636,148
38290000,76579.99997450605,-206572.12977068534,298.3597295805006,148
38295000,76589.9999744717,-206966.50713404955,299.33564573809423,148
38300000,76599.99997443736,-206227.26209648978,301.83760286915924,148
38305000,76609.99997440302,-206797.6855060755,300.86245865624267,148
38310000,76619.99997436868,-206829.6603055899,297.39120566372117,148
38315000,76629.99997433434,-206590.3715781126,300.85049419722947,148
38320000,76639.9999743,-206680.0032551745,295.16756663282604,148
38325000,76649.99997426565,-206558.5143161225,297.4255718016352,148
38330000,76659.99997423131,-205934.0211302085,304.9401410654629,148
38335000,76669.99997419697,-206411.87457102817,298.64269681181366,148
38340000,76679.99997416262,-206854.84596256772,301.83953973660743,148
38345000,76689.99997412828,-206664.72719680204,303.8668470775864,148
38350000,76699.99997409394,-205936.3400318002,301.11564069963345,148
38355000,76709.9999740596,-205800.66137536976,300.44424260690135,148
38360000,76719.99997402525,-206495.49551442906,295.3874727145372,148
38365000,76729.99997399091,-206893.5081755498,303.2191746813087,148
38370000,76739.99997395657,-207114.84288951824,299.1021477182476,148
38375000,76749.99997392223,-206667.72609956947,299.66139999427594,148
38380000,76759.99997388788,-207294.17789941095,297.98456257989545,148
38385000,76769.99997385354,-206230.3771846029,300.4024452837664,148
38390000,76779.9999738192,-206458.961671351,297.8551676756229,148
38395000,76789.99997378486,-206079.33032674785,295.9909379666477,148
38400000,76799.99997375051,-207248.12267959863,300.787336762203,148
38405000,76809.99997371617,-206280.090189929,304.470866036685,148
38410000,76819.99997368183,-206929.58651645598,302.1094362468983,148
38415000,76829.99997364749,-206200.92610181484,298.89886471191573,148
38420000,76839.99997361314,-206306.7858840759,296.7837812648183,148
38425000,76849.9999735788,-206035.6101261318,304.3321283716626,148
38430000,76859.99997354446,-206541.0988079327,297.5326681379147,148
38435000,76869.99997351012,-206427.15867884946,300.08926411640937,148
38440000,76879.99997347577,-206399.5389892396,301.89726194254325,148
38445000,76889.99997344143,-207113.092897309,297.2546714717173,148
38450000,76899.99997340709,-205896.29435293772,298.64882540658374,148
38455000,76909.99997337275,-206988.52915543434,296.33893877544944,148
38460000,76919.9999733384,-207304.02634575416,296.3985254730563,148
38465000,76929.99997330406,-207001.6294644652,301.0698562314218,148
38470000,76939.99997326972,-206716.47925746953,300.34823847717036,148
38475000,76949.99997323538,-207232.3348686112,300.0359188782204,148
38480000,76959.99997320103,-206449.77999749058,302.00223942945456,148
38485000,76969.99997316669,-206022.13427463186,302.4763635732282,148
38490000,76979.99997313235,-206151.27968986356,297.8573550690622,148
38495000,76989.999973098,-206908.1740878846,298.16523536861644,148
38500000,76999.99997306366,-206103.04171351902,299.66122732938493,148
38505000,77009.99997302932,-206221.35247543885,303.3559179264456,148
38510000,77019.99997299498,-206438.82002875675,303.32765492684945,148
38515000,77029.99997296064,-207267.31663665385,303.5653382006346,148
38520000,77039.99997292629,-206231.03355171974,298.53390996515964,148
38525000,77049.99997289195,-206086.17764505267,304.8385436719178,148
38530000,77059.99997285761,-206586.6413984265,301.81908490818,148
38535000,77069.99997282327,-206758.58525143552,299.1588179313367,148
38540000,77079.99997278892,-206491.77272051235,302.7241671837406,148
38545000,77089.99997275458,-206548.23016547458,305.13688184985824,148
38550000,77099.99997272024,-206939.00978150323,300.82273584939855,148
38555000,77109.9999726859,-206176.4588047783,301.1439643252495,148
38560000,77119.99997265155,-206399.08646252076,300.6170231130499,148
38565000,77129.99997261721,-207071.56905365048,299.24546876159917,148
38570000,77139.99997258287,-206669.8564568878,302.5674190890383,148
38575000,77149.99997254852,-206478.28365985374,300.38193913778576,148
38580000,77159.99997251418,-206726.7862512616,300.9939479096325,148
38585000,77169.99997247984,-206669.21382088098,301.62889339604396,148
38590000,77179.9999724455,-206555.3742961645,304.21505696697085,148
38595000,77189.99997241115,-206017.50348031975,302.07842992182987,148
38600000,77199.99997237681,-206257.37590255286,300.75439845512426,148
38605000,77209.99997234247,-206754.56028983882,297.5095270841513,148
38610000,77219.99997230813,-206513.22155368584,298.9925022964608,148
38615000,77229.99997227378,-206588.79942723643,302.8539585684889,148
38620000,77239.99997223944,-206570.01442460786,298.46788931567227,148
38625000,77249.9999722051,-207648.20074701624,298.10480957372135,148
38630000,77259.99997217076,-205824.03592551278,298.8105900376465,148
38635000,77269.99997213641,-207137.84763741726,302.423065390874,148
38640000,77279.99997210207,-206397.81942816311,305.430844437986,148
38645000,77289.99997206773,-206596.92936621176,296.1346776615114,148
38650000,77299.99997203339,-206168.727271221,304.44041792034557,148
38655000,77309.99997199904,-205998.94049935706,303.03286966097403,148
38660000,77319.9999719647,-207059.26437847596,297.44371311912965,148
38665000,77329.99997193036,-207175.07090817986,298.6536622823239,148
38670000,77339.99997189602,-206503.85461481882,298.05521762054644,148
38675000,77349.99997186167,-205660.685048745,299.78461391245105,148
38680000,77359.99997182733,-206782.31529668602,300.2385739695206,148
38685000,77369.99997179299,-206315.9408836132,299.16818475629975,148
38690000,77379.99997175865,-206099.64580916613,300.8656304960268,148
38695000,77389.9999717243,-207445.86216581124,305.0839493833975,148
38700000,77399.99997168996,-206466.613352268,296.9303081724425,148
38705000,77409.99997165562,-206851.62523644115,301.8178917692237,148
38710000,77419.99997162128,-206594.95148168213,298.41212608052155,148
38715000,77429.99997158693,-206475.49128032464,303.18791074172384,148
38720000,77439.99997155259,-206300.21803472587,298.5847276359414,148
38725000,77449.99997151825,-206601.66081766458,305.2656468066485,148
38730000,77459.9999714839,-206659.9930057861,303.02595941390507,148
38735000,77469.99997144956,-205727.47895144217,299.2473848779888,148
38740000,77479.99997141522,-206300.77367980732,296.80818022906533,148
38745000,77489.99997138088,-206580.11472433596,300.10218555582713,148
38750000,77499.99997134654,-206892.809911842,297.70493172450267,148
38755000,77509.9999713122,-206448.9376349582,300.58266764930255,148
38760000,77519.99997127785,-206368.54746298608,301.9177906599348,148
38765000,77529.99997124351,-206488.59843012318,298.32326268641793,148
38770000,77539.99997120917,-206840.92057647987,301.103490037098,148
38775000,77549.99997117482,-206546.86772094085,301.4451679997397,148
38780000,77559.99997114048,-206635.90404888405,300.72622499083,148
38785000,77569.99997110614,-206447.16518012737,302.965419612788,148
38790000,77579.9999710718,-206140.73113534728,299.7379201969316,148
38795000,77589.99997103745,-206367.9051871919,301.6685427181274,148
38800000,77599.99997100311,-206671.15037309297,300.11989096225767,148
38805000,77609.99997096877,-205395.5856611624,300.09687851437184,148
38810000,77619.99997093443,-206362.25448339724,301.208517569777,148
38815000,77629.99997090008,-206246.68348455417,300.0513330371971,148
38820000,77639.99997086574,-205933.86144926387,298.9977709595476,148
38825000,77649.9999708314,-206064.40981248522,295.62337614635675,148
38830000,77659.99997079706,-207365.46152005764,299.3271886193178,148
38835000,77669.99997076271,-206317.9626249635,302.3678460807439,148
38840000,77679.99997072837,-206296.89619474323,298.34222990532504,148
38845000,77689.99997069403,-205976.15567208943,304.33257175183985,148
38850000,77699.99997065969,-207022.6762646333,293.9810708097788,148
38855000,77709.99997062534,-206444.2626430923,303.5271715252631,148
38860000,77719.999970591,-206965.0499667673,301.3275421265681,148
38865000,77729.99997055666,-205929.18348161445,298.12811983345784,148
38870000,77739.99997052232,-206066.3710807918,302.70408999223406,148
38875000,77749.99997048797,-206824.5949247072,300.41758047782673,148
38880000,77759.99997045363,-206472.7677773442,299.9396382941465,148
38885000,77769.99997041929,-206647.8683585124,304.0105620741084,148
38890000,77779.99997038495,-206280.10180908325,295.4388310597816,148
38895000,77789.9999703506,-206793.2895765287,305.117003609946,148
38900000,77799.99997031626,-206233.42443802254,304.26475340266205,148
38905000,77809.99997028192,-206741.41349643294,296.50581337076864,148
38910000,77819.99997024758,-206264.89747435425,301.84691686103963,148
38915000,77829.99997021323,-206874.25569848903,302.5482613007604,148
38920000,77839.99997017889,-206421.4118990564,300.52080168049457,148
38925000,77849.99997014455,-205655.69390040264,302.0953957522313,148
38930000,77859.9999701102,-206915.8362115617,301.33344764889404,148
38935000,77869.99997007586,-206486.69666037406,297.73552261988715,148
38940000,77879.99997004152,-206177.0187840215,298.5522644529791,148
38945000,77889.99997000718,-206758.13894931006,301.79986887453225,148
38950000,77899.99996997284,-206112.96719599573,297.9090142427298,148
38955000,77909.9999699385,-207010.1059049355,301.4692437015111,148
38960000,77919.99996990415,-206115.48932846065,299.70339582641935,148
38965000,77929.99996986981,-206383.5780027751,300.2002504905691,148
38970000,77939.99996983547,-207021.44412258442,299.87932004198206,148
38975000,77949.99996980112,-206670.63671875128,301.33557881517874,148
38980000,77959.99996976678,-206993.77292626444,293.8486298877569,148
38985000,77969.99996973244,-207261.88857715705,302.78422023734845,148
38990000,77979.9999696981,-205800.90823903435,299.89696792690495,148
38995000,77989.99996966375,-206372.86987489776,302.74359416812223,148
39000000,77999.99996962941,-205762.37791965436,301.4257094633441,148
39005000,78009.99996959507,-206905.7803855912,302.06222310307203,148
39010000,78019.99996956073,-206648.22871734214,300.767660194851,148
39015000,78029.99996952638,-206210.47102950735,302.50050503126715,148
39020000,78039.99996949204,-206010.27628316544,301.4706033100148,148
39025000,78049.9999694577,-207426.9141916535,300.9160174875776,148
39030000,78059.99996942336,-207000.1534381793,304.9228942927444,148
39035000,78069.99996938901,-207034.81065308244,300.9969649489508,148
39040000,78079.99996935467,-206440.03470540023,299.59794272070354,148
39045000,78089.99996932033,-206554.46271942963,301.285046498292,148
39050000,78099.99996928599,-205801.8287744748,295.9129783793181,148
39055000,78109.99996925164,-206067.05466180388,304.3051818549892,148
39060000,78119.9999692173,-206286.21365222777,296.05620022459823,148
39065000,78129.99996918296,-207088.26444758312,300.75696946458993,148
39070000,78139.99996914862,-206687.98537425324,296.9863954843079,148
39075000,78149.99996911427,-206554.5611395453,298.1981127605297,148
39080000,78159.99996907993,-205928.99423761736,300.41133926474544,148
39085000,78169.99996904559,-205752.84226169344,298.19940874296356,148
39090000,78179.99996901125,-207122.16799910832,302.9830021771588,148
39095000,78189.9999689769,-206325.32519614138,296.85882700836373,148
39100000,78199.99996894256,-205999.18229157268,292.7263979881997,148
39105000,78209.99996890822,-205994.20535851596,293.635153903652,148
39110000,78219.99996887388,-206132.52569501556,304.84905890266566,148
39115000,78229.99996883953,-206365.67287544545,300.9855411321422,148
39120000,78239.99996880519,-206166.18900128233,298.8996730614248,148
39125000,78249.99996877085,-206399.69422861014,300.87596318854014,148
39130000,78259.9999687365,-207280.4989468,298.68754157231336,148
39135000,78269.99996870216,-206875.337685714,300.9322239609977,148
39140000,78279.99996866782,-206752.70964191458,303.0766384126422,148
39145000,78289.99996863348,-208202.4814320358,298.3265822353082,148
39150000,78299.99996859914,-207076.3832866439,299.4706200110199,148
39155000,78309.99996856479,-206192.1662037928,295.6859491206475,148
39160000,78319.99996853045,-206670.48146315548,302.29201742653015,148
39165000,78329.99996849611,-206501.20583353064,304.5652664991745,148
39170000,78339.99996846177,-205723.36925527023,307.0536154903476,148
39175000,78349.99996842742,-205649.50015419978,295.6450053727973,148
39180000,78359.99996839308,-206974.4648480782,299.19405309975815,148
39185000,78369.99996835874,-206757.03181493422,305.02660001839206,148
39190000,78379.9999683244,-206040.51807482762,302.57765515131126,148
39195000,78389.99996829005,-206090.0598536766,301.4702799595977,148
39200000,78399.99996825571,-207332.16259745765,303.0685245455478,148
39205000,78409.99996822137,-207184.71132463147,299.3040547676646,148
39210000,78419.99996818702,-205904.43873494177,300.25525817077687,148
39215000,78429.99996815268,-206524.42606549792,301.0629284803131,148
39220000,78439.99996811834,-206289.68001198606,298.48868433363293,148
39225000,78449.999968084,-206659.8787838777,301.61109917815656,148
39230000,78459.99996804965,-207007.77140648908,298.5525043531061,148
39235000,78469.99996801531,-206018.91071101313,304.8673651200804,148
39240000,78479.99996798097,-206432.19481594197,299.5344377669618,148
39245000,78489.99996794663,-206516.56935294578,295.12599645610675,148
39250000,78499.99996791228,-206399.59897703235,301.2772685014532,148
39255000,78509.99996787794,-205861.5037093804,297.98343352275174,148
39260000,78519.9999678436,-206890.73970280006,294.6029589425851,148
39265000,78529.99996780926,-206010.83815995837,297.8610246773451,148
39270000,78539.99996777491,-206993.17163333728,300.8930421101628,148
39275000,78549.99996774057,-206752.4686351295,297.7943675207971,148
39280000,78559.99996770623,-206345.1891524524,298.19935917350693,148
39285000,78569.99996767189,-205877.8065535468,297.6087202271531,148
39290000,78579.99996763754,-206657.4612877944,302.888093245923,148
39295000,78589.9999676032,-206212.38269716443,296.6485333078417,148
39300000,78599.99996756886,-206780.4923407291,304.21056129255396,148
39305000,78609.99996753452,-206862.51923974138,298.9601028217083,148
39310000,78619.99996750017,-206340.82887223223,302.6147601998607,148
39315000,78629.99996746583,-206782.51779996662,300.60502203824933,148
39320000,78639.99996743149,-206594.4534489381,299.2805196541737,148
39325000,78649.99996739715,-206417.0584178319,300.4100580268719,148
39330000,78659.9999673628,-206257.1089564797,296.7243537661032,148
39335000,78669.99996732846,-205882.51883513574,298.27970663364044,148
39340000,78679.99996729412,-206219.514813122,301.7249326956787,148
39345000,78689.99996725978,-205510.31462768768,300.8250767538913,148
39350000,78699.99996722543,-206426.6025733332,299.665248617327,148
39355000,78709.99996719109,-206422.52927659475,300.5055692516564,148
39360000,78719.99996715675,-206199.73584621353,300.3740465417125,148
39365000,78729.9999671224,-206259.47865968815,300.371715078134,148
39370000,78739.99996708806,-206420.50929977873,299.78382631984243,148
39375000,78749.99996705372,-206758.85351988603,302.27665612645745,148
39380000,78759.99996701938,-206724.59717303712,301.344133998591,148
39385000,78769.99996698504,-206110.53650455235,303.1354629723551,148
39390000,78779.9999669507,-206653.92695237556,298.2447578164873,148
39395000,78789.99996691635,-206223.33091132843,298.1728127648755,148
39400000,78799.99996688201,-206071.5638622084,294.2237934375928,148
39405000,78809.99996684767,-207202.43917760986,300.92609797201055,148
39410000,78819.99996681332,-205946.87119442422,302.49224662408295,148
39415000,78829.99996677898,-206670.61368107703,302.8554883702951,148
39420000,78839.99996674464,-206120.0188454825,294.4608629531471,148
39425000,78849.9999667103,-207101.98204229877,300.1629021123941,148
39430000,78859.99996667595,-205844.24792347907,300.7297677012569,148
39435000,78869.99996664161,-205968.4788967145,298.36302972204135,148
39440000,78879.99996660727,-206374.06259831425,302.530535385242,148
39445000,78889.99996657293,-206875.2211396671,302.2431934603965,148
39450000,78899.99996653858,-206614.9500922109,300.49959869647694,148
39455000,78909.99996650424,-206412.7827665332,300.4637504430385,148
39460000,78919.9999664699,-206491.44552072836,297.77825836924666,148
39465000,78929.99996643556,-207223.96224624803,298.29753363111547,148
39470000,78939.99996640121,-206789.39278022957,298.37040916721554,148
39475000,78949.99996636687,-206978.478713657,300.8792321391311,148
39480000,78959.99996633253,-207476.13773312245,298.8288684826715,148
39485000,78969.99996629819,-206422.15566389821,297.7449182229517,148
39490000,78979.99996626384,-206866.15613819845,297.06678447232485,148
39495000,78989.9999662295,-206688.57668024604,303.78054310903394,148
39500000,78999.99996619516,-206723.736645701,295.7363731074917,148
39505000,79009.99996616082,-206193.55426623987,299.5933488605668,148
39510000,79019.99996612647,-206743.91954618518,303.60614502580364,148
39515000,79029.99996609213,-206444.2159554049,300.66745220820275,148
39520000,79039.99996605779,-206531.72939033085,307.0751452436537,148
39525000,79049.99996602345,-206708.30814362853,302.59448250456023,148
39530000,79059.9999659891,-206580.39518014423,297.5008063276664,148
39535000,79069.99996595476,-206205.90460894292,297.69234888349627,148
39540000,79079.99996592042,-206951.40127902024,299.15974500504353,148
39545000,79089.99996588608,-206020.46981605142,301.42037476141513,148
39550000,79099.99996585173,-206808.4015148771,299.1209916417758,148
39555000,79109.99996581739,-206103.57431625482,304.61539578101815,148
39560000,79119.99996578305,-206998.84812811366,301.5729059757367,148
39565000,79129.9999657487,-206712.8364820598,299.18258248607214,148
39570000,79139.99996571436,-206405.33313575154,298.15980021597164,148
39575000,79149.99996568002,-206455.83503101976,303.1754284154622,148
39580000,79159.99996564568,-206378.84617119923,295.9144382096323,148
39585000,79169.99996561134,-206313.2807463545,297.11103196523163,148
39590000,79179.999965577,-206672.8397107775,297.97239994723253,148
39595000,79189.99996554265,-206720.53559313843,297.94669721851415,148
39600000,79199.99996550831,-206371.85166011355,300.82985266148023,148
39605000,79209.99996547397,-206225.9284134641,297.1361148912611,148
39610000,79219.99996543962,-206427.3437099615,299.62563759301935,148
39615000,79229.99996540528,-206494.7791861213,300.6999856331753,148
39620000,79239.99996537094,-207473.71424506826,295.0055393275549,148
39625000,79249.9999653366,-206974.27278259525,303.555371707623,148
39630000,79259.99996530225,-206800.83371087222,298.98510606023893,148
39635000,79269.99996526791,-206361.1644338112,307.2675589302715,148
39640000,79279.99996523357,-206203.74866215617,302.3028080030555,148
39645000,79289.99996519923,-206335.5864618026,298.719020881735,148
39650000,79299.99996516488,-207339.8898955048,300.2709472440275,148
39655000,79309.99996513054,-206107.43420358212,299.5591097613,148
39660000,79319.9999650962,-206919.65574386343,296.32160864789824,148
39665000,79329.99996506186,-206395.6679671047,300.2271990745035,148
39670000,79339.99996502751,-206721.52108251047,300.172747428775,148
39675000,79349.99996499317,-207762.16463837854,297.10628509719913,148
39680000,79359.99996495883,-207460.27948372217,302.5004907637631,148
39685000,79369.99996492449,-206192.50160043384,299.18205074806843,148
39690000,79379.99996489014,-207159.48794632638,299.84061685128444,148
39695000,79389.9999648558,-206945.78948330297,297.41134840705905,148
39700000,79399.99996482146,-207518.96150157868,304.94751590995924,148
39705000,79409.99996478712,-206966.7132638892,300.11673334673475,148
39710000,79419.99996475277,-206390.08877621952,296.3807398971042,148
39715000,79429.99996471843,-206531.64345921366,299.0815823669367,148
39720000,79439.99996468409,-206407.8271997344,300.99834479486924,148
39725000,79449.99996464975,-206302.32403342193,298.87474398531737,148
39730000,79459.9999646154,-206912.1861630485,297.8393432234262,148
39735000,79469.99996458106,-207022.83241663978,299.3019179191518,148
39740000,79479.99996454672,-206459.41006811173,299.3954611104494,148
39745000,79489.99996451238,-206609.33531460317,304.0786533340703,148
39750000,79499.99996447803,-206437.4397443477,300.4809025703071,148
39755000,79509.99996444369,-206356.6029012727,301.02020394820966,148
39760000,79519.99996440935,-206951.97928936663,296.0643693355287,148
39765000,79529.999964375,-206641.582800076,302.38640980715104,148
39770000,79539.99996434066,-206205.79395784414,293.82127442093696,148
39775000,79549.99996430632,-206588.53482241882,297.01086534234673,148
39780000,79559.99996427198,-206289.98911612807,297.88180024927806,148
39785000,79569.99996423764,-205701.4374318634,303.038881235037,148
39790000,79579.99996420329,-206348.45487250632,298.86348977981817,148
39795000,79589.99996416895,-206250.99741468474,304.5638590547775,148
39800000,79599.99996413461,-206336.35466042312,302.5150335055683,148
39805000,79609.99996410027,-207009.804970877,299.0896895446977,148
39810000,79619.99996406592,-205944.01817284583,302.2337031979525,148
39815000,79629.99996403158,-206130.07347424445,296.86602002999723,148
39820000,79639.99996399724,-206657.61064858513,297.06210952627816,148
39825000,79649.9999639629,-206762.28327144706,302.25180138927686,148
39830000,79659.99996392855,-206572.81010933442,300.61540262527114,148
39835000,79669.99996389421,-206788.180475167,302.28739758053877,148
39840000,79679.99996385987,-206012.57865994156,301.1772936685704,148
39845000,79689.99996382552,-207359.82864107378,299.62564771845535,148
39850000,79699.99996379118,-206656.36675440567,299.6001176458117,148
39855000,79709.99996375684,-206903.30694828532,298.3088536306272,148
39860000,79719.9999637225,-206230.45243212814,300.7243715926465,148
39865000,79729.99996368815,-206043.20692053996,296.41335468344215,148
39870000,79739.99996365381,-207109.2233425324,304.233542602075,148
39875000,79749.99996361947,-206546.73039119283,300.16092120105844,148
39880000,79759.99996358513,-207079.77258813672,303.77945832065774,148
39885000,79769.99996355078,-206315.05418795615,300.14952193100936,148
39890000,79779.99996351644,-206396.79954957892,301.3774329847602,148
39895000,79789.9999634821,-206561.3468588948,301.600685232508,148
39900000,79799.99996344776,-206688.30050286022,298.817406883007,148
39905000,79809.99996341341,-206614.08140793839,295.9777051363319,148
39910000,79819.99996337907,-206600.0309269646,300.6071368748108,148
39915000,79829.99996334473,-206536.55047352263,299.4431038036678,148
39920000,79839.99996331039,-206840.18684780493,299.0952051508883,148
39925000,79849.99996327604,-206198.63313892647,304.24087884305266,148
39930000,79859.9999632417,-206919.59229092486,300.0600330915796,148
39935000,79869.99996320736,-206353.6761085993,296.2891499679481,148
39940000,79879.99996317302,-207106.6603147483,296.4498299520039,148
39945000,79889.99996313867,-206827.30369220278,301.57125503618846,148
39950000,79899.99996310433,-205927.0674773485,300.8692560341385,148
39955000,79909.99996306999,-206014.9727161585,303.81380362157165,148
39960000,79919.99996303565,-206696.7147879016,298.0051241413974,148
39965000,79929.9999630013,-206427.29497252277,298.59526791675796,148
39970000,79939.99996296696,-206430.79332322115,304.3206414721963,148
39975000,79949.99996293262,-206510.0080102554,301.08153296306125,148
39980000,79959.99996289828,-206851.33026002557,307.2428020458783,148
39985000,79969.99996286393,-206288.7879458482,298.31481150773834,148
39990000,79979.99996282959,-206765.03964191303,300.4327325422815,148
39995000,79989.99996279525,-206700.81263856182,301.05904310580956,148
40000000,79999.9999627609,-206481.341875389,299.1482789581856,148
40005000,80009.99996272656,-206799.55410087446,298.42838131975026,148
40010000,80019.99996269222,-206727.01777194568,301.06171830318243,148
40015000,80029.99996265788,-206791.15813410096,302.58430033920996,148
40020000,80039.99996262354,-206054.31191975658,300.93967493933155,148
40025000,80049.9999625892,-206566.40610898542,304.1489214510303,148
40030000,80059.99996255485,-206366.53012116486,299.4996459965913,148
40035000,80069.99996252051,-206807.654661402,303.13414018851864,148
40040000,80079.99996248617,-206503.79071472015,301.4852569381166,148
40045000,80089.99996245182,-206399.89143924986,297.2546798638293,148
40050000,80099.99996241748,-205853.85449486587,298.17353595747113,148
40055000,80109.99996238314,-206046.9053552237,302.473065561194,148
40060000,80119.9999623488,-206170.96822705236,299.2842026502185,148
40065000,80129.99996231445,-206618.34314685862,299.00291226451725,148
40070000,80139.99996228011,-206042.63077318587,300.2808561869275,148
40075000,80149.99996224577,-206254.93183129153,306.3344537303741,148
40080000,80159.99996221143,-206622.0919671721,298.3048206656718,148
40085000,80169.99996217708,-206444.6492379245,298.76843952138665,148
40090000,80179.99996214274,-206288.99657326774,302.40348731143587,148
40095000,80189.9999621084,-206240.49907710683,297.29370680772115,148
40100000,80199.99996207406,-205709.0175194305,297.93472723244395,148
40105000,80209.99996203971,-206503.07082961232,303.9425234947133,148
40110000,80219.99996200537,-205530.41272226535,295.9449286584432,148
40115000,80229.99996197103,-206775.8177499727,299.78494579642205,148
40120000,80239.99996193669,-206547.41483020282,299.2962271004792,148
40125000,80249.99996190234,-206273.25134333153,303.1701276647889,148
40130000,80259.999961868,-206638.6091679643,295.1735842898614,148
40135000,80269.99996183366,-206019.33844311396,300.32340144199986,148
40140000,80279.99996179932,-207181.3819600643,298.7851306321028,148
40145000,80289.99996176497,-206504.45440917858,295.4020737905425,148
40150000,80299.99996173063,-207404.77420937258,304.41879504379796,148
40155000,80309.99996169629,-206161.95130745857,300.5126944334149,148
40160000,80319.99996166195,-206821.6376017977,300.61092297877684,148
40165000,80329.9999616276,-206602.53135906323,301.36708369447337,148
40170000,80339.99996159326,-206098.2054061331,296.77438898008995,148
40175000,80349.99996155892,-206391.84739839856,299.8242322857582,148
40180000,80359.99996152458,-206037.72799107735,295.5837521098957,148
40185000,80369.99996149023,-206237.89736611687,302.37494641637056,148
40190000,80379.99996145589,-206688.30312638765,304.4169408600356,148
40195000,80389.99996142155,-206980.62569048267,299.39290347152615,148
40200000,80399.9999613872,-207559.41364998964,298.5812199472715,148
40205000,80409.99996135286,-206245.48781440104,299.62423421711986,148
40210000,80419.99996131852,-206745.9610501296,297.8016260484679,148
40215000,80429.99996128418,-206448.2917380836,298.3136209428303,148
40220000,80439.99996124984,-206970.8168611474,303.9096399092134,148
40225000,80449.9999612155,-206273.00488175545,299.82442843624176,148
40230000,80459.99996118115,-205715.7031147807,303.49065261279634,148
40235000,80469.99996114681,-206469.41421319044,300.4056682592533,148
40240000,80479.99996111247,-207200.5549952007,298.6003164333404,148
40245000,80489.99996107812,-206853.30014867522,299.761237004122,148
40250000,80499.99996104378,-206766.00514318992,300.8853542238155,148
40255000,80509.99996100944,-206213.21427110012,301.33944887255194,148
40260000,80519.9999609751,-206511.99862360524,301.4137765602669,148
40265000,80529.99996094075,-207007.256840904,298.8908428111515,148
40270000,80539.99996090641,-206802.9328717204,304.7015488367508,148
40275000,80549.99996087207,-206230.68237444572,297.9022308842478,148
40280000,80559.99996083773,-206536.3368522094,295.93377030586834,148
40285000,80569.99996080338,-206687.8807697734,305.2177189385349,148
40290000,80579.99996076904,-206716.05178957537,301.12377108561327,148
40295000,80589.9999607347,-207040.59403707716,295.1601703948192,148
40300000,80599.99996070036,-206423.39350772463,299.71276269352745,148
40305000,80609.99996066601,-206383.05602738867,298.34455658600695,148
40310000,80619.99996063167,-206814.1221900907,300.80418965529066,148
40315000,80629.99996059733,-206600.9689163284,300.7712396246657,148
40320000,80639.99996056299,-206074.9959964056,305.80108097526715,148
40325000,80649.99996052864,-206530.3656174366,301.74920515769753,148
40330000,80659.9999604943,-206706.99104884686,304.31025397469324,148
40335000,80669.99996045996,-206133.11597808485,295.9545893627392,148
40340000,80679.99996042562,-207113.63292830135,297.6173617909787,148
40345000,80689.99996039127,-206188.67512234906,303.79395063276337,148
40350000,80699.99996035693,-205910.61215917382,301.8733554164069,148
40355000,80709.99996032259,-206639.81762513623,299.27048750382875,148
40360000,80719.99996028825,-206723.95162566542,295.352409757123,148
40365000,80729.9999602539,-207167.23020401807,302.1838520596641,148
40370000,80739.99996021956,-206416.21933131234,305.4894436534622,148
40375000,80749.99996018522,-206706.07219238812,298.440792213866,148
40380000,80759.99996015088,-206208.90271869337,299.96367464171703,148
40385000,80769.99996011653,-205689.96404070593,303.2815921929209,148
40390000,80779.99996008219,-205886.63161983248,301.29093574381756,148
40395000,80789.99996004785,-207096.50883768534,300.3105699821842,148
40400000,80799.9999600135,-206299.68937207083,303.18315063279135,148
40405000,80809.99995997916,-207048.09989615728,302.56976011573437,148
40410000,80819.99995994482,-206817.05291558208,300.1535923226168,148
40415000,80829.99995991048,-206809.06092876545,298.65773096314905,148
40420000,80839.99995987614,-206638.52631297568,297.15320936107065,148
40425000,80849.99995984179,-206647.52922588948,300.51031185868095,148
40430000,80859.99995980745,-206137.9744955846,297.1069338841019,148
40435000,80869.99995977311,-206574.48287970666,298.1003985495177,148
40440000,80879.99995973877,-205766.8926426794,303.0004557072376,148
40445000,80889.99995970442,-206548.14258066262,300.3726098171237,148
40450000,80899.99995967008,-207102.77768364386,303.82875363638385,148
40455000,80909.99995963574,-207343.85183734237,297.3040362864217,148
40460000,80919.9999596014,-206261.44685845566,302.75009288247986,148
40465000,80929.99995956705,-207305.21638326556,306.6406207202484,148
40470000,80939.99995953271,-206447.7365236811,303.30933597110504,148
40475000,80949.99995949837,-207003.76611256157,294.0686901880804,148
40480000,80959.99995946402,-206392.84335371119,297.86484752930323,148
40485000,80969.99995942968,-206397.93156373175,299.46748663026887,148
40490000,80979.99995939534,-207114.00416340923,302.8592932245694,148
40495000,80989.999959361,-206725.43298368598,301.2789846330488,148
40500000,80999.99995932665,-206109.9764867737,299.7061914796276,148
40505000,81009.99995929231,-207111.76632919617,301.901895322997,148
40510000,81019.99995925797,-207332.69126334554,297.7020916678902,148
40515000,81029.99995922363,-206340.18516937282,300.1450863911669,148
40520000,81039.99995918928,-206755.89669544366,298.7396403274903,148
40525000,81049.99995915494,-205712.06017854798,300.7572414719151,148
40530000,81059.9999591206,-205669.6666973516,296.6835758938986,148
40535000,81069.99995908626,-206262.0115662705,303.4603581563014,148
40540000,81079.99995905191,-207213.98518909293,299.2129573746807,148
40545000,81089.99995901757,-206534.44614927412,300.4332002136867,148
40550000,81099.99995898323,-206825.13542951224,300.7055713784964,148
40555000,81109.99995894889,-206926.33479269,301.800672734454,148
40560000,81119.99995891454,-206117.01772732963,296.8152618796137,148
40565000,81129.9999588802,-206650.51000641135,295.8667505597649,148
40570000,81139.99995884586,-206117.08712769242,296.808564349883,148
40575000,81149.99995881152,-206369.9001756931,305.25245125826916,148
40580000,81159.99995877717,-206360.05952040816,300.14588274740703,148
40585000,81169.99995874283,-206611.07526739046,298.9135956467744,148
40590000,81179.99995870849,-206403.27117927966,299.97419360700366,148
40595000,81189.99995867415,-206575.6821803546,300.6415613372709,148
40600000,81199.9999586398,-206934.30585693347,301.3474613639022,148
40605000,81209.99995860546,-206266.84466205805,298.13620285839085,148
40610000,81219.99995857112,-206787.59323745244,299.4135818464811,148
40615000,81229.99995853678,-206328.6601239218,300.2889385562517,148
40620000,81239.99995850243,-205919.08837976074,296.0261448367956,148
40625000,81249.99995846809,-206350.15164553863,301.18211988639644,148
40630000,81259.99995843375,-206867.0965418634,302.29749185259817,148
40635000,81269.9999583994,-205621.26064001583,299.70627952043606,148
40640000,81279.99995836506,-206466.41511706018,297.3091443795294,148
40645000,81289.99995833072,-206120.367758119,304.335460932239,148
40650000,81299.99995829638,-206471.56777433993,298.1501523576605,148
40655000,81309.99995826204,-206460.5209561959,294.7014312346576,148
40660000,81319.9999582277,-206770.3107151729,295.313419882825,148
40665000,81329.99995819335,-206276.05799344857,302.6832869448718,148
40670000,81339.99995815901,-206573.2360400767,298.8183296032718,148
40675000,81349.99995812467,-207314.37841515557,304.8583698677225,148
40680000,81359.99995809032,-207252.52209607558,297.2370598456652,148
40685000,81369.99995805598,-205917.52213082253,300.4496806100566,148
40690000,81379.99995802164,-206366.48151544947,297.4216994559349,148
40695000,81389.9999579873,-206401.8814960653,298.1652808407922,148
40700000,81399.99995795295,-206490.2266229788,297.0132307148866,148
40705000,81409.99995791861,-206526.91389019415,300.7365603718632,148
40710000,81419.99995788427,-206580.5923894113,303.0119725907681,148
40715000,81429.99995784993,-206518.77192151803,298.46541030003556,148
40720000,81439.99995781558,-206507.26793042198,297.86785657116343,148
40725000,81449.99995778124,-207098.5077658851,299.9741771945617,148
40730000,81459.9999577469,-206030.25559625507,298.54669591229936,148
40735000,81469.99995771256,-207083.87524094863,299.2905734957927,148
40740000,81479.99995767821,-206988.25529825094,299.31393319852634,148
40745000,81489.99995764387,-206026.41709571052,298.31208834333785,148
40750000,81499.99995760953,-206052.90036560572,299.3415890890528,148
40755000,81509.99995757519,-206381.12155058852,304.83834575972463,148
40760000,81519.99995754084,-206761.67067176057,296.9014450925537,148
40765000,81529.9999575065,-206915.41493528418,302.2958019600158,148
40770000,81539.99995747216,-206778.6451282372,298.36608634119307,148
40775000,81549.99995743782,-207413.07173017797,300.37508298882733,148
40780000,81559.99995740347,-206415.78182297526,300.06783989857155,148
40785000,81569.99995736913,-206752.5519160279,299.35687017761614,148
40790000,81579.99995733479,-207096.00326927146,297.824484467121,148
40795000,81589.99995730045,-207533.16341815493,299.4570603218292,148
40800000,81599.9999572661,-206608.28405918728,306.12062920145564,148
40805000,81609.99995723176,-206565.7257089658,301.0617972716087,148
40810000,81619.99995719742,-206479.48940350628,300.245526918183,148
40815000,81629.99995716308,-205943.49995394167,298.4906879953314,148
40820000,81639.99995712873,-206430.47833899513,301.6503147118173,148
40825000,81649.99995709439,-207098.35218062636,297.0166810729835,148
40830000,81659.99995706005,-206253.58486498578,297.00893323546387,148
40835000,81669.9999570257,-206241.06389343156,298.75022651237896,148
40840000,81679.99995699136,-205610.4932742333,295.8992523613919,148
40845000,81689.99995695702,-205472.54299736954,294.4233043674683,148
40850000,81699.99995692268,-206496.94852942694,296.19804780158995,148
40855000,81709.99995688834,-206195.0002597993,300.29853505143825,148
40860000,81719.999956854,-206654.38553397206,301.4865024185872,148
40865000,81729.99995681965,-205941.47585500544,304.4976089620216,148
40870000,81739.99995678531,-206150.37030788918,307.57768361261503,148
40875000,81749.99995675097,-206611.861479167,302.5421054908388,148
40880000,81759.99995671662,-206591.2551929889,300.43811698108016,148
40885000,81769.99995668228,-206910.894084253,304.13481138655936,148
40890000,81779.99995664794,-207132.1156028601,300.34409768224776,148
40895000,81789.9999566136,-206637.28495027963,301.3068186367462,148
40900000,81799.99995657925,-205918.83419903927,302.1611734863066,148
40905000,81809.99995654491,-206799.628298279,300.5405249114514,148
40910000,81819.99995651057,-205711.07289321942,297.73847802007407,148
40915000,81829.99995647623,-206071.43306222267,297.94151749034455,148
40920000,81839.99995644188,-206535.3196357583,298.7031634138427,148
40925000,81849.99995640754,-206248.73875970277,300.0512979000216,148
40930000,81859.9999563732,-206697.9290783524,300.31015465944034,148
40935000,81869.99995633886,-207017.81885653036,298.5095068588028,148
40940000,81879.99995630451,-206505.9716205811,296.4664199509558,148
40945000,81889.99995627017,-206236.8537657651,295.46994590457473,148
40950000,81899.99995623583,-207092.79878789047,296.5148603929731,148
40955000,81909.99995620149,-206555.10564851272,298.1262064597501,148
40960000,81919.99995616714,-206800.9370997214,303.82927934095136,148
40965000,81929.9999561328,-206697.0212136648,296.4411685915179,148
40970000,81939.99995609846,-206269.0014952463,296.9588058695626,148
40975000,81949.99995606412,-206806.3298851659,300.27196758404716,148
40980000,81959.99995602977,-206735.86016273347,297.224014901702,148
40985000,81969.99995599543,-206937.35185909946,298.541625876234,148
40990000,81979.99995596109,-206423.27946964605,299.1675249789182,148
40995000,81989.99995592675,-206456.96989302663,301.91680820002995,148
41000000,81999.9999558924,-207599.95986558567,299.9132966095335,148
41005000,82009.99995585806,-207295.26875806868,300.2245441437927,148
41010000,82019.99995582372,-205883.07615936233,301.4381190772556,148
41015000,82029.99995578938,-206851.5406594599,299.53919046234563,148
41020000,82039.99995575503,-206142.07866508735,306.49796003249025,148
41025000,82049.99995572069,-207562.5506843375,299.86345097312505,148
41030000,82059.99995568635,-206857.6872662187,296.95082740093216,148
41035000,82069.999955652,-206224.9896745358,298.558449209884,148
41040000,82079.99995561766,-206336.40369340626,300.9379000273677,148
41045000,82089.99995558332,-206793.570901306,301.947110272746,148
41050000,82099.99995554898,-206627.06127706775,299.7308590603238,148
41055000,82109.99995551464,-206654.68944382994,302.7338585900106,148
41060000,82119.99995548029,-205988.28696866764,299.71754391312504,148
41065000,82129.99995544595,-206468.50125730946,299.9065448928479,148
41070000,82139.99995541161,-207062.32988606114,296.3713482722105,148
41075000,82149.99995537726,-207186.07700247434,298.61835462586544,148
41080000,82159.99995534292,-206647.0773763184,305.300376466496,148
41085000,82169.99995530858,-205951.02799397125,301.23536887211384,148
41090000,82179.99995527424,-206929.38930701208,300.06060616853864,148
41095000,82189.9999552399,-206170.4532616553,300.8746756184579,148
41100000,82199.99995520555,-206872.89253642515,299.157690165153,148
41105000,82209.99995517121,-207216.03895082255,296.99918298469777,148
41110000,82219.99995513687,-206675.7025935494,300.3359839697385,148
41115000,82229.99995510252,-206764.45671285177,298.93752693120655,148
41120000,82239.99995506818,-206235.6744944877,299.83208607764305,148
41125000,82249.99995503384,-205735.55756682553,301.7360766865583,148
41130000,82259.9999549995,-205541.73026889923,302.00354936696107,148
41135000,82269.99995496515,-206042.007720588,298.3817651165275,148
41140000,82279.99995493081,-205864.12967539555,296.88374460229164,148
41145000,82289.99995489647,-206829.23632134986,301.3514740962063,148
41150000,82299.99995486213,-206765.72835476568,297.87292091877686,148
41155000,82309.99995482778,-206462.31312317203,300.56408296965157,148
41160000,82319.99995479344,-206338.11358753906,297.58789359616674,148
41165000,82329.9999547591,-206345.04326258053,306.7790129023742,148
41170000,82339.99995472476,-207304.16446760274,301.653931496848,148
41175000,82349.99995469041,-206368.07025160256,298.7495458363876,148
41180000,82359.99995465607,-206736.7841738516,302.6499119400682,148
41185000,82369.99995462173,-206756.03415416798,302.07409488107464,148
41190000,82379.99995458739,-206984.04845203122,296.71896760414774,148
41195000,82389.99995455304,-206269.95910824568,301.7881726581896,148
41200000,82399.9999545187,-206747.79771235317,299.32189818666717,148
41205000,82409.99995448436,-206065.76510495925,304.70011922263944,148
41210000,82419.99995445002,-206568.04936144606,295.7546763691414,148
41215000,82429.99995441567,-206557.6654142777,298.28686770099137,148
41220000,82439.99995438133,-206239.2234347124,300.01076003482694,148
41225000,82449.99995434699,-206293.49197602877,308.5253070157193,148
41230000,82459.99995431265,-206511.50380107493,300.82891357926945,148
41235000,82469.9999542783,-207085.55942806264,306.3947784592831,148
41240000,82479.99995424396,-206861.85383501777,300.4329058934868,148
41245000,82489.99995420962,-206801.9022119874,303.3723057631202,148
41250000,82499.99995417528,-206451.18503029458,297.6650104453628,148
41255000,82509.99995414093,-206439.85705738794,300.58450706375993,148
41260000,82519.99995410659,-206913.07317823241,304.18430229208604,148
41265000,82529.99995407225,-206391.43533988367,302.9517608933267,148
41270000,82539.9999540379,-206653.73163642082,298.63277577148455,148
41275000,82549.99995400356,-206317.62269617466,297.0361329994112,148
41280000,82559.99995396922,-206079.48264001042,303.0317035132806,148
41285000,82569.99995393488,-206637.78527520178,298.40291508669605,148
41290000,82579.99995390054,-206457.39967629802,300.1899928785807,148
41295000,82589.9999538662,-205840.97912784584,298.589899278906,148
41300000,82599.99995383185,-206825.32423564047,296.4001430849243,148
41305000,82609.99995379751,-206265.05310148268,302.7379488737069,148
41310000,82619.99995376317,-206753.66039553809,299.5015647180587,148
41315000,82629.99995372882,-206577.03865305637,300.45740373403976,148
41320000,82639.99995369448,-205686.1539696044,300.86789680956986,148
41325000,82649.99995366014,-206922.58107700036,303.5887766880122,148
41330000,82659.9999536258,-205764.73938317376,302.5547063051028,148
41335000,82669.99995359145,-205938.0075479449,304.3196793772311,148
41340000,82679.99995355711,-207125.12111707986,297.7009050258431,148
41345000,82689.99995352277,-206340.42629857757,301.7970138341949,148
41350000,82699.99995348843,-206174.07108457084,304.2990480313055,148
41355000,82709.99995345408,-206966.8597281559,298.2130082006155,148
41360000,82719.99995341974,-205735.88659039745,303.70945887893436,148
41365000,82729.9999533854,-206699.97937518032,303.51093189359926,148
41370000,82739.99995335106,-206594.79685991723,298.3291429418521,148
41375000,82749.99995331671,-206309.8177325743,303.7073422708587,148
41380000,82759.99995328237,-206812.3632697002,299.7494619790171,148
41385000,82769.99995324803,-206460.18245956057,305.97087000941616,148
41390000,82779.99995321369,-206555.09477541933,299.9387832436515,148
41395000,82789.99995317934,-206653.1270819042,300.43863782397784,148
41400000,82799.999953145,-206579.48586876388,296.4291289339925,148
41405000,82809.99995311066,-205998.90991921793,296.68050425572886,148
41410000,82819.99995307632,-206677.1450523187,300.57657529612027,148
41415000,82829.99995304197,-206791.8403809478,300.84020718444555,148
41420000,82839.99995300763,-207047.79699243163,299.076636385754,148
41425000,82849.99995297329,-206926.3186383152,296.2859932074311,148
41430000,82859.99995293895,-206488.9313060016,299.1408983364767,148
41435000,82869.9999529046,-205894.38001893484,302.0090558377704,148
41440000,82879.99995287026,-206597.2905417746,299.94767019599584,148
41445000,82889.99995283592,-206444.0122376026,298.7747971393418,148
41450000,82899.99995280158,-206158.12678228447,298.9935491932118,148
41455000,82909.99995276723,-207131.54313424905,304.1752422515591,148
41460000,82919.99995273289,-206913.3504435959,300.46223259777565,148
41465000,82929.99995269855,-206060.2237429273,301.72144472130003,148
41470000,82939.9999526642,-206529.2824024806,298.33834744598863,148
41475000,82949.99995262986,-206261.2505996721,301.91826269232286,148
41480000,82959.99995259552,-206471.87504162337,302.66773690252063,148
41485000,82969.99995256118,-206605.46073595854,299.4705180304114,148
41490000,82979.99995252684,-206716.14043291262,301.7413976848281,148
41495000,82989.9999524925,-205610.2832824369,295.36547751934637,148
41500000,82999.99995245815,-207004.0182914826,301.7737872972276,148
41505000,83009.99995242381,-206943.7188024558,299.6890327955081,148
41510000,83019.99995238947,-206401.0983449578,301.3921171172204,148
41515000,83029.99995235512,-206778.68610351684,301.9024763476931,148
41520000,83039.99995232078,-206894.74952028634,298.8900505280249,148
41525000,83049.99995228644,-206531.80241873872,297.35137693249976,148
41530000,83059.9999522521,-206638.85369015334,302.20758602542867,148
41535000,83069.99995221775,-207016.10417894297,300.249416345996,148
41540000,83079.99995218341,-206122.46083840262,298.3980996507016,148
41545000,83089.99995214907,-206267.18462108192,302.5678012258435,148
41550000,83099.99995211473,-207045.67298881477,296.53956060557533,148
41555000,83109.99995208038,-206168.8814143961,302.5359881311988,148
41560000,83119.99995204604,-206248.22485459177,297.92299466423646,148
41565000,83129.9999520117,-206528.0113008651,296.4680429742355,148
41570000,83139.99995197736,-206033.85117562,298.4838199759922,148
41575000,83149.99995194301,-205830.61480318464,302.12718061451767,148
41580000,83159.99995190867,-206857.7235538005,300.03588601373343,148
41585000,83169.99995187433,-207043.2608160855,306.0752383079995,148
41590000,83179.99995183999,-206218.41589317692,303.72620450604694,148
41595000,83189.99995180564,-206478.2636568814,305.61592476790975,148
41600000,83199.9999517713,-206540.9373933453,301.7469381566981,148
41605000,83209.99995173696,-206512.2967268494,303.7516566319745,148
41610000,83219.99995170262,-207250.14600924042,298.22002268318084,148
41615000,83229.99995166827,-206417.46654526144,302.2067076534768,148
41620000,83239.99995163393,-206234.17884699756,304.65322787125575,148
41625000,83249.99995159959,-206616.64835139643,300.24607736964066,148
41630000,83259.99995156525,-207347.29097184283,301.6434550255004,148
41635000,83269.9999515309,-206494.9343144754,299.3353261475947,148
41640000,83279.99995149656,-206362.6705181821,297.2506119356114,148
41645000,83289.99995146222,-206284.22104634217,297.7488381817759,148
41650000,83299.99995142788,-205426.93029771803,300.77319120851797,148
41655000,83309.99995139353,-206923.30394721648,296.65869612666273,148
41660000,83319.99995135919,-205912.8669407498,303.22075138211005,148
41665000,83329.99995132485,-206483.15544681821,303.3938130808944,148
41670000,83339.9999512905,-206071.01151577476,301.7787647415433,148
41675000,83349.99995125616,-206839.3227596325,299.8048060767933,148
41680000,83359.99995122182,-206773.33467757853,300.7071346388494,148
41685000,83369.99995118748,-207177.89764008974,297.7208103231785,148
41690000,83379.99995115314,-206081.3871116722,301.6070837469188,148
41695000,83389.99995111879,-207117.96201928786,298.95959090592555,148
41700000,83399.99995108445,-206750.26805701177,299.6812992863211,148
41705000,83409.99995105011,-206238.12190379004,299.794175442801,148
41710000,83419.99995101576,-207462.37525326048,301.35133808403333,148
41715000,83429.99995098142,-206790.80819423625,300.1537651629843,148
41720000,83439.99995094708,-206779.27505675878,300.5701210318458,148
41725000,83449.99995091274,-206670.93663058116,301.20299012378223,148
41730000,83459.9999508784,-207090.75416544848,298.6742380388763,148
41735000,83469.99995084405,-206363.30415932497,298.9638461588255,148
41740000,83479.99995080971,-206341.21947681578,298.28736583922085,148
41745000,83489.99995077537,-205819.1270494731,300.46733022459426,148
41750000,83499.99995074102,-206906.27678408404,304.04146908121896,148
41755000,83509.99995070668,-206352.29898864403,299.1479491585629,148
41760000,83519.99995067234,-206942.42288033012,298.60165971755555,148
41765000,83529.999950638,-206666.96736073296,301.0576049570424,148
41770000,83539.99995060365,-207310.6256424092,299.5595701931804,148
41775000,83549.99995056931,-206290.66696287203,297.8210752282239,148
41780000,83559.99995053497,-206429.2203369037,301.2863887425993,148
41785000,83569.99995050063,-205434.59447450435,301.7363699170318,148
41790000,83579.99995046628,-206071.52798867738,296.14291893753654,148
41795000,83589.99995043194,-205887.48977675068,295.5468062939555,148
41800000,83599.9999503976,-206743.68253087346,304.6646910675437,148
41805000,83609.99995036326,-207577.35750758613,301.08596392348966,148
41810000,83619.99995032891,-207175.5654673815,301.4209041831868,148
41815000,83629.99995029457,-206353.3094246362,292.51843533993,148
41820000,83639.99995026023,-206746.37399862066,298.23864320276533,148
41825000,83649.99995022589,-207144.71570331114,302.9458227885149,148
41830000,83659.99995019154,-206780.8178460329,302.3682662208144,148
41835000,83669.9999501572,-206126.5963288875,298.3468406942987,148
41840000,83679.99995012286,-207199.93621228007,306.8441120931958,148
41845000,83689.99995008852,-206678.4518037103,302.6461143556912,148
41850000,83699.99995005417,-206918.0267077881,296.93786162457604,148
41855000,83709.99995001983,-206361.22468272317,302.22578237273467,148
41860000,83719.99994998549,-206161.00205479853,303.46488121273285,148
41865000,83729.99994995115,-206611.7194947095,299.33392104018975,148
41870000,83739.9999499168,-206754.0577648481,301.2344444193752,148
41875000,83749.99994988246,-206943.25246162456,294.49535408546035,148
41880000,83759.99994984812,-206869.92756362958,306.9348613621337,148
41885000,83769.99994981378,-205882.81331254204,304.63637575216666,148
41890000,83779.99994977943,-206273.07407496334,301.86252148327486,148
41895000,83789.99994974509,-206894.68519553076,304.82406844881507,148
41900000,83799.99994971075,-207065.94805601344,296.0552379525405,148
41905000,83809.9999496764,-206261.53545014688,294.655990436074,148
41910000,83819.99994964206,-206031.4903122366,298.87039877309724,148
41915000,83829.99994960772,-206973.5717915647,298.55267922692553,148
41920000,83839.99994957338,-206660.25044961064,303.5030954108818,148
41925000,83849.99994953904,-206274.65899736842,301.2436799132609,148
41930000,83859.9999495047,-206018.27501482237,300.65063334043623,148
41935000,83869.99994947035,-206430.17007514357,301.4261137693102,148
41940000,83879.99994943601,-206670.83228207566,293.1657123616334,148
41945000,83889.99994940167,-206551.4662558824,306.25358779333123,148
41950000,83899.99994936732,-206738.01206673658,298.68331720997384,148
41955000,83909.99994933298,-205879.80281736085,296.2158851905141,148
41960000,83919.99994929864,-206822.1546656408,303.71991577267744,148
41965000,83929.9999492643,-206489.3861238683,301.385956068622,148
41970000,83939.99994922995,-206241.5374876972,302.845712391286,148
41975000,83949.99994919561,-206160.3234071968,303.01942923869115,148
41980000,83959.99994916127,-206370.94186691125,299.23949598722385,148
41985000,83969.99994912693,-206968.3277085931,297.41591476379216,148
41990000,83979.99994909258,-207129.22556716995,300.36901941099916,148
41995000,83989.99994905824,-206079.6481084117,301.2722386002825,148
42000000,83999.9999490239,-205796.53705360042,295.8868093409544,148
42005000,84009.99994898956,-207021.49358177942,299.4721953651214,148
42010000,84019.99994895521,-206928.76570435124,299.02690587634686,148
42015000,84029.99994892087,-205934.03052928695,296.7163147846672,148
42020000,84039.99994888653,-206513.73006506567,296.98877821748044,148
42025000,84049.99994885219,-206135.63343485363,297.09497093127675,148
42030000,84059.99994881784,-205774.6090486138,300.08446210993975,148
42035000,84069.9999487835,-206607.2673124828,300.8612573175461,148
42040000,84079.99994874916,-207001.86928595416,297.65739847721085,148
42045000,84089.99994871482,-206146.64858969138,299.0740256456531,148
42050000,84099.99994868047,-207082.35870948795,299.0961813282344,148
42055000,84109.99994864613,-206562.90004296333,298.832619045183,148
42060000,84119.99994861179,-207480.61752936733,299.4393619839294,148
42065000,84129.99994857745,-206997.02991338773,302.46250224257864,148
42070000,84139.9999485431,-206718.80192226614,296.0483366584468,148
42075000,84149.99994850876,-206097.61121177662,296.03902324785287,148
42080000,84159.99994847442,-206159.96268285392,300.01285638861214,148
42085000,84169.99994844008,-207359.8223583554,299.8377194765007,148
42090000,84179.99994840573,-205612.50261508138,299.228224077899,148
42095000,84189.99994837139,-206552.6446264569,298.922291727875,148
42100000,84199.99994833705,-206270.7193445668,299.06378400021947,148
42105000,84209.9999483027,-206163.50647698867,303.88807178138967,148
42110000,84219.99994826836,-206471.47044070216,299.9993273594845,148
42115000,84229.99994823402,-207228.82757962658,299.7214458944962,148
42120000,84239.99994819968,-207315.8995711971,300.2228916120823,148
42125000,84249.99994816534,-206209.32816045452,303.3091332012881,148
42130000,84259.999948131,-206825.4442981867,304.35201805973963,148
42135000,84269.99994809665,-206423.11278204643,302.0411648979702,148
42140000,84279.99994806231,-206513.4920725118,296.38960293705856,148
42145000,84289.99994802797,-206661.0128175459,298.56215442302425,148
42150000,84299.99994799362,-206225.30192048452,304.43419351166574,148
42155000,84309.99994795928,-206249.8411513695,294.4074732050368,148
42160000,84319.99994792494,-206538.26001804136,300.10993990539384,148
42165000,84329.9999478906,-206377.20173900854,304.1415376515123,148
42170000,84339.99994785625,-206843.39164262195,301.3243047565429,148
42175000,84349.99994782191,-206728.1157367389,297.74586148085746,148
42180000,84359.99994778757,-205966.24096339848,304.3398446247374,148
42185000,84369.99994775323,-206508.58983986976,300.4732369895238,148
42190000,84379.99994771888,-206691.6610971603,296.9187082880095,148
42195000,84389.99994768454,-207175.51039450977,299.34052448963644,148
42200000,84399.9999476502,-206556.0777596191,303.2097444325445,148
42205000,84409.99994761586,-206747.88732341118,295.3196053257186,148
42210000,84419.99994758151,-206494.2829831934,305.02881488834555,148
42215000,84429.99994754717,-207150.55918920727,303.51663013805717,148
42220000,84439.99994751283,-206567.8874814061,300.3059116882015,148
42225000,84449.99994747849,-206265.80126301048,301.4864873219764,148
42230000,84459.99994744414,-206176.8175172807,300.83564239090117,148
42235000,84469.9999474098,-206246.07032801188,300.59180655927446,148
42240000,84479.99994737546,-207089.87225499772,298.9506440650806,148
42245000,84489.99994734112,-207000.76512212446,297.69930725997654,148
42250000,84499.99994730677,-205395.24185026484,298.00641574551565,148
42255000,84509.99994727243,-205547.69969357597,302.11725613895527,148
42260000,84519.99994723809,-206815.0863530622,299.38083993237484,148
42265000,84529.99994720375,-207412.6412494562,300.2350999492763,148
42270000,84539.9999471694,-206766.9603811896,304.30522113165995,148
42275000,84549.99994713506,-206760.35868942202,300.780928493181,148
42280000,84559.99994710072,-206323.57148731756,300.6416573003943,148
42285000,84569.99994706638,-206758.92557744554,300.1308554690645,148
42290000,84579.99994703203,-206122.97922527848,296.23161825174856,148
42295000,84589.99994699769,-206157.2873675404,299.03849878552154,148
42300000,84599.99994696335,-206215.85440608405,295.1110922107419,148
42305000,84609.999946929,-206921.89864379377,297.4205750252246,148
42310000,84619.99994689466,-206756.50880395132,301.55325972641634,148
42315000,84629.99994686032,-206634.911862578,300.1421757079848,148
42320000,84639.99994682598,-207342.14071108738,302.1948837322658,148
42325000,84649.99994679164,-206485.40030333225,298.31307705959284,148
42330000,84659.99994675729,-207310.54700994527,296.1057648842492,148
42335000,84669.99994672295,-206539.01110519643,299.18671717542185,148
42340000,84679.99994668861,-206070.01265460334,299.96598815824603,148
42345000,84689.99994665426,-207232.90777186165,295.87202423830814,148
42350000,84699.99994661992,-206887.0670119325,299.729164289271,148
42355000,84709.99994658558,-206446.48001137574,298.9760541773379,148
42360000,84719.99994655124,-207118.86554363335,302.4474810267267,148
42365000,84729.9999465169,-206887.89568334934,296.6626793724145,148
42370000,84739.99994648255,-206391.6069153807,296.50235641383324,148
42375000,84749.99994644821,-206371.02967270126,297.7859147257325,148
42380000,84759.99994641387,-206956.23363453336,302.73577085077255,148
42385000,84769.99994637952,-207252.74694354832,298.8744096005217,148
42390000,84779.99994634518,-206179.0809709865,300.4532466720706,148
42395000,84789.99994631084,-206483.6580537773,299.2206728234045,148
42400000,84799.9999462765,-207044.13788255095,298.0973295033502,148
42405000,84809.99994624215,-206651.85339429136,308.4646680598134,148
42410000,84819.99994620781,-207117.7567110604,301.70728827054444,148
42415000,84829.99994617347,-206705.50344078592,297.15285625103706,148
42420000,84839.99994613913,-206930.5154295792,299.6570639734542,148
42425000,84849.99994610478,-206074.46539555723,297.3933446034352,148
42430000,84859.99994607044,-206894.22266748454,299.31398923782035,148
42435000,84869.9999460361,-207315.4641083799,299.00762690114306,148
42440000,84879.99994600176,-206220.92517267528,303.7860678351073,148
42445000,84889.99994596741,-207219.6864805048,299.6952058704163,148
42450000,84899.99994593307,-206524.69810506003,299.15785638918084,148
42455000,84909.99994589873,-206350.43219865765,300.49767718907617,148
42460000,84919.99994586439,-206159.97936955956,302.16480870119403,148
42465000,84929.99994583004,-206812.41473196307,300.22506092782027,148
42470000,84939.9999457957,-206517.13261173107,301.3709779642202,148
42475000,84949.99994576136,-207088.52035507036,300.98947308372294,148
42480000,84959.99994572702,-207321.90074374375,299.67533703942456,148
42485000,84969.99994569267,-205949.67571870226,300.45861150277415,148
42490000,84979.99994565833,-206284.8524610272,299.71890983584854,148
42495000,84989.99994562399,-207212.76436327735,303.8095871941289,147
42500000,84999.99994558965,-206082.34124321432,300.43262663998627,147
42505000,85009.9999455553,-206182.46009110217,305.8123550196248,147
42510000,85019.99994552096,-206700.4846640654,306.3585321176915,147
42515000,85029.99994548662,-206643.24728897354,306.40298122104923,147
42520000,85039.99994545228,-206929.17410203838,302.20286357958287,147
42525000,85049.99994541793,-206733.5247251658,296.9486895548985,147
42530000,85059.99994538359,-206578.8763994031,301.05463102932674,147
42535000,85069.99994534925,-206720.4294631289,298.36420851176433,147
42540000,85079.9999453149,-206662.53189591353,298.68475996020766,147
42545000,85089.99994528056,-206670.34056783887,297.8391127406394,147
42550000,85099.99994524622,-206217.9714904509,296.63381360728545,147
42555000,85109.99994521188,-206851.91143592366,296.73708799837897,147
42560000,85119.99994517754,-206742.62137573014,299.93297649066767,147
42565000,85129.9999451432,-206714.66338972724,304.07395084300924,147
42570000,85139.99994510885,-206015.6553314702,301.89499409576683,147
42575000,85149.99994507451,-205754.06609458325,303.82459531168405,147
42580000,85159.99994504017,-206342.76420718338,300.71549157965046,147
42585000,85169.99994500582,-205975.54694422754,299.93150036614986,147
42590000,85179.99994497148,-206678.24811412615,299.5701811658641,147
42595000,85189.99994493714,-206367.13140179182,293.43677797718453,147
42600000,85199.9999449028,-206418.30759574415,302.73810554603034,147
42605000,85209.99994486845,-206594.2295318643,299.9779667330046,147
42610000,85219.99994483411,-206159.22293878684,302.02211977543465,147
42615000,85229.99994479977,-206275.52930860012,297.1075590933154,147
42620000,85239.99994476543,-206625.79218150664,301.6084796586443,147
42625000,85249.99994473108,-206450.9998246804,300.2652536359609,147
42630000,85259.99994469674,-206943.4749170401,300.8921882142281,147
42635000,85269.9999446624,-206480.7033279132,297.2559245933891,147
42640000,85279.99994462806,-206431.2159218531,300.7289821150188,147
42645000,85289.99994459371,-207285.19916053605,303.30662299132945,147
42650000,85299.99994455937,-207088.9378027732,302.94158195583043,147
42655000,85309.99994452503,-206347.5591179866,300.8251670507749,147
42660000,85319.99994449069,-206688.27514299646,293.4790566488915,147
42665000,85329.99994445634,-206270.61076228833,297.8322563148771,147
42670000,85339.999944422,-206975.24885845697,304.06157922012073,147
42675000,85349.99994438766,-205535.47933291947,296.31718173680883,147
42680000,85359.99994435332,-206503.58423895563,300.2852652883863,147
42685000,85369.99994431897,-206376.867952539,303.7800350923243,147
42690000,85379.99994428463,-206846.37504221417,298.00011991529703,147
42695000,85389.99994425029,-206434.35358488082,303.1884283312309,147
42700000,85399.99994421595,-206646.24152905075,298.75224573358577,147
42705000,85409.9999441816,-207535.29987659527,296.8767708031107,147
42710000,85419.99994414726,-206560.5290313738,302.61108975033983,147
42715000,85429.99994411292,-206579.77191010548,302.6522043500245,147
42720000,85439.99994407858,-206883.94542818703,298.8344910319548,147
42725000,85449.99994404423,-206442.90095744026,303.61443614077456,147
42730000,85459.99994400989,-206863.84212757577,298.71314234674713,147
42735000,85469.99994397555,-207917.20951387275,297.43403600212014,147
42740000,85479.9999439412,-207193.38557226013,304.099629481793,147
42745000,85489.99994390686,-206226.42988911818,302.63926269654604,147
42750000,85499.99994387252,-206726.79781838274,297.6099402243582,147
42755000,85509.99994383818,-206824.84905303456,299.04916505788555,147
42760000,85519.99994380384,-207080.7847405614,301.8662639370158,147
42765000,85529.9999437695,-206295.65843630536,297.48929735353033,147
42770000,85539.99994373515,-206293.4539350483,299.442282579301,147
42775000,85549.99994370081,-207189.07072062616,297.2404256618748,147
42780000,85559.99994366647,-206500.6326470226,296.66529028218525,147
42785000,85569.99994363212,-206793.6944752055,294.96525277232973,147
42790000,85579.99994359778,-207503.8279413142,294.545935096696,147
42795000,85589.99994356344,-207345.82324707555,303.3805001466227,147
42800000,85599.9999435291,-206272.32748047472,299.6321560374991,147
42805000,85609.99994349475,-206591.15109148284,306.41739503505335,147
42810000,85619.99994346041,-206334.39318568725,298.45653984453463,147
42815000,85629.99994342607,-206187.4331347883,296.55794933740043,147
42820000,85639.99994339173,-206658.1414372255,301.6855479252302,147
42825000,85649.99994335738,-206398.4088794362,301.0833298415248,147
42830000,85659.99994332304,-206379.2126939156,304.38753169790147,147
42835000,85669.9999432887,-206535.91124783445,295.52073315959314,147
42840000,85679.99994325436,-206298.11034138838,298.9952881941201,147
42845000,85689.99994322001,-206604.04369805602,299.68288062475165,147
42850000,85699.99994318567,-206209.0645251621,298.9174936955796,147
42855000,85709.99994315133,-205724.82824217028,306.5751519555965,147
42860000,85719.99994311699,-206480.05025393958,303.5837318962393,147
42865000,85729.99994308264,-207001.53594780085,296.68612151830223,147
42870000,85739.9999430483,-206619.98608367844,298.56778786679087,147
42875000,85749.99994301396,-206581.06773494615,305.3012517204257,147
42880000,85759.99994297962,-206672.9558818076,299.56396369147876,147
42885000,85769.99994294527,-207191.685368384,301.57483276124344,147
42890000,85779.99994291093,-206428.17722070124,303.5653296877548,147
42895000,85789.99994287659,-205577.3993241666,298.1796575023494,147
42900000,85799.99994284225,-206823.9524099694,300.294065197667,147
42905000,85809.9999428079,-206919.83468924335,305.46261549328676,147
42910000,85819.99994277356,-206138.4606858726,299.4650403925968,147
42915000,85829.99994273922,-206525.02809462557,302.9590601495367,147
42920000,85839.99994270488,-206064.6382769161,297.011356990002,147
42925000,85849.99994267053,-206568.53158893762,301.34086862778184,147
42930000,85859.99994263619,-206105.40373852872,298.92815451698135,147
42935000,85869.99994260185,-205534.72334950033,298.7652797427023,147
42940000,85879.9999425675,-206489.19225253165,300.2469350986993,147
42945000,85889.99994253316,-207169.1141035764,291.25821697647876,147
42950000,85899.99994249882,-206443.2361870841,298.85786211364405,147
42955000,85909.99994246448,-206768.34237940935,299.58911076214014,147
42960000,85919.99994243013,-207074.81991992565,296.9438710843194,147
42965000,85929.99994239579,-206466.9430202362,297.83704104494296,147
42970000,85939.99994236145,-206445.8968311703,295.34947145655127,147
42975000,85949.99994232711,-206621.1349432954,300.4722338143947,147
42980000,85959.99994229276,-206995.7870871888,297.14339226253963,147
42985000,85969.99994225842,-206771.30888041807,301.14845936819296,147
42990000,85979.99994222408,-206853.39628365927,304.23758979881774,147
42995000,85989.99994218974,-206769.33009066223,301.0298392157318,147
43000000,85999.9999421554,-205713.72072179161,300.2331230573551,147
43005000,86009.99994212105,-206417.3277118823,298.74876700251644,147
43010000,86019.99994208671,-205926.8824978671,301.85383056846416,147
43015000,86029.99994205237,-206628.10991585546,299.06470979756824,147
43020000,86039.99994201802,-206758.75337091694,291.6984199896801,147
43025000,86049.99994198368,-206199.47153617418,302.64446835388316,147
43030000,86059.99994194934,-206058.29333110107,300.5242031917227,147
43035000,86069.999941915,-206960.67778508086,303.20690432751434,147
43040000,86079.99994188065,-206241.0623641609,305.09147898138593,147
43045000,86089.99994184631,-207075.21118334413,299.78221669135013,147
43050000,86099.99994181197,-206601.4811345149,295.36092398135287,147
43055000,86109.99994177763,-206480.8714999545,300.3179758469959,147
43060000,86119.99994174328,-207096.5863691708,296.8112536696874,147
43065000,86129.99994170894,-206254.362421353,298.8373784698444,147
43070000,86139.9999416746,-206658.96022624348,296.6570336641954,147
43075000,86149.99994164026,-206917.66881888534,304.6377782080498,147
43080000,86159.99994160591,-206767.82378080254,299.8499839836665,147
43085000,86169.99994157157,-206689.88674435252,298.1123497063784,147
43090000,86179.99994153723,-206376.83992975415,303.4175480799231,147
43095000,86189.99994150289,-206046.5711876423,299.83084757309314,147
43100000,86199.99994146854,-207056.2071140703,295.35931832818244,147
43105000,86209.9999414342,-206561.15206377243,298.5078759918005,147
43110000,86219.99994139986,-207335.05212003516,299.59730653107,147
43115000,86229.99994136552,-206555.00866232428,304.02488560757484,147
43120000,86239.99994133117,-206464.62451131875,302.37744976985977,147
43125000,86249.99994129683,-206885.18274382397,300.4030157820129,147
43130000,86259.99994126249,-206299.25700283633,302.59414799623534,147
43135000,86269.99994122815,-207233.76039726846,298.99414106912417,147
43140000,86279.9999411938,-206362.96149007138,301.81882905103043,147
43145000,86289.99994115946,-206645.5353681097,297.45574459968157,147
43150000,86299.99994112512,-206786.7772544896,300.0495812803434,147
43155000,86309.99994109078,-206723.18000190915,299.6443209782007,147
43160000,86319.99994105643,-207084.400597938,303.1175340929143,147
43165000,86329.99994102209,-207188.56384559302,300.77802304922994,147
43170000,86339.99994098775,-206482.17484486208,302.1742596420058,147
43175000,86349.9999409534,-207041.3182886158,299.4838216606172,147
43180000,86359.99994091906,-206425.51704264525,301.72177540737044,147
43185000,86369.99994088472,-206054.9185466133,303.2647426341164,147
43190000,86379.99994085038,-206402.10674508265,299.37222506623533,147
43195000,86389.99994081604,-206012.46678784746,306.2310491124776,147
43200000,86399.9999407817,-206677.95398203097,305.35945179033035,147
43205000,86409.99994074735,-206469.12263722916,302.240337120356,147
43210000,86419.99994071301,-206599.714043751,302.2457350213591,147
43215000,86429.99994067867,-206594.86284404213,302.1304288686662,147
43220000,86439.99994064432,-206367.06534864637,295.84813467539107,147
43225000,86449.99994060998,-207390.5748331393,302.2292138239517,147
43230000,86459.99994057564,-206604.26650557725,300.98064182524155,147
43235000,86469.9999405413,-206278.5854289775,301.7553764028965,147
43240000,86479.99994050695,-206146.29074322793,299.2949722001587,147
43245000,86489.99994047261,-206188.03333323554,295.50581612073495,147
43250000,86499.99994043827,-206698.4775762651,300.9442819984289,147
43255000,86509.99994040393,-206166.756484807,304.4852101856191,147
43260000,86519.99994036958,-206702.24448533612,300.5339423354557,147
43265000,86529.99994033524,-206444.9773488103,305.2993030891813,147
43270000,86539.9999403009,-206563.86298232118,306.40974855481625,147
43275000,86549.99994026656,-206478.6182931125,297.67514917428724,147
43280000,86559.99994023221,-206704.3631634108,298.8753462440736,147
43285000,86569.99994019787,-206464.3742567026,304.2963591842309,147
43290000,86579.99994016353,-206776.23214028112,296.9653521195915,147
43295000,86589.99994012919,-206704.7471802187,298.9449611097674,147
43300000,86599.99994009484,-206796.66523919336,299.9513363627154,147
43305000,86609.9999400605,-206406.4282185455,303.7018450617675,147
43310000,86619.99994002616,-206868.02163321548,300.4724477100345,147
43315000,86629.99993999182,-206337.76165043283,300.5867478539658,147
43320000,86639.99993995747,-206984.64062509534,299.2951344393382,147
43325000,86649.99993992313,-206659.2674546882,303.3516639025523,147
43330000,86659.99993988879,-207058.463803387,302.78575531219263,147
43335000,86669.99993985445,-206396.0537638818,303.0624004450788,147
43340000,86679.9999398201,-206468.65121206106,299.4448750173698,147
43345000,86689.99993978576,-206422.23606847844,299.97797402541295,147
43350000,86699.99993975142,-206903.76845901483,302.199210438508,147
43355000,86709.99993971708,-206769.64973056817,304.33220632586756,147
43360000,86719.99993968273,-206707.0249181263,302.1488981015944,147
43365000,86729.99993964839,-206234.8536818236,305.01173942635336,147
43370000,86739.99993961405,-207132.73036032193,297.48455417898197,147
43375000,86749.9999395797,-206171.91116783104,297.38371552684214,147
43380000,86759.99993954536,-206639.43180112028,293.52296971893105,147
43385000,86769.99993951102,-206840.11686125782,299.6907007901357,147
43390000,86779.99993947668,-205657.11186162895,305.97424066156384,147
43395000,86789.99993944234,-206311.70833050704,297.7189172058174,147
43400000,86799.999939408,-206722.37809869368,298.4736586737319,147
43405000,86809.99993937365,-206590.38531991479,298.81891972616916,147
43410000,86819.99993933931,-206322.86832724046,306.49383749244413,147
43415000,86829.99993930497,-206940.06738351996,299.0732551847829,147
43420000,86839.99993927062,-206370.51114823343,303.5461415098071,147
43425000,86849.99993923628,-206105.3604144057,301.8499296063786,147
43430000,86859.99993920194,-205802.1822821193,302.07603351363525,147
43435000,86869.9999391676,-206364.1441444771,300.43545924196656,147
43440000,86879.99993913325,-206119.3658181784,304.15568451774203,147
43445000,86889.99993909891,-206905.13042916718,298.7869210986269,147
43450000,86899.99993906457,-206378.4130725091,304.61283779750255,147
43455000,86909.99993903023,-205975.44809239625,303.00308578819636,147
43460000,86919.99993899588,-206968.34698032448,301.18820752607644,147
43465000,86929.99993896154,-206588.58892881847,299.90119156739644,147
43470000,86939.9999389272,-207005.59509487904,301.85775371382067,147
43475000,86949.99993889286,-207006.54976592923,302.2256340398657,147
43480000,86959.99993885851,-206872.89267415763,298.9979890830225,147
43485000,86969.99993882417,-205950.88483403635,304.906442059426,147
43490000,86979.99993878983,-206829.39898668078,297.42731781220533,147
43495000,86989.99993875549,-206630.66203732567,300.94481210612514,147
43500000,86999.99993872114,-206930.73924838065,295.48736869980854,147
43505000,87009.9999386868,-205684.50916203985,303.8612899010259,147
43510000,87019.99993865246,-206833.24555325857,305.82369043526717,147
43515000,87029.99993861812,-206563.29692313087,297.2732244904059,147
43520000,87039.99993858377,-206274.04666359583,297.9706471481382,147
43525000,87049.99993854943,-205606.49398060446,297.5517705406242,147
43530000,87059.99993851509,-206405.3427885283,301.1013751210908,147
43535000,87069.99993848075,-206383.3314784892,299.0900075665422,147
43540000,87079.9999384464,-207076.58094747982,304.81904323343065,147
43545000,87089.99993841206,-207204.3815076251,303.32214949490805,147
43550000,87099.99993837772,-206852.19932338363,298.4091596582089,147
43555000,87109.99993834338,-207435.25035631447,301.7776105768444,147
43560000,87119.99993830903,-206474.9922626596,301.2468976679661,147
43565000,87129.99993827469,-206400.32517344703,298.29223971308744,147
43570000,87139.99993824035,-205773.30650513957,304.4911132829442,147
43575000,87149.999938206,-206322.40397590282,298.06255329382316,147
43580000,87159.99993817166,-206972.6100353439,300.21140178009995,147
43585000,87169.99993813732,-206114.6454771133,301.6478211285299,147
43590000,87179.99993810298,-206277.2974417433,296.04782867308097,147
43595000,87189.99993806863,-206555.88407461066,303.4028191921712,147
43600000,87199.99993803429,-206450.4173232665,299.9839871917293,147
43605000,87209.99993799995,-206448.34450628015,299.66973183370396,147
43610000,87219.99993796561,-206464.92963404825,304.779219528473,147
43615000,87229.99993793126,-206614.8030745642,299.08132791377653,147
43620000,87239.99993789692,-206118.08156795707,299.4887051654081,147
43625000,87249.99993786258,-206349.4967792069,301.93986085775936,147
43630000,87259.99993782824,-205612.3265702076,299.68750919209225,147
43635000,87269.9999377939,-206493.42993981612,301.95917800094077,147
43640000,87279.99993775955,-206530.18128345232,300.6985216962028,147
43645000,87289.99993772521,-206267.39634523005,295.7328350119831,147
43650000,87299.99993769087,-206092.66823079984,299.0511511124082,147
43655000,87309.99993765652,-205941.8889828422,295.4959130402933,147
43660000,87319.99993762218,-207662.31656443048,300.1391819167644,147
43665000,87329.99993758784,-206287.23491500132,303.2656061533552,147
43670000,87339.9999375535,-206897.11583172972,299.60713996214594,147
43675000,87349.99993751915,-206024.16709887597,297.31673057018975,147
43680000,87359.99993748481,-206792.49486649805,297.07188949828077,147
43685000,87369.99993745047,-206571.353939506,296.78847446678583,147
43690000,87379.99993741613,-206740.94445722993,299.0507773913186,147
43695000,87389.99993738178,-206419.08900969685,299.1333486249898,147
43700000,87399.99993734744,-206665.9717722613,299.08787586743324,147
43705000,87409.9999373131,-206152.6969449711,300.0151349609246,147
43710000,87419.99993727876,-206605.2690517709,306.2065633385953,147
43715000,87429.99993724441,-206539.69341138774,296.4631022674405,147
43720000,87439.99993721007,-206115.06653080205,297.7380281055436,147
43725000,87449.99993717573,-206588.5582237026,302.0544307761729,147
43730000,87459.99993714139,-206776.48063010315,303.7372476408643,147
43735000,87469.99993710704,-205924.41347829683,300.70274118977915,147
43740000,87479.9999370727,-206781.18488096446,299.4112409651813,147
43745000,87489.99993703836,-206266.83283494762,300.0806909946258,147
43750000,87499.99993700402,-206991.32504947134,304.0573777495024,147
43755000,87509.99993696967,-205901.85570640676,294.82084082536335,147
43760000,87519.99993693533,-205890.667558525,301.48261427026284,147
43765000,87529.99993690099,-206306.15255498758,306.7155793139392,147
43770000,87539.99993686665,-206848.5046090911,299.6655763319692,147
43775000,87549.9999368323,-206719.82105119328,305.14336174253907,147
43780000,87559.99993679796,-206391.02141334326,303.8073807167738,147
43785000,87569.99993676362,-206418.35421530216,297.95897110120177,147
43790000,87579.99993672928,-206884.15310773533,295.4937432683756,147
43795000,87589.99993669493,-206763.3870108527,298.31079584006363,147
43800000,87599.99993666059,-206033.52700242598,300.0844608061888,147
43805000,87609.99993662625,-207449.64372777555,300.35167429241386,147
43810000,87619.9999365919,-206424.70604472805,300.20187519472614,147
43815000,87629.99993655756,-206013.53843796323,299.4570978732483,147
43820000,87639.99993652322,-206981.93675205053,300.96780205519144,147
43825000,87649.99993648888,-207171.6909987824,298.42411822824386,147
43830000,87659.99993645454,-206049.53692565346,298.33436399697416,147
43835000,87669.9999364202,-206494.90373380238,301.183183067599,147
43840000,87679.99993638585,-206640.5208262459,299.1680859189887,147
43845000,87689.99993635151,-205991.74275259138,301.41324084082044,147
43850000,87699.99993631717,-206666.68606151035,295.83744668242144,147
43855000,87709.99993628282,-206491.348325363,297.5387261834547,147
43860000,87719.99993624848,-206098.75655250263,302.09193231172736,147
43865000,87729.99993621414,-206602.5830112215,300.0836942938568,147
43870000,87739.9999361798,-206987.0897996563,300.9373175150375,147
43875000,87749.99993614545,-206680.17641922238,300.7378689971415,147
43880000,87759.99993611111,-206922.9668349832,301.46801150022134,147
43885000,87769.99993607677,-206158.75970007328,297.91476517572147,147
43890000,87779.99993604243,-205934.4839262626,301.8946154123503,147
43895000,87789.99993600808,-206114.96498195047,303.9458034675586,147
43900000,87799.99993597374,-206905.15313705476,302.9860913657144,147
43905000,87809.9999359394,-206210.12092905352,296.14332896169884,147
43910000,87819.99993590506,-206130.4853027421,302.53447306101725,147
43915000,87829.99993587071,-206934.76362118393,299.4321584947625,147
43920000,87839.99993583637,-207056.36389538716,300.3451627713436,147
43925000,87849.99993580203,-206967.4787143413,302.78632860549834,147
43930000,87859.99993576769,-206904.56974317855,295.6074480157424,147
43935000,87869.99993573334,-206862.11502090748,298.1393686686515,147
43940000,87879.999935699,-206659.689186236,302.8592902593854,147
43945000,87889.99993566466,-206605.04696087644,300.8159058891959,147
43950000,87899.99993563032,-206683.37062593107,299.2369192819335,147
43955000,87909.99993559597,-206451.73768088524,302.04898900348013,147
43960000,87919.99993556163,-206606.65226750623,301.11385006058094,147
43965000,87929.99993552729,-206440.868377925,301.36298396334763,147
43970000,87939.99993549295,-206546.4238451718,300.056672046905,147
43975000,87949.9999354586,-206904.8705135592,301.9666075840567,147
43980000,87959.99993542426,-207037.67356592452,299.22062487770995,147
43985000,87969.99993538992,-206101.31511377997,299.29520218957896,147
43990000,87979.99993535558,-206833.62207003054,300.24432983946167,147
43995000,87989.99993532123,-205560.57151384547,298.7179950701549,147
44000000,87999.99993528689,-206723.18646364438,302.9429820997583,147
44005000,88009.99993525255,-207734.61437884287,300.62577702830885,147
44010000,88019.9999352182,-206635.0389828527,301.0091704127175,147
44015000,88029.99993518386,-206485.2949554316,299.7487691422904,147
44020000,88039.99993514952,-205926.60294117453,300.30581002463657,147
44025000,88049.99993511518,-206041.32410853007,304.2230577719663,147
44030000,88059.99993508084,-206369.623823607,299.32420098813486,147
44035000,88069.9999350465,-206814.40198390756,302.5880161527237,147
44040000,88079.99993501215,-206293.46645482816,298.5507291251882,147
44045000,88089.99993497781,-206034.83633641654,299.67131188849083,147
44050000,88099.99993494347,-207058.38922433485,302.1875620674972,147
44055000,88109.99993490912,-206246.6764995826,299.2126099705862,147
44060000,88119.99993487478,-206449.54906009976,302.17903411142197,147
44065000,88129.99993484044,-206144.77987971413,299.60866157220266,147
44070000,88139.9999348061,-206585.38424148667,303.5617011521507,147
44075000,88149.99993477175,-207519.79290589807,297.23292652202457,147
44080000,88159.99993473741,-207800.23623453896,300.09956163079386,147
44085000,88169.99993470307,-207121.22384763625,301.5590751000252,147
44090000,88179.99993466873,-206201.44074531097,297.5061099377316,147
44095000,88189.99993463438,-206850.48868974426,302.1578666462956,147
44100000,88199.99993460004,-206527.66305770853,298.4821555028517,147
44105000,88209.9999345657,-206091.4350532866,297.9782667630377,147
44110000,88219.99993453136,-206444.25224491186,302.3951845405186,147
44115000,88229.99993449701,-205771.06393020623,299.1640200424658,147
44120000,88239.99993446267,-206987.82003070822,298.244995659704,147
44125000,88249.99993442833,-207324.14490678487,297.1511018408025,147
44130000,88259.99993439399,-206760.6521301705,297.5753087864903,147
44135000,88269.99993435964,-206539.03585045203,298.0569830182729,147
44140000,88279.9999343253,-206961.25992476626,297.43545198128885,147
44145000,88289.99993429096,-206892.610974269,298.9682540592134,147
44150000,88299.99993425662,-207090.36010908673,298.6249266158721,147
44155000,88309.99993422227,-207265.5158712935,302.3193280393196,147
44160000,88319.99993418793,-206293.66211999976,298.9199561295772,147
44165000,88329.99993415359,-206079.47695159737,299.62784729245544,147
44170000,88339.99993411925,-206324.53025957895,300.8937126916794,147
44175000,88349.9999340849,-205729.09384087136,299.9112283008262,147
44180000,88359.99993405056,-205564.95915789658,295.8752306882676,147
44185000,88369.99993401622,-205928.9428325002,302.57852630686955,147
44190000,88379.99993398188,-206890.26162604976,300.98432126948234,147
44195000,88389.99993394753,-206694.05105563928,297.4982756835676,147
44200000,88399.99993391319,-206085.55842866236,299.3016706924307,147
44205000,88409.99993387885,-206659.84620579984,299.20773640494997,147
44210000,88419.9999338445,-206399.02975873568,300.4468565232765,147
44215000,88429.99993381016,-206264.80015628843,296.6323952516555,147
44220000,88439.99993377582,-206022.27687753295,300.9040846875594,147
44225000,88449.99993374148,-205886.63403436053,297.8179689079367,147
44230000,88459.99993370713,-206632.76600277808,304.3079848088502,147
44235000,88469.99993367279,-206542.73294027115,299.9697856051405,147
44240000,88479.99993363845,-206898.15932011406,295.5451351226189,147
44245000,88489.99993360411,-206694.29538008175,296.92786746583624,147
44250000,88499.99993356976,-206671.14953263605,300.4195680589966,147
44255000,88509.99993353542,-206708.66700942314,301.3607407230305,147
44260000,88519.99993350108,-206519.98585667554,310.1245138120382,147
44265000,88529.99993346674,-206873.07814258814,296.4892868105843,147
44270000,88539.9999334324,-207164.85388797906,296.8198453859121,147
44275000,88549.99993339805,-206951.50365934917,298.10107829275825,147
44280000,88559.99993336371,-206347.4789716081,295.0663786061226,147
44285000,88569.99993332937,-206361.03763135802,302.04953054965796,147
44290000,88579.99993329502,-207052.4892373681,299.25103782524957,147
44295000,88589.99993326068,-206371.82953471423,304.83749868350463,147
44300000,88599.99993322634,-207319.33379514585,299.5052837829231,147
44305000,88609.999933192,-205290.35957842763,298.57911711416557,147
44310000,88619.99993315765,-206218.6455016879,295.3423630612972,147
44315000,88629.99993312331,-206677.391299819,300.2856822044895,147
44320000,88639.99993308897,-206281.45453151222,299.02875171798473,147
44325000,88649.99993305463,-207006.44478907343,303.46036495087014,147
44330000,88659.99993302028,-206831.0072107904,304.6454347168332,147
44335000,88669.99993298594,-207403.36428182502,297.45525380914563,147
44340000,88679.9999329516,-206678.8895458636,298.41799051438846,147
44345000,88689.99993291726,-206717.9648807248,298.74540974408853,147
44350000,88699.99993288291,-205948.6732313974,302.1391151899434,147
44355000,88709.99993284857,-206768.87433575164,296.9192956918584,147
44360000,88719.99993281423,-206418.90597508685,302.21844160204773,147
44365000,88729.99993277989,-206554.36421855877,301.23363548252405,147
44370000,88739.99993274554,-206394.4669759723,304.4127323417238,147
44375000,88749.9999327112,-206287.00845449907,300.90180468916543,147
44380000,88759.99993267686,-206391.34010956064,300.7209502519058,147
44385000,88769.99993264252,-206591.2100269486,297.1791783896755,147
44390000,88779.99993260817,-206816.80533480167,300.83355123150227,147
44395000,88789.99993257383,-206078.63222176814,300.4286121184075,147
44400000,88799.99993253949,-207303.23051979882,294.9976425352975,147
44405000,88809.99993250515,-206610.60784720688,304.86426817446676,147
44410000,88819.9999324708,-206044.8964545112,306.4620270662411,147
44415000,88829.99993243646,-206332.5724145387,303.23699486100594,147
44420000,88839.99993240212,-207214.55486698658,296.3434034314134,147
44425000,88849.99993236778,-206730.35973833106,299.8377406225161,147
44430000,88859.99993233343,-206415.50709987874,304.14616235425575,147
44435000,88869.99993229909,-206156.83770063275,295.9533072695387,147
44440000,88879.99993226475,-206497.51475559955,298.6542906321017,147
44445000,88889.9999322304,-205855.52499352803,298.68823341826834,147
44450000,88899.99993219606,-206898.2347965187,302.740788669983,147
44455000,88909.99993216172,-206350.56151210947,299.1097655936695,147
44460000,88919.99993212738,-206868.1495349243,299.892269075988,147
44465000,88929.99993209304,-206507.73908670142,302.0529945111783,147
44470000,88939.9999320587,-206266.4851618111,298.27035739506545,147
44475000,88949.99993202435,-207554.06950421294,297.1818177306275,147
44480000,88959.99993199001,-206846.53495551995,299.05841880901704,147
44485000,88969.99993195567,-206579.2079861872,295.170012016923,147
44490000,88979.99993192132,-206377.3749714404,301.12821445752246,147
44495000,88989.99993188698,-206928.0385679123,300.0299044103026,147
44500000,88999.99993185264,-205728.65527157136,298.1434495873613,147
44505000,89009.9999318183,-206295.0596984548,297.85323652563045,147
44510000,89019.99993178395,-205975.98390773195,305.61384162952896,147
44515000,89029.99993174961,-206776.6346810849,301.4420173514812,147
44520000,89039.99993171527,-206542.81439723144,302.05861179350376,147
44525000,89049.99993168093,-205987.51594413177,302.34932128632374,147
44530000,89059.99993164658,-206171.48651783308,297.9342597664751,147
44535000,89069.99993161224,-206135.0936008382,298.86603793095935,147
44540000,89079.9999315779,-206715.44371999777,300.45529190571085,147
44545000,89089.99993154356,-206201.2916699557,303.41085398468647,147
44550000,89099.99993150921,-206576.60339287762,303.1250740135848,147
44555000,89109.99993147487,-207046.76205145288,299.74595274495596,147
44560000,89119.99993144053,-206057.5928631376,297.94810032172506,147
44565000,89129.99993140619,-206684.95643862826,301.01417976996163,147
44570000,89139.99993137184,-206457.93574519793,294.1694187522362,147
44575000,89149.9999313375,-207112.7720721165,301.9185035005261,147
44580000,89159.99993130316,-205866.08050305943,299.49401836911164,147
44585000,89169.99993126882,-206395.09577363438,304.68136234062536,147
44590000,89179.99993123447,-206841.07517874392,296.35473439536577,147
44595000,89189.99993120013,-206843.6286615834,302.08877011823563,147
44600000,89199.99993116579,-207082.408733445,297.06797226230225,147
44605000,89209.99993113145,-206544.44150033745,301.24941879943106,147
44610000,89219.9999310971,-207151.10033506982,299.7669415601907,147
44615000,89229.99993106276,-206651.6237516296,297.71309219147906,147
44620000,89239.99993102842,-205958.6932190546,300.79993846317507,147
44625000,89249.99993099408,-206658.880548022,298.8068818819661,147
44630000,89259.99993095973,-206178.77809375257,295.72325484978796,147
44635000,89269.99993092539,-206707.86818613834,301.3785825366724,147
44640000,89279.99993089105,-206416.0226521279,301.7749826640224,147
44645000,89289.9999308567,-205533.77259344398,300.8898676952485,147
44650000,89299.99993082236,-206274.7633465348,299.7233254482894,147
44655000,89309.99993078802,-206247.944004243,301.3304460625107,147
44660000,89319.99993075368,-207148.65594460326,297.6663182058869,147
44665000,89329.99993071934,-206987.62805599568,306.2717136715489,147
44670000,89339.999930685,-206903.8859596902,297.82391953663256,147
44675000,89349.99993065065,-206502.797230897,298.95118246766896,147
44680000,89359.99993061631,-206477.15992266545,292.7469731592709,147
44685000,89369.99993058197,-206226.6517971818,304.15922885113037,147
44690000,89379.99993054762,-206512.0703299063,296.4559932564342,147
44695000,89389.99993051328,-206418.18541899347,299.1138873826106,147
44700000,89399.99993047894,-206476.75358827377,307.5417395167988,147
44705000,89409.9999304446,-206817.7901497736,299.4862740232096,147
44710000,89419.99993041025,-206364.96874362463,298.17633170945555,147
44715000,89429.99993037591,-206288.1261820033,301.7941948380528,147
44720000,89439.99993034157,-206671.62178235105,300.5658008877827,147
44725000,89449.99993030723,-206598.48847693508,301.71744967027433,147
44730000,89459.99993027288,-206460.72144505184,304.65108816304695,147
44735000,89469.99993023854,-206639.67319033772,299.87425637638927,147
44740000,89479.9999302042,-206904.30493806337,301.1507183423212,147
44745000,89489.99993016986,-205901.42695590516,304.42441224430644,147
44750000,89499.99993013551,-206888.39783892967,304.5066667386845,147
44755000,89509.99993010117,-206776.31738558074,299.83556496065347,147
44760000,89519.99993006683,-206631.62346120342,300.15335744270874,147
44765000,89529.99993003249,-206415.5582962979,298.9906446322596,147
44770000,89539.99992999814,-206183.8462086653,296.1665598580706,147
44775000,89549.9999299638,-206030.71269246493,301.81741668437303,147
44780000,89559.99992992946,-206777.30631246814,304.16157699357865,147
44785000,89569.99992989512,-206603.1465874326,299.49474271506926,147
44790000,89579.99992986077,-206813.46195155033,291.4176983460344,147
44795000,89589.99992982643,-206668.19896185712,295.60913700113935,147
44800000,89599.99992979209,-206840.6005534638,300.513998753287,147
44805000,89609.99992975775,-207024.98713649542,302.20396825956425,147
44810000,89619.9999297234,-205999.16294921597,298.1361060974123,147
44815000,89629.99992968906,-206380.1025074895,294.484949665585,147
44820000,89639.99992965472,-206051.26346317993,300.69588233677655,147
44825000,89649.99992962038,-206385.34620424767,300.704353328137,147
44830000,89659.99992958603,-206848.58342122054,297.32938353660944,147
44835000,89669.99992955169,-206994.4733548204,296.9820448244118,147
44840000,89679.99992951735,-206256.53263990267,299.17449848394847,147
44845000,89689.999929483,-205478.66276059556,303.23040117135594,147
44850000,89699.99992944866,-206842.6914907205,298.3977778647068,147
44855000,89709.99992941432,-206309.35858874267,296.87416017001914,147
44860000,89719.99992937998,-206281.27644458914,295.6532311119773,147
44865000,89729.99992934563,-206931.0660317943,301.4149752416396,147
44870000,89739.99992931129,-207239.58329566324,298.4429004444947,147
44875000,89749.99992927695,-206306.59922996874,302.29543820389796,147
44880000,89759.99992924261,-206806.2151453098,294.6334644451214,147
44885000,89769.99992920826,-206263.62658168573,301.7742227331764,147
44890000,89779.99992917392,-206002.8962524829,298.1024193401414,147
44895000,89789.99992913958,-206263.3028229822,299.63628902001267,147
44900000,89799.99992910524,-206326.5034666193,299.49560753145255,147
44905000,89809.9999290709,-207128.8169121868,307.29220381035464,147
44910000,89819.99992903655,-207141.154213203,301.4106492870576,147
44915000,89829.99992900221,-206796.1754672667,298.2960705955314,147
44920000,89839.99992896787,-207016.70376576856,302.09416309500057,147
44925000,89849.99992893352,-206544.7837285311,303.93150462591495,147
44930000,89859.99992889918,-206791.75520647177,302.034586078913,147
44935000,89869.99992886484,-206789.15186801413,299.0648231167558,147
44940000,89879.9999288305,-207216.33386646362,301.94995327940336,147
44945000,89889.99992879615,-206703.00226512656,300.583637604562,147
44950000,89899.99992876181,-206550.23205178778,298.38520031323804,147
44955000,89909.99992872747,-206282.45812632248,295.87369988547573,147
44960000,89919.99992869313,-206194.9172262837,298.94614081794214,147
44965000,89929.99992865878,-206111.47948442004,297.7143653661566,147
44970000,89939.99992862444,-207291.81881458056,302.4034966833611,147
44975000,89949.9999285901,-205937.43461371202,297.608043930295,147
44980000,89959.99992855576,-207242.53466920543,301.63871701270523,147
44985000,89969.99992852141,-206839.8288404371,297.49873603782913,147
44990000,89979.99992848707,-206063.60245841357,299.27305098033304,147
44995000,89989.99992845273,-206738.85199541703,299.2990453130642,147
45000000,89999.99992841839,-206807.96628439508,301.549750706715,147
45005000,90009.99992838404,-207183.47577357665,299.1417038578857,147
45010000,90019.9999283497,-206734.0825654443,295.0591181150149,147
45015000,90029.99992831536,-206144.66192427522,307.28782244959046,147
45020000,90039.99992828102,-206414.66334802262,307.1237992937353,147
45025000,90049.99992824667,-207113.76376840204,293.05115200767324,147
45030000,90059.99992821233,-207189.00402443553,300.63646498558194,147
45035000,90069.99992817799,-205912.25566371495,300.82080158818496,147
45040000,90079.99992814365,-206195.32660549076,299.80427137436357,147
45045000,90089.9999281093,-206737.89193016244,300.16200685818086,147
45050000,90099.99992807496,-205681.90589250356,297.62143185997684,147
45055000,90109.99992804062,-207126.74740689248,301.7837152645877,147
45060000,90119.99992800628,-206256.32911469694,302.0062586432348,147
45065000,90129.99992797193,-206383.53839430714,300.9438225644287,147
45070000,90139.99992793759,-206454.23527072533,300.73644887842795,147
45075000,90149.99992790325,-206539.3630572243,298.14406064292905,147
45080000,90159.9999278689,-206028.23049165553,301.02464389895164,147
45085000,90169.99992783456,-206756.66036547138,295.6034575449249,147
45090000,90179.99992780022,-206474.52074723865,300.28494921048224,147
45095000,90189.99992776588,-206022.4923232859,297.4920731470937,147
45100000,90199.99992773154,-206428.24889407854,294.9113635465718,147
45105000,90209.9999276972,-206691.5325359247,299.16921140374495,147
45110000,90219.99992766285,-206453.76552774548,303.424044938892,147
45115000,90229.99992762851,-206580.71713945107,307.63441011504744,147
45120000,90239.99992759417,-206637.0810143794,299.67618677799345,147
45125000,90249.99992755982,-206650.4936895232,294.3604308229909,147
45130000,90259.99992752548,-206138.95088897203,299.5586016220207,147
45135000,90269.99992749114,-206483.7545036443,300.0395649748919,147
45140000,90279.9999274568,-206348.35405843076,302.67527225931826,147
45145000,90289.99992742245,-206227.00206058053,298.49918389733443,147
45150000,90299.99992738811,-206874.79054779105,298.6016213141322,147
45155000,90309.99992735377,-206702.16333878587,299.08250981167214,147
45160000,90319.99992731943,-206211.49331137422,305.1036310910487,147
45165000,90329.99992728508,-205973.30348373053,303.7604714261074,147
45170000,90339.99992725074,-206367.41741341946,300.1855726408679,147
45175000,90349.9999272164,-206615.60694371234,298.66095625413374,147
45180000,90359.99992718206,-205824.287783299,301.53389845376546,147
45185000,90369.99992714771,-206473.59094293427,300.7976722626099,147
45190000,90379.99992711337,-206314.5471370134,298.34486568026375,147
45195000,90389.99992707903,-206671.25776508963,303.49081615791687,147
45200000,90399.99992704469,-206767.6196815262,297.89500554248565,147
45205000,90409.99992701034,-206107.71648712072,297.9481338079565,147
45210000,90419.999926976,-206838.58284757333,299.46215371674714,147
45215000,90429.99992694166,-206454.15811255353,302.1675914436835,147
45220000,90439.99992690732,-206925.5110561495,299.47010600281715,147
45225000,90449.99992687297,-206117.57384220627,299.68280735221674,147
45230000,90459.99992683863,-206887.84543703066,298.7905394017711,147
45235000,90469.99992680429,-205718.73509769724,300.0586456244854,147
45240000,90479.99992676995,-206422.07855396508,303.31641865361894,147
45245000,90489.9999267356,-206481.3147115343,297.51740899273534,147
45250000,90499.99992670126,-206935.70460210647,300.8044851787585,147
45255000,90509.99992666692,-206658.0925011941,300.2570109546906,147
45260000,90519.99992663258,-206632.65989123727,297.79038661646206,147
45265000,90529.99992659823,-207095.4524346448,301.9981787848154,147
45270000,90539.99992656389,-206211.15567849134,299.0457330122242,147
45275000,90549.99992652955,-206901.12064710073,298.5048294727508,147
45280000,90559.9999264952,-206235.62319660978,303.34110572403563,147
45285000,90569.99992646086,-206010.45757492224,293.7585604549657,147
45290000,90579.99992642652,-206887.24514909892,304.94230967349637,147
45295000,90589.99992639218,-206775.29329556494,300.92400236899425,147
45300000,90599.99992635784,-207145.2302467419,295.9047651842532,147
45305000,90609.9999263235,-205957.6627404763,301.1222295906159,147
45310000,90619.99992628915,-206843.7937305792,294.96665899743186,147
45315000,90629.99992625481,-206608.4638567617,297.12515938514974,147
45320000,90639.99992622047,-206793.16977078805,299.1936322331185,147
45325000,90649.99992618612,-207025.7457834317,302.7432342233033,147
45330000,90659.99992615178,-206795.35792056553,300.9523263072982,147
45335000,90669.99992611744,-206996.56708772643,302.7465151372877,147
45340000,90679.9999260831,-206580.71442695672,302.17813544805864,147
45345000,90689.99992604875,-205817.67510189756,302.49653240813893,147
45350000,90699.99992601441,-206669.56888270704,302.15379305764105,147
45355000,90709.99992598007,-207031.7725266649,305.4651115974418,147
45360000,90719.99992594573,-206931.14675671177,303.0738963441584,147
45365000,90729.99992591138,-206876.08251215005,298.67661282617416,147
45370000,90739.99992587704,-206053.74692935147,300.8880481774335,147
45375000,90749.9999258427,-206274.92069598706,306.544597091945,147
45380000,90759.99992580836,-205728.23158994038,299.60424261388545,147
45385000,90769.99992577401,-206596.986452961,303.64969343963133,147
45390000,90779.99992573967,-206917.45042352693,295.05121035528754,147
45395000,90789.99992570533,-206889.65189583926,301.1703051963537,147
45400000,90799.99992567099,-207137.3551866999,301.6897717740501,147
45405000,90809.99992563664,-206397.37642785057,297.1067739618725,147
45410000,90819.9999256023,-206082.92791621923,302.0674768163664,147
45415000,90829.99992556796,-206561.60666457866,300.7647277973979,147
45420000,90839.99992553362,-207120.86890719854,298.10873899796,147
45425000,90849.99992549927,-206984.37974849332,297.52158776509265,147
45430000,90859.99992546493,-206469.45683469297,299.7116553787824,147
45435000,90869.99992543059,-206396.14540870872,294.3986073592679,147
45440000,90879.99992539625,-206350.70882924926,298.27242105584486,147
45445000,90889.9999253619,-207124.72502535686,299.4821392863441,147
45450000,90899.99992532756,-207411.37780104473,298.2373687995834,147
45455000,90909.99992529322,-206737.09425971122,302.4282045072859,147
45460000,90919.99992525888,-206918.3577030003,300.0968129876741,147
45465000,90929.99992522453,-206584.62615983374,306.18817147196734,147
45470000,90939.99992519019,-205939.53139665618,298.74764267019316,147
45475000,90949.99992515585,-205882.2773356688,297.74412450465616,147
45480000,90959.9999251215,-206135.86533868755,299.5182275466668,147
45485000,90969.99992508716,-206437.31597464776,301.55482967240346,147
45490000,90979.99992505282,-206347.90010836278,304.91567005200744,147
45495000,90989.99992501848,-206494.8791203947,302.2592673241268,147
45500000,90999.99992498413,-206017.79203644278,304.118352588703,147
45505000,91009.99992494979,-206453.75595116417,300.0637932106451,147
45510000,91019.99992491545,-206417.72963360674,299.98039841437213,147
45515000,91029.99992488111,-206695.2491873703,295.821227432389,147
45520000,91039.99992484676,-206786.93537855195,300.8552276538157,147
45525000,91049.99992481242,-205748.5268319646,302.7740130117045,147
45530000,91059.99992477808,-206749.445373312,299.99358726619266,147
45535000,91069.99992474374,-206411.63661614584,304.34388033093404,147
45540000,91079.9999247094,-206972.6950173711,300.9241956680103,147
45545000,91089.99992467505,-205699.52367483184,299.1692260550532,147
45550000,91099.99992464071,-206053.8382000674,298.79702889575157,147
45555000,91109.99992460637,-206646.1394774312,303.85147105911415,147
45560000,91119.99992457202,-206227.38569347817,301.0304444983593,147
45565000,91129.99992453768,-207279.66000693094,307.74992773338795,147
45570000,91139.99992450334,-206271.70804161613,300.8710957922292,147
45575000,91149.999924469,-206260.232305079,298.06809570604355,147
45580000,91159.99992443465,-207691.68341190112,298.8900711964114,147
45585000,91169.99992440031,-206134.5624021357,301.97409922939687,147
45590000,91179.99992436597,-207364.52423143073,296.37410145915493,147
45595000,91189.99992433163,-207182.06730327394,302.1563785870169,147
45600000,91199.99992429728,-206320.50073416787,300.34199814370317,147
45605000,91209.99992426294,-205812.0742335308,300.3516199407278,147
45610000,91219.9999242286,-205681.52947584924,301.55830281373625,147
45615000,91229.99992419426,-206524.1235559045,302.4603449114835,147
45620000,91239.99992415991,-205997.82310477737,302.1994343294896,147
45625000,91249.99992412557,-207373.52015112923,302.8487613278345,147
45630000,91259.99992409123,-205790.20629414753,295.5494710065241,147
45635000,91269.99992405689,-207039.80443127523,302.3394877471299,147
45640000,91279.99992402254,-207322.84228478943,304.4728758262166,147
45645000,91289.9999239882,-206339.33828063903,300.36686434086823,147
45650000,91299.99992395386,-206069.95574223401,300.34669738961094,147
45655000,91309.99992391952,-206318.28946426243,303.06501437569136,147
45660000,91319.99992388517,-206439.6102374401,303.2177586136335,147
45665000,91329.99992385083,-206052.75340341625,296.0042359500906,147
45670000,91339.99992381649,-206141.6244866451,299.38243823157444,147
45675000,91349.99992378215,-206408.70856069948,294.5907095903201,147
45680000,91359.9999237478,-206137.5813335455,299.8745322204832,147
45685000,91369.99992371346,-206212.45529540908,303.90523042728654,147
45690000,91379.99992367912,-207507.30458162643,298.01292648399436,147
45695000,91389.99992364478,-206555.50268426863,303.78505431712216,147
45700000,91399.99992361043,-206895.48594797915,298.36728069491494,147
45705000,91409.99992357609,-206667.86456879904,297.36105835265533,147
45710000,91419.99992354175,-206707.35307840968,302.51046481689133,147
45715000,91429.9999235074,-206649.25679971615,307.14338593749255,147
45720000,91439.99992347306,-205837.5578007414,298.4743372234936,147
45725000,91449.99992343872,-206631.56674268562,301.86394584249905,147
45730000,91459.99992340438,-206727.9934322295,297.02965148023515,147
45735000,91469.99992337004,-205583.28050222783,297.8049255839708,147
45740000,91479.9999233357,-205998.01106998418,299.8949272791812,147
45745000,91489.99992330135,-206657.10108914878,299.8870775906269,147
45750000,91499.99992326701,-206043.1583904745,302.2641401086486,147
45755000,91509.99992323267,-206264.6614543459,293.45325500121487,147
45760000,91519.99992319832,-206355.26711781998,298.368719160038,147
45765000,91529.99992316398,-206379.52366116247,299.72095812020854,147
45770000,91539.99992312964,-206127.64894460747,305.07812178694275,147
45775000,91549.9999230953,-206441.49470265617,301.33523302764524,147
45780000,91559.99992306095,-207086.96812538372,298.4818423309905,147
45785000,91569.99992302661,-206771.32940528134,299.4262486273687,147
45790000,91579.99992299227,-206639.76761527115,301.9408645540306,147
45795000,91589.99992295793,-206240.32479893777,297.75846526012555,147
45800000,91599.99992292358,-206050.56363847817,301.71626009540665,147
45805000,91609.99992288924,-206094.1074661523,305.5199038264596,147
45810000,91619.9999228549,-207069.48876287672,300.2306771282299,147
45815000,91629.99992282056,-206882.6620916673,304.7165573187658,147
45820000,91639.99992278621,-206212.28872830956,302.6976735198666,147
45825000,91649.99992275187,-207494.81542208686,296.18689552146014,147
45830000,91659.99992271753,-206250.62216209027,299.9511181493283,147
45835000,91669.99992268319,-206241.36722474906,299.25664705006477,147
45840000,91679.99992264884,-206392.21699908248,301.00785070677904,147
45845000,91689.9999226145,-207254.8977501149,306.91171025967105,147
45850000,91699.99992258016,-206208.24014881067,299.9941189036838,147
45855000,91709.99992254582,-206114.0266414415,299.0353679714978,147
45860000,91719.99992251147,-206056.16187858942,300.3152377199147,147
45865000,91729.99992247713,-206560.4316868399,299.371858956203,147
45870000,91739.99992244279,-206399.54676778242,303.20603940857893,147
45875000,91749.99992240845,-206892.31607170566,301.1013264823057,147
45880000,91759.9999223741,-206498.5240199644,298.80444004350124,147
45885000,91769.99992233976,-207090.27482246282,294.6880250158313,147
45890000,91779.99992230542,-206054.76114669465,301.43037425777237,147
45895000,91789.99992227108,-205704.81278141774,305.08778149602375,147
45900000,91799.99992223673,-206856.40976401465,300.1080802642686,147
45905000,91809.99992220239,-206301.01497646666,298.3354443247338,147
45910000,91819.99992216805,-205731.49713562755,300.88272860117763,147
45915000,91829.9999221337,-206459.4757553375,301.62316551900267,147
45920000,91839.99992209936,-205928.20041354594,300.0451515676273,147
45925000,91849.99992206502,-206641.0851165466,300.1224583268596,147
45930000,91859.99992203068,-206224.711838576,304.72510179250406,147
45935000,91869.99992199634,-206577.64856110746,304.497689239648,147
45940000,91879.999921962,-206851.79181184538,299.82650001892307,147
45945000,91889.99992192765,-206547.97497097566,302.54848842532044,147
45950000,91899.99992189331,-206567.94192099408,297.64447555450965,147
45955000,91909.99992185897,-207037.13847972616,293.0917677722796,147
45960000,91919.99992182462,-206913.71708014258,302.2094210255989,147
45965000,91929.99992179028,-205764.16322025075,297.0452754843109,147
45970000,91939.99992175594,-206617.6992406071,298.14434641881064,147
45975000,91949.9999217216,-206464.56043850922,300.4172232384053,147
45980000,91959.99992168725,-206653.3410682081,301.96324416194136,147
45985000,91969.99992165291,-207200.5413613778,299.3845578267669,147
45990000,91979.99992161857,-206179.84671733645,298.6620828658161,147
45995000,91989.99992158423,-206425.92539992207,298.2428388596666,147
46000000,91999.99992154988,-206641.6318642618,300.9237970217031,147
46005000,92009.99992151554,-206323.58121033467,298.9348647708219,147
46010000,92019.9999214812,-206654.80932398327,297.33752605868807,147
46015000,92029.99992144686,-206934.70839040866,295.7529137591229,147
46020000,92039.99992141251,-207244.94319812104,299.743493474821,147
46025000,92049.99992137817,-206150.09766599804,298.8027518066426,147
46030000,92059.99992134383,-207042.4337084106,302.0606311915041,147
46035000,92069.99992130949,-206023.72586485895,303.228756803666,147
46040000,92079.99992127514,-206552.56598543643,303.38789091904925,147
46045000,92089.9999212408,-206260.0019070271,298.9781257465108,147
46050000,92099.99992120646,-205867.34548031678,295.89271235727057,147
46055000,92109.99992117212,-206381.89577116456,301.72628253551574,147
46060000,92119.99992113777,-207170.5169302565,299.26071930639597,147
46065000,92129.99992110343,-205892.52020149608,298.16796034008223,147
46070000,92139.99992106909,-206417.07425891503,297.6229922839998,147
46075000,92149.99992103475,-205907.3928321855,300.06459487283485,147
46080000,92159.9999210004,-206778.95399016025,292.38971907856467,147
46085000,92169.99992096606,-206250.4622317612,295.0540887502139,147
46090000,92179.99992093172,-206087.7483796454,299.4111026131501,147
46095000,92189.99992089737,-206241.256528546,299.68715762287684,147
46100000,92199.99992086303,-206767.75937037286,300.2812468758299,147
46105000,92209.99992082869,-206654.94704892265,299.44015860285515,147
46110000,92219.99992079435,-206517.4914320152,295.9382316671499,147
46115000,92229.99992076,-206448.57376689243,301.5548409956379,147
46120000,92239.99992072566,-206929.7701319654,305.12081171293914,147
46125000,92249.99992069132,-205792.09989614005,300.27096144319023,147
46130000,92259.99992065698,-206092.16415306146,298.4349157172478,147
46135000,92269.99992062263,-206710.50953225698,300.0867278874557,147
46140000,92279.99992058829,-206869.51865588676,301.11447688792913,147
46145000,92289.99992055395,-206627.11601246486,300.29809232841086,147
46150000,92299.9999205196,-206146.0065402916,299.3048863349406,147
46155000,92309.99992048526,-206731.50628512294,300.4135467234119,147
46160000,92319.99992045092,-206083.62031962816,303.0477867607252,147
46165000,92329.99992041658,-207049.05311606766,301.6681990978499,147
46170000,92339.99992038224,-206667.80358330393,303.16615889398275,147
46175000,92349.9999203479,-206339.1451325101,297.68244388487733,147
46180000,92359.99992031355,-206810.9487426373,299.32210786696703,147
46185000,92369.99992027921,-207612.29306646762,296.0203256212631,147
46190000,92379.99992024487,-206962.52803247282,299.49682264398774,147
46195000,92389.99992021052,-206925.2020801287,300.57326535011185,147
46200000,92399.99992017618,-206256.1217567596,298.6129638352047,147
46205000,92409.99992014184,-207286.7670839826,300.8196286540778,147
46210000,92419.9999201075,-206167.70648651768,298.21654450725885,147
46215000,92429.99992007315,-206977.12425692973,301.78125185945,147
46220000,92439.99992003881,-206490.83023806615,304.92161254352493,147
46225000,92449.99992000447,-207526.03186979215,302.41142946330444,147
46230000,92459.99991997013,-206141.59787194256,300.15420255279315,147
46235000,92469.99991993578,-206296.892668089,298.51310252476026,147
46240000,92479.99991990144,-206240.88345441152,299.2667877457529,147
46245000,92489.9999198671,-205566.59456136916,301.66920631195075,147
46250000,92499.99991983276,-207219.4709303251,296.60660904772374,147
46255000,92509.99991979841,-206479.5949558881,304.03053987142,147
46260000,92519.99991976407,-205713.3228279635,300.35488459852684,147
46265000,92529.99991972973,-206105.9760707178,302.21525459352546,147
46270000,92539.99991969539,-205652.50449540187,299.86633468894064,147
46275000,92549.99991966104,-205942.9901348052,304.26300837628713,147
46280000,92559.9999196267,-207165.51379387232,302.9879390336209,147
46285000,92569.99991959236,-205819.95434117294,302.898604056112,147
46290000,92579.99991955802,-206034.63028595713,303.3677721623356,147
46295000,92589.99991952367,-206982.74699743907,297.89025150404206,147
46300000,92599.99991948933,-206769.41764226602,299.32610729667476,147
46305000,92609.99991945499,-206588.24537593685,300.25842846694474,147
46310000,92619.99991942065,-206764.8893680981,301.28411086355794,147
46315000,92629.9999193863,-206182.59369172784,297.6246288678572,147
46320000,92639.99991935196,-205933.6138444657,295.7509232922404,147
46325000,92649.99991931762,-206477.74209899537,301.1706148044183,147
46330000,92659.99991928328,-207211.7133319727,299.24790082701134,147
46335000,92669.99991924893,-207428.43062057998,297.85874956484525,147
46340000,92679.99991921459,-205706.1397362185,304.0861351467136,147
46345000,92689.99991918025,-206746.4336228742,300.5571323274395,147
46350000,92699.9999191459,-206083.0443813845,305.8502071370188,147
46355000,92709.99991911156,-207641.27342004527,302.2702400410467,147
46360000,92719.99991907722,-206476.3065903813,302.5837669229029,147
46365000,92729.99991904288,-207029.474982467,302.248133812828,147
46370000,92739.99991900854,-206838.28069787566,299.4865736410945,147
46375000,92749.9999189742,-206302.23952151998,300.81393737122215,147
46380000,92759.99991893985,-207917.505548322,301.3984652677716,147
46385000,92769.99991890551,-206928.8190219471,302.25455791026053,147
46390000,92779.99991887117,-206437.3710277425,299.1534606096605,147
46395000,92789.99991883682,-206490.32085594046,303.2722999812856,147
46400000,92799.99991880248,-206317.9068055855,297.83599000415137,147
46405000,92809.99991876814,-205354.92908847088,302.66544994137,147
46410000,92819.9999187338,-205461.76846334757,304.33958436988587,147
46415000,92829.99991869945,-205111.85291816422,297.11157073318714,147
46420000,92839.99991866511,-206667.72602468927,298.2441216126694,147
46425000,92849.99991863077,-205956.69629215566,304.3884138993639,147
46430000,92859.99991859643,-206390.00481913378,305.5578571883448,147
46435000,92869.99991856208,-206812.34893530386,302.1975239847964,147
46440000,92879.99991852774,-205552.63286143786,301.8403313176557,147
46445000,92889.9999184934,-206476.76392752246,300.98484508484006,147
46450000,92899.99991845906,-206686.51876950322,301.85535365015517,147
46455000,92909.99991842471,-206086.86652236595,300.6253097511564,147
46460000,92919.99991839037,-206274.08666868566,295.78507489949607,147
46465000,92929.99991835603,-206596.61819421255,303.34492790046806,147
46470000,92939.99991832169,-206482.6451744591,304.95446043998913,147
46475000,92949.99991828734,-205957.13882151456,305.33535026156136,147
46480000,92959.999918253,-205813.5044564606,298.97630853390535,147
46485000,92969.99991821866,-206855.4631110042,301.4154415398657,147
46490000,92979.99991818432,-206271.72423014953,301.8035275748317,147
46495000,92989.99991814997,-206047.58010096545,301.8460468131297,147
46500000,92999.99991811563,-205786.8767871433,299.88301853181736,147
46505000,93009.99991808129,-206119.6021803749,300.10622906583257,147
46510000,93019.99991804695,-206457.5699548265,299.82359339565255,147
46515000,93029.9999180126,-207714.3726570733,301.0066671036977,147
46520000,93039.99991797826,-206641.23926271556,304.303216792371,147
46525000,93049.99991794392,-206960.12428348267,301.86788539748795,147
46530000,93059.99991790958,-206011.48857757077,301.5177371759569,147
46535000,93069.99991787523,-206173.6900649045,302.5163050676945,147
46540000,93079.99991784089,-206761.32502770238,299.2718547996918,147
46545000,93089.99991780655,-207189.0347953518,300.53584104521167,147
46550000,93099.9999177722,-206734.18839350808,301.91611816360955,147
46555000,93109.99991773786,-205880.19833585678,306.79153271487536,147
46560000,93119.99991770352,-206394.81737359636,303.0608081705319,147
46565000,93129.99991766918,-206158.797250679,298.8856183093291,147
46570000,93139.99991763484,-206915.04936302488,301.58140151240104,147
46575000,93149.9999176005,-206621.77664048458,296.6368458502447,147
46580000,93159.99991756615,-206534.875034541,302.0806817327768,147
46585000,93169.99991753181,-207280.50578782998,298.2581860728598,147
46590000,93179.99991749747,-206622.60764961294,299.01970308033424,147
46595000,93189.99991746312,-206418.4588564383,303.3846178837556,147
46600000,93199.99991742878,-205935.9302163535,297.4023400979047,147
46605000,93209.99991739444,-206075.65550288104,301.82221563281996,147
46610000,93219.9999173601,-206820.0315534235,301.3307000468407,147
46615000,93229.99991732575,-206149.4591150817,298.24088689944966,147
46620000,93239.99991729141,-205956.69680242857,306.2254150531335,147
46625000,93249.99991725707,-206402.8501896432,293.7140377309619,147
46630000,93259.99991722273,-206722.75779817533,297.2164667511526,147
46635000,93269.99991718838,-206360.30654321972,300.7228437031932,147
46640000,93279.99991715404,-206936.095882996,299.04438987346333,147
46645000,93289.9999171197,-206047.20041979314,297.02601645541137,147
46650000,93299.99991708536,-206832.04911505815,298.84755437042196,147
46655000,93309.99991705101,-206813.41706164042,296.11633086258246,147
46660000,93319.99991701667,-206771.23372977774,301.73021303539514,147
46665000,93329.99991698233,-206992.981029758,296.8795062071957,147
46670000,93339.99991694799,-206847.9478181803,303.1731451341726,147
46675000,93349.99991691364,-206008.5506920952,298.13470252551576,147
46680000,93359.9999168793,-206094.0470876149,296.96298329948905,147
46685000,93369.99991684496,-206512.2128303498,301.85237533324596,147
46690000,93379.99991681062,-206556.78174688108,298.9670656450116,147
46695000,93389.99991677627,-206334.4742095461,304.6557051917519,147
46700000,93399.99991674193,-206798.12379820866,301.7560303222921,147
46705000,93409.99991670759,-206548.57456935616,298.5212637167004,147
46710000,93419.99991667325,-205989.06307420484,293.11167908273296,147
46715000,93429.9999166389,-207014.64122546732,297.4923012485255,147
46720000,93439.99991660456,-206963.17550727073,303.1568737261609,147
46725000,93449.99991657022,-207257.67570674373,299.8972919460722,147
46730000,93459.99991653587,-206595.4658978954,299.82378547068475,147
46735000,93469.99991650153,-206072.91839396954,297.7543170202225,147
46740000,93479.99991646719,-206725.67574491876,301.1359990371809,147
46745000,93489.99991643285,-206656.59602312185,303.384536856654,147
46750000,93499.9999163985,-206589.7205203782,301.2691412692056,147
46755000,93509.99991636416,-206606.3551947067,300.9423992234702,147
46760000,93519.99991632982,-206893.0129295243,300.6145826041784,147
46765000,93529.99991629548,-207055.9427826096,302.55095961127427,147
46770000,93539.99991626113,-206087.55443478492,298.2543176912578,147
46775000,93549.99991622679,-206231.6049842348,304.72277598806306,147
46780000,93559.99991619245,-205361.70845920953,291.77748698941355,147
46785000,93569.9999161581,-206537.57721551193,303.02759600869337,147
46790000,93579.99991612376,-206502.3140011771,303.58445963853745,147
46795000,93589.99991608942,-206996.0503744271,300.78082873303117,147
46800000,93599.99991605508,-206329.79656907357,296.20472829838695,147
46805000,93609.99991602074,-206480.2218572332,295.1327794092078,147
46810000,93619.9999159864,-206710.13853129302,299.38826644698815,147
46815000,93629.99991595205,-206271.1253079694,299.2767699230428,147
46820000,93639.99991591771,-206815.95282310224,306.75782179797005,147
46825000,93649.99991588337,-207293.39556704892,298.56306772043536,147
46830000,93659.99991584902,-207301.31089855288,301.3545439625552,147
46835000,93669.99991581468,-206124.74466824357,296.114467419346,147
46840000,93679.99991578034,-206506.96679751202,304.2585886976293,147
46845000,93689.999915746,-206554.6039580959,299.07709647539747,147
46850000,93699.99991571165,-206398.41046139935,300.882688323889,147
46855000,93709.99991567731,-205908.78602275008,305.4190927229313,147
46860000,93719.99991564297,-206268.62078839203,294.24536747870286,147
46865000,93729.99991560863,-206700.02823568392,302.1628578869335,147
46870000,93739.99991557428,-206768.75429535576,300.45125081998447,147
46875000,93749.99991553994,-206286.92260889523,302.078448430361,147
46880000,93759.9999155056,-206333.58539545175,303.6239794624558,147
46885000,93769.99991547126,-206441.38948963908,300.3650820291342,147
46890000,93779.99991543691,-206281.82458160876,305.1446600744138,147
46895000,93789.99991540257,-206389.66210929793,300.41718673432825,147
46900000,93799.99991536823,-206539.94052139402,305.34819699579447,147
46905000,93809.99991533389,-205783.94765087648,302.03278895522334,147
46910000,93819.99991529954,-206186.86766702868,302.693667441275,147
46915000,93829.9999152652,-207052.56396349042,304.1102291977151,147
46920000,93839.99991523086,-206390.6486396779,299.8202287863695,147
46925000,93849.99991519652,-207085.92868428084,301.79348929115497,147
46930000,93859.99991516217,-206113.90137005027,299.8242899721809,147
46935000,93869.99991512783,-206109.95949218888,301.4956262089234,147
46940000,93879.99991509349,-207639.6714651155,300.5974031338688,147
46945000,93889.99991505915,-206625.42787946155,296.55288934757084,147
46950000,93899.9999150248,-206762.16983603523,298.7146304616175,147
46955000,93909.99991499046,-206653.84114030818,301.2877800662505,147
46960000,93919.99991495612,-207121.57591539144,299.14607269207363,147
46965000,93929.99991492178,-205933.5453277839,298.3934817266075,147
46970000,93939.99991488743,-206575.4591314633,298.5688719133483,147
46975000,93949.99991485309,-206437.58797992836,303.03309303751973,147
46980000,93959.99991481875,-206805.01830343122,295.7249462960001,147
46985000,93969.9999147844,-206607.63435930642,303.2127040352606,147
46990000,93979.99991475006,-206645.5591048355,304.7309772136933,147
46995000,93989.99991471572,-206965.18814978434,298.3307977196015,147
47000000,93999.99991468138,-207287.83865947335,301.1699037332872,147
47005000,94009.99991464704,-205732.17921337835,298.97567378619283,147
47010000,94019.9999146127,-206536.95809272001,303.77764782501816,147
47015000,94029.99991457835,-206410.95300450164,295.7695723375373,147
47020000,94039.99991454401,-206487.35495729418,302.1076992638884,147
47025000,94049.99991450967,-206268.21548082295,299.5772224245078,147
47030000,94059.99991447532,-206714.16060173663,304.5881269799054,147
47035000,94069.99991444098,-206929.39468132425,298.52894251716094,147
47040000,94079.99991440664,-207253.75957131537,299.7501643219921,147
47045000,94089.9999143723,-206944.09710773267,294.7481031307942,147
47050000,94099.99991433795,-206506.27534482547,300.57845056081675,147
47055000,94109.99991430361,-206464.21583609201,300.1937206306572,147
47060000,94119.99991426927,-206917.2145724611,294.4649029965621,147
47065000,94129.99991423493,-207275.25127774046,301.74901681107724,147
47070000,94139.99991420058,-206391.51888079487,301.71885562378895,147
47075000,94149.99991416624,-206345.27376472182,300.1379817606847,147
47080000,94159.9999141319,-206348.09274543903,304.514899782181,147
47085000,94169.99991409756,-206455.04476029077,297.5454847783951,147
47090000,94179.99991406321,-206591.75051566213,300.81152290787475,147
47095000,94189.99991402887,-206095.36796282325,296.8011548791366,147
47100000,94199.99991399453,-205834.16312368866,300.7377372212473,147
47105000,94209.99991396019,-206455.92099937354,299.3844274715696,147
47110000,94219.99991392584,-206690.84029993892,296.4105165500676,147
47115000,94229.9999138915,-206684.11533231114,304.6659083126765,147
47120000,94239.99991385716,-205979.13062513573,296.2425983558385,147
47125000,94249.99991382282,-206342.8409891054,299.98104567665223,147
47130000,94259.99991378847,-207187.13965387666,296.60128118699953,147
47135000,94269.99991375413,-206424.44425348833,299.115225789162,147
47140000,94279.99991371979,-206502.50426821806,295.59891287183444,147
47145000,94289.99991368545,-205887.0783274084,305.7917005296164,147
47150000,94299.9999136511,-206790.04829169833,302.0311986738287,147
47155000,94309.99991361676,-206888.25234870135,299.1771417911551,147
47160000,94319.99991358242,-206588.5749434171,296.74830004116217,147
47165000,94329.99991354808,-206040.5980064097,301.50279326541363,147
47170000,94339.99991351373,-206231.39356293797,298.7865639366352,147
47175000,94349.99991347939,-206212.79799034575,300.92245222346185,147
47180000,94359.99991344505,-206427.11403275165,304.134796802745,147
47185000,94369.9999134107,-206928.54239278904,303.90368212583337,147
47190000,94379.99991337636,-206794.9280286216,299.10482021794036,147
47195000,94389.99991334202,-205332.58191780152,301.8908654977837,147
47200000,94399.99991330768,-206778.2129325969,298.45044560137666,147
47205000,94409.99991327334,-206465.55144463596,302.12036814905485,147
47210000,94419.999913239,-206828.30253510852,300.0552049570524,147
47215000,94429.99991320465,-206394.90788927174,298.51092436950375,147
47220000,94439.99991317031,-206993.7594141023,303.6598652273867,147
47225000,94449.99991313597,-205766.3194401136,304.42613391951966,147
47230000,94459.99991310162,-207224.6813757444,297.1576659433594,147
47235000,94469.99991306728,-206700.4763350602,298.0949824339785,147
47240000,94479.99991303294,-206947.43260056956,302.39371474088523,147
47245000,94489.9999129986,-206452.81085221109,299.32696784125983,147
47250000,94499.99991296425,-207817.05295950943,301.5321785687714,147
47255000,94509.99991292991,-206345.6334546284,302.2311010452255,147
47260000,94519.99991289557,-206943.33941664977,300.840880458342,147
47265000,94529.99991286123,-206751.3726204281,303.1073198604587,147
47270000,94539.99991282688,-207275.9531984151,308.0835235979988,147
47275000,94549.99991279254,-207045.31841813854,299.7065805059465,147
47280000,94559.9999127582,-206206.66023655294,296.31640415813354,147
47285000,94569.99991272386,-206127.48040370422,302.39524660551996,147
47290000,94579.99991268951,-206826.76118898834,303.22154737902895,147
47295000,94589.99991265517,-206214.01147040282,299.7005037572064,147
47300000,94599.99991262083,-206492.51956855447,303.142310771778,147
47305000,94609.99991258649,-205797.02877944277,299.98376142297934,147
47310000,94619.99991255214,-206214.26811011066,300.3548170358221,147
47315000,94629.9999125178,-206365.97702143702,299.6595875274918,147
47320000,94639.99991248346,-206479.68392514216,300.4712187152575,147
47325000,94649.99991244912,-206184.38625564752,297.8291960110421,147
47330000,94659.99991241477,-206101.16927091964,302.43973281244627,147
47335000,94669.99991238043,-206691.65592500672,304.53796554962105,147
47340000,94679.99991234609,-206683.17407108436,300.60549249796173,147
47345000,94689.99991231174,-206749.1109528659,299.4401482890197,147
47350000,94699.9999122774,-206311.88402573927,303.64738561808144,147
47355000,94709.99991224306,-206775.34590032138,301.4858593177571,147
47360000,94719.99991220872,-206114.77812987915,297.86175179425567,147
47365000,94729.99991217437,-206728.814020801,297.76479505825074,147
47370000,94739.99991214003,-207208.36797118303,299.6976728342203,147
47375000,94749.99991210569,-206461.16195751633,300.8408236754123,147
47380000,94759.99991207135,-206599.8408407973,297.303781983379,147
47385000,94769.999912037,-206441.76618086896,299.7999017948434,147
47390000,94779.99991200266,-206474.8925798412,298.3943761715553,147
47395000,94789.99991196832,-206543.29662752943,302.40357666930817,147
47400000,94799.99991193398,-207153.2717450168,304.76029676866295,147
47405000,94809.99991189963,-206704.13661678508,303.87382080895065,147
47410000,94819.99991186529,-207667.5944559106,299.39821810035505,147
47415000,94829.99991183095,-206870.0085857053,297.55211379361157,147
47420000,94839.9999117966,-206432.13484304724,297.61337827305266,147
47425000,94849.99991176226,-205608.95509101136,301.9771456950936,147
47430000,94859.99991172792,-206728.1060648273,297.51206060418485,147
47435000,94869.99991169358,-205872.97544061532,306.563761171038,147
47440000,94879.99991165924,-206533.38043174485,295.185338133631,147
47445000,94889.9999116249,-206613.6706126202,301.2418154702545,147
47450000,94899.99991159055,-206624.78218116786,302.0639093898661,147
47455000,94909.99991155621,-206250.47026748222,298.70925557797955,147
47460000,94919.99991152187,-206998.2601830964,304.83564263534066,147
47465000,94929.99991148752,-206530.90461970714,300.1370486401347,147
47470000,94939.99991145318,-206597.42780146957,300.78424550972716,147
47475000,94949.99991141884,-206742.56094880728,302.9372583290696,147
47480000,94959.9999113845,-206574.00927719136,302.2263054273265,147
47485000,94969.99991135015,-206656.95958902733,296.78912136986304,147
47490000,94979.99991131581,-206917.610156517,298.3972243658666,147
47495000,94989.99991128147,-206181.54348646058,304.2283965009556,147
47500000,94999.99991124713,-206448.3607180789,298.57984315220875,147
47505000,95009.99991121278,-206046.12288685748,292.25047584028624,147
47510000,95019.99991117844,-206494.05412621226,302.8638076265813,147
47515000,95029.9999111441,-206634.69701849716,297.66539899311215,147
47520000,95039.99991110976,-206214.63978965674,296.7037850440284,147
47525000,95049.99991107541,-207151.56585841242,302.6941775647804,147
47530000,95059.99991104107,-207332.23831293546,301.70243680008616,147
47535000,95069.99991100673,-207454.01539013907,299.6906165960451,147
47540000,95079.99991097239,-206936.78358838044,300.50342443297455,147
47545000,95089.99991093804,-207026.19356304803,299.2200322156105,147
47550000,95099.9999109037,-207548.22903501266,295.7843183027254,147
47555000,95109.99991086936,-206608.88570923405,299.7337873369839,147
47560000,95119.99991083502,-206697.99990650278,303.6641888426409,147
47565000,95129.99991080067,-206562.77628683555,300.94362929535106,147
47570000,95139.99991076633,-206559.77518624626,303.6239667849457,147
47575000,95149.99991073199,-206366.7227260014,298.45563512165654,147
47580000,95159.99991069765,-207288.31908720406,300.78831626536515,147
47585000,95169.9999106633,-206371.11189249565,298.33095085242985,147
47590000,95179.99991062896,-206640.33275885333,298.631331371561,147
47595000,95189.99991059462,-206344.88748116663,297.6789962335765,147
47600000,95199.99991056028,-207540.8167515503,303.37243903419244,147
47605000,95209.99991052593,-206678.62259058002,297.1643653448826,147
47610000,95219.99991049159,-206981.31139506795,303.3304319196563,147
47615000,95229.99991045725,-206770.27032946923,298.5621906856054,147
47620000,95239.9999104229,-206435.99867096555,299.80651453924446,147
47625000,95249.99991038856,-207050.28253858455,306.2763770588501,147
47630000,95259.99991035422,-206017.03711910988,301.7309642160806,147
47635000,95269.99991031988,-206099.97797841963,298.987537595539,147
47640000,95279.99991028554,-205974.53164453374,301.7096560972829,147
47645000,95289.9999102512,-206000.98526360153,303.00329033385407,147
47650000,95299.99991021685,-206823.50054950546,295.9983584449374,147
47655000,95309.99991018251,-206669.714972349,301.16464554309994,147
47660000,95319.99991014817,-206020.72385160998,300.93041469296696,147
47665000,95329.99991011382,-206710.4851737779,302.36826194135085,147
47670000,95339.99991007948,-206442.0202014366,294.0576838130419,147
47675000,95349.99991004514,-205995.19963865099,302.10337396603006,147
47680000,95359.9999100108,-206527.39533503086,305.79874453175574,147
47685000,95369.99990997645,-206622.70847284107,296.3345252511846,147
47690000,95379.99990994211,-206562.02090294566,298.3004666689829,147
47695000,95389.99990990777,-205817.2421440346,299.39520638782363,147
47700000,95399.99990987343,-206306.27379345393,297.1615560685232,147
47705000,95409.99990983908,-206829.32473548478,298.9890101938848,147
47710000,95419.99990980474,-207223.9019449451,300.9830402266508,147
47715000,95429.9999097704,-205816.7782323436,298.50768829702,147
47720000,95439.99990973606,-206619.79467213363,296.15643002414134,147
47725000,95449.99990970171,-206658.0894454181,302.47413114574647,147
47730000,95459.99990966737,-206188.64858473302,301.6938423378355,147
47735000,95469.99990963303,-206020.831159194,299.36092802550735,147
47740000,95479.99990959869,-207301.25700769876,299.24924485099854,147
47745000,95489.99990956434,-206576.06109300093,298.4911576031719,147
47750000,95499.99990953,-206847.33897711337,301.89225808513135,147
47755000,95509.99990949566,-206481.4714641251,300.9156451549281,147
47760000,95519.99990946132,-206945.98994281876,293.38655964432587,147
47765000,95529.99990942697,-206225.34358497662,299.4576825423285,147
47770000,95539.99990939263,-206338.03873154207,299.311796057402,147
47775000,95549.99990935829,-207213.70298201067,300.1030654039307,147
47780000,95559.99990932395,-206074.81273746758,300.7567470246446,147
47785000,95569.9999092896,-205970.28032397304,298.0126986305393,147
47790000,95579.99990925526,-206412.6930489753,295.06958482487846,147
47795000,95589.99990922092,-206544.1306186472,297.3455550603873,147
47800000,95599.99990918658,-207101.98995852063,302.4450823231758,147
47805000,95609.99990915223,-206138.54354183294,301.6355535433113,147
47810000,95619.99990911789,-206456.7562484824,297.65542879373317,147
47815000,95629.99990908355,-206372.77201890235,300.57561849536194,147
47820000,95639.9999090492,-206729.10025735642,302.3020107953979,147
47825000,95649.99990901486,-206659.12660440325,294.58569702961637,147
47830000,95659.99990898052,-207059.4458332078,302.6466743000953,147
47835000,95669.99990894618,-206692.030602974,298.82819882735,147
47840000,95679.99990891184,-207526.28620532574,303.4005690704347,147
47845000,95689.9999088775,-206451.5291517442,304.385133891446,147
47850000,95699.99990884315,-206317.8051021787,294.84670864407497,147
47855000,95709.99990880881,-206906.79916541814,300.85706019050303,147
47860000,95719.99990877447,-207363.41463821207,300.60472921978896,147
47865000,95729.99990874012,-207199.3137351363,299.7680261969353,147
47870000,95739.99990870578,-206240.92206624802,298.6965873122902,147
47875000,95749.99990867144,-207093.13154782006,300.46755457681274,147
47880000,95759.9999086371,-206817.98551848764,298.63336973846583,147
47885000,95769.99990860275,-206308.2650806345,306.81904566011235,147
47890000,95779.99990856841,-206346.11718956614,295.06713827396237,147
47895000,95789.99990853407,-206925.81174761103,295.86595144369494,147
47900000,95799.99990849973,-205445.66659543756,300.7107338514854,147
47905000,95809.99990846538,-207572.71748979855,298.6293431430097,147
47910000,95819.99990843104,-206417.41807609133,301.3359780757085,147
47915000,95829.9999083967,-206205.47387413657,303.6282593239581,147
47920000,95839.99990836236,-205849.34750936262,295.5548827141822,147
47925000,95849.99990832801,-207148.2626829316,298.64572396597754,147
47930000,95859.99990829367,-206384.55924349034,302.0787588887101,147
47935000,95869.99990825933,-206374.78154278803,298.1146919912457,147
47940000,95879.99990822499,-206511.26768278703,306.42920124193773,147
47945000,95889.99990819064,-206965.51392957277,304.63407562245794,147
47950000,95899.9999081563,-206008.29289519205,304.13742017508406,147
47955000,95909.99990812196,-206312.69590465922,300.3837965959964,147
47960000,95919.99990808762,-206112.5694214449,299.3396911832259,147
47965000,95929.99990805327,-205805.03258091002,300.7627320611099,147
47970000,95939.99990801893,-206586.2873410905,299.68527759881897,147
47975000,95949.99990798459,-206300.46497363434,299.6235641862953,147
47980000,95959.99990795024,-207205.427835359,302.8026677427377,147
47985000,95969.9999079159,-205933.7824429042,300.86298177173836,147
47990000,95979.99990788156,-207051.3215350419,296.58881611495127,147
47995000,95989.99990784722,-206260.21434947802,300.4352064135858,147
48000000,95999.99990781287,-206720.37725929008,299.48465290728456,147
48005000,96009.99990777853,-205821.4728378961,298.8023559288463,147
48010000,96019.99990774419,-206292.11274651287,302.5512261431422,147
48015000,96029.99990770985,-206127.23519795074,299.3810580578693,147
48020000,96039.9999076755,-206228.93160515965,299.06124502649334,147
48025000,96049.99990764116,-206540.17078513547,299.7825941017688,147
48030000,96059.99990760682,-206940.36016866995,297.4657171394298,147
48035000,96069.99990757248,-206406.97103167814,304.26703021584433,147
48040000,96079.99990753813,-206423.64723405137,300.9439262482811,147
48045000,96089.99990750379,-207205.7305866268,299.4583570047545,147
48050000,96099.99990746945,-206654.9560231422,303.5678378868486,147
48055000,96109.9999074351,-206110.98049661156,300.764859583979,147
48060000,96119.99990740076,-205953.4761193518,302.59206901547367,147
48065000,96129.99990736642,-206484.4178282572,296.1847385460923,147
48070000,96139.99990733208,-205956.62703097146,296.9800363625835,147
48075000,96149.99990729774,-206641.47974753391,304.3983603983467,147
48080000,96159.9999072634,-206742.0898176044,299.8072833083845,147
48085000,96169.99990722905,-206650.96442029043,299.5228554411966,147
48090000,96179.99990719471,-206898.32546461932,298.23789845808557,147
48095000,96189.99990716037,-207007.42908130342,298.6324023487044,147
48100000,96199.99990712602,-206510.56609626242,297.97984046976774,147
48105000,96209.99990709168,-206764.64127028687,298.90403093073184,147
48110000,96219.99990705734,-206155.16004636884,300.7724616751406,147
48115000,96229.999907023,-206270.11372113647,298.8165428178832,147
48120000,96239.99990698865,-206950.38303875644,306.03731169868104,147
48125000,96249.99990695431,-207043.9610907362,300.99852365976534,147
48130000,96259.99990691997,-206944.64790501702,300.1100830066427,147
48135000,96269.99990688563,-206517.8216716235,304.4041101655173,147
48140000,96279.99990685128,-206603.81617327535,302.93815365163135,147
48145000,96289.99990681694,-206989.61723589536,301.0552599539793,147
48150000,96299.9999067826,-208037.9696453699,303.9302536691047,147
48155000,96309.99990674826,-206069.66300064197,298.08850899931025,147
48160000,96319.99990671391,-206990.40011225187,301.8663219292268,147
48165000,96329.99990667957,-206496.53779161826,300.754546372583,147
48170000,96339.99990664523,-205063.69931771944,300.99755098319696,147
48175000,96349.99990661089,-206565.1646463141,303.94839295497246,147
48180000,96359.99990657654,-206826.17711412825,296.6055306325198,147
48185000,96369.9999065422,-206069.57164500514,303.16711357176536,147
48190000,96379.99990650786,-206505.790814601,302.03477913427054,147
48195000,96389.99990647352,-206067.05433546542,302.8693691755306,147
48200000,96399.99990643917,-207309.53627449402,297.8676402694791,147
48205000,96409.99990640483,-206890.00851881434,299.2561906960442,147
48210000,96419.99990637049,-206808.49374176958,296.393848689109,147
48215000,96429.99990633615,-206576.451671722,302.30338298958105,147
48220000,96439.9999063018,-206594.53400558967,303.68762594213473,147
48225000,96449.99990626746,-206535.38819106598,300.57517659102496,147
48230000,96459.99990623312,-206742.62933918997,298.2445354116802,147
48235000,96469.99990619878,-206781.33499324275,304.75826230621055,147
48240000,96479.99990616443,-206271.94623833394,296.56889853775397,147
48245000,96489.99990613009,-207567.88076784625,297.7217279128278,147
48250000,96499.99990609575,-206416.87763555977,300.60326979165217,147
48255000,96509.9999060614,-207020.1809349783,295.4932998560668,147
48260000,96519.99990602706,-206067.04073338094,298.102984554831,147
48265000,96529.99990599272,-206547.60283089103,301.38149052713266,147
48270000,96539.99990595838,-206319.55787493382,298.45038672982577,147
48275000,96549.99990592404,-206926.98104520096,302.6217304166851,147
48280000,96559.9999058897,-206495.9664307302,295.57417592854205,147
48285000,96569.99990585535,-207196.08638075425,298.093950436156,147
48290000,96579.99990582101,-206918.58564077236,300.85036815504697,147
48295000,96589.99990578667,-206422.93110559136,302.65913916954094,147
48300000,96599.99990575232,-206988.02592215105,303.16195948539297,147
48305000,96609.99990571798,-207538.12040659774,299.89437027394246,147
48310000,96619.99990568364,-206494.41646891425,298.6017556480478,147
48315000,96629.9999056493,-206184.81400359794,299.99241272185736,147
48320000,96639.99990561495,-206979.59862863633,299.7180280331065,147
48325000,96649.99990558061,-205481.4669144879,298.7438871858841,147
48330000,96659.99990554627,-206779.8327366024,299.7652094398155,147
48335000,96669.99990551193,-205926.68991241022,301.63916711375725,147
48340000,96679.99990547758,-206068.27153680893,297.2710370637471,147
48345000,96689.99990544324,-206377.46840860113,300.51664886739866,147
48350000,96699.9999054089,-206850.55229859822,298.48508009770364,147
48355000,96709.99990537456,-206885.03105584276,301.9455370835701,147
48360000,96719.99990534021,-206448.23517084727,296.6555999027247,147
48365000,96729.99990530587,-206478.65373125533,305.97111456637873,147
48370000,96739.99990527153,-206968.4256416643,300.4637893733563,147
48375000,96749.99990523719,-207107.64291164756,303.81880984242883,147
48380000,96759.99990520284,-206465.20311298117,297.76559093990704,147
48385000,96769.9999051685,-206934.55542409094,305.6951645284146,147
48390000,96779.99990513416,-206335.57290680846,297.5693923043529,147
48395000,96789.99990509982,-206380.7062520855,303.53479786564867,147
48400000,96799.99990506547,-206476.8210941665,302.6643236555863,147
48405000,96809.99990503113,-206780.2224715877,296.3302773968574,147
48410000,96819.99990499679,-207386.22768121574,302.02512937644565,147
48415000,96829.99990496245,-206746.75877742295,295.9239599595831,147
48420000,96839.9999049281,-207360.4286722343,302.6791988968377,147
48425000,96849.99990489376,-206164.74032135215,298.53029725913245,147
48430000,96859.99990485942,-206398.57998438878,298.0543295527951,147
48435000,96869.99990482508,-206761.1970322244,302.7368240647947,147
48440000,96879.99990479073,-206749.2192554007,300.5771495913081,147
48445000,96889.99990475639,-206790.55297655216,301.94116141726136,147
48450000,96899.99990472205,-206138.76399990602,297.19600833275933,147
48455000,96909.9999046877,-205824.2296203978,294.42144209833833,147
48460000,96919.99990465336,-206678.38247614738,301.0431595386488,147
48465000,96929.99990461902,-207220.03294613305,293.70001555680136,147
48470000,96939.99990458468,-206561.39576519455,297.94560717427703,147
48475000,96949.99990455034,-207218.51140563982,298.1339984891649,147
48480000,96959.999904516,-206715.55287492764,301.22732458395495,147
48485000,96969.99990448165,-206424.89104811358,301.3889726005493,147
48490000,96979.99990444731,-206384.25535172457,301.36640332109226,147
48495000,96989.99990441297,-206911.28712277487,298.7718997247462,147
48500000,96999.99990437862,-207203.85307108914,301.6142773980188,147
48505000,97009.99990434428,-206704.58642846672,300.4936460302529,147
48510000,97019.99990430994,-205983.86676472845,303.67093375032374,147
48515000,97029.9999042756,-206302.01118865237,303.88757514517874,147
48520000,97039.99990424125,-206745.86878718063,301.3279528215606,147
48525000,97049.99990420691,-206306.75809916796,299.2356306132367,147
48530000,97059.99990417257,-206325.49223014934,296.4791995596295,147
48535000,97069.99990413823,-206720.47704855248,302.99440363601843,147
48540000,97079.99990410388,-206498.6373166209,297.81402511153595,147
48545000,97089.99990406954,-206180.65488415095,302.236764872927,147
48550000,97099.9999040352,-206781.75546063518,302.06134370995795,147
48555000,97109.99990400086,-206506.72743846604,300.13839244873975,147
48560000,97119.99990396651,-206563.09090951819,296.0016757198333,147
48565000,97129.99990393217,-205836.3778273213,304.1982025660041,147
48570000,97139.99990389783,-206777.18561599206,300.70260545865534,147
48575000,97149.99990386349,-206630.37862700433,297.6194473777395,147
48580000,97159.99990382914,-206925.2210372676,302.16807177519604,147
48585000,97169.9999037948,-205841.98245741823,296.73134296918255,147
48590000,97179.99990376046,-206407.72911895113,299.79367854496195,147
48595000,97189.99990372612,-206540.26520562614,298.2817328707031,147
48600000,97199.99990369177,-206289.67083151825,298.09076435160983,147
48605000,97209.99990365743,-205997.41747453273,301.67211454747434,147
48610000,97219.99990362309,-206059.51616386021,295.1349025417869,147
48615000,97229.99990358874,-207151.86594935053,297.56858727367035,147
48620000,97239.9999035544,-206831.97331745015,302.8411999152194,147
48625000,97249.99990352006,-206601.36245037022,305.12496086939467,147
48630000,97259.99990348572,-207093.32249292883,297.121067266546,147
48635000,97269.99990345137,-206842.0239616976,296.59596631997107,147
48640000,97279.99990341703,-205952.84975493525,301.50747670412755,147
48645000,97289.99990338269,-206026.16748465237,298.3688460753657,147
48650000,97299.99990334835,-206143.81897114322,300.2951287395184,147
48655000,97309.999903314,-206269.41969025857,298.69736214096065,147
48660000,97319.99990327966,-206531.69180944597,304.2581386924417,147
48665000,97329.99990324532,-207089.78501547663,302.25261444401707,147
48670000,97339.99990321098,-207526.1685590085,299.05540165929483,147
48675000,97349.99990317663,-206970.02670867997,301.4880979457152,147
48680000,97359.99990314229,-205981.59692550625,301.95522374891124,147
48685000,97369.99990310795,-206620.41608930938,293.58497479277975,147
48690000,97379.9999030736,-206531.01520519878,299.0067552002457,147
48695000,97389.99990303926,-206678.28426360304,299.6208996922498,147
48700000,97399.99990300492,-206434.1750215151,300.77078903595486,147
48705000,97409.99990297058,-206253.25256648986,299.45148407744836,147
48710000,97419.99990293624,-206439.64376734802,298.54099629364066,147
48715000,97429.9999029019,-206089.55872220383,303.48947151081813,147
48720000,97439.99990286755,-206763.84640773595,296.56341776432515,147
48725000,97449.99990283321,-206318.6686552529,301.02839675229006,147
48730000,97459.99990279887,-206394.2526324389,298.81443980873263,147
48735000,97469.99990276452,-206444.89530701202,301.11837101839103,147
48740000,97479.99990273018,-206267.11097993818,297.94209661154605,147
48745000,97489.99990269584,-206505.9312000163,301.80875626373677,147
48750000,97499.9999026615,-205686.004131882,300.93333010035377,147
48755000,97509.99990262715,-206650.76185050514,295.08449660216155,147
48760000,97519.99990259281,-206137.4332835502,297.41467945506884,147
48765000,97529.99990255847,-207043.83007317386,297.45292338631566,147
48770000,97539.99990252413,-206467.39853026904,299.0020292326641,147
48775000,97549.99990248978,-206148.00106960267,296.33007983602806,147
48780000,97559.99990245544,-206237.17453308625,299.6039612549836,147
48785000,97569.9999024211,-207365.94506057375,299.1690068371515,147
48790000,97579.99990238676,-206033.0562625454,298.54261185587313,147
48795000,97589.99990235241,-206980.41974932596,296.0937039421292,147
48800000,97599.99990231807,-206271.80247092422,297.4754456452378,147
48805000,97609.99990228373,-206640.38913667947,296.3848021815986,147
48810000,97619.99990224939,-207476.9792467635,296.6680168668095,147
48815000,97629.99990221504,-206233.51299753797,301.561105447605,147
48820000,97639.9999021807,-206280.0468569796,303.38578393999325,147
48825000,97649.99990214636,-206998.259969146,300.8245579892084,147
48830000,97659.99990211202,-206080.07705002674,300.5358314098974,147
48835000,97669.99990207767,-206734.65471946762,295.7655693229196,147
48840000,97679.99990204333,-206357.05405450414,301.8028557270804,147
48845000,97689.99990200899,-206322.5639955427,298.5253125548284,147
48850000,97699.99990197465,-206425.19640374905,302.9103747806207,147
48855000,97709.9999019403,-205763.2562136202,301.78316069797114,147
48860000,97719.99990190596,-206476.67856012052,301.39845900739397,147
48865000,97729.99990187162,-206084.73763346742,297.63373781851936,147
48870000,97739.99990183728,-205957.73797307734,294.9237226397216,147
48875000,97749.99990180293,-207296.79316995887,301.79517316051357,147
48880000,97759.99990176859,-206409.12360249797,302.78955897638235,147
48885000,97769.99990173425,-206647.42895774276,302.097487093103,147
48890000,97779.9999016999,-205731.6491717709,302.2606309203316,147
48895000,97789.99990166556,-207073.0394819735,300.9355092351378,147
48900000,97799.99990163122,-206233.03491546528,300.604256504901,147
48905000,97809.99990159688,-205625.00387946272,298.5680816343713,147
48910000,97819.99990156254,-207196.20427552098,298.36488383770677,147
48915000,97829.9999015282,-206222.09462083585,300.81441795765346,147
48920000,97839.99990149385,-206342.70503862808,297.83949024058506,147
48925000,97849.99990145951,-206480.95845082437,300.99334737050197,147
48930000,97859.99990142517,-205914.4225065175,300.18267267365883,147
48935000,97869.99990139082,-207057.42107213335,300.83155223400126,147
48940000,97879.99990135648,-205965.63357495517,297.74690396556997,147
48945000,97889.99990132214,-205888.35734028707,300.8236984345115,147
48950000,97899.9999012878,-207280.5519565664,297.8149440293915,147
48955000,97909.99990125345,-206503.40445798775,303.5594354080763,147
48960000,97919.99990121911,-205592.24906993913,297.7549681254258,147
48965000,97929.99990118477,-205928.37727735762,294.48533590845585,147
48970000,97939.99990115043,-206025.3384661097,302.2176213961006,147
48975000,97949.99990111608,-206194.38401689264,297.0536394218367,147
48980000,97959.99990108174,-206835.0000706393,302.5509906460283,147
48985000,97969.9999010474,-206502.7891682,302.02064386157787,147
48990000,97979.99990101306,-206711.48265565315,299.2748660931962,147
48995000,97989.99990097871,-206395.9365103346,301.1910555337449,147
49000000,97999.99990094437,-207008.55089145363,306.1014934994517,147
49005000,98009.99990091003,-206113.07145467086,301.8970608387575,147
49010000,98019.99990087569,-207052.42028947908,304.7577364260867,147
49015000,98029.99990084134,-206934.3410462048,299.4078362795302,147
49020000,98039.999900807,-206604.09498514247,298.4788506554704,147
49025000,98049.99990077266,-206766.2466773442,301.02042017455767,147
49030000,98059.99990073832,-206572.814524838,303.6602859659417,147
49035000,98069.99990070397,-206954.0941055849,304.6928436473622,147
49040000,98079.99990066963,-206823.23773768963,301.85696206125795,147
49045000,98089.99990063529,-206667.04163223726,302.84692365042156,147
49050000,98099.99990060095,-206670.9172032564,304.99164137213313,147
49055000,98109.9999005666,-206405.30863407266,302.2348820206755,147
49060000,98119.99990053226,-206510.16133788973,300.60412462219097,147
49065000,98129.99990049792,-205889.70163048105,299.93384536804024,147
49070000,98139.99990046358,-206702.11003289686,295.60746337941583,147
49075000,98149.99990042923,-206567.68356562068,297.1396648180536,147
49080000,98159.99990039489,-206632.16399019375,299.74524693459983,147
49085000,98169.99990036055,-206741.66946620704,298.9303812256242,147
49090000,98179.9999003262,-206871.64121972886,298.0814905573208,147
49095000,98189.99990029186,-206479.8719206954,300.0202587024763,147
49100000,98199.99990025752,-206363.48811939475,300.793517172042,147
49105000,98209.99990022318,-206785.9181347863,300.7325980010671,147
49110000,98219.99990018884,-205854.67914087535,299.48108625901693,147
49115000,98229.9999001545,-206939.66288101184,301.87721925127585,147
49120000,98239.99990012015,-206866.35935411428,303.71410519372927,147
49125000,98249.99990008581,-206019.66694458888,299.6349451180272,147
49130000,98259.99990005147,-207374.4609823029,294.70497701567393,147
49135000,98269.99990001712,-206205.25912606134,299.4975345134331,147
49140000,98279.99989998278,-206231.16880105878,299.6491563632644,147
49145000,98289.99989994844,-206561.4966902081,296.6023416932691,147
49150000,98299.9998999141,-206420.73399530444,299.69069108329273,147
49155000,98309.99989987975,-206723.93815563526,303.6575795193333,147
49160000,98319.99989984541,-206683.3918629617,298.93489835748363,147
49165000,98329.99989981107,-206446.0695754803,302.90143819650206,147
49170000,98339.99989977673,-207482.1724280496,303.3421088843301,147
49175000,98349.99989974238,-206285.2945703715,300.9853119596743,147
49180000,98359.99989970804,-206173.0969474425,296.53578380676356,147
49185000,98369.9998996737,-207508.81743973575,300.46716746873136,147
49190000,98379.99989963936,-207177.586125987,303.95798877020354,147
49195000,98389.99989960501,-205990.91396414547,302.69829660212247,147
49200000,98399.99989957067,-206394.5977891048,299.7339178682209,147
49205000,98409.99989953633,-205632.0481514812,301.60507131374965,147
49210000,98419.99989950199,-206112.8803118351,297.6616767314394,147
49215000,98429.99989946764,-206315.85939207766,302.77298570846295,147
49220000,98439.9998994333,-206529.46099016198,298.4506602936509,147
49225000,98449.99989939896,-206217.8617341231,299.55283397524295,147
49230000,98459.99989936461,-206265.13236036617,295.6595520371745,147
49235000,98469.99989933027,-206383.08850479173,299.66953460314664,147
49240000,98479.99989929593,-207032.00757609517,304.56994959870093,147
49245000,98489.99989926159,-206107.8611536884,305.6672588314868,147
49250000,98499.99989922724,-205785.83556795376,300.6303810427081,147
49255000,98509.9998991929,-205839.9221215907,300.1953539720054,147
49260000,98519.99989915856,-206945.01272407547,303.34277796283465,147
49265000,98529.99989912422,-206215.16611191025,299.64663147386955,147
49270000,98539.99989908987,-206946.6030819693,300.92766092746604,147
49275000,98549.99989905553,-207267.61004052497,299.90759070054787,147
49280000,98559.99989902119,-206382.27931783907,301.92840588514366,147
49285000,98569.99989898685,-206286.42280658835,300.46415242902094,147
49290000,98579.9998989525,-207154.74344067555,297.38404587247715,147
49295000,98589.99989891816,-206099.7029556504,298.4347983371841,147
49300000,98599.99989888382,-206603.31733901415,297.5627394377248,147
49305000,98609.99989884948,-206966.71267882246,298.64943198030505,147
49310000,98619.99989881513,-206475.41520238086,301.5130829175215,147
49315000,98629.99989878079,-206332.98360958078,296.0138603414973,147
49320000,98639.99989874645,-206293.9474157747,297.8807781383325,147
49325000,98649.9998987121,-207008.1026566677,302.8945366894574,147
49330000,98659.99989867776,-207019.64302418637,303.46336036651553,147
49335000,98669.99989864342,-206865.90206564846,297.2737475479289,147
49340000,98679.99989860908,-206322.99589132122,299.9118767769263,147
49345000,98689.99989857474,-206191.56672704674,299.4641646351957,147
49350000,98699.9998985404,-205688.6512298393,301.63398681012114,147
49355000,98709.99989850605,-206674.26956051367,303.1353518974981,147
49360000,98719.99989847171,-206260.13682841347,302.4728062815989,147
49365000,98729.99989843737,-206638.92816703126,297.9026824118641,147
49370000,98739.99989840302,-206994.20699830342,300.875059932708,147
49375000,98749.99989836868,-206454.22277906758,296.88567438992436,147
49380000,98759.99989833434,-207212.51750480582,297.69498255878665,147
49385000,98769.9998983,-206735.50475910737,298.8108820584991,147
49390000,98779.99989826565,-206448.82222524926,297.59127353272004,147
49395000,98789.99989823131,-206450.77070884628,301.44685373727026,147
49400000,98799.99989819697,-207130.6121190777,301.0490388987427,147
49405000,98809.99989816263,-206472.23867858935,305.88755526108133,147
49410000,98819.99989812828,-205760.2439883547,300.1851818670709,147
49415000,98829.99989809394,-206579.37357110914,299.01156414142736,147
49420000,98839.9998980596,-206242.018428055,302.32414729373767,147
49425000,98849.99989802526,-206531.98218127876,299.96753867722055,147
49430000,98859.99989799091,-207658.4775379341,299.61599219000067,147
49435000,98869.99989795657,-205851.41849632678,306.39772254848316,147
49440000,98879.99989792223,-207081.48383006267,299.4725066750215,147
49445000,98889.99989788789,-206678.5886394824,301.88642618527194,147
49450000,98899.99989785354,-206202.53708863724,300.59639297646294,147
49455000,98909.9998978192,-206288.46151894727,300.3316851142368,147
49460000,98919.99989778486,-206875.45254758105,304.6264556569064,147
49465000,98929.99989775052,-205594.9672740685,297.98513564121544,147
49470000,98939.99989771617,-207365.92513646907,298.0258724719995,147
49475000,98949.99989768183,-205898.81329431164,305.0162545088885,147
49480000,98959.99989764749,-206464.93024893012,299.11642014607696,147
49485000,98969.99989761315,-206360.0165559093,299.7691150545264,147
49490000,98979.9998975788,-206567.0232480982,299.64828607451204,147
49495000,98989.99989754446,-206593.26517416176,295.7935267864153,147
49500000,98999.99989751012,-206893.38783310098,308.24891670391276,147
49505000,99009.99989747578,-206321.911504362,298.35225519169506,147
49510000,99019.99989744143,-207584.55852655706,303.85338459233964,147
49515000,99029.99989740709,-206414.90038100118,296.0231761409991,147
49520000,99039.99989737275,-205799.45402779733,302.79248445070255,147
49525000,99049.9998973384,-207061.11049660156,297.34487774367875,147
49530000,99059.99989730406,-206485.83336688823,296.5723292140633,147
49535000,99069.99989726972,-206724.90522915497,303.26023938359435,147
49540000,99079.99989723538,-207151.06433369545,304.3321756496421,147
49545000,99089.99989720104,-206810.55013279791,300.43488555193227,147
49550000,99099.9998971667,-206150.74178986647,300.1175192850831,147
49555000,99109.99989713235,-206262.55441889295,297.2398608055279,147
49560000,99119.99989709801,-206318.95811426523,296.67454927981777,147
49565000,99129.99989706367,-206868.75251875224,305.8977885334701,147
49570000,99139.99989702932,-205935.48085338657,296.4708073010314,147
49575000,99149.99989699498,-206319.88276556367,306.34706140239774,147
49580000,99159.99989696064,-207262.37277399853,303.76042629044167,147
49585000,99169.9998969263,-206785.76866792445,302.45226495073223,147
49590000,99179.99989689195,-206606.73254887387,303.41330713534,147
49595000,99189.99989685761,-206862.55858752714,302.3972529723669,147
49600000,99199.99989682327,-205799.18874922115,302.2067687370556,147
49605000,99209.99989678893,-206986.04950043524,299.01850260893525,147
49610000,99219.99989675458,-206203.30123765965,301.98810284468954,147
49615000,99229.99989672024,-207412.53922526597,300.5924211024692,147
49620000,99239.9998966859,-205992.6623495149,295.8570286603825,147
49625000,99249.99989665156,-206553.32542204054,299.1227913992465,147
49630000,99259.99989661721,-206797.43948129076,302.30834014821704,147
49635000,99269.99989658287,-206307.60911421373,300.58477966349193,147
49640000,99279.99989654853,-206315.57437801338,302.628437205214,147
49645000,99289.99989651419,-207268.39793169685,294.9104416260889,147
49650000,99299.99989647984,-206475.59890842042,305.1373482143348,147
49655000,99309.9998964455,-206825.8708518726,299.67817397661355,147
49660000,99319.99989641116,-207048.65014219994,308.80936691432083,147
49665000,99329.99989637682,-206925.72649268492,299.71109460213984,147
49670000,99339.99989634247,-206993.3093252601,300.0875874515723,147
49675000,99349.99989630813,-206096.34562079492,301.7176398127705,147
49680000,99359.99989627379,-207048.9616400716,299.62534352973,147
49685000,99369.99989623945,-206621.4017169251,304.77085044433346,147
49690000,99379.9998962051,-206831.3928815606,301.34796152410337,147
49695000,99389.99989617076,-207113.40960587095,296.8411609870961,147
49700000,99399.99989613642,-206736.58989954356,299.1209069627878,147
49705000,99409.99989610208,-206468.85512607475,299.48511032281914,147
49710000,99419.99989606773,-207196.486069186,301.4542828133881,147
49715000,99429.99989603339,-205551.0408005633,301.2253024084581,147
49720000,99439.99989599905,-207132.09549422283,300.2422207312858,147
49725000,99449.9998959647,-206684.50611121347,294.9465871398418,147
49730000,99459.99989593036,-207351.19621735718,300.80207785166186,147
49735000,99469.99989589602,-206285.53408155078,295.82974695241984,147
49740000,99479.99989586168,-206849.8988314981,293.6816545408466,147
49745000,99489.99989582734,-207210.90997130622,300.2179012166909,147
49750000,99499.999895793,-206360.5890209634,298.4458985162135,147
49755000,99509.99989575865,-206764.50269062258,297.81168639410527,147
49760000,99519.99989572431,-206960.07890109136,295.9226597490798,147
49765000,99529.99989568997,-206253.20434542326,301.36493471167984,147
49770000,99539.99989565562,-205917.43766060227,300.7698937049367,147
49775000,99549.99989562128,-206375.53997496713,302.0620006582469,147
49780000,99559.99989558694,-206046.70643916354,300.2840476523491,147
49785000,99569.9998955526,-206821.26956687064,304.23030387266346,147
49790000,99579.99989551825,-206466.33512156084,293.90800153216463,147
49795000,99589.99989548391,-207300.14065504563,299.4293851952227,147
49800000,99599.99989544957,-205749.2635582846,303.5339952510307,147
49805000,99609.99989541523,-206657.167493287,300.9345008123013,147
49810000,99619.99989538088,-206106.88635690545,301.059573717156,147
49815000,99629.99989534654,-206946.58086564718,299.9288884329986,147
49820000,99639.9998953122,-206350.60452775226,303.025550835684,147
49825000,99649.99989527786,-206478.9280636002,299.91438787077874,147
49830000,99659.99989524351,-206529.37515847897,300.6241220495454,147
49835000,99669.99989520917,-206721.74841059605,298.50596327328446,147
49840000,99679.99989517483,-206303.20629666455,295.2875760066232,147
49845000,99689.99989514049,-207186.38830531016,294.8747592902551,147
49850000,99699.99989510614,-206727.81083918002,297.58176799490883,147
49855000,99709.9998950718,-207504.53008813947,303.85405092711864,147
49860000,99719.99989503746,-205828.93187659048,296.74182068953365,147
49865000,99729.99989500311,-206615.81050372915,298.3448775563862,147
49870000,99739.99989496877,-206063.18503309158,295.4214241414633,147
49875000,99749.99989493443,-206610.20331311785,302.59311698303975,147
49880000,99759.99989490009,-206681.28387060482,301.2223608623808,147
49885000,99769.99989486574,-206392.71884242306,299.62897574122013,147
49890000,99779.9998948314,-206401.07187457755,298.6435630476366,147
49895000,99789.99989479706,-206720.1842002836,303.2937689878562,147
49900000,99799.99989476272,-206642.6113979033,297.02994346601173,147
49905000,99809.99989472837,-206146.94571444567,296.60453602765244,147
49910000,99819.99989469403,-207050.1100600944,298.99692702746256,147
49915000,99829.99989465969,-205342.9720972618,304.97985649455586,147
49920000,99839.99989462535,-206937.5668040933,301.0543607347267,147
49925000,99849.999894591,-206686.81930765894,297.8113170733662,147
49930000,99859.99989455666,-205513.21565506083,295.6621839960683,147
49935000,99869.99989452232,-205701.4001844629,306.8705418673137,147
49940000,99879.99989448798,-206753.13844873407,300.38521581035025,147
49945000,99889.99989445363,-206164.19683876762,300.77703354102954,147
49950000,99899.99989441929,-206707.46137782466,299.55445538929587,147
49955000,99909.99989438495,-207019.89733969187,303.2505966483289,147
49960000,99919.9998943506,-206915.53621602978,294.07221753181005,147
49965000,99929.99989431626,-206988.40200759796,299.64498965987553,147
49970000,99939.99989428192,-206173.14473309834,295.6225856288878,147
49975000,99949.99989424758,-205661.61853865243,300.540178261661,147
49980000,99959.99989421324,-205781.0055187447,301.09944544889,147
49985000,99969.9998941789,-206406.64783779415,298.3849032676846,147
49990000,99979.99989414455,-206073.50812783744,299.5945675131313,147
49995000,99989.99989411021,-206884.92907638883,299.9491599184133,147
50000000,99999.99989407587,-206146.61500654183,297.58348937960307,147
50005000,100009.99989404152,-206441.9306987077,297.6216814478068,147
50010000,100019.99989400718,-205682.09790276503,297.96066411404695,147
50015000,100029.99989397284,-205901.21609844558,296.4511925485799,147
50020000,100039.9998939385,-206380.5572915785,297.0998312554268,147
50025000,100049.99989390415,-207036.96911365236,301.5458778046246,147
50030000,100059.99989386981,-206649.4991161822,297.5438373642917,147
50035000,100069.99989383547,-206495.79248977592,294.396024682871,147
50040000,100079.99989380113,-207000.42963244976,298.4110666367428,147
50045000,100089.99989376678,-206107.66160463402,301.89517239845003,147
50050000,100099.99989373244,-206118.45961697737,299.3545402564754,147
50055000,100109.9998936981,-207143.16656131519,294.97574064906297,147
50060000,100119.99989366376,-206355.74121703312,295.5220496727407,147
50065000,100129.99989362941,-205795.31609440385,299.63234179052114,147
50070000,100139.99989359507,-206163.92820516182,300.5689431019225,147
50075000,100149.99989356073,-205554.3788724671,302.2118658547185,147
50080000,100159.99989352639,-206824.8053551549,301.53491135391425,147
50085000,100169.99989349204,-206269.14166272408,300.60341431855915,147
50090000,100179.9998934577,-206726.95958835795,295.0495994722718,147
50095000,100189.99989342336,-206951.10771501344,296.7171594517164,147
50100000,100199.99989338902,-207411.45305575943,300.51684843371316,147
50105000,100209.99989335467,-206755.20913807245,299.003743190798,147
50110000,100219.99989332033,-206377.05795623653,305.3628555863459,147
50115000,100229.99989328599,-206791.73205169523,301.9145324411471,147
50120000,100239.99989325165,-206664.2420515027,305.55659454334256,147
50125000,100249.9998932173,-206402.98671529582,296.90458792383674,147
50130000,100259.99989318296,-206750.5183771531,300.3670579686866,147
50135000,100269.99989314862,-205792.14188654895,301.5080881614033,147
50140000,100279.99989311428,-207116.0698617585,301.32343434569117,147
50145000,100289.99989307993,-206758.8576112818,302.8692475416238,147
50150000,100299.99989304559,-206608.77742551686,302.0384724775468,147
50155000,100309.99989301125,-206267.80638836347,303.63123103451875,147
50160000,100319.9998929769,-206827.3193041056,298.52368444150716,147
50165000,100329.99989294256,-206284.15610478376,298.5802693302432,147
50170000,100339.99989290822,-206744.42077980272,298.0500858146845,147
50175000,100349.99989287388,-206447.96414269868,301.42218930346945,147
50180000,100359.99989283954,-206943.91919084243,301.32735157983655,147
50185000,100369.9998928052,-207232.0154618906,297.62935496731274,147
50190000,100379.99989277085,-205954.8730141843,297.89209737331396,147
50195000,100389.99989273651,-206122.04458997888,300.42736941659126,147
50200000,100399.99989270217,-206988.00084065227,301.51211872655006,147
50205000,100409.99989266782,-206841.64208897715,298.64839770802035,147
50210000,100419.99989263348,-205805.71043673262,304.7624742340229,146
50215000,100429.99989259914,-207587.57157859928,298.634489796768,146
50220000,100439.9998925648,-206120.12023109465,296.8280551158945,146
50225000,100449.99989253045,-206215.63251125207,301.294920141873,146
50230000,100459.99989249611,-206756.47824741027,298.86779776125127,146
50235000,100469.99989246177,-206332.58681125718,302.94199147638943,146
50240000,100479.99989242743,-206059.708622474,300.4097712753659,146
50245000,100489.99989239308,-206276.31355676346,299.9068399655852,146
50250000,100499.99989235874,-206332.75488197105,297.2251896911729,146
50255000,100509.9998923244,-206829.18717898556,297.046664867295,146
50260000,100519.99989229006,-206735.42689727212,301.2842008762543,146
50265000,100529.99989225571,-206744.2343392761,297.2632154526699,146
50270000,100539.99989222137,-206292.1701289193,301.4646128087533,146
50275000,100549.99989218703,-207046.89325404586,297.7385025848965,146
50280000,100559.99989215269,-207191.64527181885,302.52800046746637,146
50285000,100569.99989211834,-206435.97751368198,299.5343086417562,146
50290000,100579.999892084,-206496.04261966504,294.5706727805898,146
50295000,100589.99989204966,-207110.6368499864,304.4716537330134,146
50300000,100599.99989201532,-207043.03583632247,300.4894887910448,146
50305000,100609.99989198097,-205799.1223757771,297.2955207447755,146
50310000,100619.99989194663,-206427.56740441965,300.87049986118956,146
50315000,100629.99989191229,-206226.98228752823,299.8345440407909,146
50320000,100639.99989187795,-205931.06284859567,300.2052601582284,146
50325000,100649.9998918436,-207118.4369644915,301.68897491120424,146
50330000,100659.99989180926,-206546.16977681685,299.97935352900396,146
50335000,100669.99989177492,-207685.7296291542,302.04907321205246,146
50340000,100679.99989174058,-207048.10434223758,299.90505640210336,146
50345000,100689.99989170623,-206505.784399834,303.9501596731052,146
50350000,100699.99989167189,-206384.8617540825,300.99591968957213,146
50355000,100709.99989163755,-207009.8654834557,299.31320226221567,146
50360000,100719.9998916032,-207242.92884562933,299.20851067630383,146
50365000,100729.99989156886,-206077.667397051,301.31606210113694,146
50370000,100739.99989153452,-207128.15136697295,301.7146829858965,146
50375000,100749.99989150018,-206289.80481682043,300.15346929194345,146
50380000,100759.99989146584,-207202.85892623768,303.83518554936177,146
50385000,100769.9998914315,-206406.50323555944,299.6654983783623,146
50390000,100779.99989139715,-206927.3064208926,301.37586707145505,146
50395000,100789.99989136281,-206781.34829926107,302.9843362362831,146
50400000,100799.99989132847,-205907.5621741059,301.82742146394753,146
50405000,100809.99989129412,-206872.53200177976,304.8672362891585,146
50410000,100819.99989125978,-206570.09744891152,298.84871258263695,146
50415000,100829.99989122544,-205758.4764071597,298.28025310844805,146
50420000,100839.9998911911,-206718.9335927365,295.98582722564595,146
50425000,100849.99989115675,-206504.087378614,297.32380290546865,146
50430000,100859.99989112241,-206529.85368634714,300.7644220365609,146
50435000,100869.99989108807,-206078.71606374183,300.2001622450443,146
50440000,100879.99989105373,-206253.98077632836,296.24090906819794,146
50445000,100889.99989101938,-206119.3643951239,300.5576051674129,146
50450000,100899.99989098504,-207091.5834237691,298.6182605714909,146
50455000,100909.9998909507,-207133.9335895999,298.73829271633315,146
50460000,100919.99989091636,-205959.74696884456,303.8156879768034,146
50465000,100929.99989088201,-206330.75429626543,298.52555822221564,146
50470000,100939.99989084767,-206685.11144719948,304.7152798032395,146
50475000,100949.99989081333,-207246.99118698214,300.37957948405483,146
50480000,100959.99989077898,-205691.707537206,297.37225103464215,146
50485000,100969.99989074464,-205950.903647164,301.5835295764832,146
50490000,100979.9998907103,-206273.48429578834,301.68273699073734,146
50495000,100989.99989067596,-206495.15182526782,301.6194079695089,146
50500000,100999.99989064161,-206270.53905750928,302.8980830572097,146
50505000,101009.99989060727,-206776.79196836753,293.5977212887097,146
50510000,101019.99989057293,-206718.86836634856,300.9732699648349,146
50515000,101029.99989053859,-205720.3106929029,299.5648152949434,146
50520000,101039.99989050424,-206661.94618952717,300.00855028612386,146
50525000,101049.9998904699,-206993.52888876654,301.4657620740524,146
50530000,101059.99989043556,-206562.30486578308,300.6986687117425,146
50535000,101069.99989040122,-206467.17682641104,303.0618303529531,146
50540000,101079.99989036687,-206796.77016421047,296.27318508156856,146
50545000,101089.99989033253,-206743.25693141122,293.79306670113954,146
50550000,101099.99989029819,-206748.85823837342,301.13811483160737,146
50555000,101109.99989026385,-205934.390281089,298.2427804384882,146
50560000,101119.9998902295,-206733.42672084097,299.60672469462304,146
50565000,101129.99989019516,-206684.40726812265,301.94988159166394,146
50570000,101139.99989016082,-207234.26676256617,298.25169593815485,146
50575000,101149.99989012648,-205936.51433383906,302.2511482309736,146
50580000,101159.99989009213,-206642.34064951178,302.60801962078233,146
50585000,101169.99989005779,-206430.8048558114,305.26311616847374,146
50590000,101179.99989002345,-206894.04321026092,301.49943953698664,146
50595000,101189.9998899891,-206890.92728133942,300.8751236714613,146
50600000,101199.99988995476,-206478.9706480453,300.4271432003272,146
50605000,101209.99988992042,-205870.43984308373,300.0548071908253,146
50610000,101219.99988988608,-206443.13226059568,300.0639608866842,146
50615000,101229.99988985174,-205727.1236997624,297.2556869402512,146
50620000,101239.9998898174,-206358.40115111636,303.2236323502891,146
50625000,101249.99988978305,-206322.53712175298,298.60464594645094,146
50630000,101259.99988974871,-206364.40685553022,296.3922786659389,146
50635000,101269.99988971437,-206376.047495557,295.8702605813666,146
50640000,101279.99988968002,-205514.4283720815,301.546617615242,146
50645000,101289.99988964568,-207014.25047862378,303.5676969681976,146
50650000,101299.99988961134,-206195.56169120793,298.69944136686496,146
50655000,101309.999889577,-206515.9018206345,303.16229927618014,146
50660000,101319.99988954265,-206557.7876810918,297.2893811976366,146
50665000,101329.99988950831,-206473.4864624379,298.67572597190764,146
50670000,101339.99988947397,-205981.4802213629,301.4864699174256,146
50675000,101349.99988943963,-206271.02286216535,300.7246735330909,146
50680000,101359.99988940528,-206135.4618699036,302.87378710053423,146
50685000,101369.99988937094,-206454.42552328738,298.611967361673,146
50690000,101379.9998893366,-206662.32273120293,298.9485836058861,146
50695000,101389.99988930226,-205897.5965331965,303.2440930252792,146
50700000,101399.99988926791,-206734.03921124805,301.6212847129937,146
50705000,101409.99988923357,-206521.2828244625,300.3994437090241,146
50710000,101419.99988919923,-206510.22148552467,300.9250020729976,146
50715000,101429.99988916489,-206363.83142664505,299.767856699421,146
50720000,101439.99988913054,-207342.57421807328,299.3709210347265,146
50725000,101449.9998890962,-206790.53883692273,297.12596871548527,146
50730000,101459.99988906186,-206566.187218452,298.4061174466832,146
50735000,101469.99988902752,-206016.4287794031,298.30475322250714,146
50740000,101479.99988899317,-206579.14287610096,302.3507263027367,146
50745000,101489.99988895883,-206182.81308974908,302.68835150808394,146
50750000,101499.99988892449,-206443.27297825413,303.56795895943765,146
50755000,101509.99988889015,-206401.7049952387,302.4251606530058,146
50760000,101519.9998888558,-206349.17143081105,295.95102757816375,146
50765000,101529.99988882146,-206285.96400995925,300.9954054497958,146
50770000,101539.99988878712,-206102.3493384755,300.1577766910648,146
50775000,101549.99988875278,-206646.7570761249,296.1531287335576,146
50780000,101559.99988871843,-206346.73354936612,300.31400601775306,146
50785000,101569.99988868409,-206842.003422149,303.97216364015554,146
50790000,101579.99988864975,-206560.63930656633,305.66597048193415,146
50795000,101589.9998886154,-206008.02798625594,299.25586211859223,146
50800000,101599.99988858106,-206482.45224973105,299.59476764914524,146
50805000,101609.99988854672,-207683.3382810217,296.7488479590548,146
50810000,101619.99988851238,-206059.99275818781,296.6261143452133,146
50815000,101629.99988847804,-206439.36504807882,296.3689679405524,146
50820000,101639.9998884437,-205943.9709454698,305.25052190937043,146
50825000,101649.99988840935,-206834.92490091082,296.5893743489697,146
50830000,101659.99988837501,-206960.5559377966,302.20085215545726,146
50835000,101669.99988834067,-206883.43925895856,298.1273401285004,146
50840000,101679.99988830632,-206229.96118989086,296.48548184489323,146
50845000,101689.99988827198,-205867.83303055563,302.6716506808469,146
50850000,101699.99988823764,-207242.76080369204,300.6337908741522,146
50855000,101709.9998882033,-206386.65542557975,301.51043482090813,146
50860000,101719.99988816895,-207454.02530460514,300.3712033870258,146
50865000,101729.99988813461,-206288.49302067386,300.1580626018219,146
50870000,101739.99988810027,-206604.53030586604,296.5872228861535,146
50875000,101749.99988806593,-206008.98654033104,299.59797080570047,146
50880000,101759.99988803158,-206500.91337591445,298.7974387211213,146
50885000,101769.99988799724,-207040.76531651046,297.8428142680603,146
50890000,101779.9998879629,-206139.05328351748,301.12113958507877,146
50895000,101789.99988792856,-206788.13893599878,296.60676655782345,146
50900000,101799.99988789421,-206913.79601400578,303.5413293060669,146
50905000,101809.99988785987,-206625.5116330455,296.150678613448,146
50910000,101819.99988782553,-206084.38742684177,305.68370773836205,146
50915000,101829.99988779119,-206950.60408718337,300.8267505514375,146
50920000,101839.99988775684,-207003.8101021211,298.44479654888397,146
50925000,101849.9998877225,-206233.90999703796,296.1513497798379,146
50930000,101859.99988768816,-206402.13765015616,304.02805865501955,146
50935000,101869.99988765382,-206672.78250771388,297.6544167770243,146
50940000,101879.99988761947,-206310.31653378566,302.5667996812024,146
50945000,101889.99988758513,-207617.5685702311,300.58095820461665,146
50950000,101899.99988755079,-206365.18292857974,302.1621959699511,146
50955000,101909.99988751645,-205766.4176250135,297.6324752257246,146
50960000,101919.9998874821,-206591.39961931854,301.1455814630259,146
50965000,101929.99988744776,-207050.08511152596,301.6480911361915,146
50970000,101939.99988741342,-206397.24127947853,302.76843101715895,146
50975000,101949.99988737908,-207080.59389034717,302.1125813148712,146
50980000,101959.99988734473,-207313.24662430107,296.0848397405871,146
50985000,101969.99988731039,-206366.47232544853,299.86164023011384,146
50990000,101979.99988727605,-206793.6039304427,300.6538866834464,146
50995000,101989.9998872417,-207506.44388970325,302.52544229834956,146
51000000,101999.99988720736,-206893.37525472685,300.135953624873,146
51005000,102009.99988717302,-206385.89023661544,302.2596993571589,146
51010000,102019.99988713868,-207114.48338158976,300.7515840632536,146
51015000,102029.99988710434,-207045.01329875796,299.05361372715737,146
51020000,102039.99988707,-206787.65111185214,299.46257186230014,146
51025000,102049.99988703565,-206499.9091874318,297.49697472483865,146
51030000,102059.99988700131,-206696.3315103841,302.40163246902085,146
51035000,102069.99988696697,-206876.92160861136,298.584959062778,146
51040000,102079.99988693262,-206743.05071378604,303.1835029877015,146
51045000,102089.99988689828,-207067.6903838527,300.3440704852946,146
51050000,102099.99988686394,-206934.54365716828,298.81212397236493,146
51055000,102109.9998868296,-206578.69099624886,298.34201294221623,146
51060000,102119.99988679525,-206447.7092929834,301.0848393308677,146
51065000,102129.99988676091,-206845.12414768827,298.46486257743976,146
51070000,102139.99988672657,-206180.03024338465,297.1791936745949,146
51075000,102149.99988669223,-206122.3496388162,302.337902747497,146
51080000,102159.99988665788,-207158.23384793766,292.8409035254481,146
51085000,102169.99988662354,-206291.40677776677,300.51109114478015,146
51090000,102179.9998865892,-206652.45500871516,301.605672971822,146
51095000,102189.99988655486,-206859.24371810316,301.70763883479594,146
51100000,102199.99988652051,-206430.1424069549,297.94746804190237,146
51105000,102209.99988648617,-206719.5303372345,301.02786019684044,146
51110000,102219.99988645183,-205899.22146923444,299.9565570563046,146
51115000,102229.99988641748,-207108.67472797504,301.5961624176794,146
51120000,102239.99988638314,-206268.24101584312,298.78216497276986,146
51125000,102249.9998863488,-206465.89126901072,302.2368721489758,146
51130000,102259.99988631446,-206526.2318078758,301.57626105960827,146
51135000,102269.99988628011,-206444.9326133316,298.40321162246124,146
51140000,102279.99988624577,-206604.4209358479,298.4965068095504,146
51145000,102289.99988621143,-206491.85050628067,298.59871985648124,146
51150000,102299.99988617709,-206740.562178034,297.65356520734,146
51155000,102309.99988614274,-206721.43276027893,299.124524863442,146
51160000,102319.9998861084,-206369.34637866612,305.2742150356179,146
51165000,102329.99988607406,-206268.0727827293,302.12445350954795,146
51170000,102339.99988603972,-206715.67997177714,298.3587632269078,146
51175000,102349.99988600537,-206581.1272816161,300.3246272041,146
51180000,102359.99988597103,-206975.63184254465,297.77700558370015,146
51185000,102369.99988593669,-206810.56704522797,298.39543196588465,146
51190000,102379.99988590235,-206921.73911517952,298.85481743666844,146
51195000,102389.999885868,-206905.2736680339,299.3773408621587,146
51200000,102399.99988583366,-206490.5229822786,299.68281649929634,146
51205000,102409.99988579932,-206780.3881728314,304.4454147587088,146
51210000,102419.99988576498,-205799.44521076186,299.58674437676126,146
51215000,102429.99988573063,-206816.33030644793,301.5946455672687,146
51220000,102439.99988569629,-206698.54254032462,296.3205070233115,146
51225000,102449.99988566195,-206908.7215187978,300.27800800949774,146
51230000,102459.9998856276,-206462.33224876097,302.9608665764143,146
51235000,102469.99988559326,-207546.15161833086,302.9767919249218,146
51240000,102479.99988555892,-206898.85954035225,297.39791832748915,146
51245000,102489.99988552458,-206700.69993378175,299.4684038335385,146
51250000,102499.99988549024,-206720.28120398114,301.88230629264956,146
51255000,102509.9998854559,-207396.19619467377,302.4570739024591,146
51260000,102519.99988542155,-206135.2519432071,299.438559778808,146
51265000,102529.99988538721,-206367.73081726942,301.6370639716329,146
51270000,102539.99988535287,-206647.46028151596,298.569789617407,146
51275000,102549.99988531852,-206346.91537285922,300.31748947277583,146
51280000,102559.99988528418,-206093.16551279253,304.9921369043623,146
51285000,102569.99988524984,-206672.2439269052,303.03516260327456,146
51290000,102579.9998852155,-207005.49336527218,297.9887615927654,146
51295000,102589.99988518115,-206106.7736632895,300.8560979579476,146
51300000,102599.99988514681,-207186.99348844716,298.74881436201946,146
51305000,102609.99988511247,-206826.50617470872,300.83086429767076,146
51310000,102619.99988507813,-206294.04408643965,301.7316541730191,146
51315000,102629.99988504378,-206377.8195694969,300.5290697185678,146
51320000,102639.99988500944,-206882.68599420297,298.82783457471174,146
51325000,102649.9998849751,-206036.02497421834,300.83372363875145,146
51330000,102659.99988494076,-206645.6795588408,300.4970166880449,146
51335000,102669.99988490641,-206874.7750222216,301.1497994348195,146
51340000,102679.99988487207,-205837.02821403067,296.7294444918568,146
51345000,102689.99988483773,-206551.16721910064,299.8698893581278,146
51350000,102699.99988480339,-206997.36377111066,299.0775211162187,146
51355000,102709.99988476904,-206891.87624370866,295.03490870232866,146
51360000,102719.9998847347,-206570.00926299696,297.8534310011072,146
51365000,102729.99988470036,-206761.73265985365,299.9698141328377,146
51370000,102739.99988466602,-206995.92371399514,303.6110474030529,146
51375000,102749.99988463167,-206517.6516349028,304.3956755621367,146
51380000,102759.99988459733,-206288.21566996106,298.54143607430194,146
51385000,102769.99988456299,-207417.27387911244,300.7615788007335,146
51390000,102779.99988452865,-205817.22085107712,298.3110441093212,146
51395000,102789.9998844943,-206013.9422669598,303.99060847806874,146
51400000,102799.99988445996,-206474.12951640156,295.70665900329016,146
51405000,102809.99988442562,-206720.13616946782,296.36287051699816,146
51410000,102819.99988439128,-206722.57790459692,302.7502765972612,146
51415000,102829.99988435693,-206524.70062892372,295.4174984108864,146
51420000,102839.99988432259,-206325.22034638596,300.5478134163743,146
51425000,102849.99988428825,-206703.18931401218,299.40371871641094,146
51430000,102859.9998842539,-206940.07851660927,302.8032259814616,146
51435000,102869.99988421956,-206091.12484765914,298.6603267492024,146
51440000,102879.99988418522,-206904.59398638934,299.2622065245925,146
51445000,102889.99988415088,-206298.35073129437,304.45084832887676,146
51450000,102899.99988411654,-206244.7975256499,299.560713680907,146
51455000,102909.9998840822,-206998.54233186017,303.45082730258014,146
51460000,102919.99988404785,-206722.5925447886,298.683855946937,146
51465000,102929.99988401351,-207281.09196958598,302.01245504654446,146
51470000,102939.99988397917,-206824.57289412373,305.53888265221667,146
51475000,102949.99988394482,-206996.68402842968,301.8767827775852,146
51480000,102959.99988391048,-206434.30845569854,300.7382516176994,146
51485000,102969.99988387614,-206689.28497704235,297.9776244849082,146
51490000,102979.9998838418,-206031.06734417425,298.87261615367237,146
51495000,102989.99988380745,-206209.69621838164,302.5897636939416,146
51500000,102999.99988377311,-207125.10693335743,300.0005218087661,146
51505000,103009.99988373877,-207144.21478699858,303.68762855002296,146
51510000,103019.99988370443,-206503.42474177864,305.68075411477884,146
51515000,103029.99988367008,-207194.14285422687,297.9367698931403,146
51520000,103039.99988363574,-206663.436999548,299.1089226348037,146
51525000,103049.9998836014,-206602.09533710545,299.2833898128247,146
51530000,103059.99988356706,-205975.12978495937,297.4385712994124,146
51535000,103069.99988353271,-206445.30430013547,297.80222198708765,146
51540000,103079.99988349837,-206682.7391655438,302.37398877493706,146
51545000,103089.99988346403,-206098.25883563014,299.2192016371761,146
51550000,103099.99988342969,-205932.8578973842,301.2629557484853,146
51555000,103109.99988339534,-207201.97531352704,303.529188215024,146
51560000,103119.999883361,-206439.1260732141,298.54503556225944,146
51565000,103129.99988332666,-207016.18326712993,305.2764082689507,146
51570000,103139.99988329232,-206686.4272742211,297.5642974148348,146
51575000,103149.99988325797,-206626.26793200045,298.53657588480115,146
51580000,103159.99988322363,-206523.3324660326,306.41688237039523,146
51585000,103169.99988318929,-207199.48407496884,303.7800253434151,146
51590000,103179.99988315495,-205894.26040523895,297.7113088583122,146
51595000,103189.9998831206,-206162.9392113858,298.8495211236468,146
51600000,103199.99988308626,-206390.6175684703,302.8428801662954,146
51605000,103209.99988305192,-206697.9541141322,298.53342890783676,146
51610000,103219.99988301758,-206390.80250753812,301.3994996912544,146
51615000,103229.99988298323,-206345.7169744263,296.9578401744092,146
51620000,103239.99988294889,-207088.65011410334,298.1775017392539,146
51625000,103249.99988291455,-205775.86581511365,297.15856526518047,146
51630000,103259.9998828802,-206261.81143681752,297.4237724448974,146
51635000,103269.99988284586,-206635.79257070436,299.2412514543245,146
51640000,103279.99988281152,-206506.3072648805,298.08562325422986,146
51645000,103289.99988277718,-206472.19404859794,305.68611578878637,146
51650000,103299.99988274284,-206164.26249684277,301.20606351774745,146
51655000,103309.9998827085,-206959.63084844965,299.93401593668926,146
51660000,103319.99988267415,-206043.65095618414,300.36188701405854,146
51665000,103329.99988263981,-206218.80977410276,298.5694835022808,146
51670000,103339.99988260547,-206072.87130924442,300.5157014556321,146
51675000,103349.99988257112,-205883.93674365908,304.797314829651,146
51680000,103359.99988253678,-206254.31301555387,303.9356276100926,146
51685000,103369.99988250244,-206656.41784682195,298.1304297754542,146
51690000,103379.9998824681,-206305.59848330612,298.80336249116453,146
51695000,103389.99988243375,-206742.44151698006,303.3681586108002,146
51700000,103399.99988239941,-206519.45816266374,303.4394481017401,146
51705000,103409.99988236507,-206012.4832337693,297.3382084196485,146
51710000,103419.99988233073,-207266.56109080778,300.6034624997325,146
51715000,103429.99988229638,-206248.19534120173,305.28376601801637,146
51720000,103439.99988226204,-206734.4013646706,304.2773386935932,146
51725000,103449.9998822277,-206496.43397934712,302.77221919258585,146
51730000,103459.99988219336,-206303.98860677786,305.41263462798105,146
51735000,103469.99988215901,-207213.95112266648,298.68980810135486,146
51740000,103479.99988212467,-206147.80311487487,302.7369177252011,146
51745000,103489.99988209033,-206522.8259756941,304.46778369637525,146
51750000,103499.99988205598,-206886.5214042497,302.09272503905635,146
51755000,103509.99988202164,-207045.7090891694,301.479278954415,146
51760000,103519.9998819873,-205926.73734229128,301.6080752616351,146
51765000,103529.99988195296,-206027.05914164393,299.78469248190964,146
51770000,103539.99988191861,-206347.74597404257,297.0630421071108,146
51775000,103549.99988188427,-206749.01249259908,295.9948755344006,146
51780000,103559.99988184993,-207639.2092922883,301.400854350723,146
51785000,103569.99988181559,-207595.40806390275,299.21369929600877,146
51790000,103579.99988178124,-206229.61188426358,300.23136426710676,146
51795000,103589.9998817469,-206712.39886558254,300.42856896665995,146
51800000,103599.99988171256,-206170.66406186915,301.6770920554932,146
51805000,103609.99988167822,-207096.01373373123,298.83328111605266,146
51810000,103619.99988164387,-206618.6681113816,299.56870295433924,146
51815000,103629.99988160953,-206959.92395776662,305.39033168216747,146
51820000,103639.99988157519,-206185.43145577377,300.91162911820277,146
51825000,103649.99988154085,-206038.90082461108,299.87749507881523,146
51830000,103659.9998815065,-206793.25331138284,297.34869172686973,146
51835000,103669.99988147216,-206807.78036871133,299.7501155506591,146
51840000,103679.99988143782,-206115.6752740438,302.8078063524241,146
51845000,103689.99988140348,-206478.94188306108,299.48771317840743,146
51850000,103699.99988136913,-206299.84090545517,298.5021763706443,146
51855000,103709.99988133479,-206863.0708923547,299.5351635396394,146
51860000,103719.99988130045,-206083.27115985844,302.28327910045607,146
51865000,103729.9998812661,-206802.18000577867,296.7600860298285,146
51870000,103739.99988123176,-206649.31263398868,305.3489237970953,146
51875000,103749.99988119742,-206722.5070234537,299.1041823656447,146
51880000,103759.99988116308,-206453.08587451163,301.66456530464814,146
51885000,103769.99988112874,-206670.53808146867,302.9667417777174,146
51890000,103779.9998810944,-205843.4072904311,301.8410466692204,146
51895000,103789.99988106005,-206717.26701951574,299.9606730308759,146
51900000,103799.99988102571,-206871.78020313533,299.5344944995456,146
51905000,103809.99988099137,-206191.28900264692,299.72592595483303,146
51910000,103819.99988095702,-206504.7040745227,304.7673046495399,146
51915000,103829.99988092268,-206756.12663060217,297.9437946016915,146
51920000,103839.99988088834,-205693.58336724306,294.3827358595882,146
51925000,103849.999880854,-207569.73763069033,301.0812901607945,146
51930000,103859.99988081965,-206628.41554076364,297.4832728558366,146
51935000,103869.99988078531,-206485.61556304607,301.66449690915704,146
51940000,103879.99988075097,-206835.3265049915,294.573516404027,146
51945000,103889.99988071663,-206363.2579779519,299.68088635014067,146
51950000,103899.99988068228,-206769.1806601287,298.7056072162903,146
51955000,103909.99988064794,-207048.5292425505,304.5948646153621,146
51960000,103919.9998806136,-206742.90288316307,299.5477116162628,146
51965000,103929.99988057926,-206211.1524960877,298.641530401055,146
51970000,103939.99988054491,-207203.4397341914,298.89166154519086,146
51975000,103949.99988051057,-206484.9757491739,297.97079394414635,146
51980000,103959.99988047623,-205959.7414567778,298.97698482001493,146
51985000,103969.99988044189,-207211.40254393185,296.36887788457625,146
51990000,103979.99988040754,-207085.17074767023,298.5790462266591,146
51995000,103989.9998803732,-206273.2471511704,298.33664622398135,146
52000000,103999.99988033886,-206735.06628624967,296.8192739623179,146
52005000,104009.99988030452,-206353.70060129848,301.65257287368684,146
52010000,104019.99988027017,-205757.7784777016,292.2820114239652,146
52015000,104029.99988023583,-206258.5875604523,302.62261656705465,146
52020000,104039.99988020149,-207158.69856497692,303.4133929529224,146
52025000,104049.99988016715,-206342.79974522674,303.6479938741883,146
52030000,104059.9998801328,-206863.20412180608,303.4485251303698,146
52035000,104069.99988009846,-206414.21649519436,301.75948652194984,146
52040000,104079.99988006412,-206556.79029133334,302.4612050157606,146
52045000,104089.99988002978,-205948.02101353684,298.20035019628716,146
52050000,104099.99987999543,-206912.89891413576,297.5704460452781,146
52055000,104109.99987996109,-207044.88596832217,302.9937801983818,146
52060000,104119.99987992675,-206781.5266694749,304.7158248756117,146
52065000,104129.9998798924,-206838.8162935048,303.64255914878726,146
52070000,104139.99987985806,-206404.9126361307,299.65266397671894,146
52075000,104149.99987982372,-207186.70232336817,302.1404064032844,146
52080000,104159.99987978938,-206226.6689597608,301.02527703535065,146
52085000,104169.99987975504,-206408.5068078267,297.08911625895524,146
52090000,104179.9998797207,-206650.72114882944,302.65320361995106,146
52095000,104189.99987968635,-206505.56478586548,303.3736127295495,146
52100000,104199.99987965201,-206906.8584690995,302.554489046986,146
52105000,104209.99987961767,-206151.64126631385,300.1095553899468,146
52110000,104219.99987958332,-206594.637431002,300.9942391219319,146
52115000,104229.99987954898,-206797.71274482692,297.00882411986566,146
52120000,104239.99987951464,-205782.02800333395,297.4838986538691,146
52125000,104249.9998794803,-205757.8362625091,297.0626482543886,146
52130000,104259.99987944595,-207037.69872538385,302.72603061907915,146
52135000,104269.99987941161,-206648.89025927428,303.05714981391316,146
52140000,104279.99987937727,-206898.19527824293,296.69700267384957,146
52145000,104289.99987934293,-206722.30554540455,304.63357231385413,146
52150000,104299.99987930858,-206999.1592768482,300.39680325382653,146
52155000,104309.99987927424,-207084.0873305106,304.9761271488254,146
52160000,104319.9998792399,-207268.92701296695,304.56632909680457,146
52165000,104329.99987920556,-206510.0011269478,303.88067811216524,146
52170000,104339.99987917121,-205880.4316748716,297.9640863543347,146
52175000,104349.99987913687,-207620.73742972687,300.64793016584946,146
52180000,104359.99987910253,-206522.96563778562,303.5067755812438,146
52185000,104369.99987906819,-206350.95692577166,303.91347431537895,146
52190000,104379.99987903384,-206572.37617511582,302.1234296423417,146
52195000,104389.9998789995,-206175.00375870487,297.68293491647273,146
52200000,104399.99987896516,-206720.27244217193,298.28608521638023,146
52205000,104409.99987893082,-206392.66228324175,302.2520240495168,146
52210000,104419.99987889647,-206645.77258854883,296.2947320322805,146
52215000,104429.99987886213,-207396.2894454957,299.3274547543466,146
52220000,104439.99987882779,-205839.3733551876,301.8051545017769,146
52225000,104449.99987879345,-206539.00001450372,301.56908330940473,146
52230000,104459.9998787591,-206181.80264135834,297.0384050931985,146
52235000,104469.99987872476,-206878.2331730388,297.77993338032377,146
52240000,104479.99987869042,-206954.82635652623,301.6448815877134,146
52245000,104489.99987865608,-206509.8697157806,300.2737801423776,146
52250000,104499.99987862173,-207471.46256337105,297.3187846502711,146
52255000,104509.99987858739,-205852.65177021362,298.74262624073367,146
52260000,104519.99987855305,-206606.6960781368,297.77641369611774,146
52265000,104529.9998785187,-206564.46803117392,297.53428568144017,146
52270000,104539.99987848436,-206588.21195819217,300.32905105557126,146
52275000,104549.99987845002,-205600.66398024873,297.26100383602596,146
52280000,104559.99987841568,-206270.80005364318,302.19402483203555,146
52285000,104569.99987838134,-206687.43684277742,301.6912215494206,146
52290000,104579.999878347,-206689.64258920122,302.1046245348328,146
52295000,104589.99987831265,-206897.88782908872,296.08738846262594,146
52300000,104599.99987827831,-205754.0208357356,297.4169452726798,146
52305000,104609.99987824397,-206059.8862110559,300.7080178592088,146
52310000,104619.99987820962,-206998.3700332048,299.29013775603505,146
52315000,104629.99987817528,-206448.65662516863,307.26039772555066,146
52320000,104639.99987814094,-206102.33292585763,302.8890002437267,146
52325000,104649.9998781066,-207028.27955086424,299.1034045753868,146
52330000,104659.99987807225,-206256.63814047386,297.76247533709466,146
52335000,104669.99987803791,-206766.29445403581,300.3331621386907,146
52340000,104679.99987800357,-206094.76316562132,300.57989051273813,146
52345000,104689.99987796923,-207749.41593158594,298.4392230640533,146
52350000,104699.99987793488,-206614.6397620628,297.77089919554254,146
52355000,104709.99987790054,-206259.57470366277,299.44693308310457,146
52360000,104719.9998778662,-206799.52883974218,303.15847566057306,146
52365000,104729.99987783185,-206313.89849202998,305.75306065195934,146
52370000,104739.99987779751,-206743.65617109556,302.79220674003903,146
52375000,104749.99987776317,-205794.99284005992,300.0913692651849,146
52380000,104759.99987772883,-206664.85047984845,301.694623791165,146
52385000,104769.99987769448,-206682.46014894487,305.44002034685013,146
52390000,104779.99987766014,-207487.63925006147,300.5256628110818,146
52395000,104789.9998776258,-206496.66101161367,296.7460548922999,146
52400000,104799.99987759146,-206536.17411563313,303.6283053571818,146
52405000,104809.99987755711,-207273.0281149625,302.5214411482937,146
52410000,104819.99987752277,-206916.02482585504,301.35595949081085,146
52415000,104829.99987748843,-206087.34411387157,303.5319328539221,146
52420000,104839.99987745409,-206602.5890170833,295.34545822178717,146
52425000,104849.99987741974,-206993.3878314941,303.1498508954056,146
52430000,104859.9998773854,-206806.93501903408,295.4572805942076,146
52435000,104869.99987735106,-206431.09405468963,296.47048657111714,146
52440000,104879.99987731672,-206882.2908475023,303.79187078860264,146
52445000,104889.99987728237,-206295.22261170112,299.1909738215307,146
52450000,104899.99987724803,-207063.35053771106,301.94899865242894,146
52455000,104909.99987721369,-207049.22462297557,295.70634191828697,146
52460000,104919.99987717935,-206727.7009817965,299.9295703399045,146
52465000,104929.999877145,-206856.5208562325,301.1839610525366,146
52470000,104939.99987711066,-206687.9563227155,302.0761837971848,146
52475000,104949.99987707632,-207180.55821165466,303.78800831981937,146
52480000,104959.99987704198,-206457.1560828992,300.47671888122613,146
52485000,104969.99987700763,-206706.68622634083,302.87884527697736,146
52490000,104979.99987697329,-206212.4642428148,300.9348014654071,146
52495000,104989.99987693895,-206464.8651377859,299.4815484469627,146
52500000,104999.9998769046,-205925.2282421582,301.0731695751455,146
52505000,105009.99987687026,-206477.72596165992,302.1480828169133,146
52510000,105019.99987683592,-206569.31884829502,297.5598514171643,146
52515000,105029.99987680158,-206890.81197891897,298.65917334648645,146
52520000,105039.99987676724,-206576.90834484296,293.8642719571672,146
52525000,105049.9998767329,-206986.84687652765,299.5887126881191,146
52530000,105059.99987669855,-206271.2812552529,301.67595613391353,146
52535000,105069.99987666421,-207162.55228516832,300.2346099208834,146
52540000,105079.99987662987,-206486.98864828027,302.4358369353875,146
52545000,105089.99987659552,-206867.8817310707,298.6089961193222,146
52550000,105099.99987656118,-206539.26895722188,300.07714769598493,146
52555000,105109.99987652684,-206460.74748815421,300.30272143417875,146
52560000,105119.9998764925,-206419.48140484164,301.2052262024569,146
52565000,105129.99987645815,-206169.39922466688,294.2573424521619,146
52570000,105139.99987642381,-206119.65266995504,300.6007613743934,146
52575000,105149.99987638947,-206287.37326635479,302.13823370026284,146
52580000,105159.99987635513,-206669.2884845459,298.1948148567375,146
52585000,105169.99987632078,-205825.0602219028,298.14949504591164,146
52590000,105179.99987628644,-206407.94173401955,304.1607635986462,146
52595000,105189.9998762521,-206407.9396449111,301.79310699567424,146
52600000,105199.99987621776,-205879.3409419005,299.04208074585335,146
52605000,105209.99987618341,-207453.2931727902,298.78670295937457,146
52610000,105219.99987614907,-207067.34154579206,304.6873083271647,146
52615000,105229.99987611473,-206813.50640638324,298.8771848762142,146
52620000,105239.99987608039,-206176.69968623633,297.5903509205774,146
52625000,105249.99987604604,-206840.94326537207,296.4437850119986,146
52630000,105259.9998760117,-206696.076792944,299.05235931373807,146
52635000,105269.99987597736,-206832.6519272835,299.77425049906986,146
52640000,105279.99987594302,-206665.22424061468,299.88844487003416,146
52645000,105289.99987590867,-206854.23825153336,297.9749845503669,146
52650000,105299.99987587433,-206622.31014448951,299.254124524273,146
52655000,105309.99987583999,-205962.6676514363,299.66406831984915,146
52660000,105319.99987580565,-206763.5526240539,302.6329521058334,146
52665000,105329.9998757713,-207295.27160513785,300.1696316376616,146
52670000,105339.99987573696,-206371.4331579334,297.3295934025233,146
52675000,105349.99987570262,-206174.6433423874,302.27753826035763,146
52680000,105359.99987566828,-206634.2162312232,304.2825772842185,146
52685000,105369.99987563393,-206212.2129636031,300.9226931246932,146
52690000,105379.99987559959,-206333.3095603449,296.1504888440536,146
52695000,105389.99987556525,-206211.8425145012,297.14307806703806,146
52700000,105399.9998755309,-206734.1617571517,302.0931142175203,146
52705000,105409.99987549656,-206706.00682925456,300.3806759305963,146
52710000,105419.99987546222,-206300.69670518173,296.29511733708875,146
52715000,105429.99987542788,-206094.28488521953,301.60092391927617,146
52720000,105439.99987539354,-206885.5458082304,304.70078712875784,146
52725000,105449.9998753592,-205727.73758871946,302.16640246944,146
52730000,105459.99987532485,-206312.30375121126,299.1538253795399,146
52735000,105469.99987529051,-206127.83004109818,299.86234044727644,146
52740000,105479.99987525617,-206756.23461679323,303.07065115769666,146
52745000,105489.99987522182,-206728.0034725403,302.1135618998348,146
52750000,105499.99987518748,-206528.1581753221,302.35421793902594,146
52755000,105509.99987515314,-206519.4854403407,304.20900014053854,146
52760000,105519.9998751188,-206597.1863015066,302.78844947621434,146
52765000,105529.99987508445,-206520.99756265362,299.3186134541944,146
52770000,105539.99987505011,-207067.26729169604,298.06296894236567,146
52775000,105549.99987501577,-206705.50218512164,301.8596154378721,146
52780000,105559.99987498143,-206962.01119389012,299.2256733943283,146
52785000,105569.99987494708,-206567.82943119528,303.3778468020714,146
52790000,105579.99987491274,-207022.92880325706,297.71034876963165,146
52795000,105589.9998748784,-206635.81746187434,306.0006251306273,146
52800000,105599.99987484406,-206044.16897762544,297.3979847787725,146
52805000,105609.99987480971,-206620.90076485742,299.9218492775979,146
52810000,105619.99987477537,-206959.48665239627,298.8435596737506,146
52815000,105629.99987474103,-206450.6497945555,297.81745156706415,146
52820000,105639.99987470669,-207120.44981496432,297.0720428404212,146
52825000,105649.99987467234,-205916.1801697103,300.29873061823236,146
52830000,105659.999874638,-206158.72805769066,299.30749548828584,146
52835000,105669.99987460366,-207035.8469804516,297.6434382985652,146
52840000,105679.99987456932,-206630.0921607553,298.4627925029331,146
52845000,105689.99987453497,-205922.59864672343,306.6257149372858,146
52850000,105699.99987450063,-206111.63902723906,300.9825283596623,146
52855000,105709.99987446629,-206781.30352825043,298.4755823165232,146
52860000,105719.99987443195,-206331.39336725476,301.76318693353,146
52865000,105729.9998743976,-207885.61831999407,304.80123204023033,146
52870000,105739.99987436326,-206655.33275088714,299.87366927521606,146
52875000,105749.99987432892,-206568.4181699854,301.8462255724586,146
52880000,105759.99987429458,-206525.7999213715,299.4179753002873,146
52885000,105769.99987426023,-206822.26801269222,303.9522799834285,146
52890000,105779.99987422589,-207062.07853428903,299.41227695588907,146
52895000,105789.99987419155,-206620.44087202288,300.44626269107675,146
52900000,105799.9998741572,-206384.03401469858,302.10935191949886,146
52905000,105809.99987412286,-206853.95990142622,300.2747908541495,146
52910000,105819.99987408852,-206381.00819659093,300.4693476999963,146
52915000,105829.99987405418,-206503.3688510405,297.18253226348827,146
52920000,105839.99987401984,-206748.80027044553,298.3951979063005,146
52925000,105849.9998739855,-206940.2902098206,302.3647344476608,146
52930000,105859.99987395115,-206434.78092946962,300.02797422638173,146
52935000,105869.99987391681,-206800.10733606562,302.23698225853377,146
52940000,105879.99987388247,-206047.76765054406,302.17431180980674,146
52945000,105889.99987384812,-207128.21752622828,301.6356280936241,146
52950000,105899.99987381378,-207309.03649540828,303.4317642409319,146
52955000,105909.99987377944,-207028.67016881902,296.516187515871,146
52960000,105919.9998737451,-206632.11284032662,294.22203694558,146
52965000,105929.99987371075,-206630.30657106428,300.48254280164696,146
52970000,105939.99987367641,-206790.5855942018,299.5027846864141,146
52975000,105949.99987364207,-206245.75481787138,303.96031434091526,146
52980000,105959.99987360773,-207396.1166046837,304.4237783935754,146
52985000,105969.99987357338,-205846.29829511954,300.2702826440981,146
52990000,105979.99987353904,-206520.29134891217,303.11123296229897,146
52995000,105989.9998735047,-206085.2911328083,302.10286539194215,146
53000000,105999.99987347035,-206261.95843174844,297.6968237287367,146
53005000,106009.99987343601,-206794.29924627952,299.0886626952235,146
53010000,106019.99987340167,-206999.62594120333,302.931376114225,146
53015000,106029.99987336733,-205885.50219875737,298.9407300799601,146
53020000,106039.99987333298,-206849.12732464587,300.99743834974197,146
53025000,106049.99987329864,-206460.56587271485,296.17470701910094,146
53030000,106059.9998732643,-207054.12733696285,296.7388821855492,146
53035000,106069.99987322996,-206699.68054121628,301.7993811484189,146
53040000,106079.99987319561,-207022.48769111652,300.53457014417125,146
53045000,106089.99987316127,-206665.8030227821,300.13628195298344,146
53050000,106099.99987312693,-206361.184248938,299.3444126125156,146
53055000,106109.99987309259,-206069.751505267,305.59585776544253,146
53060000,106119.99987305824,-207283.13309464662,302.4521594175828,146
53065000,106129.9998730239,-205937.76726784988,299.8089964532194,146
53070000,106139.99987298956,-206521.64399924944,300.47702965635926,146
53075000,106149.99987295522,-206994.72742408526,299.10671984434174,146
53080000,106159.99987292087,-206005.23251535185,300.5203838149209,146
53085000,106169.99987288653,-206184.86426806322,304.89189976203716,146
53090000,106179.99987285219,-206949.24122994323,300.0139341773283,146
53095000,106189.99987281785,-206766.89408760355,296.49763208665837,146
53100000,106199.9998727835,-206607.04703875794,298.91359034820624,146
53105000,106209.99987274916,-206588.75906674005,299.91428309756367,146
53110000,106219.99987271482,-205538.01282535458,301.07356657561104,146
53115000,106229.99987268048,-206268.02805499535,298.2225875852813,146
53120000,106239.99987264613,-207199.0659025493,296.6023325517393,146
53125000,106249.99987261179,-206334.0628998864,301.21741311839173,146
53130000,106259.99987257745,-206584.0843638652,300.1914905083075,146
53135000,106269.9998725431,-206360.3222413729,305.1308808526892,146
53140000,106279.99987250876,-205972.7150184065,299.1513795917218,146
53145000,106289.99987247442,-206957.62857753364,301.4027990252004,146
53150000,106299.99987244008,-206026.73294666444,299.1536212089787,146
53155000,106309.99987240574,-207584.80729889777,299.38513197824847,146
53160000,106319.9998723714,-206585.46990926308,301.37804882983005,146
53165000,106329.99987233705,-206416.38179923862,302.32257419455067,146
53170000,106339.99987230271,-207279.56523730233,300.5102445847965,146
53175000,106349.99987226837,-206405.92120705335,299.4618166447526,146
53180000,106359.99987223402,-206292.5181504395,296.761548740318,146
53185000,106369.99987219968,-206874.57311223214,296.55069446257914,146
53190000,106379.99987216534,-206661.14337516553,297.73473716305233,146
53195000,106389.999872131,-206334.2652144921,297.732929427093,146
53200000,106399.99987209665,-207103.9544868986,301.85917346717446,146
53205000,106409.99987206231,-206366.44910173072,296.86849068548565,146
53210000,106419.99987202797,-206090.45229333662,301.6492209102384,146
53215000,106429.99987199363,-206784.73225074273,298.455280932858,146
53220000,106439.99987195928,-207054.00523850205,297.4247043260346,146
53225000,106449.99987192494,-206936.01278520562,301.6777778359498,146
53230000,106459.9998718906,-206008.62814499903,299.4880334112651,146
53235000,106469.99987185626,-206548.42173772678,296.10041423864544,146
53240000,106479.99987182191,-206321.91502033419,295.4825997515998,146
53245000,106489.99987178757,-207120.5408400197,302.64886133034423,146
53250000,106499.99987175323,-207054.44733715663,297.4815093258475,146
53255000,106509.99987171889,-205657.86480014282,295.6689758775661,146
53260000,106519.99987168454,-205932.09409866773,297.59536844367153,146
53265000,106529.9998716502,-206537.01400299487,302.307209088798,146
53270000,106539.99987161586,-206971.67689087614,302.21321281124017,146
53275000,106549.99987158152,-206818.50472326984,299.5375884417264,146
53280000,106559.99987154717,-206743.5679760857,296.77918720634244,146
53285000,106569.99987151283,-206278.94495363382,302.3071819134897,146
53290000,106579.99987147849,-207157.5699458226,302.65331647672264,146
53295000,106589.99987144415,-206691.87550201593,299.53794542287795,146
53300000,106599.9998714098,-206483.57501051272,302.4119418092863,146
53305000,106609.99987137546,-206700.96623281762,303.65419698999995,146
53310000,106619.99987134112,-205649.12425921776,299.4262852247193,146
53315000,106629.99987130678,-206665.69025535707,297.18939773075897,146
53320000,106639.99987127243,-206798.4202915862,299.24350962009703,146
53325000,106649.99987123809,-206819.57257338532,300.2576745290865,146
53330000,106659.99987120375,-207213.3009458097,300.6838368278143,146
53335000,106669.9998711694,-206350.12437039602,295.58944919453904,146
53340000,106679.99987113506,-207299.54380597698,298.4450339898965,146
53345000,106689.99987110072,-207306.62043259654,298.4793954332508,146
53350000,106699.99987106638,-206316.6660739407,299.10397229113187,146
53355000,106709.99987103204,-206365.0588284213,303.5797613572328,146
53360000,106719.9998709977,-206732.1389641381,296.1621328720658,146
53365000,106729.99987096335,-206875.87834221567,303.3712349957502,146
53370000,106739.99987092901,-207281.33496189723,297.5964528954063,146
53375000,106749.99987089467,-207279.18605260854,303.177165383053,146
53380000,106759.99987086032,-206409.844977231,297.99360015576855,146
53385000,106769.99987082598,-206480.3178809008,300.7761433320101,146
53390000,106779.99987079164,-205686.19460071414,302.0259631324087,146
53395000,106789.9998707573,-206565.03860546416,296.9476210797899,146
53400000,106799.99987072295,-205864.30891064648,300.26450721164,146
53405000,106809.99987068861,-206577.68398455612,300.12876861972586,146
53410000,106819.99987065427,-206866.97593618557,299.6285045686321,146
53415000,106829.99987061993,-206447.71425734158,303.3503542583815,146
53420000,106839.99987058558,-205963.90079325554,303.65609674521824,146
53425000,106849.99987055124,-206259.04365198698,300.028499450557,146
53430000,106859.9998705169,-206412.08285708877,298.8919550650589,146
53435000,106869.99987048256,-205584.51775670564,299.39577727871955,146
53440000,106879.99987044821,-206947.57000037504,301.3717764203212,146
53445000,106889.99987041387,-206545.598266277,302.84746949967007,146
53450000,106899.99987037953,-206261.05116578192,298.8885912023891,146
53455000,106909.99987034519,-207034.72912265034,301.10859090172886,146
53460000,106919.99987031084,-206453.10402051394,301.73063326424347,146
53465000,106929.9998702765,-206503.6007007612,301.2143122688807,146
53470000,106939.99987024216,-206372.39278166625,299.4998981950102,146
53475000,106949.99987020782,-206613.9122739936,298.3184477411919,146
53480000,106959.99987017347,-206413.86659868644,303.2197519598008,146
53485000,106969.99987013913,-205896.29792467842,301.25338735441375,146
53490000,106979.99987010479,-206723.35221157316,302.3076561375079,146
53495000,106989.99987007045,-206759.61887297558,303.9200616483675,146
53500000,106999.9998700361,-206384.42455353145,304.0914793552225,146
53505000,107009.99987000176,-207070.7806479655,299.41792816600343,146
53510000,107019.99986996742,-206389.25619521923,298.7711305776069,146
53515000,107029.99986993308,-206622.91957263043,300.74982326444797,146
53520000,107039.99986989873,-206184.48137566342,298.77605850994576,146
53525000,107049.99986986439,-207200.33337053354,293.8083153913787,146
53530000,107059.99986983005,-206389.43236667942,302.6430523793033,146
53535000,107069.9998697957,-206950.8800590355,300.4466192659427,146
53540000,107079.99986976136,-205494.0182772543,300.14344527883947,146
53545000,107089.99986972702,-206051.47284508694,298.40986041923475,146
53550000,107099.99986969268,-206650.6241625778,299.26784424805857,146
53555000,107109.99986965834,-206725.69283361943,300.3877309969531,146
53560000,107119.99986962399,-206868.4977153648,306.86921350968555,146
53565000,107129.99986958965,-206231.22262287547,302.93633149753566,146
53570000,107139.99986955531,-206329.09964536084,299.2535045381648,146
53575000,107149.99986952097,-206860.60552485636,300.3208203716649,146
53580000,107159.99986948662,-206550.73355754104,300.3998639302812,146
53585000,107169.99986945228,-205715.40420989948,297.73894502239693,146
53590000,107179.99986941794,-206989.2148215298,298.5840579668859,146
53595000,107189.9998693836,-206260.22920673084,298.7380274186313,146
53600000,107199.99986934925,-207261.10443394107,299.26907831599425,146
53605000,107209.99986931491,-206626.95606521552,301.6342934103634,146
53610000,107219.99986928057,-206678.76727541036,298.1273058803861,146
53615000,107229.99986924622,-206704.6927655721,298.56347660123384,146
53620000,107239.99986921188,-207101.42330019688,298.5829061099807,146
53625000,107249.99986917754,-206419.90810388315,301.0159942819706,146
53630000,107259.9998691432,-206860.73488636315,298.3671525414385,146
53635000,107269.99986910885,-206613.3202191,296.74305653182057,146
53640000,107279.99986907451,-206472.93467519584,308.37145857629775,146
53645000,107289.99986904017,-205283.95984648773,299.53416782720893,146
53650000,107299.99986900583,-206878.8668038533,300.726362320966,146
53655000,107309.99986897148,-206935.53255816433,298.44745013503666,146
53660000,107319.99986893714,-206859.1426740595,300.98004439505326,146
53665000,107329.9998689028,-206650.18674032623,302.79523548359884,146
53670000,107339.99986886846,-206551.64844911965,298.1936614666838,146
53675000,107349.99986883411,-206011.70023864962,301.5107557741797,146
53680000,107359.99986879977,-205642.45759485743,296.8526193368457,146
53685000,107369.99986876543,-206060.05031574657,301.66330099403956,146
53690000,107379.99986873109,-207448.35983906477,296.69617525906756,146
53695000,107389.99986869674,-206077.1787530164,303.8615420549598,146
53700000,107399.9998686624,-206332.17744989716,302.9669987716006,146
53705000,107409.99986862806,-206612.4778208898,304.60961109489045,146
53710000,107419.99986859372,-207033.98411602166,301.96277647494514,146
53715000,107429.99986855937,-206087.5855197647,300.2480784923155,146
53720000,107439.99986852503,-207055.3823842702,296.33301678745215,146
53725000,107449.99986849069,-206335.68766816007,301.8589298309305,146
53730000,107459.99986845635,-206475.8922316156,300.0260129720964,146
53735000,107469.999868422,-207140.5440552748,301.3872977156302,146
53740000,107479.99986838766,-207167.4342653181,297.7648427271394,146
53745000,107489.99986835332,-206798.7903504012,301.51119047074894,146
53750000,107499.99986831898,-206491.027138663,303.3775905073986,146
53755000,107509.99986828463,-207006.10280421912,296.87349491095415,146
53760000,107519.99986825029,-206272.6328685939,295.571219473944,146
53765000,107529.99986821595,-206635.00203982182,302.4992643449073,146
53770000,107539.9998681816,-206499.21667583298,305.19717731149336,146
53775000,107549.99986814726,-206198.37461387296,301.9056762339803,146
53780000,107559.99986811292,-206931.26072678575,303.4247644599173,146
53785000,107569.99986807858,-205894.31707746186,295.79463890211804,146
53790000,107579.99986804424,-206390.91489400738,304.7927054714547,146
53795000,107589.9998680099,-207533.59596094443,297.57123792230465,146
53800000,107599.99986797555,-206276.9858719483,298.7639207404137,146
53805000,107609.99986794121,-206797.56545477943,301.5496039633098,146
53810000,107619.99986790687,-206660.85726121522,299.6450936656416,146
53815000,107629.99986787252,-206445.5642232655,300.805578628567,146
53820000,107639.99986783818,-206239.33173956943,300.5397284031732,146
53825000,107649.99986780384,-206513.45034663507,297.46504616597025,146
53830000,107659.9998677695,-207588.77866348973,296.9084379778384,146
53835000,107669.99986773515,-206358.63779257587,297.6446999123836,146
53840000,107679.99986770081,-206060.92889575032,299.2629992537804,146
53845000,107689.99986766647,-206902.0391073298,300.2629979927753,146
53850000,107699.99986763213,-206768.7127263092,296.6624244978292,146
53855000,107709.99986759778,-206551.51694133226,302.74792376959863,146
53860000,107719.99986756344,-206842.88175474247,301.33703637242184,146
53865000,107729.9998675291,-206368.83740577917,297.2652626135045,146
53870000,107739.99986749476,-206178.12080371345,298.3427156382174,146
53875000,107749.99986746041,-206680.13065318903,299.43109750459746,146
53880000,107759.99986742607,-206465.30204795918,298.74327989593417,146
53885000,107769.99986739173,-206056.54574346193,296.0822867204185,146
53890000,107779.99986735739,-206709.3219124952,302.58933028034875,146
53895000,107789.99986732304,-206428.47975329123,298.2082433782932,146
53900000,107799.9998672887,-207187.81954313617,301.76359641063203,146
53905000,107809.99986725436,-207326.1314616534,301.33727463962094,146
53910000,107819.99986722002,-207497.81301509414,296.4994672900048,146
53915000,107829.99986718567,-206665.99327673763,299.2248900433949,146
53920000,107839.99986715133,-206275.0693566571,299.88813917767584,146
53925000,107849.99986711699,-205879.2446758604,300.7659709367339,146
53930000,107859.99986708265,-206053.055391278,303.2122224885064,146
53935000,107869.9998670483,-207721.31578530697,298.3058829631148,146
53940000,107879.99986701396,-206754.5568651111,300.39590321297754,146
53945000,107889.99986697962,-206389.11811565445,296.569888122322,146
53950000,107899.99986694528,-205660.30387534248,296.73219116984217,146
53955000,107909.99986691093,-207179.15343205445,299.82282283427753,146
53960000,107919.99986687659,-206312.23906341428,298.8021841570872,146
53965000,107929.99986684225,-206257.54897027416,301.18785936575193,146
53970000,107939.9998668079,-206463.53586798534,301.9864148574798,146
53975000,107949.99986677356,-206840.37177426217,301.8875199221151,146
53980000,107959.99986673922,-206487.34859507938,303.1039117594254,146
53985000,107969.99986670488,-207336.5909460393,298.91757480849117,146
53990000,107979.99986667054,-207438.26776134886,300.844332875078,146
53995000,107989.9998666362,-206336.03529056802,302.20922425034985,146
54000000,107999.99986660185,-206707.97522102238,298.1097174086636,146
54005000,108009.99986656751,-206456.7617547951,300.8497584971541,146
54010000,108019.99986653317,-206183.67169711157,299.0748950799174,146
54015000,108029.99986649882,-207094.43458892102,294.0250759687719,146
54020000,108039.99986646448,-206635.1659856555,303.09867152852735,146
54025000,108049.99986643014,-206900.919798041,300.4431791449755,146
54030000,108059.9998663958,-206707.9219219255,297.2744610124656,146
54035000,108069.99986636145,-206802.45813372824,303.5389430464519,146
54040000,108079.99986632711,-206384.11068410845,298.5111530705164,146
54045000,108089.99986629277,-205883.1845046269,296.4326657972906,146
54050000,108099.99986625843,-206479.30252986355,299.84586943142045,146
54055000,108109.99986622408,-206471.59966766206,299.320662140307,146
54060000,108119.99986618974,-206818.43359286222,302.1756951629177,146
54065000,108129.9998661554,-206504.1640426626,302.1030668709554,146
54070000,108139.99986612106,-206557.53652498918,303.6847612254241,146
54075000,108149.99986608671,-207836.64785873226,300.54368982532867,146
54080000,108159.99986605237,-206568.57017785928,299.55041273429606,146
54085000,108169.99986601803,-207161.3475556929,301.8419037317884,146
54090000,108179.99986598369,-205905.34700909106,298.8291369217797,146
54095000,108189.99986594934,-206389.01940771786,303.959980345763,146
54100000,108199.999865915,-206588.45101524005,300.6450134085753,146
54105000,108209.99986588066,-205908.57903899893,297.1623079206775,146
54110000,108219.99986584632,-206753.85472052475,300.46378614284777,146
54115000,108229.99986581197,-206696.69853862224,301.05024190691984,146
54120000,108239.99986577763,-206534.60652117315,297.130284148647,146
54125000,108249.99986574329,-206935.23083814257,305.9158313772917,146
54130000,108259.99986570895,-206677.00166029844,304.1618936585751,146
54135000,108269.9998656746,-206302.57180870976,297.4055697668889,146
54140000,108279.99986564026,-206776.83457371395,303.9186036787572,146
54145000,108289.99986560592,-206583.69971007272,300.0142261353861,146
54150000,108299.99986557158,-206952.80445057142,298.1144655064412,146
54155000,108309.99986553723,-206281.82664591912,298.42369551060824,146
54160000,108319.99986550289,-206407.76034369227,294.8869053583016,146
54165000,108329.99986546855,-206328.9311177932,301.4495419351228,146
54170000,108339.9998654342,-206424.70361941657,299.17249344364274,146
54175000,108349.99986539986,-206999.6274904908,305.633240601256,146
54180000,108359.99986536552,-206188.13178118877,297.7997285536964,146
54185000,108369.99986533118,-207374.30281446944,304.6818813828814,146
54190000,108379.99986529684,-206451.64323438867,304.4893111613658,146
54195000,108389.99986526249,-207331.89882420644,299.04119092054214,146
54200000,108399.99986522815,-206354.33287767845,299.4462553106772,146
54205000,108409.99986519381,-207324.72943735158,302.02374292187704,146
54210000,108419.99986515947,-206559.55999125692,300.84060415750304,146
54215000,108429.99986512512,-206638.29760153603,300.5369936253742,146
54220000,108439.99986509078,-207023.12064134167,300.2203256003531,146
54225000,108449.99986505644,-206280.75021851936,299.23233387098696,146
54230000,108459.9998650221,-206958.00092913304,300.52983330644213,146
54235000,108469.99986498775,-207151.2661206791,297.4142723080574,146
54240000,108479.99986495341,-206322.21451590653,299.4162026208959,146
54245000,108489.99986491907,-206825.38037860743,302.1276030740544,146
54250000,108499.99986488472,-206488.50616193458,297.73078563204746,146
54255000,108509.99986485038,-206859.73809882067,302.24022314228756,146
54260000,108519.99986481604,-206853.51313564088,300.60718406597556,146
54265000,108529.9998647817,-205749.59494542878,299.96078446070834,146
54270000,108539.99986474735,-207129.5181743513,300.9726779427347,146
54275000,108549.99986471301,-206023.3201128709,296.6782011558888,146
54280000,108559.99986467867,-205709.31871787936,303.5616868291865,146
54285000,108569.99986464433,-206448.63845276483,297.83936206139265,146
54290000,108579.99986460998,-206076.6353357234,302.202604060886,146
54295000,108589.99986457564,-206111.69394757436,299.8683120334967,146
54300000,108599.9998645413,-206803.30133526062,301.94828159220083,146
54305000,108609.99986450696,-206258.6322874797,299.00182883457217,146
54310000,108619.99986447261,-206467.6268847445,297.7884781629021,146
54315000,108629.99986443827,-206622.2868316319,301.7230315221995,146
54320000,108639.99986440393,-207060.60171962157,296.8103015517073,146
54325000,108649.99986436959,-206148.43519883358,298.70687525611896,146
54330000,108659.99986433524,-206335.82395842124,299.08494779882074,146
54335000,108669.9998643009,-207247.3507126288,300.9816199281249,146
54340000,108679.99986426656,-206936.3190016976,298.2062212100794,146
54345000,108689.99986423222,-206389.14475648536,299.7041272070697,146
54350000,108699.99986419787,-205927.4264243336,295.7256661140632,146
54355000,108709.99986416353,-207395.2443881214,299.3369508479993,146
54360000,108719.99986412919,-206127.33699184563,295.5655920936995,146
54365000,108729.99986409485,-206537.4560974203,300.2891963625404,146
54370000,108739.9998640605,-206887.38686637802,300.9044055351055,146
54375000,108749.99986402616,-206886.41119101993,298.1685688095015,146
54380000,108759.99986399182,-206585.1057891877,297.2009176638279,146
54385000,108769.99986395748,-206154.2623088837,296.74090501455447,146
54390000,108779.99986392313,-206037.94403950346,300.1040384392409,146
54395000,108789.99986388879,-207201.01263487607,300.7602485610039,146
54400000,108799.99986385445,-205949.19372179382,298.17021486307794,146
54405000,108809.9998638201,-206155.07734210766,303.596228445691,146
54410000,108819.99986378576,-206842.17925589276,301.3628853900452,146
54415000,108829.99986375142,-206422.65393577435,299.32110135781545,146
54420000,108839.99986371708,-206527.94333684084,305.5011712832367,146
54425000,108849.99986368274,-206458.73705435148,303.8523116844531,146
54430000,108859.9998636484,-206533.15271734446,301.30996299075207,146
54435000,108869.99986361405,-206049.76394014037,298.7249516392135,146
54440000,108879.99986357971,-206141.05202517274,298.9659434748028,146
54445000,108889.99986354537,-206610.27155797067,299.7334360900118,146
54450000,108899.99986351102,-205816.60379287042,299.6292509272487,146
54455000,108909.99986347668,-206812.98842461908,299.92585808801437,146
54460000,108919.99986344234,-205750.7334221427,297.83324370695163,146
54465000,108929.999863408,-206437.48610189522,299.63634301972144,146
54470000,108939.99986337365,-206986.88461753016,300.3516237125148,146
54475000,108949.99986333931,-206438.18698403414,300.8838283998348,146
54480000,108959.99986330497,-206326.87524466682,292.9190287014121,146
54485000,108969.99986327063,-207282.48722684488,303.98918011686203,146
54490000,108979.99986323628,-206719.50207360415,295.59534236669845,146
54495000,108989.99986320194,-207000.0253520368,302.211256423546,146
54500000,108999.9998631676,-206453.95853859128,299.24478377249835,146
54505000,109009.99986313326,-207084.00036257622,299.9976154115988,146
54510000,109019.99986309891,-206633.4982044414,305.7796422632959,146
54515000,109029.99986306457,-206884.798030074,297.8464837661704,146
54520000,109039.99986303023,-206867.30274230998,299.89838589139634,146
54525000,109049.99986299589,-206434.47990740812,302.578137667758,146
54530000,109059.99986296154,-206468.16386534355,304.8220314733456,146
54535000,109069.9998629272,-206795.74578789808,298.8580908360342,146
54540000,109079.99986289286,-206690.2951841693,298.84589224439253,146
54545000,109089.99986285852,-206676.23035198404,301.3954535351169,146
54550000,109099.99986282417,-206391.64918855124,298.695262818554,146
54555000,109109.99986278983,-206594.57389914396,303.65851626150766,146
54560000,109119.99986275549,-206022.84334853804,295.9440444229198,146
54565000,109129.99986272115,-206295.34520968352,301.65806053103137,146
54570000,109139.9998626868,-206872.26069955132,303.30615946986904,146
54575000,109149.99986265246,-206613.3209514888,303.956484388882,146
54580000,109159.99986261812,-207089.05232301087,297.88409455830276,146
54585000,109169.99986258378,-206150.93448861002,294.1191815262561,146
54590000,109179.99986254943,-207087.49629003974,302.21326252531577,146
54595000,109189.99986251509,-206259.66568303038,298.70272086479497,146
54600000,109199.99986248075,-207009.15476385632,300.40408781552225,146
54605000,109209.9998624464,-206086.90162788716,298.76777071214946,146
54610000,109219.99986241206,-206057.02131787676,300.364272462534,146
54615000,109229.99986237772,-206316.0586354686,302.91858493401634,146
54620000,109239.99986234338,-206738.3666622619,296.8253449386776,146
54625000,109249.99986230904,-206327.77509562357,302.9588407523923,146
54630000,109259.9998622747,-207120.61626258923,297.8888174666164,146
54635000,109269.99986224035,-206541.025049865,299.63744935479656,146
54640000,109279.99986220601,-206003.3310994309,303.0242605997945,146
54645000,109289.99986217167,-206290.7996864759,303.0877546066554,146
54650000,109299.99986213732,-206201.2341173062,297.2585642097554,146
54655000,109309.99986210298,-206250.85733473487,298.39600039153083,146
54660000,109319.99986206864,-206523.2509930596,300.5712068061783,146
54665000,109329.9998620343,-205840.51543188572,302.3559883159778,146
54670000,109339.99986199995,-206788.39150164323,304.6330882197479,146
54675000,109349.99986196561,-206603.6291866186,307.0227343382107,146
54680000,109359.99986193127,-206340.25856084516,303.23275074496667,146
54685000,109369.99986189693,-206745.45050359564,299.6177778383729,146
54690000,109379.99986186258,-206381.4846948299,296.2213897863394,146
54695000,109389.99986182824,-206547.3042168375,301.8748111939296,146
54700000,109399.9998617939,-206592.80981921416,299.1987621861138,146
54705000,109409.99986175956,-206348.01797501836,305.63041024480424,146
54710000,109419.99986172521,-206685.31506669894,298.76720913227416,146
54715000,109429.99986169087,-206944.8195671111,304.2110215689859,146
54720000,109439.99986165653,-206404.10898812395,298.5086753968239,146
54725000,109449.99986162219,-206782.37409821548,293.2702765529865,146
54730000,109459.99986158784,-206147.96715609776,298.61711709765575,146
54735000,109469.9998615535,-205616.78157284798,302.53164006366984,146
54740000,109479.99986151916,-207115.88639453507,299.92180604650184,146
54745000,109489.99986148482,-206637.29355147318,298.12486083627476,146
54750000,109499.99986145047,-207016.29037923808,301.8257596426944,146
54755000,109509.99986141613,-207001.04992292123,301.00186831676996,146
54760000,109519.99986138179,-206658.67061621777,304.9486771707544,146
54765000,109529.99986134745,-206196.26545759675,302.7476878026892,146
54770000,109539.9998613131,-206608.14234947832,301.525493658377,146
54775000,109549.99986127876,-206254.7385660155,300.81679007543016,146
54780000,109559.99986124442,-206516.86940400605,301.9615196784807,146
54785000,109569.99986121008,-206323.84784504748,299.13613820569975,146
54790000,109579.99986117573,-206364.5060923727,299.4119710239186,146
54795000,109589.99986114139,-205517.88962331507,297.4484017806069,146
54800000,109599.99986110705,-206378.0239638501,295.87514362552093,146
54805000,109609.9998610727,-207021.0777220683,301.0207822282044,146
54810000,109619.99986103836,-206522.65001306683,306.29265587358594,146
54815000,109629.99986100402,-206882.64690436795,298.3505660167928,146
54820000,109639.99986096968,-206031.2389237089,300.2788343886797,146
54825000,109649.99986093534,-205759.35211924557,298.84652449025253,146
54830000,109659.99986090099,-206510.30354920763,301.7076511256991,146
54835000,109669.99986086665,-206448.09914374375,302.2029344163261,146
54840000,109679.99986083231,-206616.03060236946,301.1671723931346,146
54845000,109689.99986079797,-205386.5131082629,305.0374140270428,146
54850000,109699.99986076362,-206543.27160580852,301.5366255617816,146
54855000,109709.99986072928,-205897.92917837226,302.61615196779024,146
54860000,109719.99986069494,-206920.1459896071,299.66154359718496,146
54865000,109729.9998606606,-206425.38856475858,300.27542574017275,146
54870000,109739.99986062625,-207138.32686775317,295.889982472703,146
54875000,109749.99986059191,-206505.33871262264,300.43492179721517,146
54880000,109759.99986055757,-206458.46565181657,305.1424760245557,146
54885000,109769.99986052322,-205835.80678269127,295.63194371751274,146
54890000,109779.99986048888,-206846.46358423762,301.5362849572832,146
54895000,109789.99986045454,-206299.17312106956,301.69132482399914,146
54900000,109799.9998604202,-206322.0172155198,302.7908835021876,146
54905000,109809.99986038585,-207240.23909956065,300.4854223957919,146
54910000,109819.99986035151,-206762.22311267746,303.57265148236127,146
54915000,109829.99986031717,-206050.34082510334,297.8531608948926,146
54920000,109839.99986028283,-206732.7259770626,297.5113247087613,146
54925000,109849.99986024848,-206358.1295617373,301.20669025730774,146
54930000,109859.99986021414,-207040.5273882395,300.69592622547316,146
54935000,109869.9998601798,-206689.72237072547,298.98440769304176,146
54940000,109879.99986014546,-206497.9571836315,301.86096322292093,146
54945000,109889.99986011111,-207028.39385629282,300.3691819078405,146
54950000,109899.99986007677,-207050.59680093452,297.4552278947081,146
54955000,109909.99986004243,-206625.53139880823,299.77633718986374,146
54960000,109919.99986000809,-206439.99161278375,299.16818606893764,146
54965000,109929.99985997374,-206646.8723212321,303.5040114777377,146
54970000,109939.9998599394,-206908.19416991086,306.8061732998537,146
54975000,109949.99985990506,-205861.29135147517,300.83322644446315,146
54980000,109959.99985987072,-206402.68820528733,296.1597217893543,146
54985000,109969.99985983637,-206573.40934787365,301.94956126737134,146
54990000,109979.99985980203,-207807.88532675535,302.2387626155622,146
54995000,109989.99985976769,-206715.3465445221,301.52671694526765,146
55000000,109999.99985973335,-205444.35016402986,300.88788479403587,146
55005000,110009.999859699,-207195.46241751895,301.58693340557,146
55010000,110019.99985966466,-207425.43582162005,304.2808210712279,146
55015000,110029.99985963032,-206216.38118451787,300.1375492438275,146
55020000,110039.99985959598,-206085.2509751364,301.8784627891404,146
55025000,110049.99985956163,-206740.71644594672,301.21978526716697,146
55030000,110059.99985952729,-206666.3247400039,303.92989832056554,146
55035000,110069.99985949295,-206349.3319189893,304.33304756725545,146
55040000,110079.9998594586,-206991.48197472293,303.19762844526616,146
55045000,110089.99985942426,-205479.21573468135,297.8071771381304,146
55050000,110099.99985938992,-207077.3232018489,301.8789090941659,146
55055000,110109.99985935558,-206395.45637928706,299.33853029981657,146
55060000,110119.99985932124,-206470.2257024682,297.62391177194195,146
55065000,110129.9998592869,-206885.71517906245,302.89549783839084,146
55070000,110139.99985925255,-206711.11420223326,295.2738698364518,146
55075000,110149.99985921821,-207466.59169974842,300.82480090448655,146
55080000,110159.99985918387,-205874.6541393774,301.73079592220773,146
55085000,110169.99985914952,-206844.91704049357,300.84015917441445,146
55090000,110179.99985911518,-207116.8150429465,296.80496029230227,146
55095000,110189.99985908084,-206499.3115239056,301.9979445879398,146
55100000,110199.9998590465,-206788.9868863721,302.27278776884106,146
55105000,110209.99985901215,-206482.99704911874,299.27532779925644,146
55110000,110219.99985897781,-206021.536405946,302.3036936487236,146
55115000,110229.99985894347,-207554.43123447557,301.13084771316727,146
55120000,110239.99985890913,-206607.61463756743,303.0182509704237,146
55125000,110249.99985887478,-205793.865803445,303.34395828434054,146
55130000,110259.99985884044,-206940.23108562327,297.77844291136,146
55135000,110269.9998588061,-207044.82932097674,302.25360719919337,146
55140000,110279.99985877176,-206754.54929363471,296.68379080071554,146
55145000,110289.99985873741,-206698.0244493161,300.92830144755015,146
55150000,110299.99985870307,-206919.12569155428,300.35023765003234,146
55155000,110309.99985866873,-206267.97886290494,298.63862909531605,146
55160000,110319.99985863439,-206539.31341315724,307.3469228470748,146
55165000,110329.99985860004,-205886.4631436877,296.6772914494038,146
55170000,110339.9998585657,-206601.93690297497,299.6980646122293,146
55175000,110349.99985853136,-206689.21064560313,304.09241926796346,146
55180000,110359.99985849702,-206482.80728723283,295.2758092043547,146
55185000,110369.99985846267,-207186.1616522068,297.3305354315845,146
55190000,110379.99985842833,-207760.0900369148,297.7027844878274,146
55195000,110389.99985839399,-206295.99208122853,300.198999674178,146
55200000,110399.99985835965,-206508.78278342076,299.481801209817,146
55205000,110409.9998583253,-206325.5885127791,304.3668358491043,146
55210000,110419.99985829096,-206773.58849413006,296.37287651125666,146
55215000,110429.99985825662,-206913.57090230845,292.27146211624745,146
55220000,110439.99985822228,-206839.81934171985,299.2552134199263,146
55225000,110449.99985818793,-207235.52534455794,299.5547083451102,146
55230000,110459.99985815359,-206620.20987905178,304.2821332585199,146
55235000,110469.99985811925,-206313.18028251897,298.3492081090504,146
55240000,110479.9998580849,-206584.3169612703,299.10570468213024,146
55245000,110489.99985805056,-205974.9286754803,299.24794723235203,146
55250000,110499.99985801622,-206861.75010317308,297.49596340471356,146
55255000,110509.99985798188,-206770.8913112753,304.64570114074746,146
55260000,110519.99985794754,-205925.48763900367,298.6108674163161,146
55265000,110529.9998579132,-207096.00965725607,303.2744186785782,146
55270000,110539.99985787885,-205811.67375475215,302.03447776078275,146
55275000,110549.99985784451,-206834.85467194743,298.70649037669534,146
55280000,110559.99985781017,-206327.77599072072,308.80827234328086,146
55285000,110569.99985777582,-206629.11872317025,301.1052550502438,146
55290000,110579.99985774148,-206034.1276916816,301.36850464463754,146
55295000,110589.99985770714,-206418.3260497481,297.7706803965718,146
55300000,110599.9998576728,-206793.77243392495,305.5967419751586,146
55305000,110609.99985763845,-206567.13190856983,299.7649967540064,146
55310000,110619.99985760411,-207115.01601799822,299.21738354704684,146
55315000,110629.99985756977,-206499.64367069723,303.29824293883087,146
55320000,110639.99985753543,-206364.0000141838,304.21629932876573,146
55325000,110649.99985750108,-206629.85648102942,300.9803485915233,146
55330000,110659.99985746674,-206131.34488716628,302.206568667533,146
55335000,110669.9998574324,-206317.5358758096,296.29982898473514,146
55340000,110679.99985739806,-206963.0201597613,295.5198396353271,146
55345000,110689.99985736371,-206594.90798074997,304.7590426729692,146
55350000,110699.99985732937,-205824.7798518308,301.09179925813186,146
55355000,110709.99985729503,-207136.76513406204,301.6985078025527,146
55360000,110719.99985726069,-206511.73169496993,304.19287994287845,146
55365000,110729.99985722634,-206283.5529203578,304.1426017877976,146
55370000,110739.999857192,-206579.55535129586,299.95641812846725,146
55375000,110749.99985715766,-207103.73131639138,300.7723569921586,146
55380000,110759.99985712332,-207011.40025151265,297.57906960070284,146
55385000,110769.99985708897,-206965.73951616255,298.5143848764491,146
55390000,110779.99985705463,-206581.80908892513,301.25531087625154,146
55395000,110789.99985702029,-206555.50489800447,307.4994709173219,146
55400000,110799.99985698595,-206602.52431684174,300.6358075549623,146
55405000,110809.9998569516,-206279.4782891746,304.1958315754274,146
55410000,110819.99985691726,-206829.0369547509,302.5710409300921,146
55415000,110829.99985688292,-207133.8711757129,300.60720694321117,146
55420000,110839.99985684858,-206663.6018366022,303.57555747487015,146
55425000,110849.99985681423,-206550.5538262179,294.68336230346756,146
55430000,110859.99985677989,-206745.77783974912,295.7534955498211,146
55435000,110869.99985674555,-206767.6622449503,296.29445053132963,146
55440000,110879.9998567112,-206432.34083806467,299.52980585439724,146
55445000,110889.99985667686,-205823.1387674479,300.2529666631766,146
55450000,110899.99985664252,-206901.32453126297,296.70731641606216,146
55455000,110909.99985660818,-207238.50869911315,302.1062457223468,146
55460000,110919.99985657384,-206677.83593889163,304.51796685080507,146
55465000,110929.99985653949,-206245.9169153336,299.59839296707935,146
55470000,110939.99985650515,-207057.44489546376,297.9060140506341,146
55475000,110949.99985647081,-207542.06721917645,300.6592243893389,146
55480000,110959.99985643647,-206900.7690114947,300.51516677575137,146
55485000,110969.99985640212,-206504.1588776291,300.22007698884966,146
55490000,110979.99985636778,-206372.81639849313,299.1660179310845,146
55495000,110989.99985633344,-206244.84960574785,300.7822281480604,146
55500000,110999.9998562991,-206224.29763182392,302.3414565993284,146
55505000,111009.99985626475,-206526.75783801498,301.4513800557818,146
55510000,111019.99985623041,-206415.35210596246,298.5723453004229,146
55515000,111029.99985619607,-206698.9717410265,300.87143432886745,146
55520000,111039.99985616172,-206737.87834013964,302.19750440887844,146
55525000,111049.99985612738,-206072.87028068712,295.8834997196274,146
55530000,111059.99985609304,-206570.51156634337,294.70814066244026,146
55535000,111069.9998560587,-207201.4352405842,304.2361084424318,146
55540000,111079.99985602435,-207484.58225471887,300.4046100582633,146
55545000,111089.99985599001,-206356.50968016125,296.7356609001677,146
55550000,111099.99985595567,-206347.51360810327,298.9054416147681,146
55555000,111109.99985592133,-206129.32363801356,297.9312390780993,146
55560000,111119.99985588698,-206312.9471129299,298.55957336316385,146
55565000,111129.99985585264,-206525.59159123548,298.1695551722464,146
55570000,111139.9998558183,-205961.35405314527,304.33393948087667,146
55575000,111149.99985578396,-206597.85104853078,299.8762350609002,146
55580000,111159.99985574961,-205860.21426101413,305.0137583360358,146
55585000,111169.99985571527,-206872.1374894689,301.0335371192714,146
55590000,111179.99985568093,-206895.91924305668,303.5848733571999,146
55595000,111189.99985564659,-206661.72949407517,304.35051905170974,146
55600000,111199.99985561224,-206965.17833058164,302.1054642628194,146
55605000,111209.9998555779,-206322.53685368598,299.9283911136444,146
55610000,111219.99985554356,-206623.54916699824,299.74217972185033,146
55615000,111229.99985550922,-206229.58723092522,299.7664516574072,146
55620000,111239.99985547487,-206625.38881652546,301.4085200131715,146
55625000,111249.99985544053,-206673.2169695309,302.8741889681115,146
55630000,111259.99985540619,-206896.29952245404,302.0151865503325,146
55635000,111269.99985537185,-206082.7233591188,301.8006327081614,146
55640000,111279.9998553375,-207280.32920667063,297.64325145669847,146
55645000,111289.99985530316,-206611.1130022112,296.3002438380895,146
55650000,111299.99985526882,-206975.74140581966,301.96285645171116,146
55655000,111309.99985523448,-206062.65554996266,298.6546749518627,146
55660000,111319.99985520013,-206681.0982496246,298.9658927203111,146
55665000,111329.99985516579,-206594.70863230329,299.98072815103785,146
55670000,111339.99985513145,-206432.26386739803,296.8139812082534,146
55675000,111349.9998550971,-206761.37211830018,301.06108964784966,146
55680000,111359.99985506276,-206035.627640815,298.61354337276384,146
55685000,111369.99985502842,-207578.5464819473,306.54596361123225,146
55690000,111379.99985499408,-206575.68562848377,302.32974014276357,146
55695000,111389.99985495974,-206688.68932383484,301.8282379691442,146
55700000,111399.9998549254,-206096.39269835036,298.24741295223237,146
55705000,111409.99985489105,-206286.94841187308,299.0432404123093,146
55710000,111419.99985485671,-205978.99547261058,300.3604317647503,146
55715000,111429.99985482237,-206906.26526473928,302.70592577675643,146
55720000,111439.99985478802,-206026.0398921749,299.3542812608463,146
55725000,111449.99985475368,-206199.22309446055,299.89150051398195,146
55730000,111459.99985471934,-206918.6333914583,300.7628281202128,146
55735000,111469.999854685,-206330.85560851393,295.78394038996083,146
55740000,111479.99985465065,-206491.76569705887,302.0476114434413,146
55745000,111489.99985461631,-206557.62422458187,302.0465861304887,146
55750000,111499.99985458197,-206006.89899341995,301.6618839280836,146
55755000,111509.99985454763,-206228.346977295,301.2390286872041,146
55760000,111519.99985451328,-207158.90977969219,297.07047041205567,146
55765000,111529.99985447894,-207403.42925106827,303.11021499653634,146
55770000,111539.9998544446,-206842.25826483814,300.92641005457347,146
55775000,111549.99985441026,-206433.36637282837,300.79096893079577,146
55780000,111559.99985437591,-206617.42330626352,301.06751826834153,146
55785000,111569.99985434157,-206217.76465581066,300.7792820213483,146
55790000,111579.99985430723,-206907.4818439174,297.3584186900221,146
55795000,111589.99985427289,-206505.25364516396,295.0067042166868,146
55800000,111599.99985423854,-206513.89298774383,302.17729307216626,146
55805000,111609.9998542042,-206443.99117598555,298.4431179774969,146
55810000,111619.99985416986,-206660.17343956674,295.0873128486234,146
55815000,111629.99985413552,-206171.7199951671,299.665952844611,146
55820000,111639.99985410117,-206058.53807347955,302.5371344082712,146
55825000,111649.99985406683,-206375.32103811787,298.1152200546493,146
55830000,111659.99985403249,-206266.25199093064,301.5679346623968,146
55835000,111669.99985399815,-206966.31796922314,300.59624599662527,146
55840000,111679.9998539638,-206344.9084145258,302.1094542388998,146
55845000,111689.99985392946,-206127.2826729553,300.13182373884337,146
55850000,111699.99985389512,-205662.4555550483,302.36741841211875,146
55855000,111709.99985386078,-206117.8161573673,301.4408908969604,146
55860000,111719.99985382643,-205924.72900515934,300.5414458613783,146
55865000,111729.99985379209,-206397.7330591106,298.5071537830892,146
55870000,111739.99985375775,-206758.90209431597,300.7519338686594,146
55875000,111749.9998537234,-206333.05739900493,299.5475401207782,146
55880000,111759.99985368906,-206697.6359782772,296.28628027426413,146
55885000,111769.99985365472,-206828.35041993274,305.96925684317546,146
55890000,111779.99985362038,-206220.7583754618,298.24251466690805,146
55895000,111789.99985358604,-206161.35495469475,299.8678691554879,146
55900000,111799.9998535517,-207060.32510012353,303.0286479919884,146
55905000,111809.99985351735,-206155.69193148369,299.83947592337165,146
55910000,111819.99985348301,-206341.50758884894,297.53874809856995,146
55915000,111829.99985344867,-206759.23359631805,299.6109514064447,146
55920000,111839.99985341432,-206372.03661165189,300.20903015485305,146
55925000,111849.99985337998,-206862.4167080851,299.2730969398108,146
55930000,111859.99985334564,-206498.81091112515,298.794314267556,146
55935000,111869.9998533113,-207195.2058249024,304.9485756648997,146
55940000,111879.99985327695,-206301.02225660917,299.39294957743556,146
55945000,111889.99985324261,-206680.26025392208,302.54005794349507,146
55950000,111899.99985320827,-206586.56407135003,298.2472782529227,146
55955000,111909.99985317393,-206162.1103637698,302.2930619507029,146
55960000,111919.99985313958,-206841.00583681965,299.87261243345966,146
55965000,111929.99985310524,-206264.92827678018,301.62911782953483,146
55970000,111939.9998530709,-205919.03808232467,294.84534499294796,146
55975000,111949.99985303656,-206294.1477805758,302.82931348343726,146
55980000,111959.99985300221,-206750.05210389115,299.12209404050253,146
55985000,111969.99985296787,-206300.81968299602,299.5680409391968,146
55990000,111979.99985293353,-207150.2411226849,302.1585827115463,146
55995000,111989.99985289919,-206510.2194894472,303.56540203344946,146
56000000,111999.99985286484,-207083.8091266984,299.7846205255581,146
56005000,112009.9998528305,-206810.680813686,304.73779356768216,146
56010000,112019.99985279616,-206125.02284314227,300.94693955773533,146
56015000,112029.99985276182,-206738.14775857935,302.6202313535956,146
56020000,112039.99985272747,-206427.59387155902,303.5906491472443,146
56025000,112049.99985269313,-206762.5247139259,300.5187952122117,146
56030000,112059.99985265879,-206549.0850533304,299.83799186307726,146
56035000,112069.99985262445,-205920.44514558837,299.84611574471927,146
56040000,112079.9998525901,-206429.88031708018,301.96848485031126,146
56045000,112089.99985255576,-207593.1262465401,303.97553017903635,146
56050000,112099.99985252142,-207165.844342308,305.8443463089848,146
56055000,112109.99985248708,-207177.8408470935,302.09973249556356,146
56060000,112119.99985245273,-205943.5246721973,301.0168924199267,146
56065000,112129.99985241839,-206036.97309554007,296.33448241751057,146
56070000,112139.99985238405,-207067.0043933565,300.14463146245214,146
56075000,112149.9998523497,-206386.27160266682,302.78079902362447,146
56080000,112159.99985231536,-206581.75265294604,297.2953936203215,146
56085000,112169.99985228102,-206198.5185640182,299.1415979422678,146
56090000,112179.99985224668,-206434.44520819152,300.3269999780285,146
56095000,112189.99985221234,-206140.62957857165,301.1806618908446,146
56100000,112199.99985217799,-206358.8048504279,302.4826358841097,146
56105000,112209.99985214365,-206333.9651527285,299.9719704642396,146
56110000,112219.99985210931,-206802.92715630715,302.54571393830963,146
56115000,112229.99985207497,-206300.58096767054,301.8081710838918,146
56120000,112239.99985204062,-206370.2410204996,305.95601530163304,146
56125000,112249.99985200628,-206642.2779998309,305.9493655017808,146
56130000,112259.99985197194,-205746.80410023162,302.44747263328145,146
56135000,112269.9998519376,-206791.6731501188,296.6340381477141,146
56140000,112279.99985190325,-206241.9067900274,301.84114409771115,146
56145000,112289.99985186891,-206374.9096873001,301.1258079468739,146
56150000,112299.99985183457,-207272.9925097467,303.5457024920207,146
56155000,112309.99985180022,-206832.65186465217,303.215166312463,146
56160000,112319.99985176588,-206459.39773689874,301.1098435571631,146
56165000,112329.99985173154,-207429.42810398678,303.3271550680694,146
56170000,112339.9998516972,-206623.22209984844,303.4493172345216,146
56175000,112349.99985166285,-206547.31194214104,300.19359060704113,146
56180000,112359.99985162851,-206610.47553003998,305.6439931956314,146
56185000,112369.99985159417,-206236.2315558032,296.14511020364023,146
56190000,112379.99985155983,-206768.23210591823,305.3448067585179,146
56195000,112389.99985152548,-206103.51642938296,298.07406658979613,146
56200000,112399.99985149114,-206712.92716858396,298.5604171921392,146
56205000,112409.9998514568,-206261.17819791322,304.18991166046686,146
56210000,112419.99985142246,-206631.2513087619,304.3821327195656,146
56215000,112429.99985138811,-206829.3152053638,298.0159774267778,146
56220000,112439.99985135377,-205360.0897600412,299.2832537937943,146
56225000,112449.99985131943,-207352.76091534703,301.8230289764099,146
56230000,112459.99985128509,-205929.29799228767,295.963639242945,146
56235000,112469.99985125074,-206066.57888890407,301.5806209264484,146
56240000,112479.9998512164,-206524.471385587,303.40187976153175,146
56245000,112489.99985118206,-206666.0586823756,304.2701442976901,146
56250000,112499.99985114772,-206004.7509231267,296.6525718173916,146
56255000,112509.99985111337,-207215.80565414682,299.6678946836233,146
56260000,112519.99985107903,-207291.93310926564,299.8986552869584,146
56265000,112529.99985104469,-206419.95875168045,299.7066404110522,146
56270000,112539.99985101035,-206712.3826270179,299.8834283704989,146
56275000,112549.999850976,-206536.7449428942,298.7113933643212,146
56280000,112559.99985094166,-207007.61501628498,298.081792874529,146
56285000,112569.99985090732,-206183.05179401895,299.1849274029299,146
56290000,112579.99985087298,-206276.69777328032,299.16068093507647,146
56295000,112589.99985083863,-206788.99931926362,305.37234720220596,146
56300000,112599.99985080429,-205846.96050259087,301.25189229179375,146
56305000,112609.99985076995,-206254.96873328765,299.47072831058824,146
56310000,112619.9998507356,-205819.69117292506,300.8148802455117,146
56315000,112629.99985070126,-207275.8889751396,299.3690975900755,146
56320000,112639.99985066692,-206460.95018741512,300.18538429271103,146
56325000,112649.99985063258,-206547.5319646882,295.8189760688587,146
56330000,112659.99985059824,-207051.47316274245,302.3501600324094,146
56335000,112669.9998505639,-206194.55283927522,297.9897116003807,146
56340000,112679.99985052955,-206378.2283008159,300.35309643984084,146
56345000,112689.99985049521,-206501.77510577126,303.15897347586645,146
56350000,112699.99985046087,-206628.51356940658,306.78553954571254,146
56355000,112709.99985042652,-207382.3528074827,296.2100666071704,146
56360000,112719.99985039218,-206506.10005676677,296.6811742221444,146
56365000,112729.99985035784,-206877.48209040926,305.28322149661045,146
56370000,112739.9998503235,-206429.55202757672,299.9910817142215,146
56375000,112749.99985028915,-207322.41076934861,301.5214053925279,146
56380000,112759.99985025481,-206438.5304437317,300.7006916877365,146
56385000,112769.99985022047,-205813.10814035474,297.85408545970677,146
56390000,112779.99985018613,-206997.2756954385,302.6816089332814,146
56395000,112789.99985015178,-206361.00293433003,301.2885377124336,146
56400000,112799.99985011744,-205998.209986081,302.0975988891388,146
56405000,112809.9998500831,-206592.41736624553,303.62730745332715,146
56410000,112819.99985004876,-206913.00733704458,301.7495935189303,146
56415000,112829.99985001441,-206346.1231247707,300.6588704263537,146
56420000,112839.99984998007,-207304.5347994133,302.17566838119444,146
56425000,112849.99984994573,-206388.46762760426,300.64684713506165,146
56430000,112859.99984991139,-206375.2406843634,296.85032584881037,146
56435000,112869.99984987704,-206406.15566073067,298.26204411573605,146
56440000,112879.9998498427,-206626.43265791936,299.7883369591831,146
56445000,112889.99984980836,-206830.29983062495,300.1899169208298,146
56450000,112899.99984977402,-206804.0626761769,301.49807309598384,146
56455000,112909.99984973967,-206458.2568060282,297.5442842688491,146
56460000,112919.99984970533,-205678.33228539245,294.4853917027584,146
56465000,112929.99984967099,-206940.87290756078,298.64007305848355,146
56470000,112939.99984963665,-205704.33568454068,304.15206823825696,146
56475000,112949.9998496023,-205791.18533799576,298.42243406522607,146
56480000,112959.99984956796,-206459.47844250966,294.1694162200923,146
56485000,112969.99984953362,-206621.08318362187,299.95387889705444,146
56490000,112979.99984949928,-206217.79408990662,301.98089256891546,146
56495000,112989.99984946493,-207225.50381085288,301.1969477909219,146
56500000,112999.99984943059,-206403.6114757089,301.200716338094,146
56505000,113009.99984939625,-206341.50262248702,303.2924891533268,146
56510000,113019.9998493619,-206543.33941356814,303.9663250696038,146
56515000,113029.99984932756,-206480.70803593844,298.0141302041652,146
56520000,113039.99984929322,-207033.2845237942,297.3235983800327,146
56525000,113049.99984925888,-205901.6928787263,300.67348657493955,146
56530000,113059.99984922454,-206230.83200325572,300.2525492584162,146
56535000,113069.9998491902,-206632.43910087866,303.36631679437795,146
56540000,113079.99984915585,-205995.2523616671,296.32015134229783,146
56545000,113089.99984912151,-207243.8015132182,298.5105780564897,146
56550000,113099.99984908717,-207073.39251902374,306.7691438844217,146
56555000,113109.99984905282,-206751.30274036387,298.09990267677995,146
56560000,113119.99984901848,-206329.35889629077,304.0452936720509,146
56565000,113129.99984898414,-205819.24983955023,300.77685123591186,146
56570000,113139.9998489498,-207235.6772402525,301.1792235253296,146
56575000,113149.99984891545,-206418.11872293951,304.1105519601322,146
56580000,113159.99984888111,-206259.07837844512,298.35233796726817,146
56585000,113169.99984884677,-205358.85764733702,296.7629783674895,146
56590000,113179.99984881243,-207244.12785178982,307.82334633072026,146
56595000,113189.99984877808,-206962.46534096228,301.3187220477601,146
56600000,113199.99984874374,-206579.35588486353,302.22730010989136,146
56605000,113209.9998487094,-206579.05524810113,300.2653492174815,146
56610000,113219.99984867506,-206886.55736919865,296.3751669743624,146
56615000,113229.99984864071,-206171.96711164538,296.17336280544254,146
56620000,113239.99984860637,-206565.30364308215,299.724483205554,146
56625000,113249.99984857203,-206673.22038586414,300.1340528998393,146
56630000,113259.99984853769,-205925.37411824975,297.9794385964913,146
56635000,113269.99984850334,-206483.36709028145,301.456946686468,146
56640000,113279.999848469,-206632.46285484475,302.5282328350513,146
56645000,113289.99984843466,-206062.1550070803,303.77442659644055,146
56650000,113299.99984840032,-207248.33728314855,300.7784265001917,146
56655000,113309.99984836597,-206414.36141176987,300.1332074097697,146
56660000,113319.99984833163,-206519.9664568638,302.2301872385883,146
56665000,113329.99984829729,-207021.0310857963,299.71629365170907,146
56670000,113339.99984826295,-206890.49661311053,296.3944779958252,146
56675000,113349.9998482286,-206395.3315720912,294.8675326750087,146
56680000,113359.99984819426,-206533.9603920473,300.43734362231453,146
56685000,113369.99984815992,-206761.45351637667,299.6439412801718,146
56690000,113379.99984812558,-207073.54854050442,301.42799931256377,146
56695000,113389.99984809123,-206627.99630582402,297.32727409963996,146
56700000,113399.99984805689,-205737.20392766106,298.3403056132739,146
56705000,113409.99984802255,-206904.5360101905,307.5585436503416,146
56710000,113419.9998479882,-206869.68052501616,301.33793564458006,146
56715000,113429.99984795386,-206851.66161035327,301.02865900212487,146
56720000,113439.99984791952,-207008.08492942958,296.62760247830505,146
56725000,113449.99984788518,-207008.48126342916,298.25675211797056,146
56730000,113459.99984785084,-205944.9127242132,299.2423572594353,146
56735000,113469.99984781649,-206132.55725776847,302.33138591453854,146
56740000,113479.99984778215,-205824.43960460566,302.98832837237416,146
56745000,113489.99984774781,-206144.1002933327,304.23094834954605,146
56750000,113499.99984771346,-206368.96581933845,299.1717200903857,146
56755000,113509.99984767912,-206403.07365232497,300.1752870311074,146
56760000,113519.99984764478,-206201.0494303701,305.24704165907906,146
56765000,113529.99984761044,-205953.8973570034,300.5994690824793,146
56770000,113539.9998475761,-207268.53467256797,298.82481674054736,146
56775000,113549.99984754175,-205778.66838860326,300.8008651358876,146
56780000,113559.99984750741,-206614.30728130986,301.43647983588073,146
56785000,113569.99984747307,-206020.25728281878,300.95270303409563,146
56790000,113579.99984743872,-206293.24146113917,298.0876797730605,146
56795000,113589.99984740438,-206529.43769203848,303.98703811242,146
56800000,113599.99984737004,-206363.325758904,300.59676487620186,146
56805000,113609.9998473357,-206739.46137158782,304.2579483689183,146
56810000,113619.99984730135,-206562.90555762127,300.117642434166,146
56815000,113629.99984726701,-206747.49652657332,298.62458605725215,146
56820000,113639.99984723267,-206407.74509830063,294.5269040731001,146
56825000,113649.99984719833,-206145.28557234793,300.24670258172625,146
56830000,113659.99984716398,-207610.17992283136,301.3893120923486,146
56835000,113669.99984712964,-206015.45404727815,305.278798661122,146
56840000,113679.9998470953,-205664.89661190065,292.7340834065032,146
56845000,113689.99984706096,-206848.34309293109,297.2390302349221,146
56850000,113699.99984702661,-206571.1343089383,299.16620904095305,146
56855000,113709.99984699227,-206224.64424593584,295.9029418600349,146
56860000,113719.99984695793,-206223.20616209973,301.7096018547276,146
56865000,113729.99984692359,-206998.34840653674,304.2097530267647,146
56870000,113739.99984688924,-206841.96603283286,300.9450995956203,146
56875000,113749.9998468549,-206717.7614632513,299.6207277333205,146
56880000,113759.99984682056,-206826.31416580908,301.19806243962387,146
56885000,113769.99984678622,-206307.70697450766,305.2823071176748,146
56890000,113779.99984675187,-206645.461347093,300.3953516961819,146
56895000,113789.99984671753,-207019.59505759878,306.78279674066175,146
56900000,113799.99984668319,-207491.90167468158,295.0193616169501,146
56905000,113809.99984664885,-205918.3002039385,296.40052002025004,146
56910000,113819.9998466145,-206895.93284055789,295.50146309808156,146
56915000,113829.99984658016,-207340.6863694993,302.9011291932111,146
56920000,113839.99984654582,-207506.9513953902,298.61676243585265,146
56925000,113849.99984651148,-205505.83097867318,301.06884175498766,146
56930000,113859.99984647713,-206245.80279164074,302.30331558781745,146
56935000,113869.99984644279,-206651.8170020897,301.50794480415493,146
56940000,113879.99984640845,-206102.30463838147,300.1708443216564,146
56945000,113889.9998463741,-206664.15866731596,298.20724990327034,146
56950000,113899.99984633976,-206865.20116107294,301.19485699902395,146
56955000,113909.99984630542,-207137.84171173722,300.33914210942504,146
56960000,113919.99984627108,-206685.72238028178,300.2994074218375,146
56965000,113929.99984623674,-206816.48946702632,297.68404054032794,146
56970000,113939.9998462024,-206421.6455578924,299.98739150251015,146
56975000,113949.99984616805,-206804.83824281057,297.94753160015216,146
56980000,113959.99984613371,-206902.5361866979,305.1554287693759,146
56985000,113969.99984609937,-206762.20987789356,303.7467158219946,146
56990000,113979.99984606502,-206244.086187121,306.66537989515183,146
56995000,113989.99984603068,-206087.84363049967,297.2055831598972,146
57000000,113999.99984599634,-206499.64954965375,301.99998334325176,146
57005000,114009.999845962,-206601.33449203742,296.9298561527345,146
57010000,114019.99984592765,-206031.9520296139,296.68848080395634,146
57015000,114029.99984589331,-206274.89696450555,301.963182627477,146
57020000,114039.99984585897,-206435.1408990667,301.71233554877153,146
57025000,114049.99984582463,-206928.80768559524,306.1751389236416,146
57030000,114059.99984579028,-206681.42874282855,298.2427292808626,146
57035000,114069.99984575594,-206324.69726030284,299.5350748805467,146
57040000,114079.9998457216,-206650.21049290616,299.4521114046728,146
57045000,114089.99984568726,-206929.0381791296,301.650485448294,146
57050000,114099.99984565291,-206602.6042042541,296.20881810559547,146
57055000,114109.99984561857,-206248.18749222963,300.98588006065063,146
57060000,114119.99984558423,-206563.35159124446,301.3087161719136,146
57065000,114129.99984554989,-206762.01566311868,297.91937787066246,146
57070000,114139.99984551554,-206766.56765171303,305.2157388018417,146
57075000,114149.9998454812,-205918.07840142527,298.125254493831,146
57080000,114159.99984544686,-206745.12039393582,301.32117684556977,146
57085000,114169.99984541252,-206112.9355194394,307.8313445345519,146
57090000,114179.99984537817,-206365.73944213346,303.00122146771673,146
57095000,114189.99984534383,-206031.38567947736,302.1110429291518,146
57100000,114199.99984530949,-206268.77063432767,299.48331133279606,146
57105000,114209.99984527515,-206221.1936270548,297.64404756656484,146
57110000,114219.9998452408,-207697.0599856174,307.58575641332357,146
57115000,114229.99984520646,-206349.49133034912,306.92399006867566,146
57120000,114239.99984517212,-208214.17406907608,300.0551009712758,146
57125000,114249.99984513778,-206550.03105834278,305.447619046313,146
57130000,114259.99984510343,-205829.99784069485,299.1877299882997,146
57135000,114269.99984506909,-206406.10763925675,303.18057899210254,146
57140000,114279.99984503475,-206773.2845452889,300.66550308620265,146
57145000,114289.9998450004,-207214.09639805648,299.3223833297457,146
57150000,114299.99984496606,-207114.29459970328,304.81715684521254,146
57155000,114309.99984493172,-205652.31441114924,303.2484661293297,146
57160000,114319.99984489738,-206291.23977167218,301.48409351218857,146
57165000,114329.99984486304,-206754.92674966552,300.5995909152822,146
57170000,114339.9998448287,-206019.28378640744,302.2344545574761,146
57175000,114349.99984479435,-207267.15092628892,302.3727272537279,146
57180000,114359.99984476001,-206734.9733236297,304.4208383803792,146
57185000,114369.99984472567,-206892.1834928759,299.27266263709953,146
57190000,114379.99984469132,-206541.45186272787,298.15726810922405,146
57195000,114389.99984465698,-206353.04267390247,297.23757516059936,146
57200000,114399.99984462264,-206306.16183851322,302.13780164654383,146
57205000,114409.9998445883,-206160.05248544808,302.89130221512676,146
57210000,114419.99984455395,-205904.90144519147,296.6121808206547,146
57215000,114429.99984451961,-206168.1873385799,303.14466097412395,146
57220000,114439.99984448527,-207228.95037594496,297.1237777500735,146
57225000,114449.99984445093,-206102.66456832597,295.4710240252897,146
57230000,114459.99984441658,-205915.71411271545,301.4779077133029,146
57235000,114469.99984438224,-207627.20982732705,296.10543820116675,146
57240000,114479.9998443479,-206143.54451764224,297.1542215637591,146
57245000,114489.99984431356,-206198.56148108374,294.7134706677048,146
57250000,114499.99984427921,-206265.4093929896,296.95987592949336,146
57255000,114509.99984424487,-206652.4498980305,296.8275398681491,146
57260000,114519.99984421053,-206672.0944387206,301.58628156394275,146
57265000,114529.99984417619,-206211.47778396064,298.3161779316112,146
57270000,114539.99984414184,-206038.14615386073,299.1619757466057,146
57275000,114549.9998441075,-207129.24848008493,302.46032438868326,146
57280000,114559.99984407316,-207031.3425400802,305.8624447619206,146
57285000,114569.99984403882,-206595.04660568037,301.0565884686496,146
57290000,114579.99984400447,-206722.7162101639,300.6737133188626,146
57295000,114589.99984397013,-206373.06213656324,298.64117037236076,146
57300000,114599.99984393579,-206936.40596469864,303.4746216750946,146
57305000,114609.99984390145,-206224.57900768612,299.4082554543191,146
57310000,114619.9998438671,-207104.43777799234,300.0628919962636,146
57315000,114629.99984383276,-206399.4430601854,299.49929490383727,146
57320000,114639.99984379842,-206513.3508609183,299.4664069007307,146
57325000,114649.99984376408,-206672.76895226561,300.91790380269975,146
57330000,114659.99984372973,-206756.62544451887,300.00098574662275,146
57335000,114669.99984369539,-206686.0615331236,299.3972550523369,146
57340000,114679.99984366105,-207089.70715184405,300.07340001611834,146
57345000,114689.9998436267,-206596.26665068348,301.89616238056806,146
57350000,114699.99984359236,-206393.61833780166,301.5129576412177,146
57355000,114709.99984355802,-206184.9923344578,300.36920369392976,146
57360000,114719.99984352368,-206879.90720260108,302.7838613400899,146
57365000,114729.99984348934,-206027.14475855988,297.9188968962942,146
57370000,114739.99984345499,-207289.2802357599,298.53868508497277,146
57375000,114749.99984342065,-207587.5246452028,298.69088126592953,146
57380000,114759.99984338631,-206758.78459918173,300.4475750003906,146
57385000,114769.99984335196,-206824.27372426365,304.7178138248571,146
57390000,114779.99984331762,-206279.9716561532,302.1013813102858,146
57395000,114789.99984328328,-207704.52460719412,299.36401412131465,146
57400000,114799.99984324894,-206323.26180807396,301.5632339925016,146
57405000,114809.9998432146,-206582.36960811832,303.40833470845746,146
57410000,114819.99984318025,-207329.54509321053,303.29144946991187,146
57415000,114829.99984314591,-206501.80521668296,302.2199844699623,146
57420000,114839.99984311157,-207079.6997497687,300.812753267753,146
57425000,114849.99984307722,-206490.42207582295,302.26480395548396,146
57430000,114859.99984304288,-205791.7830199704,299.84286544229354,146
57435000,114869.99984300854,-206866.33856764168,304.0581788381724,146
57440000,114879.9998429742,-206874.9727084816,306.6096016210361,146
57445000,114889.99984293985,-206621.30405185034,302.6364720574351,146
57450000,114899.99984290551,-206482.15729779075,299.61759316017003,146
57455000,114909.99984287117,-206721.92776444333,297.38942484423825,146
57460000,114919.99984283683,-205862.19496224984,301.26244429309656,146
57465000,114929.99984280248,-206730.78655806533,299.9330473764347,146
57470000,114939.99984276814,-206850.5985346837,298.71445137494493,146
57475000,114949.9998427338,-207198.61626342265,302.8840127493366,146
57480000,114959.99984269946,-205628.23006020882,301.3729041948546,146
57485000,114969.99984266511,-205982.64190284547,299.5149279559417,146
57490000,114979.99984263077,-206330.7184989102,302.8721663246704,146
57495000,114989.99984259643,-206255.47935710568,299.53876317866343,146
57500000,114999.99984256209,-206400.88055181142,305.50918325893355,146
57505000,115009.99984252774,-206278.70093013765,297.05325332816994,146
57510000,115019.9998424934,-206656.72224346,302.2809062745912,146
57515000,115029.99984245906,-206642.82912332914,299.6039675908291,146
57520000,115039.99984242472,-206831.75515763718,302.3620733193404,146
57525000,115049.99984239037,-206158.43220475013,304.0901468698784,146
57530000,115059.99984235603,-206542.05195558548,300.71814655124837,146
57535000,115069.99984232169,-206506.7313314284,303.07397660864507,146
57540000,115079.99984228735,-206279.75791291404,297.76697376953643,146
57545000,115089.999842253,-206774.70780735556,300.62322062581404,146
57550000,115099.99984221866,-206462.6224321737,300.2737003605374,146
57555000,115109.99984218432,-206389.50314083148,298.36880522376293,146
57560000,115119.99984214998,-207228.4990682999,298.73351078093236,146
57565000,115129.99984211563,-206361.4553256433,297.2077047066286,146
57570000,115139.99984208129,-206527.91084335395,304.0399430994315,146
57575000,115149.99984204695,-206857.05262076436,304.83964290419937,146
57580000,115159.9998420126,-206071.20853822248,298.1679660404409,146
57585000,115169.99984197826,-206919.96706567844,302.19278219113687,146
57590000,115179.99984194392,-207082.40932358452,297.6096957255135,146
57595000,115189.99984190958,-206726.56052869093,305.2683124504729,146
57600000,115199.99984187524,-207269.359232079,293.9229648096975,146
57605000,115209.9998418409,-206488.4460301958,300.6881777372773,146
57610000,115219.99984180655,-207362.01984112652,296.46681378824974,146
57615000,115229.99984177221,-206272.74349150166,299.6124382196677,146
57620000,115239.99984173787,-207729.20648245304,301.48023549378405,146
57625000,115249.99984170352,-206534.5283917155,301.36312905491184,146
57630000,115259.99984166918,-206916.29190596833,299.3368705528138,146
57635000,115269.99984163484,-206683.43224578782,299.99480701343407,146
57640000,115279.9998416005,-206633.65203086752,301.44680227186063,146
57645000,115289.99984156615,-206583.29831763846,301.58852101636955,146
57650000,115299.99984153181,-206210.94889201585,305.52980857388957,146
57655000,115309.99984149747,-206681.8383790761,296.5857072159454,146
57660000,115319.99984146313,-207049.56834817166,302.34689708162887,146
57665000,115329.99984142878,-206629.12130262656,300.43685523612913,146
57670000,115339.99984139444,-206806.70192413684,304.5202279734186,146
57675000,115349.9998413601,-206349.64031053078,296.1303111683568,146
57680000,115359.99984132576,-206961.18344848265,302.4107921885416,146
57685000,115369.99984129141,-206485.6503413031,302.4025469292687,146
57690000,115379.99984125707,-206600.14651653823,299.3227354586534,146
57695000,115389.99984122273,-207139.4234733812,300.34413262746574,146
57700000,115399.99984118839,-206636.98905573052,302.42591065210456,146
57705000,115409.99984115404,-206896.66065091814,298.07369405106846,146
57710000,115419.9998411197,-206581.55105700938,295.90372497914296,146
57715000,115429.99984108536,-206620.2466606323,299.55333022243417,146
57720000,115439.99984105102,-206273.07968254946,299.7920290514071,146
57725000,115449.99984101667,-206287.72486828268,300.1270602128747,146
57730000,115459.99984098233,-207067.5321065106,300.5159434705714,146
57735000,115469.99984094799,-206489.17458594695,298.34893342567034,146
57740000,115479.99984091365,-207006.74961926753,299.8750768288316,146
57745000,115489.9998408793,-206915.27135529032,300.9971126787983,146
57750000,115499.99984084496,-205921.78466304985,294.66272879734703,146
57755000,115509.99984081062,-207158.89374326414,300.69600728498466,146
57760000,115519.99984077628,-206564.1725584641,305.550792142306,146
57765000,115529.99984074193,-206500.25388866512,302.2877435253248,146
57770000,115539.99984070759,-205925.22315800295,298.8374412434354,146
57775000,115549.99984067325,-206894.51834738837,298.37134841201595,146
57780000,115559.9998406389,-206774.69566424598,303.4991130407822,146
57785000,115569.99984060456,-206409.2348986785,302.85769262913715,146
57790000,115579.99984057022,-206478.08794265776,303.85639868914643,146
57795000,115589.99984053588,-206177.88551086083,300.6470287377409,146
57800000,115599.99984050154,-207258.21841311792,300.3042619621053,146
57805000,115609.9998404672,-207177.9319677056,301.9111672528614,146
57810000,115619.99984043285,-206958.96795527847,298.6317562181731,146
57815000,115629.99984039851,-206501.24752695113,304.0124063140629,146
57820000,115639.99984036417,-206373.183056087,301.43939025008314,146
57825000,115649.99984032982,-206622.63144030795,300.3269715838679,146
57830000,115659.99984029548,-206946.47623860347,298.09037834006693,146
57835000,115669.99984026114,-206981.56959376705,303.07852418374074,146
57840000,115679.9998402268,-206225.43513374205,300.84101070732754,146
57845000,115689.99984019245,-206111.4070934517,301.2683324076121,146
57850000,115699.99984015811,-207317.6036694534,297.9995037639015,146
57855000,115709.99984012377,-206585.01910455665,302.6199786488442,146
57860000,115719.99984008943,-206414.00993683748,299.413891070736,146
57865000,115729.99984005508,-206972.53208706703,297.3988956307731,146
57870000,115739.99984002074,-206289.01846178132,302.26256989032635,146
57875000,115749.9998399864,-206426.66357647977,301.02551513879433,146
57880000,115759.99983995206,-205849.8574671587,299.24575838939154,146
57885000,115769.99983991771,-206659.53582290641,293.8109898980558,146
57890000,115779.99983988337,-206281.94416672457,297.8532534418511,146
57895000,115789.99983984903,-206668.1015187871,296.6479134480232,146
57900000,115799.99983981469,-206779.15742825356,301.6780367860689,146
57905000,115809.99983978034,-206935.1037423322,297.1803654541821,146
57910000,115819.999839746,-207262.04642209527,299.54267201082297,146
57915000,115829.99983971166,-207168.85912658856,301.9682387326542,146
57920000,115839.99983967732,-205922.74718968372,299.8902461794276,146
57925000,115849.99983964297,-206892.00287677604,303.9829176644442,146
57930000,115859.99983960863,-205950.82205810002,304.1784700425342,146
57935000,115869.99983957429,-206754.71687478176,296.21734656699243,146
57940000,115879.99983953995,-206590.09968249628,304.5641086772765,146
57945000,115889.9998395056,-206814.79627511348,302.35454694925255,146
57950000,115899.99983947126,-206717.8694667063,296.77582497144846,146
57955000,115909.99983943692,-206653.29066050926,295.6802935084876,146
57960000,115919.99983940258,-207343.40959899325,304.28171648367305,146
57965000,115929.99983936823,-206669.03593095636,303.1909307486854,146
57970000,115939.99983933389,-207120.49335729354,300.6479386648189,146
57975000,115949.99983929955,-206266.40881204652,305.0905526303298,146
57980000,115959.9998392652,-206605.39864685223,298.89071303919184,146
57985000,115969.99983923086,-206430.97901290585,297.7080639149499,146
57990000,115979.99983919652,-206553.12183276028,298.2618871458812,146
57995000,115989.99983916218,-206976.9915434093,301.0906488254103,146
58000000,115999.99983912784,-206637.91083790688,294.4964265750398,146
58005000,116009.99983909349,-205469.85959536082,300.90668823704993,146
58010000,116019.99983905915,-206567.76552682486,294.4656177179575,146
58015000,116029.99983902481,-206338.37357141706,303.1059318311926,146
58020000,116039.99983899046,-206924.79257085768,294.84191945746267,146
58025000,116049.99983895612,-206966.0634914639,301.64262822473404,146
58030000,116059.99983892178,-206550.35858127708,299.35830483759156,146
58035000,116069.99983888744,-205823.54615365271,297.35359947338105,146
58040000,116079.9998388531,-206685.25277530204,296.12290638008704,146
58045000,116089.99983881875,-206840.4317193951,301.3905932234602,146
58050000,116099.99983878441,-206694.75381755072,300.39353345806734,146
58055000,116109.99983875007,-206411.04770545906,297.9174411712638,146
58060000,116119.99983871572,-206672.39031345432,298.0909144440018,146
58065000,116129.99983868138,-206709.22144401155,302.04803596767584,146
58070000,116139.99983864704,-206368.1888556094,304.96138123279474,146
58075000,116149.9998386127,-207237.85891728604,300.96190442695473,146
58080000,116159.99983857835,-206799.90771992505,300.8769336808274,146
58085000,116169.99983854401,-206736.26366725797,297.72624670046116,146
58090000,116179.99983850967,-205844.6451827248,299.49076865059624,146
58095000,116189.99983847533,-206982.33133309265,299.28694994955345,146
58100000,116199.99983844098,-207135.92841723992,294.25556084144125,146
58105000,116209.99983840664,-206473.90680415754,301.3584428998813,146
58110000,116219.9998383723,-206779.44554844324,294.47564185645723,146
58115000,116229.99983833796,-205944.99873785465,296.692132924599,146
58120000,116239.99983830361,-206450.88767415436,296.86730803399314,146
58125000,116249.99983826927,-207179.955923844,297.94796691272023,146
58130000,116259.99983823493,-207503.19756418467,300.2573646848054,146
58135000,116269.99983820059,-207353.00693216675,302.0445826435815,146
58140000,116279.99983816624,-207157.53763360553,295.91130845018523,146
58145000,116289.9998381319,-206107.72185167705,299.2693128824134,146
58150000,116299.99983809756,-206902.47720140952,301.4192472984568,146
58155000,116309.99983806322,-206635.79705391044,296.7394553856382,146
58160000,116319.99983802887,-206297.67102330748,300.6628932129975,146
58165000,116329.99983799453,-206613.22280123562,298.13086853591466,146
58170000,116339.99983796019,-205851.2173596213,298.9793252836836,146
58175000,116349.99983792585,-206230.9974872237,301.8574702201716,146
58180000,116359.9998378915,-206650.44550416758,298.3948164299923,146
58185000,116369.99983785716,-206812.31818367925,301.02504464610706,146
58190000,116379.99983782282,-206994.95652701485,300.0274091110832,146
58195000,116389.99983778848,-206335.29121996893,299.35333067525676,146
58200000,116399.99983775413,-206633.7511054346,300.2382355986944,146
58205000,116409.99983771979,-207185.9594265616,302.3302392854623,146
58210000,116419.99983768545,-206647.2246152783,300.9277750124218,146
58215000,116429.9998376511,-207410.33354176977,303.5248922420627,146
58220000,116439.99983761676,-206314.37670466292,299.5323330132948,146
58225000,116449.99983758242,-206518.4876264875,302.83760464726936,146
58230000,116459.99983754808,-206227.4343026561,301.8281351020715,146
58235000,116469.99983751374,-206183.57769043138,301.48087859889233,146
58240000,116479.9998374794,-206159.33925071382,305.36047995360286,146
58245000,116489.99983744505,-206724.3527665732,303.0505116615714,146
58250000,116499.99983741071,-205877.0548997292,302.6277570698196,146
58255000,116509.99983737637,-206473.33498771745,299.9122785552198,146
58260000,116519.99983734202,-207378.58216278732,300.69501593368034,146
58265000,116529.99983730768,-206406.88256715785,298.15645480472006,146
58270000,116539.99983727334,-206308.41311053967,304.35508077951624,146
58275000,116549.999837239,-207521.18916846788,302.16536718832657,146
58280000,116559.99983720465,-206996.00917577732,301.4895986464162,146
58285000,116569.99983717031,-206322.1183395891,299.6286976365563,146
58290000,116579.99983713597,-206761.27298685466,300.3251963204188,146
58295000,116589.99983710163,-206931.2457427018,295.13152244973514,146
58300000,116599.99983706728,-206390.94474887906,298.13681233917146,146
58305000,116609.99983703294,-205947.2612875516,306.2279805884649,146
58310000,116619.9998369986,-206402.9127233068,300.98378517196716,146
58315000,116629.99983696426,-206766.97249921737,299.0253240903216,146
58320000,116639.99983692991,-206755.79750290024,303.01138900586403,146
58325000,116649.99983689557,-207224.54739472526,299.35411529640004,146
58330000,116659.99983686123,-207411.3147468177,304.1072359513483,146
58335000,116669.99983682689,-206947.29547458165,300.9037140096427,146
58340000,116679.99983679254,-206207.93825105077,300.74933167944044,146
58345000,116689.9998367582,-205773.94753914885,299.27219956831567,146
58350000,116699.99983672386,-206640.46407193097,303.83842804354265,146
58355000,116709.99983668952,-205802.58109784103,300.4818549524858,146
58360000,116719.99983665517,-206271.10311491485,294.0670817634389,146
58365000,116729.99983662083,-206435.01079708454,304.46385697535067,146
58370000,116739.99983658649,-206667.07635096833,297.83663648047457,146
58375000,116749.99983655215,-206365.63265775703,298.374603037364,146
58380000,116759.9998365178,-205861.20194758894,300.05241416733776,146
58385000,116769.99983648346,-206936.11792290467,298.2752008471963,146
58390000,116779.99983644912,-206176.36941335152,296.07185467443463,146
58395000,116789.99983641478,-206192.48008627514,296.006810224425,146
58400000,116799.99983638043,-206277.88819555193,300.975200305079,146
58405000,116809.99983634609,-206139.8932241836,299.2379030502215,146
58410000,116819.99983631175,-205820.86201696843,298.29077708407254,146
58415000,116829.9998362774,-206281.33686518844,300.14050401674336,146
58420000,116839.99983624306,-206584.4118716676,301.4472790923215,146
58425000,116849.99983620872,-206782.09841648443,296.51411359453726,146
58430000,116859.99983617438,-206070.0497989374,298.13292653253706,146
58435000,116869.99983614004,-207068.25510334712,309.3251599624653,146
58440000,116879.9998361057,-206799.00834315736,296.9284094269942,146
58445000,116889.99983607135,-205941.1973028886,295.2777728340814,146
58450000,116899.99983603701,-206133.65138410626,303.22629178009726,146
58455000,116909.99983600267,-206578.00547864288,298.90525589776814,146
58460000,116919.99983596832,-206703.30924172606,297.05658772177986,146
58465000,116929.99983593398,-206275.5410493462,300.350922624635,146
58470000,116939.99983589964,-206616.9854126809,297.759181574409,146
58475000,116949.9998358653,-207099.2515632721,301.9145316499057,146
58480000,116959.99983583095,-206236.90618695028,305.7553646415341,146
58485000,116969.99983579661,-207116.4456480391,299.88343331363376,146
58490000,116979.99983576227,-205973.01204313932,295.8181663952148,146
58495000,116989.99983572793,-207106.53487000568,298.71853318776897,146
58500000,116999.99983569358,-206336.66823088017,300.15094628765996,146
58505000,117009.99983565924,-207060.1998518369,300.37456472662535,146
58510000,117019.9998356249,-207274.75185684673,302.33523365488594,146
58515000,117029.99983559056,-206238.48954182526,299.440187648537,146
58520000,117039.99983555621,-205900.76858151006,297.6843761544779,146
58525000,117049.99983552187,-205598.25881536445,299.6873557968526,146
58530000,117059.99983548753,-206294.49231890333,300.51385060989907,146
58535000,117069.99983545319,-206951.88611637335,296.4592937405435,146
58540000,117079.99983541884,-206058.85501067492,297.07666322213214,146
58545000,117089.9998353845,-206563.42313035636,301.3485529561422,146
58550000,117099.99983535016,-206991.44789109076,296.0849840639615,146
58555000,117109.99983531582,-205995.52131133224,301.4090858675033,146
58560000,117119.99983528147,-206077.79243841465,300.64369369615247,146
58565000,117129.99983524713,-206532.69848396303,300.8679994627432,146
58570000,117139.99983521279,-206284.175373903,296.87337069375343,146
58575000,117149.99983517845,-206896.72712658683,299.7336962147136,146
58580000,117159.9998351441,-207028.40432446147,298.9181372745573,146
58585000,117169.99983510976,-205706.54717265442,298.28404157266635,146
58590000,117179.99983507542,-207046.2381440812,306.36343476344445,146
58595000,117189.99983504108,-206843.8963587006,299.26744758472137,146
58600000,117199.99983500673,-206731.93004227325,298.77097494370923,146
58605000,117209.99983497239,-206250.39902335277,304.2340207810243,146
58610000,117219.99983493805,-206276.27021224517,303.6167393689177,146
58615000,117229.9998349037,-206388.2857638814,301.4135567452388,146
58620000,117239.99983486936,-206142.1621511554,296.50845507000105,146
58625000,117249.99983483502,-207044.84747310937,305.21647403508416,146
58630000,117259.99983480068,-206301.5041759701,299.6515205786469,146
58635000,117269.99983476633,-206490.59354325233,300.6409898186176,146
58640000,117279.99983473199,-206322.28291011427,302.0454791311025,146
58645000,117289.99983469765,-207057.78520665446,298.7353734308458,146
58650000,117299.99983466331,-206137.78629480605,298.7087741688808,146
58655000,117309.99983462896,-207092.41381794435,299.8662275181359,146
58660000,117319.99983459462,-206433.4123993097,299.3091635955967,146
58665000,117329.99983456028,-206715.1380514095,300.6499471413126,146
58670000,117339.99983452594,-206594.7886742606,297.0872046469607,146
58675000,117349.9998344916,-206565.70804006164,297.8557149120278,146
58680000,117359.99983445725,-206376.5475526594,299.4683541347508,146
58685000,117369.99983442291,-207083.3422810526,297.5941710479873,146
58690000,117379.99983438857,-207324.7507022369,296.9338893464212,146
58695000,117389.99983435422,-207096.8480719868,296.21163239990955,146
58700000,117399.99983431988,-206174.60777559318,301.508335576799,146
58705000,117409.99983428554,-207172.39421410346,301.53207498311747,146
58710000,117419.9998342512,-206085.255177796,299.0809177146446,146
58715000,117429.99983421685,-206121.35575618548,302.65593896343694,146
58720000,117439.99983418251,-206417.04649484926,303.08563041098773,146
58725000,117449.99983414817,-206314.6021063705,301.6535393491115,146
58730000,117459.99983411383,-206623.00180616393,300.61845026913255,146
58735000,117469.99983407948,-206272.80348477932,296.5183994924633,146
58740000,117479.99983404514,-207302.45448738232,300.8920383906292,146
58745000,117489.9998340108,-206284.99287080462,298.46217576762143,146
58750000,117499.99983397646,-207341.64035773464,304.53930831102093,146
58755000,117509.99983394211,-206069.77302617952,306.8429347480851,146
58760000,117519.99983390777,-206353.31901247404,300.4116997310813,146
58765000,117529.99983387343,-206546.5535507216,298.56663812929753,146
58770000,117539.99983383909,-206671.56515028223,300.0279022229293,146
58775000,117549.99983380474,-206586.99396047567,296.09995567843697,146
58780000,117559.9998337704,-206639.32145974855,303.16453473896917,146
58785000,117569.99983373606,-207520.57600336382,299.37738305592944,146
58790000,117579.99983370172,-205632.2843156882,301.5930714337204,146
58795000,117589.99983366737,-206270.86272725754,299.1362852458211,146
58800000,117599.99983363303,-206230.73010181508,299.53184750790365,146
58805000,117609.99983359869,-206249.49234202795,300.73311360503243,146
58810000,117619.99983356435,-206307.7594607675,299.01481592357413,146
58815000,117629.99983353,-206063.34488306555,301.91604636884307,146
58820000,117639.99983349566,-206609.04922504106,297.6214891271844,146
58825000,117649.99983346132,-206917.49313856068,298.70299939126784,146
58830000,117659.99983342698,-207094.73068672244,298.0735704568838,146
58835000,117669.99983339263,-206624.7789256774,302.9129216324954,146
58840000,117679.99983335829,-206474.1286826271,300.4470961415706,146
58845000,117689.99983332395,-206367.89308214223,303.12005986988606,146
58850000,117699.9998332896,-206749.89657489606,296.79049361081655,146
58855000,117709.99983325526,-206182.60781360208,296.1945230087774,146
58860000,117719.99983322092,-206291.15067778458,306.8489503700382,146
58865000,117729.99983318658,-206273.01887216256,303.3500734957746,146
58870000,117739.99983315224,-205421.08714963088,297.20022863972946,146
58875000,117749.9998331179,-206703.42757253337,299.4026612890874,146
58880000,117759.99983308355,-206801.5655816372,301.71056356474054,146
58885000,117769.99983304921,-206705.16486348584,299.6084295120378,146
58890000,117779.99983301487,-206177.8663661678,299.8451101504335,146
58895000,117789.99983298052,-205985.5733069157,296.91636164354946,146
58900000,117799.99983294618,-206750.7347853284,305.3020163053054,146
58905000,117809.99983291184,-206816.13593001908,301.4325692222751,146
58910000,117819.9998328775,-206458.50190853025,299.5964420222057,146
58915000,117829.99983284315,-207033.24517071154,302.3706750654771,146
58920000,117839.99983280881,-206356.7493761347,301.67911148043225,146
58925000,117849.99983277447,-206186.8900386684,301.72005385580417,146
58930000,117859.99983274013,-206499.5906899881,300.43049423707635,146
58935000,117869.99983270578,-206167.813388902,302.6751713082264,146
58940000,117879.99983267144,-206350.54454498296,299.7790051412082,146
58945000,117889.9998326371,-206559.44938382437,296.23198550138227,146
58950000,117899.99983260276,-206970.07908589742,299.5310519123236,146
58955000,117909.99983256841,-206220.49163106992,300.58213665848456,146
58960000,117919.99983253407,-207046.50234679715,298.4378395883957,146
58965000,117929.99983249973,-206825.9675212911,300.9462747576064,146
58970000,117939.99983246539,-207008.26724987244,302.8152816655847,146
58975000,117949.99983243104,-206332.4321629639,296.1168421212756,146
58980000,117959.9998323967,-206923.1028294781,302.0711269912486,146
58985000,117969.99983236236,-206755.52164031542,299.33188772206404,146
58990000,117979.99983232802,-207246.74560770136,297.9172968881469,146
58995000,117989.99983229367,-206689.66866797186,300.7199986782428,146
59000000,117999.99983225933,-207350.3593105548,303.9073528462562,146
59005000,118009.99983222499,-206494.00330493972,297.83386845481243,146
59010000,118019.99983219065,-206732.3070542945,299.67264871433656,146
59015000,118029.9998321563,-206448.92547177908,300.9853452686192,146
59020000,118039.99983212196,-206341.77858982468,297.79295656075584,146
59025000,118049.99983208762,-206013.00877798127,298.0275181148349,146
59030000,118059.99983205328,-206587.50366426865,297.6999381951178,146
59035000,118069.99983201893,-207340.41882439516,304.68034284163656,146
59040000,118079.99983198459,-205838.51093088998,298.7803375990254,146
59045000,118089.99983195025,-206582.78339666175,298.1457428528025,146
59050000,118099.9998319159,-206981.18291708955,299.15420482854273,146
59055000,118109.99983188156,-207176.07024171168,297.1569434374197,146
59060000,118119.99983184722,-206933.3163254205,297.5930972961084,146
59065000,118129.99983181288,-205979.33051273227,302.1255608809523,146
59070000,118139.99983177854,-206179.53621987463,299.2676051125945,146
59075000,118149.9998317442,-206282.43989349343,301.91769530470583,146
59080000,118159.99983170985,-206643.561944803,297.8729572906659,146
59085000,118169.99983167551,-206084.712656982,300.20933062255796,146
59090000,118179.99983164117,-207011.4848623994,302.9483042605401,146
59095000,118189.99983160682,-206457.7605247351,306.6542814809045,146
59100000,118199.99983157248,-206399.63256876124,298.79274506939606,146
59105000,118209.99983153814,-206362.98751358897,297.39914488760326,146
59110000,118219.9998315038,-206786.19124536437,301.7839778861578,146
59115000,118229.99983146945,-206019.50870118465,301.74473158416316,146
59120000,118239.99983143511,-207181.69160399935,300.7106049149172,146
59125000,118249.99983140077,-206381.91839040443,297.4717680653013,146
59130000,118259.99983136643,-205985.83480899746,303.5811974760883,146
59135000,118269.99983133208,-206215.1805699087,301.45698697150084,146
59140000,118279.99983129774,-206186.4735222332,301.03593766535323,146
59145000,118289.9998312634,-206532.74931012827,298.7497945122635,146
59150000,118299.99983122906,-206932.5124615872,301.1392423087585,146
59155000,118309.99983119471,-206491.18582267314,298.90422565278885,146
59160000,118319.99983116037,-207375.54035598063,294.55847026631795,146
59165000,118329.99983112603,-207007.47109891823,298.0374220475483,146
59170000,118339.99983109169,-206632.34876760724,296.96136847962504,146
59175000,118349.99983105734,-206820.91683135473,300.6082350887614,146
59180000,118359.999831023,-207037.54806857998,302.3540541643185,146
59185000,118369.99983098866,-206662.69082002842,299.73662857487705,146
59190000,118379.99983095432,-206491.7512878651,301.44164768655617,146
59195000,118389.99983091997,-206766.79563393863,303.3728608701757,146
59200000,118399.99983088563,-206351.8767549704,296.1635896572887,146
59205000,118409.99983085129,-206385.45622368157,300.8353441083873,146
59210000,118419.99983081695,-206685.66082060686,302.5038923700666,146
59215000,118429.9998307826,-206338.1132358096,300.02932228058734,146
59220000,118439.99983074826,-205780.36525992036,301.4803756725387,146
59225000,118449.99983071392,-206912.85674483387,304.29713452528296,146
59230000,118459.99983067958,-205940.63127123518,301.18473878013657,146
59235000,118469.99983064523,-206350.003409139,297.58450124548295,146
59240000,118479.99983061089,-206496.1260905976,301.8117063291208,146
59245000,118489.99983057655,-207812.3220491286,301.82967645191115,146
59250000,118499.9998305422,-206036.56611740624,302.4197314275107,146
59255000,118509.99983050786,-205940.4491631427,298.87644435754004,146
59260000,118519.99983047352,-206234.94609549956,299.8148644728046,146
59265000,118529.99983043918,-206516.59539151262,301.15615201346696,146
59270000,118539.99983040483,-206172.6268577444,303.2269809490715,146
59275000,118549.99983037049,-206792.6717175988,307.16775703309065,146
59280000,118559.99983033615,-205868.36525026045,300.05930881425485,146
59285000,118569.99983030181,-206996.90856445685,300.60591952756107,146
59290000,118579.99983026746,-206713.92715530004,302.4826389347448,146
59295000,118589.99983023312,-206872.4412316241,299.43215625741544,146
59300000,118599.99983019878,-206767.99039671628,297.4133062701721,146
59305000,118609.99983016444,-206289.03149277344,298.38745384056347,146
59310000,118619.9998301301,-206143.20824696822,299.3545145321331,146
59315000,118629.99983009575,-206406.10170713603,296.8021493612363,146
59320000,118639.99983006141,-206580.0306850496,299.62198190120836,146
59325000,118649.99983002707,-206880.52722822502,300.26492544204064,146
59330000,118659.99982999272,-207183.6955924742,301.8357007156378,146
59335000,118669.99982995838,-205369.08626240562,298.4486783227555,146
59340000,118679.99982992404,-206509.77753757976,299.9415308363434,146
59345000,118689.9998298897,-206536.57218262868,302.00088654065087,146
59350000,118699.99982985535,-206476.8369405266,296.5714757136201,146
59355000,118709.99982982101,-206238.181136191,297.99279845310195,146
59360000,118719.99982978667,-205403.2391548782,304.5896210493982,146
59365000,118729.99982975233,-207388.0898758527,299.0923943701004,146
59370000,118739.99982971798,-206998.61430942616,302.61232180768235,146
59375000,118749.99982968364,-207086.7963711113,293.86835811537077,146
59380000,118759.9998296493,-205954.04242604983,302.9069871677484,146
59385000,118769.99982961496,-206159.10501657322,299.1093140493648,146
59390000,118779.99982958061,-206196.66560366354,297.026253083105,146
59395000,118789.99982954627,-206561.830940197,298.35208885961185,146
59400000,118799.99982951193,-206727.64623296296,298.40495017213743,146
59405000,118809.99982947759,-206630.6195837689,301.97965773552966,146
59410000,118819.99982944324,-205470.65473480348,299.43593381489495,146
59415000,118829.9998294089,-206324.91270785546,300.41804505441013,146
59420000,118839.99982937456,-206474.3366570432,304.8464073390529,146
59425000,118849.99982934022,-205919.5499613838,306.164128527523,146
59430000,118859.99982930587,-206778.24045858788,299.78603713779415,146
59435000,118869.99982927153,-207053.13896773,300.57362223350776,146
59440000,118879.99982923719,-206575.07502854418,302.30502537834354,146
59445000,118889.99982920285,-206446.26520742173,298.3022294999164,146
59450000,118899.9998291685,-206756.49340455444,300.82873742525106,146
59455000,118909.99982913416,-205808.86395203695,299.7619851913264,146
59460000,118919.99982909982,-206980.02179638995,299.30184889241406,146
59465000,118929.99982906548,-206059.23760130024,302.6942608403586,146
59470000,118939.99982903113,-206894.72198258643,301.7942771089323,146
59475000,118949.99982899679,-206403.2983133928,295.4449474404353,146
59480000,118959.99982896245,-206981.77100146713,298.8962969606033,146
59485000,118969.9998289281,-206444.7498226912,300.35652234679526,146
59490000,118979.99982889376,-206065.3017294379,300.72798583725597,146
59495000,118989.99982885942,-207039.2761187452,300.3635381469292,146
59500000,118999.99982882508,-206360.23367321584,303.6086876606404,146
59505000,119009.99982879074,-207370.57757303386,302.00660331723867,146
59510000,119019.9998287564,-206062.59291390667,298.7532031570059,146
59515000,119029.99982872205,-206577.94554497616,298.8600402819544,146
59520000,119039.99982868771,-206390.52234016266,299.16717160715837,146
59525000,119049.99982865337,-206143.77095315256,302.42753128320845,146
59530000,119059.99982861902,-206447.8113786711,300.349242772947,146
59535000,119069.99982858468,-206699.35154908244,297.2620905380665,146
59540000,119079.99982855034,-206389.3740696035,293.8259625003258,146
59545000,119089.999828516,-206729.5609768373,302.8007024167981,146
59550000,119099.99982848165,-206367.09662878944,299.959830989485,146
59555000,119109.99982844731,-206671.0994965072,294.6476568058085,146
59560000,119119.99982841297,-206982.57639460044,300.5512342531324,146
59565000,119129.99982837863,-207071.46968658315,300.0100484379273,146
59570000,119139.99982834428,-206476.7063779959,302.8786260926502,146
59575000,119149.99982830994,-206992.99796440755,300.324603828049,146
59580000,119159.9998282756,-207102.6572845811,302.6578932141601,146
59585000,119169.99982824126,-207168.2486595295,306.3811586110515,146
59590000,119179.99982820691,-206527.6673708969,298.79808767050497,146
59595000,119189.99982817257,-207097.09196053445,297.4449958328627,146
59600000,119199.99982813823,-205894.4524598415,301.9720947600532,146
59605000,119209.99982810389,-206720.67441120418,299.7786095505671,146
59610000,119219.99982806954,-206364.49278561887,299.04982331804524,146
59615000,119229.9998280352,-206824.3829532445,301.0872457035478,146
59620000,119239.99982800086,-206347.38113106473,299.11874182742093,146
59625000,119249.99982796652,-206211.5084722871,301.3158222260658,146
59630000,119259.99982793217,-207365.8232963665,297.22597613921374,146
59635000,119269.99982789783,-207183.04420923418,302.3929860704546,146
59640000,119279.99982786349,-206947.25060294813,303.8303932355659,146
59645000,119289.99982782915,-206470.96162013686,298.4829572684643,146
59650000,119299.9998277948,-206170.8592841397,303.9436466942169,146
59655000,119309.99982776046,-207071.79673622095,296.9716989750026,146
59660000,119319.99982772612,-206230.27444823808,304.1867809663712,146
59665000,119329.99982769178,-206619.13552811707,300.18362256248963,146
59670000,119339.99982765743,-206696.93900842196,304.1175438447214,146
59675000,119349.99982762309,-206284.61533724982,298.81268108345023,146
59680000,119359.99982758875,-205396.5884871157,306.19006624045034,146
59685000,119369.9998275544,-206340.44359375,298.97153085079043,146
59690000,119379.99982752006,-205944.44485932682,299.33614110123597,146
59695000,119389.99982748572,-206002.9333177508,295.69077137047,146
59700000,119399.99982745138,-206912.7031774465,300.52941077558563,146
59705000,119409.99982741704,-206194.09277019533,302.38865569012154,146
59710000,119419.9998273827,-206181.26490060438,303.10963472053595,146
59715000,119429.99982734835,-206566.28573956888,302.3172701881434,146
59720000,119439.99982731401,-206248.49854835065,304.90382927925515,146
59725000,119449.99982727967,-206169.5501061018,297.993132518136,146
59730000,119459.99982724532,-205963.50584491272,299.54794605231535,146
59735000,119469.99982721098,-206784.0160903883,293.6904251205184,146
59740000,119479.99982717664,-206564.00900232513,304.2708712580651,146
59745000,119489.9998271423,-207167.80472642195,303.12517209874505,146
59750000,119499.99982710795,-206896.1210369392,294.96086419777754,146
59755000,119509.99982707361,-206879.48269113526,304.21133361586243,146
59760000,119519.99982703927,-206506.31466636993,303.87147047572563,146
59765000,119529.99982700493,-206631.9825850447,298.183990130479,146
59770000,119539.99982697058,-206304.72369076312,300.1925160513419,146
59775000,119549.99982693624,-205876.42611101782,300.52678672556505,146
59780000,119559.9998269019,-206580.5150326707,302.42220393684545,146
59785000,119569.99982686756,-207130.2423451232,300.0795535344815,146
59790000,119579.99982683321,-207017.4923272864,300.3726477688661,146
59795000,119589.99982679887,-207015.34560243855,302.95455000887506,146
59800000,119599.99982676453,-206596.9033928658,295.92977575883384,146
59805000,119609.99982673019,-206133.69931016595,293.65178946786995,146
59810000,119619.99982669584,-206414.25533752108,298.9466909381523,146
59815000,119629.9998266615,-205787.82800764893,303.2818585184826,146
59820000,119639.99982662716,-206196.4352566182,301.7959128758412,146
59825000,119649.99982659282,-206600.61507432687,304.2261915561164,146
59830000,119659.99982655847,-206687.5361368918,301.92611998046914,146
59835000,119669.99982652413,-207194.8502578074,298.63567964675224,146
59840000,119679.99982648979,-207046.3398184114,300.1646378931144,146
59845000,119689.99982645545,-205927.26247952622,300.3792329868252,146
59850000,119699.9998264211,-206476.54918925767,300.424230134107,146
59855000,119709.99982638676,-207108.2389724109,299.68241284788104,146
59860000,119719.99982635242,-206444.6405386217,301.6054290153719,146
59865000,119729.99982631808,-206806.56340472668,298.87744839552334,146
59870000,119739.99982628373,-206510.44536113308,294.8131194353356,146
59875000,119749.99982624939,-206313.95112610923,297.3326613088303,146
59880000,119759.99982621505,-206804.14416064403,298.8597400344948,146
59885000,119769.9998261807,-207009.91664069227,299.08558573059287,146
59890000,119779.99982614636,-206387.12024455157,299.2130229009945,146
59895000,119789.99982611202,-206691.18167106796,303.9644434540083,146
59900000,119799.99982607768,-206046.3398740075,299.7526631641701,146
59905000,119809.99982604333,-206756.7840829332,297.963836170215,146
59910000,119819.99982600899,-206706.1729666501,307.799233547802,146
59915000,119829.99982597465,-206318.9818574721,298.0427239514755,146
59920000,119839.99982594031,-206325.24702238082,298.65761176259144,146
59925000,119849.99982590596,-206618.16655110626,300.1068357706541,146
59930000,119859.99982587162,-206146.61699970858,303.73785783846347,146
59935000,119869.99982583728,-206575.1800447636,298.8032017822113,146
59940000,119879.99982580294,-206877.24424086767,301.06465389462176,146
59945000,119889.9998257686,-206993.91501986294,301.3957407978957,146
59950000,119899.99982573425,-206946.1042122729,301.1072920375047,146
59955000,119909.99982569991,-205951.5306441522,302.552956447603,146
59960000,119919.99982566557,-206988.25880055677,299.6740607159218,146
59965000,119929.99982563122,-206903.47241315432,301.13461464341646,146
59970000,119939.99982559688,-206421.45322997472,302.9085128790984,146
59975000,119949.99982556254,-206043.004141049,304.07621624203904,146
59980000,119959.9998255282,-206962.690595006,308.7665316602557,146
59985000,119969.99982549385,-206575.23288416187,301.2038964972561,146
59990000,119979.99982545951,-206110.59167631879,299.15456667614404,146
59995000,119989.99982542517,-206638.70142761315,298.2658198610532,146
60000000,119999.99982539083,-205812.50586741243,300.6431865626015,146
60005000,120009.99982535648,-205450.59262279305,300.1278943675595,146
60010000,120019.99982532214,-206451.02944923635,298.27956422689374,146
60015000,120029.9998252878,-206106.7491124561,305.1002744333452,146
60020000,120039.99982525346,-206691.7419064734,303.1524333773284,146
60025000,120049.99982521911,-206340.7285276422,307.93845650143794,146
60030000,120059.99982518477,-206311.44852622948,299.2888330952998,146
60035000,120069.99982515043,-206189.51756964694,300.62578438631175,146
60040000,120079.99982511609,-206569.46355725103,303.3048983007647,146
60045000,120089.99982508174,-205875.4712150154,298.6472379414144,146
60050000,120099.9998250474,-206606.89981429488,301.69598921574266,146
60055000,120109.99982501306,-206596.53007054713,301.76359892485755,146
60060000,120119.99982497872,-206081.8731931036,300.32358179298996,146
60065000,120129.99982494437,-206619.43445145164,306.3070638950024,146
60070000,120139.99982491003,-207155.63328970713,298.2507577568276,146
60075000,120149.99982487569,-206395.03229971824,304.8796243905857,146
60080000,120159.99982484135,-206303.3298655781,303.71620740140895,146
60085000,120169.999824807,-206822.4309354329,301.77611643133366,146
60090000,120179.99982477266,-205705.52704298927,293.8307937710119,146
60095000,120189.99982473832,-206669.18719857396,305.6405706908407,146
60100000,120199.99982470398,-206640.07685765857,302.3646231063924,146
60105000,120209.99982466963,-206057.19119853678,297.53752216093574,146
60110000,120219.99982463529,-206657.52945160412,300.97890832445205,146
60115000,120229.99982460095,-207232.63481706986,297.47869733054637,146
60120000,120239.9998245666,-206342.03351675265,301.25090107521635,146
60125000,120249.99982453226,-206643.23271419888,299.6942681852199,146
60130000,120259.99982449792,-206484.1388894422,298.92052141872375,146
60135000,120269.99982446358,-206358.82605336106,298.78282129084744,146
60140000,120279.99982442924,-206414.8525146587,300.218511064834,146
60145000,120289.9998243949,-206745.34521920502,301.6448916030068,146
60150000,120299.99982436055,-206650.97121578432,302.344692823551,146
60155000,120309.99982432621,-206356.97656178277,302.7634226128755,146
60160000,120319.99982429187,-206971.05260906438,301.5757334572143,146
60165000,120329.99982425752,-205501.41302774847,302.60882458336613,146
60170000,120339.99982422318,-206236.39289684442,297.4322859007282,146
60175000,120349.99982418884,-205973.13612154766,303.2861463392888,146
60180000,120359.9998241545,-205610.55971861328,298.37444287856107,146
60185000,120369.99982412015,-206632.18189818924,303.938607804451,146
60190000,120379.99982408581,-205539.66698077554,302.3936472576663,146
60195000,120389.99982405147,-206016.02046493557,302.6957266257666,146
60200000,120399.99982401713,-206801.89981939737,303.82333194178005,146
60205000,120409.99982398278,-206677.45493469422,299.0023789969932,146
60210000,120419.99982394844,-206429.21409637725,298.51691475223663,146
60215000,120429.9998239141,-207001.76705307607,300.0967514487217,146
60220000,120439.99982387976,-206179.2520985125,306.07484833088796,146
60225000,120449.99982384541,-206340.5818981916,299.98768029040275,146
60230000,120459.99982381107,-205997.18718783115,301.13072075532176,146
60235000,120469.99982377673,-205935.81423848786,297.66465784962355,146
60240000,120479.99982374239,-206878.6438720459,302.0439959882179,146
60245000,120489.99982370804,-206692.3505539843,300.8660670272542,146
60250000,120499.9998236737,-206833.12071964948,298.4594988119632,146
60255000,120509.99982363936,-206391.3051551329,300.61848894557306,146
60260000,120519.99982360502,-206622.05034001544,305.67529652339476,146
60265000,120529.99982357067,-206574.87060090783,303.36159079787234,146
60270000,120539.99982353633,-206912.864265059,297.6809722650568,146
60275000,120549.99982350199,-206448.8873605309,300.8388476220073,146
60280000,120559.99982346765,-206552.7740894358,294.2046337867867,146
60285000,120569.9998234333,-207069.3468356852,299.41498845840067,146
60290000,120579.99982339896,-206158.79226841475,300.9757805995137,146
60295000,120589.99982336462,-205851.93827821582,299.9204079945935,146
60300000,120599.99982333028,-206150.38428350678,298.7979304083202,146
60305000,120609.99982329593,-205676.62042745354,295.6913292856847,146
60310000,120619.99982326159,-206144.08630446915,295.7238673272842,146
60315000,120629.99982322725,-206660.8990321546,303.98985122183404,146
60320000,120639.9998231929,-206577.99514790205,300.17195366064425,146
60325000,120649.99982315856,-207011.98001946078,298.57007980066214,146
60330000,120659.99982312422,-205668.84345787286,294.3259442137292,146
60335000,120669.99982308988,-205871.8814638009,299.4855244150691,146
60340000,120679.99982305554,-206107.4961145603,304.1711631249202,146
60345000,120689.9998230212,-206630.69557117042,294.1288853949225,146
60350000,120699.99982298685,-206429.72086369176,307.55596672500354,146
60355000,120709.99982295251,-206843.54362195847,299.2907096932862,146
60360000,120719.99982291817,-207253.9751120702,306.0505729988033,146
60365000,120729.99982288382,-207103.2452913921,299.3347974057772,146
60370000,120739.99982284948,-206142.53583896486,300.8717745411829,146
60375000,120749.99982281514,-205971.80274686078,299.48439362258864,146
60380000,120759.9998227808,-206828.46277213783,299.9944939943273,146
60385000,120769.99982274645,-206678.90337915206,301.2260537485603,146
60390000,120779.99982271211,-206153.1721366227,301.2425559438869,146
60395000,120789.99982267777,-206908.24003148568,305.2476503001357,146
60400000,120799.99982264343,-206282.9152958421,304.4563455079715,146
60405000,120809.99982260908,-206635.98228641076,298.9959267734469,146
60410000,120819.99982257474,-206961.80692712963,299.9906747441005,146
60415000,120829.9998225404,-206115.4767907461,300.4094731562072,146
60420000,120839.99982250606,-207132.77142782602,304.31715279270526,146
60425000,120849.99982247171,-206815.62514453614,303.7537679126605,146
60430000,120859.99982243737,-206474.8765109534,297.3120010743399,146
60435000,120869.99982240303,-206826.51248427015,301.1614421617859,146
60440000,120879.99982236869,-206837.70769427135,297.9585340739491,146
60445000,120889.99982233434,-205966.72676510608,303.62412707181113,146
60450000,120899.9998223,-205986.59203984588,301.94518675094287,146
60455000,120909.99982226566,-206842.86496250983,300.8670925697524,146
60460000,120919.99982223132,-206010.58309435856,301.6124945996151,146
60465000,120929.99982219697,-207006.37010490312,299.8236023238761,146
60470000,120939.99982216263,-206942.53225048003,297.1945855375695,146
60475000,120949.99982212829,-206218.54199656018,304.82253971677403,146
60480000,120959.99982209395,-206310.1267085675,299.3750234771941,146
60485000,120969.9998220596,-206914.8528094421,299.54172282507864,146
60490000,120979.99982202526,-207076.16804048303,299.47227178043227,146
60495000,120989.99982199092,-205799.1954274499,300.31795860316566,146
60500000,120999.99982195658,-206199.89623280545,301.226457541618,146
60505000,121009.99982192223,-205984.40589908883,301.04532939123095,146
60510000,121019.99982188789,-206469.2438699085,293.8311083943796,146
60515000,121029.99982185355,-206970.40039928304,300.75854081627773,146
60520000,121039.9998218192,-206329.97112071165,304.2603475646981,146
60525000,121049.99982178486,-206523.35986626172,300.2144798837127,146
60530000,121059.99982175052,-206694.70478595106,295.2382924757172,146
60535000,121069.99982171618,-206924.30589336331,299.24543648665116,146
60540000,121079.99982168183,-207158.25483941927,300.0261433102616,146
60545000,121089.99982164749,-206573.23579006316,303.67808722710294,146
60550000,121099.99982161315,-205976.00081742532,297.01732738608183,146
60555000,121109.99982157881,-206771.7368485256,296.93570201120775,146
60560000,121119.99982154446,-206757.9095084184,301.9881471353491,146
60565000,121129.99982151012,-206666.62583339436,300.8231107482162,146
60570000,121139.99982147578,-206200.1382203704,298.70107234533583,146
60575000,121149.99982144144,-206238.48577946832,303.5897666350608,146
60580000,121159.9998214071,-205788.65293304762,297.03579243285844,146
60585000,121169.99982137275,-206545.09076038375,296.0342530495798,146
60590000,121179.99982133841,-206228.25456636155,302.42745350995284,146
60595000,121189.99982130407,-205536.25274500647,299.70047609036385,146
60600000,121199.99982126972,-206612.90407421137,296.2409134172247,146
60605000,121209.99982123538,-206627.4260285031,301.4862685671176,146
60610000,121219.99982120104,-206423.01917190757,308.32319725278325,146
60615000,121229.9998211667,-206437.15596033132,303.8276446486462,146
60620000,121239.99982113235,-205992.3792434011,306.5713989831997,146
60625000,121249.99982109801,-206696.1834207354,298.7177657433674,146
60630000,121259.99982106367,-206845.21486717835,300.26027347012115,146
60635000,121269.99982102933,-206713.40629259846,301.69421646936036,146
60640000,121279.99982099498,-207083.8899165577,297.59483402042446,146
60645000,121289.99982096064,-206044.8029025162,299.79249642095044,146
60650000,121299.9998209263,-206717.6801039474,304.599177908856,146
60655000,121309.99982089196,-206348.85090252687,297.9868724502565,146
60660000,121319.99982085761,-206096.10079260916,295.682927502112,146
60665000,121329.99982082327,-206338.19464106788,301.59737366673113,146
60670000,121339.99982078893,-206579.43727054447,299.1235918371115,146
60675000,121349.99982075459,-206449.82636426506,303.3081254687553,146
60680000,121359.99982072024,-207309.06108874863,302.0160110150554,146
60685000,121369.9998206859,-205992.32525902323,300.6803038053897,146
60690000,121379.99982065156,-205952.2529975765,300.1366631317908,146
60695000,121389.99982061722,-206757.0915280301,299.33719013155854,146
60700000,121399.99982058287,-207066.455425706,305.6280411092829,146
60705000,121409.99982054853,-207205.05252517376,297.48935678121677,146
60710000,121419.99982051419,-205610.4583962349,302.52341531260555,146
60715000,121429.99982047985,-207164.33844659897,296.76315715432037,146
60720000,121439.9998204455,-205792.60186144372,297.7909069827744,146
60725000,121449.99982041116,-207688.71531422436,299.9902199208977,146
60730000,121459.99982037682,-206559.76622270863,304.71386557575113,146
60735000,121469.99982034248,-207057.36863247317,300.45153610744865,146
60740000,121479.99982030813,-206421.8745565106,301.70182554328585,146
60745000,121489.99982027379,-206455.07548026205,298.66959316184307,146
60750000,121499.99982023945,-207053.1565267071,303.4054798304114,146
60755000,121509.9998202051,-206941.7217055161,296.5585476619733,146
60760000,121519.99982017076,-206879.9266282625,303.0239309967407,146
60765000,121529.99982013642,-206870.59685280803,301.5012272755593,146
60770000,121539.99982010208,-206461.4831938839,302.09100004004813,146
60775000,121549.99982006774,-206222.21422354865,301.3021495807378,146
60780000,121559.9998200334,-206572.17189721938,299.0162200626769,146
60785000,121569.99981999905,-206588.9932987732,299.74323925510214,146
60790000,121579.99981996471,-204903.71557889122,303.95889272736304,146
60795000,121589.99981993037,-207564.3762878956,298.4746336681336,146
60800000,121599.99981989602,-206691.755023823,296.16704006529477,146
60805000,121609.99981986168,-205954.19744635385,299.7696342450559,146
60810000,121619.99981982734,-206531.0965090557,302.5841956994624,146
60815000,121629.999819793,-207172.67993884883,302.00068611976184,146
60820000,121639.99981975865,-206701.99089847598,297.9571635271823,146
60825000,121649.99981972431,-207210.6121406235,303.36137044485497,146
60830000,121659.99981968997,-206553.5831672569,302.0799227406228,146
60835000,121669.99981965563,-206592.61911757896,300.7999468401708,146
60840000,121679.99981962128,-206869.54341232358,300.72680281768083,146
60845000,121689.99981958694,-206829.77544072643,306.20922577212065,146
60850000,121699.9998195526,-206318.20298690908,305.5823742486453,146
60855000,121709.99981951826,-206647.30599344056,298.30993072711817,146
60860000,121719.99981948391,-206930.8498432003,301.51215171348525,146
60865000,121729.99981944957,-206133.40049339214,304.1656870907055,146
60870000,121739.99981941523,-206377.11869793374,297.5205801028806,146
60875000,121749.99981938089,-207306.60931017995,302.5306044446203,146
60880000,121759.99981934654,-207316.41194033285,298.2765672464099,146
60885000,121769.9998193122,-206917.93840869202,299.1637856175323,146
60890000,121779.99981927786,-206512.13492564193,302.18057942350435,146
60895000,121789.99981924352,-206799.3964297073,297.6034326813104,146
60900000,121799.99981920917,-206705.40045157704,296.9580970611387,146
60905000,121809.99981917483,-206491.08037404355,298.28205999323853,146
60910000,121819.99981914049,-205880.99574104208,295.14940699323233,146
60915000,121829.99981910615,-206581.3359810171,302.56527303781104,146
60920000,121839.9998190718,-205637.8935137142,303.1808285992699,146
60925000,121849.99981903746,-206278.23784870654,302.0015471208365,146
60930000,121859.99981900312,-206262.44525531074,297.0693966287023,146
60935000,121869.99981896878,-206681.9440456517,298.3043662199184,146
60940000,121879.99981893443,-205990.07827546797,302.09779804428246,146
60945000,121889.99981890009,-205782.69447316776,301.19713092710623,146
60950000,121899.99981886575,-206488.2830063505,301.40386911300186,146
60955000,121909.9998188314,-206467.0058735772,298.77512934515147,146
60960000,121919.99981879706,-206810.21879990888,300.5404916688642,146
60965000,121929.99981876272,-206329.67069879756,298.94233407150455,146
60970000,121939.99981872838,-206796.1791092516,299.4674896795079,146
60975000,121949.99981869404,-206464.90183295193,299.31114641851366,146
60980000,121959.9998186597,-205607.21138054668,300.313649242305,146
60985000,121969.99981862535,-206911.8003055877,303.29415177870044,146
60990000,121979.99981859101,-206844.86228455638,299.28837553837633,146
60995000,121989.99981855667,-206944.12255146797,294.8953277983589,146
61000000,121999.99981852232,-206556.59315653378,298.3016538278595,146
61005000,122009.99981848798,-206286.1413859668,297.5534560610408,146
61010000,122019.99981845364,-205777.2165761845,301.62849909888536,146
61015000,122029.9998184193,-206249.60876762937,302.4528865392004,146
61020000,122039.99981838495,-206941.1444729605,299.12345093443565,146
61025000,122049.99981835061,-206005.58762586385,304.21243390183866,146
61030000,122059.99981831627,-206426.49243569805,299.2348347220381,146
61035000,122069.99981828193,-206805.9373235423,297.08908825860044,146
61040000,122079.99981824758,-205815.14448952198,300.10036442756495,146
61045000,122089.99981821324,-205743.21399301407,301.3157686562308,146
61050000,122099.9998181789,-205845.90413833468,299.71263135707204,146
61055000,122109.99981814456,-207108.37962756143,301.37094991091334,146
61060000,122119.99981811021,-206464.02406328963,297.113771593338,146
61065000,122129.99981807587,-206869.7162127532,302.3865731109441,146
61070000,122139.99981804153,-207588.4684233783,300.44306219834635,146
61075000,122149.99981800719,-206380.43896057876,301.0473667241602,146
61080000,122159.99981797284,-206375.21513618238,293.9077397284187,146
61085000,122169.9998179385,-207101.25804687617,303.39151799168457,146
61090000,122179.99981790416,-207047.1233974928,298.5802997502675,146
61095000,122189.99981786982,-206553.92017596168,298.3993535780268,146
61100000,122199.99981783547,-206028.9370205918,300.1845881498542,146
61105000,122209.99981780113,-206835.77624709252,300.783221229928,146
61110000,122219.99981776679,-207139.65768464538,300.60573106142203,146
61115000,122229.99981773245,-206554.17710410687,301.33069686785836,146
61120000,122239.9998176981,-207172.7324055446,296.92945040259116,146
61125000,122249.99981766376,-206834.79743432323,305.24858841488094,146
61130000,122259.99981762942,-206778.5986721717,299.5079387931871,146
61135000,122269.99981759508,-206912.95147960144,297.3928893981764,146
61140000,122279.99981756073,-205752.68442379357,298.7336173234853,146
61145000,122289.99981752639,-206852.10372311878,303.3949761874829,146
61150000,122299.99981749205,-206286.69028170698,301.7313301073175,146
61155000,122309.9998174577,-206974.04322021327,298.7993560780087,146
61160000,122319.99981742336,-206420.925515917,299.6502606031537,146
61165000,122329.99981738902,-207069.35623161087,297.5901017573494,146
61170000,122339.99981735468,-206296.2100041617,302.4233051489953,146
61175000,122349.99981732033,-205621.20549005189,302.2459763514874,146
61180000,122359.99981728599,-206575.87311612698,302.1999569769754,146
61185000,122369.99981725165,-206408.7178751208,299.5424785492115,146
61190000,122379.99981721731,-206573.88374572352,301.5637763286311,146
61195000,122389.99981718296,-206654.47987988102,297.77234663010955,146
61200000,122399.99981714862,-207001.315274328,300.4955084295677,146
61205000,122409.99981711428,-206224.13785595412,301.5718223720535,146
61210000,122419.99981707994,-206030.0576084482,301.95696023854657,146
61215000,122429.9998170456,-206434.06876132695,300.81760165989846,146
61220000,122439.99981701125,-207315.24685483053,302.8299608851997,146
61225000,122449.99981697691,-206185.89833592076,299.43899719025677,146
61230000,122459.99981694257,-205815.5383808529,306.98102258651204,146
61235000,122469.99981690822,-206239.55502128834,296.5796399251972,146
61240000,122479.99981687388,-206362.26528540067,302.6719083883263,146
61245000,122489.99981683954,-206803.77219769848,301.37859350203786,146
61250000,122499.9998168052,-207176.3965001899,303.7833939389321,146
61255000,122509.99981677085,-206323.94207093865,299.4881274411238,146
61260000,122519.99981673651,-207123.1624835797,300.8846764034305,146
61265000,122529.99981670217,-206319.06351039372,297.3642745930736,146
61270000,122539.99981666783,-206300.7029199648,301.34740615593415,146
61275000,122549.99981663348,-206644.6091131611,301.2366914961963,146
61280000,122559.99981659914,-206660.39424973726,298.6642021718042,146
61285000,122569.9998165648,-205948.73415922956,301.3051810236743,146
61290000,122579.99981653046,-207008.74360259518,302.3121732179512,146
61295000,122589.99981649611,-206708.67359306128,304.2535735938139,146
61300000,122599.99981646177,-206067.6429694062,300.67960432372723,146
61305000,122609.99981642743,-207426.02476851398,302.3327105626256,146
61310000,122619.99981639309,-205684.97963293816,296.30606423275617,146
61315000,122629.99981635874,-206489.19394559343,300.11205869663684,146
61320000,122639.9998163244,-206599.22987589322,300.3583964620324,146
61325000,122649.99981629006,-206931.49356001674,303.0247611364417,146
61330000,122659.99981625572,-206323.17526644026,299.8257646103334,146
61335000,122669.99981622137,-205680.42822681868,301.87840459003985,146
61340000,122679.99981618703,-206809.95778796542,299.0789807776282,146
61345000,122689.99981615269,-206434.56937004975,297.3851207801484,146
61350000,122699.99981611835,-206243.11109607248,302.00712215315775,146
61355000,122709.999816084,-206621.93864689465,296.75981707001614,146
61360000,122719.99981604966,-205899.30917636934,299.73185722582474,146
61365000,122729.99981601532,-205647.0513308572,299.0029522210136,146
61370000,122739.99981598098,-206320.83517850726,298.28339533196805,146
61375000,122749.99981594663,-206282.61347064958,300.08908322709806,146
61380000,122759.99981591229,-206193.53299914685,301.096030667879,146
61385000,122769.99981587795,-207264.92127514922,303.8487092621661,146
61390000,122779.9998158436,-207533.01523046778,299.8028865743426,146
61395000,122789.99981580926,-206056.80509847403,299.80337564591605,146
61400000,122799.99981577492,-205458.07320082758,303.0729780778892,146
61405000,122809.99981574058,-206520.5458116096,301.6357063011779,146
61410000,122819.99981570624,-206648.03863827977,302.48444382376726,146
61415000,122829.9998156719,-206676.6181352703,301.2987777192429,146
61420000,122839.99981563755,-206334.2601890606,304.5626454012946,146
61425000,122849.99981560321,-206785.3565783447,294.7886185163116,146
61430000,122859.99981556887,-206766.49642040173,300.7411854206243,146
61435000,122869.99981553452,-205887.63820886717,302.07987530949555,146
61440000,122879.99981550018,-207390.3669614566,298.1449393670608,146
61445000,122889.99981546584,-206518.7633682734,295.5212236257595,146
61450000,122899.9998154315,-206761.6994155054,303.5035151725175,146
61455000,122909.99981539715,-206897.69756808714,297.8380501688148,146
61460000,122919.99981536281,-205883.79584666272,296.64851538137844,146
61465000,122929.99981532847,-206292.70507498132,299.3192251028738,146
61470000,122939.99981529413,-206485.2175385448,298.6384257609986,146
61475000,122949.99981525978,-206930.3911712775,301.8240194319121,146
61480000,122959.99981522544,-205906.396583959,295.47616450363967,146
61485000,122969.9998151911,-206960.38647933863,301.5764784879027,146
61490000,122979.99981515676,-206273.7804483784,296.9116840484022,146
61495000,122989.99981512241,-206798.11069770902,300.2625388846243,146
61500000,122999.99981508807,-205728.07912206033,301.78075415893676,146
61505000,123009.99981505373,-206988.52980410797,300.56347604426736,146
61510000,123019.99981501939,-205654.4892687581,294.573580147892,146
61515000,123029.99981498504,-206142.175760792,299.90110285676303,146
61520000,123039.9998149507,-206293.8243206842,301.73109652881374,146
61525000,123049.99981491636,-206303.51429704705,297.7738614196365,146
61530000,123059.99981488202,-206506.32386386069,298.23801684231546,146
61535000,123069.99981484767,-206275.04388947273,300.19288131112995,146
61540000,123079.99981481333,-206038.7675425019,303.2066643428728,146
61545000,123089.99981477899,-206208.71067687497,299.8190182592626,146
61550000,123099.99981474465,-205886.83582575852,298.54656368759004,146
61555000,123109.9998147103,-206289.51916358538,301.23505331458773,146
61560000,123119.99981467596,-206223.54852566333,299.50959026164844,146
61565000,123129.99981464162,-206606.054037723,304.10999441185527,146
61570000,123139.99981460728,-206003.8161011811,301.32782665515816,146
61575000,123149.99981457293,-206292.53589071136,301.55856437184957,146
61580000,123159.99981453859,-205842.92278008512,300.68050595858784,146
61585000,123169.99981450425,-206542.8183991165,298.48527227254164,146
61590000,123179.9998144699,-206831.73670567258,298.7927266954169,146
61595000,123189.99981443556,-207137.46861276927,302.2242651005205,146
61600000,123199.99981440122,-206904.9361339095,294.46119331414576,146
61605000,123209.99981436688,-207251.3356835742,300.4739950671412,146
61610000,123219.99981433254,-206060.9566630033,297.93968546133885,146
61615000,123229.9998142982,-207117.19125698996,295.7305947001963,146
61620000,123239.99981426385,-206615.05045704916,299.20237284100705,146
61625000,123249.99981422951,-206554.17299640516,302.54160809265016,146
61630000,123259.99981419517,-205916.5244937361,299.7555251653987,146
61635000,123269.99981416082,-205878.89543158642,302.424586845357,146
61640000,123279.99981412648,-206717.01592029224,299.3680980547365,146
61645000,123289.99981409214,-206528.59735509194,297.4827113160025,146
61650000,123299.9998140578,-206294.54354395694,305.3277625088858,146
61655000,123309.99981402345,-206619.21925358218,299.9748133620023,146
61660000,123319.99981398911,-205791.2687234867,296.71720298826966,146
61665000,123329.99981395477,-206404.63368413644,302.5061162892559,146
61670000,123339.99981392043,-206611.9873767551,302.0910214743656,146
61675000,123349.99981388608,-207163.29528114724,301.3510304644035,146
61680000,123359.99981385174,-206158.9329112023,300.9307634308476,146
61685000,123369.9998138174,-207024.866634964,303.687008568996,146
61690000,123379.99981378306,-207555.93874345813,300.41413479569104,146
61695000,123389.99981374871,-207059.26736356225,295.9200146345185,146
61700000,123399.99981371437,-206781.19961871824,301.78529422721,146
61705000,123409.99981368003,-207040.28661193955,297.24922433990247,146
61710000,123419.99981364569,-206426.4808831046,307.2603373963612,146
61715000,123429.99981361134,-206504.2257259431,300.2910477992178,146
61720000,123439.999813577,-206908.00401516026,298.81036710405226,146
61725000,123449.99981354266,-206321.6408177571,303.5678738810284,146
61730000,123459.99981350832,-206574.8587741945,301.2012131887051,146
61735000,123469.99981347397,-206148.9714251163,298.769221470483,146
61740000,123479.99981343963,-206185.17155440093,296.95025254489707,146
61745000,123489.99981340529,-206526.96124980063,298.58097220711534,146
61750000,123499.99981337095,-206075.86857511697,303.4256806729921,146
61755000,123509.9998133366,-206598.22841800516,294.93926322306135,146
61760000,123519.99981330226,-207446.4155090358,301.2804638899236,146
61765000,123529.99981326792,-206472.9028711858,302.2580881979649,146
61770000,123539.99981323357,-206829.87576368207,300.615667859935,146
61775000,123549.99981319923,-206289.19375776686,293.129851830529,146
61780000,123559.99981316489,-206525.4663352538,299.31349959272404,146
61785000,123569.99981313055,-206098.68006437714,302.5158221030917,146
61790000,123579.9998130962,-206473.42200124636,303.18131658082723,146
61795000,123589.99981306186,-206310.09844856733,298.8379263853931,146
61800000,123599.99981302752,-205658.76049473626,301.7734060076414,146
61805000,123609.99981299318,-206742.89828615566,303.8209578075393,146
61810000,123619.99981295883,-207269.27355410287,298.6672217724736,146
61815000,123629.99981292449,-206375.6813986972,300.85850143561845,146
61820000,123639.99981289015,-206453.66097779095,298.6415216543351,146
61825000,123649.9998128558,-206178.60279501136,299.39481576831764,146
61830000,123659.99981282146,-206373.7374938971,300.7171966993832,146
61835000,123669.99981278712,-206088.63991890172,296.4957985053107,146
61840000,123679.99981275278,-205885.32838351792,303.34366491782,146
61845000,123689.99981271844,-206727.1293108227,300.3622661539941,146
61850000,123699.9998126841,-206863.1830370843,296.5170929646459,146
61855000,123709.99981264975,-206598.00138563546,301.65356952815125,146
61860000,123719.99981261541,-206542.81316725386,301.8493569670188,146
61865000,123729.99981258107,-205870.45729916228,293.0198544695952,146
61870000,123739.99981254672,-207250.38762832666,300.48563081200257,146
61875000,123749.99981251238,-206487.89499283768,300.01766938529903,146
61880000,123759.99981247804,-206442.69835739688,299.5938734522687,146
61885000,123769.9998124437,-206538.63387393102,301.4312031615652,146
61890000,123779.99981240935,-206994.19190519664,303.4819122698406,146
61895000,123789.99981237501,-206528.03623959364,304.6038141454268,146
61900000,123799.99981234067,-207197.3701439693,302.4918784448659,146
61905000,123809.99981230633,-206233.87608362187,300.3756309434957,146
61910000,123819.99981227198,-206677.5456439671,298.26748307132664,146
61915000,123829.99981223764,-205848.5312553174,298.1044555744949,146
61920000,123839.9998122033,-206284.68822433054,299.85035871479784,146
61925000,123849.99981216896,-206541.09531654837,299.1741553665429,146
61930000,123859.99981213461,-206333.25767911936,307.88048190591775,146
61935000,123869.99981210027,-206204.89571071882,306.15206160199926,146
61940000,123879.99981206593,-206961.84342381475,301.0093430608256,146
61945000,123889.99981203159,-206306.20473427686,299.59425995030267,146
61950000,123899.99981199724,-206796.9125228126,306.91518122269326,146
61955000,123909.9998119629,-206029.45413854625,301.2609313921838,146
61960000,123919.99981192856,-206705.3461071871,302.2665324663353,146
61965000,123929.99981189422,-206518.76958255784,303.6835895380068,146
61970000,123939.99981185987,-206561.65026526025,299.6869475506349,146
61975000,123949.99981182553,-206300.9226029032,300.8727950463339,146
61980000,123959.99981179119,-206777.1361087818,301.4814343986372,146
61985000,123969.99981175685,-206752.452782306,296.6538884107827,146
61990000,123979.9998117225,-206965.92734773725,298.12132539310585,146
61995000,123989.99981168816,-207070.18051074748,300.2740707851319,146
62000000,123999.99981165382,-206643.6135251011,302.85313580804427,146
62005000,124009.99981161948,-206593.48880744667,302.51356812454287,146
62010000,124019.99981158513,-206675.75464856997,304.5750658426788,146
62015000,124029.99981155079,-206641.72058912308,301.6744972740222,146
62020000,124039.99981151645,-206166.59385152918,298.1919956879876,146
62025000,124049.9998114821,-206880.38477944094,299.53887411000943,146
62030000,124059.99981144776,-206422.79204260092,299.3223110437006,146
62035000,124069.99981141342,-206577.37549433322,294.448396649425,146
62040000,124079.99981137908,-205925.123986581,301.9063590934857,146
62045000,124089.99981134474,-206640.29345675057,303.1565851358828,146
62050000,124099.9998113104,-206637.32695682917,300.86000637267915,146
62055000,124109.99981127605,-206267.03576133226,304.6504482080758,146
62060000,124119.99981124171,-206956.71561528358,303.30437320106347,146
62065000,124129.99981120737,-205947.83772885252,306.0498100050578,146
62070000,124139.99981117302,-207009.99883221847,301.3181637194565,146
62075000,124149.99981113868,-206830.75685082993,300.17660031580203,146
62080000,124159.99981110434,-206081.90101862943,305.90864155482853,146
62085000,124169.99981107,-207413.37753122626,303.7323598371936,146
62090000,124179.99981103565,-205940.65781799366,300.91952236940296,146
62095000,124189.99981100131,-206536.14991672675,301.06660307147536,146
62100000,124199.99981096697,-207376.5116102806,301.02705616702207,146
62105000,124209.99981093263,-206806.0923037863,300.5750353713369,146
62110000,124219.99981089828,-206807.6331160264,302.87348235047983,146
62115000,124229.99981086394,-207054.93886825012,298.3130823735728,146
62120000,124239.9998108296,-206475.294285301,299.59925896115334,146
62125000,124249.99981079526,-206221.77317330893,303.5763032849095,146
62130000,124259.99981076091,-206697.1164624053,299.79165967835866,146
62135000,124269.99981072657,-206232.40543685807,298.96310384158994,146
62140000,124279.99981069223,-206235.7183264523,298.22144636862413,146
62145000,124289.99981065789,-206630.52453133254,298.9924784410128,146
62150000,124299.99981062354,-205654.85627431213,303.56045630794466,146
62155000,124309.9998105892,-206740.0216091969,296.7675358050845,146
62160000,124319.99981055486,-207395.09796999022,303.87908858008035,146
62165000,124329.99981052052,-206753.3283231064,298.70911108332484,146
62170000,124339.99981048617,-206437.75979210134,299.0845106349418,146
62175000,124349.99981045183,-206596.82368814328,302.6628118547461,146
62180000,124359.99981041749,-206642.19170391117,297.4640451448223,146
62185000,124369.99981038315,-206741.6287410427,297.2553562897857,146
62190000,124379.9998103488,-206587.61057332694,303.46534144830366,146
62195000,124389.99981031446,-206308.88486932626,300.9221731384622,146
62200000,124399.99981028012,-206586.2099797486,298.9636938912625,146
62205000,124409.99981024578,-205881.55718940182,299.01905554197464,146
62210000,124419.99981021143,-206355.07284652197,301.8642079979781,146
62215000,124429.99981017709,-205937.262192506,301.21361935202106,146
62220000,124439.99981014275,-207118.95862327516,302.5748091422761,146
62225000,124449.9998101084,-206908.32118932437,296.9680869626722,146
62230000,124459.99981007406,-206582.0745958793,300.4389514099986,146
62235000,124469.99981003972,-206314.3900367457,301.66175566132284,146
62240000,124479.99981000538,-206430.45970173215,304.213523242789,146
62245000,124489.99980997104,-206468.27107700496,305.5259219647402,146
62250000,124499.9998099367,-205817.00825601642,302.2249521328358,146
62255000,124509.99980990235,-206849.14386083977,302.2093100752215,146
62260000,124519.99980986801,-206463.05126907746,301.9431311095491,146
62265000,124529.99980983367,-206481.23200493562,297.49687325697744,146
62270000,124539.99980979932,-206684.852540193,301.83275356604275,146
62275000,124549.99980976498,-206419.2704379371,299.14795465705737,146
62280000,124559.99980973064,-206255.96385192103,306.0128147909908,146
62285000,124569.9998096963,-206213.1246877166,296.2444983980769,146
62290000,124579.99980966195,-206273.9494608494,301.1337940984324,146
62295000,124589.99980962761,-206502.14914790133,298.5834305983311,146
62300000,124599.99980959327,-206686.042491258,301.4386903147805,146
62305000,124609.99980955893,-205739.8846529472,297.7661089634621,146
62310000,124619.99980952458,-206008.5136714439,303.6509373614245,146
62315000,124629.99980949024,-207525.0794870928,303.8065304511174,146
62320000,124639.9998094559,-206784.5641281032,298.29676502666655,146
62325000,124649.99980942156,-206689.2214124247,296.7218271894374,146
62330000,124659.99980938721,-207583.26073812775,300.5300159388099,146
62335000,124669.99980935287,-206192.82337048103,298.19717844950094,146
62340000,124679.99980931853,-206188.93736301572,300.353090995923,146
62345000,124689.99980928419,-206242.2965311224,304.40914815127826,146
62350000,124699.99980924984,-206840.4079079281,291.8521367073225,146
62355000,124709.9998092155,-205909.1051458607,300.5220776910063,146
62360000,124719.99980918116,-206517.96982027497,298.0407015097396,146
62365000,124729.99980914682,-206446.28168679262,301.98888887208346,146
62370000,124739.99980911247,-206395.45866868342,302.05558918120715,146
62375000,124749.99980907813,-205728.33855583984,299.6117572683424,146
62380000,124759.99980904379,-206213.65910134045,302.4019160994008,146
62385000,124769.99980900945,-205717.23476831254,301.4784139725421,146
62390000,124779.9998089751,-205230.83906237304,297.73707558807547,146
62395000,124789.99980894076,-207169.99862212583,297.30202127418937,146
62400000,124799.99980890642,-206178.47960753075,303.1172202795384,146
62405000,124809.99980887207,-206483.83250328386,304.79522041574614,146
62410000,124819.99980883773,-206694.051196496,298.84144467491996,146
62415000,124829.99980880339,-206313.27219740278,293.75878040805003,146
62420000,124839.99980876905,-206459.06866054214,302.6380633691968,146
62425000,124849.9998087347,-206228.71593170136,301.3916182429423,146
62430000,124859.99980870036,-206295.75944726355,301.57940914665596,146
62435000,124869.99980866602,-207237.91658758523,298.60596755465633,146
62440000,124879.99980863168,-206335.3863273547,298.5866751146675,146
62445000,124889.99980859733,-205959.870387375,303.93650765449615,146
62450000,124899.99980856299,-206463.78099929215,304.2617423647934,146
62455000,124909.99980852865,-205857.18956095562,299.8310346159866,146
62460000,124919.9998084943,-206586.21654329658,304.76942574137286,146
62465000,124929.99980845996,-206812.42877018708,302.4444761269661,146
62470000,124939.99980842562,-206683.01244282466,300.1931764550546,146
