#"Step","Time (ps)","Potential Energy (kJ/mole)","Temperature (K)","Speed (ns/day)"
5000,10.000000000000009,-206831.92081617378,303.6775518727485,0
10000,19.999999999999794,-205026.83077465917,304.4349062857157,228
15000,29.99999999999425,-206084.49008604581,297.6361180022292,230
20000,40.00000000000292,-205619.67079160514,301.51327572433274,227
25000,50.00000000001514,-206857.07587072533,303.5337959823644,226
30000,60.00000000002736,-206035.65392768558,301.87150324096797,225
35000,70.00000000001826,-206620.7817569722,304.74054597091003,223
40000,79.99999999999496,-205970.6764249123,298.17303682930566,221
45000,89.99999999997165,-205805.56675816595,300.7193239482977,222
50000,99.99999999994834,-206535.869329217,299.02047800016544,222
55000,109.99999999992504,-206587.32536669588,299.1259178900167,221
60000,119.99999999990173,-206345.15101646073,302.4986900186163,221
65000,129.99999999989262,-205925.05655881937,302.3375158893419,221
70000,139.99999999994037,-206605.48581429757,303.39193108581225,221
75000,149.99999999998812,-205774.90946867224,303.93104550009474,221
80000,160.00000000003587,-206308.81280055363,294.35345897854893,221
85000,170.00000000008362,-206234.6347407581,299.65275078576065,221
90000,180.00000000013137,-205863.2042367356,296.5903478039016,222
95000,190.0000000001791,-206235.57120571774,301.1048702653274,221
100000,200.00000000022686,-206410.84430208767,298.4076228501575,221
105000,210.0000000002746,-206360.06389620923,297.3805353924545,222
110000,220.00000000032236,-206475.1935067966,304.75954598975494,221
115000,230.0000000003701,-206328.69585492124,298.6603711342328,222
120000,240.00000000041786,-206415.31535921292,301.4303835739006,221
125000,250.0000000004656,-206297.2443543945,298.9329803206642,221
130000,260.00000000051335,-205387.97011503496,298.9365289565026,221
135000,270.0000000005611,-206726.77228793956,302.5264794862982,221
140000,280.00000000060885,-206416.22100247385,299.0709859777255,221
145000,290.0000000006566,-206531.4924248393,300.43456228457586,221
150000,300.00000000070435,-206214.74702176324,299.6944898813512,221
155000,310.0000000007521,-205424.4938258893,303.69892167515076,221
160000,320.00000000079984,-205753.75904030527,302.67676393780476,221
165000,330.0000000008476,-206356.83000522025,302.2743547497321,221
170000,340.00000000089534,-205630.44102641277,299.59241806982635,221
175000,350.0000000009431,-206859.19379069575,297.3457671903347,221
180000,360.00000000099084,-206467.06507528934,299.6306105461666,221
185000,370.0000000010386,-205688.17471213045,302.7892940398873,221
190000,380.00000000108633,-205895.55048674415,302.7312103528409,221
195000,390.0000000011341,-206028.98568676086,303.41239892552585,221
200000,400.00000000118183,-205437.36728967004,295.34289247256936,221
205000,410.0000000012296,-206213.0948578735,301.72933361162904,221
210000,420.00000000127733,-206441.16130778927,299.16271792466995,221
215000,430.0000000013251,-206406.54508629383,298.51925567231945,221
220000,440.0000000013728,-206316.66933913226,300.38913595705833,221
225000,450.0000000014206,-205872.87644702895,308.24920483103915,221
230000,460.0000000014683,-205492.84045979741,296.31935062684516,221
235000,470.00000000151607,-206529.16776374925,299.65876005001587,221
240000,480.0000000015638,-205716.4581768635,298.471652344957,221
245000,490.00000000161157,-206453.29565028776,302.26238882325737,221
250000,500.0000000016593,-206366.87055454892,301.6768072877423,221
255000,510.00000000170706,-206626.64107812813,298.9797400247658,221
260000,520.0000000015274,-205873.99847066996,300.20861167998714,221
265000,530.0000000012909,-206652.49321969564,302.2458383133209,221
270000,540.0000000010544,-206839.24217104004,300.28321292064066,221
275000,550.000000000818,-205784.90578557388,302.61260646221905,221
280000,560.0000000005815,-206569.2669219831,303.0254605705918,221
285000,570.000000000345,-206503.69953138707,293.8963674214421,221
290000,580.0000000001086,-206586.87185319862,297.3433015836928,221
295000,589.9999999998721,-206187.7264061682,297.54867864499073,221
300000,599.9999999996356,-206148.25861142436,300.1005922643191,221
305000,609.9999999993992,-206195.35525263427,298.8923896051062,221
310000,619.9999999991627,-206436.2649682162,295.59422169308266,221
315000,629.9999999989262,-206437.00532941567,299.61233909126975,221
320000,639.9999999986898,-206569.15193653607,301.2740502837033,221
325000,649.9999999984533,-206714.1717028307,297.05097028992884,221
330000,659.9999999982168,-207135.07909520855,298.132791780332,221
335000,669.9999999979804,-205360.8228820389,298.9175672795917,221
340000,679.9999999977439,-205703.64100471884,303.2404550302319,221
345000,689.9999999975074,-206324.47756366385,302.9673827934904,221
350000,699.999999997271,-205505.931317123,298.02081625898757,220
355000,709.9999999970345,-205536.06729963818,300.91941116435567,220
360000,719.999999996798,-206359.69064307795,300.62064909891467,220
365000,729.9999999965615,-206061.61324990448,301.9877543625503,220
370000,739.9999999963251,-206158.65514190553,296.165950428333,220
375000,749.9999999960886,-206174.7035186243,302.5472272097664,220
380000,759.9999999958521,-206511.82463986182,296.9493415680321,220
385000,769.9999999956157,-205170.57184534322,301.29840789020807,220
390000,779.9999999953792,-206837.95401730877,297.73663446607173,220
395000,789.9999999951427,-206047.45616061706,297.6670325207455,221
400000,799.9999999949063,-206280.2264091092,298.17918044125594,220
405000,809.9999999946698,-205968.33776070247,297.5380724563465,220
410000,819.9999999944333,-205950.20248514274,298.0421847038913,220
415000,829.9999999941969,-205956.60700986267,297.8687354540338,220
420000,839.9999999939604,-206458.65139562287,298.75164957225746,220
425000,849.9999999937239,-206375.58063075028,298.5159591303762,220
430000,859.9999999934874,-206529.65805402875,299.6163202282333,220
435000,869.999999993251,-205712.94652077975,303.37289118535983,220
440000,879.9999999930145,-206607.25571395527,299.90894819988046,220
445000,889.999999992778,-205797.87704522815,303.36187355542535,220
450000,899.9999999925416,-205884.26024584717,302.421930674735,221
455000,909.9999999923051,-206051.18221912102,301.9720041626187,221
460000,919.9999999920686,-206359.480672569,299.96376939808357,221
465000,929.9999999918322,-206370.41942922957,298.62695975392006,221
470000,939.9999999915957,-205774.5008108922,300.1526064402629,221
475000,949.9999999913592,-206563.82928394957,303.49194701306783,221
480000,959.9999999911228,-206103.81830631185,297.2703080881825,221
485000,969.9999999908863,-206324.7302455844,297.92836925846757,221
490000,979.9999999906498,-206097.17708363768,294.9401350520974,221
495000,989.9999999904134,-206049.71319245815,301.7158761414126,221
500000,999.9999999901769,-206633.46346297988,297.4077200035257,221
505000,1009.9999999899404,-206521.59552478,300.7679123330228,221
510000,1019.999999989704,-206426.97595119174,301.6195638780438,221
515000,1029.9999999894676,-205743.0816083831,302.0895322719175,221
520000,1039.9999999892311,-206041.9671005822,298.9820321567585,221
525000,1049.9999999889947,-206438.33577168908,300.60645982561533,221
530000,1059.9999999887582,-206925.59528128477,302.14381496572827,221
535000,1069.9999999885217,-206428.58876995998,301.622807649944,221
540000,1079.9999999882853,-206724.15137952706,301.43417150586447,221
545000,1089.9999999880488,-207465.87232010963,302.24831858612276,221
550000,1099.9999999878123,-206703.9356192078,299.41276471633586,221
555000,1109.9999999875758,-206645.4211989384,309.10591228811086,221
560000,1119.9999999873394,-206472.57496908493,296.5380631567484,221
565000,1129.999999987103,-206218.54395644146,296.94303137103554,221
570000,1139.9999999868664,-206577.47350396146,302.0592783798116,221
575000,1149.99999998663,-206635.3444095014,297.49610044165706,221
580000,1159.9999999863935,-206365.93773027335,303.2830351725678,221
585000,1169.999999986157,-206818.18834845512,298.70756584673353,221
590000,1179.9999999859206,-206688.65770923672,301.72729847976495,221
595000,1189.999999985684,-206747.26625082584,299.0556620332473,221
600000,1199.9999999854476,-206430.1733498025,302.7519323246103,221
605000,1209.9999999852112,-206153.4499314722,303.0652786154084,221
610000,1219.9999999849747,-205700.80486312544,299.15542735387044,221
615000,1229.9999999847382,-206667.9989776765,301.6843696074787,221
620000,1239.9999999845018,-206034.18234064162,302.31736988572834,221
625000,1249.9999999842653,-205834.76496954018,299.61411317268903,221
630000,1259.9999999840288,-205851.5812089166,301.9784572965886,221
635000,1269.9999999837923,-206183.65501654276,301.58278802692894,221
640000,1279.9999999835559,-206552.96535333176,298.30405029617475,221
645000,1289.9999999833194,-206820.5926363346,304.553047312543,221
650000,1299.999999983083,-205921.24002347968,299.48500502072335,221
655000,1309.9999999828465,-205883.2649548829,304.2798160497942,221
660000,1319.99999998261,-207212.75551245164,300.91535281421693,221
665000,1329.9999999823735,-205475.27176928474,299.31181472604715,221
670000,1339.999999982137,-207605.98151000775,301.26874844085035,221
675000,1349.9999999819006,-205105.57010262914,303.89552606884234,221
680000,1359.9999999816641,-206090.01319133118,299.0749041060564,221
685000,1369.9999999814277,-207414.69775403768,299.4100033533873,221
690000,1379.9999999811912,-205797.50830361946,301.94581769689836,221
695000,1389.9999999809547,-206815.93939677207,304.97187881018743,221
700000,1399.9999999807183,-206971.07139241975,300.1944401158504,221
705000,1409.9999999804818,-206700.82938964677,301.6076310515295,221
710000,1419.9999999802453,-206700.08476148325,300.2126482913263,221
715000,1429.9999999800089,-206942.46009784203,298.65670055602675,221
720000,1439.9999999797724,-206751.21327390277,296.1993585522913,221
725000,1449.999999979536,-206295.48371641326,301.90604043418796,221
730000,1459.9999999792994,-206359.432872787,298.5791030290924,221
735000,1469.999999979063,-206935.23416489724,300.2074851049915,221
740000,1479.9999999788265,-206576.97072374774,299.3947473517157,221
745000,1489.99999997859,-207234.2582288985,301.5194048933201,221
750000,1499.9999999783536,-206724.46130777535,301.9892977844307,221
755000,1509.999999978117,-206224.00985266978,298.7838483913428,221
760000,1519.9999999778806,-205866.04364932445,299.54499635184544,221
765000,1529.9999999776442,-205915.46119897114,300.519148995816,221
770000,1539.9999999774077,-206131.43136206886,294.6444661392711,221
775000,1549.9999999771712,-206522.06889583787,299.08368839133783,221
780000,1559.9999999769348,-206638.97797339945,301.01676686860714,221
785000,1569.9999999766983,-206243.0055031455,296.81164315470147,221
790000,1579.9999999764618,-205951.05749572616,301.558700025524,221
795000,1589.9999999762254,-207077.7361818467,299.093567021716,221
800000,1599.9999999759889,-207364.90687273233,299.67046963853585,221
805000,1609.9999999757524,-206754.29788978363,296.870813463419,221
810000,1619.999999975516,-206359.28809982364,298.1269763110429,221
815000,1629.9999999752795,-206745.6192856565,302.4361166916059,221
820000,1639.999999975043,-207296.5070826629,302.0990348021155,221
825000,1649.9999999748065,-206507.76817377214,301.31079221400955,221
830000,1659.99999997457,-206450.0213009935,300.6055619200193,221
835000,1669.9999999743336,-206494.88496405992,301.1019077715961,221
840000,1679.9999999740971,-206310.08603542217,302.28721606607155,221
845000,1689.9999999738607,-206127.12425442878,299.45770593175257,221
850000,1699.9999999736242,-206358.35221725854,300.02016000185023,221
855000,1709.9999999733877,-205477.40744625556,298.43331993439176,221
860000,1719.9999999731513,-206431.55830737366,298.8750875038153,221
865000,1729.9999999729148,-206891.82448550407,300.6866535713726,221
870000,1739.9999999726783,-206327.15319982462,299.596453535079,221
875000,1749.9999999724419,-205800.57259173738,301.3153046234407,221
880000,1759.9999999722054,-206088.95343192993,297.55844270418606,221
885000,1769.999999971969,-206778.20787354792,298.7535988001406,221
890000,1779.9999999717324,-207040.64257337153,298.7303848660702,221
895000,1789.999999971496,-206240.5004557356,303.1637009145895,221
900000,1799.9999999712595,-206437.28181360185,299.55862888522404,221
905000,1809.999999971023,-206403.44030421844,302.07472134889395,220
910000,1819.9999999707866,-206223.09522236825,300.1824084135974,220
915000,1829.99999997055,-206655.92563146458,295.8411372711246,220
920000,1839.9999999703136,-206224.84885743982,302.9167649378482,220
925000,1849.9999999700772,-206023.54554967594,298.11068147250165,220
930000,1859.9999999698407,-206125.4262160533,301.4565350200129,220
935000,1869.9999999696042,-205634.4831361269,297.17415578753395,220
940000,1879.9999999693678,-206210.26417423668,298.0030681150379,220
945000,1889.9999999691313,-205905.01972221397,301.3020988369305,220
950000,1899.9999999688948,-206055.2224175284,303.1276765308262,220
955000,1909.9999999686584,-205976.93369600794,304.400289815695,220
960000,1919.999999968422,-206876.7020482166,300.6496797319913,220
965000,1929.9999999681854,-206260.75854146003,298.45741124646804,220
970000,1939.999999967949,-206197.07594197325,299.2764537896775,220
975000,1949.9999999677125,-206552.29915975058,302.10230261025487,220
980000,1959.999999967476,-206443.06966778543,302.0965088191539,220
985000,1969.9999999672395,-205894.1573140039,296.6044266259953,220
990000,1979.999999967003,-206090.85945015564,298.3110165961298,220
995000,1989.9999999667666,-205792.67162478808,298.1064550298827,220
1000000,1999.9999999665301,-206586.98598234798,298.90592360820796,220
1005000,2009.9999999662937,-206692.21698994713,301.4130475880931,220
1010000,2019.9999999660572,-206124.14741148008,299.56614284954077,220
1015000,2029.9999999658207,-205545.96371364733,300.1503462010993,220
1020000,2039.9999999655843,-205893.20173696184,303.00015779522056,220
1025000,2049.999999965348,-205969.76566408516,302.61150575784484,220
1030000,2059.9999999651113,-206265.19578135142,301.02487593279216,220
1035000,2069.999999964875,-206786.9199720741,301.7022239678794,220
1040000,2079.9999999646384,-206073.40124172042,297.88223837234284,220
1045000,2089.999999964402,-206164.86317176546,301.4219114031457,220
1050000,2099.9999999641655,-206698.2780296139,301.799328129271,220
1055000,2109.999999963929,-206405.5354248972,297.54944193602034,220
1060000,2119.9999999636925,-206288.19711009332,295.21233528277077,220
1065000,2129.999999963456,-206153.1374435319,299.35222808552174,220
1070000,2139.9999999632196,-207436.9493462731,297.40241785856574,220
1075000,2149.999999962983,-206558.41843222175,300.4777702683055,220
1080000,2159.9999999627466,-206022.90469639678,305.49810793167364,220
1085000,2169.99999996251,-206846.51052185742,297.2174667337695,220
1090000,2179.9999999622737,-206971.80000075698,304.0702144974118,220
1095000,2189.9999999620372,-206270.7112260491,302.0178261012999,220
1100000,2199.9999999618008,-206862.25734956213,299.5512195730005,220
1105000,2209.9999999615643,-206142.78591557068,296.9575354732588,220
1110000,2219.999999961328,-206117.2104076841,301.30413711611715,220
1115000,2229.9999999610914,-206101.7191108343,300.19967201741485,220
1120000,2239.999999960855,-205844.2518558912,303.27063105142236,220
1125000,2249.9999999606184,-206612.17881415423,298.80786694804846,220
1130000,2259.999999960382,-206825.80159281963,296.46976534814337,220
1135000,2269.9999999601455,-206841.13169343024,302.6403199351465,220
1140000,2279.999999959909,-206129.71565503522,298.6053835005123,220
1145000,2289.9999999596726,-206833.40557659266,297.6449318901266,220
1150000,2299.999999959436,-206255.83356908918,301.12119739640474,220
1155000,2309.9999999591996,-206245.7570031325,300.9743451338685,220
1160000,2319.999999958963,-206882.79261387803,299.88881191714495,220
1165000,2329.9999999587267,-205955.31371179025,299.0070658001604,220
1170000,2339.99999995849,-206886.38065643446,296.95589807824734,220
1175000,2349.9999999582537,-206075.66071618197,305.099829582796,220
1180000,2359.9999999580173,-205861.12270773586,302.283228028227,220
1185000,2369.999999957781,-206095.31222535064,298.2393629053409,220
1190000,2379.9999999575443,-206764.00283904735,303.02071168772596,220
1195000,2389.999999957308,-206795.84320071444,296.3708826191499,220
1200000,2399.9999999570714,-205814.9478506886,305.3265754567032,220
1205000,2409.999999956835,-207353.2896237789,305.5077959708689,220
1210000,2419.9999999565985,-205996.25131158903,296.62143153533503,220
1215000,2429.999999956362,-206146.76366932446,299.17145915269504,220
1220000,2439.9999999561255,-206777.15866466588,301.78449780417395,220
1225000,2449.999999955889,-206834.02116949344,300.32924901377913,220
1230000,2459.9999999556526,-206220.9182997956,298.7083274533321,220
1235000,2469.999999955416,-206627.51812598493,302.30466620036725,220
1240000,2479.9999999551796,-206668.2428009027,298.6842844622908,220
1245000,2489.999999954943,-206344.21217324596,299.2680204303145,220
1250000,2499.9999999547067,-206635.90446347452,302.3822398335242,220
1255000,2509.9999999544702,-206486.54970030463,302.2509235700507,220
1260000,2519.9999999542338,-206274.5994701517,299.501505188573,220
1265000,2529.9999999539973,-206318.04060856556,305.01894112210675,220
1270000,2539.999999953761,-206209.58276289492,302.96287730932386,220
1275000,2549.9999999535244,-205678.93109654705,298.9169219870147,220
1280000,2559.999999953288,-205946.272876543,299.17243141392277,220
1285000,2569.9999999530514,-206480.90795228665,299.30776596139293,220
1290000,2579.999999952815,-206710.20808806864,300.03510715766254,220
1295000,2589.9999999525785,-206189.97117489623,303.38496054671924,220
1300000,2599.999999952342,-206624.31423664629,298.9489653097264,220
1305000,2609.9999999521056,-206787.57029339497,302.125771212272,220
1310000,2619.999999951869,-207393.84612215217,294.89337272984216,220
1315000,2629.9999999516326,-206081.09159947594,301.19348126271376,220
1320000,2639.999999951396,-206198.23800128011,295.84515504623096,220
1325000,2649.9999999511597,-206859.21783599514,300.8684469766767,220
1330000,2659.999999950923,-206851.9990968299,300.1836440155112,220
1335000,2669.9999999506867,-206441.3963742901,301.8804449361627,220
1340000,2679.9999999504503,-206344.09627567907,304.67967543047524,220
1345000,2689.999999950214,-206535.6612151129,301.53721830345603,220
1350000,2699.9999999499773,-206908.73043057427,298.2324702970274,220
1355000,2709.999999949741,-206815.2989005848,299.4982706334243,220
1360000,2719.9999999495044,-206213.3570072751,304.9940178376597,220
1365000,2729.999999949268,-206268.16270740225,301.89538585346725,220
1370000,2739.9999999490315,-207003.14862110722,304.4793742313371,220
1375000,2749.999999948795,-205889.1686139101,298.99693116636325,220
1380000,2759.9999999485585,-205986.27126207715,301.30843895255396,220
1385000,2769.999999948322,-205850.6096424748,297.8925013405195,220
1390000,2779.9999999480856,-205809.8152907733,298.5961439199192,220
1395000,2789.999999947849,-207104.31463197037,299.32334390925746,220
1400000,2799.9999999476127,-206902.91539551748,306.1167418714401,220
1405000,2809.999999947376,-206435.40918383677,299.46856754883936,220
1410000,2819.9999999471397,-205627.37578171445,304.3059639832471,220
1415000,2829.9999999469032,-206770.83529978793,303.0788396899471,220
1420000,2839.999999946667,-207061.65160300292,293.98123473062674,220
1425000,2849.9999999464303,-206338.20417880092,302.6589003094343,220
1430000,2859.999999946194,-206871.4146460722,304.81596883995525,220
1435000,2869.9999999459574,-206406.08874308714,297.22591481439633,220
1440000,2879.999999945721,-206287.04505079694,303.74681376854574,220
1445000,2889.9999999454844,-206923.541743065,304.47318152057954,221
1450000,2899.999999945248,-206082.32530899928,299.75100548125306,221
1455000,2909.9999999450115,-206696.09594062448,300.2891119179043,221
1460000,2919.999999944775,-206614.82815341034,299.0622562444019,221
1465000,2929.9999999445386,-206572.36201195454,301.6741652598351,221
1470000,2939.999999944302,-205661.98011839122,301.60053306784226,221
1475000,2949.9999999440656,-206611.43420163426,298.5836224701448,221
1480000,2959.999999943829,-206927.0087692109,302.6273125265804,221
1485000,2969.9999999435927,-206489.11743799737,299.763743392677,221
1490000,2979.999999943356,-206772.55563293048,294.47157115238554,221
1495000,2989.9999999431197,-205928.87546552473,299.8497387909845,221
1500000,2999.9999999428833,-205444.46647230256,299.22819593917575,221
1505000,3009.999999942647,-206287.12214346172,303.7115331049287,221
1510000,3019.9999999424103,-206648.18584130565,298.2255519565881,221
1515000,3029.999999942174,-206654.57152881438,298.3818685172919,221
1520000,3039.9999999419374,-206469.18312461046,303.22552792593257,221
1525000,3049.999999941701,-206393.12985484838,304.7257267198687,221
1530000,3059.9999999414645,-205589.92647076363,299.5608717702052,221
1535000,3069.999999941228,-205998.8752042899,299.7621980571252,221
1540000,3079.9999999409915,-206835.17439435073,292.13996925659563,221
1545000,3089.999999940755,-207309.51232097286,301.4618433310772,221
1550000,3099.9999999405186,-205927.43664351583,298.3195273780137,221
1555000,3109.999999940282,-206296.63216076314,299.5352128866356,221
1560000,3119.9999999400457,-206600.63499859069,299.34564077930105,221
1565000,3129.999999939809,-205554.7718385429,296.7556319034507,221
1570000,3139.9999999395727,-205956.71690131386,300.51076899742276,221
1575000,3149.9999999393362,-205620.91131130198,301.48133958535254,221
1580000,3159.9999999391,-206352.82521675294,303.46575552323867,221
1585000,3169.9999999388633,-206498.04835334828,298.78323133999015,221
1590000,3179.999999938627,-205206.89018975047,303.29376183128153,221
1595000,3189.9999999383904,-206540.77224098786,300.56556714700685,221
1600000,3199.999999938154,-207199.13896327897,298.52081875578097,221
1605000,3209.9999999379174,-205644.41431347257,297.0343485668823,221
1610000,3219.999999937681,-206945.46408992016,297.4927459514743,221
1615000,3229.9999999374445,-206682.242084575,302.85488854975506,221
1620000,3239.999999937208,-206895.98424281576,300.4504489324018,221
1625000,3249.9999999369716,-207064.19346263935,297.37280901160295,221
1630000,3259.999999936735,-205864.46446730243,304.8679950212808,221
1635000,3269.9999999364986,-206980.1639086936,301.09198947684575,221
1640000,3279.999999936262,-206642.80700055358,299.8722183833775,221
1645000,3289.9999999360257,-205688.40632571722,304.4619221971908,221
1650000,3299.999999935789,-206016.80676382978,300.1253165694323,221
1655000,3309.9999999355528,-206533.98406374233,295.67013968703077,221
1660000,3319.9999999353163,-206688.25464077957,295.33622487358315,220
1665000,3329.99999993508,-206159.16958654427,298.2723706387533,220
1670000,3339.9999999348433,-206556.619296873,296.64512309544796,220
1675000,3349.999999934607,-205775.54705622618,299.29216225383533,220
1680000,3359.9999999343704,-206145.7259360914,296.0920763899267,220
1685000,3369.999999934134,-206286.56519653543,300.2245896700414,220
1690000,3379.9999999338975,-206864.28653725854,298.582297551877,220
1695000,3389.999999933661,-206446.37548761605,298.79144204705324,220
1700000,3399.9999999334245,-206956.25405265426,298.9821015765399,220
1705000,3409.999999933188,-206813.74182401726,300.0273343744596,220
1710000,3419.9999999329516,-206715.54823691666,301.74344400564104,220
1715000,3429.999999932715,-206821.95943796274,299.7570910677621,220
1720000,3439.9999999324787,-206487.45684753533,296.181026177919,220
1725000,3449.999999932242,-205835.57379040716,304.0214098287276,220
1730000,3459.9999999320057,-206035.7767076064,303.6877834034947,220
1735000,3469.9999999317693,-206003.39770850353,298.8643491379338,220
1740000,3479.999999931533,-206573.82842419937,295.89592316842703,220
1745000,3489.9999999312963,-206143.42537207343,299.3093772916316,220
1750000,3499.99999993106,-205912.67555149214,304.47326712637397,220
1755000,3509.9999999308234,-205734.6389892269,302.6087073392419,220
1760000,3519.999999930587,-206006.10755851853,299.7797798501421,220
1765000,3529.9999999303504,-205782.21307188657,303.02661786005706,220
1770000,3539.999999930114,-206560.62915899267,302.03647919801745,220
1775000,3549.9999999298775,-206390.00718019728,294.092334598908,220
1780000,3559.999999929641,-205508.96706213884,302.50487076995904,220
1785000,3569.9999999294046,-206357.75839777163,300.6139564265615,220
1790000,3579.999999929168,-206325.2615023451,298.64281525890317,220
1795000,3589.9999999289316,-206103.82561072218,299.11283243177974,220
1800000,3599.999999928695,-205840.1383235579,297.19032204475286,220
1805000,3609.9999999284587,-206272.3748900242,303.12869129495294,220
1810000,3619.999999928222,-206055.90000047872,300.0360055018911,220
1815000,3629.9999999279858,-206428.14901864307,298.82824870124966,220
1820000,3639.9999999277493,-206590.7536635407,293.36693991522657,220
1825000,3649.999999927513,-206933.44891354104,297.7243005483014,220
1830000,3659.9999999272763,-206289.1392907825,302.2662057199671,220
1835000,3669.99999992704,-206213.73086792068,304.7039410926204,220
1840000,3679.9999999268034,-206190.04614389548,300.33884266353704,220
1845000,3689.999999926567,-205986.4990493221,297.87235060587136,220
1850000,3699.9999999263305,-206674.26232513308,302.3134224692129,220
1855000,3709.999999926094,-206284.97360818007,297.2164268820775,220
1860000,3719.9999999258575,-206710.92933098634,294.8671458088442,220
1865000,3729.999999925621,-207342.14944339276,306.6073906327985,220
1870000,3739.9999999253846,-206044.23054133367,300.63976706954094,220
1875000,3749.999999925148,-206118.4056890955,298.86007388997274,220
1880000,3759.9999999249117,-206161.08939673787,300.5115478813759,220
1885000,3769.999999924675,-206550.60234078206,302.46372601541356,220
1890000,3779.9999999244387,-206367.53900938283,300.1692155521453,220
1895000,3789.9999999242023,-205922.73501045816,299.1205392497482,220
1900000,3799.999999923966,-206092.5120629992,296.83253643791045,220
1905000,3809.9999999237293,-206278.30437289143,303.2195582342609,220
1910000,3819.999999923493,-206318.91159458843,300.39327980697914,220
1915000,3829.9999999232564,-207192.90052027232,300.1531308093564,220
1920000,3839.99999992302,-206552.97214067716,299.82182340509314,220
1925000,3849.9999999227834,-206188.20387870516,302.2351148610931,220
1930000,3859.999999922547,-206894.50672509952,303.8795726856468,220
1935000,3869.9999999223105,-206341.0940393873,301.4145462494341,220
1940000,3879.999999922074,-206801.48668529117,300.4162727618027,220
1945000,3889.9999999218376,-206612.79416813317,302.44943166522114,220
1950000,3899.999999921601,-206371.8079386379,303.5358847407094,220
1955000,3909.9999999213646,-206818.2529095977,301.2523814296372,220
1960000,3919.999999921128,-206534.87575776526,303.1912448049446,220
1965000,3929.9999999208917,-206176.4090977076,302.2021981630224,220
1970000,3939.9999999206552,-206677.9202911663,300.416071931909,220
1975000,3949.9999999204188,-206561.65358755726,293.9838842465012,221
1980000,3959.9999999201823,-206154.9152131416,299.33891295301544,221
1985000,3969.999999919946,-205538.0801369691,300.56704753929847,221
1990000,3979.9999999197094,-206829.38948722195,298.35141579726076,221
1995000,3989.999999919473,-207015.86141683895,302.3079973531916,220
2000000,3999.9999999192364,-205672.95943919267,296.13506121937957,220
2005000,4009.999999919,-205695.8175433554,297.3555648210899,220
2010000,4019.9999999187635,-206200.89892113023,301.7701289880916,220
2015000,4029.999999918527,-205831.32353924017,304.411256225056,220
2020000,4039.9999999182905,-206171.056422221,302.3754419234326,220
2025000,4049.999999918054,-206684.23326084937,302.7011671662419,220
2030000,4059.9999999178176,-206509.4877402765,300.8893617787848,220
2035000,4069.999999917581,-207178.34107903426,302.9273935161246,220
2040000,4079.9999999173447,-206300.52437573194,296.7103997635452,220
2045000,4089.999999917108,-207199.8564449253,299.26144728223204,220
2050000,4099.999999917781,-206627.29678453028,299.1353823065566,220
2055000,4109.999999919818,-206408.01823163254,296.2371842104302,220
2060000,4119.999999921855,-205170.53378806368,301.9244576609851,220
2065000,4129.999999923893,-206968.80801677972,302.8499792768559,220
2070000,4139.99999992593,-205730.40472844604,300.1364454899969,220
2075000,4149.999999927967,-206659.17719636764,300.2911456863961,220
2080000,4159.999999930004,-206280.9633706886,299.57104746885847,220
2085000,4169.999999932042,-205236.22744354338,301.07021848704534,220
2090000,4179.999999934079,-205976.79129519127,299.92853049253836,220
2095000,4189.999999936116,-205968.47247036,305.02570272691565,220
2100000,4199.999999938153,-206730.1243070698,301.01763468129417,220
2105000,4209.999999940191,-206171.90194193926,297.80004623527145,220
2110000,4219.999999942228,-206386.07671150158,300.21501954994875,220
2115000,4229.999999944265,-206407.6615708914,297.9413177787922,220
2120000,4239.9999999463025,-206633.39956862456,301.7156129335074,220
2125000,4249.99999994834,-205403.8002161393,298.0817507793843,220
2130000,4259.999999950377,-205927.5319731523,300.27427984588974,220
2135000,4269.999999952414,-206228.60778798745,302.02130443044257,220
2140000,4279.999999954452,-205753.40240853548,299.4040710824392,220
2145000,4289.999999956489,-206682.57762335474,299.9902473882093,220
2150000,4299.999999958526,-206465.43291620875,303.4020089291166,220
2155000,4309.999999960563,-206595.73495673353,301.14902953393,221
2160000,4319.999999962601,-206543.31582439062,305.6378275798999,220
2165000,4329.999999964638,-206312.86206232873,295.88412266154296,220
2170000,4339.999999966675,-206379.77730304026,295.1431608007489,220
2175000,4349.9999999687125,-206739.52368267637,298.26987833081023,220
2180000,4359.99999997075,-207104.2167192998,299.2863938970701,220
2185000,4369.999999972787,-206510.5335487862,299.9083971019528,220
2190000,4379.999999974824,-206349.01404655632,298.5886376554928,220
2195000,4389.999999976862,-206136.09683555446,301.21787665189976,220
2200000,4399.999999978899,-206252.1671332178,300.3502463552909,220
2205000,4409.999999980936,-206611.23308654747,304.12521999231103,220
2210000,4419.999999982973,-206856.2489899058,301.8296075395415,220
2215000,4429.999999985011,-206716.47903527378,294.2102048797686,220
2220000,4439.999999987048,-206533.77983252704,299.1992819946347,220
2225000,4449.999999989085,-206822.98408777837,304.8427059745916,220
2230000,4459.999999991122,-205923.11726526415,296.9581660706865,220
2235000,4469.99999999316,-206360.78157471144,304.13164975796366,220
2240000,4479.999999995197,-206809.21822230727,303.2581023412399,220
2245000,4489.999999997234,-206791.7844700591,300.24307594594757,220
2250000,4499.9999999992715,-205945.2747021166,298.8272490021948,220
2255000,4510.000000001309,-206394.68247399083,298.53902955735657,220
2260000,4520.000000003346,-205994.67207863182,301.573975518666,220
2265000,4530.000000005383,-207387.42113260122,295.8155816784434,220
2270000,4540.000000007421,-206424.88112330064,303.32427675789523,220
2275000,4550.000000009458,-207163.37063804676,299.47263571890704,220
2280000,4560.000000011495,-206317.09647182177,297.75684770495405,220
2285000,4570.000000013532,-206384.36384385964,301.2425421369084,220
2290000,4580.00000001557,-207175.54260361486,295.4794413371883,220
2295000,4590.000000017607,-206074.25462224183,299.87542797337346,220
2300000,4600.000000019644,-206096.83312051743,301.09584931698646,220
2305000,4610.000000021681,-206510.61385885894,302.5733426720536,220
2310000,4620.000000023719,-206045.63190173544,296.3406893046326,220
2315000,4630.000000025756,-206238.2610006607,296.7894061086808,220
2320000,4640.000000027793,-206673.5284144875,304.0196204879282,220
2325000,4650.0000000298305,-206924.802535341,302.68609199020506,220
2330000,4660.000000031868,-207221.36522556108,302.1969838107821,220
2335000,4670.000000033905,-206452.35864779644,300.08148988785933,220
2340000,4680.000000035942,-206673.12308894226,305.00709378006184,220
2345000,4690.00000003798,-205956.3472126153,302.7679273060656,220
2350000,4700.000000040017,-206345.39546114684,300.70150999388136,220
2355000,4710.000000042054,-206069.3711332638,301.4360176485036,220
2360000,4720.000000044091,-205818.17548701994,300.5893444576593,220
2365000,4730.000000046129,-206073.2196153443,301.3643013111666,220
2370000,4740.000000048166,-206983.5265204399,298.239692722443,220
2375000,4750.000000050203,-206975.87667513895,296.9744647704299,220
2380000,4760.0000000522405,-206868.4331428646,299.3072448589409,220
2385000,4770.000000054278,-206605.18406706874,295.9263263701453,220
2390000,4780.000000056315,-206098.8056766492,297.45472502718843,220
2395000,4790.000000058352,-206656.98985209654,302.0104108935859,220
2400000,4800.0000000603895,-206419.04043474293,300.8392436576243,220
2405000,4810.000000062427,-206459.0333520635,299.81257016675875,220
2410000,4820.000000064464,-205860.09687990183,299.02281629502806,220
2415000,4830.000000066501,-206728.47016224952,297.36368026357184,220
2420000,4840.000000068539,-206327.9951670987,298.7589205507222,220
2425000,4850.000000070576,-206855.09722755523,301.9503584882128,220
2430000,4860.000000072613,-206064.98030657845,300.89831962159235,220
2435000,4870.00000007465,-205613.16100989818,301.8742907930404,220
2440000,4880.000000076688,-206462.6583701272,305.9412021752182,220
2445000,4890.000000078725,-206435.89985701768,295.8511182056892,220
2450000,4900.000000080762,-206267.38163054374,299.4648307473393,220
2455000,4910.0000000827995,-206861.59127119335,303.04815832856053,220
2460000,4920.000000084837,-206783.6792476098,301.2030243966299,220
2465000,4930.000000086874,-206995.57635728142,309.88078162857545,220
2470000,4940.000000088911,-206376.89457727934,300.5500488974955,220
2475000,4950.000000090949,-206855.51684148004,302.80701560470385,220
2480000,4960.000000092986,-206462.93566653912,303.5073066326541,220
2485000,4970.000000095023,-206369.27994001913,300.7423296953122,220
2490000,4980.00000009706,-207161.8352512509,298.18578075213475,220
2495000,4990.000000099098,-206075.54906737898,305.6980751251839,220
2500000,5000.000000101135,-205930.09657634387,297.92541223986615,220
2505000,5010.000000103172,-206259.43719646032,305.04851952155104,220
2510000,5020.000000105209,-206025.70479542657,299.90228184933403,220
2515000,5030.000000107247,-206057.31507165788,298.59011236521957,220
2520000,5040.000000109284,-206242.2292112552,298.2523358883142,220
2525000,5050.000000111321,-206733.5132871148,298.2658751068219,220
2530000,5060.0000001133585,-206280.0381086158,300.4132494360633,220
2535000,5070.000000115396,-206560.093301362,296.27054783966435,220
2540000,5080.000000117433,-206160.00364953978,300.8781381413999,220
2545000,5090.00000011947,-206204.0607540937,301.1420512410971,220
2550000,5100.000000121508,-206521.07649543812,305.02315084695886,220
2555000,5110.000000123545,-206530.17020598426,301.488015162305,220
2560000,5120.000000125582,-206496.4623737816,299.8574225945686,220
2565000,5130.000000127619,-206604.55475222098,300.0226468802893,220
2570000,5140.000000129657,-206422.8199582504,297.2418654137698,220
2575000,5150.000000131694,-205908.49825943995,300.5949325881573,220
2580000,5160.000000133731,-206269.8573164621,299.1550720214649,220
2585000,5170.0000001357685,-206397.71115138638,297.830457058599,220
2590000,5180.000000137806,-206802.1092588507,296.6927679177441,220
2595000,5190.000000139843,-206128.38660601177,298.9760750291306,220
2600000,5200.00000014188,-207184.5427784546,296.0105086408031,220
2605000,5210.0000001439175,-206264.78611371026,297.6115613231448,220
2610000,5220.000000145955,-206107.1085289187,303.02851627229506,220
2615000,5230.000000147992,-205868.4054754643,303.68212266915106,220
2620000,5240.000000150029,-206513.4907947342,300.97724342968456,220
2625000,5250.000000152067,-207004.73972044082,304.898086268351,220
2630000,5260.000000154104,-205780.33370660595,301.6589083632271,220
2635000,5270.000000156141,-206321.76008649578,300.85130761583343,220
2640000,5280.000000158178,-206661.29042511992,298.1531483503017,220
2645000,5290.000000160216,-207127.31957808265,304.29905820674014,220
2650000,5300.000000162253,-206031.392011713,304.8123813341741,220
2655000,5310.00000016429,-206293.40368327382,294.47613822338496,220
2660000,5320.0000001663275,-206392.84910598386,299.3184853393181,220
2665000,5330.000000168365,-206057.95127083454,297.9418010021316,220
2670000,5340.000000170402,-207499.72417244653,300.26161076484044,220
2675000,5350.000000172439,-205638.3691102512,295.28318715302476,220
2680000,5360.000000174477,-206424.23944421415,298.77545234893734,220
2685000,5370.000000176514,-205570.5599264102,300.13860541084756,220
2690000,5380.000000178551,-205738.47318341502,300.0854501208466,220
2695000,5390.000000180588,-206589.763502946,299.9343826292576,220
2700000,5400.000000182626,-206467.9308026724,302.4661762161262,220
2705000,5410.000000184663,-206731.44294242153,302.25730950861447,220
2710000,5420.0000001867,-206421.25920663227,299.20883893291193,220
2715000,5430.000000188737,-206115.1951192296,301.69439326287244,220
2720000,5440.000000190775,-206980.83258644433,298.52729625647976,220
2725000,5450.000000192812,-206524.18502788257,300.78492306686377,220
2730000,5460.000000194849,-206785.8280979728,302.57439536659217,220
2735000,5470.0000001968865,-206253.4435893757,303.2771472744361,220
2740000,5480.000000198924,-206465.16941226763,299.05369122065,220
2745000,5490.000000200961,-205762.87899714662,305.49604908917706,220
2750000,5500.000000202998,-206017.0871727328,301.7868093759877,220
2755000,5510.000000205036,-206147.2697697552,303.2043145428305,220
2760000,5520.000000207073,-206737.16190035897,297.9955407689173,220
2765000,5530.00000020911,-206343.36920624156,301.31212986375067,220
2770000,5540.000000211147,-206435.81586300407,300.4564048873365,220
2775000,5550.000000213185,-206553.95908609417,298.7843762481713,220
2780000,5560.000000215222,-205845.53065846104,302.26467834981526,219
2785000,5570.000000217259,-205467.8073491134,302.2620251342876,219
2790000,5580.000000219296,-206352.4770707721,302.9865657535425,219
2795000,5590.000000221334,-206079.51677890786,304.97088117092966,219
2800000,5600.000000223371,-206874.5037336637,300.39343013695554,218
2805000,5610.000000225408,-206422.7384515754,296.7492827199024,218
2810000,5620.0000002274455,-206352.7027219819,302.4050636288274,218
2815000,5630.000000229483,-206340.70856773318,304.15907040341045,218
2820000,5640.00000023152,-206545.00518001476,299.7659521072225,218
2825000,5650.000000233557,-206515.89421475446,301.7390790416123,217
2830000,5660.000000235595,-207166.77243602485,296.4342117289844,217
2835000,5670.000000237632,-206015.9045184852,298.17208614199257,217
2840000,5680.000000239669,-206051.67825872044,304.71912014029243,217
2845000,5690.000000241706,-206138.3351580596,297.38099211953454,216
2850000,5700.000000243744,-205555.81860029255,299.4691444354018,216
2855000,5710.000000245781,-207087.373574064,296.9392674158701,216
2860000,5720.000000247818,-206773.77619328082,298.1723624380744,216
2865000,5730.0000002498555,-206002.8632315658,304.53279824663485,215
2870000,5740.000000251893,-206527.64971674734,299.2508619442397,215
2875000,5750.00000025393,-206615.1337190104,298.53853673977176,215
2880000,5760.000000255967,-206476.02829216176,301.7866401623429,215
2885000,5770.000000258005,-206134.93503140484,298.0842079707918,214
2890000,5780.000000260042,-205820.56935834943,299.30625291983506,214
2895000,5790.000000262079,-206733.6450532874,299.656982450845,214
2900000,5800.000000264116,-207224.49352670216,297.0530658020762,214
2905000,5810.000000266154,-205560.8521963047,302.38460262375145,214
2910000,5820.000000268191,-206721.3487408948,298.2241491759996,213
2915000,5830.000000270228,-206762.79997075233,296.6067108305731,213
2920000,5840.000000272265,-206377.98596069764,298.6183423120303,213
2925000,5850.000000274303,-205783.48728606326,299.64785099272046,213
2930000,5860.00000027634,-206300.85005288722,296.79835109432395,212
2935000,5870.000000278377,-206163.4282515603,300.51213073075627,212
2940000,5880.0000002804145,-205873.75962935772,299.2748792662372,212
2945000,5890.000000282452,-206282.0895770858,299.43911729795957,212
2950000,5900.000000284489,-206720.07020863146,300.7326598534853,212
2955000,5910.000000286526,-206648.5843342162,297.6039592285789,212
2960000,5920.000000288564,-206580.12706363003,299.20694476042854,212
2965000,5930.000000290601,-205530.71713229246,303.36820510599085,212
2970000,5940.000000292638,-206990.27918427752,307.870912402986,211
2975000,5950.000000294675,-205752.7854530667,300.53146827524677,211
2980000,5960.000000296713,-205651.8965509627,302.17815986075817,211
2985000,5970.00000029875,-205921.55100670632,297.8818826227551,211
2990000,5980.000000300787,-206187.85033460974,302.1147535006417,211
2995000,5990.000000302824,-206567.68540113792,301.10408377640255,210
3000000,6000.000000304862,-206608.69901106635,301.03033375570357,210
3005000,6010.000000306899,-207111.58337724814,299.36545694857443,210
3010000,6020.000000308936,-206386.24464933248,301.93107381016864,210
3015000,6030.0000003109735,-205812.37654306146,299.1902079801206,210
3020000,6040.000000313011,-206367.41872826184,304.5858922327136,209
3025000,6050.000000315048,-206173.49429539312,299.47113179035534,209
3030000,6060.000000317085,-206099.43357645336,302.9787043912089,209
3035000,6070.000000319123,-206643.6187519147,296.82924211015563,209
3040000,6080.00000032116,-206579.30096833291,297.92515204307034,209
3045000,6090.000000323197,-206015.68154792325,302.0547546517716,208
3050000,6100.000000325234,-206311.6900679178,300.89816011094706,208
3055000,6110.000000327272,-206243.51700171165,298.6105692611693,208
3060000,6120.000000329309,-206557.5818043704,301.0772621366549,208
3065000,6130.000000331346,-205389.55706748308,305.20423354539344,208
3070000,6140.0000003333835,-206304.32394927356,304.20022176117624,207
3075000,6150.000000335421,-206068.41822472017,304.8408391465243,207
3080000,6160.000000337458,-206216.8603057101,299.6407793286866,207
3085000,6170.000000339495,-207137.04703864607,305.21193690450707,207
3090000,6180.0000003415325,-206836.26360385097,299.58530704707107,207
3095000,6190.00000034357,-205748.99567578046,297.58070497275287,206
3100000,6200.000000345607,-206771.98446465225,303.988020854388,206
3105000,6210.000000347644,-206549.74371911935,295.20994377982964,206
3110000,6220.000000349682,-206706.22647127102,297.12780998432174,206
3115000,6230.000000351719,-206125.10053038166,301.682696870464,206
3120000,6240.000000353756,-206140.8571980527,297.27672400565876,206
3125000,6250.000000355793,-205810.29240827484,303.2627887942732,205
3130000,6260.000000357831,-205464.19155552948,302.6225264008424,205
3135000,6270.000000359868,-206262.1058004623,304.97508998643104,205
3140000,6280.000000361905,-206306.62712863355,299.49095618273714,205
3145000,6290.0000003639425,-207150.83762769285,303.75961194119463,205
3150000,6300.00000036598,-206792.84880512697,300.50228683009243,205
3155000,6310.000000368017,-207155.66624382,300.3663784751925,205
3160000,6320.000000370054,-206801.76452635706,297.74102631830095,205
3165000,6330.000000372092,-206521.6174235458,300.6054242754728,205
3170000,6340.000000374129,-206492.97653756035,304.6009666962537,204
3175000,6350.000000376166,-206434.02040804422,303.68162004576016,204
3180000,6360.000000378203,-206478.4944839169,298.56205991852244,204
3185000,6370.000000380241,-206699.3147671097,300.2385784252166,204
3190000,6380.000000382278,-206660.21027374803,300.4240879679438,204
3195000,6390.000000384315,-206172.9940030753,300.1985569142214,204
3200000,6400.000000386352,-206022.2499735111,294.5112914505782,203
3205000,6410.00000038839,-206498.30605196021,298.26068513351527,203
3210000,6420.000000390427,-206423.0134294175,301.19371880209667,203
3215000,6430.000000392464,-206684.40277022554,301.2033060608617,203
3220000,6440.0000003945015,-207068.821259149,298.9824837511385,203
3225000,6450.000000396539,-206524.99240930052,302.7391791376106,203
3230000,6460.000000398576,-207252.7336787543,300.7028858803336,203
3235000,6470.000000400613,-205896.81934532512,300.86534886653493,202
3240000,6480.000000402651,-205777.1901471758,300.32469747583997,202
3245000,6490.000000404688,-207060.47667291807,303.90968007006455,202
3250000,6500.000000406725,-206787.1402013487,299.220918259989,202
3255000,6510.000000408762,-205819.62362304132,302.69561224332676,202
3260000,6520.0000004108,-207037.98275126517,302.4680678692511,202
3265000,6530.000000412837,-206338.54495941498,304.9896534985378,202
3270000,6540.000000414874,-206619.2606376406,298.6546807085415,201
3275000,6550.0000004169115,-206080.56307950814,301.75940690220875,201
3280000,6560.000000418949,-206964.8851317378,294.48755165752453,201
3285000,6570.000000420986,-205995.95460238552,297.54505704165604,201
3290000,6580.000000423023,-206378.73688118637,301.45752812738635,201
3295000,6590.0000004250605,-207024.7798553981,303.527586677955,201
3300000,6600.000000427098,-206671.67815139517,299.2652458014695,201
3305000,6610.000000429135,-205922.87502058095,302.31958135548416,201
3310000,6620.000000431172,-205994.15569641802,297.08075504336864,200
3315000,6630.00000043321,-207135.47841222386,299.7270762110713,200
3320000,6640.000000435247,-206409.515776188,299.04986082627886,200
3325000,6650.000000437284,-205962.30041914398,297.67765670967975,200
3330000,6660.000000439321,-206803.73532851238,302.9368766531513,200
3335000,6670.000000441359,-206530.96510631545,297.5832901370447,200
3340000,6680.000000443396,-206328.62082277215,299.1169788972888,200
3345000,6690.000000445433,-206922.2846204196,297.47275411126543,199
3350000,6700.0000004474705,-205841.41428049887,301.2612648155341,199
3355000,6710.000000449508,-206670.63271124614,300.97648728847605,199
3360000,6720.000000451545,-205792.9563001095,300.3463230797063,199
3365000,6730.000000453582,-206216.32840274705,301.60471896755746,199
3370000,6740.00000045562,-206622.59924746992,297.13758108147755,199
3375000,6750.000000457657,-206370.4158311492,294.6245262362115,199
3380000,6760.000000459694,-205507.45788740017,302.16925730246413,199
3385000,6770.000000461731,-206597.78168097162,302.417679496402,199
3390000,6780.000000463769,-206400.1795730061,302.1246729055161,199
3395000,6790.000000465806,-207127.59843234182,300.47335090821684,199
3400000,6800.000000467843,-206870.77073422552,295.9190492216495,199
3405000,6810.00000046988,-206186.4603040266,298.0118548313526,198
3410000,6820.000000471918,-206464.58281501406,300.6769975822669,198
3415000,6830.000000473955,-206789.60879989562,299.0905019080531,198
3420000,6840.000000475992,-206789.44230460748,294.5642986173684,198
3425000,6850.0000004780295,-206780.71117363614,297.0459512330051,198
3430000,6860.000000480067,-206916.83948848932,299.16084705573684,198
3435000,6870.000000482104,-206414.54183576198,300.23393578518403,198
3440000,6880.000000484141,-205932.05587350135,303.6237925333074,198
3445000,6890.000000486179,-206781.88182995096,297.14202300677374,198
3450000,6900.000000488216,-206433.78067489772,304.76530644429266,198
3455000,6910.000000490253,-206491.51505136734,299.18196523466514,197
3460000,6920.00000049229,-205983.69857354183,298.1548278791491,197
3465000,6930.000000494328,-206895.4613445371,298.0512221512732,197
3470000,6940.000000496365,-206881.75534306234,299.29303917014977,197
3475000,6950.000000498402,-206225.42953236285,299.4418833870583,197
3480000,6960.0000005004395,-207122.17999657313,298.1917110127599,197
3485000,6970.000000502477,-206856.13660799188,300.4158461326816,197
3490000,6980.000000504514,-206453.03797962226,301.8871614114881,197
3495000,6990.000000506551,-207244.17353848473,299.484024063285,197
3500000,7000.0000005085885,-206352.16015381028,300.1321527741285,197
3505000,7010.000000510626,-206588.27852150972,294.9333447743914,196
3510000,7020.000000512663,-206101.13055667654,305.2569769582827,196
3515000,7030.0000005147,-205414.47590931517,301.24649148538384,196
3520000,7040.000000516738,-206656.3455963569,297.16774100000947,196
3525000,7050.000000518775,-206746.55295929336,299.2811095542303,196
3530000,7060.000000520812,-206536.9272119518,302.2285158266756,196
3535000,7070.000000522849,-205929.56772067735,296.6810737386021,196
3540000,7080.000000524887,-205901.79741568852,303.9559404584976,196
3545000,7090.000000526924,-207495.47966217564,300.57823009069915,196
3550000,7100.000000528961,-206899.56900039746,303.34134712372514,196
3555000,7110.0000005309985,-206615.47387585416,302.727490443712,195
3560000,7120.000000533036,-206368.08088038943,302.27414157166385,195
3565000,7130.000000535073,-205744.7219663983,299.1292017119459,195
3570000,7140.00000053711,-206701.26918351464,298.22715278441495,195
3575000,7150.000000539148,-206017.56946266908,304.944572961047,195
3580000,7160.000000541185,-206786.86272625276,301.2396285733008,195
3585000,7170.000000543222,-207186.58592049638,301.4968813606079,195
3590000,7180.000000545259,-206741.32279234973,303.35861448326585,195
3595000,7190.000000547297,-206111.86415161262,306.00207224170373,195
3600000,7200.000000549334,-205954.77241113817,296.6492548160577,195
3605000,7210.000000551371,-206844.95110513153,301.63372166043797,195
3610000,7220.000000553408,-206087.6181220765,302.7495546133966,194
3615000,7230.000000555446,-206624.16187475272,302.59276495253187,194
3620000,7240.000000557483,-205576.2209129166,298.3605089560011,194
3625000,7250.00000055952,-206359.0000079557,296.4440093786047,194
3630000,7260.0000005615575,-205631.5289210379,300.12185013455667,194
3635000,7270.000000563595,-206205.20136361965,304.36656004872617,194
3640000,7280.000000565632,-206261.48420168506,299.34387830562827,194
3645000,7290.000000567669,-206315.4955597954,306.38556583251983,194
3650000,7300.000000569707,-206835.75666635414,302.83118829662124,194
3655000,7310.000000571744,-206390.0281896023,298.59814170413176,194
3660000,7320.000000573781,-206137.4562434618,296.9879444026852,194
3665000,7330.000000575818,-206640.32449592405,298.6770735918403,193
3670000,7340.000000577856,-206306.30957795586,299.74582741524205,193
3675000,7350.000000579893,-206053.92579467804,296.870749741994,193
3680000,7360.00000058193,-206577.85419133666,298.0296581234031,193
3685000,7370.000000583967,-205549.38797136792,294.58236606726706,193
3690000,7380.000000586005,-206080.00717897282,301.2678335024119,193
3695000,7390.000000588042,-206954.87815519446,301.1492725883979,193
3700000,7400.000000590079,-205624.05891990603,299.019960265487,193
3705000,7410.0000005921165,-206311.76443430642,302.669617667141,193
3710000,7420.000000594154,-206068.559951402,301.5706019844491,193
3715000,7430.000000596191,-206723.54419719288,299.80093090150535,193
3720000,7440.000000598228,-206250.62735246145,299.4400624768961,193
3725000,7450.000000600266,-206651.5769459583,305.26524372725663,192
3730000,7460.000000602303,-206595.8814833915,298.7995587049356,192
3735000,7470.00000060434,-207111.8634084086,300.6586928957179,192
3740000,7480.000000606377,-206476.59686725505,301.39944301691395,192
3745000,7490.000000608415,-206798.15581892012,300.0375372311489,192
3750000,7500.000000610452,-206375.10844653868,298.54615299241215,192
3755000,7510.000000612489,-207188.3265944639,301.7360426520045,192
3760000,7520.0000006145265,-206356.779908782,301.59084741543074,192
3765000,7530.000000616564,-206171.47912251204,304.5856153113321,192
3770000,7540.000000618601,-206742.24606050295,304.94457477319384,192
3775000,7550.000000620638,-206198.73027475085,303.8385949091328,192
3780000,7560.0000006226755,-206829.78805583867,302.59110240900173,192
3785000,7570.000000624713,-206730.5295854503,296.6517699754715,191
3790000,7580.00000062675,-207261.320710073,296.34725648909125,191
3795000,7590.000000628787,-206623.91192650562,303.33985106883574,191
3800000,7600.000000630825,-206226.4375165709,301.88094513666607,191
3805000,7610.000000632862,-207043.8051531699,299.9549096590063,191
3810000,7620.000000634899,-206105.92547260236,301.6697263788436,191
3815000,7630.000000636936,-206605.37215480453,297.69605162352906,191
3820000,7640.000000638974,-205915.92078489845,294.2585377073926,191
3825000,7650.000000641011,-206122.2501362667,301.385035069561,191
3830000,7660.000000643048,-206122.27890171774,301.1075354088463,191
3835000,7670.0000006450855,-205982.92185134045,305.0423255112247,191
3840000,7680.000000647123,-206985.62294738845,299.7072190361793,190
3845000,7690.00000064916,-205885.1330177344,297.30331342047793,190
3850000,7700.000000651197,-206947.57572648406,302.60003036741125,190
3855000,7710.000000653235,-206271.65689325694,303.6443063212184,190
3860000,7720.000000655272,-206621.69068501052,303.9641235264744,190
3865000,7730.000000657309,-206338.702253739,296.5275866255857,190
3870000,7740.000000659346,-207127.30018747656,297.198273468008,190
3875000,7750.000000661384,-207238.95115625195,297.5664579785969,190
3880000,7760.000000663421,-206915.42268429557,299.8330697660711,190
3885000,7770.000000665458,-206267.6149455998,300.2858284304194,190
3890000,7780.000000667495,-205849.03108708316,304.52776841299925,190
3895000,7790.000000669533,-206038.5309299169,303.8751157668599,190
3900000,7800.00000067157,-206495.32849838736,304.19122548667656,190
3905000,7810.000000673607,-206809.33402440406,303.71516547203794,189
3910000,7820.0000006756445,-206528.2280244166,303.21566156667126,189
3915000,7830.000000677682,-206208.38286561728,298.56026567474225,189
3920000,7840.000000679719,-206667.3835684138,303.3592932007579,190
3925000,7850.000000681756,-206165.9177432506,298.08811891293226,189
3930000,7860.000000683794,-206267.05095055304,301.8937819492586,189
3935000,7870.000000685831,-206628.56766040658,297.2750901428963,189
3940000,7880.000000687868,-206068.72423429566,292.0605675844939,189
3945000,7890.000000689905,-206435.25778736232,301.0754649670549,189
3950000,7900.000000691943,-206953.7105877708,297.1579052237692,189
3955000,7910.00000069398,-206762.11023034644,299.0171878783322,189
3960000,7920.000000696017,-206863.21462235274,300.5657452344474,189
3965000,7930.0000006980545,-206111.49666719872,302.04898035411566,189
3970000,7940.000000700092,-206550.61070875777,296.84529690013574,189
3975000,7950.000000702129,-206010.76016133325,297.88102141750795,189
3980000,7960.000000704166,-206108.48180265608,296.40066991266895,189
3985000,7970.0000007062035,-206105.8355647294,297.2885177256923,189
3990000,7980.000000708241,-206236.41173934448,300.485733010149,188
3995000,7990.000000710278,-206503.38857333746,299.99976719229977,188
4000000,8000.000000712315,-206621.3200890373,293.23398218440764,188
4005000,8010.000000714353,-205837.57804944785,301.928964158126,188
4010000,8020.00000071639,-205531.69085141656,300.8637256457771,188
4015000,8030.000000718427,-206371.67777386412,297.9803523811422,188
4020000,8040.000000720464,-206211.5952554876,296.38735199658583,188
4025000,8050.000000722502,-206262.62910452962,300.9516931332291,188
4030000,8060.000000724539,-205955.12569492962,302.05321032486825,188
4035000,8070.000000726576,-207052.82158958015,303.2664819129505,188
4040000,8080.0000007286135,-206293.81935912883,302.4427141709199,188
4045000,8090.000000730651,-206321.8605464811,300.8640340202917,188
4050000,8100.000000732688,-206205.53779923276,297.1300118764208,188
4055000,8110.000000734725,-207574.37621957192,296.9516790300952,188
4060000,8120.000000736763,-206520.51631866372,299.87340087857984,188
4065000,8130.0000007388,-206843.27392385574,302.1978397174271,187
4070000,8140.000000740837,-206635.75934647373,301.34570525959236,187
4075000,8150.000000742874,-205390.800827028,301.3252618276293,187
4080000,8160.000000744912,-205574.8789096371,300.74315494129144,187
4085000,8170.000000746949,-205827.57765069965,296.65348839293705,187
4090000,8180.000000748986,-206681.87601135334,300.5317273236367,187
4095000,8190.000000751023,-206832.18531880586,301.4487679817798,187
4100000,8200.00000075306,-206107.8398000237,302.29669194097664,187
4105000,8210.000000755097,-206107.5103409835,303.76083366890157,187
4110000,8220.000000757134,-206769.83987986587,305.30801292467737,187
4115000,8230.000000759172,-206977.49850769283,301.1157993202835,187
4120000,8240.000000761209,-205063.67585310212,295.6446047626283,187
4125000,8250.000000763246,-206706.83341654052,301.52855645191283,187
4130000,8260.000000765283,-206981.2526969281,292.50939481453156,187
4135000,8270.00000076732,-206592.95287704072,300.4351670315144,186
4140000,8280.000000769358,-206829.90950546344,302.76556520307844,186
4145000,8290.000000771395,-205558.4729753635,297.7745421501481,186
4150000,8300.000000773432,-207532.0306010804,297.8596599728656,186
4155000,8310.00000077547,-206332.3466503024,301.88876228841076,186
4160000,8320.000000777507,-205393.5476699829,294.7749931858899,186
4165000,8330.000000779544,-206814.17248681164,296.7417400028012,186
4170000,8340.000000781582,-205705.1754844766,297.2359597028755,186
4175000,8350.000000783619,-206421.60052430443,304.07729884687586,186
4180000,8360.000000785656,-206920.06532073836,303.783949424233,186
4185000,8370.000000787693,-206291.90387752734,301.5312342891197,186
4190000,8380.00000078973,-206080.40836864372,302.4653791940654,186
4195000,8390.000000791768,-206219.83975182928,296.12350364459144,186
4200000,8400.000000793805,-206861.7827634411,299.81286323237515,186
4205000,8410.000000795842,-206199.6872360265,300.3859222693741,186
4210000,8420.00000079788,-206217.12988555862,297.43905403756736,186
4215000,8430.000000799917,-206074.12443230243,303.3488818270567,185
4220000,8440.000000801954,-205792.76065575622,301.2951452675372,185
4225000,8450.000000803991,-206421.70198288758,299.2652513998045,185
4230000,8460.000000806029,-206001.82493362448,297.8406289786575,185
4235000,8470.000000808066,-205298.16915658582,297.8106786835282,185
4240000,8480.000000810103,-206289.06858606276,300.7844608661792,185
4245000,8490.00000081214,-206641.13684788742,301.4738095868934,185
4250000,8500.000000814178,-206369.35536546912,299.94935266442815,185
4255000,8510.000000816215,-205543.42788578302,299.4668190600107,185
4260000,8520.000000818252,-206612.19702920876,300.78451822972255,185
4265000,8530.00000082029,-207217.9885615093,296.729183440838,185
4270000,8540.000000822327,-205982.81481490948,300.12851874035425,185
4275000,8550.000000824364,-206682.61818816792,300.9327185881073,185
4280000,8560.000000826401,-206620.76515126973,303.309651140842,185
4285000,8570.000000828439,-206827.33312983636,299.8062216289238,185
4290000,8580.000000830476,-206718.87132827635,299.21956457022407,184
4295000,8590.000000832513,-206588.16018629773,301.1029291557901,184
4300000,8600.00000083455,-206399.2615961989,299.5252249697602,184
4305000,8610.000000836588,-206190.00212086865,303.52117454839373,184
4310000,8620.000000838625,-205936.83838836406,298.6856005803517,184
4315000,8630.000000840662,-206548.4562039494,298.49167251706973,184
4320000,8640.0000008427,-207001.79764439503,300.35089786141924,184
4325000,8650.000000844737,-206775.36392902758,302.4750563821582,184
4330000,8660.000000846774,-206002.1767167853,302.3456502628991,184
4335000,8670.000000848811,-206602.36059423804,300.81657823797826,184
4340000,8680.000000850849,-206598.37257114367,296.58154922997045,184
4345000,8690.000000852886,-206754.73355146055,300.90029042779213,184
4350000,8700.000000854923,-206003.7155965909,299.8508225511789,184
4355000,8710.00000085696,-206276.81650087598,306.9715620701513,184
4360000,8720.000000858998,-205742.29246629612,300.08899766542993,184
4365000,8730.000000861035,-205008.0242739172,300.10650700308156,184
4370000,8740.000000863072,-205459.40195979283,304.48921678451745,184
4375000,8750.00000086511,-206157.0009716783,300.3033277373965,183
4380000,8760.000000867147,-206925.3827410267,302.342078558321,183
4385000,8770.000000869184,-206820.95878805,294.3916865380394,183
4390000,8780.000000871221,-205350.2976779549,295.2492589590139,183
4395000,8790.000000873259,-206555.72065144975,298.3366265151243,183
4400000,8800.000000875296,-206576.58067613107,301.68098139757643,183
4405000,8810.000000877333,-205983.8281981456,297.26092593622127,183
4410000,8820.00000087937,-206246.60850260349,299.1311749195917,183
4415000,8830.000000881408,-206770.0269423119,300.4504258333522,183
4420000,8840.000000883445,-205865.6481348985,300.4516995556466,183
4425000,8850.000000885482,-207016.71343024308,299.19408437705727,183
4430000,8860.00000088752,-206476.20817225473,303.50862283788445,183
4435000,8870.000000889557,-206441.9756161546,296.23800486112026,183
4440000,8880.000000891594,-205917.2194871885,298.2770773457266,183
4445000,8890.000000893631,-206833.67512097978,299.6317707033835,183
4450000,8900.000000895669,-206594.24187376455,298.21044204569023,183
4455000,8910.000000897706,-206631.12607243413,298.18242552755277,183
4460000,8920.000000899743,-206750.586645475,303.06282576191796,183
4465000,8930.00000090178,-205984.4880067004,300.7487577777562,183
4470000,8940.000000903818,-206024.28330145287,298.9484367206536,183
4475000,8950.000000905855,-206298.39364932862,301.7586676131867,183
4480000,8960.000000907892,-206667.51208362938,300.65695288843847,182
4485000,8970.00000090993,-206245.34870974568,303.5810117226516,182
4490000,8980.000000911967,-206342.2402973707,296.82262588486395,182
4495000,8990.000000914004,-206449.85286916164,302.1044344862959,182
4500000,9000.000000916041,-207664.96582273766,309.1069675944179,182
4505000,9010.000000918079,-206415.25821200106,295.2913753299927,182
4510000,9020.000000920116,-206441.1013858033,298.2947648537078,182
4515000,9030.000000922153,-206304.1897062083,300.6982847540968,182
4520000,9040.00000092419,-206474.59394946694,298.2315889642411,182
4525000,9050.000000926228,-206469.01028415235,301.2513039901896,182
4530000,9060.000000928265,-206405.154179128,304.46419578385616,182
4535000,9070.000000930302,-206727.87623286142,298.6195690866288,182
4540000,9080.00000093234,-206846.7380010701,298.6766272216718,182
4545000,9090.000000934377,-206350.49228490482,302.4228657946566,182
4550000,9100.000000936414,-207340.44181814662,299.69531208843813,182
4555000,9110.000000938451,-206672.53054500243,297.71734896658796,182
4560000,9120.000000940488,-205791.28714873,296.7554946789246,182
4565000,9130.000000942526,-206017.7784284578,295.8763755917618,181
4570000,9140.000000944563,-205919.8199396123,304.51035889780184,181
4575000,9150.0000009466,-206423.72880327632,303.9727624859706,181
4580000,9160.000000948638,-206456.2956398212,299.38383309424034,181
4585000,9170.000000950675,-206878.71506202908,303.09586714929077,181
4590000,9180.000000952712,-206819.76651548012,302.7710929602182,181
4595000,9190.00000095475,-205877.20654575597,295.3188316792336,181
4600000,9200.000000956787,-206445.50009907142,295.4693566183467,181
4605000,9210.000000958824,-206681.16511367704,301.582076862195,181
4610000,9220.000000960861,-206054.14067376696,305.1339236496307,181
4615000,9230.000000962898,-207057.2951606426,299.7936022946242,181
4620000,9240.000000964936,-207005.54991978907,297.5705532518784,181
4625000,9250.000000966973,-205669.8071497028,301.8423296388132,181
4630000,9260.00000096901,-206507.56894240226,294.7794850011681,181
4635000,9270.000000971047,-206818.1818909885,301.2206469988751,181
4640000,9280.000000973085,-206592.58436284994,296.32257510325115,181
4645000,9290.000000975122,-206321.50980787154,300.7353235424329,181
4650000,9300.00000097716,-206304.7949726394,302.4991293719665,181
4655000,9310.000000979197,-205771.37822643644,298.95303006929976,180
4660000,9320.000000981234,-205821.2454595121,299.56377042544227,180
4665000,9330.000000983271,-206265.88203902286,297.60887968426096,180
4670000,9340.000000985308,-206503.07594548003,301.55073630550083,180
4675000,9350.000000987346,-206229.99323291006,304.99147951375073,180
4680000,9360.000000989383,-206418.11772745347,300.558955181969,180
4685000,9370.00000099142,-207146.01094584505,300.4193521622353,180
4690000,9380.000000993457,-206570.86019302474,298.5792712359697,180
4695000,9390.000000995495,-206326.23456444277,301.6203371271104,180
4700000,9400.000000997532,-206515.59148113627,298.83402577208517,180
4705000,9410.00000099957,-206412.2181942328,300.5088998871106,180
4710000,9420.000001001607,-206154.19137814816,302.46667098259724,180
4715000,9430.000001003644,-206731.2369637048,299.87679759686927,180
4720000,9440.000001005681,-206857.17259145877,299.44558880994674,180
4725000,9450.000001007718,-206583.91684351524,303.3863310941249,180
4730000,9460.000001009756,-206109.5669834813,298.1628244741365,180
4735000,9470.000001011793,-206547.5488824076,301.0444175414347,180
4740000,9480.00000101383,-205661.66428718576,300.95785281842495,180
4745000,9490.000001015867,-205783.51993061136,292.19824233623524,180
4750000,9500.000001017905,-207037.53676286025,302.40129152862386,179
4755000,9510.000001019942,-206678.4965824593,300.6537062592426,179
4760000,9520.00000102198,-205934.32193612575,295.132164693424,179
4765000,9530.000001024016,-205529.6610466973,301.6734201657748,179
4770000,9540.000001026054,-206585.0521579591,302.6258119341281,179
4775000,9550.000001028091,-206706.20343056088,302.1700963213191,179
4780000,9560.000001030128,-206536.85979587538,302.93803516594744,179
4785000,9570.000001032166,-206280.51720671868,301.804502870267,179
4790000,9580.000001034203,-206803.87529057823,300.0549372132854,179
4795000,9590.00000103624,-206324.958370324,302.9755427503366,179
4800000,9600.000001038277,-206041.5696323685,299.64440069088454,179
4805000,9610.000001040315,-206244.34372373298,299.3682983446171,179
4810000,9620.000001042352,-206477.81133794808,301.6741296315076,179
4815000,9630.00000104439,-206961.3949479988,302.4881287847164,179
4820000,9640.000001046426,-206271.67361590336,300.3874235160276,179
4825000,9650.000001048464,-205711.4767215316,298.8425745200154,179
4830000,9660.000001050501,-207185.26829111832,297.26307148294103,179
4835000,9670.000001052538,-206241.25995377149,303.2982673097874,179
4840000,9680.000001054575,-206436.3736814923,302.7279536624888,179
4845000,9690.000001056613,-206231.36327796278,302.1703467330672,179
4850000,9700.00000105865,-206184.37742929824,299.87827529775814,178
4855000,9710.000001060687,-206395.39784567337,306.67670775718045,178
4860000,9720.000001062725,-206670.5477293207,298.46048079431415,178
4865000,9730.000001064762,-206503.4905317329,297.61607535183833,178
4870000,9740.000001066799,-206070.42192027718,298.29733090583403,178
4875000,9750.000001068836,-206907.95017599023,300.1277211787465,178
4880000,9760.000001070874,-206126.78878832317,300.83349509073,178
4885000,9770.00000107291,-205921.3736191563,303.597075717632,178
4890000,9780.000001074948,-206979.19386213028,300.7134715112573,178
4895000,9790.000001076985,-206549.68721582263,298.8869559905234,178
4900000,9800.000001079023,-206392.8266990604,300.24425560015004,178
4905000,9810.00000108106,-206296.0718198854,305.0895105369925,178
4910000,9820.000001083097,-205934.56056419096,302.41296895728004,178
4915000,9830.000001085134,-206687.46360312542,297.5721467911083,178
4920000,9840.000001087172,-206623.31571615476,299.0974906399295,178
4925000,9850.000001089209,-207118.835760048,299.36892903501166,178
4930000,9860.000001091246,-206646.92864577053,300.9059834775032,178
4935000,9870.000001093284,-205742.94544054067,297.1912518552309,178
4940000,9880.00000109532,-206572.3971876864,299.85405796321936,178
4945000,9890.000001097358,-206415.62334616983,296.9400879156941,178
4950000,9900.000001099395,-206675.13939438947,299.23193815851533,178
4955000,9910.000001101433,-206293.63127065066,300.82255973645096,178
4960000,9920.00000110347,-206629.72074593836,299.2710241978344,178
4965000,9930.000001105507,-206503.44453177892,298.6018540506115,178
4970000,9940.000001107544,-205815.94261504186,300.5193592721997,178
4975000,9950.000001109582,-206529.13152218354,299.4776017479148,178
4980000,9960.000001111619,-206938.8342457238,303.4432300171176,177
4985000,9970.000001113656,-206171.68345070793,301.5820813495341,177
4990000,9980.000001115694,-207419.9870832757,297.61375043351813,177
4995000,9990.00000111773,-206210.30485728092,303.14257761184354,177
5000000,10000.000001119768,-205909.5150522124,304.3973732553027,177
5005000,10010.000001121805,-206095.6989556721,303.8984162518538,177
5010000,10020.000001123843,-206714.2329281494,296.53780638408585,177
5015000,10030.00000112588,-206255.84768979566,303.0091063102393,177
5020000,10040.000001127917,-206527.34938497213,304.48469315009095,177
5025000,10050.000001129954,-205118.07425895648,299.122607416915,177
5030000,10060.000001131992,-206852.54971981386,296.62933337604227,177
5035000,10070.000001134029,-206674.50683191186,303.20236561419466,177
5040000,10080.000001136066,-206155.51230087946,303.4784325544192,177
5045000,10090.000001138103,-205724.9382189141,304.23584812936133,177
5050000,10100.00000114014,-206386.6130734682,297.5198595386211,177
5055000,10110.000001142178,-206217.16006526223,302.44131826148487,177
5060000,10120.000001144215,-206408.9549990996,300.22579769130436,177
5065000,10130.000001146253,-206095.547915366,300.84550850175975,177
5070000,10140.00000114829,-206317.31307419727,299.49317978239714,177
5075000,10150.000001150327,-206321.05529326724,303.8546954881445,177
5080000,10160.000001152364,-205680.71504097665,301.9422186351138,177
5085000,10170.000001154402,-206786.47685152607,305.9896182058009,176
5090000,10180.000001156439,-207203.27808415808,298.1663713572561,176
5095000,10190.000001158476,-207276.88587303285,295.9360889101108,176
5100000,10200.000001160513,-205757.30379258085,296.6513817869185,176
5105000,10210.00000116255,-206768.85518866708,300.75277382904824,176
5110000,10220.000001164588,-206227.0040133727,303.7428792338013,176
5115000,10230.000001166625,-206808.9476390687,298.46247706962566,176
5120000,10240.000001168662,-206785.44546779094,298.928812846465,176
5125000,10250.0000011707,-207510.2651143775,297.03213124399724,176
5130000,10260.000001172737,-206508.30748894776,295.0246497321869,176
5135000,10270.000001174774,-206893.80851836805,298.0627342586807,176
5140000,10280.000001176812,-206493.77607988578,302.04263145454837,176
5145000,10290.000001178849,-206492.3493999286,302.56318484953715,176
5150000,10300.000001180886,-206023.49273973564,297.0725980116716,176
5155000,10310.000001182923,-206944.6284920118,299.4488347055907,176
5160000,10320.00000118496,-205111.10581439303,299.79730726354103,176
5165000,10330.000001186998,-206753.58788343298,299.57829789725656,176
5170000,10340.000001189035,-205947.00694405637,300.90925930910004,176
5175000,10350.000001191072,-206766.7138542874,300.1983867926917,176
5180000,10360.00000119311,-206492.6353429705,300.1812400588298,176
5185000,10370.000001195147,-205876.11312002363,299.10744102165484,176
5190000,10380.000001197184,-206406.28454896458,301.97540413322764,176
5195000,10390.000001199222,-206479.29203038942,299.07529860326645,176
5200000,10400.000001201259,-206268.27044028125,301.92885882417943,175
5205000,10410.000001203296,-206679.06615916907,303.2675303627708,175
5210000,10420.000001205333,-206314.8199435781,294.32692565616225,175
5215000,10430.00000120737,-206468.91174643324,300.19256066851403,175
5220000,10440.000001209408,-206303.71326301072,301.8920632119292,175
5225000,10450.000001211445,-207005.36455606855,297.64453731891336,175
5230000,10460.000001213482,-205557.5725163638,300.433001106561,175
5235000,10470.00000121552,-206839.8267946816,302.17319076988895,175
5240000,10480.000001217557,-205930.81211383035,301.56132202503557,175
5245000,10490.000001219594,-206608.0105025022,302.4149957524459,175
5250000,10500.000001221631,-205874.64532004856,296.6637476455849,175
5255000,10510.000001223669,-205963.58594560658,299.2724047176965,175
5260000,10520.000001225706,-206581.60555020906,301.9505244829921,175
5265000,10530.000001227743,-206071.76980284904,299.4633643780998,175
5270000,10540.00000122978,-207080.64750083897,298.28473450827465,175
5275000,10550.000001231818,-206515.17445213674,298.629769143563,175
5280000,10560.000001233855,-206768.58356870036,299.7808556053951,175
5285000,10570.000001235892,-206700.46817313263,301.7011256861378,175
5290000,10580.00000123793,-206957.35761830828,303.9781244702795,175
5295000,10590.000001239967,-206747.19172427186,306.47661111904944,175
5300000,10600.000001242004,-206393.27098894597,302.75381230849445,175
5305000,10610.000001244041,-206342.21851682488,294.8324230593098,175
5310000,10620.000001246079,-206503.77121891372,306.4649974224794,175
5315000,10630.000001248116,-206677.91778732568,302.6013260486966,174
5320000,10640.000001250153,-205827.49777396733,304.94989573499157,174
5325000,10650.00000125219,-206143.3647648713,296.2400337404187,174
5330000,10660.000001254228,-206218.969649127,302.2018920491038,174
5335000,10670.000001256265,-206326.53204742365,299.7481772666072,174
5340000,10680.000001258302,-206049.84149280214,299.06560289740025,174
5345000,10690.00000126034,-206579.7034205225,303.1826587578194,174
5350000,10700.000001262377,-206958.24916414125,301.78161527784033,174
5355000,10710.000001264414,-206490.0662447412,304.14565564875346,174
5360000,10720.000001266451,-206283.49812402867,302.94186099508323,174
5365000,10730.000001268489,-206709.73364441516,295.19425895184327,174
5370000,10740.000001270526,-206564.71042107057,295.1282069494318,174
5375000,10750.000001272563,-206177.29833164683,295.8038512575716,174
5380000,10760.0000012746,-206449.5302459125,296.9347888044591,174
5385000,10770.000001276638,-206145.30178785406,302.99346252258454,174
5390000,10780.000001278675,-206839.95378516277,301.782015440153,174
5395000,10790.000001280712,-206601.14461337717,299.9705417011024,174
5400000,10800.00000128275,-205877.24816253711,297.06412147848755,174
5405000,10810.000001284787,-206577.65415694506,305.31465952450725,174
5410000,10820.000001286824,-206759.7800893183,307.2906539740924,174
5415000,10830.000001288861,-207078.59604224912,303.8949202793996,174
5420000,10840.000001290899,-206446.14485017164,303.85606862072046,174
5425000,10850.000001292936,-206544.52926159173,298.79249237065955,174
5430000,10860.000001294973,-205703.02208970592,296.45074357723905,174
5435000,10870.00000129701,-206918.76230371906,298.76018296683685,174
5440000,10880.000001299048,-206109.08766893775,302.4249009249698,173
5445000,10890.000001301085,-207139.6769894912,300.21279817446975,173
5450000,10900.000001303122,-205735.02701886103,298.5897674742801,173
5455000,10910.00000130516,-206439.62791584292,298.96931956629834,173
5460000,10920.000001307197,-207205.77001368604,298.32891333783135,173
5465000,10930.000001309234,-205879.91478042305,299.22513769797877,173
5470000,10940.000001311271,-206477.00000446464,300.94760373057983,173
5475000,10950.000001313309,-205831.59147387755,300.3280788964644,173
5480000,10960.000001315346,-206416.0901425446,303.51900260216854,173
5485000,10970.000001317383,-206906.74053769512,297.9830468877672,173
5490000,10980.00000131942,-206215.82178682485,301.7207568504254,173
5495000,10990.000001321458,-205904.0753500749,302.759151204904,173
5500000,11000.000001323495,-207071.63251024124,301.47584119268765,173
5505000,11010.000001325532,-207118.81074651214,297.93511306262155,173
5510000,11020.00000132757,-205787.57451795065,301.9680724491827,173
5515000,11030.000001329607,-205555.82096853445,300.8945325017903,173
5520000,11040.000001331644,-206403.73365355807,298.1050829076458,173
5525000,11050.000001333681,-207479.53364938346,303.3691365125083,173
5530000,11060.000001335718,-206042.0715217538,300.22720158449243,173
5535000,11070.000001337756,-205721.17023301206,299.8671062651737,173
5540000,11080.000001339793,-206090.5302006239,302.6996130007077,173
5545000,11090.00000134183,-206732.03792873863,298.4080561524966,173
5550000,11100.000001343868,-206270.03817337006,300.61778634037813,173
5555000,11110.000001345905,-206132.44271961658,304.0701139536111,172
5560000,11120.000001347942,-206671.2103926501,299.52707553307806,172
5565000,11130.00000134998,-206180.80201161292,302.9473548782743,172
5570000,11140.000001352017,-205616.7334516059,305.3182164783026,172
5575000,11150.000001354054,-206915.9378944533,301.5331032224944,172
5580000,11160.000001356091,-206189.39480555838,301.1861504764196,172
5585000,11170.000001358128,-206497.31794751203,296.67107753291816,172
5590000,11180.000001360166,-206172.37632360798,303.19876291736466,172
5595000,11190.000001362203,-205942.44748137146,305.96501277959874,172
5600000,11200.00000136424,-206522.45072074467,296.09311443435337,172
5605000,11210.000001366278,-206567.3101943615,299.1359276828511,172
5610000,11220.000001368315,-207661.0293831363,301.192716102337,172
5615000,11230.000001370352,-206610.29208716098,295.56481107323805,172
5620000,11240.00000137239,-206876.47088627028,303.1649449125992,172
5625000,11250.000001374427,-206074.39253764472,303.0311808213659,172
5630000,11260.000001376464,-206496.45132397802,302.18866038524055,172
5635000,11270.000001378501,-207411.74530111393,301.00097681163487,172
5640000,11280.000001380538,-206711.9258215694,299.00781384311017,172
5645000,11290.000001382576,-207087.1287142929,294.2163223718954,172
5650000,11300.000001384613,-206620.66268903506,296.7860097356606,172
5655000,11310.00000138665,-206352.53533810365,299.514297250184,172
5660000,11320.000001388687,-206750.48144039605,300.75400861988334,172
5665000,11330.000001390725,-206593.34028238512,300.6807813165023,172
5670000,11340.000001392762,-206006.32461499935,304.3098124026848,172
5675000,11350.0000013948,-205853.06174986484,305.2945638694625,172
5680000,11360.000001396837,-206711.1376199054,303.48927930154724,172
5685000,11370.000001398874,-207388.48307201627,298.4868247063531,172
5690000,11380.000001400911,-206431.9079078103,294.812216049297,172
5695000,11390.000001402948,-206382.37045483978,298.96787583939897,171
5700000,11400.000001404986,-205852.1809285743,303.98479066285734,171
5705000,11410.000001407023,-206332.83889072842,300.53763105988327,171
5710000,11420.00000140906,-205706.95742136438,304.87301610161694,171
5715000,11430.000001411097,-206761.6041738036,298.37260649697157,171
5720000,11440.000001413135,-206799.769689937,301.7910724774713,171
5725000,11450.000001415172,-206339.02957253158,303.8372495284314,171
5730000,11460.00000141721,-206496.16256729898,300.83799146838874,171
5735000,11470.000001419246,-206585.66241279233,302.2259872993236,171
5740000,11480.000001421284,-206614.47335637035,294.14061027052514,171
5745000,11490.000001423321,-206427.2283345505,301.3315455402225,171
5750000,11500.000001425358,-206186.01098586293,297.6311957355165,171
5755000,11510.000001427396,-205809.44353731372,303.3463865649468,171
5760000,11520.000001429433,-207055.889410974,298.9489750359171,171
5765000,11530.00000143147,-205852.43794337625,301.32685566318906,171
5770000,11540.000001433507,-206482.94498690055,298.8835794242503,171
5775000,11550.000001435545,-206554.74871323537,299.00692997225946,171
5780000,11560.000001437582,-206493.2080205878,300.6825732485025,171
5785000,11570.00000143962,-205398.1983924401,303.3571964235515,171
5790000,11580.000001441656,-206969.23199608026,301.6591377453836,171
5795000,11590.000001443694,-205665.0777696101,300.0976031723005,171
5800000,11600.000001445731,-206212.7159936669,300.23780167252653,171
5805000,11610.000001447768,-206543.09045383323,296.584260774694,171
5810000,11620.000001449805,-206379.53519069264,303.10955427939695,171
5815000,11630.000001451843,-206391.70521485596,301.3365691122528,171
5820000,11640.00000145388,-206914.35389476642,301.0406628112177,171
5825000,11650.000001455917,-206094.6792150772,298.32164009095237,171
5830000,11660.000001457955,-206311.86653573986,299.2622941854102,171
5835000,11670.000001459992,-206466.4055038368,296.4267787184307,171
5840000,11680.00000146203,-206611.23773804458,304.85116571513163,171
5845000,11690.000001464066,-206575.63481399487,302.7899055795159,170
5850000,11700.000001466104,-205839.2451080461,304.9915064971096,170
5855000,11710.00000146814,-206295.18151852267,296.6119664428718,170
5860000,11720.000001470178,-206413.16080749733,299.3457109680752,171
5865000,11730.000001472215,-205942.44169746828,299.03059299329544,171
5870000,11740.000001474253,-206416.15494706365,300.3035517970781,171
5875000,11750.00000147629,-206743.1006173765,303.0146185292306,171
5880000,11760.000001478327,-206336.09579115605,297.9451826214586,171
5885000,11770.000001480365,-206520.02173281193,297.846276356476,171
5890000,11780.000001482402,-206785.27554213454,297.40004384493653,171
5895000,11790.000001484439,-205583.43300802622,298.0119046234963,171
5900000,11800.000001486476,-207107.34950254264,300.84280075340473,171
5905000,11810.000001488514,-206572.5023098567,300.07888581716185,171
5910000,11820.00000149055,-206554.56164782413,303.90781734383063,171
5915000,11830.000001492588,-206639.60440307006,305.99125360574783,171
5920000,11840.000001494625,-205951.78655682143,302.14482977758615,171
5925000,11850.000001496663,-206548.79251280695,302.63437507299903,171
5930000,11860.0000014987,-205817.01558704057,301.64806326779615,171
5935000,11870.000001500737,-206644.31374430633,304.9726959498416,171
5940000,11880.000001502774,-206344.71575564763,301.90765086073884,171
5945000,11890.000001504812,-206093.3417296087,297.96068890342207,171
5950000,11900.000001506849,-206576.09461922024,303.02608582179073,171
5955000,11910.000001508886,-206823.2261160398,299.5376228089039,171
5960000,11920.000001510924,-207378.89717214252,306.7253454209169,171
5965000,11930.00000151296,-206615.03789349122,298.3006935259384,171
5970000,11940.000001514998,-205930.7360054258,296.78815470455004,171
5975000,11950.000001517035,-206476.4587411018,298.62260527545465,171
5980000,11960.000001519073,-206405.80895102897,301.531938587452,171
5985000,11970.00000152111,-206652.26632663456,305.78341068683346,171
5990000,11980.000001523147,-206529.9407227611,299.72924646177233,171
5995000,11990.000001525184,-205873.00318730192,302.1197943706104,171
6000000,12000.000001527222,-205595.8201549888,301.72064819070977,171
6005000,12010.000001529259,-206150.60135782685,300.14287621288315,171
6010000,12020.000001531296,-205890.5810350862,299.8897081950611,172
6015000,12030.000001533333,-206141.9062622561,303.81971775525875,172
6020000,12040.00000153537,-206243.5488947347,301.287232696767,172
6025000,12050.000001537408,-206642.87828824704,300.360914439403,172
6030000,12060.000001539445,-206429.0955386368,300.4088758191547,172
6035000,12070.000001541483,-207460.86297915946,303.7413856257403,172
6040000,12080.00000154352,-206361.46650052862,297.37336809808636,172
6045000,12090.000001545557,-206898.84149590973,303.2349656667779,172
6050000,12100.000001547594,-206648.6489965719,297.8471762335882,172
6055000,12110.000001549632,-206778.47991044633,294.45758010195357,172
6060000,12120.000001551669,-205774.26076980273,299.9701564873234,172
6065000,12130.000001553706,-206105.4359929947,301.5182702386062,172
6070000,12140.000001555743,-206313.72057889518,303.25001190496386,172
6075000,12150.00000155778,-205835.41936330567,302.47747677487047,172
6080000,12160.000001559818,-206413.1325615159,303.25272664106814,172
6085000,12170.000001561855,-206123.86913897283,297.18636242658584,172
6090000,12180.000001563893,-206255.19664932543,297.66732923248907,172
6095000,12190.00000156593,-206248.92752127757,298.76004035992196,172
6100000,12200.000001567967,-206063.0182227766,301.9919666367475,172
6105000,12210.000001570004,-206350.52213564597,305.0162477605528,172
6110000,12220.000001572042,-206002.30794797756,300.87118650877744,172
6115000,12230.000001574079,-206038.59331695375,298.4117160827914,172
6120000,12240.000001576116,-207164.34816971817,296.8849694646183,172
6125000,12250.000001578153,-206889.14302397508,301.894034842298,172
6130000,12260.00000158019,-206511.17462572618,299.58092414162337,172
6135000,12270.000001582228,-206265.67333946133,302.54557607542336,172
6140000,12280.000001584265,-206002.5722588423,297.27383083565707,172
6145000,12290.000001586302,-206508.98456604232,301.0212731863346,172
6150000,12300.00000158834,-206509.07131440588,300.14473651210795,172
6155000,12310.000001590377,-205770.06274281186,300.6147617367649,172
6160000,12320.000001592414,-206407.19823141955,302.0749532100715,172
6165000,12330.000001594452,-206711.83109343168,303.4484829831479,172
6170000,12340.000001596489,-206950.79453353432,299.1643524265751,172
6175000,12350.000001598526,-206046.5441228015,303.21642819542194,172
6180000,12360.000001600563,-206262.9368399945,297.6495749947226,172
6185000,12370.0000016026,-207091.88348467764,301.05705724960586,172
6190000,12380.000001604638,-205987.4343739337,301.82404528593503,172
6195000,12390.000001606675,-206321.69511002337,302.7360864461871,172
6200000,12400.000001608712,-206474.36143239948,300.76836456623664,171
6205000,12410.00000161075,-205598.19795196154,295.2657308961218,171
6210000,12420.000001612787,-205432.93586136866,305.65348431611494,171
6215000,12430.000001614824,-206835.74865291652,303.97753124110943,171
6220000,12440.000001616861,-206994.10627404437,297.55173555431173,171
6225000,12450.000001618899,-206575.93781432265,300.0733982285007,171
6230000,12460.000001620936,-206105.4169888146,299.46013876402225,171
6235000,12470.000001622973,-206700.56390589604,299.51068669507265,171
6240000,12480.00000162501,-206739.1997166915,302.62556923445135,171
6245000,12490.000001627048,-207421.8393968175,299.7888211513028,171
6250000,12500.000001629085,-206524.97052078985,300.53374596277314,171
6255000,12510.000001631122,-206031.42126342573,303.27675395464814,171
6260000,12520.00000163316,-206469.34388344793,297.65438182557307,171
6265000,12530.000001635197,-205853.43154749006,301.6496784891609,171
6270000,12540.000001637234,-206535.94515376806,305.72129180762255,171
6275000,12550.000001639271,-206428.64145576756,302.88731064840823,171
6280000,12560.000001641309,-205923.265804832,296.6003879587746,171
6285000,12570.000001643346,-206647.92982373526,297.6113753536628,171
6290000,12580.000001645383,-206648.61444120586,299.76123338186596,171
6295000,12590.00000164742,-206162.12070128962,299.66489403025594,171
6300000,12600.000001649458,-206812.74775025842,302.96330195309935,171
6305000,12610.000001651495,-206443.3370109473,298.45025755731024,171
6310000,12620.000001653532,-206511.05240992946,299.04768859360223,171
6315000,12630.00000165557,-205894.5365478685,299.2324369641247,171
6320000,12640.000001657607,-206081.84155979042,300.20909528403587,171
6325000,12650.000001659644,-206967.0497346397,301.4644821873926,171
6330000,12660.000001661681,-206586.76890635735,296.2856750414756,171
6335000,12670.000001663719,-206509.92013675044,300.89034136003653,171
6340000,12680.000001665756,-206492.13216026116,296.01175548988675,171
6345000,12690.000001667793,-206370.02000691125,298.8600153304337,171
6350000,12700.00000166983,-205448.49748499785,299.472496730896,171
6355000,12710.000001671868,-206198.5901870405,301.40593106893584,171
6360000,12720.000001673905,-207079.26155952492,300.05215443818537,171
6365000,12730.000001675942,-206212.28228566714,305.45618886822166,171
6370000,12740.00000167798,-205946.6796795082,303.1363232451637,170
6375000,12750.000001680017,-206409.67144515854,298.70090400940836,170
6380000,12760.000001682054,-205537.26582876383,298.870342852774,170
6385000,12770.000001684091,-206265.35715590476,303.205446386363,170
6390000,12780.000001686129,-205833.62397362397,298.44794671651806,170
6395000,12790.000001688166,-206498.58549424482,299.434113953038,170
6400000,12800.000001690203,-206752.31396652432,305.53038234590485,170
6405000,12810.00000169224,-206530.97387516662,298.67111947696776,170
6410000,12820.000001694278,-206488.03164627415,301.5669940942092,170
6415000,12830.000001696315,-206376.39049713593,302.16908110821964,170
6420000,12840.000001698352,-206319.01826390612,296.3967967685236,170
6425000,12850.00000170039,-206801.52235566953,302.47771351781284,170
6430000,12860.000001702427,-206171.4843695577,299.66924296322065,170
6435000,12870.000001704464,-206675.82058417122,300.172592162489,170
6440000,12880.000001706501,-207544.66724886198,297.557420119361,170
6445000,12890.000001708539,-205996.47820633824,304.0056154439874,170
6450000,12900.000001710576,-206056.95419187238,300.3806432714463,170
6455000,12910.000001712613,-206425.8727412587,301.33400594077455,170
6460000,12920.00000171465,-206384.03650053276,303.6904645227,170
6465000,12930.000001716688,-207029.63808787346,301.35669660177484,170
6470000,12940.000001718725,-206756.1140193229,295.85393300742294,170
6475000,12950.000001720762,-205977.6038677598,296.67814510809717,170
6480000,12960.0000017228,-205610.65590777993,298.47714307540423,170
6485000,12970.000001724837,-206874.4867731334,304.65555424649637,170
6490000,12980.000001726874,-205946.62023954745,296.5615059026629,170
6495000,12990.000001728911,-206932.76107623812,299.15696907656707,170
6500000,13000.000001730948,-206087.56132883613,302.0593851179166,170
6505000,13010.000001732986,-205814.47236236313,296.3659609791674,170
6510000,13020.000001735023,-206019.461159918,305.4980527825171,170
6515000,13030.00000173706,-206340.16553379945,303.50887426410037,170
6520000,13040.000001739098,-205958.62449045095,303.7364972606987,170
6525000,13050.000001741135,-205833.5087333063,299.2721609254156,170
6530000,13060.000001743172,-206164.21200468647,302.46117981079243,170
6535000,13070.00000174521,-206373.38691879914,306.87361759267867,170
6540000,13080.000001747247,-206669.00560452195,299.3442975543883,170
6545000,13090.000001749284,-206567.2195515728,295.73203428777924,170
6550000,13100.000001751321,-206638.3040835024,303.3806786194165,170
6555000,13110.000001753358,-207154.6839731636,298.587497410274,169
6560000,13120.000001755396,-206050.36600581533,299.76269577885665,169
6565000,13130.000001757433,-205740.82076595654,297.3338625765654,169
6570000,13140.00000175947,-206390.03553173016,302.04864399093793,169
6575000,13150.000001761508,-206674.46986228216,300.62157947857037,169
6580000,13160.000001763545,-206346.56252417108,298.5039548682292,169
6585000,13170.000001765582,-206082.8293683267,302.1642866010752,169
6590000,13180.00000176762,-205824.4567715882,300.9283642636389,169
6595000,13190.000001769657,-205938.13448383647,306.0331634923146,169
6600000,13200.000001771694,-207093.44313309435,299.3119637927133,169
6605000,13210.000001773731,-207222.43547258445,300.7611674999155,169
6610000,13220.000001775768,-205520.53727982042,296.6716825338211,169
6615000,13230.000001777806,-206671.75529116916,306.29800989413724,169
6620000,13240.000001779843,-206698.4947635443,295.58688278775486,169
6625000,13250.00000178188,-206169.21003049205,298.04256578523797,169
6630000,13260.000001783917,-206774.8639476226,301.1963559614237,169
6635000,13270.000001785955,-206159.0442362529,296.31791512255785,169
6640000,13280.000001787992,-206230.58062408457,302.6365120348854,169
6645000,13290.00000179003,-206433.61845295771,297.4540073106005,169
6650000,13300.000001792067,-206459.84497385786,299.87261488390226,169
6655000,13310.000001794104,-206305.65947400592,303.1771506341518,169
6660000,13320.000001796141,-206563.4283502848,297.94578691841036,169
6665000,13330.000001798178,-206324.08480601024,299.87034118207407,169
6670000,13340.000001800216,-206715.77995006402,298.49872458365905,169
6675000,13350.000001802253,-206929.84956860333,296.42905827955497,169
6680000,13360.00000180429,-206553.9557514243,300.4914635710357,169
6685000,13370.000001806327,-206591.25511698064,302.12351103370145,169
6690000,13380.000001808365,-206346.33111662522,298.4098098112384,169
6695000,13390.000001810402,-206988.59257379337,296.88717599821155,169
6700000,13400.00000181244,-206456.5281967637,296.83600616088444,169
6705000,13410.000001814476,-206772.61259529868,301.66339551185877,169
6710000,13420.000001816514,-207204.94324963284,297.6454867724169,169
6715000,13430.000001818551,-206937.9491763506,300.59236120860794,169
6720000,13440.000001820588,-206565.93505741644,302.26212489471004,169
6725000,13450.000001822626,-206348.54342247685,300.21592094037624,169
6730000,13460.000001824663,-205856.76337370358,304.359815841521,169
6735000,13470.0000018267,-205826.44851376803,299.1891081362349,169
6740000,13480.000001828737,-205977.94995105884,301.96229790221673,169
6745000,13490.000001830775,-206160.33314196265,306.5607630198206,169
6750000,13500.000001832812,-206205.15007414587,296.369116362855,169
6755000,13510.00000183485,-207026.22178971127,303.27821229379674,168
6760000,13520.000001836886,-207121.53990173922,301.5184007776931,168
6765000,13530.000001838924,-206922.1948889027,298.73718667927704,168
6770000,13540.000001840961,-205711.91490565124,299.17630232539113,168
6775000,13550.000001842998,-206178.52871622692,296.1991796288675,168
6780000,13560.000001845036,-206257.5676521503,304.6484076569202,168
6785000,13570.000001847073,-206555.65396151692,293.90059127381824,168
6790000,13580.00000184911,-205814.45606926945,305.41481453794995,168
6795000,13590.000001851147,-205575.68533392518,300.01666066478094,168
6800000,13600.000001853185,-206868.00161928765,296.83848705981876,168
6805000,13610.000001855222,-206413.4540604821,298.48459278937264,168
6810000,13620.00000185726,-206687.1484404538,298.7213377682825,168
6815000,13630.000001859296,-206824.21002142772,299.90583494085735,168
6820000,13640.000001861334,-206195.0120754199,296.0248441378149,168
6825000,13650.000001863371,-206368.8567417463,298.6314570552734,168
6830000,13660.000001865408,-206404.6244156086,300.1930797730527,168
6835000,13670.000001867445,-206432.86815407686,303.4539360502797,168
6840000,13680.000001869483,-206022.27900215646,295.91125067717786,168
6845000,13690.00000187152,-207001.56034450943,299.6566488782856,168
6850000,13700.000001873557,-206233.8000850114,298.0604767168975,168
6855000,13710.000001875595,-205702.9670216574,300.345157773324,168
6860000,13720.000001877632,-206888.62017089222,298.71413463511686,168
6865000,13730.000001879669,-206382.9782139595,299.75535211947056,168
6870000,13740.000001881706,-206009.62017345254,297.43401033262086,168
6875000,13750.000001883744,-206673.80802748387,295.0717850741304,168
6880000,13760.00000188578,-206445.5416539095,297.90806962125254,168
6885000,13770.000001887818,-205421.4378279259,302.8190324469434,168
6890000,13780.000001889855,-206409.0035511566,301.5584649914526,168
6895000,13790.000001891893,-205411.91469129222,301.78476639432574,168
6900000,13800.00000189393,-206099.8090476382,300.5726980164185,168
6905000,13810.000001895967,-205842.65860803495,308.39925371803497,168
6910000,13820.000001898004,-206554.43429437745,300.5990630986264,168
6915000,13830.000001900042,-206445.03589961794,303.6316347564333,168
6920000,13840.000001902079,-206840.24678236095,299.5979283002756,168
6925000,13850.000001904116,-205815.5023706936,300.31989382149044,168
6930000,13860.000001906154,-206815.5883094241,303.19917631104977,168
6935000,13870.00000190819,-206671.59541711968,301.6541637300098,168
6940000,13880.000001910228,-206030.37808026618,303.70096041807415,168
6945000,13890.000001912265,-206407.72550777183,295.17171340455803,168
6950000,13900.000001914303,-206183.9413418147,300.22922418625166,168
6955000,13910.00000191634,-207118.55741530866,300.48276465292423,168
6960000,13920.000001918377,-205801.40079069498,303.5701391730747,168
6965000,13930.000001920414,-206397.15575662197,297.80095260619606,167
6970000,13940.000001922452,-206538.30642170657,298.2349497911839,167
6975000,13950.000001924489,-205773.08141912485,300.3020917369532,167
6980000,13960.000001926526,-206065.81568461144,299.72221836795615,167
6985000,13970.000001928564,-207015.47300993034,295.764957420337,167
6990000,13980.0000019306,-206133.1225396765,300.1013341297223,167
6995000,13990.000001932638,-206565.7702825287,303.3978138498172,167
7000000,14000.000001934675,-206194.4279820826,297.59613166086234,167
7005000,14010.000001936713,-206176.45588415477,303.06327667223655,167
7010000,14020.00000193875,-205979.74400788778,305.4189420458471,167
7015000,14030.000001940787,-205797.99411050125,302.0791739384905,167
7020000,14040.000001942824,-206042.18152594194,304.9216899301172,167
7025000,14050.000001944862,-206234.32080012897,299.82356870553656,167
7030000,14060.000001946899,-207504.52814933355,300.70008685274576,167
7035000,14070.000001948936,-206015.29847082135,303.56691052966755,167
7040000,14080.000001950973,-207079.3316375832,299.9516080085975,167
7045000,14090.00000195301,-206784.7999785092,304.9146999799609,167
7050000,14100.000001955048,-205828.62956431415,299.1202553990883,167
7055000,14110.000001957085,-205762.38641967473,301.47002417150924,167
7060000,14120.000001959123,-205983.67383199232,301.8487228510833,167
7065000,14130.00000196116,-207055.56738514907,300.4911025671647,167
7070000,14140.000001963197,-206206.22705217206,299.54721301358023,167
7075000,14150.000001965234,-206637.6645409331,303.95876102380214,167
7080000,14160.000001967272,-205860.5188152322,298.3531255896236,167
7085000,14170.000001969309,-205824.53633679287,301.32498288380856,167
7090000,14180.000001971346,-206245.50215813902,298.40122566532756,167
7095000,14190.000001973383,-206606.63051480672,298.25255905532913,167
7100000,14200.00000197542,-206141.33276584756,300.55481846176826,167
7105000,14210.000001977458,-206012.42190244084,298.08201052573753,167
7110000,14220.000001979495,-206856.27696341893,297.97824615338243,167
7115000,14230.000001981532,-206406.3571418944,294.89769571184354,167
7120000,14240.00000198357,-206365.15767086262,300.7616817636476,167
7125000,14250.000001985607,-205643.42797274643,304.71224781810037,167
7130000,14260.000001987644,-206385.8240751042,300.6924691856594,167
7135000,14270.000001989682,-206213.01047133585,303.3773161321009,167
7140000,14280.000001991719,-206792.63263180072,301.2612317832005,167
7145000,14290.000001993756,-206270.09693664731,304.12573433717586,167
7150000,14300.000001995793,-205868.46091661043,302.13784629542073,167
7155000,14310.00000199783,-206255.230036368,302.0728938322688,167
7160000,14320.000001999868,-207036.47960099555,300.68783859700505,167
7165000,14330.000002001905,-205765.63208803697,298.8976116661957,167
7170000,14340.000002003942,-206158.7187379828,297.5302128401855,167
7175000,14350.00000200598,-206644.63560323848,301.0789405342269,167
7180000,14360.000002008017,-205993.4763067884,298.6381301623179,167
7185000,14370.000002010054,-206240.63589821488,297.67332904222394,166
7190000,14380.000002012091,-206142.37299558858,300.60822815985983,166
7195000,14390.000002014129,-205811.62140062626,299.9661173670359,166
7200000,14400.000002016166,-206152.66628080723,301.6798061982528,166
7205000,14410.000002018203,-206932.13205096754,300.9205998301195,166
7210000,14420.00000202024,-206796.55247936037,300.3240783160476,166
7215000,14430.000002022278,-206138.67226043122,297.73227669707506,166
7220000,14440.000002024315,-206327.64753667044,301.1946086975303,166
7225000,14450.000002026352,-206312.78603055468,300.51173737906475,166
7230000,14460.00000202839,-205790.59279375197,301.72486850015093,166
7235000,14470.000002030427,-206822.60871547775,299.95907046576633,166
7240000,14480.000002032464,-206599.14356095716,304.03566143238453,166
7245000,14490.000002034501,-206353.31153930735,300.9452561618684,166
7250000,14500.000002036539,-206156.5419092559,302.52841834450743,166
7255000,14510.000002038576,-206648.26997650182,299.8618597962154,166
7260000,14520.000002040613,-206533.76623020112,298.557680371808,166
7265000,14530.00000204265,-206301.44406406244,298.201860902807,166
7270000,14540.000002044688,-206450.03877389152,302.3266852302361,166
7275000,14550.000002046725,-205926.75177767675,304.2977722808826,166
7280000,14560.000002048762,-205768.2835613524,299.66005768389107,166
7285000,14570.0000020508,-206978.17300414096,294.80512609056456,166
7290000,14580.000002052837,-206269.81348725688,300.9910590303422,166
7295000,14590.000002054874,-206447.23084950075,301.80667812506454,166
7300000,14600.000002056911,-206523.46157732478,300.40842938765275,166
7305000,14610.000002058949,-206234.31677889568,302.2068046073539,166
7310000,14620.000002060986,-206107.17506846937,299.3324635838556,166
7315000,14630.000002063023,-206268.75914699223,303.05425918758493,166
7320000,14640.00000206506,-205714.71501598484,299.5834057455911,166
7325000,14650.000002067098,-206514.78727197868,297.9149214515907,166
7330000,14660.000002069135,-206467.43211082777,300.5980757578231,166
7335000,14670.000002071172,-206164.97811569204,295.81122685547587,166
7340000,14680.00000207321,-206432.76603699417,299.3763195907787,166
7345000,14690.000002075247,-205784.73998204444,300.08157859765834,166
7350000,14700.000002077284,-206087.5081674119,298.32870395445894,166
7355000,14710.000002079321,-206458.99790985545,303.3436214135277,166
7360000,14720.000002081359,-206916.5782996734,300.8172603004329,166
7365000,14730.000002083396,-206214.2705048303,300.5215742301149,166
7370000,14740.000002085433,-206509.00932142977,300.6548076042652,166
7375000,14750.00000208747,-207590.11835018522,304.38546882216826,166
7380000,14760.000002089508,-206090.20471141802,297.0410950189169,166
7385000,14770.000002091545,-206990.66480150586,295.78774572249193,166
7390000,14780.000002093582,-206901.68563256878,302.3522151943655,166
7395000,14790.00000209562,-206386.68121310195,299.1577883820995,166
7400000,14800.000002097657,-206213.90672230453,298.8943221008963,166
7405000,14810.000002099694,-206403.42813766957,298.29912323540276,166
7410000,14820.000002101731,-206388.89559085143,299.2506946166286,166
7415000,14830.000002103769,-207280.9891757453,301.1334314012437,166
7420000,14840.000002105806,-205969.55661694135,299.7616751112356,166
7425000,14850.000002107843,-205653.03750745254,300.19774739716706,165
7430000,14860.00000210988,-206158.17541559145,303.92753938571616,165
7435000,14870.000002111918,-206758.84240199905,297.99382759642583,165
7440000,14880.000002113955,-205820.0006910835,302.84339673785126,165
7445000,14890.000002115992,-205857.4028859788,298.83515698767513,165
7450000,14900.00000211803,-206533.42313540855,299.2244090335247,165
7455000,14910.000002120067,-206888.19418837316,300.03639571195833,165
7460000,14920.000002122104,-206606.21918027184,298.7040237077698,165
7465000,14930.000002124141,-206885.7521262177,301.35614893561495,165
7470000,14940.000002126179,-206321.85135880194,301.37073432791243,165
7475000,14950.000002128216,-207054.65878140286,299.0270680894258,165
7480000,14960.000002130253,-207168.1256461898,298.49720801945307,165
7485000,14970.00000213229,-206727.5743286257,303.3578207817458,165
7490000,14980.000002134328,-205892.30259204842,300.72417189766537,165
7495000,14990.000002136365,-206302.27621092845,303.400855248225,165
7500000,15000.000002138402,-206287.48951533798,297.8271367737349,165
7505000,15010.00000214044,-206394.83392642054,302.6154492936831,165
7510000,15020.000002142477,-206064.66105072724,298.8682485430272,165
7515000,15030.000002144514,-206464.7483207134,299.1231049304456,165
7520000,15040.000002146551,-206585.26748140517,299.35085295232886,165
7525000,15050.000002148588,-206860.2114695215,301.1419220153519,165
7530000,15060.000002150626,-206182.40337986546,299.8093187596369,165
7535000,15070.000002152663,-206546.33796655072,300.7097129616044,165
7540000,15080.0000021547,-207102.94037085876,298.7612184469482,165
7545000,15090.000002156738,-206127.41640498966,301.2096119762823,165
7550000,15100.000002158775,-206086.73908309534,298.92315557308143,165
7555000,15110.000002160812,-205851.1145174699,298.34135468948506,165
7560000,15120.00000216285,-206888.7711678564,299.1935512992773,165
7565000,15130.000002164887,-206081.02999812132,298.41546923831623,165
7570000,15140.000002166924,-207210.81315775448,297.6366739643075,165
7575000,15150.000002168961,-206593.18965912203,300.6899443698748,165
7580000,15160.000002170998,-207602.84979674686,303.99864485647123,165
7585000,15170.000002173036,-206420.4234907237,301.86896436948706,165
7590000,15180.000002175073,-206203.28786293173,302.7803063465855,165
7595000,15190.00000217711,-205963.56175936188,298.06714289736294,165
7600000,15200.000002179147,-206189.54844223242,299.3325754556306,165
7605000,15210.000002181185,-206204.56871343928,298.19254802164977,165
7610000,15220.000002183222,-206993.14114103944,304.9297088041841,165
7615000,15230.00000218526,-206514.1804455471,300.00923650616005,165
7620000,15240.000002187297,-206325.66914791497,300.1426476828156,165
7625000,15250.000002189334,-206956.1404406604,302.2197869158694,165
7630000,15260.000002191371,-206047.75889646518,300.96976671014806,165
7635000,15270.000002193408,-205805.91848206962,302.1746848364751,165
7640000,15280.000002195446,-205438.49620858475,299.1024799629629,165
7645000,15290.000002197483,-206724.17612596217,299.4150683601123,165
7650000,15300.00000219952,-206848.72728690016,301.109741729632,165
7655000,15310.000002201557,-206239.55551748036,302.3545039111593,165
7660000,15320.000002203595,-206374.17320031812,302.6765719795362,165
7665000,15330.000002205632,-206852.54590208048,299.5287157818502,165
7670000,15340.00000220767,-205870.38262496982,300.77528633282475,165
7675000,15350.000002209707,-206558.8374387353,299.9691839816891,165
7680000,15360.000002211744,-206701.63138975832,298.1056884643938,165
7685000,15370.000002213781,-206132.88455446996,304.7316499747553,165
7690000,15380.000002215818,-205996.72734165622,298.7834553309308,164
7695000,15390.000002217856,-206076.4579450027,301.2182421894352,164
7700000,15400.000002219893,-206097.9566501967,301.6577553780986,164
7705000,15410.00000222193,-206835.8983648927,299.8781399485316,164
7710000,15420.000002223967,-206411.44542032422,294.5055311225888,164
7715000,15430.000002226005,-206599.29745849385,306.9395548428313,164
7720000,15440.000002228042,-206529.4494713206,300.70068150012224,164
7725000,15450.00000223008,-206351.61191558442,301.8492292054241,164
7730000,15460.000002232116,-206533.44462614425,298.82860185112025,164
7735000,15470.000002234154,-206619.32404942927,299.5097315629826,164
7740000,15480.000002236191,-205841.25679962884,297.50321213159594,164
7745000,15490.000002238228,-206015.82641024224,299.9971624001487,164
7750000,15500.000002240266,-206087.28284901346,300.1473543015912,164
7755000,15510.000002242303,-206814.17900119768,303.01808014853776,164
7760000,15520.00000224434,-206458.52585630107,300.7570764926359,164
7765000,15530.000002246377,-205699.40205133357,299.8419253110594,164
7770000,15540.000002248415,-206581.44339813164,300.49911205206394,164
7775000,15550.000002250452,-206138.91082435078,305.21250954420077,164
7780000,15560.00000225249,-206497.47066416498,295.2324573022156,164
7785000,15570.000002254526,-206783.40273263364,303.46829159628174,164
7790000,15580.000002256564,-205660.41769806715,305.4643350836823,164
7795000,15590.000002258601,-206891.78404880175,301.2206275832074,164
7800000,15600.000002260638,-205951.58356682456,301.5853805039547,164
7805000,15610.000002262675,-206068.68599347654,299.5092010302132,164
7810000,15620.000002264713,-206320.05960752966,303.4789150761953,164
7815000,15630.00000226675,-206471.10215377505,300.991496274327,164
7820000,15640.000002268787,-206519.5105413251,300.5110051766237,164
7825000,15650.000002270825,-207151.60912236548,296.85312487710837,164
7830000,15660.000002272862,-206534.90806728008,302.92036612596104,164
7835000,15670.000002274899,-205275.36588183942,300.14182720823896,164
7840000,15680.000002276936,-206347.993932397,294.43957614660815,164
7845000,15690.000002278974,-207087.8444991355,299.67316902416053,164
7850000,15700.00000228101,-206637.9338213181,307.09385292093907,164
7855000,15710.000002283048,-206472.67252213182,298.0783739280344,164
7860000,15720.000002285085,-206725.49769694346,298.07678797645497,164
7865000,15730.000002287123,-206173.1267995002,304.20693397750335,164
7870000,15740.00000228916,-206801.0924329923,300.16863770613713,164
7875000,15750.000002291197,-206456.23050840897,297.1908510901656,164
7880000,15760.000002293235,-207572.27280876169,302.35990600858634,164
7885000,15770.000002295272,-206168.7139599102,302.77569224535006,164
7890000,15780.000002297309,-206773.8104627966,297.99235264856105,164
7895000,15790.000002299346,-206386.89345505403,306.77744637027985,164
7900000,15800.000002301384,-205848.77185264288,300.19687982819624,164
7905000,15810.00000230342,-205593.13042788033,301.67105010879595,164
7910000,15820.000002305458,-207232.75973979535,301.5940504256821,164
7915000,15830.000002307495,-206089.25535927003,302.3745161973816,164
7920000,15840.000002309533,-206465.88426354225,299.3412560433187,164
7925000,15850.00000231157,-206749.98413369933,303.46548995796405,164
7930000,15860.000002313607,-206053.5493646235,299.70495046213784,164
7935000,15870.000002315644,-206632.25491030968,296.86522335575717,164
7940000,15880.000002317682,-206115.80445054115,302.42391828683776,164
7945000,15890.000002319719,-206355.94391226594,299.35039532747186,164
7950000,15900.000002321756,-206635.0414585584,300.8235237528361,164
7955000,15910.000002323794,-206383.1380045017,300.86785447165016,164
7960000,15920.00000232583,-206526.92478079465,299.6460641682776,164
7965000,15930.000002327868,-206098.31212455814,296.1249037610361,164
7970000,15940.000002329905,-206410.0763902946,303.8776363923635,164
7975000,15950.000002331943,-205962.71906701208,302.3574705966445,163
7980000,15960.00000233398,-206514.9379522386,303.5728187664389,163
7985000,15970.000002336017,-206822.15110846143,302.2018965858399,163
7990000,15980.000002338054,-205990.00642429618,298.8831335730667,163
7995000,15990.000002340092,-207155.55146985117,301.1811339918816,163
8000000,16000.000002342129,-206381.8306655261,301.79118683415624,163
8005000,16010.000002344166,-206322.9373792156,298.80602662739335,163
8010000,16020.000002346203,-206974.56948000798,299.55052476063065,163
8015000,16030.00000234824,-206800.74278462643,302.17211755187907,163
8020000,16040.000002350278,-206089.8361759981,301.01121735603175,163
8025000,16050.000002352315,-206245.02885428083,300.84094846877804,163
8030000,16060.000002354353,-206414.01078779367,300.4571062241286,163
8035000,16070.00000235639,-206091.10748951242,301.36729820186946,163
8040000,16080.000002358427,-206763.6232940124,302.6664598016932,163
8045000,16090.000002360464,-205894.5603007439,302.36769854806926,163
8050000,16100.000002362502,-205986.59873890434,299.6600199862893,163
8055000,16110.000002364539,-207002.5949083782,303.0567284430399,163
8060000,16120.000002366576,-206530.13896575384,295.63652009673615,163
8065000,16130.000002368613,-205794.92672313424,299.68567844738794,163
8070000,16140.00000237065,-206519.93853407877,301.429094554767,163
8075000,16150.000002372688,-206507.25647709658,299.6416066885304,163
8080000,16160.000002374725,-205934.9244962429,300.2300312404192,163
8085000,16170.000002376762,-205893.0269652285,301.56506525548775,163
8090000,16180.0000023788,-206494.2782793569,302.41945773399965,163
8095000,16190.000002380837,-207115.1239157865,299.91743052088253,163
8100000,16200.000002382874,-206601.27540253347,303.1074390689942,163
8105000,16210.000002384912,-206352.59362888453,297.8970756725624,163
8110000,16220.000002386949,-206480.94846960227,300.60556355795467,163
8115000,16230.000002388986,-206620.84284009982,305.72235109982597,163
8120000,16240.000002391023,-206111.70129217824,302.69445431618004,163
8125000,16250.00000239306,-206574.03943230002,301.46454099640874,163
8130000,16260.000002395098,-207037.57861592434,302.19463982185914,163
8135000,16270.000002397135,-206890.42756624275,302.7337401271256,163
8140000,16280.000002399172,-205570.95496770018,299.5989515875267,163
8145000,16290.00000240121,-206917.62913106882,297.93518070015676,163
8150000,16300.000002403247,-206441.24194807024,299.30497440257886,163
8155000,16310.000002405284,-206674.07387625438,300.7712422290107,163
8160000,16320.000002407322,-207362.50952026795,300.53122870768715,163
8165000,16330.000002409359,-206122.7160960465,294.2007433445872,163
8170000,16340.000002411396,-206998.05217958638,299.8858755453204,163
8175000,16350.000002413433,-206904.29888644384,305.19312986040734,163
8180000,16360.00000241547,-206320.13152007305,301.54534472913355,163
8185000,16370.000002417508,-206488.27650404617,298.80987954419516,163
8190000,16380.000002419545,-206630.15071597148,301.5020836332601,163
8195000,16390.00000242158,-206709.4391596981,296.46049565774035,163
8200000,16400.000002423618,-206225.62359935662,299.7131740095419,163
8205000,16410.000002425655,-206228.87281110103,302.98438695908976,163
8210000,16420.000002427692,-206411.90097414097,297.8569058696968,163
8215000,16430.00000242973,-206569.40325901017,301.9956965607679,163
8220000,16440.000002431767,-205700.01155598706,303.7265382098729,163
8225000,16450.000002433804,-206868.1888956942,299.27249674770536,163
8230000,16460.00000243584,-206095.45194937976,302.73551090827857,163
8235000,16470.00000243788,-206002.2271273079,300.7745564064092,163
8240000,16480.000002439916,-205753.82778754062,298.8826536634737,163
8245000,16490.000002441953,-205647.35116338765,296.7502425111858,163
8250000,16500.00000244399,-205907.5824451628,293.4795902644583,163
8255000,16510.000002446028,-205786.30551276996,298.2369401627674,163
8260000,16520.000002448065,-207143.29674511298,302.5985458918766,163
8265000,16530.000002450102,-206006.2571836498,301.4782461313915,163
8270000,16540.00000245214,-206167.60233273893,297.72388524247947,163
8275000,16550.000002454177,-206472.98719421902,297.4235153886268,163
8280000,16560.000002456214,-205715.13755178615,296.19157328482896,163
8285000,16570.00000245825,-206366.1023665839,302.45368505315946,162
8290000,16580.00000246029,-207130.9819459687,305.46393672675714,162
8295000,16590.000002462326,-206717.12761326064,304.03158544360025,162
8300000,16600.000002464363,-207008.22577729565,302.7382194962727,162
8305000,16610.0000024664,-206590.90607654455,299.3250093851473,162
8310000,16620.000002468438,-205805.62398584432,303.7324136261675,162
8315000,16630.000002470475,-206878.28683087672,304.1236033219058,162
8320000,16640.000002472512,-206077.52217627573,299.7146081788726,162
8325000,16650.00000247455,-206699.29869704845,297.9349088627865,162
8330000,16660.000002476587,-207357.85662634298,301.376918975135,162
8335000,16670.000002478624,-206088.0294389613,305.5831086930555,162
8340000,16680.00000248066,-206407.95501845737,303.3363545698156,162
8345000,16690.0000024827,-206798.75652514712,298.31449006578185,162
8350000,16700.000002484736,-205772.83984092448,303.9484614327625,162
8355000,16710.000002486773,-206260.62616040546,301.1414866598296,162
8360000,16720.00000248881,-206397.5222952027,304.05150525461994,162
8365000,16730.000002490848,-206291.89676057792,298.87378425182686,162
8370000,16740.000002492885,-206268.03343037283,294.80319876686036,162
8375000,16750.000002494922,-206398.78041856794,296.83836525933896,162
8380000,16760.00000249696,-206296.1888176239,298.62130860903585,162
8385000,16770.000002498997,-206019.51710928453,300.6802500253403,162
8390000,16780.000002501034,-206144.3645841286,298.5031332975289,162
8395000,16790.00000250307,-206521.39104075602,300.64249295497393,162
8400000,16800.00000250511,-207371.64397456066,300.0102261772011,162
8405000,16810.000002507146,-206303.59849343414,303.03675792860116,162
8410000,16820.000002509183,-206679.84381127753,300.35832195898473,162
8415000,16830.00000251122,-206863.56745767768,297.88940404967957,162
8420000,16840.000002513258,-206610.9838018153,298.0774079801872,162
8425000,16850.000002515295,-206509.21549374133,301.01472194231684,162
8430000,16860.000002517332,-205582.9714529937,299.9473587401866,162
8435000,16870.00000251937,-206366.37935495924,301.6227464802086,162
8440000,16880.000002521407,-206096.42273749935,299.75166543577177,162
8445000,16890.000002523444,-206014.4638577334,300.9096460460824,162
8450000,16900.00000252548,-207073.13302599126,294.1924232755799,162
8455000,16910.00000252752,-206072.34732700512,302.7099452473247,162
8460000,16920.000002529556,-205719.1166009542,303.5886110894996,162
8465000,16930.000002531593,-206746.2085050022,298.8736220148682,162
8470000,16940.00000253363,-205686.05774586613,303.85864651947816,162
8475000,16950.000002535668,-206939.35656341643,298.28283990901065,162
8480000,16960.000002537705,-207198.17179539765,302.8670737693017,162
8485000,16970.000002539742,-206457.7921831751,299.65374531816497,162
8490000,16980.00000254178,-205809.33905616123,303.12061168283066,162
8495000,16990.000002543817,-206523.1275449841,302.343376178575,162
8500000,17000.000002545854,-206367.031329926,299.5156641091658,162
8505000,17010.00000254789,-206203.6032605673,296.41848787676713,162
8510000,17020.00000254993,-206684.7132795531,301.91877981849393,162
8515000,17030.000002551966,-205880.95031201385,297.7464309317455,162
8520000,17040.000002554003,-206074.81036193657,301.6549039705854,162
8525000,17050.00000255604,-206801.69253315334,304.92965637364847,162
8530000,17060.000002558078,-206750.52240861126,296.0078687907702,162
8535000,17070.000002560115,-206248.0698392425,302.2264009371368,162
8540000,17080.000002562152,-206813.74044978898,298.29233826809565,162
8545000,17090.00000256419,-206246.3366998915,308.11339387816264,162
8550000,17100.000002566227,-205946.03470391943,299.28322186594954,162
8555000,17110.000002568264,-206919.9551637877,301.16404310011944,162
8560000,17120.0000025703,-205713.70565402613,296.1033500105648,162
8565000,17130.00000257234,-206384.34502791008,303.1437196869054,162
8570000,17140.000002574376,-207008.12196510436,298.9906041278137,162
8575000,17150.000002576413,-205895.99731184042,299.3585644171434,162
8580000,17160.00000257845,-206965.5830992452,300.1981858574374,162
8585000,17170.000002580487,-207141.27969660924,301.84432179912255,162
8590000,17180.000002582525,-206466.65221991343,299.0083876638581,162
8595000,17190.000002584562,-206686.71483792004,301.61834070224194,162
8600000,17200.0000025866,-206381.4843794905,301.50038898610444,162
8605000,17210.000002588637,-206087.3310342267,299.23016678213634,162
8610000,17220.000002590674,-206114.24229887186,297.4288889006232,162
8615000,17230.00000259271,-206676.231967528,306.7484036849486,162
8620000,17240.00000259475,-205300.03012769972,298.2839074039084,162
8625000,17250.000002596786,-206661.70431664144,297.0617056615671,161
8630000,17260.000002598823,-207323.0651879158,299.69954780837253,161
8635000,17270.00000260086,-206395.2670853997,299.12960140967505,161
8640000,17280.000002602897,-205443.8447076471,296.3758051773365,161
8645000,17290.000002604935,-206218.19840475882,299.2008082364303,161
8650000,17300.000002606972,-206727.24129105953,301.7229894790977,161
8655000,17310.00000260901,-205484.73909296852,296.2792682617016,161
8660000,17320.000002611047,-207225.94746103056,295.4599561799724,161
8665000,17330.000002613084,-206404.02628108975,299.9492469265994,161
8670000,17340.00000261512,-205885.93328362273,296.0822099463943,161
8675000,17350.00000261716,-207118.98637867777,298.5280411133803,161
8680000,17360.000002619196,-206989.30553266,298.83288224676915,161
8685000,17370.000002621233,-206589.28675180895,301.602223510107,161
8690000,17380.00000262327,-206850.65948654246,298.95346241411494,161
8695000,17390.000002625307,-205833.97585556738,299.8417895149806,161
8700000,17400.000002627345,-205950.29154849914,300.4845992217102,161
8705000,17410.000002629382,-206669.9730695287,302.79690134754367,161
8710000,17420.00000263142,-206347.9888003004,299.7534830696878,161
8715000,17430.000002633456,-206987.87630639318,294.28436270241684,161
8720000,17440.000002635494,-207301.15768886602,301.6249158507032,161
8725000,17450.00000263753,-205971.68095200218,302.12817711767116,161
8730000,17460.00000263957,-206414.23480625113,298.57455574002796,161
8735000,17470.000002641606,-206577.58762360783,305.8081341275135,161
8740000,17480.000002643643,-206000.56736056914,295.6549394910324,161
8745000,17490.00000264568,-206144.5874056653,301.51375119485095,161
8750000,17500.000002647717,-206742.08919669373,299.8223025167068,161
8755000,17510.000002649755,-206146.41610159457,299.1210039682196,161
8760000,17520.000002651792,-206167.31434826343,300.42884265812836,161
8765000,17530.00000265383,-206110.1497067113,296.38176924487124,161
8770000,17540.000002655866,-206390.11625708372,301.3133852957681,161
8775000,17550.000002657904,-206818.98611362814,305.0046401669153,161
8780000,17560.00000265994,-206080.9179245166,299.75479479637653,161
8785000,17570.00000266198,-206508.14745502314,296.3827894894891,161
8790000,17580.000002664015,-206095.6861902082,305.6238583162772,161
8795000,17590.000002666053,-206699.55516427825,301.6963818435041,161
8800000,17600.00000266809,-206192.3436583993,303.5422827909407,161
8805000,17610.000002670127,-206772.3865299439,305.5083455520655,161
8810000,17620.000002672165,-205453.49796529417,302.90422215196526,161
8815000,17630.000002674202,-206334.1206324543,299.12729480697413,161
8820000,17640.00000267624,-206586.3281285884,300.718019544473,161
8825000,17650.000002678276,-205810.58459533833,304.37508599162646,161
8830000,17660.000002680314,-206816.49990218715,297.7155138047825,161
8835000,17670.00000268235,-206001.45535617042,301.27124941228516,161
8840000,17680.000002684388,-205662.42093347257,305.54048384614,161
8845000,17690.000002686425,-206696.55753041944,301.55832070816837,161
8850000,17700.000002688463,-206218.9070971621,296.98638215199793,161
8855000,17710.0000026905,-205972.70955898415,296.4200115009075,161
8860000,17720.000002692537,-206126.85484225478,296.3275556068007,161
8865000,17730.000002694575,-206712.3527989945,302.88716185138105,161
8870000,17740.00000269661,-205551.04595774133,301.33979946443196,161
8875000,17750.00000269865,-206935.19974956824,302.5331300741065,161
8880000,17760.000002700686,-206864.98827739642,301.48667333191185,161
8885000,17770.000002702724,-205925.56843789248,303.4552758320649,161
8890000,17780.00000270476,-206170.63567168603,301.12210043976324,161
8895000,17790.000002706798,-205939.02589897125,300.9441077244166,161
8900000,17800.000002708835,-205867.9001758194,297.2506706462453,161
8905000,17810.000002710873,-206651.69315439486,294.727567524826,161
8910000,17820.00000271291,-206101.98593651666,296.3589710042195,161
8915000,17830.000002714947,-206547.39498463133,297.67232952413923,161
8920000,17840.000002716984,-206097.14825503563,300.883256133959,161
8925000,17850.00000271902,-206420.97546210582,298.6772659770984,161
8930000,17860.00000272106,-206018.8292515421,301.56035223491807,161
8935000,17870.000002723096,-206341.35526179743,298.3483425450206,161
8940000,17880.000002725134,-207223.7040471778,299.03426379582595,161
8945000,17890.00000272717,-206956.83434410277,298.04282518734897,161
8950000,17900.000002729208,-206176.71689592896,297.7964107192262,161
8955000,17910.000002731245,-206510.6130604461,296.7091231642572,161
8960000,17920.000002733283,-206281.86493306968,298.28515499881865,161
8965000,17930.00000273532,-206518.9211127417,299.45465551826953,161
8970000,17940.000002737357,-206151.17393850954,297.7096667958292,161
8975000,17950.000002739394,-206130.03524934198,300.63272621475306,161
8980000,17960.00000274143,-206145.13447563315,300.231619497919,161
8985000,17970.00000274347,-206400.6184088299,293.88680341123086,161
8990000,17980.000002745506,-206934.26255413645,303.0652670227057,161
8995000,17990.000002747543,-206896.05819982442,300.31596360349727,161
9000000,18000.00000274958,-206274.57911542652,295.85608139476096,161
9005000,18010.000002751618,-206865.26190237852,302.45141408317517,160
9010000,18020.000002753655,-207036.51335283183,300.3621673295643,160
9015000,18030.000002755693,-207484.395696352,292.31290199452775,160
9020000,18040.00000275773,-206805.83623256208,302.9575746317293,160
9025000,18050.000002759767,-206442.5082201542,299.4347222117925,160
9030000,18060.000002761804,-206163.1410575232,298.44745227968775,160
9035000,18070.00000276384,-206478.95544986648,299.74375505410865,160
9040000,18080.00000276588,-206230.28555906366,296.6852698374404,160
9045000,18090.000002767916,-206184.73021702108,299.3552569284409,160
9050000,18100.000002769953,-206190.66682515235,299.463790582102,160
9055000,18110.00000277199,-206375.41540467553,303.60659754405003,160
9060000,18120.000002774028,-206108.9502608236,298.42604680786377,160
9065000,18130.000002776065,-206523.19895892183,301.83102383775844,160
9070000,18140.000002778102,-206489.9338236251,297.7752015986654,160
9075000,18150.00000278014,-205687.86393540562,300.61601894526467,160
9080000,18160.000002782177,-206267.01046476315,302.6558593839267,160
9085000,18170.000002784214,-206485.92736144667,299.74423084120883,160
9090000,18180.00000278625,-206826.35090477334,299.9257698876386,160
9095000,18190.00000278829,-206413.36566253973,301.9395788235359,160
9100000,18200.000002790326,-206308.17141402198,296.9287170657241,160
9105000,18210.000002792363,-206205.04205489426,300.18294681203156,160
9110000,18220.0000027944,-206634.16539581819,304.4498347302518,160
9115000,18230.000002796438,-206321.69597164262,306.97575719657164,160
9120000,18240.000002798475,-205986.71894844493,299.3346941732017,160
9125000,18250.000002800512,-206456.55005014746,300.67140879987414,160
9130000,18260.00000280255,-206762.81275732897,300.80141001307317,160
9135000,18270.000002804587,-206404.40120072186,300.74163687008195,160
9140000,18280.000002806624,-207118.42994589382,301.47565745562423,160
9145000,18290.00000280866,-205968.34091901383,303.8948384142717,160
9150000,18300.0000028107,-206749.34987166966,302.75833249778515,160
9155000,18310.000002812736,-206406.13840582897,298.59244359127695,160
9160000,18320.000002814773,-205948.88817370858,300.39813677318705,160
9165000,18330.00000281681,-206586.2000767365,297.8561064588094,160
9170000,18340.000002818848,-205514.98945674777,304.4200854703839,160
9175000,18350.000002820885,-207096.26627630007,301.32619638996607,160
9180000,18360.000002822922,-206288.33205978188,298.3986701865982,160
9185000,18370.00000282496,-206738.22921963816,302.31269461084753,160
9190000,18380.000002826997,-206380.16346614435,299.6817606616975,160
9195000,18390.000002829034,-206466.71026074537,305.09082479867783,160
9200000,18400.00000283107,-206202.9627367406,299.9260970284057,160
9205000,18410.00000283311,-206694.05962789082,306.18149830300734,160
9210000,18420.000002835146,-206284.77272728493,302.86011421991407,160
9215000,18430.000002837183,-205948.50987019518,300.24572753555,160
9220000,18440.00000283922,-206399.5780990431,303.416556449712,160
9225000,18450.000002841258,-206680.58003082813,300.67840326160035,160
9230000,18460.000002843295,-205794.11653798423,305.85525012176686,160
9235000,18470.000002845332,-206208.94288159837,300.5553505798657,160
9240000,18480.00000284737,-206144.16739796032,300.33751211463283,160
9245000,18490.000002849407,-206379.3633753748,298.2973424546974,160
9250000,18500.000002851444,-206052.17688124906,304.3664712484157,160
9255000,18510.00000285348,-206776.63388661423,297.3432707274826,160
9260000,18520.00000285552,-206218.41790018824,296.3670109866059,160
9265000,18530.000002857556,-206778.0576985781,296.7241469296118,160
9270000,18540.000002859593,-206468.5615224418,300.94070210613717,160
9275000,18550.00000286163,-206112.73993548774,300.1074606411182,160
9280000,18560.000002863668,-206374.740226052,304.4356621261776,160
9285000,18570.000002865705,-206404.96662715217,299.2297461640207,160
9290000,18580.000002867742,-206554.85049988027,302.12111665212655,160
9295000,18590.00000286978,-206279.52709272702,298.8505059194767,160
9300000,18600.000002871817,-206487.72981946706,302.35599832861607,160
9305000,18610.000002873854,-205983.38512034575,299.69957702214765,160
9310000,18620.00000287589,-206551.94566753984,295.92894375019915,160
9315000,18630.00000287793,-206229.19281092077,303.94223515754237,160
9320000,18640.000002879966,-206258.8630102087,297.4690519985563,160
9325000,18650.000002882003,-206238.6753826387,298.19313337522317,160
9330000,18660.00000288404,-206304.48725236568,301.9791004120745,160
9335000,18670.000002886078,-206330.9340032154,300.87825472775825,160
9340000,18680.000002888115,-206169.6327874147,297.4462226575398,160
9345000,18690.000002890152,-207045.09293556563,296.31790136354533,160
9350000,18700.00000289219,-206541.7834987318,302.4597742659185,160
9355000,18710.000002894227,-206305.43510554708,299.4214283024291,160
9360000,18720.000002896264,-206144.62138898263,298.6310764197652,160
9365000,18730.0000028983,-206748.83305187174,299.37091543034103,160
9370000,18740.00000290034,-205555.9452068659,300.892634152692,160
9375000,18750.000002902376,-207149.6878991475,303.3419638764133,160
9380000,18760.000002904413,-205967.57261960104,298.3552996114353,160
9385000,18770.00000290645,-205897.11627651472,301.36317147717284,160
9390000,18780.000002908488,-206870.14549868845,305.29312517856226,160
9395000,18790.000002910525,-206885.99737756362,301.6088279737947,160
9400000,18800.000002912562,-206453.21708524413,297.9362366883235,160
9405000,18810.0000029146,-206246.15506142715,297.150410380328,160
9410000,18820.000002916637,-206447.78521797736,304.5853093928283,160
9415000,18830.000002918674,-206549.24941685365,298.42549468194346,160
9420000,18840.00000292071,-206196.6945724527,299.5768404969879,160
9425000,18850.00000292275,-206367.7005785578,303.8366701588156,160
9430000,18860.000002924786,-206303.77002590022,300.0354683204202,159
9435000,18870.000002926823,-206519.49635813164,300.28952542230786,159
9440000,18880.00000292886,-206113.5736600306,304.3110972522956,159
9445000,18890.000002930898,-207743.73623867647,301.871595021028,159
9450000,18900.000002932935,-206748.02984313492,298.8893503946939,159
9455000,18910.000002934972,-206350.81271682342,299.9856798684134,159
9460000,18920.00000293701,-205798.44872437988,301.0941224043864,159
9465000,18930.000002939047,-207174.26718331082,302.99063912309384,159
9470000,18940.000002941084,-206513.9757511057,299.4669723599089,159
9475000,18950.00000294312,-206658.04644636041,305.45146261033244,159
9480000,18960.00000294516,-205642.13274932385,303.81976155966254,159
9485000,18970.000002947196,-206624.69280435168,298.15449521917884,159
9490000,18980.000002949233,-206595.66722606786,298.4778914002668,159
9495000,18990.00000295127,-206779.55225309113,300.5103688979178,159
9500000,19000.000002953308,-206555.8052750416,298.192430685493,159
9505000,19010.000002955345,-206693.38597354293,298.25585189565993,159
9510000,19020.000002957382,-206224.13120429206,299.55196595839834,159
9515000,19030.00000295942,-206540.69468688976,301.7739367960001,159
9520000,19040.000002961457,-206138.68226216477,297.1936352041388,159
9525000,19050.000002963494,-205967.3467682273,300.6902378523159,159
9530000,19060.00000296553,-205272.4409826037,298.6676878106599,159
9535000,19070.00000296757,-206779.80704907805,298.6952990962358,159
9540000,19080.000002969606,-206867.82194128982,298.38805033654427,159
9545000,19090.000002971643,-206454.8869169905,297.08785147942376,159
9550000,19100.00000297368,-205776.08884588163,301.72377825022227,159
9555000,19110.000002975718,-206862.37141861604,300.5339867629354,159
9560000,19120.000002977755,-205616.08067099145,300.3736827813664,159
9565000,19130.000002979792,-206227.5347820241,299.90372413725356,159
9570000,19140.00000298183,-205772.10895817366,296.9507758453612,159
9575000,19150.000002983867,-206811.97846974386,296.7221851770572,159
9580000,19160.000002985904,-206562.57173181896,295.33133738917513,159
9585000,19170.00000298794,-206668.84749493678,295.8125126176296,159
9590000,19180.00000298998,-206605.562320224,299.6028767469015,159
9595000,19190.000002992016,-207075.21457404993,302.3023175581186,159
9600000,19200.000002994053,-206230.9155122143,301.7077123271613,159
9605000,19210.00000299609,-206268.48397678416,303.87879848407636,159
9610000,19220.000002998127,-206788.04602897936,299.0254269601563,159
9615000,19230.000003000165,-206006.92367317458,307.5527026100407,159
9620000,19240.000003002202,-206724.54073226172,301.60994144861445,159
9625000,19250.00000300424,-206532.16753188276,303.2054509110492,159
9630000,19260.000003006277,-206302.7020748912,299.6354480948445,159
9635000,19270.000003008314,-207243.11954964546,298.43324330928544,159
9640000,19280.00000301035,-207571.57804217958,300.50267310905826,159
9645000,19290.00000301239,-206519.46333824645,297.01312178036005,159
9650000,19300.000003014426,-206272.1369903303,303.7361998488423,159
9655000,19310.000003016463,-206414.6915370219,298.38208840736155,159
9660000,19320.0000030185,-206313.7531514886,296.10563224601384,159
9665000,19330.000003020537,-206186.73950539902,299.01876524434243,159
9670000,19340.000003022575,-206975.64986914757,300.038754855536,159
9675000,19350.000003024612,-206670.4214507537,303.82281698621824,159
9680000,19360.00000302665,-206013.58210071165,295.759612722277,159
9685000,19370.000003028686,-206585.54446282436,298.2791285686667,159
9690000,19380.000003030724,-206438.2669898785,299.73999506479873,159
9695000,19390.00000303276,-206655.32214259089,304.2476115034081,159
9700000,19400.0000030348,-206838.87349342369,295.21560343975665,159
9705000,19410.000003036836,-205812.253727213,301.3003236832829,159
9710000,19420.000003038873,-206632.69724479935,303.81726465157107,159
9715000,19430.00000304091,-206906.92491387634,299.6347884278759,159
9720000,19440.000003042947,-206319.93812784366,294.3904450614714,159
9725000,19450.000003044985,-206828.9952799708,302.64611351873424,159
9730000,19460.000003047022,-206317.1262662193,297.8734126449036,159
9735000,19470.00000304906,-206517.52010028472,302.29393882530763,159
9740000,19480.000003051096,-206091.57523344236,302.6891739901376,159
9745000,19490.000003053134,-206464.65630319505,299.24325601975136,159
9750000,19500.00000305517,-206062.28258091828,299.8682577057211,159
9755000,19510.00000305721,-206177.55584806437,301.1550484187675,159
9760000,19520.000003059246,-206995.24453346513,295.13705118944034,159
9765000,19530.000003061283,-206782.88155636145,298.72863540787546,159
9770000,19540.00000306332,-206366.55109240592,293.6495111734939,159
9775000,19550.000003065357,-206383.12620616495,299.0894218946584,159
9780000,19560.000003067395,-206342.19435480528,297.554871446636,159
9785000,19570.000003069432,-206359.27552799613,302.0584336052893,159
9790000,19580.00000307147,-206906.17815039924,303.42486972422,159
9795000,19590.000003073506,-205886.50326981093,298.7490533502744,159
9800000,19600.000003075544,-206526.98805865424,294.9949791822834,159
9805000,19610.00000307758,-206140.29547681892,303.44791734582924,159
9810000,19620.00000307962,-206023.01392495574,303.7950704296124,159
9815000,19630.000003081655,-206338.4330807157,299.3521012812815,159
9820000,19640.000003083693,-206056.82058447658,299.75732145662147,159
9825000,19650.00000308573,-206294.5290609548,305.54241572585494,159
9830000,19660.000003087767,-206565.65224820294,301.5686774564704,159
9835000,19670.000003089805,-206953.9085805331,302.0210988487413,159
9840000,19680.00000309184,-206295.71346663812,296.05619943468594,159
9845000,19690.00000309388,-205744.9782942707,297.727037728662,159
9850000,19700.000003095916,-206486.859768281,303.12458560741504,159
9855000,19710.000003097954,-206065.89876310155,299.80543302464554,159
9860000,19720.00000309999,-205632.1383717584,303.4039390382568,159
9865000,19730.000003102028,-207014.72706727637,300.29285112898657,159
9870000,19740.000003104065,-206083.0899524797,300.81919562782946,159
9875000,19750.000003106103,-206485.41963726538,297.88536178658205,159
9880000,19760.00000310814,-206219.84373416007,298.7500866768865,159
9885000,19770.000003110177,-205690.69580984802,304.9255777096265,159
9890000,19780.000003112214,-206716.82977669465,298.54901548935317,159
9895000,19790.00000311425,-206670.99710744817,301.62894724257916,159
9900000,19800.00000311629,-206392.11979019118,301.5600213617833,158
9905000,19810.000003118326,-206119.72140405024,296.57071180129316,158
9910000,19820.000003120364,-205352.5722265168,298.176752856604,158
9915000,19830.0000031224,-206207.21216864127,300.9512793091416,158
9920000,19840.000003124438,-205570.9059506004,298.3873265008159,158
9925000,19850.000003126475,-206219.099500363,296.80223868931097,158
9930000,19860.000003128513,-206981.70688680292,301.5509771092073,158
9935000,19870.00000313055,-205862.59952702431,301.72992738739526,158
9940000,19880.000003132587,-205296.86634012987,301.90037501635805,158
9945000,19890.000003134624,-205841.03826037736,297.4197076285549,158
9950000,19900.00000313666,-207106.70148279343,301.0958121715516,158
9955000,19910.0000031387,-206672.1850401915,294.6169538803059,158
9960000,19920.000003140736,-207342.6102369905,295.45210130995287,158
9965000,19930.000003142773,-205823.29292566306,300.9530527772559,158
9970000,19940.00000314481,-206392.6356340258,305.77244962451186,158
9975000,19950.000003146848,-207339.06505439908,302.7015450694397,158
9980000,19960.000003148885,-206181.93854644906,300.1605308131638,158
9985000,19970.000003150923,-206124.43649073073,298.5629568487754,158
9990000,19980.00000315296,-206670.64979623363,303.78111828503114,158
9995000,19990.000003154997,-206941.4409535249,300.61113120573435,158
10000000,20000.000003157034,-206193.57206321298,303.5374556710042,158
10005000,20010.00000315907,-206709.22963756032,296.2856719172529,158
10010000,20020.00000316111,-206679.17004315916,302.0279209537563,158
10015000,20030.000003163146,-206393.6828773173,299.426332352227,158
10020000,20040.000003165183,-206771.68408134417,301.1266852318484,158
10025000,20050.00000316722,-206525.88757653837,297.4481087042185,158
10030000,20060.000003169258,-206604.55856538448,299.7529356346902,158
10035000,20070.000003171295,-207002.15137278836,299.87411416153975,158
10040000,20080.000003173333,-206634.9424170322,298.39117865327455,158
10045000,20090.00000317537,-206905.22143239144,297.8192411067275,158
10050000,20100.000003177407,-207127.90422346536,299.16918309355077,158
10055000,20110.000003179444,-206681.39847250353,301.61101383558895,158
10060000,20120.00000318148,-206411.36013513163,305.183597850857,158
10065000,20130.00000318352,-206730.55244650051,297.6205112908391,158
10070000,20140.000003185556,-206562.89421170542,301.162309197014,158
10075000,20150.000003187593,-206137.4427854193,295.4521423927361,158
10080000,20160.00000318963,-205265.99526166427,301.9761113292541,158
10085000,20170.000003191668,-206717.07201486512,300.7967515241181,158
10090000,20180.000003193705,-206764.35371916648,301.47236150821,158
10095000,20190.000003195742,-206512.96228744125,303.47321255637723,158
10100000,20200.00000319778,-206478.86597752268,302.617921304523,158
10105000,20210.000003199817,-206752.54467955919,301.5508756820177,158
10110000,20220.000003201854,-205658.98836670443,303.0229485668768,158
10115000,20230.00000320389,-206634.82581668813,299.77339951305487,158
10120000,20240.00000320593,-206370.13436771708,298.2729393632215,158
10125000,20250.000003207966,-206532.7663932154,301.26630737770415,158
10130000,20260.000003210003,-207208.213629985,303.1888836957635,158
10135000,20270.00000321204,-206144.68786347646,301.7557229816374,158
10140000,20280.000003214078,-206367.09456235787,301.6032438079022,158
10145000,20290.000003216115,-206059.20632444485,294.7548295859497,158
10150000,20300.000003218152,-206430.02295872243,300.6900244718288,158
10155000,20310.00000322019,-206643.8260619213,303.38877575186063,158
10160000,20320.000003222227,-206791.8617010254,304.0716368407471,158
10165000,20330.000003224264,-206673.1789271097,303.8231641868226,158
10170000,20340.0000032263,-206523.7762756697,297.3457046485382,158
10175000,20350.00000322834,-205907.1941132025,299.932177911943,158
10180000,20360.000003230376,-206069.85792671563,298.52315947128966,158
10185000,20370.000003232413,-205701.35545933887,299.57918871899597,158
10190000,20380.00000323445,-206493.0607228371,298.9920958839798,158
10195000,20390.000003236488,-206382.1024193198,303.1745872795818,158
10200000,20400.000003238525,-205523.1068697524,299.1904578513455,158
10205000,20410.000003240562,-206857.98196144984,301.66027151612377,158
10210000,20420.0000032426,-206671.0047990823,306.2836394133149,158
10215000,20430.000003244637,-205500.0994248368,296.9842335227845,158
10220000,20440.000003246674,-205927.10046801448,304.1567959120035,158
10225000,20450.00000324871,-206907.10812278907,304.29153368263076,158
10230000,20460.00000325075,-205806.78067026974,299.4871567926917,158
10235000,20470.000003252786,-206370.307881878,303.30435063196524,158
10240000,20480.000003254823,-206295.11566562916,302.4790033649777,158
10245000,20490.00000325686,-206121.5227444606,297.1334193460224,158
10250000,20500.000003258898,-206359.32738579565,300.6015848113088,158
10255000,20510.000003260935,-205761.75034223613,301.1751156115476,158
10260000,20520.000003262972,-206586.26041927363,293.0523638985558,158
10265000,20530.00000326501,-206944.74847738538,301.7787647508749,158
10270000,20540.000003267047,-205742.78483866423,300.4279103771909,158
10275000,20550.000003269084,-206546.91524840973,299.55930116075353,158
10280000,20560.00000327112,-206439.7203778756,298.73888379921596,158
10285000,20570.00000327316,-207006.72831701685,301.5052870460084,158
10290000,20580.000003275196,-206717.78661483037,299.6030982808967,158
10295000,20590.000003277233,-206140.13717058313,303.5916724122091,158
10300000,20600.00000327927,-206956.4159676818,300.59176550810065,158
10305000,20610.000003281308,-206385.2994943147,300.0664897913933,158
10310000,20620.000003283345,-206098.52682103706,299.71599193311425,158
10315000,20630.000003285382,-206756.6926034618,301.87075755722117,158
10320000,20640.00000328742,-206427.44145431928,301.8731394236262,158
10325000,20650.000003289457,-205903.52206037415,300.60813035479504,158
10330000,20660.000003291494,-206607.0224870284,295.7944657237976,158
10335000,20670.00000329353,-205952.08929714852,300.11456245369186,158
10340000,20680.00000329557,-206064.33685330057,299.2370658061792,158
10345000,20690.000003297606,-205633.2831421937,299.28537244124493,158
10350000,20700.000003299643,-205897.66649399383,296.42655047500557,158
10355000,20710.00000330168,-206347.0505963259,300.1794847318887,158
10360000,20720.000003303718,-205703.981150024,303.7253739599497,158
10365000,20730.000003305755,-206035.35451289185,294.37219970623784,158
10370000,20740.000003307792,-206015.11738373607,299.5528003791653,158
10375000,20750.00000330983,-206618.2477634753,303.6726757943883,158
10380000,20760.000003311867,-206839.5892296756,300.78657407986714,158
10385000,20770.000003313904,-207211.37143329903,300.6648989227406,158
10390000,20780.00000331594,-206306.96159969643,298.72272006300597,158
10395000,20790.00000331798,-206623.67380880867,303.14884739132077,158
10400000,20800.000003320016,-206648.84121146833,298.71044481116047,158
10405000,20810.000003322053,-206604.05924786755,304.7893020277082,158
10410000,20820.00000332409,-206126.8219617206,297.9754290662001,158
10415000,20830.000003326128,-206242.6300442051,300.37956344238813,158
10420000,20840.000003328165,-207173.3318234122,297.72992243020724,158
10425000,20850.000003330202,-207298.2976710454,302.5847401495275,158
10430000,20860.00000333224,-206638.98897100566,300.6531239209494,158
10435000,20870.000003334277,-206966.89615427365,304.82422119763436,158
10440000,20880.000003336314,-206508.2490022618,301.1393340384827,158
10445000,20890.00000333835,-207062.15526695235,300.8227924148233,158
10450000,20900.00000334039,-206097.50105692667,300.6079506943099,157
10455000,20910.000003342426,-206224.09734105237,302.7434589516941,157
10460000,20920.000003344463,-205653.0808340453,299.05760229011696,157
10465000,20930.0000033465,-205780.6571427734,302.7616409256657,157
10470000,20940.000003348538,-206944.0498923204,302.1866123961411,157
10475000,20950.000003350575,-206326.90882965014,296.03685151367245,157
10480000,20960.000003352612,-206580.26285593107,303.1259602218201,157
10485000,20970.00000335465,-206201.02452584275,295.71155892182435,157
10490000,20980.000003356687,-207414.26357796905,298.6841626180186,157
10495000,20990.000003358724,-206588.56102996191,304.3353897524596,157
10500000,21000.00000336076,-205711.17867134884,305.10926036903663,157
10505000,21010.0000033628,-205999.9928370394,298.7221763342838,157
10510000,21020.000003364836,-206215.55160374078,299.2086566867599,157
10515000,21030.000003366873,-206223.17165219248,299.411298223176,157
10520000,21040.00000336891,-206367.1667062014,299.86626275013157,157
10525000,21050.000003370948,-205952.8470145273,299.2967748943625,157
10530000,21060.000003372985,-206578.23250731966,301.8240880922868,157
10535000,21070.000003375022,-206340.93104893458,301.10147429583225,157
10540000,21080.00000337706,-205702.5126426051,296.97565498400775,157
10545000,21090.000003379097,-205946.84720425494,295.5177821680635,157
10550000,21100.000003381134,-206535.8219919029,301.71759073290985,157
10555000,21110.00000338317,-205480.59955621185,298.61311012547156,157
10560000,21120.00000338521,-206246.44180747564,303.53282050462525,157
10565000,21130.000003387246,-206278.78776728327,301.14062317707055,157
10570000,21140.000003389283,-206675.31798318296,302.44275686263705,157
10575000,21150.00000339132,-207384.85559402336,297.2477801752434,157
10580000,21160.000003393357,-206663.18889101222,300.5888848404607,157
10585000,21170.000003395395,-205654.19186563184,301.5880489709775,157
10590000,21180.000003397432,-207152.57364741468,299.2231175503798,157
10595000,21190.00000339947,-206216.77444155025,297.5177275930447,157
10600000,21200.000003401507,-206741.59764225152,302.7192917374029,157
10605000,21210.000003403544,-205896.673718162,300.8579601715805,157
10610000,21220.00000340558,-206398.00134671945,304.07254624748003,157
10615000,21230.00000340762,-207045.83485670644,298.8303360675147,157
10620000,21240.000003409656,-206442.7487790879,302.0218932149345,157
10625000,21250.000003411693,-206780.47706871165,299.989308698207,157
10630000,21260.00000341373,-205385.93089313677,302.92305791968244,157
10635000,21270.000003415767,-206446.4004678256,302.8966173754242,157
10640000,21280.000003417805,-206498.65196840477,300.1554081109428,157
10645000,21290.000003419842,-206414.2725021568,300.8541531795213,157
10650000,21300.00000342188,-206031.0886138064,298.9564781202523,157
10655000,21310.000003423916,-206056.51361103693,298.27579894341454,157
10660000,21320.000003425954,-206769.69974266272,296.2011706432966,157
10665000,21330.00000342799,-206411.44527411368,303.39928672048296,157
10670000,21340.00000343003,-206500.5735997531,294.27570747764975,157
10675000,21350.000003432066,-205834.1078605781,301.1357762764479,157
10680000,21360.000003434103,-207196.8416859348,299.00157047537056,157
10685000,21370.00000343614,-206148.28798664885,299.3103677724253,157
10690000,21380.000003438177,-205393.27713049238,300.1782318261084,157
10695000,21390.000003440215,-205811.43776533252,301.26104352289707,157
10700000,21400.000003442252,-206452.90642671462,299.57412731155296,157
10705000,21410.00000344429,-206498.01764429046,300.01196095372177,157
10710000,21420.000003446326,-206312.90078628983,300.1126044791128,157
10715000,21430.000003448364,-206685.25444975274,302.98975792766214,157
10720000,21440.0000034504,-206293.34011858678,299.4290317244753,157
10725000,21450.00000345244,-206804.10239803127,297.8533389816,157
10730000,21460.000003454476,-206689.0778012426,301.89141224325243,157
10735000,21470.000003456513,-205912.98378638213,297.9996833714532,157
10740000,21480.00000345855,-206001.0706278556,302.51543703107103,157
10745000,21490.000003460587,-206410.97720533516,299.90280800841964,157
10750000,21500.000003462625,-206820.74167145265,301.70952344189703,157
10755000,21510.000003464662,-206541.48226381722,297.5952808929075,157
10760000,21520.0000034667,-206225.23083621997,300.35543821011265,157
10765000,21530.000003468736,-206702.05624869745,301.2989931454608,157
10770000,21540.000003470774,-205712.25769180886,301.14829418524107,157
10775000,21550.00000347281,-205668.37634043198,301.4548145552749,157
10780000,21560.00000347485,-206560.85320879077,306.10229367343095,157
10785000,21570.000003476885,-206064.84854972514,299.6560335198992,157
10790000,21580.000003478923,-206617.54757732223,299.7190740046472,157
10795000,21590.00000348096,-206502.10981695098,301.83271777007303,157
10800000,21600.000003482997,-206772.1201388362,296.078946774863,157
10805000,21610.000003485035,-206365.83124458313,297.269087273666,157
10810000,21620.00000348707,-206035.6823875385,299.0917325221682,157
10815000,21630.00000348911,-206307.33920440509,304.1900489954521,157
10820000,21640.000003491146,-206280.97310645168,297.7415950446909,157
10825000,21650.000003493184,-206678.98478592385,293.74552875866357,157
10830000,21660.00000349522,-206395.9417371297,301.89910037262183,157
10835000,21670.000003497258,-206449.07834040804,302.1878814553772,157
10840000,21680.000003499295,-206377.24340164312,303.4142875529415,157
10845000,21690.000003501333,-206645.99413244624,299.1203316137795,157
10850000,21700.00000350337,-206654.3724875435,301.92831977021035,157
10855000,21710.000003505407,-206515.87412541918,299.18054410568465,157
10860000,21720.000003507444,-206294.50099259336,299.98025046704834,157
10865000,21730.00000350948,-206137.45073078654,299.3810098437739,157
10870000,21740.00000351152,-206103.3989470821,306.90436559799866,157
10875000,21750.000003513556,-205969.5595033638,299.7689959840802,157
10880000,21760.000003515594,-206097.15573277022,300.1267519592461,157
10885000,21770.00000351763,-206032.58839755913,305.6912227330206,157
10890000,21780.000003519668,-206167.91693613934,301.6735087191521,157
10895000,21790.000003521705,-206305.16982487484,305.5829753976569,157
10900000,21800.000003523743,-206225.37340863713,297.7435826414106,157
10905000,21810.00000352578,-205961.93246938975,301.35427603137276,157
10910000,21820.000003527817,-206191.6507634468,296.27431757485215,157
10915000,21830.000003529854,-206873.84000293177,303.06037708770816,157
10920000,21840.00000353189,-206226.76244774822,298.6634940226022,157
10925000,21850.00000353393,-206359.055559605,300.23183523659674,157
10930000,21860.000003535966,-206079.17777910503,297.423083498731,157
10935000,21870.000003538004,-206702.65074175154,300.9769261896248,157
10940000,21880.00000354004,-205918.57366203808,296.71900109294774,157
10945000,21890.000003542078,-206486.2166107446,302.220473090686,157
10950000,21900.000003544115,-206179.70122128027,298.973545966091,157
10955000,21910.000003546153,-206628.4144805282,296.02408072161097,157
10960000,21920.00000354819,-207198.5528478874,295.64198303486523,157
10965000,21930.000003550227,-206467.01511257642,299.1572537316289,157
10970000,21940.000003552264,-206093.59581471793,297.54487706927927,157
10975000,21950.0000035543,-206653.84742516407,301.01253157153224,157
10980000,21960.00000355634,-206488.81851314788,302.5465185048841,157
10985000,21970.000003558376,-206811.9236518233,304.5887328911404,157
10990000,21980.000003560413,-206184.66989850707,299.5435174024183,157
10995000,21990.00000356245,-205683.04124526237,297.0514754860502,157
11000000,22000.000003564488,-205829.1000399202,302.07684472777004,157
11005000,22010.000003566525,-206107.0001035293,301.5108539666212,157
11010000,22020.000003568563,-206475.20702791295,298.37468225610365,157
11015000,22030.0000035706,-206840.65691694058,302.9117542048451,157
11020000,22040.000003572637,-206586.6774689576,296.24345883430755,157
11025000,22050.000003574674,-206481.48961324466,302.9265552294717,157
11030000,22060.00000357671,-206015.35441891267,299.43970605883044,157
11035000,22070.00000357875,-206674.46111471707,307.7611893057547,157
11040000,22080.000003580786,-207005.98622153047,294.0239658086596,157
11045000,22090.000003582823,-207053.11263545894,299.1116228677027,157
11050000,22100.00000358486,-206472.539043898,298.8532476976449,157
11055000,22110.000003586898,-205885.6212591423,302.22354658190824,157
11060000,22120.000003588935,-207152.12496872887,300.3064178291998,157
11065000,22130.000003590972,-206466.4397390599,300.56813234082625,157
11070000,22140.00000359301,-205868.39952159917,306.3245741719542,157
11075000,22150.000003595047,-206336.6286384056,301.61145231241204,157
11080000,22160.000003597084,-206690.63996436878,299.8595715526759,157
11085000,22170.00000359912,-206245.14715140325,301.44789378339647,157
11090000,22180.00000360116,-206499.5519724189,298.55103669469867,157
11095000,22190.000003603196,-206513.7886441775,293.2923321097104,157
11100000,22200.000003605233,-206541.6598701831,303.0562255738901,156
11105000,22210.00000360727,-206211.32001768227,302.7327156787303,156
11110000,22220.000003609308,-206502.78846937558,298.3657975833582,156
11115000,22230.000003611345,-206442.64511294768,294.88552115064056,156
11120000,22240.000003613382,-206935.94019706908,301.6185831343646,156
11125000,22250.00000361542,-206542.44455731066,296.4960890153863,156
11130000,22260.000003617457,-206446.3589174078,298.08876919524704,156
11135000,22270.000003619494,-205729.25588238228,297.46172059021194,156
11140000,22280.00000362153,-206025.66709736176,300.22363664254806,156
11145000,22290.00000362357,-205927.97378511436,298.43452434987233,156
11150000,22300.000003625606,-207092.60706222232,302.78337232158304,156
11155000,22310.000003627643,-206918.46833148983,300.5848386300275,156
11160000,22320.00000362968,-206868.1075020273,300.3391770407296,156
11165000,22330.000003631718,-205943.4241697105,302.69511504162466,156
11170000,22340.000003633755,-205498.4779733445,298.61160430224623,156
11175000,22350.000003635792,-206138.90614622238,304.6867579745979,156
11180000,22360.00000363783,-205595.03479142673,300.26459862633425,156
11185000,22370.000003639867,-207140.0978133221,298.3989321021934,156
11190000,22380.000003641904,-206797.86898361577,301.5181756759814,156
11195000,22390.00000364394,-205694.8314527768,298.15835697247365,156
11200000,22400.00000364598,-205382.47939624183,300.1587597355097,156
11205000,22410.000003648016,-205990.6246558664,298.1356151584194,156
11210000,22420.000003650053,-206474.7675434437,300.81690954122604,156
11215000,22430.00000365209,-206070.9099404494,301.95914135854156,156
11220000,22440.000003654128,-206276.42471217492,301.5522756125483,156
11225000,22450.000003656165,-206112.49791445432,304.3609736392153,156
11230000,22460.000003658202,-205587.17775185383,302.0983366780041,156
11235000,22470.00000366024,-206642.9610408115,300.36168031451245,156
11240000,22480.000003662277,-207223.55255166243,299.0545999699485,156
11245000,22490.000003664314,-206326.9776769142,301.3357372397127,156
11250000,22500.00000366635,-206106.13412636996,305.71343209183215,156
11255000,22510.00000366839,-206890.33509591885,299.8252588038705,156
11260000,22520.000003670426,-206336.09578502865,299.2591665176116,156
11265000,22530.000003672463,-206344.8678735278,305.9362759532921,156
11270000,22540.0000036745,-206942.63988472125,301.6070779483257,156
11275000,22550.000003676538,-206526.43202538008,305.27541301589645,156
11280000,22560.000003678575,-207268.68478006124,302.058558318751,156
11285000,22570.000003680612,-205837.2264064186,299.0492831284869,156
11290000,22580.00000368265,-206159.0238537856,298.5736295684413,156
11295000,22590.000003684687,-206458.77411572624,301.38103681790346,156
11300000,22600.000003686724,-205200.06427125155,300.98007482469285,156
11305000,22610.00000368876,-206561.1038050356,295.7772483029189,156
11310000,22620.0000036908,-206738.19783275877,301.9417431796983,156
11315000,22630.000003692836,-206424.731738189,296.099633036527,156
11320000,22640.000003694873,-206175.82929698005,300.2718083416062,156
11325000,22650.00000369691,-206199.90447005117,300.35050166523195,156
11330000,22660.000003698948,-206294.12714691565,300.948649917284,156
11335000,22670.000003700985,-206749.17921424587,299.98186503733854,156
11340000,22680.000003703022,-206899.09546458873,301.92284027732825,156
11345000,22690.00000370506,-206983.4708824592,298.7742354079954,156
11350000,22700.000003707097,-206416.55379430263,297.9748754002501,156
11355000,22710.000003709134,-206416.2193986451,304.6336556996455,156
11360000,22720.00000371117,-206586.56449371565,302.4320329746416,156
11365000,22730.00000371321,-206708.8881527417,300.7013616139369,156
11370000,22740.000003715246,-206574.44399631908,296.2012990246339,156
11375000,22750.000003717283,-206136.37166728533,298.00983432492603,156
11380000,22760.00000371932,-205533.0899506515,303.79095652471045,156
11385000,22770.000003721358,-206031.77589507017,300.47254109498294,156
11390000,22780.000003723395,-206497.8260517217,298.1745979920166,156
11395000,22790.000003725432,-206003.87767561444,308.8105785611467,156
11400000,22800.00000372747,-206693.03356071247,303.0416194772932,156
11405000,22810.000003729507,-206661.5590145156,305.8227968529114,156
11410000,22820.000003731544,-206272.9461786683,298.39364394818375,156
11415000,22830.00000373358,-206260.03104244173,300.91388367413253,156
11420000,22840.00000373562,-206545.85684292205,299.8659852468881,156
11425000,22850.000003737656,-206332.93117562064,302.79578341449314,156
11430000,22860.000003739693,-205953.2553697212,301.95327342211294,156
11435000,22870.00000374173,-206365.41976081033,301.7175215396371,156
11440000,22880.000003743768,-206028.46748165006,303.7391770159297,156
11445000,22890.000003745805,-205847.59991272225,297.53785533619305,156
11450000,22900.000003747842,-206512.19001338317,299.7258853351209,156
11455000,22910.00000374988,-207351.03870398097,300.5440064588881,156
11460000,22920.000003751917,-206545.18077626242,303.21232607755763,156
11465000,22930.000003753954,-206117.28831828525,297.42320183700787,156
11470000,22940.00000375599,-206680.92596004764,296.27238847984586,156
11475000,22950.00000375803,-206961.6091695826,296.5196749409892,156
11480000,22960.000003760066,-205842.74697281583,302.13540584269896,156
11485000,22970.000003762103,-205793.86265417945,297.2865529789744,156
11490000,22980.00000376414,-206098.25497932022,296.72550566247435,156
11495000,22990.000003766178,-206349.5943927326,298.32637682663517,156
11500000,23000.000003768215,-206942.15619538492,297.67347288119316,156
11505000,23010.000003770252,-206463.92608695664,305.1553597805596,156
11510000,23020.00000377229,-206451.2669533958,303.65810569584244,156
11515000,23030.000003774327,-206045.9769790863,303.79050212309875,156
11520000,23040.000003776364,-206633.4439107729,297.90309166882474,156
11525000,23050.0000037784,-206112.71886072564,297.98551860021695,156
11530000,23060.00000378044,-206333.7287141697,299.80088680283467,156
11535000,23070.000003782476,-205706.48873330164,300.65323388399486,156
11540000,23080.000003784513,-206532.60650903033,303.06159802513474,156
11545000,23090.00000378655,-206235.29399460868,301.7048516102834,156
11550000,23100.000003788587,-206400.0768668286,298.3115931948753,156
11555000,23110.000003790625,-206351.56571203575,297.9679610765888,156
11560000,23120.000003792662,-205819.7539436064,303.9521634113837,156
11565000,23130.0000037947,-206125.29843508382,297.5471910093476,156
11570000,23140.000003796737,-205416.6552286374,300.40222153108743,156
11575000,23150.000003798774,-206466.87583466852,300.8477117490956,156
11580000,23160.00000380081,-206265.13922623917,307.2573777287129,156
11585000,23170.00000380285,-206998.92152286915,301.79008008658576,156
11590000,23180.000003804886,-206211.27311704832,303.38451062226045,156
11595000,23190.000003806923,-206370.93041245488,301.1500690998372,156
11600000,23200.00000380896,-206644.96101473772,302.18497172287005,156
11605000,23210.000003810997,-207397.9698004492,293.75803936405333,156
11610000,23220.000003813035,-206180.9356064737,300.59122604970196,156
11615000,23230.000003815072,-206347.08931105153,301.4691390590744,156
11620000,23240.00000381711,-206669.8147058934,299.34075352949634,156
11625000,23250.000003819147,-205853.8355327635,303.91945623782163,156
11630000,23260.000003821184,-206832.96339927602,303.54813442163976,156
11635000,23270.00000382322,-206505.70707333507,303.88633811213856,156
11640000,23280.00000382526,-206864.52558393148,301.404676188593,156
11645000,23290.000003827296,-206133.95813470578,297.08899150564827,156
11650000,23300.000003829333,-206549.21175536944,299.7901248359191,156
11655000,23310.00000383137,-206399.60173035227,296.38949496122103,156
11660000,23320.000003833407,-206353.0011933063,299.9416954862179,156
11665000,23330.000003835445,-205639.0633163046,301.2781945806381,156
11670000,23340.000003837482,-206177.4693933964,294.2699020254231,156
11675000,23350.00000383952,-206248.06082740787,299.5227547036959,156
11680000,23360.000003841556,-206736.40389852377,298.5474635082736,156
11685000,23370.000003843594,-206389.5855975257,294.5952724065262,156
11690000,23380.00000384563,-206437.8090302389,305.82419418060215,156
11695000,23390.00000384767,-206538.61282540893,302.1476964590635,156
11700000,23400.000003849706,-206718.16044375498,294.2583559582022,156
11705000,23410.000003851743,-206691.28710250638,300.6363035958644,156
11710000,23420.00000385378,-206245.65450758243,296.5362559630031,156
11715000,23430.000003855817,-206735.18566006888,301.07293661026955,156
11720000,23440.000003857855,-206558.00662100175,300.634996648097,156
11725000,23450.000003859892,-206812.12515602796,301.39202585322386,156
11730000,23460.00000386193,-206304.5379050104,299.45854331952495,156
11735000,23470.000003863966,-206550.83502736792,293.8483432153866,156
11740000,23480.000003866004,-206200.50890191866,305.30822374793183,156
11745000,23490.00000386804,-206993.063001547,300.38001552999646,156
11750000,23500.00000387008,-206039.2443725207,298.4073216063883,156
11755000,23510.000003872115,-206287.69170660933,296.0698294219538,156
11760000,23520.000003874153,-205276.29488265677,298.3250289960739,156
11765000,23530.00000387619,-205398.70328304986,303.11011963178424,156
11770000,23540.000003878227,-206082.4211355521,302.39268981331696,156
11775000,23550.000003880265,-205949.47029921284,298.01127086835646,156
11780000,23560.000003882302,-206364.73900153383,302.2650557905323,156
11785000,23570.00000388434,-206536.7302456858,298.6994518721514,156
11790000,23580.000003886376,-207118.369402464,300.7899791252161,156
11795000,23590.000003888414,-206418.58940620872,304.08305001103804,156
11800000,23600.00000389045,-206451.0189853725,292.50802398660386,156
11805000,23610.000003892488,-206748.90103596065,299.29016404619426,156
11810000,23620.000003894525,-206607.2095671096,303.9055292407845,156
11815000,23630.000003896563,-205815.28185033274,298.8808500361335,155
11820000,23640.0000038986,-206342.03290895454,299.90199525832475,155
11825000,23650.000003900637,-207302.44128079864,300.1645534458945,155
11830000,23660.000003902675,-206295.14953699906,302.78001451910035,155
11835000,23670.00000390471,-206620.11258580151,300.6403249253777,155
11840000,23680.00000390675,-205725.5986967045,302.80648622001826,155
11845000,23690.000003908786,-205692.57450671634,301.9097131929717,155
11850000,23700.000003910824,-206372.57160108618,298.8859559128365,155
11855000,23710.00000391286,-206932.07612820878,309.00244892824725,155
11860000,23720.000003914898,-206802.24863765878,299.96859160950055,155
11865000,23730.000003916935,-206774.09087060508,303.4895100708667,155
11870000,23740.000003918973,-206216.08377281472,303.1621056204814,155
11875000,23750.00000392101,-206713.25028829416,302.19234483898106,155
11880000,23760.000003923047,-206514.17935291538,303.72195632702534,155
11885000,23770.000003925084,-205806.1964759383,305.4157024125573,155
11890000,23780.00000392712,-206573.58362853155,296.5679269982003,155
11895000,23790.00000392916,-205574.04862043378,301.5315706050489,155
11900000,23800.000003931196,-206076.2803028759,296.73258034076554,155
11905000,23810.000003933234,-206624.30037389824,300.32485192858803,155
11910000,23820.00000393527,-206151.68957529403,303.19511193450455,155
11915000,23830.000003937308,-206536.31179103942,299.8056106305426,155
11920000,23840.000003939345,-206370.93694222264,300.30617997975634,155
11925000,23850.000003941383,-206560.21403583093,302.038751219674,155
11930000,23860.00000394342,-206089.58579638915,301.27197962037536,155
11935000,23870.000003945457,-206713.60081074177,301.30569631293514,155
11940000,23880.000003947494,-206731.31144358485,301.2093149297362,155
11945000,23890.00000394953,-206476.73915958824,304.7024063722248,155
11950000,23900.00000395157,-206371.08045120945,302.8946845016523,155
11955000,23910.000003953606,-205982.81063510245,301.7153738433957,155
11960000,23920.000003955643,-206170.95020061044,303.2594125588588,155
11965000,23930.00000395768,-206389.1007541269,300.5544620461185,155
11970000,23940.000003959718,-205777.2450454469,299.6551895774698,155
11975000,23950.000003961755,-207114.342208824,297.58793614854306,155
11980000,23960.000003963793,-206526.0073179364,302.32025225320297,155
11985000,23970.00000396583,-206130.80612050125,298.22172847062325,155
11990000,23980.000003967867,-205997.98684034985,301.16609366277413,155
11995000,23990.000003969904,-206789.9693894179,299.23031054155894,155
12000000,24000.00000397194,-206032.441673334,300.86607767045894,155
12005000,24010.00000397398,-206148.83525230247,300.1456939059247,155
12010000,24020.000003976016,-206400.9307729859,296.76497507734007,155
12015000,24030.000003978053,-206239.80474574165,298.27197273439486,155
12020000,24040.00000398009,-206618.93593064952,299.34514673442806,155
12025000,24050.000003982128,-206572.59523765475,302.3921630981953,155
12030000,24060.000003984165,-206304.87235724914,300.4281593365965,155
12035000,24070.000003986203,-206374.41806752572,300.44558204507007,155
12040000,24080.00000398824,-206593.11820112134,300.9200974431318,155
12045000,24090.000003990277,-205933.04984254658,297.6259457220062,155
12050000,24100.000003992314,-205970.0529464347,299.967798514439,155
12055000,24110.00000399435,-205895.87397576252,301.6048497907102,155
12060000,24120.00000399639,-206868.23445474263,303.4761880064644,155
12065000,24130.000003998426,-206846.6573892139,302.1668382990752,155
12070000,24140.000004000463,-206690.27702341927,300.7613466699764,155
12075000,24150.0000040025,-206828.05462083826,296.7482480190624,155
12080000,24160.000004004538,-206174.34172493627,302.19820627994477,155
12085000,24170.000004006575,-205885.81064124813,302.14110828131004,155
12090000,24180.000004008612,-206689.9481085234,304.0514657716524,155
12095000,24190.00000401065,-205988.76784457,296.63650833659153,155
12100000,24200.000004012687,-206354.01132928778,300.3847356795462,155
12105000,24210.000004014724,-206806.18539864232,297.4888174887245,155
12110000,24220.00000401676,-206384.46580264426,300.6051372628413,155
12115000,24230.0000040188,-206948.10154621047,297.86304560530044,155
12120000,24240.000004020836,-206269.89758033084,297.55931123589494,155
12125000,24250.000004022873,-206670.5230361916,296.5481160889451,155
12130000,24260.00000402491,-206251.43257597543,301.4188385303559,155
12135000,24270.000004026948,-206147.39935845346,301.22142517022195,155
12140000,24280.000004028985,-206628.4502325406,295.5783587297069,155
12145000,24290.000004031022,-206445.08719059627,299.26479294701204,155
12150000,24300.00000403306,-205909.60349696944,298.2855895944155,155
12155000,24310.000004035097,-206417.07109269407,297.46774762189784,155
12160000,24320.000004037134,-206518.23920583283,298.2504256443235,155
12165000,24330.00000403917,-206666.0480874331,299.5939939519609,155
12170000,24340.00000404121,-206107.97293925763,300.24354218160386,155
12175000,24350.000004043246,-206923.42586211092,295.3497639237683,155
12180000,24360.000004045283,-205865.64001756662,306.4018974015533,155
12185000,24370.00000404732,-206625.0612490694,298.0525943066194,155
12190000,24380.000004049358,-206393.30195088603,298.42869159417995,155
12195000,24390.000004051395,-206911.1807551107,299.5604906947176,155
12200000,24400.000004053432,-206011.94358075236,301.1480714811071,155
12205000,24410.00000405547,-205905.0318527926,297.69784697690926,155
12210000,24420.000004057507,-206902.5899521272,300.4510307135213,155
12215000,24430.000004059544,-205631.0183233862,302.9191529492907,155
12220000,24440.00000406158,-205954.41564892372,299.0270661047481,155
12225000,24450.00000406362,-206346.99631462432,303.1904686621371,155
12230000,24460.000004065656,-206133.31108770508,300.8630493342624,155
12235000,24470.000004067693,-206657.9879081759,301.4587065191301,155
12240000,24480.00000406973,-206400.26334396598,301.55294708903926,155
12245000,24490.000004071768,-207005.32608569087,306.7147477115735,155
12250000,24500.000004073805,-205952.16526677972,299.35764005721785,155
12255000,24510.000004075842,-205916.23490129958,302.77758669167366,155
12260000,24520.00000407788,-206595.721984584,300.93691453027446,155
12265000,24530.000004079917,-205870.6427036879,297.53126491024386,155
12270000,24540.000004081954,-206067.2538487108,303.8873695141512,155
12275000,24550.00000408399,-206897.06334512413,298.4946421189302,155
12280000,24560.00000408603,-205738.435456516,297.9578471819241,155
12285000,24570.000004088066,-207004.9219227928,299.8457216494682,155
12290000,24580.000004090103,-206589.0780755839,301.5668095041938,155
12295000,24590.00000409214,-206337.01763529412,300.2014354801641,155
12300000,24600.000004094178,-205957.2605062509,302.0575955713866,155
12305000,24610.000004096215,-206067.89353001292,304.33207546433215,155
12310000,24620.000004098252,-206781.3923758805,297.0619982933495,155
12315000,24630.00000410029,-205529.2416468328,299.791328999461,155
12320000,24640.000004102327,-205960.94416867476,303.8347519706265,155
12325000,24650.000004104364,-206788.31910154351,295.30729218322324,155
12330000,24660.0000041064,-206574.98543947807,303.71346962098215,155
12335000,24670.00000410844,-205570.65009853698,302.4515462711489,155
12340000,24680.000004110476,-206339.12467693968,298.3460815498688,155
12345000,24690.000004112513,-206529.23132837692,305.0250015605076,155
12350000,24700.00000411455,-206919.16276790528,300.7267577362899,155
12355000,24710.000004116588,-206606.24822990608,295.53477732001363,155
12360000,24720.000004118625,-206376.90257991408,302.0169998640163,155
12365000,24730.000004120662,-206016.5024295078,295.92678766792653,155
12370000,24740.0000041227,-206454.07144363376,300.61654284478567,155
12375000,24750.000004124737,-206497.2957133432,302.331005765078,155
12380000,24760.000004126774,-206657.45092691993,302.16465626529765,155
12385000,24770.00000412881,-206765.90533480607,296.72172977027606,155
12390000,24780.00000413085,-205727.42443435616,302.1873883666831,155
12395000,24790.000004132886,-206244.34837907006,300.34838922101267,155
12400000,24800.000004134923,-206335.1839400679,300.50656185590066,155
12405000,24810.00000413696,-206852.08238194545,302.16113398632825,155
12410000,24820.000004138998,-205381.80703619274,296.0375248513504,155
12415000,24830.000004141035,-206071.2550360231,301.38007688906663,155
12420000,24840.000004143072,-206696.24392863794,298.5150504809308,155
12425000,24850.00000414511,-206449.408285212,296.1269502872939,155
12430000,24860.000004147147,-206791.7104494333,299.8198708260981,155
12435000,24870.000004149184,-206815.40170169435,298.0335271202516,155
12440000,24880.00000415122,-206776.90535285242,297.19061999164273,155
12445000,24890.00000415326,-205681.33524709905,302.71378166804567,155
12450000,24900.000004155296,-206328.01825010043,302.45580961911566,155
12455000,24910.000004157333,-205296.5396616743,300.4401117642876,155
12460000,24920.00000415937,-206282.66889792914,299.1646505192451,155
12465000,24930.000004161408,-206536.6590099926,297.5717650676759,155
12470000,24940.000004163445,-206079.31039968913,305.0760979691655,155
12475000,24950.000004165482,-205913.609344232,298.1789348228948,155
12480000,24960.00000416752,-206204.93870903493,299.91498453465107,155
12485000,24970.000004169557,-205945.46346975374,305.67496339229314,155
12490000,24980.000004171594,-205724.29796777118,299.3362486256311,155
12495000,24990.00000417363,-205939.88805642747,303.5967802144099,155
12500000,25000.00000417567,-206350.28440323437,305.23265744556045,155
12505000,25010.000004177706,-205940.80435729772,299.05992275263196,155
12510000,25020.000004179743,-206809.94538130309,298.48434508836175,155
12515000,25030.00000418178,-205362.8834280757,302.6182477145043,155
12520000,25040.000004183818,-207502.01483885234,301.6164148643837,155
12525000,25050.000004185855,-205789.68707505555,301.60817901409547,155
12530000,25060.000004187892,-206819.81505633437,300.8672275963658,155
12535000,25070.00000418993,-207062.51215307682,298.7683397055259,155
12540000,25080.000004191967,-207386.41813579446,300.02684429300666,155
12545000,25090.000004194004,-206837.35277087975,294.5981921732226,155
12550000,25100.00000419604,-206966.5765528927,301.7731839832194,155
12555000,25110.00000419808,-206697.86088597565,301.7780536268556,155
12560000,25120.000004200116,-206892.2320314974,296.61892550486766,155
12565000,25130.000004202153,-206081.55266057153,303.26836009796256,155
12570000,25140.00000420419,-205841.4863189439,298.67776212313527,155
12575000,25150.000004206227,-205849.93346195517,300.35892886419623,155
12580000,25160.000004208265,-206278.320271014,305.1915095088126,155
12585000,25170.000004210302,-206904.74680485518,296.0550225962175,155
12590000,25180.00000421234,-206239.59382135747,296.0559640128022,155
12595000,25190.000004214377,-206254.31985264376,297.3168558694739,155
12600000,25200.000004216414,-205741.14946269605,303.83018197095134,155
12605000,25210.00000421845,-206140.8155892589,301.45528460060234,155
12610000,25220.00000422049,-206355.9518492755,301.15534832153804,155
12615000,25230.000004222526,-206811.30345953768,304.41781616623103,155
12620000,25240.000004224563,-206345.09688342037,303.0162201184934,155
12625000,25250.0000042266,-206046.30194708938,297.5290300679182,155
12630000,25260.000004228637,-205926.85922529805,299.11276863761964,155
12635000,25270.000004230675,-205976.82672842755,300.3556299510773,155
12640000,25280.000004232712,-205784.42493822007,301.45807262508276,155
12645000,25290.00000423475,-205358.09227387467,302.02146191871014,155
12650000,25300.000004236786,-205911.2979658019,298.18570071506133,154
12655000,25310.000004238824,-206421.28262850794,302.02896055468284,154
12660000,25320.00000424086,-206046.26816949435,299.3604370241531,154
12665000,25330.0000042429,-206677.87443505763,298.02605295840857,154
12670000,25340.000004244936,-206302.610197552,301.4788382154817,154
12675000,25350.000004246973,-205973.86408752983,298.03265255798755,154
12680000,25360.00000424901,-206274.51294756483,297.2610052914322,154
12685000,25370.000004251047,-206877.40284491272,300.03575482151217,154
12690000,25380.000004253085,-205995.85220182315,300.59295926151435,154
12695000,25390.000004255122,-206154.45388923248,299.28981217264004,154
12700000,25400.00000425716,-206771.81663767516,300.96765311738267,154
12705000,25410.000004259196,-206012.55274167308,304.5829850801772,154
12710000,25420.000004261234,-206703.62175817287,303.29762931973136,154
12715000,25430.00000426327,-206878.21166035102,296.14880165788435,154
12720000,25440.00000426531,-206188.45956430282,300.89630068094357,154
12725000,25450.000004267346,-205071.7534693631,304.070016528077,154
12730000,25460.000004269383,-205649.97533313057,300.04647824218534,154
12735000,25470.00000427142,-206323.5172507955,299.97221941266406,154
12740000,25480.000004273457,-206464.5468321076,299.2517899018571,154
12745000,25490.000004275495,-206199.50938151835,302.68509119084945,154
12750000,25500.000004277532,-205715.47571323405,297.2667937486997,154
12755000,25510.00000427957,-205820.02471573406,298.90735157271814,154
12760000,25520.000004281606,-206296.46570475807,300.5150871880407,154
12765000,25530.000004283644,-205554.65468053787,295.8890329457843,154
12770000,25540.00000428568,-207074.44541275443,298.6963522263598,154
12775000,25550.00000428772,-207236.4914357568,298.55160047578414,154
12780000,25560.000004289755,-206141.66042785847,305.7804289748929,154
12785000,25570.000004291793,-206240.94635400374,300.61658865213207,154
12790000,25580.00000429383,-207162.46681002597,300.0455782597274,154
12795000,25590.000004295867,-206039.234924654,300.5100652098449,154
12800000,25600.000004297905,-205983.7709807692,301.6714453749637,154
12805000,25610.00000429994,-206628.23839372315,301.9046270732516,154
12810000,25620.00000430198,-206304.71929633687,298.48305278507206,154
12815000,25630.000004304016,-205995.5465803519,299.64482735572375,154
12820000,25640.000004306054,-206681.72381911892,295.5075360359633,154
12825000,25650.00000430809,-206739.84849498968,299.6611964801796,154
12830000,25660.000004310128,-205604.63777389843,296.77615352654914,154
12835000,25670.000004312165,-206174.88769294054,298.1760106233759,154
12840000,25680.000004314203,-205977.87327741948,299.3000805657765,154
12845000,25690.00000431624,-206791.39141647716,300.7565416926214,154
12850000,25700.000004318277,-206699.545154784,303.80106836475215,154
12855000,25710.000004320314,-206825.4193539652,300.670563376664,154
12860000,25720.00000432235,-207060.8226779916,302.28737367123534,154
12865000,25730.00000432439,-206647.8964731804,296.09985696696725,154
12870000,25740.000004326426,-206492.27038551902,301.561882337034,154
12875000,25750.000004328464,-205810.97474524088,305.13607226607894,154
12880000,25760.0000043305,-206009.23629703664,303.52562347236216,154
12885000,25770.000004332538,-206323.83616290707,301.92117202707595,154
12890000,25780.000004334575,-207314.4229155007,295.0980456801484,154
12895000,25790.000004336613,-206334.04128048173,303.8206970235351,154
12900000,25800.00000433865,-206263.2272805057,300.68747072582073,154
12905000,25810.000004340687,-206267.3258919255,297.5090373883716,154
12910000,25820.000004342724,-206511.37968499563,300.2207118428271,154
12915000,25830.00000434476,-206806.84789356636,300.9416633171717,154
12920000,25840.0000043468,-206402.34295831458,301.9378034096311,154
12925000,25850.000004348836,-205924.1746610651,301.466076271017,154
12930000,25860.000004350873,-206616.23928314378,303.7304289070458,154
12935000,25870.00000435291,-205988.81476904918,304.4431056780168,154
12940000,25880.000004354948,-206660.83070592373,297.3942359276951,154
12945000,25890.000004356985,-207063.09579415224,301.0079707954907,154
12950000,25900.000004359023,-206688.5158139607,297.263360027932,154
12955000,25910.00000436106,-206448.09166134114,302.1792278179368,154
12960000,25920.000004363097,-207155.9025059418,300.5819434670157,154
12965000,25930.000004365134,-206337.39285597997,298.10231459666306,154
12970000,25940.00000436717,-206473.41561546933,300.9362425622344,154
12975000,25950.00000436921,-206576.38936001027,299.61004864624414,154
12980000,25960.000004371246,-206458.61821191933,296.0563424394172,154
12985000,25970.000004373283,-205803.16746536107,300.9694781812181,154
12990000,25980.00000437532,-206263.3947920868,303.0786173103967,154
12995000,25990.000004377358,-206532.5457526592,302.37797692802576,154
13000000,26000.000004379395,-206977.85552679014,298.75570966372914,154
13005000,26010.000004381433,-206783.01538399316,299.17413416020594,154
13010000,26020.00000438347,-206951.45716139174,299.97469834458525,154
13015000,26030.000004385507,-206903.62759571616,300.9288311150937,154
13020000,26040.000004387544,-206218.17601565016,299.916438562156,154
13025000,26050.00000438958,-206769.27821249457,303.54355849947297,154
13030000,26060.00000439162,-206497.44338678033,299.96508875897234,154
13035000,26070.000004393656,-206899.84142429393,300.1869201840963,154
13040000,26080.000004395693,-206116.3687470766,301.48687028947484,154
13045000,26090.00000439773,-205570.8089258864,300.1766400754037,154
13050000,26100.000004399768,-206458.41794067586,299.5046709818275,154
13055000,26110.000004401805,-206792.8029463509,298.48803354417095,154
13060000,26120.000004403842,-206640.79327603057,297.66477728988195,154
13065000,26130.00000440588,-207187.5684331793,300.57948523094143,154
13070000,26140.000004407917,-206664.51847753522,298.06225711936224,154
13075000,26150.000004409954,-206343.69499228906,299.73051246365867,154
13080000,26160.00000441199,-205801.71810578438,298.0783263499406,154
13085000,26170.00000441403,-206404.1333938312,300.7003403352363,154
13090000,26180.000004416066,-206566.45283211034,300.8876747658357,154
13095000,26190.000004418103,-206431.20170379302,302.60270202604863,154
13100000,26200.00000442014,-206860.1129777491,303.2285438525399,154
13105000,26210.000004422178,-207021.83721975435,296.86983946790593,154
13110000,26220.000004424215,-206852.03287000803,299.90760888416474,154
13115000,26230.000004426252,-205726.3376109302,301.083101305877,154
13120000,26240.00000442829,-206008.44611577154,300.10463729292263,154
13125000,26250.000004430327,-205547.41462887754,297.62385574971097,154
13130000,26260.000004432364,-206422.66832273907,299.2012705533016,154
13135000,26270.0000044344,-206429.9171568331,304.0471880067562,154
13140000,26280.00000443644,-206733.91240356932,303.01805345436554,154
13145000,26290.000004438476,-205493.65626532806,302.17212319668585,154
13150000,26300.000004440513,-205954.62263159524,305.7870147669826,154
13155000,26310.00000444255,-206204.13812568353,300.78255709154666,154
13160000,26320.000004444588,-206054.94950265356,299.4577254572022,154
13165000,26330.000004446625,-206756.58532542316,300.67014661163773,154
13170000,26340.000004448662,-206932.52803294314,295.4722726038791,154
13175000,26350.0000044507,-206731.72720784275,300.6256405175893,154
13180000,26360.000004452737,-206281.75698242558,299.1626686157288,154
13185000,26370.000004454774,-206135.4490830429,300.9560841881841,154
13190000,26380.00000445681,-206520.2391750567,300.92992324174435,154
13195000,26390.00000445885,-206742.5147900409,300.2071066747712,154
13200000,26400.000004460886,-207231.9596061199,292.60867936976695,154
13205000,26410.000004462923,-206169.1926850581,298.1251542719069,154
13210000,26420.00000446496,-206750.37512285204,300.3550417555412,154
13215000,26430.000004466998,-206460.7276749427,299.1056246083649,154
13220000,26440.000004469035,-207124.4073311768,300.3217036141107,154
13225000,26450.000004471072,-206642.36626561964,299.13881278261005,154
13230000,26460.00000447311,-206594.47743634693,299.2077137194789,154
13235000,26470.000004475147,-206299.68153938197,298.3008098334125,154
13240000,26480.000004477184,-205598.51244845707,301.3117545173712,154
13245000,26490.00000447922,-207141.15390044881,300.1007915368449,154
13250000,26500.00000448126,-206205.32337032224,296.98679753186855,154
13255000,26510.000004483296,-205698.81764265976,298.64224646784834,154
13260000,26520.000004485333,-206099.36657063582,300.84877329657724,154
13265000,26530.00000448737,-206748.0198849875,301.655766299852,154
13270000,26540.000004489408,-206652.90154636942,300.5417515840596,154
13275000,26550.000004491445,-207161.81421525904,298.8836078717602,154
13280000,26560.000004493482,-205991.33502065216,295.01649877124396,154
13285000,26570.00000449552,-206482.14630631858,302.4690973057286,154
13290000,26580.000004497557,-206104.24630925513,305.58861609634914,154
13295000,26590.000004499594,-206648.2524831401,294.28278742862744,154
13300000,26600.00000450163,-206355.12208807888,299.81866833563936,154
13305000,26610.00000450367,-206166.86160904134,300.3856469575769,154
13310000,26620.000004505706,-206399.5957120792,299.1170001664961,154
13315000,26630.000004507743,-206016.54769210063,294.9064979590742,154
13320000,26640.00000450978,-206930.57269374898,300.52110466571906,154
13325000,26650.000004511818,-206537.19351454184,302.03441933009975,154
13330000,26660.000004513855,-206573.26639864407,303.272271041654,154
13335000,26670.000004515892,-207263.1420185254,296.19812020307364,154
13340000,26680.00000451793,-206262.31137797283,301.55020807984715,154
13345000,26690.000004519967,-206161.53279244236,298.6120577724116,154
13350000,26700.000004522004,-206749.14982385305,299.2099734972776,154
13355000,26710.00000452404,-206348.4005292448,296.3220489324397,154
13360000,26720.00000452608,-206754.03206044133,301.109596610096,154
13365000,26730.000004528116,-206528.58870908653,297.12162225917075,154
13370000,26740.000004530153,-205807.3467206849,300.69778363429634,154
13375000,26750.00000453219,-205677.06271148275,305.40631275298375,154
13380000,26760.000004534228,-206257.41024965222,300.7769925689007,154
13385000,26770.000004536265,-205796.8123615546,303.8769435540207,154
13390000,26780.000004538302,-205969.2219453348,296.42032716715084,154
13395000,26790.00000454034,-206781.00161970186,299.35269887443064,154
13400000,26800.000004542377,-206347.4469047268,301.56415879893393,154
13405000,26810.000004544414,-206095.2360371434,299.7501567880365,154
13410000,26820.00000454645,-206615.04559944454,298.8051445977792,154
13415000,26830.00000454849,-206371.18236229185,305.8908410600446,154
13420000,26840.000004550526,-207182.29453931318,298.008662179429,154
13425000,26850.000004552563,-206872.8432257519,295.5111275566816,154
13430000,26860.0000045546,-205823.05451348424,300.71836425719596,154
13435000,26870.000004556638,-206847.57188757428,298.7292371698406,154
13440000,26880.000004558675,-206147.47667055682,303.9136598802447,154
13445000,26890.000004560712,-206687.35536301334,297.74780055838835,154
13450000,26900.00000456275,-206472.17743245733,300.57656059945407,154
13455000,26910.000004564787,-205954.24502062984,300.00197020541236,154
13460000,26920.000004566824,-206710.7617845164,299.6280951861131,154
13465000,26930.00000456886,-205831.18006011785,293.6349870878762,154
13470000,26940.0000045709,-206488.67193711107,301.85062469215234,154
13475000,26950.000004572936,-206672.4716229398,300.10255586562795,154
13480000,26960.000004574973,-206715.10357138875,302.37948906530863,154
13485000,26970.00000457701,-206387.10465502203,301.22226011917917,154
13490000,26980.000004579048,-206889.1779035984,307.1921346466979,154
13495000,26990.000004581085,-206189.60449660954,299.46222614252173,154
13500000,27000.000004583122,-206851.4481604757,298.2178050506783,154
13505000,27010.00000458516,-206754.52973893087,298.56443376812865,154
13510000,27020.000004587197,-206119.21717750945,296.62245873657196,154
13515000,27030.000004589234,-205523.20007835038,300.74289152946585,154
13520000,27040.00000459127,-206716.46420348715,299.28951144279597,154
13525000,27050.00000459331,-206372.25558361888,302.3882405888009,154
13530000,27060.000004595346,-205728.8093293201,300.77345228820826,154
13535000,27070.000004597383,-206497.3866585485,298.80882494299055,154
13540000,27080.00000459942,-206600.33869200782,299.1172512095605,154
13545000,27090.000004601457,-205829.79954212764,299.5218992924594,154
13550000,27100.000004603495,-206333.5990961661,298.50916699982554,154
13555000,27110.000004605532,-206069.34773848683,305.13174192311783,154
13560000,27120.00000460757,-206878.01841603557,301.66159052933784,154
13565000,27130.000004609607,-205756.74910092494,304.4292647797196,154
13570000,27140.000004611644,-206614.08349713625,303.21442156375093,153
13575000,27150.00000461368,-206310.73595308815,299.25512957705706,153
13580000,27160.00000461572,-206321.5520070903,303.8294161327609,153
13585000,27170.000004617756,-206889.86301600654,300.56373982745265,153
13590000,27180.000004619793,-205872.12175773724,299.58845019267125,153
13595000,27190.00000462183,-206033.2545305572,302.5334509615552,153
13600000,27200.000004623867,-205733.03222965647,302.76036551976694,153
13605000,27210.000004625905,-206497.93969573197,297.6370284978242,153
13610000,27220.000004627942,-206631.88089038536,297.43848230252183,153
13615000,27230.00000462998,-206401.7017216565,305.5351158718162,153
13620000,27240.000004632016,-206399.16964675707,303.8527804854271,153
13625000,27250.000004634054,-206781.37140095455,303.72941000713126,153
13630000,27260.00000463609,-206842.49212332966,301.3355748088496,153
13635000,27270.00000463813,-207225.82942886045,296.7781265458358,153
13640000,27280.000004640166,-205865.9228314755,300.8474262424425,153
13645000,27290.000004642203,-206515.57227727957,302.81884500315294,153
13650000,27300.00000464424,-206684.0893331651,300.315643522991,153
13655000,27310.000004646277,-206218.63122718246,299.81637123266876,153
13660000,27320.000004648315,-207580.4115882907,294.52162056210693,153
13665000,27330.000004650352,-207086.1263015836,299.71903868136695,153
13670000,27340.00000465239,-206355.15227096388,302.41015178639515,153
13675000,27350.000004654426,-205545.4326219454,300.61824655265764,153
13680000,27360.000004656464,-207014.939163315,295.1221537607037,153
13685000,27370.0000046585,-206773.421304657,299.5434635159549,153
13690000,27380.00000466054,-206914.91594335658,301.266998629668,153
13695000,27390.000004662576,-206655.05605834734,297.2145569005828,153
13700000,27400.000004664613,-206904.96803674812,302.05796066484544,153
13705000,27410.00000466665,-206437.27690049494,300.97343716984,153
13710000,27420.000004668687,-207025.541679063,298.85071109818875,153
13715000,27430.000004670725,-206297.92843816872,299.71466631398874,153
13720000,27440.000004672762,-206535.22297124716,297.45284074843073,153
13725000,27450.0000046748,-207213.5647145413,299.0487097408183,153
13730000,27460.000004676836,-207112.4896241068,305.14649065107216,153
13735000,27470.000004678874,-206570.96965101978,298.04121655212685,153
13740000,27480.00000468091,-206573.7034493984,304.6569123225794,153
13745000,27490.00000468295,-207085.3261476485,299.56001846462857,153
13750000,27500.000004684985,-206878.793066856,302.7140808311068,153
13755000,27510.000004687023,-207297.07304579648,296.0558180523518,153
13760000,27520.00000468906,-207174.51199726656,299.6216846151836,153
13765000,27530.000004691097,-206243.59727039456,300.95047679099406,153
13770000,27540.000004693135,-206879.92943150364,306.11019931815696,153
13775000,27550.00000469517,-206125.69023571897,297.10315792886956,153
13780000,27560.00000469721,-206915.76102342596,298.72979941141745,153
13785000,27570.000004699246,-206110.83832195157,298.13642807431125,153
13790000,27580.000004701284,-206681.06163124891,298.16826716980563,153
13795000,27590.00000470332,-205678.63673906017,303.2647151506642,153
13800000,27600.000004705358,-206748.20414158748,299.4671659573682,153
13805000,27610.000004707395,-206658.85858421237,303.1926314548134,153
13810000,27620.000004709433,-206437.21149842953,301.0181591586799,153
13815000,27630.00000471147,-206832.38034603663,298.7305658594125,153
13820000,27640.000004713507,-206528.83444719517,302.1068788002777,153
13825000,27650.000004715544,-206460.90007770353,298.20813785010796,153
13830000,27660.00000471758,-205460.70786943042,299.053594374874,153
13835000,27670.00000471962,-206215.0883671831,303.112171231963,153
13840000,27680.000004721656,-206049.86851730978,301.70727135160485,153
13845000,27690.000004723694,-206151.41676767357,298.67961125444356,153
13850000,27700.00000472573,-205556.83235494862,301.42752541582195,153
13855000,27710.000004727768,-206019.9921375065,300.5958304894076,153
13860000,27720.000004729805,-206266.2410165224,301.6255811700015,153
13865000,27730.000004731843,-206221.56340329128,302.9182158544813,153
13870000,27740.00000473388,-206427.7034669735,299.75613790637146,153
13875000,27750.000004735917,-205952.10581126995,300.71026811751847,153
13880000,27760.000004737954,-206262.64024713798,303.1276828455059,153
13885000,27770.00000473999,-206244.3374547778,297.7833609012584,153
13890000,27780.00000474203,-206386.32044591906,302.9030730527312,153
13895000,27790.000004744066,-206687.52875413338,298.78419336643907,153
13900000,27800.000004746104,-205944.7948477678,297.05197905080763,153
13905000,27810.00000474814,-205927.54985727998,298.03866372883135,153
13910000,27820.000004750178,-206435.74339597044,302.1758423551778,153
13915000,27830.000004752215,-206492.70161080582,303.7914399781781,153
13920000,27840.000004754253,-206871.77576436172,300.07058569644175,153
13925000,27850.00000475629,-206518.6842516564,300.7996756064396,153
13930000,27860.000004758327,-206343.1300507232,297.5370346203091,153
13935000,27870.000004760364,-206599.88239783095,297.9687988366129,153
13940000,27880.0000047624,-206121.23235783482,300.28465718435507,153
13945000,27890.00000476444,-205842.35012353037,302.56978189665784,153
13950000,27900.000004766476,-206510.015997989,298.73743248232245,153
13955000,27910.000004768513,-207407.51769105252,299.3237814952908,153
13960000,27920.00000477055,-206777.89767387102,299.3578829646684,153
13965000,27930.000004772588,-206889.40712960064,301.8209081479163,153
13970000,27940.000004774625,-206532.3205803244,298.63790041165834,153
13975000,27950.000004776663,-207196.04299795604,297.58769566575324,153
13980000,27960.0000047787,-206368.87541334494,301.0024025941709,153
13985000,27970.000004780737,-206676.18416561827,305.22377089797266,153
13990000,27980.000004782774,-207087.28609832574,300.019904310278,153
13995000,27990.00000478481,-207454.30681542156,299.3078363164802,153
14000000,28000.00000478685,-207166.4174915013,295.14300613988473,153
14005000,28010.000004788886,-206614.84662125597,301.09886378141186,153
14010000,28020.000004790923,-206236.35524448322,297.23905014579015,153
14015000,28030.00000479296,-205416.88417402213,308.174756079021,153
14020000,28040.000004794998,-206537.19180067873,296.1372565659675,153
14025000,28050.000004797035,-207114.25812530937,299.36883227110434,153
14030000,28060.000004799072,-206172.2798394307,296.6553293027179,153
14035000,28070.00000480111,-206308.43807012006,297.1580090422618,153
14040000,28080.000004803147,-206868.56574991578,302.1454912336847,153
14045000,28090.000004805184,-207184.21230370447,299.5791699145852,153
14050000,28100.00000480722,-205984.63096928643,301.10591306202195,153
14055000,28110.00000480926,-206610.3309425551,303.3939592856034,153
14060000,28120.000004811296,-206890.9887937957,297.3098706337086,153
14065000,28130.000004813333,-206457.5298259895,295.0225674133569,153
14070000,28140.00000481537,-206405.66391384718,301.40859714872425,153
14075000,28150.000004817408,-206270.00549700076,301.10932394916443,153
14080000,28160.000004819445,-206957.19159020204,301.1972042564247,153
14085000,28170.000004821482,-206761.03769514465,303.7355652101628,153
14090000,28180.00000482352,-206030.322962414,302.28995025125585,153
14095000,28190.000004825557,-206622.79631519562,297.94131872400317,153
14100000,28200.000004827594,-206304.8935602142,302.1273945309977,153
14105000,28210.00000482963,-206246.8889891646,303.60093260479215,153
14110000,28220.00000483167,-205854.27849114302,301.07789289448056,153
14115000,28230.000004833706,-206237.09833209263,298.0272140392391,153
14120000,28240.000004835743,-206574.7446035319,299.6708539128597,153
14125000,28250.00000483778,-206564.78445565188,303.9441853841663,153
14130000,28260.000004839818,-206096.93113246385,300.5134205629208,153
14135000,28270.000004841855,-205943.2571581198,298.7373733313297,153
14140000,28280.000004843892,-205450.6245502726,297.9787670451679,153
14145000,28290.00000484593,-205940.59461545025,298.1809589950082,153
14150000,28300.000004847967,-206473.28315737296,300.0074166840533,153
14155000,28310.000004850004,-205922.33766513283,297.4031241489186,153
14160000,28320.00000485204,-206226.3452324468,300.91652999376464,153
14165000,28330.00000485408,-205832.77009120933,304.33581376359473,153
14170000,28340.000004856116,-206604.78716990247,302.95456595325186,153
14175000,28350.000004858153,-205971.3477638209,297.07094669383827,153
14180000,28360.00000486019,-206413.06421500968,297.33552311490024,153
14185000,28370.000004862228,-206564.06977959408,295.2702780774423,153
14190000,28380.000004864265,-206338.27802838245,295.4470094318289,153
14195000,28390.000004866302,-206243.81238710682,299.8801167388737,153
14200000,28400.00000486834,-206066.21171706193,300.0129871352975,153
14205000,28410.000004870377,-206610.50095371157,294.72121259776605,153
14210000,28420.000004872414,-206706.68319442938,306.68259655502203,153
14215000,28430.00000487445,-206914.80765952205,300.2514168971154,153
14220000,28440.00000487649,-206672.81891644688,297.81722756676197,153
14225000,28450.000004878526,-206744.57991318102,305.169660706601,153
14230000,28460.000004880563,-205755.92097690422,301.9066981148271,153
14235000,28470.0000048826,-206556.74990048714,299.0377229790768,153
14240000,28480.000004884638,-205964.7518441819,301.8384138892413,153
14245000,28490.000004886675,-206444.8276847304,299.78467815593683,153
14250000,28500.000004888712,-206515.24553551362,303.83623967517485,153
14255000,28510.00000489075,-207331.18339451798,296.0196309268501,153
14260000,28520.000004892787,-206629.94849386392,299.168236425514,153
14265000,28530.000004894824,-206386.82114099967,300.2135037358964,153
14270000,28540.00000489686,-205941.89109988208,303.78612199697153,153
14275000,28550.0000048989,-206119.32696597895,301.2087097054971,153
14280000,28560.000004900936,-206676.53128275054,299.7511882641153,153
14285000,28570.000004902973,-206708.7925785418,299.93566592863937,153
14290000,28580.00000490501,-206956.11363107094,300.24561216510176,153
14295000,28590.000004907048,-206914.49063664954,299.3271754070473,153
14300000,28600.000004909085,-206290.11470996297,303.27469321784395,153
14305000,28610.000004911122,-206415.80316905025,298.6569501727642,153
14310000,28620.00000491316,-206801.1154816273,304.2983513390528,153
14315000,28630.000004915197,-206421.6595627754,302.3671732923971,153
14320000,28640.000004917234,-206706.75442060188,298.19104390557305,153
14325000,28650.00000491927,-206734.1012063513,294.99908924786,153
14330000,28660.00000492131,-206399.6286100141,305.89208320170934,153
14335000,28670.000004923346,-207103.51654503332,295.0936844905568,153
14340000,28680.000004925383,-206602.30739700072,297.75429059160564,153
14345000,28690.00000492742,-206389.84499785653,300.0921185711844,153
14350000,28700.000004929458,-205975.89787980774,299.88937924271295,153
14355000,28710.000004931495,-206391.52148232283,299.37769298358734,153
14360000,28720.000004933532,-206703.02225245663,302.1981743466277,153
14365000,28730.00000493557,-206374.2185731657,298.479165651908,153
14370000,28740.000004937607,-206211.45745440538,303.3676459721497,153
14375000,28750.000004939644,-206598.1498692201,297.67380648594656,153
14380000,28760.00000494168,-206275.88746797317,302.91033988081676,153
14385000,28770.00000494372,-205312.48484917998,300.4731838405114,153
14390000,28780.000004945756,-205658.20586584008,300.09884403466424,153
14395000,28790.000004947793,-206252.32963105675,300.50934853503384,153
14400000,28800.00000494983,-206857.75958412327,300.29438361328494,153
14405000,28810.000004951868,-206368.13665325672,303.22749372621877,153
14410000,28820.000004953905,-206156.05908366886,300.40500926024083,153
14415000,28830.000004955942,-206388.39910242346,297.12030166338735,153
14420000,28840.00000495798,-205408.2463327233,298.78133722473467,153
14425000,28850.000004960017,-206838.34600251203,303.92826044150684,153
14430000,28860.000004962054,-205948.81298382394,304.1732050894578,153
14435000,28870.00000496409,-206003.17227054515,305.00753393852136,153
14440000,28880.00000496613,-206670.2068555836,300.74636626906806,153
14445000,28890.000004968166,-206390.21529632306,297.33205931092084,153
14450000,28900.000004970203,-206757.01274666796,300.5862872532736,153
14455000,28910.00000497224,-206629.93514702667,301.1492061529849,153
14460000,28920.000004974278,-206447.7855689472,298.08508881575244,153
14465000,28930.000004976315,-206320.48418357864,296.53667600319795,153
14470000,28940.000004978352,-206744.74271809123,299.8034589250916,153
14475000,28950.00000498039,-206462.9589380715,300.79077789226164,153
14480000,28960.000004982427,-206120.92083269323,302.33645246997384,153
14485000,28970.000004984464,-206835.19728861493,299.63388289832545,153
14490000,28980.0000049865,-207181.7301172336,300.19688499940537,153
14495000,28990.00000498854,-206669.46737573633,302.82320013914097,153
14500000,29000.000004990576,-206053.87390961288,297.92387438833896,153
14505000,29010.000004992613,-207239.61919861764,300.8639514614346,153
14510000,29020.00000499465,-206038.50978488708,298.6239558251897,153
14515000,29030.000004996687,-205978.57619894878,301.3135406283009,153
14520000,29040.000004998725,-206043.15543015755,301.581259573493,153
14525000,29050.000005000762,-206938.5507729859,303.01041564509364,153
14530000,29060.0000050028,-206596.04712164274,300.96605447338106,153
14535000,29070.000005004837,-205914.77101857995,300.93160283269424,153
14540000,29080.000005006874,-206802.43882070004,302.7069555791216,153
14545000,29090.00000500891,-206100.52168912475,302.0595054138301,153
14550000,29100.00000501095,-206455.11811643257,298.47908925429584,153
14555000,29110.000005012986,-206937.03556487197,297.32569307283705,153
14560000,29120.000005015023,-205567.56922882178,296.8397660416224,153
14565000,29130.00000501706,-206478.22708504263,300.67914001256815,153
14570000,29140.000005019097,-206537.66625947284,301.5083821063244,153
14575000,29150.000005021135,-206708.89008365932,304.15061026646015,153
14580000,29160.000005023172,-206184.7283079289,298.6262290681065,153
14585000,29170.00000502521,-206394.11342897057,300.9316144286981,153
14590000,29180.000005027247,-206590.67622358818,301.8457381456724,153
14595000,29190.000005029284,-206960.7684253872,299.96367248857393,153
14600000,29200.00000503132,-206179.43595388613,301.91492448075354,153
14605000,29210.00000503336,-206453.6008299851,304.56951828774345,153
14610000,29220.000005035396,-206393.4044193786,300.9503189425399,153
14615000,29230.000005037433,-206691.076700593,300.3537468449957,153
14620000,29240.00000503947,-206640.86744008132,300.2606435731216,153
14625000,29250.000005041507,-205971.72421293135,297.58689714858156,153
14630000,29260.000005043545,-205478.4087066407,302.5514072350167,153
14635000,29270.000005045582,-206392.78119575093,297.96333326028787,153
14640000,29280.00000504762,-206700.4023167838,303.0839981779536,153
14645000,29290.000005049656,-206518.02772174717,298.9737886655188,153
14650000,29300.000005051694,-206907.5481863789,300.55099743759666,153
14655000,29310.00000505373,-206303.99800131295,303.7702782195021,153
14660000,29320.00000505577,-206640.72285362973,301.0103258848035,153
14665000,29330.000005057806,-205656.0224006354,300.64795160410443,153
14670000,29340.000005059843,-206830.86843211728,301.5451598992322,153
14675000,29350.00000506188,-206658.98453427,295.01685378471853,153
14680000,29360.000005063917,-206461.18345493218,300.0413044038237,153
14685000,29370.000005065955,-206658.8178959766,301.96052588276376,153
14690000,29380.000005067992,-206373.0406664866,295.4711079438346,153
14695000,29390.00000507003,-206602.35649918928,302.39533100171104,153
14700000,29400.000005072066,-206222.8058472902,303.5696184344048,153
14705000,29410.000005074104,-207008.78385303146,302.18690511041615,153
14710000,29420.00000507614,-206245.5448057861,302.6529070722384,153
14715000,29430.00000507818,-205841.16510239372,298.5849428262529,153
14720000,29440.000005080215,-206167.32784761942,295.94190204758235,153
14725000,29450.000005082253,-206293.1159493375,302.422308793898,153
14730000,29460.00000508429,-206658.26186949713,301.03053745429645,153
14735000,29470.000005086327,-206185.84903127898,302.12753701524235,153
14740000,29480.000005088365,-206656.7858410331,304.5088822121687,153
14745000,29490.000005090402,-206517.7284440403,298.53099024525466,153
14750000,29500.00000509244,-206453.21769881842,299.0730568581711,153
14755000,29510.000005094476,-205649.61397616577,307.39921225057356,152
14760000,29520.000005096514,-206837.23442915536,305.6691619093601,152
14765000,29530.00000509855,-206089.02389757952,300.92878850392725,152
14770000,29540.000005100588,-206709.6037782029,298.33205926885137,152
14775000,29550.000005102625,-206712.8790725466,299.1660943910175,152
14780000,29560.000005104663,-205863.2504321764,307.4631114750603,152
14785000,29570.0000051067,-206422.45883934398,301.64357925016,152
14790000,29580.000005108737,-206339.560768315,299.6438452599424,152
14795000,29590.000005110775,-206700.8671947295,304.9765557511562,152
14800000,29600.00000511281,-205655.44079241157,295.0957837085175,152
14805000,29610.00000511485,-206248.74872226012,302.63718668281143,152
14810000,29620.000005116886,-206580.31238269003,294.4797961504069,152
14815000,29630.000005118924,-206805.83003861352,300.1526207007868,152
14820000,29640.00000512096,-206452.07683879265,306.76106739032696,152
14825000,29650.000005122998,-206039.08774346905,302.5725523403642,152
14830000,29660.000005125035,-206206.260564078,301.39845195384555,152
14835000,29670.000005127073,-206625.71620673034,298.2072603653104,152
14840000,29680.00000512911,-206680.65073952836,301.76231941851256,152
14845000,29690.000005131147,-206416.70369158895,294.5170684273829,152
14850000,29700.000005133184,-206276.1248628745,303.7753109576031,152
14855000,29710.00000513522,-205773.6961566935,300.7451614914617,152
14860000,29720.00000513726,-206580.55204520468,297.3969499260103,152
14865000,29730.000005139296,-206251.7523838255,305.2713852313626,152
14870000,29740.000005141334,-206910.32788475172,296.8850347934674,152
14875000,29750.00000514337,-206502.50556827546,301.42754067018086,152
14880000,29760.000005145408,-206601.7200684991,300.53699481423723,152
14885000,29770.000005147445,-206576.97799652943,301.7103679226912,152
14890000,29780.000005149483,-206013.55607140134,297.0989792709318,152
14895000,29790.00000515152,-207009.95472732023,296.6184015488389,152
14900000,29800.000005153557,-207113.02614929702,300.3691968919062,152
14905000,29810.000005155594,-206364.77788455086,302.5781706521119,152
14910000,29820.00000515763,-206153.82743142045,298.42631322397784,152
14915000,29830.00000515967,-206442.3260787418,296.59926629983147,152
14920000,29840.000005161706,-206240.2808306365,298.79071948815835,152
14925000,29850.000005163743,-206813.9994498192,300.36122755284543,152
14930000,29860.00000516578,-206696.43963102682,299.2021461296262,152
14935000,29870.000005167818,-206536.50445962232,302.74573226319234,152
14940000,29880.000005169855,-206283.5609046393,301.4738835445832,152
14945000,29890.000005171893,-206380.30041595863,303.2867593037558,152
14950000,29900.00000517393,-206146.92233058775,298.08437791334586,152
14955000,29910.000005175967,-206444.13604184822,302.44877417393013,152
14960000,29920.000005178004,-205935.76724374562,298.14051256994105,152
14965000,29930.00000518004,-207134.35496134195,296.47337028326217,152
14970000,29940.00000518208,-206386.11078162643,301.0981090520205,152
14975000,29950.000005184116,-206303.2030584755,300.9404876465723,152
14980000,29960.000005186153,-206788.52705028804,301.61516007979424,152
14985000,29970.00000518819,-206145.79594669328,303.8426629308263,152
14990000,29980.000005190228,-207193.34528857225,297.67496621805157,152
14995000,29990.000005192265,-206542.81989679078,298.23119842461807,152
15000000,30000.000005194303,-206081.92478555779,302.3677215506737,152
15005000,30010.00000519634,-207114.97170176788,301.5552577258605,152
15010000,30020.000005198377,-206700.97377283243,296.65111309527634,152
15015000,30030.000005200414,-206479.12890560983,296.92592104234717,152
15020000,30040.00000520245,-206377.85197491234,306.30140080549205,152
15025000,30050.00000520449,-206346.70046606322,305.4030004441708,152
15030000,30060.000005206526,-205946.8231265539,300.0723766909989,152
15035000,30070.000005208563,-205879.80989587866,300.2050669253667,152
15040000,30080.0000052106,-206369.76994716283,300.32103991437543,152
15045000,30090.000005212638,-207311.22224476445,300.5858336593007,152
15050000,30100.000005214675,-206194.2574948331,301.8458098313542,152
15055000,30110.000005216712,-206934.4042271307,300.49326847348317,152
15060000,30120.00000521875,-206098.47701891675,299.1849508149927,152
15065000,30130.000005220787,-206143.36845886835,300.84402584744015,152
15070000,30140.000005222824,-206403.48335574835,299.0564786641653,152
15075000,30150.00000522486,-206890.9365396318,299.6908318531162,152
15080000,30160.0000052269,-206096.025745478,290.6815574681289,152
15085000,30170.000005228936,-206833.96504315978,303.0051550098042,152
15090000,30180.000005230973,-206814.50616457732,301.4756760027643,152
15095000,30190.00000523301,-206115.56700489868,303.373394024851,152
15100000,30200.000005235048,-206558.08653045644,303.82346274181606,152
15105000,30210.000005237085,-206291.81383482728,304.9431327856249,152
15110000,30220.000005239122,-206073.60544510686,298.9797008312593,152
15115000,30230.00000524116,-206628.0480658455,299.42931058786064,152
15120000,30240.000005243197,-206900.39620296692,303.3854065904461,152
15125000,30250.000005245234,-206280.40755620273,301.14476745089723,152
15130000,30260.00000524727,-205738.04386501934,302.8027965056228,152
15135000,30270.00000524931,-206307.32469267666,297.41179328035685,152
15140000,30280.000005251346,-205848.460766749,297.74810719758955,152
15145000,30290.000005253383,-206801.05966953782,298.43847557621024,152
15150000,30300.00000525542,-206511.53008329915,296.9996967275846,152
15155000,30310.000005257458,-205994.54730434646,302.86503105297743,152
15160000,30320.000005259495,-206029.36031280982,300.8039090934447,152
15165000,30330.000005261532,-206525.63871483481,299.4682835270051,152
15170000,30340.00000526357,-206669.18037548417,301.4730906848516,152
15175000,30350.000005265607,-206269.28427291976,304.3805597598196,152
15180000,30360.000005267644,-206729.1840791963,301.15562655485047,152
15185000,30370.00000526968,-206163.6750793975,300.17371588223995,152
15190000,30380.00000527172,-205977.32720928616,297.8032007481853,152
15195000,30390.000005273756,-206090.9855870112,305.362111342237,152
15200000,30400.000005275793,-206152.99651111278,297.4405107245072,152
15205000,30410.00000527783,-206268.18842058815,299.248960709834,152
15210000,30420.000005279868,-205870.33638383867,305.2099858092614,152
15215000,30430.000005281905,-206829.12398506887,302.9358538636739,152
15220000,30440.000005283942,-206447.5494996754,302.309731869958,152
15225000,30450.00000528598,-206295.85675106,299.051727151573,152
15230000,30460.000005288017,-206459.6322111145,293.82665694637586,152
15235000,30470.000005290054,-206299.93713249208,301.9535161398081,152
15240000,30480.00000529209,-205730.65568210918,296.9392051553529,152
15245000,30490.00000529413,-206389.47950377036,302.2668371603302,152
15250000,30500.000005296166,-206659.8714501292,301.374727074009,152
15255000,30510.000005298203,-205827.57528022828,304.8141038629118,152
15260000,30520.00000530024,-206006.85799167596,296.14489929661835,152
15265000,30530.000005302278,-206953.88173197326,304.01622002903105,152
15270000,30540.000005304315,-206311.18670022336,303.65400000110526,152
15275000,30550.000005306352,-206685.79394999403,301.011815367957,152
15280000,30560.00000530839,-206552.42520086735,305.6116076728489,152
15285000,30570.000005310427,-207280.08990276046,302.3895354042042,152
15290000,30580.000005312464,-206173.88174231234,299.49234712753184,152
15295000,30590.0000053145,-206654.22005557863,302.1774980245062,152
15300000,30600.00000531654,-206013.75088497705,298.95260679954833,152
15305000,30610.000005318576,-205827.9147984836,303.4904699289153,152
15310000,30620.000005320613,-205617.6323475174,294.8115528174762,152
15315000,30630.00000532265,-206044.2858769471,297.43953286029597,152
15320000,30640.000005324688,-206662.03504953173,302.3189899169145,152
15325000,30650.000005326725,-206879.42630731245,304.3083635467603,152
15330000,30660.000005328762,-206391.6300905199,299.98440710182405,152
15335000,30670.0000053308,-206361.95086329465,293.02418875572283,152
15340000,30680.000005332837,-206734.22096878628,303.8740503683059,152
15345000,30690.000005334874,-206221.75503016077,305.5163027870957,152
15350000,30700.00000533691,-206786.4031228338,298.84687138869594,152
15355000,30710.00000533895,-207236.79118022497,299.02612246098226,152
15360000,30720.000005340986,-206566.70470977027,301.8251654053993,152
15365000,30730.000005343023,-205990.90644350392,297.97510615142136,152
15370000,30740.00000534506,-205828.3337205887,302.62150206079184,152
15375000,30750.000005347098,-206840.21609687153,297.4953997229304,152
15380000,30760.000005349135,-205817.8693989492,299.7264325907543,152
15385000,30770.000005351172,-205496.44594020094,300.65875827808236,152
15390000,30780.00000535321,-205282.222031884,302.7928320829324,152
15395000,30790.000005355247,-206429.29031778534,294.7450746839186,152
15400000,30800.000005357284,-207048.563174873,300.0194811010929,152
15405000,30810.00000535932,-206257.25889883924,298.39325656774247,152
15410000,30820.00000536136,-206328.13433219958,301.0542437379916,152
15415000,30830.000005363396,-206419.37503610319,302.602121646712,152
15420000,30840.000005365433,-206555.90085415798,300.5208889700129,152
15425000,30850.00000536747,-207424.94205968443,300.1358656003257,152
15430000,30860.000005369508,-206841.6915215418,302.57301557506537,152
15435000,30870.000005371545,-206064.74484766345,305.6110377712252,152
15440000,30880.000005373582,-206169.13165043923,302.86134694484616,152
15445000,30890.00000537562,-205989.64365288976,300.91950191963434,152
15450000,30900.000005377657,-206434.18836580066,298.07160390300396,152
15455000,30910.000005379694,-206320.3684232625,297.45890189790947,152
15460000,30920.00000538173,-205827.64208142902,298.2917368055269,152
15465000,30930.00000538377,-206229.6025776536,303.0892203425783,152
15470000,30940.000005385806,-206198.3061746247,305.62452934658944,152
15475000,30950.000005387843,-206304.85396739072,301.7162648225937,152
15480000,30960.00000538988,-205923.09148965392,300.8668304206128,152
15485000,30970.000005391918,-206671.99303763476,298.90496197366787,152
15490000,30980.000005393955,-205758.9081350976,299.80563686148736,152
15495000,30990.000005395992,-206641.76603538508,295.9318145847507,152
15500000,31000.00000539803,-206331.44849667058,301.226451370163,152
15505000,31010.000005400067,-206207.32377309678,299.44868967399077,152
15510000,31020.000005402104,-205971.565694905,298.46465253197783,152
15515000,31030.00000540414,-206643.0821453801,301.09707986688056,152
15520000,31040.00000540618,-206323.50543905701,298.7819528768481,152
15525000,31050.000005408216,-207004.67078021425,298.2712040128637,152
15530000,31060.000005410253,-206250.87010946893,294.1504140776232,152
15535000,31070.00000541229,-206725.7663629155,303.71921542325913,152
15540000,31080.000005414327,-206267.80791126867,301.22234455259235,152
15545000,31090.000005416365,-206806.96396439348,297.69699358676763,152
15550000,31100.000005418402,-206280.89736601117,301.2382993901633,152
15555000,31110.00000542044,-206355.19379230053,298.4628075558981,152
15560000,31120.000005422477,-207133.57887982717,300.25909603928915,152
15565000,31130.000005424514,-206590.12220281048,300.9343036935288,152
15570000,31140.00000542655,-206313.7733964892,294.6179523119659,152
15575000,31150.00000542859,-206800.10412975785,300.04610226869283,152
15580000,31160.000005430626,-206574.0370132398,301.6616452566773,152
15585000,31170.000005432663,-206205.00680375216,301.9994104451514,152
15590000,31180.0000054347,-206232.55062897655,299.55154790460875,152
15595000,31190.000005436737,-206085.2924557228,299.73711255261316,152
15600000,31200.000005438775,-207177.4547971188,302.6776176051705,152
15605000,31210.000005440812,-206604.55694948777,304.05049152532575,152
15610000,31220.00000544285,-205952.36747983273,298.2996773884952,152
15615000,31230.000005444886,-205723.23728089116,301.38680078719375,152
15620000,31240.000005446924,-206326.5078864562,301.42406687652107,152
15625000,31250.00000544896,-206267.75985388982,300.2644283992937,152
15630000,31260.000005451,-206588.1555372486,302.77516303930196,152
15635000,31270.000005453036,-205533.04812998744,295.38461397159347,152
15640000,31280.000005455073,-206035.32928214944,300.73653243597147,152
15645000,31290.00000545711,-206286.1889418692,300.68916749977103,152
15650000,31300.000005459147,-206004.268473609,298.3848466131702,152
15655000,31310.000005461185,-206117.91734350647,300.0890373228311,152
15660000,31320.000005463222,-206199.21769301966,297.893080319766,152
15665000,31330.00000546526,-206607.60993094812,299.3853910201909,152
15670000,31340.000005467296,-206636.89985073276,302.01503200583693,152
15675000,31350.000005469334,-205827.60497288697,299.0738722139399,152
15680000,31360.00000547137,-206932.6268601237,297.10222317253056,152
15685000,31370.00000547341,-206944.78850424115,298.96067696952736,152
15690000,31380.000005475446,-207139.20041004533,302.34773303282617,152
15695000,31390.000005477483,-205963.33165569347,301.6068776896484,152
15700000,31400.00000547952,-205841.63632727426,303.6342453005248,152
15705000,31410.000005481557,-205883.6438557586,301.45664307208114,152
15710000,31420.000005483595,-206149.5363947678,294.6808542884357,152
15715000,31430.000005485632,-206212.73955625074,297.3327334829571,152
15720000,31440.00000548767,-206517.34698679566,301.65791144970837,152
15725000,31450.000005489706,-206629.46923666075,300.4753449663542,152
15730000,31460.000005491744,-206700.2147381102,299.24918962404234,152
15735000,31470.00000549378,-206416.20162929455,299.1988243351214,152
15740000,31480.00000549582,-206427.10914778465,301.643988946746,152
15745000,31490.000005497855,-206933.71161886945,303.6302887088903,152
15750000,31500.000005499893,-206585.62761761225,300.7229937948483,152
15755000,31510.00000550193,-206474.5474836221,299.88378018372356,152
15760000,31520.000005503967,-206478.43933556543,302.97687091318704,152
15765000,31530.000005506005,-207120.67745600326,299.83055097054176,152
15770000,31540.00000550804,-206429.76932522072,306.1193318893305,152
15775000,31550.00000551008,-206467.21281132638,300.74353316441443,152
15780000,31560.000005512116,-205934.01849653723,302.97789171268727,152
15785000,31570.000005514154,-206400.1591706447,302.9258489945223,152
15790000,31580.00000551619,-207016.24813521083,296.572087824833,152
15795000,31590.000005518228,-206350.85045841592,301.9393811817005,152
15800000,31600.000005520265,-206800.26348455716,299.656548980007,152
15805000,31610.000005522303,-206105.17355607764,302.403704621114,152
15810000,31620.00000552434,-206059.5789871388,300.0582477362543,152
15815000,31630.000005526377,-206288.16691746365,303.02798452720674,152
15820000,31640.000005528414,-206669.8166621573,299.7360077393636,152
15825000,31650.00000553045,-206066.66174866643,303.77012442675374,152
15830000,31660.00000553249,-206617.49884731695,301.03145209150784,152
15835000,31670.000005534526,-205888.1371079185,303.44785803178365,152
15840000,31680.000005536564,-206887.2774415888,302.75153107701647,152
15845000,31690.0000055386,-206820.80969976948,302.83428403094297,152
15850000,31700.000005540638,-205896.79253129347,301.8103319046561,152
15855000,31710.000005542675,-206654.7499203058,300.73124812635245,152
15860000,31720.000005544713,-205758.2790994828,303.52135149171204,152
15865000,31730.00000554675,-206218.48450283776,306.4231772533027,152
15870000,31740.000005548787,-206585.73727627937,297.84056611216323,152
15875000,31750.000005550824,-206716.51571125456,298.62657106147253,152
15880000,31760.00000555286,-206487.4156479634,299.1138759490176,152
15885000,31770.0000055549,-206719.89645871858,301.1223716588121,152
15890000,31780.000005556936,-206889.4610505657,299.9082268641625,152
15895000,31790.000005558973,-206452.35293029144,295.4726342113286,152
15900000,31800.00000556101,-206179.3756968081,300.68091880845697,152
15905000,31810.000005563048,-206237.10248627968,301.66030185137475,152
15910000,31820.000005565085,-206026.82065048697,296.48709685872245,152
15915000,31830.000005567123,-206922.35528040165,300.0730313974245,152
15920000,31840.00000556916,-206028.49236932734,301.3393878464958,152
15925000,31850.000005571197,-206501.9750619009,301.40425775189465,152
15930000,31860.000005573234,-206313.41454388585,306.33391654309077,152
15935000,31870.00000557527,-205589.54159387667,302.1039942047707,152
15940000,31880.00000557731,-206730.2839560865,297.3849647837176,152
15945000,31890.000005579346,-206772.16198932228,302.4768954479983,152
15950000,31900.000005581383,-206815.50277641218,302.827672304326,152
15955000,31910.00000558342,-206845.8797630485,297.2464633256217,152
15960000,31920.000005585458,-206766.5319448904,298.6652007682407,152
15965000,31930.000005587495,-207058.06113354198,298.9158185288957,152
15970000,31940.000005589533,-206430.27909654856,300.43611137492144,152
15975000,31950.00000559157,-206039.8656211669,302.8888352081057,152
15980000,31960.000005593607,-206591.22191034176,298.8731439457799,152
15985000,31970.000005595644,-207210.70777716686,302.45126199602066,152
15990000,31980.00000559768,-206726.87280274974,301.05752973467673,152
15995000,31990.00000559972,-206344.13452672842,303.6206452589071,152
16000000,32000.000005601756,-206899.32808059594,298.54784686219904,152
16005000,32010.000005603793,-206672.7665476778,301.0859031094359,152
16010000,32020.00000560583,-206282.42168828438,301.44260253715987,152
16015000,32030.000005607868,-206561.34569948993,299.33921517458253,152
16020000,32040.000005609905,-206097.16389919526,302.35022484636994,152
16025000,32050.000005611942,-206199.29113681882,299.9120689209589,152
16030000,32060.00000561398,-206430.85542724933,298.8706822992921,152
16035000,32070.000005616017,-206647.97579197644,300.2848396038344,152
16040000,32080.000005618054,-207069.09361777117,297.58311979451423,152
16045000,32090.00000562009,-206342.09436578956,301.471512355432,152
16050000,32100.00000562213,-205487.7123060458,296.94809998165533,152
16055000,32110.000005624166,-206124.0526787358,298.5399810127138,152
16060000,32120.000005626203,-206118.00461135246,302.12674244476204,152
16065000,32130.00000562824,-206439.9593357786,300.8798738465208,152
16070000,32140.000005630278,-206424.89763470215,301.976021800018,152
16075000,32150.000005632315,-206847.96597022086,294.8462824748385,152
16080000,32160.000005634352,-206543.48897106352,300.5823842385506,152
16085000,32170.00000563639,-206413.73690076044,304.8912528310204,152
16090000,32180.000005638427,-206269.75258799957,296.86026307758544,152
16095000,32190.000005640464,-206723.65595167177,297.4248879993437,152
16100000,32200.0000056425,-206729.46891639126,297.3993317651422,152
16105000,32210.00000564454,-206685.67654992873,299.38307870654484,152
16110000,32220.000005646576,-206079.4356809127,303.54458394480565,152
16115000,32230.000005648613,-206511.0664902262,302.618648468576,152
16120000,32240.00000565065,-207163.20873505913,295.3551176502963,152
16125000,32250.000005652688,-206904.59264282777,297.09092191975543,152
16130000,32260.000005654725,-206876.75909122336,302.9151711237922,152
16135000,32270.000005656762,-206782.32742568373,304.3964203421978,152
16140000,32280.0000056588,-205643.78331635927,301.79707123045,152
16145000,32290.000005660837,-205960.31413963845,294.83281413037855,152
16150000,32300.000005662874,-206973.50524121348,303.4638097824818,152
16155000,32310.00000566491,-206416.03239690396,301.5651403847574,152
16160000,32320.00000566695,-205756.2808062859,300.529546190206,152
16165000,32330.000005668986,-206779.18445251405,305.5364653107738,152
16170000,32340.000005671023,-205980.35933054972,298.65943678058204,152
16175000,32350.00000567306,-207107.1831720851,296.5840592558926,152
16180000,32360.000005675098,-205888.27349752584,302.49639874960206,152
16185000,32370.000005677135,-206168.36894968117,300.99671313192374,152
16190000,32380.000005679172,-207112.77437499317,302.0504042878764,152
16195000,32390.00000568121,-205937.58084455843,297.94652215068254,152
16200000,32400.000005683247,-206194.32236850203,304.79985929455506,152
16205000,32410.000005685284,-206903.61278982682,300.35667335026335,152
16210000,32420.00000568732,-205724.5862632686,293.2705866327272,152
16215000,32430.00000568936,-205919.86977575708,302.8625593882822,152
16220000,32440.000005691396,-206877.04510660341,302.5162088797214,152
16225000,32450.000005693433,-206172.55725049612,299.6050716713622,152
16230000,32460.00000569547,-207063.83964660333,299.0562348658901,152
16235000,32470.000005697508,-206388.56295784796,300.5303599996087,152
16240000,32480.000005699545,-206143.21806880354,301.3344545977309,152
16245000,32490.000005701582,-206309.73207697843,302.6376478694831,152
16250000,32500.00000570362,-205574.81717054755,302.08248797193306,152
16255000,32510.000005705657,-205667.54069806426,298.3377472317286,152
16260000,32520.000005707694,-206631.96361181268,300.4144903985238,152
16265000,32530.00000570973,-206887.5346110576,304.67568130761447,152
16270000,32540.00000571177,-206504.39849078318,302.3660339143625,152
16275000,32550.000005713806,-206789.80883107893,299.7683750626773,152
16280000,32560.000005715843,-206741.254769,303.88474484801384,152
16285000,32570.00000571788,-207150.306869815,296.4407559972073,152
16290000,32580.000005719918,-206761.7837417823,298.11720200778007,152
16295000,32590.000005721955,-206087.5551870386,298.08795060674396,152
16300000,32600.000005723992,-207101.74776327575,300.94210349580624,152
16305000,32610.00000572603,-205637.7141693586,299.2526988598393,152
16310000,32620.000005728067,-205456.31363095867,299.65596133446445,152
16315000,32630.000005730104,-206806.4479787479,297.41869588951624,152
16320000,32640.00000573214,-206833.74638268223,298.479743870884,152
16325000,32650.00000573418,-205906.3579226858,299.96151922190114,151
16330000,32660.000005736216,-205238.05877585243,305.2862765903893,151
16335000,32670.000005738253,-206710.124435122,300.3757270871517,151
16340000,32680.00000574029,-206407.09568867448,299.7202106084947,151
16345000,32690.000005742328,-206479.54743582977,301.4858250127409,151
16350000,32700.000005744365,-206344.40131463995,303.67365122028593,151
16355000,32710.000005746402,-206685.08055207203,302.67917533123614,151
16360000,32720.00000574844,-205675.5707713226,300.1563915929827,151
16365000,32730.000005750477,-206929.82786853134,300.2166709077101,151
16370000,32740.000005752514,-206868.44436325843,297.77172784284653,151
16375000,32750.00000575455,-207149.35180375562,305.1969332671429,151
16380000,32760.00000575659,-206083.9473357544,300.27134383518614,151
16385000,32770.00000575862,-206302.14889144315,303.46467725907763,151
16390000,32780.00000576066,-206317.3776609908,297.09754360262554,151
16395000,32790.0000057627,-206625.2249475601,303.47383513604797,151
16400000,32800.000005764734,-206362.53041881358,300.19247426913785,151
16405000,32810.00000576677,-206329.18914170342,298.5069890248397,151
16410000,32820.00000576881,-206221.76102534973,301.14265842097115,151
16415000,32830.000005770846,-206141.91073725058,304.58797169277307,151
16420000,32840.00000577288,-206421.40913566074,298.11313266730104,151
16425000,32850.00000577492,-206060.11435523455,298.2014190203567,151
16430000,32860.00000577696,-207203.31585691054,298.3519946048436,151
16435000,32870.000005778995,-206586.85292503098,300.0752523680706,151
16440000,32880.00000578103,-206426.82458143646,304.0101661336909,151
16445000,32890.00000578307,-206142.00233259203,300.55496299848147,151
16450000,32900.00000578511,-205939.68182794435,298.1588424510565,151
16455000,32910.000005787144,-207023.01565297158,303.3803078147329,151
16460000,32920.00000578918,-207080.19250331202,295.3796265472585,151
16465000,32930.00000579122,-206444.2837085448,305.41069206214024,151
16470000,32940.000005793256,-206860.4138308944,303.11852905708093,151
16475000,32950.00000579529,-206298.97034388746,302.5109422876568,151
16480000,32960.00000579733,-206063.26963877957,299.9206177547183,151
16485000,32970.00000579937,-206378.80403132283,301.26413980559516,151
16490000,32980.000005801405,-206181.45446607273,301.8780281295518,151
16495000,32990.00000580344,-207140.94926191564,301.03100558879373,151
16500000,33000.00000580548,-206167.547030468,298.05777076547884,151
16505000,33010.00000580752,-206190.66090641276,299.404722106628,151
16510000,33020.000005809554,-206755.51555846585,301.5795925461313,151
16515000,33030.00000581159,-206492.36868986965,302.2700429375091,151
16520000,33040.00000581363,-206405.84858839295,302.86312149724154,151
16525000,33050.000005815666,-206525.33729177492,298.0299187057435,151
16530000,33060.0000058177,-206794.61714999587,302.0375458385214,151
16535000,33070.00000581974,-206487.41942472407,297.28661537865906,151
16540000,33080.00000582178,-206371.66858890513,304.1822731520683,151
16545000,33090.000005823815,-206395.99899764953,301.4285554624372,151
16550000,33100.00000582585,-206936.15603307064,303.30576374439914,151
16555000,33110.00000582789,-206152.2687178381,298.77132746184213,151
16560000,33120.00000582993,-205627.52527933766,298.007272918834,151
16565000,33130.000005831964,-206394.87228932348,306.855905010299,151
16570000,33140.000005834,-206950.58958293416,300.3225722297023,151
16575000,33150.00000583604,-206583.79925525084,302.3641747853369,151
16580000,33160.000005838076,-207317.58778798615,301.37274792516547,151
16585000,33170.00000584011,-206392.87066954444,299.10599669215594,151
16590000,33180.00000584215,-206222.11668302352,299.3412688590939,151
16595000,33190.00000584419,-206300.24668089033,298.7719228541217,151
16600000,33200.000005846225,-206444.21930420015,296.7583755666238,151
16605000,33210.00000584826,-206366.63071450614,299.3381766682462,151
16610000,33220.0000058503,-206489.01441597613,303.47869336608704,151
16615000,33230.00000585234,-206681.4392509961,301.9942676883142,151
16620000,33240.000005854374,-207204.80475141096,297.3772515049235,151
16625000,33250.00000585641,-206192.2869737764,302.22431133631994,151
16630000,33260.00000585845,-207243.64621913177,300.12396491642033,151
16635000,33270.000005860486,-207231.92461342807,301.13541715457194,151
16640000,33280.00000586252,-206460.47586300783,302.57585182431336,151
16645000,33290.00000586456,-207188.38247874368,297.8333910003163,151
16650000,33300.0000058666,-206381.67524261167,301.81040934050367,151
16655000,33310.000005868635,-206458.03744476323,300.68656411194735,151
16660000,33320.00000587067,-205955.08084500767,302.7268605301746,151
16665000,33330.00000587271,-206476.79778086056,302.12044270133714,151
16670000,33340.00000587475,-206266.5641888507,298.94529395376645,151
16675000,33350.000005876784,-205998.0246924234,299.05056571359364,151
16680000,33360.00000587882,-207194.92062343238,299.0740869241188,151
16685000,33370.00000588086,-206265.04374824592,298.41048924390134,151
16690000,33380.000005882895,-206453.14865579584,297.6207176368927,151
16695000,33390.00000588493,-207008.6038807293,302.3328662136069,151
16700000,33400.00000588697,-207088.99465167278,301.00138431481463,151
16705000,33410.00000588901,-207140.73315485276,305.0064197687172,151
16710000,33420.000005891045,-206318.62652322534,299.71984137522514,151
16715000,33430.00000589308,-205995.55842834606,302.6991856740984,151
16720000,33440.00000589512,-206523.54545971774,301.15977667662986,151
16725000,33450.00000589716,-206736.52347850834,299.20692449575677,151
16730000,33460.000005899194,-206283.71969770198,298.7019838095209,151
16735000,33470.00000590123,-207530.24072886189,297.3664330649243,151
16740000,33480.00000590327,-206022.23598001967,298.014035432804,151
16745000,33490.000005905305,-205920.82877252286,298.7794289363865,151
16750000,33500.00000590734,-206435.4963069294,298.16907877912394,151
16755000,33510.00000590938,-206151.5431884306,302.859536355234,151
16760000,33520.00000591142,-206683.43810987112,295.50871690579146,151
16765000,33530.000005913455,-206544.5811187541,304.4435968463264,151
16770000,33540.00000591549,-206899.14846951724,300.2924978752281,151
16775000,33550.00000591753,-207271.76413613372,300.291199521776,151
16780000,33560.000005919566,-206924.7095803012,298.9925293357104,151
16785000,33570.0000059216,-206585.3592475024,300.4922295083781,151
16790000,33580.00000592364,-206150.05685340217,296.2985575900831,151
16795000,33590.00000592568,-206002.96651751606,299.10008556078714,151
16800000,33600.000005927715,-206436.2483423557,301.6753328375798,151
16805000,33610.00000592975,-206180.60643904668,300.4641416121145,151
16810000,33620.00000593179,-206163.06408172718,297.30876743364723,151
16815000,33630.00000593383,-206820.4129206055,304.5898603491643,151
16820000,33640.000005935864,-206068.47169154917,297.9798357224241,151
16825000,33650.0000059379,-206702.05263199145,304.07802701097603,151
16830000,33660.00000593994,-205877.60234885418,295.6032357953915,151
16835000,33670.000005941976,-207076.46803916176,301.26630402737874,151
16840000,33680.00000594401,-206948.07373700675,294.73618845787456,151
16845000,33690.00000594605,-206869.49665357184,299.68306355689015,151
16850000,33700.00000594809,-206668.63035869086,300.754200254557,151
16855000,33710.000005950125,-206873.30615353363,298.85393052935314,151
16860000,33720.00000595216,-206976.88089646364,297.7809725602897,151
16865000,33730.0000059542,-206548.5037767524,301.54364632086134,151
16870000,33740.00000595624,-206793.95022330573,303.5676802965064,151
16875000,33750.000005958274,-206316.82390395144,300.43513679136487,151
16880000,33760.00000596031,-206317.73754670937,301.1155221503997,151
16885000,33770.00000596235,-205729.73904660367,300.65454071494344,151
16890000,33780.000005964386,-206572.8610767905,299.3794643466235,151
16895000,33790.00000596642,-206900.27773332933,300.062164486117,151
16900000,33800.00000596846,-205965.5205068034,303.8365285674265,151
16905000,33810.0000059705,-206230.22278931004,295.25548064382394,151
16910000,33820.000005972535,-206313.13619977143,301.7643835412214,151
16915000,33830.00000597457,-207217.40016883914,298.24559004610234,151
16920000,33840.00000597661,-206408.37725908007,299.628912427978,151
16925000,33850.00000597865,-207043.86227883375,296.1612897443869,151
16930000,33860.000005980684,-206274.15991346526,298.911808809277,151
16935000,33870.00000598272,-206445.30299003667,302.8341595256846,151
16940000,33880.00000598476,-206931.45966953086,300.428623506127,151
16945000,33890.000005986796,-205438.7428889773,299.1822232623642,151
16950000,33900.00000598883,-206160.93116553302,299.56385528206135,151
16955000,33910.00000599087,-206536.55229375162,296.9854383770109,151
16960000,33920.00000599291,-206442.38142801065,302.21654912066737,151
16965000,33930.000005994945,-206886.29031076108,298.78721134182524,151
16970000,33940.00000599698,-206479.03475204099,305.11134507297834,151
16975000,33950.00000599902,-206213.3011306387,303.4165023346114,151
16980000,33960.00000600106,-206029.54037397378,299.5952739137779,151
16985000,33970.000006003094,-206582.7736044709,300.17022551614934,151
16990000,33980.00000600513,-206204.41846466262,304.30730822721534,151
16995000,33990.00000600717,-206682.75302579068,299.5913595558045,151
17000000,34000.000006009206,-206141.47510489053,300.1390797132489,151
17005000,34010.00000601124,-206439.8042139645,301.3643379809842,151
17010000,34020.00000601328,-206319.21375617443,299.22972957425543,151
17015000,34030.00000601532,-205640.41142882267,298.2242067934322,151
17020000,34040.000006017355,-206481.18151244137,302.4008717282508,151
17025000,34050.00000601939,-206375.79784342425,297.61686167228703,151
17030000,34060.00000602143,-205887.46425575973,302.7418052832499,151
17035000,34070.00000602347,-206351.14766128536,296.01337262269806,151
17040000,34080.000006025504,-207304.4611816596,300.0015361391169,151
17045000,34090.00000602754,-206249.93578615866,300.81289035647734,151
17050000,34100.00000602958,-206797.6357952687,305.2393143143895,151
17055000,34110.000006031616,-205584.40577337914,298.44770433233094,151
17060000,34120.00000603365,-206046.23817796085,302.31712602861063,151
17065000,34130.00000603569,-207339.72990942467,294.1153405123703,151
17070000,34140.00000603773,-206238.76812083903,298.3853266530727,151
17075000,34150.000006039765,-206207.18468119996,301.49517099475014,151
17080000,34160.0000060418,-206637.86451991508,303.01380783367057,151
17085000,34170.00000604384,-207157.92924987606,305.91655537632727,151
17090000,34180.00000604588,-206889.54292131402,297.12677640795874,151
17095000,34190.000006047914,-207026.4184864103,302.3414005685907,151
17100000,34200.00000604995,-206400.69878037123,297.28890322167155,151
17105000,34210.00000605199,-207260.95422883623,301.5708462074148,151
17110000,34220.000006054026,-206525.6599419542,300.7831568939341,151
17115000,34230.00000605606,-206370.60331321775,306.21994875748703,151
17120000,34240.0000060581,-206444.43036913197,299.4827906043283,151
17125000,34250.00000606014,-204862.1592115598,299.000255304282,151
17130000,34260.000006062175,-205400.5023861474,301.6481382222693,151
17135000,34270.00000606421,-205861.99817484093,301.42741718033466,151
17140000,34280.00000606625,-206274.812856192,296.7004539640198,151
17145000,34290.00000606829,-206046.2118923174,298.6082779748679,151
17150000,34300.000006070324,-207427.2505161739,299.6508356086337,151
17155000,34310.00000607236,-205645.2867483867,299.2431256013274,151
17160000,34320.0000060744,-206379.48486651666,304.95877267532273,151
17165000,34330.000006076436,-206854.8175629977,303.1341008775423,151
17170000,34340.00000607847,-205931.6427732684,300.7398108215582,151
17175000,34350.00000608051,-206142.76661053242,302.3224946601784,151
17180000,34360.00000608255,-205391.64237491332,298.0655000009969,151
17185000,34370.000006084585,-206354.25638690405,302.3168288247441,151
17190000,34380.00000608662,-205567.52399019466,296.81213843475996,151
17195000,34390.00000608866,-206725.60656926502,298.40251410870246,151
17200000,34400.0000060907,-206471.71776305523,298.72398627234855,151
17205000,34410.000006092734,-205861.01463264006,300.92348996656165,151
17210000,34420.00000609477,-206251.2866663416,300.26656899139874,151
17215000,34430.00000609681,-205920.54227182083,298.1160665677169,151
17220000,34440.000006098846,-205820.55304058758,296.6140286469764,151
17225000,34450.00000610088,-206611.72855609457,298.79896151216974,151
17230000,34460.00000610292,-206471.81946682755,306.0167192708072,151
17235000,34470.00000610496,-206372.36930200201,295.0180031710989,151
17240000,34480.000006106995,-206683.3448721713,303.828870322011,151
17245000,34490.00000610903,-206457.37658968836,300.8786925106827,151
17250000,34500.00000611107,-206352.51098081807,302.4774182851233,151
17255000,34510.00000611311,-206303.6991529006,299.6417489031459,151
17260000,34520.000006115144,-206429.2213418266,300.21669312218467,151
17265000,34530.00000611718,-206868.07317907026,300.98266190241964,151
17270000,34540.00000611922,-207312.05671929638,301.4622159343589,151
17275000,34550.000006121256,-206194.99688185123,300.02055329095805,151
17280000,34560.00000612329,-206305.58482083725,298.83499898841126,151
17285000,34570.00000612533,-206717.88889506634,296.6814850092927,151
17290000,34580.00000612737,-207160.53305577172,301.88099995943116,151
17295000,34590.000006129405,-206818.78961410047,303.83982994432023,151
17300000,34600.00000613144,-206450.66939780628,297.6839317986605,151
17305000,34610.00000613348,-206514.51092513825,299.4436297286652,151
17310000,34620.00000613552,-205721.20083615056,298.37923026885244,151
17315000,34630.000006137554,-206442.0222951949,301.2954153848778,151
17320000,34640.00000613959,-206150.85862953623,300.18890526082515,151
17325000,34650.00000614163,-206845.29296548024,300.43033465466226,151
17330000,34660.000006143666,-206765.91975739517,293.5929753627813,151
17335000,34670.0000061457,-206849.94574455486,298.5564084228777,151
17340000,34680.00000614774,-207080.15172426007,302.8433984314197,151
17345000,34690.00000614978,-205911.0711519781,300.502325603686,151
17350000,34700.000006151815,-206404.43198680726,304.48152240176137,151
17355000,34710.00000615385,-207074.63798999542,296.5846619053675,151
17360000,34720.00000615589,-206100.90794401278,303.5235542235344,151
17365000,34730.00000615793,-205654.32458869356,300.7855935188416,151
17370000,34740.000006159964,-206408.84842465026,297.09325086448,151
17375000,34750.000006162,-206295.58396153664,298.91499445783705,151
17380000,34760.00000616404,-206653.76634339278,297.72524293642977,151
17385000,34770.000006166076,-206400.19468510395,301.8927051363543,151
17390000,34780.00000616811,-206749.56625753443,298.12926953551283,151
17395000,34790.00000617015,-205680.69958107965,299.8134629035774,151
17400000,34800.00000617219,-205253.55381708557,302.85873796043614,151
17405000,34810.000006174225,-207245.2465104087,294.08879878466166,151
17410000,34820.00000617626,-205775.5961732784,300.226354829584,151
17415000,34830.0000061783,-205983.81955993793,302.86038795232537,151
17420000,34840.00000618034,-206298.04045248404,305.2212420805779,151
17425000,34850.000006182374,-205980.35136104783,299.1282159924434,151
17430000,34860.00000618441,-206505.29483338504,302.5286258939946,151
17435000,34870.00000618645,-206107.57413107052,299.90639559967417,151
17440000,34880.000006188486,-205889.43307133205,302.2935232637343,151
17445000,34890.00000619052,-205917.96109064412,300.6553904007836,151
17450000,34900.00000619256,-205880.8631579911,301.4458995292902,151
17455000,34910.0000061946,-206769.1055045044,309.81699843489076,151
17460000,34920.000006196635,-206146.53161318682,301.44063617482357,151
17465000,34930.00000619867,-206092.19855286612,298.9907936800915,151
17470000,34940.00000620071,-206087.29023738764,303.14163759572097,151
17475000,34950.00000620275,-206904.99377822364,298.34234726343664,151
17480000,34960.000006204784,-206690.91333646083,304.9179272610163,151
17485000,34970.00000620682,-206995.81736395368,301.7353819024292,151
17490000,34980.00000620886,-206838.65775096242,302.6561400577132,151
17495000,34990.000006210896,-206358.48072143062,304.18715610341445,151
17500000,35000.00000621293,-205919.2733046962,303.7665213018971,151
17505000,35010.00000621497,-205574.9822255168,302.0365169203525,151
17510000,35020.00000621701,-206386.6771568479,304.2634606857949,151
17515000,35030.000006219045,-206238.7504837328,301.91613295641775,151
17520000,35040.00000622108,-205781.10002574255,302.91056157356473,151
17525000,35050.00000622312,-206541.0884265526,300.84282324432274,151
17530000,35060.00000622516,-205386.92726373568,304.8499437316069,151
17535000,35070.000006227194,-206017.25153971824,299.76658395669176,151
17540000,35080.00000622923,-205790.29251294583,297.8770534602827,151
17545000,35090.00000623127,-206900.89389596484,301.8176068399372,151
17550000,35100.000006233306,-205625.0105934604,299.21321084157245,151
17555000,35110.00000623534,-206790.46210618562,295.9607202598229,151
17560000,35120.00000623738,-207491.45468352933,304.12137907969486,151
17565000,35130.00000623942,-206304.56413217098,300.7067036680481,151
17570000,35140.000006241455,-206265.72458584968,298.06223045738415,151
17575000,35150.00000624349,-206249.58720644622,304.0663369503379,151
17580000,35160.00000624553,-206700.60851161857,297.86479220752705,151
17585000,35170.00000624757,-207682.16408144275,296.8647728257074,151
17590000,35180.000006249604,-206664.5302180848,298.47363752499774,151
17595000,35190.00000625164,-206297.31644538755,300.2029766582081,151
17600000,35200.00000625368,-206347.59623877832,296.982648146863,151
17605000,35210.000006255716,-205891.2791618061,299.3834498405863,151
17610000,35220.00000625775,-206406.5117401604,298.9634563620215,151
17615000,35230.00000625979,-206640.66917063168,304.37908122109167,151
17620000,35240.00000626183,-205979.21992262348,302.54476863343,151
17625000,35250.000006263865,-206659.50159532437,300.0904510732733,151
17630000,35260.0000062659,-206328.86915490497,302.9939181657006,151
17635000,35270.00000626794,-206097.5254078298,297.2093806999999,151
17640000,35280.00000626998,-206900.87337906007,300.99129229439507,151
17645000,35290.000006272014,-206138.5794551914,300.6066658313894,151
17650000,35300.00000627405,-206410.459328654,303.6608652821115,151
17655000,35310.00000627609,-206596.59135870181,299.17372559445,151
17660000,35320.000006278126,-205994.16751141485,297.07123131799057,151
17665000,35330.00000628016,-206261.4060734139,299.8057110423407,151
17670000,35340.0000062822,-206384.61010591034,298.300679537161,151
17675000,35350.00000628424,-205839.3945532986,298.30485821071227,151
17680000,35360.000006286275,-205950.37744661898,304.4470889269063,151
17685000,35370.00000628831,-206544.9612879235,301.21163093881313,151
17690000,35380.00000629035,-206598.57100669073,300.10948229745395,151
17695000,35390.00000629239,-206321.6644632984,297.21481512012514,151
17700000,35400.000006294424,-206422.33242655394,300.5179885483741,151
17705000,35410.00000629646,-206480.19205567648,300.05061524319393,151
17710000,35420.0000062985,-206239.99370077625,297.7922993787929,151
17715000,35430.000006300535,-206381.56620117184,296.06369972891963,151
17720000,35440.00000630257,-206434.43334017834,299.54269002882245,151
17725000,35450.00000630461,-205585.3181299453,301.84598153525263,151
17730000,35460.00000630665,-206319.26905537152,300.202575594852,151
17735000,35470.000006308685,-207397.7372432457,301.26523583192176,151
17740000,35480.00000631072,-206499.12626899604,302.24843836334315,151
17745000,35490.00000631276,-206766.0300140531,299.2387234233557,151
17750000,35500.000006314796,-206614.4046927049,301.0977223231107,151
17755000,35510.00000631683,-205915.53768935718,298.8399413549807,151
17760000,35520.00000631887,-206438.5648742119,303.19582321211305,151
17765000,35530.00000632091,-206726.52256833215,293.2884290631373,151
17770000,35540.000006322945,-206470.87241728045,300.2289726739735,151
17775000,35550.00000632498,-206893.2680953613,301.00167085480047,151
17780000,35560.00000632702,-206012.16624938697,292.9379643394779,151
17785000,35570.00000632906,-207117.2948967805,300.5325240952447,151
17790000,35580.000006331094,-206733.43678065832,297.18050161253103,151
17795000,35590.00000633313,-206613.5445625499,299.77208013436416,151
17800000,35600.00000633517,-206118.8697223647,298.87161842968567,151
17805000,35610.000006337206,-206267.05907800305,303.227916532909,151
17810000,35620.00000633924,-206342.29888264986,300.32798581749273,151
17815000,35630.00000634128,-205956.46714188973,297.8907458516645,151
17820000,35640.00000634332,-206611.5252729695,297.2594790369815,151
17825000,35650.000006345355,-206465.9405176657,300.1249247534683,151
17830000,35660.00000634739,-206582.34744644468,298.64686706978046,151
17835000,35670.00000634943,-205870.88273703156,294.98071712407165,151
17840000,35680.00000635147,-206359.01299834962,300.58889321017193,151
17845000,35690.000006353504,-206194.94729159598,296.32052258667335,151
17850000,35700.00000635554,-206576.25121302658,300.50898335356396,151
17855000,35710.00000635758,-206684.8521365975,302.4744013573071,151
17860000,35720.000006359616,-206677.16800869082,300.99256292706343,151
17865000,35730.00000636165,-206632.13851562736,301.95358097842524,151
17870000,35740.00000636369,-206054.2183466556,297.6140713285404,151
17875000,35750.00000636573,-206182.25069171004,299.4888649982477,151
17880000,35760.000006367765,-206886.3576594029,300.8739336824098,151
17885000,35770.0000063698,-206639.64561985445,296.9178539882235,151
17890000,35780.00000637184,-207312.26716514118,303.4716026967586,151
17895000,35790.00000637388,-206375.99529914476,300.97840555516035,151
17900000,35800.000006375914,-206323.68954191543,298.0817699092112,151
17905000,35810.00000637795,-206075.5418598646,301.0102212546902,151
17910000,35820.00000637999,-206066.66636467236,301.33989499093406,151
17915000,35830.000006382026,-206788.53828435193,299.23980246849015,151
17920000,35840.00000638406,-206104.031931523,299.8457671531216,151
17925000,35850.0000063861,-206174.5695857486,301.8015360356615,151
17930000,35860.00000638814,-205845.1465470345,292.55782771345775,151
17935000,35870.000006390175,-206852.97107524367,297.37746563004913,151
17940000,35880.00000639221,-205654.90720822907,298.84402923423187,151
17945000,35890.00000639425,-206736.38750521664,300.9672489107736,151
17950000,35900.00000639629,-206065.26818992675,300.4503560434142,151
17955000,35910.000006398324,-206074.1057208107,301.76775126643804,151
17960000,35920.00000640036,-206694.80819447688,294.6352536397215,151
17965000,35930.0000064024,-206261.84924420854,295.84650044462654,151
17970000,35940.000006404436,-205081.08513837168,300.90108792919244,151
17975000,35950.00000640647,-206511.84654357343,300.2802244988768,151
17980000,35960.00000640851,-206229.26038750983,304.2043686345552,151
17985000,35970.00000641055,-206855.049862587,296.11769915558585,151
17990000,35980.000006412585,-206705.56804459414,298.7163314410934,151
17995000,35990.00000641462,-206936.12296826718,305.03435523195907,151
18000000,36000.00000641666,-205517.27490105864,299.94381636955956,151
18005000,36010.0000064187,-205731.41783836402,304.3105036865527,151
18010000,36020.000006420734,-207456.9475465928,306.38780967685636,151
18015000,36030.00000642277,-205758.9712825847,300.5484120585689,151
18020000,36040.00000642481,-206302.18297083513,302.4907204037208,151
18025000,36050.000006426846,-207141.33033128793,303.2196484728914,151
18030000,36060.00000642888,-206886.0361906794,298.9425829699442,151
18035000,36070.00000643092,-205885.94425830804,301.8265324970059,151
18040000,36080.00000643296,-206394.70491824893,305.6062602605267,151
18045000,36090.000006434995,-207113.1833824705,302.3870232514836,151
18050000,36100.00000643703,-206450.54414817633,300.1214498561338,151
18055000,36110.00000643907,-206411.24797630904,297.63550995229974,151
18060000,36120.00000644111,-206850.8573688959,300.61523340053367,151
18065000,36130.000006443144,-206515.37467645144,298.2407987453509,151
18070000,36140.00000644518,-205562.72915707517,301.1191614765232,151
18075000,36150.00000644722,-206262.8130969809,302.3418645667654,151
18080000,36160.000006449256,-205544.30688945786,297.8425407437355,151
18085000,36170.00000645129,-207321.2927122265,300.4577758465312,151
18090000,36180.00000645333,-207469.46545939997,297.1833461609049,151
18095000,36190.00000645537,-206253.3036927759,300.02054303780164,151
18100000,36200.000006457405,-206848.41569355712,300.59458996744223,151
18105000,36210.00000645944,-206228.0590953934,303.5339843425722,151
18110000,36220.00000646148,-206664.48066946748,299.2826456781358,151
18115000,36230.00000646352,-206302.7303216044,296.77916019940193,151
18120000,36240.000006465554,-206414.91599565127,304.60987823162816,151
18125000,36250.00000646759,-206349.0900002455,301.40293755647184,151
18130000,36260.00000646963,-205683.50564444938,295.68690023246785,151
18135000,36270.000006471666,-206360.2704946692,300.9706661217533,151
18140000,36280.0000064737,-207279.33045966702,303.53102551042,151
18145000,36290.00000647574,-206297.29157692718,298.1721994426122,151
18150000,36300.00000647778,-206623.5490255534,302.3401761284989,151
18155000,36310.000006479815,-206172.90275025403,300.24575859915257,151
18160000,36320.00000648185,-206028.94520001288,301.4076379182494,151
18165000,36330.00000648389,-206725.87425628142,298.41019434279866,151
18170000,36340.00000648593,-207401.76111600618,300.6438486466587,151
18175000,36350.000006487964,-206360.11425221618,301.1416481185009,151
18180000,36360.00000649,-206945.45010581624,300.67938872411787,151
18185000,36370.00000649204,-206558.14239358122,299.21774105502186,151
18190000,36380.000006494076,-207074.805487536,299.86853596476067,151
18195000,36390.00000649611,-206799.28263642394,298.6551201071676,151
18200000,36400.00000649815,-206305.8373337224,303.94231408595675,151
18205000,36410.00000650019,-205934.21913255274,297.9369820728594,151
18210000,36420.000006502225,-206561.56934610766,298.587042764792,151
18215000,36430.00000650426,-206708.410140628,300.5592232676057,151
18220000,36440.0000065063,-206163.5624167081,303.8919294252995,151
18225000,36450.00000650834,-206222.41924504354,299.36287392869684,151
18230000,36460.000006510374,-205991.3601626529,301.0687101959665,151
18235000,36470.00000651241,-206734.490074771,302.5625610428211,151
18240000,36480.00000651445,-206646.342802017,300.6258565806723,151
18245000,36490.000006516486,-205971.7020176202,300.4391947208404,151
18250000,36500.00000651852,-206479.88655046222,299.58892653589595,151
18255000,36510.00000652056,-206855.80609058193,298.11542595662905,151
18260000,36520.0000065226,-206251.44508190837,299.8700412466349,151
18265000,36530.000006524635,-205939.36211590422,301.77621126714297,151
18270000,36540.00000652667,-206783.93297576974,301.2524148080792,151
18275000,36550.00000652871,-206081.3081716235,302.6128768421922,151
18280000,36560.00000653075,-206929.64744560374,300.25762189638004,151
18285000,36570.000006532784,-206241.81077722274,302.7656618464242,151
18290000,36580.00000653482,-206265.19917439856,300.0250579676645,151
18295000,36590.00000653686,-206818.33366761566,302.2779515025462,151
18300000,36600.000006538896,-206739.2076049744,299.93743846909217,151
18305000,36610.00000654093,-207064.0237908312,304.2605732423016,150
18310000,36620.00000654297,-206558.26881481078,303.8904927766335,150
18315000,36630.00000654501,-206272.10759021365,294.86910249241356,150
18320000,36640.000006547045,-206042.61771189584,298.73275963134597,150
18325000,36650.00000654908,-206611.7744326389,298.5343233901925,150
18330000,36660.00000655112,-206473.32435175148,299.2594734717633,150
18335000,36670.00000655316,-206216.43782802636,297.28058557943314,150
18340000,36680.000006555194,-206236.8773600267,298.2738056614437,150
18345000,36690.00000655723,-206011.71544642258,300.97496152536553,150
18350000,36700.00000655927,-206666.02180398197,302.3783695855978,150
18355000,36710.000006561306,-205918.66970678454,296.11371694430443,150
18360000,36720.00000656334,-206498.59392353264,300.1168543981689,150
18365000,36730.00000656538,-206168.8416061115,304.5533626432966,150
18370000,36740.00000656742,-206462.86173327372,302.3374993630544,150
18375000,36750.000006569455,-206170.11370817747,300.86170503289526,150
18380000,36760.00000657149,-206484.98631263978,297.91176192142115,150
18385000,36770.00000657353,-206255.8456701414,302.6904793222445,150
18390000,36780.00000657557,-206302.5812759531,301.408708717186,150
18395000,36790.000006577604,-207224.76226483623,298.05094935528024,150
18400000,36800.00000657964,-206276.60752116342,300.38162495025665,150
18405000,36810.00000658168,-206123.18449424882,301.18585644594356,150
18410000,36820.000006583716,-206356.6773387607,301.40799633312673,150
18415000,36830.00000658575,-205920.4914751388,297.1006844395528,150
18420000,36840.00000658779,-206439.75666206144,298.4165007998452,150
18425000,36850.00000658983,-206180.49234373285,297.6883020761259,150
18430000,36860.000006591865,-206834.54494998453,302.80595361122784,150
18435000,36870.0000065939,-206936.3591288199,299.61721611368245,150
18440000,36880.00000659594,-206712.11901652452,300.0538947804154,150
18445000,36890.00000659798,-206178.97219657525,298.9817247876917,150
18450000,36900.000006600014,-205696.0565154755,299.74566807885594,150
18455000,36910.00000660205,-206453.25771702616,295.74981280962993,150
18460000,36920.00000660409,-206508.85535495507,302.10992375274117,150
18465000,36930.000006606126,-206638.725499501,297.68483950195827,150
18470000,36940.00000660816,-205810.95591730566,299.6098321217874,150
18475000,36950.0000066102,-206113.1245058386,296.2636235596339,150
18480000,36960.00000661224,-206166.04913126212,300.2966144749558,150
18485000,36970.000006614275,-206177.0829213753,300.75171705685693,150
18490000,36980.00000661631,-206829.25469641178,302.5118155586814,150
18495000,36990.00000661835,-206271.73609884852,297.66921581238074,150
18500000,37000.00000662039,-207188.40339608083,301.3363224920738,150
18505000,37010.000006622424,-206184.62350408232,298.480115919195,150
18510000,37020.00000662446,-206481.10854163684,295.6080961570774,150
18515000,37030.0000066265,-206616.23222758353,302.97265428559615,150
18520000,37040.000006628536,-206446.96318570815,304.2214187815581,150
18525000,37050.00000663057,-206090.68848039804,302.5055194021101,150
18530000,37060.00000663261,-205820.74846315093,301.0958030693132,150
18535000,37070.00000663465,-206738.00934580062,297.93947662902843,150
18540000,37080.000006636685,-206429.27738025924,295.0973947448451,150
18545000,37090.00000663872,-206082.582772412,294.59246987891703,150
18550000,37100.00000664076,-206652.19425606052,299.3449992482747,150
18555000,37110.0000066428,-206253.57435625687,296.90468781998044,150
18560000,37120.000006644834,-206800.90973741922,300.38753946112723,150
18565000,37130.00000664687,-205975.38573236344,300.43292007670817,150
18570000,37140.00000664891,-205937.8855272947,302.14039007549763,150
18575000,37150.000006650946,-206319.2076502951,298.83645338373833,150
18580000,37160.00000665298,-206681.10273299727,298.99208647714244,150
18585000,37170.00000665502,-207048.49841038894,302.8427563121113,150
18590000,37180.00000665706,-207531.6510278812,300.152703101495,150
18595000,37190.000006659095,-206820.86951894383,298.90283697349867,150
18600000,37200.00000666113,-205897.20756833965,301.59929099615294,150
18605000,37210.00000666317,-205016.88784489245,304.8256483811046,150
18610000,37220.00000666521,-206160.64260874933,298.8860108061985,150
18615000,37230.000006667244,-206265.1933902983,304.35531072619887,150
18620000,37240.00000666928,-205817.10917865217,299.71429127945936,150
18625000,37250.00000667132,-206172.27075516258,299.5835700054199,150
18630000,37260.000006673356,-206675.9739301859,300.6391311945735,150
18635000,37270.00000667539,-206533.2714956192,300.97473469453524,150
18640000,37280.00000667743,-206069.3127358252,292.9545312195577,150
18645000,37290.00000667947,-206601.8392699022,304.23003953135617,150
18650000,37300.000006681505,-206228.7018072341,293.0894760286363,150
18655000,37310.00000668354,-205799.75868177495,298.2471169711975,150
18660000,37320.00000668558,-206420.2817313465,303.16665357590176,150
18665000,37330.00000668762,-206666.34344882215,301.45374159244835,150
18670000,37340.000006689654,-206477.42243224557,295.60286221921837,150
18675000,37350.00000669169,-206478.65636183426,299.4857506383088,150
18680000,37360.00000669373,-206283.92258635978,301.30871951913565,150
18685000,37370.000006695765,-206117.43474846927,303.93026548113943,150
18690000,37380.0000066978,-206484.16674554627,303.07844776580333,150
18695000,37390.00000669984,-206130.4104916677,303.4380331877814,150
18700000,37400.00000670188,-205985.2035929627,303.0887938620939,150
18705000,37410.000006703915,-206280.06701812404,302.02440167532296,150
18710000,37420.00000670595,-206476.7609357317,301.5368330574149,150
18715000,37430.00000670799,-205999.697797862,302.9614647819115,150
18720000,37440.000006710026,-205874.44899600162,299.26548619119137,150
18725000,37450.00000671206,-205892.33116060158,303.4575620028687,150
18730000,37460.0000067141,-206406.8536041351,308.0194264724961,150
18735000,37470.00000671614,-206791.5815671375,303.4007379754502,150
18740000,37480.000006718175,-206289.497224267,301.56375921214396,150
18745000,37490.00000672021,-206376.93518678297,301.4481663396981,150
18750000,37500.00000672225,-206395.25900154898,302.01064323538475,150
18755000,37510.00000672429,-206026.8344537682,302.4863810844025,150
18760000,37520.000006726325,-206373.24781033664,297.38561563169355,150
18765000,37530.00000672836,-206760.8877471654,294.27729737042125,150
18770000,37540.0000067304,-206255.51403985755,295.83509692599387,150
18775000,37550.000006732436,-206955.1872089355,297.4553013940775,150
18780000,37560.00000673447,-205724.68144036317,303.1736177013015,150
18785000,37570.00000673651,-206353.81865286117,300.4007720031524,150
18790000,37580.00000673855,-206578.12748255918,297.6177677723148,150
18795000,37590.000006740585,-205802.75111584505,295.1216056160977,150
18800000,37600.00000674262,-206643.77008404233,296.39503992272694,150
18805000,37610.00000674466,-206349.61173704534,293.8627958480621,150
18810000,37620.0000067467,-206209.7247393279,297.33180506076746,150
18815000,37630.000006748734,-206497.1345417999,301.47664363182867,150
18820000,37640.00000675077,-206063.63930378074,302.1179556289055,150
18825000,37650.00000675281,-205896.63258401095,300.06437949810453,150
18830000,37660.000006754846,-206222.24876196915,300.75173700503194,150
18835000,37670.00000675688,-206190.61590758804,297.5644569728804,150
18840000,37680.00000675892,-206951.08550506586,298.4235710950532,150
18845000,37690.00000676096,-206375.58501092775,299.8134123663318,150
18850000,37700.000006762995,-206314.94065528305,302.6551570995714,150
18855000,37710.00000676503,-205835.38471703627,302.61373997200684,150
18860000,37720.00000676707,-207099.46763581363,300.98044996823177,150
18865000,37730.00000676911,-206248.81735390436,306.28377913758453,150
18870000,37740.000006771144,-206242.88161844527,301.71360896353764,150
18875000,37750.00000677318,-206401.63575072552,300.4289414632787,150
18880000,37760.00000677522,-206646.86260357057,299.59033176182203,150
18885000,37770.000006777256,-205586.42783440545,304.28678072466477,150
18890000,37780.00000677929,-206136.18079434603,303.76832559867677,150
18895000,37790.00000678133,-205987.04897953244,302.8567007883741,150
18900000,37800.00000678337,-206399.46106429957,299.7740629687309,150
18905000,37810.000006785405,-206394.6620509082,304.2632722216837,150
18910000,37820.00000678744,-205715.34587761655,302.05607493064895,150
18915000,37830.00000678948,-206828.78645276022,302.2351803153127,150
18920000,37840.00000679152,-206259.5926924717,297.59080726680963,150
18925000,37850.000006793554,-205740.1734283152,302.1454309822395,150
18930000,37860.00000679559,-205405.39043744712,301.01749105538147,150
18935000,37870.00000679763,-206351.94657447294,299.5033788021224,150
18940000,37880.000006799666,-206429.0346993776,296.59437113890425,150
18945000,37890.0000068017,-206742.33911625587,300.0858503923085,150
18950000,37900.00000680374,-206539.39957356348,300.7513000580164,150
18955000,37910.00000680578,-206345.63745096233,304.51618577862797,150
18960000,37920.000006807815,-206165.75690590602,299.29063129539674,150
18965000,37930.00000680985,-206792.82825979905,303.9785943236076,150
18970000,37940.00000681189,-206555.32742489805,301.2727337225502,150
18975000,37950.00000681393,-207123.6292498312,300.05125771812334,150
18980000,37960.000006815964,-206343.87536970724,298.0456525894618,150
18985000,37970.000006818,-206611.91592692165,295.4322146899421,150
18990000,37980.00000682004,-207055.40675475018,298.45741225605286,150
18995000,37990.000006822076,-206649.78088771342,300.60567484925775,150
19000000,38000.00000682411,-206209.90233956743,300.82254826604526,150
19005000,38010.00000682615,-206650.93924945837,295.4129812958321,150
19010000,38020.00000682819,-206594.6831141176,296.42997365111427,150
19015000,38030.000006830225,-206907.68974519393,298.43319543713085,150
19020000,38040.00000683226,-207090.398304358,297.1195525395169,150
19025000,38050.0000068343,-206654.29440227116,298.57364984201143,150
19030000,38060.00000683634,-206703.33514662005,299.46217414336326,150
19035000,38070.000006838374,-205832.4102348137,305.7063648118255,150
19040000,38080.00000684041,-206538.6744923438,302.9110111253556,150
19045000,38090.00000684245,-205857.54389507184,300.70352693512893,150
19050000,38100.000006844486,-206115.7500173375,300.4470367658719,150
19055000,38110.00000684652,-206507.79129821935,300.14026215575274,150
19060000,38120.00000684856,-206676.59504522488,297.5684906350989,150
19065000,38130.0000068506,-206800.56356019422,298.97937694113506,150
19070000,38140.000006852635,-206464.643255566,302.2071043842054,150
19075000,38150.00000685467,-206338.07855898794,301.7515200623774,150
19080000,38160.00000685671,-206855.14253110404,301.2987720594688,150
19085000,38170.00000685875,-206622.39995777514,297.94945335482237,150
19090000,38180.000006860784,-206683.78766010085,303.77522095085516,150
19095000,38190.00000686282,-207086.75278869108,298.3982929804796,150
19100000,38200.00000686486,-206474.84349491424,296.18752318027975,150
19105000,38210.000006866896,-207065.71930024482,300.42779795420705,150
19110000,38220.00000686893,-206171.06221961055,302.35320914995003,150
19115000,38230.00000687097,-206786.70519613265,298.97696825736654,150
19120000,38240.00000687301,-205851.18125747086,299.57422623953266,150
19125000,38250.000006875045,-206445.79126998747,302.6951057044738,150
19130000,38260.00000687708,-206722.5295914989,298.73621117326354,150
19135000,38270.00000687912,-206765.78410438297,303.0183815866149,150
19140000,38280.00000688116,-206633.8285765627,299.2142883684882,150
19145000,38290.000006883194,-206312.95706626598,298.57282207890233,150
19150000,38300.00000688523,-206618.31494164013,299.3592234270698,150
19155000,38310.00000688727,-206406.51569651533,301.5462748707807,150
19160000,38320.000006889306,-207017.80173142673,300.8394989692845,150
19165000,38330.00000689134,-206090.13529019558,302.8809639040108,150
19170000,38340.00000689338,-206438.63357073616,301.37837309357764,150
19175000,38350.00000689542,-206751.9687965297,301.36336681417237,150
19180000,38360.000006897455,-205858.31851526012,302.6377153211041,150
19185000,38370.00000689949,-206877.68086656777,300.50101149691903,150
19190000,38380.00000690153,-206943.8957451724,298.66276090006966,150
19195000,38390.00000690357,-206613.00817221345,303.64155025650234,150
19200000,38400.000006905604,-205830.2218602338,298.6914057662676,150
19205000,38410.00000690764,-206743.86973028048,297.5340713469433,150
19210000,38420.00000690968,-206236.8213976617,303.7096267627414,150
19215000,38430.000006911716,-206618.6676821307,301.14410275169604,150
19220000,38440.00000691375,-206552.05508827372,298.49605187273386,150
19225000,38450.00000691579,-206668.85546436522,299.5511219779109,150
19230000,38460.00000691783,-207213.5125777194,301.5105797433988,150
19235000,38470.000006919865,-205450.75342909922,294.54967588598345,150
19240000,38480.0000069219,-206171.92287460668,301.48584380707524,150
19245000,38490.00000692394,-206832.25076233072,298.5282514459932,150
19250000,38500.00000692598,-206834.70750509214,302.05220211662817,150
19255000,38510.000006928014,-206404.5339087745,300.4772020215915,150
19260000,38520.00000693005,-206623.3893849994,301.14633922264414,150
19265000,38530.00000693209,-206655.23603936506,301.22679242743436,150
19270000,38540.000006934126,-206252.52745778346,296.2974079542609,150
19275000,38550.00000693616,-206643.58684577385,300.2373190899777,150
19280000,38560.0000069382,-206276.30954359495,304.0671966487614,150
19285000,38570.00000694024,-206164.03154133935,300.8966613149957,150
19290000,38580.000006942275,-207167.06210806523,299.4097315667753,150
19295000,38590.00000694431,-206232.37232563074,302.7375521054139,150
19300000,38600.00000694635,-205903.91613568552,298.52073844538415,150
19305000,38610.00000694839,-206035.97920211183,300.43880084514274,150
19310000,38620.000006950424,-205162.1851104286,297.5331507501654,150
19315000,38630.00000695246,-206882.41431817564,299.59462740627174,150
19320000,38640.0000069545,-206848.07461029338,299.2234890315845,150
19325000,38650.000006956536,-206453.0835218554,297.42475865975916,150
19330000,38660.00000695857,-206401.78755714884,302.81318082882274,150
19335000,38670.00000696061,-206203.3337638511,304.0739477415719,150
19340000,38680.00000696265,-206327.19699890772,306.13960922062677,150
19345000,38690.000006964685,-205785.93334621435,301.57143621215323,150
19350000,38700.00000696672,-207126.71631865506,298.47091078792283,150
19355000,38710.00000696876,-206100.65925470297,303.4734388889608,150
19360000,38720.0000069708,-206086.42064638913,298.1615500506594,150
19365000,38730.000006972834,-206678.30771444074,299.38911866589916,150
19370000,38740.00000697487,-205089.85048461566,303.7127996654575,150
19375000,38750.00000697691,-205817.04390312405,298.5233462108618,150
19380000,38760.000006978946,-206387.69427025912,299.7366786748188,150
19385000,38770.00000698098,-206488.34452903992,298.0359851039289,150
19390000,38780.00000698302,-205696.78880707396,299.07343406649653,150
19395000,38790.00000698506,-206832.78086863342,300.55132367783955,150
19400000,38800.000006987095,-207067.28040879406,301.2376913316598,150
19405000,38810.00000698913,-207063.35061912297,295.3361684663624,150
19410000,38820.00000699117,-206564.5009595655,297.2505062166697,150
19415000,38830.00000699321,-206247.21056809812,299.23058734271956,150
19420000,38840.000006995244,-206414.8270402368,300.18189897200836,150
19425000,38850.00000699728,-206972.16380205972,297.0923862439998,150
19430000,38860.00000699932,-206658.63842612493,296.5683080431237,150
19435000,38870.000007001356,-205807.1606476896,300.23587056701774,150
19440000,38880.00000700339,-206586.21460357518,297.15163697222084,150
19445000,38890.00000700543,-206780.82083216135,297.4591095175051,150
19450000,38900.00000700747,-206563.77740238758,296.07981914601584,150
19455000,38910.000007009505,-206617.80153204303,300.1089587268201,150
19460000,38920.00000701154,-206371.1403663956,304.85381421456856,150
19465000,38930.00000701358,-206543.69787193404,298.7999439901937,150
19470000,38940.00000701562,-206404.69463307236,299.8641822972608,150
19475000,38950.000007017654,-206571.0549517863,297.53663453499723,150
19480000,38960.00000701969,-206230.8378404741,299.49744037452075,150
19485000,38970.00000702173,-206002.57011149754,301.10474808233846,150
19490000,38980.000007023766,-206383.43187171628,301.3782531882073,150
19495000,38990.0000070258,-207124.0438719464,301.8213132224998,150
19500000,39000.00000702784,-206461.27184021694,299.99543575531436,150
19505000,39010.00000702988,-205900.6198095245,300.1028358491769,150
19510000,39020.000007031915,-206465.25552661147,300.547124047734,150
19515000,39030.00000703395,-206201.3806561929,300.73277822871336,150
19520000,39040.00000703599,-206415.65376790857,302.9853073657478,150
19525000,39050.00000703803,-206609.86712772364,300.86558883025015,150
19530000,39060.000007040064,-205654.59358087333,303.61854687743715,150
19535000,39070.0000070421,-205869.08061207563,303.0629394886834,150
19540000,39080.00000704414,-207299.47969674808,304.2062974365305,150
19545000,39090.000007046176,-206895.46040931484,297.0233045898523,150
19550000,39100.00000704821,-206678.0836333728,301.28173935222867,150
19555000,39110.00000705025,-206063.8094851172,301.5968896319932,150
19560000,39120.00000705229,-206155.64779872075,296.72830574609804,150
19565000,39130.000007054325,-206445.2919082346,301.5073037574001,150
19570000,39140.00000705636,-206449.06007588818,300.08573052608045,150
19575000,39150.0000070584,-206557.58729640918,298.9188960853559,150
19580000,39160.00000706044,-206761.189644175,296.0700762282047,150
19585000,39170.000007062474,-206980.2940627135,296.08505263870694,150
19590000,39180.00000706451,-206855.22303895082,302.40423195750327,150
19595000,39190.00000706655,-207356.71154153347,298.3311011379315,150
19600000,39200.000007068586,-206216.7471406645,302.1754420520772,150
19605000,39210.00000707062,-206247.17363398767,299.66881233870254,150
19610000,39220.00000707266,-206414.61533476843,302.57465351017,150
19615000,39230.0000070747,-206673.65839111747,300.82590281555497,150
19620000,39240.000007076735,-205933.22806461586,299.3593148118725,150
19625000,39250.00000707877,-206603.25572814373,303.63562478777,150
19630000,39260.00000708081,-206512.34549657523,305.16674790433734,150
19635000,39270.00000708285,-206946.13924092834,300.1896480369018,150
19640000,39280.000007084884,-206701.56680381554,298.1205193670483,150
19645000,39290.00000708692,-206638.88832927274,299.2593305976919,150
19650000,39300.00000708896,-206945.1816473083,295.1623895000835,150
19655000,39310.000007090995,-206341.80719773762,301.1238583407393,150
19660000,39320.00000709303,-206308.00513915054,301.2481576253498,150
19665000,39330.00000709507,-206642.28288286284,302.0150715277354,150
19670000,39340.00000709711,-206212.1039170454,302.9421841113145,150
19675000,39350.000007099145,-205798.2194423267,298.70444390732104,150
19680000,39360.00000710118,-205989.9138859897,298.8573647151263,150
19685000,39370.00000710322,-206063.13745544525,302.3341023286932,150
19690000,39380.00000710526,-206135.96069783974,300.8436132969231,150
19695000,39390.000007107294,-205568.61054038687,299.562819573742,150
19700000,39400.00000710933,-206042.62817816006,300.476724285039,150
19705000,39410.00000711137,-206204.09215072473,298.6309933200751,150
19710000,39420.000007113405,-206799.5457945069,301.4089476215093,150
19715000,39430.00000711544,-206997.80391777854,290.5339353859179,150
19720000,39440.00000711748,-205493.02143296658,297.9516808303479,150
19725000,39450.00000711952,-206533.1870125163,298.20400886049816,150
19730000,39460.000007121555,-207023.69245522167,303.257232547974,150
19735000,39470.00000712359,-206701.2131560403,298.978454510858,150
19740000,39480.00000712563,-206435.24028848298,297.14370144994353,150
19745000,39490.000007127666,-206357.4115592551,298.8915368082458,150
19750000,39500.0000071297,-206519.86597367958,297.80505932451774,150
19755000,39510.00000713174,-206486.34211378905,299.8489657256149,150
19760000,39520.00000713378,-206033.26933539112,303.58438907230254,150
19765000,39530.000007135815,-206261.43925803853,300.20228030604915,150
19770000,39540.00000713785,-206647.71329915954,299.0007938395117,150
19775000,39550.00000713989,-206358.01688587735,302.68922446692005,150
19780000,39560.00000714193,-205951.26961354574,301.8348490222505,150
19785000,39570.000007143964,-206313.93932502728,299.8045932796163,150
19790000,39580.000007146,-206219.44691643002,300.5456911299938,150
19795000,39590.00000714804,-205641.05761321925,304.43549372762135,150
19800000,39600.000007150076,-206045.40910024056,305.2097986484504,150
19805000,39610.00000715211,-206776.2061839539,299.9362814513368,150
19810000,39620.00000715415,-206563.20763052627,293.1429970763963,150
19815000,39630.00000715619,-207114.6306440509,296.4260621861305,150
19820000,39640.000007158225,-206575.45116221788,299.1349395824805,150
19825000,39650.00000716026,-206236.8916568145,299.0837153809907,150
19830000,39660.0000071623,-206874.7187160768,298.61877766795214,150
19835000,39670.00000716434,-206848.3642954562,299.06343513148204,150
19840000,39680.000007166374,-207614.35905067634,298.70188206056696,150
19845000,39690.00000716841,-206117.9921009941,297.19686340284846,150
19850000,39700.00000717045,-205683.31863342307,300.72139604423046,150
19855000,39710.000007172486,-205758.9173740066,300.0943967465005,150
19860000,39720.00000717452,-206512.42150829535,296.4707474100042,150
19865000,39730.00000717656,-206919.20673872845,299.2811780541866,150
19870000,39740.0000071786,-206138.08254874265,300.3683721518169,150
19875000,39750.000007180635,-206560.90919870057,300.1813665555795,150
19880000,39760.00000718267,-206855.53759100172,297.3832212633133,150
19885000,39770.00000718471,-206631.62874177867,298.5935166406093,150
19890000,39780.00000718675,-206553.95142827218,295.31365123011403,150
19895000,39790.000007188784,-206150.40087253123,300.4214205643665,150
19900000,39800.00000719082,-206776.2476999712,298.3625607167834,150
19905000,39810.00000719286,-206343.9432396876,307.36352543641294,150
19910000,39820.000007194896,-206156.52554484888,300.18763025937733,150
19915000,39830.00000719693,-206261.89125483274,296.89158484243967,150
19920000,39840.00000719897,-206161.13652478263,301.3420901412066,150
19925000,39850.00000720101,-206810.52270587883,299.4865358668955,150
19930000,39860.000007203045,-207031.74435108213,305.92384469011455,150
19935000,39870.00000720508,-205978.91574623145,300.1988733397269,150
19940000,39880.00000720712,-206344.860275727,303.9910341648625,150
19945000,39890.00000720916,-206574.2745269927,300.2412558607086,150
19950000,39900.000007211194,-206399.91355760978,299.70778288674785,150
19955000,39910.00000721323,-206486.33626274427,299.9438035248418,150
19960000,39920.00000721527,-205698.8978033699,300.77127745439367,150
19965000,39930.000007217306,-206010.31404245272,302.34004416464546,150
19970000,39940.00000721934,-206053.5322960862,299.51834654225365,150
19975000,39950.00000722138,-206757.683888152,304.28958632702205,150
19980000,39960.00000722342,-206365.52952974103,296.276888709943,150
19985000,39970.000007225455,-206786.22268760193,295.03785983887826,150
19990000,39980.00000722749,-205692.95776519657,296.78207010160247,150
19995000,39990.00000722953,-206016.82397569623,304.4879559333122,150
20000000,40000.00000723157,-206517.05230051093,296.47394644862203,150
20005000,40010.000007233604,-205816.5509630429,300.9789215514215,150
20010000,40020.00000723564,-206519.7934360978,300.4449335981051,150
20015000,40030.00000723768,-205515.29853285023,300.8171418668089,150
20020000,40040.000007239716,-206670.71372342226,300.86984776873993,150
20025000,40050.00000724175,-206756.5964561483,305.2602468955578,150
20030000,40060.00000724379,-206264.53470168775,296.25499742277304,150
20035000,40070.00000724583,-207135.76878376212,298.6332969623184,150
20040000,40080.000007247865,-206221.14461796766,295.1744005851207,150
20045000,40090.0000072499,-206436.9107483232,296.9888788352218,150
20050000,40100.00000725194,-206763.7816383664,305.35620808516546,150
20055000,40110.00000725398,-207047.74068588857,298.2625544150167,150
20060000,40120.000007256014,-206623.53354134224,299.7768985808063,150
20065000,40130.00000725805,-206507.33646253042,298.3525057247106,150
20070000,40140.00000726009,-206265.1630559147,298.1819792997598,150
20075000,40150.000007262126,-206087.84792364028,301.58168887790225,150
20080000,40160.00000726416,-206507.7201285573,299.91809113804527,150
20085000,40170.0000072662,-207062.08413584437,305.08710826390677,150
20090000,40180.00000726824,-206902.1210441268,300.82131562830233,150
20095000,40190.000007270275,-206608.8789899666,302.30323698828386,150
20100000,40200.00000727231,-205892.72109369992,302.1169096387344,150
20105000,40210.00000727435,-206483.59170331561,300.34963891698516,150
20110000,40220.00000727639,-206830.3930760033,297.71468363554146,150
20115000,40230.000007278424,-205657.53037806053,300.45111875481126,150
20120000,40240.00000728046,-206624.0778057113,298.0293348876131,150
20125000,40250.0000072825,-206193.72964996228,299.6706151809339,150
20130000,40260.000007284536,-206524.55549097643,299.95657566076704,150
20135000,40270.00000728657,-206163.06127562455,300.31628761009785,150
20140000,40280.00000728861,-206411.76457324706,299.7791298335948,150
20145000,40290.00000729065,-206511.75557780545,304.601309100831,150
20150000,40300.000007292685,-205808.51274988893,307.88966094807193,150
20155000,40310.00000729472,-205897.25431798853,301.95917915002866,150
20160000,40320.00000729676,-206740.15066676273,303.3288314319359,150
20165000,40330.0000072988,-206557.46080528258,298.1361057147275,150
20170000,40340.000007300834,-206263.22284543212,301.68064326450457,150
20175000,40350.00000730287,-206334.77493722865,303.13799357014534,150
20180000,40360.00000730491,-206249.7901793418,300.22293615792046,150
20185000,40370.000007306946,-206152.11470901512,300.30588978570194,150
20190000,40380.00000730898,-206941.6297389192,300.8344550953182,150
20195000,40390.00000731102,-206221.03042750515,298.3418060345429,150
20200000,40400.00000731306,-206277.2093642481,301.8280406085265,150
20205000,40410.000007315095,-206822.00329290773,302.48645837978256,150
20210000,40420.00000731713,-206757.97911837057,297.72594600748675,150
20215000,40430.00000731917,-205812.33211662318,300.37242496417684,150
20220000,40440.00000732121,-207155.02464981703,304.3071686417042,150
20225000,40450.000007323244,-207007.13359742484,298.10988387840337,150
20230000,40460.00000732528,-206909.0331310731,299.62749165111904,150
20235000,40470.00000732732,-206996.13538278174,299.81063448103845,150
20240000,40480.000007329356,-206866.52065102314,301.65886049337075,150
20245000,40490.00000733139,-206101.35375580972,300.9224184671034,150
20250000,40500.00000733343,-206676.07200359867,300.57442851533455,150
20255000,40510.00000733547,-206290.84282223484,297.8395397887928,150
20260000,40520.000007337505,-207148.66234713315,300.8673128531754,150
20265000,40530.00000733954,-206263.2868640374,296.398164162516,150
20270000,40540.00000734158,-206673.74453653267,300.4963346101937,150
20275000,40550.00000734362,-206090.3217676878,296.1751568085052,150
20280000,40560.000007345654,-206902.72123064753,304.82705654054905,150
20285000,40570.00000734769,-207302.04396997322,301.01937160074976,150
20290000,40580.00000734973,-206417.9908685576,297.89903896107944,150
20295000,40590.000007351766,-206940.74093644787,298.06235258414176,150
20300000,40600.0000073538,-206020.0072966382,298.9701573862748,150
20305000,40610.00000735584,-206235.8704638027,298.30954971171974,150
20310000,40620.00000735788,-206003.69777406543,302.03373182568157,150
20315000,40630.000007359915,-206228.01131494658,298.19815158106945,150
20320000,40640.00000736195,-206545.74143843784,300.94066209113583,150
20325000,40650.00000736399,-206195.03253855382,299.70979952706875,150
20330000,40660.00000736603,-206459.71261841326,297.66846263466795,150
20335000,40670.000007368064,-205725.88173298852,297.3098296569474,150
20340000,40680.0000073701,-206279.83061866031,299.31152319305005,150
20345000,40690.00000737214,-206244.66189731553,301.56395922886423,150
20350000,40700.000007374176,-205625.79837360047,303.7027038687638,150
20355000,40710.00000737621,-205860.60425919702,302.4216409472603,150
20360000,40720.00000737825,-205918.73639626987,299.98929808664514,150
20365000,40730.00000738029,-207292.96816679218,302.8476288719978,150
20370000,40740.000007382325,-206439.0219391674,297.5275676747818,150
20375000,40750.00000738436,-205884.8165466932,304.1661782352046,150
20380000,40760.0000073864,-206386.07659815508,304.5833051036342,150
20385000,40770.00000738844,-206385.73718763003,299.14562245067964,150
20390000,40780.000007390474,-206453.92491741385,302.39124659025134,150
20395000,40790.00000739251,-207168.59211127448,297.9428709150142,150
20400000,40800.00000739455,-206742.36257233738,294.1988537193271,150
20405000,40810.000007396586,-207150.34930797783,304.89517015604054,150
20410000,40820.00000739862,-206749.7328168978,300.4310249114925,150
20415000,40830.00000740066,-206692.71940273256,298.26527609456764,150
20420000,40840.0000074027,-205676.2395078278,299.7518247183353,150
20425000,40850.000007404735,-206653.81105528225,301.39602128957836,150
20430000,40860.00000740677,-206194.77209969063,301.5760404914619,150
20435000,40870.00000740881,-206267.16131195996,302.586506061745,150
20440000,40880.00000741085,-206324.35524170904,302.3777340894637,150
20445000,40890.000007412884,-206171.10164110176,300.67908653438184,150
20450000,40900.00000741492,-206924.33253016777,301.13793480619984,150
20455000,40910.00000741696,-206271.6379990587,298.25386955274587,150
20460000,40920.000007418996,-205653.20458233508,299.7729530982597,150
20465000,40930.00000742103,-206197.776222607,299.7769920474947,150
20470000,40940.00000742307,-205851.3571711696,299.67203068809505,150
20475000,40950.00000742511,-206294.2291652381,298.58673050534844,150
20480000,40960.000007427145,-206280.76562742365,301.3611977531929,150
20485000,40970.00000742918,-206646.2761715894,292.869011389423,150
20490000,40980.00000743122,-206235.4598373851,302.2266004581157,150
20495000,40990.00000743326,-206433.98245114216,300.7916183303861,150
20500000,41000.000007435294,-206619.18191748927,302.0308682086667,150
20505000,41010.00000743733,-206119.8561979212,300.30490346390843,150
20510000,41020.00000743937,-206345.60172560776,299.21648566244164,150
20515000,41030.000007441406,-206826.93291565473,297.6888307292307,150
20520000,41040.00000744344,-205241.5393946712,299.00688501552537,150
20525000,41050.00000744548,-206491.7064507499,304.0377215869402,150
20530000,41060.00000744752,-206739.8268947663,300.3179845441373,150
20535000,41070.000007449555,-207004.57349828526,302.0886200060933,150
20540000,41080.00000745159,-207116.93513371923,299.27492401375264,150
20545000,41090.00000745363,-206658.80009782338,302.6930170865697,150
20550000,41100.00000745567,-206162.830821321,300.3410448280605,150
20555000,41110.000007457704,-206315.2515204664,301.7876234104661,150
20560000,41120.00000745974,-205795.9773372406,301.2370858751966,150
20565000,41130.00000746178,-206474.93144059565,301.84123104993347,149
20570000,41140.000007463816,-207004.9003106089,295.6343291221673,149
20575000,41150.00000746585,-206369.151639777,303.9216647714787,149
20580000,41160.00000746789,-206563.57171625074,300.96748871406027,149
20585000,41170.00000746993,-205111.7537007113,303.73307445919056,149
20590000,41180.000007471965,-206430.04218394053,299.07943217403744,149
20595000,41190.000007474,-206760.23441467632,299.1780795219771,149
20600000,41200.00000747604,-206221.86798897944,301.30349962383804,149
20605000,41210.00000747808,-206737.48102146678,305.0248586998858,149
20610000,41220.000007480114,-206163.0170420654,299.66222319761226,149
20615000,41230.00000748215,-206388.98815442657,297.75838465369276,149
20620000,41240.00000748419,-207221.80196416692,299.3863259071108,149
20625000,41250.000007486226,-206172.8431021016,302.31638315291025,149
20630000,41260.00000748826,-206835.43075096922,300.3259536585485,149
20635000,41270.0000074903,-206294.7263495673,298.5023091870735,149
20640000,41280.00000749234,-206750.28487385623,299.4373270777039,149
20645000,41290.000007494375,-206883.63460669958,301.5126444172752,149
20650000,41300.00000749641,-206706.39800290205,301.5587043152714,149
20655000,41310.00000749845,-206492.28870721813,299.2080029520965,149
20660000,41320.00000750049,-205987.73235863994,297.67107986122784,149
20665000,41330.000007502524,-207630.38846892922,299.1943452872842,149
20670000,41340.00000750456,-206531.07201952056,296.94714572086366,149
20675000,41350.0000075066,-207134.71783537802,299.11562415086075,149
20680000,41360.000007508635,-206922.8157164664,297.9536290996592,149
20685000,41370.00000751067,-205911.68779647164,301.60108979198316,149
20690000,41380.00000751271,-206470.01249613648,299.78903581593977,149
20695000,41390.00000751475,-205929.29224809597,299.277702199488,149
20700000,41400.000007516785,-206447.60416202433,305.8819926452146,149
20705000,41410.00000751882,-205863.10950490495,298.4450869044818,149
20710000,41420.00000752086,-206813.63080503896,300.6686941703104,149
20715000,41430.000007522896,-207297.54432533158,296.5971887733176,149
20720000,41440.00000752493,-206434.0137318495,303.91940961599215,149
20725000,41450.00000752697,-207347.31935558794,297.299455709757,149
20730000,41460.00000752901,-205989.29709262622,297.70824670329324,149
20735000,41470.000007531045,-206103.03521880263,294.1661627087991,149
20740000,41480.00000753308,-206540.5809180116,298.4978034429036,149
20745000,41490.00000753512,-206795.50620794075,304.0531623203901,149
20750000,41500.00000753716,-206835.80672126345,300.2858074362128,149
20755000,41510.000007539194,-206824.40083731606,304.49021639680814,149
20760000,41520.00000754123,-206693.6502232832,301.88668973918334,149
20765000,41530.00000754327,-206050.5452439756,303.7102606676396,149
20770000,41540.000007545306,-206738.602827986,299.76632625138313,149
20775000,41550.00000754734,-206687.80660957005,295.90312468806684,149
20780000,41560.00000754938,-206353.39537094638,298.845040685173,149
20785000,41570.00000755142,-206629.45184022794,298.0009550071618,149
20790000,41580.000007553455,-206369.76994794572,296.0362989269476,149
20795000,41590.00000755549,-207420.68188385037,299.478930485265,149
20800000,41600.00000755753,-206804.24591065757,293.83418251164056,149
20805000,41610.00000755957,-207257.10735132114,303.64746775468086,149
20810000,41620.000007561604,-206476.60995253827,297.77684867853816,149
20815000,41630.00000756364,-206388.69200807135,303.84627899614856,149
20820000,41640.00000756568,-206253.0447751534,303.01299294201783,149
20825000,41650.000007567716,-206507.83954917185,300.0373864413507,149
20830000,41660.00000756975,-206885.66698198393,298.1164549522519,149
20835000,41670.00000757179,-205987.9816748543,296.40784546541835,149
20840000,41680.00000757383,-206212.28054530895,299.10327803141416,149
20845000,41690.000007575865,-206807.9320322906,300.2999658132381,149
20850000,41700.0000075779,-207478.93810940348,297.4126554600422,149
20855000,41710.00000757994,-206751.39207383792,299.95526807234194,149
20860000,41720.00000758198,-206163.8815733398,302.5689075519972,149
20865000,41730.000007584014,-206097.58627241838,298.8102485440341,149
20870000,41740.00000758605,-205903.7329014981,303.08906169657445,149
20875000,41750.00000758809,-206837.4746880649,297.5730417273817,149
20880000,41760.000007590126,-206686.4827274353,293.91910172608516,149
20885000,41770.00000759216,-206747.47762968193,304.7097817202007,149
20890000,41780.0000075942,-207133.7974361846,298.3816289107784,149
20895000,41790.00000759624,-206266.30504264613,300.3006584025979,149
20900000,41800.000007598275,-206381.75444624957,297.42839068632895,149
20905000,41810.00000760031,-206438.32004456036,298.85169365290545,149
20910000,41820.00000760235,-206398.2991875233,303.3740188508604,149
20915000,41830.00000760439,-205954.1615195591,301.48448113696537,149
20920000,41840.000007606424,-206483.79309718974,302.8947832980467,149
20925000,41850.00000760846,-206695.57166575838,299.51790949969103,149
20930000,41860.0000076105,-205941.77028030658,295.89470319977335,149
20935000,41870.000007612536,-206376.82188671432,300.7794668422819,149
20940000,41880.00000761457,-206597.34374184324,303.11386690224083,149
20945000,41890.00000761661,-206624.20434206165,301.25583867003616,149
20950000,41900.00000761865,-205578.91874400794,298.4050648681496,149
20955000,41910.000007620685,-206988.92770627432,299.16312787630204,149
20960000,41920.00000762272,-206230.07358094165,303.2389796326288,149
20965000,41930.00000762476,-206295.92160537303,297.83872986171536,149
20970000,41940.0000076268,-205881.33575398312,303.74490847634803,149
20975000,41950.000007628834,-205921.70954222686,297.07460549067156,149
20980000,41960.00000763087,-206685.5002895448,302.5016748987951,149
20985000,41970.00000763291,-205998.4667840174,299.1533234412673,149
20990000,41980.000007634946,-206851.53832265094,299.8583320517842,149
20995000,41990.00000763698,-205788.83782104286,299.68931493750836,149
21000000,42000.00000763902,-204846.2435900668,305.25401576313965,149
21005000,42010.00000764106,-206689.30705447623,302.19339546238126,149
21010000,42020.000007643095,-206500.27928553463,296.77444085095436,149
21015000,42030.00000764513,-206568.41261473147,296.87965588274034,149
21020000,42040.00000764717,-206691.24502745492,299.0905111323176,149
21025000,42050.00000764921,-205762.18759077194,299.2322605937713,149
21030000,42060.000007651244,-206752.4954261448,297.85136823048634,149
21035000,42070.00000765328,-206943.57995674375,301.99295618747885,149
21040000,42080.00000765532,-206733.44983281952,301.63073162512165,149
21045000,42090.000007657356,-206546.5555893808,298.2048889250308,149
21050000,42100.00000765939,-206138.77699525782,298.5085084267774,149
21055000,42110.00000766143,-206815.45651654107,302.49250088551247,149
21060000,42120.00000766347,-206174.65517761558,300.9037853221458,149
21065000,42130.000007665505,-206331.8528378104,300.3726565138529,149
21070000,42140.00000766754,-205964.25541935512,300.75626098663383,149
21075000,42150.00000766958,-206591.46983460337,301.4441196648664,149
21080000,42160.00000767162,-206726.59578807082,304.74395009444913,149
21085000,42170.000007673654,-206312.2876805683,301.3157741985173,149
21090000,42180.00000767569,-206198.72306275147,297.77163205205767,149
21095000,42190.00000767773,-206929.82070419448,305.76094040598923,149
21100000,42200.000007679766,-205956.08374948206,301.4767045059612,149
21105000,42210.0000076818,-206452.96476000792,298.65208976803507,149
21110000,42220.00000768384,-206837.71481252776,305.03719557701004,149
21115000,42230.00000768588,-207725.24122334283,303.18255070845896,149
21120000,42240.000007687915,-206777.7779685062,297.6734817398133,149
21125000,42250.00000768995,-207201.09833278658,300.8779214788222,149
21130000,42260.00000769199,-206594.9477130192,303.15997054872906,149
21135000,42270.00000769403,-206266.12277750974,300.7231253449399,149
21140000,42280.000007696064,-206434.2361944114,302.93256175140414,149
21145000,42290.0000076981,-207120.39588617708,299.7521114939076,149
21150000,42300.00000770014,-206287.70134866738,297.55465101263906,149
21155000,42310.000007702176,-206281.33261999325,295.42395367619645,149
21160000,42320.00000770421,-206561.7603659305,303.8240938432277,149
21165000,42330.00000770625,-206718.19444037112,301.86744368359723,149
21170000,42340.00000770829,-206680.92364442593,300.32993941307365,149
21175000,42350.000007710325,-206708.94937073835,303.18809325578445,149
21180000,42360.00000771236,-206016.86801690655,300.9000692764701,149
21185000,42370.0000077144,-206075.52343457215,300.37175836855073,149
21190000,42380.00000771644,-206400.95422311698,297.3633811605845,149
21195000,42390.000007718474,-206777.5947289355,298.7900936342331,149
21200000,42400.00000772051,-206872.59587083373,298.79257174769134,149
21205000,42410.00000772255,-206617.45955734095,298.85463810898125,149
21210000,42420.000007724586,-207149.65588923276,301.69363931108234,149
21215000,42430.00000772662,-206363.35066085914,300.4557561544773,149
21220000,42440.00000772866,-205693.6063579726,297.53885823899054,149
21225000,42450.0000077307,-207061.99707863503,302.7703603061467,149
21230000,42460.000007732735,-206433.2736283004,298.44618303165106,149
21235000,42470.00000773477,-206701.5133224883,299.09420344686106,149
21240000,42480.00000773681,-205759.40663517325,300.3463978072245,149
21245000,42490.00000773885,-206421.99066201958,296.9223515095803,149
21250000,42500.000007740884,-206354.55075221485,301.1955939640433,149
21255000,42510.00000774292,-206492.67110871966,302.77444239380105,149
21260000,42520.00000774496,-205532.56092343188,301.17329105021804,149
21265000,42530.000007746996,-207026.3279290736,300.15955556871785,149
21270000,42540.00000774903,-206860.5047906437,301.3294528333232,149
21275000,42550.00000775107,-206443.85133838735,304.2876277621167,149
21280000,42560.00000775311,-206502.40000632382,300.2620667542721,149
21285000,42570.000007755145,-206467.49574036582,303.3044837809017,149
21290000,42580.00000775718,-205496.3192916133,302.0184303389309,149
21295000,42590.00000775922,-206267.98390329583,299.621793595762,149
21300000,42600.00000776126,-206987.32572340232,303.0390837534526,149
21305000,42610.000007763294,-206704.89426360826,302.5876964568242,149
21310000,42620.00000776533,-206653.1046041007,297.54204899863447,149
21315000,42630.00000776737,-206752.2464931783,299.8868679422355,149
21320000,42640.000007769406,-206934.5212973992,300.174029361449,149
21325000,42650.00000777144,-206746.83958409808,298.70820577300486,149
21330000,42660.00000777348,-206471.16487580608,304.425112607934,149
21335000,42670.00000777552,-205982.0765098523,298.02133875876893,149
21340000,42680.000007777555,-206283.81213568966,305.0641568623567,149
21345000,42690.00000777959,-206671.31668104616,300.4336772729078,149
21350000,42700.00000778163,-206436.73596136027,297.5607912083157,149
21355000,42710.00000778367,-206060.55720011622,301.9839726712983,149
21360000,42720.000007785704,-206713.49232891214,299.3537848741628,149
21365000,42730.00000778774,-205963.01120195177,298.20712833265765,149
21370000,42740.00000778978,-206278.2290000805,301.06176233813744,149
21375000,42750.000007791816,-206646.7220299294,302.83890922936007,149
21380000,42760.00000779385,-207183.47683530312,298.7202968785386,149
21385000,42770.00000779589,-206600.44189828425,300.1206230045194,149
21390000,42780.00000779793,-206624.17476804496,301.91545405124515,149
21395000,42790.000007799965,-207054.73622861237,298.48722445379394,149
21400000,42800.000007802,-207174.37370881904,302.3386800421226,149
21405000,42810.00000780404,-206330.35152103344,300.9427679176252,149
21410000,42820.00000780608,-206314.089208488,298.904340641534,149
21415000,42830.000007808114,-207082.24064424122,295.60371731635485,149
21420000,42840.00000781015,-206620.12402406067,303.92521242283414,149
21425000,42850.00000781219,-206921.0887792752,299.29756660625185,149
21430000,42860.000007814226,-206352.07334072143,303.13407210303717,149
21435000,42870.00000781626,-206678.70459947432,299.09466303738225,149
21440000,42880.0000078183,-206277.49994339538,301.8445577776795,149
21445000,42890.00000782034,-206950.2951715812,306.87417716031496,149
21450000,42900.000007822375,-206605.5980868762,303.5448744309003,149
21455000,42910.00000782441,-206860.0110306911,302.25420672858144,149
21460000,42920.00000782645,-206205.27249452623,304.2029750219532,149
21465000,42930.00000782849,-204996.9989834351,302.8905928867345,149
21470000,42940.000007830524,-206042.66229021468,302.5401502055621,149
21475000,42950.00000783256,-206509.15535352065,296.143918220243,149
21480000,42960.0000078346,-206197.19892197102,296.97399231273505,149
21485000,42970.000007836636,-206858.24120669498,300.8209239584283,149
21490000,42980.00000783867,-206109.0474163167,298.37872419529975,149
21495000,42990.00000784071,-206752.11582888023,304.918440570599,149
21500000,43000.00000784275,-205895.15472141723,299.88362933164825,149
21505000,43010.000007844785,-206539.6895577989,296.9339129980298,149
21510000,43020.00000784682,-206820.79201224202,299.2451373640011,149
21515000,43030.00000784886,-206346.63137730246,302.7542881286958,149
21520000,43040.0000078509,-206242.2801285109,295.9914226773049,149
21525000,43050.000007852934,-206409.08624818048,300.51246797469196,149
21530000,43060.00000785497,-206903.21088635956,299.0313714209318,149
21535000,43070.00000785701,-206146.08948441013,301.08926394759504,149
21540000,43080.000007859046,-206367.79768498812,296.5117237120308,149
21545000,43090.00000786108,-206400.72540770692,299.96573563764116,149
21550000,43100.00000786312,-206353.3477960101,303.22079383984794,149
21555000,43110.00000786516,-206042.78459075675,307.44809216329145,149
21560000,43120.000007867195,-206066.2187677998,301.8121240090129,149
21565000,43130.00000786923,-206076.92987424752,299.4882479798795,149
21570000,43140.00000787127,-206268.45166775142,301.6539899169586,149
21575000,43150.00000787331,-206391.85116474226,296.61496266471124,149
21580000,43160.000007875344,-206396.34418153204,300.30036940798414,149
21585000,43170.00000787738,-206479.33141663764,301.02842676888616,149
21590000,43180.00000787942,-206532.16582819645,297.67508737263216,149
21595000,43190.000007881456,-205736.20893939014,303.5493848848666,149
21600000,43200.00000788349,-206151.50324774755,297.7971704226433,149
21605000,43210.00000788553,-206131.1177559254,298.9751306510624,149
21610000,43220.00000788757,-206254.60948085377,301.1927957857832,149
21615000,43230.000007889605,-206340.92100922775,300.65647278650397,149
21620000,43240.00000789164,-206910.28047528083,295.9698496191969,149
21625000,43250.00000789368,-206692.1831389448,304.84441369494505,149
21630000,43260.00000789572,-206765.57403665292,296.23710727340995,149
21635000,43270.000007897754,-206527.9060733592,306.4869867465438,149
21640000,43280.00000789979,-206460.37880903098,301.879782267149,149
21645000,43290.00000790183,-206540.4664608629,300.49065493712266,149
21650000,43300.000007903865,-205791.5885844248,299.744584696192,149
21655000,43310.0000079059,-206184.32010308548,299.81471930021564,149
21660000,43320.00000790794,-206498.9774140655,296.31793746084065,149
21665000,43330.00000790998,-205883.8783492894,297.4292903921349,149
21670000,43340.000007912015,-206196.9890693128,303.8771889170485,149
21675000,43350.00000791405,-206758.28269003134,300.04641390282836,149
21680000,43360.00000791609,-207057.37699307431,295.7350397357917,149
21685000,43370.000007918126,-206249.12665798515,295.6450711976668,149
21690000,43380.00000792016,-206529.27683150955,303.0658818539563,149
21695000,43390.0000079222,-206498.98229129775,300.06659194173363,149
21700000,43400.00000792424,-205749.6987577699,301.312663753552,149
21705000,43410.000007926275,-206345.04718983255,298.08142637246647,149
21710000,43420.00000792831,-205756.92228877265,299.9666959238076,149
21715000,43430.00000793035,-205718.57509420125,300.06102283034085,149
21720000,43440.00000793239,-205664.8809744442,298.88779592300966,149
21725000,43450.000007934425,-206726.58885856008,298.4935338287652,149
21730000,43460.00000793646,-206587.68927772075,300.0814483452383,149
21735000,43470.0000079385,-206182.02915085468,298.80081290845766,149
21740000,43480.000007940536,-206054.3894183127,300.20827826853747,149
21745000,43490.00000794257,-206017.06244614162,295.42055788397795,149
21750000,43500.00000794461,-206098.38744087063,299.4523989530616,149
21755000,43510.00000794665,-206270.28492391028,304.5353798394655,149
21760000,43520.000007948685,-206861.48424366303,296.5162051560608,149
21765000,43530.00000795072,-206915.39559666452,295.65785450462846,149
21770000,43540.00000795276,-206586.17866234703,301.7307787561167,149
21775000,43550.0000079548,-206303.42625980417,299.74146819023747,149
21780000,43560.000007956834,-205555.8864462386,299.29240879752064,149
21785000,43570.00000795887,-206164.95324702538,298.115744606602,149
21790000,43580.00000796091,-206276.58384606417,302.9900430322593,149
21795000,43590.000007962946,-206799.9249431647,303.8733664495796,149
21800000,43600.00000796498,-206140.41430533817,296.4775359398054,149
21805000,43610.00000796702,-206762.44796513405,305.1115884609388,149
21810000,43620.00000796906,-206341.30941442738,290.63705817885784,149
21815000,43630.000007971095,-206028.07224608772,301.1434665050085,149
21820000,43640.00000797313,-206436.07771847467,298.91997727000984,149
21825000,43650.00000797517,-206744.9992064538,300.48058364465373,149
21830000,43660.00000797721,-205510.34880155546,298.8830533351735,149
21835000,43670.000007979244,-206187.4999538121,298.5639469137159,149
21840000,43680.00000798128,-206424.08330201567,303.35882768438734,149
21845000,43690.00000798332,-206749.59593522304,301.84106117499334,149
21850000,43700.000007985356,-206244.5767195978,297.58950522740696,149
21855000,43710.00000798739,-206465.92399815877,301.8768634513723,149
21860000,43720.00000798943,-206080.43250275252,302.0503410803761,149
21865000,43730.00000799147,-206375.77648738807,300.60183043107116,149
21870000,43740.000007993505,-207067.37444395898,305.47424528928696,149
21875000,43750.00000799554,-206519.1436375404,297.4155351953645,149
21880000,43760.00000799758,-206137.42849708092,300.9692554055284,149
21885000,43770.00000799962,-206078.72487951338,305.32385694622457,149
21890000,43780.000008001654,-206459.39023387432,304.4356346429851,149
21895000,43790.00000800369,-206895.36586319318,298.5675707750244,149
21900000,43800.00000800573,-205799.49596706964,296.1688362130029,149
21905000,43810.000008007766,-206315.49824457336,302.35036229958826,149
21910000,43820.0000080098,-205952.11561864254,297.87313393720234,149
21915000,43830.00000801184,-205673.6688542855,296.39833862477957,149
21920000,43840.00000801388,-205698.85170316824,301.1738010587827,149
21925000,43850.000008015915,-206543.75060182728,294.78615011517047,149
21930000,43860.00000801795,-206017.71392424323,296.2374655956832,149
21935000,43870.00000801999,-205727.55270133878,299.1935398377572,149
21940000,43880.00000802203,-206767.84321822587,304.878974450541,149
21945000,43890.000008024064,-206252.36270274338,301.5135764826163,149
21950000,43900.0000080261,-206463.6162423013,301.9024127040599,149
21955000,43910.00000802814,-206734.425029141,300.17073137068525,149
21960000,43920.000008030176,-206630.7184584547,300.52064542112765,149
21965000,43930.00000803221,-205970.89846574457,297.6009813123154,149
21970000,43940.00000803425,-205823.8584921594,294.75928821439965,149
21975000,43950.00000803629,-206335.52604098397,300.72434222119983,149
21980000,43960.000008038325,-206573.22339936474,304.82394408149185,149
21985000,43970.00000804036,-206214.65537757974,301.64664693150405,149
21990000,43980.0000080424,-206696.43835948105,302.32700971474014,149
21995000,43990.00000804444,-206775.93075773364,299.4325802196814,149
22000000,44000.000008046474,-207054.72591347492,304.6809668882966,149
22005000,44010.00000804851,-205471.48548519192,301.02459284590304,149
22010000,44020.00000805055,-206515.92565955524,302.8563335251813,149
22015000,44030.000008052586,-205730.7913598857,300.54468733140163,149
22020000,44040.00000805462,-205682.93897407257,300.4153398483375,149
22025000,44050.00000805666,-206036.78241365333,300.58488340688507,149
22030000,44060.0000080587,-205939.16003401077,300.54982750399387,149
22035000,44070.000008060735,-206358.53053992323,298.3446809280092,149
22040000,44080.00000806277,-207006.57618634973,298.5932999309136,149
22045000,44090.00000806481,-205879.70358037204,297.5889190265653,149
22050000,44100.00000806685,-206293.23987392744,299.2904816252872,149
22055000,44110.000008068884,-206704.05106523854,302.4733151616139,149
22060000,44120.00000807092,-206006.46961517935,298.83477793057676,149
22065000,44130.00000807296,-206595.82168995007,304.6650667078871,149
22070000,44140.000008074996,-206764.74728714302,298.4345731076027,149
22075000,44150.00000807703,-206192.7431637937,304.88035852630435,149
22080000,44160.00000807907,-206192.23903073661,301.2160291887782,149
22085000,44170.00000808111,-206000.8423378818,300.8778578856141,149
22090000,44180.000008083145,-206842.09655468655,298.7988522291573,149
22095000,44190.00000808518,-206399.85402432736,299.72632553663937,149
22100000,44200.00000808722,-205778.01895891072,304.51357907701373,149
22105000,44210.00000808926,-206441.67901446845,299.13087779823667,149
22110000,44220.000008091294,-205914.4313105381,297.66845894058974,149
22115000,44230.00000809333,-206618.88300079713,301.6804151385854,149
22120000,44240.00000809537,-206303.887026962,303.7681497456807,149
22125000,44250.000008097406,-206838.92344091157,301.7402921474579,149
22130000,44260.00000809944,-206097.67768024327,298.3289838378916,149
22135000,44270.00000810148,-206949.8746510303,298.64721446798757,149
22140000,44280.00000810352,-206738.20626867714,297.46258205344105,149
22145000,44290.000008105555,-206388.45758305874,301.6733562888185,149
22150000,44300.00000810759,-205614.89782441338,296.24411833739424,149
22155000,44310.00000810963,-206312.87626168993,302.85118610793995,149
22160000,44320.00000811167,-206054.83940407343,298.7655496025936,149
22165000,44330.000008113704,-206485.477551106,298.1334360383726,149
22170000,44340.00000811574,-206080.05693696404,304.0915930251257,149
22175000,44350.00000811778,-206696.8812606323,300.6475968191745,149
22180000,44360.000008119816,-206250.87030155782,300.1819447022084,149
22185000,44370.00000812185,-205642.19031732448,302.0828384292476,149
22190000,44380.00000812389,-206638.99812271108,297.8966637236504,149
22195000,44390.00000812593,-206735.41931336862,299.3771236284093,149
22200000,44400.000008127965,-206333.59508009115,299.5232597615949,149
22205000,44410.00000813,-206867.95421386312,294.7351834640312,149
22210000,44420.00000813204,-206577.24559002335,304.2554757490773,149
22215000,44430.00000813408,-207211.35096710688,305.82873653614735,149
22220000,44440.000008136114,-206860.37516225432,301.6185342925923,149
22225000,44450.00000813815,-206166.4364130916,298.7380362709498,149
22230000,44460.00000814019,-205816.28767572413,301.72526231325804,149
22235000,44470.000008142226,-206695.1067763269,297.93115083399715,149
22240000,44480.00000814426,-206275.58541734202,301.05554237160055,149
22245000,44490.0000081463,-206236.76825069753,293.9733008727073,149
22250000,44500.00000814834,-206518.7692240564,303.2608523759469,149
22255000,44510.000008150375,-205980.385133564,300.89538722652424,149
22260000,44520.00000815241,-206313.16435143223,304.02868831296456,149
22265000,44530.00000815445,-206735.37911391712,298.28773704678923,149
22270000,44540.00000815649,-206763.8394631499,296.3681578129716,149
22275000,44550.000008158524,-206742.73258258204,304.8918757691669,149
22280000,44560.00000816056,-206408.78671661834,299.86099476429405,149
22285000,44570.0000081626,-206998.00444069342,298.159798254029,149
22290000,44580.000008164636,-206012.3167470591,301.3640231021886,149
22295000,44590.00000816667,-206148.16297498695,298.58814858559646,149
22300000,44600.00000816871,-206906.14750007226,296.87749612573924,149
22305000,44610.00000817075,-206525.18219259486,305.2222976243579,149
22310000,44620.000008172785,-206140.60193096544,298.3120050015579,149
22315000,44630.00000817482,-206364.18336906668,301.28221770362956,149
22320000,44640.00000817686,-206564.18865782046,299.4995806795274,149
22325000,44650.0000081789,-206102.76623164758,299.9038870164924,149
22330000,44660.000008180934,-205758.37141164532,306.7571050358132,149
22335000,44670.00000818297,-206186.20478453778,299.45130947680116,149
22340000,44680.00000818501,-206731.4316186963,298.3205670810575,149
22345000,44690.000008187046,-206687.95197870024,301.05029989035705,149
22350000,44700.00000818908,-206982.1421806612,299.42964481410115,149
22355000,44710.00000819112,-207176.9640907289,296.2823747466988,149
22360000,44720.00000819316,-207367.89838758367,297.8721766601192,149
22365000,44730.000008195195,-206479.73068000015,300.21552729774646,149
22370000,44740.00000819723,-206230.70791440352,306.2641370139391,149
22375000,44750.00000819927,-205929.27306597214,301.0650547761662,149
22380000,44760.00000820131,-206137.98848085373,299.55179975844146,149
22385000,44770.000008203344,-206444.58556824212,297.100730631859,149
22390000,44780.00000820538,-206174.21315783518,303.41776507021405,149
22395000,44790.00000820742,-206761.7985936551,299.7411616992274,149
22400000,44800.000008209456,-206595.2251088185,294.6648142904611,149
22405000,44810.00000821149,-206525.33991685358,299.7630135019862,149
22410000,44820.00000821353,-206334.79789074254,295.10557198324545,149
22415000,44830.00000821557,-206283.43670296436,298.91972427326215,149
22420000,44840.000008217605,-206539.21207605163,297.76037280719544,149
22425000,44850.00000821964,-205601.8861702265,298.0483535281367,149
22430000,44860.00000822168,-205656.4584457177,296.8923438739481,149
22435000,44870.00000822372,-206597.1118636697,300.10578079526334,149
22440000,44880.000008225754,-206640.49671336182,300.52526576832355,149
22445000,44890.00000822779,-206370.22816882643,303.7013951509875,149
22450000,44900.00000822983,-206583.74474962626,300.65020593305894,149
22455000,44910.000008231866,-206425.74562168203,305.7893387353354,149
22460000,44920.0000082339,-206313.31903852813,297.8859008772051,149
22465000,44930.00000823594,-206856.688263378,300.8713287495921,149
22470000,44940.00000823798,-206703.09885995171,302.0004482404845,149
22475000,44950.000008240015,-206229.025093987,297.1429938081645,149
22480000,44960.00000824205,-206235.12144089537,298.71176212495084,149
22485000,44970.00000824409,-205663.84446989093,306.33418736994025,149
22490000,44980.00000824613,-206556.97581171372,301.9677251775262,149
22495000,44990.000008248164,-206563.98579897196,301.6487860841256,149
22500000,45000.0000082502,-206406.13364926912,299.6920775507398,149
22505000,45010.00000825224,-206572.78428480122,303.7342083802518,149
22510000,45020.000008254276,-206634.38823778147,298.4722602538602,149
22515000,45030.00000825631,-207059.46706623258,296.87975325920365,149
22520000,45040.00000825835,-206303.37489922333,300.59599080211024,149
22525000,45050.00000826039,-206610.5497200176,298.8118079417566,149
22530000,45060.000008262425,-206661.62910116406,304.1461563798152,149
22535000,45070.00000826446,-206645.4323023333,299.57228178300875,149
22540000,45080.0000082665,-206018.88493447308,296.4781482847519,149
22545000,45090.00000826854,-206818.9541238678,298.44916230675,149
22550000,45100.000008270574,-206110.7076534771,295.16931361901965,149
22555000,45110.00000827261,-206571.49208691984,295.95819618871707,149
22560000,45120.00000827465,-207112.98625452863,301.29996577937396,149
22565000,45130.000008276686,-206992.629351389,296.7617566976064,149
22570000,45140.00000827872,-206045.67684925697,300.79659423374375,149
22575000,45150.00000828076,-206519.32129915885,298.250626762371,149
22580000,45160.0000082828,-205998.88065268286,304.2112776214304,149
22585000,45170.000008284835,-206592.73609264323,298.7676399694228,149
22590000,45180.00000828687,-206795.79877695325,299.39143214704535,149
22595000,45190.00000828891,-206662.25856689655,299.33949377032803,149
22600000,45200.00000829095,-206551.56483269995,301.0025963578334,149
22605000,45210.000008292984,-206289.02430052776,299.4194169159406,149
22610000,45220.00000829502,-206520.14001217065,299.22362111871337,149
22615000,45230.00000829706,-205432.60515236005,299.82143108521933,149
22620000,45240.000008299095,-206197.8083261859,304.76262949930367,149
22625000,45250.00000830113,-206124.77755453798,305.5043116945137,149
22630000,45260.00000830317,-206168.7385336071,305.0690145142466,149
22635000,45270.00000830521,-206061.98605199135,303.40131769988386,149
22640000,45280.000008307245,-206482.97624055494,300.06496581409397,149
22645000,45290.00000830928,-206365.7205891955,301.5875675729216,149
22650000,45300.00000831132,-205067.539951556,296.8739152139676,149
22655000,45310.00000831336,-206139.74895072833,299.407593297769,149
22660000,45320.000008315394,-205480.46016654104,300.81501847006626,149
22665000,45330.00000831743,-206333.28622807423,304.46486754848263,149
22670000,45340.00000831947,-206184.8400265025,300.84619218915526,149
22675000,45350.000008321505,-205642.5741391686,305.58385477216007,149
22680000,45360.00000832354,-206175.02163846837,295.3803485862244,149
22685000,45370.00000832558,-206286.9053170191,301.1632183281024,149
22690000,45380.00000832762,-206812.5615678681,301.43316193297073,149
22695000,45390.000008329655,-206190.17322000128,302.32767222039513,149
22700000,45400.00000833169,-206639.9552082991,303.37941552488473,149
22705000,45410.00000833373,-206015.3272258566,298.46439333534397,149
22710000,45420.000008335766,-205898.61599309125,299.65020015353565,149
22715000,45430.0000083378,-207326.1607710179,300.9706028880313,149
22720000,45440.00000833984,-207311.2406706256,307.3277452210154,149
22725000,45450.00000834188,-206862.65768374293,302.3394604692518,149
22730000,45460.000008343915,-206619.2512652931,305.21215899229327,149
22735000,45470.00000834595,-205681.4503232682,303.1578822029218,149
22740000,45480.00000834799,-206152.52763591462,297.2890408605794,149
22745000,45490.00000835003,-206195.04612481175,296.97888820677684,149
22750000,45500.000008352064,-206021.92505699082,297.49199701180083,149
22755000,45510.0000083541,-206278.71941046987,297.58743367971186,149
22760000,45520.00000835614,-205951.81297695485,301.87663047554923,149
22765000,45530.000008358176,-206989.3034606577,298.1420473220607,149
22770000,45540.00000836021,-206450.08791900938,298.73846208528147,149
22775000,45550.00000836225,-206564.59639796638,296.479863551096,149
22780000,45560.00000836429,-206080.73592663347,300.97522012791023,149
22785000,45570.000008366325,-205837.81142112415,303.4525228994582,149
22790000,45580.00000836836,-206446.429472322,301.87629466046445,149
22795000,45590.0000083704,-206692.85897983145,295.9399821834019,149
22800000,45600.00000837244,-206639.22603547224,302.75973589930805,149
22805000,45610.000008374474,-206268.47335227102,301.71546990814255,149
22810000,45620.00000837651,-206290.03722896427,304.8487974679889,149
22815000,45630.00000837855,-206017.2445865064,303.9961371667447,149
22820000,45640.000008380586,-205701.36083175696,303.164474650066,149
22825000,45650.00000838262,-207053.6131069382,300.89331016600545,149
22830000,45660.00000838466,-206517.01115532056,302.65636549611276,149
22835000,45670.0000083867,-207072.22058095702,297.4839726854286,149
22840000,45680.000008388735,-206374.94528238697,296.0161242940981,149
22845000,45690.00000839077,-206191.88900808338,302.3676497819546,149
22850000,45700.00000839281,-206959.8920211175,300.7117361907742,149
22855000,45710.00000839485,-206594.42749160598,300.65529836479567,149
22860000,45720.000008396884,-206496.88861532963,302.868461194049,149
22865000,45730.00000839892,-205924.17898533086,300.6999456012701,149
22870000,45740.00000840096,-206783.10863716947,300.8648296738325,149
22875000,45750.000008402996,-207274.37515412527,298.50076088545154,149
22880000,45760.00000840503,-205543.91248882213,298.3841341963592,149
22885000,45770.00000840707,-206343.2305934889,300.29646078753046,149
22890000,45780.00000840911,-205908.2254293001,297.1882986761189,149
22895000,45790.000008411145,-205996.40424567147,299.3457845545021,149
22900000,45800.00000841318,-206686.3393196283,302.05514249404587,149
22905000,45810.00000841522,-206012.97953678283,301.3840603931105,149
22910000,45820.00000841726,-207069.19400048233,301.6839961213551,149
22915000,45830.000008419294,-206667.11987697158,304.03718504135423,149
22920000,45840.00000842133,-206334.8439157916,295.9244316053726,149
22925000,45850.00000842337,-206082.88097477122,304.96774943664843,149
22930000,45860.000008425406,-205150.62842898723,299.8399051363482,149
22935000,45870.00000842744,-206226.07409538783,300.8275174937817,149
22940000,45880.00000842948,-206176.42023057386,300.7558510535809,149
22945000,45890.00000843152,-207094.45851169003,299.21610227569676,149
22950000,45900.000008433555,-207461.29267706012,299.3482553937493,149
22955000,45910.00000843559,-206418.3053362267,295.71631464451235,149
22960000,45920.00000843763,-206516.70761710277,299.51079889426336,149
22965000,45930.00000843967,-206229.73154017213,299.7518414406824,149
22970000,45940.000008441704,-206452.8264139624,303.55503608070296,149
22975000,45950.00000844374,-206553.6288635229,298.9528367022194,149
22980000,45960.00000844578,-206339.66156547796,298.97417376871465,149
22985000,45970.000008447816,-206817.52751279168,299.53453888849066,149
22990000,45980.00000844985,-206042.4087451885,305.51625266229337,149
22995000,45990.00000845189,-206303.7255936769,301.7545157827992,149
23000000,46000.00000845393,-206305.02775475744,297.5338401172809,149
23005000,46010.000008455965,-206413.38718812657,299.10421966238744,149
23010000,46020.000008458,-206995.7946097036,302.35064516560607,149
23015000,46030.00000846004,-206511.5172474644,300.4855144148599,149
23020000,46040.00000846208,-206415.1740051068,297.7272424265294,149
23025000,46050.000008464114,-206402.2902220916,299.2216577743375,149
23030000,46060.00000846615,-205754.24008284102,302.14259029998385,149
23035000,46070.00000846819,-206293.9244255711,298.78458158429805,149
23040000,46080.000008470226,-206262.87519681233,303.77106526229477,149
23045000,46090.00000847226,-206465.2984967922,298.2052714204394,149
23050000,46100.0000084743,-206311.0136700099,302.77840307514674,149
23055000,46110.00000847634,-207251.03017710778,301.36424556659574,149
23060000,46120.000008478375,-207093.55571854208,302.763914704585,149
23065000,46130.00000848041,-207033.39246578887,299.6019708908199,149
23070000,46140.00000848245,-206502.36069443345,295.1880494283731,149
23075000,46150.00000848449,-206407.9389862921,297.9481624276199,149
23080000,46160.000008486524,-206474.77721513167,297.28880540516207,149
23085000,46170.00000848856,-206595.98910236207,300.6942365696379,149
23090000,46180.0000084906,-206240.8564489875,299.9172555203105,149
23095000,46190.000008492636,-205726.55623517756,300.0470550021509,149
23100000,46200.00000849467,-206765.44999883894,298.3638422218759,149
23105000,46210.00000849671,-206916.59962133644,301.3950889699883,149
23110000,46220.00000849875,-205683.45017073874,299.443256752709,149
23115000,46230.000008500785,-206383.88314751908,305.83494319830356,149
23120000,46240.00000850282,-206667.15576989914,300.2942193682374,149
23125000,46250.00000850486,-206649.50611594447,302.0130196956174,149
23130000,46260.0000085069,-206951.4587305088,304.51665620360643,149
23135000,46270.000008508934,-206521.52544068673,303.2616306178401,149
23140000,46280.00000851097,-206010.56601053383,300.88950085166744,149
23145000,46290.00000851301,-206073.97675007337,301.4264593106418,149
23150000,46300.000008515046,-205862.52498650923,299.2306986061945,149
23155000,46310.00000851708,-206363.20412831684,302.4775436489733,149
23160000,46320.00000851912,-205680.15199989278,302.2952525338543,149
23165000,46330.00000852116,-207024.3537142966,298.2973874341541,149
23170000,46340.000008523195,-206808.62281692366,302.7663038096367,149
23175000,46350.00000852523,-206661.39969173248,298.29076879346576,149
23180000,46360.00000852727,-206729.96644977934,303.8280032346636,149
23185000,46370.00000852931,-206791.81234163337,301.27775530947036,149
23190000,46380.000008531344,-206576.68516660028,298.542802417015,149
23195000,46390.00000853338,-207475.4994330589,298.4506438719469,149
23200000,46400.00000853542,-205553.34598388826,300.2396095027152,149
23205000,46410.000008537456,-207076.7072634783,301.51049565238975,149
23210000,46420.00000853949,-206763.88954535313,300.46306385935713,149
23215000,46430.00000854153,-206248.83383171808,296.8531807519128,149
23220000,46440.00000854357,-206446.81477377017,307.28872525484,149
23225000,46450.000008545605,-206632.16622014833,301.04689404909516,149
23230000,46460.00000854764,-206326.5551019482,303.46917208287294,149
23235000,46470.00000854968,-207033.2791240334,300.2799452962505,149
23240000,46480.00000855172,-206509.16277850524,301.42465068215614,149
23245000,46490.000008553754,-206794.80595802784,297.5438655844898,149
23250000,46500.00000855579,-206536.98747593118,296.7562212787141,149
23255000,46510.00000855783,-205741.61124597047,303.1352422437143,149
23260000,46520.000008559866,-205569.16772200016,299.79732021356546,149
23265000,46530.0000085619,-206793.51653877448,297.3784112660409,149
23270000,46540.00000856394,-206351.23175788228,302.08064378764135,149
23275000,46550.00000856598,-205639.1808804531,302.4992883418512,149
23280000,46560.000008568015,-206603.8095805382,297.06470813395913,149
23285000,46570.00000857005,-206153.2428802665,303.34519283803644,149
23290000,46580.00000857209,-206646.4177074182,296.3150777380334,149
23295000,46590.00000857413,-206068.9807164577,296.20339637229347,149
23300000,46600.000008576164,-206222.50713191868,304.46646713463383,149
23305000,46610.0000085782,-206196.6238234921,300.95522015636266,149
23310000,46620.00000858024,-205926.5645386806,297.7387056638653,149
23315000,46630.000008582276,-206329.72378227417,302.9247556912985,149
23320000,46640.00000858431,-206432.6319597856,300.52334072025053,149
23325000,46650.00000858635,-205983.87217549037,299.3002238780888,149
23330000,46660.00000858839,-205616.65050811053,300.6735982085265,149
23335000,46670.000008590425,-206389.12715104886,302.4881166543293,149
23340000,46680.00000859246,-206107.3996278908,294.33949056340936,149
23345000,46690.0000085945,-206305.06083147216,302.92240736881536,149
23350000,46700.00000859654,-206855.40813827713,301.1617783083031,149
23355000,46710.000008598574,-206963.40638033987,299.2299870944336,149
23360000,46720.00000860061,-208072.6110360804,302.08488096037854,149
23365000,46730.00000860265,-206605.9072233152,299.22984399284803,149
23370000,46740.000008604686,-206599.85437041544,301.3211903415856,149
23375000,46750.00000860672,-206932.3425591801,300.3075219591381,149
23380000,46760.00000860876,-206250.93033114518,297.5429885933568,149
23385000,46770.0000086108,-207587.1104143915,300.42965906031793,149
23390000,46780.000008612835,-206187.6776483897,299.7849198372735,149
23395000,46790.00000861487,-206335.8122891041,299.6017015917053,149
23400000,46800.00000861691,-206630.7910698338,304.0947869821787,149
23405000,46810.00000861895,-207157.7955194153,300.71097928173833,149
23410000,46820.000008620984,-206290.78379155148,301.8702372133126,149
23415000,46830.00000862302,-206620.26911051758,300.24166368835887,149
23420000,46840.00000862506,-206676.02172996628,302.56926284151865,149
23425000,46850.000008627096,-205542.74575081968,300.469174536059,149
23430000,46860.00000862913,-206018.87630488968,302.29504371318023,149
23435000,46870.00000863117,-206635.71561943705,297.87843080108263,149
23440000,46880.00000863321,-206038.79279074306,301.36159139233723,149
23445000,46890.000008635245,-206229.8004478732,298.09522380285205,149
23450000,46900.00000863728,-205963.3025411392,301.09575546997644,149
23455000,46910.00000863932,-205755.98172131693,300.32473072974693,149
23460000,46920.00000864136,-206417.91272153438,300.90154147875586,149
23465000,46930.000008643394,-206702.6028519395,299.444226764326,149
23470000,46940.00000864543,-206173.14086702198,297.9614465738732,149
23475000,46950.00000864747,-206691.9959908945,299.61076656556264,149
23480000,46960.000008649506,-206806.333590794,302.7578783681556,149
23485000,46970.00000865154,-206888.95648041193,306.4669407686365,149
23490000,46980.00000865358,-206414.11023173796,300.59736046174413,149
23495000,46990.00000865562,-205861.5711345052,297.61424200385875,149
23500000,47000.000008657655,-206647.5737400793,300.28779486110415,149
23505000,47010.00000865969,-206208.0438953453,300.03526038358245,149
23510000,47020.00000866173,-206608.63369409787,304.1125845110896,149
23515000,47030.00000866377,-206006.38642672286,301.56989882573316,149
23520000,47040.000008665804,-206399.36606695945,301.2368350354667,149
23525000,47050.00000866784,-206622.10818806244,299.6999384880451,149
23530000,47060.00000866988,-206022.516995013,302.0629789325437,149
23535000,47070.000008671916,-206920.48398602032,295.38825342790483,149
23540000,47080.00000867395,-206282.00953133847,302.0746635698595,149
23545000,47090.00000867599,-207053.917161325,299.653926738138,149
23550000,47100.00000867803,-207607.80495938903,299.2779524107328,149
23555000,47110.000008680065,-206261.4327187155,296.5490690505836,149
23560000,47120.0000086821,-206156.37371692562,301.82879394431177,149
23565000,47130.00000868414,-205918.30362151226,300.1339684801765,149
23570000,47140.00000868618,-205759.232796264,302.6927266987243,149
23575000,47150.000008688214,-206646.95332172734,297.6655689017623,149
23580000,47160.00000869025,-206135.15014788706,298.5455946824265,149
23585000,47170.00000869229,-205700.4594844837,299.97193540072584,149
23590000,47180.000008694326,-206626.9734621978,301.149695866746,149
23595000,47190.00000869636,-206083.17583421455,301.02132103881576,149
23600000,47200.0000086984,-205699.51756466378,298.66655888193327,149
23605000,47210.00000870044,-206875.48313678254,299.9005664431658,149
23610000,47220.000008702475,-207485.19512691908,298.06898710942863,149
23615000,47230.00000870451,-206243.0486153739,297.9490878404695,149
23620000,47240.00000870655,-206683.0116595946,300.3145446875667,148
23625000,47250.00000870859,-206284.03679470927,300.6591959810176,148
23630000,47260.000008710624,-206180.62798499933,302.9459173976455,148
23635000,47270.00000871266,-206745.2871082893,303.62095002729,148
23640000,47280.0000087147,-206398.0363691697,298.78645203941977,148
23645000,47290.000008716735,-206606.04987868166,300.4960749592398,148
23650000,47300.00000871877,-205779.56428245606,298.29064361287016,148
23655000,47310.00000872081,-206282.29190491408,298.70777531175514,148
23660000,47320.00000872285,-206746.74097228725,297.9505853873872,148
23665000,47330.000008724885,-206522.40881032788,301.2127452147965,148
23670000,47340.00000872692,-205737.12325078587,298.89529803179295,148
23675000,47350.00000872896,-206570.41547792265,305.9803494408648,148
23680000,47360.000008730996,-206415.05452396837,296.1579851298697,148
23685000,47370.00000873303,-206856.2941693269,300.2872330170318,148
23690000,47380.00000873507,-206873.22109305963,299.3274041630609,148
23695000,47390.00000873711,-206795.37162450643,300.8894816578593,148
23700000,47400.000008739145,-206528.50619798992,293.18545569725455,148
23705000,47410.00000874118,-206181.39268946182,302.03332944365735,148
23710000,47420.00000874322,-206612.5434773981,303.44377755773775,148
23715000,47430.00000874526,-206538.07517200115,300.80544749434137,148
23720000,47440.000008747294,-206532.111362529,303.8841835940447,148
23725000,47450.00000874933,-206063.78113824467,301.9588498043092,148
23730000,47460.00000875137,-206555.3945541078,303.60297387065106,148
23735000,47470.000008753406,-206880.34356847126,298.58448469013985,148
23740000,47480.00000875544,-206226.37503070163,300.1339582069455,148
23745000,47490.00000875748,-206904.31961032527,305.6699661777818,148
23750000,47500.00000875952,-206584.314788642,299.0347600217183,148
23755000,47510.000008761555,-207275.19468521816,299.24246101557554,148
23760000,47520.00000876359,-206633.2258112518,300.99515414129473,148
23765000,47530.00000876563,-206990.03366692073,301.05477008589355,148
23770000,47540.00000876767,-206306.77377085376,302.6071901941732,148
23775000,47550.000008769704,-206383.28143628733,302.52636889663336,148
23780000,47560.00000877174,-206612.56947336567,298.9938611402499,148
23785000,47570.00000877378,-207201.03827704408,305.800303305979,148
23790000,47580.000008775816,-205365.64646186144,296.8582122285991,148
23795000,47590.00000877785,-206565.94621857873,299.2319689871884,148
23800000,47600.00000877989,-207155.6003845214,298.152762628536,148
23805000,47610.00000878193,-206875.89816325123,302.5602341272589,148
23810000,47620.000008783965,-206284.02980684896,299.31993479494093,148
23815000,47630.000008786,-206164.20396839897,298.7442327427838,148
23820000,47640.00000878804,-206817.4663455293,297.50459398278315,148
23825000,47650.00000879008,-206112.0223042732,298.1809181071009,148
23830000,47660.000008792114,-207229.2495888446,301.7897130180191,148
23835000,47670.00000879415,-206034.03925439017,299.1280876506082,148
23840000,47680.00000879619,-206128.10120664502,297.61515682972305,148
23845000,47690.000008798226,-205841.9024583546,302.4287175168212,148
23850000,47700.00000880026,-206069.07690046064,296.64871226797425,148
23855000,47710.0000088023,-206281.42727866687,302.7756703775111,148
23860000,47720.00000880434,-206484.30729100935,301.7277242425458,148
23865000,47730.000008806375,-205990.30539012316,299.3588211490951,148
23870000,47740.00000880841,-206573.4778106903,300.696006128581,148
23875000,47750.00000881045,-206259.74116552074,302.21879441432185,148
23880000,47760.00000881249,-206808.9829340655,297.99089004485717,148
23885000,47770.000008814524,-206359.58088592684,311.9298296547699,148
23890000,47780.00000881656,-206635.44079007162,295.15750641078483,148
23895000,47790.0000088186,-205566.87709651527,295.48297666732464,148
23900000,47800.000008820636,-206147.9481218194,302.87115975868966,148
23905000,47810.00000882267,-206331.1039190843,299.38963576596564,148
23910000,47820.00000882471,-206267.24042115326,299.753220528408,148
23915000,47830.00000882675,-205977.26135199657,298.3796823912458,148
23920000,47840.000008828785,-206126.366773888,302.0332152019478,148
23925000,47850.00000883082,-206474.906745916,301.5259763094651,148
23930000,47860.00000883286,-207263.7427330718,300.0254307519179,148
23935000,47870.0000088349,-207279.04373302497,301.84838260865683,148
23940000,47880.000008836934,-206768.6453330844,303.9996059496719,148
23945000,47890.00000883897,-206272.45428588055,297.5438942751741,148
23950000,47900.00000884101,-206366.43876188528,297.1753338524829,148
23955000,47910.000008843046,-205838.4173811177,298.49848759358207,148
23960000,47920.00000884508,-206663.80629010487,304.6084430731029,148
23965000,47930.00000884712,-206716.22832168255,300.8211371297105,148
23970000,47940.00000884916,-205650.8089671731,299.6487373729456,148
23975000,47950.000008851195,-207431.96102615178,294.6584678017561,148
23980000,47960.00000885323,-206968.8845965477,303.08677478372147,148
23985000,47970.00000885527,-206205.03067194624,295.56194886417376,148
23990000,47980.00000885731,-206205.57521346316,300.8111934427798,148
23995000,47990.000008859344,-206612.69360827678,296.61581581508386,148
24000000,48000.00000886138,-206790.6197226583,303.08000976507907,148
24005000,48010.00000886342,-206209.62396259478,304.1974480295459,148
24010000,48020.000008865456,-206235.37985610007,305.98615744673907,148
24015000,48030.00000886749,-206431.4545095528,297.5236428204214,148
24020000,48040.00000886953,-206946.83183928195,300.9830158884522,148
24025000,48050.00000887157,-206927.41475950857,295.2832759122721,148
24030000,48060.000008873605,-206321.2920933856,301.25376490789347,148
24035000,48070.00000887564,-206407.17659169517,301.5989591986661,148
24040000,48080.00000887768,-206112.0717402032,301.8188091401779,148
24045000,48090.00000887972,-206309.1572253561,299.90099335098785,148
24050000,48100.000008881754,-207047.56975152262,302.6923903784198,148
24055000,48110.00000888379,-206086.79029322893,299.79772216156795,148
24060000,48120.00000888583,-206477.16815624584,299.28105490201153,148
24065000,48130.000008887866,-206051.19317899854,305.70965551323656,148
24070000,48140.0000088899,-206224.49697443668,304.7675936007914,148
24075000,48150.00000889194,-205882.74884237454,299.69890808343433,148
24080000,48160.00000889398,-206986.49470309436,306.2552167222598,148
24085000,48170.000008896015,-205937.16720297863,299.8587274236321,148
24090000,48180.00000889805,-205987.8280338185,302.5061979558831,148
24095000,48190.00000890009,-206665.92931742978,303.91029028057926,148
24100000,48200.00000890213,-206095.42960274266,305.21458175519103,148
24105000,48210.000008904164,-207468.17253138276,302.95850100413065,148
24110000,48220.0000089062,-205987.74576632783,302.4426125563456,148
24115000,48230.00000890824,-206849.36245933035,302.40061624529613,148
24120000,48240.000008910276,-206404.7954135642,299.02833048132004,148
24125000,48250.00000891231,-206832.56560586812,304.4608218407482,148
24130000,48260.00000891435,-206755.5116423522,296.5444809589217,148
24135000,48270.00000891639,-206225.15424752585,301.21201095246766,148
24140000,48280.000008918425,-206517.48779554258,297.086289573505,148
24145000,48290.00000892046,-206295.16711950442,294.5839513197992,148
24150000,48300.0000089225,-206823.7666277612,296.5955501619058,148
24155000,48310.00000892454,-206286.1481257662,300.68611331415,148
24160000,48320.000008926574,-205984.56014320673,297.398209756284,148
24165000,48330.00000892861,-206751.50435981504,298.98766552267915,148
24170000,48340.00000893065,-205806.2800148978,298.55205244224277,148
24175000,48350.000008932686,-206668.0903088405,305.7689318180693,148
24180000,48360.00000893472,-205947.04395863484,295.1068196142339,148
24185000,48370.00000893676,-207099.19360500015,299.4956005588504,148
24190000,48380.0000089388,-206256.82214761747,295.7829257398968,148
24195000,48390.000008940835,-206797.03825601144,298.3079174798784,148
24200000,48400.00000894287,-206049.38957759377,299.83586840232437,148
24205000,48410.00000894491,-206691.2685990763,296.1744119390877,148
24210000,48420.00000894695,-205989.85830434016,302.70622540108326,148
24215000,48430.000008948984,-206631.6813092234,304.1473766001881,148
24220000,48440.00000895102,-207295.59996065393,306.6321328975582,148
24225000,48450.00000895306,-206259.11897306633,301.9024973500931,148
24230000,48460.000008955096,-206525.41490023886,299.32281801471487,148
24235000,48470.00000895713,-206205.2003622275,300.7796312764458,148
24240000,48480.00000895917,-206156.64548882993,298.71774006413875,148
24245000,48490.00000896121,-207124.39508801105,300.160525778976,148
24250000,48500.000008963245,-206759.45987400052,302.40332093055565,148
24255000,48510.00000896528,-205846.52788621723,302.52478482749143,148
24260000,48520.00000896732,-206055.61702555243,297.9597928581494,148
24265000,48530.00000896936,-206925.57123198127,296.46162801980233,148
24270000,48540.000008971394,-206934.80184801086,299.1973544970017,148
24275000,48550.00000897343,-207133.827087834,298.74183911375485,148
24280000,48560.00000897547,-206166.7787477828,300.8171743220538,148
24285000,48570.000008977506,-206029.60786383285,303.0698914909375,148
24290000,48580.00000897954,-206317.7246962482,295.74912819219566,148
24295000,48590.00000898158,-206431.4436954765,307.7064295336827,148
24300000,48600.00000898362,-206528.19407973124,304.7041454454794,148
24305000,48610.000008985655,-206730.92332553095,299.7983161398148,148
24310000,48620.00000898769,-207336.3201655323,299.6076969124526,148
24315000,48630.00000898973,-206126.76375018165,299.1675884663534,148
24320000,48640.00000899177,-206593.27080735366,297.86946319878314,148
24325000,48650.000008993804,-205623.4515429812,295.82042211761853,148
24330000,48660.00000899584,-207854.76428234472,303.36285171566766,148
24335000,48670.00000899788,-206395.8552528231,301.17804389551674,148
24340000,48680.000008999916,-206609.91914838983,304.4677200969908,148
24345000,48690.00000900195,-205765.52790478244,295.6453142474583,148
24350000,48700.00000900399,-206135.78201515437,292.08736632330056,148
24355000,48710.00000900603,-206754.79991453886,296.3005884900974,148
24360000,48720.000009008065,-206182.88185757538,301.75714893429324,148
24365000,48730.0000090101,-207134.48888392956,297.96915175856304,148
24370000,48740.00000901214,-206077.05661655206,300.43952317589685,148
24375000,48750.00000901418,-206567.17823694018,300.02843846835475,148
24380000,48760.000009016214,-206053.30025924614,299.8239667253078,148
24385000,48770.00000901825,-206680.66435067437,300.2717474656562,148
24390000,48780.00000902029,-205653.70940196887,298.89178107825234,148
24395000,48790.000009022326,-206563.60988781683,299.6754189900106,148
24400000,48800.00000902436,-206111.10596767638,299.2066901457326,148
24405000,48810.0000090264,-206092.205851899,298.6520368249601,148
24410000,48820.00000902844,-206389.92297054676,297.9895281506055,148
24415000,48830.000009030475,-206944.96295231732,301.3611081325415,148
24420000,48840.00000903251,-206126.4995402085,301.70747412243077,148
24425000,48850.00000903455,-206881.62407852616,294.5342673493099,148
24430000,48860.00000903659,-207147.20227154216,299.20856198795383,148
24435000,48870.000009038624,-206374.07703950012,298.7851428063612,148
24440000,48880.00000904066,-205661.37318799214,303.84431444252846,148
24445000,48890.0000090427,-206676.69757768116,299.04133949111053,148
24450000,48900.000009044736,-206330.17130936764,297.3961923306799,148
24455000,48910.00000904677,-206197.4824678708,296.9413708574137,148
24460000,48920.00000904881,-206195.8607761258,303.70008887621344,148
24465000,48930.00000905085,-206215.76283583615,298.5844190665747,148
24470000,48940.000009052885,-206288.07701697247,296.39502553477115,148
24475000,48950.00000905492,-206329.7580410001,302.71799164544313,148
24480000,48960.00000905696,-206126.8420396496,298.72140360260113,148
24485000,48970.000009059,-205754.10931254562,299.11793642887193,148
24490000,48980.000009061034,-206652.27970461303,298.69098136122824,148
24495000,48990.00000906307,-206144.55906813592,302.00947094183476,148
24500000,49000.00000906511,-206696.40687224222,306.55502679562596,148
24505000,49010.000009067146,-206145.2859952019,301.739101385148,148
24510000,49020.00000906918,-206476.59887224727,303.67854293113203,148
24515000,49030.00000907122,-206765.12286407605,301.3934584448188,148
24520000,49040.00000907326,-205823.2379163683,301.6878248338883,148
24525000,49050.000009075295,-205940.87418047967,302.7572813850129,148
24530000,49060.00000907733,-207212.95640303742,298.2970000072115,148
24535000,49070.00000907937,-206245.52440026437,296.2327300694344,148
24540000,49080.00000908141,-205958.1411493871,301.4953035455009,148
24545000,49090.000009083444,-206911.39864042227,298.6536728147314,148
24550000,49100.00000908548,-205816.09391085082,301.4256835090503,148
24555000,49110.00000908752,-206214.0011324169,302.3894803688069,148
24560000,49120.000009089556,-206836.2385919689,298.3887134705931,148
24565000,49130.00000909159,-206648.22861034994,297.7528792940542,148
24570000,49140.00000909363,-206448.57206476887,304.0201883224616,148
24575000,49150.00000909567,-205826.04543576087,299.437490727792,148
24580000,49160.000009097705,-207061.66149661248,298.9986152459513,148
24585000,49170.00000909974,-205991.386005759,296.4261944568324,148
24590000,49180.00000910178,-206287.1974176207,300.1444254554723,148
24595000,49190.00000910382,-207198.75078569294,296.8209644085755,148
24600000,49200.000009105854,-206832.47866082238,301.6690980027148,148
24605000,49210.00000910789,-207183.51595080446,304.3002109897454,148
24610000,49220.00000910993,-206630.10982184228,301.61628472926924,148
24615000,49230.000009111965,-206199.37886091263,301.3167436955773,148
24620000,49240.000009114,-206278.7947975922,299.3373475454688,148
24625000,49250.00000911604,-205681.21398402343,305.40234529591805,148
24630000,49260.00000911808,-205846.6928412828,298.7723649691576,148
24635000,49270.000009120115,-206136.9375193176,303.60415506556166,148
24640000,49280.00000912215,-207267.50992325437,299.81555894420995,148
24645000,49290.00000912419,-206672.6043194508,300.24039884103945,148
24650000,49300.000009126226,-206609.4797156963,295.6147920721262,148
24655000,49310.00000912826,-206542.12639246974,300.2004754835695,148
24660000,49320.0000091303,-206304.0295659817,303.7673964556987,148
24665000,49330.00000913234,-205685.42346324422,300.54134912868665,148
24670000,49340.000009134375,-206921.6288240637,301.71891410657025,148
24675000,49350.00000913641,-206519.15506246674,305.9291778893817,148
24680000,49360.00000913845,-206490.41738801228,301.6636467051097,148
24685000,49370.00000914049,-206668.55401899165,299.39564704051827,148
24690000,49380.000009142525,-206580.7152345666,300.5304712773133,148
24695000,49390.00000914456,-206207.26900691888,300.31544358999497,148
24700000,49400.0000091466,-207055.43638998037,302.0865411816962,148
24705000,49410.000009148636,-206996.23256238364,305.17415640842233,148
24710000,49420.00000915067,-206420.3203159531,299.68731748070684,148
24715000,49430.00000915271,-205843.8542742146,297.36355020602963,148
24720000,49440.00000915475,-206589.75967228226,305.12037355057055,148
24725000,49450.000009156785,-206005.47497601074,303.54139234815324,148
24730000,49460.00000915882,-206399.1075422758,299.69735036239155,148
24735000,49470.00000916086,-206569.14846471383,301.4515991027431,148
24740000,49480.0000091629,-205975.03296319512,302.78759915555065,148
24745000,49490.000009164934,-207112.0837402849,298.71314330972007,148
24750000,49500.00000916697,-205535.32923225965,295.2701427333946,148
24755000,49510.00000916901,-206041.54026163474,300.83469060403985,148
24760000,49520.000009171046,-206151.8576883498,299.3195208957495,148
24765000,49530.00000917308,-206377.80162214988,298.3639110662208,148
24770000,49540.00000917512,-206279.26413864573,298.3303665786756,148
24775000,49550.00000917716,-206297.85569299874,296.37376374955534,148
24780000,49560.000009179195,-206239.49730877217,303.65402824166597,148
24785000,49570.00000918123,-205896.21272490988,297.26764044916746,148
24790000,49580.00000918327,-206662.64631078462,302.7080131393228,148
24795000,49590.00000918531,-207294.4696914053,299.2531224320105,148
24800000,49600.000009187344,-206243.23215430346,302.98875521775534,148
24805000,49610.00000918938,-207040.4858294439,298.4505907958398,148
24810000,49620.00000919142,-206677.71138891054,300.5409605535367,148
24815000,49630.000009193456,-206471.5907784506,302.6713820315679,148
24820000,49640.00000919549,-205928.65258664393,297.12423970375846,148
24825000,49650.00000919753,-205968.53514519287,303.2211040942392,148
24830000,49660.00000919957,-206583.91975919972,304.06308981258104,148
24835000,49670.000009201605,-206643.1376961273,306.6010727149218,148
24840000,49680.00000920364,-207143.95812008192,299.5112181049813,148
24845000,49690.00000920568,-206521.16583489557,302.81620431336665,148
24850000,49700.00000920772,-206732.33606460143,303.53271542134956,148
24855000,49710.000009209754,-205992.0811921429,304.5583619625252,148
24860000,49720.00000921179,-205870.61618724966,300.6774295129821,148
24865000,49730.00000921383,-206635.72055435693,300.493703550557,148
24870000,49740.000009215866,-206567.6300860421,307.96324129998624,148
24875000,49750.0000092179,-206210.87735549698,301.28659369069754,148
24880000,49760.00000921994,-206280.42497644655,297.27061930434525,148
24885000,49770.00000922198,-206775.73749297857,308.8081609608165,148
24890000,49780.000009224015,-205969.70632402552,300.39605098475977,148
24895000,49790.00000922605,-206298.51760201727,302.54812112050365,148
24900000,49800.00000922809,-205737.0942597394,299.7190920844986,148
24905000,49810.00000923013,-206116.09557073645,301.12280436324886,148
24910000,49820.000009232164,-206126.4684965565,302.36353594531744,148
24915000,49830.0000092342,-206707.70394335,296.79756953700195,148
24920000,49840.00000923624,-206195.37349361833,302.576391851584,148
24925000,49850.000009238276,-206024.0831328755,302.8193157361076,148
24930000,49860.00000924031,-206406.39883156866,298.86236907250435,148
24935000,49870.00000924235,-207129.6559008615,296.7396049917657,148
24940000,49880.00000924439,-206313.3790670405,297.16134430325616,148
24945000,49890.000009246425,-205678.42128502403,302.7282668807435,148
24950000,49900.00000924846,-206220.28357968468,301.1194506969176,148
24955000,49910.0000092505,-206527.63288482267,300.32186211905366,148
24960000,49920.00000925254,-206307.33184390946,301.85268153957173,148
24965000,49930.000009254574,-206509.65154201502,301.2286687764147,148
24970000,49940.00000925661,-205761.35494721332,297.4288882648048,148
24975000,49950.00000925865,-206984.34551149362,300.36264758592597,148
24980000,49960.000009260686,-206689.63575078128,297.42223367490874,148
24985000,49970.00000926272,-206432.62496734085,301.80334389961786,148
24990000,49980.00000926476,-206483.203962286,306.82104994820554,148
24995000,49990.0000092668,-206520.16947341978,298.2204115608283,148
25000000,50000.000009268835,-206141.43711215456,299.4363962944262,148
25005000,50010.00000927087,-206015.63894627139,298.3281508047096,148
25010000,50020.00000927291,-206369.24871311802,300.3265007477248,148
25015000,50030.00000927495,-206944.97878592974,302.6984254223322,148
25020000,50040.000009276984,-206933.22674134083,299.2220539929124,148
25025000,50050.00000927902,-206615.52488174336,297.01104076235407,148
25030000,50060.00000928106,-206646.87430386327,296.68227915616865,148
25035000,50070.000009283096,-206364.8407459415,298.4328073108898,148
25040000,50080.00000928513,-205983.39266995352,301.6877817341463,148
25045000,50090.00000928717,-206682.36490214418,302.0573221818518,148
25050000,50100.00000928921,-206569.56106408138,298.38371197552476,148
25055000,50110.000009291245,-206194.45061560685,300.9024230724381,148
25060000,50120.00000929328,-206747.17766627145,302.7965504069104,148
25065000,50130.00000929532,-205321.4313415439,297.3106491291829,148
25070000,50140.00000929736,-206566.10820511694,303.8576693872027,148
25075000,50150.000009299394,-206596.27278302575,304.8194837954763,148
25080000,50160.00000930143,-206407.7255312387,295.71980429416806,148
25085000,50170.00000930347,-206218.38088624727,299.7567832661249,148
25090000,50180.000009305506,-206531.28274229693,300.045466758549,148
25095000,50190.00000930754,-205962.100851828,295.48753986519716,148
25100000,50200.00000930958,-206884.81197002635,301.57554338246825,148
25105000,50210.00000931162,-206496.17606250453,303.159845400226,148
25110000,50220.000009313655,-206593.02507121686,303.00938518280685,148
25115000,50230.00000931569,-205885.61125273374,300.7961699922544,148
25120000,50240.00000931773,-206061.25009222527,304.4587427228378,148
25125000,50250.00000931977,-205564.3853740315,300.2477261153419,148
25130000,50260.000009321804,-206303.08713602403,295.97565446379616,148
25135000,50270.00000932384,-206202.5824268877,301.26525617569075,148
25140000,50280.00000932588,-207000.67428805353,298.43703270696005,148
25145000,50290.000009327916,-206676.09313663864,303.75170418312786,148
25150000,50300.00000932995,-205939.26763153297,300.3139729683402,148
25155000,50310.00000933199,-206320.8217746747,298.686394924572,148
25160000,50320.00000933403,-206638.64281033725,304.55633763522366,148
25165000,50330.000009336065,-206328.69707871543,298.4173820909456,148
25170000,50340.0000093381,-206619.40162538318,299.37191465703125,148
25175000,50350.00000934014,-206245.33066064736,304.3857923471438,148
25180000,50360.00000934218,-206164.34191776987,300.6650754833926,148
25185000,50370.000009344214,-206797.58264614362,302.1552475490299,148
25190000,50380.00000934625,-206397.53036721318,301.3215639104131,148
25195000,50390.00000934829,-206886.60432201857,299.9904498704366,148
25200000,50400.000009350326,-206082.6222007866,300.3961618817693,148
25205000,50410.00000935236,-207266.88454179734,299.26693288722737,148
25210000,50420.0000093544,-206372.54122889682,300.6146930037406,148
25215000,50430.00000935644,-206555.32933870237,298.78295538486145,148
25220000,50440.000009358475,-205834.51524468092,296.3801763243888,148
25225000,50450.00000936051,-206595.67830815306,301.6043310399066,148
25230000,50460.00000936255,-206537.61334373348,301.4327644232513,148
25235000,50470.00000936459,-207046.2953782489,300.29167574707657,148
25240000,50480.000009366624,-206343.78289190098,295.58126525077745,148
25245000,50490.00000936866,-206890.92170402815,301.55917124487866,148
25250000,50500.0000093707,-206785.34241158178,300.58313529094386,148
25255000,50510.000009372736,-206059.1391825691,303.4397625407714,148
25260000,50520.00000937477,-206371.46019177476,301.8820616716943,148
25265000,50530.00000937681,-206113.17459203978,299.1272804818632,148
25270000,50540.00000937885,-205765.41398100182,297.41909471204303,148
25275000,50550.000009380885,-206608.36877551826,304.55429411644695,148
25280000,50560.00000938292,-206667.39957493928,296.56453792336146,148
25285000,50570.00000938496,-206436.01869131904,303.8278087488817,148
25290000,50580.000009387,-206844.79737692466,296.0305153792758,148
25295000,50590.000009389034,-206279.2083950158,296.32590458408674,148
25300000,50600.00000939107,-205376.2490570622,300.302788207256,148
25305000,50610.00000939311,-206325.85230072786,296.892733797799,148
25310000,50620.000009395146,-206117.71608535922,302.2914221198374,148
25315000,50630.00000939718,-206617.8467041601,292.58998682408594,148
25320000,50640.00000939922,-205990.61408858688,303.3855613824537,148
25325000,50650.00000940126,-206063.6188315266,303.68728948103893,148
25330000,50660.000009403295,-206614.04206727643,296.3876080504972,148
25335000,50670.00000940533,-206521.0133534855,296.89534418229783,148
25340000,50680.00000940737,-206867.16369711037,304.0707840181831,148
25345000,50690.00000940941,-206421.76515192038,297.7820892115072,148
25350000,50700.000009411444,-205853.54181892262,301.1917196401391,148
25355000,50710.00000941348,-205982.24796939583,306.03353428221516,148
25360000,50720.00000941552,-206705.00804351643,304.122606968988,148
25365000,50730.000009417556,-207223.56274761073,298.0751556992455,148
25370000,50740.00000941959,-206572.80863737443,297.40875409110043,148
25375000,50750.00000942163,-206842.4471269244,304.5688323560386,148
25380000,50760.00000942367,-206088.25291851535,300.9267188488714,148
25385000,50770.000009425705,-206655.64055039897,303.7466431400392,148
25390000,50780.00000942774,-205815.01856408897,303.84446647854446,148
25395000,50790.00000942978,-206252.75795408734,301.02333487261654,148
25400000,50800.00000943182,-206322.04870486574,297.39977110100483,148
25405000,50810.000009433854,-206530.60317251598,299.8873967942535,148
25410000,50820.00000943589,-206087.05736052012,298.1090442821887,148
25415000,50830.00000943793,-206438.5691508029,300.5003815307326,148
25420000,50840.000009439966,-206615.109368857,299.9898055551575,148
25425000,50850.000009442,-206609.05224096728,298.59344845877337,148
25430000,50860.00000944404,-207184.48634423665,298.11625924537105,148
25435000,50870.00000944608,-205975.27275016461,297.6940495547408,148
25440000,50880.000009448115,-206385.65796365216,300.4495679715935,148
25445000,50890.00000945015,-206054.82884759782,299.6735420210398,148
25450000,50900.00000945219,-206981.5939338341,296.8228490221008,148
25455000,50910.00000945423,-207554.58717251022,297.9744902975322,148
25460000,50920.000009456264,-206750.24430469715,300.7145718226833,148
25465000,50930.0000094583,-207016.91499021847,299.74724874032177,148
25470000,50940.00000946034,-207049.906257899,302.5732789539402,148
25475000,50950.000009462376,-205770.41623664997,301.4135453505262,148
25480000,50960.00000946441,-206317.17787802883,300.9936320318449,148
25485000,50970.00000946645,-206552.81300617103,295.4382151146328,148
25490000,50980.00000946849,-206114.14141873503,302.6826850629231,148
25495000,50990.000009470525,-206418.86167611915,302.63435774409055,148
25500000,51000.00000947256,-206772.54685292137,301.1071227529133,148
25505000,51010.0000094746,-206536.11281545705,300.3003303497968,148
25510000,51020.00000947664,-206478.17905459006,303.4521735837124,148
25515000,51030.000009478674,-205884.0127412515,297.03233455335334,148
25520000,51040.00000948071,-206486.23073490686,302.93671028175925,148
25525000,51050.00000948275,-206842.48580435547,298.29263568744483,148
25530000,51060.000009484786,-206118.87968787702,299.04068431981165,148
25535000,51070.00000948682,-206841.52275841625,299.7379727992588,148
25540000,51080.00000948886,-206161.58859023452,296.8104652345088,148
25545000,51090.0000094909,-206254.25234756374,296.29215283616134,148
25550000,51100.000009492935,-206355.01260611194,295.45848548703674,148
25555000,51110.00000949497,-206692.33592505183,304.6598661434502,148
25560000,51120.00000949701,-205967.6356712915,301.689402388686,148
25565000,51130.00000949905,-206560.45588410273,300.24431182940083,148
25570000,51140.000009501084,-206451.16839118756,300.8478285239945,148
25575000,51150.00000950312,-206442.08507674967,296.33812604257844,148
25580000,51160.00000950516,-206109.7823681977,298.1554405722177,148
25585000,51170.000009507196,-206521.82980808406,303.1107380494896,148
25590000,51180.00000950923,-206093.80643561517,300.74630383435385,148
25595000,51190.00000951127,-206367.76117931202,297.6272913991414,148
25600000,51200.00000951331,-207816.77941146167,307.52784233014637,148
25605000,51210.000009515345,-206081.15217009408,300.6681935984554,148
25610000,51220.00000951738,-205555.37829171878,300.8097191649819,148
25615000,51230.00000951942,-206359.74519768346,302.20250403720905,148
25620000,51240.00000952146,-205946.81576188246,302.73368503582185,148
25625000,51250.000009523494,-206198.04668878985,296.7474418348129,148
25630000,51260.00000952553,-206426.02083684364,302.3375589599858,148
25635000,51270.00000952757,-206604.24395353603,298.0702761864624,148
25640000,51280.000009529605,-205819.20067804796,299.7560458397432,148
25645000,51290.00000953164,-205510.21552718943,303.5697671923651,148
25650000,51300.00000953368,-205740.11370269954,299.5102259180444,148
25655000,51310.00000953572,-206751.23005231062,302.7045731818499,148
25660000,51320.000009537755,-206068.96430456557,304.983312208934,148
25665000,51330.00000953979,-206679.87100789847,300.97107646759696,148
25670000,51340.00000954183,-205913.08265069406,299.09645193477786,148
25675000,51350.000009543866,-206126.85379036434,304.79073373445107,148
25680000,51360.0000095459,-206792.56801162963,299.1838187072599,148
25685000,51370.00000954794,-207636.57350042602,299.75942907198225,148
25690000,51380.00000954998,-205636.69358734845,298.8261440884948,148
25695000,51390.000009552015,-205735.4394527095,306.590001661084,148
25700000,51400.00000955405,-206178.47969511303,302.7189429702513,148
25705000,51410.00000955609,-206348.07354762603,294.6766980185025,148
25710000,51420.00000955813,-205992.5562181907,301.8832134147866,148
25715000,51430.000009560164,-206329.25160791085,301.78546565857266,148
25720000,51440.0000095622,-207099.95810719265,303.5724886021921,148
25725000,51450.00000956424,-206656.71131915576,301.0665268091054,148
25730000,51460.000009566276,-205758.14590328303,298.8273855292138,148
25735000,51470.00000956831,-205715.24932979106,300.4509937831986,148
25740000,51480.00000957035,-207021.57333772746,295.6683865755246,148
25745000,51490.00000957239,-205652.77423089603,299.42618709913404,148
25750000,51500.000009574425,-206391.23950209352,300.26967517476015,148
25755000,51510.00000957646,-206600.84773115185,300.58448601770976,148
25760000,51520.0000095785,-206638.15507226298,299.703962571449,148
25765000,51530.00000958054,-206960.06444467523,298.97894561464045,148
25770000,51540.000009582574,-207042.76370758156,297.2286624395286,148
25775000,51550.00000958461,-206803.1071071647,308.0991357371687,148
25780000,51560.00000958665,-206261.72099201859,299.07694243934986,148
25785000,51570.000009588686,-206291.3432007589,301.38405578380565,148
25790000,51580.00000959072,-206593.53487905546,301.91195144119,148
25795000,51590.00000959276,-207563.89171223773,300.393512424938,148
25800000,51600.0000095948,-206399.64696649532,299.99221873323626,148
25805000,51610.000009596835,-206651.78091865627,296.85269749417506,148
25810000,51620.00000959887,-206786.9682440894,300.1860099331813,148
25815000,51630.00000960091,-207038.44572975673,297.64909705044226,148
25820000,51640.00000960295,-206919.3718497341,301.1800288427162,148
25825000,51650.000009604984,-206609.52335654956,301.6134700166513,148
25830000,51660.00000960702,-206501.2268148925,296.6309957240502,148
25835000,51670.00000960906,-206997.52715780865,303.46673363038167,148
25840000,51680.000009611096,-206624.00072510587,296.3628203316569,148
25845000,51690.00000961313,-206281.55670944136,302.0507800760248,148
25850000,51700.00000961517,-206675.7607808424,296.66230311748836,148
25855000,51710.00000961721,-206235.09816320462,298.78421686535626,148
25860000,51720.000009619245,-206474.00306671788,302.9833899472885,148
25865000,51730.00000962128,-206681.6359615425,300.04875863039814,148
25870000,51740.00000962332,-206048.5610059962,305.11877045448557,148
25875000,51750.00000962536,-205501.92680215847,299.516870824501,148
25880000,51760.000009627394,-205473.5869641424,304.30488339337734,148
25885000,51770.00000962943,-205655.80766143312,304.11238409028624,148
25890000,51780.00000963147,-206634.62489838805,302.09520850915135,148
25895000,51790.000009633506,-206744.01111794997,295.6269342728208,148
25900000,51800.00000963554,-205909.1071225725,303.4885609633816,148
25905000,51810.00000963758,-205944.66742429556,299.7255334132442,148
25910000,51820.00000963962,-205499.8288153268,302.1403275640528,148
25915000,51830.000009641655,-205762.41817846242,303.46440350130877,148
25920000,51840.00000964369,-206485.43895840808,304.2342821273046,148
25925000,51850.00000964573,-206794.2024387078,303.1194997056872,148
25930000,51860.00000964777,-205858.70100100804,298.0454071663539,148
25935000,51870.000009649804,-206773.5618885249,298.1982514870841,148
25940000,51880.00000965184,-205783.34973509458,302.2483837507126,148
25945000,51890.00000965388,-205835.14197628468,302.25607913895493,148
25950000,51900.000009655916,-206496.80702907243,301.3617041986753,148
25955000,51910.00000965795,-205915.79776882206,301.8452660659201,148
25960000,51920.00000965999,-206742.09203126794,306.5369641975371,148
25965000,51930.00000966203,-206258.56775554956,296.7269637411023,148
25970000,51940.000009664065,-206429.1786672991,302.30039858853524,148
25975000,51950.0000096661,-206405.92164245876,302.48090511878416,148
25980000,51960.00000966814,-206021.574139492,303.24510551877233,148
25985000,51970.00000967018,-206911.46659640793,308.0173741736344,148
25990000,51980.000009672214,-206643.90904796368,300.07484468279097,148
25995000,51990.00000967425,-206722.68283635995,299.051985789412,148
26000000,52000.00000967629,-206344.5450900417,305.22126993082355,148
26005000,52010.000009678326,-206732.95010276872,296.53716240529593,148
26010000,52020.00000968036,-205813.75603294035,301.9380768967045,148
26015000,52030.0000096824,-205446.60979113705,302.4340178108897,148
26020000,52040.00000968444,-207018.3700746817,304.361972219785,148
26025000,52050.000009686475,-205973.70875298127,299.6108623712691,148
26030000,52060.00000968851,-206779.80393081973,301.0605920660646,148
26035000,52070.00000969055,-206882.59250099503,300.97880636267223,148
26040000,52080.00000969259,-205795.58880811767,303.6878774201905,148
26045000,52090.000009694624,-205997.9357924062,305.18636141810754,148
26050000,52100.00000969666,-205970.47205543576,300.99503957949156,148
26055000,52110.0000096987,-206226.01416335884,294.2318164614911,148
26060000,52120.000009700736,-206185.74772413762,298.0624646237966,148
26065000,52130.00000970277,-206271.21679673856,299.2596886642877,148
26070000,52140.00000970481,-206565.85599129566,296.62886994947627,148
26075000,52150.00000970685,-206453.88200162048,303.7956029115097,148
26080000,52160.000009708885,-205941.1369350343,302.47356438129486,148
26085000,52170.00000971092,-206425.40490715834,299.43285418556866,148
26090000,52180.00000971296,-205873.24236189295,304.3207862689346,148
26095000,52190.000009715,-206353.26299577148,299.8838553743503,148
26100000,52200.000009717034,-206686.9564126844,301.23361270022286,148
26105000,52210.00000971907,-206387.72263164003,304.23961592180456,148
26110000,52220.00000972111,-205835.28657661623,301.08221351544523,148
26115000,52230.000009723146,-206831.09355665976,299.658257437685,148
26120000,52240.00000972518,-205999.5132239894,298.5425605222365,148
26125000,52250.00000972722,-206344.01867841824,300.95977431320125,148
26130000,52260.00000972926,-207066.21002951765,297.8550037862583,148
26135000,52270.000009731295,-206770.77551675332,304.68059513061877,148
26140000,52280.00000973333,-206311.9886571644,303.33035781988445,148
26145000,52290.00000973537,-207075.24904139328,300.67666802769895,148
26150000,52300.00000973741,-205940.5140021852,303.03950902318763,148
26155000,52310.000009739444,-205617.37064149487,301.0019299848774,148
26160000,52320.00000974148,-206961.84718602838,296.859011610038,148
26165000,52330.00000974352,-207156.2353504079,298.805763721105,148
26170000,52340.000009745556,-205789.72711946175,296.3807098298256,148
26175000,52350.00000974759,-206923.41029843094,301.53316733073643,148
26180000,52360.00000974963,-206639.55228370428,298.824525127504,148
26185000,52370.00000975167,-205932.69930455845,303.1767369752216,148
26190000,52380.000009753705,-206450.05180987075,295.8919110112698,148
26195000,52390.00000975574,-206548.78611829272,296.4739326421925,148
26200000,52400.00000975778,-206660.33541378647,301.56994970588016,148
26205000,52410.00000975982,-206368.75108169043,298.57856733929657,148
26210000,52420.000009761854,-206490.7791493663,299.9782371055476,148
26215000,52430.00000976389,-206761.0142299676,303.82420237155753,148
26220000,52440.00000976593,-206000.3157761679,302.8563173298057,148
26225000,52450.000009767966,-206565.68178935966,298.09393069893264,148
26230000,52460.00000977,-206903.56410678895,297.592380268261,148
26235000,52470.00000977204,-206514.51581535116,299.83683896073217,148
26240000,52480.00000977408,-206099.11312523985,299.7850911441495,148
26245000,52490.000009776115,-205964.7987286388,302.74868574453177,148
26250000,52500.00000977815,-206092.66733294143,298.0454887133381,148
26255000,52510.00000978019,-207108.10188062896,305.95920025351006,148
26260000,52520.00000978223,-206302.56137291912,302.72028908310637,148
26265000,52530.000009784264,-206094.07713471935,297.87807829836,148
26270000,52540.0000097863,-207273.3437343149,303.6416562962327,148
26275000,52550.00000978834,-206568.26184573525,295.5957971637936,148
26280000,52560.000009790376,-206435.7956386006,301.8988526673335,148
26285000,52570.00000979241,-206426.7074966475,299.56366273785636,148
26290000,52580.00000979445,-205944.1988600142,297.97300107137005,148
26295000,52590.00000979649,-206154.51126674563,299.13763616195024,148
26300000,52600.000009798525,-205699.1587934316,301.2448086674672,148
26305000,52610.00000980056,-205840.7843794413,300.1242958327395,148
26310000,52620.0000098026,-205622.94255228154,298.5164514519111,148
26315000,52630.00000980464,-206386.11891339428,297.55222029657716,148
26320000,52640.000009806674,-205961.10843291855,298.92725241990547,148
26325000,52650.00000980871,-205347.8487483369,299.11673677521276,148
26330000,52660.00000981075,-206870.242164294,304.1698340370501,148
26335000,52670.000009812786,-205935.14392015513,295.6642740923468,148
26340000,52680.00000981482,-205979.9310180277,295.1149490129577,148
26345000,52690.00000981686,-205768.2579694182,300.5398560235788,148
26350000,52700.0000098189,-206929.81208773295,297.2504978501592,148
26355000,52710.000009820935,-206249.72414466646,299.9559119051928,148
26360000,52720.00000982297,-207275.13395171193,299.4667935917418,148
26365000,52730.00000982501,-205619.58123576466,302.595549841343,148
26370000,52740.00000982705,-205574.06428929663,301.6689480505061,148
26375000,52750.000009829084,-206506.89281601238,302.6048488369894,148
26380000,52760.00000983112,-206805.63396973512,299.2317877434037,148
26385000,52770.00000983316,-207016.5572840689,298.34191820074733,148
26390000,52780.000009835196,-206137.35256579297,298.2816415773781,148
26395000,52790.00000983723,-206170.07184075215,306.0693866677136,148
26400000,52800.00000983927,-205988.2053556844,304.26079963434444,148
26405000,52810.00000984131,-205529.713623369,301.5660780993441,148
26410000,52820.000009843345,-206095.02371920052,300.4406507297071,148
26415000,52830.00000984538,-205833.50801808818,298.93946497552474,148
26420000,52840.00000984742,-206360.2015200873,302.12567126515296,148
26425000,52850.00000984946,-206232.5580646618,299.6608323853512,148
26430000,52860.000009851494,-206806.49660680152,299.9655308765627,148
26435000,52870.00000985353,-206439.0011009263,295.9526062205232,148
26440000,52880.00000985557,-205919.08474179078,301.1163480414798,148
26445000,52890.000009857606,-206536.40183548094,297.02409864210074,148
26450000,52900.00000985964,-206070.60233844677,302.92482652298634,148
26455000,52910.00000986168,-206203.13041793217,300.5859147842915,148
26460000,52920.00000986372,-206346.7546593491,297.12057995403245,148
26465000,52930.000009865755,-206068.35916008893,301.9490895528948,148
26470000,52940.00000986779,-206619.15863025247,301.1897389998599,148
26475000,52950.00000986983,-206799.7576165374,296.3339787987068,148
26480000,52960.00000987187,-206108.51151687896,296.94320525030435,148
26485000,52970.000009873904,-206037.4965396499,300.162541337339,148
26490000,52980.00000987594,-205923.47610862704,297.19488719369673,148
26495000,52990.00000987798,-205480.64697929553,299.39601649275767,148
26500000,53000.000009880016,-205918.90175617777,302.55922575142455,148
26505000,53010.00000988205,-207000.6194724366,304.02950799874986,148
26510000,53020.00000988409,-205708.36735293863,300.09397438401663,148
26515000,53030.00000988613,-206208.99812273984,300.70362479560464,148
26520000,53040.000009888165,-205995.6107356419,300.95660224421727,148
26525000,53050.0000098902,-206144.47914489277,300.4496253427706,148
26530000,53060.00000989224,-205997.1709031465,297.50224408426146,148
26535000,53070.00000989428,-206338.33470979577,298.0988457254012,148
26540000,53080.000009896314,-206001.53987175075,301.3761059660856,148
26545000,53090.00000989835,-206870.52582164726,299.15251355586764,148
26550000,53100.00000990039,-206304.8642125557,296.3819722718406,148
26555000,53110.000009902426,-206408.92621171055,298.77610332894955,148
26560000,53120.00000990446,-206536.50555211096,302.400579468998,148
26565000,53130.0000099065,-206793.76432560885,300.4666743641264,148
26570000,53140.00000990854,-206180.3772680898,306.3120044883311,148
26575000,53150.000009910575,-206685.84647780855,305.61624209133856,148
26580000,53160.00000991261,-206497.5995630665,297.73311929846744,148
26585000,53170.00000991465,-206936.63387448504,300.21087071717045,148
26590000,53180.00000991669,-206418.14640035166,300.3022986380845,148
26595000,53190.000009918724,-205999.93016378582,301.6533157663815,148
26600000,53200.00000992076,-206045.9396264254,301.913640935843,148
26605000,53210.0000099228,-207151.57205163257,303.0312097990036,148
26610000,53220.000009924835,-206229.91102144623,298.607539259106,148
26615000,53230.00000992687,-206300.76689843985,300.8218432119487,148
26620000,53240.00000992891,-206059.6218243133,299.73376221264664,148
26625000,53250.00000993095,-206600.47749649396,300.5062222935375,148
26630000,53260.000009932985,-205132.3379364689,298.96602436592656,148
26635000,53270.00000993502,-205929.93336445792,300.88372131564,148
26640000,53280.00000993706,-206317.3994777056,297.05695090559874,148
26645000,53290.000009939096,-206749.14951494162,300.95826176099746,148
26650000,53300.00000994113,-206700.90212345403,296.1147605451651,148
26655000,53310.00000994317,-206247.91013355402,298.0724223099896,148
26660000,53320.00000994521,-205883.30494057457,298.2897218626173,148
26665000,53330.000009947245,-205780.13710413955,305.40620936040466,148
26670000,53340.00000994928,-206442.45110654843,300.4356493908185,148
26675000,53350.00000995132,-205750.72413538035,296.97019730578154,148
26680000,53360.00000995336,-205751.32524849614,302.8021460208129,148
26685000,53370.000009955394,-205858.43537092232,296.62619111892525,148
26690000,53380.00000995743,-205865.36121297954,300.0700291972755,148
26695000,53390.00000995947,-206453.71279279504,302.50847545885114,148
26700000,53400.000009961506,-206750.83586199733,296.1983215233406,148
26705000,53410.00000996354,-206142.10015845462,304.24023241236165,148
26710000,53420.00000996558,-206531.43528367882,306.91145024009194,148
26715000,53430.00000996762,-205520.5576783016,298.3384295961197,148
26720000,53440.000009969655,-206321.38503471424,301.2292793110922,148
26725000,53450.00000997169,-206940.75975196378,301.93707493824934,148
26730000,53460.00000997373,-206014.04657840135,299.7668808452541,148
26735000,53470.00000997577,-206427.7170855595,302.8650463064858,148
26740000,53480.000009977804,-206028.90010698535,303.84854653883957,148
26745000,53490.00000997984,-206164.98231887212,297.1942188382376,148
26750000,53500.00000998188,-206133.56424174178,301.5678314610937,148
26755000,53510.000009983916,-206304.1285092174,303.87868837856104,148
26760000,53520.00000998595,-206111.00602259673,293.71145124351483,148
26765000,53530.00000998799,-206222.40418930294,296.5019519169511,148
26770000,53540.00000999003,-206371.4854975863,300.9570395874471,148
26775000,53550.000009992065,-205970.47346148582,305.8694987863543,148
26780000,53560.0000099941,-206487.1008721675,303.992322987333,148
26785000,53570.00000999614,-206423.0012012472,300.81114076449046,148
26790000,53580.00000999818,-206064.25520442158,302.83193774759525,148
26795000,53590.000010000214,-205678.32577280665,298.10590101194924,148
26800000,53600.00001000225,-206930.7187869671,299.62466429413325,148
26805000,53610.00001000429,-207113.9389541992,294.7767662139108,148
26810000,53620.000010006326,-206416.6398138823,295.7894172308519,148
26815000,53630.00001000836,-207221.22911834193,299.58645810489145,148
26820000,53640.0000100104,-206033.88904400414,300.47617014642157,148
26825000,53650.00001001244,-206755.82950656314,299.6011800309455,148
26830000,53660.000010014475,-207073.23609924212,303.91483526180775,148
26835000,53670.00001001651,-206456.89537906542,299.39170170516576,148
26840000,53680.00001001855,-206393.6842027934,301.0126959367874,148
26845000,53690.00001002059,-205585.9304102749,302.64351029085765,148
26850000,53700.000010022624,-205651.75891275413,300.96101386410714,148
26855000,53710.00001002466,-206174.9615366715,295.08856977553603,148
26860000,53720.0000100267,-206701.20599961397,297.2579628245207,148
26865000,53730.000010028736,-206323.0728538452,301.8898344260299,148
26870000,53740.00001003077,-206264.24246622843,299.5838268717885,148
26875000,53750.00001003281,-206831.97264216654,297.2742010429097,148
26880000,53760.00001003485,-206115.6073151389,299.2266302447426,148
26885000,53770.000010036885,-207017.72844670527,296.1307572892331,148
26890000,53780.00001003892,-206628.6582809178,298.0192170972744,148
26895000,53790.00001004096,-206762.83600813674,299.3616461003743,148
26900000,53800.000010043,-206858.44747394277,300.4726595296834,148
26905000,53810.000010045034,-206080.22546290082,296.618035355399,148
26910000,53820.00001004707,-206007.37231981964,300.44993803957396,148
26915000,53830.00001004911,-206193.2274799383,302.2984649365483,148
26920000,53840.000010051146,-206632.43523538206,303.83016939844873,148
26925000,53850.00001005318,-206958.16166788456,293.4904879941522,148
26930000,53860.00001005522,-206552.73922688223,297.6710979098399,148
26935000,53870.00001005726,-206187.9758940665,297.4685986210475,148
26940000,53880.000010059295,-205985.28825616196,302.5830483256473,148
26945000,53890.00001006133,-206425.6665955286,301.7357311626855,148
26950000,53900.00001006337,-206439.64951351227,300.5092608830531,148
26955000,53910.00001006541,-207032.28273691493,301.5787873954762,148
26960000,53920.000010067444,-206252.9234679963,299.3437374896037,148
26965000,53930.00001006948,-206125.04779291363,297.13311209096065,148
26970000,53940.00001007152,-206550.11957674532,301.06889481991146,148
26975000,53950.000010073556,-206723.3728396641,302.9405988187455,147
26980000,53960.00001007559,-206267.03035202133,298.3843318041463,147
26985000,53970.00001007763,-206771.03942296642,301.0812616512488,147
26990000,53980.00001007967,-206762.65205576294,302.37004716204115,147
26995000,53990.000010081705,-206140.2265983125,301.30865295694963,147
27000000,54000.00001008374,-205722.49373457104,295.7598037887264,147
27005000,54010.00001008578,-205792.67014886322,303.4646321461522,147
27010000,54020.00001008782,-207035.54911250377,303.1895998711951,147
27015000,54030.000010089854,-206722.73636847886,298.96965631468265,147
27020000,54040.00001009189,-206902.87933620845,297.922475936202,147
27025000,54050.00001009393,-205790.36386639986,299.33668724766994,147
27030000,54060.000010095966,-205721.31302745163,299.9961046475081,147
27035000,54070.000010098,-206897.79982336366,299.32089285962905,147
27040000,54080.00001010004,-206011.7675780208,300.13271548156723,147
27045000,54090.00001010208,-206080.8981658863,303.2469206207858,147
27050000,54100.000010104115,-206928.36031876423,299.22893865729935,147
27055000,54110.00001010615,-206442.37184138293,298.0984280315108,147
27060000,54120.00001010819,-206153.55947926093,297.89633110348154,147
27065000,54130.00001011023,-206868.35422413354,299.1969442441407,147
27070000,54140.000010112264,-206857.79636690184,298.7391300844336,147
27075000,54150.0000101143,-206776.06777700386,300.9744722669253,147
27080000,54160.00001011634,-205522.9172193529,303.4546582834919,147
27085000,54170.000010118376,-206009.13377603097,301.84170987785575,147
27090000,54180.00001012041,-206481.67357119685,300.7524619821087,147
27095000,54190.00001012245,-206249.5282756919,298.5431679589115,147
27100000,54200.00001012449,-206550.93335969548,305.72494953277817,147
27105000,54210.000010126525,-206016.5825079101,298.56655065961536,147
27110000,54220.00001012856,-207221.92998660263,302.58858943887776,147
27115000,54230.0000101306,-206205.44396169053,299.2088261736619,147
27120000,54240.00001013264,-206032.60199416638,301.90282548433265,147
27125000,54250.000010134674,-206858.17219415982,298.2483354152056,147
27130000,54260.00001013671,-206472.94007246592,299.7579236780741,147
27135000,54270.00001013875,-206916.63244877255,301.5043600516546,147
27140000,54280.000010140786,-206654.8143275407,301.2863537614844,147
27145000,54290.00001014282,-207090.29901799036,302.76414367771446,147
27150000,54300.00001014486,-206629.13221676613,300.9188380908431,147
27155000,54310.0000101469,-206191.66904576868,300.7417057641171,147
27160000,54320.000010148935,-206073.39977708657,297.035856241466,147
27165000,54330.00001015097,-206694.26107562694,299.45722930230977,147
27170000,54340.00001015301,-206340.11030829314,302.84866726908433,147
27175000,54350.00001015505,-206750.42215649004,300.7974130794936,147
27180000,54360.000010157084,-206391.11992157763,298.8869268677587,147
27185000,54370.00001015912,-206412.53499406402,303.1663703004888,147
27190000,54380.00001016116,-206438.52803355467,305.6126356710581,147
27195000,54390.000010163196,-205419.40186675254,295.3371731026798,147
27200000,54400.00001016523,-206462.548772185,296.3372646107983,147
27205000,54410.00001016727,-206702.52296041604,303.3932978934221,147
27210000,54420.00001016931,-206786.17931435234,303.9150864318019,147
27215000,54430.000010171345,-206932.95160415338,302.78752337432456,147
27220000,54440.00001017338,-206125.01579168078,299.27192605530513,147
27225000,54450.00001017542,-206521.35930349666,299.6792176794248,147
27230000,54460.00001017746,-206303.69695263077,301.6274005744344,147
27235000,54470.000010179494,-206970.4677486302,301.77701554754077,147
27240000,54480.00001018153,-206345.8485339788,299.30126798129567,147
27245000,54490.00001018357,-205904.7602727519,303.65570026104075,147
27250000,54500.000010185606,-206301.30668469833,298.86270426229913,147
27255000,54510.00001018764,-206024.28620351397,299.1414467962766,147
27260000,54520.00001018968,-206203.80890098016,297.7012182855373,147
27265000,54530.00001019172,-207072.1219315516,298.36446214230415,147
27270000,54540.000010193755,-206297.04425448447,299.12483370395597,147
27275000,54550.00001019579,-206552.28899740556,305.60961884338207,147
27280000,54560.00001019783,-206522.08598946373,301.1162391854887,147
27285000,54570.00001019987,-206152.48933591263,307.375085509581,147
27290000,54580.000010201904,-205997.13523048814,296.9093792983267,147
27295000,54590.00001020394,-206339.31602097861,302.846879950738,147
27300000,54600.00001020598,-206454.56381226354,299.2858097388409,147
27305000,54610.000010208016,-207614.90737556934,295.9222433568117,147
27310000,54620.00001021005,-206306.09976690623,303.2893954373108,147
27315000,54630.00001021209,-206230.79613782384,300.8220589810974,147
27320000,54640.00001021413,-207514.29051430698,300.31861394286955,147
27325000,54650.000010216165,-207273.8421879547,300.46828162208334,147
27330000,54660.0000102182,-205829.62658111472,299.4357589908783,147
27335000,54670.00001022024,-206764.86785453523,300.354196708871,147
27340000,54680.00001022228,-206720.29219087726,301.7741372034093,147
27345000,54690.000010224314,-205895.64360596845,299.4741859383724,147
27350000,54700.00001022635,-205891.08705412387,299.5163677952758,147
27355000,54710.00001022839,-205806.80266032624,305.53468074366623,147
27360000,54720.000010230426,-206744.3063294543,299.5816989874404,147
27365000,54730.00001023246,-206764.6387724172,297.92709614341857,147
27370000,54740.0000102345,-206253.79129044025,299.5464539085294,147
27375000,54750.00001023654,-206601.7968954204,299.14520234710244,147
27380000,54760.000010238575,-206459.94610028493,306.26013637397443,147
27385000,54770.00001024061,-206232.69840898027,298.67593024462536,147
27390000,54780.00001024265,-206381.63464639138,297.36660079511495,147
27395000,54790.00001024469,-205371.50807343225,299.59604834877797,147
27400000,54800.000010246724,-206379.22070652863,299.61979061768716,147
27405000,54810.00001024876,-205946.82304001285,304.83613128802193,147
27410000,54820.0000102508,-207121.2709177963,299.38865200898726,147
27415000,54830.000010252836,-206406.9185408319,299.19172780345065,147
27420000,54840.00001025487,-206633.34090741142,302.2743551923449,147
27425000,54850.00001025691,-206319.08673486626,298.81655366927896,147
27430000,54860.00001025895,-206402.8824928467,296.876964401402,147
27435000,54870.000010260985,-206394.5114414508,302.0470250496465,147
27440000,54880.00001026302,-206240.86508719076,300.3721377413608,147
27445000,54890.00001026506,-206234.20857066684,300.20242040002256,147
27450000,54900.0000102671,-206726.56507518585,304.5830539589917,147
27455000,54910.000010269134,-206195.45229815168,300.0752596264604,147
27460000,54920.00001027117,-205982.4177677097,298.1064283592113,147
27465000,54930.00001027321,-207121.59473362216,301.39452597548484,147
27470000,54940.000010275246,-206152.7211631292,302.2547250237214,147
27475000,54950.00001027728,-206362.07413512922,299.73458192084263,147
27480000,54960.00001027932,-206164.5359337855,303.4502796851909,147
27485000,54970.00001028136,-206822.2578349869,295.34875452431606,147
27490000,54980.000010283395,-206733.2531094678,302.68803766191337,147
27495000,54990.00001028543,-206679.97914531373,298.811236980054,147
27500000,55000.00001028747,-206184.1757097385,300.1875992116402,147
27505000,55010.00001028951,-205626.90910824353,297.37214954028036,147
27510000,55020.000010291544,-207029.25893362635,302.57479826519307,147
27515000,55030.00001029358,-206686.83300951507,298.1527391382417,147
27520000,55040.00001029562,-206685.9262988423,303.654931364386,147
27525000,55050.000010297656,-206250.430471487,301.0417275194204,147
27530000,55060.00001029969,-205784.5476760615,300.5892464104743,147
27535000,55070.00001030173,-205897.96576010413,301.2102804833498,147
27540000,55080.00001030377,-206205.08910442935,300.97816847306945,147
27545000,55090.000010305805,-205757.08887550596,297.6966143623645,147
27550000,55100.00001030784,-206563.1374997875,301.22860434152506,147
27555000,55110.00001030988,-206494.72097772348,301.7562824395648,147
27560000,55120.00001031192,-206946.9172586247,301.2851486185162,147
27565000,55130.000010313954,-206261.74048198934,299.60887326365406,147
27570000,55140.00001031599,-206265.44937740173,296.8813317730856,147
27575000,55150.00001031803,-206980.4046678372,297.78693912937734,147
27580000,55160.000010320065,-207032.25325512548,295.79098041301137,147
27585000,55170.0000103221,-205386.42317194352,304.3653169482883,147
27590000,55180.00001032414,-206877.31356623198,297.4207221483967,147
27595000,55190.00001032618,-206437.17202979268,300.45057399480396,147
27600000,55200.000010328215,-205663.5676472989,299.45242155454173,147
27605000,55210.00001033025,-206805.44764277304,296.93442233009813,147
27610000,55220.00001033229,-206623.5021427403,297.45590180836007,147
27615000,55230.000010334326,-206010.94082380435,301.2994605452882,147
27620000,55240.00001033636,-207035.02721704578,299.37215068679734,147
27625000,55250.0000103384,-206218.59645290754,298.0618082849007,147
27630000,55260.00001034044,-206484.61899647128,300.16161008437996,147
27635000,55270.000010342475,-206885.0177152023,298.0326722402574,147
27640000,55280.00001034451,-205868.64331908827,296.92526149554976,147
27645000,55290.00001034655,-205769.15098204406,299.58850262058024,147
27650000,55300.00001034859,-205353.5325467377,303.4015742275649,147
27655000,55310.000010350625,-205708.83999126067,303.10003688435955,147
27660000,55320.00001035266,-206345.40115174663,307.5548234836448,147
27665000,55330.0000103547,-206433.29828358872,298.4954234379264,147
27670000,55340.000010356736,-207200.88250249717,299.08681724789693,147
27675000,55350.00001035877,-205643.06931273045,304.0780674865775,147
27680000,55360.00001036081,-206548.54989317642,300.8303616190609,147
27685000,55370.00001036285,-206535.92250539572,299.332445834088,147
27690000,55380.000010364885,-206202.20136715902,300.76838902173307,147
27695000,55390.00001036692,-206692.87906056317,298.3274542223071,147
27700000,55400.00001036896,-206516.0506018633,299.5618630209284,147
27705000,55410.000010371,-206700.56151167862,301.28190520990313,147
27710000,55420.000010373034,-205729.83728766697,300.9068508822586,147
27715000,55430.00001037507,-206245.7739412199,296.7295874576073,147
27720000,55440.00001037711,-206144.65907651465,301.23654736425704,147
27725000,55450.000010379146,-206409.83025930286,301.9795299513935,147
27730000,55460.00001038118,-206181.56950895302,299.54560511212816,147
27735000,55470.00001038322,-206396.69406483602,302.71744563654784,147
27740000,55480.00001038526,-206364.78700419038,302.7769663601493,147
27745000,55490.000010387295,-205742.27747455367,298.98961300347986,147
27750000,55500.00001038933,-206213.80839539634,298.9228099270301,147
27755000,55510.00001039137,-205581.44164025958,296.82745594321665,147
27760000,55520.00001039341,-206546.89148365776,301.4016636124866,147
27765000,55530.000010395444,-206520.72256209666,300.3729659642167,147
27770000,55540.00001039748,-206111.56159628148,295.58048892099714,147
27775000,55550.00001039952,-207094.61788011843,299.9253035125731,147
27780000,55560.000010401556,-206922.47478602664,298.0352474601458,147
27785000,55570.00001040359,-207261.77181518776,297.84351248795616,147
27790000,55580.00001040563,-205446.65545226692,299.3840929492518,147
27795000,55590.00001040767,-206216.4675163905,300.65193313501396,147
27800000,55600.000010409705,-206864.05493549595,300.63743558278793,147
27805000,55610.00001041174,-206976.4263950619,300.6959963978334,147
27810000,55620.00001041378,-206755.21820192016,298.1846560758705,147
27815000,55630.00001041582,-206907.37297773967,300.1125536438962,147
27820000,55640.000010417854,-206733.7315077217,301.4306930193001,147
27825000,55650.00001041989,-207299.8080115571,297.4925965513328,147
27830000,55660.00001042193,-206660.0322113725,300.0442406406457,147
27835000,55670.000010423966,-205894.60007098445,297.9987667302423,147
27840000,55680.000010426,-205589.06228147913,296.82673103771964,147
27845000,55690.00001042804,-206122.12981147028,299.01011281954914,147
27850000,55700.00001043008,-206386.16559812054,302.82385864502334,147
27855000,55710.000010432115,-207080.86468558817,298.176912248208,147
27860000,55720.00001043415,-206010.05348959914,299.40059835577773,147
27865000,55730.00001043619,-206160.09694045817,299.9629868470652,147
27870000,55740.00001043823,-206155.08591344778,301.93752374781025,147
27875000,55750.000010440264,-206594.38377077505,303.2852989394149,147
27880000,55760.0000104423,-206593.44148266257,298.0508954767373,147
27885000,55770.00001044434,-206395.23683674238,294.7194740087727,147
27890000,55780.000010446376,-205950.64329265943,295.60535760936494,147
27895000,55790.00001044841,-205661.15644278773,300.91436287805067,147
27900000,55800.00001045045,-206384.024126261,300.79276278485634,147
27905000,55810.00001045249,-206951.3610488627,297.9076228335734,147
27910000,55820.000010454525,-206394.0674133239,300.59140760263085,147
27915000,55830.00001045656,-207410.3129758821,293.0638695300028,147
27920000,55840.0000104586,-206655.60319044814,300.7351178814163,147
27925000,55850.00001046064,-206438.8204318703,306.0002720665348,147
27930000,55860.000010462674,-205712.77720665652,294.0727139943616,147
27935000,55870.00001046471,-206622.45368782338,302.85013520798867,147
27940000,55880.00001046675,-205942.41756459884,302.3612722375889,147
27945000,55890.000010468786,-206936.92667723924,301.0988744247077,147
27950000,55900.00001047082,-206401.72708402888,301.2450326583958,147
27955000,55910.00001047286,-206567.89900466346,297.8911322643517,147
27960000,55920.0000104749,-206575.63042429334,304.4792039022531,147
27965000,55930.000010476935,-206009.46142227144,302.8156976633062,147
27970000,55940.00001047897,-206055.97739878308,302.16588610286135,147
27975000,55950.00001048101,-204811.10113943717,300.2928026901026,147
27980000,55960.00001048305,-206120.01808774727,298.57130954485143,147
27985000,55970.000010485084,-207529.190773997,298.8070784002418,147
27990000,55980.00001048712,-206603.77318243135,301.70822468139846,147
27995000,55990.00001048916,-206169.30284949602,294.2466457938137,147
28000000,56000.000010491196,-207273.71094957215,302.82138357020904,147
28005000,56010.00001049323,-205791.1998696042,297.082278817595,147
28010000,56020.00001049527,-206433.91031532758,299.8160037581132,147
28015000,56030.00001049731,-206125.20983857918,296.2892339100271,147
28020000,56040.000010499345,-207116.2564124146,300.4847003839473,147
28025000,56050.00001050138,-206276.69492833258,299.1176664150653,147
28030000,56060.00001050342,-206492.21281531372,299.36813186599574,147
28035000,56070.00001050546,-207046.12351901364,300.5387664145402,147
28040000,56080.000010507494,-206260.11664680194,303.46235978322636,147
28045000,56090.00001050953,-205883.0717850941,300.62687355456535,147
28050000,56100.00001051157,-206935.8719445226,300.75730055161637,147
28055000,56110.000010513606,-206128.6023964939,301.20899967515425,147
28060000,56120.00001051564,-206029.7633507091,295.3139601956624,147
28065000,56130.00001051768,-206433.71552732377,301.97910214764664,147
28070000,56140.00001051972,-206689.71750675433,299.25252207960153,147
28075000,56150.000010521755,-206385.5723375649,302.48062338190823,147
28080000,56160.00001052379,-206177.303380382,300.76084645439346,147
28085000,56170.00001052583,-206035.61961916718,298.00931164019096,147
28090000,56180.00001052787,-205901.54697421053,299.5628420446174,147
28095000,56190.000010529904,-206444.5063633063,300.1485509203572,147
28100000,56200.00001053194,-206209.8283624535,296.1171577770523,147
28105000,56210.00001053398,-206304.0209827139,299.452174002518,147
28110000,56220.000010536016,-206433.5489144785,301.3671498206942,147
28115000,56230.00001053805,-205398.86341072037,296.9610661683336,147
28120000,56240.00001054009,-206635.44359195256,300.4947750218789,147
28125000,56250.00001054213,-206143.9432626377,297.37634653449396,147
28130000,56260.000010544165,-206387.4517610073,301.8238031730105,147
28135000,56270.0000105462,-206444.31018768006,297.2901807578903,147
28140000,56280.00001054824,-206546.21619149577,303.1250235549295,147
28145000,56290.00001055028,-206636.4299748286,302.4845084263406,147
28150000,56300.000010552314,-206428.36554620182,299.10795264639455,147
28155000,56310.00001055435,-206335.45501724444,303.0198069379415,147
28160000,56320.00001055639,-207085.30869680434,301.5019497206795,147
28165000,56330.000010558426,-206963.505400275,300.98928151489366,147
28170000,56340.00001056046,-206165.2237524815,301.6227639254624,147
28175000,56350.0000105625,-207185.82170980284,302.69150335574466,147
28180000,56360.00001056454,-206646.24976998463,306.55346490337183,147
28185000,56370.000010566575,-206650.02096071013,303.1242568835003,147
28190000,56380.00001056861,-206716.8525839575,303.7725899405912,147
28195000,56390.00001057065,-205710.82372688304,299.994595522842,147
28200000,56400.00001057269,-206400.1893909513,301.3212459754611,147
28205000,56410.000010574724,-206468.1228050025,301.33436510883735,147
28210000,56420.00001057676,-206110.89734199352,299.8976379583633,147
28215000,56430.0000105788,-206402.54721751518,299.9376997428588,147
28220000,56440.000010580836,-206608.27902838902,297.45000505702984,147
28225000,56450.00001058287,-206352.4959051126,303.0809404342197,147
28230000,56460.00001058491,-206493.96614208864,303.41377969732844,147
28235000,56470.00001058695,-206956.569909645,299.806518265468,147
28240000,56480.000010588985,-206816.466513735,300.57471181005326,147
28245000,56490.00001059102,-206472.71475652733,299.25015838289823,147
28250000,56500.00001059306,-207387.02230853878,299.3057854150595,147
28255000,56510.0000105951,-206852.8564065263,296.34909419492726,147
28260000,56520.000010597134,-205711.68748175818,301.95330561735994,147
28265000,56530.00001059917,-206239.97148527706,301.62312099943586,147
28270000,56540.00001060121,-206333.19092759804,299.6610419632604,147
28275000,56550.000010603246,-206104.10904678947,302.41527615264533,147
28280000,56560.00001060528,-206537.3208220827,297.243803812716,147
28285000,56570.00001060732,-207369.57742117997,302.59569271720954,147
28290000,56580.00001060936,-206786.6995028155,302.5108103414638,147
28295000,56590.000010611395,-206527.41644918686,299.3760582643956,147
28300000,56600.00001061343,-206591.21200068458,298.30988657475194,147
28305000,56610.00001061547,-206301.7717103724,296.6855513154331,147
28310000,56620.00001061751,-206397.66308558604,300.66557358237424,147
28315000,56630.000010619544,-206981.44975527306,297.5830720314983,147
28320000,56640.00001062158,-206941.82548094692,299.6849970608439,147
28325000,56650.00001062362,-206085.9773879269,294.4026861350086,147
28330000,56660.000010625656,-206285.2005446551,297.0504803605382,147
28335000,56670.00001062769,-205839.4422773032,300.86701421130647,147
28340000,56680.00001062973,-206263.80671654106,302.80086880042705,147
28345000,56690.00001063177,-206193.51539259497,298.7294388017257,147
28350000,56700.000010633805,-206151.33876506495,301.6578335425677,147
28355000,56710.00001063584,-206621.97010221367,298.91963181044883,147
28360000,56720.00001063788,-206830.17063509335,295.27390317082524,147
28365000,56730.00001063992,-205805.27766178094,300.15148786836465,147
28370000,56740.000010641954,-206581.8799686659,300.12825744317837,147
28375000,56750.00001064399,-206450.7642427386,299.9907964845989,147
28380000,56760.00001064603,-206586.83963359217,297.26819097157045,147
28385000,56770.000010648066,-205997.76697685826,297.6082183988501,147
28390000,56780.0000106501,-206812.1414423174,299.3844445354312,147
28395000,56790.00001065214,-206326.7232143277,298.18625437741906,147
28400000,56800.00001065418,-206565.12910014985,301.869493303343,147
28405000,56810.000010656215,-206393.97671877954,304.22578725031684,147
28410000,56820.00001065825,-206403.81374789134,300.3384864560793,147
28415000,56830.00001066029,-206281.61299037945,303.0606305486862,147
28420000,56840.00001066233,-205739.7415069543,304.5085138719051,147
28425000,56850.000010664364,-206641.77939056198,301.9416332068755,147
28430000,56860.0000106664,-206674.80180541705,305.70320211822906,147
28435000,56870.00001066844,-206466.81171922188,300.5945551618009,147
28440000,56880.000010670476,-206336.3875552758,301.4582688334983,147
28445000,56890.00001067251,-207058.63164148259,295.96339635627925,147
28450000,56900.00001067455,-205875.9771228443,301.7346865737549,147
28455000,56910.00001067659,-206567.48650311586,302.2277999554397,147
28460000,56920.000010678625,-205639.11662444833,303.9215482405076,147
28465000,56930.00001068066,-206211.45523464575,304.33978898768584,147
28470000,56940.0000106827,-205749.21167740866,302.36317323401295,147
28475000,56950.00001068474,-206908.70106589317,299.550286623106,147
28480000,56960.000010686774,-206250.2273687689,299.42224768475353,147
28485000,56970.00001068881,-206428.221990683,298.8345343151385,147
28490000,56980.00001069085,-206592.9852098301,297.7541895194304,147
28495000,56990.000010692886,-206426.24864594196,298.46854172895,147
28500000,57000.00001069492,-207061.4486793949,303.3749597306696,147
28505000,57010.00001069696,-206567.93127583747,298.2083702451582,147
28510000,57020.000010699,-206169.54068716045,305.3254472667243,147
28515000,57030.000010701035,-207036.26593488432,301.1241194768138,147
28520000,57040.00001070307,-206787.9007441172,298.03357805630446,147
28525000,57050.00001070511,-206234.22629955236,302.3113473424245,147
28530000,57060.00001070715,-205901.78901754227,293.46154373696606,147
28535000,57070.000010709184,-206384.60473260947,302.6088459522931,147
28540000,57080.00001071122,-206086.19684840424,299.8288245588291,147
28545000,57090.00001071326,-206016.99832993431,295.16188024508153,147
28550000,57100.000010715296,-205970.203946074,297.16094710261325,147
28555000,57110.00001071733,-206522.26339325495,298.78955023359293,147
28560000,57120.00001071937,-206807.0148150957,298.94620849056247,147
28565000,57130.00001072141,-206399.7355158889,300.5849138155801,147
28570000,57140.000010723445,-205296.2018026522,302.877887616308,147
28575000,57150.00001072548,-206120.87762992806,296.0465065423231,147
28580000,57160.00001072752,-205828.31331725628,300.10703719769714,147
28585000,57170.00001072956,-207246.3028308811,295.4819077183233,147
28590000,57180.000010731594,-207005.1226506763,296.7561538356723,147
28595000,57190.00001073363,-206619.55155826628,300.35609156411243,147
28600000,57200.00001073567,-206569.79033865512,297.8371171839141,147
28605000,57210.000010737705,-206883.8011903417,300.7515141318089,147
28610000,57220.00001073974,-206681.05913425924,301.9328829591784,147
28615000,57230.00001074178,-206349.42971812794,299.52389537476677,147
28620000,57240.00001074382,-206697.73237243854,300.8628732864629,147
28625000,57250.000010745855,-205988.70098638267,299.13103593170626,147
28630000,57260.00001074789,-206400.29798036197,300.7733875684922,147
28635000,57270.00001074993,-207432.47839526332,300.0750152026761,147
28640000,57280.000010751966,-206474.86533064162,297.54044489893585,147
28645000,57290.000010754,-206421.79852534982,304.84372390360846,147
28650000,57300.00001075604,-206725.487213296,301.98836578921515,147
28655000,57310.00001075808,-206318.2381529468,299.65202706103753,147
28660000,57320.000010760115,-206943.056704471,297.2949098050405,147
28665000,57330.00001076215,-206797.3490459345,297.19694277676354,147
28670000,57340.00001076419,-207796.4497995749,296.0971000266045,147
28675000,57350.00001076623,-206151.94204995432,303.65166532654166,147
28680000,57360.000010768264,-205978.45870988048,300.4683720515813,147
28685000,57370.0000107703,-206300.7642294782,302.09740409005553,147
28690000,57380.00001077234,-206161.94952431857,303.0508406229841,147
28695000,57390.000010774376,-206656.41421452747,300.6598345718242,147
28700000,57400.00001077641,-206028.20255003683,297.1355959358775,147
28705000,57410.00001077845,-205910.90730948478,298.6743500734656,147
28710000,57420.00001078049,-205928.85281501524,300.63255916390165,147
28715000,57430.000010782525,-207252.82429259561,304.2375117499766,147
28720000,57440.00001078456,-206790.07141359244,303.7933206558421,147
28725000,57450.0000107866,-206463.68895641074,301.1350872727605,147
28730000,57460.00001078864,-206082.7342063064,295.4665652188669,147
28735000,57470.000010790674,-206536.1821465781,300.61820998778916,147
28740000,57480.00001079271,-206178.93246385513,299.19403676134704,147
28745000,57490.00001079475,-206679.38315481797,299.6354647845438,147
28750000,57500.000010796786,-206722.67422659928,294.7042223628116,147
28755000,57510.00001079882,-207214.91222771164,300.47862020437947,147
28760000,57520.00001080086,-206280.49783908727,296.01027968451126,147
28765000,57530.0000108029,-206466.03499683598,297.0532232903591,147
28770000,57540.000010804935,-206553.90711071366,299.4587056284609,147
28775000,57550.00001080697,-206368.09513846913,298.7798320233985,147
28780000,57560.00001080901,-206678.6582015514,303.9929214407882,147
28785000,57570.00001081105,-205727.45984242903,302.29226703843057,147
28790000,57580.000010813084,-207003.01810422423,303.82920042278124,147
28795000,57590.00001081512,-206282.7754344734,300.93085126593616,147
28800000,57600.00001081716,-206439.8452091911,296.65641589360723,147
28805000,57610.000010819196,-206303.72774054063,300.61212367695396,147
28810000,57620.00001082123,-206044.8630069798,303.30135587331483,147
28815000,57630.00001082327,-206287.3748170582,304.2770512268223,147
28820000,57640.00001082531,-206058.19908980525,302.1840278448581,147
28825000,57650.000010827345,-205797.88051467866,297.55243803846383,147
28830000,57660.00001082938,-206368.74957616802,303.02473926895595,147
28835000,57670.00001083142,-207081.28763645585,295.08196424749974,147
28840000,57680.00001083346,-206882.62680925988,300.6631791781298,147
28845000,57690.000010835494,-206599.9306860232,300.8953771238606,147
28850000,57700.00001083753,-206118.89997626317,298.07773884613704,147
28855000,57710.00001083957,-206635.66834052943,300.40414416709024,147
28860000,57720.000010841606,-207013.0145487521,302.39620917801466,147
28865000,57730.00001084364,-206066.2024052065,300.87233341543515,147
28870000,57740.00001084568,-206617.75001371384,299.14092501721746,147
28875000,57750.00001084772,-206300.6751885037,302.7748582579104,147
28880000,57760.000010849755,-206257.9793652878,303.0274849958045,147
28885000,57770.00001085179,-206350.31390309706,300.97474943159364,147
28890000,57780.00001085383,-206505.27442887577,296.6002241015077,147
28895000,57790.00001085587,-205945.97057047323,298.12829280299155,147
28900000,57800.000010857904,-206288.28780776728,299.5990926610718,147
28905000,57810.00001085994,-206697.44670439453,301.221228193188,147
28910000,57820.00001086198,-205879.03439754422,300.99382680932547,147
28915000,57830.000010864016,-205906.3831245351,298.03840377382926,147
28920000,57840.00001086605,-206196.6701446065,305.0807268611904,147
28925000,57850.00001086809,-206034.70577378455,297.6434885913433,147
28930000,57860.00001087013,-207166.27270270325,303.933497371804,147
28935000,57870.000010872165,-206187.476026293,303.85869891570957,147
28940000,57880.0000108742,-207286.0813978404,300.5852720535329,147
28945000,57890.00001087624,-207018.2865659655,299.13392942952476,147
28950000,57900.00001087828,-206112.41718945967,294.4608586989621,147
28955000,57910.000010880314,-206907.3143259898,298.0953961029446,147
28960000,57920.00001088235,-206862.00102123723,299.71356669600743,147
28965000,57930.00001088439,-206331.50978526857,300.2712168511911,147
28970000,57940.000010886426,-206169.60422374774,302.4898300490939,147
28975000,57950.00001088846,-206278.98561686405,302.4625427330978,147
28980000,57960.0000108905,-205963.7060659693,301.15758124493,147
28985000,57970.00001089254,-206904.03793956374,293.2713453605799,147
28990000,57980.000010894575,-206577.31407665648,298.9135424259132,147
28995000,57990.00001089661,-205979.38648633473,300.72018327757115,147
29000000,58000.00001089865,-206619.3904352578,301.6140687570044,147
29005000,58010.00001090069,-206318.23607806675,299.7500012251267,147
29010000,58020.000010902724,-206289.88715141267,299.3043250688955,147
29015000,58030.00001090476,-206515.12967637845,299.79815986217943,147
29020000,58040.0000109068,-206674.57663234335,295.4917900289188,147
29025000,58050.000010908836,-206471.38075173716,300.908832692757,147
29030000,58060.00001091087,-205566.61016915995,303.3639039781567,147
29035000,58070.00001091291,-206325.68188459205,297.69784026407046,147
29040000,58080.00001091495,-206618.36451922427,299.9728796776088,147
29045000,58090.000010916985,-206869.29234001995,295.31179656103626,147
29050000,58100.00001091902,-206484.00339900958,300.39540551137827,147
29055000,58110.00001092106,-206651.55018389958,295.86448629464985,147
29060000,58120.0000109231,-206484.86391636496,301.91379852233405,147
29065000,58130.000010925134,-206717.47827555507,299.1567489408837,147
29070000,58140.00001092717,-206018.06361497112,297.9004264364154,147
29075000,58150.00001092921,-206102.99855490727,303.5638569153888,147
29080000,58160.000010931246,-206119.3195547684,298.41495622697505,147
29085000,58170.00001093328,-206337.23977843614,298.72154206884886,147
29090000,58180.00001093532,-206065.02906037262,299.5408162587255,147
29095000,58190.00001093736,-206502.50265474024,293.4911459339837,147
29100000,58200.000010939395,-205685.18736444588,304.4889339615107,147
29105000,58210.00001094143,-206700.0006711702,297.5987784279725,147
29110000,58220.00001094347,-206044.64110723592,304.3680674757876,147
29115000,58230.00001094551,-206065.31638694124,298.0048248766172,147
29120000,58240.000010947544,-206899.57863779843,298.7333099771948,147
29125000,58250.00001094958,-206422.26686750306,298.3850701973451,147
29130000,58260.00001095162,-206612.52107288048,302.0831748146851,147
29135000,58270.000010953656,-205915.82572765904,298.6310385076563,147
29140000,58280.00001095569,-206024.63703589188,299.54382123884386,147
29145000,58290.00001095773,-205432.6326783687,299.22028567657395,147
29150000,58300.00001095977,-206423.66303592175,298.60472841801476,147
29155000,58310.000010961805,-206951.19153884135,301.69239854450416,147
29160000,58320.00001096384,-206093.52304298047,296.0771672108775,147
29165000,58330.00001096588,-206437.94977952726,302.96942935205345,147
29170000,58340.00001096792,-206579.59068083216,299.5610970768452,147
29175000,58350.000010969954,-206034.6188756082,301.20999121617774,147
29180000,58360.00001097199,-206042.76673552126,297.94312236816324,147
29185000,58370.00001097403,-206359.18964940857,298.93694219896713,147
29190000,58380.000010976066,-206951.00593855744,296.13852330132073,147
29195000,58390.0000109781,-206744.1610844609,300.5056915382394,147
29200000,58400.00001098014,-206843.86355864047,303.7222864654035,147
29205000,58410.00001098218,-206100.41844354593,299.23339261784093,147
29210000,58420.000010984215,-206610.30093565967,303.69403470361664,147
29215000,58430.00001098625,-206172.7151250234,297.3368416921656,147
29220000,58440.00001098829,-206704.53456577635,298.9978546612273,147
29225000,58450.00001099033,-206751.9899765089,301.874649405093,147
29230000,58460.000010992364,-206522.93370014394,299.54852499072024,147
29235000,58470.0000109944,-206066.12068228505,300.3075680724619,147
29240000,58480.00001099644,-206350.75079146505,300.0013355155338,147
29245000,58490.000010998476,-206895.8986313654,301.32387515563505,147
29250000,58500.00001100051,-207205.5555096136,299.20407953373405,147
29255000,58510.00001100255,-206144.16749400343,297.8349170095532,147
29260000,58520.00001100459,-206199.47772535775,297.44048594474566,147
29265000,58530.000011006625,-205981.76322499022,303.1474075672823,147
29270000,58540.00001100866,-205673.97955512,294.957474590744,147
29275000,58550.0000110107,-205752.79712521494,300.19789788036786,147
29280000,58560.00001101274,-206265.72795314214,299.15588255864674,147
29285000,58570.000011014774,-206106.35396481212,296.3892666348046,147
29290000,58580.00001101681,-206620.5925128261,298.4539846962903,147
29295000,58590.00001101885,-206754.60191011557,302.0191084996975,147
29300000,58600.000011020886,-206477.5183545408,299.23303399230974,147
29305000,58610.00001102292,-206655.0253868734,303.23585019210105,147
29310000,58620.00001102496,-206136.21007338294,304.23963300840745,147
29315000,58630.000011027,-206309.8194647279,299.31350908784765,147
29320000,58640.000011029035,-206043.53336543625,304.81135731426684,147
29325000,58650.00001103107,-206241.52814095642,297.09232677467827,147
29330000,58660.00001103311,-206640.91040989908,301.0605243275673,147
29335000,58670.00001103515,-206262.84042041155,297.40887189751595,147
29340000,58680.000011037184,-207079.05738732626,301.63590209938036,147
29345000,58690.00001103922,-206427.40939282195,300.19262735783644,147
29350000,58700.00001104126,-205813.22748444474,302.1871999201497,147
29355000,58710.000011043296,-205438.49419020675,303.3998241934884,147
29360000,58720.00001104533,-205915.57111345883,300.7861548831499,147
29365000,58730.00001104737,-206651.86056976265,296.45981579060685,147
29370000,58740.00001104941,-205522.04937450856,298.0601176973754,147
29375000,58750.000011051445,-206370.90516879305,299.05949311865265,147
29380000,58760.00001105348,-205886.02592195198,301.36671973411404,147
29385000,58770.00001105552,-205452.80330837856,300.3301975925235,147
29390000,58780.00001105756,-205955.633684483,303.5057569942255,147
29395000,58790.000011059594,-206225.2253004769,298.91037145110323,147
29400000,58800.00001106163,-207237.0353309454,300.4113966285308,147
29405000,58810.00001106367,-205713.42835836846,299.7789022455343,147
29410000,58820.000011065706,-206481.75397621712,305.4599432306397,147
29415000,58830.00001106774,-206342.5127061261,302.8119684494751,147
29420000,58840.00001106978,-206500.88752901566,301.73757311036013,147
29425000,58850.00001107182,-206060.2907840251,302.8305525633292,147
29430000,58860.000011073855,-206769.5363946373,302.54205767774545,147
29435000,58870.00001107589,-206848.46882893296,296.4666564931165,147
29440000,58880.00001107793,-205967.7685260442,300.3120183195787,147
29445000,58890.00001107997,-205871.09522096242,294.0993556500338,147
29450000,58900.000011082004,-206073.55282954325,299.53634315609327,147
29455000,58910.00001108404,-206600.52389152616,296.8564400406508,147
29460000,58920.00001108608,-206280.50759245583,298.05997313082605,147
29465000,58930.000011088116,-206050.3434046274,299.35875314227957,147
29470000,58940.00001109015,-206213.98282437364,300.2218535677032,147
29475000,58950.00001109219,-206935.9359705929,301.5719229160813,147
29480000,58960.00001109423,-206056.02844187,301.4408633202115,147
29485000,58970.000011096265,-206034.8983282179,303.3533359392379,147
29490000,58980.0000110983,-206255.3849069908,299.87766704251175,147
29495000,58990.00001110034,-205919.3019198993,298.1228050442684,147
29500000,59000.00001110238,-205815.84199009743,303.2697085976058,147
29505000,59010.000011104414,-206487.42719665158,303.7612324427864,147
29510000,59020.00001110645,-206635.44044886087,301.2872506326713,147
29515000,59030.00001110849,-206327.29771608114,301.8677309047244,147
29520000,59040.000011110526,-205642.21139273967,304.2529158861875,147
29525000,59050.00001111256,-206646.39301154728,302.6816373901723,147
29530000,59060.0000111146,-206607.53764557582,300.5591450405242,147
29535000,59070.00001111664,-206889.83976068522,306.11138985294303,147
29540000,59080.000011118675,-206204.43426018266,299.5079504001188,147
29545000,59090.00001112071,-206954.26205798204,298.2237908733884,147
29550000,59100.00001112275,-206177.9385535306,303.3373302040853,147
29555000,59110.00001112479,-206286.78099402762,298.2516691101039,147
29560000,59120.000011126824,-206738.60983245797,298.5545425302877,147
29565000,59130.00001112886,-206822.28423368605,301.27981415360034,147
29570000,59140.0000111309,-205925.56781074964,299.1222758614379,147
29575000,59150.000011132935,-206082.69955374522,298.0208289387665,147
29580000,59160.00001113497,-206359.85218486027,298.59489778511653,147
29585000,59170.00001113701,-205632.7213716755,298.54742028407946,147
29590000,59180.00001113905,-206336.03115244978,294.6436985814191,147
29595000,59190.000011141085,-206335.43201738363,300.4199266097107,147
29600000,59200.00001114312,-206106.0512379054,300.5908082607961,147
29605000,59210.00001114516,-205762.62525777018,302.99637425489,147
29610000,59220.000011147196,-205817.0956168736,303.0424677837446,147
29615000,59230.00001114923,-206266.66112152068,295.898181800645,147
29620000,59240.00001115127,-206953.4599533826,300.3071575180953,147
29625000,59250.00001115331,-206713.39892467612,296.60804869589185,147
29630000,59260.000011155345,-205387.7962406464,298.06015250413384,147
29635000,59270.00001115738,-206878.82911484363,300.3784481397446,147
29640000,59280.00001115942,-206591.30736891262,299.76872582627067,147
29645000,59290.00001116146,-205492.7361075281,302.48612248528934,147
29650000,59300.000011163494,-206824.1747121911,296.5471023179766,147
29655000,59310.00001116553,-206263.2914524736,299.83715817444147,147
29660000,59320.00001116757,-206492.3257455841,302.4382591570194,147
29665000,59330.000011169606,-206120.08487998822,299.3483687444406,147
29670000,59340.00001117164,-206783.46454203723,305.6473428786658,147
29675000,59350.00001117368,-206801.8964558394,305.9900054203334,147
29680000,59360.00001117572,-206513.09184408444,295.12969305232633,147
29685000,59370.000011177755,-206836.83362007735,301.83297227191883,147
29690000,59380.00001117979,-206174.69734506507,295.55109727371837,147
29695000,59390.00001118183,-206490.81631102646,301.7944126670997,147
29700000,59400.00001118387,-206203.5500425183,298.73722926364223,147
29705000,59410.000011185904,-207274.55662290694,300.62806728159546,147
29710000,59420.00001118794,-205831.94734579802,301.10462379709867,147
29715000,59430.00001118998,-206752.2827018724,300.63520871823505,147
29720000,59440.000011192016,-206345.86669617647,300.2647759437219,147
29725000,59450.00001119405,-205703.01880928292,300.9496646517949,147
29730000,59460.00001119609,-206906.71013376885,300.78083096981953,147
29735000,59470.00001119813,-206430.1478557865,303.0053795405629,147
29740000,59480.000011200165,-206550.3206178015,300.06907566295575,147
29745000,59490.0000112022,-206840.2048606797,300.2097450246068,147
29750000,59500.00001120424,-206125.2249847958,299.3815449542207,147
29755000,59510.00001120628,-206550.07916255086,300.37241193799287,147
29760000,59520.000011208314,-206309.319733219,300.589373302719,147
29765000,59530.00001121035,-206590.8437770903,299.91405726978184,147
29770000,59540.00001121239,-206296.26050905685,302.20104267184564,147
29775000,59550.000011214426,-206159.08586288115,295.26337546231565,147
29780000,59560.00001121646,-206716.67760942236,298.2892006171082,147
29785000,59570.0000112185,-206274.46694494796,299.178144689468,147
29790000,59580.00001122054,-205947.34557514044,299.91013737906394,147
29795000,59590.000011222575,-206040.95129205124,302.6463864003512,147
29800000,59600.00001122461,-206075.15543740394,298.2651439018981,147
29805000,59610.00001122665,-206312.34386834258,296.37857235421643,147
29810000,59620.00001122869,-206003.3307068966,303.75463784563567,147
29815000,59630.000011230724,-206145.02258980565,300.88287799346176,147
29820000,59640.00001123276,-206472.21186447563,300.52830165870637,147
29825000,59650.0000112348,-206094.0406622194,296.89550255811344,147
29830000,59660.000011236836,-206139.7402681464,300.62263034201135,147
29835000,59670.00001123887,-206499.44962966384,299.37590469356803,147
29840000,59680.00001124091,-206046.38156976132,302.44879856259394,147
29845000,59690.00001124295,-207260.05932233774,297.57250706530783,147
29850000,59700.000011244985,-206221.05357299652,302.41447589339356,147
29855000,59710.00001124702,-206723.01674933743,297.88094270243096,147
29860000,59720.00001124906,-206246.32891902572,298.03667896412264,147
29865000,59730.0000112511,-206693.85864482052,299.9018830596071,147
29870000,59740.000011253134,-206392.39045626088,299.70910577997944,147
29875000,59750.00001125517,-205978.2184928978,301.377784561167,147
29880000,59760.00001125721,-207356.26899699145,301.01913299611147,147
29885000,59770.000011259246,-206421.3558261441,303.6126787547902,147
29890000,59780.00001126128,-206428.09150373132,302.6307499712303,147
29895000,59790.00001126332,-205441.69316897483,303.4269718532836,147
29900000,59800.00001126536,-205526.61601043504,301.2837844518147,147
29905000,59810.000011267395,-207081.0021442083,299.9183473818086,147
29910000,59820.00001126943,-206430.54770692904,297.05580114090105,147
29915000,59830.00001127147,-205977.65570831054,297.7607681341612,147
29920000,59840.00001127351,-206632.31495944178,300.48216563810433,147
29925000,59850.000011275544,-206698.01221413433,301.94665901196413,147
29930000,59860.00001127758,-207639.20484430005,301.7239303437976,147
29935000,59870.00001127962,-206642.4989079095,298.7535641054838,147
29940000,59880.000011281656,-207221.54672544275,297.92049714276806,147
29945000,59890.00001128369,-205757.41337539186,301.16459146610543,147
29950000,59900.00001128573,-206308.03990517242,300.11020127049704,147
29955000,59910.00001128777,-207832.64490563236,301.28032611385805,147
29960000,59920.000011289805,-206566.14513895696,301.81604492050485,147
29965000,59930.00001129184,-206253.79118944006,301.7860074124386,147
29970000,59940.00001129388,-206802.03679819917,299.62150394549957,147
29975000,59950.00001129592,-206341.05718671472,298.90738434580936,147
29980000,59960.000011297954,-206573.09901514265,304.73962389103957,147
29985000,59970.00001129999,-206061.67310526012,299.6504458693982,147
29990000,59980.00001130203,-205816.33411930164,302.2827532328248,147
29995000,59990.000011304066,-206271.82299350481,303.4265247827283,147
30000000,60000.0000113061,-206582.2658104397,300.5314836154494,147
30005000,60010.00001130814,-206968.3145852018,299.9360692541185,147
30010000,60020.00001131018,-205878.04197074554,301.52729788037874,147
30015000,60030.000011312215,-206995.08058962377,302.4223340252117,147
30020000,60040.00001131425,-206391.2924679038,300.3692821662757,147
30025000,60050.00001131629,-206703.05235605722,296.9642144710355,147
30030000,60060.00001131833,-206664.78868541901,297.13112914951165,147
30035000,60070.000011320364,-206372.16616925935,301.95161872912655,147
30040000,60080.0000113224,-206950.5288306626,304.80318008088716,147
30045000,60090.00001132444,-206193.5891625007,300.0481862037759,147
30050000,60100.000011326476,-206967.6079299216,295.44738747904745,147
30055000,60110.00001132851,-206378.21984567994,299.5493533546179,147
30060000,60120.00001133055,-206801.2552371939,302.193498752306,147
30065000,60130.00001133259,-207766.23352192226,297.4222446207258,147
30070000,60140.000011334625,-205909.219374564,304.79656685787637,147
30075000,60150.00001133666,-206263.1142789299,300.82837178546316,147
30080000,60160.0000113387,-207111.85485973884,297.6885434049025,147
30085000,60170.00001134074,-206699.24947204906,300.5017026821922,147
30090000,60180.000011342774,-206209.499060674,294.25829122358704,147
30095000,60190.00001134481,-206663.52927001892,301.53705147124504,147
30100000,60200.00001134685,-206215.00033319334,296.6129546028961,147
30105000,60210.000011348886,-206182.21817319363,304.19450874854385,147
30110000,60220.00001135092,-206598.90394643613,303.3807482454931,147
30115000,60230.00001135296,-205890.4828082911,295.0603222044655,147
30120000,60240.000011355,-206259.91686570935,301.78264025797534,147
30125000,60250.000011357035,-206914.91818261426,299.1292217351034,147
30130000,60260.00001135907,-206363.4127441618,299.6528926258598,147
30135000,60270.00001136111,-206702.85488665733,295.9340744432232,147
30140000,60280.00001136315,-206585.2903170206,300.08120963957856,147
30145000,60290.000011365184,-205919.9294715802,297.96846975997744,147
30150000,60300.00001136722,-206405.31575426727,300.36687556888364,147
30155000,60310.00001136926,-206012.7736288556,299.2210963128665,147
30160000,60320.000011371296,-206163.79821101076,301.1132371034685,147
30165000,60330.00001137333,-206930.45458839193,303.87778602693584,147
30170000,60340.00001137537,-205931.6427903776,300.0957985598383,147
30175000,60350.00001137741,-206733.95447148627,299.4173699276878,147
30180000,60360.000011379445,-206925.39164672408,298.6788085742988,147
30185000,60370.00001138148,-207218.09620306734,303.0639289466014,147
30190000,60380.00001138352,-205753.20099244756,298.32025234298055,147
30195000,60390.00001138556,-206647.34295755497,298.4965420497965,147
30200000,60400.000011387594,-206330.78948845714,295.7438917652192,147
30205000,60410.00001138963,-206841.76900274225,297.089856301664,147
30210000,60420.00001139167,-206304.12446474924,297.0683128766379,147
30215000,60430.000011393706,-206294.03427117819,294.8160491881175,147
30220000,60440.00001139574,-206637.39302840515,297.87538092016706,147
30225000,60450.00001139778,-206843.8150145138,296.18659887487894,147
30230000,60460.00001139982,-206251.02613749763,297.87852576898854,147
30235000,60470.000011401855,-206292.47669387155,299.9891715391249,147
30240000,60480.00001140389,-206673.98847163736,299.79932904725496,147
30245000,60490.00001140593,-206444.6701143952,294.75301545391096,147
30250000,60500.00001140797,-206438.42626104597,301.09045540471317,147
30255000,60510.000011410004,-206371.6533048905,305.08150354685745,147
30260000,60520.00001141204,-205630.8742941306,296.0302840965121,147
30265000,60530.00001141408,-206544.0884607716,301.3454324230657,147
30270000,60540.000011416116,-206581.50174198404,296.2412988297938,147
30275000,60550.00001141815,-206771.51736047643,302.68634106558517,147
30280000,60560.00001142019,-206087.0415129396,299.9384428742237,147
30285000,60570.00001142223,-206908.40167150297,300.0252019196675,147
30290000,60580.000011424265,-206185.5348963336,301.13220690179935,147
30295000,60590.0000114263,-206624.25108561083,302.0659700895887,147
30300000,60600.00001142834,-205396.75929942308,297.9508920779442,147
30305000,60610.00001143038,-206841.53576561494,302.36532142789304,147
30310000,60620.000011432414,-205586.87460662855,297.5190019137424,147
30315000,60630.00001143445,-207085.42826260254,300.3627918270894,147
30320000,60640.00001143649,-206613.0730626937,302.34201187957285,147
30325000,60650.000011438526,-206431.71586169617,296.4531921510392,147
30330000,60660.00001144056,-206606.0659358377,298.76518761575966,147
30335000,60670.0000114426,-206441.1114056924,296.84732591772,147
30340000,60680.00001144464,-205704.3429409949,298.8432366183306,147
30345000,60690.000011446675,-206920.96407043526,302.2085168523395,147
30350000,60700.00001144871,-206381.66269785713,304.83808858599514,147
30355000,60710.00001145075,-206452.36910297035,302.7915294037352,147
30360000,60720.00001145279,-206133.8757331383,299.73035877150437,147
30365000,60730.000011454824,-206561.9356836339,298.350474564177,147
30370000,60740.00001145686,-206984.5470115993,305.2693458960024,147
30375000,60750.0000114589,-206730.6602066058,297.26046994815243,147
30380000,60760.000011460936,-207267.2867182662,297.8749038966768,147
30385000,60770.00001146297,-206215.2789058974,297.54794397092815,147
30390000,60780.00001146501,-206063.39149098156,299.8183745503508,147
30395000,60790.00001146705,-206799.03783674736,294.8108980176385,147
30400000,60800.000011469085,-206146.56920981943,298.69815852989893,147
30405000,60810.00001147112,-206204.20224400482,299.97539037347605,147
30410000,60820.00001147316,-206570.31404069415,302.7125497485523,147
30415000,60830.0000114752,-207188.66303993983,302.63511217927106,147
30420000,60840.000011477234,-206625.14809235337,297.14414426407063,147
30425000,60850.00001147927,-206228.32455201307,298.9441842658801,147
30430000,60860.00001148131,-206800.44412083097,307.0620895367055,147
30435000,60870.000011483346,-207122.1125654223,297.3830737223135,147
30440000,60880.00001148538,-206813.52623051696,300.91476787093166,147
30445000,60890.00001148742,-206586.2262852199,298.4230182749284,147
30450000,60900.00001148946,-206633.977523805,299.16527521439616,147
30455000,60910.000011491495,-206641.6819881891,295.00502023693133,147
30460000,60920.00001149353,-206500.19361500605,297.21229627849095,147
30465000,60930.00001149557,-206399.07991133118,298.4847193958039,147
30470000,60940.00001149761,-206391.62755761098,304.428809131016,147
30475000,60950.000011499644,-206262.42307317804,301.9596463882694,147
30480000,60960.00001150168,-206342.44838588533,297.93772187390005,147
30485000,60970.00001150372,-205959.92609261267,298.2836645945218,147
30490000,60980.000011505756,-207631.53133409552,303.8223009668246,147
30495000,60990.00001150779,-206475.26893046417,305.3182762891116,147
30500000,61000.00001150983,-206859.8776514806,300.3250607492162,147
30505000,61010.00001151187,-206427.18188191333,302.9800840266682,147
30510000,61020.000011513905,-206946.3844594449,297.57420322068845,147
30515000,61030.00001151594,-207368.10446457786,303.5356985750905,147
30520000,61040.00001151798,-206261.23244308576,300.2199522072244,147
30525000,61050.00001152002,-206597.8154977588,299.86816370117543,147
30530000,61060.000011522054,-206570.64251320576,304.91705861669755,147
30535000,61070.00001152409,-207577.87560083566,294.07100074809205,147
30540000,61080.00001152613,-206261.85837750812,303.37817168879155,147
30545000,61090.000011528165,-207004.77401784016,301.5525477973539,147
30550000,61100.0000115302,-206851.7713698242,295.8359736970308,147
30555000,61110.00001153224,-206157.27740376862,293.16518484600795,147
30560000,61120.00001153428,-206525.86800249713,299.5972313187804,147
30565000,61130.000011536315,-206562.8265924272,304.29278684141536,147
30570000,61140.00001153835,-207050.40847793862,298.89340571970365,147
30575000,61150.00001154039,-207009.25534721336,301.1068649894479,147
30580000,61160.00001154243,-206421.18780093105,297.8999064043911,147
30585000,61170.00001154446,-206919.13730646402,299.6543447318643,147
30590000,61180.0000115465,-205927.61297219282,300.4468803872087,147
30595000,61190.00001154854,-205827.35086577933,298.062327312778,147
30600000,61200.000011550575,-205981.97432079387,303.7880464928215,147
30605000,61210.00001155261,-205353.93549490697,295.9945650350712,147
30610000,61220.00001155465,-205761.8650489297,303.66381031876114,147
30615000,61230.00001155669,-206529.33500187646,301.8002773313602,147
30620000,61240.000011558725,-206720.41572564805,299.8363811658983,147
30625000,61250.00001156076,-206601.7749778272,298.7288155019742,147
30630000,61260.0000115628,-206430.60664283356,300.3073786168064,147
30635000,61270.000011564836,-206025.36631792365,299.59095599339594,147
30640000,61280.00001156687,-207325.05147710524,298.9408653134487,147
30645000,61290.00001156891,-206773.73390580853,299.6481613465478,147
30650000,61300.00001157095,-206337.35673315963,304.0610192252645,147
30655000,61310.000011572985,-206117.04752238258,300.0238049178642,147
30660000,61320.00001157502,-206727.38993145723,300.81066742717115,147
30665000,61330.00001157706,-206438.0967919873,301.832907876848,147
30670000,61340.0000115791,-206591.48384167277,303.29213286648775,147
30675000,61350.000011581134,-206967.20675481146,298.3877106446298,147
30680000,61360.00001158317,-205135.90448060236,301.523470108474,147
30685000,61370.00001158521,-207244.05070252786,299.3479126345093,147
30690000,61380.000011587246,-206416.34481453535,301.76075285064013,147
30695000,61390.00001158928,-206812.14362380933,302.58703947541244,147
30700000,61400.00001159132,-205837.72099961538,298.07423512427886,147
30705000,61410.00001159336,-206568.85696158034,295.54183334876603,147
30710000,61420.000011595395,-206291.46929196548,301.24167604130787,147
30715000,61430.00001159743,-206863.9213320713,298.0737328761389,147
30720000,61440.00001159947,-206475.82112585753,298.5603326209966,147
30725000,61450.00001160151,-206753.96025190607,296.2879010739883,147
30730000,61460.000011603544,-206547.37350155076,299.3009327870201,147
30735000,61470.00001160558,-206212.33752522187,301.4815297222765,147
30740000,61480.00001160762,-206301.40702825796,303.6902014641926,147
30745000,61490.000011609656,-206630.50823552336,299.41793764738816,147
30750000,61500.00001161169,-206346.40355459775,300.2726918161039,147
30755000,61510.00001161373,-206913.65346917382,304.7266424123405,147
30760000,61520.00001161577,-206484.51662575232,298.11122141705675,147
30765000,61530.000011617805,-206707.7573720779,301.4304405254534,147
30770000,61540.00001161984,-206358.16043561872,297.78458345629025,147
30775000,61550.00001162188,-206465.71718908695,299.30949217138783,147
30780000,61560.00001162392,-206307.33285013644,302.29195614715013,147
30785000,61570.000011625954,-206484.05526161648,305.344422176077,147
30790000,61580.00001162799,-206024.7096544156,297.35280694422255,147
30795000,61590.00001163003,-206381.3051656339,301.0539620317842,147
30800000,61600.000011632066,-205591.4213424459,301.59745161310485,147
30805000,61610.0000116341,-207165.32287771325,302.91077009508115,147
30810000,61620.00001163614,-206763.11522658437,296.5603375305572,147
30815000,61630.00001163818,-206231.68905086617,297.7766887018683,147
30820000,61640.000011640215,-206449.69005150464,296.93699055932655,147
30825000,61650.00001164225,-206033.91118827078,299.64832035159947,147
30830000,61660.00001164429,-206089.64618442475,304.9109869266818,147
30835000,61670.00001164633,-206497.9182864254,300.99691326569194,147
30840000,61680.000011648364,-206448.06269540556,297.1243307192133,147
30845000,61690.0000116504,-206171.76795807027,302.1416818230727,147
30850000,61700.00001165244,-206417.5415114808,299.2073223716332,147
30855000,61710.000011654476,-206485.58741148328,298.5626714335762,147
30860000,61720.00001165651,-206050.57293528726,297.20651693145805,147
30865000,61730.00001165855,-206268.81767692638,300.93588613092567,147
30870000,61740.00001166059,-206470.3449490756,306.9232615457336,147
30875000,61750.000011662625,-206744.23146192078,302.03310048628936,147
30880000,61760.00001166466,-206667.66106897488,302.6081753272056,147
30885000,61770.0000116667,-206141.63282650698,303.89563847972653,147
30890000,61780.00001166874,-205548.3856625202,298.6639556213381,147
30895000,61790.000011670774,-206350.6725533714,299.88670139121035,147
30900000,61800.00001167281,-206498.429379576,301.0576263512691,147
30905000,61810.00001167485,-206996.47565241065,299.56422360730573,147
30910000,61820.000011676886,-206803.07679818722,302.4485260124682,147
30915000,61830.00001167892,-206992.00802334351,304.51910704040034,147
30920000,61840.00001168096,-205686.74388140813,301.3630655873417,147
30925000,61850.000011683,-207345.58708753658,296.94724236815415,147
30930000,61860.000011685035,-206699.26312684373,300.00860449470497,147
30935000,61870.00001168707,-207347.77399703604,296.0094883492991,147
30940000,61880.00001168911,-206373.17692393612,300.92185060227115,147
30945000,61890.00001169115,-206520.07394595735,303.0220885913026,147
30950000,61900.000011693184,-206235.22497146484,302.66287326018755,147
30955000,61910.00001169522,-205353.79187081126,298.62623205670945,147
30960000,61920.00001169726,-205952.2945678681,298.8602031810019,147
30965000,61930.000011699296,-206818.0198271789,300.87676889952866,147
30970000,61940.00001170133,-205440.07960194338,297.50080804670995,147
30975000,61950.00001170337,-206794.46943506948,299.4119769559823,147
30980000,61960.00001170541,-206995.72114338807,300.6486922065766,147
30985000,61970.000011707445,-206629.88585916744,294.3547866266591,147
30990000,61980.00001170948,-206495.29251746088,299.88614022033346,147
30995000,61990.00001171152,-207556.645295089,301.5394868825617,147
31000000,62000.00001171356,-206900.90307143948,300.2575698422412,147
31005000,62010.000011715594,-206529.62379959703,296.19872862140096,147
31010000,62020.00001171763,-206258.61480821692,304.21887588673553,147
31015000,62030.00001171967,-205928.37712735147,301.2366938862731,147
31020000,62040.000011721706,-206112.8568532013,301.1028363130984,147
31025000,62050.00001172374,-206478.54843013722,302.01779967008247,147
31030000,62060.00001172578,-206191.52163217298,299.6390061091311,147
31035000,62070.00001172782,-207006.02216756972,299.9548440267959,147
31040000,62080.000011729855,-206672.02284729015,297.0568307142281,147
31045000,62090.00001173189,-205954.4930385023,302.57368221866767,147
31050000,62100.00001173393,-206197.02031225886,301.9246187957141,147
31055000,62110.00001173597,-205779.1854761414,302.6497034508259,147
31060000,62120.000011738004,-206352.3980236164,298.45648490481636,147
31065000,62130.00001174004,-206750.18516147824,300.0933918840414,147
31070000,62140.00001174208,-206942.31952408317,304.4803230065001,147
31075000,62150.000011744116,-205700.59393506276,298.9316324112368,147
31080000,62160.00001174615,-205849.8411881175,301.9658134803379,147
31085000,62170.00001174819,-205400.34559213277,297.4966600420176,147
31090000,62180.00001175023,-206232.42257086863,296.30525484494007,147
31095000,62190.000011752265,-206889.11660444876,298.27308542027134,147
31100000,62200.0000117543,-206468.4245173277,299.0069014288591,147
31105000,62210.00001175634,-206385.88044274563,302.5603278910949,147
31110000,62220.00001175838,-207012.01165633544,300.34488871503834,147
31115000,62230.000011760414,-205981.20170415065,292.19679960263716,147
31120000,62240.00001176245,-207049.05647235014,297.2583246052037,147
31125000,62250.00001176449,-206071.9506030857,300.834278553794,147
31130000,62260.000011766526,-206096.69330758613,302.95068756534806,147
31135000,62270.00001176856,-206321.59751343192,295.43018788781023,147
31140000,62280.0000117706,-206740.04267564078,302.26644779898214,147
31145000,62290.00001177264,-205803.14377014665,298.0744121195816,147
31150000,62300.000011774675,-205936.52963948878,300.11172299422833,147
31155000,62310.00001177671,-205959.33688260883,304.4358903603075,147
31160000,62320.00001177875,-205908.79640743532,304.31418468266315,147
31165000,62330.00001178079,-206185.59557649074,294.92033941456697,147
31170000,62340.000011782824,-206360.17275922257,299.8799107618028,147
31175000,62350.00001178486,-206590.97850768652,301.178595601579,147
31180000,62360.0000117869,-206455.5653012595,298.9237202823214,147
31185000,62370.000011788936,-206195.8839863129,300.2706155299769,147
31190000,62380.00001179097,-206909.08162411698,303.81554839469976,147
31195000,62390.00001179301,-206614.92668667284,303.1901458130155,147
31200000,62400.00001179505,-206621.03910210694,298.14110434795657,147
31205000,62410.000011797085,-206918.9009883257,295.28277127239375,147
31210000,62420.00001179912,-206317.24420529814,302.0334992563704,147
31215000,62430.00001180116,-206436.80927677173,303.61923334315117,147
31220000,62440.0000118032,-206868.78047235508,299.93211348689834,147
31225000,62450.000011805234,-206594.11971349292,300.0700676939129,147
31230000,62460.00001180727,-206770.44776477898,301.60468829318796,147
31235000,62470.00001180931,-206137.08509727544,300.1989636403737,147
31240000,62480.000011811346,-206588.64796118042,302.85602018962214,147
31245000,62490.00001181338,-205904.51629119227,296.90780237593685,147
31250000,62500.00001181542,-206161.54187380138,298.0733514650994,147
31255000,62510.00001181746,-206266.83506486577,301.1947987546009,147
31260000,62520.000011819495,-206508.49292153597,300.48937278149964,147
31265000,62530.00001182153,-206046.84670068463,302.80938326670497,147
31270000,62540.00001182357,-205798.9982086178,297.50743274155377,147
31275000,62550.00001182561,-207487.34139955358,303.81390884954,147
31280000,62560.000011827644,-206517.56253581273,301.97883156262725,147
31285000,62570.00001182968,-206316.71650185378,302.13052416707353,147
31290000,62580.00001183172,-207280.58436325414,301.6753515497555,147
31295000,62590.000011833756,-206374.13028056605,300.71133911801866,147
31300000,62600.00001183579,-207264.3111023882,303.9508153485269,147
31305000,62610.00001183783,-206433.80653176317,301.5499056665596,147
31310000,62620.00001183987,-205841.9847614913,295.2766490355218,147
31315000,62630.000011841905,-206574.81450247532,297.8127616065391,147
31320000,62640.00001184394,-206427.74279856298,298.57462396083537,147
31325000,62650.00001184598,-206315.37015661073,298.89735291976507,147
31330000,62660.00001184802,-206675.02700257907,297.4888889891648,147
31335000,62670.000011850054,-206140.97851557157,303.25386261468583,147
31340000,62680.00001185209,-206029.0508015065,299.75676702288445,147
31345000,62690.00001185413,-206805.4415915272,301.6642142446135,147
31350000,62700.000011856166,-206737.4453290688,300.4504501456134,147
31355000,62710.0000118582,-206696.93964345404,304.12426399422407,147
31360000,62720.00001186024,-205924.7043140583,299.17115124242457,147
31365000,62730.00001186228,-206893.6909430764,299.233635698931,147
31370000,62740.000011864315,-206133.7403356816,304.41463216268573,147
31375000,62750.00001186635,-206697.7844408733,301.48160758256677,147
31380000,62760.00001186839,-206363.17595564725,299.84233423155933,147
31385000,62770.00001187043,-206144.30930165714,299.7113714025366,147
31390000,62780.000011872464,-206764.0480079461,302.76380490089645,147
31395000,62790.0000118745,-206738.92050609854,299.493337606949,147
31400000,62800.00001187654,-205916.9573553932,303.6367801117887,147
31405000,62810.000011878576,-205715.16736673738,302.1120740696616,147
31410000,62820.00001188061,-205857.16629251116,299.14578786252787,147
31415000,62830.00001188265,-206480.60923407995,298.76225317683776,147
31420000,62840.00001188469,-206883.88727996545,299.4916664262251,147
31425000,62850.000011886725,-207646.39671669423,305.4232404728631,147
31430000,62860.00001188876,-206465.40084533964,299.8920284827195,147
31435000,62870.0000118908,-206174.96330775495,295.0583225108445,147
31440000,62880.00001189284,-206533.14456246945,304.5929191865544,147
31445000,62890.000011894874,-206190.10857771814,302.569026247077,147
31450000,62900.00001189691,-206339.6443492705,301.9294310289234,147
31455000,62910.00001189895,-207363.4150207173,300.41730374476526,147
31460000,62920.000011900986,-205866.9669575987,307.2553240177954,147
31465000,62930.00001190302,-206284.69202581176,297.3717820559383,147
31470000,62940.00001190506,-206488.6241619957,299.0757181305717,147
31475000,62950.0000119071,-206374.39948412322,306.7617234854081,147
31480000,62960.000011909135,-206468.9128307203,301.1007450009246,147
31485000,62970.00001191117,-206801.80771053967,300.1276705528567,147
31490000,62980.00001191321,-206897.82921564765,300.8025569964209,147
31495000,62990.00001191525,-206812.20911602804,298.5624961865596,147
31500000,63000.000011917284,-206192.0220065309,298.92350207023867,147
31505000,63010.00001191932,-206960.4786202776,298.5480504655961,147
31510000,63020.00001192136,-206485.0200792969,300.768730665206,147
31515000,63030.000011923396,-205388.02610935236,302.4672122437646,147
31520000,63040.00001192543,-206346.01417370583,298.7137548483414,147
31525000,63050.00001192747,-205958.6327021221,297.2620527016199,147
31530000,63060.00001192951,-206121.9392650791,302.55252449067416,147
31535000,63070.000011931545,-206222.32981865725,297.52368446677235,147
31540000,63080.00001193358,-206684.65923720214,298.6447157072427,147
31545000,63090.00001193562,-205056.91095707403,304.06874648759145,147
31550000,63100.00001193766,-205977.9939770049,296.9199347678233,147
31555000,63110.000011939694,-206236.99506547896,301.2031755703492,147
31560000,63120.00001194173,-206553.26022662176,301.0642743941463,147
31565000,63130.00001194377,-206379.89101761824,299.9519091181534,147
31570000,63140.000011945805,-206385.89376111643,300.33285029884775,147
31575000,63150.00001194784,-207320.7701842382,303.45648991945177,147
31580000,63160.00001194988,-205961.94539353345,299.4102558113751,147
31585000,63170.00001195192,-205995.1596613907,297.1695119790667,147
31590000,63180.000011953955,-205721.18086421373,305.4266600026862,147
31595000,63190.00001195599,-206226.12373270688,297.88536803971476,147
31600000,63200.00001195803,-205984.49155147572,299.2012278639454,147
31605000,63210.000011960066,-207260.35058709222,299.760918159474,147
31610000,63220.0000119621,-206291.19260269392,304.37125636183777,147
31615000,63230.00001196414,-206783.3672739627,304.74209212987483,147
31620000,63240.00001196618,-206536.8933886895,302.9504434199419,147
31625000,63250.000011968215,-206395.36619587883,295.0535832685727,147
31630000,63260.00001197025,-206177.09195038292,302.0865883997403,147
31635000,63270.00001197229,-206560.27198839036,303.37789661742255,147
31640000,63280.00001197433,-206724.06271846243,297.4776513208478,147
31645000,63290.000011976364,-206390.96237379755,304.38199361273456,147
31650000,63300.0000119784,-207345.0558375701,299.3321137834366,147
31655000,63310.00001198044,-205939.58821478544,301.35221891016204,147
31660000,63320.000011982476,-207038.42352236598,300.75376900526936,147
31665000,63330.00001198451,-206483.41211825062,291.50302108530445,147
31670000,63340.00001198655,-206331.50981704495,300.4023169367729,147
31675000,63350.00001198859,-206561.6521785661,298.95615631021025,147
31680000,63360.000011990625,-206371.70213421795,298.97279645282833,147
31685000,63370.00001199266,-206248.8881073813,303.9994153694028,147
31690000,63380.0000119947,-206228.5453638751,306.5488739951154,147
31695000,63390.00001199674,-205947.14386224968,302.5495487269333,147
31700000,63400.000011998774,-206067.6215191175,303.2751487450538,147
31705000,63410.00001200081,-206533.91308734566,296.0340679014222,147
31710000,63420.00001200285,-206014.018160844,299.94203933560595,147
31715000,63430.000012004886,-205961.8610346584,302.5959224339288,147
31720000,63440.00001200692,-206580.97233701812,298.00549723173594,147
31725000,63450.00001200896,-206942.47744307644,299.2299397144409,147
31730000,63460.000012011,-206462.38754848368,300.9287626130251,147
31735000,63470.000012013035,-206317.93519325624,304.9204868782234,147
31740000,63480.00001201507,-206007.14176506188,300.9552747642709,147
31745000,63490.00001201711,-206357.2431500029,297.33581249437725,147
31750000,63500.00001201915,-206950.32476744428,302.32679316990084,147
31755000,63510.000012021184,-206393.99620905402,295.5004917773984,147
31760000,63520.00001202322,-205912.2288017628,298.87681229007933,147
31765000,63530.00001202526,-206469.69102598133,304.05658352764266,147
31770000,63540.000012027296,-206177.70415551728,300.2562785048329,147
31775000,63550.00001202933,-205984.1291106271,302.6841622127315,147
31780000,63560.00001203137,-206160.16366073466,295.24262046476275,147
31785000,63570.00001203341,-206511.5639547864,300.6163491190984,147
31790000,63580.000012035445,-206931.67124758812,301.36857661235354,147
31795000,63590.00001203748,-206258.93132757046,304.1252179749027,147
31800000,63600.00001203952,-206092.9451312936,300.422221607766,147
31805000,63610.00001204156,-206123.68895139406,299.1586640659272,147
31810000,63620.000012043594,-206476.86228786304,303.3147339647204,147
31815000,63630.00001204563,-206590.44054524787,298.39808532351105,147
31820000,63640.00001204767,-207267.83390214527,303.59125152465896,147
31825000,63650.000012049706,-206772.99257730867,300.5293102875514,147
31830000,63660.00001205174,-205995.07669661182,297.8468479038789,147
31835000,63670.00001205378,-205826.651308503,299.58129135721987,147
31840000,63680.00001205582,-206630.79914015345,296.63800661181324,147
31845000,63690.000012057855,-207162.81263534795,301.60657917423606,147
31850000,63700.00001205989,-207322.92135643575,297.493172425357,147
31855000,63710.00001206193,-206565.08235915995,304.35754650085386,147
31860000,63720.00001206397,-206226.6062746828,302.573996480171,147
31865000,63730.000012066004,-205847.12497800426,300.1891255902772,147
31870000,63740.00001206804,-206629.68374667817,302.40974910126033,147
31875000,63750.00001207008,-206378.65596085542,302.7674112873424,147
31880000,63760.000012072116,-206460.00912989583,301.29364314057483,147
31885000,63770.00001207415,-206323.04549533234,299.13128910652847,147
31890000,63780.00001207619,-206702.619298468,300.3269046336125,147
31895000,63790.00001207823,-206004.68292092334,305.01206423761494,147
31900000,63800.000012080265,-206150.53221286135,303.5094722559221,147
31905000,63810.0000120823,-206761.4385808357,299.98612216861784,147
31910000,63820.00001208434,-206171.6348253301,306.4695479795263,147
31915000,63830.00001208638,-206658.97180501837,301.2144125097566,147
31920000,63840.000012088414,-205255.0017941827,302.9193390805111,147
31925000,63850.00001209045,-205951.24834397424,299.18020978488033,147
31930000,63860.00001209249,-207677.9717604546,303.09874030043943,147
31935000,63870.000012094526,-206347.814742652,299.55144599834045,147
31940000,63880.00001209656,-206850.19956916373,300.4069557593239,147
31945000,63890.0000120986,-206409.07216463413,297.1353437442713,147
31950000,63900.00001210064,-206413.68731318368,305.72625767439564,147
31955000,63910.000012102675,-205690.13377659605,304.1153191218338,147
31960000,63920.00001210471,-205560.9326969348,299.8825481587893,147
31965000,63930.00001210675,-206564.02999427821,302.2072945480098,147
31970000,63940.00001210879,-207299.38877949712,295.76601004232697,147
31975000,63950.000012110824,-206728.78810166125,300.1966734984924,147
31980000,63960.00001211286,-206743.1285517686,296.30876767605747,147
31985000,63970.0000121149,-206759.9288716768,302.62954808949985,147
31990000,63980.000012116936,-206524.51478772098,303.8001563248531,147
31995000,63990.00001211897,-206644.20684963965,299.67100401367696,147
32000000,64000.00001212101,-207106.8203493933,294.3252477372823,147
32005000,64010.00001212305,-206402.0079370588,295.63114724204064,147
32010000,64020.000012125085,-206545.22826796945,298.3176797629186,147
32015000,64030.00001212712,-206300.5773542137,302.34799533438206,147
32020000,64040.00001212916,-206381.8777686155,306.37933780349056,147
32025000,64050.0000121312,-206043.34018635133,305.0502372172956,147
32030000,64060.000012133234,-206525.36811049213,303.4388519323032,147
32035000,64070.00001213527,-206613.3040063925,302.0552861758046,147
32040000,64080.00001213731,-207098.78958618199,294.95712096308847,147
32045000,64090.000012139346,-206207.1942256469,303.34631075491467,147
32050000,64100.00001214138,-206407.38867316407,302.94348865313236,147
32055000,64110.00001214342,-206191.16899716156,297.393284631883,147
32060000,64120.00001214546,-206345.78660343168,301.9332288852313,147
32065000,64130.000012147495,-205763.95199479267,306.12690097045515,147
32070000,64140.00001214953,-206086.3482935594,297.04857579086644,147
32075000,64150.00001215157,-206143.54109037993,298.5070401704209,147
32080000,64160.00001215361,-205178.50669954135,297.7304838885063,147
32085000,64170.000012155644,-206873.56868284103,294.5537134241738,147
32090000,64180.00001215768,-206264.56554434716,299.18013964205767,147
32095000,64190.00001215972,-206002.475263417,302.9100664388884,147
32100000,64200.000012161756,-206251.74445800344,299.3050577692551,147
32105000,64210.00001216379,-206701.9963190806,299.2472967200607,147
32110000,64220.00001216583,-206095.02911733987,299.12946642347896,147
32115000,64230.00001216787,-206179.96527619148,301.0804324412477,147
32120000,64240.000012169905,-207200.78886925324,296.84699758090443,147
32125000,64250.00001217194,-205967.88456728705,299.6652427024552,147
32130000,64260.00001217398,-206288.0794254148,296.18370936589463,147
32135000,64270.00001217602,-206694.3466217158,302.8308559917204,147
32140000,64280.000012178054,-207549.3890063702,305.9150086672167,147
32145000,64290.00001218009,-206913.28609637974,297.3872040134223,147
32150000,64300.00001218213,-205700.32677370647,301.8863633102827,147
32155000,64310.000012184166,-206376.3526675346,297.2287207478536,147
32160000,64320.0000121862,-206028.27040381974,302.7327909214004,147
32165000,64330.00001218824,-206736.6670938871,300.99663906680223,147
32170000,64340.00001219028,-206379.1898656839,303.72100358351156,147
32175000,64350.000012192315,-205946.69341554854,298.8114661033944,147
32180000,64360.00001219435,-206699.8124734935,303.7989529156988,147
32185000,64370.00001219639,-206031.0783958597,298.3524427616116,147
32190000,64380.00001219843,-205865.33964269527,300.28217240102015,147
32195000,64390.000012200464,-206270.23616346088,294.4764623549375,147
32200000,64400.0000122025,-207309.19679183362,297.80470771254716,147
32205000,64410.00001220454,-205900.57863843627,302.06734411732,147
32210000,64420.000012206576,-206259.09655593697,298.5599870881598,147
32215000,64430.00001220861,-206584.63199498178,305.2953055612444,147
32220000,64440.00001221065,-206475.87941543455,298.3813569397392,147
32225000,64450.00001221269,-206857.92506147316,301.3619965525487,147
32230000,64460.000012214725,-206081.0453487048,302.744530124214,147
32235000,64470.00001221676,-205938.25952706148,300.95613352897647,147
32240000,64480.0000122188,-206682.9347715223,296.4491066901938,147
32245000,64490.00001222084,-206012.44524854491,298.5428281233012,147
32250000,64500.000012222874,-206372.96535662748,297.23420573568023,147
32255000,64510.00001222491,-206705.93476106762,295.63216216253556,147
32260000,64520.00001222695,-206823.8331520342,297.49555882890644,147
32265000,64530.000012228986,-205967.74260697083,303.770581742147,147
32270000,64540.00001223102,-206509.98532402527,303.5529239043363,147
32275000,64550.00001223306,-206552.1698172388,300.56582417548486,147
32280000,64560.0000122351,-206447.46496327233,302.8307343674694,147
32285000,64570.000012237135,-206584.1808172157,299.1383184781256,147
32290000,64580.00001223917,-206689.64342841087,302.70678289164255,147
32295000,64590.00001224121,-206871.07190177322,301.15756567169325,147
32300000,64600.00001224325,-206199.4962892708,297.6663973708002,147
32305000,64610.000012245284,-206935.88059973554,304.0459536724009,147
32310000,64620.00001224732,-205426.45515218668,301.18574556227253,147
32315000,64630.00001224936,-206409.16595090937,303.3204176105735,147
32320000,64640.000012251396,-206375.68088072783,298.55831648917024,147
32325000,64650.00001225343,-206062.1956892989,303.471181023899,147
32330000,64660.00001225547,-206273.97723081126,299.56318493613315,147
32335000,64670.00001225751,-206870.98588036885,302.491100617574,147
32340000,64680.000012259545,-206824.36174819164,304.1008338302642,147
32345000,64690.00001226158,-206791.8716663269,297.9786731290247,147
32350000,64700.00001226362,-206429.6904343617,304.7255679909413,147
32355000,64710.00001226566,-206312.3786718013,300.547947363673,147
32360000,64720.000012267694,-205841.39613414172,300.4957931340324,147
32365000,64730.00001226973,-206025.93203577073,298.4531616879797,147
32370000,64740.00001227177,-206148.0572361031,303.1344044737962,147
32375000,64750.000012273806,-206521.19421688933,303.19251424076487,147
32380000,64760.00001227584,-206943.89525805658,303.3221857241444,147
32385000,64770.00001227788,-207060.6368533409,298.3936308087742,147
32390000,64780.00001227992,-206142.62402044528,299.03727944767996,147
32395000,64790.000012281955,-206888.32806620433,295.4770515756666,147
32400000,64800.00001228399,-206005.67658578313,303.55478347704025,147
32405000,64810.00001228603,-207112.15751514246,304.29400563495216,147
32410000,64820.00001228807,-206217.37375033752,299.9885048609649,147
32415000,64830.000012290104,-206018.96050310507,299.8730609939083,147
32420000,64840.00001229214,-205961.80951318494,299.8002293093443,147
32425000,64850.00001229418,-206368.07763943507,300.14231598590715,147
32430000,64860.000012296216,-206233.19824584248,300.2185875652491,147
32435000,64870.00001229825,-205866.57647591864,295.9163827169021,147
32440000,64880.00001230029,-206903.95045704825,300.47614057507207,147
32445000,64890.00001230233,-206139.21928281977,305.64163590600646,147
32450000,64900.000012304365,-206321.732405095,302.2810184449794,147
32455000,64910.0000123064,-207190.22933088953,305.4619754856071,147
32460000,64920.00001230844,-207380.14284534357,300.2915776510297,147
32465000,64930.00001231048,-205927.07771783613,298.2317903943138,147
32470000,64940.000012312514,-206721.46820501203,302.48613096309134,147
32475000,64950.00001231455,-206443.42415401037,300.9160229049593,147
32480000,64960.00001231659,-206894.81012530217,302.293146489747,147
32485000,64970.000012318626,-206131.3789780594,301.8187979568487,147
32490000,64980.00001232066,-206433.66636360437,299.97665199123605,147
32495000,64990.0000123227,-206383.01591591677,305.7693401703991,147
32500000,65000.00001232474,-206121.43549691013,297.5745223512154,147
32505000,65010.000012326775,-206555.41455405706,297.9499603414008,147
32510000,65020.00001232881,-206298.02089820534,300.0563310284962,147
32515000,65030.00001233085,-207202.58262761286,299.11163148363306,147
32520000,65040.00001233289,-206274.33136506693,302.29667489371997,147
32525000,65050.000012334924,-206480.72225992207,297.8979580225204,147
32530000,65060.00001233696,-206891.47906366072,304.48796537889956,147
32535000,65070.000012339,-206570.3162847457,297.992123215474,147
32540000,65080.000012341035,-206380.1763663512,299.71730836652824,147
32545000,65090.00001234307,-205888.85800000606,296.8854850708223,147
32550000,65100.00001234511,-207144.4606988004,301.5129487801475,147
32555000,65110.00001234715,-206697.13958168973,303.51443649757005,147
32560000,65120.000012349185,-206101.11054519413,300.6977013835459,147
32565000,65130.00001235122,-206136.2081529802,293.785385410666,147
32570000,65140.00001235326,-206220.6435127356,296.328847283947,147
32575000,65150.000012355296,-205995.5191169771,296.9118190516389,147
32580000,65160.00001235733,-206144.56818590604,300.1954280453966,147
32585000,65170.00001235937,-206476.76449420734,299.0714774478371,147
32590000,65180.00001236141,-206560.92235957645,299.84217344737954,147
32595000,65190.000012363445,-206736.33861056028,301.62159077710976,147
32600000,65200.00001236548,-205898.85653907678,301.7234391463996,147
32605000,65210.00001236752,-206808.92873512488,298.20433838214905,147
32610000,65220.00001236956,-206061.57045391737,298.4679601414959,147
32615000,65230.000012371594,-206529.73586451006,296.1480907894457,147
32620000,65240.00001237363,-206307.8610842583,298.2321536981028,147
32625000,65250.00001237567,-205922.07050715573,300.97831184453884,147
32630000,65260.000012377706,-206597.0335049819,298.49655054039016,147
32635000,65270.00001237974,-206527.47808041074,298.62081987214145,147
32640000,65280.00001238178,-206845.11588977778,303.57782844542095,147
32645000,65290.00001238382,-206481.34455445723,301.70162179589516,147
32650000,65300.000012385855,-205844.050444784,304.82763520052214,147
32655000,65310.00001238789,-206546.9638621962,299.3955820576339,147
32660000,65320.00001238993,-206270.41425673268,298.49259658736526,147
32665000,65330.00001239197,-206960.0896453004,297.9161106247547,147
32670000,65340.000012394004,-207138.07782740344,301.7001199345092,147
32675000,65350.00001239604,-206919.59039837436,301.6352329997592,147
32680000,65360.00001239808,-206152.4147150634,303.4625043100038,147
32685000,65370.000012400116,-206969.35751260968,297.96193899808844,147
32690000,65380.00001240215,-206154.96634575387,294.20479622434954,147
32695000,65390.00001240419,-206473.6368711826,301.5675366035215,147
32700000,65400.00001240623,-206304.1260884907,296.9152809224209,147
32705000,65410.000012408265,-207019.908438646,299.19931645402846,147
32710000,65420.0000124103,-206767.10241833585,300.410004463291,147
32715000,65430.00001241234,-206105.10204172973,298.3026622391144,147
32720000,65440.00001241438,-205894.0402753126,299.44162371614857,147
32725000,65450.000012416414,-205481.15747254877,301.6985845586971,147
32730000,65460.00001241845,-206495.09611795621,302.3989965859246,147
32735000,65470.00001242049,-206731.74821886152,306.0530265090004,147
32740000,65480.000012422526,-206306.85329509818,302.2323049713937,147
32745000,65490.00001242456,-205767.4275042381,299.655338055465,147
32750000,65500.0000124266,-207123.6984094188,303.0254550932512,147
32755000,65510.00001242864,-205597.42791542842,298.10876522599796,147
32760000,65520.000012430675,-206519.6124676927,299.057873168746,147
32765000,65530.00001243271,-206465.49332097976,299.72870054275126,147
32770000,65540.00001242019,-206377.0728520247,301.6582877892153,147
32775000,65550.00001238585,-206821.3916336227,296.19097387635725,147
32780000,65560.0000123515,-206775.93199885183,298.05897903718966,147
32785000,65570.00001231716,-205763.29343943344,303.98518203372475,147
32790000,65580.00001228282,-205884.9058894323,301.36409218070463,147
32795000,65590.00001224848,-206612.78082052188,301.63468179038244,147
32800000,65600.00001221414,-206954.89141365292,301.68926324911996,147
32805000,65610.0000121798,-206639.4809045673,297.19896246792933,147
32810000,65620.00001214545,-205794.1849366678,294.29032886964745,147
32815000,65630.00001211111,-206063.60404458048,298.0084898294148,147
32820000,65640.00001207677,-206422.95915497292,297.8663256457232,147
32825000,65650.00001204242,-206906.3731722855,297.6893959481276,147
32830000,65660.00001200808,-205781.28634580737,296.02706851840526,147
32835000,65670.00001197374,-206425.66819056007,304.87905120473033,147
32840000,65680.0000119394,-206564.36823186616,303.0942121353168,147
32845000,65690.00001190505,-205754.68217570626,303.67490586781713,147
32850000,65700.00001187071,-206015.67557560897,302.47156203613343,147
32855000,65710.00001183637,-206074.2297891127,299.25010455837906,147
32860000,65720.00001180203,-206565.91357466218,299.95944914309376,147
32865000,65730.00001176768,-205633.40858142078,303.8004793150806,147
32870000,65740.00001173334,-206211.80131465162,297.5739922153257,147
32875000,65750.000011699,-206350.74537348596,304.1047312314868,147
32880000,65760.00001166466,-206855.0688717086,298.74150073368503,147
32885000,65770.00001163031,-206970.6441599531,301.19716177714804,147
32890000,65780.00001159597,-206261.77387588518,304.1917346569836,147
32895000,65790.00001156163,-206543.22977663996,299.829272682362,147
32900000,65800.00001152729,-205603.88719212636,299.6751076416549,147
32905000,65810.00001149294,-206566.30009108223,300.6481644935316,147
32910000,65820.0000114586,-205403.9237090355,299.1763130442084,147
32915000,65830.00001142426,-206110.16353855352,301.92653502283616,147
32920000,65840.00001138992,-205477.6963606407,304.8024057645753,147
32925000,65850.00001135557,-206788.69549206214,297.0285205925694,147
32930000,65860.00001132123,-206285.7050892415,299.0266557058938,147
32935000,65870.00001128689,-206549.4265582693,305.4410015818173,147
32940000,65880.00001125254,-206294.24551096233,296.81399442619283,147
32945000,65890.0000112182,-206972.90618081484,298.367071557248,147
32950000,65900.00001118386,-205644.0000024899,299.1384048920078,147
32955000,65910.00001114952,-206718.95591063623,301.5533528864047,147
32960000,65920.00001111517,-206126.25369085884,304.9479175679069,147
32965000,65930.00001108083,-205645.52894717327,295.076277439659,147
32970000,65940.00001104649,-206103.45382452046,303.468424422877,147
32975000,65950.00001101215,-205532.68127860327,297.69423399657467,147
32980000,65960.0000109778,-206434.87558997713,304.22120249902883,147
32985000,65970.00001094346,-207051.6897231933,300.7687651541532,147
32990000,65980.00001090912,-207308.96981528215,301.5657654436463,147
32995000,65990.00001087478,-206944.88512306707,302.89954126248654,147
33000000,66000.00001084043,-205984.94577609806,300.00952323758816,147
33005000,66010.00001080609,-206490.34380030795,298.3957611503267,147
33010000,66020.00001077175,-207003.46901228814,302.4001884800823,147
33015000,66030.0000107374,-206874.46580629703,301.18025048456525,147
33020000,66040.00001070306,-205583.78852629708,302.85467808469883,147
33025000,66050.00001066872,-206541.09856339882,301.35982388762807,147
33030000,66060.00001063438,-207439.17066159472,298.9741832130856,147
33035000,66070.00001060004,-206699.4002191804,300.4970909819704,147
33040000,66080.0000105657,-205642.8136469163,300.09865059683415,147
33045000,66090.00001053135,-206572.331086008,302.0942801891784,147
33050000,66100.00001049701,-206554.53325184935,302.7849968446534,147
33055000,66110.00001046267,-206092.46130370523,301.322301716931,147
33060000,66120.00001042832,-206131.16176065546,303.5717356299207,147
33065000,66130.00001039398,-206583.846669478,303.3695927999316,147
33070000,66140.00001035964,-206544.44297427183,303.1398784432448,147
33075000,66150.0000103253,-206434.76593988098,303.74740348826265,147
33080000,66160.00001029095,-205883.5367577565,300.1673813867772,147
33085000,66170.00001025661,-205939.24052265903,302.49655231247453,147
33090000,66180.00001022227,-206761.7493633515,297.10333845511377,147
33095000,66190.00001018793,-206762.38625286683,297.7671835656054,147
33100000,66200.00001015358,-206564.34300745954,302.510621441361,147
33105000,66210.00001011924,-206472.4642904302,301.6897374001654,147
33110000,66220.0000100849,-205768.22577851894,300.7069077585638,147
33115000,66230.00001005056,-206330.37311923865,305.0245434361275,147
33120000,66240.00001001621,-207142.2240138332,302.43655906198387,147
33125000,66250.00000998187,-205896.33014187147,297.570219818519,147
33130000,66260.00000994753,-205602.63574121334,300.32217505078654,147
33135000,66270.00000991319,-207261.40031990397,299.2262896405779,147
33140000,66280.00000987884,-205923.75010796532,296.39613501305365,147
33145000,66290.0000098445,-205284.62765245012,301.4740150731884,147
33150000,66300.00000981016,-205532.28708804992,302.41428928734746,147
33155000,66310.00000977582,-206120.4800850097,300.7577528295045,147
33160000,66320.00000974147,-206955.2258561115,302.95414413298795,147
33165000,66330.00000970713,-206083.2624335587,297.632264018948,147
33170000,66340.00000967279,-205467.91337010625,292.2741316339417,147
33175000,66350.00000963845,-206454.51936122228,298.37719774189594,147
33180000,66360.0000096041,-206324.61552397534,302.03989559005254,147
33185000,66370.00000956976,-206479.5393527,303.7221115370886,147
33190000,66380.00000953542,-206741.49602501385,293.6525674207443,147
33195000,66390.00000950108,-206689.92663173866,300.262276532596,147
33200000,66400.00000946673,-206617.5039251711,293.5700066092122,147
33205000,66410.00000943239,-206622.66551478487,301.3835038420076,147
33210000,66420.00000939805,-206832.78086524748,303.25544359095665,147
33215000,66430.0000093637,-206174.96745995188,301.90106989005324,147
33220000,66440.00000932936,-206536.34404,298.5356862816997,147
33225000,66450.00000929502,-206202.6162162103,303.5742523113907,147
33230000,66460.00000926068,-206477.05163589248,295.23078181377565,147
33235000,66470.00000922634,-207016.79256310803,302.05118412387594,147
33240000,66480.000009192,-207287.10240439163,306.35422552784866,147
33245000,66490.00000915765,-206185.92386088462,296.5339856440217,147
33250000,66500.00000912331,-206436.49784499616,298.71917991811404,147
33255000,66510.00000908897,-206620.0867060501,301.63791849483727,147
33260000,66520.00000905462,-206948.22773736622,302.5765242273795,147
33265000,66530.00000902028,-206744.3844389303,301.02105442034036,147
33270000,66540.00000898594,-206753.36209074582,301.7860422642356,147
33275000,66550.0000089516,-206855.00808302604,298.6099142926519,147
33280000,66560.00000891725,-205544.45390818792,301.0306372050874,147
33285000,66570.00000888291,-206971.4812403788,300.63167829741906,147
33290000,66580.00000884857,-206512.78459239902,303.38674697856663,147
33295000,66590.00000881423,-206012.3618686964,300.16523259378283,147
33300000,66600.00000877988,-207382.3735110507,303.30652421203814,147
33305000,66610.00000874554,-205417.31230504636,298.1877502171671,147
33310000,66620.0000087112,-206766.4397030333,302.81572233395696,147
33315000,66630.00000867686,-205973.05541975342,300.9491458681055,147
33320000,66640.00000864251,-206886.44688283757,293.3216505702546,147
33325000,66650.00000860817,-206412.84944027755,303.62282130609583,147
33330000,66660.00000857383,-206065.49123449228,300.1971642701083,147
33335000,66670.00000853949,-206181.55792195618,300.4729351707174,147
33340000,66680.00000850514,-205950.04770892567,303.72091475756605,147
33345000,66690.0000084708,-206001.83117134555,301.3977547570987,147
33350000,66700.00000843646,-206302.69988803146,301.73805364683994,147
33355000,66710.00000840212,-207652.8703441081,296.4686602873589,147
33360000,66720.00000836777,-207102.9915872109,305.7794414022194,147
33365000,66730.00000833343,-206137.071452589,299.386033342271,147
33370000,66740.00000829909,-206704.40803291195,299.8971193377634,147
33375000,66750.00000826475,-205619.12348536868,298.4755754049872,147
33380000,66760.0000082304,-206519.3275279057,300.1014406881338,147
33385000,66770.00000819606,-205607.65228509356,300.6650197416211,147
33390000,66780.00000816172,-206747.67242106027,304.6634197778147,147
33395000,66790.00000812738,-206676.27905489004,293.04673514962957,147
33400000,66800.00000809303,-206482.4897492862,301.53408887065217,147
33405000,66810.00000805869,-207215.08369968156,301.6327346654252,147
33410000,66820.00000802435,-206401.41434696293,298.11192592577606,147
33415000,66830.00000799,-206058.20037296042,305.6841754717996,147
33420000,66840.00000795566,-205889.0618446787,301.17003100857016,147
33425000,66850.00000792132,-205557.5411156949,300.3657385111674,147
33430000,66860.00000788698,-206517.39832477283,304.9868883512957,147
33435000,66870.00000785264,-206347.9581880716,298.02546769437544,147
33440000,66880.0000078183,-206361.24144573195,295.78930095962045,147
33445000,66890.00000778395,-206534.81297357997,299.1700874999409,147
33450000,66900.00000774961,-205531.81676084758,300.0618221528866,147
33455000,66910.00000771527,-207107.89498155937,301.4365391136508,147
33460000,66920.00000768092,-206389.2115985779,301.3738156735,147
33465000,66930.00000764658,-205841.7775511949,297.7679030005613,147
33470000,66940.00000761224,-206707.49576832412,301.14724044586086,147
33475000,66950.0000075779,-206239.7209619946,294.6913433057293,147
33480000,66960.00000754355,-206298.65516616043,298.3508477657743,147
33485000,66970.00000750921,-207131.26278941112,299.6728189970021,147
33490000,66980.00000747487,-206720.0177199439,299.18673276638293,147
33495000,66990.00000744053,-206666.80919644516,301.6780765610234,147
33500000,67000.00000740618,-205981.31546218193,300.39773655217385,147
33505000,67010.00000737184,-207033.5758382706,302.4062058935241,147
33510000,67020.0000073375,-206226.35794023785,304.4962277997003,147
33515000,67030.00000730316,-206478.90154385706,302.4889505361745,147
33520000,67040.00000726881,-206440.36817461252,302.96023466462293,147
33525000,67050.00000723447,-205720.962931504,300.87114684984994,147
33530000,67060.00000720013,-206221.2340940109,302.8621073273735,147
33535000,67070.00000716579,-206426.41140808258,303.8751165950013,147
33540000,67080.00000713144,-206183.9087025395,302.8667990470651,147
33545000,67090.0000070971,-206024.60254526732,306.76763344296586,147
33550000,67100.00000706276,-206785.02060774737,299.14202272642,147
33555000,67110.00000702841,-206350.4866900629,298.0067703902114,147
33560000,67120.00000699407,-206361.21811901894,298.05498596946603,147
33565000,67130.00000695973,-206719.0995981096,298.4792596742235,147
33570000,67140.00000692539,-206087.0131363325,300.00952044834594,147
33575000,67150.00000689104,-205784.16323543503,303.5208135286947,147
33580000,67160.0000068567,-206245.81310107664,299.99877910998543,147
33585000,67170.00000682236,-206531.2854663377,304.2927477505794,147
33590000,67180.00000678802,-206533.00716373848,304.64408270175437,147
33595000,67190.00000675367,-206195.36418785353,298.948695479927,147
33600000,67200.00000671933,-206435.60016019398,301.3711201702885,147
33605000,67210.00000668499,-205873.0591407544,301.8683352764032,146
33610000,67220.00000665065,-206374.69619842665,297.38212600046523,146
33615000,67230.0000066163,-206384.6797863975,295.43134288312035,146
33620000,67240.00000658196,-207101.11960882845,303.88503253375956,146
33625000,67250.00000654762,-206323.56235746143,301.3813711662773,146
33630000,67260.00000651328,-206228.78902900813,300.31662458648043,146
33635000,67270.00000647893,-206206.15052756434,294.99009363545713,146
33640000,67280.00000644459,-206088.64730712504,297.58262399109657,146
33645000,67290.00000641025,-205646.65850760986,300.8824064040426,146
33650000,67300.0000063759,-206566.5607794182,302.0549657615368,146
33655000,67310.00000634156,-206363.45970546408,295.29515736113314,146
33660000,67320.00000630722,-206447.62555317394,295.63833339766546,146
33665000,67330.00000627288,-205886.01967798942,301.49962425955204,146
33670000,67340.00000623854,-206803.581604111,298.8869596232935,146
33675000,67350.0000062042,-207073.85564109462,296.56759546194775,146
33680000,67360.00000616985,-205603.6867850204,297.9960092688364,146
33685000,67370.00000613551,-206646.98909341707,300.04268708222423,146
33690000,67380.00000610117,-206700.50891611562,303.60826015226996,146
33695000,67390.00000606682,-206962.00728002703,293.8757686079816,146
33700000,67400.00000603248,-206913.37248637795,296.45773466714655,146
33705000,67410.00000599814,-205703.2015052155,301.1480128757062,146
33710000,67420.0000059638,-206755.7456678279,297.1301536321736,146
33715000,67430.00000592945,-206915.84333170427,298.0006869967587,146
33720000,67440.00000589511,-206522.86594970082,305.56244064844043,146
33725000,67450.00000586077,-205906.12047714798,299.4125472792965,146
33730000,67460.00000582643,-206774.37922655453,301.893865258865,146
33735000,67470.00000579208,-205955.84848179575,301.91299081852475,146
33740000,67480.00000575774,-206547.7027159679,301.3142960245642,146
33745000,67490.0000057234,-206675.45346926083,304.53467966180546,146
33750000,67500.00000568906,-206988.81041086325,297.45640257740666,146
33755000,67510.00000565471,-206370.03093059792,299.345154410194,146
33760000,67520.00000562037,-206167.75084791135,296.65976459387116,146
33765000,67530.00000558603,-205929.65329737135,303.5010455668888,146
33770000,67540.00000555169,-206982.38444968744,304.71046953351913,146
33775000,67550.00000551734,-206547.6065347949,300.20319797630805,146
33780000,67560.000005483,-206938.74867480726,296.5273539900729,146
33785000,67570.00000544866,-206453.8124033952,299.6556336969038,146
33790000,67580.00000541432,-205697.04827438015,305.32715183782767,146
33795000,67590.00000537997,-206978.75608869456,298.8328598303617,146
33800000,67600.00000534563,-205638.2162536718,300.91065565951794,146
33805000,67610.00000531129,-206215.29525228206,297.03379706107285,146
33810000,67620.00000527695,-206730.82621499326,302.80219284800205,146
33815000,67630.0000052426,-206929.6230286922,302.09933124425095,146
33820000,67640.00000520826,-206170.28876229876,298.60038593137176,146
33825000,67650.00000517392,-206421.1207246601,302.7152730277128,146
33830000,67660.00000513958,-206526.50463802356,304.93856618627973,146
33835000,67670.00000510523,-206571.88166631665,300.04478802533623,146
33840000,67680.00000507089,-206913.78026685247,301.65412471070437,146
33845000,67690.00000503655,-206547.26748959592,297.11034598623377,146
33850000,67700.0000050022,-206876.58880774945,298.4508339554268,146
33855000,67710.00000496786,-205184.83224203624,302.21455034932677,146
33860000,67720.00000493352,-205934.02302475844,302.7487990047804,146
33865000,67730.00000489918,-206361.3725963087,301.80248857806185,146
33870000,67740.00000486484,-206638.13220437418,303.60434778698556,146
33875000,67750.0000048305,-206888.8333234921,303.1505778670971,146
33880000,67760.00000479615,-206783.2033352902,301.7584464651761,146
33885000,67770.00000476181,-206551.31846176472,301.218099657591,146
33890000,67780.00000472747,-206533.65479571826,302.63210463700085,146
33895000,67790.00000469312,-206064.30436850467,292.67020132103806,146
33900000,67800.00000465878,-206479.01748907822,300.2669563941117,146
33905000,67810.00000462444,-206201.21640809707,295.6237634061251,146
33910000,67820.0000045901,-206508.0382223531,301.90252680290274,146
33915000,67830.00000455575,-206196.0773662025,294.9052356007316,146
33920000,67840.00000452141,-207041.1171418269,300.16877413373396,146
33925000,67850.00000448707,-205661.9028266034,299.6701084257145,146
33930000,67860.00000445273,-206121.80200587062,300.6764498597357,146
33935000,67870.00000441838,-206538.7284773346,301.00806977337675,146
33940000,67880.00000438404,-205645.10839959735,299.79716480352914,146
33945000,67890.0000043497,-206834.77638554526,298.6476667398076,146
33950000,67900.00000431536,-206363.74447149143,300.6355910750927,146
33955000,67910.00000428101,-206654.83791374008,304.5938991286155,146
33960000,67920.00000424667,-206685.79413540824,302.1815840048519,146
33965000,67930.00000421233,-206496.88384977786,295.7215020068151,146
33970000,67940.00000417799,-205883.6448044089,297.85136424053144,146
33975000,67950.00000414364,-206448.4619340934,298.63974571588733,146
33980000,67960.0000041093,-206364.30308521644,300.7219376974012,146
33985000,67970.00000407496,-206175.87504340603,294.1378160591086,146
33990000,67980.00000404062,-206226.8999101743,300.5265002132621,146
33995000,67990.00000400627,-207686.78295086755,300.19699036610314,146
34000000,68000.00000397193,-206643.03430951468,303.1229379296574,146
34005000,68010.00000393759,-206455.33380172378,301.13654866008915,146
34010000,68020.00000390325,-206310.96251339186,300.98785509051163,146
34015000,68030.0000038689,-206656.6037595286,301.5761022093809,146
34020000,68040.00000383456,-206761.64741211897,296.456531829342,146
34025000,68050.00000380022,-205635.12674514146,299.35494452425087,146
34030000,68060.00000376588,-206104.3861722824,293.40674228939406,146
34035000,68070.00000373153,-206064.54693802388,298.88593527757416,146
34040000,68080.00000369719,-206030.1851653969,297.6086185011812,146
34045000,68090.00000366285,-205359.79738211643,299.90357482337885,146
34050000,68100.0000036285,-206968.44078739325,300.3134763738957,146
34055000,68110.00000359416,-206593.80864074675,302.346803033963,146
34060000,68120.00000355982,-205907.66302323877,300.086765335854,146
34065000,68130.00000352548,-206350.81153183617,301.64037555591335,146
34070000,68140.00000349114,-205932.27528234408,299.6585455343856,146
34075000,68150.0000034568,-206958.16983247362,304.6415563616721,146
34080000,68160.00000342245,-206800.00303135335,299.3039872825435,146
34085000,68170.00000338811,-207239.34062399052,302.4372766621067,146
34090000,68180.00000335377,-206348.97291416477,294.9593444595358,146
34095000,68190.00000331942,-206651.03537105757,299.90580006984493,146
34100000,68200.00000328508,-205802.26173682197,305.28647105560674,146
34105000,68210.00000325074,-205640.36168248975,298.1146127758109,146
34110000,68220.0000032164,-205870.70662846265,303.00760549432914,146
34115000,68230.00000318205,-205864.89394724707,301.00424052661793,146
34120000,68240.00000314771,-206489.48578795022,301.9446927065914,146
34125000,68250.00000311337,-206606.7210415072,298.9683359294702,146
34130000,68260.00000307903,-206480.06735108525,303.42932784166965,146
34135000,68270.00000304468,-206350.76946400874,295.9898724278747,146
34140000,68280.00000301034,-205653.9757681419,297.73949566514716,146
34145000,68290.000002976,-206165.75904745818,299.6647095549028,146
34150000,68300.00000294166,-206786.4905067247,296.1143463553441,146
34155000,68310.00000290731,-207048.83738043462,301.3126676937293,146
34160000,68320.00000287297,-205461.20138680155,304.26834070800595,146
34165000,68330.00000283863,-206589.0236215141,303.3756982375307,146
34170000,68340.00000280429,-206333.76487088914,300.57938627215646,146
34175000,68350.00000276994,-206221.22584348905,304.60282066101894,146
34180000,68360.0000027356,-206503.68557445926,301.305350299041,146
34185000,68370.00000270126,-206197.67384949944,299.58079146419175,146
34190000,68380.00000266691,-206028.0582408699,294.60176703437423,146
34195000,68390.00000263257,-206361.11066441226,301.331960433649,146
34200000,68400.00000259823,-206890.5874131195,301.6510794561813,146
34205000,68410.00000256389,-206222.7690296251,301.66637338771596,146
34210000,68420.00000252954,-206967.89741556707,302.88065191106784,146
34215000,68430.0000024952,-206013.46969988628,300.48538320661277,146
34220000,68440.00000246086,-206307.82239454612,302.1889062945844,146
34225000,68450.00000242652,-206611.91022978653,301.199360874119,146
34230000,68460.00000239217,-205689.2813649613,295.1098985216205,146
34235000,68470.00000235783,-205542.1848499272,298.5914394722414,146
34240000,68480.00000232349,-206716.36775752087,298.8237634388623,146
34245000,68490.00000228915,-206376.21136339626,303.15159467300896,146
34250000,68500.0000022548,-206313.4776228025,302.84068536668076,146
34255000,68510.00000222046,-206119.37123926764,297.33273215814415,146
34260000,68520.00000218612,-206638.94165376818,302.65198044708626,146
34265000,68530.00000215178,-206314.02123070962,303.64978979142916,146
34270000,68540.00000211743,-206481.67397978075,299.4539413173496,146
34275000,68550.00000208309,-206393.59760920878,300.3924361520928,146
34280000,68560.00000204875,-206099.57074078557,300.9000800767006,146
34285000,68570.0000020144,-206444.13910925784,296.56303064515623,146
34290000,68580.00000198006,-205738.77980378864,302.2978972730494,146
34295000,68590.00000194572,-206590.80985336867,303.3389279240874,146
34300000,68600.00000191138,-206987.00809443148,299.9381097237897,146
34305000,68610.00000187704,-206337.92443213996,300.6475742857288,146
34310000,68620.0000018427,-206328.66226307955,300.12524431955757,146
34315000,68630.00000180835,-207064.31024941814,303.21366217049604,146
34320000,68640.00000177401,-206602.0590977301,297.93020851734354,146
34325000,68650.00000173967,-206014.73195722164,300.07976403358117,146
34330000,68660.00000170532,-206208.5379133881,298.3479232763187,146
34335000,68670.00000167098,-205319.30043532467,303.4064843224272,146
34340000,68680.00000163664,-207103.1383454078,301.606672317522,146
34345000,68690.0000016023,-206461.98171083606,298.25428321902007,146
34350000,68700.00000156795,-206423.19080010767,297.31744220537763,146
34355000,68710.00000153361,-206654.53855633887,295.7500501844287,146
34360000,68720.00000149927,-206945.28637829423,303.26509028852485,146
34365000,68730.00000146493,-206460.06878912868,299.1026470476839,146
34370000,68740.00000143058,-207408.45079469623,298.95766950686834,146
34375000,68750.00000139624,-206482.35590521817,298.5089577104328,146
34380000,68760.0000013619,-206515.93261927308,297.60199694777964,146
34385000,68770.00000132756,-206893.84163729637,294.8081091829899,146
34390000,68780.00000129321,-207267.1163915497,299.03796832581384,146
34395000,68790.00000125887,-205952.49864413496,303.75455245358006,146
34400000,68800.00000122453,-206354.98316853412,300.7886711815851,146
34405000,68810.00000119019,-206242.0275539877,302.6236570905387,146
34410000,68820.00000115584,-206043.9419195389,303.04965553358375,146
34415000,68830.0000011215,-205970.54291306203,296.109155266684,146
34420000,68840.00000108716,-206383.68940475327,300.491733130315,146
34425000,68850.00000105282,-207134.44904640375,296.6824275269658,146
34430000,68860.00000101847,-206209.27134029346,303.0187860119574,146
34435000,68870.00000098413,-206327.66748560697,308.5307991703078,146
34440000,68880.00000094979,-206609.99023311946,299.25020743424477,146
34445000,68890.00000091545,-206688.39618336305,302.2220347244307,146
34450000,68900.0000008811,-207227.5464936376,298.57036984974883,146
34455000,68910.00000084676,-205627.9538168047,304.02014223789297,146
34460000,68920.00000081242,-206908.5714407391,305.61440571631215,146
34465000,68930.00000077808,-206043.9538990442,299.7934207349333,146
34470000,68940.00000074373,-206508.19834221213,300.5435822549477,146
34475000,68950.00000070939,-205990.9223362509,298.5646768134581,146
34480000,68960.00000067505,-206621.36187332158,296.38193219157,146
34485000,68970.0000006407,-207774.78463204938,299.37428936247255,146
34490000,68980.00000060636,-206273.5884585625,298.7806955665805,146
34495000,68990.00000057202,-206859.94495932828,298.6442838146202,146
34500000,69000.00000053768,-206362.36466677452,293.5854795332127,146
34505000,69010.00000050334,-205962.86722861475,302.31189218336,146
34510000,69020.000000469,-205502.74371003325,304.53294511399656,146
34515000,69030.00000043465,-205695.14072363824,300.79993053666334,146
34520000,69040.00000040031,-206544.63133918622,304.51681516735755,146
34525000,69050.00000036597,-205715.83815429953,301.2967671796823,146
34530000,69060.00000033162,-206455.52632514795,301.51496227677137,146
34535000,69070.00000029728,-205814.75593050208,303.69603636134343,146
34540000,69080.00000026294,-206740.18277802435,298.3468817229758,146
34545000,69090.0000002286,-206666.00574094325,303.7809884398303,146
34550000,69100.00000019425,-206717.63030034734,299.572376186113,146
34555000,69110.00000015991,-206893.2193336594,299.07821742913535,146
34560000,69120.00000012557,-206900.56654155452,300.63159763883067,146
34565000,69130.00000009123,-206416.93044707342,303.0435737343962,146
34570000,69140.00000005688,-206767.78371210513,297.8039109100352,146
34575000,69150.00000002254,-206226.81781335722,303.0478815375912,146
34580000,69159.9999999882,-206529.8118708391,301.50219275985705,146
34585000,69169.99999995386,-206820.34493578086,303.083608448281,146
34590000,69179.99999991951,-206593.02926373493,304.4108375754938,146
34595000,69189.99999988517,-205855.99448768306,299.24828809642105,146
34600000,69199.99999985083,-206757.85388556845,301.57747749455245,146
34605000,69209.99999981649,-205493.6916600298,298.5088428989324,146
34610000,69219.99999978214,-206067.66633600718,304.3843291787463,146
34615000,69229.9999997478,-206477.64902003598,297.9714234702389,146
34620000,69239.99999971346,-205919.97589326068,299.27676441459084,146
34625000,69249.99999967912,-206813.10361099988,301.2854681633043,146
34630000,69259.99999964477,-206525.0949222385,296.6971731885464,146
34635000,69269.99999961043,-206408.54578562744,301.741632091077,146
34640000,69279.99999957609,-206401.08013985085,305.67517870068974,146
34645000,69289.99999954175,-205653.8863693216,303.20361449149635,146
34650000,69299.9999995074,-205830.77478365414,299.78437564141245,146
34655000,69309.99999947306,-206269.69357492425,296.8117667211635,146
34660000,69319.99999943872,-205966.75731060863,301.61030748445773,146
34665000,69329.99999940438,-207739.4478088118,298.15476238414766,146
34670000,69339.99999937003,-206463.26529747818,299.6782071450114,146
34675000,69349.99999933569,-206000.01721196203,297.7649797414632,146
34680000,69359.99999930135,-206468.97280595324,302.61488780818695,146
34685000,69369.999999267,-205726.23432737752,302.37139267210625,146
34690000,69379.99999923266,-206542.35346696456,297.42633124100917,146
34695000,69389.99999919832,-206059.9701269545,299.9314985430805,146
34700000,69399.99999916398,-206666.42055176676,297.10302728078284,146
34705000,69409.99999912964,-206062.25957855862,302.51792624100705,146
34710000,69419.9999990953,-206191.80094552098,300.5254816199263,146
34715000,69429.99999906095,-205933.92722303048,299.3790227610091,146
34720000,69439.99999902661,-206700.583265802,300.1088458111994,146
34725000,69449.99999899227,-207421.6986378549,300.4259078567179,146
34730000,69459.99999895792,-206700.9817901227,302.4308764615366,146
34735000,69469.99999892358,-206501.44764057233,303.51359382731465,146
34740000,69479.99999888924,-206509.85389047477,297.7470993987571,146
34745000,69489.9999988549,-206794.78589151904,297.1506712180586,146
34750000,69499.99999882055,-207006.1153184165,302.48560597473676,146
34755000,69509.99999878621,-206220.8808635607,296.16250257654383,146
34760000,69519.99999875187,-206926.42122261412,298.83711033547553,146
34765000,69529.99999871753,-206021.32598351676,302.96306645878957,146
34770000,69539.99999868318,-205889.48820790125,304.20495850808015,146
34775000,69549.99999864884,-206441.72474838246,303.4903610748097,146
34780000,69559.9999986145,-206675.0389745041,296.8227898124137,146
34785000,69569.99999858016,-207255.8732352067,303.5289868708977,146
34790000,69579.99999854581,-206033.81772091868,298.0073308600526,146
34795000,69589.99999851147,-207506.69383911102,303.46157198461776,146
34800000,69599.99999847713,-205922.77153229865,301.106791116675,146
34805000,69609.99999844278,-206740.64453677647,301.26841361631966,146
34810000,69619.99999840844,-206218.52633794385,299.4965078820118,146
34815000,69629.9999983741,-206559.90792585362,301.2947127102198,146
34820000,69639.99999833976,-206929.09901539038,302.3567092363004,146
34825000,69649.99999830541,-206291.53494997788,295.76104250181777,146
34830000,69659.99999827107,-207383.69362255174,302.47207616831423,146
34835000,69669.99999823673,-206449.74163389183,298.29967072711173,146
34840000,69679.99999820239,-206497.31600670784,296.7104519545062,146
34845000,69689.99999816804,-206579.49242319795,299.28747786701234,146
34850000,69699.9999981337,-207137.15440131538,296.9949338060125,146
34855000,69709.99999809936,-207013.01163141394,297.4568504218938,146
34860000,69719.99999806502,-206326.1846254652,301.00851964441205,146
34865000,69729.99999803067,-206136.70785981975,298.7156966254988,146
34870000,69739.99999799633,-206090.82181403984,300.2613502929358,146
34875000,69749.99999796199,-206355.28436664597,301.41908779489734,146
34880000,69759.99999792765,-206478.58822647342,296.88866274071205,146
34885000,69769.9999978933,-206569.44523516542,300.3950726823084,146
34890000,69779.99999785896,-205436.02643896546,299.1947611879095,146
34895000,69789.99999782462,-206868.53232275276,305.337081959057,146
34900000,69799.99999779028,-206013.56500900874,301.5669668841558,146
34905000,69809.99999775593,-206469.0415719594,303.76192831218253,146
34910000,69819.99999772159,-206982.03420380433,304.4382252095332,146
34915000,69829.99999768725,-206130.4734502528,298.55255807003044,146
34920000,69839.9999976529,-206510.47349432728,298.4200747186301,146
34925000,69849.99999761856,-207343.48732662143,302.34563439907845,146
34930000,69859.99999758422,-206395.91964925,302.8218486606091,146
34935000,69869.99999754988,-206423.34608321113,299.148784450597,146
34940000,69879.99999751554,-206596.2585374862,297.2390435567583,146
34945000,69889.9999974812,-206433.0482335518,303.6454425685807,146
34950000,69899.99999744685,-206280.61278594972,298.0971480844569,146
34955000,69909.99999741251,-206996.9686810061,300.31127547771825,146
34960000,69919.99999737817,-206138.66723405605,300.88550683243824,146
34965000,69929.99999734382,-205965.5183070097,300.51848803581396,146
34970000,69939.99999730948,-206588.84674295806,302.06026552297004,146
34975000,69949.99999727514,-207041.17093149025,298.86268322787987,146
34980000,69959.9999972408,-206515.5730583903,299.498567188227,146
34985000,69969.99999720645,-205439.20705522248,301.2304207165969,146
34990000,69979.99999717211,-206520.22032078647,298.8266830175922,146
34995000,69989.99999713777,-206671.70936313493,296.0932869623528,146
35000000,69999.99999710343,-206590.93638435507,300.9710431903421,146
35005000,70009.99999706908,-207150.13106208376,298.5690597302353,146
35010000,70019.99999703474,-207214.61214701342,297.53535632129973,146
35015000,70029.9999970004,-206545.14041605487,299.20514519141386,146
35020000,70039.99999696606,-205947.66781202494,299.59893308463444,146
35025000,70049.99999693171,-206940.83271858504,303.47696023871896,146
35030000,70059.99999689737,-206869.59092506662,297.78055232951135,146
35035000,70069.99999686303,-205776.1532724239,306.51807583123326,146
35040000,70079.99999682869,-206999.3298345731,302.5887954156858,146
35045000,70089.99999679434,-205392.2015669454,301.4884015599963,146
35050000,70099.99999676,-206503.20744845353,301.1638949439252,146
35055000,70109.99999672566,-206378.24989604962,299.99175566349555,146
35060000,70119.99999669132,-205376.8225940282,301.1837709901928,146
35065000,70129.99999665697,-205236.15669555624,303.21970471718294,146
35070000,70139.99999662263,-206989.78470397042,293.77282390783654,146
35075000,70149.99999658829,-206205.94247737632,298.4408035212701,146
35080000,70159.99999655395,-206857.33096847555,302.84352119585225,146
35085000,70169.9999965196,-206663.90938422817,305.5388753932377,146
35090000,70179.99999648526,-207097.58505510562,299.2855019229566,146
35095000,70189.99999645092,-206215.8494727984,298.1763170996314,146
35100000,70199.99999641658,-206097.55020242778,292.83784614237135,146
35105000,70209.99999638223,-206842.2142382824,297.92490533494606,146
35110000,70219.99999634789,-206228.85774790123,297.1922248853825,146
35115000,70229.99999631355,-206364.56832284015,301.4866658405063,146
35120000,70239.9999962792,-206799.67223428644,298.8125476472902,146
35125000,70249.99999624486,-206015.80765088357,303.9201146198683,146
35130000,70259.99999621052,-205717.2926326578,297.92386281467515,146
35135000,70269.99999617618,-206512.97738284688,298.6486801288084,146
35140000,70279.99999614184,-206212.95477121742,302.7234935051731,146
35145000,70289.9999961075,-206784.68691414152,298.43158193541177,146
35150000,70299.99999607315,-206002.29644502338,302.48942057236883,146
35155000,70309.99999603881,-206511.2608833447,306.54222373171285,146
35160000,70319.99999600447,-206757.8878517925,302.8565249996312,146
35165000,70329.99999597012,-206311.7736179505,299.99135184110855,146
35170000,70339.99999593578,-207534.51116735616,299.4816322650759,146
35175000,70349.99999590144,-206389.68621392653,296.62820786542517,146
35180000,70359.9999958671,-207114.92844145407,303.23004271813954,146
35185000,70369.99999583275,-206891.78894553566,300.3428643043138,146
35190000,70379.99999579841,-206168.28523993283,301.1980329202386,146
35195000,70389.99999576407,-206211.3690749806,302.5965186271737,146
35200000,70399.99999572973,-205846.07771938632,306.34270749276817,146
35205000,70409.99999569538,-207302.39476831048,303.4357266499722,146
35210000,70419.99999566104,-207219.1720736014,297.3044929405766,146
35215000,70429.9999956267,-207127.6904378183,298.3941381310624,146
35220000,70439.99999559236,-206395.44905877113,299.288983428785,146
35225000,70449.99999555801,-206690.06325003447,295.12517302689236,146
35230000,70459.99999552367,-206052.95738671313,297.7057499125892,146
35235000,70469.99999548933,-206402.42888386012,296.86733101468315,146
35240000,70479.99999545499,-207064.22550103662,305.03866366735866,146
35245000,70489.99999542064,-206674.16522850457,299.2216542238825,146
35250000,70499.9999953863,-206047.13686225994,296.2628841820375,146
35255000,70509.99999535196,-205813.75746785686,299.1898461113187,146
35260000,70519.99999531762,-206594.05356926215,296.1106757390991,146
35265000,70529.99999528327,-206425.8727681843,300.44288505392905,146
35270000,70539.99999524893,-207131.68080000207,302.076983383982,146
35275000,70549.99999521459,-206283.82680171158,297.18410086709895,146
35280000,70559.99999518025,-206407.46677367436,298.9294105492048,146
35285000,70569.9999951459,-207419.2459667545,300.1555212365678,146
35290000,70579.99999511156,-206196.1353012314,298.6509189721065,146
35295000,70589.99999507722,-207062.78750879213,301.0006938249772,146
35300000,70599.99999504288,-206500.099666849,301.4281095910496,146
35305000,70609.99999500853,-206378.10216105753,301.47958354255843,146
35310000,70619.99999497419,-206590.93559279223,304.84285130977247,146
35315000,70629.99999493985,-206537.62850585266,304.1861850488772,146
35320000,70639.9999949055,-205931.9771160666,301.886468610997,146
35325000,70649.99999487116,-205312.5278362257,295.21015226467466,146
35330000,70659.99999483682,-206636.37094238645,297.7434932888082,146
35335000,70669.99999480248,-206982.3253406965,297.48924916370805,146
35340000,70679.99999476814,-207403.70118461957,298.0628291748494,146
35345000,70689.9999947338,-206330.88739830873,296.3759548941175,146
35350000,70699.99999469945,-206196.11572088883,296.61590134399296,146
35355000,70709.99999466511,-205893.38487573818,302.34829321205285,146
35360000,70719.99999463077,-206385.01010306925,298.3825941639987,146
35365000,70729.99999459642,-206249.79622287478,295.22563759952953,146
35370000,70739.99999456208,-205818.40496879444,295.9722560431967,146
35375000,70749.99999452774,-206031.42427720898,302.40806296830146,146
35380000,70759.9999944934,-206451.02521360398,292.1652873816181,146
35385000,70769.99999445905,-205734.60467353056,294.34216914371103,146
35390000,70779.99999442471,-205918.56501165277,301.9824476119861,146
35395000,70789.99999439037,-206283.2074775286,302.9282196837702,146
35400000,70799.99999435603,-206173.2379796988,299.03140208087615,146
35405000,70809.99999432168,-206770.4257065883,300.3350776751555,146
35410000,70819.99999428734,-206278.65527128393,299.7649488497988,146
35415000,70829.999994253,-206377.54611862346,303.5770315941155,146
35420000,70839.99999421866,-206171.2156992409,299.39528396536735,146
35425000,70849.99999418431,-206282.30481436814,303.1513726841024,146
35430000,70859.99999414997,-206299.63891333318,303.3928727110967,146
35435000,70869.99999411563,-206580.44608230854,300.4716184876155,146
35440000,70879.99999408128,-206219.88537212554,295.9352599793329,146
35445000,70889.99999404694,-207098.50240573345,298.13807664853954,146
35450000,70899.9999940126,-206125.97420937358,302.8018396441249,146
35455000,70909.99999397826,-206735.26714170387,299.3871216774639,146
35460000,70919.99999394391,-206628.61353352352,299.207810800004,146
35465000,70929.99999390957,-206439.28252186894,304.9148666408156,146
35470000,70939.99999387523,-206598.99421452603,297.2570237747882,146
35475000,70949.99999384089,-205864.3612013004,298.7918880940677,146
35480000,70959.99999380654,-206733.448983497,299.8852749562905,146
35485000,70969.9999937722,-207034.82846367324,297.35183080717957,146
35490000,70979.99999373786,-205766.35180266225,301.4146175259725,146
35495000,70989.99999370352,-206774.990032917,299.9029559394405,146
35500000,70999.99999366917,-206357.3941652435,301.59445189442664,146
35505000,71009.99999363483,-206059.4518730949,303.716061629271,146
35510000,71019.99999360049,-206467.69303250103,300.8515167556292,146
35515000,71029.99999356615,-206158.55685685354,301.4031270689343,146
35520000,71039.9999935318,-206665.83431921643,302.2931956900585,146
35525000,71049.99999349746,-205803.5535861242,299.34272652425267,146
35530000,71059.99999346312,-205507.19517323608,300.0868102873367,146
35535000,71069.99999342878,-206385.1291805125,303.2095388667501,146
35540000,71079.99999339443,-206466.35077877017,297.7446851297764,146
35545000,71089.99999336009,-207163.84417557938,297.05395385581744,146
35550000,71099.99999332575,-206690.4627854866,297.8787192913605,146
35555000,71109.9999932914,-206564.22529289068,301.54997278306263,146
35560000,71119.99999325706,-206421.96829871717,295.6426419254523,146
35565000,71129.99999322272,-206086.1941444344,298.7395151872067,146
35570000,71139.99999318838,-206379.90714218374,299.528606903619,146
35575000,71149.99999315404,-205792.31739768782,296.7916215428878,146
35580000,71159.9999931197,-207373.93343498395,298.89159889548637,146
35585000,71169.99999308535,-206518.78691263834,297.62134460962534,146
35590000,71179.99999305101,-205891.1765498782,300.53803591621437,146
35595000,71189.99999301667,-206097.5419281067,308.14664696130023,146
35600000,71199.99999298232,-206566.85604273388,301.2467768366803,146
35605000,71209.99999294798,-206423.05458756,301.6617388426588,146
35610000,71219.99999291364,-205996.60375471623,300.7742517523851,146
35615000,71229.9999928793,-206648.45210022165,299.9457936943886,146
35620000,71239.99999284495,-207081.16835554165,299.7058687276717,146
35625000,71249.99999281061,-206081.03110302438,302.640117036965,146
35630000,71259.99999277627,-206740.58048065368,303.84125539269456,146
35635000,71269.99999274193,-206916.80876207515,296.9223660774178,146
35640000,71279.99999270758,-206717.75126997032,296.62927240693693,146
35645000,71289.99999267324,-206273.72740145377,299.95405451614965,146
35650000,71299.9999926389,-207177.4968095792,302.6465186147875,146
35655000,71309.99999260456,-206703.90178051265,303.88000082990055,146
35660000,71319.99999257021,-205363.18004885828,302.37785259010303,146
35665000,71329.99999253587,-205212.52079438826,301.1415357095576,146
35670000,71339.99999250153,-206760.97518648475,302.3178815700537,146
35675000,71349.99999246719,-206397.0813405346,297.51123564907635,146
35680000,71359.99999243284,-206124.98897087702,301.94369071426655,146
35685000,71369.9999923985,-206127.38391509443,301.8197543262305,146
35690000,71379.99999236416,-206314.5954075763,301.44340705406256,146
35695000,71389.99999232982,-206102.65565270046,301.19023412338703,146
35700000,71399.99999229547,-206766.37664310413,297.9471378369482,146
35705000,71409.99999226113,-206786.59180159704,298.00313589001183,146
35710000,71419.99999222679,-206669.57160672592,299.56610980480656,146
35715000,71429.99999219245,-206193.60455280996,307.23465115031644,146
35720000,71439.9999921581,-206124.02790349082,298.67750125615373,146
35725000,71449.99999212376,-206142.91267922323,296.2101567670903,146
35730000,71459.99999208942,-207172.14495044027,295.3312191331681,146
35735000,71469.99999205508,-206601.0900413904,302.747563537849,146
35740000,71479.99999202073,-206726.14807286195,298.14751255045945,146
35745000,71489.99999198639,-206464.263770679,295.1415724421164,146
35750000,71499.99999195205,-206071.52791105362,298.1143742093456,146
35755000,71509.9999919177,-206203.60136871412,297.6227156907216,146
35760000,71519.99999188336,-205999.76897065493,299.407774738439,146
35765000,71529.99999184902,-206920.30083160836,297.5151431182243,146
35770000,71539.99999181468,-205657.4446421389,303.7446160469317,146
35775000,71549.99999178034,-206160.08475945564,299.89983253667555,146
35780000,71559.999991746,-206094.55411436956,297.7844775978691,146
35785000,71569.99999171165,-205527.87450331275,298.31188974065236,146
35790000,71579.99999167731,-205811.2816428477,302.3865206887149,146
35795000,71589.99999164297,-206732.21769336576,296.9648030740308,146
35800000,71599.99999160862,-206290.24344508385,296.13541440891885,146
35805000,71609.99999157428,-206612.7550127249,302.20024106199685,146
35810000,71619.99999153994,-206563.8784170386,295.47942330483204,146
35815000,71629.9999915056,-206639.02561469236,301.283940719643,146
35820000,71639.99999147125,-207224.97388455772,300.30944886945616,146
35825000,71649.99999143691,-206611.09835828422,300.292837648807,146
35830000,71659.99999140257,-206070.15283601754,299.5138816139957,146
35835000,71669.99999136823,-206437.47869159898,296.07148584002704,146
35840000,71679.99999133388,-206620.85148030205,300.891501701361,146
35845000,71689.99999129954,-206299.0356896218,297.8832598214639,146
35850000,71699.9999912652,-207112.22080392425,302.05873095686127,146
35855000,71709.99999123086,-206184.51136503927,298.72770887849686,146
35860000,71719.99999119651,-206329.40876997565,301.6753680522993,146
35865000,71729.99999116217,-206818.1078668324,298.7359952632525,146
35870000,71739.99999112783,-206923.6693274146,303.62037609852297,146
35875000,71749.99999109349,-205991.9620254574,297.6056676251945,146
35880000,71759.99999105914,-206369.17208187515,298.1837623480588,146
35885000,71769.9999910248,-206898.48756251764,301.00310807392736,146
35890000,71779.99999099046,-206621.42128015566,300.83845666537127,146
35895000,71789.99999095612,-205790.4580662531,301.2863856239173,146
35900000,71799.99999092177,-206817.46970795293,297.0295382577937,146
35905000,71809.99999088743,-206012.94937700895,297.94098636606327,146
35910000,71819.99999085309,-207266.7023179474,295.0329139026256,146
35915000,71829.99999081875,-206661.7394814802,298.6546562503198,146
35920000,71839.9999907844,-207003.46671540744,295.8197965944995,146
35925000,71849.99999075006,-206602.61920781108,295.6262663676453,146
35930000,71859.99999071572,-205921.31410085515,305.0587615758486,146
35935000,71869.99999068138,-207226.6958087912,295.54020214121647,146
35940000,71879.99999064703,-206505.50509747653,300.7067036106552,146
35945000,71889.99999061269,-206960.5624688014,297.3378331890755,146
35950000,71899.99999057835,-205454.16501769982,299.97458039080686,146
35955000,71909.999990544,-205824.01761824673,299.51213781911616,146
35960000,71919.99999050966,-206364.98839043884,298.82539034908854,146
35965000,71929.99999047532,-206168.56585662253,294.3854514490537,146
35970000,71939.99999044098,-206255.08489211276,298.29424753702835,146
35975000,71949.99999040664,-205894.01251314196,302.4030655829114,146
35980000,71959.9999903723,-205956.9978108512,299.39394209839145,146
35985000,71969.99999033795,-205699.82162460533,300.9675951233988,146
35990000,71979.99999030361,-206175.38817530812,297.81174777136073,146
35995000,71989.99999026927,-205750.95940526063,302.347423045644,146
36000000,71999.99999023492,-206721.5867623305,300.09929341942427,146
36005000,72009.99999020058,-206509.77827412402,296.45184565870767,146
36010000,72019.99999016624,-205892.90952350898,301.6078057853556,146
36015000,72029.9999901319,-206444.07033608458,303.2106234925218,146
36020000,72039.99999009755,-206683.3133436452,294.81038479882375,146
36025000,72049.99999006321,-206866.42194000504,300.0166989750635,146
36030000,72059.99999002887,-206675.18622981338,302.9362968924161,146
36035000,72069.99998999453,-206234.97240479314,301.9365298203076,146
36040000,72079.99998996018,-206265.32024877158,296.8355269599787,146
36045000,72089.99998992584,-206981.72920252755,303.39766660944923,146
36050000,72099.9999898915,-205780.73364049208,296.6292885295952,146
36055000,72109.99998985716,-206327.99275008857,300.05155380472235,146
36060000,72119.99998982281,-206331.58068293473,295.76416072136334,146
36065000,72129.99998978847,-206124.09979046707,299.6114666297742,146
36070000,72139.99998975413,-206372.17697588995,303.14691159135356,146
36075000,72149.99998971978,-206453.14057502954,301.8853616245841,146
36080000,72159.99998968544,-207007.31357167754,297.30160991766206,146
36085000,72169.9999896511,-206216.49135085696,302.51854445284033,146
36090000,72179.99998961676,-206519.45542012225,300.89092417572675,146
36095000,72189.99998958241,-205799.50374884577,301.48833424257543,146
36100000,72199.99998954807,-206771.4022112703,300.28476382048814,146
36105000,72209.99998951373,-206237.6234286374,297.08314178504804,146
36110000,72219.99998947939,-206529.26965407142,296.3207032590127,146
36115000,72229.99998944504,-206475.94619491394,294.1757896274345,146
36120000,72239.9999894107,-206418.21624155296,304.4654181795623,146
36125000,72249.99998937636,-206869.22877757472,299.4636900976965,146
36130000,72259.99998934202,-206197.92900557618,300.7937752144095,146
36135000,72269.99998930767,-206626.51269385347,300.5100906228596,146
36140000,72279.99998927333,-206165.74398191087,300.59220125907046,146
36145000,72289.99998923899,-205904.9840624634,302.6848334300473,146
36150000,72299.99998920465,-205807.49359357124,298.4766277117468,146
36155000,72309.9999891703,-206622.674540955,296.61969363255963,146
36160000,72319.99998913596,-205615.9539410125,299.44628550307687,146
36165000,72329.99998910162,-206746.98788201844,297.8813841853618,146
36170000,72339.99998906728,-206633.82264340576,293.7323153222294,146
36175000,72349.99998903293,-207345.19561176444,297.25853116487497,146
36180000,72359.99998899859,-205956.02452162642,298.87672118081366,146
36185000,72369.99998896425,-206394.44725830422,304.9905076392168,146
36190000,72379.9999889299,-207342.03794490604,306.3458690818044,146
36195000,72389.99998889556,-207131.20447999204,301.5646374180701,146
36200000,72399.99998886122,-206831.15162326512,303.66920793032125,146
36205000,72409.99998882688,-206954.63045542338,297.53007212489575,146
36210000,72419.99998879254,-205426.93009327853,301.4283734615861,146
36215000,72429.9999887582,-206114.99282734748,300.7418012816098,146
36220000,72439.99998872385,-206344.26595188247,298.3498471237632,146
36225000,72449.99998868951,-205578.33239005855,302.0911356379167,146
36230000,72459.99998865517,-205884.87918724737,304.09418528025446,146
36235000,72469.99998862082,-206292.40949017683,299.62773984082827,146
36240000,72479.99998858648,-206736.7750054357,302.0785892934133,146
36245000,72489.99998855214,-206743.24357803934,300.3047804137584,146
36250000,72499.9999885178,-207130.68138682516,297.9361730269569,146
36255000,72509.99998848345,-206931.34426864947,298.782193239375,146
36260000,72519.99998844911,-206218.19288301992,302.4422075986248,146
36265000,72529.99998841477,-206236.72563507583,296.82521475998453,146
36270000,72539.99998838043,-206102.89501919423,297.71715141455155,146
36275000,72549.99998834608,-206507.9747183089,301.4124417577015,146
36280000,72559.99998831174,-206097.3294019408,301.2522954822942,146
36285000,72569.9999882774,-206905.37433721602,304.82099406133835,146
36290000,72579.99998824306,-206572.06803765846,299.0350567628447,146
36295000,72589.99998820871,-206088.81913796742,291.55927431356065,146
36300000,72599.99998817437,-205961.79106895614,301.14099469933825,146
36305000,72609.99998814003,-206768.67699419893,296.5609412658928,146
36310000,72619.99998810569,-206645.35174445016,294.4071799650967,146
36315000,72629.99998807134,-206955.2923763747,300.2602126604076,146
36320000,72639.999988037,-206374.67289326596,304.7876225236329,146
36325000,72649.99998800266,-207045.53325733857,298.3533100980281,146
36330000,72659.99998796832,-206122.77059755486,300.71416776692195,146
36335000,72669.99998793397,-205545.25189775182,303.05194158872905,146
36340000,72679.99998789963,-206609.91635868105,297.5941824445102,146
36345000,72689.99998786529,-206840.95812765742,297.6333112893234,146
36350000,72699.99998783095,-204949.5971137312,300.74667897251663,146
36355000,72709.9999877966,-206060.55261727527,297.55950250737544,146
36360000,72719.99998776226,-205424.54872321838,301.54319629224693,146
36365000,72729.99998772792,-206741.35787244572,300.36857413483136,146
36370000,72739.99998769358,-206029.40436863573,301.3051189943529,146
36375000,72749.99998765923,-206588.25541119557,304.4646580189078,146
36380000,72759.99998762489,-206550.40681721235,301.1273262381344,146
36385000,72769.99998759055,-206546.7424183992,302.8916890684549,146
36390000,72779.9999875562,-206911.81651155837,299.80828481176906,146
36395000,72789.99998752186,-206491.48394903273,294.1316419927331,146
36400000,72799.99998748752,-206579.57328608586,296.68682860830717,146
36405000,72809.99998745318,-205323.33264426526,302.55722987578974,146
36410000,72819.99998741884,-205674.64423162444,293.6951955590295,146
36415000,72829.9999873845,-205785.83460074512,299.69832759411673,146
36420000,72839.99998735015,-205935.78733958944,297.4846691622069,146
36425000,72849.99998731581,-206083.43300077238,299.3182856919117,146
36430000,72859.99998728147,-206535.44804899686,302.12819857898575,146
36435000,72869.99998724712,-205784.2642421918,298.1992102332963,146
36440000,72879.99998721278,-206636.79529572534,304.17265100714206,146
36445000,72889.99998717844,-206960.37301114702,297.1789496783856,146
36450000,72899.9999871441,-206515.13140155503,300.9967416257086,146
36455000,72909.99998710975,-206737.08347847022,302.18106698874857,146
36460000,72919.99998707541,-206850.20933871355,298.1658757257495,146
36465000,72929.99998704107,-206835.50641899754,298.9240147117227,146
36470000,72939.99998700673,-205828.46503213153,302.2258958124353,146
36475000,72949.99998697238,-205682.8854844853,297.3712883760391,146
36480000,72959.99998693804,-206410.11702404148,300.3930120376665,146
36485000,72969.9999869037,-206456.869402103,297.9644610001145,146
36490000,72979.99998686936,-206317.5121152961,300.44464363192316,146
36495000,72989.99998683501,-205475.18904638384,299.11288522064814,146
36500000,72999.99998680067,-207120.94504471077,302.57745367041326,146
36505000,73009.99998676633,-206779.7530494614,301.0924452151227,146
36510000,73019.99998673199,-206624.62950893014,294.0500662689467,146
36515000,73029.99998669764,-206209.1712238068,302.1707990686003,146
36520000,73039.9999866633,-206770.63866594492,300.0081242600011,146
36525000,73049.99998662896,-206395.9094544123,298.5279032235875,146
36530000,73059.99998659462,-205997.17885801836,299.7852715005268,146
36535000,73069.99998656027,-206334.947280469,301.42048975063733,146
36540000,73079.99998652593,-206107.7187451627,301.80953086383374,146
36545000,73089.99998649159,-206741.221411183,303.31815811895746,146
36550000,73099.99998645725,-206609.6071135099,296.2251056566546,146
36555000,73109.9999864229,-206601.00137056445,295.9017252838589,146
36560000,73119.99998638856,-207237.63455976185,295.619922421184,146
36565000,73129.99998635422,-206107.25275420572,299.5896020916821,146
36570000,73139.99998631988,-206324.40501679585,300.95168014438076,146
36575000,73149.99998628553,-206695.51408709597,301.24904893940726,146
36580000,73159.99998625119,-206450.20100788877,300.0651189776405,146
36585000,73169.99998621685,-206626.90785888315,302.7160208055862,146
36590000,73179.9999861825,-207076.56473172805,302.6876601088879,146
36595000,73189.99998614816,-206006.40507600748,300.5267784730241,146
36600000,73199.99998611382,-206477.67391923105,301.21216301043785,146
36605000,73209.99998607948,-207188.6134170877,297.0311403805605,146
36610000,73219.99998604514,-206275.64625905035,302.31036917743234,146
36615000,73229.9999860108,-206522.79364240018,298.1222135488177,146
36620000,73239.99998597645,-205973.35671859153,299.8270718607358,146
36625000,73249.99998594211,-206025.71341675078,298.38900144576064,146
36630000,73259.99998590777,-206449.63937028812,301.3530206571559,146
36635000,73269.99998587342,-206869.8280091117,298.4377064403388,146
36640000,73279.99998583908,-206235.16137344076,297.2618826667676,146
36645000,73289.99998580474,-206492.42373606586,299.5443187677915,146
36650000,73299.9999857704,-206702.71729542734,302.02070837516334,146
36655000,73309.99998573605,-206957.64447756147,298.27813900707605,146
36660000,73319.99998570171,-205402.46205230523,298.196728261481,146
36665000,73329.99998566737,-206210.98096773517,301.8521416552079,146
36670000,73339.99998563303,-206846.87158324884,298.79178894986234,146
36675000,73349.99998559868,-206485.290245577,297.49741716962524,146
36680000,73359.99998556434,-206344.9484642836,303.1595693150933,146
36685000,73369.99998553,-206307.25217076682,301.6602421999653,146
36690000,73379.99998549565,-206386.32225523354,301.3455929627086,146
36695000,73389.99998546131,-206559.33941446536,303.1733914904356,146
36700000,73399.99998542697,-206345.03586110694,302.45288507878576,146
36705000,73409.99998539263,-206772.39265847043,300.12534166175345,146
36710000,73419.99998535828,-206332.26128419104,299.57864430704126,146
36715000,73429.99998532394,-205753.9987017716,303.12545274864675,146
36720000,73439.9999852896,-206226.0172278668,300.70117228729254,146
36725000,73449.99998525526,-206661.1583027969,299.36391546043257,146
36730000,73459.99998522091,-206724.87804547627,297.1435201031758,146
36735000,73469.99998518657,-207091.2936109635,302.2559977527962,146
36740000,73479.99998515223,-206562.42067110713,301.2420487630561,146
36745000,73489.99998511789,-205908.60216233216,302.6602384791094,146
36750000,73499.99998508354,-206350.904416824,301.0312985579868,146
36755000,73509.9999850492,-206172.13501193142,298.8870285393445,146
36760000,73519.99998501486,-206032.00947408774,298.09804103432737,146
36765000,73529.99998498052,-206226.49981618673,299.1949364324966,146
36770000,73539.99998494617,-206585.33891701128,296.0944652941596,146
36775000,73549.99998491183,-206542.4648959816,298.51904186735425,146
36780000,73559.99998487749,-206316.14486754872,301.31589551957967,146
36785000,73569.99998484315,-206827.8550000264,299.1620920080388,146
36790000,73579.9999848088,-206087.466780797,301.29927220332166,146
36795000,73589.99998477446,-206320.51858962153,297.4836222838832,146
36800000,73599.99998474012,-206668.28673668287,298.7731574993059,146
36805000,73609.99998470578,-206257.42015036102,301.0007756855887,146
36810000,73619.99998467143,-205659.85417229368,302.5222264570081,146
36815000,73629.99998463709,-205912.30591879576,298.22219751497687,146
36820000,73639.99998460275,-207316.47898408398,296.16273814840986,146
36825000,73649.9999845684,-206374.1680410651,303.37071302407054,146
36830000,73659.99998453406,-206136.96988827933,303.81715700940845,146
36835000,73669.99998449972,-206826.07441064448,298.60138044186243,146
36840000,73679.99998446538,-206135.99976249912,301.3843834381833,146
36845000,73689.99998443104,-206308.64486863266,300.4282911270719,146
36850000,73699.9999843967,-206338.01734778215,301.8275035948186,146
36855000,73709.99998436235,-205463.3622506886,297.25187738456026,146
36860000,73719.99998432801,-206368.98284020333,297.9094463906307,146
36865000,73729.99998429367,-206714.83426246373,303.1165944611562,146
36870000,73739.99998425932,-206039.4205719597,300.8175228219876,146
36875000,73749.99998422498,-206576.82223065814,301.84759702228854,146
36880000,73759.99998419064,-206780.91758459085,299.0394693866463,146
36885000,73769.9999841563,-206689.568899706,302.41382999949104,146
36890000,73779.99998412195,-206210.87156978576,298.3481160534039,146
36895000,73789.99998408761,-207032.88770724623,299.4667076931844,146
36900000,73799.99998405327,-206597.76905014727,304.9980127864331,146
36905000,73809.99998401893,-206614.93100097636,301.65625397494074,146
36910000,73819.99998398458,-206296.84044499416,305.03565265199256,146
36915000,73829.99998395024,-206149.8785833657,297.45357418961197,146
36920000,73839.9999839159,-206914.4103922079,300.07794949819197,146
36925000,73849.99998388156,-207054.9167770181,303.60720296974705,146
36930000,73859.99998384721,-205191.3543320218,296.2245702853059,146
36935000,73869.99998381287,-206294.6113373146,302.3718732602791,146
36940000,73879.99998377853,-206761.7981636835,300.18130973442527,146
36945000,73889.99998374419,-206233.7686499738,300.5838381693412,146
36950000,73899.99998370984,-206548.46365054615,300.25969871664745,146
36955000,73909.9999836755,-206567.61903184,301.7601777589492,146
36960000,73919.99998364116,-206621.8009140744,298.9093004728417,146
36965000,73929.99998360682,-206997.95078864985,298.9286485037503,146
36970000,73939.99998357247,-206326.23047747219,298.82092817106985,146
36975000,73949.99998353813,-206890.29191194894,300.2049101456715,146
36980000,73959.99998350379,-206410.8715921638,302.63508902225965,146
36985000,73969.99998346945,-206333.9700433017,302.94983089768215,146
36990000,73979.9999834351,-206402.5134352605,300.05702897729424,146
36995000,73989.99998340076,-205985.1385745986,299.83469284358466,146
37000000,73999.99998336642,-206466.59786704322,301.8494660558652,146
37005000,74009.99998333208,-206302.0641889138,303.3678246508052,146
37010000,74019.99998329773,-205706.59610311908,300.47245596588135,146
37015000,74029.99998326339,-207126.36727982026,299.1888725855396,146
37020000,74039.99998322905,-206141.97443192836,298.86250518387334,146
37025000,74049.9999831947,-206776.52415479068,303.6925975682464,146
37030000,74059.99998316036,-207011.85658191424,296.3043281468011,146
37035000,74069.99998312602,-206996.37401175464,304.98746890106116,146
37040000,74079.99998309168,-206790.6784616497,304.6240629231444,146
37045000,74089.99998305734,-207020.15822201758,301.64607320924205,146
37050000,74099.999983023,-206433.08888371207,294.19576345898514,146
37055000,74109.99998298865,-207212.86016625888,305.66173365310345,146
37060000,74119.99998295431,-206696.2772059025,299.7805693533984,146
37065000,74129.99998291997,-205957.09273197153,302.3197926239015,146
37070000,74139.99998288562,-206538.17708003195,301.26295646182695,146
37075000,74149.99998285128,-206634.99604388408,303.5817246295139,146
37080000,74159.99998281694,-206841.42558709776,299.24538911724113,146
37085000,74169.9999827826,-206643.02443377988,300.5247023711241,146
37090000,74179.99998274825,-206954.46302229038,296.2616126320726,146
37095000,74189.99998271391,-206297.36488640856,302.1575321005439,146
37100000,74199.99998267957,-206048.21790493897,305.7632363362471,146
37105000,74209.99998264523,-206619.04382254113,300.41493998556217,146
37110000,74219.99998261088,-206460.49834307388,300.1832692378739,146
37115000,74229.99998257654,-206342.8339060098,303.155416148065,146
37120000,74239.9999825422,-206567.20494085655,306.00335548161684,146
37125000,74249.99998250786,-206472.37503157987,297.44686767881973,146
37130000,74259.99998247351,-206420.52660594857,296.09583620433074,146
37135000,74269.99998243917,-206513.12570082105,298.6237979284052,146
37140000,74279.99998240483,-205737.21750495548,298.2492077187053,146
37145000,74289.99998237049,-206225.81166746723,298.6244294478198,146
37150000,74299.99998233614,-207071.3645565675,302.1041456714541,146
37155000,74309.9999823018,-206661.92861402873,303.48823586585974,146
37160000,74319.99998226746,-206367.79854515288,301.27276099217755,146
37165000,74329.99998223312,-207590.4266521018,298.41012374520596,146
37170000,74339.99998219877,-206440.21032115794,300.3265227313467,146
37175000,74349.99998216443,-206111.62333300395,303.6239304156101,146
37180000,74359.99998213009,-206883.38675831468,302.4390453207263,146
37185000,74369.99998209575,-205792.1295164934,296.69305665592583,146
37190000,74379.9999820614,-207003.20983741537,295.3012762374997,146
37195000,74389.99998202706,-206014.7502815919,301.7909467948159,146
37200000,74399.99998199272,-207045.39256346005,302.87708776391867,146
37205000,74409.99998195838,-206547.60351737973,303.9876064226245,146
37210000,74419.99998192403,-205353.28377842065,296.16121033591514,146
37215000,74429.99998188969,-206174.35749905067,301.83691838563254,146
37220000,74439.99998185535,-206372.9388378741,301.96381081785444,146
37225000,74449.999981821,-206403.5251999409,302.2638995853705,146
37230000,74459.99998178666,-206613.77670851478,298.49700010118863,146
37235000,74469.99998175232,-205765.31685729662,300.16198539921885,146
37240000,74479.99998171798,-206336.28002051148,301.0396313639958,146
37245000,74489.99998168364,-206306.77927135618,298.1940100181484,146
37250000,74499.9999816493,-206421.63017796667,300.2827916382019,146
37255000,74509.99998161495,-206556.8466207371,300.87554975504514,146
37260000,74519.99998158061,-207051.44479927374,304.08670168697705,146
37265000,74529.99998154627,-205967.15532451973,302.83210366235807,146
37270000,74539.99998151192,-205690.4900182879,299.1912185808729,146
37275000,74549.99998147758,-206038.58199978305,299.2047434209507,146
37280000,74559.99998144324,-207296.60322245967,304.67986959299145,146
37285000,74569.9999814089,-206743.31800143293,300.2343789760146,146
37290000,74579.99998137455,-205579.3930247901,299.2566068724604,146
37295000,74589.99998134021,-206233.98172490112,302.66429564893974,146
37300000,74599.99998130587,-207063.81141316937,299.1154935695729,146
37305000,74609.99998127153,-205584.23131182743,296.9876201669175,146
37310000,74619.99998123718,-206352.20268876653,299.64425638684156,146
37315000,74629.99998120284,-206758.46836162673,304.1906844884313,146
37320000,74639.9999811685,-206299.78447311802,300.58755341154244,146
37325000,74649.99998113415,-206538.80784754292,302.9230554575559,146
37330000,74659.99998109981,-206621.84081745078,302.02821862669674,146
37335000,74669.99998106547,-206610.04480773443,300.4524136183596,146
37340000,74679.99998103113,-206125.08134434512,298.94450019458725,146
37345000,74689.99998099678,-206803.14797891863,301.4864612123382,146
37350000,74699.99998096244,-206945.53374917118,299.32480847120087,146
37355000,74709.9999809281,-205579.915612331,300.21590779072994,146
37360000,74719.99998089376,-206804.67534569255,300.57686708000267,146
37365000,74729.99998085941,-206826.8216052031,300.64188342032816,146
37370000,74739.99998082507,-206518.8447107767,302.8605853061409,146
37375000,74749.99998079073,-206328.36273223627,300.4989677506498,146
37380000,74759.99998075639,-206375.2081079177,301.41430735703915,146
37385000,74769.99998072204,-205590.67253630888,298.3665967705008,146
37390000,74779.9999806877,-207005.39289345255,299.2007109223778,146
37395000,74789.99998065336,-206811.4025356701,301.37077511368733,146
37400000,74799.99998061902,-205945.31352119055,299.52586816691627,146
37405000,74809.99998058467,-205924.3099812729,301.51456170395835,146
37410000,74819.99998055033,-206376.0086850744,291.94201228078725,146
37415000,74829.99998051599,-206378.2686899564,302.79006605676597,146
37420000,74839.99998048165,-206000.38663963997,292.0340110127112,146
37425000,74849.9999804473,-206826.63092764653,298.2231092266783,146
37430000,74859.99998041296,-206484.30852909875,299.9456854829992,146
37435000,74869.99998037862,-205366.066357487,297.65809654927943,146
37440000,74879.99998034428,-206315.74751766934,299.3295864765662,146
37445000,74889.99998030993,-205957.60849558772,295.91307623846717,146
37450000,74899.99998027559,-205965.9346767686,298.17811009223084,146
37455000,74909.99998024125,-206826.7336759501,302.94700074580885,146
37460000,74919.9999802069,-206214.57933833066,304.0828132915481,146
37465000,74929.99998017256,-206391.66597208322,298.83811304240004,146
37470000,74939.99998013822,-205987.34436796943,298.6376856614394,146
37475000,74949.99998010388,-207113.2608577871,299.81612834459526,146
37480000,74959.99998006954,-206552.57263908163,300.04446447199314,146
37485000,74969.9999800352,-206374.6362334789,301.4144064219685,146
37490000,74979.99998000085,-205936.7699001499,302.5359547309367,146
37495000,74989.99997996651,-206922.49620679754,302.27996584183234,146
37500000,74999.99997993217,-206060.70073858683,303.012236084802,146
37505000,75009.99997989782,-205695.91408305708,298.46077316698535,146
37510000,75019.99997986348,-206052.43241604103,300.6747272549823,146
37515000,75029.99997982914,-206017.97306514392,299.0439749442458,146
37520000,75039.9999797948,-206400.37550721667,294.67596874078345,146
37525000,75049.99997976045,-206483.348656844,303.15123807129,146
37530000,75059.99997972611,-205741.93521295744,296.92790986484886,146
37535000,75069.99997969177,-205701.67213965033,301.3827139825281,146
37540000,75079.99997965743,-206315.04013732786,302.3377185695313,146
37545000,75089.99997962308,-206384.07651884458,301.0376569706524,146
37550000,75099.99997958874,-206435.62353616988,301.3881599934316,146
37555000,75109.9999795544,-204919.45054227416,299.3179434756762,146
37560000,75119.99997952006,-206411.29795304954,297.6508272137829,146
37565000,75129.99997948571,-206421.8728541236,303.90403709869037,146
37570000,75139.99997945137,-207141.67449404462,299.92773405069636,146
37575000,75149.99997941703,-205947.52850160422,300.82036316215107,146
37580000,75159.99997938269,-206252.10862852295,301.0285843791833,146
37585000,75169.99997934834,-207074.04850219912,297.14259440691256,146
37590000,75179.999979314,-207019.5185153383,299.4872633627411,146
37595000,75189.99997927966,-206164.0502636833,303.771459894311,146
37600000,75199.99997924532,-206225.42226185347,305.80833720017637,146
37605000,75209.99997921097,-205832.96686142718,300.45506110145385,146
37610000,75219.99997917663,-205853.9779854688,304.57254268344894,146
37615000,75229.99997914229,-205847.10071285372,299.9672229792617,146
37620000,75239.99997910795,-206306.93022408523,300.6461296379132,146
37625000,75249.9999790736,-206690.6025773757,304.28131452194066,146
37630000,75259.99997903926,-205977.24032486882,300.26259890814293,146
37635000,75269.99997900492,-205993.20817402296,301.80173560922736,146
37640000,75279.99997897058,-205963.36345995206,299.40284202239707,146
37645000,75289.99997893623,-207035.11713750823,300.5993234521355,146
37650000,75299.99997890189,-206662.42046568973,301.5760160965814,146
37655000,75309.99997886755,-206511.74233044044,306.2339639855046,146
37660000,75319.9999788332,-206494.8472545955,298.32712116948636,146
37665000,75329.99997879886,-207402.5705606459,302.36321118791886,146
37670000,75339.99997876452,-205459.14029590657,302.28583651804513,146
37675000,75349.99997873018,-206277.91044834,302.84844856808314,146
37680000,75359.99997869584,-206770.8022427311,300.0905430174044,146
37685000,75369.9999786615,-205993.622490464,301.7862512798596,146
37690000,75379.99997862715,-206887.0300068803,301.43267170854375,146
37695000,75389.99997859281,-206099.39008854167,298.53632416114874,146
37700000,75399.99997855847,-206013.85686290066,298.0808873904933,146
37705000,75409.99997852412,-206104.0467974746,302.83685874558364,146
37710000,75419.99997848978,-206623.15731329122,299.54440663811374,146
37715000,75429.99997845544,-205849.42414030572,299.39104363326317,146
37720000,75439.9999784211,-206601.26884382043,295.00809032355517,146
37725000,75449.99997838675,-207081.4068206926,298.9123799791884,146
37730000,75459.99997835241,-206575.08277018473,299.26941163609956,146
37735000,75469.99997831807,-206412.30606420268,299.49081958841623,146
37740000,75479.99997828373,-206760.5355237635,295.2546502966535,146
37745000,75489.99997824938,-206198.0064045214,302.94605603127786,146
37750000,75499.99997821504,-206160.99949585425,298.2074028090033,146
37755000,75509.9999781807,-206428.8450691899,297.6267111778891,146
37760000,75519.99997814636,-206732.60237509466,298.38125733112895,146
37765000,75529.99997811201,-206286.77760813374,301.0407145744286,146
37770000,75539.99997807767,-206781.81744769134,294.54832331156064,146
37775000,75549.99997804333,-207125.4829303089,301.91884665876154,146
37780000,75559.99997800899,-206347.57464928261,294.248800805191,146
37785000,75569.99997797464,-206216.12848091265,300.20795599973513,146
37790000,75579.9999779403,-205864.92637136357,301.4581035609009,146
37795000,75589.99997790596,-205980.09929003764,298.23964766238583,146
37800000,75599.99997787162,-206267.10038265004,298.3275650545702,146
37805000,75609.99997783727,-206694.49633789202,304.18012544301786,146
37810000,75619.99997780293,-205776.21567549102,298.6315660753022,146
37815000,75629.99997776859,-206438.59615216206,297.13701021461674,146
37820000,75639.99997773425,-206383.767605233,298.95171475834417,146
37825000,75649.9999776999,-207072.9787739293,293.6849442606791,146
37830000,75659.99997766556,-206161.45433184842,299.53235195371553,146
37835000,75669.99997763122,-206102.53354032885,300.88300328932615,146
37840000,75679.99997759688,-206185.8038859096,300.9398273069042,146
37845000,75689.99997756253,-206224.3931051785,299.383511600206,146
37850000,75699.99997752819,-206193.50111995323,295.3779513460921,146
37855000,75709.99997749385,-207033.88519004476,299.4382660818913,146
37860000,75719.9999774595,-205276.3160778064,301.2174478597486,146
37865000,75729.99997742516,-207581.5057913158,298.9645331211519,146
37870000,75739.99997739082,-206647.12367319944,298.1060853182307,146
37875000,75749.99997735648,-205854.87214621122,301.93885213383044,146
37880000,75759.99997732214,-206925.76066920452,299.5388744878915,146
37885000,75769.99997728779,-206138.2261990176,301.98887794161413,146
37890000,75779.99997725345,-207338.35311239434,301.741506216935,146
37895000,75789.99997721911,-206104.402927191,302.2587218363645,146
37900000,75799.99997718477,-206936.37504623306,299.955400659525,146
37905000,75809.99997715042,-207056.08061264944,299.07590843229076,146
37910000,75819.99997711608,-207505.2876534263,302.89349130775173,146
37915000,75829.99997708174,-206790.93896202045,295.18220217827104,146
37920000,75839.9999770474,-207129.26787671575,302.0373092275171,146
37925000,75849.99997701305,-206486.78715258988,300.7197491655564,146
37930000,75859.99997697871,-206743.36114406202,296.348928907898,146
37935000,75869.99997694437,-206188.68294300057,299.29704052853344,146
37940000,75879.99997691002,-206424.3087775322,301.4024051099964,146
37945000,75889.99997687568,-205775.5151452314,304.4946474419928,146
37950000,75899.99997684134,-206491.01618569833,303.2713776756831,146
37955000,75909.999976807,-206309.77015016275,296.37110405474857,146
37960000,75919.99997677265,-206365.24798738002,298.7334071098384,146
37965000,75929.99997673831,-206835.11178578192,300.5145728648888,146
37970000,75939.99997670397,-206328.57958225464,297.6042721066813,146
37975000,75949.99997666963,-206306.8616464563,304.0534733993647,146
37980000,75959.99997663528,-206737.744740288,302.5801035890333,146
37985000,75969.99997660094,-206367.09167578362,305.7249001628512,146
37990000,75979.9999765666,-206170.45911075664,300.45634524950884,146
37995000,75989.99997653226,-206483.39066376328,299.3734599834376,146
38000000,75999.99997649791,-206031.72044111474,301.363614196532,146
38005000,76009.99997646357,-206224.706978895,298.58899635288947,146
38010000,76019.99997642923,-206416.5096828303,301.4724592914444,146
38015000,76029.99997639489,-206026.95731148554,301.80730616706734,146
38020000,76039.99997636054,-206231.34380048886,299.9668401402724,146
38025000,76049.9999763262,-205882.79292479157,305.8724899803206,146
38030000,76059.99997629186,-207320.17452900822,301.37358909781744,146
38035000,76069.99997625752,-205654.95286851493,305.67136192236336,146
38040000,76079.99997622317,-206112.60641426675,296.76046629486007,146
38045000,76089.99997618883,-206798.40317189216,297.0079050021352,146
38050000,76099.99997615449,-206539.7981226407,305.21539168364745,146
38055000,76109.99997612015,-206767.15286925877,299.25525761639415,146
38060000,76119.9999760858,-206222.51714741718,299.83110152121264,146
38065000,76129.99997605146,-206197.25353472342,300.43107561414195,146
38070000,76139.99997601712,-206311.093005236,304.9027590161426,146
38075000,76149.99997598278,-206270.71589976503,303.1129600144955,146
38080000,76159.99997594843,-206925.4912959428,302.60459974459326,146
38085000,76169.99997591409,-206123.0625122427,301.16000677334125,146
38090000,76179.99997587975,-206463.18578669126,303.00128134095036,146
38095000,76189.9999758454,-205980.18895123608,303.35369965889817,146
38100000,76199.99997581106,-206405.63473509985,297.7984690316084,146
38105000,76209.99997577672,-206559.11547777115,300.99780261062136,146
38110000,76219.99997574238,-206552.15901786636,301.37445630191706,146
38115000,76229.99997570804,-206749.06043387356,298.0907521618438,146
38120000,76239.9999756737,-207166.79242321278,298.17156015543725,146
38125000,76249.99997563935,-206836.54572062788,297.02215077725623,146
38130000,76259.99997560501,-206387.91602164344,301.23272104189147,146
38135000,76269.99997557067,-206149.11255584378,300.22777031387733,146
38140000,76279.99997553632,-206725.28650393744,300.7464356187355,146
38145000,76289.99997550198,-206065.40828635986,297.65486078203946,146
38150000,76299.99997546764,-206740.030035496,299.7948610976434,146
38155000,76309.9999754333,-205983.84382506052,298.4841398757541,146
38160000,76319.99997539895,-206692.1048341277,296.51369493125617,146
38165000,76329.99997536461,-206814.71268597036,299.18373849469737,146
38170000,76339.99997533027,-206281.20023039845,298.0772276146957,146
38175000,76349.99997529593,-206237.59470216068,301.3500866106042,146
38180000,76359.99997526158,-205651.27510287613,300.50111808211534,146
38185000,76369.99997522724,-205940.0592649558,297.9554259220835,146
38190000,76379.9999751929,-205905.0630051816,299.25688910830235,146
38195000,76389.99997515856,-206096.72794804384,301.2256246760567,146
38200000,76399.99997512421,-206442.4323328631,298.2929727830561,146
38205000,76409.99997508987,-206980.3766324449,299.36326125304663,146
38210000,76419.99997505553,-206697.18102553382,300.85432517779986,146
38215000,76429.99997502119,-206404.82557144517,305.3240789655743,146
38220000,76439.99997498684,-206083.1354015607,299.8007313526946,146
38225000,76449.9999749525,-205154.03450388566,301.97668900447434,146
38230000,76459.99997491816,-206283.97407798306,299.12247907568695,146
38235000,76469.99997488382,-206469.9749152431,299.3536775312467,146
38240000,76479.99997484947,-206498.73282539903,299.09126254373075,146
38245000,76489.99997481513,-205830.4148714859,300.40138051610666,146
38250000,76499.99997478079,-205380.83962027112,298.08557391622094,146
38255000,76509.99997474645,-206365.40657528967,301.7510990276619,146
38260000,76519.9999747121,-206599.58792141627,299.0658365708464,146
38265000,76529.99997467776,-205690.37488669588,301.09302298259684,146
38270000,76539.99997464342,-205647.69960523036,299.3590526279908,146
38275000,76549.99997460908,-206864.79249636293,297.8778945912658,146
38280000,76559.99997457473,-206948.9484358934,299.78516089178225,146
38285000,76569.99997454039,-206580.64510784426,297.68326985609934,146
38290000,76579.99997450605,-206183.23635735572,299.570970972345,146
38295000,76589.9999744717,-206484.2373178237,295.3758478821486,146
38300000,76599.99997443736,-206552.91062250512,302.76905450143073,146
38305000,76609.99997440302,-206886.64649216854,302.93313485163736,146
38310000,76619.99997436868,-206853.9794083609,304.69055507280365,146
38315000,76629.99997433434,-206396.8392810329,303.3266993517216,146
38320000,76639.9999743,-206311.68914560555,298.9447353809274,146
38325000,76649.99997426565,-207047.9872511829,302.5025060040301,146
38330000,76659.99997423131,-205982.19849751168,295.51615747361024,146
38335000,76669.99997419697,-206005.77498304995,298.1942514662436,146
38340000,76679.99997416262,-206662.51695373643,301.93679291607083,146
38345000,76689.99997412828,-205742.00783630577,301.22316894175214,146
38350000,76699.99997409394,-206165.4557641989,299.96774353504924,146
38355000,76709.9999740596,-206030.45506452804,296.9430269314811,146
38360000,76719.99997402525,-206604.38178415864,300.78742716640147,146
38365000,76729.99997399091,-206719.74303107243,297.8055636887586,146
38370000,76739.99997395657,-206389.84026694158,295.3018252393907,146
38375000,76749.99997392223,-205967.02376496745,301.5869276638383,146
38380000,76759.99997388788,-206180.03211292264,300.24144885292924,146
38385000,76769.99997385354,-206018.7227066087,303.52449045710574,146
38390000,76779.9999738192,-206645.44795765786,298.06746061082436,146
38395000,76789.99997378486,-205862.1633670244,301.28965350883317,146
38400000,76799.99997375051,-206655.17259925173,302.1149737371261,146
38405000,76809.99997371617,-206450.56864098797,303.7155420432397,146
38410000,76819.99997368183,-206568.85277553694,304.3129671969757,146
38415000,76829.99997364749,-206430.46790012624,299.02189529349835,146
38420000,76839.99997361314,-206775.35647841904,295.8699470145425,146
38425000,76849.9999735788,-206461.81464143237,299.4254956846461,146
38430000,76859.99997354446,-206113.23742307164,299.13559154328306,146
38435000,76869.99997351012,-206514.77475952648,297.44875759179115,146
38440000,76879.99997347577,-207093.71343675046,300.4342210396013,146
38445000,76889.99997344143,-206948.00811621232,297.0345243248611,146
38450000,76899.99997340709,-206224.78944467078,297.08565034611104,146
38455000,76909.99997337275,-206372.34575804078,299.9618694590477,146
38460000,76919.9999733384,-206041.84505797108,296.799264517089,146
38465000,76929.99997330406,-206559.96043801564,305.01772359552723,146
38470000,76939.99997326972,-205643.25475685496,296.6765453100209,146
38475000,76949.99997323538,-206537.62962722953,299.62736291259637,146
38480000,76959.99997320103,-206172.74884911452,298.89747644365474,146
38485000,76969.99997316669,-206267.24073714728,297.7742042224095,146
38490000,76979.99997313235,-206700.8345066437,303.00155373606043,146
38495000,76989.999973098,-206433.36880287272,296.60800723368857,146
38500000,76999.99997306366,-206673.762410391,297.45538717810354,146
38505000,77009.99997302932,-206141.04075578437,302.5273388556132,146
38510000,77019.99997299498,-206763.46654371952,301.3808017083997,146
38515000,77029.99997296064,-206855.33985815255,300.80329767672083,146
38520000,77039.99997292629,-206173.05085382785,301.4621247817038,146
38525000,77049.99997289195,-206477.05431399297,298.57302333061716,146
38530000,77059.99997285761,-206096.55986278353,300.2423840905667,146
38535000,77069.99997282327,-206639.99533316074,300.2353516068827,146
38540000,77079.99997278892,-207145.77446528152,298.6432318041988,146
38545000,77089.99997275458,-206790.95644306066,304.482031829663,146
38550000,77099.99997272024,-205967.49431004084,297.4506341363138,146
38555000,77109.9999726859,-206466.9333261575,299.2615910219944,146
38560000,77119.99997265155,-206580.36892254034,296.7590796275522,146
38565000,77129.99997261721,-206580.06074420037,301.05121631983894,146
38570000,77139.99997258287,-206087.31530723628,301.11110413618707,146
38575000,77149.99997254852,-206219.72055764403,298.1393523096659,146
38580000,77159.99997251418,-206475.16968873108,302.67300703668457,146
38585000,77169.99997247984,-206894.48605044244,303.02101348227114,146
38590000,77179.9999724455,-205793.92522965476,300.3011080954496,146
38595000,77189.99997241115,-206410.84886059444,300.27643131445154,146
38600000,77199.99997237681,-206477.93274734286,303.0739312677,146
38605000,77209.99997234247,-206820.62616962625,300.6687512429818,146
38610000,77219.99997230813,-206778.8251784126,301.8460973106474,146
38615000,77229.99997227378,-206020.60259509098,297.0788146870931,146
38620000,77239.99997223944,-206574.29315100936,307.58863930289516,146
38625000,77249.9999722051,-207055.2851306916,305.1090370919108,146
38630000,77259.99997217076,-205152.3993200945,292.41680308398816,146
38635000,77269.99997213641,-206733.15663197695,302.26537771565626,146
38640000,77279.99997210207,-206454.72604450805,301.1516741017041,146
38645000,77289.99997206773,-206803.7529278414,301.0132596755931,146
38650000,77299.99997203339,-206491.37097397365,295.9352257909039,146
38655000,77309.99997199904,-206021.77397356345,299.89273075155785,146
38660000,77319.9999719647,-206383.10119202302,302.50754295865875,146
38665000,77329.99997193036,-206595.5573721351,302.2038425637776,146
38670000,77339.99997189602,-206606.82034540607,306.3109371036657,146
38675000,77349.99997186167,-206244.54437983478,299.82926597415127,146
38680000,77359.99997182733,-206311.22175467294,298.70342551354656,146
38685000,77369.99997179299,-206467.94729684037,297.50788556582796,146
38690000,77379.99997175865,-206226.57249582303,301.880609036349,146
38695000,77389.9999717243,-205342.02903812798,301.06826518574286,146
38700000,77399.99997168996,-206658.3480205672,308.63987299875976,146
38705000,77409.99997165562,-206089.0781617983,303.18155565704063,146
38710000,77419.99997162128,-206262.06583061197,300.1241582362013,146
38715000,77429.99997158693,-206693.859173147,300.92505245802175,146
38720000,77439.99997155259,-206727.87822020613,297.5639141992728,146
38725000,77449.99997151825,-206586.6213820678,305.885872622112,146
38730000,77459.9999714839,-206383.069285505,305.73951223293955,146
38735000,77469.99997144956,-206776.4040447703,302.3450229347515,146
38740000,77479.99997141522,-206274.30353605084,301.271819378267,146
38745000,77489.99997138088,-206744.56520899443,301.9909163965664,146
38750000,77499.99997134654,-205716.3958559751,297.11023920525423,146
38755000,77509.9999713122,-206782.2826944586,298.9853264322909,146
38760000,77519.99997127785,-206619.6114500109,297.23994884352766,146
38765000,77529.99997124351,-205983.71333088155,298.3285859843882,146
38770000,77539.99997120917,-206522.92331392854,300.5657495703599,146
38775000,77549.99997117482,-206185.4401723215,300.0897088273433,146
38780000,77559.99997114048,-206539.8478397798,296.8612946559686,146
38785000,77569.99997110614,-206483.96224411973,298.07788674370977,146
38790000,77579.9999710718,-206606.21666204243,299.58893020011413,146
38795000,77589.99997103745,-205728.3259097467,305.83145219945726,146
38800000,77599.99997100311,-206035.8483925414,301.19227591534315,146
38805000,77609.99997096877,-206630.2921013995,305.053137195507,146
38810000,77619.99997093443,-205933.34407827933,296.55909630274,146
38815000,77629.99997090008,-206544.98863374942,300.6532185403429,146
38820000,77639.99997086574,-206017.289737246,297.44672871999154,146
38825000,77649.9999708314,-206592.19467756513,302.61103802104174,146
38830000,77659.99997079706,-206694.32024022844,301.1741210287589,146
38835000,77669.99997076271,-205698.88248800626,304.30241722807216,146
38840000,77679.99997072837,-206349.0266289824,300.7824445076445,146
38845000,77689.99997069403,-206166.570793328,300.99895426840163,146
38850000,77699.99997065969,-207325.86073664704,302.67680129398076,146
38855000,77709.99997062534,-205782.7638433713,299.2563463274159,146
38860000,77719.999970591,-206834.24497521063,300.3650484663581,146
38865000,77729.99997055666,-206629.4366463992,300.0070581946682,146
38870000,77739.99997052232,-205695.2548286235,303.55167621350233,146
38875000,77749.99997048797,-206144.12212938524,300.94674470887696,146
38880000,77759.99997045363,-206335.06511949527,299.7193523881437,146
38885000,77769.99997041929,-207422.3107271192,296.6093054406572,146
38890000,77779.99997038495,-205965.8507070348,303.2740243580271,146
38895000,77789.9999703506,-206733.53533462808,302.61702397106865,146
38900000,77799.99997031626,-206140.14387584152,297.9694283690831,146
38905000,77809.99997028192,-206379.2474733179,302.2467507283773,146
38910000,77819.99997024758,-206674.54168967623,302.77977895054113,146
38915000,77829.99997021323,-205963.32669886597,299.18635676092197,146
38920000,77839.99997017889,-206048.50280598796,298.7008779916297,146
38925000,77849.99997014455,-206345.08492167643,304.6835514160872,146
38930000,77859.9999701102,-206252.3729112373,302.4407484416434,146
38935000,77869.99997007586,-206570.74582297436,301.77377962324243,146
38940000,77879.99997004152,-206377.06468768162,294.0873134992434,146
38945000,77889.99997000718,-206634.49655797298,299.36319870698475,146
38950000,77899.99996997284,-206932.74817922898,303.84634723980355,146
38955000,77909.9999699385,-205910.1194896457,301.82659736552364,146
38960000,77919.99996990415,-207142.89501521958,303.2056495925848,146
38965000,77929.99996986981,-205978.71243659116,297.70651464189257,146
38970000,77939.99996983547,-206284.5229563295,303.7101810582004,146
38975000,77949.99996980112,-206987.52147136268,300.8742718709946,146
38980000,77959.99996976678,-205644.15794162103,298.5187938247861,146
38985000,77969.99996973244,-206890.01410181704,303.32612078455566,146
38990000,77979.9999696981,-206576.14136776014,295.3077755649523,146
38995000,77989.99996966375,-206339.95589032653,303.13357181713553,146
39000000,77999.99996962941,-206193.18259326124,298.3042323346454,146
39005000,78009.99996959507,-206269.6936812991,300.8982433091953,146
39010000,78019.99996956073,-206589.06686992233,301.3782367895581,146
39015000,78029.99996952638,-206103.21505224635,299.6825888797207,146
39020000,78039.99996949204,-205869.04755992093,299.4864900351993,146
39025000,78049.9999694577,-206236.02756955044,297.8327171966985,146
39030000,78059.99996942336,-206486.1078255464,298.0204340476085,146
39035000,78069.99996938901,-206343.93153057597,295.38414381857166,146
39040000,78079.99996935467,-206787.7028661206,296.81726838879365,146
39045000,78089.99996932033,-206311.1354041223,308.63892769112476,146
39050000,78099.99996928599,-206306.52270096622,301.7322293696192,146
39055000,78109.99996925164,-206679.4019375987,301.27837799669356,146
39060000,78119.9999692173,-206381.68697718333,299.554876511935,146
39065000,78129.99996918296,-206369.38437603845,303.01316437025986,146
39070000,78139.99996914862,-206934.2901630397,302.7916066645585,146
39075000,78149.99996911427,-206031.24741078028,301.61505852520776,146
39080000,78159.99996907993,-206412.53908803652,296.44403383577645,146
39085000,78169.99996904559,-206214.29330456362,297.2122442617513,146
39090000,78179.99996901125,-207297.43447256263,301.5681285062731,146
39095000,78189.9999689769,-205911.85325544712,301.5055288622821,146
39100000,78199.99996894256,-206517.438415827,297.9283345303228,146
39105000,78209.99996890822,-206049.3692041689,297.1589667484517,146
39110000,78219.99996887388,-206744.65544122586,306.93681407404557,146
39115000,78229.99996883953,-205706.5292995884,299.3476542289025,146
39120000,78239.99996880519,-206574.51982812642,299.8139048703184,146
39125000,78249.99996877085,-206541.19795205875,295.3453639365373,146
39130000,78259.9999687365,-206801.99519206025,300.2119059625147,146
39135000,78269.99996870216,-206521.59086620202,302.3731247673384,146
39140000,78279.99996866782,-206215.97146595002,300.2196848299386,146
39145000,78289.99996863348,-206279.42940922023,302.3938335437224,146
39150000,78299.99996859914,-206217.11553045607,300.21720648160954,146
39155000,78309.99996856479,-206057.524017088,296.32533373740296,146
39160000,78319.99996853045,-206165.73957604275,296.66690272370175,146
39165000,78329.99996849611,-205774.0460422131,300.00307011264,146
39170000,78339.99996846177,-205781.78720309434,300.65144768845516,146
39175000,78349.99996842742,-206706.33093645598,300.39136031650276,146
39180000,78359.99996839308,-205679.9452038362,298.59970393256896,146
39185000,78369.99996835874,-205982.97523234203,298.04311407319443,146
39190000,78379.9999683244,-206647.75975941715,300.5708554829876,146
39195000,78389.99996829005,-207419.56805339514,297.102340706686,146
39200000,78399.99996825571,-206473.16580677207,300.214953238774,146
39205000,78409.99996822137,-206665.3217309214,304.87338168453664,146
39210000,78419.99996818702,-206727.30911014148,307.19558568479846,146
39215000,78429.99996815268,-206281.6245914395,300.9324259993995,146
39220000,78439.99996811834,-206818.08748691436,298.7304612948726,146
39225000,78449.999968084,-206184.75485286606,300.5690843767311,146
39230000,78459.99996804965,-206371.3151509557,297.7379829679255,146
39235000,78469.99996801531,-206649.2458766941,299.8642107906968,146
39240000,78479.99996798097,-206643.68088793952,302.56891160700803,146
39245000,78489.99996794663,-206866.13036210672,301.936868582698,146
39250000,78499.99996791228,-206031.7025670529,297.53705001437834,146
39255000,78509.99996787794,-206072.9978548073,297.8527260874886,146
39260000,78519.9999678436,-205414.43939062266,305.06159249188437,146
39265000,78529.99996780926,-206705.4637778009,300.2899780574551,146
39270000,78539.99996777491,-206633.6237444554,299.3337123207729,146
39275000,78549.99996774057,-206064.7215503495,297.7336963226198,146
39280000,78559.99996770623,-207385.10496313183,300.88816525714174,146
39285000,78569.99996767189,-206697.14236518403,300.50728042916995,146
39290000,78579.99996763754,-206109.5848331895,302.58218742720186,146
39295000,78589.9999676032,-206136.9447223154,302.72271446555743,146
39300000,78599.99996756886,-205931.161598959,303.31774217564305,146
39305000,78609.99996753452,-206803.98108250264,293.58816614227305,146
39310000,78619.99996750017,-207063.09066355566,300.53946694652717,146
39315000,78629.99996746583,-206531.1407699501,302.4035154870181,146
39320000,78639.99996743149,-206625.68614802358,306.5124695733707,146
39325000,78649.99996739715,-206219.08684227848,297.32360864753906,146
39330000,78659.9999673628,-206293.6481141696,300.3110563780413,146
39335000,78669.99996732846,-206333.95209721883,296.8929029087243,146
39340000,78679.99996729412,-206517.10557508701,302.38602146513654,146
39345000,78689.99996725978,-206238.67114446813,299.70202481754205,146
39350000,78699.99996722543,-206400.75214510784,297.4741831740438,146
39355000,78709.99996719109,-206236.00853277592,297.18977419053294,146
39360000,78719.99996715675,-206565.05341055116,294.935315979885,146
39365000,78729.9999671224,-206957.18202900363,300.94314280118095,146
39370000,78739.99996708806,-206181.88788589032,300.3438346706574,146
39375000,78749.99996705372,-206471.6275619733,298.4879206509265,146
39380000,78759.99996701938,-206178.91215292027,298.0925399562988,146
39385000,78769.99996698504,-206291.74376297556,301.1101900240563,146
39390000,78779.9999669507,-206643.88130432577,302.5324186638023,146
39395000,78789.99996691635,-206132.0238473569,298.14805745874816,146
39400000,78799.99996688201,-206184.05489904573,304.7164858823406,146
39405000,78809.99996684767,-206328.82621662552,301.0085628327558,146
39410000,78819.99996681332,-205863.73558088986,303.14777808765405,146
39415000,78829.99996677898,-206169.6755576135,299.5310403169224,146
39420000,78839.99996674464,-206798.43615075527,301.9730012429315,146
39425000,78849.9999667103,-206174.80590902525,299.0346529861442,146
39430000,78859.99996667595,-206635.99668782845,299.3070699732752,146
39435000,78869.99996664161,-205685.33247203007,302.80844611796977,146
39440000,78879.99996660727,-206338.20703280473,301.9600764458529,146
39445000,78889.99996657293,-206166.82330313802,295.2864905887985,146
39450000,78899.99996653858,-206692.9966200561,301.3855426491673,146
39455000,78909.99996650424,-206264.0815202183,302.48450006032596,146
39460000,78919.9999664699,-206846.68327079108,301.57014487081926,146
39465000,78929.99996643556,-206370.6114896892,298.5223856369786,146
39470000,78939.99996640121,-205461.28314316738,302.43460768781665,146
39475000,78949.99996636687,-207546.5158047626,303.37973097428346,146
39480000,78959.99996633253,-205930.15334517567,301.6448261516412,146
39485000,78969.99996629819,-207027.53466571565,296.6730401771983,146
39490000,78979.99996626384,-206239.95007250097,302.6111284222378,146
39495000,78989.9999662295,-207354.62712590897,297.9193753220635,146
39500000,78999.99996619516,-207004.19711965264,302.3634718226411,146
39505000,79009.99996616082,-206651.53366324317,299.59307184400507,146
39510000,79019.99996612647,-206255.5651274945,304.5209168783488,146
39515000,79029.99996609213,-206394.25370988355,296.20464927447966,146
39520000,79039.99996605779,-206864.45896708977,300.3246070429286,146
39525000,79049.99996602345,-206565.0474174925,298.85100101409415,146
39530000,79059.9999659891,-206689.71768896014,303.3023412131988,146
39535000,79069.99996595476,-207093.22964292555,304.19927507086635,146
39540000,79079.99996592042,-205766.08674272744,297.33175144965287,146
39545000,79089.99996588608,-206459.91742859257,301.7535666855127,146
39550000,79099.99996585173,-205901.3866475668,302.5880544424748,146
39555000,79109.99996581739,-206157.9989426952,297.7091218731169,146
39560000,79119.99996578305,-204632.51186435798,298.76599019749614,146
39565000,79129.9999657487,-205818.05952553998,300.8547659349247,146
39570000,79139.99996571436,-206452.41105640167,301.8312575482813,146
39575000,79149.99996568002,-206335.48084386927,302.06567590293844,146
39580000,79159.99996564568,-206284.44795425516,305.68423979928536,146
39585000,79169.99996561134,-205867.9317693765,299.42481543370434,146
39590000,79179.999965577,-206625.72136412526,299.2676734352093,146
39595000,79189.99996554265,-205693.71249295154,299.6970437750127,146
39600000,79199.99996550831,-205967.52062247915,300.6528076774832,146
39605000,79209.99996547397,-206030.2805871945,302.3114189651575,146
39610000,79219.99996543962,-206081.9030702504,301.0018597940067,146
39615000,79229.99996540528,-205921.52021512832,300.62146124408355,146
39620000,79239.99996537094,-206124.9285005486,298.7290315319566,146
39625000,79249.9999653366,-205525.44608486153,297.4228345724485,146
39630000,79259.99996530225,-206433.6493675179,298.08641385231664,146
39635000,79269.99996526791,-206660.28375868662,298.4698482006908,146
39640000,79279.99996523357,-207111.85361728433,298.21303398675826,146
39645000,79289.99996519923,-207044.80046639335,299.7445105653108,146
39650000,79299.99996516488,-206889.85691680387,301.13775413186573,146
39655000,79309.99996513054,-205599.2939479039,299.6543033736359,146
39660000,79319.9999650962,-207027.1653829877,299.198283681976,146
39665000,79329.99996506186,-206567.761713514,299.75312183982226,146
39670000,79339.99996502751,-206595.8147592761,297.27633012729007,146
39675000,79349.99996499317,-207404.947133161,298.9210860486596,146
39680000,79359.99996495883,-206845.89431837515,302.39128530744495,146
39685000,79369.99996492449,-207390.62944371335,299.1457446545851,146
39690000,79379.99996489014,-206414.44129686488,302.54795279711743,146
39695000,79389.9999648558,-207025.3941757694,303.64351316102494,146
39700000,79399.99996482146,-206269.96630043094,305.6833125709582,146
39705000,79409.99996478712,-206103.2150279692,300.1889062720384,146
39710000,79419.99996475277,-206398.853141153,301.0043871666549,146
39715000,79429.99996471843,-206547.32963152428,301.1478440911071,146
39720000,79439.99996468409,-207343.44847727846,302.7715992105748,146
39725000,79449.99996464975,-206969.607828776,304.17129383239956,146
39730000,79459.9999646154,-206929.47620868485,297.35147015719036,146
39735000,79469.99996458106,-206463.92575077212,298.16856139214076,146
39740000,79479.99996454672,-205677.42223926424,300.30265089314315,146
39745000,79489.99996451238,-206626.80202858464,299.2612255924642,146
39750000,79499.99996447803,-207174.0949350081,302.1336964505958,146
39755000,79509.99996444369,-206966.6203701296,297.44869980434885,146
39760000,79519.99996440935,-206222.83006618242,300.6814331910658,146
39765000,79529.999964375,-206568.73792231013,299.6201757402877,146
39770000,79539.99996434066,-206259.95008943696,297.4040031706506,146
39775000,79549.99996430632,-206978.5147388028,294.35441553991404,146
39780000,79559.99996427198,-206628.0673095967,303.742950607682,146
39785000,79569.99996423764,-206903.54650966357,297.45116869694584,146
39790000,79579.99996420329,-206092.15685666737,298.1173559832365,146
39795000,79589.99996416895,-206700.02264379303,302.25783363463785,146
39800000,79599.99996413461,-206028.25426485948,298.92138966946493,146
39805000,79609.99996410027,-206571.03814158158,304.86071497300475,146
39810000,79619.99996406592,-206444.29190733389,302.9698572486608,146
39815000,79629.99996403158,-206170.6605890384,297.16687254139225,146
39820000,79639.99996399724,-206243.9110809567,297.7252371507593,146
39825000,79649.9999639629,-206066.22690155555,304.8782108722112,146
39830000,79659.99996392855,-205950.64086142275,300.9876043076484,146
39835000,79669.99996389421,-205910.63185236312,303.62507968804607,146
39840000,79679.99996385987,-206411.88010503305,302.8777433299383,146
39845000,79689.99996382552,-206016.93867223978,301.9592869409346,146
39850000,79699.99996379118,-206341.95512006385,298.3739183839109,146
39855000,79709.99996375684,-206258.86162862717,301.1931497318379,146
39860000,79719.9999637225,-205694.84371410857,300.33183970789975,146
39865000,79729.99996368815,-205881.71854273917,297.7658821909338,146
39870000,79739.99996365381,-206081.70678748027,301.8244402992925,146
39875000,79749.99996361947,-206251.77554145106,299.76110669221305,146
39880000,79759.99996358513,-206958.81321899802,303.2660513736228,146
39885000,79769.99996355078,-206440.88713701756,302.8657642016656,146
39890000,79779.99996351644,-207009.221342223,302.8549674795299,146
39895000,79789.9999634821,-205392.1992585892,302.45532639691004,146
39900000,79799.99996344776,-206771.67403037753,295.31448643083525,146
39905000,79809.99996341341,-206604.5677292283,296.07042883780383,146
39910000,79819.99996337907,-206898.96064294793,303.64590838066204,146
39915000,79829.99996334473,-206643.21071071038,293.7312066794246,146
39920000,79839.99996331039,-205489.16712426534,299.56091324701435,146
39925000,79849.99996327604,-206057.17199082114,296.87299015000514,146
39930000,79859.9999632417,-207000.6671172058,298.48190160857683,146
39935000,79869.99996320736,-206130.26163293794,302.6189099234365,146
39940000,79879.99996317302,-206196.87647980545,301.481884361699,146
39945000,79889.99996313867,-206306.25778240792,300.4454549591247,146
39950000,79899.99996310433,-206523.91153031797,303.36821750410985,146
39955000,79909.99996306999,-205663.47032820794,300.1372745235818,146
39960000,79919.99996303565,-207355.6542898236,298.5756840465745,146
39965000,79929.9999630013,-206358.94026990153,299.69034302078836,146
39970000,79939.99996296696,-205780.2892686805,305.53593202498627,146
39975000,79949.99996293262,-206843.8344380568,301.5816781693549,146
39980000,79959.99996289828,-206265.26431465277,304.375218985217,146
39985000,79969.99996286393,-206084.69649455172,297.1441890377485,146
39990000,79979.99996282959,-207226.58138679178,295.36762703102016,146
39995000,79989.99996279525,-206157.5224792878,304.23264508925985,146
40000000,79999.9999627609,-205866.46047808288,303.1575203047472,146
40005000,80009.99996272656,-206019.52049399132,297.5305559802131,146
40010000,80019.99996269222,-206185.9907398686,298.9116804241296,146
40015000,80029.99996265788,-205797.01693495223,300.8950715848708,146
40020000,80039.99996262354,-206601.30095970118,300.066354634055,146
40025000,80049.9999625892,-206256.8122698994,302.42046091422816,146
40030000,80059.99996255485,-206217.21417029947,303.97001955178155,146
40035000,80069.99996252051,-207334.6507595569,300.62088573725185,146
40040000,80079.99996248617,-206044.917271915,302.3129724046249,146
40045000,80089.99996245182,-206283.83905171975,301.97705694945046,146
40050000,80099.99996241748,-206181.95750780078,296.52313972448576,146
40055000,80109.99996238314,-206343.09128748567,298.4930787152,146
40060000,80119.9999623488,-205764.73112534324,299.74495976074513,146
40065000,80129.99996231445,-206787.5510934434,298.8807515265621,146
40070000,80139.99996228011,-205625.950088433,303.7935330097854,146
40075000,80149.99996224577,-206344.94504085206,295.9990104528546,146
40080000,80159.99996221143,-206744.89343991003,301.6433857765796,146
40085000,80169.99996217708,-206207.33468244842,302.12664887069,146
40090000,80179.99996214274,-205884.10526306287,297.68727805623433,146
40095000,80189.9999621084,-206695.3025620667,297.77026094651393,146
40100000,80199.99996207406,-206388.62883987778,297.9745832884435,146
40105000,80209.99996203971,-206531.88920018415,298.0816118979715,146
40110000,80219.99996200537,-206135.13998962904,302.7568499055145,146
40115000,80229.99996197103,-206494.42505008553,301.27074176895707,146
40120000,80239.99996193669,-207107.68594881194,304.4334590518971,146
40125000,80249.99996190234,-206680.75209460722,308.2284677639623,146
40130000,80259.999961868,-206478.1679655239,302.95479121144103,146
40135000,80269.99996183366,-206273.35373171896,299.66878971828834,146
40140000,80279.99996179932,-205212.4752371068,302.5348869690977,146
40145000,80289.99996176497,-206560.7416611832,295.73872199888297,146
40150000,80299.99996173063,-206173.6767390914,303.1433754731512,146
40155000,80309.99996169629,-206013.45034344727,297.5837086471003,146
40160000,80319.99996166195,-205648.68371270585,307.02102765179063,146
40165000,80329.9999616276,-206459.74352913827,300.01559546947004,146
40170000,80339.99996159326,-205866.78656966623,297.8614727398883,146
40175000,80349.99996155892,-206447.24898342276,291.83411578575783,146
40180000,80359.99996152458,-206373.32948508614,301.70377192718956,146
40185000,80369.99996149023,-206392.90316298092,301.3149226067952,146
40190000,80379.99996145589,-206229.32202447823,300.60888428884334,146
40195000,80389.99996142155,-206418.9330205809,298.8195061579561,146
40200000,80399.9999613872,-205715.65154617606,306.88918241761525,146
40205000,80409.99996135286,-205695.9028956556,299.63141824989447,146
40210000,80419.99996131852,-206239.3328774419,300.0611435473038,146
40215000,80429.99996128418,-206476.0903606075,298.2289912074979,146
40220000,80439.99996124984,-206115.67698714696,300.6991923923981,146
40225000,80449.9999612155,-206786.11501953844,303.46525555951956,146
40230000,80459.99996118115,-206837.7312590566,297.0759653672002,146
40235000,80469.99996114681,-206408.25632981013,299.26997954090825,146
40240000,80479.99996111247,-205004.81255050562,302.5757388098923,146
40245000,80489.99996107812,-206406.33472509438,296.35149551534454,146
40250000,80499.99996104378,-207078.8463834963,299.1330320250201,146
40255000,80509.99996100944,-206017.71167509444,298.37900181612446,146
40260000,80519.9999609751,-206877.1142990362,301.35150320004004,146
40265000,80529.99996094075,-206264.73369670555,299.74081518334765,146
40270000,80539.99996090641,-206866.10911923368,296.07551532882894,146
40275000,80549.99996087207,-206551.753519792,306.5900680228909,146
40280000,80559.99996083773,-206615.33857181296,300.43270183787865,146
40285000,80569.99996080338,-206378.94887351512,297.151741745522,146
40290000,80579.99996076904,-206025.90901006525,302.099288240266,146
40295000,80589.9999607347,-205840.94571317802,300.2862685001051,146
40300000,80599.99996070036,-207274.68878332654,296.95952281133316,146
40305000,80609.99996066601,-207098.04099603638,298.78980179462826,146
40310000,80619.99996063167,-206495.98038515728,301.3139887651344,146
40315000,80629.99996059733,-205777.77349107037,302.24870068700767,146
40320000,80639.99996056299,-206226.4830907781,298.2739697597469,146
40325000,80649.99996052864,-206085.39930554037,298.2637330643793,146
40330000,80659.9999604943,-206300.101033372,303.2715087257011,146
40335000,80669.99996045996,-205928.85407967493,298.7735059115025,146
40340000,80679.99996042562,-205711.07116874424,303.5709862616689,146
40345000,80689.99996039127,-206092.49426612456,299.1647096210614,146
40350000,80699.99996035693,-206177.5370360266,302.41743595540737,146
40355000,80709.99996032259,-205644.35206597333,302.77695853898115,146
40360000,80719.99996028825,-206730.7877664793,299.18354056438955,146
40365000,80729.9999602539,-206313.50975981192,301.72023117000225,146
40370000,80739.99996021956,-205924.84097980196,305.0506995682,146
40375000,80749.99996018522,-207418.04405062867,298.69602432040574,146
40380000,80759.99996015088,-206801.15081945353,299.92738002169983,146
40385000,80769.99996011653,-206010.0360988694,304.8380234932968,146
40390000,80779.99996008219,-206554.97492113768,295.46432282503594,146
40395000,80789.99996004785,-206772.9344088541,296.56057281969686,146
40400000,80799.9999600135,-206634.92675068078,300.879236576207,146
40405000,80809.99995997916,-206414.28954178223,300.09410106530896,146
40410000,80819.99995994482,-205978.12458625797,302.225365964453,146
40415000,80829.99995991048,-207435.33281148167,298.74557372201946,146
40420000,80839.99995987614,-206151.71626312484,302.5698726978202,146
40425000,80849.99995984179,-206798.2177188543,302.78620156464746,146
40430000,80859.99995980745,-206277.47887311585,297.3476002900193,146
40435000,80869.99995977311,-205893.01050947513,298.37623179458154,146
40440000,80879.99995973877,-206022.14055619563,296.1747961565451,146
40445000,80889.99995970442,-205997.36809682997,296.938116468393,146
40450000,80899.99995967008,-206209.3334501977,302.28359533351363,146
40455000,80909.99995963574,-205609.20850286598,297.85479951903733,146
40460000,80919.9999596014,-206311.26625732332,302.21210272336845,146
40465000,80929.99995956705,-206361.81665526202,301.3390849687261,146
40470000,80939.99995953271,-206323.74658706458,299.57500729138167,146
40475000,80949.99995949837,-206376.96111284266,305.8434819279852,146
40480000,80959.99995946402,-206395.7281884586,298.2091140796397,146
40485000,80969.99995942968,-206468.79565319198,300.7347597561511,146
40490000,80979.99995939534,-207127.91089823714,296.99562345450454,146
40495000,80989.999959361,-206284.52778498002,302.04049037680704,146
40500000,80999.99995932665,-205442.08057847724,303.8693216782106,146
40505000,81009.99995929231,-206969.30714883655,300.5849711223194,146
40510000,81019.99995925797,-206357.2825977885,296.8830923047355,146
40515000,81029.99995922363,-205768.06139586342,298.85302275715924,146
40520000,81039.99995918928,-206910.35958338657,294.7188573456572,146
40525000,81049.99995915494,-206871.5738269774,298.0278326363765,146
40530000,81059.9999591206,-206347.84960685286,299.41657365874056,146
40535000,81069.99995908626,-206313.89684361184,300.95555788999644,146
40540000,81079.99995905191,-205840.91236817336,303.6651070955703,146
40545000,81089.99995901757,-206367.43603624357,301.6578281672267,146
40550000,81099.99995898323,-206816.27826832084,301.538344398251,146
40555000,81109.99995894889,-206565.45823836478,299.6091974171935,146
40560000,81119.99995891454,-206929.04765704647,301.0324259553372,146
40565000,81129.9999588802,-206577.61029504216,304.94048877663374,146
40570000,81139.99995884586,-207051.33678035752,299.1256846911305,146
40575000,81149.99995881152,-206201.6303118061,301.0794781685953,146
40580000,81159.99995877717,-206500.58832814568,295.8541574715903,146
40585000,81169.99995874283,-206211.15536814567,304.03879290586366,146
40590000,81179.99995870849,-206599.13253434293,297.8032473007942,146
40595000,81189.99995867415,-206571.29272533592,301.5779393743352,146
40600000,81199.9999586398,-205898.0547233834,299.3328422217333,146
40605000,81209.99995860546,-206947.03572432813,301.46430762413377,146
40610000,81219.99995857112,-206456.39824034995,300.33730685402907,146
40615000,81229.99995853678,-206504.69087752432,298.77920676146795,146
40620000,81239.99995850243,-206462.88944119145,297.85094226173265,146
40625000,81249.99995846809,-206424.4687952645,304.9260586516094,146
40630000,81259.99995843375,-206908.9006447501,303.14676644985457,146
40635000,81269.9999583994,-206001.14495793998,299.4485549974561,146
40640000,81279.99995836506,-205757.63798098755,301.86160113412905,146
40645000,81289.99995833072,-205944.2209328576,299.09357329578586,146
40650000,81299.99995829638,-206346.57735896122,301.09137216942685,146
40655000,81309.99995826204,-206772.15716631338,303.2621738632436,146
40660000,81319.9999582277,-206803.13544901623,296.35289384282,146
40665000,81329.99995819335,-206845.81381674204,298.1260386442388,146
40670000,81339.99995815901,-206273.7226863131,300.6219760978811,146
40675000,81349.99995812467,-206869.74035615427,305.14304769002297,146
40680000,81359.99995809032,-206808.6517738856,295.4194551864123,146
40685000,81369.99995805598,-206378.92234438367,300.4816347321016,146
40690000,81379.99995802164,-206021.2583291888,305.59663432642833,146
40695000,81389.9999579873,-206364.39747852262,296.2229977595626,146
40700000,81399.99995795295,-206692.48285776644,298.9670061373924,146
40705000,81409.99995791861,-206288.94191676343,292.9793905587701,146
40710000,81419.99995788427,-206382.64978516544,303.05099965204477,146
40715000,81429.99995784993,-205792.57769838255,302.62634014833327,146
40720000,81439.99995781558,-206856.86106834456,299.2458818869186,146
40725000,81449.99995778124,-206454.85894823656,305.63475384813836,146
40730000,81459.9999577469,-207266.64882843953,291.36782428042454,146
40735000,81469.99995771256,-206269.07352656208,300.2345177819561,146
40740000,81479.99995767821,-206110.13008929114,303.6432860032989,146
40745000,81489.99995764387,-206087.42403826164,299.23690495595673,146
40750000,81499.99995760953,-205963.02169702575,299.2630609928044,146
40755000,81509.99995757519,-205594.06182557426,295.63236012403763,146
40760000,81519.99995754084,-206624.23469062964,300.7625083655973,146
40765000,81529.9999575065,-206287.6321646697,296.24308715785224,146
40770000,81539.99995747216,-205856.41389405506,303.39841767247924,146
40775000,81549.99995743782,-206062.9358353935,299.4297161341945,146
40780000,81559.99995740347,-206682.70450398012,295.5170284513183,146
40785000,81569.99995736913,-207030.01852687553,298.05513546392496,146
40790000,81579.99995733479,-205587.68777842296,302.31776103556643,146
40795000,81589.99995730045,-206589.2960632156,296.7053947336391,146
40800000,81599.9999572661,-206801.42392829433,303.37581717136607,146
40805000,81609.99995723176,-205433.20249141206,299.74262330627016,146
40810000,81619.99995719742,-206488.84676567162,298.3442715095844,146
40815000,81629.99995716308,-206066.54667719745,299.88643459359884,146
40820000,81639.99995712873,-206040.40341119433,300.3986358100386,146
40825000,81649.99995709439,-206158.83964735537,303.28490743313057,146
40830000,81659.99995706005,-206318.30788333202,300.0587491206836,146
40835000,81669.9999570257,-206567.6495740324,300.2423380439622,146
40840000,81679.99995699136,-206663.94616578345,299.982462727713,146
40845000,81689.99995695702,-206234.23130393378,298.8945064322456,146
40850000,81699.99995692268,-206275.28023713548,297.5540972251963,146
40855000,81709.99995688834,-206562.0914293339,304.40826850231065,146
40860000,81719.999956854,-205952.83733576955,295.4366604355575,146
40865000,81729.99995681965,-206627.7937229597,304.5159087121899,146
40870000,81739.99995678531,-205641.94464298093,298.3941204073908,146
40875000,81749.99995675097,-206740.00159559166,302.24343460111214,146
40880000,81759.99995671662,-206690.63331628963,296.7815322016363,146
40885000,81769.99995668228,-206071.53513268998,299.610504980588,146
40890000,81779.99995664794,-206108.82637366478,302.9553940009518,146
40895000,81789.9999566136,-205825.37156682578,301.74771101604523,146
40900000,81799.99995657925,-205997.96934764122,301.08847396569945,146
40905000,81809.99995654491,-206014.4829622486,299.1978258351933,146
40910000,81819.99995651057,-205942.62459041888,303.43206029458224,146
40915000,81829.99995647623,-205929.33458443685,301.7387587505325,146
40920000,81839.99995644188,-207134.72396146157,298.80701768798514,146
40925000,81849.99995640754,-206109.16832833423,299.621912074569,146
40930000,81859.9999563732,-206085.74906557053,300.8911329272332,146
40935000,81869.99995633886,-206209.00675366307,298.7274562969655,146
40940000,81879.99995630451,-206173.78924359195,296.2979782892095,146
40945000,81889.99995627017,-206526.40209451364,298.47515806766205,146
40950000,81899.99995623583,-207742.4134849481,296.9399974870261,146
40955000,81909.99995620149,-205719.41477534885,295.97235762834407,146
40960000,81919.99995616714,-206180.23782975483,303.29325142435806,146
40965000,81929.9999561328,-206472.22551912826,298.98237840971717,146
40970000,81939.99995609846,-206818.62160968187,298.6446927738191,146
40975000,81949.99995606412,-206352.58600877097,301.05657268383305,146
40980000,81959.99995602977,-205999.71517213807,293.7526461559591,146
40985000,81969.99995599543,-206503.50671161467,302.7142966759601,146
40990000,81979.99995596109,-207195.21399020264,302.40753491817725,146
40995000,81989.99995592675,-207248.2862714358,298.41374531079947,146
41000000,81999.9999558924,-206065.33204284485,304.29042724963296,146
41005000,82009.99995585806,-206358.4117063597,303.81207418601684,146
41010000,82019.99995582372,-205595.13185647014,298.97244676796123,146
41015000,82029.99995578938,-206043.1170136273,299.48284437764767,146
41020000,82039.99995575503,-205688.9739939206,295.2199922376716,146
41025000,82049.99995572069,-205596.90070423693,299.9079686704455,146
41030000,82059.99995568635,-206976.62933470076,292.91653204456014,146
41035000,82069.999955652,-206660.38946822495,304.81684265540537,146
41040000,82079.99995561766,-206955.1232044308,295.6646964381614,146
41045000,82089.99995558332,-206292.3118657543,300.82853830612765,146
41050000,82099.99995554898,-206648.62306812115,299.69514154761885,146
41055000,82109.99995551464,-206489.18354313087,302.532458975597,146
41060000,82119.99995548029,-206509.11912955926,304.9279016647488,146
41065000,82129.99995544595,-206413.50753537146,299.87307014003215,146
41070000,82139.99995541161,-206520.13430287677,296.6191689416958,146
41075000,82149.99995537726,-207137.33159515297,298.20193505483303,146
41080000,82159.99995534292,-205796.37693466782,302.0949639305477,146
41085000,82169.99995530858,-206822.6172762384,295.9273741017452,146
41090000,82179.99995527424,-205935.48654627486,302.4010660611563,146
41095000,82189.9999552399,-206809.5311255689,292.3290792816496,146
41100000,82199.99995520555,-206590.4706562761,304.05692787953956,146
41105000,82209.99995517121,-206814.84115675453,305.1200614139336,146
41110000,82219.99995513687,-206866.33484782383,300.59994332674063,146
41115000,82229.99995510252,-206750.60918991768,299.80990404716414,146
41120000,82239.99995506818,-206570.7962700294,295.7744403430042,146
41125000,82249.99995503384,-206959.39044208382,299.6618371201153,146
41130000,82259.9999549995,-206951.66396618867,295.3430601658129,146
41135000,82269.99995496515,-205742.31349102,301.88873592900666,146
41140000,82279.99995493081,-206057.47140006465,296.73917263983975,146
41145000,82289.99995489647,-206469.28080029238,298.4017164223424,146
41150000,82299.99995486213,-206182.56813238375,299.0086759155113,146
41155000,82309.99995482778,-206723.064367175,300.4288474504962,146
41160000,82319.99995479344,-206740.33816172788,302.9762316924929,146
41165000,82329.9999547591,-206565.81691338064,300.85929483916584,146
41170000,82339.99995472476,-205481.7895721501,300.44916683274084,146
41175000,82349.99995469041,-206646.3197139576,302.5932971389389,146
41180000,82359.99995465607,-205939.73441355873,302.10370870779457,146
41185000,82369.99995462173,-206523.87844947563,295.4950735831962,146
41190000,82379.99995458739,-206965.3205854384,301.14846061768856,146
41195000,82389.99995455304,-206475.02837390604,299.36912349334,146
41200000,82399.9999545187,-205801.1192504518,299.01666435152896,146
41205000,82409.99995448436,-205955.5509418922,302.0199171411007,146
41210000,82419.99995445002,-206753.06274930818,297.95737681427306,146
41215000,82429.99995441567,-207085.67134037125,302.4345231659753,146
41220000,82439.99995438133,-206772.72715272906,302.07779403563,146
41225000,82449.99995434699,-206328.48422227125,298.69505131772195,146
41230000,82459.99995431265,-206391.94850080984,303.31703257516654,146
41235000,82469.9999542783,-205913.13370507886,297.7668169630503,146
41240000,82479.99995424396,-206281.4413187093,297.3684589155625,146
41245000,82489.99995420962,-207032.3619669393,302.3154666470522,146
41250000,82499.99995417528,-206303.1081515901,300.75924755174515,146
41255000,82509.99995414093,-206198.68790376873,301.7047748544313,146
41260000,82519.99995410659,-206728.92061204533,306.14609128139455,146
41265000,82529.99995407225,-205930.13819160766,301.76755893565223,146
41270000,82539.9999540379,-206792.17206825188,297.76404042058266,146
41275000,82549.99995400356,-205917.1187175928,299.4887514580816,146
41280000,82559.99995396922,-206479.68606692238,301.6829805028639,146
41285000,82569.99995393488,-205896.18168218003,299.6506421210478,146
41290000,82579.99995390054,-206072.00734203018,299.61435089814654,146
41295000,82589.9999538662,-205902.84536795667,301.08692534502336,146
41300000,82599.99995383185,-205841.92873068026,297.2229385806558,146
41305000,82609.99995379751,-206313.05122021877,302.7368911829421,146
41310000,82619.99995376317,-206236.84124793543,293.5767469616806,146
41315000,82629.99995372882,-206054.52005002566,303.42710337986415,146
41320000,82639.99995369448,-205765.50230330008,303.3808714755981,146
41325000,82649.99995366014,-206433.83109323366,297.36433967894516,146
41330000,82659.9999536258,-206410.42757644202,297.5824249278514,146
41335000,82669.99995359145,-206753.83578881377,304.8096950118895,146
41340000,82679.99995355711,-206328.92268948315,302.4461831473719,146
41345000,82689.99995352277,-206051.4232919399,299.74466624901714,146
41350000,82699.99995348843,-206172.75436345243,297.92693368876496,146
41355000,82709.99995345408,-206551.6098739165,298.25185691727387,146
41360000,82719.99995341974,-206766.63293826452,303.8210882770413,146
41365000,82729.9999533854,-206873.90090320155,303.10474847319915,146
41370000,82739.99995335106,-205808.6032894135,294.85348572862677,146
41375000,82749.99995331671,-206550.66812710394,304.7077974563414,146
41380000,82759.99995328237,-207053.6065132931,296.80440311219417,146
41385000,82769.99995324803,-206595.5754521489,299.7735894062812,146
41390000,82779.99995321369,-207199.50033259066,301.03768448394635,146
41395000,82789.99995317934,-206434.73436634545,298.7465393799219,146
41400000,82799.999953145,-205937.75220549048,302.95329729971445,146
41405000,82809.99995311066,-206915.5796748218,300.3535596434784,146
41410000,82819.99995307632,-206036.01080997905,296.5511250155203,146
41415000,82829.99995304197,-206708.44424002385,302.21042083777877,146
41420000,82839.99995300763,-205600.105703181,298.8594521907443,146
41425000,82849.99995297329,-206053.05660326185,304.55485189123704,146
41430000,82859.99995293895,-206883.96279525443,301.3603368072837,146
41435000,82869.9999529046,-206700.2079395249,302.326350830522,146
41440000,82879.99995287026,-206278.29767324042,301.72557956496246,146
41445000,82889.99995283592,-206226.3862086871,305.07773550495426,146
41450000,82899.99995280158,-206521.6445250503,302.48543030003367,146
41455000,82909.99995276723,-207530.77147641766,299.32968284847107,146
41460000,82919.99995273289,-206830.4788815818,296.8974668363715,146
41465000,82929.99995269855,-205892.70485122025,300.4372803241073,146
41470000,82939.9999526642,-205600.10336460755,297.46465285656114,146
41475000,82949.99995262986,-205933.02952709922,299.7047917919334,146
41480000,82959.99995259552,-206580.93593297154,304.47027670747997,146
41485000,82969.99995256118,-206816.77218796534,301.1868487728594,146
41490000,82979.99995252684,-206601.6930066693,296.2970588740486,146
41495000,82989.9999524925,-206451.53475033143,300.8644383533461,146
41500000,82999.99995245815,-206598.96719542216,298.0765910051428,146
41505000,83009.99995242381,-205786.6851741057,301.7705283168597,146
41510000,83019.99995238947,-206777.449527479,298.3499119215357,146
41515000,83029.99995235512,-206185.61846123228,297.7472270170467,146
41520000,83039.99995232078,-206384.05790870346,303.8888080621095,146
41525000,83049.99995228644,-206019.842545848,293.0242337431931,146
41530000,83059.9999522521,-206969.5760921162,302.98373656745207,146
41535000,83069.99995221775,-206783.49958416086,300.0392506086028,146
41540000,83079.99995218341,-205899.43254242116,300.8799795748723,146
41545000,83089.99995214907,-205832.5868068029,296.60091243386097,146
41550000,83099.99995211473,-206657.56658633833,303.0383237201064,146
41555000,83109.99995208038,-206604.54578069632,297.4093809957804,146
41560000,83119.99995204604,-206161.9476191121,302.8535911059961,146
41565000,83129.9999520117,-206424.51989407162,302.35833334539035,146
41570000,83139.99995197736,-204549.51650697307,301.3880245773377,146
41575000,83149.99995194301,-206496.7993534085,302.5560660862301,146
41580000,83159.99995190867,-207146.55441404262,301.8336243826905,146
41585000,83169.99995187433,-206764.96391467552,301.07738998474684,146
41590000,83179.99995183999,-207347.60434499057,308.3741376771623,146
41595000,83189.99995180564,-205930.27668734267,302.1275807392005,146
41600000,83199.9999517713,-205996.82335974136,295.88290796132094,146
41605000,83209.99995173696,-206963.3641170822,303.08399214297106,146
41610000,83219.99995170262,-206678.3757777193,296.2714281644722,146
41615000,83229.99995166827,-205727.39307838946,300.3784230633074,146
41620000,83239.99995163393,-206787.63556867477,307.0927661113349,146
41625000,83249.99995159959,-206660.03913841024,301.2159371384594,146
41630000,83259.99995156525,-206557.32388828392,302.46466051211905,146
41635000,83269.9999515309,-206146.8416801598,298.84721704583643,146
41640000,83279.99995149656,-206114.39783240482,297.4358138375815,146
41645000,83289.99995146222,-206079.64445781836,296.6633393745854,146
41650000,83299.99995142788,-205653.42681474437,304.45110696707536,146
41655000,83309.99995139353,-206312.8517182467,301.2412624312547,146
41660000,83319.99995135919,-206214.64241125865,298.56924984740664,146
41665000,83329.99995132485,-206216.12544461328,296.2397079707446,146
41670000,83339.9999512905,-206713.32910047902,303.4637144779552,146
41675000,83349.99995125616,-205767.59916556487,303.23985950611524,146
41680000,83359.99995122182,-206104.46778306726,299.35336146467915,146
41685000,83369.99995118748,-205882.3677902395,299.57668192419754,146
41690000,83379.99995115314,-206082.57816339482,303.18628356607746,146
41695000,83389.99995111879,-206292.26039844682,295.8342691124298,146
41700000,83399.99995108445,-207435.08614469448,304.6302258717535,146
41705000,83409.99995105011,-206691.00802730361,300.90463786147876,146
41710000,83419.99995101576,-206760.85504975228,300.6841712554029,146
41715000,83429.99995098142,-206743.1012679604,299.1278482454489,146
41720000,83439.99995094708,-206228.89501743345,298.44834834592996,146
41725000,83449.99995091274,-206611.50685349747,300.0860572960475,146
41730000,83459.9999508784,-205159.90283579426,298.46074190953567,146
41735000,83469.99995084405,-206164.14616492915,300.5790607190047,146
41740000,83479.99995080971,-205974.74975770828,306.1086511506281,146
41745000,83489.99995077537,-206955.35911966604,301.7862933880271,146
41750000,83499.99995074102,-206531.1159598718,302.4749220046773,146
41755000,83509.99995070668,-207239.2914135137,300.22133300727677,146
41760000,83519.99995067234,-206216.4462919765,298.12569534354185,146
41765000,83529.999950638,-206967.39119375567,299.86320923681825,146
41770000,83539.99995060365,-205919.3924315687,297.69822314039334,146
41775000,83549.99995056931,-206533.69588781602,306.5819215935595,146
41780000,83559.99995053497,-206508.82262158394,302.09870315990446,146
41785000,83569.99995050063,-206301.57003868918,308.1547055585241,146
41790000,83579.99995046628,-206768.19448331126,299.6623883819322,146
41795000,83589.99995043194,-206289.30006673338,299.4202745550373,146
41800000,83599.9999503976,-207010.37236286758,301.2976194561293,146
41805000,83609.99995036326,-205847.02373785165,300.9794900108442,146
41810000,83619.99995032891,-205514.1361689578,300.70825068330396,146
41815000,83629.99995029457,-206393.01402673172,303.59913435558843,146
41820000,83639.99995026023,-206151.8330319951,300.52187078045404,146
41825000,83649.99995022589,-205049.09877508727,302.3190768655273,146
41830000,83659.99995019154,-206098.04761197732,302.6783459775292,146
41835000,83669.9999501572,-206450.42035996763,304.86367959671776,146
41840000,83679.99995012286,-206486.37993821,298.0213765880381,146
41845000,83689.99995008852,-206703.5017071222,300.60464800391145,146
41850000,83699.99995005417,-206388.16066999384,297.3878453165053,146
41855000,83709.99995001983,-206216.71800348687,301.76572408047446,146
41860000,83719.99994998549,-206377.50722453767,302.53378790159724,146
41865000,83729.99994995115,-205722.04260525305,302.43979936291413,146
41870000,83739.9999499168,-205867.66320805647,302.1400993411946,146
41875000,83749.99994988246,-206076.68268258858,302.7608875832095,146
41880000,83759.99994984812,-206564.813710207,302.4969387435521,146
41885000,83769.99994981378,-206306.23356006108,294.7676439757546,146
41890000,83779.99994977943,-206306.2119411591,296.6102589731091,146
41895000,83789.99994974509,-206547.5393549354,300.0044694665565,146
41900000,83799.99994971075,-206436.9678221352,302.73750978068625,146
41905000,83809.9999496764,-206081.06557056925,299.6228910198085,146
41910000,83819.99994964206,-206326.04214047152,301.8007664643005,146
41915000,83829.99994960772,-206580.8735744066,298.6854586401134,146
41920000,83839.99994957338,-206359.6825672643,300.9881911114524,146
41925000,83849.99994953904,-206340.10819868266,299.16081644483177,146
41930000,83859.9999495047,-206581.06770908402,300.8524812713683,146
41935000,83869.99994947035,-207050.89463905967,300.9575333212743,146
41940000,83879.99994943601,-205673.3646999927,300.0589445442681,146
41945000,83889.99994940167,-206263.68322718493,298.91059877186717,146
41950000,83899.99994936732,-206437.54679704865,297.7099389084983,146
41955000,83909.99994933298,-206129.35628148995,301.1272208630022,146
41960000,83919.99994929864,-206093.03844077722,304.9992763269763,146
41965000,83929.9999492643,-206506.54774972785,299.8284743960676,146
41970000,83939.99994922995,-206263.83469604293,298.80237148309743,146
41975000,83949.99994919561,-205936.19173697475,300.8463986854231,146
41980000,83959.99994916127,-207059.35957812343,300.0370203414048,146
41985000,83969.99994912693,-206215.29961957375,305.8479520720235,146
41990000,83979.99994909258,-206552.01243979705,294.31287560112014,146
41995000,83989.99994905824,-206354.45541301882,299.99359151886114,146
42000000,83999.9999490239,-205784.44131688122,298.028631784588,146
42005000,84009.99994898956,-206102.2246414827,300.08541470787753,146
42010000,84019.99994895521,-206243.55052547762,300.0848890415916,146
42015000,84029.99994892087,-206692.6467720518,299.7332940378812,146
42020000,84039.99994888653,-206420.07383943745,298.4666155927355,146
42025000,84049.99994885219,-207091.06006880116,304.496264315229,146
42030000,84059.99994881784,-206674.98360218073,297.1045618339461,146
42035000,84069.9999487835,-207124.14355867147,297.55436482131717,146
42040000,84079.99994874916,-206466.10004035756,303.8304820991237,146
42045000,84089.99994871482,-206922.16906330478,302.0281396304748,146
42050000,84099.99994868047,-206948.87872611987,298.7879340290749,146
42055000,84109.99994864613,-206121.35749123117,299.70282877939724,146
42060000,84119.99994861179,-207287.46573238808,300.19696957134414,146
42065000,84129.99994857745,-207035.7655273344,301.5340372954948,146
42070000,84139.9999485431,-206361.98308424512,299.4279846814176,146
42075000,84149.99994850876,-206207.3289952702,302.0771744572017,146
42080000,84159.99994847442,-207035.98472961236,304.55730557124826,146
42085000,84169.99994844008,-206284.63995738828,298.43351762773096,146
42090000,84179.99994840573,-206843.82512216514,304.21170870082915,146
42095000,84189.99994837139,-206424.75977585255,298.00188469822075,146
42100000,84199.99994833705,-206763.15557694493,300.5564688644099,146
42105000,84209.9999483027,-205944.14608373772,297.6120115998263,146
42110000,84219.99994826836,-205270.26047129882,304.1367370885261,146
42115000,84229.99994823402,-205516.9804329055,298.0136136644909,146
42120000,84239.99994819968,-206847.3922458382,303.3181669603397,146
42125000,84249.99994816534,-207155.20902109297,300.44610810067195,146
42130000,84259.999948131,-206476.52961773262,299.70092044434,146
42135000,84269.99994809665,-207097.60623002495,303.396301081854,146
42140000,84279.99994806231,-206991.97885492782,298.9823816874469,146
42145000,84289.99994802797,-206155.67780076351,301.24098629432433,146
42150000,84299.99994799362,-206449.64121926948,300.4919020126124,146
42155000,84309.99994795928,-206150.90944312548,300.1284889078824,146
42160000,84319.99994792494,-205963.22015381663,299.17347932606134,146
42165000,84329.9999478906,-207332.63940821507,295.85688151916617,146
42170000,84339.99994785625,-207040.75968557957,299.1196080720613,146
42175000,84349.99994782191,-206399.147387626,299.51541178542965,146
42180000,84359.99994778757,-206945.38261899306,300.488580875565,146
42185000,84369.99994775323,-207038.90238715254,302.4781420602556,146
42190000,84379.99994771888,-205672.73459637573,299.49219605617145,146
42195000,84389.99994768454,-206119.6455345893,296.8991885138115,146
42200000,84399.9999476502,-206736.36196183867,300.5813790831112,146
42205000,84409.99994761586,-206536.632766783,300.19802195921113,146
42210000,84419.99994758151,-206086.77420731366,300.76515864585224,146
42215000,84429.99994754717,-205768.82627521,302.14962088743715,146
42220000,84439.99994751283,-206306.02204306726,296.49043972426733,146
42225000,84449.99994747849,-206528.8055827202,300.51052866184557,146
42230000,84459.99994744414,-206135.51245391252,303.4758011621486,146
42235000,84469.9999474098,-206442.7426040921,298.1602882980578,146
42240000,84479.99994737546,-206056.87202564185,300.00621685448294,146
42245000,84489.99994734112,-207103.4750902811,296.9435790801551,146
42250000,84499.99994730677,-206540.3166289843,303.6914726916895,146
42255000,84509.99994727243,-206339.1969022015,299.94751888150535,146
42260000,84519.99994723809,-206128.02167832933,299.5779470613902,146
42265000,84529.99994720375,-206243.51177625684,300.1102328844984,146
42270000,84539.9999471694,-206537.54899520974,298.57045334060643,146
42275000,84549.99994713506,-206090.3623652038,301.7234516308363,146
42280000,84559.99994710072,-206458.66135444434,301.51008809478344,146
42285000,84569.99994706638,-206667.70384861366,308.2928768374637,146
42290000,84579.99994703203,-205993.03516557964,302.128948889796,146
42295000,84589.99994699769,-205786.74313657742,302.0271378351935,146
42300000,84599.99994696335,-206353.53139672207,304.0657898604846,146
42305000,84609.999946929,-206836.52849074535,300.9520467845294,146
42310000,84619.99994689466,-206335.46962596755,299.9408388729974,146
42315000,84629.99994686032,-206807.60502512602,299.590953956178,146
42320000,84639.99994682598,-206245.46619809407,300.4214555419579,146
42325000,84649.99994679164,-206906.41231573536,305.36130397411586,146
42330000,84659.99994675729,-205550.90922534815,298.1956002299903,146
42335000,84669.99994672295,-206230.98986484192,296.56034154227257,146
42340000,84679.99994668861,-206459.19604458904,299.71228452251967,146
42345000,84689.99994665426,-206807.43808315822,302.1533030566973,146
42350000,84699.99994661992,-205531.26270494494,298.2284107576291,146
42355000,84709.99994658558,-205690.9300088915,299.3700374998359,146
42360000,84719.99994655124,-207243.5429185304,298.4353442384266,146
42365000,84729.9999465169,-207034.73918876552,299.3214666527572,146
42370000,84739.99994648255,-206485.5288388572,301.6603116973886,146
42375000,84749.99994644821,-206085.80375002325,305.0045807883187,146
42380000,84759.99994641387,-206582.51987537823,293.59269298946595,146
42385000,84769.99994637952,-207543.15696006,304.503777694298,146
42390000,84779.99994634518,-206838.6108176777,298.09057111787797,146
42395000,84789.99994631084,-205726.0193422289,305.00179503926296,146
42400000,84799.9999462765,-206559.89064258442,303.6486059501719,146
42405000,84809.99994624215,-206380.78139837377,299.1678427440108,146
42410000,84819.99994620781,-206325.02503843,301.19720514008526,146
42415000,84829.99994617347,-206458.2112024374,304.142770176336,146
42420000,84839.99994613913,-206004.30199885776,296.9697688734234,146
42425000,84849.99994610478,-206908.66140221024,303.01305578336934,146
42430000,84859.99994607044,-206472.1916396881,299.88452412420634,146
42435000,84869.9999460361,-205656.82890330802,304.1013735914171,146
42440000,84879.99994600176,-206387.51491754944,303.2759979351676,146
42445000,84889.99994596741,-206404.7143367345,298.31815280734924,146
42450000,84899.99994593307,-205954.88879537233,300.59700593574985,146
42455000,84909.99994589873,-205448.43043854064,300.188749248514,146
42460000,84919.99994586439,-206271.68451359647,300.3414854729152,146
42465000,84929.99994583004,-206756.4510477651,299.4767766720875,146
42470000,84939.9999457957,-206267.5623726095,297.8651444855435,146
42475000,84949.99994576136,-206117.92783569975,302.2371111101228,146
42480000,84959.99994572702,-206563.36320108618,295.7007067324535,146
42485000,84969.99994569267,-205725.73889213346,305.09035835727605,146
42490000,84979.99994565833,-205830.14158577658,298.8236681921328,146
42495000,84989.99994562399,-207492.43204918597,296.5563856337004,146
42500000,84999.99994558965,-207043.3189002846,302.9257772874756,146
42505000,85009.9999455553,-205425.26569306361,299.72392331880957,146
42510000,85019.99994552096,-206522.7254795786,298.8649519803069,146
42515000,85029.99994548662,-206455.4351481254,304.9125932925177,146
42520000,85039.99994545228,-206381.56591723836,302.31526002730857,146
42525000,85049.99994541793,-205553.8162778305,298.6077493878683,146
42530000,85059.99994538359,-206258.42518343613,305.43060284502536,146
42535000,85069.99994534925,-206003.81950465916,300.78802168861444,146
42540000,85079.9999453149,-207271.9773631642,297.68230894761666,146
42545000,85089.99994528056,-207037.5487463429,295.98619383842174,146
42550000,85099.99994524622,-206464.9872988154,301.82424261778334,146
42555000,85109.99994521188,-206119.06680983852,300.738764043287,146
42560000,85119.99994517754,-206358.1102664976,301.799695485439,146
42565000,85129.9999451432,-206140.98403972574,298.04430421722776,146
42570000,85139.99994510885,-206655.7281985886,303.2067793513029,146
42575000,85149.99994507451,-207379.2957259426,302.21644744811607,146
42580000,85159.99994504017,-206180.81220066885,303.2112602653837,146
42585000,85169.99994500582,-207441.7850738311,300.1092521220709,146
42590000,85179.99994497148,-205378.34087437473,299.7493212647403,146
42595000,85189.99994493714,-207040.85270715237,300.78014052494626,146
42600000,85199.9999449028,-205662.14020247594,303.1110792749226,146
42605000,85209.99994486845,-206122.09586415358,299.40917128533687,146
42610000,85219.99994483411,-205751.66711495176,302.0180814811745,146
42615000,85229.99994479977,-206016.69943999324,301.4674309746317,146
42620000,85239.99994476543,-205975.28677684697,299.6299297411523,146
42625000,85249.99994473108,-205268.6506507435,301.7873523512036,146
42630000,85259.99994469674,-207080.8724665834,300.5893239698306,146
42635000,85269.9999446624,-206654.19802251365,300.3268915055482,146
42640000,85279.99994462806,-205831.1847235069,300.53756866521695,146
42645000,85289.99994459371,-206976.58450751996,295.11554910024716,146
42650000,85299.99994455937,-205879.37183934392,300.92466057071755,146
42655000,85309.99994452503,-206362.50452405028,298.97341165247997,146
42660000,85319.99994449069,-205542.3718643064,300.80347166707173,146
42665000,85329.99994445634,-205899.74148146203,298.6234644050048,146
42670000,85339.999944422,-206050.21881850122,298.13392312849174,146
42675000,85349.99994438766,-206917.61051277618,299.46914053698816,146
42680000,85359.99994435332,-206130.1365158311,299.3855342300918,146
42685000,85369.99994431897,-206379.9669314921,298.46991460155937,146
42690000,85379.99994428463,-205889.0799218478,298.6918325635794,146
42695000,85389.99994425029,-206271.66220412333,301.789593957788,146
42700000,85399.99994421595,-205594.53506969893,303.0791193897314,146
42705000,85409.9999441816,-206586.55814531224,301.9501390893648,146
42710000,85419.99994414726,-206015.76166134293,299.62143008438903,146
42715000,85429.99994411292,-205831.59986851795,302.7991114889624,146
42720000,85439.99994407858,-206167.32267547795,304.7251518519106,146
42725000,85449.99994404423,-206497.9584014276,300.9544910851672,146
42730000,85459.99994400989,-207372.36468745267,299.531675550226,146
42735000,85469.99994397555,-206033.93683641695,299.0829510593277,146
42740000,85479.9999439412,-206379.35682591272,299.520764575866,146
42745000,85489.99994390686,-206767.76967726916,297.4281606673998,146
42750000,85499.99994387252,-206184.36950631405,300.80757403777375,146
42755000,85509.99994383818,-206524.51393843908,297.70611005514877,146
42760000,85519.99994380384,-206751.94072361733,296.0721620993859,146
42765000,85529.9999437695,-206214.59688613808,301.6092336487952,146
42770000,85539.99994373515,-205955.07119675202,299.803788910915,146
42775000,85549.99994370081,-206975.06549969362,300.3988653186204,146
42780000,85559.99994366647,-206384.1666671628,301.8816246456731,146
42785000,85569.99994363212,-206004.28441402444,297.3740916416721,146
42790000,85579.99994359778,-206193.1064433275,304.0337564427489,146
42795000,85589.99994356344,-206589.47495509638,299.30310664525507,146
42800000,85599.9999435291,-206228.0931268027,299.19896925060516,146
42805000,85609.99994349475,-206075.48489128158,300.88242814466577,146
42810000,85619.99994346041,-206763.8210404797,299.745739803558,146
42815000,85629.99994342607,-206925.08504870464,299.08408614595925,146
42820000,85639.99994339173,-205891.7733518089,301.824990265061,146
42825000,85649.99994335738,-206462.918060545,298.6040717088008,146
42830000,85659.99994332304,-206037.06216220174,300.19964514735017,146
42835000,85669.9999432887,-206622.58658167138,304.2793839544802,146
42840000,85679.99994325436,-206082.41314037237,295.04936340889356,146
42845000,85689.99994322001,-206626.66981270723,300.97545169542235,146
42850000,85699.99994318567,-205833.15035607212,300.7991197265974,146
42855000,85709.99994315133,-206437.17738327535,296.21080218635126,146
42860000,85719.99994311699,-206483.07745953777,300.339131014786,146
42865000,85729.99994308264,-206202.05138308043,307.01509519339237,146
42870000,85739.9999430483,-207226.07395862194,300.6741171997811,146
42875000,85749.99994301396,-206465.47804581036,301.40576232723004,146
42880000,85759.99994297962,-207009.523684724,302.1673622773144,146
42885000,85769.99994294527,-205750.24029706756,301.4657952712444,146
42890000,85779.99994291093,-205357.65639017848,305.0032088676568,146
42895000,85789.99994287659,-205854.17571302422,300.67550831002853,146
42900000,85799.99994284225,-206423.40865246078,300.15732472583403,146
42905000,85809.9999428079,-205873.64344067557,301.15554437466443,146
42910000,85819.99994277356,-206109.27137592307,296.60010181377027,146
42915000,85829.99994273922,-206214.7271018296,298.87179092661495,146
42920000,85839.99994270488,-205948.47727250447,302.4600814732777,146
42925000,85849.99994267053,-206100.06941483915,303.5473839827764,146
42930000,85859.99994263619,-206078.82248676207,300.7540174184903,146
42935000,85869.99994260185,-206380.06922246772,303.9482148026038,146
42940000,85879.9999425675,-206927.09958822152,296.20215018917406,146
42945000,85889.99994253316,-206317.28513232362,303.65843021265823,146
42950000,85899.99994249882,-205647.59412976832,297.66657940655926,146
42955000,85909.99994246448,-206839.96565119247,300.6412456460306,146
42960000,85919.99994243013,-206550.63162476313,296.1904419475743,146
42965000,85929.99994239579,-207116.38622393738,305.94258335404453,146
42970000,85939.99994236145,-206411.06330606376,301.26973526392464,146
42975000,85949.99994232711,-206784.07166264323,298.7550138885449,146
42980000,85959.99994229276,-206588.32636195375,295.2623697096612,146
42985000,85969.99994225842,-206286.43190004642,302.05084279046275,146
42990000,85979.99994222408,-207106.22207852046,305.32767571774406,146
42995000,85989.99994218974,-206664.31505234097,295.2013893964011,146
43000000,85999.9999421554,-205589.33475217456,300.6520716932503,146
43005000,86009.99994212105,-206082.08245763986,308.28043759742553,146
43010000,86019.99994208671,-205998.87233633816,298.5859163535858,146
43015000,86029.99994205237,-206581.1885101496,298.42179687141004,146
43020000,86039.99994201802,-206530.53687268647,302.6510981494865,146
43025000,86049.99994198368,-206132.80326692318,298.51234114751554,146
43030000,86059.99994194934,-205894.9205602269,298.64730475134013,146
43035000,86069.999941915,-206371.64198957663,303.32015514754056,146
43040000,86079.99994188065,-206170.34619848512,299.2514719989404,146
43045000,86089.99994184631,-207556.95688111766,301.97763558335896,146
43050000,86099.99994181197,-206123.33234492934,298.23065844946626,146
43055000,86109.99994177763,-206532.3061808648,299.35798968135225,146
43060000,86119.99994174328,-206162.04292383417,297.1297867447495,146
43065000,86129.99994170894,-206628.45404772006,302.98948656866844,146
43070000,86139.9999416746,-205332.5095255277,296.37024633416684,146
43075000,86149.99994164026,-206723.48529647035,300.21113876020456,146
43080000,86159.99994160591,-206719.07358316483,297.40711614019364,146
43085000,86169.99994157157,-206067.52234639355,300.6384825851077,146
43090000,86179.99994153723,-206058.05272446445,301.1448169971729,146
43095000,86189.99994150289,-206000.5061443533,301.37583564379764,146
43100000,86199.99994146854,-206940.74716871593,302.07999964268413,146
43105000,86209.9999414342,-206095.48129095975,301.95539566534086,146
43110000,86219.99994139986,-205966.02809204662,301.1869024133501,146
43115000,86229.99994136552,-205516.4474166819,296.7327678737892,146
43120000,86239.99994133117,-206131.1923467035,297.7820636346412,146
43125000,86249.99994129683,-206627.41069651884,299.31929008090793,146
43130000,86259.99994126249,-205841.47558749176,302.9539504264023,146
43135000,86269.99994122815,-205871.58480168262,296.5315778506697,146
43140000,86279.9999411938,-206208.03875757812,299.3695195457717,146
43145000,86289.99994115946,-206179.31350772956,294.51566772861037,146
43150000,86299.99994112512,-206813.86425248592,301.1223658991543,146
43155000,86309.99994109078,-206013.3988822311,304.07400982559375,146
43160000,86319.99994105643,-206719.1132458134,290.5067412938793,146
43165000,86329.99994102209,-206220.98074700625,307.9338844102746,146
43170000,86339.99994098775,-206216.848526287,298.94258478768154,146
43175000,86349.9999409534,-205806.58518355817,298.9991230657373,146
43180000,86359.99994091906,-205874.921899084,296.76474992629085,146
43185000,86369.99994088472,-206411.78054149472,296.2049676570267,146
43190000,86379.99994085038,-206659.8825537255,304.12026152367605,146
43195000,86389.99994081604,-206784.48892520776,300.569867033929,146
43200000,86399.9999407817,-206056.1581877222,300.3976643802105,146
43205000,86409.99994074735,-205797.63171381073,302.5358558127722,146
43210000,86419.99994071301,-206696.70320913987,298.7762842314837,146
43215000,86429.99994067867,-206977.431982078,299.4204495197309,146
43220000,86439.99994064432,-206101.99715122953,302.3363822707676,146
43225000,86449.99994060998,-206506.32878103177,299.5465179867653,146
43230000,86459.99994057564,-205227.86015751527,298.4924592818249,146
43235000,86469.9999405413,-207092.96135210618,300.9910809553259,146
43240000,86479.99994050695,-206929.1428866866,302.2664285973833,146
43245000,86489.99994047261,-206707.21771987097,308.04850867740964,146
43250000,86499.99994043827,-206084.34410788794,302.2332268790823,146
43255000,86509.99994040393,-206725.49424557516,302.69729235636237,146
43260000,86519.99994036958,-206997.85493603547,297.5436714237764,146
43265000,86529.99994033524,-206154.14361923805,305.14932396602745,146
43270000,86539.9999403009,-206516.0880179545,297.552919117717,146
43275000,86549.99994026656,-206417.61196862976,299.7394454162117,146
43280000,86559.99994023221,-207166.85012447927,303.1364857904007,146
43285000,86569.99994019787,-207295.57072041265,297.2146548282633,146
43290000,86579.99994016353,-205087.87755883706,304.86329617103087,146
43295000,86589.99994012919,-206482.9450015477,300.9714406135344,146
43300000,86599.99994009484,-205712.64315134916,299.5720944306226,146
43305000,86609.9999400605,-206354.30956473423,303.20615094282357,146
43310000,86619.99994002616,-207698.08584364783,297.652958327419,146
43315000,86629.99993999182,-206377.40013687068,301.8620363361854,146
43320000,86639.99993995747,-206500.05584884435,301.18488392459403,146
43325000,86649.99993992313,-206883.968812239,299.3459421296357,146
43330000,86659.99993988879,-205981.3494777158,301.44038277907794,146
43335000,86669.99993985445,-206931.74975344364,298.0327656431815,146
43340000,86679.9999398201,-206188.29578430194,298.0565750891122,146
43345000,86689.99993978576,-206818.03535628424,300.8843533195708,146
43350000,86699.99993975142,-206713.42018262355,297.5979435473185,146
43355000,86709.99993971708,-205918.41601077118,301.43245534426563,146
43360000,86719.99993968273,-205879.38749337895,298.4917342043072,146
43365000,86729.99993964839,-206240.9303509883,298.1480981602125,146
43370000,86739.99993961405,-205597.412668559,294.96819541834446,146
43375000,86749.9999395797,-206355.1233986899,295.59448637148097,146
43380000,86759.99993954536,-206280.1160141005,302.1210569707672,146
43385000,86769.99993951102,-206444.54113768553,300.32149579529,146
43390000,86779.99993947668,-205930.09499960404,296.9184415346966,146
43395000,86789.99993944234,-206174.6248212821,300.6016198633417,146
43400000,86799.999939408,-206203.11595904955,296.95458868634097,146
43405000,86809.99993937365,-206636.29587444768,298.70537346204793,146
43410000,86819.99993933931,-206288.8095417564,299.7656081197195,146
43415000,86829.99993930497,-206674.73844814836,302.46598665848006,146
43420000,86839.99993927062,-206120.52350200003,301.8079432560349,146
43425000,86849.99993923628,-206529.93291172013,302.3716806896476,146
43430000,86859.99993920194,-206438.1153520171,301.789798847549,146
43435000,86869.9999391676,-206066.34954957443,301.5602078331989,146
43440000,86879.99993913325,-206459.9195397183,301.2431986673301,146
43445000,86889.99993909891,-205872.52209593146,300.50058313270745,146
43450000,86899.99993906457,-206443.95549114503,303.6273599824042,146
43455000,86909.99993903023,-206248.38564748084,304.45525038001676,146
43460000,86919.99993899588,-206287.06633053673,304.30994684677864,146
43465000,86929.99993896154,-206063.20263866382,300.591335150496,146
43470000,86939.9999389272,-205849.01529413613,297.8099865656248,146
43475000,86949.99993889286,-204921.81795972702,298.38931637144515,146
43480000,86959.99993885851,-206000.72321037774,300.24960385575645,146
43485000,86969.99993882417,-206290.70130970154,304.0563151187837,146
43490000,86979.99993878983,-206214.58077113144,300.4086550385297,146
43495000,86989.99993875549,-205893.91633162263,300.830657390867,146
43500000,86999.99993872114,-206305.08940942807,300.61758509769396,146
43505000,87009.9999386868,-206937.972438814,295.21553498282697,146
43510000,87019.99993865246,-206151.344278591,299.6297894421029,146
43515000,87029.99993861812,-206488.58044595795,299.79905689274534,146
43520000,87039.99993858377,-205940.77386665926,296.501147314265,146
43525000,87049.99993854943,-207490.6943236147,298.7698539625973,146
43530000,87059.99993851509,-206376.71909640927,301.55106365062426,146
43535000,87069.99993848075,-205888.99071926752,302.4190886022852,146
43540000,87079.9999384464,-206379.5109189517,297.4253312789468,146
43545000,87089.99993841206,-206410.90339136415,298.91542321639866,146
43550000,87099.99993837772,-205888.37601891556,293.2693823585529,146
43555000,87109.99993834338,-205821.13926093688,299.3801664825667,146
43560000,87119.99993830903,-206360.47293423105,304.3832808863419,146
43565000,87129.99993827469,-206204.60253551917,301.751902175366,146
43570000,87139.99993824035,-206802.7904657639,305.6105932294334,146
43575000,87149.999938206,-206700.23158542416,300.2446908711629,146
43580000,87159.99993817166,-206402.77371143654,298.70206074928296,146
43585000,87169.99993813732,-206078.68062560237,299.3697435752997,146
43590000,87179.99993810298,-206536.45528422517,301.51454589594346,146
43595000,87189.99993806863,-206221.99413192365,293.5535948978566,146
43600000,87199.99993803429,-206301.65890934516,300.3861723224547,146
43605000,87209.99993799995,-206463.60519661498,293.5038811793754,146
43610000,87219.99993796561,-206269.52774419112,298.871682189599,146
43615000,87229.99993793126,-206806.9839681827,299.2988242783818,146
43620000,87239.99993789692,-206048.42580818373,303.0574983587657,146
43625000,87249.99993786258,-206863.91738828225,301.46048851862076,146
43630000,87259.99993782824,-205607.8975295931,306.2538202654037,146
43635000,87269.9999377939,-205609.33195179247,304.04542126003827,146
43640000,87279.99993775955,-206492.04297477903,300.55205155075015,146
43645000,87289.99993772521,-206122.02009291388,308.3493175494507,146
43650000,87299.99993769087,-205356.59164054878,301.6565173282686,146
43655000,87309.99993765652,-206704.0195655747,297.74073117915214,146
43660000,87319.99993762218,-205715.65719807288,298.7777124788166,146
43665000,87329.99993758784,-206559.29070477234,299.93457656518495,146
43670000,87339.9999375535,-206271.81961385848,302.03532691339336,146
43675000,87349.99993751915,-204824.68222519837,299.0653544154006,146
43680000,87359.99993748481,-206838.96013764117,296.6055174340269,145
43685000,87369.99993745047,-206683.93450068717,301.0262972881198,145
43690000,87379.99993741613,-205885.21509175783,297.4697267054979,145
43695000,87389.99993738178,-206658.40328538534,300.50946303672896,145
43700000,87399.99993734744,-206252.48293399892,303.6615193756216,145
43705000,87409.9999373131,-207027.7924774976,305.67892803751465,145
43710000,87419.99993727876,-205882.15511994157,299.3161693317875,145
43715000,87429.99993724441,-206037.7052725529,299.9671636275321,145
43720000,87439.99993721007,-206589.1645371255,297.822797349218,145
43725000,87449.99993717573,-206578.40222489054,298.8843462056653,145
43730000,87459.99993714139,-206675.91151042946,301.2470180151558,145
43735000,87469.99993710704,-206778.7348721592,298.0973796333393,145
43740000,87479.9999370727,-206355.23705438396,307.9270594833278,145
43745000,87489.99993703836,-206585.0281950608,302.2216345475972,145
43750000,87499.99993700402,-205638.61842826975,299.84160652108005,145
43755000,87509.99993696967,-206158.7180478829,298.5516264720856,145
43760000,87519.99993693533,-206439.47504790057,297.7321952997119,145
43765000,87529.99993690099,-206272.3554029247,297.96807625981216,145
43770000,87539.99993686665,-205637.53750290687,301.9546325495829,145
43775000,87549.9999368323,-206134.37075513636,297.1134620254796,145
43780000,87559.99993679796,-206859.0472741786,301.88547116888805,145
43785000,87569.99993676362,-207147.77212605358,299.56153698009,145
43790000,87579.99993672928,-206963.63066144008,301.3160392268622,145
43795000,87589.99993669493,-205941.68131845212,300.4892425970186,145
43800000,87599.99993666059,-206263.11864272575,303.3996241367918,145
43805000,87609.99993662625,-206441.5642981236,301.96370631147533,145
43810000,87619.9999365919,-206299.302231753,301.15111582674484,145
43815000,87629.99993655756,-207646.31167505356,297.58169187658467,145
43820000,87639.99993652322,-206896.5962561384,301.01532739810926,145
43825000,87649.99993648888,-205451.5856356239,303.26356504855124,145
43830000,87659.99993645454,-207054.51547074877,301.0617888692469,145
43835000,87669.9999364202,-206513.40753734217,302.29153531792844,145
43840000,87679.99993638585,-205819.0493307748,294.72244894073464,145
43845000,87689.99993635151,-206391.13004575588,299.41262818513474,145
43850000,87699.99993631717,-205930.93821240496,299.24776740993724,145
43855000,87709.99993628282,-206609.94121565495,299.90542709170404,145
43860000,87719.99993624848,-206534.06287821266,302.2073589659009,145
43865000,87729.99993621414,-206309.99616883707,301.8310197076125,145
43870000,87739.9999361798,-205864.90852160088,298.6356666409719,145
43875000,87749.99993614545,-206674.44465036958,298.5242788962038,145
43880000,87759.99993611111,-206211.34393085353,297.42799900482197,145
43885000,87769.99993607677,-207223.71198327944,299.78690286408204,145
43890000,87779.99993604243,-206703.70855688932,298.77929525648204,145
43895000,87789.99993600808,-205834.22708322655,300.7470932706919,145
43900000,87799.99993597374,-206597.71950514207,303.3331946431024,145
43905000,87809.9999359394,-206300.8287747422,302.2673434287856,145
43910000,87819.99993590506,-206246.44731555425,300.95184100106457,145
43915000,87829.99993587071,-206579.20551192237,297.33150060660626,145
43920000,87839.99993583637,-206542.25694119418,294.4173659901769,145
43925000,87849.99993580203,-206410.63517577434,297.9707536513643,145
43930000,87859.99993576769,-206181.04732272367,303.7056484153909,145
43935000,87869.99993573334,-205583.0772647377,299.54167215538297,145
43940000,87879.999935699,-206509.40051969013,302.1328148931858,145
43945000,87889.99993566466,-206704.48589310364,302.55721346383336,145
43950000,87899.99993563032,-206751.524228647,303.249632133523,145
43955000,87909.99993559597,-206173.202161444,298.21716036305423,145
43960000,87919.99993556163,-206428.389796108,299.6138325506672,145
43965000,87929.99993552729,-206472.678640055,301.34595815252857,145
43970000,87939.99993549295,-207316.71636019403,303.36065762298085,145
43975000,87949.9999354586,-206672.09131143335,301.2205075032019,145
43980000,87959.99993542426,-206572.28924978082,302.7920087551799,145
43985000,87969.99993538992,-205715.36554385908,297.5828702136023,145
43990000,87979.99993535558,-206507.2723587578,297.1198281798632,145
43995000,87989.99993532123,-206672.22063150723,301.3949828754231,145
44000000,87999.99993528689,-206457.58180647134,296.2077533802639,145
44005000,88009.99993525255,-206234.86108123383,298.06278365494353,145
44010000,88019.9999352182,-206591.6027004785,301.63473805957904,145
44015000,88029.99993518386,-206235.7789565744,301.299665193477,145
44020000,88039.99993514952,-206029.8116121824,302.32595325721223,145
44025000,88049.99993511518,-205846.9245426685,297.15291762995923,145
44030000,88059.99993508084,-206020.25771465746,297.7678636946494,145
44035000,88069.9999350465,-206401.86163889233,299.9672212715621,145
44040000,88079.99993501215,-206685.18366623612,303.75824157825673,145
44045000,88089.99993497781,-207194.99444227503,301.104326524409,145
44050000,88099.99993494347,-205577.6350343948,305.78664957407005,145
44055000,88109.99993490912,-206854.8743847292,297.3970712188765,145
44060000,88119.99993487478,-206036.11955846974,294.7482983431693,145
44065000,88129.99993484044,-206358.30398636346,297.8093027213891,145
44070000,88139.9999348061,-207143.0062014301,297.09637015919526,145
44075000,88149.99993477175,-205835.99476715166,297.99180058971393,145
44080000,88159.99993473741,-206631.3367708288,304.01711057441634,145
44085000,88169.99993470307,-206266.29266533966,300.2495025093513,145
44090000,88179.99993466873,-206850.06385913095,295.79044797458647,145
44095000,88189.99993463438,-205994.96440302779,302.8399023331964,145
44100000,88199.99993460004,-206840.44491373096,300.39789262493855,145
44105000,88209.9999345657,-206177.63025298086,301.70378265689794,145
44110000,88219.99993453136,-206860.65226451948,298.8443786683186,145
44115000,88229.99993449701,-206012.76821526117,302.5455320462676,145
44120000,88239.99993446267,-206558.21897317085,297.374063589965,145
44125000,88249.99993442833,-206143.44965421536,298.7583098100906,145
44130000,88259.99993439399,-205967.37195120798,302.289673153689,145
44135000,88269.99993435964,-206300.80085301062,301.21653699012546,145
44140000,88279.9999343253,-207409.6812477907,295.9486492768395,145
44145000,88289.99993429096,-205854.00623680535,299.82982247278716,145
44150000,88299.99993425662,-206507.1885059632,297.69117643421436,145
44155000,88309.99993422227,-205991.7646233529,300.4706525933899,145
44160000,88319.99993418793,-206335.19767103926,299.65302757958614,145
44165000,88329.99993415359,-205948.08073371137,301.5318477866534,145
44170000,88339.99993411925,-205979.17192781228,305.34414883429645,145
44175000,88349.9999340849,-206292.73509273306,304.1031512426289,145
44180000,88359.99993405056,-206491.2882183747,300.5289814595643,145
44185000,88369.99993401622,-206385.36006539047,301.8043830910078,145
44190000,88379.99993398188,-205912.69083735114,299.72686400347703,145
44195000,88389.99993394753,-206749.62618556293,298.4818318084542,145
44200000,88399.99993391319,-206267.80266702792,300.09076773965,145
44205000,88409.99993387885,-206428.0230584672,300.93932036387565,145
44210000,88419.9999338445,-206298.63100723503,302.88176684417965,145
44215000,88429.99993381016,-206372.8470463755,299.5840195088157,145
44220000,88439.99993377582,-207013.02734783734,295.2334297357031,145
44225000,88449.99993374148,-206000.99188050732,300.22459143424487,145
44230000,88459.99993370713,-207384.64964776533,303.6004929365876,145
44235000,88469.99993367279,-206461.59389602032,298.94304678729094,145
44240000,88479.99993363845,-206676.28774142067,300.7340090937368,145
44245000,88489.99993360411,-206395.42966348073,300.0838348614185,145
44250000,88499.99993356976,-207037.51383349963,300.8234450979943,145
44255000,88509.99993353542,-206811.94149595022,296.1332641076069,145
44260000,88519.99993350108,-206324.79920043156,300.0962633547402,145
44265000,88529.99993346674,-206786.1990902836,297.7269999386934,145
44270000,88539.9999334324,-205868.48093412782,303.31643201305775,145
44275000,88549.99993339805,-206624.54429001908,298.9137328491684,145
44280000,88559.99993336371,-206709.91724331386,304.1691940543135,145
44285000,88569.99993332937,-206285.73372906772,302.62290287752825,145
44290000,88579.99993329502,-206948.8592140613,301.27204952443213,145
44295000,88589.99993326068,-206228.79950270255,299.9100529277968,145
44300000,88599.99993322634,-206026.31861838838,301.24550718317784,145
44305000,88609.999933192,-206085.20859640138,301.0937798547722,145
44310000,88619.99993315765,-206665.89586380206,301.82722398092517,145
44315000,88629.99993312331,-205526.8393934943,297.2520437526429,145
44320000,88639.99993308897,-206481.30868401052,299.83245059114523,145
44325000,88649.99993305463,-205958.32458874362,300.61914364769615,145
44330000,88659.99993302028,-206945.73804995592,300.5051660828374,145
44335000,88669.99993298594,-206870.8366889822,303.7897792298167,145
44340000,88679.9999329516,-206574.10125407984,301.12252481658055,145
44345000,88689.99993291726,-205958.17678652215,303.4849579341479,145
44350000,88699.99993288291,-206099.04100363853,296.9967803035026,145
44355000,88709.99993284857,-206280.32870378054,296.82481480198453,145
44360000,88719.99993281423,-206584.10158906947,297.9201063676062,145
44365000,88729.99993277989,-205536.9065652314,294.49062788855304,145
44370000,88739.99993274554,-206572.3306829892,298.44392616611105,145
44375000,88749.9999327112,-206057.72880130925,300.1961264138505,145
44380000,88759.99993267686,-206499.41790313134,299.6267132146327,145
44385000,88769.99993264252,-206686.73128539638,296.35770283631047,145
44390000,88779.99993260817,-206104.17798376502,296.3153677651849,145
44395000,88789.99993257383,-206482.11239161447,301.29101542507556,145
44400000,88799.99993253949,-206000.49294100073,301.92282194248304,145
44405000,88809.99993250515,-206255.63834561664,302.2167687019636,145
44410000,88819.9999324708,-206787.0097741834,305.9966104495803,145
44415000,88829.99993243646,-207051.07856363442,298.3403516076227,145
44420000,88839.99993240212,-206164.03319372179,301.8847813611219,145
44425000,88849.99993236778,-206488.09039687435,303.41349210064186,145
44430000,88859.99993233343,-206009.94490022317,299.11684860315614,145
44435000,88869.99993229909,-206302.67854744208,293.5990891578538,145
44440000,88879.99993226475,-205824.03668183496,298.68710876598624,145
44445000,88889.9999322304,-206783.56359522883,298.9417346766614,145
44450000,88899.99993219606,-206694.1577498737,298.8319367894934,145
44455000,88909.99993216172,-206554.0031390459,296.26175963754264,145
44460000,88919.99993212738,-206851.59428217227,300.6410942175774,145
44465000,88929.99993209304,-205642.03831802763,297.7169522482405,145
44470000,88939.9999320587,-206623.34795018123,301.9469995080715,145
44475000,88949.99993202435,-206198.45556410914,301.95456900219784,145
44480000,88959.99993199001,-206480.35403352615,296.7672215522136,145
44485000,88969.99993195567,-206648.02162826713,298.1083688841672,145
44490000,88979.99993192132,-206186.01951666467,298.7608072713133,145
44495000,88989.99993188698,-206643.0273989078,301.125472549387,145
44500000,88999.99993185264,-206248.63353923056,301.1781476972362,145
44505000,89009.9999318183,-205691.46877927508,301.5455570196515,145
44510000,89019.99993178395,-205898.5112066127,300.04264696328744,145
44515000,89029.99993174961,-205569.60109351145,294.38242889328654,145
44520000,89039.99993171527,-205397.45018819522,297.3150751733008,145
44525000,89049.99993168093,-206184.36000800494,299.1626630352627,145
44530000,89059.99993164658,-205896.8952680868,304.77906904833935,145
44535000,89069.99993161224,-205886.13875565014,299.59243021649246,145
44540000,89079.9999315779,-206495.17280355922,300.98868136946385,145
44545000,89089.99993154356,-206361.97382670362,297.56023891130957,145
44550000,89099.99993150921,-206310.90288843273,301.0359214517976,145
44555000,89109.99993147487,-206481.29162666958,306.3890989447058,145
44560000,89119.99993144053,-206302.88136330165,299.4269921756422,145
44565000,89129.99993140619,-206240.0755229371,296.3530982350901,145
44570000,89139.99993137184,-206552.9586667203,304.9601755359165,145
44575000,89149.9999313375,-206812.77121595817,301.7729287889406,145
44580000,89159.99993130316,-206309.61669495108,298.323750253374,145
44585000,89169.99993126882,-206354.64216350473,298.87140909723206,145
44590000,89179.99993123447,-205823.6527269655,301.3878136005217,145
44595000,89189.99993120013,-205792.33291378035,301.27908992172456,145
44600000,89199.99993116579,-205439.5397801632,298.08567802503944,145
44605000,89209.99993113145,-206420.31284616154,299.48158209866,145
44610000,89219.9999310971,-206794.6511246526,300.5457498373263,145
44615000,89229.99993106276,-206914.46500494366,300.7294078108191,145
44620000,89239.99993102842,-206304.3959387032,295.8906407966442,145
44625000,89249.99993099408,-205493.45535418263,301.6905401681436,145
44630000,89259.99993095973,-206639.88916031213,295.6090290911375,145
44635000,89269.99993092539,-206383.55440184602,299.0108815926208,145
44640000,89279.99993089105,-206344.60438879766,302.9739695253305,145
44645000,89289.9999308567,-206848.2741830909,296.6317056662096,145
44650000,89299.99993082236,-206749.21609960822,300.6821042681784,145
44655000,89309.99993078802,-206228.48445029126,294.7600327486788,145
44660000,89319.99993075368,-206729.53633121005,303.6173901642037,145
44665000,89329.99993071934,-206662.7957351182,301.85587593408815,145
44670000,89339.999930685,-206621.09164322168,303.8153413772958,145
44675000,89349.99993065065,-205930.74232112756,304.5232549728167,145
44680000,89359.99993061631,-206649.57422936975,304.24927668397925,145
44685000,89369.99993058197,-206482.1690830863,300.0380154293081,145
44690000,89379.99993054762,-206141.2358478487,302.21904396009006,145
44695000,89389.99993051328,-207199.32725172222,300.30324468398794,145
44700000,89399.99993047894,-206318.19175184797,294.064970416124,145
44705000,89409.9999304446,-206634.75055001804,295.9278154189027,145
44710000,89419.99993041025,-207098.86366217327,305.0666668735744,145
44715000,89429.99993037591,-207038.03273982636,306.7745993698344,145
44720000,89439.99993034157,-206646.10836230335,300.27637603599567,145
44725000,89449.99993030723,-205481.47114991408,301.98783572108755,145
44730000,89459.99993027288,-205716.65610529447,298.3400993599085,145
44735000,89469.99993023854,-207157.67444300593,304.12270319557103,145
44740000,89479.9999302042,-207044.40649711515,297.3254710699737,145
44745000,89489.99993016986,-206225.40485675947,301.8565899978157,145
44750000,89499.99993013551,-206525.937203925,308.9950727482817,145
44755000,89509.99993010117,-206007.92151273915,303.1032168342859,145
44760000,89519.99993006683,-205888.8735622143,296.92199296708446,145
44765000,89529.99993003249,-206291.7190376689,302.16592849926633,145
44770000,89539.99992999814,-206628.62872311007,301.3522668270475,145
44775000,89549.9999299638,-206482.61016369564,301.87139134709366,145
44780000,89559.99992992946,-206416.12328732747,299.4675975954169,145
44785000,89569.99992989512,-207188.8233774061,301.14907847905795,145
44790000,89579.99992986077,-206107.28617005039,298.8752995311475,145
44795000,89589.99992982643,-206917.04736866138,304.2685269542717,145
44800000,89599.99992979209,-205923.4492538866,300.65533265774184,145
44805000,89609.99992975775,-205851.77661215747,299.9636409968441,145
44810000,89619.9999297234,-205658.037898342,300.6874661158502,145
44815000,89629.99992968906,-206779.0576210561,303.53123977191626,145
44820000,89639.99992965472,-206003.23151985905,304.60990946255924,145
44825000,89649.99992962038,-207179.58515751397,302.6075015513297,145
44830000,89659.99992958603,-206651.86876281607,299.04760191540555,145
44835000,89669.99992955169,-206917.86644852883,303.0434387609527,145
44840000,89679.99992951735,-206341.0301467775,298.81547379373853,145
44845000,89689.999929483,-206302.0084861978,301.426129070611,145
44850000,89699.99992944866,-206675.15445628553,297.0440481832025,145
44855000,89709.99992941432,-206223.89126550546,301.86017136100133,145
44860000,89719.99992937998,-206209.24484235956,300.045498328396,145
44865000,89729.99992934563,-206096.37388981564,301.5062797777681,145
44870000,89739.99992931129,-207143.03624551313,300.69578848495576,145
44875000,89749.99992927695,-206490.82940154907,301.275049164231,145
44880000,89759.99992924261,-206442.87101743475,304.0052618060116,145
44885000,89769.99992920826,-205740.93239382503,297.94066436099774,145
44890000,89779.99992917392,-206953.11692923924,300.4722088028233,145
44895000,89789.99992913958,-206503.1422897285,296.070263462298,145
44900000,89799.99992910524,-206235.14638593025,298.6083024961632,145
44905000,89809.9999290709,-207160.87808162055,301.4625461290347,145
44910000,89819.99992903655,-206251.46478957776,299.86826505302145,145
44915000,89829.99992900221,-205933.3104582386,295.09867494444785,145
44920000,89839.99992896787,-207145.6507455709,301.5466123503725,145
44925000,89849.99992893352,-205901.38565829326,301.15204027086264,145
44930000,89859.99992889918,-206519.68383366475,299.9119328398214,145
44935000,89869.99992886484,-206607.94180805888,300.9335026952394,145
44940000,89879.9999288305,-205909.05827113765,300.45575228178825,145
44945000,89889.99992879615,-205885.04639806482,303.44786522906486,145
44950000,89899.99992876181,-206456.15474247292,299.05343281631224,145
44955000,89909.99992872747,-206419.49468170723,299.97372496041123,145
44960000,89919.99992869313,-206332.63494581357,300.1830317704434,145
44965000,89929.99992865878,-206784.0500177869,297.089107973146,145
44970000,89939.99992862444,-206987.17846240592,298.8788904380226,145
44975000,89949.9999285901,-205986.94284720928,298.52737495281923,145
44980000,89959.99992855576,-206165.50830270164,298.1029082153019,145
44985000,89969.99992852141,-206467.01821178116,301.7824850757184,145
44990000,89979.99992848707,-205684.1669763456,300.31677536413275,145
44995000,89989.99992845273,-206646.8507193518,299.5646519568106,145
45000000,89999.99992841839,-206730.75064860936,301.3820240978417,145
45005000,90009.99992838404,-206016.1373630243,296.23883498267674,145
45010000,90019.9999283497,-206000.57599351066,296.6695274789794,145
45015000,90029.99992831536,-206189.0758329546,297.89006370942326,145
45020000,90039.99992828102,-205933.08331678982,299.72036481719874,145
45025000,90049.99992824667,-206003.93665350392,298.035437329188,145
45030000,90059.99992821233,-206664.58990872477,302.4801158549345,145
45035000,90069.99992817799,-207104.2878939869,301.259353312541,145
45040000,90079.99992814365,-206220.5878524871,300.2131264337137,145
45045000,90089.9999281093,-206343.8796708677,304.7358649205272,145
45050000,90099.99992807496,-206283.89185163658,301.80989724017,145
45055000,90109.99992804062,-206033.43716775405,302.8145298849468,145
45060000,90119.99992800628,-206294.991370455,303.2772019511393,145
45065000,90129.99992797193,-205775.93681438104,297.4513153158953,145
45070000,90139.99992793759,-206744.1122767597,301.2040110977701,145
45075000,90149.99992790325,-206271.6791430926,299.56579898486063,145
45080000,90159.9999278689,-206095.1991737656,300.9698120694147,145
45085000,90169.99992783456,-206254.52852507797,303.9810579535373,145
45090000,90179.99992780022,-206551.03747558617,304.38563347866756,145
45095000,90189.99992776588,-206267.2334953224,302.82931210992825,145
45100000,90199.99992773154,-206679.17870472826,297.697202949182,145
45105000,90209.9999276972,-206097.65550292574,297.32866008559415,145
45110000,90219.99992766285,-206879.5037289994,303.3291130827565,145
45115000,90229.99992762851,-205567.7267844265,297.93880482772414,145
45120000,90239.99992759417,-206356.8377844527,300.32903851944786,145
45125000,90249.99992755982,-206102.9547732001,304.0192046760169,145
45130000,90259.99992752548,-206612.53495192318,305.2851118894154,145
45135000,90269.99992749114,-206614.72472930502,298.07475227211927,145
45140000,90279.9999274568,-205732.1923339466,301.89155070143084,145
45145000,90289.99992742245,-206350.69086049835,302.8587094091316,145
45150000,90299.99992738811,-206445.99755141884,297.89740332648563,145
45155000,90309.99992735377,-205894.8992453951,300.0309512023666,145
45160000,90319.99992731943,-206516.76201763144,299.3864162476697,145
45165000,90329.99992728508,-206051.98053224257,303.0485797312332,145
45170000,90339.99992725074,-206028.75300579634,300.47691325375564,145
45175000,90349.9999272164,-206326.52152456273,302.0693833787548,145
45180000,90359.99992718206,-206333.83407175296,301.5992246617266,145
45185000,90369.99992714771,-206686.8145097443,298.9304079489353,145
45190000,90379.99992711337,-206821.0326715603,299.3119754770201,145
45195000,90389.99992707903,-206751.59440769302,305.33254786311704,145
45200000,90399.99992704469,-206735.55079461273,300.0495783600714,145
45205000,90409.99992701034,-205742.34882278217,300.5888390465746,145
45210000,90419.999926976,-206588.7242156464,300.4273715000905,145
45215000,90429.99992694166,-206187.78071649966,297.88811507131624,145
45220000,90439.99992690732,-206883.21856534714,299.63850445120926,145
45225000,90449.99992687297,-206463.79616877122,297.23778677682986,145
45230000,90459.99992683863,-206609.25339886267,303.28605833942294,145
45235000,90469.99992680429,-206562.10676046694,302.659717801856,145
45240000,90479.99992676995,-206720.19861687976,303.43434527328685,145
45245000,90489.9999267356,-206267.37824889994,297.6599991932636,145
45250000,90499.99992670126,-206125.63759917743,302.2103147284341,145
45255000,90509.99992666692,-206666.63030917232,297.8060705168052,145
45260000,90519.99992663258,-206833.33278374013,299.41916825017694,145
45265000,90529.99992659823,-205846.04259903776,296.3198190154301,145
45270000,90539.99992656389,-206773.77290266252,301.21254296590604,145
45275000,90549.99992652955,-206910.93100036134,299.38634554525294,145
45280000,90559.9999264952,-205939.89185233193,302.17722390925803,145
45285000,90569.99992646086,-206181.7358160935,303.20056894423755,145
45290000,90579.99992642652,-205996.2026637809,300.64925469974656,145
45295000,90589.99992639218,-205844.1441799933,294.920611865189,145
45300000,90599.99992635784,-206437.822138382,298.1041168456344,145
45305000,90609.9999263235,-206930.75678554585,300.01205489222167,145
45310000,90619.99992628915,-205996.52957058314,299.2438050629709,145
45315000,90629.99992625481,-206234.34968182223,302.455081303588,145
45320000,90639.99992622047,-206650.0005680984,300.2547432599123,145
45325000,90649.99992618612,-207161.83289715147,297.00288417956125,145
45330000,90659.99992615178,-206804.07942402654,304.41431124960513,145
45335000,90669.99992611744,-206654.96384015668,300.77285194074193,145
45340000,90679.9999260831,-206737.79580875253,300.08257296158547,145
45345000,90689.99992604875,-206428.8703641959,297.1002337387321,145
45350000,90699.99992601441,-206279.43470784102,302.09316602422814,145
45355000,90709.99992598007,-206263.5664232492,298.5131496618995,145
45360000,90719.99992594573,-206363.3406374005,300.1393954985977,145
45365000,90729.99992591138,-206201.6196915973,298.69567818242456,145
45370000,90739.99992587704,-206597.5161844542,306.2182335779381,145
45375000,90749.9999258427,-207331.26205373683,294.9471940264968,145
45380000,90759.99992580836,-206900.57182222372,299.0818756333405,145
45385000,90769.99992577401,-206852.25515057018,304.074704717983,145
45390000,90779.99992573967,-206726.84799082915,297.85891912315776,145
45395000,90789.99992570533,-206334.15234675002,301.16968879959524,145
45400000,90799.99992567099,-206571.94066075282,303.6571633202504,145
45405000,90809.99992563664,-206587.8743203401,299.2592474775802,145
45410000,90819.9999256023,-206754.50713606563,302.5536521437403,145
45415000,90829.99992556796,-206314.75056002522,301.75307735375617,145
45420000,90839.99992553362,-206785.7749448897,302.9098849517646,145
45425000,90849.99992549927,-206703.19875125634,296.99058902314744,145
45430000,90859.99992546493,-206494.69255282963,302.4568175329576,145
45435000,90869.99992543059,-206419.89294385246,300.3662511707584,145
45440000,90879.99992539625,-205951.20983408752,301.3504334679632,145
45445000,90889.9999253619,-206835.81428462092,301.38961469564856,145
45450000,90899.99992532756,-206533.6379802624,306.23333527301884,145
45455000,90909.99992529322,-206135.09652702417,299.7931528838142,145
45460000,90919.99992525888,-206314.06555144652,301.45313106133665,145
45465000,90929.99992522453,-206855.23978737276,301.2212332412622,145
45470000,90939.99992519019,-206335.6379931405,300.05551397745285,145
45475000,90949.99992515585,-206546.2421453091,302.5013301524384,145
45480000,90959.9999251215,-206529.5921746291,299.79308149881473,145
45485000,90969.99992508716,-205956.679466996,295.99986698169914,145
45490000,90979.99992505282,-206485.13629759452,297.3766217843183,145
45495000,90989.99992501848,-204954.4439031101,302.0380359928951,145
45500000,90999.99992498413,-205988.31019719038,299.50653118014657,145
45505000,91009.99992494979,-205762.31350956147,298.843232988002,145
45510000,91019.99992491545,-206991.98834072484,303.948110824214,145
45515000,91029.99992488111,-206210.36927555094,295.4286820407273,145
45520000,91039.99992484676,-206696.04015318584,300.33030014957467,145
45525000,91049.99992481242,-206914.28526937834,302.5983257378313,145
45530000,91059.99992477808,-207175.1342547345,297.5741069681535,145
45535000,91069.99992474374,-206762.5732410989,297.371208453845,145
45540000,91079.9999247094,-206611.17613285943,299.67785308025327,145
45545000,91089.99992467505,-206190.18488865613,301.2790686463333,145
45550000,91099.99992464071,-206432.3141142408,297.32132769322885,145
45555000,91109.99992460637,-205825.96741527866,302.71916815200206,145
45560000,91119.99992457202,-207440.54582917667,298.1693407518753,145
45565000,91129.99992453768,-206385.22249271104,301.15436739511205,145
45570000,91139.99992450334,-206587.38642326288,300.64100072768025,145
45575000,91149.999924469,-205498.37856337638,300.42739747878016,145
45580000,91159.99992443465,-205764.76039392152,301.83315055193805,145
45585000,91169.99992440031,-206689.70127385308,306.5552198257469,145
45590000,91179.99992436597,-205924.16530445172,304.2142118902949,145
45595000,91189.99992433163,-206245.1630475131,300.2718462611947,145
45600000,91199.99992429728,-206592.0019098809,301.3789072234524,145
45605000,91209.99992426294,-206179.5912824598,304.1395667847679,145
45610000,91219.9999242286,-206637.8968401599,301.45737521403845,145
45615000,91229.99992419426,-206246.41761125415,296.3308098162327,145
45620000,91239.99992415991,-206920.37517832406,304.0023797726644,145
45625000,91249.99992412557,-207032.0021072199,297.18700397077544,145
45630000,91259.99992409123,-206190.9950224599,299.78527818786887,145
45635000,91269.99992405689,-206080.17684204702,300.24166971152704,145
45640000,91279.99992402254,-206085.8812711226,301.43367261638474,145
45645000,91289.9999239882,-206337.30171302787,299.3298709865843,145
45650000,91299.99992395386,-205860.3647738389,302.71350957475374,145
45655000,91309.99992391952,-205603.1828797242,300.0422389434816,145
45660000,91319.99992388517,-206396.2474423839,304.2056611430652,145
45665000,91329.99992385083,-206781.41089628905,303.4760928161171,145
45670000,91339.99992381649,-206394.59049807035,298.9840383238711,145
45675000,91349.99992378215,-206668.496581211,299.2065389233274,145
45680000,91359.9999237478,-206249.04806768417,300.55049572487275,145
45685000,91369.99992371346,-205876.95426349097,297.9100363816375,145
45690000,91379.99992367912,-206301.39777692838,297.915873358073,145
45695000,91389.99992364478,-206649.74329755816,301.7386614273167,145
45700000,91399.99992361043,-206033.24852464593,303.58627433880866,145
45705000,91409.99992357609,-206168.71892480494,299.9115203458652,145
45710000,91419.99992354175,-206073.2472271556,300.5079373975505,145
45715000,91429.9999235074,-206329.6099903694,301.1395133389299,145
45720000,91439.99992347306,-206670.0353977409,304.9544229999348,145
45725000,91449.99992343872,-206703.20049374865,301.19814849979434,145
45730000,91459.99992340438,-205963.74607868504,299.2607953770332,145
45735000,91469.99992337004,-205785.1955708795,299.5519262872504,145
45740000,91479.9999233357,-206251.3311889927,299.0080986318869,145
45745000,91489.99992330135,-205722.58930599433,301.68886795339637,145
45750000,91499.99992326701,-206526.3909917049,302.18141879806933,145
45755000,91509.99992323267,-206335.22754005739,302.53525633322107,145
45760000,91519.99992319832,-205658.20331189584,300.3886831561698,145
45765000,91529.99992316398,-206103.19786681735,298.9180115453818,145
45770000,91539.99992312964,-206143.20886356803,299.95246347428997,145
45775000,91549.9999230953,-205569.3479239334,300.16518137541965,145
45780000,91559.99992306095,-206787.9490197692,302.1770807425803,145
45785000,91569.99992302661,-207403.83663933596,302.2634407554743,145
45790000,91579.99992299227,-206664.78415329964,296.870800474655,145
45795000,91589.99992295793,-206343.8295038927,304.1755684724718,145
45800000,91599.99992292358,-206309.53672180977,301.87810529845984,145
45805000,91609.99992288924,-206831.72945774777,298.466011331921,145
45810000,91619.9999228549,-206642.16019986325,299.92645153929334,145
45815000,91629.99992282056,-206236.94110110484,298.98887834378587,145
45820000,91639.99992278621,-207543.14539845358,299.90998416912925,145
45825000,91649.99992275187,-206692.37177446834,298.0294933054523,145
45830000,91659.99992271753,-206796.71457466157,296.7913027249518,145
45835000,91669.99992268319,-206760.5408694042,301.87510741781387,145
45840000,91679.99992264884,-206694.99828524876,297.64247011612497,145
45845000,91689.9999226145,-207152.4829526958,298.7722191522365,145
45850000,91699.99992258016,-206679.75049970637,303.9509611773679,145
45855000,91709.99992254582,-206819.75951108488,296.19418441886654,145
45860000,91719.99992251147,-207087.6423701431,297.6911378473107,145
45865000,91729.99992247713,-206210.6381087976,296.47369106816393,145
45870000,91739.99992244279,-206276.68282375834,300.28568276090147,145
45875000,91749.99992240845,-207079.8188630381,300.21962846823874,145
45880000,91759.9999223741,-206545.7807031481,297.9236403028774,145
45885000,91769.99992233976,-206758.39500320598,295.8713669592334,145
45890000,91779.99992230542,-206083.74822478124,303.88877804578766,145
45895000,91789.99992227108,-206591.5620687293,300.7714257464925,145
45900000,91799.99992223673,-206202.6362806923,300.5250205563803,145
45905000,91809.99992220239,-205938.28435012465,297.9454492749078,145
45910000,91819.99992216805,-207096.75450031844,300.90604891929775,145
45915000,91829.9999221337,-205967.3889185331,297.30847255322567,145
45920000,91839.99992209936,-206133.9623321927,296.3692853030641,145
45925000,91849.99992206502,-206063.31833812827,303.1871797300992,145
45930000,91859.99992203068,-206436.48178123636,305.44907499397567,145
45935000,91869.99992199634,-206004.96624209557,298.6178950229625,145
45940000,91879.999921962,-206410.36147377884,299.79098077645324,145
45945000,91889.99992192765,-206741.54582572146,298.04516394445886,145
45950000,91899.99992189331,-206839.3696373304,300.866287725599,145
45955000,91909.99992185897,-206322.33060338977,291.8383102958087,145
45960000,91919.99992182462,-206581.28542444494,302.81251402403353,145
45965000,91929.99992179028,-206051.04006886587,293.6899795536048,145
45970000,91939.99992175594,-206137.49387800787,298.6669250037945,145
45975000,91949.9999217216,-206220.13916952256,302.85662739694726,145
45980000,91959.99992168725,-206812.00850224623,299.3891360413911,145
45985000,91969.99992165291,-206467.98536710173,297.3352169746893,145
45990000,91979.99992161857,-206656.7405589691,301.87354253280654,145
45995000,91989.99992158423,-206784.69174536772,303.56972472661687,145
46000000,91999.99992154988,-206445.54938159767,302.9094612033179,145
46005000,92009.99992151554,-206979.01517725608,299.6773127680963,145
46010000,92019.9999214812,-206359.77422808995,302.18462441678014,145
46015000,92029.99992144686,-205865.21081646706,299.6494314555078,145
46020000,92039.99992141251,-206391.48759826878,305.7512293377693,145
46025000,92049.99992137817,-206344.83200320147,294.6906036361253,145
46030000,92059.99992134383,-207134.43623743707,300.962548836004,145
46035000,92069.99992130949,-206540.15976704995,295.781291137914,145
46040000,92079.99992127514,-206482.85284189857,299.90479002162687,145
46045000,92089.9999212408,-206159.08633960865,298.4549732948964,145
46050000,92099.99992120646,-206273.6588976652,302.4003187320624,145
46055000,92109.99992117212,-206510.2259861366,298.4821629243309,145
46060000,92119.99992113777,-206073.75616610597,294.7947289995109,145
46065000,92129.99992110343,-206110.88818247674,296.4220558870044,145
46070000,92139.99992106909,-206245.54451722244,299.748978977373,145
46075000,92149.99992103475,-206527.44073273393,302.29548523140585,145
46080000,92159.9999210004,-207045.79227617,298.3342902645588,145
46085000,92169.99992096606,-206120.4576255012,301.1641533631249,145
46090000,92179.99992093172,-206721.11322278506,297.87755701915324,145
46095000,92189.99992089737,-206161.07937228726,302.81635228209046,145
46100000,92199.99992086303,-206711.11111185735,300.5544346617391,145
46105000,92209.99992082869,-206763.70237983542,302.7080894636163,145
46110000,92219.99992079435,-206106.33736970648,299.79522756734093,145
46115000,92229.99992076,-205854.37609515432,299.0642763354486,145
46120000,92239.99992072566,-205664.72341785743,297.2089726307935,145
46125000,92249.99992069132,-206401.0249660929,297.96121876280506,145
46130000,92259.99992065698,-206808.41520769417,300.8050398237679,145
46135000,92269.99992062263,-206666.48600746086,297.4694260309237,145
46140000,92279.99992058829,-205672.11021272768,299.8921337174723,145
46145000,92289.99992055395,-206124.61153238418,302.31136404635873,145
46150000,92299.9999205196,-206133.4203293788,296.9894174335229,145
46155000,92309.99992048526,-206090.65119461308,298.1158581951026,145
46160000,92319.99992045092,-206714.10157042393,300.20777330161667,145
46165000,92329.99992041658,-206088.80779926502,300.96476950195824,145
46170000,92339.99992038224,-206222.6294240905,303.1953273978866,145
46175000,92349.9999203479,-206115.78277070192,307.1894861843924,145
46180000,92359.99992031355,-206261.10669354163,303.2009444719708,145
46185000,92369.99992027921,-206123.8842432557,297.369141993392,145
46190000,92379.99992024487,-206360.58013016917,298.9027066081369,145
46195000,92389.99992021052,-206404.4858453771,301.65111499480776,145
46200000,92399.99992017618,-205957.24790066108,301.6593572203847,145
46205000,92409.99992014184,-205895.1007789676,299.96588480182385,145
46210000,92419.9999201075,-207158.87047372514,303.1696674868356,145
46215000,92429.99992007315,-206326.16928836575,299.85734807990883,145
46220000,92439.99992003881,-206331.50663943286,304.63405978233163,145
46225000,92449.99992000447,-206739.9717210346,294.8748242261846,145
46230000,92459.99991997013,-206682.00624262064,299.020675887071,145
46235000,92469.99991993578,-207003.71016097732,298.6166591428891,145
46240000,92479.99991990144,-206102.19000561838,300.6955270796787,145
46245000,92489.9999198671,-206890.22069883894,300.9702638683882,145
46250000,92499.99991983276,-206739.35914339114,297.61085499510534,145
46255000,92509.99991979841,-205295.84198122204,295.7944183663871,145
46260000,92519.99991976407,-206206.2833607589,305.03952011227517,145
46265000,92529.99991972973,-206588.66562373762,296.4100194377908,145
46270000,92539.99991969539,-206615.05248134688,301.5094450799454,145
46275000,92549.99991966104,-205258.6484712751,304.73372511113746,145
46280000,92559.9999196267,-206522.53406348708,303.59472975218745,145
46285000,92569.99991959236,-207284.68604741804,297.6674411519057,145
46290000,92579.99991955802,-206785.83514472214,300.06846461575674,145
46295000,92589.99991952367,-205632.0904289704,302.505669770292,145
46300000,92599.99991948933,-206576.26317285665,299.17796616756857,145
46305000,92609.99991945499,-206791.69610960176,298.9106606643513,145
46310000,92619.99991942065,-206305.55087685108,302.149693603799,145
46315000,92629.9999193863,-206909.53080435155,303.08026040260484,145
46320000,92639.99991935196,-205750.16307431273,304.2754767018875,145
46325000,92649.99991931762,-206722.04077186098,294.76365177577424,145
46330000,92659.99991928328,-207241.68559964292,302.77196758666196,145
46335000,92669.99991924893,-205886.0293648322,299.372027413087,145
46340000,92679.99991921459,-206147.67899335024,299.48268640233607,145
46345000,92689.99991918025,-205532.05631423485,301.0406898267752,145
46350000,92699.9999191459,-206274.8562770189,300.19791899540775,145
46355000,92709.99991911156,-205939.57665954053,299.6560650606798,145
46360000,92719.99991907722,-206437.41180971556,298.89647404999977,145
46365000,92729.99991904288,-205376.8735385388,300.1532786939502,145
46370000,92739.99991900854,-205770.22932125558,296.77981611648283,145
46375000,92749.9999189742,-206515.07721261703,297.1130176739515,145
46380000,92759.99991893985,-205952.8554495551,303.9928247273313,145
46385000,92769.99991890551,-205901.26320997253,298.2385678025059,145
46390000,92779.99991887117,-206088.91122763325,302.0602725597386,145
46395000,92789.99991883682,-205676.42799828283,299.8854891628587,145
46400000,92799.99991880248,-206606.76757005136,301.8462598870103,145
46405000,92809.99991876814,-206923.32154529763,300.91643433892534,145
46410000,92819.9999187338,-206575.31867840677,305.90433104582524,145
46415000,92829.99991869945,-206487.42247727385,301.0259313819891,145
46420000,92839.99991866511,-206643.83502693416,298.6348786323329,145
46425000,92849.99991863077,-205863.30209981604,304.608617144221,145
46430000,92859.99991859643,-206995.60444870417,309.0656437018106,145
46435000,92869.99991856208,-206776.61834178504,298.2692626700362,145
46440000,92879.99991852774,-205791.02193289192,301.16073732433307,145
46445000,92889.9999184934,-206972.819251867,298.01587265322223,145
46450000,92899.99991845906,-205852.5817465341,303.0561930513813,145
46455000,92909.99991842471,-206157.80244055425,300.3157539964644,145
46460000,92919.99991839037,-206533.68942235375,301.38120865406256,145
46465000,92929.99991835603,-206690.82563657872,303.4414780411169,145
46470000,92939.99991832169,-205757.33876332873,301.43371090765794,145
46475000,92949.99991828734,-206044.4716521647,300.43569339856236,145
46480000,92959.999918253,-206266.00817389844,297.12468133177975,145
46485000,92969.99991821866,-206460.08682900213,297.19729279851816,145
46490000,92979.99991818432,-205610.88719415898,300.5223520473536,145
46495000,92989.99991814997,-206391.9486996946,304.20493601485555,145
46500000,92999.99991811563,-206866.03509257187,300.3284892873757,145
46505000,93009.99991808129,-206865.95860258874,301.848516024527,145
46510000,93019.99991804695,-206940.80401378858,300.94226733524016,145
46515000,93029.9999180126,-206191.80963661638,298.0823890945768,145
46520000,93039.99991797826,-205831.08546564542,300.1471431049016,145
46525000,93049.99991794392,-207472.4619270683,302.1918139347564,145
46530000,93059.99991790958,-205788.06561677565,301.25105585223815,145
46535000,93069.99991787523,-207075.85586699785,299.3390580289771,145
46540000,93079.99991784089,-206594.86667189444,296.56676233612603,145
46545000,93089.99991780655,-206245.75650150096,303.2736403252525,145
46550000,93099.9999177722,-206132.46086159023,295.92176360168946,145
46555000,93109.99991773786,-206368.65187682002,301.37127545218124,145
46560000,93119.99991770352,-205955.75342034223,301.244132407445,145
46565000,93129.99991766918,-206170.7980988979,299.40683277076255,145
46570000,93139.99991763484,-206425.76244947815,302.81046048621715,145
46575000,93149.9999176005,-205858.50544833764,305.4891632514696,145
46580000,93159.99991756615,-206428.2871354333,298.4968705779977,145
46585000,93169.99991753181,-206169.10018429148,300.588080351544,145
46590000,93179.99991749747,-206401.9902186487,297.6921152766808,145
46595000,93189.99991746312,-206403.93260962598,301.1166307468816,145
46600000,93199.99991742878,-206324.54034105397,298.6596501368967,145
46605000,93209.99991739444,-206407.3015482705,299.5601772635271,145
46610000,93219.9999173601,-206483.14297147118,301.8058661798915,145
46615000,93229.99991732575,-206580.4476234595,300.231978960096,145
46620000,93239.99991729141,-206461.1712432931,299.8274085184161,145
46625000,93249.99991725707,-206702.74777683627,297.8945545301459,145
46630000,93259.99991722273,-206846.3317568045,301.9525660364804,145
46635000,93269.99991718838,-205740.38801366056,295.69019704564744,145
46640000,93279.99991715404,-205860.41054650152,303.1354991921177,145
46645000,93289.9999171197,-206459.54969258315,299.82388179582597,145
46650000,93299.99991708536,-206596.48463800456,297.8498343248035,145
46655000,93309.99991705101,-206739.11188511876,297.52589547263807,145
46660000,93319.99991701667,-206319.6980682438,298.69636170796497,145
46665000,93329.99991698233,-206546.39192966663,302.35302908327117,145
46670000,93339.99991694799,-206793.45957868418,296.90905093191805,145
46675000,93349.99991691364,-205923.08874755795,300.39725879584154,145
46680000,93359.9999168793,-207034.30300782493,298.40812390989606,145
46685000,93369.99991684496,-205904.00347705395,300.2823770435548,145
46690000,93379.99991681062,-206343.87487913843,296.07191274643895,145
46695000,93389.99991677627,-206600.82000224537,300.6228767603492,145
46700000,93399.99991674193,-206796.79639531602,297.5386667568922,145
46705000,93409.99991670759,-206316.13501694496,302.700339706081,145
46710000,93419.99991667325,-206236.71605508367,299.10208154919155,145
46715000,93429.9999166389,-206280.60201632453,298.04206019839324,145
46720000,93439.99991660456,-206811.50682215008,301.3331084319267,145
46725000,93449.99991657022,-206089.81946693745,298.54858100624773,145
46730000,93459.99991653587,-206809.67814760248,301.2100748649744,145
46735000,93469.99991650153,-206325.03804376826,298.21629791280765,145
46740000,93479.99991646719,-206262.45952120784,302.14226850401514,145
46745000,93489.99991643285,-206678.7786480619,301.63207641183396,145
46750000,93499.9999163985,-206913.2001305587,301.2603394551743,145
46755000,93509.99991636416,-207076.065633817,297.5803845592951,145
46760000,93519.99991632982,-205891.51035045274,301.8137948032536,145
46765000,93529.99991629548,-206268.4316640806,301.2569025899755,145
46770000,93539.99991626113,-205856.82196688873,305.05335626095973,145
46775000,93549.99991622679,-206551.4130780649,300.2777378725122,145
46780000,93559.99991619245,-206938.99615842465,304.1741143602148,145
46785000,93569.9999161581,-206497.28181629966,295.9824804230745,145
46790000,93579.99991612376,-207051.52727203735,300.29666314096795,145
46795000,93589.99991608942,-205990.0598823591,299.2488794589246,145
46800000,93599.99991605508,-207278.4870521176,300.9820721034434,145
46805000,93609.99991602074,-207112.4030621288,299.0706222678435,145
46810000,93619.9999159864,-206247.82515528635,301.5096907883346,145
46815000,93629.99991595205,-205995.94006819138,297.6805023357231,145
46820000,93639.99991591771,-206168.70322193822,299.6352424114067,145
46825000,93649.99991588337,-205709.97554725525,297.943367011015,145
46830000,93659.99991584902,-206913.02951746318,306.0091625413346,145
46835000,93669.99991581468,-206684.2603875629,302.45639518240637,145
46840000,93679.99991578034,-206510.2935330622,303.5591663230102,145
46845000,93689.999915746,-206542.2008059353,295.4339123887222,145
46850000,93699.99991571165,-205899.05162318365,302.50523667149895,145
46855000,93709.99991567731,-206476.32917890674,298.77541526715424,145
46860000,93719.99991564297,-206661.78458836162,298.36896008348833,145
46865000,93729.99991560863,-206288.07728255354,301.61084347640957,145
46870000,93739.99991557428,-205897.1061051553,300.55826469534117,145
46875000,93749.99991553994,-205811.60510530637,301.8495980004857,145
46880000,93759.9999155056,-206557.80211637146,297.8224451208193,145
46885000,93769.99991547126,-206623.1172218325,302.7956754620359,145
46890000,93779.99991543691,-206061.2856973413,301.0329744500859,145
46895000,93789.99991540257,-205818.7636945179,305.36139516266087,145
46900000,93799.99991536823,-205957.66910144198,294.3897773770391,145
46905000,93809.99991533389,-206481.5252219981,305.2832466922356,145
46910000,93819.99991529954,-206845.7494514383,304.7476235939795,145
46915000,93829.9999152652,-206491.84032591723,295.89878533289726,145
46920000,93839.99991523086,-206947.07674331777,300.9162323104078,145
46925000,93849.99991519652,-206390.81804282102,299.2446419656326,145
46930000,93859.99991516217,-206636.2718884726,301.8309822576891,145
46935000,93869.99991512783,-206690.12673401344,301.91162575892554,145
46940000,93879.99991509349,-206168.32819322147,300.34227937041044,145
46945000,93889.99991505915,-206679.87352960405,296.5544434631217,145
46950000,93899.9999150248,-207007.5105247968,297.43306396633693,145
46955000,93909.99991499046,-207093.85204846843,300.1323517856936,145
46960000,93919.99991495612,-206288.220779059,296.3122687563994,145
46965000,93929.99991492178,-207031.9137246603,298.5934367003369,145
46970000,93939.99991488743,-205910.4954829145,296.5119278777507,145
46975000,93949.99991485309,-206226.8376649822,301.6840040364643,145
46980000,93959.99991481875,-206208.26216987718,299.57213580492754,145
46985000,93969.9999147844,-206745.1948138266,304.75829910240924,145
46990000,93979.99991475006,-206021.49972851505,298.6758121374057,145
46995000,93989.99991471572,-206417.35124759865,304.76607418622797,145
47000000,93999.99991468138,-206170.50003948505,300.6379975328493,145
47005000,94009.99991464704,-206308.93741860217,300.4317071131895,145
47010000,94019.9999146127,-206049.12560261227,296.2953322091741,145
47015000,94029.99991457835,-206987.73194246506,303.09888560280626,145
47020000,94039.99991454401,-206205.7410355329,303.1106220746051,145
47025000,94049.99991450967,-206621.23921278957,300.18428494592945,145
47030000,94059.99991447532,-206488.22686828708,299.1025064805005,145
47035000,94069.99991444098,-206223.8352108301,304.36064263128503,145
47040000,94079.99991440664,-206746.19906174042,297.45344093160884,145
47045000,94089.9999143723,-206248.1653920781,300.3206593337637,145
47050000,94099.99991433795,-206641.19612640876,300.5053010448666,145
47055000,94109.99991430361,-206514.00647667563,297.63001985065904,145
47060000,94119.99991426927,-206615.20756419003,298.40863606685963,145
47065000,94129.99991423493,-205646.809434479,304.25184411273096,145
47070000,94139.99991420058,-205916.5973144233,303.91503558740146,145
47075000,94149.99991416624,-206254.05657921336,301.7487695703122,145
47080000,94159.9999141319,-206501.47182839876,299.2238995811477,145
47085000,94169.99991409756,-206312.51423198904,302.58646736054953,145
47090000,94179.99991406321,-206409.202147122,301.8860217622875,145
47095000,94189.99991402887,-206724.73306829866,298.9777270010423,145
47100000,94199.99991399453,-206179.49489896197,299.33371046303324,145
47105000,94209.99991396019,-206036.96064844192,300.907685160534,145
47110000,94219.99991392584,-205983.9496775515,297.9068678613993,145
47115000,94229.9999138915,-206435.26813300594,306.89717294364067,145
47120000,94239.99991385716,-205768.31304867112,298.86170502581075,145
47125000,94249.99991382282,-206468.6740738235,303.2244986545869,145
47130000,94259.99991378847,-206119.06467214774,300.6896339174436,145
47135000,94269.99991375413,-207152.73806675745,305.05277842747716,145
47140000,94279.99991371979,-205675.295919862,297.66154536508304,145
47145000,94289.99991368545,-205890.77002650325,300.75849463275335,145
47150000,94299.9999136511,-205601.60531492822,300.27784128934053,145
47155000,94309.99991361676,-206638.80867117294,298.61541806468074,145
47160000,94319.99991358242,-205562.38862198428,299.79042324692637,145
47165000,94329.99991354808,-205998.4623118781,300.5561579041192,145
47170000,94339.99991351373,-205851.07539129246,302.4385242651578,145
47175000,94349.99991347939,-206335.2281976192,296.1134063237871,145
47180000,94359.99991344505,-206271.09821345925,297.44019663320023,145
47185000,94369.9999134107,-206533.08586106938,308.8479481231305,145
47190000,94379.99991337636,-206831.01728739892,301.31353888541383,145
47195000,94389.99991334202,-206611.85272404563,300.0534909636061,145
47200000,94399.99991330768,-207326.6766032445,302.2654865228371,145
47205000,94409.99991327334,-206596.5173006585,297.87455503842824,145
47210000,94419.999913239,-206851.7100604847,296.9589279555696,145
47215000,94429.99991320465,-206315.43103367195,302.93883428979353,145
47220000,94439.99991317031,-206817.28294371848,297.3168529255907,145
47225000,94449.99991313597,-205881.58756189677,303.9033700634717,145
47230000,94459.99991310162,-206089.64733534877,303.6265721975124,145
47235000,94469.99991306728,-206184.67707670596,296.3699714202619,145
47240000,94479.99991303294,-206648.99212487089,302.24778393158425,145
47245000,94489.9999129986,-206951.33511522273,300.65078392283704,145
47250000,94499.99991296425,-206508.40366450464,299.93958308295663,145
47255000,94509.99991292991,-206292.18200822256,303.9529578183181,145
47260000,94519.99991289557,-205727.13372480276,300.71763059568957,145
47265000,94529.99991286123,-205033.69683748123,301.9721742642035,145
47270000,94539.99991282688,-206110.38743355346,297.87930149854634,145
47275000,94549.99991279254,-206571.83396708127,298.54463891786133,145
47280000,94559.9999127582,-205957.8158982551,297.243006930129,145
47285000,94569.99991272386,-207088.90283961524,301.23760197305745,145
47290000,94579.99991268951,-206074.57400601392,298.34849347772877,145
47295000,94589.99991265517,-207046.76258522295,306.1983457113078,145
47300000,94599.99991262083,-206504.70116913947,295.4176599309966,145
47305000,94609.99991258649,-206343.85704301845,297.6275379280226,145
47310000,94619.99991255214,-206183.7781063473,301.2134057512317,145
47315000,94629.9999125178,-205294.70237422164,299.75687196577076,145
47320000,94639.99991248346,-205818.6504599133,298.92144055212515,145
47325000,94649.99991244912,-206077.5344399925,300.7545508007823,145
47330000,94659.99991241477,-206916.54616827297,299.8276279088851,145
47335000,94669.99991238043,-206105.1477406954,300.1254557080774,145
47340000,94679.99991234609,-206807.34228182642,305.5421506216102,145
47345000,94689.99991231174,-206353.54287151038,298.8534988937733,145
47350000,94699.9999122774,-207004.08557938505,301.99591596180716,145
47355000,94709.99991224306,-206061.5249684793,302.11350136972976,145
47360000,94719.99991220872,-206073.10242248012,297.79226166801556,145
47365000,94729.99991217437,-205973.62324225623,302.4672988378232,145
47370000,94739.99991214003,-206852.16356952256,300.8871655388267,145
47375000,94749.99991210569,-206179.31102327292,301.55611071320294,145
47380000,94759.99991207135,-205637.1437893844,299.68849990325555,145
47385000,94769.999912037,-206066.94342759566,303.50472421184054,145
47390000,94779.99991200266,-206339.1914919539,297.6961913348825,145
47395000,94789.99991196832,-206394.22751049127,300.33180629747625,145
47400000,94799.99991193398,-206899.51336596115,298.7139675793677,145
47405000,94809.99991189963,-206661.99764715403,294.26953497868533,145
47410000,94819.99991186529,-206607.65712741832,300.94683758688666,145
47415000,94829.99991183095,-206577.87800005276,302.91475880891676,145
47420000,94839.9999117966,-206292.94996556395,298.0844360829548,145
47425000,94849.99991176226,-206246.35764970444,301.99155510456796,145
47430000,94859.99991172792,-206410.17100337066,299.58036289537364,145
47435000,94869.99991169358,-206917.38610534347,302.4852123166304,145
47440000,94879.99991165924,-206625.93941561738,299.2864349838561,145
47445000,94889.9999116249,-206213.13031916867,294.60700907736947,145
47450000,94899.99991159055,-207048.39342825476,296.8964953301501,145
47455000,94909.99991155621,-206562.98756266118,304.33109903526054,145
47460000,94919.99991152187,-206284.69974590384,306.65589029769546,145
47465000,94929.99991148752,-206024.21843776444,299.855762081007,145
47470000,94939.99991145318,-206623.11747287505,302.1697279886452,145
47475000,94949.99991141884,-206466.4699039259,299.89876564185045,145
47480000,94959.9999113845,-206268.4794717573,299.65265669506937,145
47485000,94969.99991135015,-205450.81959563238,300.5908715676851,145
47490000,94979.99991131581,-206186.4513479242,297.5205585790843,145
47495000,94989.99991128147,-206259.85432172986,301.55946038248277,145
47500000,94999.99991124713,-206670.81858756987,297.22322058255116,145
47505000,95009.99991121278,-205796.74204809917,297.6771431491717,145
47510000,95019.99991117844,-206915.12885902915,301.12165218099085,145
47515000,95029.9999111441,-206536.4052767154,305.9790502526636,145
47520000,95039.99991110976,-206820.98024559033,300.53421630176547,145
47525000,95049.99991107541,-207150.90872851538,294.99860158815204,145
47530000,95059.99991104107,-206490.0583775246,298.961622690523,145
47535000,95069.99991100673,-206525.98800088582,301.66820044094646,145
47540000,95079.99991097239,-206307.7652160892,304.98757159306786,145
47545000,95089.99991093804,-206810.16156521323,299.95390798278703,145
47550000,95099.9999109037,-205725.09350920038,299.0918626871417,145
47555000,95109.99991086936,-205952.45777440805,299.8173000767529,145
47560000,95119.99991083502,-206087.69321832876,301.50421161786875,145
47565000,95129.99991080067,-205848.56075213267,299.45004864925363,145
47570000,95139.99991076633,-205896.0922592663,301.0164671721507,145
47575000,95149.99991073199,-206369.62922885641,298.7565593064039,145
47580000,95159.99991069765,-205888.56012223545,303.36624276272755,145
47585000,95169.9999106633,-207086.8049151668,298.0007457447996,145
47590000,95179.99991062896,-207001.93358036643,301.2811530002786,145
47595000,95189.99991059462,-205434.41016739397,299.00645755129784,145
47600000,95199.99991056028,-206998.2960547345,296.2333427735648,145
47605000,95209.99991052593,-206251.5188312562,302.31871687568105,145
47610000,95219.99991049159,-207124.37383620976,297.4850304298337,145
47615000,95229.99991045725,-206277.40686287673,298.4387591618846,145
47620000,95239.9999104229,-206592.0598762104,298.5488663055217,145
47625000,95249.99991038856,-206621.98323706014,305.12540947500645,145
47630000,95259.99991035422,-205896.98360899137,300.97786245195397,145
47635000,95269.99991031988,-206885.2257515184,304.5272424303621,145
47640000,95279.99991028554,-206096.02061464568,305.110791861926,145
47645000,95289.9999102512,-206253.80082419468,295.5262908592571,145
47650000,95299.99991021685,-205672.3138899462,298.7297638822845,145
47655000,95309.99991018251,-206688.43297955953,302.99637122527776,145
47660000,95319.99991014817,-205972.64518942148,304.27888637727483,145
47665000,95329.99991011382,-206335.61256380205,301.81537893412394,145
47670000,95339.99991007948,-206703.35507698916,299.4406114755965,145
47675000,95349.99991004514,-206664.16781465115,301.33839860148925,145
47680000,95359.9999100108,-206095.08821136516,297.32404288567994,145
47685000,95369.99990997645,-205983.8464282396,297.24288925389214,145
47690000,95379.99990994211,-206432.33209812036,303.83836351884867,145
47695000,95389.99990990777,-206453.3592709523,305.2032918961853,145
47700000,95399.99990987343,-206452.5672583644,296.1944131813166,145
47705000,95409.99990983908,-207115.50725506875,299.4673841600573,145
47710000,95419.99990980474,-206187.16880942998,302.0207796659157,145
47715000,95429.9999097704,-206348.04857949459,300.90327215721754,145
47720000,95439.99990973606,-206439.62733408576,298.6910169608641,145
47725000,95449.99990970171,-205914.58744960243,299.3679155419037,145
47730000,95459.99990966737,-205756.5506193702,298.18016029055906,145
47735000,95469.99990963303,-205820.6336871126,300.2752916921122,145
47740000,95479.99990959869,-206534.96656131034,302.24437701133013,145
47745000,95489.99990956434,-205987.78367870382,297.6784830691461,145
47750000,95499.99990953,-207024.49017613195,305.78574149431654,145
47755000,95509.99990949566,-206356.79170264234,297.1953314420269,145
47760000,95519.99990946132,-206705.1940876717,295.7791758386306,145
47765000,95529.99990942697,-205950.07765286963,296.4289546010773,145
47770000,95539.99990939263,-205673.14514277526,301.4247770901186,145
47775000,95549.99990935829,-205792.5858160426,302.0440929643346,145
47780000,95559.99990932395,-206121.37494201062,296.9814659793855,145
47785000,95569.9999092896,-206913.07913957525,299.39956159151905,145
47790000,95579.99990925526,-206267.22790365492,299.77014944266796,145
47795000,95589.99990922092,-206342.7673693007,298.27016056437066,145
47800000,95599.99990918658,-205820.07125292253,296.2270090520031,145
47805000,95609.99990915223,-207785.1596445589,302.262422800842,145
47810000,95619.99990911789,-206322.63323825388,298.26890825871357,145
47815000,95629.99990908355,-207061.1981731737,303.82664919949644,145
47820000,95639.9999090492,-206347.0405674465,303.96963086993543,145
47825000,95649.99990901486,-206062.69686463743,298.6690791474201,145
47830000,95659.99990898052,-206615.1696262242,303.19549498502295,145
47835000,95669.99990894618,-206378.88667506003,301.0765929055723,145
47840000,95679.99990891184,-206380.9301584646,299.1559821666021,145
47845000,95689.9999088775,-206411.29720855167,300.7159677263746,145
47850000,95699.99990884315,-206076.72839008982,299.9348988466994,145
47855000,95709.99990880881,-206242.1637947352,300.23350948063234,145
47860000,95719.99990877447,-206625.21025995223,298.0054675579814,145
47865000,95729.99990874012,-205524.15842224588,301.69283650520197,145
47870000,95739.99990870578,-206123.40219091484,297.96387026671897,145
47875000,95749.99990867144,-206401.09950245474,300.5966319790572,145
47880000,95759.9999086371,-207569.14194296475,291.44565341040067,145
47885000,95769.99990860275,-206850.0288657985,298.21561208702246,145
47890000,95779.99990856841,-206059.25014287885,300.06016357182494,145
47895000,95789.99990853407,-206506.95647340186,301.41362033670356,145
47900000,95799.99990849973,-206171.2500414492,298.951221615198,145
47905000,95809.99990846538,-206460.8854652926,301.8268397239182,145
47910000,95819.99990843104,-206070.50899721787,300.35692443314355,145
47915000,95829.9999083967,-205977.68213700177,298.2428786509209,145
47920000,95839.99990836236,-205732.4977922166,303.6070123180193,145
47925000,95849.99990832801,-206870.99680693075,296.4238893209404,145
47930000,95859.99990829367,-206427.27247729315,295.60898849158895,145
47935000,95869.99990825933,-206016.43314001383,300.95149802480904,145
47940000,95879.99990822499,-206202.11403320474,299.08682093961625,145
47945000,95889.99990819064,-206702.15417929285,301.17772261588624,145
47950000,95899.9999081563,-206728.58683338843,295.82560420645973,145
47955000,95909.99990812196,-205732.38024650456,296.5281745139311,145
47960000,95919.99990808762,-206786.1362334164,299.5031415235254,145
47965000,95929.99990805327,-205969.59576812538,307.67837935011386,145
47970000,95939.99990801893,-206885.76983964234,304.1240558538692,145
47975000,95949.99990798459,-206606.04979012196,300.2475640060259,145
47980000,95959.99990795024,-206670.2217035913,300.2812816075077,145
47985000,95969.9999079159,-206270.56786188914,300.22889359669955,145
47990000,95979.99990788156,-206682.4966709991,300.67927910683943,145
47995000,95989.99990784722,-206679.5748923351,298.5898239735747,145
48000000,95999.99990781287,-206813.46200865996,298.7996281419879,145
48005000,96009.99990777853,-206211.00813354726,301.17018450451144,145
48010000,96019.99990774419,-206620.37856073026,301.929715930531,145
48015000,96029.99990770985,-206550.99042207503,299.6376308684149,145
48020000,96039.9999076755,-206322.82023358054,304.16265711886564,145
48025000,96049.99990764116,-205820.60913484974,299.8198111811559,145
48030000,96059.99990760682,-206581.63346371532,300.57188117084195,145
48035000,96069.99990757248,-206680.76684959978,302.46901226593394,145
48040000,96079.99990753813,-206050.79770971532,297.56625275036635,145
48045000,96089.99990750379,-205804.8596474845,295.70113238412404,145
48050000,96099.99990746945,-206056.14156057825,301.6645182835029,145
48055000,96109.9999074351,-205125.10334130412,306.24886507653673,145
48060000,96119.99990740076,-206101.15111621586,302.5908958678872,145
48065000,96129.99990736642,-206968.93227169837,297.8058562349911,145
48070000,96139.99990733208,-206429.8621409341,298.7521270762971,145
48075000,96149.99990729774,-206561.4308445045,298.6340749487422,145
48080000,96159.9999072634,-205704.82386823115,300.0820542623177,145
48085000,96169.99990722905,-206889.20338815486,297.7024006563672,145
48090000,96179.99990719471,-206520.56339448027,303.41350523993475,145
48095000,96189.99990716037,-206466.71432869928,298.3199983716625,145
48100000,96199.99990712602,-206736.64083059446,301.4724681603995,145
48105000,96209.99990709168,-206852.0285064811,302.3152206867464,145
48110000,96219.99990705734,-206401.00858847832,296.7669676660526,145
48115000,96229.999907023,-206687.17456240475,301.1640261626026,145
48120000,96239.99990698865,-207489.18832829595,298.4423015481551,145
48125000,96249.99990695431,-206187.9975939761,295.3405141185095,145
48130000,96259.99990691997,-206328.63633268874,302.02216850477527,145
48135000,96269.99990688563,-207293.74040837213,303.2703645567893,145
48140000,96279.99990685128,-206288.120486037,299.2068433993026,145
48145000,96289.99990681694,-206191.55209484487,298.0150828865993,145
48150000,96299.9999067826,-206247.73245324905,297.2858921445845,145
48155000,96309.99990674826,-206250.8049344971,305.55590221443197,145
48160000,96319.99990671391,-205579.5254699533,299.2499237893731,145
48165000,96329.99990667957,-206134.59009905264,295.73067665784293,145
48170000,96339.99990664523,-206351.2263250586,300.74444435045433,145
48175000,96349.99990661089,-206535.78715890064,297.90573833284793,145
48180000,96359.99990657654,-205736.24074186955,296.61622652325815,145
48185000,96369.9999065422,-207274.6810439563,305.0415196210978,145
48190000,96379.99990650786,-207560.41048861924,301.3707756653309,145
48195000,96389.99990647352,-207296.80683995737,299.36342283713145,145
48200000,96399.99990643917,-207199.84086020163,292.20386600599505,145
48205000,96409.99990640483,-206037.8837460616,301.65856394987793,145
48210000,96419.99990637049,-207011.81453225773,300.39910188122894,145
48215000,96429.99990633615,-206752.10457688186,300.01252345409796,145
48220000,96439.9999063018,-205969.2654456218,304.29584604738125,145
48225000,96449.99990626746,-206515.34747693432,302.2449503892278,145
48230000,96459.99990623312,-206703.92501215974,300.52143001233446,145
48235000,96469.99990619878,-206614.00228510087,301.5809315927414,145
48240000,96479.99990616443,-207015.9560917163,301.01164193343493,145
48245000,96489.99990613009,-206008.29532891407,301.7044770374085,145
48250000,96499.99990609575,-206308.71603584173,303.6554583155783,145
48255000,96509.9999060614,-206452.41667520825,302.2922464759469,145
48260000,96519.99990602706,-206502.35930325545,301.29301960560525,145
48265000,96529.99990599272,-206350.81473576662,304.27598744968583,145
48270000,96539.99990595838,-206507.44224759436,302.2123404782138,145
48275000,96549.99990592404,-206043.75645504822,303.14118043635347,145
48280000,96559.9999058897,-205916.8568837908,303.4205744300939,145
48285000,96569.99990585535,-206092.86543805385,301.6390781880046,145
48290000,96579.99990582101,-206852.92760752677,300.2275066604117,145
48295000,96589.99990578667,-206223.4672372241,304.2690419004634,145
48300000,96599.99990575232,-206214.34251647745,302.39731973708143,145
48305000,96609.99990571798,-205753.64891604136,299.5822443083793,145
48310000,96619.99990568364,-206203.87963407685,299.3645651559608,145
48315000,96629.9999056493,-205881.72386216163,299.34451041475387,145
48320000,96639.99990561495,-206798.624647822,301.197182795077,145
48325000,96649.99990558061,-207477.84494276473,303.78968704186536,145
48330000,96659.99990554627,-206718.64245088107,303.2723464547102,145
48335000,96669.99990551193,-206415.4695002985,302.081002920695,145
48340000,96679.99990547758,-205649.5066794015,296.85225478918306,145
48345000,96689.99990544324,-206360.0352991121,295.5793926533811,145
48350000,96699.9999054089,-207389.68982732692,303.68704214269775,145
48355000,96709.99990537456,-206694.0741838197,297.1695852488387,145
48360000,96719.99990534021,-206068.13459951524,299.2563155331021,145
48365000,96729.99990530587,-206429.15785940748,300.6460569495679,145
48370000,96739.99990527153,-206321.36394861445,299.4961684176376,145
48375000,96749.99990523719,-206843.91709349293,297.6285454876538,145
48380000,96759.99990520284,-206626.70108909777,300.43880900098674,145
48385000,96769.9999051685,-206009.45143029687,300.8380343584027,145
48390000,96779.99990513416,-206481.99431852344,300.2545494670115,145
48395000,96789.99990509982,-205754.07746552187,299.06008555900104,145
48400000,96799.99990506547,-205923.08959816466,300.08095595130044,145
48405000,96809.99990503113,-206131.10335642018,302.33254133227564,145
48410000,96819.99990499679,-206743.07392188406,298.75977413763434,145
48415000,96829.99990496245,-206223.07260437717,303.3151694062825,145
48420000,96839.9999049281,-206450.63951842347,303.7364697899224,145
48425000,96849.99990489376,-206615.55235542008,300.4434388675639,145
48430000,96859.99990485942,-206191.37541856733,299.9967286320059,145
48435000,96869.99990482508,-206389.10811746004,299.23004680922276,145
48440000,96879.99990479073,-206361.4127860295,298.4770173691628,145
48445000,96889.99990475639,-206321.8815043579,302.61710744913177,145
48450000,96899.99990472205,-206463.71438641567,298.71437815541935,145
48455000,96909.9999046877,-206158.7395105498,301.8196160386081,145
48460000,96919.99990465336,-206543.19960884855,300.28131468663963,145
48465000,96929.99990461902,-206320.82395892974,297.9264591205365,145
48470000,96939.99990458468,-206059.27116803592,302.50294017395544,145
48475000,96949.99990455034,-206227.40790673287,301.2693535634923,145
48480000,96959.999904516,-205924.38502582302,301.553643038779,145
48485000,96969.99990448165,-206905.13028004556,300.48347931529526,145
48490000,96979.99990444731,-206482.57150062418,300.13359283833853,145
48495000,96989.99990441297,-205969.84819697728,302.7395706190322,145
48500000,96999.99990437862,-207057.83430091885,302.21061364527594,145
48505000,97009.99990434428,-206864.83101159055,297.8731949516786,145
48510000,97019.99990430994,-206372.07315297646,301.54709214446706,145
48515000,97029.9999042756,-206556.21929285873,300.49617699142436,145
48520000,97039.99990424125,-206345.75688297942,296.410223314847,145
48525000,97049.99990420691,-206331.01425670332,304.30523426393563,145
48530000,97059.99990417257,-206157.6023899495,299.3764183658435,145
48535000,97069.99990413823,-206377.24441053474,300.55482091314155,145
48540000,97079.99990410388,-206279.28949184227,301.1737626765838,145
48545000,97089.99990406954,-206557.01644016826,301.10090374926637,145
48550000,97099.9999040352,-205367.56155046378,299.8546708920204,145
48555000,97109.99990400086,-206090.30254556402,299.2864378234901,145
48560000,97119.99990396651,-206511.74720998842,300.50345242395514,145
48565000,97129.99990393217,-207469.73489649768,300.7283792295278,145
48570000,97139.99990389783,-206134.2159968596,297.08799419222066,145
48575000,97149.99990386349,-207073.46633892588,298.4023653877616,145
48580000,97159.99990382914,-206045.08586257452,299.96077525568467,145
48585000,97169.9999037948,-206283.65706112306,297.8473053791709,145
48590000,97179.99990376046,-206570.08325323963,301.9765590827287,145
48595000,97189.99990372612,-206343.075363872,302.2308842394408,145
48600000,97199.99990369177,-205787.21789197216,299.1564250051988,145
48605000,97209.99990365743,-206722.16098844144,303.7874888068419,145
48610000,97219.99990362309,-206823.36657492782,301.89706339209215,145
48615000,97229.99990358874,-205628.53352637857,304.63287395394997,145
48620000,97239.9999035544,-206609.55784601194,303.0459726225463,145
48625000,97249.99990352006,-206010.72956611565,303.7620592261788,145
48630000,97259.99990348572,-206767.7954768173,303.67544016716266,145
48635000,97269.99990345137,-206233.3482904709,298.29300980422073,145
48640000,97279.99990341703,-206939.16995820065,303.4434414925245,145
48645000,97289.99990338269,-206556.47641611658,296.9643828519335,145
48650000,97299.99990334835,-206355.22856206156,305.6560297027341,145
48655000,97309.999903314,-205673.06369727652,300.3245762655928,145
48660000,97319.99990327966,-205426.02964370907,303.4057466161874,145
48665000,97329.99990324532,-205951.86765499855,302.1974085394484,145
48670000,97339.99990321098,-206770.27799148683,298.71874927430804,145
48675000,97349.99990317663,-205889.51293788257,300.1491619822345,145
48680000,97359.99990314229,-206432.81992031552,305.7795248045817,145
48685000,97369.99990310795,-206981.7527474442,299.71006169693044,145
48690000,97379.9999030736,-206565.8884574998,300.2382802717031,145
48695000,97389.99990303926,-206487.4988656995,296.9103790708828,145
48700000,97399.99990300492,-206782.54530245496,302.23257006592735,145
48705000,97409.99990297058,-206541.25079713948,300.3712913194912,145
48710000,97419.99990293624,-207207.11461280962,300.39545057285835,145
48715000,97429.9999029019,-206248.24585192057,297.7885253851925,145
48720000,97439.99990286755,-206615.1890893922,302.4782848503567,145
48725000,97449.99990283321,-206235.53615874704,301.1168207310302,145
48730000,97459.99990279887,-206672.44840439013,296.86634413401646,145
48735000,97469.99990276452,-206729.99171873287,298.1402382829085,145
48740000,97479.99990273018,-205810.29287283216,298.4617020229976,145
48745000,97489.99990269584,-206639.25456419738,302.3311200537601,145
48750000,97499.9999026615,-206235.76534827228,300.0361205189027,145
48755000,97509.99990262715,-206971.77717327757,299.5927802042512,145
48760000,97519.99990259281,-206194.72160467866,298.23295034416356,145
48765000,97529.99990255847,-206020.86371719046,301.8755302586149,145
48770000,97539.99990252413,-206207.10514038405,298.1469812674896,145
48775000,97549.99990248978,-206094.04969602043,295.81576576514874,145
48780000,97559.99990245544,-206046.52290502097,297.65388766938963,145
48785000,97569.9999024211,-206605.91400056577,302.2811752272043,145
48790000,97579.99990238676,-206369.35543573555,299.7981330112816,145
48795000,97589.99990235241,-206374.9406665985,296.66673046767096,145
48800000,97599.99990231807,-206515.7234791729,300.6786462130732,145
48805000,97609.99990228373,-206510.97371945274,302.38943811096664,145
48810000,97619.99990224939,-206294.74813720828,299.69643341749173,145
48815000,97629.99990221504,-206352.84950032306,302.17953420284556,145
48820000,97639.9999021807,-206565.24578626943,299.1804806470616,145
48825000,97649.99990214636,-206604.66854865942,297.86521517432766,145
48830000,97659.99990211202,-207011.20284308388,300.45744442367584,145
48835000,97669.99990207767,-206478.0319024768,298.7793544180361,145
48840000,97679.99990204333,-205976.98533876135,303.0792007756106,145
48845000,97689.99990200899,-206707.88962912897,301.5720711929402,145
48850000,97699.99990197465,-206270.18546410755,307.10189541730574,145
48855000,97709.9999019403,-206409.7557972963,302.53443041297805,145
48860000,97719.99990190596,-205854.05082027125,297.46231303553606,145
48865000,97729.99990187162,-206066.61789355846,293.06790106403867,145
48870000,97739.99990183728,-206005.93704233284,301.4019184262328,145
48875000,97749.99990180293,-206422.5573804694,299.71681460683186,145
48880000,97759.99990176859,-205826.70998639136,299.9560186446514,145
48885000,97769.99990173425,-205952.62806831766,303.33480957450405,145
48890000,97779.9999016999,-205908.2874770104,300.7899846943925,145
48895000,97789.99990166556,-207046.11119072244,303.92942620943455,145
48900000,97799.99990163122,-205783.36993376142,299.3308386882242,145
48905000,97809.99990159688,-206237.08705961204,302.099267805664,145
48910000,97819.99990156254,-206533.2606314706,301.1100217993209,145
48915000,97829.9999015282,-206287.854476784,305.64657717255074,145
48920000,97839.99990149385,-205954.2602954217,300.69890222534696,145
48925000,97849.99990145951,-206073.87069685245,298.532149327144,145
48930000,97859.99990142517,-206596.9512606553,296.13788319501685,145
48935000,97869.99990139082,-206716.16132113023,299.39008224516164,145
48940000,97879.99990135648,-206669.8299968813,302.25003229531353,145
48945000,97889.99990132214,-205953.70035028772,301.46523664889776,145
48950000,97899.9999012878,-207193.09461140633,299.12877602457706,145
48955000,97909.99990125345,-206494.91817475087,302.0215366130032,145
48960000,97919.99990121911,-206564.58088503138,301.68410636121143,145
48965000,97929.99990118477,-206121.47887115402,298.0110058657605,145
48970000,97939.99990115043,-206261.06548678316,298.776557850606,145
48975000,97949.99990111608,-206210.21056219912,296.9709377019498,145
48980000,97959.99990108174,-206432.21671539813,299.03593335326354,145
48985000,97969.9999010474,-206031.4152272395,303.0862745634358,145
48990000,97979.99990101306,-206422.67642547947,298.8850259407242,145
48995000,97989.99990097871,-206577.88559382316,300.8252263958045,145
49000000,97999.99990094437,-205950.84145246446,303.39063401789315,145
49005000,98009.99990091003,-207105.70003834867,302.9704126899878,145
49010000,98019.99990087569,-206338.72017426242,301.0141145191522,145
49015000,98029.99990084134,-207136.62373091304,302.4407778017398,145
49020000,98039.999900807,-206606.64499942993,299.91305494129574,145
49025000,98049.99990077266,-206042.1887475754,299.41354830662965,145
49030000,98059.99990073832,-205882.98438990756,299.02454637098737,145
49035000,98069.99990070397,-206209.0567101841,305.24734990748624,145
49040000,98079.99990066963,-206502.07566096366,304.4872716647533,145
49045000,98089.99990063529,-206494.2798305687,299.2782896163335,145
49050000,98099.99990060095,-206276.1984623113,294.53923034188557,145
49055000,98109.9999005666,-206667.52562405774,299.5996957145973,145
49060000,98119.99990053226,-206044.6005896012,295.66464805785455,145
49065000,98129.99990049792,-205883.76288352825,302.830161858704,145
49070000,98139.99990046358,-206382.48342670396,301.33898676035056,145
49075000,98149.99990042923,-205903.68963772466,299.30289774249206,145
49080000,98159.99990039489,-206483.2121388776,297.12979156701687,145
49085000,98169.99990036055,-206920.75829992886,300.87292339066454,145
49090000,98179.9999003262,-206912.84382291255,301.36729133824514,145
49095000,98189.99990029186,-206006.92017713818,296.92681744068267,145
49100000,98199.99990025752,-206645.4309755516,302.1309215340461,145
49105000,98209.99990022318,-206716.26977307757,298.8273541858799,145
49110000,98219.99990018884,-205989.6695167428,300.78981200687326,145
49115000,98229.9999001545,-206240.3394180825,301.9942279863709,145
49120000,98239.99990012015,-206801.58406930615,292.5309945922669,145
49125000,98249.99990008581,-205969.868397334,303.86238185730247,145
49130000,98259.99990005147,-205825.70484141028,298.0210349551572,145
49135000,98269.99990001712,-205590.88849705167,303.34731089853136,145
49140000,98279.99989998278,-206266.12655697146,301.0759776207006,145
49145000,98289.99989994844,-205797.5701578973,299.0425127032427,145
49150000,98299.9998999141,-206099.53051390056,301.7719347286998,145
49155000,98309.99989987975,-206310.8077697414,293.9254323342935,145
49160000,98319.99989984541,-206987.67641240114,302.15390073124246,145
49165000,98329.99989981107,-205950.51624697528,303.76621715801326,145
49170000,98339.99989977673,-206685.87586934865,302.21607910910944,145
49175000,98349.99989974238,-207112.43471986754,297.47704732687293,145
49180000,98359.99989970804,-207735.96234511677,303.01275661551426,145
49185000,98369.9998996737,-206846.73869623197,297.36023175497246,145
49190000,98379.99989963936,-205781.03238700284,304.095209559649,145
49195000,98389.99989960501,-206747.4604627114,304.6465428004374,145
49200000,98399.99989957067,-206812.68711672665,298.51005945406587,145
49205000,98409.99989953633,-206510.89637109998,305.6326700337854,145
49210000,98419.99989950199,-205625.2390270942,293.88453030119285,145
49215000,98429.99989946764,-206050.17391219642,295.6571825121847,145
49220000,98439.9998994333,-206594.2146017584,299.0346564185635,145
49225000,98449.99989939896,-206338.87823661114,299.9968129870109,145
49230000,98459.99989936461,-206136.07879222208,303.3070534459143,145
49235000,98469.99989933027,-206150.6769155116,299.6505987503703,145
49240000,98479.99989929593,-206659.74464914796,298.1490844725033,145
49245000,98489.99989926159,-206175.88098062878,298.2032021487468,145
49250000,98499.99989922724,-206276.1779983209,294.4089922477691,145
49255000,98509.9998991929,-206626.53122462425,298.9882611760505,145
49260000,98519.99989915856,-206626.0914807981,299.40204674196644,145
49265000,98529.99989912422,-206548.81160273997,299.99713741880544,145
49270000,98539.99989908987,-205567.05608858576,296.716379298443,145
49275000,98549.99989905553,-206333.239553859,301.15740188011256,145
49280000,98559.99989902119,-206457.84757526044,299.5375886972201,145
49285000,98569.99989898685,-205858.29233823414,303.98084998335014,145
49290000,98579.9998989525,-205799.1205748322,301.7595363516982,145
49295000,98589.99989891816,-206437.83115846023,301.2997065174837,145
49300000,98599.99989888382,-205096.18108687445,301.79209836659464,145
49305000,98609.99989884948,-206347.07068506535,304.838281150754,145
49310000,98619.99989881513,-206476.47904010199,303.91527146399915,145
49315000,98629.99989878079,-205973.92848627258,302.48996406707937,145
49320000,98639.99989874645,-206156.25121836853,293.7339669005281,145
49325000,98649.9998987121,-206972.55269725726,297.8218119417446,145
49330000,98659.99989867776,-205739.637870725,296.72497952280344,145
49335000,98669.99989864342,-205606.24570430233,295.62800626637994,145
49340000,98679.99989860908,-206326.95904814068,296.93961162943526,145
49345000,98689.99989857474,-206223.97718031425,307.7855719051038,145
49350000,98699.9998985404,-206585.36882668268,300.4163276415249,145
49355000,98709.99989850605,-205983.73080713837,306.04312569723766,145
49360000,98719.99989847171,-206519.1735446439,302.95295784771866,145
49365000,98729.99989843737,-206816.4682841783,301.7742591324637,145
49370000,98739.99989840302,-207082.97520000732,293.64159865638055,145
49375000,98749.99989836868,-206256.74136351736,299.390257090251,145
49380000,98759.99989833434,-206490.51835116127,301.4042496814201,145
49385000,98769.9998983,-206315.69857659715,302.7427015995195,145
49390000,98779.99989826565,-206714.78920306615,299.5606421397879,145
49395000,98789.99989823131,-206143.065185525,303.5155563851219,145
49400000,98799.99989819697,-206003.40247772692,302.320396801854,145
49405000,98809.99989816263,-206134.93374683603,299.56224928738885,145
49410000,98819.99989812828,-206529.04771913216,300.80321666057347,145
49415000,98829.99989809394,-206429.85766536673,300.93211515340266,145
49420000,98839.9998980596,-206210.18880092446,300.7355094710118,145
49425000,98849.99989802526,-206035.11603794096,304.02252097057277,145
49430000,98859.99989799091,-205822.70209813048,297.69168134926304,145
49435000,98869.99989795657,-205964.69610422198,299.67247327086557,145
49440000,98879.99989792223,-206421.9455809103,294.79834794315923,145
49445000,98889.99989788789,-205781.31118560059,309.55173952307985,145
49450000,98899.99989785354,-206856.76631526405,299.5164998260158,145
49455000,98909.9998978192,-206278.10701431334,299.2771924477141,145
49460000,98919.99989778486,-205400.61984857067,296.9846043927533,145
49465000,98929.99989775052,-206695.79405283823,299.5159510787203,145
49470000,98939.99989771617,-206382.3832859936,298.3115609446637,145
49475000,98949.99989768183,-206029.5966838434,299.84664318528337,145
49480000,98959.99989764749,-206734.50046266778,304.26527283229296,145
49485000,98969.99989761315,-206344.3070012699,301.5878638972472,145
49490000,98979.9998975788,-206497.79591766244,298.5786985278368,145
49495000,98989.99989754446,-206731.6147965727,295.1855608172793,145
49500000,98999.99989751012,-206640.2004498751,300.3200399580964,145
49505000,99009.99989747578,-205612.30635204597,297.58749686403166,145
49510000,99019.99989744143,-206515.73955151555,297.21707998865503,145
49515000,99029.99989740709,-207207.30408859707,298.602377426608,145
49520000,99039.99989737275,-205773.8932830242,297.87930085959147,145
49525000,99049.9998973384,-206435.17095862806,299.79713445965047,145
49530000,99059.99989730406,-206051.97557570366,301.86476809040914,145
49535000,99069.99989726972,-206426.78052925307,303.60733542712256,145
49540000,99079.99989723538,-206669.15307658806,301.8207908458013,145
49545000,99089.99989720104,-206068.41006168036,306.2014623105382,145
49550000,99099.9998971667,-205738.55247404252,295.6401026923343,145
49555000,99109.99989713235,-206737.47892491252,306.17929963898763,145
49560000,99119.99989709801,-206195.128918831,300.5600769237901,145
49565000,99129.99989706367,-206339.9517284712,295.0916439547312,145
49570000,99139.99989702932,-206332.01963056973,299.24194042401723,145
49575000,99149.99989699498,-205591.904842354,300.0788127359987,145
49580000,99159.99989696064,-206270.55586533353,300.62614788868007,145
49585000,99169.9998969263,-206157.15268446645,302.4914583483613,145
49590000,99179.99989689195,-206231.66913109785,305.4509002649209,145
49595000,99189.99989685761,-206433.4568939344,300.2070225904462,145
49600000,99199.99989682327,-205749.54197520646,302.59750258498593,145
49605000,99209.99989678893,-206140.56335782201,304.5064142793337,145
49610000,99219.99989675458,-206342.34265406535,299.7907622659807,145
49615000,99229.99989672024,-206788.9677522485,301.4152949911803,145
49620000,99239.9998966859,-206271.76397533296,304.0818501754271,145
49625000,99249.99989665156,-206420.45221279573,295.8379557829512,145
49630000,99259.99989661721,-205897.280212968,299.533641467684,145
49635000,99269.99989658287,-206501.9515932775,296.8426713374475,145
49640000,99279.99989654853,-206498.62722558912,298.34488941876094,145
49645000,99289.99989651419,-206423.42605051107,302.2496613969532,145
49650000,99299.99989647984,-206416.15968058235,300.8358478788105,145
49655000,99309.9998964455,-206597.45305769972,300.45015800840366,145
49660000,99319.99989641116,-206391.1339600481,296.9406326678562,145
49665000,99329.99989637682,-206338.16475130513,296.6822506862962,145
49670000,99339.99989634247,-207150.52046156419,300.933253881672,145
49675000,99349.99989630813,-206045.68151110434,301.8669525725048,145
49680000,99359.99989627379,-207094.37449155073,298.8072144647861,145
49685000,99369.99989623945,-207018.72475267516,297.12148911174324,145
49690000,99379.9998962051,-206362.92329494923,304.88297963124035,145
49695000,99389.99989617076,-206654.198951788,299.5648217213499,145
49700000,99399.99989613642,-205897.0930702705,299.18302137943914,145
49705000,99409.99989610208,-206221.15310347895,301.69220098920016,145
49710000,99419.99989606773,-206036.79808264843,298.4498508252232,145
49715000,99429.99989603339,-205789.110187141,295.55844054855424,145
49720000,99439.99989599905,-206514.52584585454,299.1628353811183,145
49725000,99449.9998959647,-206642.89499445865,301.9342793307987,145
49730000,99459.99989593036,-205747.40166175296,303.9536418883222,145
49735000,99469.99989589602,-205590.04731805308,303.66386989708985,145
49740000,99479.99989586168,-206313.4209413284,299.2426984257787,145
49745000,99489.99989582734,-206861.58884678571,301.9039469821053,145
49750000,99499.999895793,-207053.66465667996,300.12802498611165,145
49755000,99509.99989575865,-206157.4959859805,298.4404842903595,145
49760000,99519.99989572431,-206500.9289207448,299.9913193406718,145
49765000,99529.99989568997,-205759.9766092553,298.95449097433504,145
49770000,99539.99989565562,-206358.98451685417,298.50751270924167,145
49775000,99549.99989562128,-206705.08000095747,301.8261094226553,145
49780000,99559.99989558694,-206794.74615089025,297.92303324566683,145
49785000,99569.9998955526,-206495.89978327707,297.4812336627614,145
49790000,99579.99989551825,-205915.64082851203,301.65541520940894,145
49795000,99589.99989548391,-206997.71518762864,300.3493722118119,145
49800000,99599.99989544957,-206156.44463192357,297.6909777251414,145
49805000,99609.99989541523,-206628.17264962732,298.05406251943657,145
49810000,99619.99989538088,-206916.56096478947,296.1197029530291,145
49815000,99629.99989534654,-206338.2572734718,298.92135986482623,145
49820000,99639.9998953122,-206166.46624576813,298.9618849037969,145
49825000,99649.99989527786,-206079.59372851986,295.7867225384102,145
49830000,99659.99989524351,-205991.9322795123,303.06313602358495,145
49835000,99669.99989520917,-206011.7251676676,304.5537834460351,145
49840000,99679.99989517483,-205685.0891707592,304.78376983742686,145
49845000,99689.99989514049,-206364.188416922,306.3884900803801,145
49850000,99699.99989510614,-206092.6488857615,300.7020823494083,145
49855000,99709.9998950718,-206671.2057435928,299.8339374798753,145
49860000,99719.99989503746,-206083.5262698253,297.82423013636384,145
49865000,99729.99989500311,-205508.15839253447,295.6558847540682,145
49870000,99739.99989496877,-207069.07495315874,300.9648453074415,145
49875000,99749.99989493443,-206185.13035766967,299.29341509498965,145
49880000,99759.99989490009,-206796.9192748909,296.5908844784488,145
49885000,99769.99989486574,-205931.25296114304,299.9300847766899,145
49890000,99779.9998948314,-206223.89610022912,303.2492661687793,145
49895000,99789.99989479706,-206560.78196956718,299.75142457068824,145
49900000,99799.99989476272,-206653.24444897112,303.14520802773455,145
49905000,99809.99989472837,-206247.84204669518,299.2850262747447,145
49910000,99819.99989469403,-206428.77384295547,294.7840477906331,145
49915000,99829.99989465969,-207155.72890285286,303.3538459630362,145
49920000,99839.99989462535,-205865.6000998976,297.85439631920656,145
49925000,99849.999894591,-206247.5143472975,304.4266550606399,145
49930000,99859.99989455666,-206649.5682312732,302.2679143155158,145
49935000,99869.99989452232,-206223.2734648611,298.70527963792034,145
49940000,99879.99989448798,-206273.6930186299,300.9349996518115,145
49945000,99889.99989445363,-206518.44070049236,297.185659359846,145
49950000,99899.99989441929,-206898.36284661968,304.4724908087609,145
49955000,99909.99989438495,-206075.39916064416,299.1705961890742,145
49960000,99919.9998943506,-206589.1180920474,302.98843979459315,145
49965000,99929.99989431626,-205929.4247389728,300.7088864179202,145
49970000,99939.99989428192,-206532.77025437297,298.71773192890095,145
49975000,99949.99989424758,-206414.90248571965,299.73862813639187,145
49980000,99959.99989421324,-206336.23985118966,301.489742128924,145
49985000,99969.9998941789,-206830.17221743707,299.96054885233804,145
49990000,99979.99989414455,-207362.81961332832,302.6334722110284,145
49995000,99989.99989411021,-206241.39434877853,300.2369047540414,145
50000000,99999.99989407587,-206098.8103179792,302.5196174183932,145
50005000,100009.99989404152,-206208.76940809994,297.1476590179228,145
50010000,100019.99989400718,-206818.76052141516,307.8161677853619,145
50015000,100029.99989397284,-207021.94157261716,300.2990267043964,145
50020000,100039.9998939385,-206785.3522070892,300.0649350758532,145
50025000,100049.99989390415,-207196.37187476282,299.13698414765,145
50030000,100059.99989386981,-206382.25533238158,298.53517229355447,145
50035000,100069.99989383547,-206317.20886798028,296.04892452913623,145
50040000,100079.99989380113,-205993.2300636751,299.45997125512434,145
50045000,100089.99989376678,-206720.30392393563,300.7503844298784,145
50050000,100099.99989373244,-206114.2123435326,298.51162551317174,145
50055000,100109.9998936981,-207169.77962765505,297.86484337498985,145
50060000,100119.99989366376,-205997.64555699436,299.43581076747387,145
50065000,100129.99989362941,-206691.2851393352,303.9268986154538,145
50070000,100139.99989359507,-207043.75355403917,296.06493279858495,145
50075000,100149.99989356073,-205929.3951108997,300.42047977891576,145
50080000,100159.99989352639,-205840.644445705,301.8956780081107,145
50085000,100169.99989349204,-206116.44384491362,302.2175045967766,145
50090000,100179.9998934577,-207009.89115978742,293.44353656982634,145
50095000,100189.99989342336,-206445.3874128285,302.0587114969481,145
50100000,100199.99989338902,-206360.52150672302,304.22199048152464,145
50105000,100209.99989335467,-206770.6379312576,302.9837730117222,145
50110000,100219.99989332033,-206320.64590134844,292.2709085727387,145
50115000,100229.99989328599,-204893.59718918684,298.0302613277124,145
50120000,100239.99989325165,-207214.72295937594,297.23892703215074,145
50125000,100249.9998932173,-206388.87512026727,299.033715651396,145
50130000,100259.99989318296,-206308.15596769226,302.9685233998563,145
50135000,100269.99989314862,-206340.42712411704,300.14309660062463,145
50140000,100279.99989311428,-207048.41401039006,303.2219252010798,145
50145000,100289.99989307993,-207029.42527274217,293.82195208112,145
50150000,100299.99989304559,-205710.89591573924,297.63878507028926,145
50155000,100309.99989301125,-205626.33682942216,306.98833712784693,145
50160000,100319.9998929769,-206297.53345571563,302.69654613785957,145
50165000,100329.99989294256,-206894.10738168447,302.55434687362117,145
50170000,100339.99989290822,-206769.47137098713,296.84905237431195,145
50175000,100349.99989287388,-205945.3816440478,298.98692653908677,145
50180000,100359.99989283954,-205866.9723885213,297.926968018275,145
50185000,100369.9998928052,-205711.52240258723,302.11205928177753,145
50190000,100379.99989277085,-206046.95768836874,299.17326483042075,145
50195000,100389.99989273651,-205999.5818426481,302.44453773139077,145
50200000,100399.99989270217,-206892.27974224265,293.61635160041357,145
50205000,100409.99989266782,-205886.18457664386,301.69638450216263,145
50210000,100419.99989263348,-206496.63619689667,300.2912297769065,145
50215000,100429.99989259914,-206776.93833478063,299.33539590446003,145
50220000,100439.9998925648,-205003.54012002994,298.81983156681525,145
50225000,100449.99989253045,-206451.6780031022,307.3603486907861,145
50230000,100459.99989249611,-206603.6358854305,301.1950099773352,145
50235000,100469.99989246177,-206686.9074342806,296.2571605111486,145
50240000,100479.99989242743,-206344.68895971298,296.6185211765805,145
50245000,100489.99989239308,-206113.39822455344,302.71675366571856,145
50250000,100499.99989235874,-206844.8991336904,304.65230069874434,145
50255000,100509.9998923244,-206481.03193496948,299.12776293408695,145
50260000,100519.99989229006,-206662.2668339779,301.22592428285975,145
50265000,100529.99989225571,-206816.98527457833,299.8886365238626,145
50270000,100539.99989222137,-206393.59394901886,297.47855652946504,145
50275000,100549.99989218703,-207034.3502600845,302.7070237177516,145
50280000,100559.99989215269,-206622.6624446693,297.64811239771484,145
50285000,100569.99989211834,-207383.20960546972,299.29481447967225,145
50290000,100579.999892084,-206620.344488026,302.149528325175,145
50295000,100589.99989204966,-206104.66294612887,298.9244497941892,145
50300000,100599.99989201532,-206454.63005052775,292.49277880431555,145
50305000,100609.99989198097,-206496.50927434338,299.77492168872044,145
50310000,100619.99989194663,-206748.88865682774,298.95118952823105,145
50315000,100629.99989191229,-206352.00241176947,300.72258143951933,145
50320000,100639.99989187795,-206534.84256905306,302.2455185710913,145
50325000,100649.9998918436,-206104.75828731852,298.22895542297994,145
50330000,100659.99989180926,-206494.55010375392,303.64850045936436,145
50335000,100669.99989177492,-206110.9734253462,303.7727712865101,145
50340000,100679.99989174058,-206067.44774388755,297.99054974183133,145
50345000,100689.99989170623,-206889.45993995236,298.4293887329279,145
50350000,100699.99989167189,-206182.93244597653,300.252985369842,145
50355000,100709.99989163755,-207255.22871744272,296.52823263201844,145
50360000,100719.9998916032,-206236.23561656836,298.89928287247915,145
50365000,100729.99989156886,-206452.40274604654,301.18224481530325,145
50370000,100739.99989153452,-206754.04883774754,298.7887032468764,145
50375000,100749.99989150018,-206905.17523685424,301.7183378763128,145
50380000,100759.99989146584,-206871.4049519843,296.0161720406355,145
50385000,100769.9998914315,-205737.674960927,301.65919201528436,145
50390000,100779.99989139715,-206310.84650438814,303.03845594835906,145
50395000,100789.99989136281,-206371.32336691918,304.44928146134885,145
50400000,100799.99989132847,-207389.534237806,300.75321571729415,145
50405000,100809.99989129412,-206567.61472129368,299.22579950574607,145
50410000,100819.99989125978,-205632.8141865607,303.61861402412086,145
50415000,100829.99989122544,-206580.28184091207,298.9895257837951,145
50420000,100839.9998911911,-206964.84615188907,303.4104292219878,145
50425000,100849.99989115675,-206950.81841440767,299.1259021610429,145
50430000,100859.99989112241,-207583.8884878587,294.77215953554696,145
50435000,100869.99989108807,-206432.82336636283,300.1105442575548,145
50440000,100879.99989105373,-205760.75613577187,299.5710670776754,145
50445000,100889.99989101938,-206391.04176121403,299.2423346998445,145
50450000,100899.99989098504,-205913.6701523034,306.29295983848897,145
50455000,100909.9998909507,-206407.83482909307,304.08513851513,145
50460000,100919.99989091636,-206925.1316654269,302.479531297673,145
50465000,100929.99989088201,-207411.69989674562,304.5532479454921,145
50470000,100939.99989084767,-206226.08118861017,300.9103472614841,145
50475000,100949.99989081333,-206180.7327189725,304.0023025497863,145
50480000,100959.99989077898,-206720.9279287859,304.4178554853422,145
50485000,100969.99989074464,-206375.46716980857,301.49527533108,145
50490000,100979.9998907103,-206648.71512898232,301.72209787449134,145
50495000,100989.99989067596,-206815.8546495044,300.24327629692635,145
50500000,100999.99989064161,-206630.9440108122,295.6199251613238,145
50505000,101009.99989060727,-206217.4296312111,301.78773998226774,145
50510000,101019.99989057293,-206364.07634355978,300.0543417657344,145
50515000,101029.99989053859,-205950.83722764102,297.7301288569168,145
50520000,101039.99989050424,-205889.0001499653,304.3081587081661,145
50525000,101049.9998904699,-205797.30291612598,297.47622701034135,145
50530000,101059.99989043556,-206159.4011261817,299.5832370662408,145
50535000,101069.99989040122,-206153.75908053166,301.9113179284965,145
50540000,101079.99989036687,-206499.19184224133,297.7658350380343,145
50545000,101089.99989033253,-206382.13580501592,303.1567581299546,145
50550000,101099.99989029819,-206520.117983534,303.76077395635474,145
50555000,101109.99989026385,-206494.7219752759,302.34609689462957,145
50560000,101119.9998902295,-206168.46032266365,300.8957519587252,145
50565000,101129.99989019516,-206303.1687137212,299.2219863030251,145
50570000,101139.99989016082,-206423.05287479353,305.21569407849347,145
50575000,101149.99989012648,-206130.65863210324,297.3943802205624,145
50580000,101159.99989009213,-206511.0889500857,299.08904207303704,145
50585000,101169.99989005779,-207433.2942163064,301.4757760350796,145
50590000,101179.99989002345,-206877.15344920114,294.796366727819,145
50595000,101189.9998899891,-206861.6832403764,304.52737069813037,145
50600000,101199.99988995476,-206035.976048075,296.3443468380953,145
50605000,101209.99988992042,-206486.14194924466,299.8705192475653,145
50610000,101219.99988988608,-206449.79664105934,300.52430677677376,145
50615000,101229.99988985174,-206028.42969491007,301.2760525416065,145
50620000,101239.9998898174,-207056.71812451794,296.3891814477785,145
50625000,101249.99988978305,-206586.96456460003,300.7209329093615,145
50630000,101259.99988974871,-205949.01650183997,298.12679008873124,145
50635000,101269.99988971437,-205956.20343462552,293.78538183793097,145
50640000,101279.99988968002,-206123.22470188863,298.52518718868856,145
50645000,101289.99988964568,-205891.42554060032,299.23925530209135,145
50650000,101299.99988961134,-207066.58642390242,298.0648279037696,145
50655000,101309.999889577,-206501.34643668775,297.2181472559415,145
50660000,101319.99988954265,-206721.8105649606,298.79939600024977,145
50665000,101329.99988950831,-206364.0917100904,302.63267150246327,145
50670000,101339.99988947397,-206700.91676777508,304.07349632433625,145
50675000,101349.99988943963,-206363.8053167581,301.31606113491597,145
50680000,101359.99988940528,-206218.4482762199,305.10455983094863,145
50685000,101369.99988937094,-206825.10649620893,297.98836095622147,145
50690000,101379.9998893366,-207057.28868477698,298.75488140374074,145
50695000,101389.99988930226,-205815.93098712945,296.24583033545684,145
50700000,101399.99988926791,-206245.6664287973,299.16422074877426,145
50705000,101409.99988923357,-206133.8146769507,307.59022182536074,145
50710000,101419.99988919923,-205297.11234704207,297.91164603850507,145
50715000,101429.99988916489,-206773.98959536455,302.5224317610412,145
50720000,101439.99988913054,-205899.7299861533,298.87723001945164,145
50725000,101449.9998890962,-205584.45852146705,298.61914755428603,145
50730000,101459.99988906186,-206988.82018506422,298.68601544388997,145
50735000,101469.99988902752,-206664.97816695704,298.7384579270323,145
50740000,101479.99988899317,-206332.24780204578,303.4980559112709,145
50745000,101489.99988895883,-206535.00863438833,301.37697912971475,145
50750000,101499.99988892449,-206436.76983550028,302.0338063047425,145
50755000,101509.99988889015,-205884.94208987406,300.2980553409874,145
50760000,101519.9998888558,-206463.99990216026,298.50183280829185,145
50765000,101529.99988882146,-206683.1017009077,302.29707695870127,145
50770000,101539.99988878712,-205692.73185625288,299.1644902354886,145
50775000,101549.99988875278,-206650.83328752196,302.5572559615974,145
50780000,101559.99988871843,-206288.57532655343,301.8223569752607,145
50785000,101569.99988868409,-206614.7722973026,304.6272359525713,145
50790000,101579.99988864975,-205856.51643000962,300.7514347980263,145
50795000,101589.9998886154,-205744.46768062224,296.99610373900754,145
50800000,101599.99988858106,-205759.75062846264,299.3840996917006,145
50805000,101609.99988854672,-205913.61201222322,301.79502124809085,145
50810000,101619.99988851238,-206509.65967309673,301.5244878492354,145
50815000,101629.99988847804,-207009.2725952859,298.9988886876049,145
50820000,101639.9998884437,-205842.41394301597,296.13783387544487,145
50825000,101649.99988840935,-205986.2569101157,293.35345234473766,145
50830000,101659.99988837501,-206611.34374090272,298.4253739556677,145
50835000,101669.99988834067,-207051.4113477898,297.46891136848967,145
50840000,101679.99988830632,-206782.1802031853,306.68742128635176,145
50845000,101689.99988827198,-206065.93168498238,301.3927722624078,145
50850000,101699.99988823764,-206672.47057027253,297.4230746944267,145
50855000,101709.9998882033,-206286.73430169385,302.108450087284,145
50860000,101719.99988816895,-206079.0202224058,303.8962605260676,145
50865000,101729.99988813461,-207259.4102254965,303.8468261792433,145
50870000,101739.99988810027,-206014.80774848827,298.34458019683774,145
50875000,101749.99988806593,-205780.43781487586,302.8146459022135,145
50880000,101759.99988803158,-205887.81800989283,300.5199787680832,145
50885000,101769.99988799724,-207178.32978474756,301.9069120076797,145
50890000,101779.9998879629,-206374.35078329255,297.19272002426555,145
50895000,101789.99988792856,-206492.57659381127,297.5002218873547,145
50900000,101799.99988789421,-206799.164068511,299.3398159884003,145
50905000,101809.99988785987,-206421.27951283345,297.37101439618675,145
50910000,101819.99988782553,-206810.77294748777,298.82782620923604,145
50915000,101829.99988779119,-206286.23698569147,297.2754477649273,145
50920000,101839.99988775684,-206930.8809869549,303.0907490701521,145
50925000,101849.9998877225,-205978.31046742166,302.47197747670964,145
50930000,101859.99988768816,-207293.17963873374,297.4415888799837,145
50935000,101869.99988765382,-206478.78308146738,296.38550399966914,145
50940000,101879.99988761947,-207061.65179642045,296.6453031168649,145
50945000,101889.99988758513,-206540.39658833423,302.3879662226569,145
50950000,101899.99988755079,-206590.0667553799,302.04428216276426,145
50955000,101909.99988751645,-205800.5299186065,300.977661653836,145
50960000,101919.9998874821,-206226.5553869221,295.79229767011896,145
50965000,101929.99988744776,-206446.25307411002,298.5804596379948,145
50970000,101939.99988741342,-206609.9408405457,292.8699141953521,145
50975000,101949.99988737908,-206436.64791293,299.86963094158233,145
50980000,101959.99988734473,-205158.78123903414,299.107609923852,145
50985000,101969.99988731039,-205594.9782777849,300.6911586846973,145
50990000,101979.99988727605,-206605.43695021863,294.4912362612864,145
50995000,101989.9998872417,-205886.8077219032,307.1564566273168,145
51000000,101999.99988720736,-206176.08124952076,302.82898167635244,145
51005000,102009.99988717302,-205948.26429396623,298.94036663747517,145
51010000,102019.99988713868,-206130.29722077458,302.0634478893163,145
51015000,102029.99988710434,-206877.66164034023,302.6272052464481,145
51020000,102039.99988707,-206339.97542462533,303.34393725721634,145
51025000,102049.99988703565,-206436.2773160768,300.75403178384613,145
51030000,102059.99988700131,-205772.10340198514,300.5249773269326,145
51035000,102069.99988696697,-206015.6993455505,299.4741761393416,145
51040000,102079.99988693262,-206842.22974818642,302.72498898357844,145
51045000,102089.99988689828,-206527.97670357965,302.4780625747072,145
51050000,102099.99988686394,-206012.90800779464,297.23669756856987,145
51055000,102109.9998868296,-205367.65423576673,301.82617960724775,145
51060000,102119.99988679525,-206425.6006016042,297.87421593551136,145
51065000,102129.99988676091,-206481.1635337259,298.8899727153182,145
51070000,102139.99988672657,-206899.75847079803,299.99185963936617,145
51075000,102149.99988669223,-205446.6677846316,299.67258356902573,145
51080000,102159.99988665788,-206291.79135018378,298.5837057139011,145
51085000,102169.99988662354,-206631.04629701923,295.0360796607766,145
51090000,102179.9998865892,-206949.31585701893,301.2038903029142,145
51095000,102189.99988655486,-205362.26479058887,301.50005293556353,145
51100000,102199.99988652051,-206776.58202833042,300.13948354030913,145
51105000,102209.99988648617,-206161.79311686382,294.3444767127558,145
51110000,102219.99988645183,-206603.8119686849,297.8445814550778,145
51115000,102229.99988641748,-206719.81037833483,298.4466166199617,145
51120000,102239.99988638314,-207560.22171985905,298.0874974625239,145
51125000,102249.9998863488,-205995.44777108403,302.7047046226195,145
51130000,102259.99988631446,-206428.9962471635,298.14181274071683,145
51135000,102269.99988628011,-205906.86587654403,301.82042286736873,145
51140000,102279.99988624577,-205440.77226941288,301.21433898394275,145
51145000,102289.99988621143,-205921.76267926616,304.69610484391535,145
51150000,102299.99988617709,-206127.67986302497,295.11237588949734,145
51155000,102309.99988614274,-207008.4617134285,296.9373577718687,145
51160000,102319.9998861084,-205752.05033811135,297.9690682576873,145
51165000,102329.99988607406,-205809.79284314543,296.8735616195848,145
51170000,102339.99988603972,-206114.48053879966,300.8648745074065,145
51175000,102349.99988600537,-205859.21809636918,298.37538983096516,145
51180000,102359.99988597103,-207269.08560884884,298.3504723661518,145
51185000,102369.99988593669,-206944.08254922822,305.98188223522124,145
51190000,102379.99988590235,-206012.16686276242,303.08465073647244,145
51195000,102389.999885868,-206307.88345549314,299.7363183024116,145
51200000,102399.99988583366,-206143.36656307813,304.07040414134235,145
51205000,102409.99988579932,-206921.97791411483,301.6865479144705,145
51210000,102419.99988576498,-206571.02552097128,297.63640181013426,145
51215000,102429.99988573063,-206880.16911163356,299.4270882357683,145
51220000,102439.99988569629,-206477.37173197872,299.445479251399,145
51225000,102449.99988566195,-206825.95098297775,304.0586233725254,145
51230000,102459.9998856276,-206748.44021088537,299.38969365082727,145
51235000,102469.99988559326,-206628.73445838573,302.6566712272766,145
51240000,102479.99988555892,-206040.01287931227,302.7845983089365,145
51245000,102489.99988552458,-206486.74057069526,301.9700656730304,145
51250000,102499.99988549024,-206280.67189662613,301.36178097416536,145
51255000,102509.9998854559,-207035.64314556913,303.5506824768813,145
51260000,102519.99988542155,-206234.59064467286,296.9825931662863,145
51265000,102529.99988538721,-207583.60700991703,298.37382388498264,145
51270000,102539.99988535287,-206953.79110841046,299.50900497420747,145
51275000,102549.99988531852,-206544.85828294558,296.40249523413263,145
51280000,102559.99988528418,-207135.37169381056,299.4312226008832,145
51285000,102569.99988524984,-205655.05328258907,301.3528877979769,145
51290000,102579.9998852155,-206154.2250023497,298.0920131412048,145
51295000,102589.99988518115,-205892.62112853758,300.03686927195645,145
51300000,102599.99988514681,-206900.16350777436,296.5343614438924,145
51305000,102609.99988511247,-206865.78586600279,299.11081294669043,145
51310000,102619.99988507813,-205738.86623826448,300.48620712977566,145
51315000,102629.99988504378,-206390.8466362073,296.2671394339083,145
51320000,102639.99988500944,-206425.91540803376,296.03597528397796,145
51325000,102649.9998849751,-205708.10552254517,297.62173948136837,145
51330000,102659.99988494076,-205415.77703269315,301.5984600727965,145
51335000,102669.99988490641,-206595.06935415196,298.557452518572,145
51340000,102679.99988487207,-206538.1368341163,301.4652746517118,145
51345000,102689.99988483773,-206057.45713054435,299.39064569278304,145
51350000,102699.99988480339,-206969.10143041215,301.4874033453856,145
51355000,102709.99988476904,-205899.36261581595,307.093806003738,145
51360000,102719.9998847347,-206470.33325053565,294.44770791367006,145
51365000,102729.99988470036,-206848.89982105896,303.64708658022505,145
51370000,102739.99988466602,-206668.29095171497,302.99584614457314,145
51375000,102749.99988463167,-206149.36872075917,297.9245766089741,145
51380000,102759.99988459733,-206175.77389109263,295.46113151471815,145
51385000,102769.99988456299,-206095.93232701102,301.9438610212705,145
51390000,102779.99988452865,-205991.515016875,301.9369744909228,145
51395000,102789.9998844943,-206590.1054815593,303.14451003281187,145
51400000,102799.99988445996,-207186.02221271885,302.1584811258071,145
51405000,102809.99988442562,-206274.97055498988,301.31994319342016,145
51410000,102819.99988439128,-206919.85752465331,300.84556024755943,145
51415000,102829.99988435693,-206344.91664537054,298.2148901356879,145
51420000,102839.99988432259,-206843.47934994998,299.67790983235534,145
51425000,102849.99988428825,-207052.22706598393,296.3885025574949,145
51430000,102859.9998842539,-205964.11066852685,294.9075387530061,145
51435000,102869.99988421956,-206307.64018047822,298.43074268886653,145
51440000,102879.99988418522,-206233.5350747041,299.02090262773413,145
51445000,102889.99988415088,-205853.35777147056,304.0241724067663,145
51450000,102899.99988411654,-205968.42149442737,302.93061419882395,145
51455000,102909.9998840822,-206402.60257555917,301.4064907013632,145
51460000,102919.99988404785,-206607.41160398757,293.90629482309606,145
51465000,102929.99988401351,-206589.65996658464,295.1155408251341,145
51470000,102939.99988397917,-206977.62266175507,302.6691623965027,145
51475000,102949.99988394482,-205938.05217386957,294.07441560435524,145
51480000,102959.99988391048,-206255.2345548413,298.67016850531076,145
51485000,102969.99988387614,-205501.88902386057,295.03291957728135,145
51490000,102979.9998838418,-206406.30185026163,299.6140535946999,145
51495000,102989.99988380745,-206724.24459174636,300.40043871228596,145
51500000,102999.99988377311,-206051.23988478433,298.9997667052698,145
51505000,103009.99988373877,-205978.843471637,300.3370587802754,145
51510000,103019.99988370443,-206910.275145657,302.50496830421673,145
51515000,103029.99988367008,-206269.83254860493,305.59718470501696,145
51520000,103039.99988363574,-206520.15885400702,302.0603181656105,145
51525000,103049.9998836014,-206416.79423728504,300.6766812495545,145
51530000,103059.99988356706,-205890.63940762694,302.4505847666818,145
51535000,103069.99988353271,-206380.0508052461,301.5251847821794,145
51540000,103079.99988349837,-206107.9519884811,304.2149791634047,145
51545000,103089.99988346403,-206049.19630374538,299.71028593643507,145
51550000,103099.99988342969,-206936.52479729976,304.3449768453784,145
51555000,103109.99988339534,-206326.48669188842,302.4069053418021,145
51560000,103119.999883361,-207364.4734302424,298.8554668648194,145
51565000,103129.99988332666,-205698.44130403118,298.6186313683462,145
51570000,103139.99988329232,-206266.99519024766,300.09907095217477,145
51575000,103149.99988325797,-206411.42275997472,302.3928304932578,145
51580000,103159.99988322363,-206300.36351821572,300.409418811155,145
51585000,103169.99988318929,-207237.62986644648,300.6320967723306,145
51590000,103179.99988315495,-206374.03947713051,301.3949294876562,145
51595000,103189.9998831206,-206147.97489323316,298.249002639429,145
51600000,103199.99988308626,-207101.46818819875,299.26030097835286,145
51605000,103209.99988305192,-207021.48491209687,303.951351917638,145
51610000,103219.99988301758,-206631.07532511593,299.7943099140779,145
51615000,103229.99988298323,-206569.41406412364,298.27103689198503,145
51620000,103239.99988294889,-205751.5816497323,303.2612169810644,145
51625000,103249.99988291455,-206020.1552985661,304.3865993619932,145
51630000,103259.9998828802,-206362.19778560556,302.10608029412674,145
51635000,103269.99988284586,-206265.20003404282,298.1394451851747,145
51640000,103279.99988281152,-206858.44122879533,303.50608390807815,145
51645000,103289.99988277718,-205631.23836376134,293.86697291526826,145
51650000,103299.99988274284,-206143.21636853297,299.9622534460175,145
51655000,103309.9998827085,-206791.46986897162,300.73933124834235,145
51660000,103319.99988267415,-206385.06586924824,300.18845412362253,145
51665000,103329.99988263981,-205426.5259974762,298.94505786587325,145
51670000,103339.99988260547,-206917.4510656317,297.4953485253754,145
51675000,103349.99988257112,-207287.96147835068,300.5308786706704,145
51680000,103359.99988253678,-206846.5908680868,300.86914838228824,145
51685000,103369.99988250244,-206192.53975932742,293.9873220893233,145
51690000,103379.9998824681,-206963.58906665014,296.4358619617649,145
51695000,103389.99988243375,-206170.96606320038,304.0507647541273,145
51700000,103399.99988239941,-207147.0053539793,299.9154549204816,145
51705000,103409.99988236507,-206538.76216375455,296.5763699226048,145
51710000,103419.99988233073,-205811.23391458858,296.77769405565743,145
51715000,103429.99988229638,-206353.77045868593,297.2970762562335,145
51720000,103439.99988226204,-206539.52427118528,303.5333807657425,145
51725000,103449.9998822277,-206425.7376990565,295.2169314024209,145
51730000,103459.99988219336,-206202.32792378275,300.7876852129298,145
51735000,103469.99988215901,-206187.8751809341,296.86274747036254,145
51740000,103479.99988212467,-206165.97790770745,299.556204142055,145
51745000,103489.99988209033,-206673.9999186073,299.36874183823943,145
51750000,103499.99988205598,-206605.34106328,300.6767159276316,145
51755000,103509.99988202164,-206435.58619293373,303.1714912045225,145
51760000,103519.9998819873,-206414.01211621286,295.0361654413703,145
51765000,103529.99988195296,-206702.35091668332,299.4755753106944,145
51770000,103539.99988191861,-207245.56058564386,304.0663641316758,145
51775000,103549.99988188427,-206336.8234993677,297.6133934167815,145
51780000,103559.99988184993,-207665.1141759418,299.13606172010054,145
51785000,103569.99988181559,-206262.16564684664,300.30853570664937,145
51790000,103579.99988178124,-205788.29996758874,298.6744300483635,145
51795000,103589.9998817469,-206132.81726314232,301.4688152877061,145
51800000,103599.99988171256,-207019.19637536246,299.7252800291723,145
51805000,103609.99988167822,-206547.77596751368,297.54584979093295,145
51810000,103619.99988164387,-206186.52047124493,298.9469116965517,145
51815000,103629.99988160953,-206360.49266031606,302.15683532213865,145
51820000,103639.99988157519,-205669.40835374512,301.29612462143376,145
51825000,103649.99988154085,-206439.70252339833,297.0603993487779,145
51830000,103659.9998815065,-206799.55102303403,302.90278460360355,145
51835000,103669.99988147216,-206075.43511493376,298.37374210231144,145
51840000,103679.99988143782,-206106.36675479484,303.8683546168193,145
51845000,103689.99988140348,-206526.4704651679,301.1856622534486,145
51850000,103699.99988136913,-206652.48021596717,295.8978579111264,145
51855000,103709.99988133479,-206682.72627398407,306.9873724152519,145
51860000,103719.99988130045,-206077.07957604178,303.72364555564593,145
51865000,103729.9998812661,-207023.9886398858,299.9638206086567,145
51870000,103739.99988123176,-205966.71316139458,296.634033316948,145
51875000,103749.99988119742,-206458.86489220988,297.5112917100137,145
51880000,103759.99988116308,-206351.41293713904,298.08097441247645,145
51885000,103769.99988112874,-206410.90972148255,303.38120468142387,145
51890000,103779.9998810944,-207301.59332367987,297.6521410331894,145
51895000,103789.99988106005,-207706.22267450846,300.76901954092943,145
51900000,103799.99988102571,-207206.62450109492,303.6220014269546,145
51905000,103809.99988099137,-206328.1053021223,301.8860158319299,145
51910000,103819.99988095702,-206181.50094781467,298.65382893484303,145
51915000,103829.99988092268,-207021.15395310975,300.2774902941059,145
51920000,103839.99988088834,-206757.8754971095,300.6777313264542,145
51925000,103849.999880854,-206943.8526424442,298.03278911078354,145
51930000,103859.99988081965,-205996.2716818913,304.2014522285352,145
51935000,103869.99988078531,-206017.56655539852,302.1297375755834,145
51940000,103879.99988075097,-206025.72821490932,301.47171236836107,145
51945000,103889.99988071663,-206199.2010071216,304.03662841072594,145
51950000,103899.99988068228,-206625.24568819127,298.1315995334295,145
51955000,103909.99988064794,-207446.67106589722,301.74427784987597,145
51960000,103919.9998806136,-205994.82819860533,299.23715205088394,145
51965000,103929.99988057926,-206727.81246720313,303.95545996146626,145
51970000,103939.99988054491,-206684.10080818587,301.38550110436375,145
51975000,103949.99988051057,-207146.8608912906,299.7140143733541,145
51980000,103959.99988047623,-207180.80299089977,297.3430430288469,145
51985000,103969.99988044189,-206598.06163064495,300.34667277675527,145
51990000,103979.99988040754,-206273.5178612658,300.20894894763995,145
51995000,103989.9998803732,-206417.8397777205,303.28265109112607,145
52000000,103999.99988033886,-206059.62341646745,302.27095784964934,145
52005000,104009.99988030452,-206911.45349051268,299.6060262187811,145
52010000,104019.99988027017,-206245.09918030433,298.0765487570225,145
52015000,104029.99988023583,-206439.42466701358,298.1003181980282,145
52020000,104039.99988020149,-206351.94789056026,297.184554525111,145
52025000,104049.99988016715,-206456.91492408002,298.08773122443114,145
52030000,104059.9998801328,-206081.4535286515,297.6247782815562,145
52035000,104069.99988009846,-207520.34846251842,297.40044783795724,145
52040000,104079.99988006412,-206018.00675920292,299.2124286916358,145
52045000,104089.99988002978,-206721.65162299236,300.6757392595161,145
52050000,104099.99987999543,-206214.9617442789,300.43258647581786,145
52055000,104109.99987996109,-206312.35670916468,299.1681924766227,145
52060000,104119.99987992675,-206006.03281581495,303.4916940197303,145
52065000,104129.9998798924,-206531.36009411153,302.4393382926274,145
52070000,104139.99987985806,-207130.6950004713,297.84809273215984,145
52075000,104149.99987982372,-206798.65425117163,299.60347194147573,145
52080000,104159.99987978938,-206161.96946050506,300.72871126876197,145
52085000,104169.99987975504,-206242.7981171005,300.4623480697892,145
52090000,104179.9998797207,-207121.07684736943,300.2328565149159,145
52095000,104189.99987968635,-205829.88568012114,298.6193588973777,145
52100000,104199.99987965201,-206371.65357031336,300.13044703892996,145
52105000,104209.99987961767,-206873.17370389763,300.10306031571093,145
52110000,104219.99987958332,-206270.48496407492,301.519548229408,145
52115000,104229.99987954898,-207017.24575571658,299.2524922293064,145
52120000,104239.99987951464,-205833.84983139194,299.60892269759887,145
52125000,104249.9998794803,-206412.81368315907,302.11362619620303,145
52130000,104259.99987944595,-206275.9129881739,299.08825842321136,145
52135000,104269.99987941161,-206103.0146405492,300.2532309343068,145
52140000,104279.99987937727,-206133.25489504728,295.25268495076244,145
52145000,104289.99987934293,-206028.43709062855,303.3494466487543,145
52150000,104299.99987930858,-206356.1206770743,303.82729468679105,145
52155000,104309.99987927424,-206511.40646212013,301.76790250527245,145
52160000,104319.9998792399,-205814.54638518405,302.55204308758357,145
52165000,104329.99987920556,-205855.39859973534,299.495113547024,145
52170000,104339.99987917121,-205759.94512018294,297.15627998697346,145
52175000,104349.99987913687,-206078.3417286746,301.0598484963808,145
52180000,104359.99987910253,-206071.29654353147,303.6454729688573,145
52185000,104369.99987906819,-206539.45454573852,297.0359311323051,145
52190000,104379.99987903384,-206724.20340820844,301.9112221885228,145
52195000,104389.9998789995,-206513.8163073616,300.4035407317598,145
52200000,104399.99987896516,-206605.6416598974,297.90254392115685,145
52205000,104409.99987893082,-206497.3968679855,300.7097162559888,145
52210000,104419.99987889647,-207244.4036471498,299.2041380006699,145
52215000,104429.99987886213,-206566.101605588,301.64848943800445,145
52220000,104439.99987882779,-206729.33513271785,296.84556843456403,145
52225000,104449.99987879345,-206888.7770444611,303.5645316334585,145
52230000,104459.9998787591,-207070.83291602822,295.6258390615343,145
52235000,104469.99987872476,-206819.5665853268,299.50610504529243,145
52240000,104479.99987869042,-206622.88424040843,309.83772139066025,145
52245000,104489.99987865608,-206155.89003889856,305.6579203604973,145
52250000,104499.99987862173,-206165.55597171583,304.35352923959,145
52255000,104509.99987858739,-205867.62863863062,300.3850086994269,145
52260000,104519.99987855305,-205926.78863794846,297.41843080429607,145
52265000,104529.9998785187,-206678.0599831097,300.7709898968589,145
52270000,104539.99987848436,-206611.8043747067,305.06050151908113,145
52275000,104549.99987845002,-206338.16518195695,296.5623386372855,145
52280000,104559.99987841568,-206510.2196159684,302.2599842196551,145
52285000,104569.99987838134,-206617.30276192853,301.5554859803251,145
52290000,104579.999878347,-206831.95693717187,296.9332209079826,145
52295000,104589.99987831265,-206076.23457535508,302.7628254269324,145
52300000,104599.99987827831,-206483.18277433084,298.57090399342457,145
52305000,104609.99987824397,-206870.4551836712,301.9754437867612,145
52310000,104619.99987820962,-205465.06097292493,297.6753135682968,145
52315000,104629.99987817528,-205658.897047934,301.0832503212137,145
52320000,104639.99987814094,-205512.22503656545,297.72615855348477,145
52325000,104649.9998781066,-206360.51505096303,295.78571529349273,145
52330000,104659.99987807225,-206261.63929086598,303.75863244455115,145
52335000,104669.99987803791,-207213.99664357607,299.5366125797084,145
52340000,104679.99987800357,-206297.02632433735,300.82962288852883,145
52345000,104689.99987796923,-206711.41982296982,300.78111876364466,145
52350000,104699.99987793488,-205965.12411098578,301.5568214714687,145
52355000,104709.99987790054,-206178.0131609576,298.75706430728667,145
52360000,104719.9998778662,-205856.64272608713,302.0224375120897,145
52365000,104729.99987783185,-206595.77896739403,300.65883153067256,145
52370000,104739.99987779751,-206108.04534125188,298.3972176398204,145
52375000,104749.99987776317,-206666.2724608332,293.22366032756577,145
52380000,104759.99987772883,-206435.3230031695,301.7237643842983,145
52385000,104769.99987769448,-206430.54407564527,306.3970818323953,145
52390000,104779.99987766014,-206504.25104833022,302.9341155518137,145
52395000,104789.9998776258,-206311.39335068548,299.0784915750111,145
52400000,104799.99987759146,-205845.8150167392,298.3376634682032,145
52405000,104809.99987755711,-206295.3716128769,302.9124815980223,145
52410000,104819.99987752277,-206422.7100787902,300.88655854245434,145
52415000,104829.99987748843,-206180.9503005019,301.89501760856535,145
52420000,104839.99987745409,-207462.58997833112,298.6209663795373,145
52425000,104849.99987741974,-206505.3592268494,299.6916025074596,145
52430000,104859.9998773854,-205384.52418115258,297.3334461091685,145
52435000,104869.99987735106,-206564.46179342095,298.261548975032,145
52440000,104879.99987731672,-206979.14355293917,297.3509470121773,145
52445000,104889.99987728237,-205942.6151946287,303.1587721344393,145
52450000,104899.99987724803,-206330.64710423956,298.4471732174578,145
52455000,104909.99987721369,-207004.1558022874,297.9050818645634,145
52460000,104919.99987717935,-206768.02750917326,299.960838521933,145
52465000,104929.999877145,-206604.38904708857,301.8248820742959,145
52470000,104939.99987711066,-206733.35240763368,301.2254872200863,145
52475000,104949.99987707632,-206608.9180428381,300.14808404912264,145
52480000,104959.99987704198,-206409.53640077834,302.28534979285854,145
52485000,104969.99987700763,-206487.80825631449,297.2651382677968,145
52490000,104979.99987697329,-206820.27542972495,303.4240968933219,145
52495000,104989.99987693895,-206589.86177793285,302.51578389428187,145
52500000,104999.9998769046,-206899.22602347238,301.9173341206447,145
52505000,105009.99987687026,-206375.78561043728,301.90191871716775,145
52510000,105019.99987683592,-206384.74220489734,298.44005063576293,145
52515000,105029.99987680158,-206507.6929475175,299.3695971820147,145
52520000,105039.99987676724,-207121.91538109817,301.85443905995385,145
52525000,105049.9998767329,-206415.35884688317,302.42441408877784,145
52530000,105059.99987669855,-206411.2905630255,300.996947921341,145
52535000,105069.99987666421,-206100.9100562192,300.0695361635425,145
52540000,105079.99987662987,-207060.0640307737,298.67129984110403,145
52545000,105089.99987659552,-206141.1466287981,296.9803619697233,145
52550000,105099.99987656118,-206197.728573328,303.6087692592706,145
52555000,105109.99987652684,-205605.70776738215,302.42859973297345,145
52560000,105119.9998764925,-206721.75544696383,302.9441992092788,145
52565000,105129.99987645815,-207234.9925045314,298.9873909300643,145
52570000,105139.99987642381,-206952.37547511223,301.34892479351436,145
52575000,105149.99987638947,-206275.23216108338,306.7013200725849,145
52580000,105159.99987635513,-205817.07501065067,296.40752744405347,145
52585000,105169.99987632078,-206290.86765300366,299.4628353824731,145
52590000,105179.99987628644,-206896.3269689465,298.91603105914055,145
52595000,105189.9998762521,-206909.25180635974,306.49188889562106,145
52600000,105199.99987621776,-206190.5873743028,302.214032071578,145
52605000,105209.99987618341,-206548.76966838376,302.532258350445,145
52610000,105219.99987614907,-206057.4870552302,292.77004429576425,145
52615000,105229.99987611473,-205933.8083026578,300.53212821837815,145
52620000,105239.99987608039,-206442.50837470463,303.1575800355348,145
52625000,105249.99987604604,-206387.60397808428,298.6983625671245,145
52630000,105259.9998760117,-206325.96938869392,295.7097183068527,145
52635000,105269.99987597736,-205915.69473143166,298.7736876118204,145
52640000,105279.99987594302,-205792.6057660099,297.7271790777967,145
52645000,105289.99987590867,-205931.84255762259,303.8664755840585,145
52650000,105299.99987587433,-206938.82365595258,298.61675713977604,145
52655000,105309.99987583999,-205599.78870372544,303.6470357556916,145
52660000,105319.99987580565,-206318.49432253873,301.4184218572989,145
52665000,105329.9998757713,-206258.7597579247,299.97695720153195,145
52670000,105339.99987573696,-206951.87722712872,299.24951892613194,145
52675000,105349.99987570262,-207870.34873716405,299.0404472001427,145
52680000,105359.99987566828,-206200.89984745858,298.47854381094436,145
52685000,105369.99987563393,-206862.12921242684,301.728083299519,145
52690000,105379.99987559959,-206634.95777887467,300.78944236793035,145
52695000,105389.99987556525,-206102.42401320778,300.956383474493,145
52700000,105399.9998755309,-206875.32639625296,302.22203117044285,145
52705000,105409.99987549656,-206513.50529315148,299.4970908120014,145
52710000,105419.99987546222,-206055.50317864062,305.5121556140905,145
52715000,105429.99987542788,-206473.15849260532,302.18638293188127,145
52720000,105439.99987539354,-206678.10742727213,298.3745025121915,145
52725000,105449.9998753592,-206352.23766422947,301.6409759092684,145
52730000,105459.99987532485,-206933.43567196105,307.15342195029433,145
52735000,105469.99987529051,-205938.2093237124,300.87567811721203,145
52740000,105479.99987525617,-206653.1272390876,298.8748889831976,145
52745000,105489.99987522182,-206490.7249209117,301.04353473321936,145
52750000,105499.99987518748,-206461.39515815524,300.3004553017482,145
52755000,105509.99987515314,-206278.14551048598,297.1021902879635,145
52760000,105519.9998751188,-206585.5373616888,303.514282837634,145
52765000,105529.99987508445,-205958.61584244482,297.9741120746157,145
52770000,105539.99987505011,-206411.48720865382,297.27278541995383,145
52775000,105549.99987501577,-206648.86090067145,298.43379508543507,145
52780000,105559.99987498143,-206356.65162135893,301.905288675077,145
52785000,105569.99987494708,-206444.85984202614,296.4765653469324,145
52790000,105579.99987491274,-207315.03560376563,306.74041800014703,145
52795000,105589.9998748784,-207225.47906980303,300.3619507898201,145
52800000,105599.99987484406,-205457.837305643,306.4304502904683,145
52805000,105609.99987480971,-206524.6528903799,298.93937248207055,145
52810000,105619.99987477537,-206576.7767823966,302.3083321060779,145
52815000,105629.99987474103,-206785.4738222747,299.8746230651409,145
52820000,105639.99987470669,-205554.84231804172,301.592429403085,145
52825000,105649.99987467234,-206932.8374427912,303.8202733449887,145
52830000,105659.999874638,-206611.77597306378,306.99980472876376,145
52835000,105669.99987460366,-206843.85206706438,297.4771411997494,145
52840000,105679.99987456932,-207142.58056020737,301.71767676021983,145
52845000,105689.99987453497,-206763.63547342096,303.7114504588779,145
52850000,105699.99987450063,-206258.81061293778,300.4268485461906,145
52855000,105709.99987446629,-206320.00699394883,301.4460606786554,145
52860000,105719.99987443195,-206401.69238470693,301.4746080118191,145
52865000,105729.9998743976,-205949.72213158372,300.3882736632998,145
52870000,105739.99987436326,-206556.955139337,300.9273349934249,145
52875000,105749.99987432892,-206535.94521763222,301.2973923949175,145
52880000,105759.99987429458,-206345.3975711224,300.3706322910879,145
52885000,105769.99987426023,-206759.25436966645,297.9980348608744,145
52890000,105779.99987422589,-206796.29263774713,300.1786522972111,145
52895000,105789.99987419155,-206156.271871018,299.3516677231582,145
52900000,105799.9998741572,-206418.98703378357,302.52886375546314,145
52905000,105809.99987412286,-206356.80658634694,303.88611720537716,145
52910000,105819.99987408852,-206313.441734256,296.2671320993208,145
52915000,105829.99987405418,-206805.18395253422,302.7696068584525,145
52920000,105839.99987401984,-206018.89890513034,300.68811646262776,145
52925000,105849.9998739855,-206343.68294343015,298.6311327840994,145
52930000,105859.99987395115,-206735.30717133416,302.94875904874664,145
52935000,105869.99987391681,-206352.09847514902,301.2291507608576,145
52940000,105879.99987388247,-206429.71895398945,302.6770773757771,145
52945000,105889.99987384812,-207079.59954944963,298.7437481267129,145
52950000,105899.99987381378,-206216.99425378593,304.39244525842,145
52955000,105909.99987377944,-206586.83332497173,293.59901562222257,145
52960000,105919.9998737451,-206226.2792765441,295.89149583880334,145
52965000,105929.99987371075,-206317.4544711006,297.29850826527974,145
52970000,105939.99987367641,-206168.97139408358,298.30809665137554,145
52975000,105949.99987364207,-205762.75570834533,304.2558563648824,145
52980000,105959.99987360773,-206168.15111309162,300.61034012244505,145
52985000,105969.99987357338,-205900.7347614537,299.8978278667111,145
52990000,105979.99987353904,-206690.10940251348,298.35840790713985,145
52995000,105989.9998735047,-206223.24922403228,300.32957152781086,145
53000000,105999.99987347035,-206600.68092491617,298.01132738081617,145
53005000,106009.99987343601,-205785.25055605662,305.1892759650307,145
53010000,106019.99987340167,-206481.24718490476,301.3303907023641,145
53015000,106029.99987336733,-206827.96370607347,301.56201871021193,145
53020000,106039.99987333298,-206833.366854468,299.92909851090343,145
53025000,106049.99987329864,-206096.805607631,297.87774033224,145
53030000,106059.9998732643,-206606.2382643486,302.1345367199639,145
53035000,106069.99987322996,-206356.3752527614,300.6987213354469,145
53040000,106079.99987319561,-206077.88067474402,301.1579115822388,145
53045000,106089.99987316127,-205921.9156503448,305.7186709086487,145
53050000,106099.99987312693,-206338.8926272936,298.63258790625815,145
53055000,106109.99987309259,-206037.7538596791,300.3810624662599,145
53060000,106119.99987305824,-206629.7338639329,297.33270504114995,145
53065000,106129.9998730239,-205862.2395698788,301.34243453387217,145
53070000,106139.99987298956,-206647.15203719086,303.0253247360104,145
53075000,106149.99987295522,-206354.93625260587,299.4395946973184,145
53080000,106159.99987292087,-207069.75522914226,296.34796904902623,145
53085000,106169.99987288653,-206150.33530835249,298.8842473077749,145
53090000,106179.99987285219,-206466.26103385887,294.6558607483662,145
53095000,106189.99987281785,-206605.28048563784,298.28476995118206,145
53100000,106199.9998727835,-205736.61685935955,298.0752263059505,145
53105000,106209.99987274916,-206267.80487582635,304.84567886992676,145
53110000,106219.99987271482,-205927.63084235194,298.802986154416,145
53115000,106229.99987268048,-206117.3195278739,304.1558520307924,145
53120000,106239.99987264613,-206286.70095134003,298.4385169246837,145
53125000,106249.99987261179,-207319.3060444526,299.37859800957597,145
53130000,106259.99987257745,-206260.51476502896,298.0150020373649,145
53135000,106269.9998725431,-206125.87887981196,301.08446835286435,145
53140000,106279.99987250876,-206833.1406648528,294.4477262390057,145
53145000,106289.99987247442,-206890.6919099252,298.54864011813714,145
53150000,106299.99987244008,-206706.515848018,302.1939788483131,145
53155000,106309.99987240574,-206936.96695007733,301.7288990267038,145
53160000,106319.9998723714,-206014.13934415975,298.40388399261,145
53165000,106329.99987233705,-206242.02662771055,297.3252341691381,145
53170000,106339.99987230271,-206576.82146624348,304.8634708660953,145
53175000,106349.99987226837,-206310.14535794465,299.73296916683137,145
53180000,106359.99987223402,-206466.7802575177,300.71565860710325,145
53185000,106369.99987219968,-206376.79613774852,296.67748152274714,145
53190000,106379.99987216534,-206725.17888444557,299.1323966283218,145
53195000,106389.999872131,-206311.7525605401,296.8481417448577,145
53200000,106399.99987209665,-206707.2837119958,299.6247659201174,145
53205000,106409.99987206231,-206149.03833807132,298.13460004222134,145
53210000,106419.99987202797,-206029.2564493647,298.6215615261745,145
53215000,106429.99987199363,-206368.06410331686,304.7092561008477,145
53220000,106439.99987195928,-206527.4919045471,297.99665058059327,145
53225000,106449.99987192494,-205904.4718941201,294.7853266278023,145
53230000,106459.9998718906,-206172.31801450124,301.9876304480485,145
53235000,106469.99987185626,-205951.05183257523,299.91040694906803,145
53240000,106479.99987182191,-206701.2278238784,302.19244654559105,145
53245000,106489.99987178757,-206201.46030990977,304.00499373187165,145
53250000,106499.99987175323,-206340.6711190046,299.1812202713945,145
53255000,106509.99987171889,-206324.63088011148,300.31329528734227,145
53260000,106519.99987168454,-206907.39457920683,299.37930674309735,145
53265000,106529.9998716502,-206996.5897075421,301.2158437042535,145
53270000,106539.99987161586,-206328.14397527953,297.49354133221885,145
53275000,106549.99987158152,-206450.34607051895,298.2232437654632,145
53280000,106559.99987154717,-205439.84611914854,294.9294140739737,145
53285000,106569.99987151283,-207034.74598126241,299.3854924848278,145
53290000,106579.99987147849,-205968.1653507572,297.25875908546277,145
53295000,106589.99987144415,-206251.69552457833,303.96391414696876,145
53300000,106599.9998714098,-206106.88217509666,298.0352791131492,145
53305000,106609.99987137546,-206454.31815781642,305.38516351149747,145
53310000,106619.99987134112,-206332.98511929193,298.9570821168979,145
53315000,106629.99987130678,-206478.4515172412,300.5781621386218,145
53320000,106639.99987127243,-206317.75562508893,298.4141062654834,145
53325000,106649.99987123809,-206378.64338567376,300.9004904548921,145
53330000,106659.99987120375,-206351.24768620974,300.2393168801578,145
53335000,106669.9998711694,-206384.79545483924,306.22070612229044,145
53340000,106679.99987113506,-206219.2589062712,301.36989593604466,145
53345000,106689.99987110072,-205977.5384506547,303.27417065946025,145
53350000,106699.99987106638,-206515.1848344599,300.78439363744064,145
53355000,106709.99987103204,-206079.19402135257,300.59499200199434,145
53360000,106719.9998709977,-206616.30398397602,298.08113243623427,145
53365000,106729.99987096335,-205898.32984298165,303.26869954832307,145
53370000,106739.99987092901,-206408.14091469592,298.05819344903887,145
53375000,106749.99987089467,-206210.41743690206,299.14936409980413,145
53380000,106759.99987086032,-206638.11576850992,303.28219355842333,145
53385000,106769.99987082598,-206640.03605633974,304.30773818281443,145
53390000,106779.99987079164,-205791.48342694133,299.7089501119655,145
53395000,106789.9998707573,-206571.05184605054,301.8261754614257,145
53400000,106799.99987072295,-206678.2331765485,295.8909674230054,145
53405000,106809.99987068861,-206011.14829218434,302.0211610884277,145
53410000,106819.99987065427,-206280.29516388988,298.4665523496528,145
53415000,106829.99987061993,-207155.5946508192,303.26738603484097,145
53420000,106839.99987058558,-206831.87399609864,294.71281351844567,145
53425000,106849.99987055124,-206166.87944325304,301.4663487053134,145
53430000,106859.9998705169,-205965.87376707292,300.37367327017495,145
53435000,106869.99987048256,-205996.00619663217,302.45930548780996,145
53440000,106879.99987044821,-206968.45532595844,301.34615606756597,145
53445000,106889.99987041387,-206214.81126883125,300.0111497625488,145
53450000,106899.99987037953,-206642.7233791795,302.6143552183071,145
53455000,106909.99987034519,-207010.60579474107,309.8346092649602,145
53460000,106919.99987031084,-205886.2203216541,297.524405654136,145
53465000,106929.9998702765,-206841.32288984826,296.0093415617781,145
53470000,106939.99987024216,-206770.6860592015,301.5295113412489,145
53475000,106949.99987020782,-206810.37443234946,304.9516476124151,145
53480000,106959.99987017347,-206625.75016460032,305.12207945213993,145
53485000,106969.99987013913,-207034.48203299602,296.4193155820254,145
53490000,106979.99987010479,-206324.54121257144,301.411019751703,145
53495000,106989.99987007045,-205920.6118321115,296.8232735775691,145
53500000,106999.9998700361,-206400.05171089887,301.9379948257295,145
53505000,107009.99987000176,-207062.95521272218,301.1553391345025,145
53510000,107019.99986996742,-207006.0933756904,296.4923906497204,145
53515000,107029.99986993308,-205924.03963330702,299.886878563906,145
53520000,107039.99986989873,-206874.2060038488,299.3618721538191,145
53525000,107049.99986986439,-206649.92395122943,301.52777127386923,145
53530000,107059.99986983005,-206281.56865989463,302.6552107601835,145
53535000,107069.9998697957,-206224.76276464656,300.2681848743477,145
53540000,107079.99986976136,-205952.34332563076,297.4445194233643,145
53545000,107089.99986972702,-206619.95516267023,302.2561369261212,145
53550000,107099.99986969268,-206773.358828358,296.5744615015501,145
53555000,107109.99986965834,-206456.08232532407,300.7319757145057,145
53560000,107119.99986962399,-205829.5868113921,299.40519347925556,145
53565000,107129.99986958965,-206317.00069526874,301.24334842545153,145
53570000,107139.99986955531,-206581.48717612866,298.50369810521005,145
53575000,107149.99986952097,-206483.4794002039,297.46480819515455,145
53580000,107159.99986948662,-206055.55919707858,302.9414558346098,145
53585000,107169.99986945228,-205864.8034581755,298.00702957146615,145
53590000,107179.99986941794,-206167.9354559856,297.4118334863925,145
53595000,107189.9998693836,-206735.8036951,301.9438224503436,145
53600000,107199.99986934925,-205637.5289128055,304.6061972073269,145
53605000,107209.99986931491,-206068.34735220193,298.2645799696645,145
53610000,107219.99986928057,-205877.97515151964,298.9731736864248,145
53615000,107229.99986924622,-206450.4523522209,299.05656145590046,145
53620000,107239.99986921188,-206066.64184624818,299.11785516604766,145
53625000,107249.99986917754,-206215.6072683431,297.0239990549532,145
53630000,107259.9998691432,-206116.83040215122,304.8274826797614,145
53635000,107269.99986910885,-205801.44099524803,301.23871018356635,145
53640000,107279.99986907451,-205392.86614497995,299.0423323832053,145
53645000,107289.99986904017,-206695.04283940187,295.66850187364776,145
53650000,107299.99986900583,-206758.6790438959,300.8972240258045,145
53655000,107309.99986897148,-206681.56748708698,301.131828419475,145
53660000,107319.99986893714,-206799.15246793372,301.09165534853565,145
53665000,107329.9998689028,-206889.48215759487,300.4714395484752,145
53670000,107339.99986886846,-206678.4853372596,299.0881577093348,145
53675000,107349.99986883411,-206260.811060793,294.25531318438374,145
53680000,107359.99986879977,-206008.41817797697,300.63670155751925,145
53685000,107369.99986876543,-205524.87600621465,301.3071807957818,145
53690000,107379.99986873109,-207059.65890041844,302.2991284641378,145
53695000,107389.99986869674,-206940.20472144603,299.0291216859104,145
53700000,107399.9998686624,-206455.17522476066,296.79392290624975,145
53705000,107409.99986862806,-206085.77857488336,305.98001996680335,145
53710000,107419.99986859372,-206599.61927853897,300.12360408979754,145
53715000,107429.99986855937,-206085.49696471402,300.6300457637723,145
53720000,107439.99986852503,-206920.8228859196,302.78860260485203,145
53725000,107449.99986849069,-206806.55751959153,306.7437900419657,145
53730000,107459.99986845635,-206627.60254614067,300.65958094180894,145
53735000,107469.999868422,-206085.58909430203,299.7395827138329,145
53740000,107479.99986838766,-205909.18751950678,299.49593330922374,145
53745000,107489.99986835332,-205949.72248162248,300.9474657378925,145
53750000,107499.99986831898,-205745.97720054677,302.0283111300021,145
53755000,107509.99986828463,-206784.5816456033,300.6665084311584,145
53760000,107519.99986825029,-206868.88729916466,303.334812115538,145
53765000,107529.99986821595,-206335.6773599491,302.873441736513,145
53770000,107539.9998681816,-206688.46158609889,298.22440853611073,145
53775000,107549.99986814726,-206198.6078739653,304.20223282908955,145
53780000,107559.99986811292,-207288.77281814534,300.75504450412484,145
53785000,107569.99986807858,-206345.92049283045,299.76825518397067,145
53790000,107579.99986804424,-206458.6605031992,294.6627790108168,145
53795000,107589.9998680099,-206776.32178252388,300.04682172230565,145
53800000,107599.99986797555,-206405.2467955692,303.4220578775179,145
53805000,107609.99986794121,-206050.67782358185,301.54877602212724,145
53810000,107619.99986790687,-206715.63131616428,295.1279442577087,145
53815000,107629.99986787252,-207114.46933364926,297.4948438259535,145
53820000,107639.99986783818,-206769.24522925948,300.95485598872466,145
53825000,107649.99986780384,-206586.25482603244,301.3223154028037,145
53830000,107659.9998677695,-205818.98901647073,297.2539170627391,145
53835000,107669.99986773515,-205629.89776137576,297.6576074120169,145
53840000,107679.99986770081,-206145.05824742175,299.623813290362,145
53845000,107689.99986766647,-206688.79574038554,300.33732924596785,145
53850000,107699.99986763213,-206469.57264467957,300.94186338086007,145
53855000,107709.99986759778,-206096.32256783813,299.20435112396103,145
53860000,107719.99986756344,-206679.16045918362,304.02565918754027,145
53865000,107729.9998675291,-206469.56141678593,299.41553293787393,145
53870000,107739.99986749476,-206416.0766013119,297.1076166849913,145
53875000,107749.99986746041,-206758.0076111008,298.3418154021344,145
53880000,107759.99986742607,-206689.6498118702,300.17176826998764,145
53885000,107769.99986739173,-206377.7686899911,297.6187408658314,145
53890000,107779.99986735739,-206823.6239196899,299.81412627948197,145
53895000,107789.99986732304,-207072.8418764735,297.2226809687781,145
53900000,107799.9998672887,-205874.1531038573,300.22446343669344,145
53905000,107809.99986725436,-206019.64244418626,302.4818115280459,145
53910000,107819.99986722002,-205321.25926017016,297.8352925790717,145
53915000,107829.99986718567,-206232.1699537204,298.7031390167571,145
53920000,107839.99986715133,-205678.1970884134,304.0204225027335,145
53925000,107849.99986711699,-205623.25704462267,297.7105996948109,145
53930000,107859.99986708265,-206897.68539404566,301.6901525200538,145
53935000,107869.9998670483,-206411.97259761288,293.2148420663268,145
53940000,107879.99986701396,-206946.97593224095,298.19445223296805,145
53945000,107889.99986697962,-206165.61326693487,306.29867651286236,145
53950000,107899.99986694528,-205935.8625957691,299.74885192000636,145
53955000,107909.99986691093,-205505.98755525635,298.40529036710404,145
53960000,107919.99986687659,-205793.31991092907,301.57483130318315,145
53965000,107929.99986684225,-206013.0718857206,298.9322895962712,145
53970000,107939.9998668079,-205142.7706938415,295.0920742738776,145
53975000,107949.99986677356,-206252.90423463657,300.4345862575225,145
53980000,107959.99986673922,-207400.33529824147,303.30967389917606,145
53985000,107969.99986670488,-206029.3833125527,303.79205607099385,145
53990000,107979.99986667054,-206162.1886264364,303.27212398157894,145
53995000,107989.9998666362,-205924.5033058019,299.4509278080399,145
54000000,107999.99986660185,-206730.96139899152,302.253913181041,145
54005000,108009.99986656751,-206824.19422511721,296.9081974665852,145
54010000,108019.99986653317,-206956.51569352043,302.9690635378053,145
54015000,108029.99986649882,-206290.99394362897,299.30714655767645,145
54020000,108039.99986646448,-206571.85205599596,298.0418321311061,145
54025000,108049.99986643014,-206372.27553734928,296.62440629839125,145
54030000,108059.9998663958,-207209.65275516268,302.55504053268436,145
54035000,108069.99986636145,-206710.7364204015,305.59417310961265,145
54040000,108079.99986632711,-206620.90974489495,302.62885105352314,145
54045000,108089.99986629277,-206474.57107639068,302.52271376232466,145
54050000,108099.99986625843,-206372.9123230955,302.5044999602089,145
54055000,108109.99986622408,-206866.12822621,300.8972126224291,145
54060000,108119.99986618974,-206722.2472005285,297.7794843886769,145
54065000,108129.9998661554,-206685.66516832833,296.26268892956847,145
54070000,108139.99986612106,-206512.03028246562,306.5973618537565,145
54075000,108149.99986608671,-206163.55901101953,301.3866713686582,145
54080000,108159.99986605237,-206778.23466188356,300.2043608140229,145
54085000,108169.99986601803,-205919.96242620284,304.9877591504296,145
54090000,108179.99986598369,-205520.23246399534,298.3226029119249,145
54095000,108189.99986594934,-205938.5919240216,301.6792444839333,145
54100000,108199.999865915,-206033.65827061713,304.38407929767175,145
54105000,108209.99986588066,-207224.38298880192,305.149353798452,145
54110000,108219.99986584632,-207089.59679922753,303.54922897386444,145
54115000,108229.99986581197,-206808.20123097545,298.61829397009546,145
54120000,108239.99986577763,-206019.4662256731,295.32399085681095,145
54125000,108249.99986574329,-206432.43933899305,299.10570444676785,145
54130000,108259.99986570895,-206544.3932682745,301.7614163195873,145
54135000,108269.9998656746,-206829.10474547243,301.3286682103426,145
54140000,108279.99986564026,-205838.6096478859,298.8640317972097,145
54145000,108289.99986560592,-205582.09240235365,296.024010682281,145
54150000,108299.99986557158,-205938.91219757067,298.1317539376474,145
54155000,108309.99986553723,-206106.1762943056,296.03901757270376,145
54160000,108319.99986550289,-206534.057517312,305.16585648940975,145
54165000,108329.99986546855,-207070.28703383228,300.67583474175933,145
54170000,108339.9998654342,-207071.92710741982,297.99210517521846,145
54175000,108349.99986539986,-206804.98671473947,298.1220784681733,145
54180000,108359.99986536552,-206283.09570901317,300.72126227858047,145
54185000,108369.99986533118,-206972.92806150403,304.41749482961063,145
54190000,108379.99986529684,-206811.63831912982,297.88126962540855,145
54195000,108389.99986526249,-207198.1615212626,297.19270575284656,145
54200000,108399.99986522815,-206221.19324373605,298.8858343573426,145
54205000,108409.99986519381,-206146.1708919208,300.4694265248599,145
54210000,108419.99986515947,-206260.6026388778,297.6735915309918,145
54215000,108429.99986512512,-206207.4496322279,296.01183257220293,145
54220000,108439.99986509078,-205786.4397036609,300.84144176104974,145
54225000,108449.99986505644,-206554.25233633583,303.568227250915,145
54230000,108459.9998650221,-207205.898285678,298.04548178893367,145
54235000,108469.99986498775,-205850.5250758659,300.28583258231333,145
54240000,108479.99986495341,-206646.94875923952,298.920038784815,145
54245000,108489.99986491907,-206254.6995178589,301.048968116805,145
54250000,108499.99986488472,-206272.62628902902,299.7452097053261,145
54255000,108509.99986485038,-205969.3527796066,298.54156138024763,145
54260000,108519.99986481604,-206325.9048815833,296.76445432358025,145
54265000,108529.9998647817,-206410.02736110485,302.75947510311755,145
54270000,108539.99986474735,-206041.87698922283,297.9400465520087,145
54275000,108549.99986471301,-207134.532348642,298.27085183383457,145
54280000,108559.99986467867,-206003.8544355546,301.9038574673639,145
54285000,108569.99986464433,-206352.2173160253,299.1445660264191,145
54290000,108579.99986460998,-206758.8899980524,305.0968278299367,145
54295000,108589.99986457564,-206088.67810432788,299.80510887242656,145
54300000,108599.9998645413,-206355.03252799262,305.693311692569,145
54305000,108609.99986450696,-206981.33645682083,299.00519754170546,145
54310000,108619.99986447261,-205948.19801634352,301.15373304218315,145
54315000,108629.99986443827,-206465.51505244512,301.77841957418383,145
54320000,108639.99986440393,-206272.2880713268,301.2716734809238,145
54325000,108649.99986436959,-206166.66295524128,299.6373600467552,145
54330000,108659.99986433524,-206223.08562156954,299.0853950971955,145
54335000,108669.9998643009,-206160.92198326602,300.0512784524726,145
54340000,108679.99986426656,-207208.04050775466,301.6678751498638,145
54345000,108689.99986423222,-206915.14565202303,300.79191229790104,145
54350000,108699.99986419787,-206733.16852899932,305.07994976506393,145
54355000,108709.99986416353,-206411.47452464083,299.53014949586264,145
54360000,108719.99986412919,-206678.21134420868,298.2211762210462,145
54365000,108729.99986409485,-204907.89793614217,302.3520139203821,145
54370000,108739.9998640605,-206577.42720571824,301.8476557793536,145
54375000,108749.99986402616,-206451.13564567792,301.0270513226747,145
54380000,108759.99986399182,-206912.31441216334,303.81665320790944,145
54385000,108769.99986395748,-206008.22669926856,300.0715247898654,145
54390000,108779.99986392313,-206325.45825482497,304.63379091541435,145
54395000,108789.99986388879,-206256.7966129732,304.2343337103901,145
54400000,108799.99986385445,-206820.8834590183,302.2588669586412,145
54405000,108809.9998638201,-206227.66384685063,300.08178383671884,145
54410000,108819.99986378576,-205785.00501622516,300.0009691445611,145
54415000,108829.99986375142,-206277.85083103157,301.107625225801,145
54420000,108839.99986371708,-205594.87486396858,302.40686832159133,145
54425000,108849.99986368274,-206299.81841148436,301.7067410677306,145
54430000,108859.9998636484,-206377.55022022815,297.52441929707857,145
54435000,108869.99986361405,-205880.47798281303,300.946617181407,145
54440000,108879.99986357971,-205812.7510192145,298.33145447565465,145
54445000,108889.99986354537,-207456.50281251688,301.0635756267829,145
54450000,108899.99986351102,-206608.64214979566,300.1739288215613,145
54455000,108909.99986347668,-207099.2492520184,300.4662123213731,145
54460000,108919.99986344234,-206507.0701953856,305.83341552733793,145
54465000,108929.999863408,-206395.07178164017,301.8739260887399,145
54470000,108939.99986337365,-206000.1130499082,298.57197001308793,145
54475000,108949.99986333931,-206586.9829710049,299.391866967067,145
54480000,108959.99986330497,-206990.30677258305,301.49122993213854,145
54485000,108969.99986327063,-205862.424641017,302.5232878744077,145
54490000,108979.99986323628,-206474.94308419048,301.9480731307321,145
54495000,108989.99986320194,-205624.81404092256,300.06828248797876,145
54500000,108999.9998631676,-206948.99081427488,298.41734248838634,145
54505000,109009.99986313326,-206426.04937191796,295.23950069415724,145
54510000,109019.99986309891,-206155.52497110318,296.67471737492497,145
54515000,109029.99986306457,-206569.11128328647,302.39823254964926,145
54520000,109039.99986303023,-206625.7757668317,298.7465137308453,145
54525000,109049.99986299589,-206637.37756824156,301.6115962968117,145
54530000,109059.99986296154,-206629.84466228925,303.1988253224086,145
54535000,109069.9998629272,-206268.90595994703,299.5179696422014,145
54540000,109079.99986289286,-207137.37854805135,304.883319569408,145
54545000,109089.99986285852,-206334.228328104,303.27516129660717,145
54550000,109099.99986282417,-205192.1658056759,301.864897392809,145
54555000,109109.99986278983,-206625.8570653008,302.1403059800031,145
54560000,109119.99986275549,-206313.1763623875,297.6937516685209,145
54565000,109129.99986272115,-206594.3551571084,296.43489644509197,145
54570000,109139.9998626868,-206682.45038626995,301.57542031406166,145
54575000,109149.99986265246,-206906.20022669435,300.2307015387073,145
54580000,109159.99986261812,-206275.31908690918,298.69231094650064,145
54585000,109169.99986258378,-206623.4412352608,297.8327856200434,145
54590000,109179.99986254943,-205777.11895744188,307.1685727423109,145
54595000,109189.99986251509,-206416.04424992506,298.737020869974,145
54600000,109199.99986248075,-205662.54293758317,300.4030479666245,145
54605000,109209.9998624464,-205626.1206582979,306.67828126537745,145
54610000,109219.99986241206,-206338.04906849796,301.2069285575778,145
54615000,109229.99986237772,-205942.65737746947,299.28814632556816,145
54620000,109239.99986234338,-206728.29873824038,294.77706803486325,145
54625000,109249.99986230904,-205660.42057044618,298.95447399688265,145
54630000,109259.9998622747,-205882.17838768265,297.70668203105714,145
54635000,109269.99986224035,-206590.21448220348,302.8761299515664,145
54640000,109279.99986220601,-206153.8982965094,301.679042606737,145
54645000,109289.99986217167,-206916.6957959931,302.89373481581197,145
54650000,109299.99986213732,-206764.61634929245,299.9547440372445,145
54655000,109309.99986210298,-206800.45766229974,296.1825433833879,145
54660000,109319.99986206864,-205697.41599552904,304.7243594794397,145
54665000,109329.9998620343,-206043.49834627984,297.4356910653396,145
54670000,109339.99986199995,-206409.43798829208,304.140493087846,145
54675000,109349.99986196561,-207029.26209176134,299.59690630501933,145
54680000,109359.99986193127,-206363.5915771618,299.07973024087585,145
54685000,109369.99986189693,-206374.03765810502,302.9997934200657,145
54690000,109379.99986186258,-206197.61832485476,298.32334875170415,145
54695000,109389.99986182824,-206181.40723429003,300.98321737394787,145
54700000,109399.9998617939,-206059.42695554846,299.56962458794004,145
54705000,109409.99986175956,-206867.4034301464,300.28908266282656,145
54710000,109419.99986172521,-205647.0344694216,299.6270279556934,145
54715000,109429.99986169087,-206548.3607646937,296.7988536766546,145
54720000,109439.99986165653,-206199.24367594311,301.6886141047857,145
54725000,109449.99986162219,-206335.22929879965,296.37856644684325,145
54730000,109459.99986158784,-206950.60336397542,298.3091992753424,145
54735000,109469.9998615535,-206459.3880727439,305.29890973991246,145
54740000,109479.99986151916,-206479.8577216142,301.65387865392256,145
54745000,109489.99986148482,-207183.2758984029,302.7127046804214,145
54750000,109499.99986145047,-206825.44755300623,300.567223369692,145
54755000,109509.99986141613,-206454.21491356334,301.09615600460614,145
54760000,109519.99986138179,-206390.91918883706,300.6087299172317,145
54765000,109529.99986134745,-206276.49230259936,296.5051710877285,145
54770000,109539.9998613131,-206584.59983913647,296.86319134182577,145
54775000,109549.99986127876,-206026.7603713855,299.70603828695533,145
54780000,109559.99986124442,-207106.6566252223,296.8776320083912,145
54785000,109569.99986121008,-206704.94582061318,304.9031098089645,145
54790000,109579.99986117573,-206748.82179951575,300.0056013438329,145
54795000,109589.99986114139,-206331.39518094226,296.93795430574835,145
54800000,109599.99986110705,-206063.41991763376,299.3606035645444,145
54805000,109609.9998610727,-206616.15052764083,297.6565497060483,145
54810000,109619.99986103836,-206747.7081211483,299.6834363918984,145
54815000,109629.99986100402,-206486.94926072902,302.0719918985579,145
54820000,109639.99986096968,-207590.78262036166,296.85460669605004,145
54825000,109649.99986093534,-206538.867811844,301.0293558915616,145
54830000,109659.99986090099,-206616.02304557525,297.6025017327459,145
54835000,109669.99986086665,-206686.251162917,294.151176068974,145
54840000,109679.99986083231,-206549.12364467967,301.33290697260645,145
54845000,109689.99986079797,-207251.458485028,295.8981986440157,145
54850000,109699.99986076362,-206616.77499232336,306.25363844357537,145
54855000,109709.99986072928,-206211.9444881162,298.31442077998145,145
54860000,109719.99986069494,-206977.9610902163,299.2118304964414,145
54865000,109729.9998606606,-206215.51207657193,298.2012477370053,145
54870000,109739.99986062625,-207081.40361732047,295.0182117853372,145
54875000,109749.99986059191,-206674.55597979738,301.21424981757787,145
54880000,109759.99986055757,-206013.2774905099,303.1278435565535,145
54885000,109769.99986052322,-206256.03334368917,301.54397109701176,145
54890000,109779.99986048888,-207030.47758285003,299.45240636118444,145
54895000,109789.99986045454,-206326.61428361875,306.8862660415762,145
54900000,109799.9998604202,-206396.16336061456,300.87003845603255,145
54905000,109809.99986038585,-206106.59947275545,300.6629527124324,145
54910000,109819.99986035151,-207181.78037250065,297.04675115592966,145
54915000,109829.99986031717,-206052.56325896946,302.3522458038235,145
54920000,109839.99986028283,-206401.4046323205,299.6776406275663,145
54925000,109849.99986024848,-206004.87201472616,301.6784872936006,145
54930000,109859.99986021414,-206698.3761420938,298.86069359581734,145
54935000,109869.9998601798,-207022.80902437295,299.3335518497817,145
54940000,109879.99986014546,-206345.91047148046,299.43697400830536,145
54945000,109889.99986011111,-206509.3653002556,299.8499108642199,145
54950000,109899.99986007677,-207001.56646090443,301.0258982058408,145
54955000,109909.99986004243,-206855.9152094134,302.505791517187,145
54960000,109919.99986000809,-206400.00446598988,304.23414905897187,145
54965000,109929.99985997374,-205984.51838541438,299.3758009838192,145
54970000,109939.9998599394,-205724.81491935987,298.3496251616907,145
54975000,109949.99985990506,-205946.6027234028,304.5289726910394,145
54980000,109959.99985987072,-206793.93206815026,299.89983313497464,145
54985000,109969.99985983637,-206849.19461289037,297.6195099583259,145
54990000,109979.99985980203,-206186.86774886958,304.79685923633406,145
54995000,109989.99985976769,-206530.08900924062,302.72994327744243,145
55000000,109999.99985973335,-206185.00827374076,298.57361088901234,145
55005000,110009.999859699,-206763.20669061213,304.2180932147408,145
55010000,110019.99985966466,-205831.24554846343,300.6251956812453,145
55015000,110029.99985963032,-205870.07176520664,300.8726702892077,145
55020000,110039.99985959598,-206453.91982239753,296.21468488565256,145
55025000,110049.99985956163,-206653.98414677952,306.06643812956133,145
55030000,110059.99985952729,-205777.3602969963,300.5203785757183,145
55035000,110069.99985949295,-206484.42678060033,301.6243717730595,145
55040000,110079.9998594586,-206081.51201688417,303.5382595158879,145
55045000,110089.99985942426,-206169.4118584966,297.81841904686934,145
55050000,110099.99985938992,-206887.95418708387,304.98646563328833,145
55055000,110109.99985935558,-206481.0973632671,301.59529268179995,145
55060000,110119.99985932124,-206988.53061757097,298.4670066938159,145
55065000,110129.9998592869,-206472.77482387435,300.08778066124995,145
55070000,110139.99985925255,-206402.05900979915,299.68056210012736,145
55075000,110149.99985921821,-206746.01035715046,297.4005516593751,145
55080000,110159.99985918387,-206412.57331575593,301.1323487041351,145
55085000,110169.99985914952,-205714.04576236033,296.6887909436986,145
55090000,110179.99985911518,-207265.2708878643,300.17386974201156,145
55095000,110189.99985908084,-206517.14994071424,300.976476270794,145
55100000,110199.9998590465,-206771.6776714601,297.2317702457894,145
55105000,110209.99985901215,-206150.78819766338,298.1395856131862,145
55110000,110219.99985897781,-206594.8468804988,298.6004711717811,145
55115000,110229.99985894347,-207308.4685018001,300.71987730338697,145
55120000,110239.99985890913,-206606.0030872596,298.4696042443703,145
55125000,110249.99985887478,-205713.2213604137,295.44917056497343,145
55130000,110259.99985884044,-206603.84568401834,301.3989573829713,145
55135000,110269.9998588061,-206679.7145153639,301.33910003139886,145
55140000,110279.99985877176,-206699.90037834866,304.7579556629229,145
55145000,110289.99985873741,-206208.99657874194,297.1065070027216,145
55150000,110299.99985870307,-206198.22513764387,298.650894141771,145
55155000,110309.99985866873,-206991.86488304147,299.43193066038543,145
55160000,110319.99985863439,-206639.79771491874,301.58600072787056,145
55165000,110329.99985860004,-205872.0133514097,296.38170950999205,145
55170000,110339.9998585657,-206898.0529660167,301.87877664364754,145
55175000,110349.99985853136,-207104.98759280785,302.0184949676227,145
55180000,110359.99985849702,-207330.63165434985,299.9684795426342,145
55185000,110369.99985846267,-206836.9247465846,300.0306212546344,145
55190000,110379.99985842833,-206845.65942941722,305.2593704060042,145
55195000,110389.99985839399,-206034.40011894016,297.7928342653874,145
55200000,110399.99985835965,-206206.6592986273,302.94046413362327,145
55205000,110409.9998583253,-206184.41377921158,299.27828328858493,145
55210000,110419.99985829096,-206294.27138644212,300.8972574172039,145
55215000,110429.99985825662,-206034.23902622063,297.09187271710704,145
55220000,110439.99985822228,-206547.00063227443,300.01594605105714,145
55225000,110449.99985818793,-206511.9158346093,300.7361461467364,145
55230000,110459.99985815359,-206476.61052154808,299.93067126351883,145
55235000,110469.99985811925,-206522.98245236778,299.94672528354414,145
55240000,110479.9998580849,-206442.32701375592,301.49265677318203,145
55245000,110489.99985805056,-206020.73409681814,298.9518878399125,145
55250000,110499.99985801622,-206335.82337009057,306.6441621497461,145
55255000,110509.99985798188,-206432.82620480994,300.44050293721017,145
55260000,110519.99985794754,-207188.68174440484,300.90353990342896,145
55265000,110529.9998579132,-206361.5600239575,298.35685138537536,145
55270000,110539.99985787885,-206389.89974619402,302.86324862974647,145
55275000,110549.99985784451,-206250.94078291825,298.985778639654,145
55280000,110559.99985781017,-206520.48487597518,295.2300226045754,145
55285000,110569.99985777582,-206271.92453926057,301.2016283605888,145
55290000,110579.99985774148,-206140.00369818904,300.18761398496713,145
55295000,110589.99985770714,-207065.79615954275,302.00944115073446,145
55300000,110599.9998576728,-206117.64611320198,301.97479444511436,145
55305000,110609.99985763845,-206485.14208652102,299.04934467330605,145
55310000,110619.99985760411,-206594.85072998132,303.63882363457265,145
55315000,110629.99985756977,-206239.91693362384,301.16772129795964,145
55320000,110639.99985753543,-206618.57165277412,301.2696233786681,145
55325000,110649.99985750108,-206838.57426365872,299.0243090520603,145
55330000,110659.99985746674,-205918.89695331978,301.9949792321401,145
55335000,110669.9998574324,-205575.5017171991,298.56285998923704,145
55340000,110679.99985739806,-206169.71428943903,299.32063269948384,145
55345000,110689.99985736371,-205874.28773642506,297.04868555975344,145
55350000,110699.99985732937,-206167.8891621891,304.2368333332501,145
55355000,110709.99985729503,-206919.339490782,296.71476643123646,145
55360000,110719.99985726069,-205545.45672934118,298.076567871941,145
55365000,110729.99985722634,-205754.4283046747,298.45809138240537,145
55370000,110739.999857192,-207022.44133497088,297.7163371086384,145
55375000,110749.99985715766,-206954.9121456067,300.123503753227,145
55380000,110759.99985712332,-206360.39300990617,299.2093907338016,145
55385000,110769.99985708897,-206854.03750826058,303.1428098214971,145
55390000,110779.99985705463,-205435.8444408559,300.1034552925899,145
55395000,110789.99985702029,-206696.28299312713,303.0226477987258,145
55400000,110799.99985698595,-206974.84091799706,295.7855476632985,145
55405000,110809.9998569516,-206507.02217959578,297.0849317745208,145
55410000,110819.99985691726,-205896.39474416233,302.31573737545654,145
55415000,110829.99985688292,-206611.42489767785,298.48945874285164,145
55420000,110839.99985684858,-205875.68635393726,302.41367124723826,145
55425000,110849.99985681423,-206581.98774541053,301.8276031190648,145
55430000,110859.99985677989,-206594.43396155688,301.9268523695652,145
55435000,110869.99985674555,-205805.0285889228,303.3187211167278,145
55440000,110879.9998567112,-206836.50057941733,299.1551426354546,145
55445000,110889.99985667686,-206184.980200295,301.1564740281344,145
55450000,110899.99985664252,-206121.82074937737,301.94846066079185,145
55455000,110909.99985660818,-206858.80310074857,303.39004893223876,145
55460000,110919.99985657384,-206297.31227489177,296.54621270586694,145
55465000,110929.99985653949,-206205.2967351483,299.2577262387457,145
55470000,110939.99985650515,-206575.32479308452,299.9641455031753,145
55475000,110949.99985647081,-206053.44757082313,300.6348910755077,145
55480000,110959.99985643647,-206689.40538777027,300.70586670232524,145
55485000,110969.99985640212,-206063.11848679197,299.60778774759785,145
55490000,110979.99985636778,-206267.19883576292,302.60791132993137,145
55495000,110989.99985633344,-206951.43225537613,301.10015190965595,145
55500000,110999.9998562991,-206487.18031086505,295.53626863941207,145
55505000,111009.99985626475,-206841.74028728798,300.2961883921131,145
55510000,111019.99985623041,-206403.16186785768,298.3323979469399,145
55515000,111029.99985619607,-206300.60540740774,303.87339348002484,145
55520000,111039.99985616172,-206483.4863051721,299.43661792541457,145
55525000,111049.99985612738,-206243.02419412497,306.5424112807369,145
55530000,111059.99985609304,-207315.90965078375,302.45127906738503,145
55535000,111069.9998560587,-206010.72048589576,298.36689910596385,145
55540000,111079.99985602435,-207074.09721311065,304.37136560190515,145
55545000,111089.99985599001,-206888.65240594244,304.16366421076685,145
55550000,111099.99985595567,-206155.7894975493,301.9476787491109,145
55555000,111109.99985592133,-205765.10819700384,304.9342984485027,145
55560000,111119.99985588698,-206117.83424913406,303.25223528445605,145
55565000,111129.99985585264,-205555.08960060054,302.1412064729828,145
55570000,111139.9998558183,-206404.23863813293,301.4573779524319,145
55575000,111149.99985578396,-206633.9244608126,303.0711656148204,145
55580000,111159.99985574961,-206002.28136496746,296.35970466773176,145
55585000,111169.99985571527,-207039.78114599804,303.90128690089364,145
55590000,111179.99985568093,-207052.7039238488,298.3216031204375,145
55595000,111189.99985564659,-207097.5064750655,295.6163037460203,145
55600000,111199.99985561224,-206759.0072053764,301.0819406691145,145
55605000,111209.9998555779,-206697.06919294444,305.25128397982473,145
55610000,111219.99985554356,-206106.89643582352,302.35723283520673,145
55615000,111229.99985550922,-206661.40636185452,301.98113741165855,145
55620000,111239.99985547487,-206506.05546664086,296.8303905551728,145
55625000,111249.99985544053,-206508.06011726067,302.15780730222156,145
55630000,111259.99985540619,-206708.23573805008,299.52273373341376,145
55635000,111269.99985537185,-206547.45755179296,295.87839229223545,145
55640000,111279.9998553375,-206360.4937086004,306.28877217813505,145
55645000,111289.99985530316,-206059.06727780157,299.3704749176928,145
55650000,111299.99985526882,-205996.57114413579,300.2613446748469,145
55655000,111309.99985523448,-206177.50454610004,298.77520304813095,145
55660000,111319.99985520013,-206853.57611171226,300.08778440593727,145
55665000,111329.99985516579,-206325.06216906675,301.6016131326882,145
55670000,111339.99985513145,-205983.9501224314,299.2295223004999,145
55675000,111349.9998550971,-206665.0168917725,302.778064965924,145
55680000,111359.99985506276,-206327.24440812762,298.7324722659496,145
55685000,111369.99985502842,-205746.94946158666,300.02580492587737,145
55690000,111379.99985499408,-205890.15389614634,299.6906123077307,145
55695000,111389.99985495974,-206262.76784933347,304.4598094797357,145
55700000,111399.9998549254,-206167.8302447499,300.7998691085241,145
55705000,111409.99985489105,-206477.04730564728,297.8015276878343,145
55710000,111419.99985485671,-206750.4154104062,299.05308216925494,145
55715000,111429.99985482237,-207351.61815805105,297.3549458430945,145
55720000,111439.99985478802,-206597.48522654222,296.4092801566974,145
55725000,111449.99985475368,-206618.99458523304,299.2934868656812,145
55730000,111459.99985471934,-206525.29193603562,301.4661421732876,145
55735000,111469.999854685,-206645.56697911688,303.9883870458418,145
55740000,111479.99985465065,-207103.16644165188,301.3429301982289,145
55745000,111489.99985461631,-206729.30889858003,305.5448145449777,145
55750000,111499.99985458197,-206911.1021156673,299.32392658986,145
55755000,111509.99985454763,-206991.37225137663,301.254729046929,145
55760000,111519.99985451328,-206672.62814820185,301.3219730494988,145
55765000,111529.99985447894,-205948.55360810377,299.84147766361025,145
55770000,111539.9998544446,-206468.8969692319,302.2965151108218,145
55775000,111549.99985441026,-206773.10467943503,295.32700839039603,145
55780000,111559.99985437591,-207074.63034517562,298.25583001271303,145
55785000,111569.99985434157,-206186.68534064852,297.6145660209028,145
55790000,111579.99985430723,-205896.7514741862,295.39535684155044,145
55795000,111589.99985427289,-205563.30881638755,303.9880418104879,145
55800000,111599.99985423854,-206610.0162513482,297.89127477316777,145
55805000,111609.9998542042,-206497.87830932206,304.23510150232596,145
55810000,111619.99985416986,-207200.69842331612,299.8469182829715,145
55815000,111629.99985413552,-206399.39598492486,301.9604059836795,145
55820000,111639.99985410117,-206698.14593153133,297.0053542995729,145
55825000,111649.99985406683,-206661.78110725316,298.9134036006298,145
55830000,111659.99985403249,-206267.73569239536,303.0493966505238,145
55835000,111669.99985399815,-206523.6754483519,303.7342389119137,145
55840000,111679.9998539638,-206266.3639033133,301.626793529728,145
55845000,111689.99985392946,-206417.41218424682,301.80225750325576,145
55850000,111699.99985389512,-206474.04794439592,300.63237569755756,145
55855000,111709.99985386078,-205609.20954017912,303.7298680981981,145
55860000,111719.99985382643,-205675.43071049394,299.464558933776,145
55865000,111729.99985379209,-206432.0899497784,302.6482246410218,145
55870000,111739.99985375775,-206043.37231350795,299.8953519904268,145
55875000,111749.9998537234,-206042.79712067125,302.04390047095364,145
55880000,111759.99985368906,-206313.17644558742,300.77724828015823,145
55885000,111769.99985365472,-205852.53744608944,299.0104317037771,145
55890000,111779.99985362038,-206660.46949300694,300.3888976618196,145
55895000,111789.99985358604,-206587.9627337691,300.4103934687554,145
55900000,111799.9998535517,-206243.60233467934,301.15814690272515,145
55905000,111809.99985351735,-206253.3526669643,298.7608778568646,145
55910000,111819.99985348301,-206124.87747146073,301.499802488116,145
55915000,111829.99985344867,-206301.54292516515,304.6084096361898,145
55920000,111839.99985341432,-206345.05831366754,298.6099093796542,145
55925000,111849.99985337998,-206356.83542348258,302.142887163108,145
55930000,111859.99985334564,-205615.2370207886,301.02834728981804,145
55935000,111869.9998533113,-206126.32703882118,301.2979953296203,145
55940000,111879.99985327695,-206693.34938950837,303.4367113309001,145
55945000,111889.99985324261,-205774.36814403383,302.6211124679424,145
55950000,111899.99985320827,-206362.85349087056,298.5828928751971,145
55955000,111909.99985317393,-206044.85628355772,297.8875342302754,145
55960000,111919.99985313958,-206341.89130620612,299.6541868463159,145
55965000,111929.99985310524,-206889.82070594397,305.2261241515294,145
55970000,111939.9998530709,-207354.19870685204,301.24029365910104,145
55975000,111949.99985303656,-207174.38992620294,298.61028337598805,145
55980000,111959.99985300221,-207489.018658899,302.2272163352022,145
55985000,111969.99985296787,-206105.48192973947,296.99316139249015,145
55990000,111979.99985293353,-206169.97439671878,295.3909709946456,145
55995000,111989.99985289919,-206917.23974907736,299.8120402602257,145
56000000,111999.99985286484,-206477.95886679937,295.49215254680263,145
56005000,112009.9998528305,-206644.46144374355,300.0185613181563,145
56010000,112019.99985279616,-205889.59030748892,294.3695643212401,145
56015000,112029.99985276182,-206487.4139775756,299.35235682829517,145
56020000,112039.99985272747,-206256.8842020746,300.43794968140844,145
56025000,112049.99985269313,-206681.20939404273,298.98974763757144,145
56030000,112059.99985265879,-205909.7470516829,306.49389508693974,145
56035000,112069.99985262445,-205668.52199194557,301.3824175270108,145
56040000,112079.9998525901,-205830.02483695804,302.94737348220207,145
56045000,112089.99985255576,-206644.99123681418,303.94789838903336,145
56050000,112099.99985252142,-207118.65372110158,297.8733825939339,145
56055000,112109.99985248708,-206722.370955799,299.89836709586234,145
56060000,112119.99985245273,-204977.99866546365,300.4226176108344,145
56065000,112129.99985241839,-205790.45227886504,295.9121879140307,145
56070000,112139.99985238405,-206709.30877285253,298.4094157178568,145
56075000,112149.9998523497,-205690.82119349577,299.50293076394723,145
56080000,112159.99985231536,-207065.13502313267,300.48652869878373,145
56085000,112169.99985228102,-206429.31418539316,303.0483646672136,145
56090000,112179.99985224668,-206214.82187812927,303.1896597191955,145
56095000,112189.99985221234,-206484.5165850519,299.17982201849236,145
56100000,112199.99985217799,-206594.921299121,299.46599960092175,145
56105000,112209.99985214365,-205971.75433266803,297.66462503600513,145
56110000,112219.99985210931,-206091.11282679008,300.79060288816856,145
56115000,112229.99985207497,-206055.57004594489,299.3062808461297,145
56120000,112239.99985204062,-206453.99922128522,300.2562538336455,145
56125000,112249.99985200628,-206249.14980034856,303.101913612784,145
56130000,112259.99985197194,-206371.36164876225,300.83249871811137,145
56135000,112269.9998519376,-206914.2777751499,299.1863241701378,145
56140000,112279.99985190325,-206681.91883346974,298.6301445381701,145
56145000,112289.99985186891,-206292.61687232682,305.0484827169536,145
56150000,112299.99985183457,-207169.97240065073,300.8207910121228,145
56155000,112309.99985180022,-206422.83622114232,305.4854195134425,145
56160000,112319.99985176588,-206294.49909540627,303.47587589205386,145
56165000,112329.99985173154,-207140.76205825864,300.59577442484533,145
56170000,112339.9998516972,-206717.67868677364,302.55199621705776,145
56175000,112349.99985166285,-206123.35528538155,302.07030120171146,145
56180000,112359.99985162851,-206834.65575260064,299.5652512943803,145
56185000,112369.99985159417,-206455.79326931643,301.87680975388514,145
56190000,112379.99985155983,-206620.3597224655,304.4070229056341,145
56195000,112389.99985152548,-206803.3866114294,298.6608625101938,145
56200000,112399.99985149114,-206719.9760054365,300.2675714211949,145
56205000,112409.9998514568,-206610.19336485944,300.56449651269804,145
56210000,112419.99985142246,-206207.8982895919,301.09352580447876,145
56215000,112429.99985138811,-206415.04160854907,299.35517913956244,145
56220000,112439.99985135377,-206068.4030027683,306.509648748691,145
56225000,112449.99985131943,-206209.06207301782,300.6111259221563,145
56230000,112459.99985128509,-206387.8213587175,298.0570947009565,145
56235000,112469.99985125074,-206944.33245061873,307.1340010120181,145
56240000,112479.9998512164,-206433.8685902151,297.91568773553286,145
56245000,112489.99985118206,-206743.58575123036,297.5967313978461,145
56250000,112499.99985114772,-206440.0361561008,296.8649605778742,145
56255000,112509.99985111337,-206437.4482827779,304.769794052617,145
56260000,112519.99985107903,-207140.95063043293,299.0342247859316,145
56265000,112529.99985104469,-206359.95159935136,301.823492360792,145
56270000,112539.99985101035,-206604.17309998872,296.6850648175585,145
56275000,112549.999850976,-206255.2625480221,302.97960634532177,145
56280000,112559.99985094166,-206824.0151666993,298.52034633755596,145
56285000,112569.99985090732,-206673.13819255645,301.7942398729547,145
56290000,112579.99985087298,-206067.576368317,304.6914788520666,145
56295000,112589.99985083863,-206634.14379072946,295.912663900584,145
56300000,112599.99985080429,-206661.91806225304,302.73248862262153,145
56305000,112609.99985076995,-206149.73242351657,304.7059964782619,145
56310000,112619.9998507356,-206543.65713235654,305.792976663106,145
56315000,112629.99985070126,-206030.99403517426,294.083346897103,145
56320000,112639.99985066692,-206230.6701568812,300.6674155167747,145
56325000,112649.99985063258,-206861.3936722366,296.72266861515436,145
56330000,112659.99985059824,-205519.06579016848,300.20778107609146,145
56335000,112669.9998505639,-206655.16188535653,298.00167409856476,145
56340000,112679.99985052955,-206386.34601969772,303.6425437494707,145
56345000,112689.99985049521,-207075.1597008619,296.55860245244355,145
56350000,112699.99985046087,-206860.44733511715,302.6546219461882,145
56355000,112709.99985042652,-206803.70751778455,298.40020548886747,145
56360000,112719.99985039218,-205276.90088225424,299.203666473514,145
56365000,112729.99985035784,-206616.21249536797,298.025671758825,145
56370000,112739.9998503235,-207262.8178010824,295.5305860294799,145
56375000,112749.99985028915,-206388.50416644057,296.57888506251726,145
56380000,112759.99985025481,-205760.54435381712,296.24806393040757,145
56385000,112769.99985022047,-206921.81563615648,299.2893084643322,145
56390000,112779.99985018613,-206744.2510571247,298.640438488802,145
56395000,112789.99985015178,-206587.55032179283,297.93209193484165,145
56400000,112799.99985011744,-205819.37580960512,300.28731068212977,145
56405000,112809.9998500831,-206671.13923081092,298.0750434768212,145
56410000,112819.99985004876,-206653.22807327576,301.4169037588465,145
56415000,112829.99985001441,-206965.77929503832,296.864318206271,145
56420000,112839.99984998007,-205591.0467983334,300.6652645250731,145
56425000,112849.99984994573,-206184.32110527356,303.5296170059212,145
56430000,112859.99984991139,-206502.07768731506,298.3184791785972,145
56435000,112869.99984987704,-205932.8021574968,299.244489716932,145
56440000,112879.9998498427,-205888.80172238173,302.2015144126651,145
56445000,112889.99984980836,-205853.36533551302,297.8398243167538,145
56450000,112899.99984977402,-206182.58229792106,300.52017339503846,145
56455000,112909.99984973967,-206909.31198483554,302.6610282577885,145
56460000,112919.99984970533,-205856.53884756542,305.62874314382185,145
56465000,112929.99984967099,-206969.02735389944,302.6975161835163,145
56470000,112939.99984963665,-206723.89640652225,303.0528560576267,145
56475000,112949.9998496023,-207256.0257088634,295.8289592334971,145
56480000,112959.99984956796,-206688.09220155992,298.5881656382998,145
56485000,112969.99984953362,-205739.87135109236,300.00493785289837,145
56490000,112979.99984949928,-206164.59238992422,296.332507758986,145
56495000,112989.99984946493,-206123.31169117498,304.42967769636,145
56500000,112999.99984943059,-206745.86266452528,299.06844209634943,145
56505000,113009.99984939625,-206240.28180673672,302.7453924108792,145
56510000,113019.9998493619,-206415.4613156853,301.46152382910196,145
56515000,113029.99984932756,-206141.1691375199,296.196763577494,145
56520000,113039.99984929322,-205787.24234104855,304.5636946780076,145
56525000,113049.99984925888,-205806.49612203997,298.75461016002566,145
56530000,113059.99984922454,-205924.1584368277,301.05609699084135,145
56535000,113069.9998491902,-206212.09177598776,296.09452261362577,145
56540000,113079.99984915585,-206490.356224278,301.8754383783961,145
56545000,113089.99984912151,-206381.59320562833,301.9029566785386,145
56550000,113099.99984908717,-206535.64135488227,299.3116941127688,145
56555000,113109.99984905282,-206698.1199990766,300.30408183700115,145
56560000,113119.99984901848,-206618.12481541163,299.51954677003357,145
56565000,113129.99984898414,-205949.45368401904,300.15448386220606,145
56570000,113139.9998489498,-206231.47548172227,299.9126418453452,145
56575000,113149.99984891545,-206464.57699937944,300.0201336553014,145
56580000,113159.99984888111,-205869.6512732854,300.1615038448802,145
56585000,113169.99984884677,-205234.04019428464,299.0161202279614,145
56590000,113179.99984881243,-205414.67688159575,303.0060594000127,145
56595000,113189.99984877808,-206392.99031843094,307.2781664582032,145
56600000,113199.99984874374,-206806.0845474985,303.6713278521029,145
56605000,113209.9998487094,-206795.94272496144,301.13209615877656,145
56610000,113219.99984867506,-205700.9835182823,300.75846371111777,145
56615000,113229.99984864071,-207249.72961417923,303.9104627148082,145
56620000,113239.99984860637,-206646.1880292279,302.41258598078275,145
56625000,113249.99984857203,-206495.82519474823,296.33083021150605,145
56630000,113259.99984853769,-206086.53446061886,301.42582122184143,145
56635000,113269.99984850334,-206883.47708334692,299.63870427624363,145
56640000,113279.999848469,-205726.7434127112,302.2280063288482,145
56645000,113289.99984843466,-206937.4672063148,306.3335586884023,145
56650000,113299.99984840032,-206322.09771787678,299.7636129981422,145
56655000,113309.99984836597,-206207.28897362447,304.5426751557494,145
56660000,113319.99984833163,-205753.38569387188,301.5172537609329,145
56665000,113329.99984829729,-206477.2027169949,296.29094756503656,145
56670000,113339.99984826295,-206412.1521309882,297.47454609707813,145
56675000,113349.9998482286,-206182.96752490685,302.38052547612045,145
56680000,113359.99984819426,-206433.5184130898,300.47720540288407,145
56685000,113369.99984815992,-205601.8816307648,299.2458921809031,145
56690000,113379.99984812558,-206526.38456123392,298.8361308468611,145
56695000,113389.99984809123,-206775.36596108088,304.1177589343729,145
56700000,113399.99984805689,-206671.42132278823,296.75870114166423,145
56705000,113409.99984802255,-206590.860850557,301.4509713580263,145
56710000,113419.9998479882,-206241.07424088684,297.56500529973647,145
56715000,113429.99984795386,-207063.3472741834,300.92190995186405,145
56720000,113439.99984791952,-206905.46971579106,302.54275162247063,145
56725000,113449.99984788518,-206076.42747461807,299.62946974322256,145
56730000,113459.99984785084,-206233.92021203856,297.55378789943967,145
56735000,113469.99984781649,-206053.92345147592,302.6088495348361,145
56740000,113479.99984778215,-206380.42475812533,302.8810258059964,145
56745000,113489.99984774781,-206155.17483637424,302.3264783943502,145
56750000,113499.99984771346,-206194.78320841945,299.089612363085,145
56755000,113509.99984767912,-205641.5465834731,302.2765665371841,145
56760000,113519.99984764478,-206347.4514386087,296.342206056909,145
56765000,113529.99984761044,-206199.37587445707,303.799714324131,145
56770000,113539.9998475761,-205759.05972768413,301.5726996886534,145
56775000,113549.99984754175,-206147.65833935095,302.6390386586349,145
56780000,113559.99984750741,-206401.0900441002,304.2374598863357,145
56785000,113569.99984747307,-206668.11569603672,300.05753193454854,145
56790000,113579.99984743872,-206241.96574833035,301.3173593636313,145
56795000,113589.99984740438,-206367.90518503706,296.40036280177594,145
56800000,113599.99984737004,-206631.10514569224,298.46512914870596,145
56805000,113609.9998473357,-205978.20193115855,302.5564396321916,145
56810000,113619.99984730135,-206214.9413074936,302.6418294837929,145
56815000,113629.99984726701,-205787.80497505225,302.21430727120475,145
56820000,113639.99984723267,-206233.13901350612,302.09870659337747,145
56825000,113649.99984719833,-206217.23602068517,302.99323271543767,145
56830000,113659.99984716398,-206797.04122447234,299.50275472088407,145
56835000,113669.99984712964,-205802.34178679856,298.2298638605944,145
56840000,113679.9998470953,-206706.78015604825,299.6081131528035,145
56845000,113689.99984706096,-205617.18794512853,303.23693882662945,145
56850000,113699.99984702661,-206995.39038629027,299.42287610701914,145
56855000,113709.99984699227,-207211.70196983626,300.05102503721673,145
56860000,113719.99984695793,-206192.775972854,301.70879247102715,145
56865000,113729.99984692359,-205891.2604340997,300.76810023970165,145
56870000,113739.99984688924,-205845.91899112624,303.9159489999996,145
56875000,113749.9998468549,-206495.10921323043,299.179959893804,145
56880000,113759.99984682056,-206338.61834986333,299.57795431180267,145
56885000,113769.99984678622,-206516.92802515347,299.6086283894333,145
56890000,113779.99984675187,-206367.0919362423,305.2843513665488,145
56895000,113789.99984671753,-206852.81324541208,303.60199864810795,145
56900000,113799.99984668319,-206297.27396867017,302.11469429872795,145
56905000,113809.99984664885,-205839.328570963,304.61266690324663,145
56910000,113819.9998466145,-207152.88846069993,299.1033979534163,145
56915000,113829.99984658016,-206497.1960070011,302.64639610031253,145
56920000,113839.99984654582,-205650.07626214763,301.8559941540698,145
56925000,113849.99984651148,-205870.18959002348,301.23740423304815,145
56930000,113859.99984647713,-206329.0513635953,304.4219445421403,145
56935000,113869.99984644279,-206957.93065986724,296.1951916908693,145
56940000,113879.99984640845,-206479.0744996264,299.83555984840496,145
56945000,113889.9998463741,-206545.31738678936,296.1321728439624,145
56950000,113899.99984633976,-206242.4358406932,294.0914836709689,145
56955000,113909.99984630542,-207013.38369268435,305.7776093923623,145
56960000,113919.99984627108,-206959.64071571606,301.0241391348629,145
56965000,113929.99984623674,-205947.09117170842,300.61452727172957,145
56970000,113939.9998462024,-206100.64459927578,299.5025749705143,145
56975000,113949.99984616805,-207012.96550160553,299.35848367739305,145
56980000,113959.99984613371,-206231.86119834532,302.415996364321,145
56985000,113969.99984609937,-206052.5632699068,300.0803066264745,145
56990000,113979.99984606502,-206626.47491687024,302.27718216118166,145
56995000,113989.99984603068,-206870.08433368348,301.81098535525985,145
57000000,113999.99984599634,-207301.8022957166,303.2132967019482,145
57005000,114009.999845962,-205611.87900533632,301.43682374499457,145
57010000,114019.99984592765,-206341.33831902163,301.964407637272,145
57015000,114029.99984589331,-206187.37464663503,302.83686474331205,145
57020000,114039.99984585897,-206468.19947220467,300.600438785684,145
57025000,114049.99984582463,-206533.2008358069,299.9374644663356,145
57030000,114059.99984579028,-207226.47181162308,298.10598276215245,145
57035000,114069.99984575594,-206374.37999865052,296.8942132851241,145
57040000,114079.9998457216,-206110.7729190439,299.4864862382934,145
57045000,114089.99984568726,-206186.56477652618,299.6321445762256,145
57050000,114099.99984565291,-206734.3944152214,301.09182457070966,145
57055000,114109.99984561857,-206768.71677375596,303.06666147416786,145
57060000,114119.99984558423,-206664.92176269193,296.1370510549513,145
57065000,114129.99984554989,-206297.26090224355,300.60468310304515,145
57070000,114139.99984551554,-205960.89364065637,305.5837766935854,145
57075000,114149.9998454812,-206424.19890992192,304.1900115886906,145
57080000,114159.99984544686,-206451.19671236654,300.26099896300263,145
57085000,114169.99984541252,-206381.14843756112,299.1695558879019,145
57090000,114179.99984537817,-207184.8126739352,301.8268637947511,145
57095000,114189.99984534383,-206016.07927522855,305.0463544509127,145
57100000,114199.99984530949,-206702.34318215202,295.921712070796,145
57105000,114209.99984527515,-206392.63563913736,297.13854205700613,145
57110000,114219.9998452408,-206738.82327252033,300.8033448222101,145
57115000,114229.99984520646,-206288.76355485234,300.1103484474234,145
57120000,114239.99984517212,-207170.81019957073,298.0093451645424,145
57125000,114249.99984513778,-206323.2886618533,302.5312289215691,145
57130000,114259.99984510343,-205706.85490808135,302.94956614699606,145
57135000,114269.99984506909,-206013.96957542177,303.7849288350525,145
57140000,114279.99984503475,-206050.99172630918,301.54459565549,145
57145000,114289.9998450004,-206669.1155273366,298.54287442872493,145
57150000,114299.99984496606,-206177.47241001925,297.76526557906374,145
57155000,114309.99984493172,-205955.08851170563,297.2252029097747,145
57160000,114319.99984489738,-206533.82280218822,298.8889012570149,145
57165000,114329.99984486304,-205932.9808764282,295.4669958980625,145
57170000,114339.9998448287,-205582.52798721823,300.53816295441663,145
57175000,114349.99984479435,-205685.0162840318,300.21937266153503,145
57180000,114359.99984476001,-206179.10168265703,303.07799711107214,145
57185000,114369.99984472567,-206073.67765655438,299.5839678270338,145
57190000,114379.99984469132,-206962.30032903037,297.5903442946433,145
57195000,114389.99984465698,-206039.2868637318,299.24026240189045,145
57200000,114399.99984462264,-206802.38576810865,298.95424274266384,145
57205000,114409.9998445883,-205949.49454137194,303.5001139655312,145
57210000,114419.99984455395,-207476.51662991685,297.26671277390153,145
57215000,114429.99984451961,-206386.27906027145,300.0048222609426,145
57220000,114439.99984448527,-206639.7953867265,300.46190698238075,145
57225000,114449.99984445093,-206563.18993469747,299.7350011343666,145
57230000,114459.99984441658,-206178.44878095074,297.2880830464099,145
57235000,114469.99984438224,-206017.54343436728,297.03334029089916,145
57240000,114479.9998443479,-206605.19417302439,296.10191150630766,145
57245000,114489.99984431356,-206127.5943814416,299.19297850509656,145
57250000,114499.99984427921,-206785.76611796895,299.3202536199408,145
57255000,114509.99984424487,-206199.19506362628,297.7993344259112,145
57260000,114519.99984421053,-206783.43788897526,300.11935579479626,145
57265000,114529.99984417619,-206325.8817313608,300.50454854592505,145
57270000,114539.99984414184,-206629.5121289423,301.29842506396704,145
57275000,114549.9998441075,-206914.45739308174,299.6014050974873,145
57280000,114559.99984407316,-206836.28077525005,305.5797584473858,145
57285000,114569.99984403882,-206518.45242691902,297.0063960816105,145
57290000,114579.99984400447,-206591.1124444066,301.0014977462724,145
57295000,114589.99984397013,-206001.77340272896,299.3332221757125,145
57300000,114599.99984393579,-206185.01915397053,300.50438195426307,145
57305000,114609.99984390145,-206226.24045429286,302.3284544855988,145
57310000,114619.9998438671,-206387.49872420926,299.36926377166327,145
57315000,114629.99984383276,-206484.14112380252,299.6612983206856,145
57320000,114639.99984379842,-206491.5958268185,301.30166800455726,145
57325000,114649.99984376408,-206267.4485985163,298.9689383344893,145
57330000,114659.99984372973,-205973.37911881588,297.93221726094515,145
57335000,114669.99984369539,-207337.38158458576,296.69260209616255,145
57340000,114679.99984366105,-206651.53635515424,303.08609245252,145
57345000,114689.9998436267,-206471.00292022293,302.35108411105045,145
57350000,114699.99984359236,-206849.5884057911,303.41239140969856,145
57355000,114709.99984355802,-206652.73757276835,305.7540622870946,145
57360000,114719.99984352368,-205990.31176977977,297.41974829342155,145
57365000,114729.99984348934,-205181.25988566177,300.4394886078122,145
57370000,114739.99984345499,-205869.5441805505,299.91172073085755,145
57375000,114749.99984342065,-206785.17858081206,298.8774428261391,145
57380000,114759.99984338631,-205947.14186634717,298.758959591333,145
57385000,114769.99984335196,-206258.47730108292,299.89405067856046,145
57390000,114779.99984331762,-206389.36826769507,303.35183251588984,145
57395000,114789.99984328328,-207008.62696780346,304.258840525845,145
57400000,114799.99984324894,-206159.1391235789,300.9710726003256,145
57405000,114809.9998432146,-205660.97638652765,301.4437136232695,145
57410000,114819.99984318025,-206204.11047361768,298.57877574759334,145
57415000,114829.99984314591,-206017.5447734258,297.69770573673196,145
57420000,114839.99984311157,-206968.32999404497,302.0461843133003,145
57425000,114849.99984307722,-205905.8337181087,302.2928032946181,145
57430000,114859.99984304288,-205928.4050894141,303.08604155459636,145
57435000,114869.99984300854,-205664.75638738985,300.9355155764576,145
57440000,114879.9998429742,-206458.3903276167,299.0485436627404,145
57445000,114889.99984293985,-206531.21554076392,299.0818715563155,145
57450000,114899.99984290551,-206374.32572496857,297.87460978204297,145
57455000,114909.99984287117,-206556.98672084569,297.98422625012444,145
57460000,114919.99984283683,-206900.0394347579,300.8783724558417,145
57465000,114929.99984280248,-206881.20203203033,301.0034749468466,145
57470000,114939.99984276814,-206472.31496691052,297.8403440588738,145
57475000,114949.9998427338,-206011.55274156237,298.92707259950544,145
57480000,114959.99984269946,-205938.9535972788,304.66566104385447,145
57485000,114969.99984266511,-206872.5931905827,300.69513973447613,145
57490000,114979.99984263077,-207125.3606199635,300.8074869754308,145
57495000,114989.99984259643,-207465.8768680169,299.7732894891893,145
57500000,114999.99984256209,-205865.15683198266,305.33508121148316,145
57505000,115009.99984252774,-206523.33192284498,294.2406504391028,145
57510000,115019.9998424934,-206223.71837377723,300.4856725448807,145
57515000,115029.99984245906,-206581.50702700135,301.17617073610984,145
57520000,115039.99984242472,-205792.20005760947,300.82119880499977,145
57525000,115049.99984239037,-206607.55701884849,297.12538219639754,145
57530000,115059.99984235603,-206295.72411450394,301.0792780325101,145
57535000,115069.99984232169,-206777.13953338435,297.52689500321634,145
57540000,115079.99984228735,-206230.3694990006,303.7076726726042,145
57545000,115089.999842253,-206912.85016789578,300.40569077861477,145
57550000,115099.99984221866,-207653.38606505538,300.02229931147644,145
57555000,115109.99984218432,-206599.02559395938,302.45583529132654,145
57560000,115119.99984214998,-206317.7725938923,298.5246857643555,145
57565000,115129.99984211563,-207215.7670106903,296.34088200695123,145
57570000,115139.99984208129,-206033.66903445008,305.35231466123207,145
57575000,115149.99984204695,-206257.37470018724,294.6970702968595,145
57580000,115159.9998420126,-206437.3582950792,300.47321064491126,145
57585000,115169.99984197826,-206300.45863408165,304.1051516611251,145
57590000,115179.99984194392,-206129.9223366814,301.1252397439735,145
57595000,115189.99984190958,-206763.44408265047,298.9509076195852,145
57600000,115199.99984187524,-206607.75718530163,303.03325762755895,145
57605000,115209.9998418409,-206154.9707252269,300.97923106096476,145
57610000,115219.99984180655,-206258.1207142733,300.29110143039975,145
57615000,115229.99984177221,-206145.75305360905,301.218236980419,145
57620000,115239.99984173787,-207110.8686890842,299.7714584819575,145
57625000,115249.99984170352,-205532.3641056911,300.86829240556597,145
57630000,115259.99984166918,-206591.55956322956,299.4543844391505,145
57635000,115269.99984163484,-206952.64458090707,298.40694117423214,145
57640000,115279.9998416005,-206213.22402608418,301.29935281002537,145
57645000,115289.99984156615,-206881.78068696137,304.9747745942546,145
57650000,115299.99984153181,-205500.63728294277,299.2483876097619,145
57655000,115309.99984149747,-206433.99503793241,304.27931653324043,145
57660000,115319.99984146313,-206588.23080509773,303.79388341229003,145
57665000,115329.99984142878,-206353.74768929544,302.11437252801096,145
57670000,115339.99984139444,-205500.4772903265,299.13752439527207,145
57675000,115349.9998413601,-206549.23351366678,301.5189034177117,145
57680000,115359.99984132576,-206596.58610590373,300.6329392351928,145
57685000,115369.99984129141,-206807.15717178164,301.75701157316536,145
57690000,115379.99984125707,-206336.10394989257,300.41036696865746,145
57695000,115389.99984122273,-206128.49748423125,301.63436546575673,145
57700000,115399.99984118839,-206282.43020216376,302.2708692890963,145
57705000,115409.99984115404,-206541.86514791043,300.91905240757137,145
57710000,115419.9998411197,-206521.60893288034,298.400939563808,145
57715000,115429.99984108536,-206593.86922197312,299.979064366331,145
57720000,115439.99984105102,-206165.16019238753,295.95300142857155,145
57725000,115449.99984101667,-205514.82059276442,298.79831843028904,145
57730000,115459.99984098233,-206338.9393314483,298.83636453421053,145
57735000,115469.99984094799,-206157.5218234004,300.27164130849894,145
57740000,115479.99984091365,-206338.18807416025,303.3386119733821,145
57745000,115489.9998408793,-206177.5825888156,295.5709472749347,145
57750000,115499.99984084496,-206929.44413145632,302.4764405551725,145
57755000,115509.99984081062,-206460.0166061261,299.14861336426736,145
57760000,115519.99984077628,-206165.78097248636,299.598955471587,145
57765000,115529.99984074193,-206427.5896821823,300.68156635797203,145
57770000,115539.99984070759,-206188.9625478012,300.9907393658798,145
57775000,115549.99984067325,-206790.71270349622,300.23052670325086,145
57780000,115559.9998406389,-206287.39195035282,305.32010961247704,145
57785000,115569.99984060456,-205850.2641570503,299.6865082207691,145
57790000,115579.99984057022,-205617.95345840603,302.04377055607785,145
57795000,115589.99984053588,-206658.80888299248,297.3631949656844,145
57800000,115599.99984050154,-206535.06882109854,296.0605584860464,145
57805000,115609.9998404672,-205789.7891242992,299.2514248781496,145
57810000,115619.99984043285,-206283.0734389522,302.4294977085683,145
57815000,115629.99984039851,-206703.90685717028,302.1712604649157,145
57820000,115639.99984036417,-206695.63108680001,303.2873908704573,145
57825000,115649.99984032982,-206583.58647673135,303.29420331640006,145
57830000,115659.99984029548,-206703.0126539336,299.78507078227074,145
57835000,115669.99984026114,-206074.89484696952,302.8870327948835,145
57840000,115679.9998402268,-206130.6844923346,302.8526620534041,145
57845000,115689.99984019245,-206212.37326950533,299.01271779866767,145
57850000,115699.99984015811,-206630.89654110034,303.24688984300843,145
57855000,115709.99984012377,-207258.26916071505,303.72176328534266,145
57860000,115719.99984008943,-206337.6901765751,299.9170985837086,145
57865000,115729.99984005508,-206759.46649063588,300.2334608536229,145
57870000,115739.99984002074,-206369.67794652306,306.5555782742945,145
57875000,115749.9998399864,-205969.52560229576,294.46791666960195,145
57880000,115759.99983995206,-205683.72683067597,297.9745262577772,145
57885000,115769.99983991771,-206476.23039082508,300.0741883721957,145
57890000,115779.99983988337,-206764.68258104508,302.89584411742436,145
57895000,115789.99983984903,-206628.7679253422,298.1197895802081,145
57900000,115799.99983981469,-206446.97479793674,299.1931797547769,145
57905000,115809.99983978034,-206956.89301399456,297.699331094734,145
57910000,115819.999839746,-206082.85900346295,302.89341810115195,145
57915000,115829.99983971166,-207257.89749316056,302.15986935515957,145
57920000,115839.99983967732,-205807.23470024473,295.4986181563525,145
57925000,115849.99983964297,-206275.52903548523,298.5660772220632,145
57930000,115859.99983960863,-206552.8366290701,302.3113692594421,145
57935000,115869.99983957429,-206001.61226852366,304.1516003972647,145
57940000,115879.99983953995,-205792.60745534173,301.1406536036138,145
57945000,115889.9998395056,-206215.28242857836,296.2947120666481,145
57950000,115899.99983947126,-206593.71966838138,302.13755732119427,145
57955000,115909.99983943692,-207093.46217085526,302.94959398408656,145
57960000,115919.99983940258,-206489.82080888958,305.36447506910804,145
57965000,115929.99983936823,-205718.97447332193,301.4021626152158,145
57970000,115939.99983933389,-206683.4037934126,303.21732453069455,145
57975000,115949.99983929955,-206554.17233534565,304.6621366276138,145
57980000,115959.9998392652,-206807.15367432928,304.1830342321024,145
57985000,115969.99983923086,-207162.6661769983,301.4316303170857,145
57990000,115979.99983919652,-206884.85606524302,301.98011142752375,145
57995000,115989.99983916218,-206378.58061944402,296.63189440662507,145
58000000,115999.99983912784,-206554.981811665,294.5702200409303,145
58005000,116009.99983909349,-206448.64323252358,305.15021048832796,145
58010000,116019.99983905915,-206672.97490843304,297.42286558358785,145
58015000,116029.99983902481,-206491.09802553372,299.28829205777237,145
58020000,116039.99983899046,-206216.46476603614,300.6935940448455,145
58025000,116049.99983895612,-206736.1335385407,300.6455904816779,145
58030000,116059.99983892178,-206909.49672186177,295.03889046470374,145
58035000,116069.99983888744,-206515.15283970453,294.58360082736715,145
58040000,116079.9998388531,-206151.30521076696,302.70958542085737,145
58045000,116089.99983881875,-206736.8012330538,294.78715341316985,145
58050000,116099.99983878441,-206256.2544681175,296.5981403104017,145
58055000,116109.99983875007,-206607.16469913837,297.4793679839269,145
58060000,116119.99983871572,-206225.2755419179,300.39602676758227,145
58065000,116129.99983868138,-206913.97325444187,295.1134634489444,145
58070000,116139.99983864704,-205969.22672721662,298.495647480247,145
58075000,116149.9998386127,-205878.3029935161,300.62156920930533,145
58080000,116159.99983857835,-206945.28461005108,300.32215617702906,145
58085000,116169.99983854401,-206333.32534639235,298.3289095535251,145
58090000,116179.99983850967,-205861.62382391165,301.56004280853296,145
58095000,116189.99983847533,-206704.9805118338,299.9263565511701,145
58100000,116199.99983844098,-206540.41381256096,299.60661637736496,145
58105000,116209.99983840664,-205812.17507386347,304.1100724858733,145
58110000,116219.9998383723,-206580.07868751383,296.9822011973862,145
58115000,116229.99983833796,-206493.66044080502,300.38045797713215,145
58120000,116239.99983830361,-206067.98568808648,298.5383547948145,145
58125000,116249.99983826927,-206467.05329946103,298.91518992253134,145
58130000,116259.99983823493,-206768.6931687256,303.7868071512529,145
58135000,116269.99983820059,-205993.7526599049,300.66145475389544,145
58140000,116279.99983816624,-206441.75782643177,299.7784551885908,145
58145000,116289.9998381319,-206194.0611366817,302.2640459942872,145
58150000,116299.99983809756,-205940.79618289822,297.71035114780074,145
58155000,116309.99983806322,-206436.54986838507,299.8517802927028,145
58160000,116319.99983802887,-206715.62829552894,298.77736935616133,145
58165000,116329.99983799453,-206193.7430807473,300.36925468780635,145
58170000,116339.99983796019,-207378.97366315208,301.9450602739864,145
58175000,116349.99983792585,-205584.1342145909,301.8698442056633,145
58180000,116359.9998378915,-207264.90052407712,302.5830110722038,145
58185000,116369.99983785716,-207091.31129687384,298.4724834309323,145
58190000,116379.99983782282,-205608.74433840602,298.0618348665035,145
58195000,116389.99983778848,-205429.87215019157,301.739964629832,145
58200000,116399.99983775413,-207310.69424175494,302.2067003642052,145
58205000,116409.99983771979,-206040.35982421658,297.9088416862639,145
58210000,116419.99983768545,-206866.19860512554,297.7206527989287,145
58215000,116429.9998376511,-206416.04027811834,296.8635752693343,145
58220000,116439.99983761676,-205910.05458174495,296.7700809377964,145
58225000,116449.99983758242,-206087.1550844583,298.2296673740473,145
58230000,116459.99983754808,-206210.29173829884,302.0572852322486,145
58235000,116469.99983751374,-206948.15260841674,300.71586853565856,145
58240000,116479.9998374794,-206275.88200280047,301.30174397880074,145
58245000,116489.99983744505,-205993.52902726026,297.97186371713445,145
58250000,116499.99983741071,-206024.1211774127,299.15918947447017,145
58255000,116509.99983737637,-206914.87863865413,296.92403004563465,145
58260000,116519.99983734202,-207327.11969717627,300.5060278554131,145
58265000,116529.99983730768,-206461.66247328697,301.57737357274533,145
58270000,116539.99983727334,-205596.6612557046,299.3275836501411,145
58275000,116549.999837239,-206579.260796751,298.1638103124787,145
58280000,116559.99983720465,-206098.66011353116,302.2335575744264,145
58285000,116569.99983717031,-205468.8983479367,304.96237829910876,145
58290000,116579.99983713597,-205866.75149640627,299.0032477966685,145
58295000,116589.99983710163,-206277.4942418927,304.5570022218632,145
58300000,116599.99983706728,-206761.1006176375,303.6955501968211,145
58305000,116609.99983703294,-206334.54946008616,297.667756179245,145
58310000,116619.9998369986,-205858.3940985204,302.17609596633935,145
58315000,116629.99983696426,-206636.6676554744,303.57277980163457,145
58320000,116639.99983692991,-206530.0356880912,300.8828599166006,145
58325000,116649.99983689557,-207064.84627087193,300.73607578459183,145
58330000,116659.99983686123,-206279.8347801161,299.81236408844626,145
58335000,116669.99983682689,-206755.21945955092,302.26808520738115,145
58340000,116679.99983679254,-206635.14424326725,299.4813419059437,145
58345000,116689.9998367582,-206341.27266164718,300.7505702146487,145
58350000,116699.99983672386,-205896.8987996109,299.64353888439615,145
58355000,116709.99983668952,-206292.5512288193,297.9953765358864,145
58360000,116719.99983665517,-206302.57386441354,301.4272775618565,145
58365000,116729.99983662083,-206977.77930187888,299.01635389902054,145
58370000,116739.99983658649,-206009.71451116202,299.43534373366924,145
58375000,116749.99983655215,-206904.71013979032,299.89324313240013,145
58380000,116759.9998365178,-206885.88731022296,294.85839038276816,145
58385000,116769.99983648346,-206342.39797111682,301.68703371289644,145
58390000,116779.99983644912,-205602.3973550098,302.6516115304643,145
58395000,116789.99983641478,-206870.74374605145,304.18097398477835,145
58400000,116799.99983638043,-206548.57744358596,299.44067610347327,145
58405000,116809.99983634609,-206416.3415274492,294.5084906583735,145
58410000,116819.99983631175,-205716.43412456417,300.29264175236756,145
58415000,116829.9998362774,-206546.0461826505,300.7588761599037,145
58420000,116839.99983624306,-206756.88171412947,299.45852978031104,145
58425000,116849.99983620872,-206541.70035752328,300.1320878432318,145
58430000,116859.99983617438,-205968.3652339034,296.2524828357507,145
58435000,116869.99983614004,-205984.41027780657,302.05753459575254,145
58440000,116879.9998361057,-206651.0063732569,301.0245164803778,145
58445000,116889.99983607135,-207117.03519316495,304.5666830109588,145
58450000,116899.99983603701,-206601.4204137324,303.0242882128967,145
58455000,116909.99983600267,-206606.7363980721,297.79271329143705,145
58460000,116919.99983596832,-206782.34315650782,298.9584483008834,145
58465000,116929.99983593398,-206263.69234682724,299.24325942518425,145
58470000,116939.99983589964,-206591.33328688645,305.22663487502047,145
58475000,116949.9998358653,-206983.45133654866,299.5375878885183,145
58480000,116959.99983583095,-205694.45468855393,300.3698215553963,145
58485000,116969.99983579661,-206187.99516695796,295.0334938744884,145
58490000,116979.99983576227,-206075.39590471005,303.4144976364959,145
58495000,116989.99983572793,-206896.40918647766,298.4689876063044,145
58500000,116999.99983569358,-206088.24960362364,299.4805964774674,145
58505000,117009.99983565924,-207089.55944489152,302.72301685931876,145
58510000,117019.9998356249,-206534.2178962913,303.77144821467004,145
58515000,117029.99983559056,-206843.36058290803,300.48769780932713,145
58520000,117039.99983555621,-206849.3078373213,299.6445724574664,145
58525000,117049.99983552187,-206091.47596507205,300.2745700201033,145
58530000,117059.99983548753,-206786.90835627413,300.96373091178856,145
58535000,117069.99983545319,-206522.70799916598,297.93582850879164,145
58540000,117079.99983541884,-206356.79793585488,297.117961561525,145
58545000,117089.9998353845,-206307.42993042304,298.245495560786,145
58550000,117099.99983535016,-207074.8738258169,299.63147364416676,145
58555000,117109.99983531582,-206121.6307312498,302.2359910546246,145
58560000,117119.99983528147,-206251.87333813065,306.3582967256559,145
58565000,117129.99983524713,-207115.29501065868,299.57772563968047,145
58570000,117139.99983521279,-205895.55040875252,299.9534333376298,145
58575000,117149.99983517845,-206219.78542876034,301.3406394234751,145
58580000,117159.9998351441,-206075.42524138198,305.75623565517714,145
58585000,117169.99983510976,-207216.7985502103,303.89631766842984,145
58590000,117179.99983507542,-206271.109274221,300.2675283616506,145
58595000,117189.99983504108,-206217.2037344867,301.1959502036421,145
58600000,117199.99983500673,-205930.38570117578,292.2644440141199,145
58605000,117209.99983497239,-207182.63287577627,299.65468064322374,145
58610000,117219.99983493805,-205919.62336637115,301.1662353127062,145
58615000,117229.9998349037,-206758.30346364563,302.337353661441,145
58620000,117239.99983486936,-206099.9710404802,305.68731100761477,145
58625000,117249.99983483502,-206020.66087808937,298.86745448460647,145
58630000,117259.99983480068,-206161.4434132215,297.7174253030812,145
58635000,117269.99983476633,-206467.95843649597,298.5083471819266,145
58640000,117279.99983473199,-206142.9887121009,303.7702089386882,145
58645000,117289.99983469765,-206125.60262267233,304.3565302961943,145
58650000,117299.99983466331,-206577.1587475515,300.31761056907243,145
58655000,117309.99983462896,-206454.81955660332,297.89467694704496,145
58660000,117319.99983459462,-206144.94734069728,305.31166159971286,145
58665000,117329.99983456028,-206219.29282636987,300.44790842362517,145
58670000,117339.99983452594,-206068.1488340163,299.8077233137854,145
58675000,117349.9998344916,-206652.9018146234,295.6820742133879,145
58680000,117359.99983445725,-206103.56618399068,303.10057624536785,145
58685000,117369.99983442291,-206614.1662964524,297.9504415998029,145
58690000,117379.99983438857,-206666.5830658743,297.2749747911554,145
58695000,117389.99983435422,-207029.8705521446,299.98597903092343,145
58700000,117399.99983431988,-206291.25105680432,301.45272566753613,145
58705000,117409.99983428554,-206191.91778399772,301.5421762733757,145
58710000,117419.9998342512,-205915.48232656938,299.94021067359233,145
58715000,117429.99983421685,-206889.16954933654,295.1420418384805,145
58720000,117439.99983418251,-206116.823151084,299.61000556591625,145
58725000,117449.99983414817,-206441.93022016168,305.44628527237177,145
58730000,117459.99983411383,-206637.05208273698,301.24471427549867,145
58735000,117469.99983407948,-205893.06287336524,303.8602618121009,145
58740000,117479.99983404514,-206814.9599383733,303.02552696118465,145
58745000,117489.9998340108,-206259.94145099167,299.97275605020536,145
58750000,117499.99983397646,-206724.1617759259,299.36205839688495,145
58755000,117509.99983394211,-205442.07527270704,295.26096814110707,145
58760000,117519.99983390777,-206372.33802210365,303.7862211043641,145
58765000,117529.99983387343,-205990.8867420446,303.0558026044809,145
58770000,117539.99983383909,-206838.80715465802,299.3202311084905,145
58775000,117549.99983380474,-206815.20722761552,298.13725579336506,145
58780000,117559.9998337704,-207329.04919700976,298.7550605564035,145
58785000,117569.99983373606,-206761.1664674295,296.26994537619805,145
58790000,117579.99983370172,-206834.92699062987,307.03995394721704,145
58795000,117589.99983366737,-206825.2627223943,299.7618331439172,145
58800000,117599.99983363303,-206417.7792055665,301.7702077886872,145
58805000,117609.99983359869,-206003.38307776302,301.6760743115889,145
58810000,117619.99983356435,-207272.06902860978,299.1197982536976,145
58815000,117629.99983353,-206566.61322451173,298.0682786199796,145
58820000,117639.99983349566,-206202.93623111828,298.45633727559436,145
58825000,117649.99983346132,-207454.18513682543,296.3127207835186,145
58830000,117659.99983342698,-206640.90839817713,302.9232349757072,145
58835000,117669.99983339263,-206098.10649348528,299.77834647458405,145
58840000,117679.99983335829,-206664.78512660158,306.1615197870988,145
58845000,117689.99983332395,-206600.32706136454,300.39548169072714,145
58850000,117699.9998332896,-206591.20911315223,299.31593615063707,145
58855000,117709.99983325526,-206212.11558842973,296.6583162456326,145
58860000,117719.99983322092,-206503.96091890545,298.9322133563618,145
58865000,117729.99983318658,-206243.70855978667,295.89601362524724,145
58870000,117739.99983315224,-206901.38456180017,300.2555207408405,145
58875000,117749.9998331179,-206334.64118756005,300.5498876471504,145
58880000,117759.99983308355,-206793.67634844815,298.1616960393071,145
58885000,117769.99983304921,-206085.00100666436,303.6329118874617,145
58890000,117779.99983301487,-206862.08839663072,296.6182282629549,145
58895000,117789.99983298052,-205838.23477483646,300.09334887303555,145
58900000,117799.99983294618,-206765.75102499034,303.8164346921586,145
58905000,117809.99983291184,-206407.94917664037,301.9382159236245,145
58910000,117819.9998328775,-206175.46131862653,301.6025163391485,145
58915000,117829.99983284315,-206847.16752090538,295.84730108539253,145
58920000,117839.99983280881,-207160.11289499013,307.6445326042117,145
58925000,117849.99983277447,-206438.44220077212,300.8985025641989,145
58930000,117859.99983274013,-206045.84614402452,303.9361988769856,145
58935000,117869.99983270578,-207159.8323389379,298.28097591361603,145
58940000,117879.99983267144,-206905.65195539175,296.2213880537352,145
58945000,117889.9998326371,-206249.98996157025,299.15812702017286,145
58950000,117899.99983260276,-206191.98538587673,299.4919217072688,145
58955000,117909.99983256841,-206615.273130705,297.704827107049,145
58960000,117919.99983253407,-206874.27878377587,296.3125657957142,145
58965000,117929.99983249973,-206230.31787391705,299.8160479779394,145
58970000,117939.99983246539,-206034.2984430577,297.2833027236983,145
58975000,117949.99983243104,-205697.38284771808,295.9178434875819,145
58980000,117959.9998323967,-205728.2796264938,297.31624517326196,145
58985000,117969.99983236236,-206058.61037905968,299.4588487169631,145
58990000,117979.99983232802,-206397.81856694422,302.57458160634627,145
58995000,117989.99983229367,-206365.41320723423,304.91568105329804,145
59000000,117999.99983225933,-206763.33361863834,297.5091179629834,145
59005000,118009.99983222499,-207035.05513258628,303.7305139132907,145
59010000,118019.99983219065,-206267.97058891167,297.10262424718627,145
59015000,118029.9998321563,-206565.49240392738,301.6868293514348,145
59020000,118039.99983212196,-206664.30078609125,299.8918743596192,145
59025000,118049.99983208762,-206281.85579549975,299.74401151655326,145
59030000,118059.99983205328,-207190.17334621062,302.4939578873611,145
59035000,118069.99983201893,-206604.6884054955,302.2264786346287,145
59040000,118079.99983198459,-206250.34608300508,296.7083398797368,145
59045000,118089.99983195025,-206605.3494033824,301.79640959739584,145
59050000,118099.9998319159,-206666.82164239814,297.14467728173605,145
59055000,118109.99983188156,-206153.22118763265,299.26103949852245,145
59060000,118119.99983184722,-206884.58381411014,300.92496011748227,145
59065000,118129.99983181288,-207192.47876287403,301.4993490616988,145
59070000,118139.99983177854,-205751.1183128144,299.7328338131407,145
59075000,118149.9998317442,-206448.62881344743,298.8162880115997,145
59080000,118159.99983170985,-207066.76089805888,301.7728030485588,145
59085000,118169.99983167551,-206067.06349148508,302.11812777379595,145
59090000,118179.99983164117,-206565.83082967822,297.61612434196053,145
59095000,118189.99983160682,-206143.54011534422,301.7290170995863,145
59100000,118199.99983157248,-205868.34134352743,303.3330417470902,145
59105000,118209.99983153814,-206608.89862921555,299.9084179940882,145
59110000,118219.9998315038,-206347.35488028487,302.5683814519781,145
59115000,118229.99983146945,-206799.20548823208,299.9271552497712,145
59120000,118239.99983143511,-206243.822716731,298.4358189627368,145
59125000,118249.99983140077,-208121.05543372117,304.7692805504128,145
59130000,118259.99983136643,-206948.57589785988,299.286372896811,145
59135000,118269.99983133208,-206585.2727532871,302.8113428715468,145
59140000,118279.99983129774,-207055.62829721172,303.7043590373674,145
59145000,118289.9998312634,-205855.99064329255,297.11389517379973,145
59150000,118299.99983122906,-206284.12936925236,302.24495180795327,145
59155000,118309.99983119471,-206102.7486007933,298.09786626095564,145
59160000,118319.99983116037,-205773.25716845843,300.2749272902936,145
59165000,118329.99983112603,-206002.5766900949,298.2676539321311,145
59170000,118339.99983109169,-205533.20399273525,295.89341957179863,145
59175000,118349.99983105734,-205594.5910516188,298.80217585859685,145
59180000,118359.999831023,-206128.64124697796,302.6222495390615,145
59185000,118369.99983098866,-206593.67402556934,300.76347762810343,145
59190000,118379.99983095432,-206117.4792353732,300.7642220311723,145
59195000,118389.99983091997,-206433.7113393749,304.89049728553937,145
59200000,118399.99983088563,-206570.77308655728,298.2239993796635,145
59205000,118409.99983085129,-206317.18401748547,297.8646372643552,145
59210000,118419.99983081695,-205960.97505074355,300.31835316738324,145
59215000,118429.9998307826,-206096.34836983657,300.894225908216,145
59220000,118439.99983074826,-206886.89546547702,295.9174958339736,145
59225000,118449.99983071392,-206380.8662952613,300.0634506423778,145
59230000,118459.99983067958,-206425.31895660702,301.19195564923393,145
59235000,118469.99983064523,-206005.97864128044,300.3344025203994,145
59240000,118479.99983061089,-206131.50898958766,299.98286421918135,145
59245000,118489.99983057655,-205468.15437250468,300.89314039384135,145
59250000,118499.9998305422,-207067.2858190987,298.41053059388435,145
59255000,118509.99983050786,-206342.23288657935,298.67309798056834,145
59260000,118519.99983047352,-206150.77204817254,305.9801213949599,145
59265000,118529.99983043918,-205559.5683600559,302.07081626244116,145
59270000,118539.99983040483,-206059.19746604015,306.0623097523811,145
59275000,118549.99983037049,-206856.76462801208,305.9901971198489,145
59280000,118559.99983033615,-206870.59692640812,300.5361783956603,145
59285000,118569.99983030181,-206663.02281578456,297.7297889993892,145
59290000,118579.99983026746,-206036.47616212151,302.6962791095041,145
59295000,118589.99983023312,-205973.45647409034,299.07819466200436,145
59300000,118599.99983019878,-206621.97021765343,297.13748321514555,145
59305000,118609.99983016444,-205967.38653021527,296.6684611242741,145
59310000,118619.9998301301,-205993.2699351128,297.5842830348586,145
59315000,118629.99983009575,-207230.54949196626,298.565328974292,145
59320000,118639.99983006141,-207617.95278204675,292.83731978585445,145
59325000,118649.99983002707,-206865.44215099956,298.24896552678797,145
59330000,118659.99982999272,-206360.5797958707,300.8133581420904,145
59335000,118669.99982995838,-206203.857745743,300.47495475123225,145
59340000,118679.99982992404,-206308.59536918078,300.9674744379726,145
59345000,118689.9998298897,-206367.2937756459,299.8374271929683,145
59350000,118699.99982985535,-206608.6013151789,305.86266485948886,145
59355000,118709.99982982101,-206250.953567705,297.8148029251614,145
59360000,118719.99982978667,-206013.2114391682,300.3717217620172,145
59365000,118729.99982975233,-206181.5917611915,302.61367889766154,145
59370000,118739.99982971798,-206020.5244810409,301.47377462420854,145
59375000,118749.99982968364,-206324.36163734738,301.17676898548194,145
59380000,118759.9998296493,-206604.3539108443,298.41552898200206,145
59385000,118769.99982961496,-206178.28866609687,301.6585232351794,145
59390000,118779.99982958061,-205764.77730194433,302.0610482980917,145
59395000,118789.99982954627,-206146.9824890258,299.3861347473792,145
59400000,118799.99982951193,-206076.98419014388,301.26876626679405,145
59405000,118809.99982947759,-206750.58513743337,302.5422412850497,145
59410000,118819.99982944324,-206811.8562932047,301.13628073494976,145
59415000,118829.9998294089,-206263.23258640233,296.78558292174057,145
59420000,118839.99982937456,-206459.79667343805,298.66974098904734,145
59425000,118849.99982934022,-206419.27158466342,301.1477546003023,145
59430000,118859.99982930587,-205697.0357136305,293.8278819095274,145
59435000,118869.99982927153,-206647.89074086573,299.49377194591216,145
59440000,118879.99982923719,-206256.16211692255,304.9853548258296,145
59445000,118889.99982920285,-207150.37441617262,298.2589750562425,145
59450000,118899.9998291685,-207263.6431077778,301.1373565641878,145
59455000,118909.99982913416,-206489.51611273724,300.09739845071005,145
59460000,118919.99982909982,-206628.5702240673,296.97637963091785,145
59465000,118929.99982906548,-205719.83194986347,303.90495861821825,145
59470000,118939.99982903113,-206092.47494050243,301.06930699295043,145
59475000,118949.99982899679,-206062.66860439524,303.11120595951775,145
59480000,118959.99982896245,-205846.81817820237,302.199793041889,145
59485000,118969.9998289281,-207359.22682790854,299.6504016910635,145
59490000,118979.99982889376,-206093.44143849402,298.4262223787594,145
59495000,118989.99982885942,-206219.72987242334,299.3092472046157,145
59500000,118999.99982882508,-206970.61914524727,299.6294096503641,145
59505000,119009.99982879074,-206327.5768324698,298.07928044733484,145
59510000,119019.9998287564,-205998.35023948725,299.36610624120556,145
59515000,119029.99982872205,-206701.4884225349,301.5142649106865,145
59520000,119039.99982868771,-206644.95579584944,303.8926241781007,145
59525000,119049.99982865337,-206505.41455909552,301.7980877715449,145
59530000,119059.99982861902,-206230.54568209243,299.70810198761535,145
59535000,119069.99982858468,-206614.83717259206,301.8224570069676,145
59540000,119079.99982855034,-206226.5628463733,299.3299088059275,145
59545000,119089.999828516,-205457.97308573045,295.2228583774074,145
59550000,119099.99982848165,-206643.11615318502,301.55192550090095,145
59555000,119109.99982844731,-206853.79865829088,302.70115815603305,145
59560000,119119.99982841297,-205945.4493261791,300.39943654747026,145
59565000,119129.99982837863,-206580.17757118598,303.7502571711612,145
59570000,119139.99982834428,-206311.09021771245,301.34186784566475,145
59575000,119149.99982830994,-206990.0195038513,301.69529104527265,145
59580000,119159.9998282756,-206527.88172626367,305.7029614547549,145
59585000,119169.99982824126,-206511.9864443913,299.967593292089,145
59590000,119179.99982820691,-206756.63580346585,304.25740671686344,145
59595000,119189.99982817257,-206417.11645863368,296.6353629550617,145
59600000,119199.99982813823,-206160.08534569712,298.33749871704964,145
59605000,119209.99982810389,-206159.94536198583,298.9159126720886,145
59610000,119219.99982806954,-206285.31309641874,301.24631922505915,145
59615000,119229.9998280352,-206130.0981231184,302.73067392049654,145
59620000,119239.99982800086,-206727.0145119913,298.20615105200943,145
59625000,119249.99982796652,-206394.04943282017,306.45182974918254,145
59630000,119259.99982793217,-206033.48632394,298.3009169522017,145
59635000,119269.99982789783,-205973.6616073182,301.5551920534558,145
59640000,119279.99982786349,-206630.82225518895,300.2132587138855,145
59645000,119289.99982782915,-207055.43834841752,301.14206914666283,145
59650000,119299.9998277948,-206288.43018667772,299.91773103234823,145
59655000,119309.99982776046,-206432.15475872275,298.7703779993638,145
59660000,119319.99982772612,-207193.57485659316,299.4157508768492,145
59665000,119329.99982769178,-206444.3436151481,302.13125697953205,145
59670000,119339.99982765743,-206235.21555580234,299.80184017921965,145
59675000,119349.99982762309,-205627.88789435534,298.62061526366574,145
59680000,119359.99982758875,-206812.80596938496,298.1023192572327,145
59685000,119369.9998275544,-206011.25416677876,294.479504991317,145
59690000,119379.99982752006,-206485.5601953694,298.81155769696124,145
59695000,119389.99982748572,-207062.17172351154,297.9658592153087,145
59700000,119399.99982745138,-206678.8006329335,303.67383470375415,145
59705000,119409.99982741704,-206749.5084651428,302.91987373399803,145
59710000,119419.9998273827,-206795.27414779586,297.99170852921407,145
59715000,119429.99982734835,-206770.8687066133,300.88609984838564,145
59720000,119439.99982731401,-206568.35945496964,303.9664893178428,145
59725000,119449.99982727967,-206197.24891641166,301.89805193624693,145
59730000,119459.99982724532,-205918.14105297904,301.7298798461738,145
59735000,119469.99982721098,-206218.12614670035,295.45308032457257,145
59740000,119479.99982717664,-206157.4331180529,298.4900715606995,145
59745000,119489.9998271423,-206018.2716041454,304.84130723393775,145
59750000,119499.99982710795,-206179.5118504191,302.1591274361495,145
59755000,119509.99982707361,-206228.10243425623,301.95556865257714,145
59760000,119519.99982703927,-205665.01176499843,298.92357728805774,145
59765000,119529.99982700493,-206695.3886113495,302.1948417263491,145
59770000,119539.99982697058,-207005.47340191167,298.7976765714592,145
59775000,119549.99982693624,-206288.57410471397,302.73490978486046,145
59780000,119559.9998269019,-206470.03109911236,300.37825879392835,145
59785000,119569.99982686756,-206318.2342932045,296.28507319339786,145
59790000,119579.99982683321,-206531.89372769755,297.6890361323113,145
59795000,119589.99982679887,-206876.10900247225,298.9198003552203,145
59800000,119599.99982676453,-205745.5682447817,304.42844169917134,145
59805000,119609.99982673019,-207324.80252263672,293.1701302320005,145
59810000,119619.99982669584,-206171.8426952057,300.8456472837505,145
59815000,119629.9998266615,-206918.38990265597,305.6553378072757,145
59820000,119639.99982662716,-206304.6228560385,301.5051863649758,145
59825000,119649.99982659282,-206974.8652353551,299.787055933035,145
59830000,119659.99982655847,-206447.59442459478,305.59864633840994,145
59835000,119669.99982652413,-206426.0782920483,301.53889891762947,145
59840000,119679.99982648979,-206066.1319932131,306.17165919149886,145
59845000,119689.99982645545,-206028.46025584312,301.9466286808535,145
59850000,119699.9998264211,-206824.1724360186,297.8674364725574,145
59855000,119709.99982638676,-206004.34704295045,298.0571441751688,145
59860000,119719.99982635242,-206043.7839877106,298.46467893377337,145
59865000,119729.99982631808,-206564.91768581315,296.4587430954442,145
59870000,119739.99982628373,-206150.1477466789,299.1148056678708,145
59875000,119749.99982624939,-206706.21525346965,302.0427103537288,145
59880000,119759.99982621505,-206032.43612133118,303.62157907877946,145
59885000,119769.9998261807,-206085.43984503718,305.8312417081778,145
59890000,119779.99982614636,-205941.88976458774,301.44478051571724,145
59895000,119789.99982611202,-207051.84995956847,298.92885249478365,145
59900000,119799.99982607768,-206586.20410753286,300.6975452745839,145
59905000,119809.99982604333,-206575.66468921897,300.4209181799057,145
59910000,119819.99982600899,-207425.18511733133,295.1991005792406,145
59915000,119829.99982597465,-207195.3588285467,297.925067859914,145
59920000,119839.99982594031,-206648.9086947766,299.09780634200484,145
59925000,119849.99982590596,-205952.13691482646,299.1640190001583,145
59930000,119859.99982587162,-206921.729640487,302.33683319762616,145
59935000,119869.99982583728,-206495.9064090763,300.2830538559681,145
59940000,119879.99982580294,-206722.72391546064,299.5011704720918,145
59945000,119889.9998257686,-206474.54888236907,301.83617292925703,145
59950000,119899.99982573425,-206726.78505769453,302.3237044768411,145
59955000,119909.99982569991,-206339.56933970924,300.29286560873226,145
59960000,119919.99982566557,-206537.20753937622,301.8656559761399,145
59965000,119929.99982563122,-206549.5313534959,301.4630677425094,145
59970000,119939.99982559688,-207268.4001043382,301.3507102157133,145
59975000,119949.99982556254,-206110.97551894328,291.8164141438399,145
59980000,119959.9998255282,-206721.53886769968,299.3889910681192,145
59985000,119969.99982549385,-207253.53577339172,300.72113234457186,145
59990000,119979.99982545951,-206129.80081827124,298.58097959116856,145
59995000,119989.99982542517,-206239.59203482803,301.18978179418673,145
60000000,119999.99982539083,-206588.47210588004,301.0301413606452,145
60005000,120009.99982535648,-205864.65934352227,299.0692559099852,145
60010000,120019.99982532214,-206281.41189706058,297.16851842936836,145
60015000,120029.9998252878,-206880.68140226998,297.09303087533556,145
60020000,120039.99982525346,-206080.21561787068,300.5068300539979,145
60025000,120049.99982521911,-206138.04318494175,299.5203893441565,145
60030000,120059.99982518477,-206074.69232224918,296.93059183869093,145
60035000,120069.99982515043,-206946.40280998452,299.139547348233,145
60040000,120079.99982511609,-206368.54054170044,302.8617262335904,145
60045000,120089.99982508174,-205408.40936916904,304.6144260619452,145
60050000,120099.9998250474,-206642.0291744339,306.8578350834344,145
60055000,120109.99982501306,-206604.88746561238,296.9060781554545,145
60060000,120119.99982497872,-206096.18422756845,294.07118170897337,145
60065000,120129.99982494437,-206042.23646013043,299.44906458184596,145
60070000,120139.99982491003,-206410.06019229547,298.0894072125882,145
60075000,120149.99982487569,-207487.0260729522,302.12854320352386,145
60080000,120159.99982484135,-206417.7738928172,301.3311646437817,145
60085000,120169.999824807,-206452.83822866168,299.73699875686634,145
60090000,120179.99982477266,-206400.3246683058,305.0655078644541,145
60095000,120189.99982473832,-206040.55001859914,300.49940995038867,145
60100000,120199.99982470398,-207207.59482678177,299.0733883044497,145
60105000,120209.99982466963,-205734.44187838247,300.54367124585804,145
60110000,120219.99982463529,-206185.03234583267,301.2394752035449,145
60115000,120229.99982460095,-206041.4975304224,302.0039575175307,145
60120000,120239.9998245666,-206100.28428763186,304.7757905713223,145
60125000,120249.99982453226,-206607.3876539804,298.1022935318322,145
60130000,120259.99982449792,-205701.1418534693,299.485839044958,145
60135000,120269.99982446358,-206450.112677766,299.6835089081463,145
60140000,120279.99982442924,-206480.4850020382,295.3504771786247,145
60145000,120289.9998243949,-206737.07608379947,296.12088185819994,145
60150000,120299.99982436055,-206770.71688657056,298.92257293501063,145
60155000,120309.99982432621,-206314.52465458727,297.4448887801319,145
60160000,120319.99982429187,-206401.65024196613,297.9401850160429,145
60165000,120329.99982425752,-206477.9450237936,306.9447136030937,145
60170000,120339.99982422318,-205925.44789580803,302.07052250161576,145
60175000,120349.99982418884,-206240.48080326908,304.75241439903874,145
60180000,120359.9998241545,-206653.8522833283,299.27551665006683,145
60185000,120369.99982412015,-206353.8404004639,297.71914585988986,145
60190000,120379.99982408581,-206850.04296544392,300.82975573335625,145
60195000,120389.99982405147,-206251.68437094532,296.04681588869806,145
60200000,120399.99982401713,-206053.95714093628,304.6838480667,145
60205000,120409.99982398278,-205569.45919480966,303.500617571872,145
60210000,120419.99982394844,-206031.62218533608,293.3611809169329,145
60215000,120429.9998239141,-206271.65136851266,299.02145993960386,145
60220000,120439.99982387976,-205914.4121982893,306.22745695571393,145
60225000,120449.99982384541,-206558.36477864953,300.6918015534445,145
60230000,120459.99982381107,-206355.78186510212,302.0485065183706,145
60235000,120469.99982377673,-206627.9696883011,294.39600637025495,145
60240000,120479.99982374239,-206640.3444685893,302.7459151537756,145
60245000,120489.99982370804,-206379.8982818412,297.3008135519688,145
60250000,120499.9998236737,-206383.82601092418,298.22351278285146,145
60255000,120509.99982363936,-207081.37273949722,298.3299687134715,145
60260000,120519.99982360502,-206325.2234952997,300.85032349911813,145
60265000,120529.99982357067,-206158.19700700906,297.3492815022764,145
60270000,120539.99982353633,-205560.25804411853,297.68721428719005,145
60275000,120549.99982350199,-205915.4136921591,299.1217399419902,145
60280000,120559.99982346765,-206055.02298363717,301.1490828599016,145
60285000,120569.9998234333,-206225.76601245266,297.8540369188966,145
60290000,120579.99982339896,-206101.2160422355,302.60338345710585,145
60295000,120589.99982336462,-205904.39308261755,297.20454520589016,145
60300000,120599.99982333028,-206299.5890021316,297.4743191541368,145
60305000,120609.99982329593,-206756.27243768924,303.49804654161437,145
60310000,120619.99982326159,-206522.80979018146,303.69009106291895,145
60315000,120629.99982322725,-206487.60343725898,305.50112201102087,145
60320000,120639.9998231929,-205704.01955845614,298.9350679122505,145
60325000,120649.99982315856,-206641.60215317842,298.93463354532435,145
60330000,120659.99982312422,-206657.35193040583,298.8746223709678,145
60335000,120669.99982308988,-206653.3366476664,301.718373875349,145
60340000,120679.99982305554,-206524.35423516878,300.578287460545,145
60345000,120689.9998230212,-205937.14366113965,296.7391620044222,145
60350000,120699.99982298685,-206010.63599344948,301.53874299710617,145
60355000,120709.99982295251,-205894.9858507471,299.31063114149214,145
60360000,120719.99982291817,-207077.24413311225,300.76002789197736,145
60365000,120729.99982288382,-206045.2182684436,299.78383984397817,145
60370000,120739.99982284948,-205845.59599300916,301.26325540137043,145
60375000,120749.99982281514,-206697.5756967042,300.3809107667563,145
60380000,120759.9998227808,-206448.6013245926,304.93421755127025,145
60385000,120769.99982274645,-205963.3772772206,303.6785355407307,145
60390000,120779.99982271211,-206419.75643806404,302.41225791282005,145
60395000,120789.99982267777,-206208.72597064474,301.3496440353599,145
60400000,120799.99982264343,-207009.2643115858,300.11558922825594,145
60405000,120809.99982260908,-206501.6791095198,299.8175971182618,145
60410000,120819.99982257474,-206582.23164364556,300.86896393803215,145
60415000,120829.9998225404,-207169.1752377092,300.7235632765831,145
60420000,120839.99982250606,-205531.98643882317,296.88139934001833,145
60425000,120849.99982247171,-205448.59124075144,300.21195663057927,145
60430000,120859.99982243737,-206399.70282497816,300.2220927601012,145
60435000,120869.99982240303,-206576.51979874016,299.429761318452,145
60440000,120879.99982236869,-206511.6588162958,301.28688470295657,145
60445000,120889.99982233434,-206428.19813503965,298.9182041294418,145
60450000,120899.9998223,-206866.79408959392,305.28164900556226,145
60455000,120909.99982226566,-206857.23415269633,298.90093245242707,145
60460000,120919.99982223132,-206655.28958069684,297.5761872577811,145
60465000,120929.99982219697,-206149.1477614427,302.3310935691698,145
60470000,120939.99982216263,-207000.1114089035,298.0190674142045,145
60475000,120949.99982212829,-206328.39577141358,300.2581916628798,145
60480000,120959.99982209395,-206871.2649339831,301.31240610912846,145
60485000,120969.9998220596,-206058.64074240427,299.6103920752522,145
60490000,120979.99982202526,-207002.04274152475,300.8769029888484,145
60495000,120989.99982199092,-206439.80954320938,299.66362301167476,145
60500000,120999.99982195658,-207339.00124807202,299.0372964630692,145
60505000,121009.99982192223,-206232.90323724027,298.80709922912496,145
60510000,121019.99982188789,-206096.3044672917,301.80189634153373,145
60515000,121029.99982185355,-206506.18706963456,298.8582216907736,145
60520000,121039.9998218192,-206356.58924959716,296.956504113472,145
60525000,121049.99982178486,-206485.05576690705,300.66854143131997,145
60530000,121059.99982175052,-206663.21861126565,303.9743010688198,145
60535000,121069.99982171618,-206205.95235065196,296.1988619554516,145
60540000,121079.99982168183,-206537.28671594,295.99374574074136,145
60545000,121089.99982164749,-206228.43479070265,304.07127794319325,145
60550000,121099.99982161315,-206198.91235247243,300.3229412707162,145
60555000,121109.99982157881,-206310.94197606586,298.42929435789625,145
60560000,121119.99982154446,-206065.44914577936,301.16898626671906,145
60565000,121129.99982151012,-205825.25872170494,302.66021855006426,145
60570000,121139.99982147578,-206025.47529278614,298.43215017528144,145
60575000,121149.99982144144,-206106.98280379595,301.23976973264837,145
60580000,121159.9998214071,-206308.35538511514,296.6840741529685,145
60585000,121169.99982137275,-206444.0902621937,299.3206996814589,145
60590000,121179.99982133841,-205746.39839535032,302.5935797793616,145
60595000,121189.99982130407,-206521.28848369466,300.56920032252395,145
60600000,121199.99982126972,-206952.9418264751,300.10294316708047,145
60605000,121209.99982123538,-206463.82162328798,303.20897573782077,145
60610000,121219.99982120104,-206055.82882824226,300.85518683600213,145
60615000,121229.9998211667,-206512.97519049037,299.761625679123,145
60620000,121239.99982113235,-206453.1437856505,297.9802574411729,145
60625000,121249.99982109801,-207017.0411408873,297.86871903826125,145
60630000,121259.99982106367,-206356.58282115206,301.9738980612454,145
60635000,121269.99982102933,-205964.09736146173,299.33268904787604,145
60640000,121279.99982099498,-206214.70421757642,301.54978910877645,145
60645000,121289.99982096064,-205998.68907347322,300.88882750200173,145
60650000,121299.9998209263,-205594.32987923524,304.5912509305466,145
60655000,121309.99982089196,-206820.9452281061,297.57260667563776,145
60660000,121319.99982085761,-206342.10541374644,298.0362411390589,145
60665000,121329.99982082327,-206640.96947821067,304.59009228883934,145
60670000,121339.99982078893,-205988.31072204362,298.5089152947027,145
60675000,121349.99982075459,-206213.13680386613,299.74644058226244,145
60680000,121359.99982072024,-205635.3080156286,303.2287475299459,145
60685000,121369.9998206859,-207359.83057050523,295.8228772972793,145
60690000,121379.99982065156,-206463.81408575678,299.00061235323966,145
60695000,121389.99982061722,-207127.9400404318,299.0651346618338,145
60700000,121399.99982058287,-205902.69875327486,305.5438626835974,145
60705000,121409.99982054853,-206196.3640326492,302.76138424539977,145
60710000,121419.99982051419,-206666.2957478338,299.39298087896043,145
60715000,121429.99982047985,-206558.94468414423,297.5331126196377,145
60720000,121439.9998204455,-206247.0814995662,301.4841239374532,145
60725000,121449.99982041116,-206529.7123236867,299.76325947392405,145
60730000,121459.99982037682,-206327.03581054974,301.9230693744166,145
60735000,121469.99982034248,-206820.82451071008,296.8511369069335,145
60740000,121479.99982030813,-206609.0320503275,296.68801447798944,145
60745000,121489.99982027379,-206966.89442798542,297.0085661324776,145
60750000,121499.99982023945,-206388.82299016556,297.7196281001754,145
60755000,121509.9998202051,-206115.84395303635,301.5677774571078,145
60760000,121519.99982017076,-205898.07301740407,297.0197333274774,145
60765000,121529.99982013642,-206966.20273946563,302.38975071635303,145
60770000,121539.99982010208,-206657.02770905977,299.7189734090231,145
60775000,121549.99982006774,-207445.6376037969,295.76634315593697,145
60780000,121559.9998200334,-206007.7183504745,304.26169868879924,145
60785000,121569.99981999905,-206324.8284179623,297.3931983066645,145
60790000,121579.99981996471,-206466.43418423238,301.7748175118747,145
60795000,121589.99981993037,-205698.77555480937,300.1509189258246,145
60800000,121599.99981989602,-206131.91317506426,302.3867965122898,145
60805000,121609.99981986168,-206252.2454485423,301.68942239512694,145
60810000,121619.99981982734,-206082.10856438463,300.35677534944085,145
60815000,121629.999819793,-206332.81248654646,299.09803614647245,145
60820000,121639.99981975865,-206054.04825462215,301.9942331377308,145
60825000,121649.99981972431,-206409.27774275618,302.19065917463456,145
60830000,121659.99981968997,-205579.09511551063,296.9687347291122,145
60835000,121669.99981965563,-206355.94951397146,297.89908048794973,145
60840000,121679.99981962128,-207100.07144130406,297.88815797843665,145
60845000,121689.99981958694,-206015.43667050486,296.93842317790364,145
60850000,121699.9998195526,-206027.0326265113,299.95360659133854,145
60855000,121709.99981951826,-206080.33864725195,298.17293073173295,145
60860000,121719.99981948391,-206658.03274677368,299.08258238589565,145
60865000,121729.99981944957,-205769.85975129972,297.9528710486472,145
60870000,121739.99981941523,-205148.23932929465,301.44566325806136,145
60875000,121749.99981938089,-206544.4359275367,296.7174821788944,145
60880000,121759.99981934654,-205543.59683708963,301.07590196855915,145
60885000,121769.9998193122,-207140.49422338617,300.6946372810898,145
60890000,121779.99981927786,-207098.20108645968,298.6829551723343,145
60895000,121789.99981924352,-206880.31348927715,300.2019985725207,145
60900000,121799.99981920917,-206476.63761500514,301.27977163075315,145
60905000,121809.99981917483,-206567.4148612006,306.26855606139384,145
60910000,121819.99981914049,-205923.6308614713,298.4253365464052,145
60915000,121829.99981910615,-206566.49391677254,299.3101905275964,145
60920000,121839.9998190718,-206284.50750381046,302.6089791894796,145
60925000,121849.99981903746,-206412.2686923577,300.156870838521,145
60930000,121859.99981900312,-207486.1744829996,300.92807726069105,145
60935000,121869.99981896878,-206379.8349508217,303.73979130479637,145
60940000,121879.99981893443,-206141.8026662534,298.6845589458536,145
60945000,121889.99981890009,-206540.45062183053,298.39563639588624,145
60950000,121899.99981886575,-206315.7687279879,302.4375403652851,145
60955000,121909.9998188314,-206983.78275913163,306.60132403679484,145
60960000,121919.99981879706,-206672.75063154323,299.91618854530066,145
60965000,121929.99981876272,-206925.25605167018,303.2156460478201,145
60970000,121939.99981872838,-206473.52341496572,297.6612415500432,145
60975000,121949.99981869404,-207883.1514510071,300.12046180093455,145
60980000,121959.9998186597,-206597.06973646756,305.5854548924907,145
60985000,121969.99981862535,-206083.39048176457,302.53699436705784,145
60990000,121979.99981859101,-206589.33420005557,297.2300065173463,145
60995000,121989.99981855667,-205879.6786007015,301.54988025935955,145
61000000,121999.99981852232,-206091.76372405817,300.8335336414091,145
61005000,122009.99981848798,-207066.47497255646,298.93315489395644,145
61010000,122019.99981845364,-206657.0005684126,302.6982327951505,145
61015000,122029.9998184193,-206235.56267307955,303.3458647027496,145
61020000,122039.99981838495,-206093.80736100825,300.4849906487928,145
61025000,122049.99981835061,-205948.31370863528,300.01668471719347,145
61030000,122059.99981831627,-206906.88711737108,304.9526977062039,145
61035000,122069.99981828193,-205757.05901120126,295.44113031495203,145
61040000,122079.99981824758,-206207.83588082402,299.6862296025771,145
61045000,122089.99981821324,-206613.60395097628,297.0586881168878,145
61050000,122099.9998181789,-206932.54475819133,295.84454891574933,145
61055000,122109.99981814456,-206585.3152719679,301.0064284632646,145
61060000,122119.99981811021,-207008.3462416156,297.9167942902157,145
61065000,122129.99981807587,-206180.79219400242,299.6467515028872,145
61070000,122139.99981804153,-206002.523194222,299.8125593233934,145
61075000,122149.99981800719,-206754.46724816796,303.74105989509206,145
61080000,122159.99981797284,-206662.11055337463,298.51821838110516,145
61085000,122169.9998179385,-206300.38224013883,303.7742934604031,145
61090000,122179.99981790416,-206854.69433975185,301.4815176674116,145
61095000,122189.99981786982,-207148.07021681627,300.0482091111906,145
61100000,122199.99981783547,-206247.64855482732,303.2308763433173,145
61105000,122209.99981780113,-206044.3922095081,298.2360071998715,145
61110000,122219.99981776679,-206783.5263386803,302.0800228175127,145
61115000,122229.99981773245,-206842.9587606095,302.19171470770084,145
61120000,122239.9998176981,-206777.4480829232,302.3062944550484,145
61125000,122249.99981766376,-206618.10127721017,299.5929386036553,145
61130000,122259.99981762942,-206410.64641530137,303.4049551454753,145
61135000,122269.99981759508,-206133.0908209317,297.90508321331663,145
61140000,122279.99981756073,-206814.61415967636,301.4406085680932,145
61145000,122289.99981752639,-206986.90474893968,299.6621647419937,145
61150000,122299.99981749205,-206474.97314321692,302.26258661597467,145
61155000,122309.9998174577,-206204.34098493203,298.0494723140535,145
61160000,122319.99981742336,-206925.43048135017,303.08351229039823,145
61165000,122329.99981738902,-206388.9071179215,298.87035894063825,145
61170000,122339.99981735468,-206410.14888945466,298.6793867759888,145
61175000,122349.99981732033,-206367.26522808464,302.6451773742181,145
61180000,122359.99981728599,-207520.05737641442,298.42785543512696,144
61185000,122369.99981725165,-206570.67253762519,304.09155275859666,144
61190000,122379.99981721731,-205806.56510463916,293.50801654816036,144
61195000,122389.99981718296,-205771.86856316018,297.02811257627553,144
61200000,122399.99981714862,-205522.4446884055,299.2459771689483,144
61205000,122409.99981711428,-207103.36215671548,299.9999494524718,144
61210000,122419.99981707994,-206012.72596289543,297.77791015637104,144
61215000,122429.9998170456,-206185.12903395062,300.9271631112624,144
61220000,122439.99981701125,-206426.60188086831,300.1735133037467,144
61225000,122449.99981697691,-205911.0152515449,300.8777743722509,144
61230000,122459.99981694257,-206229.66965636378,300.986552413684,144
61235000,122469.99981690822,-207061.7556630592,300.11488093438743,144
61240000,122479.99981687388,-205890.73774165928,301.6555057627887,144
61245000,122489.99981683954,-206185.6681849712,298.9243704003183,144
61250000,122499.9998168052,-205844.80816247454,297.51938062500415,144
61255000,122509.99981677085,-206927.08590606833,299.2051949391942,144
61260000,122519.99981673651,-205904.0629631678,301.792363119703,144
61265000,122529.99981670217,-206965.41861481383,299.36727052227167,144
61270000,122539.99981666783,-206710.10844215075,298.54336404228934,144
61275000,122549.99981663348,-206520.06848662894,301.89248718751827,144
61280000,122559.99981659914,-206690.0871258647,298.6597398362703,144
61285000,122569.9998165648,-206288.4688006849,300.5917964369376,144
61290000,122579.99981653046,-206371.7412094071,300.608532111185,144
61295000,122589.99981649611,-206870.5228949556,303.5941470948306,144
61300000,122599.99981646177,-206864.71322703385,296.9986413210394,144
61305000,122609.99981642743,-206303.14720831253,296.53017635272727,144
61310000,122619.99981639309,-206293.89195594285,299.2156980819401,144
61315000,122629.99981635874,-205559.61788369843,301.868523739717,144
61320000,122639.9998163244,-206706.45555937116,301.4066644744144,144
61325000,122649.99981629006,-205980.5793273173,300.4347373379552,144
61330000,122659.99981625572,-205560.38618063275,303.67342008091526,144
61335000,122669.99981622137,-206470.8897606579,299.11355068779517,144
61340000,122679.99981618703,-206681.37313953228,299.25006042580435,144
61345000,122689.99981615269,-206002.53395064722,301.015667715334,144
61350000,122699.99981611835,-206069.1452169842,304.16499958545387,144
61355000,122709.999816084,-206243.25114494434,299.2294451399251,144
61360000,122719.99981604966,-206184.23997402738,296.07481720569984,144
61365000,122729.99981601532,-206284.4546403708,297.5492446048517,144
61370000,122739.99981598098,-206323.6146003717,301.9768281398765,144
61375000,122749.99981594663,-207200.28238649655,304.2809268763356,144
61380000,122759.99981591229,-207022.20470835583,300.31237277559336,144
61385000,122769.99981587795,-206948.18523779302,295.79344981828956,144
61390000,122779.9998158436,-206452.99881514092,305.38839570289326,144
61395000,122789.99981580926,-206765.3777493115,298.8206371739732,144
61400000,122799.99981577492,-206171.44951809663,300.67496300219545,144
61405000,122809.99981574058,-205649.30172826338,299.592589068263,144
61410000,122819.99981570624,-206074.1819837374,305.96312747498143,144
61415000,122829.9998156719,-206880.4257170792,294.6734049145334,144
61420000,122839.99981563755,-206527.5416430846,298.9215691694138,144
61425000,122849.99981560321,-206040.90857452305,297.875747936348,144
61430000,122859.99981556887,-205556.89584976097,297.95402412422584,144
61435000,122869.99981553452,-206602.7202336148,296.5074575732971,144
61440000,122879.99981550018,-206236.2888424968,298.39118791662855,144
61445000,122889.99981546584,-206443.93673458532,296.6602768160375,144
61450000,122899.9998154315,-206797.20373937173,301.07254879055984,144
61455000,122909.99981539715,-206505.78508952702,299.1141030153164,144
61460000,122919.99981536281,-206008.7826832889,296.91318001450935,144
61465000,122929.99981532847,-206989.39541740774,305.07126441793645,144
61470000,122939.99981529413,-206550.3090900504,302.9212497053867,144
61475000,122949.99981525978,-205640.60759197327,299.8779832783317,144
61480000,122959.99981522544,-206108.9413354179,297.7489471012977,144
61485000,122969.9998151911,-205248.56913754647,299.65372974373906,144
61490000,122979.99981515676,-206459.15069552907,303.97807594772985,144
61495000,122989.99981512241,-206467.16819106892,299.7662447680009,144
61500000,122999.99981508807,-207004.38931871566,301.1740645478428,144
61505000,123009.99981505373,-206756.24855230213,302.55512161434996,144
61510000,123019.99981501939,-206088.4315301791,300.63356128275285,144
61515000,123029.99981498504,-206163.87413314963,301.96220856694305,144
61520000,123039.9998149507,-206578.56746475876,300.13395652424504,144
61525000,123049.99981491636,-206633.93483061518,303.5597009640262,144
61530000,123059.99981488202,-206685.71973175567,295.98263119274463,144
61535000,123069.99981484767,-205819.89428114926,304.24538254669415,144
61540000,123079.99981481333,-206916.15353434917,298.4290979377038,144
61545000,123089.99981477899,-206211.25561262656,302.23235372973323,144
61550000,123099.99981474465,-206432.38390159246,296.4732106353215,144
61555000,123109.9998147103,-206071.23488331877,297.4220653336472,144
61560000,123119.99981467596,-206193.06141828955,304.0381892993099,144
61565000,123129.99981464162,-206687.9950742817,298.51351734799465,144
61570000,123139.99981460728,-206698.5075327286,295.37486079267563,144
61575000,123149.99981457293,-206164.63014226966,305.1340249070527,144
61580000,123159.99981453859,-206513.2634113552,300.37031437794906,144
61585000,123169.99981450425,-206284.79336326977,301.1930411265437,144
61590000,123179.9998144699,-206678.90090664732,301.20514100952374,144
61595000,123189.99981443556,-206611.28122468805,300.5728122043966,144
61600000,123199.99981440122,-207277.3827570869,297.70245131738704,144
61605000,123209.99981436688,-206486.29625536734,301.6944247627338,144
61610000,123219.99981433254,-206408.21040372283,300.30034647561604,144
61615000,123229.9998142982,-206279.9973115645,299.39117827283206,144
61620000,123239.99981426385,-206067.7571247787,294.81520797440254,144
61625000,123249.99981422951,-205507.52699767158,300.8593814011647,144
61630000,123259.99981419517,-207219.3305927721,302.1506294093388,144
61635000,123269.99981416082,-206279.89225039876,302.42391696059167,144
61640000,123279.99981412648,-206196.27422103973,299.8979917842928,144
61645000,123289.99981409214,-205685.9963490828,296.9195421524289,144
61650000,123299.9998140578,-205962.9782386797,298.44983338882116,144
61655000,123309.99981402345,-205744.07582056627,299.5710853957172,144
61660000,123319.99981398911,-206161.20134449098,297.50125239064516,144
61665000,123329.99981395477,-206206.6336586182,298.9481019314652,144
61670000,123339.99981392043,-205846.47755126434,298.5763722422367,144
61675000,123349.99981388608,-205992.75069558842,300.2782210568218,144
61680000,123359.99981385174,-206155.0807593927,299.55604457784517,144
61685000,123369.9998138174,-206431.89398927055,304.16182564873174,144
61690000,123379.99981378306,-206423.13047550258,299.29613913477726,144
61695000,123389.99981374871,-205896.26626967662,299.87872177036013,144
61700000,123399.99981371437,-205843.10760869703,299.0613964548054,144
61705000,123409.99981368003,-206652.45347781852,294.73967952823,144
61710000,123419.99981364569,-205894.3235630364,298.54737438578496,144
61715000,123429.99981361134,-206367.21379873855,300.9973358613134,144
61720000,123439.999813577,-206462.88961055607,304.219912950023,144
61725000,123449.99981354266,-206623.5238281322,301.23082532966583,144
61730000,123459.99981350832,-206162.83938738715,297.0668946769829,144
61735000,123469.99981347397,-206445.57510759088,298.9004609146077,144
61740000,123479.99981343963,-206194.10127297044,299.8029285025267,144
61745000,123489.99981340529,-206959.75021602854,303.17601467335516,144
61750000,123499.99981337095,-205716.2618206751,304.3353605099824,144
61755000,123509.9998133366,-206347.60314188525,298.55533634426376,144
61760000,123519.99981330226,-205867.0596740701,297.76964927816095,144
61765000,123529.99981326792,-206625.5159539223,303.84206581996636,144
61770000,123539.99981323357,-206138.71862536366,300.3186289643867,144
61775000,123549.99981319923,-207317.06496010127,298.13430853149225,144
61780000,123559.99981316489,-206896.90260563174,303.1043715453701,144
61785000,123569.99981313055,-206572.96422015282,297.2580596019629,144
61790000,123579.9998130962,-207087.49310320232,294.68861611382584,144
61795000,123589.99981306186,-205953.56701562565,300.46372952531425,144
61800000,123599.99981302752,-207159.8842676077,300.92526912522857,144
61805000,123609.99981299318,-206211.63457928994,300.292292898543,144
61810000,123619.99981295883,-207368.50531814084,302.85146093539123,144
61815000,123629.99981292449,-207247.40424887568,297.63544967426304,144
61820000,123639.99981289015,-206487.1754712786,300.35515275967884,144
