#"Step","Time (ps)","Potential Energy (kJ/mole)","Temperature (K)","Speed (ns/day)"
5000,10.000000000000009,-203288.93308992859,299.9481150090493,0
10000,19.999999999999794,-203238.38747440523,302.6518478842005,223
15000,29.99999999999425,-203457.50730569125,296.4226824232708,222
20000,40.00000000000292,-203186.78089572245,293.4967487179919,222
25000,50.00000000001514,-203022.51858780778,296.7143149659428,223
30000,60.00000000002736,-202881.10105372698,296.02027311641797,224
35000,70.00000000001826,-202312.4368825988,306.3515189523949,224
40000,79.99999999999496,-203225.12280726735,297.8161871616526,223
45000,89.99999999997165,-203489.5752119294,302.6394983310947,223
50000,99.99999999994834,-202245.28440965782,298.29040079295163,223
55000,109.99999999992504,-203515.97861104144,295.1217619550982,223
60000,119.99999999990173,-202693.1306149955,300.07966576535796,222
65000,129.99999999989262,-203495.07870497135,299.48149990462014,222
70000,139.99999999994037,-203209.64662397094,297.68179016809376,222
75000,149.99999999998812,-202346.2562810668,294.71375283594455,221
80000,160.00000000003587,-203265.4651716532,296.9858650044573,221
85000,170.00000000008362,-203824.0885125671,298.5684629748303,221
90000,180.00000000013137,-202678.97393071651,297.5829232513302,221
95000,190.0000000001791,-202800.28290368698,302.2629240267068,221
100000,200.00000000022686,-203038.70495761966,297.8998324098667,221
105000,210.0000000002746,-203627.3341179681,303.1650075853268,221
110000,220.00000000032236,-202578.63510126073,300.09858281340706,221
115000,230.0000000003701,-202792.88887196756,300.74357518356567,221
120000,240.00000000041786,-203299.70759652404,303.1578248053958,221
125000,250.0000000004656,-203150.2207269373,297.40667504130175,221
130000,260.00000000051335,-202826.9826990919,297.6004587325775,221
135000,270.0000000005611,-203414.58393382328,300.05416524473634,221
140000,280.00000000060885,-202746.18060810654,302.9506520095933,221
145000,290.0000000006566,-202864.43538797577,302.4597809721096,221
150000,300.00000000070435,-202403.8361786995,302.5002737331943,221
155000,310.0000000007521,-203339.62654466694,295.4143214548975,221
160000,320.00000000079984,-203291.14392864506,300.8368486665536,221
165000,330.0000000008476,-202279.24260987446,300.95000682262025,221
170000,340.00000000089534,-202746.1956253458,297.77839123704626,221
175000,350.0000000009431,-202184.08170447324,301.9569985208863,221
180000,360.00000000099084,-202898.34649421833,303.05143121828206,221
185000,370.0000000010386,-203070.44124447054,296.5955559428734,221
190000,380.00000000108633,-202263.28166121652,298.40015512354825,221
195000,390.0000000011341,-202593.88512996444,302.227593796706,221
200000,400.00000000118183,-203319.647964222,302.2463195564585,221
205000,410.0000000012296,-203355.52778116742,300.4262380846708,221
210000,420.00000000127733,-202712.96690995758,301.94344447413664,221
215000,430.0000000013251,-202338.14775433973,294.308871778095,221
220000,440.0000000013728,-203642.3519946601,296.98555380383374,221
225000,450.0000000014206,-202927.82313629787,304.11850241479135,221
230000,460.0000000014683,-203141.28926439537,301.5923249650396,221
235000,470.00000000151607,-203580.5198884596,300.991486595582,221
240000,480.0000000015638,-203182.3427449162,300.4168045558277,221
245000,490.00000000161157,-203683.7265559833,303.3131062042205,221
250000,500.0000000016593,-202727.7312581787,301.3250479451808,221
255000,510.00000000170706,-203492.05328253482,302.9837591706421,221
260000,520.0000000015274,-202532.0328790797,299.17338337179376,221
265000,530.0000000012909,-202955.95530505758,304.5459885337671,221
270000,540.0000000010544,-203764.85198574327,300.0983785184188,221
275000,550.000000000818,-203064.52895331162,304.0764072842248,221
280000,560.0000000005815,-202888.66276200232,302.61194636857397,221
285000,570.000000000345,-203225.8016560201,299.251249487685,221
290000,580.0000000001086,-203412.831858563,304.5330636382148,221
295000,589.9999999998721,-202882.88178324595,300.4479285526501,221
300000,599.9999999996356,-202750.0241925415,298.2476898060743,221
305000,609.9999999993992,-203182.39780994458,300.15226508507396,221
310000,619.9999999991627,-203324.17770763114,296.2248914835252,221
315000,629.9999999989262,-202617.07838508917,301.8618397653083,221
320000,639.9999999986898,-202366.09063077252,302.61394009754434,221
325000,649.9999999984533,-203207.4068824295,298.3812892558338,221
330000,659.9999999982168,-203279.2696237897,301.0245706785011,221
335000,669.9999999979804,-202874.6114523058,300.4241617707035,221
340000,679.9999999977439,-202761.35588910268,300.03795435810684,221
345000,689.9999999975074,-203567.0880305788,304.8245638284761,221
350000,699.999999997271,-202121.6563891461,301.0606504748078,221
355000,709.9999999970345,-202914.8625746991,300.3624441915317,221
360000,719.999999996798,-203310.11317758926,299.6910250066792,221
365000,729.9999999965615,-203577.29343132128,302.4006022227959,221
370000,739.9999999963251,-203026.36654357228,301.82697613251395,221
375000,749.9999999960886,-202570.77751295606,302.6524179248749,221
380000,759.9999999958521,-202993.84978958662,303.7909827782386,221
385000,769.9999999956157,-203618.93941403856,300.8380196555947,221
390000,779.9999999953792,-202889.6478426404,299.9376972599167,221
395000,789.9999999951427,-202826.71293609228,304.6530772599409,221
400000,799.9999999949063,-202562.00485513953,298.4218212374681,221
405000,809.9999999946698,-203365.50069560588,301.75747532605243,221
410000,819.9999999944333,-203547.7683989075,300.83232499526144,221
415000,829.9999999941969,-203147.52682927565,301.10088975816984,221
420000,839.9999999939604,-203293.6852651838,300.35640021640097,221
425000,849.9999999937239,-202914.95884683833,299.84648153059425,221
430000,859.9999999934874,-203257.75408910285,297.5590823038118,221
435000,869.999999993251,-203290.64435913984,296.133645188302,221
440000,879.9999999930145,-203319.0393211206,294.8519738484923,221
445000,889.999999992778,-203085.22861502378,304.7844492114872,221
450000,899.9999999925416,-203539.40547151142,299.739181818235,221
455000,909.9999999923051,-203164.6118247551,297.9789414310225,221
460000,919.9999999920686,-203647.88441535993,298.2745836403737,221
465000,929.9999999918322,-202932.6269522172,295.9390071955921,221
470000,939.9999999915957,-202654.09964967123,298.9823251687589,221
475000,949.9999999913592,-202402.45560353878,300.02775607816767,221
480000,959.9999999911228,-203788.51158311835,299.3095611397203,221
485000,969.9999999908863,-202880.17359233834,310.27853123361564,221
490000,979.9999999906498,-203355.86783803208,297.0149910268289,221
495000,989.9999999904134,-203271.46454959386,298.1564194996901,221
500000,999.9999999901769,-203107.65913628472,303.2655686217992,221
505000,1009.9999999899404,-203312.11885938374,297.97914887934223,221
510000,1019.999999989704,-203364.1019546003,298.68359038139874,221
515000,1029.9999999894676,-203675.94004820695,299.2148619979929,221
520000,1039.9999999892311,-202705.69104958326,299.1420402227114,221
525000,1049.9999999889947,-203743.66092954017,298.1544932564075,221
530000,1059.9999999887582,-202395.2018194109,295.73018719897607,221
535000,1069.9999999885217,-202382.41914345464,299.71865839830184,221
540000,1079.9999999882853,-203572.49278444296,302.6369556284807,221
545000,1089.9999999880488,-203606.98324621643,303.36893116763775,221
550000,1099.9999999878123,-202693.18581507367,299.7139300274592,221
555000,1109.9999999875758,-202550.22094519576,300.33477763656373,221
560000,1119.9999999873394,-202746.14633880008,298.2355914727277,221
565000,1129.999999987103,-203256.53374764905,299.8909870216244,221
570000,1139.9999999868664,-203516.702891008,298.19931645510195,221
575000,1149.99999998663,-202917.4884152892,301.9970031429651,221
580000,1159.9999999863935,-203004.12926883064,301.12682247230015,221
585000,1169.999999986157,-203135.97584702703,298.66467741907405,221
590000,1179.9999999859206,-203012.04428288538,302.1073072991136,221
595000,1189.999999985684,-202989.01338553044,297.99013615810355,221
600000,1199.9999999854476,-202735.44557785848,299.22686389045265,221
605000,1209.9999999852112,-202856.14134253946,305.8582332586335,221
610000,1219.9999999849747,-202154.5947196337,301.305449586962,221
615000,1229.9999999847382,-203456.7613815223,303.96422169231806,221
620000,1239.9999999845018,-202670.17749768146,304.6391950715768,221
625000,1249.9999999842653,-202776.60171153583,299.8361820571475,221
630000,1259.9999999840288,-202463.49060714152,298.0238476979542,221
635000,1269.9999999837923,-203251.43415634334,301.364763898641,221
640000,1279.9999999835559,-203697.09949617262,300.72488612046993,221
645000,1289.9999999833194,-203200.86479321262,297.45116947370377,221
650000,1299.999999983083,-203294.55017070088,304.9201749185461,221
655000,1309.9999999828465,-202461.29890280124,297.8737280391996,221
660000,1319.99999998261,-203164.52672191558,299.04270646373993,221
665000,1329.9999999823735,-202896.95765430492,300.54209998727487,221
670000,1339.999999982137,-203522.34397809568,298.5592992972335,221
675000,1349.9999999819006,-203130.37524091406,296.5007974989705,221
680000,1359.9999999816641,-203206.79911343788,295.85475518466774,221
685000,1369.9999999814277,-203646.6433857408,299.9757021550442,221
690000,1379.9999999811912,-203561.29786374408,295.3081897443611,221
695000,1389.9999999809547,-202495.4954290943,303.2165976337687,221
700000,1399.9999999807183,-203874.80041302205,297.3113380493278,221
705000,1409.9999999804818,-203017.36513201264,305.235846001217,221
710000,1419.9999999802453,-203514.43460932886,301.3764312046782,221
715000,1429.9999999800089,-203302.5607410455,298.0610304363114,221
720000,1439.9999999797724,-202540.01877694984,300.2431038780967,221
725000,1449.999999979536,-201696.25484076212,295.9012790527108,221
730000,1459.9999999792994,-202527.93527283985,301.8537870587363,221
735000,1469.999999979063,-202164.60367271036,305.5272841415056,221
740000,1479.9999999788265,-202799.26396603533,298.9638048807743,221
745000,1489.99999997859,-202740.4847907772,302.95658363079093,221
750000,1499.9999999783536,-202385.78522543306,304.6515630686422,221
755000,1509.999999978117,-202895.3481057767,299.0009607372766,221
760000,1519.9999999778806,-203274.14040462044,299.53665312333095,221
765000,1529.9999999776442,-203789.66346970282,297.4910457443432,221
770000,1539.9999999774077,-202412.52102207532,296.4253066226846,221
775000,1549.9999999771712,-202897.3253973464,301.57062409092987,221
780000,1559.9999999769348,-202435.77458166308,300.4962195527421,221
785000,1569.9999999766983,-203357.69336411473,302.4228608882843,221
790000,1579.9999999764618,-203371.3816826936,296.4645521031242,221
795000,1589.9999999762254,-202798.24218938185,298.29866451371726,221
800000,1599.9999999759889,-202913.03817917022,295.76259999610056,221
805000,1609.9999999757524,-203191.46124591178,301.1101894832458,221
810000,1619.999999975516,-203044.93354137335,298.5677092410042,221
815000,1629.9999999752795,-202435.9235646295,304.660586755521,221
820000,1639.999999975043,-202725.12862071057,295.3885782300316,221
825000,1649.9999999748065,-202688.48095096333,298.6294396504331,221
830000,1659.99999997457,-202036.42357599945,302.37718218095694,221
835000,1669.9999999743336,-203059.8121774051,304.10397051903396,221
840000,1679.9999999740971,-202925.39290038496,298.24984072557237,221
845000,1689.9999999738607,-202479.3187778293,299.22956985749045,221
850000,1699.9999999736242,-202291.911393704,303.2138122712636,221
855000,1709.9999999733877,-203361.3577868715,301.0254896627087,221
860000,1719.9999999731513,-202551.3778308679,295.64551858626527,221
865000,1729.9999999729148,-202882.83830461407,300.08146670105157,221
870000,1739.9999999726783,-202174.60019319924,299.13561005085444,221
875000,1749.9999999724419,-202916.94350655784,299.77813117118956,221
880000,1759.9999999722054,-202272.63185779378,298.9520688974283,221
885000,1769.999999971969,-202516.4117022158,303.19324509687755,221
890000,1779.9999999717324,-201771.51609217806,300.2791148887489,221
895000,1789.999999971496,-203536.8121334092,297.18923059561473,221
900000,1799.9999999712595,-203228.59997738048,301.81708732676776,221
905000,1809.999999971023,-202846.1569233659,305.3288304898392,221
910000,1819.9999999707866,-203447.12125556183,297.60044060101853,221
915000,1829.99999997055,-203381.50776522013,299.6578978689255,221
920000,1839.9999999703136,-203045.4502297634,301.9421300700293,221
925000,1849.9999999700772,-202688.6293471119,303.5343795196871,221
930000,1859.9999999698407,-203015.7543740985,302.13697571214027,221
935000,1869.9999999696042,-203177.8729747465,299.51112038821145,221
940000,1879.9999999693678,-202654.58096757508,296.6354269504417,221
945000,1889.9999999691313,-202905.78549076954,295.10328805830795,221
950000,1899.9999999688948,-202996.99281853705,300.50651073602813,221
955000,1909.9999999686584,-202849.3204104309,302.38992640032774,221
960000,1919.999999968422,-202828.68922550452,299.9143803144224,221
965000,1929.9999999681854,-202698.79679850896,298.81309024847207,221
970000,1939.999999967949,-203506.62304770574,296.7683961923081,222
975000,1949.9999999677125,-203274.54207321815,301.08453510170114,222
980000,1959.999999967476,-202993.42498429958,297.16304457337355,222
985000,1969.9999999672395,-202818.57940992992,303.46353953291185,221
990000,1979.999999967003,-202920.86949438602,296.9310729042564,221
995000,1989.9999999667666,-202642.6840292738,301.3966794259403,221
1000000,1999.9999999665301,-203147.00228306768,301.0033919271762,221
1005000,2009.9999999662937,-202833.7260620658,299.0549427932883,221
1010000,2019.9999999660572,-202332.33184670622,302.8537948450623,221
1015000,2029.9999999658207,-202574.98058945464,299.18903717015195,221
1020000,2039.9999999655843,-203305.7089431166,297.24234587779887,221
1025000,2049.999999965348,-201991.7252819162,300.1565332200937,221
1030000,2059.9999999651113,-202937.49060819717,302.58350727468326,221
1035000,2069.999999964875,-203364.1913652207,304.7821058902838,221
1040000,2079.9999999646384,-203019.68141704146,300.8489839676815,221
1045000,2089.999999964402,-202807.200679395,303.7814905600615,221
1050000,2099.9999999641655,-203219.0668440339,300.95185041290426,221
1055000,2109.999999963929,-203099.913661057,297.50970891399936,221
1060000,2119.9999999636925,-202818.83621189464,294.6284922561729,221
1065000,2129.999999963456,-203287.61834287876,295.8739635545126,221
1070000,2139.9999999632196,-202544.21146049525,298.4111580003489,221
1075000,2149.999999962983,-202927.39130714873,298.11006019944836,221
1080000,2159.9999999627466,-202489.36458160146,300.63548875717487,221
1085000,2169.99999996251,-203225.73163463513,301.02872536179325,221
1090000,2179.9999999622737,-203319.789672481,296.445340310817,221
1095000,2189.9999999620372,-204125.6073955039,302.52690293727466,221
1100000,2199.9999999618008,-202974.73642108485,299.31032920569925,221
1105000,2209.9999999615643,-202675.2060509707,300.52387415127134,221
1110000,2219.999999961328,-202893.81402807322,303.95621552221866,221
1115000,2229.9999999610914,-203781.27423522517,298.7018757747701,221
1120000,2239.999999960855,-203285.74862513226,303.1390014699068,221
1125000,2249.9999999606184,-201761.15897339303,303.413553679619,221
1130000,2259.999999960382,-202760.6500088045,304.4661737775401,221
1135000,2269.9999999601455,-203375.27249297698,300.89365070138234,221
1140000,2279.999999959909,-203429.43832931586,304.1857204869791,221
1145000,2289.9999999596726,-202683.6988428044,300.0802937056323,221
1150000,2299.999999959436,-203154.18686803547,298.77873032497655,221
1155000,2309.9999999591996,-202598.72259934596,303.33950307080255,221
1160000,2319.999999958963,-202244.77476329904,297.4053610166788,221
1165000,2329.9999999587267,-202644.4232085226,297.9453661269955,221
1170000,2339.99999995849,-203025.3820539232,300.1223493497323,221
1175000,2349.9999999582537,-202830.71815665753,299.10301296135844,221
1180000,2359.9999999580173,-202264.0366227748,295.645485930399,221
1185000,2369.999999957781,-203100.19364760176,301.40408779064626,221
1190000,2379.9999999575443,-202542.45385694224,300.98274393722915,221
1195000,2389.999999957308,-202450.7856932307,301.43916897510314,221
1200000,2399.9999999570714,-202610.8564876879,300.0679585953623,221
1205000,2409.999999956835,-202897.92468186247,301.80068179387087,221
1210000,2419.9999999565985,-203099.0544591454,301.6551066389953,221
1215000,2429.999999956362,-203160.01112125814,297.5089803221014,221
1220000,2439.9999999561255,-202076.4479271405,301.4354455570273,221
1225000,2449.999999955889,-203191.99460294377,300.6749813540496,221
1230000,2459.9999999556526,-203218.73505699087,300.52063987372185,221
1235000,2469.999999955416,-203291.71513415524,296.36371932584456,221
1240000,2479.9999999551796,-203028.99554942257,303.9971047604998,221
1245000,2489.999999954943,-202524.63293953182,302.08722441079686,221
1250000,2499.9999999547067,-203018.79621174873,300.17962028477865,221
1255000,2509.9999999544702,-202796.1585122703,297.52833126473024,221
1260000,2519.9999999542338,-202567.0885811787,301.08499145587166,221
1265000,2529.9999999539973,-202928.22285972268,301.29368034696824,221
1270000,2539.999999953761,-202577.0137204585,307.19939497728154,221
1275000,2549.9999999535244,-202819.85261559498,297.6077932242202,221
1280000,2559.999999953288,-203013.77073452342,305.69845386338307,221
1285000,2569.9999999530514,-203201.89522272325,302.7861543410507,221
1290000,2579.999999952815,-203044.626182887,300.4509870930166,221
1295000,2589.9999999525785,-203120.67789061915,302.2733114939502,221
1300000,2599.999999952342,-203048.313108108,302.28521885383753,221
1305000,2609.9999999521056,-203277.2269585327,300.90080467097727,221
1310000,2619.999999951869,-203523.55693235632,300.3111255424288,221
1315000,2629.9999999516326,-202781.56766169833,307.4960668757538,221
1320000,2639.999999951396,-203522.5809797236,298.59836472606014,221
1325000,2649.9999999511597,-202944.12779907847,296.52326746929805,221
1330000,2659.999999950923,-202998.59320061246,302.1018561810003,221
1335000,2669.9999999506867,-202165.15739719418,297.4597410532285,221
1340000,2679.9999999504503,-203094.63678584236,300.8601589277646,221
1345000,2689.999999950214,-203676.66149989073,298.79243385576103,221
1350000,2699.9999999499773,-202675.67020438588,303.5001911372287,221
1355000,2709.999999949741,-203259.91611713963,299.83136049192495,221
1360000,2719.9999999495044,-202665.34259825398,297.67652493458377,221
1365000,2729.999999949268,-203169.3165623668,298.7467989568143,221
1370000,2739.9999999490315,-202343.04153458087,300.44825355272184,221
1375000,2749.999999948795,-203465.2704645506,299.8072986439416,221
1380000,2759.9999999485585,-202859.80838653643,305.0726083698203,221
1385000,2769.999999948322,-203285.48828124919,298.87133314107984,221
1390000,2779.9999999480856,-202690.57003819593,300.716667041741,221
1395000,2789.999999947849,-202875.6654157784,303.46497324838134,221
1400000,2799.9999999476127,-202917.4726126287,301.0792256051189,221
1405000,2809.999999947376,-202671.44705757627,301.67089590261503,221
1410000,2819.9999999471397,-203759.1442658701,298.4591709500042,221
1415000,2829.9999999469032,-203525.6142502363,298.8998767693966,221
1420000,2839.999999946667,-203291.2765914743,297.1593561472563,221
1425000,2849.9999999464303,-202828.84293517272,301.97947287206273,221
1430000,2859.999999946194,-202839.44115674694,302.4090078003203,221
1435000,2869.9999999459574,-202634.24126901047,298.92708057380355,221
1440000,2879.999999945721,-202937.35279317095,301.58719229906126,221
1445000,2889.9999999454844,-202783.6061485213,303.66394569301747,221
1450000,2899.999999945248,-202929.6808557969,299.6952133394132,221
1455000,2909.9999999450115,-202414.36840665631,303.4296846789756,221
1460000,2919.999999944775,-202848.39111341548,300.8876393890545,221
1465000,2929.9999999445386,-203671.09261088574,301.28123356783425,221
1470000,2939.999999944302,-203148.4571844187,303.0964446783021,221
1475000,2949.9999999440656,-203993.02787522564,301.6603511293511,221
1480000,2959.999999943829,-203110.3434278405,298.8123965661644,221
1485000,2969.9999999435927,-203104.18622678693,300.6157748253282,221
1490000,2979.999999943356,-202884.8477301224,300.24859474095433,221
1495000,2989.9999999431197,-203232.39069277875,299.0733733251158,221
1500000,2999.9999999428833,-202964.7772082294,296.35273552455396,221
1505000,3009.999999942647,-203725.67839437933,303.3879879448068,221
1510000,3019.9999999424103,-203136.25050654495,297.3341115650053,221
1515000,3029.999999942174,-202965.11658338737,302.1097715448415,221
1520000,3039.9999999419374,-202881.86736438132,299.43714520252405,221
1525000,3049.999999941701,-202811.98241090367,299.1524042049153,221
1530000,3059.9999999414645,-203247.1180566143,299.9414554882749,221
1535000,3069.999999941228,-203505.38942889916,298.7737156209392,221
1540000,3079.9999999409915,-202869.99454133236,298.6275842440955,221
1545000,3089.999999940755,-203114.05339630076,301.0145894260687,221
1550000,3099.9999999405186,-203243.3982161656,307.8483967023398,221
1555000,3109.999999940282,-203138.60833520396,301.63002922202946,221
1560000,3119.9999999400457,-203283.77085070987,302.2548812479167,221
1565000,3129.999999939809,-203032.0094738378,301.7274397318007,221
1570000,3139.9999999395727,-202626.52164218714,299.7790145556979,221
1575000,3149.9999999393362,-203348.97861031955,299.42965271784686,221
1580000,3159.9999999391,-202838.10003313294,304.816290563565,221
1585000,3169.9999999388633,-202862.17760723457,296.6480055163089,221
1590000,3179.999999938627,-202563.71275006607,300.9907021562713,221
1595000,3189.9999999383904,-203130.22871905623,303.7265797772156,221
1600000,3199.999999938154,-204227.7411543323,298.96820208780366,221
1605000,3209.9999999379174,-202619.4063637741,298.2000583446895,221
1610000,3219.999999937681,-202325.35245170246,299.1716585234445,221
1615000,3229.9999999374445,-202707.67720833502,302.33100462998067,221
1620000,3239.999999937208,-202323.7431088948,301.4544109591598,221
1625000,3249.9999999369716,-203569.01238056528,303.37945448464785,221
1630000,3259.999999936735,-203200.42532103276,300.40718181115756,221
1635000,3269.9999999364986,-203451.1776017676,299.8208781890161,221
1640000,3279.999999936262,-203294.19125358132,299.89104719478263,221
1645000,3289.9999999360257,-203129.71441761008,300.9734292626708,221
1650000,3299.999999935789,-203268.97299626516,302.2661993867459,221
1655000,3309.9999999355528,-204104.3905224721,296.1996355498815,221
1660000,3319.9999999353163,-202687.43291100673,299.83787692837996,221
1665000,3329.99999993508,-203527.88115431892,297.05409345526454,221
1670000,3339.9999999348433,-203556.73634060286,305.47538740641437,221
1675000,3349.999999934607,-203623.1754699042,299.05575681039755,221
1680000,3359.9999999343704,-203850.8733730258,303.93794743003104,221
1685000,3369.999999934134,-203678.0739057972,301.6875531401841,221
1690000,3379.9999999338975,-203646.92921604705,299.90321280810724,221
1695000,3389.999999933661,-203551.78995656467,297.87573884277197,221
1700000,3399.9999999334245,-203396.309027742,299.8023526974303,221
1705000,3409.999999933188,-203407.55219403212,303.2129961505094,221
1710000,3419.9999999329516,-203655.1287195189,301.55004101160716,221
1715000,3429.999999932715,-202923.74624850287,304.62709400742443,221
1720000,3439.9999999324787,-203694.07652669342,300.90882998741114,221
1725000,3449.999999932242,-203404.5030316942,299.3594299687483,221
1730000,3459.9999999320057,-204045.15225874702,303.98888784688444,221
1735000,3469.9999999317693,-204271.9488411285,304.3748449685285,221
1740000,3479.999999931533,-203930.64066329342,295.7615004362676,221
1745000,3489.9999999312963,-203882.84533420182,298.3469444913738,221
1750000,3499.99999993106,-204222.26003370655,303.54939738518755,221
1755000,3509.9999999308234,-204416.5482740628,301.7162565770117,221
1760000,3519.999999930587,-203231.21747102006,304.4447530239207,221
1765000,3529.9999999303504,-204831.7736525836,297.0816177877911,221
1770000,3539.999999930114,-204007.29910999374,297.75252673567604,221
1775000,3549.9999999298775,-204718.61109874432,300.5473873476692,221
1780000,3559.999999929641,-204116.97792764858,301.67498344647083,221
1785000,3569.9999999294046,-204166.39857195795,293.4088790634197,221
1790000,3579.999999929168,-204089.8276280834,301.1651214343945,221
1795000,3589.9999999289316,-202855.9364591596,302.41997698483067,221
1800000,3599.999999928695,-204414.90294452396,298.9842881603089,221
1805000,3609.9999999284587,-204433.60470112925,296.81127448460654,221
1810000,3619.999999928222,-204203.67664222477,298.60379061968223,221
1815000,3629.9999999279858,-204059.5265600375,299.6117890843196,221
1820000,3639.9999999277493,-204042.1799463987,302.66205797209346,221
1825000,3649.999999927513,-203889.16074711015,298.758219586709,221
1830000,3659.9999999272763,-203906.119094854,304.6881295863134,221
1835000,3669.99999992704,-203910.02390425967,304.1515266739052,221
1840000,3679.9999999268034,-204066.49740478094,300.448011733152,221
1845000,3689.999999926567,-203487.85113940667,304.61813177511004,221
1850000,3699.9999999263305,-204475.83434858837,300.8340094408967,221
1855000,3709.999999926094,-204074.575695083,302.6873963324362,221
1860000,3719.9999999258575,-204257.21653799375,294.83830473239806,221
1865000,3729.999999925621,-204122.35441587027,301.35948278566116,221
1870000,3739.9999999253846,-204323.61770470708,301.9604440499735,221
1875000,3749.999999925148,-203848.66663441772,300.7989170604566,221
1880000,3759.9999999249117,-203751.02768560278,296.8117752201272,221
1885000,3769.999999924675,-204148.5532613435,298.0404571776685,221
1890000,3779.9999999244387,-204113.72933872568,303.83221641835246,221
1895000,3789.9999999242023,-203926.59704656922,301.62586327407547,221
1900000,3799.999999923966,-203394.75501118344,304.6139849644363,221
1905000,3809.9999999237293,-203598.41015837842,299.51127234580247,221
1910000,3819.999999923493,-203368.15866728337,299.90736769464047,221
1915000,3829.9999999232564,-203836.5343007507,297.8327799086592,221
1920000,3839.99999992302,-203467.6049728865,299.15636621557576,221
1925000,3849.9999999227834,-204133.3924351998,303.04465087529394,221
1930000,3859.999999922547,-204118.3682809932,301.61140434099565,221
1935000,3869.9999999223105,-203953.10263398464,307.5167781606496,221
1940000,3879.999999922074,-203881.213931447,300.5585420824063,221
1945000,3889.9999999218376,-203302.36007290822,295.31305952638365,221
1950000,3899.999999921601,-204091.6434787542,295.8030679543501,221
1955000,3909.9999999213646,-204206.8486026536,297.1940742107673,221
1960000,3919.999999921128,-204125.904976659,301.05704796381093,221
1965000,3929.9999999208917,-202815.76858435606,297.7002447237665,221
1970000,3939.9999999206552,-203927.6570287441,300.06060196288695,221
1975000,3949.9999999204188,-204136.762210013,303.0303754539108,221
1980000,3959.9999999201823,-204177.39362726768,299.909813544483,221
1985000,3969.999999919946,-203507.33880170446,302.79366707514646,221
1990000,3979.9999999197094,-204349.01882007055,300.33121880588595,221
1995000,3989.999999919473,-204644.19640089606,298.73148090603934,221
2000000,3999.9999999192364,-204207.31125064858,298.68430815440263,221
2005000,4009.999999919,-204090.35419040872,301.5911462773817,221
2010000,4019.9999999187635,-204122.77196738205,299.86651883163955,221
2015000,4029.999999918527,-203993.68920885562,298.90732608908894,221
2020000,4039.9999999182905,-204451.90279935615,300.01483331554743,221
2025000,4049.999999918054,-204130.209912354,297.4843305365262,221
2030000,4059.9999999178176,-204037.60606001806,300.8298106819713,221
2035000,4069.999999917581,-204153.6825113122,299.7993378053204,221
2040000,4079.9999999173447,-204346.97794744675,304.3992869917878,221
2045000,4089.999999917108,-203673.20087224373,301.49945698738793,221
2050000,4099.999999917781,-202751.43615431723,301.1951677886889,221
2055000,4109.999999919818,-204672.84499654826,296.59549694296305,221
2060000,4119.999999921855,-204108.8300217184,299.93244075352743,221
2065000,4129.999999923893,-203403.2812499008,304.8886871228316,221
2070000,4139.99999992593,-203554.77916367853,299.6070401906647,221
2075000,4149.999999927967,-204210.65912439558,301.09740409465485,221
2080000,4159.999999930004,-204149.68372381944,303.73602498169004,221
2085000,4169.999999932042,-203184.14290709363,298.0440108405601,221
2090000,4179.999999934079,-203333.70267901977,295.0830142362924,221
2095000,4189.999999936116,-204258.63365286507,298.9242423459786,221
2100000,4199.999999938153,-204285.94814036554,298.83769034696275,221
2105000,4209.999999940191,-204160.35157504177,300.65819904819676,221
2110000,4219.999999942228,-204182.3575707816,297.18688967153264,221
2115000,4229.999999944265,-203010.064907065,299.8370354501658,221
2120000,4239.9999999463025,-204442.03306424012,296.6871332716085,221
2125000,4249.99999994834,-204298.1070037221,296.9182277168032,221
2130000,4259.999999950377,-203627.57057903917,301.83577789251245,221
2135000,4269.999999952414,-203169.2728673831,298.3738584804506,221
2140000,4279.999999954452,-203899.8241880103,304.9570243755029,221
2145000,4289.999999956489,-204806.20775492315,296.98221004854685,221
2150000,4299.999999958526,-203433.17399150063,299.0745872939491,221
2155000,4309.999999960563,-203441.8718650348,295.60393519065127,221
2160000,4319.999999962601,-204622.38587399176,298.5602188618876,221
2165000,4329.999999964638,-203410.91377117927,302.32530422198454,221
2170000,4339.999999966675,-203837.84204471507,300.37455799002163,221
2175000,4349.9999999687125,-203732.4955677369,297.6866816280511,221
2180000,4359.99999997075,-204639.9117538632,300.7201156272937,221
2185000,4369.999999972787,-203355.13113158767,298.92648294153696,221
2190000,4379.999999974824,-202896.88078101946,304.0772476250449,221
2195000,4389.999999976862,-202880.98449300148,300.1362780849644,221
2200000,4399.999999978899,-203693.4643995061,303.3971552783856,221
2205000,4409.999999980936,-204035.85039386107,302.0298751201826,221
2210000,4419.999999982973,-204183.75494432938,304.3481493765126,221
2215000,4429.999999985011,-203900.16735876852,296.24429161998904,221
2220000,4439.999999987048,-204717.15405059245,296.82072956836123,221
2225000,4449.999999989085,-203825.0953323407,304.4259619336377,221
2230000,4459.999999991122,-203556.44973826548,300.8028101205528,221
2235000,4469.99999999316,-205011.22393444355,300.06144120544855,221
2240000,4479.999999995197,-203514.40949053504,301.3881205985842,221
2245000,4489.999999997234,-204065.8912676042,300.358145101429,221
2250000,4499.9999999992715,-204221.72600077942,297.91681044687965,221
2255000,4510.000000001309,-204079.43459933472,299.3759178874102,221
2260000,4520.000000003346,-203590.1301935428,297.20436296982535,221
2265000,4530.000000005383,-204049.16630222707,295.5639125805072,221
2270000,4540.000000007421,-203462.33723632107,299.49849429412126,221
2275000,4550.000000009458,-203613.32850087225,298.58163575699893,221
2280000,4560.000000011495,-203590.63079732098,303.44430004511077,221
2285000,4570.000000013532,-203682.7283930428,299.2589782350883,221
2290000,4580.00000001557,-203556.27322367823,298.744982676264,221
2295000,4590.000000017607,-204205.9445561862,297.2200699867269,221
2300000,4600.000000019644,-203908.16757275432,303.5084465863105,221
2305000,4610.000000021681,-203482.43546320952,303.3505951281467,221
2310000,4620.000000023719,-204159.64705859672,300.15915618706833,221
2315000,4630.000000025756,-204416.23260745115,303.33897547251394,221
2320000,4640.000000027793,-204202.39910418598,301.4899799778886,221
2325000,4650.0000000298305,-203848.37680986326,299.6359183896288,221
2330000,4660.000000031868,-203614.32142779196,298.24056967060153,221
2335000,4670.000000033905,-204440.8228456342,303.01456549168597,221
2340000,4680.000000035942,-203245.51947775192,300.6785646345542,221
2345000,4690.00000003798,-204034.89926294668,297.17126896759163,221
2350000,4700.000000040017,-204247.77324719832,305.3813115420342,221
2355000,4710.000000042054,-205112.08584470663,301.36780167440344,221
2360000,4720.000000044091,-204755.61846745177,295.2543387860659,221
2365000,4730.000000046129,-203585.66194804665,294.25831738888394,221
2370000,4740.000000048166,-204962.1763340542,298.28231806595414,221
2375000,4750.000000050203,-204037.6363101597,302.4401323857665,221
2380000,4760.0000000522405,-203270.5820251383,297.787191832412,221
2385000,4770.000000054278,-203984.33386050828,303.48405564380374,221
2390000,4780.000000056315,-203401.25093628373,298.95165261076585,221
2395000,4790.000000058352,-204371.3565107627,299.8678820471708,221
2400000,4800.0000000603895,-204508.86049822334,295.766114768234,221
2405000,4810.000000062427,-203618.6998969512,300.0633986060278,221
2410000,4820.000000064464,-204457.366754279,299.6324267190304,221
2415000,4830.000000066501,-203634.61888435495,303.33703061671963,221
2420000,4840.000000068539,-204226.32790866657,299.62244744959656,221
2425000,4850.000000070576,-203928.33756175544,297.7714818242391,221
2430000,4860.000000072613,-203675.59735173476,298.93903745992515,221
2435000,4870.00000007465,-204023.22416203108,302.9643272278956,221
2440000,4880.000000076688,-203941.369931338,299.3440054775566,221
2445000,4890.000000078725,-203663.97852338746,299.6971815195354,221
2450000,4900.000000080762,-203705.0591522212,302.9205855222297,221
2455000,4910.0000000827995,-203542.696569402,301.4804629544777,221
2460000,4920.000000084837,-203465.95237673668,296.21686001890447,221
2465000,4930.000000086874,-204293.11234620307,300.27465025240394,221
2470000,4940.000000088911,-203294.96568510367,297.65709370934917,221
2475000,4950.000000090949,-203626.78740873595,304.7639088578067,221
2480000,4960.000000092986,-203200.2416130706,304.91710944603517,221
2485000,4970.000000095023,-203458.80637267034,297.4674766976325,221
2490000,4980.00000009706,-203464.15376707795,302.0576625757576,221
2495000,4990.000000099098,-204389.6369662747,304.8230131752381,221
2500000,5000.000000101135,-204175.40268604434,300.8359157385926,221
2505000,5010.000000103172,-204285.37741408136,300.76970683498985,221
2510000,5020.000000105209,-204084.3045864912,298.19298807241654,221
2515000,5030.000000107247,-203402.94773824338,305.99627566305657,221
2520000,5040.000000109284,-203944.1169368563,296.4868254507675,221
2525000,5050.000000111321,-203863.65540072636,298.23911691942646,221
2530000,5060.0000001133585,-203652.82586996444,299.356620521695,221
2535000,5070.000000115396,-204617.9682990783,298.1234474193544,221
2540000,5080.000000117433,-204043.28471135732,298.942350790604,221
2545000,5090.00000011947,-204409.47739039944,305.25392786300927,221
2550000,5100.000000121508,-204163.56968118052,297.72794115236115,221
2555000,5110.000000123545,-204526.2222954965,303.77853077443524,221
2560000,5120.000000125582,-204154.78792938823,297.95569062379474,221
2565000,5130.000000127619,-203504.06267681916,303.5998524837194,221
2570000,5140.000000129657,-203074.16830569517,300.2835996642717,221
2575000,5150.000000131694,-203844.02287796105,298.50485371217195,221
2580000,5160.000000133731,-203760.76830658666,299.79980215243694,221
2585000,5170.0000001357685,-204206.4053320476,302.17473772265,221
2590000,5180.000000137806,-204066.32569808653,298.117816599931,221
2595000,5190.000000139843,-203549.63798099617,299.47302211990797,221
2600000,5200.00000014188,-204682.3560670996,297.90790732136315,221
2605000,5210.0000001439175,-203899.457891664,294.94440511354884,221
2610000,5220.000000145955,-204053.5648721184,297.68945766937276,221
2615000,5230.000000147992,-204216.18003106548,300.6244472756706,221
2620000,5240.000000150029,-204240.69860424753,297.79798929597257,221
2625000,5250.000000152067,-203974.93226729461,302.82853164556815,221
2630000,5260.000000154104,-203632.66378693923,300.3006125407011,221
2635000,5270.000000156141,-203608.07908271055,303.47872545978396,221
2640000,5280.000000158178,-203802.7008982359,301.0998207742964,221
2645000,5290.000000160216,-203721.21351014485,298.46865528720707,221
2650000,5300.000000162253,-203576.84146666178,302.897829788348,221
2655000,5310.00000016429,-203956.3551444573,301.85323386277645,221
2660000,5320.0000001663275,-204296.93930182408,298.05999938027134,221
2665000,5330.000000168365,-203902.9402737246,304.1123918334629,221
2670000,5340.000000170402,-203989.59992600407,297.6131325609621,221
2675000,5350.000000172439,-203301.78724718292,301.6138342058897,221
2680000,5360.000000174477,-203029.93953584635,301.80739165965616,221
2685000,5370.000000176514,-203965.37142527255,299.7076331666987,221
2690000,5380.000000178551,-203751.9938822667,300.6803251919484,221
2695000,5390.000000180588,-204517.3042113086,301.98650010077597,221
2700000,5400.000000182626,-203249.35980416567,303.15684679899346,221
2705000,5410.000000184663,-204215.6772641983,295.9974936992045,221
2710000,5420.0000001867,-203494.13751931244,298.61509475916125,221
2715000,5430.000000188737,-203825.1992547447,305.5859206060939,221
2720000,5440.000000190775,-204281.92276433064,299.24516294271996,221
2725000,5450.000000192812,-204169.14691033482,302.62679953945246,221
2730000,5460.000000194849,-202875.8196320153,300.64071967752477,221
2735000,5470.0000001968865,-203867.81655755278,302.886410214968,221
2740000,5480.000000198924,-203865.0369823178,304.06464072606286,221
2745000,5490.000000200961,-203612.2804282586,306.5332944784988,221
2750000,5500.000000202998,-203896.1204394485,301.0387833187288,221
2755000,5510.000000205036,-204134.88540091645,296.640277037786,221
2760000,5520.000000207073,-204541.0597951786,300.5043292471934,221
2765000,5530.00000020911,-204049.9657339818,303.3863993308546,221
2770000,5540.000000211147,-204014.65050126857,296.08635277237187,220
2775000,5550.000000213185,-203886.0498925565,300.6261064552333,220
2780000,5560.000000215222,-203869.63889406237,306.4334483131676,220
2785000,5570.000000217259,-203092.5177181227,300.80333222423593,220
2790000,5580.000000219296,-204532.74937132478,300.7457097121994,219
2795000,5590.000000221334,-203530.8204666474,301.45904108196845,219
2800000,5600.000000223371,-203430.03328421456,301.14463940386804,219
2805000,5610.000000225408,-204351.64286481088,307.95907114839156,219
2810000,5620.0000002274455,-203702.59115089802,304.36751441482863,218
2815000,5630.000000229483,-203763.78218296915,301.93377910531103,218
2820000,5640.00000023152,-204009.2886104983,297.5209820286452,218
2825000,5650.000000233557,-203945.39677613578,295.0228075616192,218
2830000,5660.000000235595,-204199.78041955153,299.3193236206709,217
2835000,5670.000000237632,-204377.0832542529,301.89480267258637,217
2840000,5680.000000239669,-203530.67192267615,300.8334003032908,217
2845000,5690.000000241706,-203680.78573620552,292.15777097482834,217
2850000,5700.000000243744,-203452.6453138925,303.3600460647592,216
2855000,5710.000000245781,-202762.3333821752,301.8038976243053,216
2860000,5720.000000247818,-203397.69475987786,301.03812377237625,216
2865000,5730.0000002498555,-203204.86270929012,299.5191460065777,216
2870000,5740.000000251893,-203544.9190642701,298.87770346379193,215
2875000,5750.00000025393,-204257.25274216803,301.4663698003725,215
2880000,5760.000000255967,-204246.75880085956,300.401411162054,215
2885000,5770.000000258005,-203718.7502533875,303.7541268746035,215
2890000,5780.000000260042,-204125.3065997362,301.29491985897175,215
2895000,5790.000000262079,-203954.74896100187,303.38194674584247,214
2900000,5800.000000264116,-204256.08288301236,296.7271044555994,214
2905000,5810.000000266154,-203651.48810730106,297.3887945010298,214
2910000,5820.000000268191,-203952.0345167548,301.8967265905972,214
2915000,5830.000000270228,-202665.80552081857,303.3273244024697,213
2920000,5840.000000272265,-203797.2781923361,300.90987259794406,213
2925000,5850.000000274303,-203755.32471939048,301.55585814341185,213
2930000,5860.00000027634,-203225.44632745173,303.4868263826347,213
2935000,5870.000000278377,-204085.29727546324,299.9696053448712,213
2940000,5880.0000002804145,-203808.91893407982,301.9412303040652,212
2945000,5890.000000282452,-204451.6728225539,302.3424833259582,212
2950000,5900.000000284489,-203410.0135075387,301.7418088627084,212
2955000,5910.000000286526,-203293.20284731325,304.6538879494224,212
2960000,5920.000000288564,-203509.26028638287,297.03263275374155,212
2965000,5930.000000290601,-203876.45741731417,300.41213959010685,212
2970000,5940.000000292638,-205361.35323120223,300.3709794380859,212
2975000,5950.000000294675,-204065.8779625045,299.7715463278512,211
2980000,5960.000000296713,-204725.80919642246,298.4819903669017,211
2985000,5970.00000029875,-203645.6611343386,298.31940349355216,211
2990000,5980.000000300787,-204458.4108093651,301.3107317050206,211
2995000,5990.000000302824,-203742.17266966705,299.7993469019922,211
3000000,6000.000000304862,-203942.625270752,297.6708293266795,211
3005000,6010.000000306899,-204138.74365687172,297.2489399209299,210
3010000,6020.000000308936,-203601.40697251493,298.7218825146773,210
3015000,6030.0000003109735,-204461.5280876517,300.26717970302144,210
3020000,6040.000000313011,-204112.0697514785,296.04616084944524,210
3025000,6050.000000315048,-203657.77689097554,296.93050688459124,209
3030000,6060.000000317085,-203778.98732463457,298.4024962534463,209
3035000,6070.000000319123,-203625.68462753843,303.838402319985,209
3040000,6080.00000032116,-203652.0682626951,300.7768386455046,209
3045000,6090.000000323197,-203564.685342981,300.66243067774104,209
3050000,6100.000000325234,-203407.9613799909,301.73631727537753,209
3055000,6110.000000327272,-203942.03025778523,305.465939293734,208
3060000,6120.000000329309,-204584.77607588237,295.86019616965973,208
3065000,6130.000000331346,-204257.86935025756,305.64304243696955,208
3070000,6140.0000003333835,-203519.9238479872,297.6298493504918,208
3075000,6150.000000335421,-204074.70518285187,300.9933144707453,208
3080000,6160.000000337458,-204695.8278187241,301.90527459312796,207
3085000,6170.000000339495,-203619.11656479654,304.53600552162067,207
3090000,6180.0000003415325,-204925.37035382167,306.1865108683886,207
3095000,6190.00000034357,-203591.54165811872,298.4306395558388,207
3100000,6200.000000345607,-204389.60999751172,301.73573597204734,207
3105000,6210.000000347644,-204171.301809496,298.3926501351783,206
3110000,6220.000000349682,-203919.097766057,298.5742439863922,206
3115000,6230.000000351719,-203114.3726790205,298.05936448306505,206
3120000,6240.000000353756,-203485.91910951538,297.2418975510746,206
3125000,6250.000000355793,-204041.847005249,298.7336944501372,206
3130000,6260.000000357831,-204087.51330613263,300.2227195029112,206
3135000,6270.000000359868,-203655.28103630035,299.2554286577675,205
3140000,6280.000000361905,-203498.81293338386,295.22356652517743,205
3145000,6290.0000003639425,-204021.9265300316,299.12816930714416,205
3150000,6300.00000036598,-203813.69231247692,300.7335092419933,205
3155000,6310.000000368017,-203550.5689077006,298.5147979274616,205
3160000,6320.000000370054,-204116.74965389434,306.58414507971224,205
3165000,6330.000000372092,-204703.36826253124,301.99652196503195,205
3170000,6340.000000374129,-204520.26083673525,296.43998480269954,205
3175000,6350.000000376166,-203750.9789933008,298.881673537117,205
3180000,6360.000000378203,-204139.95076145174,300.8171601714661,204
3185000,6370.000000380241,-204327.44297505682,299.3160319768813,204
3190000,6380.000000382278,-203609.2666313165,298.67497126353277,204
3195000,6390.000000384315,-204473.14514533733,305.52801679821386,204
3200000,6400.000000386352,-203963.85301638488,297.4648235396962,204
3205000,6410.00000038839,-203581.3716515347,304.9139711479795,204
3210000,6420.000000390427,-203018.36919250328,295.86160415786264,203
3215000,6430.000000392464,-203319.35234686325,297.7522909808914,203
3220000,6440.0000003945015,-203674.21913708572,303.41164894644174,203
3225000,6450.000000396539,-204162.05234851653,295.49289283305484,203
3230000,6460.000000398576,-204018.22211687663,303.96780481503475,203
3235000,6470.000000400613,-202994.420206522,302.12334224335797,203
3240000,6480.000000402651,-204187.4633476358,299.4149990844252,203
3245000,6490.000000404688,-204459.02523876727,302.13828606042176,202
3250000,6500.000000406725,-203463.18402304384,301.02429809091035,202
3255000,6510.000000408762,-203607.33409360948,304.6875026146414,202
3260000,6520.0000004108,-202923.4518142501,298.17992267944527,202
3265000,6530.000000412837,-204246.29465560964,302.021597437535,202
3270000,6540.000000414874,-203937.13293321547,301.2115224703591,202
3275000,6550.0000004169115,-203799.03633432905,305.08319484809806,202
3280000,6560.000000418949,-204152.8246111687,296.53486782604256,201
3285000,6570.000000420986,-203948.65564973617,298.6127434702059,201
3290000,6580.000000423023,-203705.91840782936,301.3962841739748,201
3295000,6590.0000004250605,-204288.5374031578,296.7477954756563,201
3300000,6600.000000427098,-204263.4960547958,301.0944573059507,201
3305000,6610.000000429135,-204549.67667977815,299.38486639782906,201
3310000,6620.000000431172,-204155.89801115426,299.279123334651,201
3315000,6630.00000043321,-203691.85300487315,301.89454850679255,200
3320000,6640.000000435247,-204015.76209020824,306.40708082411317,200
3325000,6650.000000437284,-203434.03645612218,305.78415242044616,200
3330000,6660.000000439321,-203935.70681706548,302.0598669751612,200
3335000,6670.000000441359,-203818.7362363789,302.450814848684,200
3340000,6680.000000443396,-204091.47160401486,300.730293475338,200
3345000,6690.000000445433,-204288.4435868475,301.05618055409604,200
3350000,6700.0000004474705,-204244.52863491338,300.35294216973455,200
3355000,6710.000000449508,-204547.4820920817,300.62115844989074,199
3360000,6720.000000451545,-204139.04645473335,300.7970891198659,199
3365000,6730.000000453582,-203426.11190806713,303.0926549195955,199
3370000,6740.00000045562,-203638.2945043071,301.7283696458476,199
3375000,6750.000000457657,-203254.98912935553,296.7249845549818,199
3380000,6760.000000459694,-203698.04283322743,296.96215677419457,199
3385000,6770.000000461731,-204116.78231723397,300.1340339928346,199
3390000,6780.000000463769,-203213.52674979344,295.81577147365414,199
3395000,6790.000000465806,-203857.00816917268,299.3846450984029,199
3400000,6800.000000467843,-203853.43874006008,303.3707930359824,199
3405000,6810.00000046988,-204824.72818835103,296.68345068755133,199
3410000,6820.000000471918,-203346.10181961674,296.7806910540791,198
3415000,6830.000000473955,-203686.86017520912,299.57054013950324,198
3420000,6840.000000475992,-203201.793667068,303.3024629028112,198
3425000,6850.0000004780295,-203891.34583204717,300.2174497476441,198
3430000,6860.000000480067,-204296.1983667916,298.992007752165,198
3435000,6870.000000482104,-203667.3346157011,298.74994656031225,198
3440000,6880.000000484141,-203309.50501338928,300.4599933825844,198
3445000,6890.000000486179,-203483.19501648482,297.901621136999,198
3450000,6900.000000488216,-203790.33357040712,298.96689982941575,198
3455000,6910.000000490253,-203210.19062707247,296.64262111550823,197
3460000,6920.00000049229,-203870.87977373495,294.7526240268737,197
3465000,6930.000000494328,-203879.8444605862,301.99882560252416,197
3470000,6940.000000496365,-204412.8993868467,301.76812465652336,197
3475000,6950.000000498402,-202968.65577428846,298.15204499251126,197
3480000,6960.0000005004395,-203780.00609293964,299.8640267260972,197
3485000,6970.000000502477,-203503.6372670714,300.61564621551656,197
3490000,6980.000000504514,-203984.76888624707,298.19836428549667,197
3495000,6990.000000506551,-203508.71767112287,297.88010803070733,197
3500000,7000.0000005085885,-203596.96615334344,300.95805726768987,197
3505000,7010.000000510626,-203262.16576264158,298.7899556370572,196
3510000,7020.000000512663,-203884.99482736748,297.17714074585166,196
3515000,7030.0000005147,-203775.56314049545,299.44586526938656,196
3520000,7040.000000516738,-203102.0887302903,299.3998059924049,196
3525000,7050.000000518775,-204123.47899366159,300.23965325396307,196
3530000,7060.000000520812,-204531.6912389598,296.67321821341477,196
3535000,7070.000000522849,-203863.88414752518,303.618503662551,196
3540000,7080.000000524887,-203551.82583076123,301.0285020090389,196
3545000,7090.000000526924,-204168.87121430621,306.17720085433325,196
3550000,7100.000000528961,-203987.075524198,305.7585132130163,196
3555000,7110.0000005309985,-203990.0510199418,297.2167555403849,195
3560000,7120.000000533036,-203515.12569697958,297.1773049336416,195
3565000,7130.000000535073,-204662.24339451024,299.24627011382364,195
3570000,7140.00000053711,-203932.1262633315,297.31646556383,195
3575000,7150.000000539148,-203977.34688283887,302.92456872540066,195
3580000,7160.000000541185,-204588.29255803814,298.88369461288266,195
3585000,7170.000000543222,-203157.5830980183,305.9939883812659,195
3590000,7180.000000545259,-203577.84415478527,304.7784140832031,195
3595000,7190.000000547297,-203644.3191131712,301.5563682236512,195
3600000,7200.000000549334,-204043.50431715255,302.20011046807986,195
3605000,7210.000000551371,-203645.8824222671,302.73150502971913,195
3610000,7220.000000553408,-203580.49511873024,299.2992744819633,194
3615000,7230.000000555446,-203398.52547623543,300.7978899385216,194
3620000,7240.000000557483,-203507.75228338153,300.92085659282833,194
3625000,7250.00000055952,-203325.50453692477,306.4633861457032,194
3630000,7260.0000005615575,-203664.36020392366,304.55014292024373,194
3635000,7270.000000563595,-203702.1951737696,294.41381657681495,194
3640000,7280.000000565632,-203249.55166541657,297.0822202484284,194
3645000,7290.000000567669,-203885.56904198532,302.3586592181905,194
3650000,7300.000000569707,-203405.94172021223,300.92616664674176,194
3655000,7310.000000571744,-203783.45630715822,301.96070923392614,194
3660000,7320.000000573781,-203987.2627980546,305.8799709421852,193
3665000,7330.000000575818,-204188.83981848066,301.6867240407745,193
3670000,7340.000000577856,-204447.77521552204,300.7785858895732,193
3675000,7350.000000579893,-203480.56167566648,304.88641003686666,193
3680000,7360.00000058193,-204228.24971005542,297.62495895299094,193
3685000,7370.000000583967,-203676.094806046,297.0576301901515,193
3690000,7380.000000586005,-204702.43912137393,298.7665562887345,193
3695000,7390.000000588042,-204170.236754886,301.25369265001916,193
3700000,7400.000000590079,-203018.58933781972,299.7648102394265,193
3705000,7410.0000005921165,-203649.08076587645,298.690375213649,193
3710000,7420.000000594154,-204149.59760959214,299.2937872617949,193
3715000,7430.000000596191,-204305.22336101532,297.52945906714956,193
3720000,7440.000000598228,-203919.77514858881,296.92304247219005,192
3725000,7450.000000600266,-204875.78908620693,307.96307280846725,192
3730000,7460.000000602303,-203257.63074658008,301.12799927491795,192
3735000,7470.00000060434,-203490.75501971145,303.07299671599526,192
3740000,7480.000000606377,-204348.43864075968,295.0614586033079,192
3745000,7490.000000608415,-203921.20907024993,301.6293723693225,192
3750000,7500.000000610452,-203754.3214231492,299.84531902792537,192
3755000,7510.000000612489,-203719.46658878494,299.89487318507247,192
3760000,7520.0000006145265,-204429.11805565748,304.17328234555225,192
3765000,7530.000000616564,-203851.26312842965,303.0508557102349,192
3770000,7540.000000618601,-203892.76670773083,306.6243745376471,192
3775000,7550.000000620638,-203853.69704729656,300.44620155585915,192
3780000,7560.0000006226755,-203833.61367753148,300.5698740826646,191
3785000,7570.000000624713,-204666.09301870596,298.081301702165,191
3790000,7580.00000062675,-203888.43986761512,303.6832883813488,191
3795000,7590.000000628787,-204555.22823013226,300.3918778247466,191
3800000,7600.000000630825,-203939.756321467,298.9541530166572,191
3805000,7610.000000632862,-203701.3383261133,299.1161458542017,191
3810000,7620.000000634899,-204004.606676282,303.09620259042356,191
3815000,7630.000000636936,-203412.47054658213,300.87311345089256,191
3820000,7640.000000638974,-204257.71076555678,302.6250961333695,191
3825000,7650.000000641011,-203304.8907431563,303.5737090139261,191
3830000,7660.000000643048,-203723.37102925708,301.3694290947658,191
3835000,7670.0000006450855,-204244.72838578024,299.79514549357367,191
3840000,7680.000000647123,-204088.98292880144,299.69545558690317,190
3845000,7690.00000064916,-203113.14092631568,300.0846808745121,190
3850000,7700.000000651197,-203409.19636179658,299.54716533981593,190
3855000,7710.000000653235,-204327.34528974607,299.3109135016856,190
3860000,7720.000000655272,-204326.50415912527,298.7092891062486,190
3865000,7730.000000657309,-204277.7915062399,300.4476684810206,190
3870000,7740.000000659346,-203622.98866494047,298.33785987240697,190
3875000,7750.000000661384,-203906.33001183544,299.0519894816141,190
3880000,7760.000000663421,-203490.1630513037,302.36231529746016,190
3885000,7770.000000665458,-204206.86586135335,299.2423316958977,190
3890000,7780.000000667495,-204233.38012152107,303.02689901196476,190
3895000,7790.000000669533,-203757.03835830872,300.9959100903317,190
3900000,7800.00000067157,-203192.69385159877,301.3996541444632,190
3905000,7810.000000673607,-203394.49878739787,296.0283910477095,190
3910000,7820.0000006756445,-203670.5058389689,304.38194142278144,190
3915000,7830.000000677682,-203845.39620044047,295.3741740809284,190
3920000,7840.000000679719,-203921.0023643215,301.5357117275849,190
3925000,7850.000000681756,-203327.27787008474,300.42845400878264,189
3930000,7860.000000683794,-203405.53011996893,300.0076844921988,189
3935000,7870.000000685831,-204213.9925535313,304.2717624609967,189
3940000,7880.000000687868,-204207.1218486469,301.4973132091991,189
3945000,7890.000000689905,-203718.56649851054,298.8417227020041,189
3950000,7900.000000691943,-204644.36791730975,296.83472265455487,189
3955000,7910.00000069398,-203823.80236939038,301.1838332485568,189
3960000,7920.000000696017,-203841.9719786801,301.0600577751561,189
3965000,7930.0000006980545,-204310.92565133632,301.0162385056165,189
3970000,7940.000000700092,-203767.75150624,300.10877300167806,189
3975000,7950.000000702129,-203547.49443459476,298.2126093784697,189
3980000,7960.000000704166,-203351.13185105578,303.0909945691068,189
3985000,7970.0000007062035,-202722.0334834226,302.67216622296803,189
3990000,7980.000000708241,-204402.39374358323,301.55366404752164,188
3995000,7990.000000710278,-203681.45005542552,301.74453507880406,188
4000000,8000.000000712315,-204164.56672596454,300.8342577015442,188
4005000,8010.000000714353,-204333.48247378913,297.445621420657,188
4010000,8020.00000071639,-204368.4127558599,301.62768844875626,188
4015000,8030.000000718427,-203271.02104873676,298.55071536267735,188
4020000,8040.000000720464,-203563.21629920078,302.6355743368671,188
4025000,8050.000000722502,-203908.80366724846,295.3664873754696,188
4030000,8060.000000724539,-204731.19848183682,300.67081596945224,188
4035000,8070.000000726576,-204612.4590304551,302.746080551266,188
4040000,8080.0000007286135,-204340.56416122953,302.57170965992,188
4045000,8090.000000730651,-203759.06220876018,298.14280723137415,188
4050000,8100.000000732688,-203190.13771363255,301.94081377917473,188
4055000,8110.000000734725,-203846.9223444016,301.50335506409454,188
4060000,8120.000000736763,-203196.52373578586,299.4362493702552,187
4065000,8130.0000007388,-203407.8299393626,292.47899629534686,187
4070000,8140.000000740837,-203333.87580940977,301.89859932869865,187
4075000,8150.000000742874,-204037.59129804862,299.1290535352223,187
4080000,8160.000000744912,-203966.1807177827,303.96063529066146,187
4085000,8170.000000746949,-203942.90273338463,304.2312542589659,187
4090000,8180.000000748986,-203906.6374252789,299.05809401435636,187
4095000,8190.000000751023,-203963.46752241452,300.06686078816034,187
4100000,8200.00000075306,-204092.78357714135,305.13568229451766,187
4105000,8210.000000755097,-203398.95867747243,295.9279551315538,187
4110000,8220.000000757134,-204052.23792097706,303.319402248921,187
4115000,8230.000000759172,-204456.59854969115,302.39496609201603,187
4120000,8240.000000761209,-203819.7041983622,302.9453607926542,187
4125000,8250.000000763246,-203846.17747372866,296.9163509236274,187
4130000,8260.000000765283,-203724.65684978152,302.2758601396076,187
4135000,8270.00000076732,-204190.26251875283,298.74321365575685,186
4140000,8280.000000769358,-204733.09084255656,301.9757089133724,186
4145000,8290.000000771395,-203679.6420315717,302.2755873535487,186
4150000,8300.000000773432,-203549.22015081893,304.79150982465046,186
4155000,8310.00000077547,-204428.79717310506,299.7057132400287,186
4160000,8320.000000777507,-204086.30823725357,301.35460332577316,186
4165000,8330.000000779544,-203989.31580619712,300.217129927373,186
4170000,8340.000000781582,-203519.1961624137,302.96282959231104,186
4175000,8350.000000783619,-204120.46887113503,295.6566608658805,186
4180000,8360.000000785656,-203942.0692214683,299.1505644902572,186
4185000,8370.000000787693,-202775.67745962774,302.24548462112625,186
4190000,8380.00000078973,-203991.81080403912,300.30265998453046,186
4195000,8390.000000791768,-204354.21361690038,302.03226905575525,186
4200000,8400.000000793805,-202529.57147886662,298.0030954477581,186
4205000,8410.000000795842,-203670.28043679358,301.9220995541392,186
4210000,8420.00000079788,-203484.87939225743,300.3013063162537,185
4215000,8430.000000799917,-203733.1445144337,303.7117854206128,185
4220000,8440.000000801954,-203831.65254097886,298.64522381251356,185
4225000,8450.000000803991,-203777.88546254404,301.0030204581325,185
4230000,8460.000000806029,-203396.535123777,302.3326800703235,185
4235000,8470.000000808066,-203306.1869345249,302.54694034108627,185
4240000,8480.000000810103,-204070.2077844115,301.4317843648714,185
4245000,8490.00000081214,-203020.66558021505,301.221690403599,185
4250000,8500.000000814178,-204521.89461098262,298.22740736916654,185
4255000,8510.000000816215,-203603.24803507316,308.75770499927853,185
4260000,8520.000000818252,-202937.57632298197,299.26308192222314,185
4265000,8530.00000082029,-204032.4484377863,301.7512394439681,185
4270000,8540.000000822327,-203833.58832450002,299.9730764978525,185
4275000,8550.000000824364,-203716.73526436498,301.19052748038,185
4280000,8560.000000826401,-203801.61867907865,301.6750762489548,185
4285000,8570.000000828439,-204651.51958720956,299.30985401276837,185
4290000,8580.000000830476,-203620.75535739097,296.41080239495193,184
4295000,8590.000000832513,-203492.65385134146,299.50384306659566,184
4300000,8600.00000083455,-204119.06067582918,301.5998954061516,184
4305000,8610.000000836588,-204599.7707062784,300.41608701682657,184
4310000,8620.000000838625,-203960.59537586768,297.32271469325747,184
4315000,8630.000000840662,-203582.1857809754,296.71131269117905,184
4320000,8640.0000008427,-204257.30863597873,301.8513665980725,184
4325000,8650.000000844737,-203544.02443631028,298.09487525340984,184
4330000,8660.000000846774,-204051.27866640268,297.9615375354558,184
4335000,8670.000000848811,-204170.61091175326,295.95770235577936,184
4340000,8680.000000850849,-204073.16851222597,299.67390930546605,184
4345000,8690.000000852886,-203444.77043118572,302.49191147970436,184
4350000,8700.000000854923,-203462.0238063616,300.6070012192517,184
4355000,8710.00000085696,-203337.61830768338,301.47062423875553,184
4360000,8720.000000858998,-204029.0827869333,301.3020546990847,184
4365000,8730.000000861035,-202559.19044850057,303.16705612850177,184
4370000,8740.000000863072,-204377.61757144425,298.74250870310783,183
4375000,8750.00000086511,-204091.12843097036,299.09988454831523,183
4380000,8760.000000867147,-203978.91455510585,297.9930562470433,183
4385000,8770.000000869184,-203727.69985509757,304.791112081314,183
4390000,8780.000000871221,-203965.504893251,301.68984351468384,183
4395000,8790.000000873259,-203813.69857750717,300.7745172305936,183
4400000,8800.000000875296,-204148.2712818574,301.4612830219306,183
4405000,8810.000000877333,-204189.26769610285,296.02760715850536,183
4410000,8820.00000087937,-203398.1069485197,297.9144042903776,183
4415000,8830.000000881408,-203402.68646455836,298.7616998254766,183
4420000,8840.000000883445,-204211.56726479507,301.5362351414523,183
4425000,8850.000000885482,-202829.75487249752,298.9348921993612,183
4430000,8860.00000088752,-204099.94055114116,304.76430063288194,183
4435000,8870.000000889557,-203424.64275529154,300.10232721466735,183
4440000,8880.000000891594,-203955.193649019,300.39510158324777,183
4445000,8890.000000893631,-203196.20736585418,302.55636680993376,183
4450000,8900.000000895669,-203888.32258338493,297.36798480607615,183
4455000,8910.000000897706,-202743.64912524994,299.8749865852198,183
4460000,8920.000000899743,-203104.5871496785,295.921688912419,183
4465000,8930.00000090178,-203099.75288744073,306.88562285264857,183
4470000,8940.000000903818,-203213.34976417501,305.8890483374816,183
4475000,8950.000000905855,-204039.943522517,298.05633426899465,183
4480000,8960.000000907892,-203481.50359174877,298.03023528547,182
4485000,8970.00000090993,-204277.75536261324,299.3651968461023,182
4490000,8980.000000911967,-204618.99095652346,300.8356090556358,182
4495000,8990.000000914004,-203914.79283671803,305.7013068436312,182
4500000,9000.000000916041,-203651.17259375122,303.2503767988406,182
4505000,9010.000000918079,-203864.00118704094,295.8377115610856,182
4510000,9020.000000920116,-204099.4534800176,304.90189843872247,182
4515000,9030.000000922153,-204435.82377021608,301.5368627743071,182
4520000,9040.00000092419,-204014.91109206178,295.30227516711443,182
4525000,9050.000000926228,-204057.07488152187,297.4892796560864,182
4530000,9060.000000928265,-203420.93007767526,298.8434103291347,182
4535000,9070.000000930302,-203745.66205760592,303.30941691741816,182
4540000,9080.00000093234,-203321.40442971105,299.5492038109045,182
4545000,9090.000000934377,-204536.81759767828,298.73980685455786,182
4550000,9100.000000936414,-203818.10687060212,301.01565191080596,182
4555000,9110.000000938451,-203459.6592292022,299.0828315224588,182
4560000,9120.000000940488,-203929.66885247373,298.82305744448576,181
4565000,9130.000000942526,-203679.2211319086,300.3437005556456,181
4570000,9140.000000944563,-203382.74331202626,302.0309182202652,181
4575000,9150.0000009466,-203486.26405656163,303.4410928348661,181
4580000,9160.000000948638,-203715.19794177217,303.04504640791873,181
4585000,9170.000000950675,-203761.30452158547,300.15370102732584,181
4590000,9180.000000952712,-203793.8012275399,301.81817332090617,181
4595000,9190.00000095475,-204333.2295043175,300.13528017699105,181
4600000,9200.000000956787,-204908.51615700417,301.74248839123686,181
4605000,9210.000000958824,-204048.45260366274,302.42706337838644,181
4610000,9220.000000960861,-204084.5862692959,296.5424630681107,181
4615000,9230.000000962898,-203434.99294142576,299.1049489582652,181
4620000,9240.000000964936,-203692.4167596763,305.7096550717329,181
4625000,9250.000000966973,-204224.00009518,301.7778827870162,181
4630000,9260.00000096901,-204259.0852307676,302.6435983879603,181
4635000,9270.000000971047,-203455.03657412878,300.1962187399605,181
4640000,9280.000000973085,-203571.5118990076,297.5371207021015,181
4645000,9290.000000975122,-203350.9545349978,296.51712778870717,181
4650000,9300.00000097716,-203520.0733493592,298.89941284065065,180
4655000,9310.000000979197,-204321.86021838104,295.4630399787023,180
4660000,9320.000000981234,-203914.19062756526,296.0165824021674,180
4665000,9330.000000983271,-203735.28104344406,298.30191398595616,180
4670000,9340.000000985308,-204060.2384812712,298.25249775079635,180
4675000,9350.000000987346,-204097.61491868715,298.84807948253746,180
4680000,9360.000000989383,-203755.68221770378,301.52987327597253,180
4685000,9370.00000099142,-203732.5428019336,298.68726134046176,180
4690000,9380.000000993457,-202888.45573038363,299.0236842002861,180
4695000,9390.000000995495,-203922.99412267038,300.5125679423482,180
4700000,9400.000000997532,-203498.32233938156,295.2098721257495,180
4705000,9410.00000099957,-203643.08043571876,303.5916837414191,180
4710000,9420.000001001607,-203923.63172888954,305.05961955898135,180
4715000,9430.000001003644,-204298.21062298282,300.9498154033989,180
4720000,9440.000001005681,-203904.94025782845,298.7883092280723,180
4725000,9450.000001007718,-204158.75892250182,305.5573970623086,180
4730000,9460.000001009756,-203174.85718534922,303.77315937264683,180
4735000,9470.000001011793,-203486.1946372931,304.2350107987046,180
4740000,9480.00000101383,-203806.9133776488,295.21317427614724,179
4745000,9490.000001015867,-203393.07750482508,302.0764236718168,179
4750000,9500.000001017905,-203787.30386947026,300.19295583447473,179
4755000,9510.000001019942,-204456.57935566024,296.2982626727084,179
4760000,9520.00000102198,-204090.66507718654,302.4464699210042,179
4765000,9530.000001024016,-203927.64680697466,296.68812437137507,179
4770000,9540.000001026054,-203387.715886481,299.53244874561267,179
4775000,9550.000001028091,-203635.19933117565,299.7789036299016,179
4780000,9560.000001030128,-203980.0908113165,302.4979411824362,179
4785000,9570.000001032166,-204078.49336149963,303.5767347112362,179
4790000,9580.000001034203,-204320.15972927236,299.0690991911086,179
4795000,9590.00000103624,-203776.44681917282,301.9425390818833,179
4800000,9600.000001038277,-204033.22975846124,305.0170615499172,179
4805000,9610.000001040315,-203738.1448118356,299.8168891943831,179
4810000,9620.000001042352,-203320.05044056615,296.8208885343849,179
4815000,9630.00000104439,-203414.51251820684,302.7556008387174,179
4820000,9640.000001046426,-203164.604917238,295.0825746059115,179
4825000,9650.000001048464,-203173.59563167347,302.8478136796495,179
4830000,9660.000001050501,-203748.18498883524,296.2804044093278,179
4835000,9670.000001052538,-204136.7811850109,293.5468267237034,179
4840000,9680.000001054575,-204039.5385529917,299.5515637842317,178
4845000,9690.000001056613,-203210.9039114233,301.0399545286459,178
4850000,9700.00000105865,-203283.74692897475,295.19959968490366,178
4855000,9710.000001060687,-204079.21099802444,299.72241155172173,178
4860000,9720.000001062725,-203274.27668355918,303.07402380192974,178
4865000,9730.000001064762,-203290.88484317274,300.21507958345296,178
4870000,9740.000001066799,-203812.51356055692,300.2658710760791,178
4875000,9750.000001068836,-203453.17927624448,297.3083594428069,178
4880000,9760.000001070874,-203512.69356707332,301.1479049259938,178
4885000,9770.00000107291,-204095.10442727455,302.05223518415704,178
4890000,9780.000001074948,-203589.66612015956,295.73289520006546,178
4895000,9790.000001076985,-204777.2808159627,300.09157615349653,178
4900000,9800.000001079023,-203516.26237339014,296.5754005763198,178
4905000,9810.00000108106,-204218.81905201136,298.62247028093407,178
4910000,9820.000001083097,-203716.69704191748,298.48687905822345,178
4915000,9830.000001085134,-203203.08680922037,299.4357422240942,178
4920000,9840.000001087172,-203722.21136332117,302.71569763509456,178
4925000,9850.000001089209,-204588.2813663733,299.8341065601912,178
4930000,9860.000001091246,-204319.25637120265,306.83868104159774,178
4935000,9870.000001093284,-203816.2019078493,304.2188439902833,178
4940000,9880.00000109532,-203367.84305242496,302.3083760879246,178
4945000,9890.000001097358,-203283.66752688773,298.8864686713156,178
4950000,9900.000001099395,-203579.47889553593,299.91321012306366,178
4955000,9910.000001101433,-204126.62933855166,297.0644825107378,178
4960000,9920.00000110347,-204608.76438681607,298.0740130184582,178
4965000,9930.000001105507,-203014.38372472592,305.41542578396246,177
4970000,9940.000001107544,-202825.63983639597,301.49880448684235,177
4975000,9950.000001109582,-203210.7420379261,298.3321356876471,177
4980000,9960.000001111619,-203539.7215778376,300.3979607063402,177
4985000,9970.000001113656,-204364.9346792216,302.2252955127884,177
4990000,9980.000001115694,-203252.42089274304,295.1747677967372,177
4995000,9990.00000111773,-203235.1770156941,294.87978799867585,177
5000000,10000.000001119768,-204168.09367594717,298.5050061677077,177
5005000,10010.000001121805,-203890.20445266727,302.76837706817827,177
5010000,10020.000001123843,-204046.80709869752,300.8305260816252,177
5015000,10030.00000112588,-202875.2700201458,302.11633702766824,177
5020000,10040.000001127917,-203776.9098338046,302.5308887294606,177
5025000,10050.000001129954,-204648.3952011523,297.26555509490294,177
5030000,10060.000001131992,-204222.9103751575,298.0712721005988,177
5035000,10070.000001134029,-203701.26688628958,298.26608894195834,177
5040000,10080.000001136066,-203937.3658568001,304.85680694296184,177
5045000,10090.000001138103,-203855.37138570938,299.7425148405066,177
5050000,10100.00000114014,-203558.61538670596,299.3983987828832,177
5055000,10110.000001142178,-204018.03315719578,301.0656962087379,177
5060000,10120.000001144215,-203516.9678029539,295.54397434810625,177
5065000,10130.000001146253,-204033.63204038527,299.32990724503117,177
5070000,10140.00000114829,-203671.56328936561,298.9089922733323,177
5075000,10150.000001150327,-204237.5180094788,299.4699894009771,176
5080000,10160.000001152364,-203746.175026,299.01228063069647,176
5085000,10170.000001154402,-203592.08255239006,297.26655430194603,176
5090000,10180.000001156439,-203311.81117084494,298.04802293500916,176
5095000,10190.000001158476,-203722.411477871,305.935536504954,176
5100000,10200.000001160513,-202943.39205006696,297.91726922132364,176
5105000,10210.00000116255,-203782.49063053925,302.12642494192977,176
5110000,10220.000001164588,-203945.70139223093,303.30603110822886,176
5115000,10230.000001166625,-204135.44750218256,300.09765553727283,176
5120000,10240.000001168662,-203202.78855350986,300.9347672630796,176
5125000,10250.0000011707,-203523.57989933097,295.836872443955,176
5130000,10260.000001172737,-203359.22921640892,305.60730946227545,176
5135000,10270.000001174774,-203469.41946610482,306.6523914422619,176
5140000,10280.000001176812,-204180.12136864092,305.00658441580583,176
5145000,10290.000001178849,-203401.37147169455,297.3723862922396,176
5150000,10300.000001180886,-203198.58167190885,302.98897568132,176
5155000,10310.000001182923,-203973.07685466565,301.12837593811213,176
5160000,10320.00000118496,-204490.8030389197,304.0016567485826,176
5165000,10330.000001186998,-204419.3215789229,300.0662762343886,176
5170000,10340.000001189035,-203463.98235567112,296.64105764071917,176
5175000,10350.000001191072,-204516.3077159369,293.53333979840795,176
5180000,10360.00000119311,-204351.87779943994,299.71578273333193,176
5185000,10370.000001195147,-204284.76205246092,302.22784161024856,175
5190000,10380.000001197184,-204448.80427160463,302.1121682713199,175
5195000,10390.000001199222,-204149.32483495504,303.4556282147765,175
5200000,10400.000001201259,-203739.12524300313,297.9000399013993,175
5205000,10410.000001203296,-203565.3770952433,300.4767667303947,175
5210000,10420.000001205333,-203381.13165445917,299.82897491289026,175
5215000,10430.00000120737,-204451.8651837667,299.6154331990577,175
5220000,10440.000001209408,-204373.1754692013,296.77296737779824,175
5225000,10450.000001211445,-203664.46475969558,298.18776128021153,175
5230000,10460.000001213482,-203843.32567658997,297.46427299640084,175
5235000,10470.00000121552,-203899.5919859485,299.27409173807115,175
5240000,10480.000001217557,-203996.4852047474,301.78207381873756,175
5245000,10490.000001219594,-204298.91045453807,299.6452729558518,175
5250000,10500.000001221631,-204098.77677518025,298.342044951281,175
5255000,10510.000001223669,-204499.4208392033,296.8374549523598,175
5260000,10520.000001225706,-204104.7009309132,298.6133065042816,175
5265000,10530.000001227743,-203896.21577010723,302.22066653099256,175
5270000,10540.00000122978,-203743.67044562323,299.91077912286283,175
5275000,10550.000001231818,-203872.0125057064,304.5276727701665,175
5280000,10560.000001233855,-204126.2308903191,297.14457785496865,175
5285000,10570.000001235892,-205099.12440170662,302.0639942985643,175
5290000,10580.00000123793,-203842.47529262595,301.7774248483496,175
5295000,10590.000001239967,-203417.34027249552,297.0938721221538,175
5300000,10600.000001242004,-203893.50317529717,299.4629931799563,174
5305000,10610.000001244041,-203900.7612277757,300.69242438649013,174
5310000,10620.000001246079,-203317.80098817556,303.25961612514607,174
5315000,10630.000001248116,-204048.71029335307,298.93445662171376,174
5320000,10640.000001250153,-203322.8350971545,301.12935767727697,174
5325000,10650.00000125219,-203393.9257403959,300.2029837744158,174
5330000,10660.000001254228,-203818.05027084064,304.1446322099776,174
5335000,10670.000001256265,-204278.5537146025,297.9729032015451,174
5340000,10680.000001258302,-203626.26784075506,301.74976480752383,174
5345000,10690.00000126034,-203498.6983485067,301.26588465471804,174
5350000,10700.000001262377,-204316.79728857358,297.24420256104963,174
5355000,10710.000001264414,-204147.1554740183,297.8552645110904,174
5360000,10720.000001266451,-203508.602264105,298.871168977972,174
5365000,10730.000001268489,-204065.5749542989,299.60736185782184,174
5370000,10740.000001270526,-204484.7582322912,301.9290635464597,174
5375000,10750.000001272563,-203542.43258227583,298.66532487492304,174
5380000,10760.0000012746,-203591.34297531156,295.6594649675257,174
5385000,10770.000001276638,-204081.57462771237,300.35338020642473,174
5390000,10780.000001278675,-202928.00463032525,300.65870246326693,174
5395000,10790.000001280712,-204821.14005871816,295.91363838278,174
5400000,10800.00000128275,-203864.60791207955,299.5251397436334,174
5405000,10810.000001284787,-204361.78961411375,297.0895431724557,174
5410000,10820.000001286824,-204617.5046606724,299.7585536694438,174
5415000,10830.000001288861,-203726.16052138514,303.2774641267138,174
5420000,10840.000001290899,-203956.03338063206,299.8865068583962,174
5425000,10850.000001292936,-203600.3998711895,301.5632524096348,174
5430000,10860.000001294973,-204495.01096459478,297.27373204026856,173
5435000,10870.00000129701,-203564.20085949975,300.5837201839634,173
5440000,10880.000001299048,-204087.0955148819,300.75614865475086,173
5445000,10890.000001301085,-203454.9242276526,299.3897728059886,173
5450000,10900.000001303122,-204065.04338616645,298.31927182744596,173
5455000,10910.00000130516,-203957.82228136226,303.6364504727667,173
5460000,10920.000001307197,-203295.24560551508,302.4122204035001,173
5465000,10930.000001309234,-203242.01695325272,297.6095866057262,173
5470000,10940.000001311271,-204865.8039619677,299.87921325107953,173
5475000,10950.000001313309,-203972.36309680936,298.4859636947399,173
5480000,10960.000001315346,-204244.52325262723,302.3299446331146,173
5485000,10970.000001317383,-204179.889268248,295.0863589480476,173
5490000,10980.00000131942,-203061.33452590974,301.1980827755971,173
5495000,10990.000001321458,-204083.74842718092,302.50233404446107,173
5500000,11000.000001323495,-204275.633083515,298.33627601916123,173
5505000,11010.000001325532,-204432.41250783508,302.22434091229565,173
5510000,11020.00000132757,-203913.50951282412,297.44597495684087,173
5515000,11030.000001329607,-203489.69506535854,301.9045115464285,173
5520000,11040.000001331644,-204322.8021193077,299.2462341826999,173
5525000,11050.000001333681,-204183.67732691567,300.098700116646,173
5530000,11060.000001335718,-204000.99888473086,299.1292748588782,173
5535000,11070.000001337756,-204171.14801192132,304.19515578600107,173
5540000,11080.000001339793,-203825.96800593834,293.3812022339966,173
5545000,11090.00000134183,-203550.34879710875,302.4556839862505,173
5550000,11100.000001343868,-203884.35589414008,301.1069108900737,173
5555000,11110.000001345905,-203529.52117707813,304.66004194680494,173
5560000,11120.000001347942,-203729.24184980674,301.09299333010193,172
5565000,11130.00000134998,-204162.28591830446,301.69301076226327,172
5570000,11140.000001352017,-203719.4119257608,301.8909276784854,172
5575000,11150.000001354054,-203755.6690390585,301.8360711257542,172
5580000,11160.000001356091,-203303.66934192146,297.2153957930784,172
5585000,11170.000001358128,-203750.1551344901,296.74022084397444,172
5590000,11180.000001360166,-203675.2097148532,298.93687145663796,172
5595000,11190.000001362203,-203961.27757107152,303.1230794642417,172
5600000,11200.00000136424,-203722.9060799206,302.20444306949673,172
5605000,11210.000001366278,-203817.99707793293,298.4899731940905,172
5610000,11220.000001368315,-203593.6479610541,299.2458171936367,172
5615000,11230.000001370352,-203264.59295712097,298.5357109681047,172
5620000,11240.00000137239,-204023.81628374243,302.35018322695134,172
5625000,11250.000001374427,-204230.69674521638,302.2326695794104,172
5630000,11260.000001376464,-203543.10589262238,295.8209274390684,172
5635000,11270.000001378501,-204281.50602309045,300.18014837851337,172
5640000,11280.000001380538,-204425.6800884453,301.3852462308361,172
5645000,11290.000001382576,-204155.36895268492,295.8111360009348,172
5650000,11300.000001384613,-203871.66776836175,299.580457509681,172
5655000,11310.00000138665,-203663.189362988,299.16990278886453,172
5660000,11320.000001388687,-204286.33754204435,303.46623870787124,172
5665000,11330.000001390725,-203581.71463354758,303.6912328602282,172
5670000,11340.000001392762,-203319.85668819596,302.717583469033,172
5675000,11350.0000013948,-203368.17693501734,302.7343635204955,172
5680000,11360.000001396837,-204147.32366643392,302.6412779818255,172
5685000,11370.000001398874,-204085.06228126644,296.3556084354609,172
5690000,11380.000001400911,-203952.24136739213,298.8351619915234,172
5695000,11390.000001402948,-203845.80779371457,300.01034887542517,172
5700000,11400.000001404986,-203805.17193841224,301.25181514472143,171
5705000,11410.000001407023,-202947.11412710755,302.7893434815663,171
5710000,11420.00000140906,-203770.66423057986,295.14939297181485,171
5715000,11430.000001411097,-203670.27677213366,302.97521972439705,171
5720000,11440.000001413135,-204148.89028728614,299.81124978456336,171
5725000,11450.000001415172,-204170.79863790888,298.9383128343192,171
5730000,11460.00000141721,-203734.20714964985,306.09457569460125,171
5735000,11470.000001419246,-203738.49274060095,299.8636279357923,171
5740000,11480.000001421284,-204028.30086250557,295.7387556780458,171
5745000,11490.000001423321,-204250.26997861813,298.9542180039814,171
5750000,11500.000001425358,-203814.47947975004,298.1678305608769,171
5755000,11510.000001427396,-203907.44166586327,298.05697431339973,171
5760000,11520.000001429433,-204244.92649276718,300.3285200619851,171
5765000,11530.00000143147,-204371.86362911377,297.6876051662846,171
5770000,11540.000001433507,-204021.76919365546,300.4486793180131,171
5775000,11550.000001435545,-203701.29731130728,303.17624208418124,171
5780000,11560.000001437582,-203164.15630723245,296.4835246492863,171
5785000,11570.00000143962,-203573.40149062756,301.21897256472823,171
5790000,11580.000001441656,-203912.52556532214,301.1943631602604,171
5795000,11590.000001443694,-203547.0746836526,296.34154100087534,171
5800000,11600.000001445731,-204109.43238195125,304.9466502499752,171
5805000,11610.000001447768,-204003.19132758235,301.94664132741343,171
5810000,11620.000001449805,-203845.30809151137,296.9385155329387,171
5815000,11630.000001451843,-204093.10725759505,305.76110847699573,171
5820000,11640.00000145388,-203666.43361826928,296.3084054056538,171
5825000,11650.000001455917,-203273.53910759883,298.52082230888243,171
5830000,11660.000001457955,-204023.62400493247,299.74087387456865,171
5835000,11670.000001459992,-203165.09541639464,294.8152283911172,171
5840000,11680.00000146203,-204206.6218480398,303.9901195259875,171
5845000,11690.000001464066,-204128.35927824874,299.2983819788735,171
5850000,11700.000001466104,-203881.4256395019,303.5253392326,171
5855000,11710.00000146814,-204783.54544594116,301.2110307373353,171
5860000,11720.000001470178,-203689.75245912,303.94377911794055,171
5865000,11730.000001472215,-204629.75064786617,300.0923319819308,171
5870000,11740.000001474253,-203467.24143739662,292.8150160302413,171
5875000,11750.00000147629,-204154.08906647097,301.84705853954245,171
5880000,11760.000001478327,-204993.5105752846,299.13586747575965,171
5885000,11770.000001480365,-204636.38219854457,300.7283673204301,171
5890000,11780.000001482402,-203428.06788370747,301.7754851786713,171
5895000,11790.000001484439,-203270.95498212357,294.6092969928233,171
5900000,11800.000001486476,-203838.04232087743,298.9071074578901,171
5905000,11810.000001488514,-203501.50967153674,296.66003547300653,171
5910000,11820.00000149055,-203358.46242264495,299.49625417348216,171
5915000,11830.000001492588,-203754.9527833626,299.5425310339832,171
5920000,11840.000001494625,-203821.96683841932,299.1401675181426,171
5925000,11850.000001496663,-204179.91403395508,301.25863350157584,171
5930000,11860.0000014987,-203427.49263428233,299.50100316096217,171
5935000,11870.000001500737,-203777.99347036565,300.11017966462504,171
5940000,11880.000001502774,-203623.811665877,307.3339766129555,171
5945000,11890.000001504812,-203436.52800152602,300.2639899763191,171
5950000,11900.000001506849,-203833.14157892624,297.4042468168226,171
5955000,11910.000001508886,-203222.06001225126,301.89717716585216,171
5960000,11920.000001510924,-203084.16994177736,301.970241583038,171
5965000,11930.00000151296,-203942.76043034228,299.95379765504805,171
5970000,11940.000001514998,-203458.83884960774,300.509894024914,171
5975000,11950.000001517035,-203389.83006667148,301.53378561491667,171
5980000,11960.000001519073,-203325.02041873103,303.97535096302926,171
5985000,11970.00000152111,-204433.20380364195,301.5772282109278,171
5990000,11980.000001523147,-203202.77253327705,302.87176640993044,171
5995000,11990.000001525184,-203517.8202193426,301.2002978293814,171
6000000,12000.000001527222,-204122.09813365806,304.4918322208233,171
6005000,12010.000001529259,-203924.532967982,303.8731177011447,172
6010000,12020.000001531296,-203975.14134221117,300.6976227553662,172
6015000,12030.000001533333,-204058.77347247628,301.5516622865156,172
6020000,12040.00000153537,-203694.1717267445,291.1616016948869,172
6025000,12050.000001537408,-204269.53178789513,298.78080178267527,172
6030000,12060.000001539445,-203492.38193298865,300.6596680318156,172
6035000,12070.000001541483,-203753.935223812,299.1244659683621,172
6040000,12080.00000154352,-204145.01361878042,296.9875877174164,172
6045000,12090.000001545557,-203955.28666290222,304.4450496124007,172
6050000,12100.000001547594,-204835.2574876385,302.86148366646574,172
6055000,12110.000001549632,-204028.37613492936,301.6392501619793,172
6060000,12120.000001551669,-203556.00880421652,293.461688857884,172
6065000,12130.000001553706,-204160.9548270785,300.23057771110484,172
6070000,12140.000001555743,-203748.87970365596,302.57643935346556,172
6075000,12150.00000155778,-203021.70454527833,300.30412870586423,172
6080000,12160.000001559818,-203408.2274933363,298.4529473721551,172
6085000,12170.000001561855,-203919.70177781652,298.21208235058117,172
6090000,12180.000001563893,-203381.66323848988,294.35845250260223,172
6095000,12190.00000156593,-204217.0087795629,300.6557993163404,172
6100000,12200.000001567967,-203783.8563253677,298.86554323880785,172
6105000,12210.000001570004,-204668.6872622529,302.94366753815757,172
6110000,12220.000001572042,-203487.04939721443,299.225992181345,172
6115000,12230.000001574079,-204565.54529592115,301.35165465059714,172
6120000,12240.000001576116,-205115.42218692135,300.0496500177859,172
6125000,12250.000001578153,-204188.6276664848,300.6220554233965,172
6130000,12260.00000158019,-204113.6284530518,301.43593667256937,172
6135000,12270.000001582228,-203697.7573301443,301.18318102623067,172
6140000,12280.000001584265,-203659.92798712046,298.59910507006674,172
6145000,12290.000001586302,-203888.36953598505,304.0140367625015,172
6150000,12300.00000158834,-205404.69566930353,300.1207844683397,172
6155000,12310.000001590377,-203619.57517380337,302.42347983326187,172
6160000,12320.000001592414,-204183.6128142086,303.92293007295916,172
6165000,12330.000001594452,-204007.0645978821,298.83379146241185,172
6170000,12340.000001596489,-204356.80653315748,300.7042572573076,172
6175000,12350.000001598526,-203714.25131094665,295.3774382944529,172
6180000,12360.000001600563,-204692.67199207633,298.04079683317923,172
6185000,12370.0000016026,-204669.6383683338,301.3074602446766,171
6190000,12380.000001604638,-204321.43111955153,299.4065683074184,171
6195000,12390.000001606675,-204275.41808622272,301.34637957473825,171
6200000,12400.000001608712,-203783.0996216453,298.8470716351436,171
6205000,12410.00000161075,-204045.91369291372,302.4102190466288,171
6210000,12420.000001612787,-203741.63554875366,295.21752158904246,171
6215000,12430.000001614824,-203671.3459924393,301.1233064947618,171
6220000,12440.000001616861,-204742.16640462854,302.6813086860497,171
6225000,12450.000001618899,-203702.32669892476,298.4305684548787,171
6230000,12460.000001620936,-204050.97121340735,295.18735681935914,171
6235000,12470.000001622973,-203806.9416985761,303.4983752747125,171
6240000,12480.00000162501,-204117.82376508287,300.54869438308987,171
6245000,12490.000001627048,-203368.4577824379,298.17438681961676,171
6250000,12500.000001629085,-203434.43401192932,302.08393374654815,171
6255000,12510.000001631122,-203686.61018856557,293.7624225435329,171
6260000,12520.00000163316,-203698.87605179998,301.8285493318443,171
6265000,12530.000001635197,-203512.78264287382,299.8756205698867,171
6270000,12540.000001637234,-203629.69361094548,293.07832067594944,171
6275000,12550.000001639271,-203705.81053663895,301.35927176530083,171
6280000,12560.000001641309,-204163.927453522,295.9264103458209,171
6285000,12570.000001643346,-204165.92069613107,297.6164926563823,171
6290000,12580.000001645383,-203980.86082268914,301.45578761726745,171
6295000,12590.00000164742,-203884.79142668762,302.2387108934471,171
6300000,12600.000001649458,-204076.20530529472,300.74612578587715,171
6305000,12610.000001651495,-203814.52137709537,298.8817275485175,171
6310000,12620.000001653532,-204438.64144624537,306.2174416545891,171
6315000,12630.00000165557,-204194.52736424096,298.6378676969329,171
6320000,12640.000001657607,-203559.71095173305,303.564630469383,171
6325000,12650.000001659644,-203107.96484253253,299.36996227228246,171
6330000,12660.000001661681,-204276.06709638308,298.9592920685261,171
6335000,12670.000001663719,-204377.0602230752,303.7507199887961,171
6340000,12680.000001665756,-203502.3743144268,298.7647449292956,171
6345000,12690.000001667793,-203392.90276109253,304.1562296562255,171
6350000,12700.00000166983,-205142.20148446772,297.63344953779455,170
6355000,12710.000001671868,-203459.34864554903,303.62961387711124,170
6360000,12720.000001673905,-204183.76227384072,303.9449627966144,170
6365000,12730.000001675942,-204469.53280365537,301.43512089293904,170
6370000,12740.00000167798,-204534.07336849964,298.54888380244824,170
6375000,12750.000001680017,-203657.82956389827,300.7091512223684,170
6380000,12760.000001682054,-204792.15660398,300.32968801423254,170
6385000,12770.000001684091,-204208.42557791155,297.2962637918202,170
6390000,12780.000001686129,-203761.94539675664,296.83682291532455,170
6395000,12790.000001688166,-204042.23290669394,298.36132146230966,170
6400000,12800.000001690203,-203635.4545137725,298.81393742719683,170
6405000,12810.00000169224,-204329.09021283162,302.6655606714702,170
6410000,12820.000001694278,-203606.63959265838,300.8224649688887,170
6415000,12830.000001696315,-204884.15406962694,299.79167583062235,170
6420000,12840.000001698352,-203353.83767355036,298.2824407464804,170
6425000,12850.00000170039,-204561.66936330055,297.7993453610942,170
6430000,12860.000001702427,-203602.31938487908,296.46311544221726,170
6435000,12870.000001704464,-203298.50319314003,300.25530916198363,170
6440000,12880.000001706501,-202746.80682149203,296.3494117904981,170
6445000,12890.000001708539,-203721.43933913484,303.8352662236131,170
6450000,12900.000001710576,-204056.1786532069,299.6973065568369,170
6455000,12910.000001712613,-203487.28114861832,300.6630572511303,170
6460000,12920.00000171465,-203660.84463924915,299.2403858930625,170
6465000,12930.000001716688,-204227.9880820494,296.41088064690143,170
6470000,12940.000001718725,-203751.51637244353,301.4573824959986,170
6475000,12950.000001720762,-204400.29768594238,304.4749698294407,170
6480000,12960.0000017228,-203385.12591010157,298.3109448819719,170
6485000,12970.000001724837,-204172.36633843603,298.8949321663547,170
6490000,12980.000001726874,-204320.94499717385,303.0696883923663,170
6495000,12990.000001728911,-203450.9887843693,299.92392050467225,170
6500000,13000.000001730948,-203104.6947823806,301.838769214172,170
6505000,13010.000001732986,-204093.68967909354,301.83879856445003,170
6510000,13020.000001735023,-203600.49001065188,294.23666153157745,170
6515000,13030.00000173706,-204012.16467992007,302.02465994967986,170
6520000,13040.000001739098,-203963.28537390893,298.28178446382975,170
6525000,13050.000001741135,-203842.5906715874,301.12416034180654,170
6530000,13060.000001743172,-203857.3389322518,300.6758670288144,170
6535000,13070.00000174521,-204343.93233184575,304.5622076792255,169
6540000,13080.000001747247,-204289.7402826671,294.7651713080911,169
6545000,13090.000001749284,-203780.790845208,297.53445369766376,169
6550000,13100.000001751321,-204115.97218587436,301.3723812250521,169
6555000,13110.000001753358,-204224.05536984303,304.7439017557365,169
6560000,13120.000001755396,-204055.25491161807,300.27026899726565,169
6565000,13130.000001757433,-204208.91483724315,296.84137838723353,169
6570000,13140.00000175947,-203705.38863456366,299.42607562852334,169
6575000,13150.000001761508,-204336.37401951652,299.8589294324998,169
6580000,13160.000001763545,-203221.94562028453,301.8130316925607,169
6585000,13170.000001765582,-203967.06475146115,305.3511004235072,169
6590000,13180.00000176762,-203508.63323960034,300.5196376716004,169
6595000,13190.000001769657,-204367.36509274866,301.7096606755061,169
6600000,13200.000001771694,-204018.0557984911,302.0705495275482,169
6605000,13210.000001773731,-204231.00226778863,303.60336404331053,169
6610000,13220.000001775768,-203921.5727161701,300.16257640425215,169
6615000,13230.000001777806,-204559.94182620163,304.6221445882756,169
6620000,13240.000001779843,-204165.63593696372,299.9523562774691,169
6625000,13250.00000178188,-203005.2011597557,295.87399999411093,169
6630000,13260.000001783917,-204246.15510566533,302.1134869325881,169
6635000,13270.000001785955,-203642.85915213719,303.8725256249629,169
6640000,13280.000001787992,-204587.81656944018,299.7412336756414,169
6645000,13290.00000179003,-203077.76038769376,298.5145370995943,169
6650000,13300.000001792067,-203807.76602483343,298.9288238093903,169
6655000,13310.000001794104,-203716.37196244812,300.79259559880876,169
6660000,13320.000001796141,-203474.94719192327,299.1493691912435,169
6665000,13330.000001798178,-204657.43444430328,300.4675861099919,169
6670000,13340.000001800216,-203933.13728519436,301.92089400241775,169
6675000,13350.000001802253,-204940.48060332425,301.2614988565077,169
6680000,13360.00000180429,-204568.7911695938,300.17307250887234,169
6685000,13370.000001806327,-204401.41985122545,298.8725668191051,169
6690000,13380.000001808365,-204105.88252514217,298.431755072324,169
6695000,13390.000001810402,-202891.69457649102,299.1048571293578,169
6700000,13400.00000181244,-203570.3500665729,302.13421628492523,169
6705000,13410.000001814476,-204404.815708081,298.67308944033715,169
6710000,13420.000001816514,-204254.7813906807,302.61840474825823,169
6715000,13430.000001818551,-203057.4088153775,296.02549900650513,169
6720000,13440.000001820588,-204357.72735767823,301.1136190054524,169
6725000,13450.000001822626,-204052.84896396124,298.33220190696534,169
6730000,13460.000001824663,-203868.9692629238,302.2500264105652,169
6735000,13470.0000018267,-203913.51971900335,302.764061196961,168
6740000,13480.000001828737,-203795.28669686848,301.5088690916888,168
6745000,13490.000001830775,-204432.31455254962,294.6507817462142,168
6750000,13500.000001832812,-203964.83278603037,303.06943429881585,168
6755000,13510.00000183485,-203552.90858904016,299.6418812866871,168
6760000,13520.000001836886,-204241.20857170457,298.31512505899707,168
6765000,13530.000001838924,-204043.37697061524,302.3822775843244,168
6770000,13540.000001840961,-203318.96381796885,300.89484797272024,168
6775000,13550.000001842998,-203942.5256900841,297.5382254659036,168
6780000,13560.000001845036,-204163.0595364255,291.2525056185166,168
6785000,13570.000001847073,-204578.86805970967,300.7450628407377,168
6790000,13580.00000184911,-203133.1193810549,306.12095233404864,168
6795000,13590.000001851147,-203694.25113350386,306.4718457825868,168
6800000,13600.000001853185,-203785.14261724288,302.34829772773264,168
6805000,13610.000001855222,-203971.9878266172,301.2506218283915,168
6810000,13620.00000185726,-203668.35799205583,301.88577244153106,168
6815000,13630.000001859296,-204272.67561287154,301.2470238950442,168
6820000,13640.000001861334,-204069.5541572977,299.50836665345037,168
6825000,13650.000001863371,-203649.16245162883,299.8723122059934,168
6830000,13660.000001865408,-204305.0584031389,303.1735019185007,168
6835000,13670.000001867445,-204054.91048619093,300.14404832236613,168
6840000,13680.000001869483,-203546.8263700772,298.82618483840616,168
6845000,13690.00000187152,-203729.6391531704,301.0716386952836,168
6850000,13700.000001873557,-202852.25124415907,301.8828608561034,168
6855000,13710.000001875595,-203859.14224776777,299.9483726204544,168
6860000,13720.000001877632,-204017.76730619615,300.0979117536299,168
6865000,13730.000001879669,-203518.90361232718,302.8760177515145,168
6870000,13740.000001881706,-203941.1543253084,302.598488941198,168
6875000,13750.000001883744,-203820.5075318562,301.59221013666036,168
6880000,13760.00000188578,-203908.5280289451,303.9904173374898,168
6885000,13770.000001887818,-204364.22215390904,297.33197250715784,168
6890000,13780.000001889855,-204099.11791001668,298.00445581788335,168
6895000,13790.000001891893,-203811.76030642958,296.73789810278026,168
6900000,13800.00000189393,-203853.4369348447,299.82721078869594,168
6905000,13810.000001895967,-203332.6075991164,300.8218804041156,168
6910000,13820.000001898004,-203670.93074754218,302.8224884054229,168
6915000,13830.000001900042,-203379.15861813666,300.62058433439057,168
6920000,13840.000001902079,-203892.01766571787,304.65583293238655,168
6925000,13850.000001904116,-205160.87102409638,296.7862604717325,168
6930000,13860.000001906154,-203369.20038781234,297.4487691112132,168
6935000,13870.00000190819,-204502.84914225154,299.8158358326972,168
6940000,13880.000001910228,-202989.81621976732,301.6345626209816,168
6945000,13890.000001912265,-203542.0726764825,302.58031909300695,168
6950000,13900.000001914303,-203724.28360706766,296.5175805751948,167
6955000,13910.00000191634,-204059.46938175696,301.56220087105004,167
6960000,13920.000001918377,-203815.81401851273,299.3444862273085,167
6965000,13930.000001920414,-203410.96793291473,300.8251481382555,167
6970000,13940.000001922452,-203184.86786512355,299.4102385919339,167
6975000,13950.000001924489,-204186.97330903332,299.9757986163532,167
6980000,13960.000001926526,-204125.14198628278,303.31894553323457,167
6985000,13970.000001928564,-204055.55520248238,302.0109849424032,167
6990000,13980.0000019306,-204170.8051530039,304.314709897651,167
6995000,13990.000001932638,-204162.77184199553,298.93344281346947,167
7000000,14000.000001934675,-203957.1639831689,299.00982479986874,167
7005000,14010.000001936713,-203646.8180862096,300.54377170964455,167
7010000,14020.00000193875,-203802.33778650814,306.0092273925722,167
7015000,14030.000001940787,-203922.47103758086,302.73045052487095,167
7020000,14040.000001942824,-204453.7721379567,293.13200225068465,167
7025000,14050.000001944862,-204011.80791205156,298.0088290374326,167
7030000,14060.000001946899,-204317.80465279578,295.7965155580089,167
7035000,14070.000001948936,-203745.47631026467,300.7013896399228,167
7040000,14080.000001950973,-203383.2949598831,303.0876752135361,167
7045000,14090.00000195301,-203596.99698974425,299.1637935003821,167
7050000,14100.000001955048,-204293.9031411527,307.73643615733613,167
7055000,14110.000001957085,-203116.6915474753,298.14279009304545,167
7060000,14120.000001959123,-204122.57484075415,296.4069976604246,167
7065000,14130.00000196116,-203581.64595181518,299.4679098524598,167
7070000,14140.000001963197,-203767.44722462085,300.37361365408,167
7075000,14150.000001965234,-203753.73336352466,301.3690697039399,167
7080000,14160.000001967272,-204581.43501869764,297.6714363792412,167
7085000,14170.000001969309,-204845.7343318588,298.12758420064233,167
7090000,14180.000001971346,-203487.45567494433,303.3488860694473,167
7095000,14190.000001973383,-204153.6683891632,305.90284308081726,167
7100000,14200.00000197542,-203740.11402333668,296.31261443115045,167
7105000,14210.000001977458,-204127.48948378488,298.0939595151066,167
7110000,14220.000001979495,-203933.955292781,303.10600674618786,167
7115000,14230.000001981532,-203914.62970527017,303.96364034258437,167
7120000,14240.00000198357,-204102.67690885777,300.5330634823276,167
7125000,14250.000001985607,-204354.3415940348,303.59522501857384,167
7130000,14260.000001987644,-204231.6821741208,303.09459468195166,167
7135000,14270.000001989682,-204136.6031934719,297.5536757112156,167
7140000,14280.000001991719,-204109.8215595315,306.95500939180977,167
7145000,14290.000001993756,-203139.0081274967,302.6534345700398,167
7150000,14300.000001995793,-203563.2546756931,302.47296661741893,167
7155000,14310.00000199783,-203219.31144668488,299.6983336739745,167
7160000,14320.000001999868,-205234.9700882734,301.59840875228673,167
7165000,14330.000002001905,-203351.07472238888,298.54296870297446,167
7170000,14340.000002003942,-203931.97761723364,298.08681858853646,167
7175000,14350.00000200598,-204182.7787820428,303.6926101980356,166
7180000,14360.000002008017,-203836.0807189796,294.231366238796,166
7185000,14370.000002010054,-204349.79547029734,301.4977440696858,166
7190000,14380.000002012091,-203714.1928969078,297.45319618462196,166
7195000,14390.000002014129,-203516.63382965547,296.50707447689115,166
7200000,14400.000002016166,-204247.32247929438,301.59180329871293,166
7205000,14410.000002018203,-203877.41865748027,304.3626379321377,166
7210000,14420.00000202024,-204570.2471745283,300.92749175883466,166
7215000,14430.000002022278,-203356.67158598418,299.1086189793131,166
7220000,14440.000002024315,-204324.3126694808,299.7249027451702,166
7225000,14450.000002026352,-203943.20501558366,302.1642614130017,166
7230000,14460.00000202839,-203821.05581625283,300.2172646838743,166
7235000,14470.000002030427,-204576.6750307954,306.1770856408131,166
7240000,14480.000002032464,-204260.92530379747,300.3995558779998,166
7245000,14490.000002034501,-203111.7573025982,299.66831648627397,166
7250000,14500.000002036539,-203647.41179242486,299.8854668749515,166
7255000,14510.000002038576,-204549.6394144044,296.89454807130045,166
7260000,14520.000002040613,-202635.88364841708,298.52330152756133,166
7265000,14530.00000204265,-204339.50662812032,297.31826659283234,166
7270000,14540.000002044688,-204273.64343973238,300.3664129146096,166
7275000,14550.000002046725,-204498.13489689422,298.38659395740393,166
7280000,14560.000002048762,-203959.83122979477,295.66843969564775,166
7285000,14570.0000020508,-203124.62752668024,298.20576624323894,166
7290000,14580.000002052837,-203972.37196695223,300.8182775506101,166
7295000,14590.000002054874,-203665.0146233458,302.61496871317763,166
7300000,14600.000002056911,-203879.36994480283,298.78456310402913,166
7305000,14610.000002058949,-204376.5249463896,303.43522475719806,166
7310000,14620.000002060986,-203781.3791219761,295.83993461200185,166
7315000,14630.000002063023,-202859.43129570235,297.54923548989944,166
7320000,14640.00000206506,-203401.31064736343,300.0452270608326,166
7325000,14650.000002067098,-203715.01796561584,300.790138745264,166
7330000,14660.000002069135,-203059.17920653825,301.4790174489731,166
7335000,14670.000002071172,-203673.57565893943,300.10574669392497,166
7340000,14680.00000207321,-203688.0456141549,297.95033011570274,166
7345000,14690.000002075247,-203630.02800799732,297.737146466516,166
7350000,14700.000002077284,-203374.47958094545,297.57497477137963,166
7355000,14710.000002079321,-203404.89711432997,295.59388729650396,166
7360000,14720.000002081359,-204056.77680300898,303.6284576580429,166
7365000,14730.000002083396,-203343.2140977939,305.04373362043515,166
7370000,14740.000002085433,-204165.63722975238,300.5975520162025,166
7375000,14750.00000208747,-204551.7099191494,300.222508982803,166
7380000,14760.000002089508,-203593.14172833634,299.79342391360757,166
7385000,14770.000002091545,-203982.45058558672,298.38466128744267,166
7390000,14780.000002093582,-204338.7826317608,299.3211725219415,166
7395000,14790.00000209562,-203411.20462751866,297.8777514685481,166
7400000,14800.000002097657,-203523.11941568193,299.7534319414319,166
7405000,14810.000002099694,-203459.0445931051,297.5974290058807,165
7410000,14820.000002101731,-204486.5857289259,299.7655837546766,165
7415000,14830.000002103769,-204952.39264914102,301.1781599045141,165
7420000,14840.000002105806,-204694.4473291902,298.6453247167917,165
7425000,14850.000002107843,-203362.66653832176,301.0009662195906,165
7430000,14860.00000210988,-204291.09279899986,302.36369925917353,165
7435000,14870.000002111918,-204794.12829632603,298.4963791067807,165
7440000,14880.000002113955,-203670.42373652814,297.2750854587727,165
7445000,14890.000002115992,-203798.84813135036,300.6531419785612,165
7450000,14900.00000211803,-203506.8732198032,300.4479616645355,165
7455000,14910.000002120067,-203866.13511675317,302.6167888530525,165
7460000,14920.000002122104,-203601.79843218683,300.96155015890434,165
7465000,14930.000002124141,-204364.78073925956,300.9491789874366,165
7470000,14940.000002126179,-204138.2056686643,298.22455004143114,165
7475000,14950.000002128216,-204098.162343284,300.7373722697773,165
7480000,14960.000002130253,-203344.0826667992,306.58711012992956,165
7485000,14970.00000213229,-203571.0337821946,301.72197075555727,165
7490000,14980.000002134328,-203405.82700541697,300.787081557554,165
7495000,14990.000002136365,-203617.16722775076,300.4117808391264,165
7500000,15000.000002138402,-204224.9800341893,300.81777297640105,165
7505000,15010.00000214044,-203807.37698793947,301.7090495310689,165
7510000,15020.000002142477,-204051.3209400801,300.77038512541174,165
7515000,15030.000002144514,-204073.42475570354,303.31633899678985,165
7520000,15040.000002146551,-204110.31323594763,306.95386696439425,165
7525000,15050.000002148588,-203575.4388302291,299.20045062416733,165
7530000,15060.000002150626,-203769.3619745609,302.4367649015036,165
7535000,15070.000002152663,-204261.76354758348,298.9852233390582,165
7540000,15080.0000021547,-204176.34421388933,303.71842195676453,165
7545000,15090.000002156738,-204526.19698337105,298.7302029236364,165
7550000,15100.000002158775,-204043.30723716656,300.51352691233643,165
7555000,15110.000002160812,-203755.2384309644,303.0721342269547,165
7560000,15120.00000216285,-204618.2813492372,299.8005942932599,165
7565000,15130.000002164887,-204128.53158546053,297.620568824721,165
7570000,15140.000002166924,-204477.02089875587,303.9865160014293,165
7575000,15150.000002168961,-204077.76474544127,299.82879848612083,165
7580000,15160.000002170998,-204791.58936770586,300.59627569445865,165
7585000,15170.000002173036,-204582.2587519011,297.5840896441868,165
7590000,15180.000002175073,-204482.93336272996,299.8078548976601,165
7595000,15190.00000217711,-203894.2665597099,302.63291789627175,165
7600000,15200.000002179147,-203776.9736897141,301.0400246249133,165
7605000,15210.000002181185,-203800.71684308746,299.9279783926424,165
7610000,15220.000002183222,-203804.74200562714,295.38326773344505,165
7615000,15230.00000218526,-203678.10095629026,303.3208319060176,165
7620000,15240.000002187297,-204318.2318607194,303.1882987845141,165
7625000,15250.000002189334,-203735.77179966262,300.5469650049714,165
7630000,15260.000002191371,-203531.96809794847,302.9406002824252,165
7635000,15270.000002193408,-203882.65300015232,298.94552711612937,165
7640000,15280.000002195446,-204466.1321353399,303.43553901158657,165
7645000,15290.000002197483,-204008.29634333146,301.1573880846399,165
7650000,15300.00000219952,-203564.3934550312,298.37008059362677,165
7655000,15310.000002201557,-203472.7927507041,299.13075944370013,165
7660000,15320.000002203595,-203442.90971011168,296.1160879681627,165
7665000,15330.000002205632,-203683.47806707618,296.54961900921444,164
7670000,15340.00000220767,-203694.2282072684,303.16585524427114,164
7675000,15350.000002209707,-204077.55305079056,301.8489873987684,164
7680000,15360.000002211744,-203560.701979997,298.25456656637124,164
7685000,15370.000002213781,-203911.1282168479,297.23746625124573,164
7690000,15380.000002215818,-203727.61568334152,298.63282258312483,164
7695000,15390.000002217856,-203861.7076609967,298.84609140559866,164
7700000,15400.000002219893,-203701.31407227425,301.0473251249579,164
7705000,15410.00000222193,-203929.6145826548,299.78571499097905,164
7710000,15420.000002223967,-204009.46819486516,301.89577336153604,164
7715000,15430.000002226005,-203950.24337546446,304.93679319861,164
7720000,15440.000002228042,-203161.20745235914,295.6408264511776,164
7725000,15450.00000223008,-204016.89905251283,303.0713994086718,164
7730000,15460.000002232116,-203798.76084750867,294.7663315693873,164
7735000,15470.000002234154,-203981.9090299838,303.8024764818322,164
7740000,15480.000002236191,-204221.7572456348,301.721718307699,164
7745000,15490.000002238228,-204353.35234618338,301.82234544156057,164
7750000,15500.000002240266,-204667.17692329304,303.6715982425979,164
7755000,15510.000002242303,-204292.42277093,294.0539723324683,164
7760000,15520.00000224434,-203585.28475430072,299.08315361070044,164
7765000,15530.000002246377,-204245.13379141164,297.0064673001152,164
7770000,15540.000002248415,-203444.5455956913,299.0013914324698,164
7775000,15550.000002250452,-204368.1940675059,302.39603682616286,164
7780000,15560.00000225249,-204002.99019923352,303.61004973939674,164
7785000,15570.000002254526,-203135.03062831832,301.20039621804716,164
7790000,15580.000002256564,-204096.43498455023,298.7031674860455,164
7795000,15590.000002258601,-203613.4265736607,304.0616015326366,164
7800000,15600.000002260638,-204279.97410549864,302.4125295310914,164
7805000,15610.000002262675,-203828.04162625584,302.6891290924053,164
7810000,15620.000002264713,-203507.81840961217,302.81017381969633,164
7815000,15630.00000226675,-203685.8703633946,295.6621061256346,164
7820000,15640.000002268787,-203002.35535952938,298.24056338096074,164
7825000,15650.000002270825,-203333.72174037783,298.9553766989213,164
7830000,15660.000002272862,-204913.66153909988,299.100121483947,164
7835000,15670.000002274899,-204219.58586031967,300.92106765988217,164
7840000,15680.000002276936,-204096.71082921652,301.13884278998654,164
7845000,15690.000002278974,-204134.71035840572,299.3201594984378,164
7850000,15700.00000228101,-204756.85890621226,300.59627333101815,164
7855000,15710.000002283048,-203972.8963067826,298.1758879581956,164
7860000,15720.000002285085,-204154.00938806182,300.550837210975,164
7865000,15730.000002287123,-203710.78443037416,298.68296746281976,164
7870000,15740.00000228916,-204436.12934845407,303.0516502486143,164
7875000,15750.000002291197,-204383.54544499482,300.3919680933781,164
7880000,15760.000002293235,-203781.3654291702,298.6539892140573,164
7885000,15770.000002295272,-204205.82324526703,298.15575149732314,164
7890000,15780.000002297309,-204219.95458843093,300.45216944100855,164
7895000,15790.000002299346,-203190.6198748605,303.8815150202792,164
7900000,15800.000002301384,-203859.97698113404,300.23039332956125,164
7905000,15810.00000230342,-203549.86862550303,300.74314858329336,164
7910000,15820.000002305458,-203167.90818812384,303.7311436718939,164
7915000,15830.000002307495,-203326.09182241186,296.5483530822448,164
7920000,15840.000002309533,-203342.23744766146,302.23350027779804,164
7925000,15850.00000231157,-203611.46846128057,294.794889348372,164
7930000,15860.000002313607,-203978.58174456493,302.65162202198223,164
7935000,15870.000002315644,-204427.7627022299,297.59531509619916,164
7940000,15880.000002317682,-203719.4264692075,295.8311670619889,164
7945000,15890.000002319719,-204088.21838463552,299.60988381106057,163
7950000,15900.000002321756,-203860.36148727452,298.7258464496987,163
7955000,15910.000002323794,-203312.36621213972,301.108743958834,163
7960000,15920.00000232583,-204346.00227078574,299.1481166020106,163
7965000,15930.000002327868,-203236.88607472298,300.641610162192,163
7970000,15940.000002329905,-204120.79499619338,297.4987069822604,163
7975000,15950.000002331943,-204139.27808660478,299.722124880478,163
7980000,15960.00000233398,-203663.56784017442,304.8546886365149,163
7985000,15970.000002336017,-203203.52541813406,303.6252058497779,163
7990000,15980.000002338054,-203905.67644343118,303.0759444159674,163
7995000,15990.000002340092,-203002.00840409216,298.77528886447817,163
8000000,16000.000002342129,-203639.6712568798,297.36132986472296,163
8005000,16010.000002344166,-203984.46880618262,302.34188122759235,163
8010000,16020.000002346203,-203766.4681165067,300.10192489647466,163
8015000,16030.00000234824,-204222.01900601014,297.26028937897996,163
8020000,16040.000002350278,-203861.9668852056,293.6177632076711,163
8025000,16050.000002352315,-204473.94495843165,297.8913829288177,163
8030000,16060.000002354353,-203413.67503683886,301.9996221427073,163
8035000,16070.00000235639,-203874.6976965631,306.2793729312774,163
8040000,16080.000002358427,-202993.25463560235,302.8568605687643,163
8045000,16090.000002360464,-203763.04041588947,301.30838544203084,163
8050000,16100.000002362502,-203816.93932769343,301.8533846785361,163
8055000,16110.000002364539,-203885.40203465987,304.8419295577455,163
8060000,16120.000002366576,-203749.15532319166,300.3761097698554,163
8065000,16130.000002368613,-203988.34964264324,300.1715306604081,163
8070000,16140.00000237065,-203168.28130867775,300.27503544632714,163
8075000,16150.000002372688,-204405.10043549223,299.3860851176208,163
8080000,16160.000002374725,-204793.07224841614,299.49126991654464,163
8085000,16170.000002376762,-203668.22321032267,300.76126266064307,163
8090000,16180.0000023788,-202983.51720665186,305.98839166508895,163
8095000,16190.000002380837,-203802.5396977797,302.0616812069343,163
8100000,16200.000002382874,-203322.7638325902,293.1204875722081,163
8105000,16210.000002384912,-203824.6906904144,298.29995343245776,163
8110000,16220.000002386949,-204170.37754230562,304.6186706459829,163
8115000,16230.000002388986,-204678.3446160222,301.14840950415584,163
8120000,16240.000002391023,-204523.6406242794,304.5263103117607,163
8125000,16250.00000239306,-204564.7963378803,302.8205663369492,163
8130000,16260.000002395098,-204140.18668801594,300.6826447623643,163
8135000,16270.000002397135,-204167.66885755223,302.95052888555614,163
8140000,16280.000002399172,-204354.93789390894,298.17966823334234,163
8145000,16290.00000240121,-204270.6246771434,299.9509127069139,163
8150000,16300.000002403247,-203357.47307356494,299.7128457053389,163
8155000,16310.000002405284,-203405.18889021303,304.3932429507436,163
8160000,16320.000002407322,-203875.83628126374,294.79143221046536,163
8165000,16330.000002409359,-204392.92910939327,299.90732644847407,163
8170000,16340.000002411396,-204081.28786573838,297.36997607505515,163
8175000,16350.000002413433,-204364.09335023107,300.52869434632095,163
8180000,16360.00000241547,-204464.64772672649,291.86659186640685,163
8185000,16370.000002417508,-203874.16086961294,302.6265508964319,163
8190000,16380.000002419545,-204044.94268258102,300.31095413672864,163
8195000,16390.00000242158,-204009.36554897449,295.99489880111787,163
8200000,16400.000002423618,-203235.1516980211,297.64446966163945,163
8205000,16410.000002425655,-203418.5735765685,295.1244951237939,163
8210000,16420.000002427692,-204103.64035932661,304.4510372304275,163
8215000,16430.00000242973,-203856.38167801732,305.26192825247426,163
8220000,16440.000002431767,-203582.56187211408,298.11176768753296,163
8225000,16450.000002433804,-203631.50771835796,302.39549971721397,163
8230000,16460.00000243584,-203728.36298404238,302.38551958909466,163
8235000,16470.00000243788,-203931.64400163584,298.118380262911,163
8240000,16480.000002439916,-203741.40012965142,300.23245360194437,163
8245000,16490.000002441953,-203587.472921659,300.60235648613013,163
8250000,16500.00000244399,-204173.511979379,299.3428943702928,163
8255000,16510.000002446028,-204517.46212142322,297.70624816228633,163
8260000,16520.000002448065,-204500.60713772615,303.20082122027054,163
8265000,16530.000002450102,-203475.88081606093,301.9829627432669,163
8270000,16540.00000245214,-203478.8951363142,297.6586313165825,163
8275000,16550.000002454177,-203471.38329376327,297.41073731360643,162
8280000,16560.000002456214,-204273.9022573392,299.5561511202866,162
8285000,16570.00000245825,-203695.7642354305,297.3224586794002,162
8290000,16580.00000246029,-203519.2833389301,298.79203421623697,162
8295000,16590.000002462326,-204238.85918708902,299.671115450303,162
8300000,16600.000002464363,-202982.13367585035,297.3979829992317,162
8305000,16610.0000024664,-203122.92655506358,298.6677870873654,162
8310000,16620.000002468438,-202640.5979470904,303.44846146921356,162
8315000,16630.000002470475,-204802.74207533582,299.34532040832005,162
8320000,16640.000002472512,-203763.6770160707,303.1222603882625,162
8325000,16650.00000247455,-203812.61756994447,294.6948301742825,162
8330000,16660.000002476587,-203966.77982962003,297.98011839969064,162
8335000,16670.000002478624,-203386.40354764997,300.3936608520397,162
8340000,16680.00000248066,-204106.6067822295,298.807584001866,162
8345000,16690.0000024827,-204245.48976391123,301.06445319750543,162
8350000,16700.000002484736,-203633.2520276556,298.2431191815295,162
8355000,16710.000002486773,-203518.88131730526,301.23380679396587,162
8360000,16720.00000248881,-203958.0999593042,301.5704758586592,162
8365000,16730.000002490848,-203517.5674086766,302.8655567848192,162
8370000,16740.000002492885,-203614.21701104543,301.40784272218923,162
8375000,16750.000002494922,-204096.70334593533,299.84758278894,162
8380000,16760.00000249696,-204564.06052481092,298.95932742664854,162
8385000,16770.000002498997,-203932.4563675766,301.54213706406534,162
8390000,16780.000002501034,-204521.8030883181,305.08752268608777,162
8395000,16790.00000250307,-204102.55401319894,302.7692725219601,162
8400000,16800.00000250511,-203945.39676585142,301.257642194117,162
8405000,16810.000002507146,-204094.17510511528,298.7198879612791,162
8410000,16820.000002509183,-203830.23197634553,299.150396107826,162
8415000,16830.00000251122,-204117.2800883809,305.41024967079784,162
8420000,16840.000002513258,-202955.23778700538,305.827237822139,162
8425000,16850.000002515295,-204501.3152806766,298.71380332780933,162
8430000,16860.000002517332,-204429.8392688803,299.2282755598088,162
8435000,16870.00000251937,-204049.36396775534,297.4089592721188,162
8440000,16880.000002521407,-203683.27998630144,303.64459134155345,162
8445000,16890.000002523444,-203640.29482377134,300.53640268528744,162
8450000,16900.00000252548,-203455.62300272833,304.0753240914777,162
8455000,16910.00000252752,-203712.2903438036,302.7657756291307,162
8460000,16920.000002529556,-203350.59368678124,302.47338076524363,162
8465000,16930.000002531593,-203524.4956283943,305.8716624496017,162
8470000,16940.00000253363,-203754.90637893125,297.61546366904815,162
8475000,16950.000002535668,-204654.95158074016,300.5147451608971,162
8480000,16960.000002537705,-203933.4384109627,297.56030891795723,162
8485000,16970.000002539742,-203442.3270787351,300.0086744801457,162
8490000,16980.00000254178,-203473.47931049124,298.9795384612501,162
8495000,16990.000002543817,-204057.97352027067,297.54568578709393,162
8500000,17000.000002545854,-203754.23570485017,302.14143714997095,162
8505000,17010.00000254789,-204218.28040523746,298.48280712271986,162
8510000,17020.00000254993,-203923.52603915194,300.2257361542043,162
8515000,17030.000002551966,-204308.01859247137,302.4393993429895,162
8520000,17040.000002554003,-203660.1059598265,302.24272638955426,162
8525000,17050.00000255604,-203689.46643623582,308.18010321935986,162
8530000,17060.000002558078,-204001.95113692095,302.31436406491616,162
8535000,17070.000002560115,-204609.8471266179,302.3637646575456,162
8540000,17080.000002562152,-204052.96469654154,299.11508415016533,162
8545000,17090.00000256419,-203029.3427572369,301.74292543116746,162
8550000,17100.000002566227,-203483.7316360632,302.2474954445486,162
8555000,17110.000002568264,-203085.13065845636,302.2667426298856,162
8560000,17120.0000025703,-202867.88488703303,299.880203769004,162
8565000,17130.00000257234,-203945.75327404565,295.9588292460868,162
8570000,17140.000002574376,-204592.92607836658,298.8951866072807,162
8575000,17150.000002576413,-204329.56875214574,302.1586263020516,162
8580000,17160.00000257845,-204134.95140629238,300.3052677358966,162
8585000,17170.000002580487,-203008.10233981523,300.8157585664146,162
8590000,17180.000002582525,-203556.34779842978,303.197189621167,162
8595000,17190.000002584562,-204109.5638545492,299.3996984022225,162
8600000,17200.0000025866,-203972.9988272984,296.70731576548343,162
8605000,17210.000002588637,-204203.30222236435,298.2652457499539,162
8610000,17220.000002590674,-203640.7318550666,301.12626147785454,162
8615000,17230.00000259271,-203991.92381741595,301.0930327344699,162
8620000,17240.00000259475,-204505.83155137696,299.1153222110669,162
8625000,17250.000002596786,-204016.86584551563,299.13936731989105,162
8630000,17260.000002598823,-203196.3264087902,298.42136682312497,161
8635000,17270.00000260086,-203735.67678604275,299.36434707451946,161
8640000,17280.000002602897,-203589.40499908547,299.78607854419107,161
8645000,17290.000002604935,-204219.23038602737,304.75139637607265,161
8650000,17300.000002606972,-203403.00296146935,299.8238606694739,161
8655000,17310.00000260901,-203897.91930117784,296.50596065754877,161
8660000,17320.000002611047,-203560.33976952033,295.78399713335415,161
8665000,17330.000002613084,-204334.03036797664,301.21010494568606,161
8670000,17340.00000261512,-203331.28085332585,301.25720365284343,161
8675000,17350.00000261716,-203984.4255823543,304.54554582161467,161
8680000,17360.000002619196,-203701.49777650612,297.02185245726525,161
8685000,17370.000002621233,-204207.17886344146,299.0241866972806,161
8690000,17380.00000262327,-204013.49740977003,294.9591011731426,161
8695000,17390.000002625307,-203928.6519746997,300.28051255298465,161
8700000,17400.000002627345,-203894.23764890374,299.18774154653994,161
8705000,17410.000002629382,-203991.48808279447,302.2661384839156,161
8710000,17420.00000263142,-203379.7638584507,304.1356797182896,161
8715000,17430.000002633456,-203635.1353485887,302.89779973737416,161
8720000,17440.000002635494,-203748.37460307172,298.9439446963633,161
8725000,17450.00000263753,-203254.93420027464,297.738667177197,161
8730000,17460.00000263957,-203534.97183210787,302.47080955453566,161
8735000,17470.000002641606,-203586.96869072458,302.03416082043503,161
8740000,17480.000002643643,-203932.7875932334,305.2100575239401,161
8745000,17490.00000264568,-204050.67057106178,300.5593079608566,161
8750000,17500.000002647717,-203886.70678207546,303.06200395670425,161
8755000,17510.000002649755,-203276.44078320346,302.5051083191651,161
8760000,17520.000002651792,-204344.50056002964,295.53871294829156,161
8765000,17530.00000265383,-203616.33981538913,301.6004319249969,161
8770000,17540.000002655866,-204046.8452933114,300.0883912443567,161
8775000,17550.000002657904,-204141.0388787015,300.5413044309017,161
8780000,17560.00000265994,-204222.45032213943,301.4858858401729,161
8785000,17570.00000266198,-203406.2930566771,299.21393325945854,161
8790000,17580.000002664015,-203157.56992675527,300.6787593690439,161
8795000,17590.000002666053,-204205.74504859163,300.19194302688186,161
8800000,17600.00000266809,-203673.10975060915,296.09682362762476,161
8805000,17610.000002670127,-203606.59428461362,298.45692364691234,161
8810000,17620.000002672165,-203551.7633418931,298.3348489113617,161
8815000,17630.000002674202,-203789.99162578757,301.63283871076493,161
8820000,17640.00000267624,-204672.84080137266,301.7073600359976,161
8825000,17650.000002678276,-203676.08946259553,300.93858133605573,161
8830000,17660.000002680314,-203434.20780081348,302.23651493982027,161
8835000,17670.00000268235,-203654.11265280342,304.70154619823666,161
8840000,17680.000002684388,-204134.27881318238,294.6185019407022,161
8845000,17690.000002686425,-204477.5880555635,299.337071977888,161
8850000,17700.000002688463,-204441.8700652758,305.5608831238724,161
8855000,17710.0000026905,-204491.71253649914,300.4953937445524,161
8860000,17720.000002692537,-204373.9912575452,303.293037637474,161
8865000,17730.000002694575,-203017.30116426677,300.11472978947984,161
8870000,17740.00000269661,-202991.08702110685,303.4266042239515,161
8875000,17750.00000269865,-204053.27634318022,304.42613775032083,161
8880000,17760.000002700686,-203629.11316180637,302.61211521709345,161
8885000,17770.000002702724,-203533.66476237832,299.566268371246,161
8890000,17780.00000270476,-203572.26384948904,304.8236923203167,161
8895000,17790.000002706798,-204004.05008936243,298.5410168838765,161
8900000,17800.000002708835,-204372.7087382105,300.48614491969727,161
8905000,17810.000002710873,-203460.8445871675,304.12645915500354,161
8910000,17820.00000271291,-203510.320036671,294.88818914708463,161
8915000,17830.000002714947,-204235.35482309398,304.40312820026344,161
8920000,17840.000002716984,-203680.3121121478,298.82499129386866,161
8925000,17850.00000271902,-203908.88695788395,302.162647308801,161
8930000,17860.00000272106,-204252.95935723744,300.40508472899626,161
8935000,17870.000002723096,-203824.917486332,301.1273137216379,161
8940000,17880.000002725134,-203580.0295468896,298.79620035320386,161
8945000,17890.00000272717,-204454.33961226244,302.5120521910582,161
8950000,17900.000002729208,-202692.24723050825,298.46053110756424,161
8955000,17910.000002731245,-203543.51875449705,304.48727919055864,161
8960000,17920.000002733283,-203464.60657548788,300.5140194135457,161
8965000,17930.00000273532,-203466.40504742833,301.42515496691595,161
8970000,17940.000002737357,-203850.5262361993,300.92126169716073,161
8975000,17950.000002739394,-204809.58046493225,299.3517119156489,161
8980000,17960.00000274143,-203925.55260984472,304.7078511485134,161
8985000,17970.00000274347,-204233.13566151634,301.33060689404977,161
8990000,17980.000002745506,-204416.80638872634,302.65300388879444,161
8995000,17990.000002747543,-204092.90438930283,302.90242889470915,161
9000000,18000.00000274958,-204143.99240833195,298.09614754766966,161
9005000,18010.000002751618,-204138.83697969757,300.99046482100965,161
9010000,18020.000002753655,-204982.03941926267,298.19813920106975,161
9015000,18030.000002755693,-204341.90156148118,300.56637002935435,160
9020000,18040.00000275773,-204102.69192967517,298.8263235378973,160
9025000,18050.000002759767,-204095.19075965614,305.96868875764267,160
9030000,18060.000002761804,-204256.19137951476,303.6124450429512,160
9035000,18070.00000276384,-204209.10164118046,300.45827905037726,160
9040000,18080.00000276588,-203563.15614988387,299.4915098330737,160
9045000,18090.000002767916,-203991.72801986092,301.2281552037659,160
9050000,18100.000002769953,-203611.49965584686,301.05350014675145,160
9055000,18110.00000277199,-203779.26901320962,301.15017872050396,160
9060000,18120.000002774028,-203435.3757173298,301.2445605118111,160
9065000,18130.000002776065,-204589.51835175394,301.5454943130012,160
9070000,18140.000002778102,-204182.348509658,299.12018711612444,160
9075000,18150.00000278014,-204534.4102612649,305.01784289131297,160
9080000,18160.000002782177,-203309.31713967258,297.5203009700174,160
9085000,18170.000002784214,-203567.45048080536,296.51209638756006,160
9090000,18180.00000278625,-204127.22790978255,302.950182834682,160
9095000,18190.00000278829,-203697.4354560388,301.1763207481471,160
9100000,18200.000002790326,-203619.30952721683,299.43368714477424,160
9105000,18210.000002792363,-203586.68531616952,295.6949620448401,160
9110000,18220.0000027944,-204116.65964421013,303.8687352527681,160
9115000,18230.000002796438,-203339.24236640846,298.53063244483207,160
9120000,18240.000002798475,-202934.69735101587,306.18129489902685,160
9125000,18250.000002800512,-203031.66184023547,298.2917854836491,160
9130000,18260.00000280255,-204099.63265811815,296.8393346639175,160
9135000,18270.000002804587,-203295.03545351117,304.66713421155885,160
9140000,18280.000002806624,-203274.26809322182,306.47627500148496,160
9145000,18290.00000280866,-203264.58919181372,303.6093196629974,160
9150000,18300.0000028107,-203547.93084238563,297.09199303727394,160
9155000,18310.000002812736,-204143.091961961,307.6419843194731,160
9160000,18320.000002814773,-203768.78657897539,298.8245775180626,160
9165000,18330.00000281681,-203790.17517289938,298.6300753046015,160
9170000,18340.000002818848,-204658.20638149546,303.2153678648842,160
9175000,18350.000002820885,-203618.72346458223,304.3237051124606,160
9180000,18360.000002822922,-203430.33868982224,298.831105059134,160
9185000,18370.00000282496,-203630.17277875356,301.28615983410674,160
9190000,18380.000002826997,-203622.67088023468,297.75390267981066,160
9195000,18390.000002829034,-203917.29007464275,298.16146572974804,160
9200000,18400.00000283107,-203939.27167544654,297.57633316184916,160
9205000,18410.00000283311,-203891.64814020065,302.0766715314828,160
9210000,18420.000002835146,-203295.9424696474,303.4449676435046,160
9215000,18430.000002837183,-203518.51452701422,300.0839550519801,160
9220000,18440.00000283922,-204497.4938910855,300.7391356060425,160
9225000,18450.000002841258,-204334.84580239293,304.45730072115265,160
9230000,18460.000002843295,-203624.51213388157,301.26549523003297,160
9235000,18470.000002845332,-203498.81317141943,299.31144960104893,160
9240000,18480.00000284737,-204252.81732013857,300.7495091486867,160
9245000,18490.000002849407,-203709.85754175484,299.5260055207309,160
9250000,18500.000002851444,-203657.65378489264,298.44131734785475,160
9255000,18510.00000285348,-203806.62386385864,298.5526530794624,160
9260000,18520.00000285552,-203958.43070767308,300.04909874946594,160
9265000,18530.000002857556,-203953.67333692033,299.240215907589,160
9270000,18540.000002859593,-203788.38865734497,303.18658227139235,160
9275000,18550.00000286163,-203402.64269664208,299.0499981118222,160
9280000,18560.000002863668,-203731.0776989347,297.72006157101066,160
9285000,18570.000002865705,-204424.92003943224,301.31357970759404,160
9290000,18580.000002867742,-203541.61155879777,297.98364404372734,160
9295000,18590.00000286978,-203666.5164171037,294.3374528524782,160
9300000,18600.000002871817,-204703.9183865569,297.2654874229197,160
9305000,18610.000002873854,-203895.4584202969,298.0775248509331,160
9310000,18620.00000287589,-203916.224796345,300.0172185454753,160
9315000,18630.00000287793,-203101.3339990502,297.9300749882097,160
9320000,18640.000002879966,-203849.82544100448,302.6241708925312,160
9325000,18650.000002882003,-203163.35260969575,297.9116183983891,160
9330000,18660.00000288404,-204042.51641596283,302.3915184015849,160
9335000,18670.000002886078,-204030.65249887505,297.1993096795662,160
9340000,18680.000002888115,-203438.0083567151,301.860453602469,160
9345000,18690.000002890152,-202536.55155490525,298.0207329997023,160
9350000,18700.00000289219,-203945.39198522526,302.536883986579,160
9355000,18710.000002894227,-203952.17259527126,298.88780799748673,160
9360000,18720.000002896264,-204250.0291338854,301.7657746378019,160
9365000,18730.0000028983,-203139.03684289975,300.152513273443,160
9370000,18740.00000290034,-203532.29113679111,298.4393482535242,160
9375000,18750.000002902376,-203403.30342913023,297.55735748577945,160
9380000,18760.000002904413,-203914.03542943974,303.7615065784102,160
9385000,18770.00000290645,-204054.52871100628,304.81569072591094,160
9390000,18780.000002908488,-203694.87778184388,301.7492849700986,160
9395000,18790.000002910525,-203709.83201831393,302.221500078473,160
9400000,18800.000002912562,-204175.44431765296,303.89669806403555,160
9405000,18810.0000029146,-203450.8940053999,297.83814854649364,160
9410000,18820.000002916637,-203781.25943980087,300.5494369581226,160
9415000,18830.000002918674,-203716.97395647631,298.45941567206967,160
9420000,18840.00000292071,-203255.28545765497,303.096667421819,160
9425000,18850.00000292275,-203643.88411898038,297.0174874891073,160
9430000,18860.000002924786,-203929.80717200937,302.007257323844,160
9435000,18870.000002926823,-204188.61110227893,296.74993502511705,160
9440000,18880.00000292886,-203204.882224396,297.6641029896393,160
9445000,18890.000002930898,-203432.25777318282,306.16450414191667,159
9450000,18900.000002932935,-203170.57572328183,303.8665629214168,159
9455000,18910.000002934972,-203758.16782620887,302.8089314588456,159
9460000,18920.00000293701,-203892.77733512502,299.5929473113245,159
9465000,18930.000002939047,-203676.77989763638,300.6788470761239,159
9470000,18940.000002941084,-203797.29442023672,299.31730286017444,159
9475000,18950.00000294312,-203568.42868129525,299.60536831280973,159
9480000,18960.00000294516,-204298.3006336519,303.6498946597854,159
9485000,18970.000002947196,-204114.64911482076,300.1777935354445,159
9490000,18980.000002949233,-204692.77276409033,299.2148400337118,159
9495000,18990.00000295127,-203241.9816149869,297.34222525443266,159
9500000,19000.000002953308,-202851.658242853,302.1204850548843,159
9505000,19010.000002955345,-204656.78390364174,296.42857710392104,159
9510000,19020.000002957382,-203846.30269247445,296.666719034431,159
9515000,19030.00000295942,-204513.14659591508,302.3940243794732,159
9520000,19040.000002961457,-203973.5338523098,301.76376497624426,159
9525000,19050.000002963494,-204497.9646682666,297.33535004580426,159
9530000,19060.00000296553,-203100.29577460105,298.49710855767694,159
9535000,19070.00000296757,-203688.98576786555,297.6975571006516,159
9540000,19080.000002969606,-204167.08394250344,302.11427543754286,159
9545000,19090.000002971643,-203811.918335221,299.9286307285705,159
9550000,19100.00000297368,-203409.29734345677,304.03043084626177,159
9555000,19110.000002975718,-203363.2714131137,297.1161241469701,159
9560000,19120.000002977755,-204345.6135973808,303.4160129238147,159
9565000,19130.000002979792,-204107.8939997662,298.8187402628245,159
9570000,19140.00000298183,-204476.82523391373,296.2071370116005,159
9575000,19150.000002983867,-203663.39990226133,300.54928147337364,159
9580000,19160.000002985904,-204125.8180747123,303.4382625159324,159
9585000,19170.00000298794,-203426.94711082813,302.5489386548074,159
9590000,19180.00000298998,-203426.4296603701,293.28604189640845,159
9595000,19190.000002992016,-202993.9351533833,300.0516157384728,159
9600000,19200.000002994053,-204027.30305944756,303.10331829798986,159
9605000,19210.00000299609,-204562.6262226795,304.91504733629245,159
9610000,19220.000002998127,-204024.3448407282,303.01906265049297,159
9615000,19230.000003000165,-203891.70983772795,297.3770873864029,159
9620000,19240.000003002202,-203909.3853696318,297.08236501743295,159
9625000,19250.00000300424,-204042.68428319576,298.3138282540594,159
9630000,19260.000003006277,-204097.42617247358,299.5465770396076,159
9635000,19270.000003008314,-203141.97731447045,298.97821334282116,159
9640000,19280.00000301035,-203206.02512867283,295.2585498156283,159
9645000,19290.00000301239,-203717.30868793826,297.5345516206928,159
9650000,19300.000003014426,-203778.57562733698,303.41104876655135,159
9655000,19310.000003016463,-203505.99668081047,300.57645336923883,159
9660000,19320.0000030185,-204382.21924985934,299.89361589515937,159
9665000,19330.000003020537,-204323.96936632507,299.4699780496295,159
9670000,19340.000003022575,-203711.59799189225,300.9667816881139,159
9675000,19350.000003024612,-204027.62045070308,300.550412748062,159
9680000,19360.00000302665,-204646.55836050224,304.7911966606898,159
9685000,19370.000003028686,-203877.5993793999,295.70605269133273,159
9690000,19380.000003030724,-203620.4214015213,299.7708435093265,159
9695000,19390.00000303276,-203572.73330639896,301.8248637220955,159
9700000,19400.0000030348,-204346.4503123227,296.7860334394369,159
9705000,19410.000003036836,-204063.85711217637,300.33970394795256,159
9710000,19420.000003038873,-203390.55969967134,301.80018222515287,159
9715000,19430.00000304091,-202873.94295338704,300.5204032750773,159
9720000,19440.000003042947,-203925.91128166707,302.5507033216551,159
9725000,19450.000003044985,-203039.4803960852,301.49594760451293,159
9730000,19460.000003047022,-203321.56462686788,298.7342605897954,159
9735000,19470.00000304906,-204589.33341137366,305.392367909757,159
9740000,19480.000003051096,-204356.55136145942,302.82990121291135,159
9745000,19490.000003053134,-202933.74254667887,298.52552500192064,159
9750000,19500.00000305517,-203515.7355650604,305.21354940957775,159
9755000,19510.00000305721,-203298.43259042967,301.26131352890235,159
9760000,19520.000003059246,-204096.5017026132,297.4594614184495,159
9765000,19530.000003061283,-204089.19531560782,305.775561127546,159
9770000,19540.00000306332,-203991.233960976,300.5000882318167,159
9775000,19550.000003065357,-204428.18022654112,299.69795632061494,159
9780000,19560.000003067395,-204254.89379266743,296.6113722684031,159
9785000,19570.000003069432,-203905.25712912076,299.81606352749634,159
9790000,19580.00000307147,-203825.0318976239,299.33968537187826,159
9795000,19590.000003073506,-203796.24952061486,299.46130110158987,159
9800000,19600.000003075544,-203628.44542674383,300.5977287561183,159
9805000,19610.00000307758,-203985.38726168708,298.9101745933012,159
9810000,19620.00000307962,-203438.8914814198,304.93228750103424,159
9815000,19630.000003081655,-203927.4937152752,302.28099950627194,159
9820000,19640.000003083693,-204920.97789540386,300.906511830259,159
9825000,19650.00000308573,-204514.5113017388,304.27105349522003,159
9830000,19660.000003087767,-204001.08261730836,304.8535401778877,159
9835000,19670.000003089805,-204061.87425471155,299.19324338361474,159
9840000,19680.00000309184,-203506.85077065811,299.3504607676244,159
9845000,19690.00000309388,-203990.41162309272,299.8510846650663,159
9850000,19700.000003095916,-204564.56312553922,304.91480945214226,159
9855000,19710.000003097954,-204328.49791776366,297.80970214520903,159
9860000,19720.00000309999,-203360.61782558903,300.65447605755935,159
9865000,19730.000003102028,-203932.49114341452,301.80075908062645,159
9870000,19740.000003104065,-204086.4317834695,301.25005952251985,159
9875000,19750.000003106103,-202698.9397140924,299.95196608813734,159
9880000,19760.00000310814,-203648.93554579152,300.8122760368699,159
9885000,19770.000003110177,-204364.0744109674,301.75601884111234,159
9890000,19780.000003112214,-203229.4840023684,296.83017041024397,159
9895000,19790.00000311425,-203757.478435072,301.8025648028441,159
9900000,19800.00000311629,-203791.79368323414,300.5517237702088,159
9905000,19810.000003118326,-204074.36062997603,297.06834345873364,158
9910000,19820.000003120364,-204360.68575088505,301.9890404216774,158
9915000,19830.0000031224,-204483.89028364036,306.12534095107424,158
9920000,19840.000003124438,-203846.2846503905,301.5058661945968,158
9925000,19850.000003126475,-203028.69420659088,293.30006539870914,158
9930000,19860.000003128513,-203942.18057721434,296.22891406670783,158
9935000,19870.00000313055,-203659.2626589305,298.72456303324606,158
9940000,19880.000003132587,-203504.75706741598,298.6130294665572,158
9945000,19890.000003134624,-203497.8778718611,301.1882495309382,158
9950000,19900.00000313666,-203052.62838865328,296.7497318035399,158
9955000,19910.0000031387,-203959.48419908283,305.4341817154123,158
9960000,19920.000003140736,-203129.14561877493,302.8534932581034,158
9965000,19930.000003142773,-203662.4160645405,300.58337420135683,158
9970000,19940.00000314481,-203873.5690694789,302.05260504373206,158
9975000,19950.000003146848,-203496.69987718156,298.82820612732047,158
9980000,19960.000003148885,-203995.8954743077,297.27476178416987,158
9985000,19970.000003150923,-203914.75030910491,303.04620706841047,158
9990000,19980.00000315296,-204593.3513375885,300.61755994899795,158
9995000,19990.000003154997,-203589.21183983504,296.7922728939397,158
10000000,20000.000003157034,-204448.1308605906,304.25952482751177,158
10005000,20010.00000315907,-204988.55545237416,295.84832073984785,158
10010000,20020.00000316111,-204159.43269071332,304.8055318084459,158
10015000,20030.000003163146,-203594.77891558607,296.82128986031256,158
10020000,20040.000003165183,-204060.5254931996,301.7942770579852,158
10025000,20050.00000316722,-203089.93453212152,298.8880092298923,158
10030000,20060.000003169258,-203313.6220081828,294.33226149545783,158
10035000,20070.000003171295,-203568.5966709567,300.2276063310577,158
10040000,20080.000003173333,-203750.11972591863,299.6094395052311,158
10045000,20090.00000317537,-203478.03477949928,298.69030689964495,158
10050000,20100.000003177407,-204808.63196001167,302.91562486153526,158
10055000,20110.000003179444,-203619.2633984835,297.3654687204812,158
10060000,20120.00000318148,-203004.67947899958,305.2821042196031,158
10065000,20130.00000318352,-204322.0065845711,302.7500511319474,158
10070000,20140.000003185556,-203713.9166407782,296.45804189096486,158
10075000,20150.000003187593,-204049.25671140512,297.48396087561486,158
10080000,20160.00000318963,-204306.04331206216,300.4653601888716,158
10085000,20170.000003191668,-204347.56991933996,300.582170169503,158
10090000,20180.000003193705,-203466.53585854615,301.74453532890413,158
10095000,20190.000003195742,-203645.5013456744,300.9174651015828,158
10100000,20200.00000319778,-203390.7618184575,299.8359388237787,158
10105000,20210.000003199817,-203845.6341189621,300.4504097369487,158
10110000,20220.000003201854,-204273.37410481216,297.5737768242228,158
10115000,20230.00000320389,-203910.43416145875,296.2104483915135,158
10120000,20240.00000320593,-203125.57537914196,301.8800810688206,158
10125000,20250.000003207966,-204103.8634904842,299.5623361885195,158
10130000,20260.000003210003,-203901.38782327145,297.37747122659175,158
10135000,20270.00000321204,-204140.23605507496,299.3246571291378,158
10140000,20280.000003214078,-204208.2074064674,301.28090230705817,158
10145000,20290.000003216115,-203781.76626944798,295.9941370070123,158
10150000,20300.000003218152,-203390.80040525796,298.37331037717917,158
10155000,20310.00000322019,-204269.87993736297,299.18002106825884,158
10160000,20320.000003222227,-204091.18350786052,306.7534876021858,158
10165000,20330.000003224264,-203494.11098956806,299.6869220763232,158
10170000,20340.0000032263,-204360.67476786033,301.201108529776,158
10175000,20350.00000322834,-203062.18387049797,298.0658263623821,158
10180000,20360.000003230376,-203112.56983824726,301.58462694591816,158
10185000,20370.000003232413,-203857.67545389337,298.3380435570592,158
10190000,20380.00000323445,-203903.13956434687,300.0051463509601,158
10195000,20390.000003236488,-203945.9445082465,301.9357454320841,158
10200000,20400.000003238525,-203503.17849038157,298.6470477243972,158
10205000,20410.000003240562,-203781.54972020478,304.36205588415595,158
10210000,20420.0000032426,-203065.7586219306,297.22098104403614,158
10215000,20430.000003244637,-204062.55585593195,299.9736174641743,158
10220000,20440.000003246674,-202971.67372237286,299.46548762545075,158
10225000,20450.00000324871,-204159.45535061264,297.44737485577775,158
10230000,20460.00000325075,-203504.75863749918,298.7816277777963,158
10235000,20470.000003252786,-203408.98351527925,295.3321838880643,158
10240000,20480.000003254823,-204299.28405015112,298.6968059585528,158
10245000,20490.00000325686,-203838.84300085425,301.26630389808884,158
10250000,20500.000003258898,-203756.54953555344,305.41745718234444,158
10255000,20510.000003260935,-203696.03715289512,296.71019076950586,158
10260000,20520.000003262972,-204143.7057120644,305.1876706570584,158
10265000,20530.00000326501,-204434.97981264524,300.1587990121305,158
10270000,20540.000003267047,-204042.8158577321,305.70608985710123,158
10275000,20550.000003269084,-202992.47638657887,297.9663761243722,158
10280000,20560.00000327112,-204675.65678212477,301.72254492638723,158
10285000,20570.00000327316,-204268.93493052525,304.08367748417726,158
10290000,20580.000003275196,-203184.88238734985,299.43245691301286,158
10295000,20590.000003277233,-204150.4621311872,302.4399366277222,158
10300000,20600.00000327927,-203747.6717482115,296.82793158330657,158
10305000,20610.000003281308,-203698.3920212189,302.00107940604624,158
10310000,20620.000003283345,-204400.91828968178,297.8649016896498,158
10315000,20630.000003285382,-203651.86512115737,299.09991307040843,158
10320000,20640.00000328742,-204246.80044458364,300.81431478054174,158
10325000,20650.000003289457,-203838.1749439555,298.8842424113804,158
10330000,20660.000003291494,-203896.63221923006,299.4078176352298,158
10335000,20670.00000329353,-203704.93627866288,301.3370773173578,158
10340000,20680.00000329557,-203535.69025391352,303.9281892291824,158
10345000,20690.000003297606,-203832.23126338248,300.7687310687269,158
10350000,20700.000003299643,-203751.94144510292,302.4822196216229,158
10355000,20710.00000330168,-204087.7270312038,300.9833078131261,158
10360000,20720.000003303718,-204056.2214917565,303.22454969704,158
10365000,20730.000003305755,-204130.35354933387,299.608002978017,158
10370000,20740.000003307792,-203942.86393579165,299.7391797756418,158
10375000,20750.00000330983,-203403.3128142393,300.7175566953973,158
10380000,20760.000003311867,-203879.98725959973,303.22290120350664,158
10385000,20770.000003313904,-204115.00370077486,300.879904565384,158
10390000,20780.00000331594,-203512.3514324125,298.67020487835254,158
10395000,20790.00000331798,-204485.51262687868,300.875010280921,158
10400000,20800.000003320016,-203309.7067408472,294.9023464945301,158
10405000,20810.000003322053,-203679.61121149792,301.5864602623159,158
10410000,20820.00000332409,-204651.99534605676,298.85126421021874,158
10415000,20830.000003326128,-203929.0247662277,300.9533763851974,158
10420000,20840.000003328165,-203587.77977579855,301.9835681612706,158
10425000,20850.000003330202,-204232.1071625942,300.8206811409152,158
10430000,20860.00000333224,-203304.2048038476,296.9847665527128,158
10435000,20870.000003334277,-202613.72042161517,299.7011223985716,158
10440000,20880.000003336314,-203775.3911107086,298.9822048541857,158
10445000,20890.00000333835,-204096.10608614876,297.23102432403994,157
10450000,20900.00000334039,-203661.90207516716,299.90149092899856,157
10455000,20910.000003342426,-203349.22323563963,297.9824105286323,157
10460000,20920.000003344463,-203672.8772034417,302.7807896184559,157
10465000,20930.0000033465,-204106.43796851754,296.56868795937055,157
10470000,20940.000003348538,-203924.31693275762,304.1945282036903,157
10475000,20950.000003350575,-203186.97396688047,303.9995453343333,157
10480000,20960.000003352612,-204017.2661088364,301.26966449688206,157
10485000,20970.00000335465,-204194.42237013695,298.7118002883078,157
10490000,20980.000003356687,-204266.62157702958,302.55537341665917,157
10495000,20990.000003358724,-204205.08738957962,302.9334318659749,157
10500000,21000.00000336076,-203928.27799309813,299.87247498835643,157
10505000,21010.0000033628,-204286.24682065705,302.68853536757587,157
10510000,21020.000003364836,-204206.76361089933,300.35082968539655,157
10515000,21030.000003366873,-204213.5626079333,303.1817047563085,157
10520000,21040.00000336891,-203371.8606612367,301.7487177631177,157
10525000,21050.000003370948,-203859.31863199442,301.5888710274415,157
10530000,21060.000003372985,-204484.4481698313,305.9191079508726,157
10535000,21070.000003375022,-204030.15782157588,300.77367145194313,157
10540000,21080.00000337706,-204795.8219584782,300.30196095621704,157
10545000,21090.000003379097,-203441.90538636735,295.4973879514044,157
10550000,21100.000003381134,-203873.1488358418,299.47232979162163,157
10555000,21110.00000338317,-203670.45580013574,299.9940779664335,157
10560000,21120.00000338521,-203768.92784368014,300.59458453742127,157
10565000,21130.000003387246,-203938.61202986434,297.59541806537356,157
10570000,21140.000003389283,-204298.61422021512,303.70094913503175,157
10575000,21150.00000339132,-204109.8602582611,300.4503177171095,157
10580000,21160.000003393357,-202745.46969470254,300.4478501149868,157
10585000,21170.000003395395,-203871.9769891441,297.02833648498665,157
10590000,21180.000003397432,-204107.10621120327,301.41422033675394,157
10595000,21190.00000339947,-203856.07973588875,303.13408203459016,157
10600000,21200.000003401507,-204010.42250779457,305.51235079767724,157
10605000,21210.000003403544,-204366.18174261984,303.5995625372469,157
10610000,21220.00000340558,-203885.55137719866,297.68851647631027,157
10615000,21230.00000340762,-204667.50281276356,300.3433957680888,157
10620000,21240.000003409656,-204049.67276392062,299.86951136243715,157
10625000,21250.000003411693,-203925.16839382413,296.08519460364147,157
10630000,21260.00000341373,-203617.037766214,304.3042536080621,157
10635000,21270.000003415767,-203632.46473262808,299.1000381649942,157
10640000,21280.000003417805,-203650.4613792299,297.051492821528,157
10645000,21290.000003419842,-204461.6438933938,297.17987154150154,157
10650000,21300.00000342188,-204150.34648126678,300.46801205805065,157
10655000,21310.000003423916,-204194.5231111379,301.6101756788448,157
10660000,21320.000003425954,-203787.87551891268,301.8909896920772,157
10665000,21330.00000342799,-203130.56421893393,300.9288187722217,157
10670000,21340.00000343003,-203907.16260882292,302.2267477431929,157
10675000,21350.000003432066,-205043.88215444866,295.95937213192343,157
10680000,21360.000003434103,-204131.36649303767,301.3958484057596,157
10685000,21370.00000343614,-203464.0388629702,302.0957471423096,157
10690000,21380.000003438177,-203762.42323630617,296.25935959372936,157
10695000,21390.000003440215,-203640.54017294117,300.2478683259859,157
10700000,21400.000003442252,-204075.25228938786,300.5302210535854,157
10705000,21410.00000344429,-203343.78186706675,301.98985048936106,157
10710000,21420.000003446326,-203157.35322539217,299.6492497115866,157
10715000,21430.000003448364,-203470.42691049387,300.2736944073816,157
10720000,21440.0000034504,-203729.48915530567,299.7841492975789,157
10725000,21450.00000345244,-204486.13686215586,302.88187839300866,157
10730000,21460.000003454476,-204325.40269953432,298.0786895976236,157
10735000,21470.000003456513,-203633.32982674486,300.18025059236004,157
10740000,21480.00000345855,-203514.73606380343,302.02280284704733,157
10745000,21490.000003460587,-203087.0233390386,297.1885594021498,157
10750000,21500.000003462625,-203936.36296784296,296.42832731827167,157
10755000,21510.000003464662,-203068.30281623802,300.3200764218984,157
10760000,21520.0000034667,-203713.84092597547,297.47845258862674,157
10765000,21530.000003468736,-204182.54673631256,305.26511574854686,157
10770000,21540.000003470774,-203876.6757214535,305.1083092014364,157
10775000,21550.00000347281,-202902.61986836372,297.72006086713105,157
10780000,21560.00000347485,-203989.29696006002,300.55784778680044,157
10785000,21570.000003476885,-204208.23089330376,298.5694468328446,157
10790000,21580.000003478923,-204314.55965391896,298.5594448327752,157
10795000,21590.00000348096,-203706.94855361478,298.1670710366584,157
10800000,21600.000003482997,-204641.097668475,303.66887229162666,157
10805000,21610.000003485035,-203067.45508671645,300.1760026017855,157
10810000,21620.00000348707,-203325.6919745236,302.86546965276136,157
10815000,21630.00000348911,-202752.34594344907,305.23870055139133,157
10820000,21640.000003491146,-203149.59003759583,302.9719979326679,157
10825000,21650.000003493184,-204606.9029329233,301.25481398717693,157
10830000,21660.00000349522,-204893.3307656959,297.59644964254966,157
10835000,21670.000003497258,-204105.800609782,299.8981991034604,157
10840000,21680.000003499295,-204437.92518749658,299.4011029235863,157
10845000,21690.000003501333,-203607.86161087977,300.1030994315381,157
10850000,21700.00000350337,-204143.42547480203,300.8036468420892,157
10855000,21710.000003505407,-203297.48331285792,302.41439423993404,157
10860000,21720.000003507444,-203945.97416659573,298.5913015371249,157
10865000,21730.00000350948,-204163.792566848,301.13441420376694,157
10870000,21740.00000351152,-203948.69461445324,299.285071381398,157
10875000,21750.000003513556,-203038.59725688188,301.71715325919683,157
10880000,21760.000003515594,-204549.0774451238,298.91930031991814,157
10885000,21770.00000351763,-203500.4514049252,301.9346408632788,157
10890000,21780.000003519668,-204335.85954288032,301.0435354430229,157
10895000,21790.000003521705,-203670.2196828341,304.29257954637256,157
10900000,21800.000003523743,-204201.3859762263,297.32988912992147,157
10905000,21810.00000352578,-203962.8937881015,302.5108188454479,157
10910000,21820.000003527817,-203776.83617027802,294.19556117326385,157
10915000,21830.000003529854,-203729.93649144238,297.83225000754624,157
10920000,21840.00000353189,-203375.8235910231,300.93251292021097,157
10925000,21850.00000353393,-203259.96106324752,300.21592289008703,157
10930000,21860.000003535966,-203198.0454446203,302.83310382063297,157
10935000,21870.000003538004,-204343.3935782864,302.3641336478679,157
10940000,21880.00000354004,-204168.6186270452,298.921045590512,157
10945000,21890.000003542078,-203884.4220903573,302.52583554632344,157
10950000,21900.000003544115,-203203.72302130307,298.08585117115047,157
10955000,21910.000003546153,-203005.7400631128,299.7847209193718,157
10960000,21920.00000354819,-203632.80271921365,303.67318513339893,157
10965000,21930.000003550227,-203108.36406518298,296.08489598558236,157
10970000,21940.000003552264,-203685.1436975029,301.6192808908184,157
10975000,21950.0000035543,-204002.34195245674,300.04886788378747,157
10980000,21960.00000355634,-204284.90432320768,298.18801703330047,157
10985000,21970.000003558376,-203930.30851887283,306.1449531242519,157
10990000,21980.000003560413,-203452.66977610777,302.23945058385806,157
10995000,21990.00000356245,-203358.62389065314,300.1412410536339,157
11000000,22000.000003564488,-203932.96018155094,300.1392076119674,157
11005000,22010.000003566525,-203764.4728847572,301.1786478299885,157
11010000,22020.000003568563,-204062.66835025337,300.2062574147407,157
11015000,22030.0000035706,-203950.1337184552,297.5740691127457,157
11020000,22040.000003572637,-203454.33857672417,301.8721296982123,157
11025000,22050.000003574674,-204107.1894098263,298.6370623147998,157
11030000,22060.00000357671,-204025.81761768402,297.17728060022233,157
11035000,22070.00000357875,-203903.1866982882,303.6827807188548,157
11040000,22080.000003580786,-204235.64114923752,299.94702506155477,157
11045000,22090.000003582823,-204386.792266796,299.90840324327456,157
11050000,22100.00000358486,-204304.55607424048,299.75785328597686,157
11055000,22110.000003586898,-204705.1845076267,300.39936076598246,157
11060000,22120.000003588935,-203690.21969652933,308.32039329995774,157
11065000,22130.000003590972,-203674.58377848018,301.55457529022544,157
11070000,22140.00000359301,-204420.897291444,297.23317221141605,157
11075000,22150.000003595047,-203987.82380748715,302.4769615281255,157
11080000,22160.000003597084,-203919.41714751755,300.1704136185546,157
11085000,22170.00000359912,-204265.02052976238,296.817976358916,157
11090000,22180.00000360116,-203433.2516085055,300.02064575315916,157
11095000,22190.000003603196,-204351.65666349558,296.0119999825185,157
11100000,22200.000003605233,-204209.3067670957,295.205322141332,157
11105000,22210.00000360727,-203316.14076895325,298.6490325475463,157
11110000,22220.000003609308,-203312.26742226863,297.24006888753587,156
11115000,22230.000003611345,-203298.78784607782,300.32855925874264,156
11120000,22240.000003613382,-203136.51534005068,296.84094359367157,156
11125000,22250.00000361542,-203196.3348778641,306.53313341785724,156
11130000,22260.000003617457,-204073.5713498604,302.88216002275806,156
11135000,22270.000003619494,-203758.6283142236,299.22943736269434,156
11140000,22280.00000362153,-204050.09363014146,297.4936150633528,156
11145000,22290.00000362357,-203487.05975287897,304.0411523296309,156
11150000,22300.000003625606,-203552.5320838387,301.87288786898836,156
11155000,22310.000003627643,-204649.31311959843,300.4849359312032,156
11160000,22320.00000362968,-204076.45269465388,300.7124340062761,156
11165000,22330.000003631718,-203268.70286482456,301.42502285662437,156
11170000,22340.000003633755,-203202.42789515958,297.7108534336136,156
11175000,22350.000003635792,-203101.0762015999,299.5784834263649,156
11180000,22360.00000363783,-203119.75646820292,296.8519536061505,156
11185000,22370.000003639867,-202346.22359746508,294.7772165428349,156
11190000,22380.000003641904,-203610.15229413682,302.8649120062658,156
11195000,22390.00000364394,-204529.44288901344,301.18625249476355,156
11200000,22400.00000364598,-204449.9616292012,296.34442714176134,156
11205000,22410.000003648016,-203710.53475862776,302.57627207894654,156
11210000,22420.000003650053,-204150.54815251078,296.58897520195916,156
11215000,22430.00000365209,-203309.21561365842,304.5302773486265,156
11220000,22440.000003654128,-203673.04249316535,299.92783482205414,156
11225000,22450.000003656165,-204034.38935663598,295.76264822439373,156
11230000,22460.000003658202,-203211.30124251335,302.28825514156887,156
11235000,22470.00000366024,-203740.33364289487,298.47106396949897,156
11240000,22480.000003662277,-204190.74796825694,301.33025224245205,156
11245000,22490.000003664314,-203973.9364687954,301.3814385896983,156
11250000,22500.00000366635,-204409.30309976754,304.79276725035373,156
11255000,22510.00000366839,-204904.41220917262,303.4128386476104,156
11260000,22520.000003670426,-203574.71680781257,295.4359076770367,156
11265000,22530.000003672463,-204093.31413310103,301.5294839304805,156
11270000,22540.0000036745,-204422.03214378492,302.25510452588645,156
11275000,22550.000003676538,-203666.81192195078,294.6969753270772,156
11280000,22560.000003678575,-203998.19924044306,301.11237180631923,156
11285000,22570.000003680612,-203599.01987990434,304.0738025411601,156
11290000,22580.00000368265,-204061.37668297463,297.309875709767,156
11295000,22590.000003684687,-203859.3042412015,303.6031350269575,156
11300000,22600.000003686724,-204129.45159101917,306.37634482682125,156
11305000,22610.00000368876,-202695.96559279808,303.2930145650815,156
11310000,22620.0000036908,-204421.59843266068,299.2423691496738,156
11315000,22630.000003692836,-204185.97346033668,301.22474996414275,156
11320000,22640.000003694873,-203476.80196809792,301.40052306062285,156
11325000,22650.00000369691,-204124.01065249217,301.7959479105157,156
11330000,22660.000003698948,-202422.9738955415,304.5841472551185,156
11335000,22670.000003700985,-203725.11552282993,295.79966949596303,156
11340000,22680.000003703022,-203814.6585129589,302.8383358602998,156
11345000,22690.00000370506,-204093.56849580037,296.0745247085824,156
11350000,22700.000003707097,-203811.6484370235,301.10545824509444,156
11355000,22710.000003709134,-203250.670685741,304.4781781467736,156
11360000,22720.00000371117,-203575.72955984727,308.62253602569854,156
11365000,22730.00000371321,-203880.8264845882,304.8708895389775,156
11370000,22740.000003715246,-203762.4801658152,301.0889786738215,156
11375000,22750.000003717283,-204350.59527075163,300.78917355155113,156
11380000,22760.00000371932,-204097.20081417472,302.72310532633145,156
11385000,22770.000003721358,-204574.09302182414,302.32572647029536,156
11390000,22780.000003723395,-204071.50357783947,304.08504827946075,156
11395000,22790.000003725432,-203627.2925433165,301.05336977404454,156
11400000,22800.00000372747,-204873.8542595331,296.0730532067099,156
11405000,22810.000003729507,-203362.69705873833,294.4272953028784,156
11410000,22820.000003731544,-204348.73109820555,299.9681350652281,156
11415000,22830.00000373358,-204932.2734430855,301.73350416846745,156
11420000,22840.00000373562,-204006.8254242281,300.75665868618484,156
11425000,22850.000003737656,-203570.13853839762,302.0960053420512,156
11430000,22860.000003739693,-203934.8087416204,302.215382113841,156
11435000,22870.00000374173,-203977.28303241555,302.6474250034867,156
11440000,22880.000003743768,-204308.4532898994,297.3539404514697,156
11445000,22890.000003745805,-203742.05725265318,297.47997991440707,156
11450000,22900.000003747842,-204084.5717549345,300.8649197372541,156
11455000,22910.00000374988,-204417.62057884154,298.96098556295686,156
11460000,22920.000003751917,-203919.76009476034,298.72406221020134,156
11465000,22930.000003753954,-204073.56129576103,295.9690917828286,156
11470000,22940.00000375599,-204013.40909752902,300.9164197469931,156
11475000,22950.00000375803,-203410.76104262378,302.5835436070254,156
11480000,22960.000003760066,-204547.2029875943,299.04365221802664,156
11485000,22970.000003762103,-204158.04052271158,301.0962645876935,156
11490000,22980.00000376414,-203763.26576497487,301.4856646139092,156
11495000,22990.000003766178,-204005.37225830066,299.8832488439982,156
11500000,23000.000003768215,-203813.41748622688,301.5226727586654,156
11505000,23010.000003770252,-203477.7520336263,302.3563497374501,156
11510000,23020.00000377229,-203491.70280153677,302.55298686948146,156
11515000,23030.000003774327,-203038.44519205973,295.82098983218964,156
11520000,23040.000003776364,-204246.29212047067,299.5967994272194,156
11525000,23050.0000037784,-203804.85493398982,298.52120483104983,156
11530000,23060.00000378044,-204171.18670979724,298.24706985716585,156
11535000,23070.000003782476,-203455.67661436787,299.6734416247045,156
11540000,23080.000003784513,-204211.88268133265,304.4449314249007,156
11545000,23090.00000378655,-203806.03271388705,303.22530951069484,156
11550000,23100.000003788587,-203794.4806222415,300.1825166437343,156
11555000,23110.000003790625,-203377.27552517236,303.3372529595858,156
11560000,23120.000003792662,-203404.6050292031,300.20983584409373,156
11565000,23130.0000037947,-204344.02204368974,302.0657346641166,156
11570000,23140.000003796737,-203536.776118009,295.56947637256667,156
11575000,23150.000003798774,-204026.0245158252,303.90043916258804,156
11580000,23160.00000380081,-204218.3006076211,300.1630754166188,156
11585000,23170.00000380285,-203781.53004272352,306.1814269573029,156
11590000,23180.000003804886,-204076.4787326412,296.6862268529696,156
11595000,23190.000003806923,-204178.39506401925,303.1005130779351,156
11600000,23200.00000380896,-203341.0696909743,301.413190630789,156
11605000,23210.000003810997,-203856.171054277,302.770162088476,156
11610000,23220.000003813035,-203663.70461944456,298.54556248848183,156
11615000,23230.000003815072,-203705.90195042163,301.60655000999816,156
11620000,23240.00000381711,-204031.23811636108,299.5530930534529,156
11625000,23250.000003819147,-203651.21261182416,297.96616215727227,156
11630000,23260.000003821184,-203297.0918719552,299.5531551015147,156
11635000,23270.00000382322,-203262.49153081758,296.7351918447948,156
11640000,23280.00000382526,-203459.92905319727,305.2107778060135,156
11645000,23290.000003827296,-204749.10972315643,303.92714166534716,156
11650000,23300.000003829333,-203266.4072801381,297.19673981524403,156
11655000,23310.00000383137,-203848.60808441148,306.17822102506153,156
11660000,23320.000003833407,-204115.06894142355,302.1171649999934,156
11665000,23330.000003835445,-203360.26564986596,303.9289267124456,156
11670000,23340.000003837482,-203513.9962067305,305.29205145243,156
11675000,23350.00000383952,-203466.41585364717,297.88854712150726,156
11680000,23360.000003841556,-203855.5415251098,299.64031492496287,156
11685000,23370.000003843594,-204141.34476542228,300.46255009459145,156
11690000,23380.00000384563,-203658.2194084227,296.78908142415224,156
11695000,23390.00000384767,-203760.03074616473,299.889411608814,156
11700000,23400.000003849706,-203477.84170821204,303.6073637904628,156
11705000,23410.000003851743,-203107.6974404843,297.31766442945565,156
11710000,23420.00000385378,-203907.46857281495,291.90996899173433,156
11715000,23430.000003855817,-203829.6992888631,298.8998435777157,156
11720000,23440.000003857855,-204548.57864149066,299.32607823143167,156
11725000,23450.000003859892,-204247.4876334112,296.7184267469117,156
11730000,23460.00000386193,-204153.63314163464,300.64457918382357,156
11735000,23470.000003863966,-204022.76121767366,298.4779878941585,156
11740000,23480.000003866004,-203769.27356151643,302.546584344252,156
11745000,23490.00000386804,-202902.6995929462,302.02973822171896,156
11750000,23500.00000387008,-203229.94567179715,304.1077960912302,156
11755000,23510.000003872115,-203337.55486469204,303.4057162771653,156
11760000,23520.000003874153,-203707.52137845277,300.49200642225816,156
11765000,23530.00000387619,-203307.07016071375,304.37757418656633,156
11770000,23540.000003878227,-204379.49001459347,300.61437496282855,156
11775000,23550.000003880265,-203366.95243581873,300.50672535833746,156
11780000,23560.000003882302,-203855.7626773807,299.6699707627428,156
11785000,23570.00000388434,-204297.51940255368,301.2042875554542,156
11790000,23580.000003886376,-204229.0407552136,299.4251082396753,156
11795000,23590.000003888414,-203828.8830935571,299.8976689484946,156
11800000,23600.00000389045,-203421.8783878088,299.3582654384091,156
11805000,23610.000003892488,-204209.27976107423,299.779143236198,156
11810000,23620.000003894525,-203634.72735210962,298.6780126998535,156
11815000,23630.000003896563,-203934.43427839142,305.66157906043605,156
11820000,23640.0000038986,-203815.87739714503,302.5462265673145,156
11825000,23650.000003900637,-204434.682097835,302.2575240026866,156
11830000,23660.000003902675,-203134.9746889791,294.8300056447362,156
11835000,23670.00000390471,-204151.1745400912,305.77879106847246,156
11840000,23680.00000390675,-203715.46009858383,302.22710545110016,156
11845000,23690.000003908786,-204068.25785695598,302.2630797779559,156
11850000,23700.000003910824,-203442.9111158991,300.7773700106402,156
11855000,23710.00000391286,-204079.7284346231,304.0600187564544,155
11860000,23720.000003914898,-203609.75486356346,296.132602146078,155
11865000,23730.000003916935,-202806.72506185446,298.7619071530452,155
11870000,23740.000003918973,-204378.1580302416,298.3550282602302,155
11875000,23750.00000392101,-203198.2860597073,301.55738159914875,155
11880000,23760.000003923047,-203849.71055258892,299.5120737324768,155
11885000,23770.000003925084,-203478.05927278392,298.5343422946859,155
11890000,23780.00000392712,-204192.87035084306,298.9932431377568,155
11895000,23790.00000392916,-203711.61090005876,296.9751451622142,155
11900000,23800.000003931196,-204149.62424387783,304.73431723408066,155
11905000,23810.000003933234,-203839.4022690293,301.67635335877094,155
11910000,23820.00000393527,-204422.35180185048,300.0232554580735,155
11915000,23830.000003937308,-203647.3857991587,299.3176689236234,155
11920000,23840.000003939345,-203620.4360411832,302.6457649208771,155
11925000,23850.000003941383,-203503.3043046986,300.8085221766904,155
11930000,23860.00000394342,-204268.8748235401,300.1140571433492,155
11935000,23870.000003945457,-203601.01490167843,301.3705318747755,155
11940000,23880.000003947494,-203445.44406220166,303.59068752475605,155
11945000,23890.00000394953,-203949.96598423168,300.729526920183,155
11950000,23900.00000395157,-203982.9161025869,295.3557040877969,155
11955000,23910.000003953606,-204488.2684072241,301.738361650286,155
11960000,23920.000003955643,-204441.61184681288,296.84094580439887,155
11965000,23930.00000395768,-203571.43014997174,300.78744560660374,155
11970000,23940.000003959718,-204423.50379742554,305.1328179222089,155
11975000,23950.000003961755,-204738.8522319689,301.9384262592813,155
11980000,23960.000003963793,-204007.93419659708,296.5544289598856,155
11985000,23970.00000396583,-203729.07516288524,305.84245213641225,155
11990000,23980.000003967867,-203952.05831494438,297.4278991352664,155
11995000,23990.000003969904,-204177.42789827648,301.83050081077823,155
12000000,24000.00000397194,-203731.774022207,307.34240626407325,155
12005000,24010.00000397398,-203723.06914308306,302.0323493180594,155
12010000,24020.000003976016,-203880.23702023155,304.98326753852643,155
12015000,24030.000003978053,-203912.0443415168,305.99431587940177,155
12020000,24040.00000398009,-203820.83617835504,299.1755372194388,155
12025000,24050.000003982128,-203591.3047833885,299.8196339619324,155
12030000,24060.000003984165,-203739.12495814718,296.967092959371,155
12035000,24070.000003986203,-204750.4439159776,295.8332550161783,155
12040000,24080.00000398824,-203994.30451308866,299.914448610081,155
12045000,24090.000003990277,-204236.2867624811,302.5807527375286,155
12050000,24100.000003992314,-203631.9028271247,299.76243073312105,155
12055000,24110.00000399435,-204086.12017376337,301.0756855885264,155
12060000,24120.00000399639,-204570.4002192053,297.69803932703377,155
12065000,24130.000003998426,-203171.05099105008,301.6395619129624,155
12070000,24140.000004000463,-203884.3450958886,300.5551413708275,155
12075000,24150.0000040025,-203686.1682062404,296.16229742639604,155
12080000,24160.000004004538,-204439.43765310198,302.594522310471,155
12085000,24170.000004006575,-203363.0537082256,298.23665660837355,155
12090000,24180.000004008612,-204219.3963329947,299.98915128661486,155
12095000,24190.00000401065,-203504.77842351922,300.5191515799986,155
12100000,24200.000004012687,-203778.46748036286,298.7858298993409,155
12105000,24210.000004014724,-204504.39990322047,300.85219825560847,155
12110000,24220.00000401676,-203297.57464133378,300.3789039329154,155
12115000,24230.0000040188,-203916.0867114407,307.1126653156345,155
12120000,24240.000004020836,-204553.2276719208,297.7714367507132,155
12125000,24250.000004022873,-202987.13730671187,297.97571957601343,155
12130000,24260.00000402491,-204150.21231360547,297.10029917924436,155
12135000,24270.000004026948,-203374.73918076395,305.4885625868476,155
12140000,24280.000004028985,-203738.78407905984,301.65499058850367,155
12145000,24290.000004031022,-203881.1321180031,304.7466513274997,155
12150000,24300.00000403306,-204268.99003969575,298.8473041578755,155
12155000,24310.000004035097,-204596.9885533282,304.6034611568635,155
12160000,24320.000004037134,-204036.09256780427,299.99466803208395,155
12165000,24330.00000403917,-203506.0991904384,295.82426919706137,155
12170000,24340.00000404121,-204048.09748879983,297.021993149468,155
12175000,24350.000004043246,-203782.65691478224,301.90418460071965,155
12180000,24360.000004045283,-204093.46969988674,304.2371844684382,155
12185000,24370.00000404732,-203957.03425469622,297.76610634047165,155
12190000,24380.000004049358,-203470.8983294214,301.6444154878854,155
12195000,24390.000004051395,-203126.6197122814,297.33779495989995,155
12200000,24400.000004053432,-203678.8628031062,302.6029090636361,155
12205000,24410.00000405547,-203211.16942711966,304.35786763847045,155
12210000,24420.000004057507,-203972.94379405375,301.8378404581585,155
12215000,24430.000004059544,-204449.09180098842,298.64814554450845,155
12220000,24440.00000406158,-204539.36282755178,299.4309476204768,155
12225000,24450.00000406362,-204281.59138069896,299.2615774050223,155
12230000,24460.000004065656,-203954.73618432658,299.10111380396654,155
12235000,24470.000004067693,-203415.57099811384,295.5434097427295,155
12240000,24480.00000406973,-203318.29116288514,297.15848995414694,155
12245000,24490.000004071768,-204239.40134755487,298.32265606480456,155
12250000,24500.000004073805,-204023.76277638075,297.82418811476714,155
12255000,24510.000004075842,-203739.91660611634,297.6844561899508,155
12260000,24520.00000407788,-204875.2130451185,300.25039410201083,155
12265000,24530.000004079917,-203887.2308704775,300.5820672956799,155
12270000,24540.000004081954,-204101.0241472635,298.40448916920667,155
12275000,24550.00000408399,-203629.7841014465,297.8748156728088,155
12280000,24560.00000408603,-203373.61397799337,303.53869644996905,155
12285000,24570.000004088066,-204089.38705210795,300.18294982508206,155
12290000,24580.000004090103,-203330.94830530987,298.38355788855546,155
12295000,24590.00000409214,-204136.99319277809,301.83812961895404,155
12300000,24600.000004094178,-204603.27527528838,298.76474941755174,155
12305000,24610.000004096215,-203457.20186256408,299.7330260257672,155
12310000,24620.000004098252,-203676.07761964237,296.19231483233597,155
12315000,24630.00000410029,-203382.2834101239,297.3886073964736,155
12320000,24640.000004102327,-203464.16930837522,298.11265271435906,155
12325000,24650.000004104364,-203932.50718644785,298.46539472609055,155
12330000,24660.0000041064,-203412.11268054543,301.2365148555712,155
12335000,24670.00000410844,-204005.95167983358,299.30736188873385,155
12340000,24680.000004110476,-203393.0092263244,298.1723060909759,155
12345000,24690.000004112513,-203089.1675271747,299.2009722391124,155
12350000,24700.00000411455,-204069.90466203913,295.5441786497592,155
12355000,24710.000004116588,-203677.4060865714,290.57883814360395,155
12360000,24720.000004118625,-203616.75560355268,301.2746864647283,155
12365000,24730.000004120662,-203905.84907383448,302.3653134723552,155
12370000,24740.0000041227,-203929.02768900502,301.73073228918463,155
12375000,24750.000004124737,-203736.52147620392,300.6829153579514,155
12380000,24760.000004126774,-204031.85341562715,298.9468289520068,155
12385000,24770.00000412881,-203177.74279429426,304.83012394095,155
12390000,24780.00000413085,-203366.29019141325,306.12028295739583,155
12395000,24790.000004132886,-203424.6508823434,304.25305814751886,155
12400000,24800.000004134923,-204483.70293261053,303.14258432084546,155
12405000,24810.00000413696,-205151.56142957986,303.18488104621764,155
12410000,24820.000004138998,-203571.79445718986,300.48527002001794,155
12415000,24830.000004141035,-202872.61435044673,304.66818825133134,155
12420000,24840.000004143072,-203561.8621317686,301.1975867250388,155
12425000,24850.00000414511,-204055.12921640964,295.62507384307105,155
12430000,24860.000004147147,-204068.03620804846,301.9927757413074,155
12435000,24870.000004149184,-203368.1276787239,303.11548453609805,155
12440000,24880.00000415122,-204049.30565670156,300.17625929530044,155
12445000,24890.00000415326,-204425.22496000747,294.45846898187045,155
12450000,24900.000004155296,-204078.05109365098,305.078283195214,155
12455000,24910.000004157333,-203373.45737445832,295.42835564298514,155
12460000,24920.00000415937,-204377.52360237937,296.8924013695434,155
12465000,24930.000004161408,-204169.38041957188,301.27728434318516,155
12470000,24940.000004163445,-203608.44192537642,298.11997963370703,155
12475000,24950.000004165482,-203890.18184588,297.0414329740077,155
12480000,24960.00000416752,-203487.35602633597,299.6277624855246,155
12485000,24970.000004169557,-203813.59509309952,303.64861345556096,155
12490000,24980.000004171594,-203992.01084075007,300.91005273411963,155
12495000,24990.00000417363,-203761.9825550199,300.34238136522634,155
12500000,25000.00000417567,-203048.98567024316,299.979730125794,155
12505000,25010.000004177706,-203917.15157149453,304.0138970663539,155
12510000,25020.000004179743,-203317.83196958213,302.30264720621625,155
12515000,25030.00000418178,-204704.14612917707,296.4338519792726,155
12520000,25040.000004183818,-204078.131582301,300.18296960286915,155
12525000,25050.000004185855,-203569.96833814646,301.9083794974327,155
12530000,25060.000004187892,-203680.43589610816,298.0609515904041,155
12535000,25070.00000418993,-203323.5555215967,306.27896971402,155
12540000,25080.000004191967,-203303.07147633296,302.5958150691267,155
12545000,25090.000004194004,-204278.63800072216,302.1347605449627,155
12550000,25100.00000419604,-203510.30091694556,296.1937866378182,155
12555000,25110.00000419808,-203645.27479021915,299.938426351596,155
12560000,25120.000004200116,-203073.05710967758,299.73264491936544,155
12565000,25130.000004202153,-203842.89746576722,303.37011599792874,155
12570000,25140.00000420419,-204486.60659135366,302.8313420408634,155
12575000,25150.000004206227,-203515.16066027607,301.471541357407,155
12580000,25160.000004208265,-203425.82759672042,299.92313235507027,155
12585000,25170.000004210302,-203955.11100938963,306.3977584624222,155
12590000,25180.00000421234,-204319.6134280439,301.3039607766278,155
12595000,25190.000004214377,-204222.23149588017,298.42319863790425,155
12600000,25200.000004216414,-203795.7746673784,303.1275392546819,155
12605000,25210.00000421845,-204156.16436936066,299.2233072191154,155
12610000,25220.00000422049,-203956.641182962,302.4564595505441,155
12615000,25230.000004222526,-203921.96412191645,299.6468106193318,155
12620000,25240.000004224563,-203235.72978292103,300.4116920820706,155
12625000,25250.0000042266,-203911.09269446775,299.78810762056327,155
12630000,25260.000004228637,-203077.29123846744,293.7150603579067,155
12635000,25270.000004230675,-204298.56698624347,302.99632356553155,155
12640000,25280.000004232712,-204179.51726622332,302.25887212021786,155
12645000,25290.00000423475,-205019.68381136062,298.2221688208084,155
12650000,25300.000004236786,-203880.8455436877,298.92281267228475,155
12655000,25310.000004238824,-204086.49675211858,298.10155686313715,155
12660000,25320.00000424086,-203625.62271355337,298.50614501987076,155
12665000,25330.0000042429,-203814.2519574674,301.07338769890094,155
12670000,25340.000004244936,-202834.38169833797,302.7491406906685,155
12675000,25350.000004246973,-202984.00966512004,300.78550977908355,155
12680000,25360.00000424901,-204562.29047924152,295.18132837561507,155
12685000,25370.000004251047,-203454.43487177254,305.63558412994985,155
12690000,25380.000004253085,-203729.7824540391,299.38287032944265,155
12695000,25390.000004255122,-203141.9256997928,297.1492375406464,155
12700000,25400.00000425716,-204059.72569067904,299.02707350964147,155
12705000,25410.000004259196,-204390.6624535427,299.75647861576226,154
12710000,25420.000004261234,-203976.22134410322,300.4741390785391,154
12715000,25430.00000426327,-203521.72344837838,302.8867006578602,154
12720000,25440.00000426531,-203598.94193012558,301.96106187290223,154
12725000,25450.000004267346,-204418.13399249734,300.34554356180536,154
12730000,25460.000004269383,-203524.5621452228,298.77877302127456,154
12735000,25470.00000427142,-203516.00283641787,304.59259630386293,154
12740000,25480.000004273457,-203700.25450783456,303.629938502259,154
12745000,25490.000004275495,-204282.74153119035,299.1544415854118,154
12750000,25500.000004277532,-203683.70293098467,302.7294485678019,154
12755000,25510.00000427957,-203671.5397534381,298.27723161249196,154
12760000,25520.000004281606,-204170.43039484846,300.24022934480286,154
12765000,25530.000004283644,-204283.0554819823,303.21502081827697,154
12770000,25540.00000428568,-203157.1473253502,299.5020986346771,154
12775000,25550.00000428772,-204369.11082945694,301.42921723934535,154
12780000,25560.000004289755,-204347.2056851026,299.3764150743902,154
12785000,25570.000004291793,-203352.03749184893,298.54341070144943,154
12790000,25580.00000429383,-203241.2700096356,298.9953604670936,154
12795000,25590.000004295867,-203597.6091470268,302.35609688029973,154
12800000,25600.000004297905,-203896.34398598562,300.5731201417747,154
12805000,25610.00000429994,-204311.55820196716,299.0858271830109,154
12810000,25620.00000430198,-203705.9475231947,298.71319997764357,154
12815000,25630.000004304016,-203275.56627487123,297.7360887065231,154
12820000,25640.000004306054,-204298.175703672,302.98599045847595,154
12825000,25650.00000430809,-203393.97093695297,302.07047587809546,154
12830000,25660.000004310128,-203560.77365883044,303.1516249141686,154
12835000,25670.000004312165,-203493.03744383575,299.6871181902739,154
12840000,25680.000004314203,-203939.3958815639,299.3328661444982,154
12845000,25690.00000431624,-203962.39224289742,295.6768286191463,154
12850000,25700.000004318277,-203490.99279910128,302.8855988718636,154
12855000,25710.000004320314,-204163.18008855253,299.6014322617596,154
12860000,25720.00000432235,-203719.4693803374,301.24073197330915,154
12865000,25730.00000432439,-203387.18101082125,297.96445522267015,154
12870000,25740.000004326426,-203912.96620453254,300.5352364037511,154
12875000,25750.000004328464,-204201.38731645478,300.6024055679182,154
12880000,25760.0000043305,-203972.45907019125,299.21038953392105,154
12885000,25770.000004332538,-204098.6643918869,303.9870291227347,154
12890000,25780.000004334575,-203320.0625024807,298.9736881753573,154
12895000,25790.000004336613,-203997.53441733785,301.8975573632882,154
12900000,25800.00000433865,-204308.1513795989,302.8763294568197,154
12905000,25810.000004340687,-203317.8288501571,301.2304835101499,154
12910000,25820.000004342724,-203700.24201704026,300.7704908743562,154
12915000,25830.00000434476,-204006.7010628892,304.46437932201945,154
12920000,25840.0000043468,-203817.74605113664,304.4217607207489,154
12925000,25850.000004348836,-203756.34690442553,297.4862019758695,154
12930000,25860.000004350873,-204290.56078251253,301.8111794253115,154
12935000,25870.00000435291,-203305.67262121278,304.14022924797746,154
12940000,25880.000004354948,-204196.31067446817,299.3367168283082,154
12945000,25890.000004356985,-204332.74149303185,301.8728928835077,154
12950000,25900.000004359023,-204010.229428894,301.71730237187705,154
12955000,25910.00000436106,-203938.59150149836,300.31495955820384,154
12960000,25920.000004363097,-203281.60385659174,302.826134871359,154
12965000,25930.000004365134,-204021.75384718052,302.51461071494396,154
12970000,25940.00000436717,-204031.80899170355,302.9560497179207,154
12975000,25950.00000436921,-203852.81365923444,303.90829567305445,154
12980000,25960.000004371246,-204474.3102570481,298.8029300155323,154
12985000,25970.000004373283,-203321.53282122058,302.54912026824024,154
12990000,25980.00000437532,-204182.19591109047,301.41700773197647,154
12995000,25990.000004377358,-203737.71461848833,300.31403627314006,154
13000000,26000.000004379395,-204106.50343835866,296.9086194110503,154
13005000,26010.000004381433,-203471.42330573953,294.7195001834413,154
13010000,26020.00000438347,-203771.93539180292,304.1576002339255,154
13015000,26030.000004385507,-203528.05124987557,294.4217300837213,154
13020000,26040.000004387544,-204431.12199008907,296.7244554783136,154
13025000,26050.00000438958,-204052.72173381888,299.3126395376706,154
13030000,26060.00000439162,-203653.1226990011,303.917709384794,154
13035000,26070.000004393656,-203526.54968325433,302.35670111081356,154
13040000,26080.000004395693,-204136.9414124505,299.93926060280677,154
13045000,26090.00000439773,-204242.8451485834,302.11011704843304,154
13050000,26100.000004399768,-202958.45559825806,298.73377452164675,154
13055000,26110.000004401805,-204083.3225867945,296.7675267111603,154
13060000,26120.000004403842,-203482.42572702235,298.9620860370638,154
13065000,26130.00000440588,-204017.55870367982,297.23657179073024,154
13070000,26140.000004407917,-203749.18788586336,296.85322283566103,154
13075000,26150.000004409954,-202792.8172324656,298.0162533340791,154
13080000,26160.00000441199,-203578.00714484672,295.28567487245647,154
13085000,26170.00000441403,-203538.69013056194,302.07961174364965,154
13090000,26180.000004416066,-204394.44915900042,300.07601994010537,154
13095000,26190.000004418103,-203903.69514621783,305.2232535591905,154
13100000,26200.00000442014,-204298.57367996522,299.95207384648364,154
13105000,26210.000004422178,-203980.23238953296,305.5592995080176,154
13110000,26220.000004424215,-204218.0091797012,301.79752674020585,154
13115000,26230.000004426252,-204507.87339183537,296.09313458556676,154
13120000,26240.00000442829,-203290.47991331166,299.64212293043016,154
13125000,26250.000004430327,-203620.46013242647,305.0933237885975,154
13130000,26260.000004432364,-203736.55106294004,297.6796332232944,154
13135000,26270.0000044344,-203584.90579366917,304.8966336926363,154
13140000,26280.00000443644,-203600.5770276246,297.3868338657692,154
13145000,26290.000004438476,-203824.89513035002,296.98643901050815,154
13150000,26300.000004440513,-203944.4966815199,308.67359358033605,154
13155000,26310.00000444255,-203466.98434571084,301.07167326062745,154
13160000,26320.000004444588,-203458.15759430395,299.85033297300015,154
13165000,26330.000004446625,-203762.97123819462,300.913681392101,154
13170000,26340.000004448662,-203858.59464014217,300.0951573073708,154
13175000,26350.0000044507,-203568.15966692788,297.4870352834748,154
13180000,26360.000004452737,-203767.3508256285,301.5213536355651,154
13185000,26370.000004454774,-203987.79609198775,305.1446153368371,154
13190000,26380.00000445681,-204124.86676245672,300.5905959050369,154
13195000,26390.00000445885,-203916.99610899552,304.76313253674914,154
13200000,26400.000004460886,-203650.5370035573,303.9820394592067,154
13205000,26410.000004462923,-203589.36349941418,300.4281805404658,154
13210000,26420.00000446496,-203931.5066974617,304.5524767044587,154
13215000,26430.000004466998,-204307.9447214182,298.0518155566932,154
13220000,26440.000004469035,-203760.7166775564,299.72700238988324,154
13225000,26450.000004471072,-203994.22357582278,304.34085767257073,154
13230000,26460.00000447311,-204350.29856807122,299.90586110659996,154
13235000,26470.000004475147,-203973.96126783534,301.7105110082849,154
13240000,26480.000004477184,-204589.24674958852,300.6487926195678,154
13245000,26490.00000447922,-204333.79837626696,302.052891718068,154
13250000,26500.00000448126,-204358.92734675563,301.9828398418557,154
13255000,26510.000004483296,-204513.00075399922,296.1888099508175,154
13260000,26520.000004485333,-203881.45284814422,297.134026823261,154
13265000,26530.00000448737,-204345.1798014188,299.5517164063888,154
13270000,26540.000004489408,-203623.4260328866,302.6078941625046,154
13275000,26550.000004491445,-203660.96186995634,300.20024002125353,154
13280000,26560.000004493482,-204540.5385047216,304.44992723007414,154
13285000,26570.00000449552,-203101.2878357867,301.0575366819529,154
13290000,26580.000004497557,-204279.00003441842,301.80879769979515,154
13295000,26590.000004499594,-203584.61961496843,299.6605579087548,154
13300000,26600.00000450163,-203641.6361184587,299.8152727843179,154
13305000,26610.00000450367,-203854.30280146445,298.3819440344014,154
13310000,26620.000004505706,-203297.94233557605,297.7585802900526,154
13315000,26630.000004507743,-203307.62632525957,302.9144868185605,154
13320000,26640.00000450978,-203124.00885322783,297.0024943991984,154
13325000,26650.000004511818,-204638.72128487926,299.26031153070096,154
13330000,26660.000004513855,-204080.20807913633,301.81902138147706,154
13335000,26670.000004515892,-204392.7573535206,299.55298285611076,154
13340000,26680.00000451793,-203994.71359340742,301.2065144746625,154
13345000,26690.000004519967,-203612.9934678442,301.49759118101065,154
13350000,26700.000004522004,-203946.0787957058,302.56032604276527,154
13355000,26710.00000452404,-203626.8356319858,302.6649102778619,154
13360000,26720.00000452608,-203527.08854766877,296.942384393066,154
13365000,26730.000004528116,-203017.51157304214,295.84689172701894,154
13370000,26740.000004530153,-203884.30084410985,303.05716563777753,154
13375000,26750.00000453219,-203804.40698535834,296.9781779046059,154
13380000,26760.000004534228,-204063.11481412477,302.13947117583473,154
13385000,26770.000004536265,-204235.0799754723,299.388300870107,154
13390000,26780.000004538302,-203853.80894016242,302.41719201571124,154
13395000,26790.00000454034,-204124.45106378722,297.84500104996596,154
13400000,26800.000004542377,-203061.60577811138,304.3898496822746,154
13405000,26810.000004544414,-204110.369283461,297.8987546482596,154
13410000,26820.00000454645,-203589.88803499716,302.6639850303189,154
13415000,26830.00000454849,-204341.94869997015,301.491548554439,154
13420000,26840.000004550526,-203277.6400083619,301.44218025153555,154
13425000,26850.000004552563,-203622.24155346234,302.12997236163005,154
13430000,26860.0000045546,-203842.41646403226,302.9320533536822,154
13435000,26870.000004556638,-204631.61942589108,299.42065487210425,154
13440000,26880.000004558675,-203146.4314656948,297.3766669328014,154
13445000,26890.000004560712,-204074.63642329478,301.2440575099478,154
13450000,26900.00000456275,-203438.20928249566,301.6954434794735,154
13455000,26910.000004564787,-203946.5816007558,299.0683687943988,154
13460000,26920.000004566824,-203639.6792134064,296.78141535589884,154
13465000,26930.00000456886,-204379.60078589956,301.2216944397421,154
13470000,26940.0000045709,-203973.23942138138,303.54710994441115,154
13475000,26950.000004572936,-203699.50640772108,303.4431315985152,154
13480000,26960.000004574973,-204293.32108889055,300.6168244577059,154
13485000,26970.00000457701,-204088.00384911126,298.86497248264857,154
13490000,26980.000004579048,-203422.50247193116,299.9213854820475,154
13495000,26990.000004581085,-203756.61140039156,299.1553901090666,154
13500000,27000.000004583122,-203811.9182520192,300.06971866723944,154
13505000,27010.00000458516,-203128.42844443815,301.9694273734244,154
13510000,27020.000004587197,-204178.4752861068,299.35044963184833,154
13515000,27030.000004589234,-204745.72017652786,297.82415717175843,154
13520000,27040.00000459127,-203886.81856997625,295.43680171458914,154
13525000,27050.00000459331,-204040.14782169973,301.75692988135677,154
13530000,27060.000004595346,-204193.15553723613,301.0896494130138,154
13535000,27070.000004597383,-203650.7273430857,300.6257694958264,154
13540000,27080.00000459942,-204072.58649866597,297.6802738473622,154
13545000,27090.000004601457,-205026.33620777586,299.42392911941045,154
13550000,27100.000004603495,-203890.68986154604,301.3796373721271,154
13555000,27110.000004605532,-203767.14505285094,294.5211473453685,154
13560000,27120.00000460757,-204465.66438114573,300.137129699379,154
13565000,27130.000004609607,-204016.3729083134,296.1071637056017,154
13570000,27140.000004611644,-203636.02547396824,300.1275765788452,154
13575000,27150.00000461368,-203835.94358295063,303.9434465393329,154
13580000,27160.00000461572,-203404.7766554294,297.6437409368314,154
13585000,27170.000004617756,-203553.7970101072,302.55301932566044,154
13590000,27180.000004619793,-204203.93554002058,301.24076560311903,154
13595000,27190.00000462183,-203412.69636523572,295.985049212901,154
13600000,27200.000004623867,-204527.02770725323,301.79513618376404,154
13605000,27210.000004625905,-204108.9498907118,300.40194354878037,154
13610000,27220.000004627942,-203379.72726930457,299.3999465254185,154
13615000,27230.00000462998,-204227.7200576904,298.1978682096924,154
13620000,27240.000004632016,-203858.40421106783,301.10559242754084,154
13625000,27250.000004634054,-204517.20541068143,305.52401451059546,154
13630000,27260.00000463609,-203239.40528080508,296.94830019021003,154
13635000,27270.00000463813,-204250.03402225673,297.59360412691825,154
13640000,27280.000004640166,-203997.25544824929,294.5708311616231,154
13645000,27290.000004642203,-203934.29535234778,303.6927792874836,154
13650000,27300.00000464424,-203313.9227195694,304.050110748774,154
13655000,27310.000004646277,-204311.11085165525,302.80789223677795,154
13660000,27320.000004648315,-203769.69569282606,298.66929526578275,154
13665000,27330.000004650352,-202919.77565057937,300.5609923889709,154
13670000,27340.00000465239,-204328.95590143034,304.36696066465976,153
13675000,27350.000004654426,-203291.14714161854,302.2362399153269,153
13680000,27360.000004656464,-202904.68073070177,305.1460017080345,153
13685000,27370.0000046585,-203861.43889409804,299.6085164733265,153
13690000,27380.00000466054,-203850.6932966651,298.812282378221,153
13695000,27390.000004662576,-203528.35416232154,302.802616126412,153
13700000,27400.000004664613,-203640.50667992956,302.5712361278614,153
13705000,27410.00000466665,-205123.18899752188,303.30384889355247,153
13710000,27420.000004668687,-204162.70200510486,294.3466618760968,153
13715000,27430.000004670725,-204144.044736339,307.5045901420466,153
13720000,27440.000004672762,-204057.49475586764,296.0132347485561,153
13725000,27450.0000046748,-203165.51689738582,303.7269142010415,153
13730000,27460.000004676836,-204214.9220733618,301.838947068044,153
13735000,27470.000004678874,-203866.11035311746,301.75567857368196,153
13740000,27480.00000468091,-203513.3233225781,299.4256276911815,153
13745000,27490.00000468295,-203086.7168902423,301.3203020214316,153
13750000,27500.000004684985,-203709.3515707875,300.72506952724643,153
13755000,27510.000004687023,-203763.4370361712,302.7855879121042,153
13760000,27520.00000468906,-203939.03370243672,296.3680429299819,153
13765000,27530.000004691097,-204147.8032927598,303.9335766598929,153
13770000,27540.000004693135,-203745.45677853783,294.68931910329434,153
13775000,27550.00000469517,-204113.88960923173,297.7922157935995,153
13780000,27560.00000469721,-203470.75965212833,302.9015692885333,153
13785000,27570.000004699246,-203648.1626174366,300.98735717456907,153
13790000,27580.000004701284,-203949.8294896508,299.43037110961325,153
13795000,27590.00000470332,-203368.1734713544,305.23411550284163,153
13800000,27600.000004705358,-203709.79934848764,300.9672377528465,153
13805000,27610.000004707395,-203361.1112473117,302.786097748584,153
13810000,27620.000004709433,-203973.41318321426,300.5990519782859,153
13815000,27630.00000471147,-203304.2570852926,296.30206844650684,153
13820000,27640.000004713507,-204310.69042384264,302.0946486561743,153
13825000,27650.000004715544,-203859.53193263197,290.9681271219413,153
13830000,27660.00000471758,-203871.1632593606,301.52460963063413,153
13835000,27670.00000471962,-203698.7300027588,298.712674823938,153
13840000,27680.000004721656,-203912.88482859882,296.5355598045911,153
13845000,27690.000004723694,-203885.1861401857,299.6581141132452,153
13850000,27700.00000472573,-204233.6704129771,300.256367672286,153
13855000,27710.000004727768,-204761.61976440577,295.52276239483297,153
13860000,27720.000004729805,-204059.1915170789,301.0271634347696,153
13865000,27730.000004731843,-204080.67609246762,306.10361470861966,153
13870000,27740.00000473388,-203688.66361825925,299.8464236314641,153
13875000,27750.000004735917,-204068.04473199917,299.3403054459458,153
13880000,27760.000004737954,-203756.95627605182,298.29259662192965,153
13885000,27770.00000473999,-203617.60281083907,299.8126331899105,153
13890000,27780.00000474203,-203809.28939462488,300.6475043805335,153
13895000,27790.000004744066,-203616.17814550968,296.2831364447854,153
13900000,27800.000004746104,-203695.87236000795,299.52810332207423,153
13905000,27810.00000474814,-204647.43107473606,301.6705142699338,153
13910000,27820.000004750178,-203196.53827185335,300.42020881572023,153
13915000,27830.000004752215,-203698.4861468483,303.1986860997861,153
13920000,27840.000004754253,-203812.20381778944,300.04627168918955,153
13925000,27850.00000475629,-203623.97120432404,305.64979593531814,153
13930000,27860.000004758327,-203694.85393214552,302.1358337889121,153
13935000,27870.000004760364,-203964.065787588,306.2221592959905,153
13940000,27880.0000047624,-204033.77857173828,299.6781584687486,153
13945000,27890.00000476444,-203859.56058912398,299.99121445645056,153
13950000,27900.000004766476,-203928.73178465967,296.2174673582815,153
13955000,27910.000004768513,-203413.5362202332,304.30000379212873,153
13960000,27920.00000477055,-203743.6107249799,306.2874921162412,153
13965000,27930.000004772588,-204094.4540191202,302.84302533255277,153
13970000,27940.000004774625,-203446.32992679125,300.5334787499187,153
13975000,27950.000004776663,-204299.30018253287,299.04317270801596,153
13980000,27960.0000047787,-203284.2038759885,301.61031550821497,153
13985000,27970.000004780737,-204199.75426539,295.2899018617189,153
13990000,27980.000004782774,-203535.21904140385,305.5539000597333,153
13995000,27990.00000478481,-203283.94112868118,301.06796970616944,153
14000000,28000.00000478685,-203497.7547519846,303.16990884966094,153
14005000,28010.000004788886,-203659.29025105783,299.380161634631,153
14010000,28020.000004790923,-203688.03988872806,298.809939816007,153
14015000,28030.00000479296,-204709.08575914009,297.2604361597989,153
14020000,28040.000004794998,-204134.9867754851,300.48587928512944,153
14025000,28050.000004797035,-204515.2198546764,295.90846395185275,153
14030000,28060.000004799072,-202865.92900146532,300.1912723357902,153
14035000,28070.00000480111,-203229.58202345786,299.34419449868346,153
14040000,28080.000004803147,-203114.18488582317,299.64690779764817,153
14045000,28090.000004805184,-204610.44808095205,303.14993476064336,153
14050000,28100.00000480722,-203297.970095761,301.8681577632813,153
14055000,28110.00000480926,-204123.42928715015,302.2094669699722,153
14060000,28120.000004811296,-203795.80265634798,300.2208521954663,153
14065000,28130.000004813333,-203317.12558731704,299.6575538863262,153
14070000,28140.00000481537,-203974.2417181076,298.7141891061495,153
14075000,28150.000004817408,-204275.21616551443,301.8084512514018,153
14080000,28160.000004819445,-203686.10276229517,301.23540741708223,153
14085000,28170.000004821482,-204732.9099024547,299.3385425274293,153
14090000,28180.00000482352,-203585.4713066765,297.0004480852546,153
14095000,28190.000004825557,-203739.95986378216,300.180130940785,153
14100000,28200.000004827594,-204431.41588165786,303.1564460348111,153
14105000,28210.00000482963,-203097.5904677026,301.6950389580978,153
14110000,28220.00000483167,-204438.83549067774,299.5610416429996,153
14115000,28230.000004833706,-204055.58349714417,301.45495545071435,153
14120000,28240.000004835743,-204435.4422246305,298.6010330672418,153
14125000,28250.00000483778,-203782.02156335197,299.5425478733785,153
14130000,28260.000004839818,-204382.55272648565,301.164422306583,153
14135000,28270.000004841855,-203454.0487287772,299.4758436549274,153
14140000,28280.000004843892,-203142.85085871257,299.6568501874505,153
14145000,28290.00000484593,-203975.4987751539,301.3148863873567,153
14150000,28300.000004847967,-203968.25658798742,301.0720453842272,153
14155000,28310.000004850004,-203540.51365091943,298.03921242626114,153
14160000,28320.00000485204,-203891.3589204403,302.7158408858517,153
14165000,28330.00000485408,-204028.15086636308,300.4280164026703,153
14170000,28340.000004856116,-202457.70254558965,302.3437078813513,153
14175000,28350.000004858153,-204852.37392557866,300.9558987363709,153
14180000,28360.00000486019,-203585.69508098206,304.62017248450763,153
14185000,28370.000004862228,-204141.69500063045,301.3627908156956,153
14190000,28380.000004864265,-203091.07399983192,296.3903759267872,153
14195000,28390.000004866302,-203349.85760209977,300.93363871051866,153
14200000,28400.00000486834,-203874.78214696143,297.80784577614725,153
14205000,28410.000004870377,-203585.69365040713,300.250108166621,153
14210000,28420.000004872414,-203485.9491869777,300.1178169505454,153
14215000,28430.00000487445,-203954.41409375623,307.14693883063285,153
14220000,28440.00000487649,-204072.17816259968,303.5562923269988,153
14225000,28450.000004878526,-203945.06525623333,299.3459466162969,153
14230000,28460.000004880563,-204187.25644190062,301.098492970091,153
14235000,28470.0000048826,-203212.44555512734,296.88208045814105,153
14240000,28480.000004884638,-204045.79396672186,298.9034001911809,153
14245000,28490.000004886675,-204258.80995614943,299.96586658674545,153
14250000,28500.000004888712,-204125.62148562248,298.6080795275285,153
14255000,28510.00000489075,-203702.97111935122,301.28634588919675,153
14260000,28520.000004892787,-203869.3527725892,303.7180789841212,153
14265000,28530.000004894824,-203347.14762215514,303.06919209351327,153
14270000,28540.00000489686,-204449.07336139388,301.5082344378308,153
14275000,28550.0000048989,-203573.06479536754,300.93529934425925,153
14280000,28560.000004900936,-204217.06389678933,298.87627408934173,153
14285000,28570.000004902973,-203400.53493831633,302.2751458959196,153
14290000,28580.00000490501,-204652.5616739632,303.8739788465396,153
14295000,28590.000004907048,-204246.75084273878,298.8525244361913,153
14300000,28600.000004909085,-204441.8085906183,304.5546575557755,153
14305000,28610.000004911122,-204936.87272110698,302.65909386502364,153
14310000,28620.00000491316,-203661.12291991257,304.5303683149919,153
14315000,28630.000004915197,-204099.3435983886,299.2322429040964,153
14320000,28640.000004917234,-203355.46885922714,304.40773419701264,153
14325000,28650.00000491927,-203961.5615491079,300.77801765038333,153
14330000,28660.00000492131,-204148.9429063961,298.454430278266,153
14335000,28670.000004923346,-203667.60249463003,301.7611650904432,153
14340000,28680.000004925383,-203924.13991180342,294.5697408606454,153
14345000,28690.00000492742,-203468.41090735362,299.8500927163658,153
14350000,28700.000004929458,-203679.139282375,302.0060382701319,153
14355000,28710.000004931495,-203954.66451576352,299.63191887014455,153
14360000,28720.000004933532,-204132.96333036327,297.71365280944894,153
14365000,28730.00000493557,-203865.36972666252,302.75281262972806,153
14370000,28740.000004937607,-205171.32878966432,299.1558842446351,153
14375000,28750.000004939644,-204051.13581344625,298.15923479025787,153
14380000,28760.00000494168,-203970.07872163435,297.18159065098877,153
14385000,28770.00000494372,-204036.94058605412,300.30861715245396,153
14390000,28780.000004945756,-203491.49044015608,298.7672919340061,153
14395000,28790.000004947793,-203590.71797325648,301.15901310983025,153
14400000,28800.00000494983,-204111.92985550605,298.03632600578044,153
14405000,28810.000004951868,-204219.96921312914,303.5209203686316,153
14410000,28820.000004953905,-204412.51057523338,297.7376202657752,153
14415000,28830.000004955942,-203878.39143575646,301.0011261771755,153
14420000,28840.00000495798,-204519.50768586644,300.55771909951983,153
14425000,28850.000004960017,-203651.4787421052,306.56951188608537,153
14430000,28860.000004962054,-203103.84480519372,307.1592636669964,153
14435000,28870.00000496409,-204115.41899201064,295.8326517622337,153
14440000,28880.00000496613,-204154.5286015364,303.153119004994,153
14445000,28890.000004968166,-203089.20958102646,300.2742730534279,153
14450000,28900.000004970203,-203922.3605650724,300.0979089144991,153
14455000,28910.00000497224,-203718.40629557834,299.0711639871202,153
14460000,28920.000004974278,-203191.12180125655,300.1812989011432,153
14465000,28930.000004976315,-204180.93243969965,298.94748684986126,153
14470000,28940.000004978352,-203559.1513828364,301.22109955914465,153
14475000,28950.00000498039,-204461.25533502258,296.7531997484659,153
14480000,28960.000004982427,-203336.8324136919,303.1856485005589,153
14485000,28970.000004984464,-203959.7662913322,298.0953388356964,153
14490000,28980.0000049865,-203908.55366926,295.66282472130507,153
14495000,28990.00000498854,-203679.60617556062,300.2740600068761,153
14500000,29000.000004990576,-203869.46721933596,295.43915133839613,153
14505000,29010.000004992613,-203294.3999101494,299.1930644711608,153
14510000,29020.00000499465,-205022.3920387125,291.4656536956675,153
14515000,29030.000004996687,-203191.4726808773,300.48580314079817,153
14520000,29040.000004998725,-203757.44240801374,292.126921692528,153
14525000,29050.000005000762,-203416.60753053415,295.9505100034877,153
14530000,29060.0000050028,-203616.90671001724,301.96649145214514,153
14535000,29070.000005004837,-204112.99038521375,302.7530146191317,153
14540000,29080.000005006874,-204020.83298893063,299.6345976560912,153
14545000,29090.00000500891,-203052.86899956118,301.1522603513183,153
14550000,29100.00000501095,-203882.45567923854,299.88253946877455,153
14555000,29110.000005012986,-203853.38540007046,298.6967550815108,153
14560000,29120.000005015023,-203362.9625830946,296.9019383199136,153
14565000,29130.00000501706,-203761.0159942609,299.7881778160873,153
14570000,29140.000005019097,-203717.51691963105,297.1914920358305,153
14575000,29150.000005021135,-203469.6687150345,300.1315797138769,153
14580000,29160.000005023172,-203313.444026186,301.29385911968154,153
14585000,29170.00000502521,-203593.42655240267,301.9623378033279,153
14590000,29180.000005027247,-203137.0781873332,300.05877170435053,153
14595000,29190.000005029284,-203563.34770331206,304.23269094254607,153
14600000,29200.00000503132,-203635.1831755268,298.7397617497403,153
14605000,29210.00000503336,-203314.38859089522,302.66790815277415,153
14610000,29220.000005035396,-204045.99368137016,303.0686028729716,153
14615000,29230.000005037433,-204164.64557258575,296.4695883557761,153
14620000,29240.00000503947,-203563.23498840886,295.02629338824056,153
14625000,29250.000005041507,-204188.76978981541,299.9052435383543,153
14630000,29260.000005043545,-203012.69521792757,304.0676280871011,153
14635000,29270.000005045582,-204522.30905975366,305.2723302381232,153
14640000,29280.00000504762,-204296.65919548983,303.7452760547761,153
14645000,29290.000005049656,-203987.83181944943,303.6692331077994,153
14650000,29300.000005051694,-204291.73359882412,294.87417296138574,153
14655000,29310.00000505373,-203501.6986289973,301.01373370923346,153
14660000,29320.00000505577,-203336.22513815493,300.1452486064732,153
14665000,29330.000005057806,-203132.71653059777,301.0647417552261,153
14670000,29340.000005059843,-203437.029705161,304.89210244002425,153
14675000,29350.00000506188,-203756.81818352547,300.1007853307236,153
14680000,29360.000005063917,-204606.77677365055,300.29761248188083,153
14685000,29370.000005065955,-203559.13640889258,301.1134442907075,153
14690000,29380.000005067992,-204017.11259545584,300.4102126391831,153
14695000,29390.00000507003,-203714.74360553385,297.4140659660594,153
14700000,29400.000005072066,-204325.4008199036,292.96140791753874,153
14705000,29410.000005074104,-204128.36816254747,300.89598152476566,153
14710000,29420.00000507614,-204004.1987592437,297.9526424707178,153
14715000,29430.00000507818,-203762.08397020935,299.5947538498504,153
14720000,29440.000005080215,-203571.29982494726,299.26958915650374,153
14725000,29450.000005082253,-202851.36417087005,297.0101762231983,153
14730000,29460.00000508429,-203797.7901635127,303.5854369399269,153
14735000,29470.000005086327,-203006.3510518222,297.7014563326757,153
14740000,29480.000005088365,-204242.97350152873,300.61110238247744,153
14745000,29490.000005090402,-203642.61140614864,301.95765390346514,153
14750000,29500.00000509244,-204141.55492002645,299.5464673229911,153
14755000,29510.000005094476,-204424.44233190292,299.36180342279994,153
14760000,29520.000005096514,-203779.79331787326,297.7505922963448,153
14765000,29530.00000509855,-203577.41204633052,303.09865258131373,153
14770000,29540.000005100588,-203964.43985421665,301.90069054545455,153
14775000,29550.000005102625,-204366.20383639017,297.50715703505654,153
14780000,29560.000005104663,-204229.8707312441,299.02130437763185,153
14785000,29570.0000051067,-203906.4807048171,305.06459671825183,153
14790000,29580.000005108737,-203957.04554895812,295.64520896456094,153
14795000,29590.000005110775,-203381.50299687218,298.9724900179848,153
14800000,29600.00000511281,-203464.57055988023,299.8210660069491,153
14805000,29610.00000511485,-203772.06740554655,305.7794567473659,153
14810000,29620.000005116886,-203702.57934623247,301.8487456243069,153
14815000,29630.000005118924,-204012.27036277426,296.61912044701137,153
14820000,29640.00000512096,-204125.1754729367,300.750876057866,152
14825000,29650.000005122998,-204001.06220078713,300.94878564780487,152
14830000,29660.000005125035,-203736.5368286795,298.04530681074743,152
14835000,29670.000005127073,-204157.10706447274,303.914300244725,152
14840000,29680.00000512911,-203394.979654285,309.3534839845993,152
14845000,29690.000005131147,-203321.59334281145,301.3556332215238,152
14850000,29700.000005133184,-203895.19897153403,300.6281779822457,152
14855000,29710.00000513522,-204294.522126402,299.52531554336446,152
14860000,29720.00000513726,-203717.34108504234,303.2801109671834,152
14865000,29730.000005139296,-203503.33241473755,301.7512914991651,152
14870000,29740.000005141334,-203658.23940467765,299.5215941074876,152
14875000,29750.00000514337,-204519.33757682447,300.4621336203147,152
14880000,29760.000005145408,-204112.2650340331,302.6535454414781,152
14885000,29770.000005147445,-203857.14984600188,300.20143036679565,152
14890000,29780.000005149483,-204507.68039056053,299.0137676878832,152
14895000,29790.00000515152,-203717.6232552937,296.1113606102815,152
14900000,29800.000005153557,-204694.42651544604,301.87666670208756,152
14905000,29810.000005155594,-204180.13299484586,301.7951896608334,152
14910000,29820.00000515763,-203652.43441295065,303.02535527270504,152
14915000,29830.00000515967,-204520.22455867077,303.9373160878676,152
14920000,29840.000005161706,-204498.58518105443,305.56440673848863,152
14925000,29850.000005163743,-203941.4679877475,303.95339772300605,152
14930000,29860.00000516578,-203966.56232660532,303.45814630947694,152
14935000,29870.000005167818,-204297.73290800757,305.0977598181125,152
14940000,29880.000005169855,-203637.73450677155,299.46428549460336,152
14945000,29890.000005171893,-203404.97350390872,303.25464796374735,152
14950000,29900.00000517393,-203838.67897364823,299.2693569799492,152
14955000,29910.000005175967,-204553.6224859975,297.9989999632571,152
14960000,29920.000005178004,-203995.71700238262,300.9829969306829,152
14965000,29930.00000518004,-204339.7636979638,302.14383919738106,152
14970000,29940.00000518208,-203374.05970373517,300.11502346344855,152
14975000,29950.000005184116,-204037.3388367385,300.6912660263208,152
14980000,29960.000005186153,-203766.15083461988,296.30201504429016,152
14985000,29970.00000518819,-204491.13005309377,297.39767759434653,152
14990000,29980.000005190228,-204066.04841115593,303.59896880929284,152
14995000,29990.000005192265,-204201.1220433322,301.6364800250929,152
15000000,30000.000005194303,-203710.4806625878,297.0599259538798,152
15005000,30010.00000519634,-204085.460387546,297.12219215655324,152
15010000,30020.000005198377,-203586.6086894347,303.59153179776365,152
15015000,30030.000005200414,-204191.61046713917,295.77565636090077,152
15020000,30040.00000520245,-204660.2128729067,299.13772456780293,152
15025000,30050.00000520449,-203711.48828152753,302.6413619908908,152
15030000,30060.000005206526,-203453.43893866148,297.5811877929208,152
15035000,30070.000005208563,-204001.2672244358,297.98454985361207,152
15040000,30080.0000052106,-203307.24368337775,300.71931847128764,152
15045000,30090.000005212638,-204046.60536458646,308.05724797703374,152
15050000,30100.000005214675,-203363.17258790962,299.5829284920118,152
15055000,30110.000005216712,-204945.26756040787,300.45160100868145,152
15060000,30120.00000521875,-204235.9535142585,299.80976130312166,152
15065000,30130.000005220787,-204426.70509475062,302.4135789344278,152
15070000,30140.000005222824,-204233.19218913512,298.82596512928393,152
15075000,30150.00000522486,-204412.04997019318,304.8174585719763,152
15080000,30160.0000052269,-204169.40169064887,302.31187627979654,152
15085000,30170.000005228936,-203633.25059878803,300.7842963845696,152
15090000,30180.000005230973,-203694.07756426756,299.0440678726489,152
15095000,30190.00000523301,-204004.68402975588,301.03957244557097,152
15100000,30200.000005235048,-203827.61087747046,301.12410099939814,152
15105000,30210.000005237085,-203823.98373610282,299.3285934567894,152
15110000,30220.000005239122,-203557.23915675317,301.68546389904947,152
15115000,30230.00000524116,-204140.76754468784,302.11645286348994,152
15120000,30240.000005243197,-203876.90855945938,296.1544535557372,152
15125000,30250.000005245234,-204073.89466084493,299.1423613608898,152
15130000,30260.00000524727,-204402.63211494137,299.68170610246307,152
15135000,30270.00000524931,-203570.34026817197,298.04813515020254,152
15140000,30280.000005251346,-203478.762058474,299.19213766987906,152
15145000,30290.000005253383,-203796.44120494183,301.14333079631405,152
15150000,30300.00000525542,-204071.77987840434,298.7945347136255,152
15155000,30310.000005257458,-203853.79292980162,302.41662173936226,152
15160000,30320.000005259495,-204592.26446461072,297.50074346252114,152
15165000,30330.000005261532,-203640.34670875059,299.62056680949274,152
15170000,30340.00000526357,-203084.74774275545,299.187422813882,152
15175000,30350.000005265607,-203577.18861840444,301.40794863523143,152
15180000,30360.000005267644,-204800.32382123417,294.8832950265327,152
15185000,30370.00000526968,-203725.79108064645,295.2924936721249,152
15190000,30380.00000527172,-203650.29269790777,302.15852630581486,152
15195000,30390.000005273756,-203692.20077364543,295.3220959153907,152
15200000,30400.000005275793,-203534.62536808266,301.03016427290623,152
15205000,30410.00000527783,-203797.42655759118,298.6793804425589,152
15210000,30420.000005279868,-203963.44041987509,300.26529244988336,152
15215000,30430.000005281905,-203776.2389739952,301.382980492143,152
15220000,30440.000005283942,-203205.7954166591,299.54388116088603,152
15225000,30450.00000528598,-203844.85161662812,298.07168703883474,152
15230000,30460.000005288017,-203939.32638677652,298.9542562840948,152
15235000,30470.000005290054,-203865.17032322602,305.9755234751612,152
15240000,30480.00000529209,-203799.51711885817,300.21853268267705,152
15245000,30490.00000529413,-204514.0919544393,301.6434338894754,152
15250000,30500.000005296166,-203867.53669687465,297.71524997757865,152
15255000,30510.000005298203,-204309.1428843846,299.9174518406803,152
15260000,30520.00000530024,-204653.76226668747,297.07203200954245,152
15265000,30530.000005302278,-203375.7420405954,303.714557276544,152
15270000,30540.000005304315,-204128.22924860835,301.1496743362459,152
15275000,30550.000005306352,-203795.82687564997,305.48212481830757,152
15280000,30560.00000530839,-205035.6839889579,302.40171264602105,152
15285000,30570.000005310427,-203762.07932945364,304.2430987251428,152
15290000,30580.000005312464,-203332.97805295943,300.12725356940234,152
15295000,30590.0000053145,-204275.12935021915,301.6409923774321,152
15300000,30600.00000531654,-203767.4130614876,294.0793997369312,152
15305000,30610.000005318576,-203613.80444258195,298.3613286053283,152
15310000,30620.000005320613,-203235.88217372145,302.97181754116866,152
15315000,30630.00000532265,-203809.88145388872,293.9565040997238,152
15320000,30640.000005324688,-202988.8229906106,300.515440045048,152
15325000,30650.000005326725,-204387.5060431608,300.6959167806827,152
15330000,30660.000005328762,-203779.92325333226,301.75194512063604,152
15335000,30670.0000053308,-203665.5015346097,299.538872149645,152
15340000,30680.000005332837,-203841.72008247604,299.1019515781302,152
15345000,30690.000005334874,-204411.39475195145,293.4485747644171,152
15350000,30700.00000533691,-203483.74785052438,294.49111634703917,152
15355000,30710.00000533895,-203786.62697810645,302.6775956105583,152
15360000,30720.000005340986,-203518.31688204955,301.1586831383206,152
15365000,30730.000005343023,-203006.9121051588,302.51238797619254,152
15370000,30740.00000534506,-203242.1341903581,304.13875868593004,152
15375000,30750.000005347098,-204007.58397114289,300.3816745520845,152
15380000,30760.000005349135,-203308.80843278882,299.1629303506982,152
15385000,30770.000005351172,-203606.05973883346,301.61538590779537,152
15390000,30780.00000535321,-203899.42993678094,296.90100713620023,152
15395000,30790.000005355247,-203229.97584997746,303.37786739281705,152
15400000,30800.000005357284,-204470.69610552944,304.02388520153653,152
15405000,30810.00000535932,-204076.3170020798,296.04404451648674,152
15410000,30820.00000536136,-204002.01916660857,297.8199755750726,152
15415000,30830.000005363396,-204115.18452573405,299.4082316379294,152
15420000,30840.000005365433,-203970.66948315734,293.9119629844823,152
15425000,30850.00000536747,-204172.58916617604,299.59850764195323,152
15430000,30860.000005369508,-204392.91426773672,300.50457860320404,152
15435000,30870.000005371545,-203983.62856030324,302.0439082566695,152
15440000,30880.000005373582,-203346.63981847698,300.5631764461406,152
15445000,30890.00000537562,-204906.23724749708,296.50007792378693,152
15450000,30900.000005377657,-203306.91084186838,300.21306211915794,152
15455000,30910.000005379694,-203892.6509106214,299.6706026337235,152
15460000,30920.00000538173,-204311.0630764052,303.14742993766646,152
15465000,30930.00000538377,-204331.12405787036,300.5022726191229,152
15470000,30940.000005385806,-203457.4652167086,299.936581224645,152
15475000,30950.000005387843,-204181.00977655489,300.91926241859954,152
15480000,30960.00000538988,-204310.2090819528,296.9717304907056,152
15485000,30970.000005391918,-203126.32695747353,300.90085945431713,152
15490000,30980.000005393955,-203851.76252128487,299.1868306178006,152
15495000,30990.000005395992,-203875.7729171199,298.8868415933616,152
15500000,31000.00000539803,-204459.963212159,298.46342817369367,152
15505000,31010.000005400067,-203635.93966777402,301.83986959654464,152
15510000,31020.000005402104,-203217.96925605566,304.0164077828263,152
15515000,31030.00000540414,-203889.89624532172,300.7521044925821,152
15520000,31040.00000540618,-203860.46856290987,299.31604514842127,152
15525000,31050.000005408216,-203653.06008673972,299.47323508055865,152
15530000,31060.000005410253,-204198.5666330614,299.82930015552563,152
15535000,31070.00000541229,-204047.5048145029,297.4449209087433,152
15540000,31080.000005414327,-203966.58121051383,300.0108100822079,152
15545000,31090.000005416365,-203737.36031728773,298.6999817037477,152
15550000,31100.000005418402,-204204.45739818853,299.7702120898642,152
15555000,31110.00000542044,-204550.3472267465,297.5701124223422,152
15560000,31120.000005422477,-203742.70745114028,303.32929185691347,152
15565000,31130.000005424514,-203885.6471482839,294.51580967955493,152
15570000,31140.00000542655,-204486.1924912032,303.42642112835375,152
15575000,31150.00000542859,-204062.08710633544,304.46846457594205,152
15580000,31160.000005430626,-203588.38230002148,301.72397557074953,152
15585000,31170.000005432663,-204242.6742591702,300.6920916739134,152
15590000,31180.0000054347,-203918.9501037273,296.2634034790217,152
15595000,31190.000005436737,-203395.42300049274,296.56347522659524,152
15600000,31200.000005438775,-203196.92446330865,302.06260914872587,152
15605000,31210.000005440812,-204121.60156431282,297.2481524460006,152
15610000,31220.00000544285,-204263.5677216294,302.13048101527454,152
15615000,31230.000005444886,-204269.42792784714,302.3342579221526,152
15620000,31240.000005446924,-203730.1295474742,298.4008721566708,152
15625000,31250.00000544896,-203509.6879931261,300.96420543121627,152
15630000,31260.000005451,-203885.1450919098,300.9324488993019,152
15635000,31270.000005453036,-203901.90367486048,301.5090403367253,152
15640000,31280.000005455073,-202990.22877504933,300.88829824686053,152
15645000,31290.00000545711,-204041.63697042072,297.8404303018496,152
15650000,31300.000005459147,-204091.9318486154,301.5430101818929,152
15655000,31310.000005461185,-204410.40383517265,304.82377158835425,152
15660000,31320.000005463222,-203530.00547936407,302.6193872551474,152
15665000,31330.00000546526,-204612.2611877179,301.31599544810706,152
15670000,31340.000005467296,-203650.7397580722,301.45208565705434,152
15675000,31350.000005469334,-204598.9737511929,302.5216968401135,152
15680000,31360.00000547137,-203412.54256986326,298.2405612146198,152
15685000,31370.00000547341,-202955.78317760164,299.680837944807,152
15690000,31380.000005475446,-204429.2685204635,301.32762996906723,152
15695000,31390.000005477483,-204267.1375187895,294.97896539968355,152
15700000,31400.00000547952,-203990.52387006895,301.2615222218439,152
15705000,31410.000005481557,-204000.80611889402,302.28868286929116,152
15710000,31420.000005483595,-204132.6869514382,298.7581209852223,152
15715000,31430.000005485632,-203468.07502474345,297.46168313478455,152
15720000,31440.00000548767,-204355.14134427416,299.7319622616934,152
15725000,31450.000005489706,-204435.1512268287,296.58466554027933,152
15730000,31460.000005491744,-204130.4804707229,302.56731854618147,152
15735000,31470.00000549378,-204060.19672273519,296.90476668806537,152
15740000,31480.00000549582,-204323.25604270305,298.91787030908023,152
15745000,31490.000005497855,-203253.64872522827,295.3576237412965,152
15750000,31500.000005499893,-203426.3791683938,303.3797570881269,152
15755000,31510.00000550193,-204046.0896917208,302.376652999441,152
15760000,31520.000005503967,-203935.30130713864,300.8838737468795,152
15765000,31530.000005506005,-203850.87842293736,301.36472058308436,152
15770000,31540.00000550804,-204098.60113169963,296.4986929981493,152
15775000,31550.00000551008,-203393.54659246502,296.85802451727835,152
15780000,31560.000005512116,-204080.95819209015,296.5444353620997,152
15785000,31570.000005514154,-203974.1518254917,298.0044291001895,152
15790000,31580.00000551619,-204167.97539335466,301.7339866349977,152
15795000,31590.000005518228,-203542.7881087158,301.1896221639069,152
15800000,31600.000005520265,-204005.18784875714,296.4974555824268,152
15805000,31610.000005522303,-204358.96840754163,301.8633320857743,152
15810000,31620.00000552434,-203091.69848118583,297.24820907330644,152
15815000,31630.000005526377,-204080.0798183462,299.7295044567592,152
15820000,31640.000005528414,-203806.3402404032,301.11133602896103,152
15825000,31650.00000553045,-203204.5823363777,300.0547980000971,152
15830000,31660.00000553249,-204398.43406835326,301.731251289637,152
15835000,31670.000005534526,-204326.0201153619,301.98295821921056,152
15840000,31680.000005536564,-204011.22736706352,298.01372083149494,152
15845000,31690.0000055386,-204077.9297565854,297.7162592240557,152
15850000,31700.000005540638,-204078.58444973256,300.9741484339067,152
15855000,31710.000005542675,-204887.09173952416,300.1631641245107,152
15860000,31720.000005544713,-203699.67407824972,304.66374572475604,152
15865000,31730.00000554675,-202939.81123796105,299.82002817226834,152
15870000,31740.000005548787,-204190.79576884897,300.380274482898,152
15875000,31750.000005550824,-203490.26539492805,302.196900432123,152
15880000,31760.00000555286,-204038.9485277756,300.74894432404216,152
15885000,31770.0000055549,-203342.61173232226,302.64264327555804,152
15890000,31780.000005556936,-204825.70569204888,297.6434546588325,152
15895000,31790.000005558973,-203866.54379481927,301.6901059248768,152
15900000,31800.00000556101,-204234.04061037872,301.1128328432855,152
15905000,31810.000005563048,-204149.2212369853,301.50212304923616,152
15910000,31820.000005565085,-203825.611096823,304.0813825045197,152
15915000,31830.000005567123,-204462.75126666168,302.8527536920663,152
15920000,31840.00000556916,-204055.97850518313,298.4219117260802,152
15925000,31850.000005571197,-203996.2369375032,297.66564619987724,152
15930000,31860.000005573234,-203394.35173594207,297.35546403350867,152
15935000,31870.00000557527,-203702.3771560419,299.8928770344786,152
15940000,31880.00000557731,-204044.7367346884,300.91972524043916,152
15945000,31890.000005579346,-203859.6893360722,299.4651410390528,152
15950000,31900.000005581383,-203977.36721496936,302.2414039755812,152
15955000,31910.00000558342,-204362.43907634402,300.5484476241225,152
15960000,31920.000005585458,-204113.50539769442,301.64747040689275,152
15965000,31930.000005587495,-203770.44720503513,305.1194179989212,152
15970000,31940.000005589533,-204184.45995309576,301.2251613899238,152
15975000,31950.00000559157,-204230.1185614986,301.1996899912472,152
15980000,31960.000005593607,-204678.94442943973,296.42709282221887,152
15985000,31970.000005595644,-203473.22222811833,300.32183686048836,152
15990000,31980.00000559768,-203708.14435848698,299.0112704200266,152
15995000,31990.00000559972,-204230.45231319708,298.9437625658717,152
16000000,32000.000005601756,-204009.14516079577,297.60858296123627,152
16005000,32010.000005603793,-204660.7874966308,303.2787715150432,152
16010000,32020.00000560583,-203645.33317073912,301.38117037776414,152
16015000,32030.000005607868,-203800.18274384073,304.87186938956785,152
16020000,32040.000005609905,-204103.4359085071,301.3353140492169,152
16025000,32050.000005611942,-203884.83968158532,300.43413821906836,152
16030000,32060.00000561398,-203526.5882567016,295.3812555476188,152
16035000,32070.000005616017,-203962.00990061637,295.9336254142247,152
16040000,32080.000005618054,-203504.9488757496,297.5456190411999,152
16045000,32090.00000562009,-204061.74423212314,296.73151799990075,152
16050000,32100.00000562213,-203446.80472932733,304.55023809805255,152
16055000,32110.000005624166,-204216.56948792248,301.7923576469909,152
16060000,32120.000005626203,-203267.85771255102,298.3787517091758,152
16065000,32130.00000562824,-203539.06732116942,297.5063351148939,152
16070000,32140.000005630278,-203744.5737441465,298.4439722135878,152
16075000,32150.000005632315,-203923.4191501768,296.24068147066924,152
16080000,32160.000005634352,-203621.5391579643,300.29007794670537,152
16085000,32170.00000563639,-203583.86313860444,296.5783347506316,152
16090000,32180.000005638427,-203346.67335697613,302.4452754553871,152
16095000,32190.000005640464,-204354.31688990153,301.5204788220191,152
16100000,32200.0000056425,-204373.04244293272,302.61341279536776,152
16105000,32210.00000564454,-203600.213118708,301.9152704620263,152
16110000,32220.000005646576,-204444.5534900606,300.3594681488827,152
16115000,32230.000005648613,-203869.29639253858,297.9565043930458,152
16120000,32240.00000565065,-204003.61059424526,303.9274217387949,152
16125000,32250.000005652688,-204066.7283543169,302.2120833223347,152
16130000,32260.000005654725,-204272.9681901671,301.32206168553046,152
16135000,32270.000005656762,-203774.1659469041,302.7520088623406,152
16140000,32280.0000056588,-204075.483594156,301.8660683750127,152
16145000,32290.000005660837,-203730.1459439115,303.97828063953466,152
16150000,32300.000005662874,-203614.59492871107,295.19566937045096,152
16155000,32310.00000566491,-203675.2849587456,298.9905323923784,152
16160000,32320.00000566695,-203174.9156946108,302.04289094386985,152
16165000,32330.000005668986,-204329.46079416422,299.4480977051615,152
16170000,32340.000005671023,-204009.65335658507,303.5274242414022,152
16175000,32350.00000567306,-203696.60980076506,298.28166770223197,152
16180000,32360.000005675098,-204203.94675172586,299.451930871793,152
16185000,32370.000005677135,-205172.2478438901,300.40324627990793,152
16190000,32380.000005679172,-203960.52416267188,297.7219163147619,152
16195000,32390.00000568121,-203274.9183421022,292.7832020146501,152
16200000,32400.000005683247,-204069.7258536626,300.38991491121476,152
16205000,32410.000005685284,-203391.95835621736,303.25965909504157,152
16210000,32420.00000568732,-203284.763446767,302.4316569145683,152
16215000,32430.00000568936,-203460.85220592888,301.2024841203698,152
16220000,32440.000005691396,-204437.8606490075,304.93599942941404,152
16225000,32450.000005693433,-203311.92970359977,297.7584168222437,152
16230000,32460.00000569547,-203912.63689955254,306.73007555713264,152
16235000,32470.000005697508,-204077.33197197085,300.91365432158864,152
16240000,32480.000005699545,-204202.69597508514,300.783957360057,152
16245000,32490.000005701582,-203195.52928991173,301.06103864650777,152
16250000,32500.00000570362,-203727.29328407603,300.3708225872553,152
16255000,32510.000005705657,-204129.62000540656,297.2438366549656,152
16260000,32520.000005707694,-203935.899023748,298.41793860731724,152
16265000,32530.00000570973,-204027.628598153,302.9968866239602,152
16270000,32540.00000571177,-203729.87319957477,302.5461236343802,152
16275000,32550.000005713806,-203145.34529512608,306.94606407056676,152
16280000,32560.000005715843,-203974.31596207584,298.1156108615494,152
16285000,32570.00000571788,-204072.91740169446,304.0151545416229,152
16290000,32580.000005719918,-203503.2623984419,301.95628890045396,152
16295000,32590.000005721955,-203838.865196186,301.92234599224764,152
16300000,32600.000005723992,-203431.5677018566,304.3748169604915,152
16305000,32610.00000572603,-204105.8150724431,298.41552826493313,152
16310000,32620.000005728067,-203724.91453904356,297.79862482911125,152
16315000,32630.000005730104,-203247.44564074662,295.660593825032,152
16320000,32640.00000573214,-203273.50120705133,302.0824192887996,152
16325000,32650.00000573418,-203941.90466199315,301.5896018432604,152
16330000,32660.000005736216,-203721.0255623057,299.6168883112929,152
16335000,32670.000005738253,-203218.73372740927,299.63163996665145,152
16340000,32680.00000574029,-203402.1763165024,300.92396767120835,152
16345000,32690.000005742328,-203571.6733881348,294.59389139583993,152
16350000,32700.000005744365,-203703.8360411441,300.9646407766414,152
16355000,32710.000005746402,-203625.8336548037,299.28981813522876,152
16360000,32720.00000574844,-203972.13180109172,298.40007371552014,152
16365000,32730.000005750477,-203467.5419455713,302.76613245615505,152
16370000,32740.000005752514,-204140.71178036858,299.63477035400086,152
16375000,32750.00000575455,-204417.75781367742,302.65903139798974,152
16380000,32760.00000575659,-204318.55735122436,301.3064279921449,152
16385000,32770.00000575862,-203613.0613796874,299.3012068095174,152
16390000,32780.00000576066,-203716.3272744239,305.90529703526175,152
16395000,32790.0000057627,-204176.19680704724,296.96081724391496,152
16400000,32800.000005764734,-203686.7703016979,298.72312357466353,152
16405000,32810.00000576677,-204165.5919371876,299.43656391789335,152
16410000,32820.00000576881,-203943.70766521432,298.81693514855647,152
16415000,32830.000005770846,-203884.7255207355,300.9607956437695,152
16420000,32840.00000577288,-203517.86813729105,304.88030127242746,152
16425000,32850.00000577492,-203927.33193379373,303.093882517209,152
16430000,32860.00000577696,-203365.94762258045,296.7943440886928,152
16435000,32870.000005778995,-203704.3368478195,303.2172297645286,151
16440000,32880.00000578103,-203414.24891816755,299.9969048352931,151
16445000,32890.00000578307,-203865.5770207555,299.2343677121244,151
16450000,32900.00000578511,-202961.24313709803,302.3754272330432,151
16455000,32910.000005787144,-203934.56225581013,299.879643844198,151
16460000,32920.00000578918,-203097.0314760768,300.55324081998117,151
16465000,32930.00000579122,-203823.33746238856,301.7200292015158,151
16470000,32940.000005793256,-204016.95834675466,301.16044750297806,151
16475000,32950.00000579529,-202929.2325360307,296.5252922262675,151
16480000,32960.00000579733,-203915.23584288172,301.5283068686125,151
16485000,32970.00000579937,-203652.2609449873,297.89765472740066,151
16490000,32980.000005801405,-203463.0190951794,301.0805146630013,151
16495000,32990.00000580344,-204397.53527441702,294.5109029072114,151
16500000,33000.00000580548,-204457.90385765792,296.2940683396904,151
16505000,33010.00000580752,-203576.90553646965,299.50514966954825,151
16510000,33020.000005809554,-203770.9626811042,298.6184378415277,151
16515000,33030.00000581159,-204161.65461776278,299.54975991075526,151
16520000,33040.00000581363,-203802.81445842958,300.9061962531429,151
16525000,33050.000005815666,-204154.15096246288,302.71991571716734,151
16530000,33060.0000058177,-204483.8712139302,306.21109766463235,151
16535000,33070.00000581974,-204287.06958689692,298.08192978579973,151
16540000,33080.00000582178,-203684.43022474658,302.0306421693354,151
16545000,33090.000005823815,-204323.92676644097,297.8026612652755,151
16550000,33100.00000582585,-204506.1453249685,303.29665546348986,151
16555000,33110.00000582789,-203164.67847979942,300.41406943982435,151
16560000,33120.00000582993,-203480.80095013592,304.2309160708348,151
16565000,33130.000005831964,-202956.15987245424,295.6082953253166,151
16570000,33140.000005834,-204149.571010162,303.6651351198597,151
16575000,33150.00000583604,-202928.47253277164,301.07756553478424,151
16580000,33160.000005838076,-204808.38414926385,299.4852852871323,151
16585000,33170.00000584011,-204456.31824886648,300.59540153880243,151
16590000,33180.00000584215,-203852.55952054798,294.7988421189712,151
16595000,33190.00000584419,-203750.50901124848,297.2721973990972,151
16600000,33200.000005846225,-204401.80234926217,296.8589476226035,151
16605000,33210.00000584826,-203935.72169313463,301.78240345562176,151
16610000,33220.0000058503,-203044.80175137357,298.43624949210454,151
16615000,33230.00000585234,-204258.15380378033,304.83825887350935,151
16620000,33240.000005854374,-203849.7507329319,299.1699900576911,151
16625000,33250.00000585641,-204118.31810192694,300.8047816365322,151
16630000,33260.00000585845,-203875.17931135208,300.1402296674867,151
16635000,33270.000005860486,-204029.1025750913,300.795604064709,151
16640000,33280.00000586252,-203737.7431769563,301.254295917185,151
16645000,33290.00000586456,-204105.27818699123,299.19057549412577,151
16650000,33300.0000058666,-203953.86005830753,298.1725832478951,151
16655000,33310.000005868635,-204067.97755557194,303.4182091030824,151
16660000,33320.00000587067,-204368.68564466934,300.2422801467123,151
16665000,33330.00000587271,-203591.27237568074,303.384716573002,151
16670000,33340.00000587475,-204399.6355305391,298.6717609340659,151
16675000,33350.000005876784,-203279.69368551427,297.2420663435572,151
16680000,33360.00000587882,-204102.82226616482,302.06731155474864,151
16685000,33370.00000588086,-203926.92172993976,303.457775438544,151
16690000,33380.000005882895,-204396.1119962762,300.2374023314868,151
16695000,33390.00000588493,-204234.76301780168,301.0196163001099,151
16700000,33400.00000588697,-203878.48768576328,300.78701420952774,151
16705000,33410.00000588901,-204690.48808624898,296.7102030876533,151
16710000,33420.000005891045,-204239.0134459933,300.2612998652879,151
16715000,33430.00000589308,-205007.70616498555,303.2194487749746,151
16720000,33440.00000589512,-203345.62870319677,299.18460601718283,151
16725000,33450.00000589716,-204290.56226106104,301.7028419686922,151
16730000,33460.000005899194,-203807.21475691872,296.3604933269392,151
16735000,33470.00000590123,-203968.2345650104,304.44512294745437,151
16740000,33480.00000590327,-204331.0275859658,294.7958759007346,151
16745000,33490.000005905305,-203654.56441946607,303.1494799336763,151
16750000,33500.00000590734,-203653.4702590286,298.48353447936495,151
16755000,33510.00000590938,-204700.26266624918,301.9509087390502,151
16760000,33520.00000591142,-204381.78671925538,298.06061103836674,151
16765000,33530.000005913455,-203018.53675549803,302.0220277911506,151
16770000,33540.00000591549,-203990.77769716142,302.10733482155104,151
16775000,33550.00000591753,-204015.08430599398,299.78820251634335,151
16780000,33560.000005919566,-203715.72635258094,303.71882697919085,151
16785000,33570.0000059216,-203575.43342651206,296.58439863541224,151
16790000,33580.00000592364,-204136.41798895271,300.4455374408202,151
16795000,33590.00000592568,-204542.23404820322,303.66713944829445,151
16800000,33600.000005927715,-204249.38947184884,297.32149176739057,151
16805000,33610.00000592975,-204110.6060995831,301.08109804985787,151
16810000,33620.00000593179,-204198.047388567,298.3811697201706,151
16815000,33630.00000593383,-203514.61139574414,298.6008373624817,151
16820000,33640.000005935864,-203948.86723359034,301.72564932917487,151
16825000,33650.0000059379,-203479.18421919819,300.27253023540743,151
16830000,33660.00000593994,-203642.7124161725,302.05799088973333,151
16835000,33670.000005941976,-203631.17000192625,306.2454188288014,151
16840000,33680.00000594401,-204249.235580147,294.60730116900487,151
16845000,33690.00000594605,-203404.97594431054,299.2704452848757,151
16850000,33700.00000594809,-204202.77645196486,300.95777851944155,151
16855000,33710.000005950125,-204532.4751569113,300.820049893488,151
16860000,33720.00000595216,-203718.6019203436,305.33870639905456,151
16865000,33730.0000059542,-204076.0739879266,304.4076198481972,151
16870000,33740.00000595624,-203832.82178359176,303.17652438995606,151
16875000,33750.000005958274,-203578.32168397005,299.46439498531936,151
16880000,33760.00000596031,-204328.10370713728,295.19433627455334,151
16885000,33770.00000596235,-204286.68865426152,299.81002620915325,151
16890000,33780.000005964386,-203890.8170194932,299.60448193074166,151
16895000,33790.00000596642,-203573.31037873076,301.162996589662,151
16900000,33800.00000596846,-203749.75370517408,302.0471217281668,151
16905000,33810.0000059705,-203818.3537971467,300.6587377708006,151
16910000,33820.000005972535,-203800.43983188854,303.7067541643529,151
16915000,33830.00000597457,-203577.74709244992,300.1731253151873,151
16920000,33840.00000597661,-203103.57550751,304.08133427050717,151
16925000,33850.00000597865,-203815.3065792484,302.28981674152124,151
16930000,33860.000005980684,-203941.89991247898,300.4562437584399,151
16935000,33870.00000598272,-203863.50053749338,301.620857686558,151
16940000,33880.00000598476,-204177.8006112323,302.5884145209014,151
16945000,33890.000005986796,-203657.46775388916,303.27113891697775,151
16950000,33900.00000598883,-203360.45157394058,296.00890513493636,151
16955000,33910.00000599087,-203488.29866164853,297.0210016825237,151
16960000,33920.00000599291,-204115.29051228135,301.3809044962998,151
16965000,33930.000005994945,-204233.7376205196,300.65642519375814,151
16970000,33940.00000599698,-203465.97398551286,293.5670525175044,151
16975000,33950.00000599902,-203500.26468113344,305.82284104314044,151
16980000,33960.00000600106,-204297.6291251029,303.1606365073979,151
16985000,33970.000006003094,-203499.3426641915,301.36632508174466,151
16990000,33980.00000600513,-203941.30114140047,299.52415332362614,151
16995000,33990.00000600717,-203566.55625560845,300.85250475366297,151
17000000,34000.000006009206,-204621.66555636737,305.3925559140079,151
17005000,34010.00000601124,-203995.6975935056,301.31122481212464,151
17010000,34020.00000601328,-202774.59299247165,304.28803511115416,151
17015000,34030.00000601532,-203526.98002014554,303.925155644498,151
17020000,34040.000006017355,-203174.36118141306,301.13455237264094,151
17025000,34050.00000601939,-203345.35565941175,303.8120824252298,151
17030000,34060.00000602143,-204167.39922726585,303.01370972590223,151
17035000,34070.00000602347,-203752.19264874014,302.2681551148026,151
17040000,34080.000006025504,-203713.24908299325,300.2555751856526,151
17045000,34090.00000602754,-203828.92685546738,302.8383071473464,151
17050000,34100.00000602958,-203523.3534893326,303.46157125529186,151
17055000,34110.000006031616,-203655.91272622428,293.6132170776121,151
17060000,34120.00000603365,-203067.13801049558,300.3771004074643,151
17065000,34130.00000603569,-203421.1633027182,300.9125299499518,151
17070000,34140.00000603773,-203680.9232332987,301.8468637922403,151
17075000,34150.000006039765,-203348.15668931277,299.22196637133266,151
17080000,34160.0000060418,-203403.56514159567,302.0511692528578,151
17085000,34170.00000604384,-204293.14194642217,301.19040094911514,151
17090000,34180.00000604588,-202982.3698377523,298.96324407651827,151
17095000,34190.000006047914,-203978.50867358723,298.32429491404383,151
17100000,34200.00000604995,-203892.4002707639,297.4602963764438,151
17105000,34210.00000605199,-203511.52431295603,301.21604953443074,151
17110000,34220.000006054026,-204134.1376768389,299.6525308584133,151
17115000,34230.00000605606,-203234.3587739406,306.2867902208751,151
17120000,34240.0000060581,-203834.0462335312,301.7562191048434,151
17125000,34250.00000606014,-204027.07012554293,300.8882237085263,151
17130000,34260.000006062175,-203860.93759301445,302.342120900998,151
17135000,34270.00000606421,-204152.9055507204,301.67885715371193,151
17140000,34280.00000606625,-204676.03489499167,299.56220680912276,151
17145000,34290.00000606829,-204145.48742553196,299.4717599366727,151
17150000,34300.000006070324,-203831.20127198973,298.0913860715433,151
17155000,34310.00000607236,-203347.72911018948,305.79893626502826,151
17160000,34320.0000060744,-204082.44272297714,300.50917734545885,151
17165000,34330.000006076436,-204018.30740873294,307.869785204732,151
17170000,34340.00000607847,-204063.53183093946,297.55696106258284,151
17175000,34350.00000608051,-203108.37659822672,296.8464345623652,151
17180000,34360.00000608255,-203651.06848872325,293.9002588766284,151
17185000,34370.000006084585,-203592.71070314618,292.4280577289768,151
17190000,34380.00000608662,-203807.40233805543,301.42681614281526,151
17195000,34390.00000608866,-204099.39527822135,302.1959326127054,151
17200000,34400.0000060907,-204291.8653247957,299.4938914914887,151
17205000,34410.000006092734,-204497.26216025418,294.49014629192897,151
17210000,34420.00000609477,-203843.0853779735,304.02104863464325,151
17215000,34430.00000609681,-203658.6397735069,300.0896551203427,151
17220000,34440.000006098846,-204686.751592317,302.878591296807,151
17225000,34450.00000610088,-204471.37421754573,303.4848154296375,151
17230000,34460.00000610292,-203876.8768403324,297.78346819866795,151
17235000,34470.00000610496,-203805.7491000808,299.0208150839722,151
17240000,34480.000006106995,-202969.558509588,298.33771542238094,151
17245000,34490.00000610903,-203546.78849082615,297.2146865594757,151
17250000,34500.00000611107,-204333.06270726933,299.66653560915637,151
17255000,34510.00000611311,-203715.0524241858,302.3962843589334,151
17260000,34520.000006115144,-203965.3835568803,302.0932056959851,151
17265000,34530.00000611718,-204092.99051366502,297.787133838428,151
17270000,34540.00000611922,-203683.1582635244,298.2111959526373,151
17275000,34550.000006121256,-204436.895886653,306.52682319569175,151
17280000,34560.00000612329,-204450.22432770708,298.977382210035,151
17285000,34570.00000612533,-204376.77282826265,296.74950707262445,151
17290000,34580.00000612737,-204636.44803887338,295.56728228937857,151
17295000,34590.000006129405,-203702.48127739236,297.9631758589462,151
17300000,34600.00000613144,-204006.71522625734,300.98137807355926,151
17305000,34610.00000613348,-204237.98924997624,302.2903863116577,151
17310000,34620.00000613552,-204061.2816225367,298.19505466813825,151
17315000,34630.000006137554,-203770.71404135274,299.2565920851116,151
17320000,34640.00000613959,-203261.7926506562,303.20375819294316,151
17325000,34650.00000614163,-203404.24901576806,304.4311542804767,151
17330000,34660.000006143666,-203587.214543388,301.8218705515748,151
17335000,34670.0000061457,-203602.52767698013,301.21373512608733,151
17340000,34680.00000614774,-204043.441175838,302.2164455815614,151
17345000,34690.00000614978,-203916.53028096294,295.61773561235316,151
17350000,34700.000006151815,-204244.15053875057,298.48522426583594,151
17355000,34710.00000615385,-204059.06743983214,295.84052876237524,151
17360000,34720.00000615589,-204402.59622147365,305.33718655372206,151
17365000,34730.00000615793,-203783.13680219091,300.19627477098066,151
17370000,34740.000006159964,-204237.63745701418,301.4591885490791,151
17375000,34750.000006162,-203874.94212063611,295.18840091900796,151
17380000,34760.00000616404,-204541.28049044078,301.45768430462175,151
17385000,34770.000006166076,-203702.2805426208,299.33568100958985,151
17390000,34780.00000616811,-203973.22322112217,302.2412192550145,151
17395000,34790.00000617015,-203761.91414277384,301.4313200376935,151
17400000,34800.00000617219,-202940.28749669483,298.9274415087607,151
17405000,34810.000006174225,-203749.51807976968,305.5546941886059,151
17410000,34820.00000617626,-203810.13412601757,299.46624855127703,151
17415000,34830.0000061783,-203725.29781537922,298.39363024915616,151
17420000,34840.00000618034,-203648.37989359058,297.9418381224762,151
17425000,34850.000006182374,-204014.6409708039,299.7247926396304,151
17430000,34860.00000618441,-203666.7570578471,302.49458796776685,151
17435000,34870.00000618645,-203513.18168144836,298.7020113168292,151
17440000,34880.000006188486,-204386.99029148568,297.83770104865215,151
17445000,34890.00000619052,-203306.66830733884,300.4854292886577,151
17450000,34900.00000619256,-204079.9564548866,304.6364266180214,151
17455000,34910.0000061946,-203783.8272907026,304.155660566762,151
17460000,34920.000006196635,-203999.2025733895,298.33204460655236,151
17465000,34930.00000619867,-204144.36747123173,297.6535450127194,151
17470000,34940.00000620071,-203604.33437326306,301.0068779844461,151
17475000,34950.00000620275,-203728.36972614436,301.781850759006,151
17480000,34960.000006204784,-203525.86057322426,300.5410311541651,151
17485000,34970.00000620682,-204343.4297673864,298.2536380521998,151
17490000,34980.00000620886,-204427.74039540358,298.1473004287998,151
17495000,34990.000006210896,-203701.57530040003,306.13028241885905,151
17500000,35000.00000621293,-204535.04810743907,303.59540347453117,151
17505000,35010.00000621497,-203587.46344246936,301.8268973959035,151
17510000,35020.00000621701,-203131.02808995172,295.9706590973387,151
17515000,35030.000006219045,-204178.46121132537,298.16152206441484,151
17520000,35040.00000622108,-203857.24453245697,299.81146316345195,151
17525000,35050.00000622312,-203644.58530675212,297.81583105010407,151
17530000,35060.00000622516,-204120.51566500624,299.2059416806049,151
17535000,35070.000006227194,-204242.00359503157,300.55331101188995,151
17540000,35080.00000622923,-203357.90903469443,298.66321913786254,151
17545000,35090.00000623127,-204111.37738340022,300.5767417528915,151
17550000,35100.000006233306,-203727.62492018717,299.3454046558713,151
17555000,35110.00000623534,-204409.51431437314,307.3461967627038,151
17560000,35120.00000623738,-204138.22166318411,297.0274165313146,151
17565000,35130.00000623942,-204409.28308205353,300.4531290611433,151
17570000,35140.000006241455,-203403.04311524006,306.78220112680646,151
17575000,35150.00000624349,-203392.5552091474,299.43324696905495,151
17580000,35160.00000624553,-204052.50334781164,301.65571248736956,151
17585000,35170.00000624757,-203276.8801895521,301.4678145311942,151
17590000,35180.000006249604,-203583.34830944252,298.5432394087181,151
17595000,35190.00000625164,-204344.12674787373,304.60075005093034,151
17600000,35200.00000625368,-203662.11681732198,300.78013342165735,151
17605000,35210.000006255716,-203517.3943980051,297.6239433261083,151
17610000,35220.00000625775,-203973.72942449176,300.59389363938067,151
17615000,35230.00000625979,-204702.09864454053,301.72538274296187,151
17620000,35240.00000626183,-202840.28042388533,299.95495481246843,151
17625000,35250.000006263865,-203009.80517925404,301.0312529815205,151
17630000,35260.0000062659,-203465.10965958494,301.48023290991415,151
17635000,35270.00000626794,-203483.21300571377,304.1476675086916,151
17640000,35280.00000626998,-203731.72821305017,299.81991908743794,151
17645000,35290.000006272014,-203088.8524082884,299.2024454221997,151
17650000,35300.00000627405,-203482.62832570064,303.1058096636448,151
17655000,35310.00000627609,-203691.89156262565,297.3521166085113,151
17660000,35320.000006278126,-203406.58185499336,299.2337971556177,151
17665000,35330.00000628016,-204267.21911502024,303.9658794533504,151
17670000,35340.0000062822,-203522.5319899643,301.4015144955544,151
17675000,35350.00000628424,-203954.51160922693,304.5907974600608,151
17680000,35360.000006286275,-203583.23601463903,302.16206029533873,151
17685000,35370.00000628831,-204107.24911191605,300.94775633239243,151
17690000,35380.00000629035,-204246.78619938262,300.26691144400195,151
17695000,35390.00000629239,-203996.82088403706,295.6680919097241,151
17700000,35400.000006294424,-203160.57383656956,300.00959637759115,151
17705000,35410.00000629646,-204173.17444733775,301.688812821236,151
17710000,35420.0000062985,-203850.60909796727,294.83983096845236,151
17715000,35430.000006300535,-204379.16199115454,299.01383234165917,151
17720000,35440.00000630257,-203336.68389330292,301.0145141328683,151
17725000,35450.00000630461,-204165.803932189,300.6666848520926,151
17730000,35460.00000630665,-204280.09685805545,300.1838049559161,151
17735000,35470.000006308685,-202826.89938248903,301.19000877631646,151
17740000,35480.00000631072,-204240.7311343907,296.3961585774264,151
17745000,35490.00000631276,-203912.1246310788,299.39978920398295,151
17750000,35500.000006314796,-204261.7565804933,302.9419645967652,151
17755000,35510.00000631683,-204553.1103288132,302.4644862909937,151
17760000,35520.00000631887,-203848.35438783292,298.1220797873202,151
17765000,35530.00000632091,-203567.52229711285,303.71352491312103,151
17770000,35540.000006322945,-204035.7251827903,300.1617489849587,151
17775000,35550.00000632498,-203548.43886309222,301.9171009773335,151
17780000,35560.00000632702,-204288.71481694817,300.78151074535685,151
17785000,35570.00000632906,-203695.41330276395,301.6474395867592,151
17790000,35580.000006331094,-204297.75020293565,300.07233047489564,151
17795000,35590.00000633313,-203872.1522159765,302.6801185046133,151
17800000,35600.00000633517,-203135.81448885472,302.46117244925665,151
17805000,35610.000006337206,-203263.4860950521,302.9536911981147,151
17810000,35620.00000633924,-204321.33576494665,297.4003886168788,151
17815000,35630.00000634128,-203919.53236612526,297.28548985022735,151
17820000,35640.00000634332,-203739.21524004953,299.80128508054946,151
17825000,35650.000006345355,-203817.6268544268,301.9543227779173,151
17830000,35660.00000634739,-204639.7972541456,300.62846854537287,151
17835000,35670.00000634943,-204889.34389106848,300.5759814859601,151
17840000,35680.00000635147,-204492.5525401194,293.97768475804423,151
17845000,35690.000006353504,-204044.37092343718,299.3733764132078,151
17850000,35700.00000635554,-204655.29562297498,299.2321476025683,151
17855000,35710.00000635758,-203686.29115003208,299.4558360412705,151
17860000,35720.000006359616,-204132.41830162262,299.1029341524225,151
17865000,35730.00000636165,-203739.40924408985,300.90409275438793,151
17870000,35740.00000636369,-203821.54820273165,300.426673399282,151
17875000,35750.00000636573,-204060.52464137378,300.94485818768936,151
17880000,35760.000006367765,-203704.262824254,307.2210668456972,151
17885000,35770.0000063698,-203729.56713380967,301.9924670666884,151
17890000,35780.00000637184,-204488.43548315752,301.24879064084274,151
17895000,35790.00000637388,-203878.80886201805,301.066396094159,151
17900000,35800.000006375914,-203118.2688751642,298.91590283499244,151
17905000,35810.00000637795,-204625.77790164237,297.49040200069476,151
17910000,35820.00000637999,-204819.32899035176,304.3780863181157,151
17915000,35830.000006382026,-203910.70745392423,299.5364720459343,151
17920000,35840.00000638406,-204241.89086429588,307.07839113656314,151
17925000,35850.0000063861,-204265.30814147624,302.7493461174036,151
17930000,35860.00000638814,-203265.6451784073,296.58360845844766,151
17935000,35870.000006390175,-204023.04249499366,300.8385027028653,151
17940000,35880.00000639221,-204151.82547332253,303.03962796848765,151
17945000,35890.00000639425,-203904.7351502364,301.42815310895236,151
17950000,35900.00000639629,-204234.45473169535,299.1189119479868,151
17955000,35910.000006398324,-204415.5562303058,299.20411613954013,151
17960000,35920.00000640036,-204245.01043401344,300.327869681495,151
17965000,35930.0000064024,-203219.87489933742,302.27274285173536,151
17970000,35940.000006404436,-203480.67361838114,302.3300431401517,151
17975000,35950.00000640647,-203816.43320409523,297.8528532886496,151
17980000,35960.00000640851,-204088.0847731951,298.5089019296842,151
17985000,35970.00000641055,-203966.217448844,300.24191443349673,151
17990000,35980.000006412585,-203817.44003295072,298.51389168238177,151
17995000,35990.00000641462,-204814.75452214468,304.1456090084224,151
18000000,36000.00000641666,-204074.10194111522,299.00283907692364,151
18005000,36010.0000064187,-203784.0054388058,305.5725491674967,151
18010000,36020.000006420734,-204574.92156905413,297.079192488642,151
18015000,36030.00000642277,-204209.725809315,301.8386079867614,151
18020000,36040.00000642481,-203770.80050842452,296.71798130628565,151
18025000,36050.000006426846,-204978.7947321433,296.79213118456926,151
18030000,36060.00000642888,-204204.27708906878,304.19258180090515,151
18035000,36070.00000643092,-203995.3119912966,306.2602259956751,151
18040000,36080.00000643296,-204872.62958892365,303.15641966828895,151
18045000,36090.000006434995,-204102.99002160376,297.26060826879973,151
18050000,36100.00000643703,-204318.80231111497,305.33623009657975,151
18055000,36110.00000643907,-204017.8273005312,299.005463047829,151
18060000,36120.00000644111,-204121.43653193,299.71715654558454,151
18065000,36130.000006443144,-203827.71370570338,301.6065418985029,151
18070000,36140.00000644518,-204252.73574414884,302.7487828908295,151
18075000,36150.00000644722,-203585.87549432437,299.1733979354538,151
18080000,36160.000006449256,-203588.55570900685,301.0776290988145,151
18085000,36170.00000645129,-204243.95930334274,300.7570092170925,151
18090000,36180.00000645333,-204229.46910715778,305.9822292799809,151
18095000,36190.00000645537,-203537.51477946376,299.82976957324615,151
18100000,36200.000006457405,-204257.49318315147,300.84897677687337,151
18105000,36210.00000645944,-204333.72950231622,297.78373662728364,151
18110000,36220.00000646148,-203642.24309977726,299.0905795102851,151
18115000,36230.00000646352,-203801.89633450191,300.95859745878676,151
18120000,36240.000006465554,-204415.9253763667,300.6736940183671,151
18125000,36250.00000646759,-204033.10061433783,297.2218948617696,151
18130000,36260.00000646963,-202822.19907972892,301.2992644199651,151
18135000,36270.000006471666,-203524.07441376557,299.46693696846467,151
18140000,36280.0000064737,-203741.0892188599,299.46837864728695,151
18145000,36290.00000647574,-204191.46594193752,300.3727429265737,151
18150000,36300.00000647778,-203807.20121495135,301.3750547586887,151
18155000,36310.000006479815,-203852.58076746785,302.0416299543726,151
18160000,36320.00000648185,-203437.64482241543,303.294546086792,151
18165000,36330.00000648389,-203682.97357384325,304.2289183959491,151
18170000,36340.00000648593,-204309.14398475143,296.1388655910224,151
18175000,36350.000006487964,-204230.55042237835,298.3304445094093,151
18180000,36360.00000649,-203746.4198135056,301.21692416845843,151
18185000,36370.00000649204,-204152.74890027067,303.84318910363726,151
18190000,36380.000006494076,-202898.21720962692,307.79003904692865,151
18195000,36390.00000649611,-203681.9443608675,300.82135615363984,151
18200000,36400.00000649815,-203876.7017789461,299.7216957371705,151
18205000,36410.00000650019,-204137.35030948918,300.5301939867345,151
18210000,36420.000006502225,-203900.3971929975,296.96506832579144,151
18215000,36430.00000650426,-204131.50454071688,300.8309323694814,151
18220000,36440.0000065063,-203857.56844706472,302.6821258325298,151
18225000,36450.00000650834,-204611.30253535532,297.87748621751086,151
18230000,36460.000006510374,-203760.1791479222,296.96395399687145,151
18235000,36470.00000651241,-204128.61034738028,294.943728864491,151
18240000,36480.00000651445,-204149.41626954742,304.1649953512615,151
18245000,36490.000006516486,-204141.18493604288,298.51581366308477,151
18250000,36500.00000651852,-203804.94198008452,298.8854903786891,151
18255000,36510.00000652056,-203254.20956660423,300.87405137624194,151
18260000,36520.0000065226,-202917.72132959333,304.1888733136999,151
18265000,36530.000006524635,-204142.343174626,302.16909746560464,151
18270000,36540.00000652667,-203213.35302574397,297.7406645761396,151
18275000,36550.00000652871,-204235.88376811636,301.3051773519143,151
18280000,36560.00000653075,-204034.4852611191,301.2170626877789,151
18285000,36570.000006532784,-203655.10700929596,302.78593942225723,151
18290000,36580.00000653482,-203882.72274678398,294.86048125294855,151
18295000,36590.00000653686,-204021.98531506804,301.75892682466923,151
18300000,36600.000006538896,-203749.58896540652,301.73477684567797,151
18305000,36610.00000654093,-203154.5241162912,299.6095612128427,151
18310000,36620.00000654297,-203777.93343048613,302.9912052695328,151
18315000,36630.00000654501,-204481.46372165147,303.25870778927435,151
18320000,36640.000006547045,-203679.508735994,302.91973444169423,151
18325000,36650.00000654908,-203729.5349793476,293.980628636055,151
18330000,36660.00000655112,-204264.66126649536,301.662327867128,151
18335000,36670.00000655316,-204780.02266717423,304.5194708207217,151
18340000,36680.000006555194,-204051.78630105394,302.33819519452817,151
18345000,36690.00000655723,-203453.0703361492,298.4184072047732,151
18350000,36700.00000655927,-203559.22799839545,299.134105542995,151
18355000,36710.000006561306,-204027.70789363468,301.76494837081464,151
18360000,36720.00000656334,-203427.7447635819,293.32763936107193,151
18365000,36730.00000656538,-204285.79775395826,301.6386221610036,151
18370000,36740.00000656742,-204356.366633242,307.27486629415563,150
18375000,36750.000006569455,-204504.38416225358,301.26969650080446,150
18380000,36760.00000657149,-204345.9628463412,295.48499526934205,150
18385000,36770.00000657353,-203793.40170275082,299.6178954572587,150
18390000,36780.00000657557,-204090.62226477824,304.7282188514796,150
18395000,36790.000006577604,-203667.96570499754,299.3568995630679,150
18400000,36800.00000657964,-203665.0397665815,302.98395521137803,150
18405000,36810.00000658168,-203671.64818387234,302.36035935486046,150
18410000,36820.000006583716,-203645.91225072113,299.7133627540924,150
18415000,36830.00000658575,-204333.04034020426,300.96045768524453,150
18420000,36840.00000658779,-203903.54005598347,302.6261371646413,150
18425000,36850.00000658983,-203346.61207615503,297.7998163497646,150
18430000,36860.000006591865,-204222.08075477043,298.8557435176147,150
18435000,36870.0000065939,-203777.12526167952,305.2026586584809,150
18440000,36880.00000659594,-203621.35679102386,300.96794984835924,150
18445000,36890.00000659798,-202972.08323833323,296.7148844371976,150
18450000,36900.000006600014,-204793.46811524336,299.09794461309247,150
18455000,36910.00000660205,-204379.70385655318,295.13405528580654,150
18460000,36920.00000660409,-205059.7776282326,296.88245051707435,150
18465000,36930.000006606126,-204608.65817196365,300.0374922768838,150
18470000,36940.00000660816,-204146.25039916742,299.2287029953171,150
18475000,36950.0000066102,-203313.72284725588,301.5992850152382,150
18480000,36960.00000661224,-203932.92139037407,298.05649075916,150
18485000,36970.000006614275,-203887.58431655855,300.6014307633174,150
18490000,36980.00000661631,-204098.03672368464,299.9138962281619,150
18495000,36990.00000661835,-203549.61735892412,300.010172832612,150
18500000,37000.00000662039,-203963.90787818166,302.9333797176562,150
18505000,37010.000006622424,-204063.78518833977,299.9774528399785,150
18510000,37020.00000662446,-203883.6103939911,297.5473969334801,150
18515000,37030.0000066265,-204890.7285483852,295.7404986722627,150
18520000,37040.000006628536,-203781.35325549613,298.9240826186505,150
18525000,37050.00000663057,-203896.6394067899,302.72483566123793,150
18530000,37060.00000663261,-202680.11231604952,295.08416475674096,150
18535000,37070.00000663465,-203984.90949097264,299.4082887774454,150
18540000,37080.000006636685,-204301.0456554182,303.93063423366743,150
18545000,37090.00000663872,-203621.33738639788,304.3348629589429,150
18550000,37100.00000664076,-203972.5413490032,304.8736402960383,150
18555000,37110.0000066428,-203608.903118851,300.3378467309574,150
18560000,37120.000006644834,-204210.94153747894,298.8456945216173,150
18565000,37130.00000664687,-204445.18652639375,294.9322903574046,150
18570000,37140.00000664891,-204497.6846410985,300.3209347763286,150
18575000,37150.000006650946,-203923.71217348985,303.509065110143,150
18580000,37160.00000665298,-203658.2986755811,301.16236497266533,150
18585000,37170.00000665502,-203924.8033132403,303.64159546267035,150
18590000,37180.00000665706,-204264.55420521868,298.6616285385402,150
18595000,37190.000006659095,-204534.73445433646,298.6585509738118,150
18600000,37200.00000666113,-204328.1505385856,302.8874213599266,150
18605000,37210.00000666317,-204067.28801602533,305.8689905947913,150
18610000,37220.00000666521,-203577.7066393108,298.0190915989379,150
18615000,37230.000006667244,-204201.58110510185,302.0313878650532,150
18620000,37240.00000666928,-203429.61196287838,304.57711794054376,150
18625000,37250.00000667132,-204615.88113983825,297.83176997079715,150
18630000,37260.000006673356,-204813.2669504478,300.75160765016676,150
18635000,37270.00000667539,-203452.38697955257,303.06717392378613,150
18640000,37280.00000667743,-204118.47406755353,300.60967649087684,150
18645000,37290.00000667947,-204483.2766373763,299.5736535090096,150
18650000,37300.000006681505,-204274.1006519564,302.15515453134856,150
18655000,37310.00000668354,-204332.12591451884,300.8032560041377,150
18660000,37320.00000668558,-203705.86119790748,302.0779538718431,150
18665000,37330.00000668762,-203374.50517890428,299.4000649765181,150
18670000,37340.000006689654,-204886.35501171823,302.7411281934128,150
18675000,37350.00000669169,-203953.1082384379,298.1944046593589,150
18680000,37360.00000669373,-204109.76177865686,300.80685802070695,150
18685000,37370.000006695765,-203847.39685523405,300.2391330246185,150
18690000,37380.0000066978,-203813.86144394905,296.92237348920435,150
18695000,37390.00000669984,-203561.758103834,303.650230275112,150
18700000,37400.00000670188,-203283.86593558767,298.73654156090976,150
18705000,37410.000006703915,-203985.16063714155,300.02109329916595,150
18710000,37420.00000670595,-203616.4722808007,302.1946756347902,150
18715000,37430.00000670799,-203769.92155506078,299.3891133933382,150
18720000,37440.000006710026,-204274.49608308054,300.5244603553351,150
18725000,37450.00000671206,-203719.25166648137,302.0482099360841,150
18730000,37460.0000067141,-204388.4544666115,298.5825730329619,150
18735000,37470.00000671614,-204001.8049054898,299.29942560347905,150
18740000,37480.000006718175,-204117.72094204917,300.2396971428303,150
18745000,37490.00000672021,-203754.6786941029,298.4062485840083,150
18750000,37500.00000672225,-203555.06992649473,301.49492101132205,150
18755000,37510.00000672429,-203933.65922576643,293.61331994315645,150
18760000,37520.000006726325,-202690.87884309085,300.9075258820516,150
18765000,37530.00000672836,-204063.29323450918,299.3982022579938,150
18770000,37540.0000067304,-204195.36363138922,299.6260573920639,150
18775000,37550.000006732436,-204025.1857583979,294.25243512321134,150
18780000,37560.00000673447,-203898.45961112122,302.0726122528685,150
18785000,37570.00000673651,-203781.69684207428,301.60506957278056,150
18790000,37580.00000673855,-203694.0797042714,298.09781480950096,150
18795000,37590.000006740585,-203648.98484127002,303.12731309818395,150
18800000,37600.00000674262,-203231.5491089424,300.40340627856483,150
18805000,37610.00000674466,-203663.7852126658,298.2310306229001,150
18810000,37620.0000067467,-204500.37040477782,299.59075461769316,150
18815000,37630.000006748734,-204069.32032271416,304.3243789168995,150
18820000,37640.00000675077,-203399.69667388627,302.37704758357785,150
18825000,37650.00000675281,-203639.1747892301,302.2082099200274,150
18830000,37660.000006754846,-202877.3231228753,297.1586748958362,150
18835000,37670.00000675688,-204019.98054559832,296.01930029945504,150
18840000,37680.00000675892,-203561.2091938262,296.7741349507145,150
18845000,37690.00000676096,-204655.90873895155,300.337503892484,150
18850000,37700.000006762995,-203826.55108627945,299.1306657513201,150
18855000,37710.00000676503,-203261.31053823046,302.38081160422774,150
18860000,37720.00000676707,-203191.41611564963,302.32647479524445,150
18865000,37730.00000676911,-203286.74728145532,301.13718092727487,150
18870000,37740.000006771144,-204033.82088728657,297.4735693697147,150
18875000,37750.00000677318,-203364.3159325819,299.8964641411379,150
18880000,37760.00000677522,-203409.6869029738,299.92545192907926,150
18885000,37770.000006777256,-203823.63972865196,300.9462499230195,150
18890000,37780.00000677929,-203360.25101400958,305.5645099017546,150
18895000,37790.00000678133,-203775.26308300137,300.5662344205119,150
18900000,37800.00000678337,-204465.42393408075,300.8686904510448,150
18905000,37810.000006785405,-203306.10907076648,299.4271277947271,150
18910000,37820.00000678744,-204363.22385093733,305.9537200173459,150
18915000,37830.00000678948,-203822.61834688915,301.396094553524,150
18920000,37840.00000679152,-203964.32595545973,299.71788447549625,150
18925000,37850.000006793554,-203862.27674158255,304.7120306002686,150
18930000,37860.00000679559,-203915.7426793779,300.0683130632527,150
18935000,37870.00000679763,-204085.9722040461,298.85716194434366,150
18940000,37880.000006799666,-203841.88509772695,296.7701315098951,150
18945000,37890.0000068017,-203714.88452645403,298.4536007024726,150
18950000,37900.00000680374,-204004.82558752678,301.4694627093738,150
18955000,37910.00000680578,-203473.34753790963,300.4321176911112,150
18960000,37920.000006807815,-204439.01368226204,302.8704001682949,150
18965000,37930.00000680985,-203402.48930960824,305.5029187212459,150
18970000,37940.00000681189,-203244.86603951163,306.15433319578204,150
18975000,37950.00000681393,-204264.2564016641,302.7050308966733,150
18980000,37960.000006815964,-203808.20270561439,299.70446478488276,150
18985000,37970.000006818,-203995.0322078286,303.7438066357815,150
18990000,37980.00000682004,-204089.17637419875,299.8382323962259,150
18995000,37990.000006822076,-204303.220309522,300.7090748808108,150
19000000,38000.00000682411,-203880.97203128238,301.7940150747775,150
19005000,38010.00000682615,-204095.4242442936,296.6086361436036,150
19010000,38020.00000682819,-203638.6031704297,305.6053937252671,150
19015000,38030.000006830225,-204024.6238272871,298.29458657112997,150
19020000,38040.00000683226,-204276.1192086779,304.27994332208766,150
19025000,38050.0000068343,-203577.86737494392,304.0808993562815,150
19030000,38060.00000683634,-203670.66385354393,300.0207806856235,150
19035000,38070.000006838374,-203853.5250898169,293.5414580226147,150
19040000,38080.00000684041,-204101.37713404198,298.68357337376926,150
19045000,38090.00000684245,-203437.1028330376,295.3046440777978,150
19050000,38100.000006844486,-204684.09704096185,297.76771794607816,150
19055000,38110.00000684652,-204295.52880569722,299.27247055547133,150
19060000,38120.00000684856,-203906.52228310134,304.3869164593676,150
19065000,38130.0000068506,-204633.44260529976,298.26761944384,150
19070000,38140.000006852635,-204026.08028636465,297.0184915227272,150
19075000,38150.00000685467,-204152.50999065198,303.32849350451636,150
19080000,38160.00000685671,-203812.3543116895,300.74439378567564,150
19085000,38170.00000685875,-204260.98357362323,302.28874100108845,150
19090000,38180.000006860784,-203976.11100841337,300.0167551728378,150
19095000,38190.00000686282,-203913.96049552632,300.91745967957985,150
19100000,38200.00000686486,-203251.23220717406,301.2966678178669,150
19105000,38210.000006866896,-203335.93771545088,307.8881175898395,150
19110000,38220.00000686893,-203373.80841093406,303.49110791899557,150
19115000,38230.00000687097,-203619.3128158945,300.8183837913619,150
19120000,38240.00000687301,-203348.2154309916,297.444979217245,150
19125000,38250.000006875045,-203441.81726863608,294.74055964129815,150
19130000,38260.00000687708,-204069.33224230178,304.3973602142748,150
19135000,38270.00000687912,-203759.84394379135,305.7040881234327,150
19140000,38280.00000688116,-203267.9903482811,300.0488630032823,150
19145000,38290.000006883194,-203791.77205354744,297.0313525784389,150
19150000,38300.00000688523,-204028.08582778834,305.5896875946414,150
19155000,38310.00000688727,-204366.17827475257,299.71199212974295,150
19160000,38320.000006889306,-204471.91882561205,301.77895779551295,150
19165000,38330.00000689134,-203750.44952068327,299.8264023188967,150
19170000,38340.00000689338,-203609.32778346539,300.4284942011223,150
19175000,38350.00000689542,-204318.360237804,299.54530847165427,150
19180000,38360.000006897455,-203943.18434160203,303.90682636606573,150
19185000,38370.00000689949,-204343.92081236758,295.1901650387631,150
19190000,38380.00000690153,-203106.45252175315,303.5127580859594,150
19195000,38390.00000690357,-204210.82937721326,300.55249074540194,150
19200000,38400.000006905604,-204159.0989900994,299.5396281846117,150
19205000,38410.00000690764,-204290.71451078134,297.01928114087167,150
19210000,38420.00000690968,-204120.72773111658,303.45775644710875,150
19215000,38430.000006911716,-203912.1092414013,301.5950376537782,150
19220000,38440.00000691375,-203981.06068105507,304.4359593764617,150
19225000,38450.00000691579,-204196.67075390706,295.77216925883755,150
19230000,38460.00000691783,-203462.5397310946,295.6527464481678,150
19235000,38470.000006919865,-204295.42863987095,296.30173464742603,150
19240000,38480.0000069219,-204599.1842733255,297.90777364324686,150
19245000,38490.00000692394,-203469.48699938762,297.5782022502381,150
19250000,38500.00000692598,-204157.51780596923,298.2802703312991,150
19255000,38510.000006928014,-203393.0825621949,302.04507985219936,150
19260000,38520.00000693005,-204413.1666427533,306.0886032229973,150
19265000,38530.00000693209,-203624.04474528471,299.4430775445987,150
19270000,38540.000006934126,-203890.8001706188,300.26963456250894,150
19275000,38550.00000693616,-203048.4900940127,298.80924024967555,150
19280000,38560.0000069382,-203688.3863881065,298.4904386672573,150
19285000,38570.00000694024,-203699.1961023413,302.63078454655647,150
19290000,38580.000006942275,-204044.89619763673,301.30757800548656,150
19295000,38590.00000694431,-203722.03786976135,300.7935731854191,150
19300000,38600.00000694635,-203304.50647361937,301.17219402579764,150
19305000,38610.00000694839,-204224.55942976964,298.595550027196,150
19310000,38620.000006950424,-204599.93949774478,299.0456122985227,150
19315000,38630.00000695246,-203268.02806878532,299.2578585198112,150
19320000,38640.0000069545,-202975.30167078623,300.79338124210074,150
19325000,38650.000006956536,-204004.4970926866,298.5362175619211,150
19330000,38660.00000695857,-203428.328608606,299.82696926615705,150
19335000,38670.00000696061,-203378.98035157367,304.78585715350016,150
19340000,38680.00000696265,-203904.27232749632,303.3596295985091,150
19345000,38690.000006964685,-204242.8991366668,300.26672832425686,150
19350000,38700.00000696672,-203477.97482779634,304.18325955976485,150
19355000,38710.00000696876,-203312.89025463106,303.07302361619526,150
19360000,38720.0000069708,-203826.2086748198,300.9251852908944,150
19365000,38730.000006972834,-203557.0410770789,298.4540781650526,150
19370000,38740.00000697487,-203238.2789662258,297.49347429684246,150
19375000,38750.00000697691,-203581.51973283954,303.8206556135632,150
19380000,38760.000006978946,-203386.1014889602,299.9599367737895,150
19385000,38770.00000698098,-204460.21746505646,297.2269384874066,150
19390000,38780.00000698302,-203964.82689327153,299.50455897104194,150
19395000,38790.00000698506,-204135.82713882613,296.3722977915503,150
19400000,38800.000006987095,-204003.7386654634,303.8159997325948,150
19405000,38810.00000698913,-202946.7638614244,305.44790870603225,150
19410000,38820.00000699117,-203283.54469620285,304.4582923520797,150
19415000,38830.00000699321,-204393.1412321718,298.780046125564,150
19420000,38840.000006995244,-204142.14185694605,299.6154998275423,150
19425000,38850.00000699728,-204225.45396103582,300.61211690130517,150
19430000,38860.00000699932,-203502.16864861222,301.6203278920177,150
19435000,38870.000007001356,-203877.80540819396,295.41490069952636,150
19440000,38880.00000700339,-203071.5410827814,302.3070671979089,150
19445000,38890.00000700543,-203866.94168320228,297.1065345603655,150
19450000,38900.00000700747,-203315.31350955018,302.7619299381757,150
19455000,38910.000007009505,-204292.81330472336,301.04781266946844,150
19460000,38920.00000701154,-204202.0287085703,297.0144854095404,150
19465000,38930.00000701358,-203362.6231417564,301.1560731863156,150
19470000,38940.00000701562,-204155.12877956976,299.7095083990591,150
19475000,38950.000007017654,-204438.00958802376,300.158683627338,150
19480000,38960.00000701969,-203705.0508186107,296.86421874705763,150
19485000,38970.00000702173,-203588.65379118966,302.52664084990516,150
19490000,38980.000007023766,-203729.20247263054,301.1632475331015,150
19495000,38990.0000070258,-203709.34457830875,301.9006096141711,150
19500000,39000.00000702784,-203750.38301458745,305.0504038949001,150
19505000,39010.00000702988,-203554.32284611592,298.05834957431074,150
19510000,39020.000007031915,-204035.4596224411,301.1295322141575,150
19515000,39030.00000703395,-204030.41945740685,296.07917330283004,150
19520000,39040.00000703599,-203202.64155809255,300.40907124968584,150
19525000,39050.00000703803,-203805.33047982922,298.3937081286318,150
19530000,39060.000007040064,-204137.04610737856,299.3576560136456,150
19535000,39070.0000070421,-203693.69181625184,299.18098938743265,150
19540000,39080.00000704414,-203653.97929574258,299.9746267248517,150
19545000,39090.000007046176,-204354.0800437933,301.62976218038034,150
19550000,39100.00000704821,-204238.5569923321,298.947137406914,150
19555000,39110.00000705025,-204967.05242061848,302.1064685546234,150
19560000,39120.00000705229,-203343.48080885678,299.5725021670779,150
19565000,39130.000007054325,-203528.86285478424,297.8782426802234,150
19570000,39140.00000705636,-203575.74620041635,296.8708784364563,150
19575000,39150.0000070584,-203965.3511385253,300.92769767399517,150
19580000,39160.00000706044,-204376.1028886889,294.33999405586087,150
19585000,39170.000007062474,-203683.89903622575,297.9816193248173,150
19590000,39180.00000706451,-203781.8067330469,301.24824755084944,150
19595000,39190.00000706655,-203341.8216501734,300.29341832294404,150
19600000,39200.000007068586,-203660.18602722592,298.1327138908716,150
19605000,39210.00000707062,-203987.00023536908,296.17775551306676,150
19610000,39220.00000707266,-204484.75946032372,301.228668982685,150
19615000,39230.0000070747,-204655.7790587903,302.40816194355364,150
19620000,39240.000007076735,-204056.65460067068,300.28501587075607,150
19625000,39250.00000707877,-204335.99931976793,299.62551017450534,150
19630000,39260.00000708081,-203412.40334017237,302.3978366790516,150
19635000,39270.00000708285,-204064.66461098124,304.77131997916786,150
19640000,39280.000007084884,-203175.57715145813,301.03600019360937,150
19645000,39290.00000708692,-203596.5617784385,299.27944821901485,150
19650000,39300.00000708896,-203650.53317012498,302.62651881238327,150
19655000,39310.000007090995,-203160.68713681202,297.45891103912123,150
19660000,39320.00000709303,-204594.64770510618,298.5545145919727,150
19665000,39330.00000709507,-203790.6327963724,306.4103032935175,150
19670000,39340.00000709711,-203277.15264222084,297.94783685395436,150
19675000,39350.000007099145,-204835.91056272772,303.0380658962452,150
19680000,39360.00000710118,-204350.81568437174,298.7507557328885,150
19685000,39370.00000710322,-203618.92017670185,295.59820579147555,150
19690000,39380.00000710526,-203929.5342080969,300.57559149663615,150
19695000,39390.000007107294,-203536.2071205848,298.9879404433443,150
19700000,39400.00000710933,-203527.0664978485,300.73137452955194,150
19705000,39410.00000711137,-203524.49529516313,297.5992623476641,150
19710000,39420.000007113405,-203582.40735428932,303.1641816257991,150
19715000,39430.00000711544,-204884.91771868628,305.5620513855853,150
19720000,39440.00000711748,-204051.01006477512,300.7232720009703,150
19725000,39450.00000711952,-204383.63269674394,299.00554296385326,150
19730000,39460.000007121555,-203157.14428758936,301.7447930918261,150
19735000,39470.00000712359,-204197.45430318604,300.25756176860705,150
19740000,39480.00000712563,-203541.8410360599,295.7407799490676,150
19745000,39490.000007127666,-203562.5497318441,301.26065973030285,150
19750000,39500.0000071297,-203847.60479587666,298.1728870302459,150
19755000,39510.00000713174,-204349.7157143465,299.3410548743131,150
19760000,39520.00000713378,-203772.69623252144,300.6379836649314,150
19765000,39530.000007135815,-203016.64372807927,296.9763377430593,150
19770000,39540.00000713785,-203925.67323232617,303.26780266423606,150
19775000,39550.00000713989,-204077.30141784216,300.3425320742032,150
19780000,39560.00000714193,-203708.06399182987,303.0684919729569,150
19785000,39570.000007143964,-203491.55439791712,300.82136329764006,150
19790000,39580.000007146,-203356.2142726956,302.8419831200646,150
19795000,39590.00000714804,-203946.2361933426,303.4494370484966,150
19800000,39600.000007150076,-204074.39793789608,302.7851460878765,150
19805000,39610.00000715211,-203389.143681288,295.57747902654734,150
19810000,39620.00000715415,-203137.08801164664,300.77269588471506,150
19815000,39630.00000715619,-204010.89176032017,297.83044954194094,150
19820000,39640.000007158225,-203851.3225935161,299.695548872353,150
19825000,39650.00000716026,-204568.688607233,298.3309296706444,150
19830000,39660.0000071623,-203908.18951098516,304.36794147326685,150
19835000,39670.00000716434,-204056.14781037206,300.1749488390781,150
19840000,39680.000007166374,-203819.51538803114,299.1878192937403,150
19845000,39690.00000716841,-203495.2695700149,301.23150564582943,150
19850000,39700.00000717045,-203584.37676175009,300.2711531645689,150
19855000,39710.000007172486,-203895.89926683914,304.46063627773117,150
19860000,39720.00000717452,-204277.45357686724,299.5294189005523,150
19865000,39730.00000717656,-204082.81297642062,298.7987737899387,150
19870000,39740.0000071786,-203493.93031372584,301.455564433002,150
19875000,39750.000007180635,-204285.27658801246,302.8359330104035,150
19880000,39760.00000718267,-203834.97907487198,303.7284206706454,150
19885000,39770.00000718471,-204013.35553953552,299.794861376066,150
19890000,39780.00000718675,-203868.78664383607,302.07880592666874,150
19895000,39790.000007188784,-203479.35226211848,292.96912502363557,150
19900000,39800.00000719082,-204009.24264218786,301.5917246189717,150
19905000,39810.00000719286,-204170.43038289424,303.5381431951136,150
19910000,39820.000007194896,-203618.8166559179,305.8758439083984,150
19915000,39830.00000719693,-204166.3944068296,301.22789747258315,150
19920000,39840.00000719897,-203585.80553561228,303.3273107993707,150
19925000,39850.00000720101,-204411.2833517983,298.97835334854454,150
19930000,39860.000007203045,-204034.53970719548,299.5528903207307,150
19935000,39870.00000720508,-204068.97631425154,299.54558100422463,150
19940000,39880.00000720712,-204231.59743456484,301.5586075803517,150
19945000,39890.00000720916,-203247.38840996393,300.6953588504447,150
19950000,39900.000007211194,-204092.79495481297,300.27999841027025,150
19955000,39910.00000721323,-204925.04922889976,298.1098116031226,150
19960000,39920.00000721527,-204419.43345776282,303.134632670347,150
19965000,39930.000007217306,-203587.88999451092,301.57260066291065,150
19970000,39940.00000721934,-204369.32928323932,296.484721463615,150
19975000,39950.00000722138,-203451.51029711333,304.78732759954516,150
19980000,39960.00000722342,-204199.7500364862,300.87465773886566,150
19985000,39970.000007225455,-204031.91987882962,302.6382027320839,150
19990000,39980.00000722749,-203782.89690781583,296.8718986547767,150
19995000,39990.00000722953,-203951.54399377934,298.1404397092339,150
20000000,40000.00000723157,-203789.26936096,299.8732379820845,150
20005000,40010.000007233604,-203403.45257457613,305.0352092798906,150
20010000,40020.00000723564,-204165.85461336176,298.7800323001024,150
20015000,40030.00000723768,-203585.1462453151,298.19020054087,150
20020000,40040.000007239716,-203417.96549723193,300.19431903366973,150
20025000,40050.00000724175,-203555.87383019854,300.5358543292082,150
20030000,40060.00000724379,-203578.96908762632,297.6898120281577,150
20035000,40070.00000724583,-203999.31464305345,299.4916169724643,150
20040000,40080.000007247865,-203952.8397434255,301.9286119811447,150
20045000,40090.0000072499,-203612.18312236026,301.78067642571716,150
20050000,40100.00000725194,-203545.34833214316,299.6515407017544,150
20055000,40110.00000725398,-203822.6523270877,305.31618146887575,150
20060000,40120.000007256014,-203637.62162258232,294.7970495763488,150
20065000,40130.00000725805,-203949.80152650457,298.69104398610824,150
20070000,40140.00000726009,-204929.47937937907,301.1065087721948,150
20075000,40150.000007262126,-204276.63101351424,303.33233716135703,150
20080000,40160.00000726416,-204351.3730065443,301.593620601546,150
20085000,40170.0000072662,-203269.17386839457,294.6013972803347,150
20090000,40180.00000726824,-204050.3548217126,294.29150448655884,150
20095000,40190.000007270275,-203923.01227929955,293.2832517286606,150
20100000,40200.00000727231,-204654.60577090888,305.27244045571825,150
20105000,40210.00000727435,-204293.68763547775,297.94490869125775,150
20110000,40220.00000727639,-204751.82636415388,301.7673889830854,150
20115000,40230.000007278424,-204594.64392990572,303.46104735311036,150
20120000,40240.00000728046,-204139.52621217107,299.6806619406484,150
20125000,40250.0000072825,-204140.69156003627,303.43892318972837,150
20130000,40260.000007284536,-203819.45385072555,301.9565009316919,150
20135000,40270.00000728657,-203887.85655156907,298.91267168126956,150
20140000,40280.00000728861,-203506.50266605348,299.34668869330113,150
20145000,40290.00000729065,-203998.74706272024,299.0730488536237,150
20150000,40300.000007292685,-203557.7282923545,299.66602040777497,150
20155000,40310.00000729472,-203286.43815696822,301.64185782635434,150
20160000,40320.00000729676,-204361.19518683455,297.6246504340264,150
20165000,40330.0000072988,-203609.41990333342,298.23848147923877,150
20170000,40340.000007300834,-203010.63515235495,302.4391645177312,150
20175000,40350.00000730287,-203987.20217953273,303.9527682407905,150
20180000,40360.00000730491,-204381.47913292784,294.67656316082343,150
20185000,40370.000007306946,-203600.53655274736,299.06852574573315,150
20190000,40380.00000730898,-203797.24876556988,303.6709677216776,150
20195000,40390.00000731102,-203950.66479849268,296.17662959479566,150
20200000,40400.00000731306,-203771.81774778618,303.21676562893083,150
20205000,40410.000007315095,-204550.45089988434,297.2196616331736,150
20210000,40420.00000731713,-203948.75932053546,297.38164186860473,150
20215000,40430.00000731917,-204493.17354929296,300.4820357135111,150
20220000,40440.00000732121,-204160.96290381846,298.9980130594267,150
20225000,40450.000007323244,-204241.62186735473,299.6532433451502,150
20230000,40460.00000732528,-203972.41696855996,301.1940262051289,150
20235000,40470.00000732732,-204182.1157533474,297.7700391694481,150
20240000,40480.000007329356,-203620.67836284998,301.1676032684137,150
20245000,40490.00000733139,-204703.10743084864,297.8542139975211,150
20250000,40500.00000733343,-204920.63470476412,299.95948206526623,150
20255000,40510.00000733547,-204201.5749482289,301.5089460923694,150
20260000,40520.000007337505,-203892.51798592624,297.08824053463945,150
20265000,40530.00000733954,-203621.54080621712,300.6891375268583,150
20270000,40540.00000734158,-203658.22709166573,302.9328054879132,150
20275000,40550.00000734362,-205185.78532074636,305.1638819450338,150
20280000,40560.000007345654,-203132.43159376492,298.12235318859643,150
20285000,40570.00000734769,-204535.30856377527,301.22543699738026,150
20290000,40580.00000734973,-204344.6260814754,301.21045796578284,150
20295000,40590.000007351766,-204026.8765802126,296.79208995442264,150
20300000,40600.0000073538,-204434.62095845083,294.9423845030287,150
20305000,40610.00000735584,-203975.20928863378,300.03755262382595,150
20310000,40620.00000735788,-203875.1365678762,301.6718957271311,150
20315000,40630.000007359915,-203418.03982496285,296.71604458207787,150
20320000,40640.00000736195,-204119.55639606004,298.6456549734571,150
20325000,40650.00000736399,-204059.8496825645,301.44698614032507,150
20330000,40660.00000736603,-203172.6886234146,301.84562358706813,150
20335000,40670.000007368064,-203448.33695435803,299.6654811597158,150
20340000,40680.0000073701,-204383.27393006906,299.52669284962525,150
20345000,40690.00000737214,-204060.22994094214,301.8294809894073,150
20350000,40700.000007374176,-203421.71972481825,302.66702315467006,150
20355000,40710.00000737621,-202519.831657612,300.24089429184426,150
20360000,40720.00000737825,-204088.16981391935,302.29277282411095,150
20365000,40730.00000738029,-204312.53642212495,301.69353309818604,150
20370000,40740.000007382325,-204258.60408400767,303.34411900718464,150
20375000,40750.00000738436,-203759.30111065018,298.8652227555069,150
20380000,40760.0000073864,-204020.3624887555,302.13642130346835,150
20385000,40770.00000738844,-204115.7885186253,301.0316881020212,150
20390000,40780.000007390474,-204232.98867133784,300.5603677100404,150
20395000,40790.00000739251,-204541.82187743264,299.8019176883634,150
20400000,40800.00000739455,-203830.10766387184,301.36452751250505,150
20405000,40810.000007396586,-204032.95240541792,297.5071991588146,150
20410000,40820.00000739862,-203234.09045348538,299.7833483480537,150
20415000,40830.00000740066,-203309.73349820182,301.7524684928607,150
20420000,40840.0000074027,-203908.65627095918,302.9669674098849,150
20425000,40850.000007404735,-204537.35353554494,298.5144994014952,150
20430000,40860.00000740677,-203332.63822442398,301.9690672349293,150
20435000,40870.00000740881,-203661.8402885904,303.74368995372566,150
20440000,40880.00000741085,-203230.4146301318,305.30473376832265,150
20445000,40890.000007412884,-203691.0592220471,301.63400393642763,150
20450000,40900.00000741492,-203906.23300373415,300.1074457368002,150
20455000,40910.00000741696,-203543.23502081854,299.8860752264458,150
20460000,40920.000007418996,-204292.99218707264,302.3769138882568,150
20465000,40930.00000742103,-204902.0366864655,306.7657072774105,150
20470000,40940.00000742307,-204189.88860981504,301.46469100994847,150
20475000,40950.00000742511,-203747.4435041583,301.7441477573991,150
20480000,40960.000007427145,-203569.07314777805,300.29750389670323,150
20485000,40970.00000742918,-203384.61019013426,300.24041736189685,150
20490000,40980.00000743122,-204965.23438935052,294.7452059078856,150
20495000,40990.00000743326,-203735.68818998558,305.09411996189283,150
20500000,41000.000007435294,-203981.28318053903,297.95602335517725,150
20505000,41010.00000743733,-204520.95479509886,299.35225507436473,150
20510000,41020.00000743937,-204229.3768495142,302.1502653541068,150
20515000,41030.000007441406,-204092.39940363204,303.2215069407185,150
20520000,41040.00000744344,-204108.81467866374,300.5011063187995,150
20525000,41050.00000744548,-204302.57012978336,303.0749392507174,150
20530000,41060.00000744752,-204301.2169021404,295.7077625932331,150
20535000,41070.000007449555,-204069.37001195992,305.0949482463471,150
20540000,41080.00000745159,-204002.52609855635,306.1441707731238,150
20545000,41090.00000745363,-204253.52846664249,302.6945361060168,150
20550000,41100.00000745567,-204458.6680265587,305.5712569010954,150
20555000,41110.000007457704,-203300.2828058321,302.5239229420013,150
20560000,41120.00000745974,-204113.75907274534,305.33392256473127,150
20565000,41130.00000746178,-203876.43263121322,300.58060717378874,150
20570000,41140.000007463816,-203711.25267312676,298.9072959672683,150
20575000,41150.00000746585,-203880.07987420133,305.7981507274305,150
20580000,41160.00000746789,-204135.42653219833,301.36790840740304,150
20585000,41170.00000746993,-204656.9981522594,294.24208946804265,150
20590000,41180.000007471965,-204982.46355970087,306.30815619768384,150
20595000,41190.000007474,-204902.9971183237,306.44265178380834,149
20600000,41200.00000747604,-203905.8646075233,301.05890365695166,149
20605000,41210.00000747808,-203877.27578076057,302.6366098625771,149
20610000,41220.000007480114,-204133.07816469437,302.78876279279876,149
20615000,41230.00000748215,-204371.1843257579,297.2414764275461,149
20620000,41240.00000748419,-203675.09431889944,299.8060508208421,149
20625000,41250.000007486226,-204131.2214104368,303.8342497001008,149
20630000,41260.00000748826,-204099.1430045889,300.39555939395603,149
20635000,41270.0000074903,-203194.28655979165,300.8801024979061,149
20640000,41280.00000749234,-203596.53448568494,304.54923304449034,149
20645000,41290.000007494375,-203247.0535812399,301.0446672375705,149
20650000,41300.00000749641,-203296.9020539018,300.60406327452336,149
20655000,41310.00000749845,-204072.0062058093,298.22309570782045,149
20660000,41320.00000750049,-203326.2801034546,296.79126366761824,149
20665000,41330.000007502524,-203916.6998618947,300.8591324038981,149
20670000,41340.00000750456,-204429.5260085716,297.18708633146264,149
20675000,41350.0000075066,-205020.73470046464,298.46787675675955,149
20680000,41360.000007508635,-204239.4716979356,297.8517768621503,149
20685000,41370.00000751067,-203404.79192062072,296.65369588912966,149
20690000,41380.00000751271,-204035.2605304016,300.2002706140375,149
20695000,41390.00000751475,-203455.14694668713,299.66160486264954,149
20700000,41400.000007516785,-203592.46112042537,299.7236375143112,149
20705000,41410.00000751882,-203888.32809898362,302.6909302053082,149
20710000,41420.00000752086,-204119.11509663286,303.0518182312141,149
20715000,41430.000007522896,-204268.60641633323,302.0569396479212,149
20720000,41440.00000752493,-203881.6981711815,299.7324021393392,149
20725000,41450.00000752697,-204226.5975390362,297.57000878523763,149
20730000,41460.00000752901,-203925.99615617783,300.7337839413616,149
20735000,41470.000007531045,-205255.32958611508,301.3755743063295,149
20740000,41480.00000753308,-203120.4271579967,298.05172258408743,149
20745000,41490.00000753512,-202814.97787227237,300.13795710462995,149
20750000,41500.00000753716,-203718.83710947866,300.91067626279977,149
20755000,41510.000007539194,-204442.60871458414,298.77418836614436,149
20760000,41520.00000754123,-204015.30369136413,298.68430708385085,149
20765000,41530.00000754327,-203344.23457228043,296.6903830471414,149
20770000,41540.000007545306,-203618.65953212802,299.5050993476458,149
20775000,41550.00000754734,-204148.22960922157,298.0539551958944,149
20780000,41560.00000754938,-204075.3146497755,300.2024282390184,149
20785000,41570.00000755142,-203272.54190948745,305.5378805330456,149
20790000,41580.000007553455,-203984.27521397767,302.2779878457341,149
20795000,41590.00000755549,-204728.5870668022,301.2888555949533,149
20800000,41600.00000755753,-204048.01379303075,299.10931519764864,149
20805000,41610.00000755957,-204436.901682287,301.7574237164974,149
20810000,41620.000007561604,-204173.20464357256,297.4257960486209,149
20815000,41630.00000756364,-203924.48357059644,298.102852482139,149
20820000,41640.00000756568,-203012.29961868282,298.6895365814564,149
20825000,41650.000007567716,-203793.98285270215,297.3696231823468,149
20830000,41660.00000756975,-203741.42429806956,299.1298244306603,149
20835000,41670.00000757179,-203322.33931108972,303.2155335103991,149
20840000,41680.00000757383,-204263.6868833946,299.48357900390334,149
20845000,41690.000007575865,-203384.49632442335,301.80729042416175,149
20850000,41700.0000075779,-204483.64487528405,300.3596496265869,149
20855000,41710.00000757994,-204131.27504944312,298.38221807280803,149
20860000,41720.00000758198,-204411.41222777148,294.3190529493048,149
20865000,41730.000007584014,-203422.17668103648,300.9758989660356,149
20870000,41740.00000758605,-203448.17323840118,303.5599169640379,149
20875000,41750.00000758809,-203613.15530474414,299.7823081667927,149
20880000,41760.000007590126,-204411.16011387168,299.3536903485802,149
20885000,41770.00000759216,-203709.6568607291,301.87955699580266,149
20890000,41780.0000075942,-203902.44970410794,300.00141211168994,149
20895000,41790.00000759624,-203918.46239440574,300.4981020840401,149
20900000,41800.000007598275,-203989.50900103513,298.4179387020872,149
20905000,41810.00000760031,-203418.82710744988,297.20682094161145,149
20910000,41820.00000760235,-203700.98335710983,295.21501560545755,149
20915000,41830.00000760439,-203805.09844962216,299.35578183675267,149
20920000,41840.000007606424,-203850.40614804009,295.6948714224677,149
20925000,41850.00000760846,-204699.20721464325,295.7152646013544,149
20930000,41860.0000076105,-204602.671809435,301.021206431743,149
20935000,41870.000007612536,-204312.67680440738,297.6812878743736,149
20940000,41880.00000761457,-204603.61165391875,303.2134117312742,149
20945000,41890.00000761661,-203847.34284907568,300.09569616853184,149
20950000,41900.00000761865,-203988.16384757578,299.8672731335873,149
20955000,41910.000007620685,-204148.19362453395,306.14664386379343,149
20960000,41920.00000762272,-203978.39470513654,300.15831320829994,149
20965000,41930.00000762476,-203570.18727439956,307.1514555473682,149
20970000,41940.0000076268,-203963.9135514974,304.9213913440943,149
20975000,41950.000007628834,-204127.87621577003,300.5664389729772,149
20980000,41960.00000763087,-203967.61965219048,298.30613218793695,149
20985000,41970.00000763291,-203461.96318045002,298.23222470082493,149
20990000,41980.000007634946,-203403.1325375432,299.17746975482396,149
20995000,41990.00000763698,-204400.93743460428,302.3811913777618,149
21000000,42000.00000763902,-203733.75497672742,299.5359093292745,149
21005000,42010.00000764106,-203469.93910778384,303.26158374411995,149
21010000,42020.000007643095,-203967.1980410295,298.09699859741767,149
21015000,42030.00000764513,-203943.04849842645,302.98952200694447,149
21020000,42040.00000764717,-204056.49220308603,296.0387961892227,149
21025000,42050.00000764921,-203770.36051132006,297.66182610065226,149
21030000,42060.000007651244,-203738.81390487903,301.1138689305345,149
21035000,42070.00000765328,-204666.08856946533,300.3523081479441,149
21040000,42080.00000765532,-203639.71749351767,299.44518299245414,149
21045000,42090.000007657356,-203400.72239190037,298.7641032017436,149
21050000,42100.00000765939,-204778.89992490562,302.5637426071498,149
21055000,42110.00000766143,-203395.84154727368,302.0957562763376,149
21060000,42120.00000766347,-203824.61683946836,302.41356641062674,149
21065000,42130.000007665505,-203537.9697526038,302.5284632779291,149
21070000,42140.00000766754,-204053.9211019046,302.05661421712193,149
21075000,42150.00000766958,-204126.0653309453,302.3869646277716,149
21080000,42160.00000767162,-203884.58496880636,302.68183067998785,149
21085000,42170.000007673654,-204028.08901558712,305.38652356775924,149
21090000,42180.00000767569,-204058.46741714282,297.7660131193459,149
21095000,42190.00000767773,-203742.05289947276,301.76603181173164,149
21100000,42200.000007679766,-203772.5636389578,299.29719623248155,149
21105000,42210.0000076818,-203658.33971618442,297.3130871947965,149
21110000,42220.00000768384,-203630.66860384436,299.71694667209033,149
21115000,42230.00000768588,-203933.16411723138,299.2816671756903,149
21120000,42240.000007687915,-203758.35586357745,301.7722731509681,149
21125000,42250.00000768995,-203896.2663003261,303.06431727063745,149
21130000,42260.00000769199,-203819.45265716617,294.20051121844386,149
21135000,42270.00000769403,-203595.85570577974,300.6422108819946,149
21140000,42280.000007696064,-203248.60044583888,302.76856621714705,149
21145000,42290.0000076981,-203762.39198601618,298.6560133351104,149
21150000,42300.00000770014,-203720.39969063643,303.52540113711586,149
21155000,42310.000007702176,-203890.9901123523,300.00972457961683,149
21160000,42320.00000770421,-203973.98270127876,302.4752129530227,149
21165000,42330.00000770625,-204083.76779532875,299.9092525000383,149
21170000,42340.00000770829,-203471.84903044708,299.71665582905285,149
21175000,42350.000007710325,-204534.19835734752,303.67488131280567,149
21180000,42360.00000771236,-204062.49091988476,300.11599245582687,149
21185000,42370.0000077144,-203151.03393101343,300.28286118129535,149
21190000,42380.00000771644,-204497.17691532802,300.95395436238886,149
21195000,42390.000007718474,-204139.0814762971,303.69718117913834,149
21200000,42400.00000772051,-202926.6654185932,302.40357379693216,149
21205000,42410.00000772255,-203652.82408076792,295.593424710992,149
21210000,42420.000007724586,-204166.1517321535,299.4321932709522,149
21215000,42430.00000772662,-203750.99565532943,300.1639778829655,149
21220000,42440.00000772866,-204076.8411837424,305.71694060239315,149
21225000,42450.0000077307,-203935.5918330826,301.5219283760659,149
21230000,42460.000007732735,-203564.73959045892,300.8188277587499,149
21235000,42470.00000773477,-204274.37296314572,299.2168296226619,149
21240000,42480.00000773681,-203668.59316604666,300.2052562294482,149
21245000,42490.00000773885,-204548.37078892614,300.6473008961342,149
21250000,42500.000007740884,-204312.32480805367,296.80111721509843,149
21255000,42510.00000774292,-203645.00510371954,304.18284500530234,149
21260000,42520.00000774496,-203476.98775904684,304.88889533973156,149
21265000,42530.000007746996,-203991.125870615,294.7415972384796,149
21270000,42540.00000774903,-203862.98867908202,301.21409809896966,149
21275000,42550.00000775107,-203925.71187244973,297.7688436916629,149
21280000,42560.00000775311,-204066.41615664656,302.51337084050016,149
21285000,42570.000007755145,-204094.82758067653,297.71493689815435,149
21290000,42580.00000775718,-203515.1539926523,297.68241325055965,149
21295000,42590.00000775922,-204518.4835461654,297.32407972645916,149
21300000,42600.00000776126,-203206.2820558292,297.97898102863445,149
21305000,42610.000007763294,-203429.33644465078,295.8027270657342,149
21310000,42620.00000776533,-204654.12279012706,296.5226394457286,149
21315000,42630.00000776737,-204249.68039912207,302.7091171197529,149
21320000,42640.000007769406,-203398.83585773362,301.76815935218207,149
21325000,42650.00000777144,-204854.13301264297,303.92275503727365,149
21330000,42660.00000777348,-204151.56389823346,296.49057844815064,149
21335000,42670.00000777552,-204891.54550738516,302.7601778220223,149
21340000,42680.000007777555,-204205.2709706931,302.8352267220503,149
21345000,42690.00000777959,-203122.28260732547,298.7166884213709,149
21350000,42700.00000778163,-204310.32557426242,306.2865259454206,149
21355000,42710.00000778367,-204400.928341873,299.0602708791259,149
21360000,42720.000007785704,-204331.78844890255,298.653719972746,149
21365000,42730.00000778774,-203651.76582313573,297.746297246506,149
21370000,42740.00000778978,-203683.56494938827,303.30125073629796,149
21375000,42750.000007791816,-204372.02739780303,297.7653006283218,149
21380000,42760.00000779385,-203102.77549346,299.9201128298599,149
21385000,42770.00000779589,-203735.27231794654,303.30633648450697,149
21390000,42780.00000779793,-204510.47761420032,296.8871911133915,149
21395000,42790.000007799965,-203608.83644218626,297.49097447553487,149
21400000,42800.000007802,-203594.15057244292,301.76184894790583,149
21405000,42810.00000780404,-203883.90482406283,302.57166099445146,149
21410000,42820.00000780608,-204094.31170397846,300.81404166995696,149
21415000,42830.000007808114,-204322.5285660344,301.0188055986443,149
21420000,42840.00000781015,-203088.28389191616,300.2975166760662,149
21425000,42850.00000781219,-203828.67910582596,303.3202834833278,149
21430000,42860.000007814226,-203141.89357014955,297.07050440758564,149
21435000,42870.00000781626,-202911.6617929577,301.9049218978249,149
21440000,42880.0000078183,-204202.16278491216,299.87279248892634,149
21445000,42890.00000782034,-204125.41401598102,300.41551953029426,149
21450000,42900.000007822375,-205078.68350622943,302.7449433165756,149
21455000,42910.00000782441,-203770.13615101168,300.331278481732,149
21460000,42920.00000782645,-204138.3076297784,298.1884627790441,149
21465000,42930.00000782849,-203886.28848902695,298.7737764327159,149
21470000,42940.000007830524,-203425.69375818153,303.1152533986956,149
21475000,42950.00000783256,-203354.250502332,300.17873807108583,149
21480000,42960.0000078346,-203768.76304092607,299.238619312067,149
21485000,42970.000007836636,-204196.92509581312,302.69712947669,149
21490000,42980.00000783867,-203168.62074289657,299.17562881494143,149
21495000,42990.00000784071,-203688.22463797557,301.6212248162819,149
21500000,43000.00000784275,-203540.9987319659,297.6655492479962,149
21505000,43010.000007844785,-203943.63462369842,303.50335230994955,149
21510000,43020.00000784682,-203092.38043359492,303.2231057771245,149
21515000,43030.00000784886,-204139.29203804478,299.1132673010208,149
21520000,43040.0000078509,-203275.01435418334,298.1777394598416,149
21525000,43050.000007852934,-204212.5765210872,298.9171590437102,149
21530000,43060.00000785497,-203461.90286123962,297.523876107829,149
21535000,43070.00000785701,-204279.84828101902,300.9816861210398,149
21540000,43080.000007859046,-204326.52902098838,302.60463747924007,149
21545000,43090.00000786108,-203970.36319289694,302.6048921380633,149
21550000,43100.00000786312,-204131.83954594063,297.6825196705977,149
21555000,43110.00000786516,-204075.78498758317,300.269742876738,149
21560000,43120.000007867195,-203833.2146760769,301.8563539022549,149
21565000,43130.00000786923,-203587.41569416446,296.63357177697094,149
21570000,43140.00000787127,-203537.09681642498,302.7303924753554,149
21575000,43150.00000787331,-203769.65081204625,304.37316992308615,149
21580000,43160.000007875344,-203384.64205011015,299.43810650678967,149
21585000,43170.00000787738,-204680.81849354936,294.4360472275907,149
21590000,43180.00000787942,-203800.21050325723,298.86544052578256,149
21595000,43190.000007881456,-204105.1948525583,294.6602197339925,149
21600000,43200.00000788349,-203789.99492420012,294.1837539631634,149
21605000,43210.00000788553,-203962.32147138007,296.8783424107514,149
21610000,43220.00000788757,-202633.1219997796,300.1960750857794,149
21615000,43230.000007889605,-203482.993723967,298.8420461687741,149
21620000,43240.00000789164,-203726.31495297723,303.3738379777096,149
21625000,43250.00000789368,-203552.54139796912,298.2765810798623,149
21630000,43260.00000789572,-202916.26891870017,300.4309997339402,149
21635000,43270.000007897754,-204156.86891550827,302.1156108186812,149
21640000,43280.00000789979,-204336.4496316529,298.24773795294396,149
21645000,43290.00000790183,-203812.28461596102,302.6340199826361,149
21650000,43300.000007903865,-203552.4536747717,303.0888908002426,149
21655000,43310.0000079059,-203931.3143142343,300.3608933778999,149
21660000,43320.00000790794,-204310.13391442632,308.76938228240533,149
21665000,43330.00000790998,-203977.88538570853,298.2756911559973,149
21670000,43340.000007912015,-203548.2371431617,299.0107901352761,149
21675000,43350.00000791405,-204310.56433273177,296.69699807752005,149
21680000,43360.00000791609,-203209.5508703983,294.84791188402517,149
21685000,43370.000007918126,-204578.2012978273,306.1855009811851,149
21690000,43380.00000792016,-204419.10691534437,298.92147591130544,149
21695000,43390.0000079222,-204041.41415499023,301.4752134229193,149
21700000,43400.00000792424,-204049.30762992695,298.0627017553006,149
21705000,43410.000007926275,-203888.78436253162,295.88678330035435,149
21710000,43420.00000792831,-204048.17704121105,303.2688163037993,149
21715000,43430.00000793035,-203851.9060045021,300.57607136616804,149
21720000,43440.00000793239,-203582.65495374706,303.01429098546595,149
21725000,43450.000007934425,-204196.93456910644,301.6174957793153,149
21730000,43460.00000793646,-203754.93384551874,299.86181031553014,149
21735000,43470.0000079385,-203405.60317178583,307.19106525732747,149
21740000,43480.000007940536,-204317.31919028854,297.0438346050693,149
21745000,43490.00000794257,-204039.35324408056,300.65817769722696,149
21750000,43500.00000794461,-204399.0567959674,300.22597663735127,149
21755000,43510.00000794665,-204061.62528615468,303.04840993820847,149
21760000,43520.000007948685,-203976.53047300677,300.25061724034276,149
21765000,43530.00000795072,-204022.14049896982,302.6165732851168,149
21770000,43540.00000795276,-203886.83339638216,307.8615868508394,149
21775000,43550.0000079548,-203659.0544284169,298.1395171863127,149
21780000,43560.000007956834,-204052.1049169267,303.2230733962978,149
21785000,43570.00000795887,-204142.87161925295,299.0794904483598,149
21790000,43580.00000796091,-204064.83474815032,300.4623799575502,149
21795000,43590.000007962946,-204106.0487331699,302.73714312032735,149
21800000,43600.00000796498,-203878.31205804658,298.725042307067,149
21805000,43610.00000796702,-204108.89075658668,300.78143235648065,149
21810000,43620.00000796906,-203299.1081728679,296.3485885616558,149
21815000,43630.000007971095,-204090.93132246356,300.0669548478297,149
21820000,43640.00000797313,-203424.49017850775,305.9215756652388,149
21825000,43650.00000797517,-203880.06680211774,309.00238791233755,149
21830000,43660.00000797721,-203851.65997934225,297.7036605057011,149
21835000,43670.000007979244,-203966.94227891124,299.49778501664224,149
21840000,43680.00000798128,-204219.10127892217,296.04844150671903,149
21845000,43690.00000798332,-204205.76552292868,300.42400440277646,149
21850000,43700.000007985356,-203721.6077325649,306.9300677533535,149
21855000,43710.00000798739,-204484.21612122806,296.56024583036816,149
21860000,43720.00000798943,-204100.76655704656,300.3584693897287,149
21865000,43730.00000799147,-203605.26047275856,295.6138676271033,149
21870000,43740.000007993505,-203013.6025942067,303.55549763833676,149
21875000,43750.00000799554,-204099.79968490417,298.3159399019266,149
21880000,43760.00000799758,-204643.02306152682,299.0599562337788,149
21885000,43770.00000799962,-204161.71547205548,301.79430208869127,149
21890000,43780.000008001654,-204506.97142314992,297.4405932399696,149
21895000,43790.00000800369,-203729.2984753732,298.7021648105084,149
21900000,43800.00000800573,-203389.98286182492,301.34228999259597,149
21905000,43810.000008007766,-204291.5485633253,304.5190429347993,149
21910000,43820.0000080098,-204448.1553295143,300.83854079105276,149
21915000,43830.00000801184,-203854.24176780984,300.5634096550516,149
21920000,43840.00000801388,-204189.38717961195,303.642784191612,149
21925000,43850.000008015915,-204600.47764778964,298.968310602659,149
21930000,43860.00000801795,-203686.49249546917,302.5157183908308,149
21935000,43870.00000801999,-204581.8676549719,302.8347154785244,149
21940000,43880.00000802203,-204574.8984471485,306.4361826647543,149
21945000,43890.000008024064,-204400.90528155526,302.44389400842687,149
21950000,43900.0000080261,-203856.11877550266,301.84200822733027,149
21955000,43910.00000802814,-203902.99351998384,301.9334440705878,149
21960000,43920.000008030176,-204141.01098964585,298.65500950608816,149
21965000,43930.00000803221,-203931.56680232764,306.438239800056,149
21970000,43940.00000803425,-205006.08342626248,301.0842450131912,149
21975000,43950.00000803629,-204146.16282130242,300.62561338938593,149
21980000,43960.000008038325,-204252.85709076654,301.5544967926066,149
21985000,43970.00000804036,-203266.21559162007,306.1084597157597,149
21990000,43980.0000080424,-204068.25656380889,306.27509049899317,149
21995000,43990.00000804444,-204588.85816124303,299.85682846662826,149
22000000,44000.000008046474,-203138.84739407664,302.01177285895534,149
22005000,44010.00000804851,-204368.14939747262,303.57162220071933,149
22010000,44020.00000805055,-204171.9229449078,297.4738379783178,149
22015000,44030.000008052586,-204542.2800216081,299.7016091732356,149
22020000,44040.00000805462,-203765.7578135652,299.6104102540797,149
22025000,44050.00000805666,-203606.77579766873,301.7251127656882,149
22030000,44060.0000080587,-203611.1030418462,305.1127210872956,149
22035000,44070.000008060735,-204841.70760786696,295.50330364620385,149
22040000,44080.00000806277,-203630.51409223,303.1544335026158,149
22045000,44090.00000806481,-204084.23002439784,300.0982290392793,149
22050000,44100.00000806685,-204045.99369806645,298.14974895593684,149
22055000,44110.000008068884,-203238.79973305075,302.52791841626924,149
22060000,44120.00000807092,-203750.71198011562,298.1689392738906,149
22065000,44130.00000807296,-204086.15654581354,297.1963482463842,149
22070000,44140.000008074996,-203578.70044253417,297.1916672317384,149
22075000,44150.00000807703,-203447.44997677777,299.2813155898381,149
22080000,44160.00000807907,-204172.97279649158,303.7618256372175,149
22085000,44170.00000808111,-204090.06876927125,300.48581051974065,149
22090000,44180.000008083145,-203583.38759391278,299.9195825446211,149
22095000,44190.00000808518,-203097.52736119134,301.64839886760495,149
22100000,44200.00000808722,-203458.6105780044,299.5201601714994,149
22105000,44210.00000808926,-204689.4685711991,300.9084781678844,149
22110000,44220.000008091294,-203785.04138276784,300.65733923678795,149
22115000,44230.00000809333,-204594.15752153343,301.5929453562921,149
22120000,44240.00000809537,-203936.59243777185,299.6536624585333,149
22125000,44250.000008097406,-203778.78891815955,295.48674762567276,149
22130000,44260.00000809944,-204304.4037967272,299.81369155841975,149
22135000,44270.00000810148,-203285.9229939218,305.1745515291966,149
22140000,44280.00000810352,-203542.4007214706,297.9633732878439,149
22145000,44290.000008105555,-204341.11293456797,303.2888268246632,149
22150000,44300.00000810759,-203842.95982562017,294.37868726247274,149
22155000,44310.00000810963,-204358.04227797827,300.77999093700055,149
22160000,44320.00000811167,-204197.4191977617,300.6318613003857,149
22165000,44330.000008113704,-204368.00297333917,298.94884139739736,149
22170000,44340.00000811574,-204372.04945354245,300.53977944023484,149
22175000,44350.00000811778,-204152.21549955872,302.01122135212427,149
22180000,44360.000008119816,-203135.22351069632,296.3083582498455,149
22185000,44370.00000812185,-204032.58237062895,303.5470124987795,149
22190000,44380.00000812389,-203820.52937324485,300.93330802996746,149
22195000,44390.00000812593,-202879.67293219722,297.8852564314145,149
22200000,44400.000008127965,-203518.76411654847,304.13262123972333,149
22205000,44410.00000813,-203573.77093374555,301.543753352996,149
22210000,44420.00000813204,-203823.60536721232,300.1485192659594,149
22215000,44430.00000813408,-203759.44937429787,299.6922759919004,149
22220000,44440.000008136114,-203691.8574284903,300.64286594830565,149
22225000,44450.00000813815,-203366.21130676765,299.08145845924594,149
22230000,44460.00000814019,-203965.1801722789,304.28324973009603,149
22235000,44470.000008142226,-204390.43787527306,303.3901619171916,149
22240000,44480.00000814426,-203945.77961203677,304.41398240488036,149
22245000,44490.0000081463,-204262.86374206073,294.6442091898875,149
22250000,44500.00000814834,-203161.0300260058,299.29556918863085,149
22255000,44510.000008150375,-204480.18519608758,302.0992022031591,149
22260000,44520.00000815241,-204596.02530294412,301.81285694599285,149
22265000,44530.00000815445,-203349.5666694108,300.9535743483998,149
22270000,44540.00000815649,-204211.99775189743,298.90345254567336,149
22275000,44550.000008158524,-203791.29119051737,303.39550360517046,149
22280000,44560.00000816056,-203422.47317633033,297.60635589912874,149
22285000,44570.0000081626,-203640.1013802652,296.159197044072,149
22290000,44580.000008164636,-203130.0547973524,302.03308675344795,149
22295000,44590.00000816667,-204579.27543067303,302.03750611151395,149
22300000,44600.00000816871,-203890.21757382387,301.34876744615605,149
22305000,44610.00000817075,-203392.99052531354,299.19358079338787,149
22310000,44620.000008172785,-203087.17541618075,299.9136187253224,149
22315000,44630.00000817482,-203898.33300151082,301.3331349361434,149
22320000,44640.00000817686,-204227.758709325,303.0781196526503,149
22325000,44650.0000081789,-204149.1095791934,301.05710805111653,149
22330000,44660.000008180934,-204196.60333546565,303.80886463040486,149
22335000,44670.00000818297,-203414.0989115201,300.8458311028438,149
22340000,44680.00000818501,-203959.70782677538,301.65942642058667,149
22345000,44690.000008187046,-203348.40682756458,297.6210678120456,149
22350000,44700.00000818908,-204397.17222686217,303.07909589157055,149
22355000,44710.00000819112,-204037.8466755529,299.6861961742819,149
22360000,44720.00000819316,-203755.1663834838,304.75774070422494,149
22365000,44730.000008195195,-204226.33799118514,300.7375714386742,149
22370000,44740.00000819723,-204148.38165465684,301.5314684896406,149
22375000,44750.00000819927,-203744.4337301118,298.2628055823855,149
22380000,44760.00000820131,-202832.61262893956,305.3872145686245,149
22385000,44770.000008203344,-203188.94354977214,301.0682265311423,149
22390000,44780.00000820538,-203963.86175620882,294.73863227974215,149
22395000,44790.00000820742,-203007.2777157243,303.37597393092244,149
22400000,44800.000008209456,-203772.75918028574,295.06201598224106,149
22405000,44810.00000821149,-203634.3333894665,297.0150510508108,149
22410000,44820.00000821353,-203549.9496758175,300.9892797095467,149
22415000,44830.00000821557,-203936.23804474447,296.61465667876206,149
22420000,44840.000008217605,-204086.18664165854,300.60658246360293,149
22425000,44850.00000821964,-203011.31222917477,305.3673330273368,149
22430000,44860.00000822168,-203408.01863017888,301.43372616510663,149
22435000,44870.00000822372,-204600.44772039435,299.8498981183,149
22440000,44880.000008225754,-204010.92947285937,294.1915059516759,149
22445000,44890.00000822779,-204092.82754553272,299.7698400255959,149
22450000,44900.00000822983,-203949.61174205318,304.42677604193096,149
22455000,44910.000008231866,-203835.75920435647,297.29227938032295,149
22460000,44920.0000082339,-204371.15558393672,300.96981839363946,149
22465000,44930.00000823594,-204168.1827220082,300.1074131978355,149
22470000,44940.00000823798,-203450.78428689064,297.21678034933683,149
22475000,44950.000008240015,-203449.8570487476,301.0266952398668,149
22480000,44960.00000824205,-203356.0542808018,301.4304046017915,149
22485000,44970.00000824409,-203789.93615053257,300.4388246012811,149
22490000,44980.00000824613,-204413.66013654135,300.28811287241257,149
22495000,44990.000008248164,-203814.04450260312,303.145420453382,149
22500000,45000.0000082502,-203903.79229345103,310.56101818831024,149
22505000,45010.00000825224,-203374.30003959872,304.2998962638378,149
22510000,45020.000008254276,-204177.65090273996,299.0599126094589,149
22515000,45030.00000825631,-204299.48775985348,299.55751361638244,149
22520000,45040.00000825835,-203475.94661099813,298.76000904585106,149
22525000,45050.00000826039,-204106.82422360044,300.4565366859044,149
22530000,45060.000008262425,-203754.34922452748,301.39893176676213,149
22535000,45070.00000826446,-203955.73009808164,292.7641400376655,149
22540000,45080.0000082665,-202880.3665697237,300.5451282609788,149
22545000,45090.00000826854,-204138.94704308617,303.792112998314,149
22550000,45100.000008270574,-203766.41267157218,300.56607795485917,149
22555000,45110.00000827261,-203484.55177891476,299.2738714289014,149
22560000,45120.00000827465,-204148.1117835039,300.018085507443,149
22565000,45130.000008276686,-203810.15138158773,297.4363965300381,149
22570000,45140.00000827872,-204134.92557759385,302.9393354068412,149
22575000,45150.00000828076,-204072.97361522994,301.5107791468886,149
22580000,45160.0000082828,-203919.75365602318,299.06892404138574,149
22585000,45170.000008284835,-204732.3983677606,300.86456490953566,149
22590000,45180.00000828687,-203706.8175337026,299.1994498093062,149
22595000,45190.00000828891,-204581.3920724193,297.91365405379537,149
22600000,45200.00000829095,-204354.01379765174,300.55753987741673,149
22605000,45210.000008292984,-204718.88800165895,304.52465548238035,149
22610000,45220.00000829502,-203781.20329686557,305.0462333730608,149
22615000,45230.00000829706,-203839.5349399288,297.96992014243375,149
22620000,45240.000008299095,-203671.83075482293,299.96102593891726,149
22625000,45250.00000830113,-203813.482092564,299.37364104884927,149
22630000,45260.00000830317,-202583.37483217323,304.832159755491,149
22635000,45270.00000830521,-203310.30984329537,302.2611427654791,149
22640000,45280.000008307245,-204350.8119299733,298.87765548877053,149
22645000,45290.00000830928,-204012.93823729747,303.17287574115704,149
22650000,45300.00000831132,-203914.62828796497,299.8324199462707,149
22655000,45310.00000831336,-204707.62608260557,297.617557200305,149
22660000,45320.000008315394,-203530.4454323349,296.1295837232834,149
22665000,45330.00000831743,-203954.52369436296,303.14500002098526,149
22670000,45340.00000831947,-204285.23092433938,298.22144486190206,149
22675000,45350.000008321505,-203796.69820014888,297.6996241555373,149
22680000,45360.00000832354,-203394.7965804682,294.9708604962962,149
22685000,45370.00000832558,-203587.6877293893,300.2921096339269,149
22690000,45380.00000832762,-203343.5402045187,297.79749014436305,149
22695000,45390.000008329655,-203443.71647209185,302.82716826785526,149
22700000,45400.00000833169,-203862.81200836075,306.3426662662275,149
22705000,45410.00000833373,-203478.9614729858,305.1875633695419,149
22710000,45420.000008335766,-204138.2338133367,295.94951903291997,149
22715000,45430.0000083378,-203438.5052598036,301.52593690499344,149
22720000,45440.00000833984,-203962.61362223863,299.36183250964217,149
22725000,45450.00000834188,-203118.2601033406,298.4676236209885,149
22730000,45460.000008343915,-204051.98556956672,305.60869510240406,149
22735000,45470.00000834595,-203723.08201721788,298.7488148930364,149
22740000,45480.00000834799,-203556.43481271865,300.9198725495182,149
22745000,45490.00000835003,-203861.08759009547,296.26871963925277,149
22750000,45500.000008352064,-203799.19936992403,297.38744177476104,149
22755000,45510.0000083541,-203221.10351664864,301.8360964630634,149
22760000,45520.00000835614,-203795.15979075676,305.1752933626687,149
22765000,45530.000008358176,-203755.9270636075,298.3437057261093,149
22770000,45540.00000836021,-204072.83280474518,297.0813027395258,149
22775000,45550.00000836225,-203282.34270739357,297.2268332202218,149
22780000,45560.00000836429,-204100.72613834473,303.486057541142,149
22785000,45570.000008366325,-203468.55595935078,299.02766860581426,149
22790000,45580.00000836836,-203650.95454841235,307.1603139852483,149
22795000,45590.0000083704,-203729.801064144,294.5274073753558,149
22800000,45600.00000837244,-204160.3278675949,302.281873921411,149
22805000,45610.000008374474,-203583.54006382765,303.6033430422854,149
22810000,45620.00000837651,-203870.50980636396,298.95228805085793,149
22815000,45630.00000837855,-204415.40685098688,297.92739496545266,149
22820000,45640.000008380586,-204020.96020792983,293.2750988630665,149
22825000,45650.00000838262,-204395.74024090194,297.0863905720254,149
22830000,45660.00000838466,-203848.31227714836,305.97940333496393,149
22835000,45670.0000083867,-203344.09402455436,302.49706187827786,149
22840000,45680.000008388735,-203522.28212216345,298.8592687441025,149
22845000,45690.00000839077,-203310.4356764668,298.36323138769603,149
22850000,45700.00000839281,-204212.4150116908,302.01269623306547,149
22855000,45710.00000839485,-203592.2754481592,298.78164791604536,149
22860000,45720.000008396884,-203233.46395999973,303.27809325978706,149
22865000,45730.00000839892,-203626.75268928788,296.8692672096647,149
22870000,45740.00000840096,-203488.105514723,300.24041022670485,149
22875000,45750.000008402996,-203332.4782015758,298.89119520442785,149
22880000,45760.00000840503,-204610.50557818636,298.65859391166373,149
22885000,45770.00000840707,-203509.89253930014,302.46765911037977,149
22890000,45780.00000840911,-204153.27824008616,294.83849552763047,149
22895000,45790.000008411145,-204272.06721693976,304.42043800656097,149
22900000,45800.00000841318,-204036.79225184035,302.19833159676034,149
22905000,45810.00000841522,-203812.19761371252,300.70243034156465,149
22910000,45820.00000841726,-204034.3306111775,300.9141416369647,149
22915000,45830.000008419294,-203749.94293358922,305.08162827813914,149
22920000,45840.00000842133,-203860.3309412473,297.3921161204087,149
22925000,45850.00000842337,-203846.42079063284,298.1177093317397,149
22930000,45860.000008425406,-204145.67347301322,300.8927340921453,149
22935000,45870.00000842744,-204223.5958194232,299.6634039296839,149
22940000,45880.00000842948,-204049.04980235395,296.70540059173896,149
22945000,45890.00000843152,-204596.10321925802,299.4438061593361,149
22950000,45900.000008433555,-204057.08975369087,302.54091525080696,149
22955000,45910.00000843559,-204234.3964498468,302.806867561942,149
22960000,45920.00000843763,-203895.89526044496,299.8095524448967,149
22965000,45930.00000843967,-203847.1125801938,300.52366510839573,149
22970000,45940.000008441704,-203977.86758996977,303.6241146585346,149
22975000,45950.00000844374,-203480.69773511856,297.63508644923587,149
22980000,45960.00000844578,-203652.88423930865,307.338942292374,149
22985000,45970.000008447816,-204525.31666880636,295.3410861672763,149
22990000,45980.00000844985,-204317.8572629845,305.7838139200325,149
22995000,45990.00000845189,-204075.99620792968,302.6498401516895,149
23000000,46000.00000845393,-204961.18383572914,300.32686225319,149
23005000,46010.000008455965,-203159.22558933217,294.19767160992114,149
23010000,46020.000008458,-204306.9126575226,299.642813501276,149
23015000,46030.00000846004,-203459.7198492681,301.1906697867006,149
23020000,46040.00000846208,-203377.1831518357,301.3195501736555,149
23025000,46050.000008464114,-203355.59433061501,298.79578224446857,149
23030000,46060.00000846615,-204299.45756484487,299.54665717077535,149
23035000,46070.00000846819,-204377.44037854765,299.5392283429013,149
23040000,46080.000008470226,-203951.02253481315,300.8389163213759,149
23045000,46090.00000847226,-204184.81350144534,298.3713850431061,149
23050000,46100.0000084743,-203558.83548351203,296.91002617031864,149
23055000,46110.00000847634,-203698.91015419853,300.20882397214444,149
23060000,46120.000008478375,-203822.3169155455,303.9129034613541,149
23065000,46130.00000848041,-203179.66657639202,299.72251603650847,149
23070000,46140.00000848245,-204558.16354020522,300.4094127182719,149
23075000,46150.00000848449,-203734.14147627354,303.6196883355377,149
23080000,46160.000008486524,-203868.720800458,302.225581528057,149
23085000,46170.00000848856,-204403.8447564987,299.54370264678124,149
23090000,46180.0000084906,-202901.735934132,302.4397971513564,149
23095000,46190.000008492636,-204048.80069558218,299.5295608784555,149
23100000,46200.00000849467,-204314.72968585708,304.97631423144435,149
23105000,46210.00000849671,-202832.26638249715,298.1336801876629,149
23110000,46220.00000849875,-204455.49796118482,295.04583859872577,149
23115000,46230.000008500785,-203545.37527082255,301.4210392331181,149
23120000,46240.00000850282,-204094.43203013868,300.38108552563546,149
23125000,46250.00000850486,-203022.3268094596,300.7344948530773,149
23130000,46260.0000085069,-204245.33347841958,300.79150075522074,149
23135000,46270.000008508934,-204021.20204857597,300.03856797294435,149
23140000,46280.00000851097,-203513.75579760957,295.8430469276505,149
23145000,46290.00000851301,-203534.89814845356,296.21819299209227,149
23150000,46300.000008515046,-203305.63626412745,301.8608785396798,149
23155000,46310.00000851708,-203026.85456576303,295.9194731893507,149
23160000,46320.00000851912,-203695.14460445114,301.1399784666869,149
23165000,46330.00000852116,-203138.4605933153,299.1279651106312,149
23170000,46340.000008523195,-204229.25872560136,302.1822314306643,149
23175000,46350.00000852523,-203840.66398346284,299.74194025559285,149
23180000,46360.00000852727,-203880.760934158,297.8046944539719,149
23185000,46370.00000852931,-204308.83307994297,297.7968981486372,149
23190000,46380.000008531344,-203927.25374485878,298.8635489700739,149
23195000,46390.00000853338,-203592.2817467274,299.4720029669503,149
23200000,46400.00000853542,-203767.181935805,303.2693245262891,149
23205000,46410.000008537456,-204315.6186832171,301.05493075838496,149
23210000,46420.00000853949,-203806.6710254366,299.25248168589474,149
23215000,46430.00000854153,-203503.386889964,301.8477813018434,149
23220000,46440.00000854357,-203765.39924380148,297.75662815696035,149
23225000,46450.000008545605,-203952.15699023742,300.01561187723985,149
23230000,46460.00000854764,-203742.594991553,297.4579533094963,149
23235000,46470.00000854968,-203487.03931251622,298.0579296853247,149
23240000,46480.00000855172,-203967.6207981913,295.7531616355551,149
23245000,46490.000008553754,-203670.0489136374,298.624806380399,149
23250000,46500.00000855579,-203197.02451011317,302.66401500158264,149
23255000,46510.00000855783,-203958.97154383827,299.5037197930153,149
23260000,46520.000008559866,-203813.27772817062,300.7598275820591,149
23265000,46530.0000085619,-203893.05904094398,302.8797655585819,149
23270000,46540.00000856394,-203709.56359752396,295.0856231350682,149
23275000,46550.00000856598,-204559.49400704878,301.43868545908606,149
23280000,46560.000008568015,-203623.23227622116,296.02028864434845,149
23285000,46570.00000857005,-203618.31871524744,301.62202549973495,149
23290000,46580.00000857209,-203969.649904349,296.82921743756776,149
23295000,46590.00000857413,-203992.38734631136,304.0897654037896,149
23300000,46600.000008576164,-203686.44511934114,294.69418798677395,149
23305000,46610.0000085782,-204016.17254364328,297.19875553343707,149
23310000,46620.00000858024,-203874.40984038077,302.33048619396044,149
23315000,46630.000008582276,-204576.9465399154,304.0998624891095,149
23320000,46640.00000858431,-203570.860636316,296.92091740577,149
23325000,46650.00000858635,-204350.2801429869,300.0150577853352,149
23330000,46660.00000858839,-203409.51498695556,302.18703989448596,149
23335000,46670.000008590425,-204699.35831782618,297.3140534311241,149
23340000,46680.00000859246,-203905.3297496537,301.26632250112243,149
23345000,46690.0000085945,-203548.13425720867,294.2311386795008,149
23350000,46700.00000859654,-203688.9573384194,302.3075540067231,149
23355000,46710.000008598574,-203695.2810783611,299.67189973318034,149
23360000,46720.00000860061,-204043.40832629916,302.6236948998292,149
23365000,46730.00000860265,-204898.80982599303,303.4302704230355,149
23370000,46740.000008604686,-204165.6639910707,299.54642624300436,149
23375000,46750.00000860672,-203976.7817067547,301.4281966156094,149
23380000,46760.00000860876,-204093.01833348162,298.4384690393229,149
23385000,46770.0000086108,-203780.49843240518,299.4303135584214,149
23390000,46780.000008612835,-204110.28443389677,301.73207554449857,149
23395000,46790.00000861487,-204466.22297204298,295.82726057625587,149
23400000,46800.00000861691,-203244.70471693878,296.77669097828266,149
23405000,46810.00000861895,-203978.7389954758,301.10790714843876,149
23410000,46820.000008620984,-203477.37890082912,299.25535333714885,149
23415000,46830.00000862302,-203018.92260788847,303.84887874799375,149
23420000,46840.00000862506,-203771.65123086213,302.60251132904176,149
23425000,46850.000008627096,-203417.10213026195,300.66401023739814,149
23430000,46860.00000862913,-203848.59981728427,299.11005511747385,149
23435000,46870.00000863117,-203293.6209200084,298.9444562832589,149
23440000,46880.00000863321,-203314.20488009532,306.4219317127321,149
23445000,46890.000008635245,-203811.86701124476,300.62267563168336,149
23450000,46900.00000863728,-204386.22837411799,303.0607706918667,149
23455000,46910.00000863932,-203353.30320109928,305.0143851530628,149
23460000,46920.00000864136,-204281.1135272755,303.11138146122033,149
23465000,46930.000008643394,-203183.33241743373,301.4663891048277,149
23470000,46940.00000864543,-203544.0017079953,301.17964590168174,149
23475000,46950.00000864747,-204010.5956154114,302.7779759626095,149
23480000,46960.000008649506,-203837.62174575205,298.02201811248233,149
23485000,46970.00000865154,-203606.99906246003,306.5910847889694,149
23490000,46980.00000865358,-204266.45860976132,297.47637749318204,149
23495000,46990.00000865562,-203739.07414446876,295.43448398804196,149
23500000,47000.000008657655,-203418.88869214896,302.06143310833664,149
23505000,47010.00000865969,-203298.1164073929,299.4061370581766,149
23510000,47020.00000866173,-204202.13565206353,299.6216852050512,149
23515000,47030.00000866377,-203057.10773137037,302.3550260395944,149
23520000,47040.000008665804,-203779.00091148284,305.49552985679645,149
23525000,47050.00000866784,-203412.82687576383,304.2910198388606,149
23530000,47060.00000866988,-203831.199278211,303.62438707144906,149
23535000,47070.000008671916,-203796.3772940021,301.44098351638075,149
23540000,47080.00000867395,-204255.6945562457,297.03224049202777,149
23545000,47090.00000867599,-204026.85043718969,299.300571265576,149
23550000,47100.00000867803,-203196.86127634428,300.5474238670189,149
23555000,47110.000008680065,-204219.31037236156,300.9981810998365,149
23560000,47120.0000086821,-204569.81884558115,301.0583283050467,149
23565000,47130.00000868414,-203099.55926336313,303.1261547298814,149
23570000,47140.00000868618,-203909.8140896957,298.14390761762184,149
23575000,47150.000008688214,-204590.30765769293,300.57301892842526,149
23580000,47160.00000869025,-203850.012864304,298.45459579529717,149
23585000,47170.00000869229,-203958.11298718397,295.6942681597209,149
23590000,47180.000008694326,-204493.293429467,297.9363623618112,149
23595000,47190.00000869636,-203197.30263644096,298.0171417852017,149
23600000,47200.0000086984,-203322.90242057724,297.81654656642274,149
23605000,47210.00000870044,-204245.1262186278,302.02047071109683,149
23610000,47220.000008702475,-203563.47954139533,300.10393519632396,149
23615000,47230.00000870451,-203908.17367416865,305.67482313121985,149
23620000,47240.00000870655,-203826.2601097325,299.06859739352313,149
23625000,47250.00000870859,-203834.2805164078,297.7700628865303,149
23630000,47260.000008710624,-203582.0821176913,301.8533774784409,149
23635000,47270.00000871266,-203636.30574505962,298.57484188481675,149
23640000,47280.0000087147,-203388.94753503427,300.5811031196725,149
23645000,47290.000008716735,-203436.82479610853,300.58256904814397,149
23650000,47300.00000871877,-203894.10127950076,301.7103509677407,149
23655000,47310.00000872081,-204563.94715689856,302.6512901760582,149
23660000,47320.00000872285,-204569.25525799242,299.25304830734325,149
23665000,47330.000008724885,-203870.8015540653,298.11503619141007,149
23670000,47340.00000872692,-204070.29859968857,299.45587789018424,149
23675000,47350.00000872896,-204260.41817463236,300.0728993652108,149
23680000,47360.000008730996,-204319.3855815964,299.4807784229991,149
23685000,47370.00000873303,-203938.07307785365,297.5945779943349,149
23690000,47380.00000873507,-203686.15241385263,299.1648091573287,149
23695000,47390.00000873711,-203084.22072949482,303.07284140285503,149
23700000,47400.000008739145,-203413.80022915662,305.53499169733976,149
23705000,47410.00000874118,-203957.04032399063,301.1234271567229,149
23710000,47420.00000874322,-203535.26876407617,303.6710167310956,149
23715000,47430.00000874526,-204044.78923582856,298.06880900819937,149
23720000,47440.000008747294,-204165.77272625337,302.14102831051576,149
23725000,47450.00000874933,-203891.82626186614,295.35261810558137,149
23730000,47460.00000875137,-203846.1113723591,298.7856135487441,149
23735000,47470.000008753406,-204040.91355760721,304.83237151668953,149
23740000,47480.00000875544,-203936.24724057212,297.1812651229927,149
23745000,47490.00000875748,-203960.30293467245,296.5072855751358,149
23750000,47500.00000875952,-203986.1653138036,303.6174036989503,149
23755000,47510.000008761555,-203691.13887050527,297.9227286884145,149
23760000,47520.00000876359,-202936.57177533826,302.4378449839164,149
23765000,47530.00000876563,-204060.5200992577,293.6981659387025,149
23770000,47540.00000876767,-204504.92888246872,296.0614213777302,149
23775000,47550.000008769704,-204212.8125751064,298.89684496138574,149
23780000,47560.00000877174,-204471.96925882762,300.1320227186785,149
23785000,47570.00000877378,-204150.62010653014,298.2784599419199,149
23790000,47580.000008775816,-203247.86480172176,300.4295640058428,149
23795000,47590.00000877785,-203934.90886358137,297.32640699435484,149
23800000,47600.00000877989,-203838.05358242523,299.29769682334944,149
23805000,47610.00000878193,-203837.12572045263,304.85514814854264,149
23810000,47620.000008783965,-203212.85889234545,299.20024893920197,149
23815000,47630.000008786,-203494.68185436586,297.7820972449745,149
23820000,47640.00000878804,-203906.64170003508,298.1031606855724,149
23825000,47650.00000879008,-204928.3568977398,297.07933649386007,149
23830000,47660.000008792114,-203979.9620123288,301.12766970410104,149
23835000,47670.00000879415,-203328.43784944317,298.4736721727688,148
23840000,47680.00000879619,-203732.9728714471,297.9092592158271,148
23845000,47690.000008798226,-204040.77436821826,301.7586940229322,148
23850000,47700.00000880026,-204023.33799490542,305.189315130839,148
23855000,47710.0000088023,-203300.46537887817,298.05350072221376,148
23860000,47720.00000880434,-204202.17228698044,295.20767246594255,148
23865000,47730.000008806375,-203824.96022697038,301.1395947773736,148
23870000,47740.00000880841,-203939.97549159022,294.86251644018387,148
23875000,47750.00000881045,-203969.87109942106,300.65948196815566,148
23880000,47760.00000881249,-204132.85336410708,305.3689372544008,148
23885000,47770.000008814524,-204161.87064016343,296.3196284277494,148
23890000,47780.00000881656,-203674.36322433583,297.97329798021013,148
23895000,47790.0000088186,-203601.64084390656,302.10676901544286,148
23900000,47800.000008820636,-203637.68455545465,299.2635789183896,148
23905000,47810.00000882267,-204142.99512162607,305.3888240786068,148
23910000,47820.00000882471,-203383.09350922785,303.99404102557884,148
23915000,47830.00000882675,-204388.42205994658,301.1384889821968,148
23920000,47840.000008828785,-203226.8130378744,298.9621646306074,148
23925000,47850.00000883082,-204499.90137758153,301.1245093599821,148
23930000,47860.00000883286,-204556.3742993076,296.12617351735673,148
23935000,47870.0000088349,-203846.4499034877,300.61138008370926,148
23940000,47880.000008836934,-203733.44006102497,309.3761042938807,148
23945000,47890.00000883897,-203886.5572932968,302.8213691419076,148
23950000,47900.00000884101,-204570.21348207444,304.07132063879453,148
23955000,47910.000008843046,-204191.65774333582,299.36593677196106,148
23960000,47920.00000884508,-203420.95655329898,299.1699581773218,148
23965000,47930.00000884712,-204401.70354649238,295.81593898887047,148
23970000,47940.00000884916,-203514.56195829052,303.39631654988017,148
23975000,47950.000008851195,-203445.95736796164,295.80439078151136,148
23980000,47960.00000885323,-204099.1369990767,300.13696443360277,148
23985000,47970.00000885527,-204075.93840293412,301.21451580074057,148
23990000,47980.00000885731,-204266.76299122896,303.66876839349374,148
23995000,47990.000008859344,-204150.65522761457,300.1263851672826,148
24000000,48000.00000886138,-203831.93956923077,299.28842591849457,148
24005000,48010.00000886342,-203380.5963528402,299.65173634607964,148
24010000,48020.000008865456,-204188.10370088974,302.4211775591468,148
24015000,48030.00000886749,-204205.70783403236,298.1069946188332,148
24020000,48040.00000886953,-203712.27208927087,298.2073827160844,148
24025000,48050.00000887157,-204090.55863312876,299.2856525757818,148
24030000,48060.000008873605,-203427.22245648678,305.22571966951386,148
24035000,48070.00000887564,-203398.4801951003,305.4722648872697,148
24040000,48080.00000887768,-203183.95596976834,299.0173010533162,148
24045000,48090.00000887972,-203007.95955446456,302.7606337387824,148
24050000,48100.000008881754,-203408.18043613783,301.16939772554764,148
24055000,48110.00000888379,-203755.72157223453,299.6406093008645,148
24060000,48120.00000888583,-203764.01744852774,300.6362851127018,148
24065000,48130.000008887866,-205114.56829448394,301.6128527862559,148
24070000,48140.0000088899,-203915.1752699169,297.99457485704113,148
24075000,48150.00000889194,-204270.5449611605,297.9663543690655,148
24080000,48160.00000889398,-203919.07109939028,307.9445958253442,148
24085000,48170.000008896015,-203372.71845661208,298.20838363432057,148
24090000,48180.00000889805,-204691.7158352636,302.8187906161404,148
24095000,48190.00000890009,-203610.00816689443,298.5604302413637,148
24100000,48200.00000890213,-204548.08056579682,300.12822196613666,148
24105000,48210.000008904164,-204263.1395163847,295.7435906016498,148
24110000,48220.0000089062,-204130.72306180128,300.6569880668965,148
24115000,48230.00000890824,-203914.73684054555,302.16901650011783,148
24120000,48240.000008910276,-204352.76042305876,296.2041739390335,148
24125000,48250.00000891231,-203606.72216567886,303.4508656790175,148
24130000,48260.00000891435,-203865.72837429272,301.9633962410317,148
24135000,48270.00000891639,-203770.13484890712,298.91711638746426,148
24140000,48280.000008918425,-203817.07278628007,303.1891263190428,148
24145000,48290.00000892046,-203540.44309352804,293.72071419862795,148
24150000,48300.0000089225,-204251.01412256446,297.60463387000357,148
24155000,48310.00000892454,-204773.14533438988,298.4916278316691,148
24160000,48320.000008926574,-203522.04588435346,298.17719914719595,148
24165000,48330.00000892861,-203809.86896871577,297.701843030684,148
24170000,48340.00000893065,-204546.10843576374,300.6270754889554,148
24175000,48350.000008932686,-204469.8594579841,299.4679814834576,148
24180000,48360.00000893472,-204525.93944949645,301.1943913645056,148
24185000,48370.00000893676,-204142.681337139,294.4761630759776,148
24190000,48380.0000089388,-203128.72906412976,304.7625686024243,148
24195000,48390.000008940835,-203463.01521594857,303.4904387113714,148
24200000,48400.00000894287,-204059.43493781914,300.2477546162941,148
24205000,48410.00000894491,-204477.41661830654,298.2631002358019,148
24210000,48420.00000894695,-204387.71736838133,302.04175797832676,148
24215000,48430.000008948984,-203856.95855847397,303.6295137264143,148
24220000,48440.00000895102,-203757.45433161326,297.67872751513096,148
24225000,48450.00000895306,-203639.21939234308,297.49187488434166,148
24230000,48460.000008955096,-205148.65215654974,296.0347573336348,148
24235000,48470.00000895713,-203611.62797369924,296.9633647991743,148
24240000,48480.00000895917,-204388.95959382202,300.81131319908445,148
24245000,48490.00000896121,-203997.93992508762,298.6216555400984,148
24250000,48500.000008963245,-204190.26478498324,303.3510968614129,148
24255000,48510.00000896528,-203722.95059818658,301.4768375285231,148
24260000,48520.00000896732,-204040.931701559,297.6082285030829,148
24265000,48530.00000896936,-204218.4068413556,300.2151756351511,148
24270000,48540.000008971394,-204478.97793592454,303.14885930399197,148
24275000,48550.00000897343,-205571.2021603695,298.26576270640004,148
24280000,48560.00000897547,-204111.52689336624,301.71504253709054,148
24285000,48570.000008977506,-203849.66120534774,299.319569679863,148
24290000,48580.00000897954,-203969.79603441013,300.44247240988216,148
24295000,48590.00000898158,-204332.78397081082,300.59373945873597,148
24300000,48600.00000898362,-203904.88269104762,302.79235513475913,148
24305000,48610.000008985655,-203748.84404413728,302.9756110334878,148
24310000,48620.00000898769,-203578.62945076963,301.80322978954297,148
24315000,48630.00000898973,-203695.6117533472,300.2058083325245,148
24320000,48640.00000899177,-203851.41759571305,300.16260090541766,148
24325000,48650.000008993804,-203673.14176908694,299.4775494768034,148
24330000,48660.00000899584,-203791.75619151513,300.5323267183045,148
24335000,48670.00000899788,-203635.92045147088,301.50946098298954,148
24340000,48680.000008999916,-204324.86937099276,300.4016417752766,148
24345000,48690.00000900195,-203709.0417867056,299.4307126765329,148
24350000,48700.00000900399,-203246.0194262911,299.25486225079396,148
24355000,48710.00000900603,-203474.87464209786,301.9095951893938,148
24360000,48720.000009008065,-203568.67358839407,303.8983205236595,148
24365000,48730.0000090101,-203373.15676906484,301.2552334103135,148
24370000,48740.00000901214,-203659.0459225399,299.6172471658008,148
24375000,48750.00000901418,-203830.7450273598,299.6280275177414,148
24380000,48760.000009016214,-203875.93953022442,295.7525452156905,148
24385000,48770.00000901825,-204220.84255197027,302.8312349209245,148
24390000,48780.00000902029,-203385.2162253235,302.0977939928723,148
24395000,48790.000009022326,-203958.283261845,299.2979301898906,148
24400000,48800.00000902436,-203846.32260990434,298.1692170006548,148
24405000,48810.0000090264,-203285.6866925276,298.8081856937659,148
24410000,48820.00000902844,-203799.9681618804,297.4556107449791,148
24415000,48830.000009030475,-203502.66259393108,300.0881324223636,148
24420000,48840.00000903251,-203915.9801094554,299.4401903645833,148
24425000,48850.00000903455,-203428.19180311984,292.1378444690085,148
24430000,48860.00000903659,-203900.3578314673,298.44348782749336,148
24435000,48870.000009038624,-203824.52385047602,298.45894445069575,148
24440000,48880.00000904066,-203311.94090255047,300.08403030900877,148
24445000,48890.0000090427,-203568.0283590873,303.3235369376351,148
24450000,48900.000009044736,-203818.7706044187,301.8996655800839,148
24455000,48910.00000904677,-203883.25106550928,297.6930406613682,148
24460000,48920.00000904881,-203644.97215005895,300.0156365276722,148
24465000,48930.00000905085,-204174.26994254894,302.66666669930953,148
24470000,48940.000009052885,-203866.90408910147,296.37265567646415,148
24475000,48950.00000905492,-203425.03375645448,298.462239351335,148
24480000,48960.00000905696,-204634.77986483672,301.91316304442125,148
24485000,48970.000009059,-203082.67600134842,295.6964897809542,148
24490000,48980.000009061034,-204515.3469487757,298.4403681925113,148
24495000,48990.00000906307,-204183.20595981274,302.6580154007963,148
24500000,49000.00000906511,-203905.14911569667,298.0303642210124,148
24505000,49010.000009067146,-202707.41168828204,297.0459884004107,148
24510000,49020.00000906918,-203127.41280016536,299.0513040690131,148
24515000,49030.00000907122,-204252.5857717977,301.8411445526012,148
24520000,49040.00000907326,-204136.94791281957,300.3939287929703,148
24525000,49050.000009075295,-203745.82257374353,305.62495333813877,148
24530000,49060.00000907733,-204207.98250495747,304.18203186518826,148
24535000,49070.00000907937,-204273.74435085128,294.6034164446091,148
24540000,49080.00000908141,-203883.89754500042,302.21978051250926,148
24545000,49090.000009083444,-204730.2395032558,300.41817991763327,148
24550000,49100.00000908548,-203666.42041505896,298.6542563808965,148
24555000,49110.00000908752,-204003.41159506538,299.19938683985424,148
24560000,49120.000009089556,-204147.98078080732,298.1774185691145,148
24565000,49130.00000909159,-204131.29540735483,301.42292007819975,148
24570000,49140.00000909363,-203634.5249881636,303.49983901056413,148
24575000,49150.00000909567,-203941.28447420162,302.8551109282179,148
24580000,49160.000009097705,-203611.7082210339,300.7232973305077,148
24585000,49170.00000909974,-203552.88920763193,297.0859979250837,148
24590000,49180.00000910178,-203589.86957994872,301.9651676685924,148
24595000,49190.00000910382,-204035.47737647383,303.48904275709293,148
24600000,49200.000009105854,-204267.67392816988,296.5055055192078,148
24605000,49210.00000910789,-203313.05116577633,302.8396550185713,148
24610000,49220.00000910993,-203541.04873919813,301.5953196381731,148
24615000,49230.000009111965,-204024.30119686143,301.8990937495395,148
24620000,49240.000009114,-203905.85920661502,302.7736236010745,148
24625000,49250.00000911604,-203960.60279412032,296.4826279860034,148
24630000,49260.00000911808,-203188.0642206748,302.335815758255,148
24635000,49270.000009120115,-203590.20651143487,297.62588041556955,148
24640000,49280.00000912215,-203211.27530367114,300.60919615695974,148
24645000,49290.00000912419,-204132.4460871123,297.0121181265563,148
24650000,49300.000009126226,-204151.0931815931,294.34930297635316,148
24655000,49310.00000912826,-204039.26141684048,302.1048266030793,148
24660000,49320.0000091303,-203839.00461886253,297.6164872725572,148
24665000,49330.00000913234,-203797.0420971578,300.20902926551025,148
24670000,49340.000009134375,-203750.29668174207,300.4876826857272,148
24675000,49350.00000913641,-203835.1366817227,299.84224561747,148
24680000,49360.00000913845,-204445.00541761692,303.05056343617537,148
24685000,49370.00000914049,-204302.0602621407,302.4210665275131,148
24690000,49380.000009142525,-204360.8568655661,304.9783612962208,148
24695000,49390.00000914456,-204405.9742244319,299.8387871006991,148
24700000,49400.0000091466,-202811.014670506,300.76483072016026,148
24705000,49410.000009148636,-203072.84638478374,300.77316572958256,148
24710000,49420.00000915067,-204465.26548087213,298.41118221412813,148
24715000,49430.00000915271,-203444.53788111918,299.56800135146756,148
24720000,49440.00000915475,-203691.22728797852,298.80522453578016,148
24725000,49450.000009156785,-204252.37038330955,298.84002739055506,148
24730000,49460.00000915882,-204334.4079282626,301.5206402017752,148
24735000,49470.00000916086,-204132.18771281908,299.4191272659389,148
24740000,49480.0000091629,-204226.5946389906,300.73912785187906,148
24745000,49490.000009164934,-203862.17552672513,303.34731092861455,148
24750000,49500.00000916697,-203708.22567693796,301.8249868209029,148
24755000,49510.00000916901,-204261.72844255285,305.05347084895635,148
24760000,49520.000009171046,-203484.51303652267,300.69891354002823,148
24765000,49530.00000917308,-203340.8054471676,298.12342233370737,148
24770000,49540.00000917512,-203315.37863992632,300.6822947908253,148
24775000,49550.00000917716,-204114.5223429515,295.0301570371354,148
24780000,49560.000009179195,-204416.5259576823,300.31777800615134,148
24785000,49570.00000918123,-204048.35507419694,298.6362938516572,148
24790000,49580.00000918327,-203718.33098317904,300.62157074367116,148
24795000,49590.00000918531,-204234.08636708977,304.36328309904434,148
24800000,49600.000009187344,-203500.41344616993,295.4296766202009,148
24805000,49610.00000918938,-203967.9499365784,300.5147205149448,148
24810000,49620.00000919142,-203888.46681524778,300.60023448872863,148
24815000,49630.000009193456,-203569.3439518779,299.69046287065424,148
24820000,49640.00000919549,-203569.35180813656,300.65902341128174,148
24825000,49650.00000919753,-203845.41917765792,295.7961625880781,148
24830000,49660.00000919957,-204234.93035595794,299.93122785437254,148
24835000,49670.000009201605,-204660.65383886837,297.6551343860414,148
24840000,49680.00000920364,-204085.67410882644,304.63247897273277,148
24845000,49690.00000920568,-204231.0380614231,305.6309467542726,148
24850000,49700.00000920772,-203528.77286505734,296.831781101355,148
24855000,49710.000009209754,-204061.84833506786,303.9470005931895,148
24860000,49720.00000921179,-204726.58079881885,298.4305306544856,148
24865000,49730.00000921383,-204211.9965751426,295.7002683172717,148
24870000,49740.000009215866,-203684.24837815552,299.77446727513404,148
24875000,49750.0000092179,-203300.7872826152,299.9168239913505,148
24880000,49760.00000921994,-203977.10716208455,300.756643784494,148
24885000,49770.00000922198,-203628.6118691475,300.21712109058603,148
24890000,49780.000009224015,-203760.90932063945,305.72338376647394,148
24895000,49790.00000922605,-203399.5905104332,299.9303730853579,148
24900000,49800.00000922809,-203954.16445432277,304.37673711586916,148
24905000,49810.00000923013,-204591.13483014388,300.7202205185111,148
24910000,49820.000009232164,-203701.6233364588,300.8805537745468,148
24915000,49830.0000092342,-204026.21049046773,301.7728157192875,148
24920000,49840.00000923624,-204147.26912496297,300.6095122575357,148
24925000,49850.000009238276,-203482.5876191014,298.33944807263185,148
24930000,49860.00000924031,-203926.68263831222,296.7184707368932,148
24935000,49870.00000924235,-203859.05016295402,302.1614971342982,148
24940000,49880.00000924439,-203950.1621261353,298.96244137153724,148
24945000,49890.000009246425,-204323.34761835902,301.219892009397,148
24950000,49900.00000924846,-204568.3269732796,298.82538598813056,148
24955000,49910.0000092505,-204736.91604562476,297.09438496679496,148
24960000,49920.00000925254,-203626.1225008202,301.57465717375254,148
24965000,49930.000009254574,-204158.24278682075,306.31145145729545,148
24970000,49940.00000925661,-204253.5553304971,295.90015136659645,148
24975000,49950.00000925865,-203181.1360021677,304.564671031893,148
24980000,49960.000009260686,-203458.8214719114,301.53698378187454,148
24985000,49970.00000926272,-203569.98937526043,301.2085658570921,148
24990000,49980.00000926476,-203419.69214786042,302.58582615635413,148
24995000,49990.0000092668,-204077.0845626255,301.6961840632445,148
25000000,50000.000009268835,-204084.69515243103,301.4923713849326,148
25005000,50010.00000927087,-204352.38494206383,298.2666608317829,148
25010000,50020.00000927291,-203748.52341506968,304.42753543631653,148
25015000,50030.00000927495,-203746.1260742218,296.3260409439086,148
25020000,50040.000009276984,-204262.32299833954,301.248464070131,148
25025000,50050.00000927902,-203714.41952657397,298.34616981247444,148
25030000,50060.00000928106,-203872.99402532505,299.4057529531051,148
25035000,50070.000009283096,-204677.61223007215,299.72922889163,148
25040000,50080.00000928513,-203241.13326008117,300.7024109308135,148
25045000,50090.00000928717,-203539.80890093453,303.9201655064057,148
25050000,50100.00000928921,-203813.30660409492,297.39438208572403,148
25055000,50110.000009291245,-203168.29984463973,301.2823929323581,148
25060000,50120.00000929328,-203937.0406692417,298.291013769264,148
25065000,50130.00000929532,-204492.5100684394,301.37932526534183,148
25070000,50140.00000929736,-203996.98381631717,299.00501275724076,148
25075000,50150.000009299394,-203440.14638035477,298.9182574159416,148
25080000,50160.00000930143,-204359.8627620763,300.7127487799153,148
25085000,50170.00000930347,-203964.51593459013,301.27674215543715,148
25090000,50180.000009305506,-203683.5868447707,305.648730555739,148
25095000,50190.00000930754,-204275.63384655956,301.08807387476696,148
25100000,50200.00000930958,-203968.83282782615,301.7750978364653,148
25105000,50210.00000931162,-203804.9807509483,302.9537260756127,148
25110000,50220.000009313655,-204675.42819474672,301.7863786698408,148
25115000,50230.00000931569,-204107.90998684324,297.8746632879883,148
25120000,50240.00000931773,-203742.48121225263,301.43759134872687,148
25125000,50250.00000931977,-203976.61212477717,298.21073853989964,148
25130000,50260.000009321804,-204008.953389504,303.3246715551721,148
25135000,50270.00000932384,-203799.41600591002,299.7604088403052,148
25140000,50280.00000932588,-203890.8295501679,302.3046853572888,148
25145000,50290.000009327916,-204115.44927249802,298.8971652694239,148
25150000,50300.00000932995,-203633.39600036212,300.775834088567,148
25155000,50310.00000933199,-204717.66024373996,297.7601869873305,148
25160000,50320.00000933403,-204062.21707572206,298.94798486187943,148
25165000,50330.000009336065,-204743.3666201639,298.0092826038512,148
25170000,50340.0000093381,-203712.84198810032,298.71784375762445,148
25175000,50350.00000934014,-203850.76120147598,298.6966572117295,148
25180000,50360.00000934218,-203665.64084978204,301.3515092750335,148
25185000,50370.000009344214,-204128.00628297357,297.8413997391781,148
25190000,50380.00000934625,-203824.71274169162,301.23229201712115,148
25195000,50390.00000934829,-203878.60158981092,306.06201705904255,148
25200000,50400.000009350326,-203530.29218012246,302.57509256669,148
25205000,50410.00000935236,-203586.65572189237,298.2308397145419,148
25210000,50420.0000093544,-203172.29824314092,300.7711472316816,148
25215000,50430.00000935644,-203673.64678211277,302.13488371686816,148
25220000,50440.000009358475,-203635.25561882288,301.05708230103977,148
25225000,50450.00000936051,-203908.33508759225,304.859435961717,148
25230000,50460.00000936255,-204071.6896766707,302.78437027715967,148
25235000,50470.00000936459,-203625.91469064797,297.7548842729162,148
25240000,50480.000009366624,-204282.6890795756,300.20750252630125,148
25245000,50490.00000936866,-204772.08493756794,304.12345019755867,148
25250000,50500.0000093707,-204000.8415444527,299.3114009997309,148
25255000,50510.000009372736,-204278.12775096286,302.5102260485878,148
25260000,50520.00000937477,-203170.17845003773,299.423312966052,148
25265000,50530.00000937681,-202854.79933018552,300.05379692205463,148
25270000,50540.00000937885,-203827.22464795364,296.8707917640546,148
25275000,50550.000009380885,-203330.00851426448,299.8614986116697,148
25280000,50560.00000938292,-203801.96980340267,300.5795611346841,148
25285000,50570.00000938496,-203602.35347389453,298.41407137783625,148
25290000,50580.000009387,-203690.14783030283,298.678751271162,148
25295000,50590.000009389034,-203952.8152282579,300.0048828649642,148
25300000,50600.00000939107,-203410.84032688267,296.89793712576113,148
25305000,50610.00000939311,-203671.39217073668,302.1126341604004,148
25310000,50620.000009395146,-205157.49541234982,297.98799569233427,148
25315000,50630.00000939718,-204149.82787177537,304.83769236002655,148
25320000,50640.00000939922,-204173.8007612672,297.2184279738484,148
25325000,50650.00000940126,-204270.05624381267,292.1072231040915,148
25330000,50660.000009403295,-203645.53353738738,295.9111753997655,148
25335000,50670.00000940533,-203399.5364995019,301.3058631085001,148
25340000,50680.00000940737,-204900.20553502731,304.8074431690135,148
25345000,50690.00000940941,-204008.5782940773,301.9296616570872,148
25350000,50700.000009411444,-204147.1601221579,299.18528281334653,148
25355000,50710.00000941348,-205227.15393716376,303.4948454773346,148
25360000,50720.00000941552,-203455.3394098014,299.35230288144106,148
25365000,50730.000009417556,-203308.96721511963,302.23818800022127,148
25370000,50740.00000941959,-203756.76405618072,301.929133404688,148
25375000,50750.00000942163,-203496.9073783412,300.06185626900555,148
25380000,50760.00000942367,-204450.95282346266,297.3788128583568,148
25385000,50770.000009425705,-203957.33283379825,303.1231973159622,148
25390000,50780.00000942774,-203956.85657848977,300.20841109932724,148
25395000,50790.00000942978,-203678.52046940767,301.0761443463108,148
25400000,50800.00000943182,-203945.2855608483,302.82172703225984,148
25405000,50810.000009433854,-203648.2601818801,303.83285046640674,148
25410000,50820.00000943589,-203790.4414863513,301.64189905008203,148
25415000,50830.00000943793,-203982.5146861059,300.2229521236533,148
25420000,50840.000009439966,-204172.9431439289,303.7469774380463,148
25425000,50850.000009442,-204790.55449910008,302.3589594655337,148
25430000,50860.00000944404,-204417.5617599159,303.7495511532359,148
25435000,50870.00000944608,-203835.20643526362,299.86735793589463,148
25440000,50880.000009448115,-203840.9141467705,299.25377138579495,148
25445000,50890.00000945015,-204088.12278587697,301.71272121108836,148
25450000,50900.00000945219,-203718.57236835558,301.4202149065618,148
25455000,50910.00000945423,-204930.73110387288,304.42581672795785,148
25460000,50920.000009456264,-204413.14531946648,301.6707924921133,148
25465000,50930.0000094583,-203844.79429107497,304.41682861153424,148
25470000,50940.00000946034,-203967.83328471845,301.59106313664955,148
25475000,50950.000009462376,-203738.8657636555,300.7513760267451,148
25480000,50960.00000946441,-203035.45401959936,298.48880325699884,148
25485000,50970.00000946645,-204457.22639545333,298.90650491881723,148
25490000,50980.00000946849,-204025.62242127408,301.3126727403463,148
25495000,50990.000009470525,-203913.60950812628,300.1504316275915,148
25500000,51000.00000947256,-203141.84988712822,302.02870572229403,148
25505000,51010.0000094746,-203000.999852665,302.45732622315444,148
25510000,51020.00000947664,-203366.64950601896,303.0235849675656,148
25515000,51030.000009478674,-204115.98672864307,299.436500232814,148
25520000,51040.00000948071,-204044.46171775064,303.6015393462785,148
25525000,51050.00000948275,-204092.56176341185,302.4416694938203,148
25530000,51060.000009484786,-203837.32051444054,306.3710810923028,148
25535000,51070.00000948682,-203444.72803505242,302.8958411707068,148
25540000,51080.00000948886,-203504.13774081971,300.8219946454251,148
25545000,51090.0000094909,-204863.8620263083,296.86062413201194,148
25550000,51100.000009492935,-204439.22736277943,300.4366095675426,148
25555000,51110.00000949497,-203519.45807657344,304.5789228153948,148
25560000,51120.00000949701,-203865.5084894119,295.7054966989103,148
25565000,51130.00000949905,-203396.12359389698,295.8656022527707,148
25570000,51140.000009501084,-203829.2695351037,303.7479313256967,148
25575000,51150.00000950312,-203814.19088180584,304.76507167281994,148
25580000,51160.00000950516,-203147.86655390006,298.4228935051277,148
25585000,51170.000009507196,-203265.0446021033,303.95310091062424,148
25590000,51180.00000950923,-203292.44389143493,297.41282248490006,148
25595000,51190.00000951127,-204488.03329635807,299.6179187945929,148
25600000,51200.00000951331,-203837.34095124493,299.6565945700512,148
25605000,51210.000009515345,-204149.4565159285,300.37845674675486,148
25610000,51220.00000951738,-203953.56721231272,294.137403298768,148
25615000,51230.00000951942,-204037.22233216092,300.88590887365297,148
25620000,51240.00000952146,-204289.85609168606,303.4943690612433,148
25625000,51250.000009523494,-204030.66822895594,299.09206425491715,148
25630000,51260.00000952553,-203741.62925370492,301.08951187806497,148
25635000,51270.00000952757,-202928.69636794005,299.68016532466737,148
25640000,51280.000009529605,-203801.94192370854,300.35146237872095,148
25645000,51290.00000953164,-203671.95250360377,302.1942033432841,148
25650000,51300.00000953368,-203359.23869598692,298.8114729045938,148
25655000,51310.00000953572,-204330.98272528232,301.60792088018815,148
25660000,51320.000009537755,-203813.01706584322,303.2217941350797,148
25665000,51330.00000953979,-204041.912545681,301.7720587943629,148
25670000,51340.00000954183,-204191.65488550148,299.23491420238537,148
25675000,51350.000009543866,-203813.28456796845,303.0755811675841,148
25680000,51360.0000095459,-203318.631451866,304.70685941834876,148
25685000,51370.00000954794,-203770.92709033436,300.4299826140314,148
25690000,51380.00000954998,-203996.59808431903,302.90577314298434,148
25695000,51390.000009552015,-204363.07511761214,302.8089483635139,148
25700000,51400.00000955405,-203741.42821851175,297.60364000612805,148
25705000,51410.00000955609,-204068.3205289567,299.311170638321,148
25710000,51420.00000955813,-204085.86144771345,302.8730970673179,148
25715000,51430.000009560164,-203830.8028329421,304.81157427691477,148
25720000,51440.0000095622,-204300.58548228757,301.6091567392536,148
25725000,51450.00000956424,-203987.40411058778,303.6270483546015,148
25730000,51460.000009566276,-203932.19599361252,302.4344252737884,148
25735000,51470.00000956831,-203910.91397165856,302.115935400249,148
25740000,51480.00000957035,-204154.0833150855,301.46398004893524,148
25745000,51490.00000957239,-204272.73845870176,299.1689890501852,148
25750000,51500.000009574425,-204262.7965951584,298.6492109231723,148
25755000,51510.00000957646,-203876.17009007302,298.904457985437,148
25760000,51520.0000095785,-204171.91578434024,296.10498573073926,148
25765000,51530.00000958054,-204010.54440191784,303.1442817807604,148
25770000,51540.000009582574,-204260.32649149513,303.47935547106846,148
25775000,51550.00000958461,-203878.38848849537,293.5551568723813,148
25780000,51560.00000958665,-203633.8827719062,303.5401312851549,148
25785000,51570.000009588686,-204032.47977873462,301.5359477511946,148
25790000,51580.00000959072,-203981.53848254378,306.19453730344424,148
25795000,51590.00000959276,-203283.91230443085,306.80634005739364,148
25800000,51600.0000095948,-204034.8759869712,298.53952199153815,148
25805000,51610.000009596835,-203757.03167311195,300.23907955788826,148
25810000,51620.00000959887,-204118.1501891606,297.31398138805,148
25815000,51630.00000960091,-203888.7802777061,301.8093393357314,148
25820000,51640.00000960295,-204159.8147091095,302.22848882893885,148
25825000,51650.000009604984,-204014.958936485,304.17281779836117,148
25830000,51660.00000960702,-203952.17138416495,298.13546423171044,148
25835000,51670.00000960906,-203962.46842738334,300.54531760509946,148
25840000,51680.000009611096,-204325.68389598734,296.2435737176542,148
25845000,51690.00000961313,-203738.53481087927,299.5138394333123,148
25850000,51700.00000961517,-204473.47137807193,302.08442654767225,148
25855000,51710.00000961721,-203885.61778219428,299.66825964748426,148
25860000,51720.000009619245,-203676.863635935,300.56141082085054,148
25865000,51730.00000962128,-203294.28610701195,297.9571792419728,148
25870000,51740.00000962332,-204097.4537894649,295.5569212157941,148
25875000,51750.00000962536,-203708.16796848667,300.85828546835853,148
25880000,51760.000009627394,-204481.68608611636,296.7789826322022,148
25885000,51770.00000962943,-204009.89515919937,295.7194519706719,148
25890000,51780.00000963147,-203687.61712748755,301.77001257667473,148
25895000,51790.000009633506,-203785.6205360723,299.3166171306898,148
25900000,51800.00000963554,-203754.80885212857,301.58990738748355,148
25905000,51810.00000963758,-203377.92930853134,300.4926044214206,148
25910000,51820.00000963962,-204344.41030923894,302.4486683265263,148
25915000,51830.000009641655,-203965.67572688486,300.91607686193754,148
25920000,51840.00000964369,-204319.142970904,299.1566852832871,148
25925000,51850.00000964573,-203909.55354047858,303.9218200550725,148
25930000,51860.00000964777,-204760.02695081558,299.4096367900837,148
25935000,51870.000009649804,-203566.35142341373,295.2611169308269,148
25940000,51880.00000965184,-203921.6616529897,299.12305966786215,148
25945000,51890.00000965388,-203345.19633878616,301.85144688554817,148
25950000,51900.000009655916,-203594.98878959112,301.48732296162365,148
25955000,51910.00000965795,-204211.72733186837,304.01837226131465,148
25960000,51920.00000965999,-204817.49325191404,299.5526743625028,148
25965000,51930.00000966203,-203392.2935405575,301.3010178832631,148
25970000,51940.000009664065,-204029.49991994328,295.02566780470966,148
25975000,51950.0000096661,-203600.8774250102,295.52096433167736,148
25980000,51960.00000966814,-203852.55846503063,301.48994401508554,148
25985000,51970.00000967018,-203020.8851147988,301.30926670113064,148
25990000,51980.000009672214,-204216.94104995485,304.5111457463922,148
25995000,51990.00000967425,-203939.9200821669,301.9777215409884,148
26000000,52000.00000967629,-204355.0646661024,300.50917817712815,148
26005000,52010.000009678326,-203673.9663726166,297.1204757183639,148
26010000,52020.00000968036,-203913.05223189655,296.29707400202614,148
26015000,52030.0000096824,-203698.4124683364,302.09717605855286,148
26020000,52040.00000968444,-203098.2463350501,299.1421922998468,148
26025000,52050.000009686475,-203798.01926385355,303.1200316662422,148
26030000,52060.00000968851,-203337.59572873625,297.9522307705832,148
26035000,52070.00000969055,-204149.92127321055,300.95588559999,148
26040000,52080.00000969259,-203730.93431743653,297.3802313436181,148
26045000,52090.000009694624,-203612.7561000971,297.9425076410625,148
26050000,52100.00000969666,-204060.24835647212,296.32019296586884,148
26055000,52110.0000096987,-203682.39631637977,303.0975575595214,148
26060000,52120.000009700736,-203825.20435681392,301.4951598176514,148
26065000,52130.00000970277,-205020.207300361,298.78012466744417,148
26070000,52140.00000970481,-203239.8024367222,300.3178505791555,148
26075000,52150.00000970685,-203518.32328191272,298.7190411823842,148
26080000,52160.000009708885,-203802.13534397376,294.9640820193611,148
26085000,52170.00000971092,-204205.45300636045,301.4951444690286,148
26090000,52180.00000971296,-203482.09009526053,301.4705367146017,148
26095000,52190.000009715,-203837.59334736085,303.61362475760535,148
26100000,52200.000009717034,-204499.9119451677,300.36038597288467,148
26105000,52210.00000971907,-204931.84935351077,305.3848115820948,148
26110000,52220.00000972111,-204268.94664596568,300.6025527721026,148
26115000,52230.000009723146,-203809.57051941776,301.88486489008324,148
26120000,52240.00000972518,-203726.32464197522,300.57482029441644,148
26125000,52250.00000972722,-203158.99729964475,306.3146936295924,148
26130000,52260.00000972926,-203846.36025607365,304.0097680079851,148
26135000,52270.000009731295,-203793.45948924427,299.64462296684377,148
26140000,52280.00000973333,-203468.94323601353,299.0873769174811,148
26145000,52290.00000973537,-203429.47710645024,302.22338798548867,148
26150000,52300.00000973741,-204680.33183220192,299.42355858738114,148
26155000,52310.000009739444,-203415.45401192526,302.9112997585955,148
26160000,52320.00000974148,-204026.4654568443,301.87247091601245,148
26165000,52330.00000974352,-204006.30511533818,299.27631413628,148
26170000,52340.000009745556,-204130.85696264182,297.2889032310118,148
26175000,52350.00000974759,-203764.06148030248,296.53487412557547,148
26180000,52360.00000974963,-203613.5039745958,300.2464489785759,148
26185000,52370.00000975167,-204024.13240682264,298.6867573066777,148
26190000,52380.000009753705,-204076.43415244238,303.3582556961493,148
26195000,52390.00000975574,-203212.10284101742,299.7018652218719,148
26200000,52400.00000975778,-203864.77239593316,303.2757025598784,148
26205000,52410.00000975982,-203455.44379257027,302.561923917379,148
26210000,52420.000009761854,-202975.83054271713,294.2672799801973,148
26215000,52430.00000976389,-204201.1389858591,299.3661969092721,148
26220000,52440.00000976593,-203536.38533239218,295.9547877583966,148
26225000,52450.000009767966,-203600.08714168286,296.3525661618637,148
26230000,52460.00000977,-203984.67667473713,300.2121228368485,148
26235000,52470.00000977204,-204354.07542237372,299.9757037076757,148
26240000,52480.00000977408,-204740.00499748276,297.49760474707733,148
26245000,52490.000009776115,-204003.7005095163,298.95281997843875,148
26250000,52500.00000977815,-203592.63432264922,303.26126464101486,148
26255000,52510.00000978019,-204041.18979762727,305.2691540008673,148
26260000,52520.00000978223,-204267.39837547485,303.17621730667844,148
26265000,52530.000009784264,-203767.8167011314,299.88460021633796,148
26270000,52540.0000097863,-203379.48861009278,303.156244676533,148
26275000,52550.00000978834,-203615.37950316293,305.5275863863104,148
26280000,52560.000009790376,-203796.25533932995,298.9451209292615,148
26285000,52570.00000979241,-204527.03511226107,297.61981379961276,148
26290000,52580.00000979445,-203641.4883452634,300.9142526463208,148
26295000,52590.00000979649,-204877.43670727254,295.9492352277494,148
26300000,52600.000009798525,-203890.22621891787,304.9390331212816,148
26305000,52610.00000980056,-204572.56336215755,301.65035913562514,148
26310000,52620.0000098026,-204394.41236548033,300.4619980021479,148
26315000,52630.00000980464,-203963.5569574216,303.0907995381054,148
26320000,52640.000009806674,-203681.58441931044,298.62172583278027,148
26325000,52650.00000980871,-204081.8883027907,300.1032519942972,148
26330000,52660.00000981075,-203764.16482002207,307.40195119978546,148
26335000,52670.000009812786,-203195.69295379193,297.022830721577,148
26340000,52680.00000981482,-203472.56460862793,304.747470632368,148
26345000,52690.00000981686,-203881.6708016774,296.7670760943824,148
26350000,52700.0000098189,-203915.45310698426,298.5986602279766,148
26355000,52710.000009820935,-204014.35356647836,296.70864384783494,148
26360000,52720.00000982297,-203084.3582021061,302.8655038428257,148
26365000,52730.00000982501,-203753.57344831654,298.1710113462697,148
26370000,52740.00000982705,-203409.19386427093,298.8894388492185,148
26375000,52750.000009829084,-204349.6843877359,297.55645703233125,148
26380000,52760.00000983112,-203754.3466728262,296.7892430792977,148
26385000,52770.00000983316,-203555.2894496139,300.5381276457828,148
26390000,52780.000009835196,-203431.61907515407,299.4793522621161,148
26395000,52790.00000983723,-203560.09024556854,297.06525740426383,148
26400000,52800.00000983927,-203659.81506080204,299.2145406931783,148
26405000,52810.00000984131,-204567.81634985667,302.32102268679114,148
26410000,52820.000009843345,-203135.25443264318,299.13203650865995,148
26415000,52830.00000984538,-204188.1964407519,302.7139420921387,148
26420000,52840.00000984742,-204924.97279133298,297.30595156615635,148
26425000,52850.00000984946,-203890.37843613757,299.2650951085048,148
26430000,52860.000009851494,-204425.68874120002,296.06837946053304,148
26435000,52870.00000985353,-204151.94105308817,296.0862785475911,148
26440000,52880.00000985557,-204111.8173619801,298.0604013011891,148
26445000,52890.000009857606,-204291.12460784905,303.2041083288508,148
26450000,52900.00000985964,-203994.94716487662,297.084191454714,148
26455000,52910.00000986168,-204005.20942339266,297.59299877147157,148
26460000,52920.00000986372,-203406.56260632025,295.78249124131696,148
26465000,52930.000009865755,-203929.71384115086,298.8299971041933,148
26470000,52940.00000986779,-203839.41310910962,300.88270760730785,148
26475000,52950.00000986983,-203870.03291700385,298.02187563289294,148
26480000,52960.00000987187,-204366.09105926787,300.4276713400573,148
26485000,52970.000009873904,-203320.06703867554,296.6641832826835,148
26490000,52980.00000987594,-203022.4791565548,297.1152467135649,148
26495000,52990.00000987798,-204198.71465222572,298.03106167452296,148
26500000,53000.000009880016,-204187.6432394901,299.53697975945147,148
26505000,53010.00000988205,-204651.9720801107,301.2479630066575,148
26510000,53020.00000988409,-203505.3927835927,300.5978698561096,148
26515000,53030.00000988613,-204218.22063571087,298.9718043211692,148
26520000,53040.000009888165,-203923.8879554586,298.17738479827557,148
26525000,53050.0000098902,-203778.21610336262,303.46725589115243,148
26530000,53060.00000989224,-204179.80182309472,299.47268169074295,148
26535000,53070.00000989428,-203492.53532657737,299.27215513848654,148
26540000,53080.000009896314,-204145.3546889933,296.99803685369153,148
26545000,53090.00000989835,-204276.2532211271,298.8178012562815,148
26550000,53100.00000990039,-203711.90917950077,302.5665648139989,148
26555000,53110.000009902426,-203721.7284260306,298.14210732945554,148
26560000,53120.00000990446,-204206.18482121662,296.6793248117561,148
26565000,53130.0000099065,-204699.74486384774,300.581343682879,148
26570000,53140.00000990854,-204582.6589300211,302.9644690317153,148
26575000,53150.000009910575,-203380.81735801813,303.34087580950694,148
26580000,53160.00000991261,-203966.54095241136,298.9516030982076,148
26585000,53170.00000991465,-203875.87275445147,296.6754336473677,148
26590000,53180.00000991669,-204210.11067775998,303.2141483686554,148
26595000,53190.000009918724,-203768.64769212017,301.55148914127534,148
26600000,53200.00000992076,-204312.89151830494,297.8110722505576,148
26605000,53210.0000099228,-203986.09814986621,303.56234533390744,148
26610000,53220.000009924835,-204105.2040115937,300.9815526686667,148
26615000,53230.00000992687,-203751.93082208093,302.58171615847135,148
26620000,53240.00000992891,-204575.60011207825,297.8107917832475,148
26625000,53250.00000993095,-203896.21852384123,302.44935836922417,148
26630000,53260.000009932985,-203860.94230211235,295.1890856033532,148
26635000,53270.00000993502,-203132.99620556354,297.69009325461667,148
26640000,53280.00000993706,-203063.7893561828,301.5747325446618,148
26645000,53290.000009939096,-203932.15167786775,295.9064165899732,148
26650000,53300.00000994113,-204533.87069982046,299.81764561516377,148
26655000,53310.00000994317,-203812.31937600242,295.54273348235546,148
26660000,53320.00000994521,-203956.64300717926,300.8836762143292,148
26665000,53330.000009947245,-203949.90145423356,301.29166446810564,148
26670000,53340.00000994928,-204427.52202630392,300.69664811453345,148
26675000,53350.00000995132,-203882.49146084103,300.82747944226287,148
26680000,53360.00000995336,-203633.61081674043,294.59705319273377,148
26685000,53370.000009955394,-203257.700886335,302.72471069325263,148
26690000,53380.00000995743,-204643.45859038667,300.83362805750824,148
26695000,53390.00000995947,-204455.4669250748,297.7174498151544,148
26700000,53400.000009961506,-204874.92881938373,303.64744505101066,148
26705000,53410.00000996354,-203888.2112090541,299.0817631115451,148
26710000,53420.00000996558,-203720.0795518679,303.8689430079248,148
26715000,53430.00000996762,-204146.12464759022,298.1285870624595,148
26720000,53440.000009969655,-203545.7936549784,302.78808845326876,148
26725000,53450.00000997169,-203428.59077986295,300.10852073555895,148
26730000,53460.00000997373,-203865.02384526492,296.8293717738686,148
26735000,53470.00000997577,-203171.66917338083,298.659083340246,148
26740000,53480.000009977804,-203568.52230515017,295.9726757208138,148
26745000,53490.00000997984,-202606.3653855339,295.95229766720234,148
26750000,53500.00000998188,-204112.52687768347,297.97562139967835,148
26755000,53510.000009983916,-203274.47997804068,301.17158795982743,148
26760000,53520.00000998595,-203871.0135724406,296.8415465612785,148
26765000,53530.00000998799,-204171.4670848546,299.5361792273418,148
26770000,53540.00000999003,-203153.40344511147,301.2790121684523,148
26775000,53550.000009992065,-204061.10025846912,296.2277124164613,148
26780000,53560.0000099941,-204163.50162767933,304.6922714707248,148
26785000,53570.00000999614,-203748.6847129612,300.9223806624616,148
26790000,53580.00000999818,-204495.57122064452,299.22218624605006,148
26795000,53590.000010000214,-203938.52420528058,298.07707443396964,148
26800000,53600.00001000225,-203720.89988725085,301.3472379012357,148
26805000,53610.00001000429,-204306.8591192651,297.269414393495,148
26810000,53620.000010006326,-203311.80694009387,301.51437075988486,148
26815000,53630.00001000836,-204033.6730650562,298.25305322598797,148
26820000,53640.0000100104,-204025.10283688526,301.5668389071297,148
26825000,53650.00001001244,-204212.47780812252,298.6940116621617,148
26830000,53660.000010014475,-203562.1326628765,299.78262512352023,148
26835000,53670.00001001651,-203160.88853873627,297.02148381084925,148
26840000,53680.00001001855,-204293.38667441555,302.5715602050056,148
26845000,53690.00001002059,-204116.23753122124,299.45826489764727,148
26850000,53700.000010022624,-204066.98693956214,303.50767672089506,148
26855000,53710.00001002466,-204030.67409575696,303.3863332199788,148
26860000,53720.0000100267,-204229.97283535288,301.3920632692351,148
26865000,53730.000010028736,-204241.2439403187,301.6033247980144,148
26870000,53740.00001003077,-203828.53729034401,298.48242174009016,148
26875000,53750.00001003281,-203039.48933400866,299.9781904668981,148
26880000,53760.00001003485,-203700.01653404033,304.59709819171934,148
26885000,53770.000010036885,-203904.8375629657,295.9974286458822,148
26890000,53780.00001003892,-204327.16124431673,295.8684409512935,148
26895000,53790.00001004096,-203517.20213651354,297.8208428547154,148
26900000,53800.000010043,-203605.61023082607,296.911776098618,148
26905000,53810.000010045034,-203583.1061828623,296.10092514345513,148
26910000,53820.00001004707,-203663.17458394112,297.1786277091673,148
26915000,53830.00001004911,-204217.85827536578,298.2396734133677,148
26920000,53840.000010051146,-203878.36153789505,295.861525620132,148
26925000,53850.00001005318,-204162.93393698742,300.62556537010687,148
26930000,53860.00001005522,-204239.88227916625,300.9772920603226,148
26935000,53870.00001005726,-203384.73586145404,297.9598456283695,148
26940000,53880.000010059295,-204600.27315496677,299.9546612901774,148
26945000,53890.00001006133,-203623.46909272124,295.44993855444767,148
26950000,53900.00001006337,-204587.2000207163,300.848389653846,148
26955000,53910.00001006541,-203528.23217504274,301.0506844168171,148
26960000,53920.000010067444,-203537.42535642593,298.7524088423525,148
26965000,53930.00001006948,-203819.6089685466,298.4792406988645,148
26970000,53940.00001007152,-204073.8327903276,298.85502681048365,148
26975000,53950.000010073556,-203452.77393870114,298.0242323928416,148
26980000,53960.00001007559,-204511.25565287156,305.392761380834,148
26985000,53970.00001007763,-203275.62105722842,301.4682386321593,148
26990000,53980.00001007967,-204350.17270764709,299.9138327152407,148
26995000,53990.000010081705,-203756.12031727913,292.9593441204522,148
27000000,54000.00001008374,-203405.9946160093,298.0344950346847,148
27005000,54010.00001008578,-204107.7866417067,298.98298824051835,148
27010000,54020.00001008782,-204628.04771883448,299.9640599365292,148
27015000,54030.000010089854,-204993.616210434,300.3315299851452,148
27020000,54040.00001009189,-203995.0936270915,298.7523185942856,148
27025000,54050.00001009393,-204495.73388966394,300.1426520964928,148
27030000,54060.000010095966,-203761.84107765742,299.81252452204785,148
27035000,54070.000010098,-204204.22210462356,296.979669640058,148
27040000,54080.00001010004,-203200.31952205964,301.98135956377956,148
27045000,54090.00001010208,-203630.85505476885,298.2553744460394,148
27050000,54100.000010104115,-204346.3251948154,300.8910367951672,148
27055000,54110.00001010615,-204083.06811822264,302.1911759301137,148
27060000,54120.00001010819,-204471.76741482108,301.55302479137833,148
27065000,54130.00001011023,-203444.7463023438,300.5372619822404,148
27070000,54140.000010112264,-203412.39539949084,301.69002944794823,148
27075000,54150.0000101143,-203722.88010225375,303.5391154261736,148
27080000,54160.00001011634,-203679.81790349516,303.5067943572203,148
27085000,54170.000010118376,-202962.51824486337,299.5622336618591,148
27090000,54180.00001012041,-203571.7984371985,299.88897580663786,148
27095000,54190.00001012245,-204069.04578610964,301.4426804599843,148
27100000,54200.00001012449,-203890.42981599993,301.917367807166,148
27105000,54210.000010126525,-204017.32229458308,303.18957096481415,148
27110000,54220.00001012856,-203234.17367670417,300.9471072791764,148
27115000,54230.0000101306,-203930.44017031894,302.7548891588879,148
27120000,54240.00001013264,-204040.17368370888,302.43877864888594,148
27125000,54250.000010134674,-204109.60630467697,301.1083025037775,148
27130000,54260.00001013671,-204709.33978285315,297.66433132868804,148
27135000,54270.00001013875,-204504.486301034,299.92530088257644,148
27140000,54280.000010140786,-203755.5989827041,293.34581138607234,148
27145000,54290.00001014282,-204382.95424573123,300.6513928066948,148
27150000,54300.00001014486,-204218.55891391612,295.28664334416277,148
27155000,54310.0000101469,-203200.07026700175,299.3983306059612,148
27160000,54320.000010148935,-203528.05645684374,296.5257497146833,148
27165000,54330.00001015097,-204764.2713702704,302.8917855953105,148
27170000,54340.00001015301,-203421.3812035066,301.858926008765,148
27175000,54350.00001015505,-203654.26116959273,298.89032215741065,148
27180000,54360.000010157084,-203766.7464141082,299.5336745170403,148
27185000,54370.00001015912,-203814.2225892091,302.91926405600543,148
27190000,54380.00001016116,-204361.23406411835,297.93108879502415,148
27195000,54390.000010163196,-204507.31966879521,299.7023331883778,148
27200000,54400.00001016523,-203521.87724038342,303.4986155505464,148
27205000,54410.00001016727,-204031.80115149997,295.9246896113214,148
27210000,54420.00001016931,-203988.12719850685,304.57719034940857,148
27215000,54430.000010171345,-203914.6531149533,296.8950704565529,148
27220000,54440.00001017338,-203832.1257971361,303.21913304223824,148
27225000,54450.00001017542,-204055.68370104616,301.7208923822333,148
27230000,54460.00001017746,-203227.6391200088,301.5752849646404,148
27235000,54470.000010179494,-204079.93292529054,293.7473202031065,148
27240000,54480.00001018153,-204007.97572989925,297.94715722554025,148
27245000,54490.00001018357,-204229.73624826944,303.38699825836335,148
27250000,54500.000010185606,-204129.3320093935,301.75774501935894,148
27255000,54510.00001018764,-203639.4969706001,302.6291011558737,148
27260000,54520.00001018968,-203703.76518544403,295.16145731476945,148
27265000,54530.00001019172,-204272.10206157598,298.1553118986973,148
27270000,54540.000010193755,-204620.3830586808,302.2275369594474,148
27275000,54550.00001019579,-203719.00191677036,300.3875430967527,148
27280000,54560.00001019783,-203557.81554097834,300.1525075860651,148
27285000,54570.00001019987,-204682.20796782814,296.0286116814056,148
27290000,54580.000010201904,-204121.17622787133,304.1927274603202,148
27295000,54590.00001020394,-204132.01590211305,301.5184504106247,148
27300000,54600.00001020598,-203911.8813825125,296.72236876174065,148
27305000,54610.000010208016,-204213.80559620622,298.4587675177255,148
27310000,54620.00001021005,-203843.10762983363,299.0697432138406,148
27315000,54630.00001021209,-203993.87564681948,303.9631864136213,148
27320000,54640.00001021413,-204397.28224478022,301.45881720482896,148
27325000,54650.000010216165,-203524.5862786267,297.78433158781223,148
27330000,54660.0000102182,-203900.86135686503,299.1758406819616,148
27335000,54670.00001022024,-203838.38017526618,299.0460364133017,148
27340000,54680.00001022228,-204074.80473733728,303.612448034608,148
27345000,54690.000010224314,-203634.82212096266,303.21357481855927,148
27350000,54700.00001022635,-203332.24660569197,302.47718636248874,148
27355000,54710.00001022839,-203709.14850555046,304.36082933556276,148
27360000,54720.000010230426,-203462.16002845718,300.83444952424225,148
27365000,54730.00001023246,-204344.52031953365,299.5436311872299,148
27370000,54740.0000102345,-203599.2267185119,297.10847638534415,148
27375000,54750.00001023654,-203002.598945369,294.9290818822562,148
27380000,54760.000010238575,-203616.62091161322,301.8488818957718,148
27385000,54770.00001024061,-203611.2016618728,301.0838830883563,148
27390000,54780.00001024265,-203602.04276197986,300.2309396429975,148
27395000,54790.00001024469,-203962.39745435945,296.5261680038568,148
27400000,54800.000010246724,-203286.0111834422,304.4128470528531,148
27405000,54810.00001024876,-204332.79566618847,302.61466267817195,148
27410000,54820.0000102508,-204382.27745642106,303.5996708439763,148
27415000,54830.000010252836,-204584.87047045387,297.76891906772573,148
27420000,54840.00001025487,-203133.12198949815,298.66135570542957,148
27425000,54850.00001025691,-204226.39287021302,298.8608577918272,148
27430000,54860.00001025895,-204161.04322300258,297.191462222008,148
27435000,54870.000010260985,-204278.40594854008,297.2003218575233,148
27440000,54880.00001026302,-203605.7222647291,303.872958423127,148
27445000,54890.00001026506,-204028.5256233249,304.92842808685845,148
27450000,54900.0000102671,-204319.50487272942,301.8171675427015,148
27455000,54910.000010269134,-203529.78532733058,300.48974328765814,148
27460000,54920.00001027117,-204481.67542329244,301.8816631941351,148
27465000,54930.00001027321,-204003.91796483553,294.47221602203297,148
27470000,54940.000010275246,-203568.38468189677,303.3350735545419,148
27475000,54950.00001027728,-203547.85173183738,304.81922917609296,148
27480000,54960.00001027932,-203897.40483446838,300.47868716530576,148
27485000,54970.00001028136,-204225.16879437154,297.2787136263371,148
27490000,54980.000010283395,-203909.39863400743,301.34917826006654,148
27495000,54990.00001028543,-204723.07941070595,301.89745002673965,148
27500000,55000.00001028747,-204181.45496042562,298.41481268696185,148
27505000,55010.00001028951,-203852.36234115658,300.5070484035899,148
27510000,55020.000010291544,-203923.37262403383,298.3865357585538,148
27515000,55030.00001029358,-203754.22544162336,299.0159108446007,148
27520000,55040.00001029562,-204210.66434112808,307.03449518308685,148
27525000,55050.000010297656,-203675.7385811716,305.4668552836562,148
27530000,55060.00001029969,-203013.76582382445,302.0338128600101,148
27535000,55070.00001030173,-204005.93998209643,299.71002341006374,148
27540000,55080.00001030377,-203685.44267730974,301.106942939206,148
27545000,55090.000010305805,-203183.85497895267,299.4325020300272,148
27550000,55100.00001030784,-203541.56009399646,300.65478638768474,148
27555000,55110.00001030988,-203367.54912898864,299.8419125037807,148
27560000,55120.00001031192,-203849.05290214275,298.75199040202045,148
27565000,55130.000010313954,-204068.1432970839,296.20836942686265,148
27570000,55140.00001031599,-203830.62135607924,303.6874654172123,148
27575000,55150.00001031803,-204279.86227201007,302.02970439415253,148
27580000,55160.000010320065,-204473.93027884164,299.16926580558834,148
27585000,55170.0000103221,-202552.25786557968,302.07822966588105,148
27590000,55180.00001032414,-203969.6662421847,301.597618038304,148
27595000,55190.00001032618,-204307.6071606418,299.71536060896364,148
27600000,55200.000010328215,-204158.13338023284,299.310355942315,148
27605000,55210.00001033025,-203572.067813513,302.7130107216222,148
27610000,55220.00001033229,-203662.79535984027,297.6252466265971,148
27615000,55230.000010334326,-203752.2395550683,304.2339051585926,148
27620000,55240.00001033636,-203436.503574035,299.38465176356175,148
27625000,55250.0000103384,-203713.67511367274,299.24658139833576,148
27630000,55260.00001034044,-203601.4993572574,301.7509249200812,147
27635000,55270.000010342475,-203332.5978942078,305.7308650293881,147
27640000,55280.00001034451,-203262.05146130593,300.4017371634778,147
27645000,55290.00001034655,-203565.1104451255,299.81375710534076,147
27650000,55300.00001034859,-203510.25869813387,298.87596205468407,147
27655000,55310.000010350625,-204376.0419473024,303.93529975535824,147
27660000,55320.00001035266,-204249.70435748366,295.2767508001154,147
27665000,55330.0000103547,-203386.87172931829,297.86415425566815,147
27670000,55340.000010356736,-203534.6381792773,298.26087785757215,147
27675000,55350.00001035877,-203735.1555477127,295.8836033850845,147
27680000,55360.00001036081,-204415.92664431327,298.514154640316,147
27685000,55370.00001036285,-203464.95780986012,300.08567243411335,147
27690000,55380.000010364885,-204700.81587341125,300.12683687385476,147
27695000,55390.00001036692,-203220.83473336813,300.9519990544608,147
27700000,55400.00001036896,-204029.95033986622,302.59157105384736,147
27705000,55410.000010371,-203399.13117997604,299.55355533765857,147
27710000,55420.000010373034,-204154.92794275295,295.6223906893937,147
27715000,55430.00001037507,-203465.89022029552,300.5295277439083,147
27720000,55440.00001037711,-203327.1685269042,299.7355114660756,147
27725000,55450.000010379146,-203917.7037288968,296.23974543378023,147
27730000,55460.00001038118,-204532.78091718967,298.39953503555995,147
27735000,55470.00001038322,-204580.98847177788,302.65085491471575,147
27740000,55480.00001038526,-204551.88888777245,299.3442969808592,147
27745000,55490.000010387295,-204241.04809557006,299.80135391665095,147
27750000,55500.00001038933,-203888.45038951095,299.7492725178027,147
27755000,55510.00001039137,-203656.25305855763,296.54406977987776,147
27760000,55520.00001039341,-204632.20465158613,299.09750678882176,147
27765000,55530.000010395444,-203644.25079716777,296.84208383111593,147
27770000,55540.00001039748,-204246.4573643821,300.5538353099718,147
27775000,55550.00001039952,-203669.99673678353,298.0015924642125,147
27780000,55560.000010401556,-203101.66451571404,298.89059822822026,147
27785000,55570.00001040359,-204369.9721323339,304.5879372569997,147
27790000,55580.00001040563,-203975.6581090031,296.37622245071765,147
27795000,55590.00001040767,-202818.42193374748,309.6152939492134,147
27800000,55600.000010409705,-203608.1238668207,303.169619202365,147
27805000,55610.00001041174,-203774.5623167205,299.03116466364224,147
27810000,55620.00001041378,-204245.14398335398,296.61095248603414,147
27815000,55630.00001041582,-203590.91617540934,298.13535555665646,147
27820000,55640.000010417854,-203717.39625226858,301.3385613697521,147
27825000,55650.00001041989,-203589.60774742893,299.0940305696781,147
27830000,55660.00001042193,-204400.55404105107,297.3757456033256,147
27835000,55670.000010423966,-204039.6126484424,302.4887513748936,147
27840000,55680.000010426,-203679.03235381958,298.709254548274,147
27845000,55690.00001042804,-204179.8255695058,305.0289898729446,147
27850000,55700.00001043008,-204400.51216803305,299.0135925102508,147
27855000,55710.000010432115,-204126.66469413775,301.50920053269306,147
27860000,55720.00001043415,-203607.87992559315,298.2055847130582,147
27865000,55730.00001043619,-204212.95812108787,300.63422420111107,147
27870000,55740.00001043823,-204388.5504187293,296.1465961161595,147
27875000,55750.000010440264,-204354.36614725785,296.9692884842773,147
27880000,55760.0000104423,-203781.99375112436,300.54510461652774,147
27885000,55770.00001044434,-203310.4444537568,301.2934900808534,147
27890000,55780.000010446376,-203521.96444239118,297.0570023391161,147
27895000,55790.00001044841,-203536.26684501406,301.87392682890396,147
27900000,55800.00001045045,-203724.62542205874,297.90998364641075,147
27905000,55810.00001045249,-204356.87397502002,298.2182599846171,147
27910000,55820.000010454525,-203602.04697941267,304.80487521589197,147
27915000,55830.00001045656,-203693.84179409884,301.8093541794325,147
27920000,55840.0000104586,-203536.2219871923,298.9857893090253,147
27925000,55850.00001046064,-204699.38853341958,296.4772451768331,147
27930000,55860.000010462674,-203659.00701711152,302.04287502434727,147
27935000,55870.00001046471,-203938.08373921656,305.4171110107722,147
27940000,55880.00001046675,-203166.69239327696,300.8252560583242,147
27945000,55890.000010468786,-204946.37467757636,300.6772176773228,147
27950000,55900.00001047082,-204416.19384378125,297.65597129063127,147
27955000,55910.00001047286,-203403.9692414404,302.1149633936797,147
27960000,55920.0000104749,-204231.2518023249,297.25698464218186,147
27965000,55930.000010476935,-203486.75824360305,301.316427460158,147
27970000,55940.00001047897,-203927.81375953043,301.59933289145476,147
27975000,55950.00001048101,-202922.5542611893,305.10737035182547,147
27980000,55960.00001048305,-203606.9139691271,298.98579882326305,147
27985000,55970.000010485084,-204015.2613061393,296.8476630928438,147
27990000,55980.00001048712,-204007.55271815066,297.6094946890721,147
27995000,55990.00001048916,-204944.40481453738,295.40182696571907,147
28000000,56000.000010491196,-203272.91167746403,295.042220997096,147
28005000,56010.00001049323,-203908.7213258493,304.9286561578751,147
28010000,56020.00001049527,-204256.733829348,297.5371257340117,147
28015000,56030.00001049731,-203380.695532455,302.1110699147233,147
28020000,56040.000010499345,-204780.76711001957,298.5497738663517,147
28025000,56050.00001050138,-204338.71508754988,300.6955142404236,147
28030000,56060.00001050342,-204484.64811726566,301.1692926655356,147
28035000,56070.00001050546,-203196.03840787767,301.59193049290445,147
28040000,56080.000010507494,-203387.5857684327,303.37786884074205,147
28045000,56090.00001050953,-203975.30908944388,297.4950521758865,147
28050000,56100.00001051157,-203386.1477553863,304.21549685764376,147
28055000,56110.000010513606,-203692.82288549235,304.01562731595374,147
28060000,56120.00001051564,-204639.91988131497,298.6937395379012,147
28065000,56130.00001051768,-203203.2618455619,299.4970406446129,147
28070000,56140.00001051972,-204231.2018948833,305.9553477579527,147
28075000,56150.000010521755,-204055.622484738,302.26196750907707,147
28080000,56160.00001052379,-204197.3848843075,298.6003549912867,147
28085000,56170.00001052583,-204940.4110953731,296.5901568877,147
28090000,56180.00001052787,-204378.682006713,300.9445006504831,147
28095000,56190.000010529904,-204057.00263847446,297.80189936539387,147
28100000,56200.00001053194,-203470.2165615746,302.9242723176957,147
28105000,56210.00001053398,-204818.08885094943,302.7123913424706,147
28110000,56220.000010536016,-203442.7407103473,301.6553612087077,147
28115000,56230.00001053805,-204855.18729956646,304.52020126774426,147
28120000,56240.00001054009,-203379.27206379664,302.9184608104088,147
28125000,56250.00001054213,-203693.25776957418,298.5985914381155,147
28130000,56260.000010544165,-203102.40798679926,301.7482503473959,147
28135000,56270.0000105462,-204223.41167766007,300.8039626461944,147
28140000,56280.00001054824,-204248.08051287872,303.3068340356314,147
28145000,56290.00001055028,-203219.4258794794,300.90838962880235,147
28150000,56300.000010552314,-203930.18702687975,298.9989181496154,147
28155000,56310.00001055435,-203772.4585347951,301.659021815445,147
28160000,56320.00001055639,-204384.68821342546,299.1582252852526,147
28165000,56330.000010558426,-204192.0375931959,302.7245549067353,147
28170000,56340.00001056046,-204541.34314670158,297.1403544575544,147
28175000,56350.0000105625,-203594.59238792572,298.9846662339852,147
28180000,56360.00001056454,-204516.94696777663,301.2238364267965,147
28185000,56370.000010566575,-203596.9786650195,302.47705820458634,147
28190000,56380.00001056861,-204261.56331032654,299.3035437644574,147
28195000,56390.00001057065,-204185.01908416452,299.4414911642915,147
28200000,56400.00001057269,-204231.24666410265,300.90184504939833,147
28205000,56410.000010574724,-203771.64695201232,300.7100832134859,147
28210000,56420.00001057676,-203922.41908237478,296.9368468985229,147
28215000,56430.0000105788,-203331.24042303674,305.1403834202031,147
28220000,56440.000010580836,-203695.49025442975,301.7545790065723,147
28225000,56450.00001058287,-203529.9011695754,297.7037183727129,147
28230000,56460.00001058491,-203538.3974219641,303.6950675737926,147
28235000,56470.00001058695,-203820.59158577828,297.11505085596957,147
28240000,56480.000010588985,-204462.88782127865,299.4220701280873,147
28245000,56490.00001059102,-203418.7092720099,305.02229148688104,147
28250000,56500.00001059306,-203639.4810109574,300.84294495802163,147
28255000,56510.0000105951,-203879.9920396785,300.6686752007375,147
28260000,56520.000010597134,-204126.46284538228,301.8431477239103,147
28265000,56530.00001059917,-203753.07134229806,295.6529094227615,147
28270000,56540.00001060121,-203967.81288911833,300.17992845706937,147
28275000,56550.000010603246,-204093.54892118427,297.66015535503954,147
28280000,56560.00001060528,-204132.85879277345,297.5495464498984,147
28285000,56570.00001060732,-203852.26403767068,300.47917923914054,147
28290000,56580.00001060936,-203402.72575271374,304.85474064495673,147
28295000,56590.000010611395,-203442.95176887128,294.8469847433134,147
28300000,56600.00001061343,-204770.36683842493,296.1893582808887,147
28305000,56610.00001061547,-203236.9058089842,303.15893218116264,147
28310000,56620.00001061751,-203546.45759836084,304.7720675843185,147
28315000,56630.000010619544,-204122.29568747978,297.36347676783436,147
28320000,56640.00001062158,-203824.09440303803,297.2095886964211,147
28325000,56650.00001062362,-203609.62741157762,298.58879160680715,147
28330000,56660.000010625656,-202959.64788152487,304.2905847944881,147
28335000,56670.00001062769,-203800.09130956559,297.39789352069727,147
28340000,56680.00001062973,-203833.40200668143,299.592917159674,147
28345000,56690.00001063177,-203340.66266027698,299.9367817722194,147
28350000,56700.000010633805,-203726.38082147797,298.77021863350126,147
28355000,56710.00001063584,-203759.456031351,303.0465741516157,147
28360000,56720.00001063788,-203155.52230968152,301.9477783855867,147
28365000,56730.00001063992,-203756.58172101201,303.80172463729036,147
28370000,56740.000010641954,-203920.56826388743,302.0584603530934,147
28375000,56750.00001064399,-204080.7871912039,301.5676180780353,147
28380000,56760.00001064603,-203948.36707979185,301.1431347739789,147
28385000,56770.000010648066,-203749.25721331558,302.41640087021204,147
28390000,56780.0000106501,-203205.2881975324,301.76737841985215,147
28395000,56790.00001065214,-204469.80504845048,301.59014746534746,147
28400000,56800.00001065418,-203858.04641351767,297.4337439269877,147
28405000,56810.000010656215,-203991.28444721515,298.04015044413234,147
28410000,56820.00001065825,-203841.1042139572,296.2677442306085,147
28415000,56830.00001066029,-203223.0560017689,303.2762022325219,147
28420000,56840.00001066233,-203267.8821276076,299.62012984337053,147
28425000,56850.000010664364,-203839.9665174191,302.3691473185988,147
28430000,56860.0000106664,-204320.29098669766,301.6353338818302,147
28435000,56870.00001066844,-203386.89425136033,301.25631859416137,147
28440000,56880.000010670476,-204021.6590477525,302.68350230255027,147
28445000,56890.00001067251,-203999.26566344767,302.670536806172,147
28450000,56900.00001067455,-203939.8662781698,300.98253065148134,147
28455000,56910.00001067659,-204347.5840308409,299.9133233457514,147
28460000,56920.000010678625,-203134.87539364002,303.72808422862784,147
28465000,56930.00001068066,-203400.2335420258,303.17417893123513,147
28470000,56940.0000106827,-204007.2854808129,296.6459973935063,147
28475000,56950.00001068474,-204106.97550218704,297.41923550655497,147
28480000,56960.000010686774,-203891.8657892102,296.4057491063735,147
28485000,56970.00001068881,-203848.0334731742,298.39425936381167,147
28490000,56980.00001069085,-204350.98382018635,304.12600951699284,147
28495000,56990.000010692886,-203313.11576944077,297.82993475915697,147
28500000,57000.00001069492,-204022.95961425127,304.66278250501875,147
28505000,57010.00001069696,-204277.22663366434,304.16146067889105,147
28510000,57020.000010699,-203949.245174377,300.6180802632349,147
28515000,57030.000010701035,-204153.02006567898,302.863699490233,147
28520000,57040.00001070307,-203351.36286617152,299.6189156086671,147
28525000,57050.00001070511,-203228.67091708712,294.5074665695873,147
28530000,57060.00001070715,-203458.01271849812,296.66646526332,147
28535000,57070.000010709184,-203693.7662528283,304.6503366394053,147
28540000,57080.00001071122,-204626.8407946492,302.8707415275046,147
28545000,57090.00001071326,-204162.93121875322,302.01519527161395,147
28550000,57100.000010715296,-204081.07445693272,301.7670143708018,147
28555000,57110.00001071733,-204313.8979319936,298.935299709994,147
28560000,57120.00001071937,-204252.82244954992,299.89921111870615,147
28565000,57130.00001072141,-203869.6821347935,297.9691884886059,147
28570000,57140.000010723445,-203516.2899044766,304.5317724227247,147
28575000,57150.00001072548,-203890.39897513355,300.34003447861534,147
28580000,57160.00001072752,-203571.93814848864,297.99956825966245,147
28585000,57170.00001072956,-204354.9810139517,298.1900603279379,147
28590000,57180.000010731594,-203800.14177900355,299.69356389592275,147
28595000,57190.00001073363,-204295.59817271843,298.8636060219561,147
28600000,57200.00001073567,-204718.15293942636,299.079846202248,147
28605000,57210.000010737705,-203086.58969249553,301.65986550676615,147
28610000,57220.00001073974,-203806.0567578025,299.90794597086517,147
28615000,57230.00001074178,-203649.24074772396,299.77469298852753,147
28620000,57240.00001074382,-203764.49718217412,300.5573046335802,147
28625000,57250.000010745855,-204229.17270424683,300.81700819622847,147
28630000,57260.00001074789,-203723.84146224393,300.44681563435086,147
28635000,57270.00001074993,-203657.4297323086,300.7296693764639,147
28640000,57280.000010751966,-204324.37763197802,298.7734159085673,147
28645000,57290.000010754,-203342.58213176276,300.34110361890396,147
28650000,57300.00001075604,-203489.6636730358,295.6110765218678,147
28655000,57310.00001075808,-203755.85073568823,299.349290359065,147
28660000,57320.000010760115,-204129.75819633063,300.650361758727,147
28665000,57330.00001076215,-203768.0852976332,303.2256942084608,147
28670000,57340.00001076419,-204134.8537231891,302.6175278625422,147
28675000,57350.00001076623,-204192.911990489,296.52771196394616,147
28680000,57360.000010768264,-203475.8388835414,300.9109439572744,147
28685000,57370.0000107703,-204111.84096681315,301.46327868721545,147
28690000,57380.00001077234,-204155.14061769703,300.60748778225457,147
28695000,57390.000010774376,-204007.33295408858,300.50169446785367,147
28700000,57400.00001077641,-203672.01124516292,300.88167573095075,147
28705000,57410.00001077845,-204179.31200888462,301.0334887062042,147
28710000,57420.00001078049,-204416.55387047806,300.60481147060125,147
28715000,57430.000010782525,-203626.43407972844,296.4025943206468,147
28720000,57440.00001078456,-203938.14778797212,298.1657356915369,147
28725000,57450.0000107866,-204218.5647165978,300.93091471382314,147
28730000,57460.00001078864,-203708.33965195296,302.5951060446357,147
28735000,57470.000010790674,-203659.93280287797,297.7771013067672,147
28740000,57480.00001079271,-203840.72441208933,302.5835773291506,147
28745000,57490.00001079475,-203585.77328493982,299.5631752655937,147
28750000,57500.000010796786,-203528.2723911025,299.3394912685051,147
28755000,57510.00001079882,-203725.47524348146,304.7079827757462,147
28760000,57520.00001080086,-203788.97186777648,299.5323090420306,147
28765000,57530.0000108029,-204499.71829795768,303.2994310383664,147
28770000,57540.000010804935,-204098.11198207003,300.8732646289144,147
28775000,57550.00001080697,-203967.21656973264,302.2277409461071,147
28780000,57560.00001080901,-204338.94274311012,296.50121605758216,147
28785000,57570.00001081105,-203777.32695999322,298.2661951139013,147
28790000,57580.000010813084,-204116.4703189293,305.44059430881407,147
28795000,57590.00001081512,-203592.00643798918,300.3940695319804,147
28800000,57600.00001081716,-203446.885691409,299.0701943168726,147
28805000,57610.000010819196,-203735.2511970544,300.3756906405451,147
28810000,57620.00001082123,-203629.34067970084,299.12441177992486,147
28815000,57630.00001082327,-203655.02804914524,303.9686780176681,147
28820000,57640.00001082531,-203206.89006663545,299.9305109142312,147
28825000,57650.000010827345,-203877.79622203019,300.79794406217945,147
28830000,57660.00001082938,-204533.42068784672,299.74144365144235,147
28835000,57670.00001083142,-203930.88127824012,299.4221495652513,147
28840000,57680.00001083346,-203780.8410318077,301.28779402495843,147
28845000,57690.000010835494,-204241.04990062665,303.68098651368007,147
28850000,57700.00001083753,-204203.40939130564,302.7865624838313,147
28855000,57710.00001083957,-203982.47813759034,298.63261456470326,147
28860000,57720.000010841606,-203463.61615859892,300.0583598306379,147
28865000,57730.00001084364,-204408.5901153125,302.21285114252765,147
28870000,57740.00001084568,-204192.6800928763,301.0809312061208,147
28875000,57750.00001084772,-202914.5701721427,296.63435907902675,147
28880000,57760.000010849755,-204249.70562971605,301.9086002525254,147
28885000,57770.00001085179,-203852.46722760517,303.1332802367872,147
28890000,57780.00001085383,-203309.34501024277,302.2885359481603,147
28895000,57790.00001085587,-203316.926301277,297.785770765171,147
28900000,57800.000010857904,-203876.358276012,299.1771249594663,147
28905000,57810.00001085994,-204354.91129349568,303.87192694658467,147
28910000,57820.00001086198,-203407.11769514054,303.59022687161513,147
28915000,57830.000010864016,-203227.88512764138,295.5330837293295,147
28920000,57840.00001086605,-203384.45993133646,306.42163846574664,147
28925000,57850.00001086809,-203433.61285395094,302.74236052403035,147
28930000,57860.00001087013,-203522.0245442096,302.4708632695814,147
28935000,57870.000010872165,-203288.0789744486,299.08961869283957,147
28940000,57880.0000108742,-204016.50455177412,295.45264777704807,147
28945000,57890.00001087624,-204082.79229894304,300.15333775659803,147
28950000,57900.00001087828,-203532.7097993755,300.81050946291975,147
28955000,57910.000010880314,-203605.51571523934,300.0661113395692,147
28960000,57920.00001088235,-204226.7419095725,302.161460368617,147
28965000,57930.00001088439,-203593.7025078358,303.06484828752446,147
28970000,57940.000010886426,-203555.0549142504,297.55441243197834,147
28975000,57950.00001088846,-203813.15048160043,301.554297299674,147
28980000,57960.0000108905,-204595.49030194443,297.12798248175585,147
28985000,57970.00001089254,-204144.79457447573,297.53399661640964,147
28990000,57980.000010894575,-203802.54044471576,303.3441646968111,147
28995000,57990.00001089661,-203346.30662453698,301.0894724036587,147
29000000,58000.00001089865,-204448.32210879726,300.5130809252092,147
29005000,58010.00001090069,-203266.23040502635,301.49444617552075,147
29010000,58020.000010902724,-204120.30458655977,302.8028655524518,147
29015000,58030.00001090476,-203855.66189229698,301.19912234171903,147
29020000,58040.0000109068,-203943.47235504317,296.7019380028582,147
29025000,58050.000010908836,-203830.31165628927,307.30692384109614,147
29030000,58060.00001091087,-204674.1352001048,299.55877981876927,147
29035000,58070.00001091291,-203280.21069143876,301.7434966256628,147
29040000,58080.00001091495,-204050.62433320074,302.00028346312,147
29045000,58090.000010916985,-203038.70755527017,300.81218003816394,147
29050000,58100.00001091902,-203801.51145270723,298.45132600429974,147
29055000,58110.00001092106,-204312.56951720628,301.56732743358447,147
29060000,58120.0000109231,-203681.6282914445,301.3166846254708,147
29065000,58130.000010925134,-203837.63980248384,301.78802253646717,147
29070000,58140.00001092717,-203755.7235504092,300.44672206281,147
29075000,58150.00001092921,-204089.91746583558,298.8697083611751,147
29080000,58160.000010931246,-203825.90334887488,299.4846890203627,147
29085000,58170.00001093328,-203333.1783052166,301.53916889685445,147
29090000,58180.00001093532,-203749.1836780078,299.7028632653179,147
29095000,58190.00001093736,-203770.56682329997,297.4847730264512,147
29100000,58200.000010939395,-203884.0196166233,302.0550008343511,147
29105000,58210.00001094143,-203279.16570225405,297.9464610248823,147
29110000,58220.00001094347,-204345.9898796205,300.803822171318,147
29115000,58230.00001094551,-204171.7796754914,300.6414674856832,147
29120000,58240.000010947544,-203786.11083262577,296.3912865009464,147
29125000,58250.00001094958,-203873.56328106287,297.0490423269362,147
29130000,58260.00001095162,-203130.30956765602,300.3119362084311,147
29135000,58270.000010953656,-203706.42702190927,297.76754117703194,147
29140000,58280.00001095569,-204495.2996682697,298.2041091044793,147
29145000,58290.00001095773,-204021.64249162306,299.7450602703697,147
29150000,58300.00001095977,-204430.73030157632,301.21749924737975,147
29155000,58310.000010961805,-204514.20749769267,305.5004055489394,147
29160000,58320.00001096384,-204583.78259709675,300.1834807232708,147
29165000,58330.00001096588,-203617.35317919485,297.9755200719058,147
29170000,58340.00001096792,-204383.21411946916,301.46896949535676,147
29175000,58350.000010969954,-203601.73135971138,300.98539105296175,147
29180000,58360.00001097199,-203666.9694660555,295.4536098232743,147
29185000,58370.00001097403,-204479.37436118722,298.84683003876637,147
29190000,58380.000010976066,-203782.85997635475,303.5343838868544,147
29195000,58390.0000109781,-203989.99242374813,303.46227207652197,147
29200000,58400.00001098014,-204053.19976847235,300.1297577635723,147
29205000,58410.00001098218,-204435.34459493787,298.7579568915368,147
29210000,58420.000010984215,-204082.35087471758,296.12923672178607,147
29215000,58430.00001098625,-203198.10659424972,300.495521972074,147
29220000,58440.00001098829,-204054.00161086442,300.75479000649943,147
29225000,58450.00001099033,-204641.6328586007,302.77617366692454,147
29230000,58460.000010992364,-203430.4849764232,301.85742933133037,147
29235000,58470.0000109944,-204026.78150626505,298.23906446953447,147
29240000,58480.00001099644,-203169.23690904095,302.05737446350946,147
29245000,58490.000010998476,-203686.88508137828,299.6221338174977,147
29250000,58500.00001100051,-204858.95345640485,300.1440264592349,147
29255000,58510.00001100255,-204406.79122136254,299.4504259400396,147
29260000,58520.00001100459,-204314.7141540487,304.4405579788307,147
29265000,58530.000011006625,-203935.21165346005,299.33187076807576,147
29270000,58540.00001100866,-203359.5670889672,303.7059188015987,147
29275000,58550.0000110107,-203851.62615655258,299.2238675360412,147
29280000,58560.00001101274,-203861.18961928447,299.5548232172712,147
29285000,58570.000011014774,-203727.00345878478,301.2285656754916,147
29290000,58580.00001101681,-203513.77364208736,303.6313368624387,147
29295000,58590.00001101885,-204091.53180181351,302.07377990606705,147
29300000,58600.000011020886,-204248.96629718167,297.7430903647276,147
29305000,58610.00001102292,-202727.33629953826,301.44968195392863,147
29310000,58620.00001102496,-204125.46334093495,298.12586251174747,147
29315000,58630.000011027,-204071.38365844137,304.5786113257065,147
29320000,58640.000011029035,-203314.56323295494,300.25860812361617,147
29325000,58650.00001103107,-204108.73127386475,300.35431919507704,147
29330000,58660.00001103311,-204210.15472039545,299.99326958696463,147
29335000,58670.00001103515,-203733.6760279088,303.1884207472557,147
29340000,58680.000011037184,-203285.77523218363,300.16855617032775,147
29345000,58690.00001103922,-203890.71726113,294.23783931076406,147
29350000,58700.00001104126,-203966.3551912373,296.16332877141343,147
29355000,58710.000011043296,-204330.45323733077,301.832226399246,147
29360000,58720.00001104533,-204698.03871275426,302.9334702302008,147
29365000,58730.00001104737,-203775.4656351707,297.1960977151088,147
29370000,58740.00001104941,-204015.1351646037,300.2128574074778,147
29375000,58750.000011051445,-203680.97609301133,302.348502447372,147
29380000,58760.00001105348,-204157.77193317097,302.62004417691156,147
29385000,58770.00001105552,-203548.30502507917,305.95599097842785,147
29390000,58780.00001105756,-203861.22027590382,299.678113569658,147
29395000,58790.000011059594,-203905.77608611237,303.2968582277034,147
29400000,58800.00001106163,-203699.37035791378,299.4957535241711,147
29405000,58810.00001106367,-203424.29431315511,300.8852076985141,147
29410000,58820.000011065706,-204470.0732210545,300.8758543546627,147
29415000,58830.00001106774,-204077.37319940596,309.76809651366705,147
29420000,58840.00001106978,-204428.5247244035,301.9391530255824,147
29425000,58850.00001107182,-203695.24634159065,299.33551072744416,147
29430000,58860.000011073855,-204181.68067612383,299.9388579343751,147
29435000,58870.00001107589,-204378.60235586658,298.7590752999012,147
29440000,58880.00001107793,-204190.87264928,297.91436004190405,147
29445000,58890.00001107997,-203655.18682365038,299.9591708586093,147
29450000,58900.000011082004,-204438.17190808756,297.00242549135953,147
29455000,58910.00001108404,-204056.90925161424,297.59632709849933,147
29460000,58920.00001108608,-203892.4016796369,305.02956144040894,147
29465000,58930.000011088116,-203450.36827182944,298.3546010164815,147
29470000,58940.00001109015,-203624.68106449803,297.54264995212503,147
29475000,58950.00001109219,-203769.50823392195,296.964087935954,147
29480000,58960.00001109423,-203166.7243179609,300.5979122332567,147
29485000,58970.000011096265,-203400.1585607446,299.05527204604556,147
29490000,58980.0000110983,-204236.87665761472,302.1346737751084,147
29495000,58990.00001110034,-204147.60791778832,301.22653085249436,147
29500000,59000.00001110238,-205025.69625332346,302.6489373659731,147
29505000,59010.000011104414,-203356.53085450758,299.7666397732153,147
29510000,59020.00001110645,-204047.40414891113,304.7268387235861,147
29515000,59030.00001110849,-204685.53510875092,300.50652651837987,147
29520000,59040.000011110526,-204359.53813703218,299.91529909409786,147
29525000,59050.00001111256,-204090.22237787198,300.9685538330262,147
29530000,59060.0000111146,-203907.95760144095,305.8791187501862,147
29535000,59070.00001111664,-203847.1629847089,295.90400546084913,147
29540000,59080.000011118675,-203630.79679114989,297.7818796928264,147
29545000,59090.00001112071,-203192.01672000543,298.81688097343005,147
29550000,59100.00001112275,-204607.73607566184,304.6919062897433,147
29555000,59110.00001112479,-204714.5123727366,301.4437461043293,147
29560000,59120.000011126824,-204443.96834848681,303.0534218768346,147
29565000,59130.00001112886,-203844.00234037766,298.6473362078594,147
29570000,59140.0000111309,-204129.2312325146,300.2800093426964,147
29575000,59150.000011132935,-203630.284077154,300.7659897377795,147
29580000,59160.00001113497,-204005.40999089694,302.5223748625045,147
29585000,59170.00001113701,-203480.30707272515,295.75962519129007,147
29590000,59180.00001113905,-204527.2171764447,298.57743478797255,147
29595000,59190.000011141085,-204193.83595620992,296.8622637032503,147
29600000,59200.00001114312,-204334.73241176677,295.5976288445746,147
29605000,59210.00001114516,-204346.36258214444,297.069477885052,147
29610000,59220.000011147196,-202986.71099915402,300.9343949485018,147
29615000,59230.00001114923,-203755.55753212748,303.108206069871,147
29620000,59240.00001115127,-203387.83924094634,302.3105495326188,147
29625000,59250.00001115331,-204139.20955108327,300.99131799558535,147
29630000,59260.000011155345,-203505.22077152692,301.6737676204742,147
29635000,59270.00001115738,-204128.92280274758,298.1562469591362,147
29640000,59280.00001115942,-203444.44883679214,294.31910135174184,147
29645000,59290.00001116146,-203801.24430674152,298.3787625958688,147
29650000,59300.000011163494,-203966.3053989393,300.20583006724604,147
29655000,59310.00001116553,-204083.60213197174,302.57827637487185,147
29660000,59320.00001116757,-204842.24381701346,302.9737959672997,147
29665000,59330.000011169606,-203828.2018877539,302.200101474023,147
29670000,59340.00001117164,-203714.70479422866,299.2967604791525,147
29675000,59350.00001117368,-203785.55690534273,298.3355109458435,147
29680000,59360.00001117572,-204311.9302471853,306.1327685278586,147
29685000,59370.000011177755,-204355.1089183417,304.9110374632567,147
29690000,59380.00001117979,-203763.15909609396,300.0276423557784,147
29695000,59390.00001118183,-204477.42437397537,299.56039006819066,147
29700000,59400.00001118387,-203809.36193369585,302.85829821075913,147
29705000,59410.000011185904,-203702.39055939182,300.63209525968387,147
29710000,59420.00001118794,-204131.74180707627,297.26032977499443,147
29715000,59430.00001118998,-204132.50544547744,299.94065334106006,147
29720000,59440.000011192016,-204186.93721185578,301.3954152222237,147
29725000,59450.00001119405,-203681.5379526826,300.99546756156354,147
29730000,59460.00001119609,-203931.016636914,300.8251222253541,147
29735000,59470.00001119813,-203620.2299427885,296.7297697726297,147
29740000,59480.000011200165,-203961.49004847405,299.2081317081689,147
29745000,59490.0000112022,-203801.04339765199,297.39426428806394,147
29750000,59500.00001120424,-203968.76878358715,298.0481611141722,147
29755000,59510.00001120628,-204331.27427161264,296.65873971867313,147
29760000,59520.000011208314,-204500.42194335465,305.36742246158775,147
29765000,59530.00001121035,-204617.37964029878,300.8857292403158,147
29770000,59540.00001121239,-204039.19262111536,299.9014311971734,147
29775000,59550.000011214426,-202951.42314278893,298.0738391453035,147
29780000,59560.00001121646,-204335.77817769325,294.81732977135476,147
29785000,59570.0000112185,-203633.4031704947,296.8749629530966,147
29790000,59580.00001122054,-203897.24095608108,304.0535872529487,147
29795000,59590.000011222575,-203629.25293649838,300.3878907288139,147
29800000,59600.00001122461,-203811.47212786356,297.9762848841063,147
29805000,59610.00001122665,-203931.56532306992,298.9369284522996,147
29810000,59620.00001122869,-204467.07551589562,302.04697132508153,147
29815000,59630.000011230724,-203649.96632997878,300.91837769283956,147
29820000,59640.00001123276,-204144.67605284567,296.481410632385,147
29825000,59650.0000112348,-203687.65750470408,304.7574853805332,147
29830000,59660.000011236836,-203697.6997414088,297.9970641900031,147
29835000,59670.00001123887,-204871.5187484061,301.1704574087058,147
29840000,59680.00001124091,-203822.28166463785,304.23219673577995,147
29845000,59690.00001124295,-204481.58295414608,295.71802110321505,147
29850000,59700.000011244985,-204215.06819067022,300.895545754049,147
29855000,59710.00001124702,-203703.2598209955,303.09369195643916,147
29860000,59720.00001124906,-203062.68752371718,297.29887630855535,147
29865000,59730.0000112511,-203521.47792372853,299.8874668464614,147
29870000,59740.000011253134,-202839.05982793507,301.5377114969304,147
29875000,59750.00001125517,-204490.2893380404,301.0334051498092,147
29880000,59760.00001125721,-203556.86243254098,300.7255192015409,147
29885000,59770.000011259246,-204037.92579049338,300.85361195041116,147
29890000,59780.00001126128,-203124.07505054702,301.810680861621,147
29895000,59790.00001126332,-204413.24514092458,297.73357608501914,147
29900000,59800.00001126536,-204053.78481155145,301.0211872522678,147
29905000,59810.000011267395,-203857.49931864312,299.3414180733085,147
29910000,59820.00001126943,-203858.90089053044,303.9295366620748,147
29915000,59830.00001127147,-204023.70674892876,299.0003307943082,147
29920000,59840.00001127351,-204110.96121232363,295.1538793556273,147
29925000,59850.000011275544,-202926.30405611475,302.0091236906267,147
29930000,59860.00001127758,-203707.98439267976,302.59804428642786,147
29935000,59870.00001127962,-203080.08818185132,303.9529266978492,147
29940000,59880.000011281656,-203703.34039875027,296.8352722248435,147
29945000,59890.00001128369,-202656.17649296764,299.0920320259443,147
29950000,59900.00001128573,-204048.31942933053,302.08284157997446,147
29955000,59910.00001128777,-203966.38220375043,300.49764087266004,147
29960000,59920.000011289805,-203738.31038902327,295.38551560560256,147
29965000,59930.00001129184,-203716.86309868156,302.80744375012205,147
29970000,59940.00001129388,-203727.19099226408,300.01883914018885,147
29975000,59950.00001129592,-203668.34680309962,300.66400614700575,147
29980000,59960.000011297954,-204276.15274274477,297.85326450705014,147
29985000,59970.00001129999,-203470.07270008163,298.50378233607313,147
29990000,59980.00001130203,-204329.05733507173,303.2284541806874,147
29995000,59990.000011304066,-204647.28580843937,303.6113233782549,147
30000000,60000.0000113061,-203196.70282620273,303.62716115076324,147
30005000,60010.00001130814,-203925.3988102983,297.50603698176906,147
30010000,60020.00001131018,-203731.93597403006,297.7174477384196,147
30015000,60030.000011312215,-203244.5090665758,298.0728611778631,147
30020000,60040.00001131425,-203858.38860194827,297.40979639337223,147
30025000,60050.00001131629,-203869.99186370242,306.6428018385901,147
30030000,60060.00001131833,-203528.58939588675,302.01781184113497,147
30035000,60070.000011320364,-204159.54197371122,299.3616862664718,147
30040000,60080.0000113224,-204112.12197963195,298.467092241787,147
30045000,60090.00001132444,-203883.9360174964,303.76318588059627,147
30050000,60100.000011326476,-203193.2186361138,300.6937222291644,147
30055000,60110.00001132851,-203715.15725067328,302.5635879934089,147
30060000,60120.00001133055,-203961.10975222453,301.365674928808,147
30065000,60130.00001133259,-204006.32021401112,300.1404676667898,147
30070000,60140.000011334625,-204000.68025651225,299.24713627953884,147
30075000,60150.00001133666,-203845.71059090924,301.1483731218641,147
30080000,60160.0000113387,-203664.29096402833,304.5133721608496,147
30085000,60170.00001134074,-203525.78154387733,298.8021585127392,147
30090000,60180.000011342774,-203846.8503821846,302.4922392475143,147
30095000,60190.00001134481,-204288.92724576476,299.3282709267146,147
30100000,60200.00001134685,-203529.66939116886,299.4349464461038,147
30105000,60210.000011348886,-204291.8898177531,300.02467028123306,147
30110000,60220.00001135092,-203333.71383054007,295.6714727137554,147
30115000,60230.00001135296,-204107.82769536192,302.95184965049015,147
30120000,60240.000011355,-203854.3218014805,298.66511265147494,147
30125000,60250.000011357035,-204784.85410915187,299.8833522433103,147
30130000,60260.00001135907,-204636.94811154227,301.94123685127033,147
30135000,60270.00001136111,-203994.83621408243,303.36261452369615,147
30140000,60280.00001136315,-203298.86848185107,297.9133627298359,147
30145000,60290.000011365184,-203138.398110506,302.3479965529619,147
30150000,60300.00001136722,-203355.1674470798,303.77865606290766,147
30155000,60310.00001136926,-203767.66887406632,300.30443559697693,147
30160000,60320.000011371296,-203779.62563724897,298.4357280438718,147
30165000,60330.00001137333,-203601.6814665678,294.69283915229977,147
30170000,60340.00001137537,-204092.45240619418,301.37532805996915,147
30175000,60350.00001137741,-203845.17398819025,297.886569440275,147
30180000,60360.000011379445,-203937.13133436104,298.98660186918795,147
30185000,60370.00001138148,-204168.9353839393,301.114834707551,147
30190000,60380.00001138352,-203835.47789381316,297.99177393951675,147
30195000,60390.00001138556,-202505.51599057298,303.67144376174735,147
30200000,60400.000011387594,-203137.0794287345,302.97599401865375,147
30205000,60410.00001138963,-203775.3776338154,302.22546300607405,147
30210000,60420.00001139167,-204063.6803003354,303.939172098541,147
30215000,60430.000011393706,-204229.3510184487,304.22675933268533,147
30220000,60440.00001139574,-204740.9738822356,298.27198285989846,147
30225000,60450.00001139778,-203808.47432190715,303.0937897782035,147
30230000,60460.00001139982,-203452.03733187472,297.3827944785015,147
30235000,60470.000011401855,-203695.59825475968,300.52687220411445,147
30240000,60480.00001140389,-204530.32912834943,304.813551125123,147
30245000,60490.00001140593,-203950.9229125555,302.2115911554195,147
30250000,60500.00001140797,-204018.51672411268,299.3595847473874,147
30255000,60510.000011410004,-204577.34270831326,303.32220477731505,147
30260000,60520.00001141204,-203601.88133295218,295.74226808870486,147
30265000,60530.00001141408,-203690.17545725463,300.61988415875567,147
30270000,60540.000011416116,-204020.38788367936,297.92004442234236,147
30275000,60550.00001141815,-203821.0946353966,302.0518721823475,147
30280000,60560.00001142019,-204165.92716503295,297.47454995801013,147
30285000,60570.00001142223,-204574.02490382688,300.2327950547947,147
30290000,60580.000011424265,-204228.30130806554,300.19041848537154,147
30295000,60590.0000114263,-204247.08177325816,299.15341988151545,147
30300000,60600.00001142834,-204159.40732780076,298.247941553557,147
30305000,60610.00001143038,-203763.13903746824,299.49707936524356,147
30310000,60620.000011432414,-203858.13318788202,300.1575361543543,147
30315000,60630.00001143445,-204643.3138659892,305.4938440542684,147
30320000,60640.00001143649,-204531.97497187904,301.24768401907266,147
30325000,60650.000011438526,-204006.50692465703,298.2300586999141,147
30330000,60660.00001144056,-203847.80005411862,298.32078994790453,147
30335000,60670.0000114426,-204355.09501511394,301.03155901789177,147
30340000,60680.00001144464,-204417.69548609632,301.14137366860245,147
30345000,60690.000011446675,-203224.91391898238,299.79838900720824,147
30350000,60700.00001144871,-204287.3424743954,297.23574504897607,147
30355000,60710.00001145075,-204208.51996114408,299.6466143063397,147
30360000,60720.00001145279,-204071.0205509729,295.3406258505588,147
30365000,60730.000011454824,-203762.05389123596,298.1688459926006,147
30370000,60740.00001145686,-204284.67830551963,299.57581307751826,147
30375000,60750.0000114589,-204867.63661115489,301.50148028956494,147
30380000,60760.000011460936,-202939.09946571302,299.4889534465973,147
30385000,60770.00001146297,-203541.6628273112,300.87159882565334,147
30390000,60780.00001146501,-204759.40757283755,298.9101696564882,147
30395000,60790.00001146705,-203759.95870047167,302.9179690084054,147
30400000,60800.000011469085,-203640.29189091513,300.94639427601254,147
30405000,60810.00001147112,-204353.3592142734,302.36298790156417,147
30410000,60820.00001147316,-204514.73686491896,302.75578739572666,147
30415000,60830.0000114752,-203361.12200481864,297.7741827664211,147
30420000,60840.000011477234,-204045.94752251438,299.4889224594657,147
30425000,60850.00001147927,-204081.55023847392,295.36564056944354,147
30430000,60860.00001148131,-203445.4186061389,304.3398401581203,147
30435000,60870.000011483346,-203522.3642309755,299.35593213081887,147
30440000,60880.00001148538,-203580.26379927492,300.6441257365344,147
30445000,60890.00001148742,-203570.9774154526,301.4058975809218,147
30450000,60900.00001148946,-203070.73516883503,298.9516826578682,147
30455000,60910.000011491495,-204144.0430132401,295.9854224336866,147
30460000,60920.00001149353,-203689.09537198895,301.07312779618496,147
30465000,60930.00001149557,-203707.25248040247,299.29362574866303,147
30470000,60940.00001149761,-203420.0333868541,303.52422270701055,147
30475000,60950.000011499644,-204843.66018156044,299.3771939024267,147
30480000,60960.00001150168,-203897.81140772265,298.75543255739825,147
30485000,60970.00001150372,-204113.14004201652,304.26043573451295,147
30490000,60980.000011505756,-203566.7669705759,294.4748854240108,147
30495000,60990.00001150779,-204424.21817952942,301.793965604583,147
30500000,61000.00001150983,-203852.31033371005,299.59692719573303,147
30505000,61010.00001151187,-203673.3585609781,295.2177503711933,147
30510000,61020.000011513905,-203908.19469014462,301.2111671079219,147
30515000,61030.00001151594,-203270.49693140585,299.5285981759597,147
30520000,61040.00001151798,-202637.08834763,294.75799087279756,147
30525000,61050.00001152002,-203425.87336144026,296.93520054553227,147
30530000,61060.000011522054,-204125.20876421395,299.57502074504964,147
30535000,61070.00001152409,-203603.88172267308,303.12561247018914,147
30540000,61080.00001152613,-203651.26012865675,300.1549143981055,147
30545000,61090.000011528165,-203597.71010357386,299.28430534155314,147
30550000,61100.0000115302,-203750.03173794493,300.91441671582726,147
30555000,61110.00001153224,-203508.57869249594,299.9797932404129,147
30560000,61120.00001153428,-203695.9748325029,301.6060068185557,147
30565000,61130.000011536315,-203383.73929083464,297.65384723179625,147
30570000,61140.00001153835,-203654.20847250219,294.5553348126328,147
30575000,61150.00001154039,-203435.98759898206,297.99743877189746,147
30580000,61160.00001154243,-203681.70311003376,299.21890959166814,147
30585000,61170.00001154446,-204113.1957496585,297.76135558811785,147
30590000,61180.0000115465,-204197.30598155735,301.46907493234886,147
30595000,61190.00001154854,-203937.91318528808,300.17481524409686,147
30600000,61200.000011550575,-202880.11094454804,297.93189468275983,147
30605000,61210.00001155261,-203821.96193106973,302.27871394032906,147
30610000,61220.00001155465,-203535.1000343035,302.55385745388594,147
30615000,61230.00001155669,-203765.57130070007,296.4855373197607,147
30620000,61240.000011558725,-203821.7872126922,299.37633212010616,147
30625000,61250.00001156076,-203728.2193461163,299.64823449112515,147
30630000,61260.0000115628,-203155.91241106763,303.239964330417,147
30635000,61270.000011564836,-203922.34400559322,298.33610621318155,147
30640000,61280.00001156687,-204032.2805856507,302.10976846013835,147
30645000,61290.00001156891,-204087.5308196881,300.22944699208466,147
30650000,61300.00001157095,-203592.3852016126,298.8822066816931,147
30655000,61310.000011572985,-204096.52448549797,300.2391365469138,147
30660000,61320.00001157502,-203450.0727061216,295.4328369657797,147
30665000,61330.00001157706,-204640.10217964312,295.4482139497099,147
30670000,61340.0000115791,-203099.17214473605,299.1458152751812,147
30675000,61350.000011581134,-204520.54262671864,302.41051062633363,147
30680000,61360.00001158317,-203716.23926841235,298.5073636170231,147
30685000,61370.00001158521,-204372.13868874067,302.174928887867,147
30690000,61380.000011587246,-203585.41410672618,301.0406911688189,147
30695000,61390.00001158928,-203089.72899089323,300.469175817824,147
30700000,61400.00001159132,-203969.31753147347,296.5663421328298,147
30705000,61410.00001159336,-204050.84153038112,302.8025778477565,147
30710000,61420.000011595395,-203455.88395025616,298.115653053928,147
30715000,61430.00001159743,-203464.66677503288,298.6303018875847,147
30720000,61440.00001159947,-203905.3750656381,299.5141868416682,147
30725000,61450.00001160151,-204177.0277552203,305.7560350290302,147
30730000,61460.000011603544,-203737.80110670975,294.6786746044061,147
30735000,61470.00001160558,-203828.25518025027,292.9225131124992,147
30740000,61480.00001160762,-203420.05248027062,302.21681681530316,147
30745000,61490.000011609656,-203210.43172889587,300.1525931436189,147
30750000,61500.00001161169,-204055.05985468882,297.99816194215174,147
30755000,61510.00001161373,-203614.45815559197,298.1777284838245,147
30760000,61520.00001161577,-203895.67147136375,300.6322370024856,147
30765000,61530.000011617805,-203676.938087782,299.83685061631155,147
30770000,61540.00001161984,-203812.6546624296,309.23554255027,147
30775000,61550.00001162188,-204009.58107899083,301.63675851232875,147
30780000,61560.00001162392,-204308.76073966746,302.1820070872503,147
30785000,61570.000011625954,-204163.4081971515,296.9518657990167,147
30790000,61580.00001162799,-204299.01392119366,306.9014029859858,147
30795000,61590.00001163003,-203753.67105852487,297.0575343677682,147
30800000,61600.000011632066,-204485.31396092125,298.06432283479177,147
30805000,61610.0000116341,-203635.0394774212,301.545435683664,147
30810000,61620.00001163614,-203275.5851394704,299.3606627945376,147
30815000,61630.00001163818,-203558.96109505603,299.46458670076004,147
30820000,61640.000011640215,-203993.32232614013,298.53302946166895,147
30825000,61650.00001164225,-203123.06511226972,298.85870652469754,147
30830000,61660.00001164429,-204951.80977104325,297.4170155491727,147
30835000,61670.00001164633,-204110.54676049168,299.7357556722711,147
30840000,61680.000011648364,-203702.12644397584,301.59282417137496,147
30845000,61690.0000116504,-203981.92370216257,298.9433266511767,147
30850000,61700.00001165244,-203879.6915701708,299.93335321672566,147
30855000,61710.000011654476,-204131.03546704957,301.96429064479725,147
30860000,61720.00001165651,-203207.9313753018,295.10248269539136,147
30865000,61730.00001165855,-204246.43548479397,300.9271591306141,147
30870000,61740.00001166059,-203595.97398036427,301.95110421054005,147
30875000,61750.000011662625,-204293.91732563218,299.2100885880587,147
30880000,61760.00001166466,-204286.34522507747,302.47039880477206,147
30885000,61770.0000116667,-204186.86493601988,294.3679875853397,147
30890000,61780.00001166874,-203608.45984832232,299.3851464162381,147
30895000,61790.000011670774,-204314.87563213054,298.24612398506105,147
30900000,61800.00001167281,-204309.34559680906,299.1112492946201,147
30905000,61810.00001167485,-204374.88521480525,297.7613131791812,147
30910000,61820.000011676886,-204440.78497520485,298.09911136034043,147
30915000,61830.00001167892,-204504.7526620801,305.3636236809846,147
30920000,61840.00001168096,-203959.58659389755,301.6048579807346,147
30925000,61850.000011683,-203818.7111144911,301.935710861148,147
30930000,61860.000011685035,-203400.4092684891,295.316741829277,147
30935000,61870.00001168707,-204202.1272180489,299.3669273143585,147
30940000,61880.00001168911,-203681.6921608583,300.5461946124407,147
30945000,61890.00001169115,-204398.9320816819,299.29905157329273,147
30950000,61900.000011693184,-204018.01529361098,301.46884166706485,147
30955000,61910.00001169522,-203600.23483574146,301.07614707699935,147
30960000,61920.00001169726,-203995.84951084375,298.06160306879013,147
30965000,61930.000011699296,-203851.1703439292,305.0897668898765,147
30970000,61940.00001170133,-203773.10234795453,301.90277611397704,147
30975000,61950.00001170337,-203504.72887833335,300.6083255384572,147
30980000,61960.00001170541,-203967.14884057303,299.7346756605221,147
30985000,61970.000011707445,-204056.97173113318,300.81976242537326,147
30990000,61980.00001170948,-203964.60847556498,300.3198639586967,147
30995000,61990.00001171152,-204176.01219007082,301.97060626066605,147
31000000,62000.00001171356,-204176.5031937114,305.4300325965795,147
31005000,62010.000011715594,-204298.42414659413,306.31897912507475,147
31010000,62020.00001171763,-203746.09851019725,297.1217497504477,147
31015000,62030.00001171967,-203542.062502912,298.8445369935186,147
31020000,62040.000011721706,-203901.5270829741,301.11777904549143,147
31025000,62050.00001172374,-203238.50135531905,303.654355655762,147
31030000,62060.00001172578,-204008.03060967033,302.68382236252137,147
31035000,62070.00001172782,-203223.80502041697,300.77399419251003,147
31040000,62080.000011729855,-203918.5748961817,299.4631087546872,147
31045000,62090.00001173189,-203765.5548014898,299.91188918529156,147
31050000,62100.00001173393,-203590.0052320949,302.2329040113743,147
31055000,62110.00001173597,-204249.49325423606,303.99518459468317,147
31060000,62120.000011738004,-203636.419629,299.1141884808074,147
31065000,62130.00001174004,-203348.0345066405,299.2380997890988,147
31070000,62140.00001174208,-204334.16717473045,299.9600029730411,147
31075000,62150.000011744116,-203317.78331666335,295.64719024457526,147
31080000,62160.00001174615,-204027.84384164133,302.3548790882712,147
31085000,62170.00001174819,-204609.51363076863,298.36518075337926,147
31090000,62180.00001175023,-203519.24732781656,299.99299164584846,147
31095000,62190.000011752265,-203533.67192303215,300.3683713879828,147
31100000,62200.0000117543,-204187.23128771957,298.77454929202753,147
31105000,62210.00001175634,-204082.27738079813,305.91323364040954,147
31110000,62220.00001175838,-204519.59283446462,300.09404087413697,147
31115000,62230.000011760414,-204045.88742214348,302.31252799494575,147
31120000,62240.00001176245,-204405.00810530293,295.32261276323516,147
31125000,62250.00001176449,-203872.1073290928,296.6397200624428,147
31130000,62260.000011766526,-203346.04841850477,305.3582631864678,147
31135000,62270.00001176856,-203612.99995570246,297.58520810946544,147
31140000,62280.0000117706,-203972.67233412585,302.87939258535295,147
31145000,62290.00001177264,-203804.22921622882,296.4312672588566,147
31150000,62300.000011774675,-203427.67041413486,301.5701056558832,147
31155000,62310.00001177671,-203498.00429409684,299.80001108384175,147
31160000,62320.00001177875,-203543.20473145845,297.44054344922597,147
31165000,62330.00001178079,-204477.52067783324,298.9920588912521,147
31170000,62340.000011782824,-203647.4620279268,301.6161658392911,147
31175000,62350.00001178486,-204659.24460944254,296.0483197533797,147
31180000,62360.0000117869,-203620.43991113012,302.9687021486306,147
31185000,62370.000011788936,-203970.36626624817,295.62169702404714,147
31190000,62380.00001179097,-204115.57926477608,297.7176052442197,147
31195000,62390.00001179301,-204289.96652121085,300.5029476184088,147
31200000,62400.00001179505,-203803.15952447464,305.7320656348251,147
31205000,62410.000011797085,-203996.42262714927,302.50532561950195,147
31210000,62420.00001179912,-204327.15738286218,301.95646515937466,147
31215000,62430.00001180116,-203912.23104646918,301.96829203298853,147
31220000,62440.0000118032,-204192.36305211054,300.29795655535924,147
31225000,62450.000011805234,-204217.72124694812,301.0405271165864,147
31230000,62460.00001180727,-203848.83371236932,299.14355087160413,147
31235000,62470.00001180931,-203868.91243942676,295.26711685989187,147
31240000,62480.000011811346,-203783.10874040902,299.10185894009277,147
31245000,62490.00001181338,-203681.4105124059,299.2809998544398,147
31250000,62500.00001181542,-203826.91364776937,300.6119617287479,147
31255000,62510.00001181746,-204349.63120233547,298.91550827445354,147
31260000,62520.000011819495,-203535.8158483461,302.65811316427073,147
31265000,62530.00001182153,-203743.60185476101,299.9552127339201,147
31270000,62540.00001182357,-203403.7124100119,303.795161505181,147
31275000,62550.00001182561,-204127.02194563102,298.2812959203574,147
31280000,62560.000011827644,-204030.36267785158,299.79964673723754,147
31285000,62570.00001182968,-203775.82938883395,304.44284064771745,147
31290000,62580.00001183172,-203657.70524486515,302.8379848620008,147
31295000,62590.000011833756,-203862.37618926412,295.81237965113456,147
31300000,62600.00001183579,-204218.11214171816,297.6114510017442,147
31305000,62610.00001183783,-203253.82814376673,300.44488195901573,147
31310000,62620.00001183987,-203786.13310386147,300.385065066731,147
31315000,62630.000011841905,-204070.0525807956,301.67092348767596,147
31320000,62640.00001184394,-203306.1458791549,296.8678025212234,147
31325000,62650.00001184598,-204386.9672214127,299.67568568822736,147
31330000,62660.00001184802,-203603.82390994614,299.05781252407155,147
31335000,62670.000011850054,-204145.7810959468,298.6781192606505,147
31340000,62680.00001185209,-203129.66096663347,303.9236781606367,147
31345000,62690.00001185413,-203754.83847946045,296.8115711179271,147
31350000,62700.000011856166,-203512.6452133552,300.43588797653047,147
31355000,62710.0000118582,-203628.32037920563,301.25404494582403,147
31360000,62720.00001186024,-204404.12934937456,295.47262011437357,147
31365000,62730.00001186228,-204227.26720286638,302.2207515695726,147
31370000,62740.000011864315,-203397.9975659924,301.84054005169975,147
31375000,62750.00001186635,-204169.91752328782,304.0039955100277,147
31380000,62760.00001186839,-203849.08114648436,301.86339542036455,147
31385000,62770.00001187043,-203922.85459897562,297.4003395098539,147
31390000,62780.000011872464,-204221.75581685884,300.7345250315512,147
31395000,62790.0000118745,-204026.6287838783,304.2487414475707,147
31400000,62800.00001187654,-204992.34992612875,302.69627052526704,147
31405000,62810.000011878576,-203821.28496396192,295.4596778616836,147
31410000,62820.00001188061,-203316.0121852795,304.94370621911906,147
31415000,62830.00001188265,-204089.9126170891,296.1326067730878,147
31420000,62840.00001188469,-203366.14860484737,301.5997496884796,147
31425000,62850.000011886725,-204212.7623223022,296.1692560552993,147
31430000,62860.00001188876,-204167.365136398,298.4372292372685,147
31435000,62870.0000118908,-203796.3953966545,296.2974454992635,147
31440000,62880.00001189284,-203417.90362348943,302.4700228877742,147
31445000,62890.000011894874,-204038.21331041877,301.23544866902824,147
31450000,62900.00001189691,-203826.96468492446,294.94064002193284,147
31455000,62910.00001189895,-203683.67763374373,302.5421798436038,147
31460000,62920.000011900986,-203318.95784507983,301.3121069191776,147
31465000,62930.00001190302,-203475.84152961266,298.79182795131464,147
31470000,62940.00001190506,-204288.39088638662,300.3758212257064,147
31475000,62950.0000119071,-203191.61997712194,297.43048439769734,147
31480000,62960.000011909135,-204051.7918842358,299.31457591107954,147
31485000,62970.00001191117,-204096.68776166742,300.9337418812761,147
31490000,62980.00001191321,-203779.961926118,299.26329916362306,147
31495000,62990.00001191525,-204316.95353922027,302.0292622740751,147
31500000,63000.000011917284,-204142.9904185388,299.12932700881873,147
31505000,63010.00001191932,-204185.23972540128,300.9994117161252,147
31510000,63020.00001192136,-203871.3618933073,297.9772697536673,147
31515000,63030.000011923396,-203506.44303328148,295.8979985208784,147
31520000,63040.00001192543,-204240.78594734927,295.03576764630776,147
31525000,63050.00001192747,-204046.5679917112,297.4783740798356,147
31530000,63060.00001192951,-204084.62781423004,298.4130984207924,147
31535000,63070.000011931545,-203925.90183343494,303.23111409816335,147
31540000,63080.00001193358,-203258.2667729943,301.1458770566312,147
31545000,63090.00001193562,-203638.42574084015,301.531740546875,147
31550000,63100.00001193766,-204295.08858417126,300.4771439269387,147
31555000,63110.000011939694,-203875.9596026556,302.56469620701625,147
31560000,63120.00001194173,-204651.91604562965,299.36382630526293,147
31565000,63130.00001194377,-203597.60364647792,296.1938158489002,147
31570000,63140.000011945805,-203766.61008085962,300.9813037423757,147
31575000,63150.00001194784,-203366.82491258217,299.4208422533512,147
31580000,63160.00001194988,-204126.7805334709,301.1451462022423,147
31585000,63170.00001195192,-204352.86456187943,299.07179764168563,147
31590000,63180.000011953955,-204313.77561289922,303.32492652496904,147
31595000,63190.00001195599,-203805.69341486483,301.00309826843096,147
31600000,63200.00001195803,-204125.99557886913,303.8384588955439,147
31605000,63210.000011960066,-203760.5812904375,299.965093196564,147
31610000,63220.0000119621,-204530.00212598208,304.3991123985976,147
31615000,63230.00001196414,-204540.14717137918,302.21372473125444,147
31620000,63240.00001196618,-203673.8281628039,298.30723268938465,147
31625000,63250.000011968215,-204106.6108220244,306.6521143650363,147
31630000,63260.00001197025,-204034.8862346689,301.4731125312735,147
31635000,63270.00001197229,-204354.88947892736,301.3454819730309,147
31640000,63280.00001197433,-203600.16543755354,300.9961859609396,147
31645000,63290.000011976364,-204307.29525259393,300.5285939025354,147
31650000,63300.0000119784,-204382.83787187946,299.38633761878043,147
31655000,63310.00001198044,-203430.44160698412,301.6582720389722,147
31660000,63320.000011982476,-203785.7966210805,303.78715982982186,147
31665000,63330.00001198451,-203891.82764182996,301.8124458909244,147
31670000,63340.00001198655,-203101.82517627685,301.0342182779647,147
31675000,63350.00001198859,-203720.9540865653,297.8157334834938,147
31680000,63360.000011990625,-203647.26747605414,298.03702463511337,147
31685000,63370.00001199266,-203898.32261300308,303.2419633405381,147
31690000,63380.0000119947,-204455.6871968658,298.84977018216523,147
31695000,63390.00001199674,-203887.34456378187,299.40029143943735,147
31700000,63400.000011998774,-203432.81215045287,297.3877047053478,147
31705000,63410.00001200081,-203634.77500731638,301.16658914246494,147
31710000,63420.00001200285,-204092.6778553984,301.7102233362555,147
31715000,63430.000012004886,-204256.39142171724,295.4578024740355,147
31720000,63440.00001200692,-203488.6178819755,302.7038773218447,147
31725000,63450.00001200896,-203410.93512449984,302.8404165556973,147
31730000,63460.000012011,-203446.9081068749,296.47890372792085,147
31735000,63470.000012013035,-203859.3420442592,301.6056874835594,147
31740000,63480.00001201507,-203495.4939617467,300.7034245463593,147
31745000,63490.00001201711,-203650.47262964456,299.1654245330274,147
31750000,63500.00001201915,-203438.104382177,306.3872715803014,147
31755000,63510.000012021184,-203500.25439603452,296.44009287095633,147
31760000,63520.00001202322,-203534.92114027252,300.04134815039487,147
31765000,63530.00001202526,-203243.15077073348,297.2161488897616,147
31770000,63540.000012027296,-203455.3447235109,300.53092531520707,147
31775000,63550.00001202933,-204140.9823248178,302.5691517829385,147
31780000,63560.00001203137,-204655.03131787002,299.60807205279895,147
31785000,63570.00001203341,-204389.80361189693,297.0545641073868,147
31790000,63580.000012035445,-203757.8978316771,300.5833010295383,147
31795000,63590.00001203748,-203394.30014789884,299.4762704473039,147
31800000,63600.00001203952,-203545.90602909122,296.59010840359576,147
31805000,63610.00001204156,-204389.90909157332,298.435379162513,147
31810000,63620.000012043594,-203390.97741096828,297.78375144407664,147
31815000,63630.00001204563,-203752.23867241887,304.81315611902977,147
31820000,63640.00001204767,-203137.61171894567,298.7588546076625,147
31825000,63650.000012049706,-204115.40083097958,305.03829243999,147
31830000,63660.00001205174,-203759.82013672893,307.091664222564,147
31835000,63670.00001205378,-203793.20189669624,300.2714427034548,147
31840000,63680.00001205582,-203879.67548930878,297.7860136691618,147
31845000,63690.000012057855,-204079.54894807446,301.77878023831977,147
31850000,63700.00001205989,-204404.57048854418,302.3009164595219,147
31855000,63710.00001206193,-204101.72548333404,302.055164328225,147
31860000,63720.00001206397,-203815.33833781048,297.96365205247673,147
31865000,63730.000012066004,-203754.68060788081,300.79990470462934,147
31870000,63740.00001206804,-204105.0513881737,297.39869020861437,147
31875000,63750.00001207008,-203923.07018126082,302.1940124121191,147
31880000,63760.000012072116,-203738.15860239614,302.42226721645227,147
31885000,63770.00001207415,-204159.5115652834,297.3225475506101,147
31890000,63780.00001207619,-203764.9626558968,304.5353849189461,147
31895000,63790.00001207823,-203335.0783801939,299.89342620384303,147
31900000,63800.000012080265,-203536.814160145,299.35846131356794,147
31905000,63810.0000120823,-204586.1665849511,297.27633851152586,147
31910000,63820.00001208434,-204132.7280258732,299.19192233470756,147
31915000,63830.00001208638,-203698.3880772565,299.2095715930569,147
31920000,63840.000012088414,-203618.7063482562,305.0446262904791,147
31925000,63850.00001209045,-203145.61867217591,297.0808618448168,147
31930000,63860.00001209249,-203586.91130610823,305.3138738262532,147
31935000,63870.000012094526,-204248.17210334062,300.6019560594444,147
31940000,63880.00001209656,-204437.95169524522,298.8430148779824,147
31945000,63890.0000120986,-203880.0593114571,299.8134517106653,147
31950000,63900.00001210064,-203414.53959535167,297.6176892120362,147
31955000,63910.000012102675,-203598.63751774468,299.045763574557,147
31960000,63920.00001210471,-203966.8876660138,299.29194460362015,147
31965000,63930.00001210675,-203914.40966631798,299.0978135046589,147
31970000,63940.00001210879,-203403.2054847445,298.63824897983255,147
31975000,63950.000012110824,-204103.55071003723,301.24170749088785,147
31980000,63960.00001211286,-203363.9353085867,303.12687055166873,147
31985000,63970.0000121149,-203986.38213620882,298.5709770639744,147
31990000,63980.000012116936,-204071.06694722804,295.15058644308266,147
31995000,63990.00001211897,-204053.49932292872,297.56470042721975,147
32000000,64000.00001212101,-204609.75912943122,303.53977687461446,147
32005000,64010.00001212305,-203650.75288846088,300.8014619518821,147
32010000,64020.000012125085,-203847.8308783269,297.9899833168113,147
32015000,64030.00001212712,-203671.3485167676,302.5058934986925,147
32020000,64040.00001212916,-203756.22335084272,300.9158196137709,147
32025000,64050.0000121312,-203705.9661756152,303.5280700321936,147
32030000,64060.000012133234,-204718.09444071725,299.0495637319041,147
32035000,64070.00001213527,-203975.0546565936,298.69418945788675,147
32040000,64080.00001213731,-204230.9442009529,297.8705463671631,147
32045000,64090.000012139346,-203979.50908017124,300.97038810592977,147
32050000,64100.00001214138,-204139.37775705627,293.9921452636952,147
32055000,64110.00001214342,-203834.01029698458,298.836066097983,147
32060000,64120.00001214546,-202837.53297521174,303.07461890367665,147
32065000,64130.000012147495,-204105.4404044127,300.178424001274,147
32070000,64140.00001214953,-204036.39172585728,299.08860869437916,147
32075000,64150.00001215157,-204462.58092827676,298.3594605267677,147
32080000,64160.00001215361,-203671.4682103931,305.210720801008,147
32085000,64170.000012155644,-203886.68602836505,296.0408431179501,147
32090000,64180.00001215768,-204225.70769219706,303.22938083644004,147
32095000,64190.00001215972,-203656.06334028346,300.3071764644883,147
32100000,64200.000012161756,-203535.1669260658,301.77674191270046,147
32105000,64210.00001216379,-204278.45646314742,304.1842597383624,147
32110000,64220.00001216583,-204314.1396448929,300.8753933597958,147
32115000,64230.00001216787,-203958.81325546,297.00274645337134,147
32120000,64240.000012169905,-203792.4438728887,299.76782284864333,147
32125000,64250.00001217194,-204049.33446042868,297.22150240158305,147
32130000,64260.00001217398,-203198.543263574,297.95903789985164,147
32135000,64270.00001217602,-204519.97588867822,299.90912806827765,147
32140000,64280.000012178054,-204494.08473192295,304.3443606266388,147
32145000,64290.00001218009,-204048.44216232828,299.55364936743825,147
32150000,64300.00001218213,-203786.4808139908,299.324024509073,147
32155000,64310.000012184166,-203815.61638810195,305.2884680439778,147
32160000,64320.0000121862,-204004.77655195666,301.4764990211463,147
32165000,64330.00001218824,-204353.0383715916,301.3496429398968,147
32170000,64340.00001219028,-203610.45559808123,304.2685441455692,147
32175000,64350.000012192315,-204016.4119742317,298.39812187931255,147
32180000,64360.00001219435,-203439.0755581581,294.22418663811726,147
32185000,64370.00001219639,-204167.94876659906,298.79818854732963,147
32190000,64380.00001219843,-203460.5667575528,304.0506919924911,147
32195000,64390.000012200464,-204380.3506762511,297.58856035931194,147
32200000,64400.0000122025,-203998.1560494966,305.7563955164528,147
32205000,64410.00001220454,-203803.96446183452,296.77403891365356,147
32210000,64420.000012206576,-203939.09605573223,303.63989342868626,147
32215000,64430.00001220861,-203589.39736285154,303.99684565181377,147
32220000,64440.00001221065,-204354.9178881785,304.84810780323147,147
32225000,64450.00001221269,-204257.69477487414,300.74775319354245,147
32230000,64460.000012214725,-204305.92279338161,300.4611138331329,147
32235000,64470.00001221676,-203819.13051769708,302.81296654804845,147
32240000,64480.0000122188,-204289.79767173063,296.69587093770025,147
32245000,64490.00001222084,-203798.23910388502,299.29712432049075,147
32250000,64500.000012222874,-203774.23902274936,299.18108291216515,147
32255000,64510.00001222491,-203504.19429446792,297.9406199641744,147
32260000,64520.00001222695,-203623.1795203057,300.5798460938953,147
32265000,64530.000012228986,-203013.98556111113,303.3903589868182,147
32270000,64540.00001223102,-204227.28332714608,298.4736945796757,147
32275000,64550.00001223306,-203441.2629414189,302.9817384756173,147
32280000,64560.0000122351,-204272.25003161363,304.0402444318532,147
32285000,64570.000012237135,-204188.10884654615,297.72164848696053,147
32290000,64580.00001223917,-203931.90396244184,301.26427203860567,147
32295000,64590.00001224121,-203593.0733034896,292.34805820227433,147
32300000,64600.00001224325,-204017.47648367612,299.23091641845957,147
32305000,64610.000012245284,-203601.5995009616,299.9140245117989,147
32310000,64620.00001224732,-203300.57676557836,306.2969396571059,147
32315000,64630.00001224936,-203399.30779976898,297.48581718203764,147
32320000,64640.000012251396,-204329.06480248342,307.2641844364572,147
32325000,64650.00001225343,-204374.66872054443,298.46638523658095,147
32330000,64660.00001225547,-204236.88923481712,299.993803371188,147
32335000,64670.00001225751,-204731.37157549756,300.3188930658605,147
32340000,64680.000012259545,-204262.02375477972,299.8071237472395,147
32345000,64690.00001226158,-204286.3141467875,300.44113887597024,147
32350000,64700.00001226362,-203996.15158536413,300.23173443645226,147
32355000,64710.00001226566,-204345.95458097232,303.04302105334506,147
32360000,64720.000012267694,-204667.57000717008,300.4422678651158,147
32365000,64730.00001226973,-203582.58595342806,298.17465864590537,147
32370000,64740.00001227177,-204374.912082233,300.7885751692388,147
32375000,64750.000012273806,-204533.20742448466,301.4696116343803,147
32380000,64760.00001227584,-203615.7958239104,295.9716807590957,147
32385000,64770.00001227788,-203410.0803563149,302.9673779433103,147
32390000,64780.00001227992,-203691.50966726255,296.25608470914693,147
32395000,64790.000012281955,-203300.81507478107,300.7336300669111,147
32400000,64800.00001228399,-203586.3727860829,296.94962123925615,147
32405000,64810.00001228603,-203714.53218382818,301.5968731832848,147
32410000,64820.00001228807,-203813.85692559055,302.11316144242,147
32415000,64830.000012290104,-203429.62634879362,303.56755087015927,147
32420000,64840.00001229214,-204651.17544532323,295.09369434924315,147
32425000,64850.00001229418,-203911.83751382458,300.57244738304985,147
32430000,64860.000012296216,-203614.00281048135,297.2793891132851,147
32435000,64870.00001229825,-204120.38027340977,303.18089863850224,147
32440000,64880.00001230029,-203232.3297519607,301.8529922336179,147
32445000,64890.00001230233,-202977.71296696132,301.31529792123627,147
32450000,64900.000012304365,-203198.89339863881,297.6748255293686,147
32455000,64910.0000123064,-204138.85052084457,300.5419578554754,147
32460000,64920.00001230844,-203531.89584131236,297.483352527504,147
32465000,64930.00001231048,-203850.25589443406,294.54184615608455,147
32470000,64940.000012312514,-204121.53699441336,301.82735535610067,147
32475000,64950.00001231455,-204094.6652774841,300.5327814012447,147
32480000,64960.00001231659,-203511.63611242198,301.8658831930489,147
32485000,64970.000012318626,-203955.47150726384,296.3884687481438,147
32490000,64980.00001232066,-204064.64766351052,304.10592723758646,147
32495000,64990.0000123227,-203808.00553020916,297.3452677774953,147
32500000,65000.00001232474,-203530.315956173,300.19054761650824,147
32505000,65010.000012326775,-203841.29850078712,301.5746543396159,147
32510000,65020.00001232881,-204696.49483804114,296.1704082262936,147
32515000,65030.00001233085,-203786.03780894284,301.09484178849715,147
32520000,65040.00001233289,-204947.88744553854,298.1592996437683,147
32525000,65050.000012334924,-203732.22349137196,297.2035874578733,147
32530000,65060.00001233696,-203867.0741657206,299.5334977331095,147
32535000,65070.000012339,-203855.3034222183,302.2379962150368,147
32540000,65080.000012341035,-203767.72289591178,299.116499196895,147
32545000,65090.00001234307,-203712.24440801318,301.3129927535132,147
32550000,65100.00001234511,-203285.33788952383,302.4129757121301,147
32555000,65110.00001234715,-203838.2504014587,297.57183575575516,147
32560000,65120.000012349185,-204044.05834673473,299.87501353623406,147
32565000,65130.00001235122,-203518.91479423398,299.17536942813456,147
32570000,65140.00001235326,-203723.3382652728,298.7054508509085,147
32575000,65150.000012355296,-203313.1687832335,300.1998044725776,147
32580000,65160.00001235733,-203603.9893778885,300.63480201469935,147
32585000,65170.00001235937,-203207.98451281956,303.54718262704415,147
32590000,65180.00001236141,-203761.78170211648,303.1865373846744,147
32595000,65190.000012363445,-204613.92417963094,300.0064351005179,147
32600000,65200.00001236548,-204268.02735158533,298.14484658944326,147
32605000,65210.00001236752,-204514.39061453682,299.13180505229997,147
32610000,65220.00001236956,-204174.05557861843,301.7993215243418,147
32615000,65230.000012371594,-203212.35092656373,303.97899323081367,147
32620000,65240.00001237363,-203795.5525553769,297.2504522477488,147
32625000,65250.00001237567,-203590.22565155337,300.12904192831667,147
32630000,65260.000012377706,-204067.1140078908,302.7636491010173,147
32635000,65270.00001237974,-204870.88513744774,294.45797068106737,147
32640000,65280.00001238178,-203803.21995345736,294.1383094188198,147
32645000,65290.00001238382,-203797.9962755571,302.12112796660256,147
32650000,65300.000012385855,-204548.78336823115,297.53979612923314,147
32655000,65310.00001238789,-204270.8891942785,299.3738781272653,147
32660000,65320.00001238993,-204331.68222720455,298.92331017480586,147
32665000,65330.00001239197,-203897.12875987496,296.67712849883605,147
32670000,65340.000012394004,-203996.94209433417,297.48383434495156,147
32675000,65350.00001239604,-204619.28721391165,303.1449117765807,147
32680000,65360.00001239808,-204254.04159390193,303.4647693908405,147
32685000,65370.000012400116,-204006.34988393227,303.69678915012327,147
32690000,65380.00001240215,-204232.2717673143,299.28117511037766,147
32695000,65390.00001240419,-203939.391438209,300.5775405475994,147
32700000,65400.00001240623,-203471.04105235497,299.28809569513794,147
32705000,65410.000012408265,-203703.46936076332,304.288765255621,147
32710000,65420.0000124103,-203857.3239931775,299.0020224028843,147
32715000,65430.00001241234,-203398.75292797666,294.27593735215737,147
32720000,65440.00001241438,-203962.18686080142,300.98253172718177,147
32725000,65450.000012416414,-203800.79776115005,307.0754338390303,147
32730000,65460.00001241845,-203315.80114535708,298.1184593017598,147
32735000,65470.00001242049,-204244.78525108693,304.09490514847835,147
32740000,65480.000012422526,-203778.1931601892,304.20916676034255,147
32745000,65490.00001242456,-203050.85338285856,300.3629884837095,147
32750000,65500.0000124266,-204078.02873431542,301.22476802092086,147
32755000,65510.00001242864,-204225.5062175343,298.0413274109819,147
32760000,65520.000012430675,-203891.0652816504,301.29241024924585,147
32765000,65530.00001243271,-204605.81347500416,299.4861743241738,147
32770000,65540.00001242019,-204634.37546069513,297.5950536611438,147
32775000,65550.00001238585,-204308.81262767094,303.6614694224268,147
32780000,65560.0000123515,-204475.30902904144,299.716242972093,147
32785000,65570.00001231716,-203771.61409704632,299.3734036571737,147
32790000,65580.00001228282,-203886.5646191854,299.07162440998536,147
32795000,65590.00001224848,-203985.45472438284,300.4366881819285,147
32800000,65600.00001221414,-203810.8010807425,298.1332323340412,147
32805000,65610.0000121798,-204360.33259366418,303.83793667807015,147
32810000,65620.00001214545,-203589.8906565254,295.8232316863078,147
32815000,65630.00001211111,-203716.26098338142,303.2205618841946,147
32820000,65640.00001207677,-204278.77838755934,300.2832448379785,147
32825000,65650.00001204242,-203964.79488450545,295.90164887448105,147
32830000,65660.00001200808,-204796.6558090404,301.44639086609493,147
32835000,65670.00001197374,-203866.2830214143,304.4131496375557,147
32840000,65680.0000119394,-203351.8029489239,300.40000923798874,147
32845000,65690.00001190505,-204285.25092373788,295.5087383332065,147
32850000,65700.00001187071,-203730.90913130075,298.99814951088143,147
32855000,65710.00001183637,-204054.2934747974,302.5121460825965,147
32860000,65720.00001180203,-204318.7834833148,296.8554568950412,147
32865000,65730.00001176768,-203843.36979176314,296.20340858370116,147
32870000,65740.00001173334,-204392.77545620047,299.58137226477214,147
32875000,65750.000011699,-204543.266980708,299.4134865053276,147
32880000,65760.00001166466,-203942.034205104,300.94299492458526,147
32885000,65770.00001163031,-204164.9376018627,292.38677215460245,147
32890000,65780.00001159597,-205149.09213892452,298.47070527689755,147
32895000,65790.00001156163,-203748.99717454286,294.9617272934858,147
32900000,65800.00001152729,-203814.89822528255,303.11998956335736,147
32905000,65810.00001149294,-203997.0640220145,301.60109915897016,147
32910000,65820.0000114586,-204091.21600987064,300.78014015398304,147
32915000,65830.00001142426,-204392.83001379506,300.1714622526407,147
32920000,65840.00001138992,-204290.0812712377,303.3029584663792,147
32925000,65850.00001135557,-203936.11277996062,298.6201276121103,147
32930000,65860.00001132123,-203643.0816230923,298.3197706959308,147
32935000,65870.00001128689,-203609.76472256088,300.42509177996806,147
32940000,65880.00001125254,-204113.33306330058,299.1859202678339,147
32945000,65890.0000112182,-204048.14033623587,297.76076228286524,147
32950000,65900.00001118386,-204547.08551915176,298.34775633982053,147
32955000,65910.00001114952,-202913.03541034763,303.37050874052363,147
32960000,65920.00001111517,-204298.35895331285,301.8505246363457,147
32965000,65930.00001108083,-203488.58804613806,302.1689945215851,147
32970000,65940.00001104649,-204059.90723744035,299.31045718565366,147
32975000,65950.00001101215,-204080.46285709913,300.8590288387575,147
32980000,65960.0000109778,-203851.75187908811,302.8581619405966,147
32985000,65970.00001094346,-203525.31705519056,300.81072697820525,147
32990000,65980.00001090912,-203377.6339155545,301.09130378020154,147
32995000,65990.00001087478,-203902.11912983586,302.95806165097946,147
33000000,66000.00001084043,-204113.53386989038,293.11361067518726,147
33005000,66010.00001080609,-203708.89100153174,300.9014818322775,147
33010000,66020.00001077175,-203720.84231107438,302.5413750632695,147
33015000,66030.0000107374,-204262.67934441776,299.0258129799444,147
33020000,66040.00001070306,-203241.5644476877,301.06588242821323,147
33025000,66050.00001066872,-204489.11396897526,301.1760561052577,147
33030000,66060.00001063438,-203517.7899288577,300.5196026659896,147
33035000,66070.00001060004,-203822.5656059489,304.35565181458315,147
33040000,66080.0000105657,-203969.09399056772,300.9235200446121,147
33045000,66090.00001053135,-203890.32067612943,300.57822379459185,147
33050000,66100.00001049701,-203629.69619808625,301.69599463419627,147
33055000,66110.00001046267,-204329.5959527708,298.60988936224453,147
33060000,66120.00001042832,-203679.442026656,299.5266265591063,147
33065000,66130.00001039398,-204417.0997919077,300.78685613451717,147
33070000,66140.00001035964,-204663.55019373877,300.40183974561387,147
33075000,66150.0000103253,-203530.80568027624,300.8226811313359,147
33080000,66160.00001029095,-203116.1923965019,301.25898438415555,147
33085000,66170.00001025661,-203479.07777844172,300.539167912999,147
33090000,66180.00001022227,-203809.722444174,298.99669801707057,147
33095000,66190.00001018793,-204898.52701587696,296.4799763935686,147
33100000,66200.00001015358,-204029.47743697208,302.4248748283114,147
33105000,66210.00001011924,-204284.71289348742,302.4829525896803,147
33110000,66220.0000100849,-203945.8164066932,298.50915942859456,147
33115000,66230.00001005056,-204407.29394500994,302.9697141444253,147
33120000,66240.00001001621,-203426.73914141103,303.4208782317766,147
33125000,66250.00000998187,-203495.24513439194,299.093723623404,147
33130000,66260.00000994753,-204398.887295553,298.23461780976663,147
33135000,66270.00000991319,-203862.76470083464,300.25628372346176,147
33140000,66280.00000987884,-203334.16713248438,301.2183311606307,147
33145000,66290.0000098445,-204265.82306020637,297.65645870883304,147
33150000,66300.00000981016,-203415.99966729095,301.65204171438495,147
33155000,66310.00000977582,-203940.7453452649,301.7656907798033,147
33160000,66320.00000974147,-204060.23964272044,298.30034126602806,147
33165000,66330.00000970713,-203473.3841979641,293.6059109538891,147
33170000,66340.00000967279,-203691.84469463164,299.94741688225554,147
33175000,66350.00000963845,-203704.47610448452,304.71726688334627,147
33180000,66360.0000096041,-203663.8942943517,305.05958384445967,147
33185000,66370.00000956976,-204760.90015304775,302.94412336342344,147
33190000,66380.00000953542,-203719.07074792567,302.402622942899,147
33195000,66390.00000950108,-203084.88771232672,301.99108638265216,147
33200000,66400.00000946673,-203378.6901407725,304.2074190299936,147
33205000,66410.00000943239,-204238.65040814632,297.8790800924751,147
33210000,66420.00000939805,-203720.69711465342,301.5674139268006,147
33215000,66430.0000093637,-203805.03737409168,300.74786522578904,147
33220000,66440.00000932936,-203893.04840360663,302.1877100006576,147
33225000,66450.00000929502,-204278.65115727554,298.3125780399322,147
33230000,66460.00000926068,-204255.87892212905,299.93442983399996,147
33235000,66470.00000922634,-203041.43175745336,302.6147769137774,147
33240000,66480.000009192,-203731.03973319975,299.98033874533616,147
33245000,66490.00000915765,-204278.02682512265,295.3904096968823,147
33250000,66500.00000912331,-203746.15977191261,300.82986617813043,147
33255000,66510.00000908897,-203203.03988764284,308.1391745451898,147
33260000,66520.00000905462,-204195.57968616718,298.07380597510405,147
33265000,66530.00000902028,-203706.13629089133,300.7777072783526,147
33270000,66540.00000898594,-203870.90387681045,298.79071423280817,147
33275000,66550.0000089516,-203887.29315945192,307.8515619519642,147
33280000,66560.00000891725,-202993.43518124695,304.3981995876534,147
33285000,66570.00000888291,-203603.39921491232,299.8671809378661,147
33290000,66580.00000884857,-203587.13926893612,303.27439534002195,147
33295000,66590.00000881423,-204188.42284315964,300.2885597534012,147
33300000,66600.00000877988,-203506.68347340054,305.830453268292,147
33305000,66610.00000874554,-204465.42285308044,299.8259259760176,147
33310000,66620.0000087112,-204324.1228371769,300.65221889018767,147
33315000,66630.00000867686,-204030.20445834298,303.8878634929774,147
33320000,66640.00000864251,-203899.87056349055,299.6934958987582,147
33325000,66650.00000860817,-203409.14914017008,299.2182361661922,147
33330000,66660.00000857383,-203220.9858917453,305.42352356770834,147
33335000,66670.00000853949,-204989.94023708347,300.92773402540513,147
33340000,66680.00000850514,-204761.3981770653,297.7651268267787,147
33345000,66690.0000084708,-203320.9673124681,302.08250249791104,147
33350000,66700.00000843646,-203582.93941056996,297.58985147742766,147
33355000,66710.00000840212,-203443.09192201903,300.5673728621052,147
33360000,66720.00000836777,-203843.11750843306,305.8030384569074,147
33365000,66730.00000833343,-203938.74880987627,303.4166065585156,147
33370000,66740.00000829909,-203109.15903220407,300.64772057165357,147
33375000,66750.00000826475,-204046.6504129864,300.353467583382,147
33380000,66760.0000082304,-203766.33694199251,303.30237330346284,147
33385000,66770.00000819606,-203551.10162571108,297.5034693177618,147
33390000,66780.00000816172,-203691.27289809973,301.17326741714436,147
33395000,66790.00000812738,-203981.6684530005,299.1312309182506,147
33400000,66800.00000809303,-203975.80886873126,302.39242342023647,147
33405000,66810.00000805869,-203504.7511691869,303.85003613832475,147
33410000,66820.00000802435,-204337.46308646654,301.9985937028789,147
33415000,66830.00000799,-203341.54527206835,300.80469897324866,147
33420000,66840.00000795566,-203455.47156712867,302.5019141087733,147
33425000,66850.00000792132,-204249.39132439473,299.1557108715691,147
33430000,66860.00000788698,-202725.6846673966,296.4260750356384,147
33435000,66870.00000785264,-203797.31787775026,301.5428550876432,147
33440000,66880.0000078183,-204096.32767627726,302.28206992651616,147
33445000,66890.00000778395,-203444.04143898934,297.77798817354466,147
33450000,66900.00000774961,-203494.17301843863,299.4343789427441,147
33455000,66910.00000771527,-203902.79730811808,299.4067675680603,147
33460000,66920.00000768092,-204069.47717646125,298.0893501288606,147
33465000,66930.00000764658,-203938.53009838262,303.5887259607168,147
33470000,66940.00000761224,-203921.67420975806,304.8462146556418,147
33475000,66950.0000075779,-204102.8982748579,298.6302299835472,147
33480000,66960.00000754355,-203700.09415938065,303.34026679554455,147
33485000,66970.00000750921,-204116.08490846714,301.89210498926917,147
33490000,66980.00000747487,-203211.4929774966,301.83076763999634,147
33495000,66990.00000744053,-203444.45701243635,299.81040825149404,147
33500000,67000.00000740618,-203991.4294473225,301.71581505026955,147
33505000,67010.00000737184,-203927.86259929615,296.91560131733996,147
33510000,67020.0000073375,-203931.85766947514,302.7557629276968,147
33515000,67030.00000730316,-203983.06695851707,296.7761313722254,147
33520000,67040.00000726881,-203748.80727126414,301.7411198521486,147
33525000,67050.00000723447,-203352.19063176308,307.56890657923697,147
33530000,67060.00000720013,-204079.68640021852,299.1786336666613,147
33535000,67070.00000716579,-203960.30713254632,297.3594643271384,147
33540000,67080.00000713144,-203486.5789663539,300.64203852434974,147
33545000,67090.0000070971,-203977.68812592316,297.61118942473917,147
33550000,67100.00000706276,-204200.76033997664,303.9186852988726,147
33555000,67110.00000702841,-204242.16792631405,299.9405226292987,147
33560000,67120.00000699407,-203851.07311747188,295.61889025254504,147
33565000,67130.00000695973,-204268.557400528,300.4233271179314,147
33570000,67140.00000692539,-203478.92862472194,299.93845577990527,147
33575000,67150.00000689104,-204361.08900688484,299.74986709932136,147
33580000,67160.0000068567,-203969.7393045111,298.62948366400593,147
33585000,67170.00000682236,-204108.9523246555,299.20938065034613,147
33590000,67180.00000678802,-204013.39355928183,301.3560455176057,147
33595000,67190.00000675367,-203665.30946113286,298.44895398736475,147
33600000,67200.00000671933,-204033.97148694703,302.10488287838905,147
33605000,67210.00000668499,-203582.8319253003,305.29566365620894,147
33610000,67220.00000665065,-203481.69809295854,301.2877821579024,147
33615000,67230.0000066163,-204085.33944972965,299.10661246141586,147
33620000,67240.00000658196,-203847.4479201563,301.75352481638873,147
33625000,67250.00000654762,-203446.2564740565,302.3257600732225,147
33630000,67260.00000651328,-204672.40823626518,301.04233589481237,147
33635000,67270.00000647893,-203352.65951591614,302.9225741275908,147
33640000,67280.00000644459,-203603.42126206774,304.8241804891619,147
33645000,67290.00000641025,-203907.1199331279,300.48346013283685,147
33650000,67300.0000063759,-203065.3842567337,299.21097653812956,147
33655000,67310.00000634156,-204677.74419583066,299.9639775296092,147
33660000,67320.00000630722,-203775.89227892365,299.2679850672812,147
33665000,67330.00000627288,-203669.9089827186,301.8007980288714,147
33670000,67340.00000623854,-204011.53689076053,298.3944389596401,147
33675000,67350.0000062042,-204063.78325278882,304.45024476177485,147
33680000,67360.00000616985,-203766.23690419353,302.0054036240733,147
33685000,67370.00000613551,-203831.40881367738,299.7833311455823,147
33690000,67380.00000610117,-203957.60505975038,301.48801054628626,147
33695000,67390.00000606682,-203305.35341493646,306.60063311255516,147
33700000,67400.00000603248,-204306.27681048424,298.0334337038356,147
33705000,67410.00000599814,-203543.0719806652,299.99507736049617,147
33710000,67420.0000059638,-204158.6595095863,306.9274986747826,147
33715000,67430.00000592945,-203775.90854339954,305.67658935992347,147
33720000,67440.00000589511,-203132.80666554382,304.58526359374605,147
33725000,67450.00000586077,-203721.51468604396,298.7395766602794,147
33730000,67460.00000582643,-203413.67260791466,299.35952575451944,147
33735000,67470.00000579208,-203901.73066478793,301.5027661244672,147
33740000,67480.00000575774,-204197.1702838851,300.2162384200495,147
33745000,67490.0000057234,-204124.3940833672,297.7289714008036,147
33750000,67500.00000568906,-203938.57424326416,294.9861412336883,147
33755000,67510.00000565471,-203236.3706299481,299.84428293129264,147
33760000,67520.00000562037,-203213.70890115935,299.95764735557333,147
33765000,67530.00000558603,-203901.82705525472,304.07920095251194,147
33770000,67540.00000555169,-204146.5303743413,299.51782349228574,147
33775000,67550.00000551734,-203583.90352798358,301.78819373022884,147
33780000,67560.000005483,-204109.56286545587,302.410289104967,147
33785000,67570.00000544866,-203790.2689936119,299.739153466267,147
33790000,67580.00000541432,-203988.02482244442,305.7500587618878,147
33795000,67590.00000537997,-203318.58430112444,297.62801860353085,147
33800000,67600.00000534563,-203581.42508196854,306.0359059547149,147
33805000,67610.00000531129,-203263.98649250774,299.8539066586643,147
33810000,67620.00000527695,-204717.47796561476,298.275785053647,147
33815000,67630.0000052426,-203660.76912030648,296.3207803303874,147
33820000,67640.00000520826,-203673.30887969828,298.67572028664176,147
33825000,67650.00000517392,-203986.9439721821,298.94460986871053,147
33830000,67660.00000513958,-203056.82390660513,299.2194765005171,147
33835000,67670.00000510523,-203282.37678766868,303.4277435478694,147
33840000,67680.00000507089,-203649.22828725132,300.48747713843477,147
33845000,67690.00000503655,-204007.4749247072,296.8188813672086,147
33850000,67700.0000050022,-203340.59061342315,298.48065616118953,147
33855000,67710.00000496786,-204037.53061039874,302.7498478512313,147
33860000,67720.00000493352,-203601.0535464523,297.49244369981795,147
33865000,67730.00000489918,-204220.69216598372,300.44336052737754,147
33870000,67740.00000486484,-204020.22571100306,299.8881141176979,147
33875000,67750.0000048305,-203324.42118071613,299.6401290036087,147
33880000,67760.00000479615,-203340.66369575146,302.3384742936601,147
33885000,67770.00000476181,-203862.62224027852,296.18631250528074,147
33890000,67780.00000472747,-204248.06428116257,299.2518019871194,147
33895000,67790.00000469312,-204082.55971598695,303.6693226253961,147
33900000,67800.00000465878,-203877.4673379229,297.02542876151887,147
33905000,67810.00000462444,-203234.82546176994,301.1643133870514,147
33910000,67820.0000045901,-204162.89728110004,305.12299799674366,147
33915000,67830.00000455575,-203424.64579376508,297.3820679195493,147
33920000,67840.00000452141,-203521.41986425198,302.1930370431977,147
33925000,67850.00000448707,-204065.83155451436,300.7621168220909,147
33930000,67860.00000445273,-203674.39087413275,301.8595276726951,147
33935000,67870.00000441838,-203782.4303454128,301.1844513728471,147
33940000,67880.00000438404,-204486.8802272901,302.21558644435163,147
33945000,67890.0000043497,-203925.93568271352,300.5632807217766,147
33950000,67900.00000431536,-203046.0959951087,300.3420727226094,147
33955000,67910.00000428101,-203806.97188482515,301.26036876758235,147
33960000,67920.00000424667,-203760.53192524158,302.4021871900338,147
33965000,67930.00000421233,-203526.86946013127,304.49000919132624,147
33970000,67940.00000417799,-203820.74470642023,303.605839573076,147
33975000,67950.00000414364,-203707.81223527342,299.4325151633684,147
33980000,67960.0000041093,-203282.4962421225,293.672451323383,147
33985000,67970.00000407496,-203778.52736628347,298.88809731722114,147
33990000,67980.00000404062,-204028.9033350537,296.9903509215931,147
33995000,67990.00000400627,-203323.57813508052,302.32821343148123,147
34000000,68000.00000397193,-204254.97232681164,303.3605445295035,147
34005000,68010.00000393759,-203630.2635104237,295.2916331235317,147
34010000,68020.00000390325,-203475.38944717404,294.7662501314862,147
34015000,68030.0000038689,-204649.2526855718,303.79102616272814,147
34020000,68040.00000383456,-204234.00535114075,298.10842235814727,147
34025000,68050.00000380022,-204892.75393950974,296.9616785339043,147
34030000,68060.00000376588,-202985.1872199081,306.15442660060086,147
34035000,68070.00000373153,-203844.03820604016,303.68866908464327,147
34040000,68080.00000369719,-204222.61725016218,298.9206937334607,147
34045000,68090.00000366285,-203677.69381760922,298.975104041945,147
34050000,68100.0000036285,-204342.80583792052,304.83946409174126,147
34055000,68110.00000359416,-204152.12583930942,299.6412790187828,147
34060000,68120.00000355982,-204266.15868420596,299.69305087354286,147
34065000,68130.00000352548,-204272.7054437406,298.54706780595285,147
34070000,68140.00000349114,-203791.82378576917,301.04298416746445,147
34075000,68150.0000034568,-203653.81195360923,299.90849278935013,147
34080000,68160.00000342245,-203536.30225370429,299.0266862445279,147
34085000,68170.00000338811,-204516.94216512213,301.37046905661583,147
34090000,68180.00000335377,-204813.66909275926,293.03053513476834,147
34095000,68190.00000331942,-203973.99559643224,301.1371680968167,147
34100000,68200.00000328508,-203267.1644459447,296.7870953130669,147
34105000,68210.00000325074,-202429.7871220071,301.79788489037924,147
34110000,68220.0000032164,-204303.26436037326,298.4877584597466,147
34115000,68230.00000318205,-203386.28264232643,297.2046079562649,147
34120000,68240.00000314771,-204609.69760531525,300.7248599129687,147
34125000,68250.00000311337,-203882.06509612955,303.07334383517,147
34130000,68260.00000307903,-203870.28381185618,297.336370759454,147
34135000,68270.00000304468,-203563.51117727126,301.5038059316462,147
34140000,68280.00000301034,-203816.44705481653,302.6691799762557,147
34145000,68290.000002976,-203683.61503604683,298.3330710770146,147
34150000,68300.00000294166,-203052.12616337265,297.77186988532833,147
34155000,68310.00000290731,-203883.929103698,304.20104392735806,147
34160000,68320.00000287297,-203186.76610954956,297.38247221281927,147
34165000,68330.00000283863,-204087.4968729358,303.7906433593612,147
34170000,68340.00000280429,-204252.60325321532,296.02931774683873,147
34175000,68350.00000276994,-203619.2669571581,306.73444610425486,147
34180000,68360.0000027356,-203210.2609104945,300.94759122021657,147
34185000,68370.00000270126,-203561.55215410911,298.42517526317977,147
34190000,68380.00000266691,-203761.17772295675,301.28267874852,147
34195000,68390.00000263257,-203683.95565120084,306.6528887152978,147
34200000,68400.00000259823,-203493.25581339572,301.9293937086602,147
34205000,68410.00000256389,-203570.28929819132,299.9685669435045,147
34210000,68420.00000252954,-204352.76507566753,299.6687387756492,147
34215000,68430.0000024952,-203936.05805943743,301.18757456090367,147
34220000,68440.00000246086,-203777.30388095893,304.01617116066114,147
34225000,68450.00000242652,-203712.81227612344,298.45859056701136,147
34230000,68460.00000239217,-204039.9543786561,299.87715124660906,147
34235000,68470.00000235783,-204525.55467737,298.57768957193014,147
34240000,68480.00000232349,-204216.46042434755,304.58036406138245,147
34245000,68490.00000228915,-204524.8531833561,301.9027365366433,147
34250000,68500.0000022548,-204216.9242555712,298.9341696181111,147
34255000,68510.00000222046,-203880.64669386565,298.7950705595555,147
34260000,68520.00000218612,-203719.19273617887,298.0724625918947,147
34265000,68530.00000215178,-203616.0198384315,301.544202842963,147
34270000,68540.00000211743,-203377.49767660315,298.98004099062314,147
34275000,68550.00000208309,-203565.19787065522,300.5167550180914,147
34280000,68560.00000204875,-203738.76864376303,302.33614860556617,147
34285000,68570.0000020144,-203751.7378950438,300.4216633549651,147
34290000,68580.00000198006,-204089.50076653785,300.90671077372855,147
34295000,68590.00000194572,-203425.61607253947,300.11885489204604,147
34300000,68600.00000191138,-203805.8983137689,301.9873997326393,147
34305000,68610.00000187704,-203567.44467271713,301.1713451762592,147
34310000,68620.0000018427,-204219.26362630387,303.3289657395658,147
34315000,68630.00000180835,-203984.71195435373,304.03584144875106,147
34320000,68640.00000177401,-203996.53805816965,301.32928480359874,147
34325000,68650.00000173967,-204271.01300210203,303.7596480215505,147
34330000,68660.00000170532,-203774.1447413026,298.95099685999605,147
34335000,68670.00000167098,-203905.85267216375,300.0295466901089,147
34340000,68680.00000163664,-203872.39158509637,299.28671306088415,147
34345000,68690.0000016023,-203376.07973238302,300.6386541853574,147
34350000,68700.00000156795,-204067.3146871701,297.5305673808881,147
34355000,68710.00000153361,-203885.9395162632,301.1867858691976,147
34360000,68720.00000149927,-204419.8800045316,301.7682956813069,147
34365000,68730.00000146493,-203324.79349187668,295.16536520719484,147
34370000,68740.00000143058,-203935.66703867307,299.89570269630434,147
34375000,68750.00000139624,-203697.9666303118,302.90099089267017,147
34380000,68760.0000013619,-202898.14539087994,302.1445162158511,147
34385000,68770.00000132756,-203855.3303341983,302.1169884514019,147
34390000,68780.00000129321,-204277.97849018988,304.0075855949067,147
34395000,68790.00000125887,-204299.42159848067,297.0320997761872,147
34400000,68800.00000122453,-203561.13200031058,295.47129822656433,147
34405000,68810.00000119019,-203364.76148274448,300.58013778216576,147
34410000,68820.00000115584,-203445.44908593583,293.757489421501,147
34415000,68830.0000011215,-203737.60515402583,302.13769080359947,147
34420000,68840.00000108716,-204360.62172424374,298.9272125138224,147
34425000,68850.00000105282,-203913.9141276999,300.2830284650621,147
34430000,68860.00000101847,-203812.19751915848,300.30017932278747,147
34435000,68870.00000098413,-204441.19416643272,303.4609258746541,147
34440000,68880.00000094979,-204813.17886443995,299.3138894120173,147
34445000,68890.00000091545,-204790.18422867672,301.41000346341156,147
34450000,68900.0000008811,-203606.1300592709,303.3846164281482,147
34455000,68910.00000084676,-203657.52589304664,301.1878779425431,147
34460000,68920.00000081242,-203786.42665994016,303.46594676833456,147
34465000,68930.00000077808,-204190.09429863957,301.72438267835753,147
34470000,68940.00000074373,-204583.51815112692,304.52874766703206,147
34475000,68950.00000070939,-203732.7960651731,302.1490832786606,147
34480000,68960.00000067505,-203339.22121998318,299.5523648318953,147
34485000,68970.0000006407,-203593.23720737477,302.9430562944327,147
34490000,68980.00000060636,-204220.44754006132,301.04197540106435,147
34495000,68990.00000057202,-203844.60228565603,298.2260203695746,147
34500000,69000.00000053768,-203495.6717163301,299.86065458282826,147
34505000,69010.00000050334,-204097.70709401497,296.7316335125564,147
34510000,69020.000000469,-204192.89452251396,302.52911652406226,147
34515000,69030.00000043465,-204254.8684047145,299.50769220998905,147
34520000,69040.00000040031,-204320.7870810735,300.38963277351627,147
34525000,69050.00000036597,-204414.7561349268,303.06487773340757,147
34530000,69060.00000033162,-204156.90330094716,301.27550293667736,147
34535000,69070.00000029728,-204602.89623560559,298.66202859485844,147
34540000,69080.00000026294,-204297.92787522194,304.3390366089878,147
34545000,69090.0000002286,-204312.9002224129,301.7797614634876,147
34550000,69100.00000019425,-203815.6002293761,299.4121761611702,147
34555000,69110.00000015991,-204224.3394548922,298.292380954429,147
34560000,69120.00000012557,-203634.4356655801,301.61773191512873,147
34565000,69130.00000009123,-203526.73417616612,300.989605994883,147
34570000,69140.00000005688,-203819.83103353274,298.90677731444674,147
34575000,69150.00000002254,-204050.37132388563,297.412493248004,146
34580000,69159.9999999882,-203229.96628563397,297.8044457006364,146
34585000,69169.99999995386,-203970.65263718786,304.4579256170397,146
34590000,69179.99999991951,-204471.53303130576,296.3730026768441,146
34595000,69189.99999988517,-203328.22095413972,301.7980780580193,146
34600000,69199.99999985083,-203201.14290628198,298.76396798154934,146
34605000,69209.99999981649,-204385.03388328408,299.7010397105353,146
34610000,69219.99999978214,-203625.9560595589,297.91675443434673,146
34615000,69229.9999997478,-204260.16213721712,302.6655271131545,146
34620000,69239.99999971346,-203737.5910873462,298.4093641041783,146
34625000,69249.99999967912,-203575.86333026853,298.7673480141767,146
34630000,69259.99999964477,-204229.9537420303,299.5064661065925,146
34635000,69269.99999961043,-204213.06544655655,300.9691892745718,146
34640000,69279.99999957609,-204548.15223088802,300.0695263095951,146
34645000,69289.99999954175,-203238.01263172622,301.2776393383492,146
34650000,69299.9999995074,-204395.40768510103,302.0735526884019,146
34655000,69309.99999947306,-203642.31985143747,299.3578750821981,146
34660000,69319.99999943872,-203936.3943321074,298.99487349808766,146
34665000,69329.99999940438,-203564.17020716437,300.6511102966832,146
34670000,69339.99999937003,-203969.3024113495,305.531056338922,146
34675000,69349.99999933569,-204091.45661188697,296.56012194263167,146
34680000,69359.99999930135,-203432.35963401792,302.6251168409533,146
34685000,69369.999999267,-204281.69253298477,304.48308519584765,146
34690000,69379.99999923266,-204084.1640272875,304.9905985026209,146
34695000,69389.99999919832,-203817.21745734802,299.4259175836545,146
34700000,69399.99999916398,-204103.25260028418,298.546787611806,146
34705000,69409.99999912964,-203592.6540968247,297.6782399703979,146
34710000,69419.9999990953,-203993.2180293739,302.53094593644676,146
34715000,69429.99999906095,-203879.69503857964,298.13413349762317,146
34720000,69439.99999902661,-203813.09277257137,299.6542114653228,146
34725000,69449.99999899227,-202790.7491420902,298.6857126547574,146
34730000,69459.99999895792,-203911.06427578942,299.617237429416,146
34735000,69469.99999892358,-203780.22131442162,298.53644161698537,146
34740000,69479.99999888924,-203539.06704818422,296.4471582827511,146
34745000,69489.9999988549,-204284.18674869603,299.90518892014757,146
34750000,69499.99999882055,-204436.55546108948,297.6952206945311,146
34755000,69509.99999878621,-205246.70442840888,301.225754339992,146
34760000,69519.99999875187,-203800.12745126442,299.9817632560491,146
34765000,69529.99999871753,-203924.4598231616,301.69688506775526,146
34770000,69539.99999868318,-203319.3122762607,298.44283622330266,146
34775000,69549.99999864884,-203904.22033477225,301.23939105531826,146
34780000,69559.9999986145,-203922.35701837786,299.29167297908214,146
34785000,69569.99999858016,-204932.7079377236,302.0334207018128,146
34790000,69579.99999854581,-203061.6761158408,297.94216297253604,146
34795000,69589.99999851147,-203366.32682421745,295.2685719420758,146
34800000,69599.99999847713,-203494.86023040442,297.92060487415444,146
34805000,69609.99999844278,-203829.3586606742,302.1613134771081,146
34810000,69619.99999840844,-204343.23837744223,301.4263614042223,146
34815000,69629.9999983741,-203967.7063282408,299.6946978827501,146
34820000,69639.99999833976,-203831.40890849673,302.70255631715605,146
34825000,69649.99999830541,-204323.87852758414,303.89071555412363,146
34830000,69659.99999827107,-203037.3513092571,298.12038440412977,146
34835000,69669.99999823673,-204146.77981961484,299.78330072531793,146
34840000,69679.99999820239,-204017.276611852,298.49203163666164,146
34845000,69689.99999816804,-204127.66709532135,305.973552569301,146
34850000,69699.9999981337,-203494.8342688972,299.35725000117174,146
34855000,69709.99999809936,-203696.29406065296,299.46363737845223,146
34860000,69719.99999806502,-203728.0456796562,298.3647508257174,146
34865000,69729.99999803067,-203386.9274352087,305.5526695327262,146
34870000,69739.99999799633,-204042.85761353734,302.8450951269567,146
34875000,69749.99999796199,-203525.2646608277,307.1907978311592,146
34880000,69759.99999792765,-203775.7925277413,305.00666590806605,146
34885000,69769.9999978933,-204587.29741499166,302.5265356369656,146
34890000,69779.99999785896,-203260.5205444086,303.52878006247994,146
34895000,69789.99999782462,-204249.49966726184,297.38940799918356,146
34900000,69799.99999779028,-203181.50193867355,302.8394228355133,146
34905000,69809.99999775593,-203797.084936433,296.84534575353064,146
34910000,69819.99999772159,-203619.74246918748,300.7030092523393,146
34915000,69829.99999768725,-203369.56513225997,302.1101379563984,146
34920000,69839.9999976529,-204547.4655463897,301.5966642004972,146
34925000,69849.99999761856,-204137.87413007487,300.5204722082012,146
34930000,69859.99999758422,-203800.24880246434,301.75994998349023,146
34935000,69869.99999754988,-203555.26408213994,296.88730662768177,146
34940000,69879.99999751554,-203817.2882571118,298.77319199935647,146
34945000,69889.9999974812,-204309.1310463018,298.75560301225323,146
34950000,69899.99999744685,-203844.02877902042,303.10765090734895,146
34955000,69909.99999741251,-203418.58861867024,301.01409166402135,146
34960000,69919.99999737817,-203750.03093131713,303.49201177147546,146
34965000,69929.99999734382,-204038.81856200797,300.1086652084715,146
34970000,69939.99999730948,-203349.36657650385,300.6559568227024,146
34975000,69949.99999727514,-204051.27987007063,301.5271146789035,146
34980000,69959.9999972408,-203841.2443640622,300.34963280684957,146
34985000,69969.99999720645,-203475.10267197725,298.39248708454124,146
34990000,69979.99999717211,-203884.9684278021,299.57652667076644,146
34995000,69989.99999713777,-204064.50096710783,302.15548676974663,146
35000000,69999.99999710343,-203912.69801406725,303.5842856471547,146
35005000,70009.99999706908,-203361.51587906445,300.9898710907685,146
35010000,70019.99999703474,-204343.1019705251,298.5999536256165,146
35015000,70029.9999970004,-204154.4103271662,304.04552813523185,146
35020000,70039.99999696606,-203906.90448960103,301.66564344327355,146
35025000,70049.99999693171,-203463.7980641945,304.6243291798311,146
35030000,70059.99999689737,-204078.93785539689,301.6420375886998,146
35035000,70069.99999686303,-203488.97873291525,303.14710493950605,146
35040000,70079.99999682869,-204157.9849369753,300.7102282738325,146
35045000,70089.99999679434,-203828.00788109156,300.36869840830167,146
35050000,70099.99999676,-203836.96783874312,302.0418031424689,146
35055000,70109.99999672566,-203622.55767725373,299.6144653482469,146
35060000,70119.99999669132,-203386.9136951588,302.76306218243286,146
35065000,70129.99999665697,-204356.52480132016,300.24861897537147,146
35070000,70139.99999662263,-203456.54844890477,298.0992426365262,146
35075000,70149.99999658829,-203743.89371801273,298.73329048761235,146
35080000,70159.99999655395,-204035.0589046809,300.4571093548653,146
35085000,70169.9999965196,-204186.1047077285,302.22358941325086,146
35090000,70179.99999648526,-204869.02816722798,300.8960413925827,146
35095000,70189.99999645092,-204626.34145807032,302.71021923231126,146
35100000,70199.99999641658,-203950.97444230062,298.8045518683395,146
35105000,70209.99999638223,-203737.90435263037,298.0900873780814,146
35110000,70219.99999634789,-203682.61769934662,300.3549362601086,146
35115000,70229.99999631355,-203340.7501700119,295.40083138830124,146
35120000,70239.9999962792,-203944.45562107,295.721501523288,146
35125000,70249.99999624486,-203248.60392801045,303.355086737984,146
35130000,70259.99999621052,-203532.01956276223,304.5401206021357,146
35135000,70269.99999617618,-204073.19457656518,304.0316921301958,146
35140000,70279.99999614184,-203846.11343959358,299.3831223733004,146
35145000,70289.9999961075,-203622.33353505703,299.9686293870111,146
35150000,70299.99999607315,-204561.72957164375,300.22270185343535,146
35155000,70309.99999603881,-204129.4331307793,297.57807252743083,146
35160000,70319.99999600447,-202575.00205109373,300.91446781505783,146
35165000,70329.99999597012,-203098.13870639598,303.00954035783644,146
35170000,70339.99999593578,-203791.0049815547,302.0156058214837,146
35175000,70349.99999590144,-203669.1397943279,297.93487514168686,146
35180000,70359.9999958671,-204285.65780617588,303.0508486160058,146
35185000,70369.99999583275,-204247.00089963165,301.08094397334753,146
35190000,70379.99999579841,-203871.52954551182,296.806982655987,146
35195000,70389.99999576407,-203407.3141495107,299.6909875104608,146
35200000,70399.99999572973,-204150.71171733853,298.6087998284899,146
35205000,70409.99999569538,-203267.5419874736,303.22738264537446,146
35210000,70419.99999566104,-203834.4739532855,300.0444867752,146
35215000,70429.9999956267,-204510.8788469485,299.5053291745282,146
35220000,70439.99999559236,-203928.39247138286,300.14363639912017,146
35225000,70449.99999555801,-203925.2593685015,303.93054860873065,146
35230000,70459.99999552367,-204332.97054209653,300.47589529158716,146
35235000,70469.99999548933,-203996.49000759353,303.6770906211,146
35240000,70479.99999545499,-203877.12553143664,296.1082874063558,146
35245000,70489.99999542064,-203930.62530702003,303.2876291939469,146
35250000,70499.9999953863,-203607.60151783656,294.8659576257131,146
35255000,70509.99999535196,-204387.47671045281,299.8790314037159,146
35260000,70519.99999531762,-203607.14973247575,297.75711137823595,146
35265000,70529.99999528327,-203758.4656462263,302.0496994424631,146
35270000,70539.99999524893,-204207.9033581633,297.8941125598033,146
35275000,70549.99999521459,-203653.89617567777,301.6015377627165,146
35280000,70559.99999518025,-202683.59761280834,300.9242691998247,146
35285000,70569.9999951459,-203659.3179690946,299.50851842735307,146
35290000,70579.99999511156,-203737.04398718535,293.8045942210549,146
35295000,70589.99999507722,-203899.10274647595,297.38008051083983,146
35300000,70599.99999504288,-204082.61487987603,297.7444948740962,146
35305000,70609.99999500853,-203523.02103670163,298.19939603100994,146
35310000,70619.99999497419,-204328.0502352334,302.57123212836984,146
35315000,70629.99999493985,-204113.69929947157,300.5392547906758,146
35320000,70639.9999949055,-204813.2974492513,299.15431240090044,146
35325000,70649.99999487116,-203547.12405287987,298.43615839293216,146
35330000,70659.99999483682,-203837.57926886715,298.13924406240915,146
35335000,70669.99999480248,-203579.1265159644,297.4734853708138,146
35340000,70679.99999476814,-204391.2303881446,298.04711446814076,146
35345000,70689.9999947338,-203478.52108725137,299.768281956965,146
35350000,70699.99999469945,-204711.1530064399,296.99269227105776,146
35355000,70709.99999466511,-204661.29169970553,300.142219753081,146
35360000,70719.99999463077,-203816.81376560463,295.9490169345184,146
35365000,70729.99999459642,-203653.72189119644,300.81692568357374,146
35370000,70739.99999456208,-203868.7768592497,298.91470966338744,146
35375000,70749.99999452774,-203826.74497464288,300.67968321666297,146
35380000,70759.9999944934,-204581.89903804974,295.16696013700164,146
35385000,70769.99999445905,-203964.0830097989,303.0871844970191,146
35390000,70779.99999442471,-203740.87454610073,297.5284075171987,146
35395000,70789.99999439037,-204241.31706173928,297.8025679776259,146
35400000,70799.99999435603,-203483.90779922123,306.1746368243148,146
35405000,70809.99999432168,-202970.6896511009,297.57211398691226,146
35410000,70819.99999428734,-203012.70039836108,299.5530956168583,146
35415000,70829.999994253,-203492.51727786497,300.1174377235133,146
35420000,70839.99999421866,-203689.03573064355,297.50683322097825,146
35425000,70849.99999418431,-203974.71654705517,300.3243416514683,146
35430000,70859.99999414997,-203542.20390718023,301.3815459634357,146
35435000,70869.99999411563,-203783.51609424653,297.69434132058853,146
35440000,70879.99999408128,-204460.21152050002,299.28864913519664,146
35445000,70889.99999404694,-203998.48844660237,305.06370059842885,146
35450000,70899.9999940126,-203568.4221504737,298.27849659383065,146
35455000,70909.99999397826,-203182.98100422567,298.992632940693,146
35460000,70919.99999394391,-204486.98156460165,302.5830973235132,146
35465000,70929.99999390957,-204841.8105444311,297.68886656658606,146
35470000,70939.99999387523,-203935.0522321785,299.38280088243187,146
35475000,70949.99999384089,-203478.05587801407,304.2603636156048,146
35480000,70959.99999380654,-203480.91003531544,299.93406773119756,146
35485000,70969.9999937722,-203753.4600491696,305.50329025228865,146
35490000,70979.99999373786,-203654.8006606336,302.81421312668033,146
35495000,70989.99999370352,-203761.66842747084,299.78384606187547,146
35500000,70999.99999366917,-204048.4009404356,303.2911931657084,146
35505000,71009.99999363483,-203371.26195525425,303.9086705258184,146
35510000,71019.99999360049,-204195.24468799937,300.0484103322056,146
35515000,71029.99999356615,-203880.61376958515,295.51833082880637,146
35520000,71039.9999935318,-203350.72145067423,305.32811607267814,146
35525000,71049.99999349746,-203676.84900186933,298.91756975231635,146
35530000,71059.99999346312,-203226.38066741626,303.39051489310316,146
35535000,71069.99999342878,-203996.9397720358,298.0583859002727,146
35540000,71079.99999339443,-203999.7983212223,297.36164114323617,146
35545000,71089.99999336009,-203959.8279500089,298.11585106566065,146
35550000,71099.99999332575,-204008.1058565803,300.11055430362387,146
35555000,71109.9999932914,-203567.37254787807,301.0182771190048,146
35560000,71119.99999325706,-204080.39382319234,300.6931559992423,146
35565000,71129.99999322272,-204498.89690786402,301.99330706736845,146
35570000,71139.99999318838,-204485.41930785554,298.1232317739813,146
35575000,71149.99999315404,-203657.6521391261,300.9376313694636,146
35580000,71159.9999931197,-204407.9816949633,297.4255692242039,146
35585000,71169.99999308535,-203356.77995502832,300.00333411647654,146
35590000,71179.99999305101,-203643.26356795873,299.2909735456199,146
35595000,71189.99999301667,-204285.80240000936,299.1737982050412,146
35600000,71199.99999298232,-204034.54886449676,301.1638829323247,146
35605000,71209.99999294798,-204405.57307935564,301.63382113013034,146
35610000,71219.99999291364,-204380.84817761043,298.40203341104655,146
35615000,71229.9999928793,-203770.96795103047,304.70122162527156,146
35620000,71239.99999284495,-204003.59344751376,298.8626927407292,146
35625000,71249.99999281061,-204146.50423014443,299.6151801178953,146
35630000,71259.99999277627,-203357.65868439502,302.35356097843277,146
35635000,71269.99999274193,-203530.085501872,299.7844299535234,146
35640000,71279.99999270758,-203966.9913483553,300.8456173065929,146
35645000,71289.99999267324,-203887.4389116543,299.40206412506467,146
35650000,71299.9999926389,-203757.59345344384,299.5059912644252,146
35655000,71309.99999260456,-204641.9806640664,296.97902934216177,146
35660000,71319.99999257021,-204014.84883493,302.74650505792835,146
35665000,71329.99999253587,-204580.3316886262,302.15230252676076,146
35670000,71339.99999250153,-204097.4517672141,302.113862293053,146
35675000,71349.99999246719,-204009.36793441453,301.5169032920684,146
35680000,71359.99999243284,-203425.14079530153,299.55024365418603,146
35685000,71369.9999923985,-204145.26847234915,304.3941005689845,146
35690000,71379.99999236416,-203974.88416978472,298.09753910818876,146
35695000,71389.99999232982,-204122.50793960423,303.27421999014666,146
35700000,71399.99999229547,-203372.41638785787,297.69090671567506,146
35705000,71409.99999226113,-204730.90377088566,305.01804559884977,146
35710000,71419.99999222679,-203279.16808906198,296.6919376457031,146
35715000,71429.99999219245,-203457.56946120702,302.89786814374474,146
35720000,71439.9999921581,-203348.12473058782,301.2114345955828,146
35725000,71449.99999212376,-204060.6581344254,301.4742904392122,146
35730000,71459.99999208942,-202908.47445018322,295.919284433674,146
35735000,71469.99999205508,-204067.66116439132,301.93393517043626,146
35740000,71479.99999202073,-203841.95401483343,300.17182639018154,146
35745000,71489.99999198639,-203466.76229865744,296.9174527423107,146
35750000,71499.99999195205,-203389.89878651628,297.1048393687049,146
35755000,71509.9999919177,-203413.0773471482,302.61589697726953,146
35760000,71519.99999188336,-204025.1261931106,295.48740758134215,146
35765000,71529.99999184902,-204966.60700277088,301.26778469051465,146
35770000,71539.99999181468,-203922.8400146009,298.01880685178236,146
35775000,71549.99999178034,-203620.474152121,305.3210899599807,146
35780000,71559.999991746,-203360.50665992836,301.2331678168305,146
35785000,71569.99999171165,-203245.10933913244,297.71172381114326,146
35790000,71579.99999167731,-205118.2227830257,300.74417051903526,146
35795000,71589.99999164297,-204361.64044363273,303.8883965905447,146
35800000,71599.99999160862,-204349.0752795959,295.8474211821596,146
35805000,71609.99999157428,-204555.58796915004,296.4986919573566,146
35810000,71619.99999153994,-204383.29302147753,300.4591919349288,146
35815000,71629.9999915056,-203999.88129535806,297.64933807474796,146
35820000,71639.99999147125,-204460.56247711868,302.0530873058094,146
35825000,71649.99999143691,-204230.1363097413,305.76422666742224,146
35830000,71659.99999140257,-203501.76217837585,300.1094139402385,146
35835000,71669.99999136823,-203606.91186941531,298.71771184989433,146
35840000,71679.99999133388,-204004.00994329178,300.83441720418807,146
35845000,71689.99999129954,-203483.19539188792,302.59787529897386,146
35850000,71699.9999912652,-203827.1321040634,299.52191596532657,146
35855000,71709.99999123086,-203843.1497523808,304.29479914282297,146
35860000,71719.99999119651,-204093.21483858675,304.9829055773566,146
35865000,71729.99999116217,-203564.6265722583,304.3550807635993,146
35870000,71739.99999112783,-203629.68129655195,303.7170428991535,146
35875000,71749.99999109349,-204055.6339667968,303.50465737974105,146
35880000,71759.99999105914,-203246.1281686396,302.21789183503193,146
35885000,71769.9999910248,-203782.83422529558,300.29122914171757,146
35890000,71779.99999099046,-204921.34614752978,299.06704818980756,146
35895000,71789.99999095612,-203559.8247574243,297.35006786702047,146
35900000,71799.99999092177,-203557.3074682575,300.76831147289454,146
35905000,71809.99999088743,-204050.77410714922,302.21995919674697,146
35910000,71819.99999085309,-203695.01044625696,301.4644697037436,146
35915000,71829.99999081875,-203814.84832882485,296.4788713191593,146
35920000,71839.9999907844,-203973.83105883666,302.838893035635,146
35925000,71849.99999075006,-203784.67894082423,296.9185245533758,146
35930000,71859.99999071572,-203828.37751467503,305.32160342425834,146
35935000,71869.99999068138,-204708.8735473631,302.088092157015,146
35940000,71879.99999064703,-203380.9114644964,301.88624749864886,146
35945000,71889.99999061269,-203504.5965703273,301.1077973204695,146
35950000,71899.99999057835,-203451.8370102857,300.65147241695115,146
35955000,71909.999990544,-203982.5052787027,297.913045729927,146
35960000,71919.99999050966,-204520.13526090083,303.1149757276729,146
35965000,71929.99999047532,-203508.66410953982,295.07109729483903,146
35970000,71939.99999044098,-203790.75364110072,301.1471365499133,146
35975000,71949.99999040664,-203836.82245257602,302.44262535304557,146
35980000,71959.9999903723,-203351.56251117226,294.27366489527384,146
35985000,71969.99999033795,-203970.34450598818,301.2496569190444,146
35990000,71979.99999030361,-204681.86895241693,295.86617746103127,146
35995000,71989.99999026927,-204609.7649723268,298.0108134396967,146
36000000,71999.99999023492,-203938.10494304704,298.70591050248635,146
36005000,72009.99999020058,-204128.7118888509,297.7280306925719,146
36010000,72019.99999016624,-204714.62580382382,299.8682673672803,146
36015000,72029.9999901319,-205098.80330513278,301.1333005048112,146
36020000,72039.99999009755,-203954.83082166663,306.9691387352336,146
36025000,72049.99999006321,-203234.29586105666,298.34137177932496,146
36030000,72059.99999002887,-203895.073529638,300.52080347983303,146
36035000,72069.99998999453,-203825.66128262575,298.9896069374846,146
36040000,72079.99998996018,-204076.76599887223,299.42517928524035,146
36045000,72089.99998992584,-204771.13127602276,301.6521697397467,146
36050000,72099.9999898915,-204527.5117890673,296.7814219849123,146
36055000,72109.99998985716,-204002.44704234414,302.77969816159305,146
36060000,72119.99998982281,-204203.65471159923,298.44181235643094,146
36065000,72129.99998978847,-203437.62860122242,304.0783807887153,146
36070000,72139.99998975413,-203922.7875241578,298.29922298669806,146
36075000,72149.99998971978,-203503.30439437495,300.10376489165895,146
36080000,72159.99998968544,-203869.8236890221,296.85127604181866,146
36085000,72169.9999896511,-203360.4756562441,302.77199404137826,146
36090000,72179.99998961676,-203680.21106792567,295.1996772704876,146
36095000,72189.99998958241,-204138.105194479,294.9868106055484,146
36100000,72199.99998954807,-203115.2576322488,298.4128917140662,146
36105000,72209.99998951373,-203671.74222375976,299.1682908275196,146
36110000,72219.99998947939,-204234.95441405603,298.3298933026085,146
36115000,72229.99998944504,-202694.21229989594,301.33915807827697,146
36120000,72239.9999894107,-203347.4780449773,297.3938012820622,146
36125000,72249.99998937636,-203906.55640931416,305.7338778297841,146
36130000,72259.99998934202,-204003.10396397172,293.7825166118612,146
36135000,72269.99998930767,-203095.75620041857,302.31775976440883,146
36140000,72279.99998927333,-205004.17621369963,296.2291905836675,146
36145000,72289.99998923899,-203439.92533340305,304.67325801209114,146
36150000,72299.99998920465,-204445.6198050261,299.4107591078687,146
36155000,72309.9999891703,-203966.990090237,297.47011300308674,146
36160000,72319.99998913596,-204079.05598213477,296.76712904806647,146
36165000,72329.99998910162,-203612.90042983112,295.82495680858455,146
36170000,72339.99998906728,-203270.47306933266,293.5519619267452,146
36175000,72349.99998903293,-203513.4059545074,296.94477551222985,146
36180000,72359.99998899859,-203221.995757367,297.3890382513176,146
36185000,72369.99998896425,-204457.24407204252,297.99494201190754,146
36190000,72379.9999889299,-203947.7461871279,295.6100566195473,146
36195000,72389.99998889556,-203997.8100152124,301.88747068414824,146
36200000,72399.99998886122,-204760.06298147573,300.57123975480846,146
36205000,72409.99998882688,-204104.05700551043,300.9335471497401,146
36210000,72419.99998879254,-204147.68182651978,300.99563108488013,146
36215000,72429.9999887582,-203829.26427631336,291.02789715163874,146
36220000,72439.99998872385,-204052.85501829314,305.7406420107317,146
36225000,72449.99998868951,-203815.75612196792,299.0621353762407,146
36230000,72459.99998865517,-204142.00688286836,302.42969935651837,146
36235000,72469.99998862082,-203698.61473933107,302.7123036095246,146
36240000,72479.99998858648,-204002.99048843142,294.5150424821242,146
36245000,72489.99998855214,-203644.59931984986,298.17753408718903,146
36250000,72499.9999885178,-203748.2707081202,302.539586796001,146
36255000,72509.99998848345,-203601.6088062093,304.99257644547293,146
36260000,72519.99998844911,-203912.84460966114,304.9143857466802,146
36265000,72529.99998841477,-203896.2989345329,300.1061594378507,146
36270000,72539.99998838043,-203636.80053307454,298.4482710015829,146
36275000,72549.99998834608,-203773.2991468705,300.83885921618105,146
36280000,72559.99998831174,-203574.16689987003,295.1505832953427,146
36285000,72569.9999882774,-203904.05915562378,301.0573605778121,146
36290000,72579.99998824306,-204252.36146799615,297.264504210384,146
36295000,72589.99998820871,-204879.36709217413,301.0922989276604,146
36300000,72599.99998817437,-204034.1632106672,306.1429820955212,146
36305000,72609.99998814003,-203930.90934272064,299.0612636419864,146
36310000,72619.99998810569,-204104.9359285318,298.2264616581117,146
36315000,72629.99998807134,-204168.01289581438,296.25808283736876,146
36320000,72639.999988037,-203812.44831174333,297.78265895458514,146
36325000,72649.99998800266,-203111.49887807888,301.32997672819,146
36330000,72659.99998796832,-204345.87346875563,294.8913488698439,146
36335000,72669.99998793397,-202988.48162959807,300.57812941392996,146
36340000,72679.99998789963,-204398.47827258648,302.329990651953,146
36345000,72689.99998786529,-203840.9714469083,300.32071783323073,146
36350000,72699.99998783095,-203983.5270838287,306.06813395354385,146
36355000,72709.9999877966,-203436.756762092,299.05998618173425,146
36360000,72719.99998776226,-203213.9516924254,295.42462191226116,146
36365000,72729.99998772792,-203528.8092767417,299.67258596851536,146
36370000,72739.99998769358,-202547.8038146958,295.29160028198197,146
36375000,72749.99998765923,-203080.18654854828,300.8267998246307,146
36380000,72759.99998762489,-205170.77520082705,295.89506762749363,146
36385000,72769.99998759055,-203288.45802905574,298.74362517059745,146
36390000,72779.9999875562,-204562.5620947067,301.1496278973725,146
36395000,72789.99998752186,-203767.90706520772,300.68822924492974,146
36400000,72799.99998748752,-203360.7158000496,298.97233737972044,146
36405000,72809.99998745318,-203708.71486206504,300.1701584166719,146
36410000,72819.99998741884,-204480.25308017025,295.998441247532,146
36415000,72829.9999873845,-203459.33405282372,297.60728508100095,146
36420000,72839.99998735015,-204092.54628098302,300.2350749835744,146
36425000,72849.99998731581,-203770.7815327308,296.75978437637707,146
36430000,72859.99998728147,-204072.52598901698,302.30657690471367,146
36435000,72869.99998724712,-203751.4146634431,299.68240601534234,146
36440000,72879.99998721278,-203671.2649603145,301.9433722536481,146
36445000,72889.99998717844,-204886.38477599737,301.9722326822476,146
36450000,72899.9999871441,-202970.80969886994,303.907293583753,146
36455000,72909.99998710975,-203957.41050355218,302.7400587783197,146
36460000,72919.99998707541,-203693.06472831604,302.08143709589893,146
36465000,72929.99998704107,-204137.6726445658,296.50807839684745,146
36470000,72939.99998700673,-203368.42442178074,305.77655310071896,146
36475000,72949.99998697238,-203679.2863306651,302.5462751494804,146
36480000,72959.99998693804,-203538.9011225414,299.3038300511021,146
36485000,72969.9999869037,-204024.93996273866,300.45802104941333,146
36490000,72979.99998686936,-204179.32381269592,307.9887704410255,146
36495000,72989.99998683501,-205017.63369370648,295.1051151355273,146
36500000,72999.99998680067,-203323.86171743856,299.4703776562813,146
36505000,73009.99998676633,-204302.78676330007,303.23199980865337,146
36510000,73019.99998673199,-204510.7091534218,304.9853457145825,146
36515000,73029.99998669764,-203358.42134531948,297.95899364037,146
36520000,73039.9999866633,-204064.34312683903,301.55097017143044,146
36525000,73049.99998662896,-203858.05413750757,301.8034092785283,146
36530000,73059.99998659462,-203815.02563633863,294.067885857623,146
36535000,73069.99998656027,-203088.8569536087,298.83465170301747,146
36540000,73079.99998652593,-204185.03726452356,301.22282694948683,146
36545000,73089.99998649159,-203451.08460323792,301.337665960358,146
36550000,73099.99998645725,-203863.1194686056,302.71339293887957,146
36555000,73109.9999864229,-203528.70815215562,300.9703890337944,146
36560000,73119.99998638856,-204160.3719818486,302.6860656533094,146
36565000,73129.99998635422,-203967.5803745828,299.74408312882287,146
36570000,73139.99998631988,-203880.01047892962,297.7914075643637,146
36575000,73149.99998628553,-204066.2336396824,302.4272965138082,146
36580000,73159.99998625119,-203921.96274963964,302.6446116417665,146
36585000,73169.99998621685,-203580.53606283583,299.0845376319041,146
36590000,73179.9999861825,-204752.82688761235,296.79519857720044,146
36595000,73189.99998614816,-204013.97170979436,301.4067885265881,146
36600000,73199.99998611382,-203909.73136696336,298.77900591734755,146
36605000,73209.99998607948,-204256.0042034511,297.44712463584824,146
36610000,73219.99998604514,-203164.99296508136,298.6115602445059,146
36615000,73229.9999860108,-204285.3971692255,297.74781693254243,146
36620000,73239.99998597645,-204752.59554498782,298.1425564606171,146
36625000,73249.99998594211,-203628.82718359004,294.0741495706746,146
36630000,73259.99998590777,-202773.7204381309,301.55600971686596,146
36635000,73269.99998587342,-203363.81683909404,298.5164748386181,146
36640000,73279.99998583908,-204728.57089526858,300.91685449267163,146
36645000,73289.99998580474,-203375.41365695617,300.46046720973976,146
36650000,73299.9999857704,-204802.26791787613,298.3781913635985,146
36655000,73309.99998573605,-203704.7998937252,303.25267989011815,146
36660000,73319.99998570171,-204294.84305068292,299.7225964705638,146
36665000,73329.99998566737,-203607.77603169996,302.70226788086603,146
36670000,73339.99998563303,-204139.5967519508,295.06862731090564,146
36675000,73349.99998559868,-204392.52897727245,301.5762732009906,146
36680000,73359.99998556434,-203221.63222103345,300.7461034770315,146
36685000,73369.99998553,-203261.4553934571,305.161534187949,146
36690000,73379.99998549565,-203752.0603281709,302.2899423426894,146
36695000,73389.99998546131,-204104.43473361048,300.89789345499366,146
36700000,73399.99998542697,-204251.52541597106,301.5101257771434,146
36705000,73409.99998539263,-203683.34518371033,300.8602017690756,146
36710000,73419.99998535828,-203745.72128184745,302.24084241358065,146
36715000,73429.99998532394,-204234.9180816725,297.586120045017,146
36720000,73439.9999852896,-203596.53076040407,303.90052211289895,146
36725000,73449.99998525526,-203920.28106206225,296.7466174718803,146
36730000,73459.99998522091,-203751.62465801148,300.86057715517796,146
36735000,73469.99998518657,-204156.26000933838,301.6295749070031,146
36740000,73479.99998515223,-203968.13552521355,298.7851191053262,146
36745000,73489.99998511789,-203567.34582160274,302.31394558496794,146
36750000,73499.99998508354,-203937.61203377228,296.0705237676798,146
36755000,73509.9999850492,-204123.77350701438,299.32814930816863,146
36760000,73519.99998501486,-203715.15493136668,297.6220713772516,146
36765000,73529.99998498052,-203713.32849435543,300.31393849776094,146
36770000,73539.99998494617,-203757.6765892401,297.0753841588589,146
36775000,73549.99998491183,-204100.76556335576,300.9716640273364,146
36780000,73559.99998487749,-203684.23338446766,300.6573484958348,146
36785000,73569.99998484315,-203239.950777565,299.2758355721723,146
36790000,73579.9999848088,-203098.05061044032,301.87877463345444,146
36795000,73589.99998477446,-204042.52231812384,302.52876607405847,146
36800000,73599.99998474012,-203646.33428468276,299.45914275630025,146
36805000,73609.99998470578,-203655.79797078774,301.8736032230381,146
36810000,73619.99998467143,-204030.00823822885,304.58265661377277,146
36815000,73629.99998463709,-203460.3877855898,300.62708124195655,146
36820000,73639.99998460275,-203596.78586627776,301.1052158688218,146
36825000,73649.9999845684,-203363.9797272972,300.5044512518373,146
36830000,73659.99998453406,-203340.96056829055,299.49643585303403,146
36835000,73669.99998449972,-203058.30973621772,299.9623788176379,146
36840000,73679.99998446538,-204017.24499812443,300.2170139415149,146
36845000,73689.99998443104,-203768.51637897454,293.70180543242014,146
36850000,73699.9999843967,-204042.14670857834,297.23817900194007,146
36855000,73709.99998436235,-203322.10461624165,302.1761733203633,146
36860000,73719.99998432801,-203147.73513018223,298.3856299810208,146
36865000,73729.99998429367,-204670.96705263888,298.76175354487066,146
36870000,73739.99998425932,-203884.7979859108,298.26153589284894,146
36875000,73749.99998422498,-203969.09273470566,304.95570150386663,146
36880000,73759.99998419064,-203453.9933525211,297.7640655788,146
36885000,73769.9999841563,-204262.73405047646,296.1505502381264,146
36890000,73779.99998412195,-203442.12449453038,301.7128587981642,146
36895000,73789.99998408761,-203599.64751325233,300.72056783443145,146
36900000,73799.99998405327,-204455.04281348747,305.0791447004298,146
36905000,73809.99998401893,-203906.14606851095,301.8836971214689,146
36910000,73819.99998398458,-202917.6208620004,298.1788465527799,146
36915000,73829.99998395024,-203683.24989909527,300.127812309398,146
36920000,73839.9999839159,-203758.56541698042,298.46729680933004,146
36925000,73849.99998388156,-204099.36447884736,301.68982269114645,146
36930000,73859.99998384721,-203454.0318406202,303.42519488372636,146
36935000,73869.99998381287,-203676.48599733983,302.76902031106874,146
36940000,73879.99998377853,-204377.31797985267,301.72156909974746,146
36945000,73889.99998374419,-203846.0426869836,299.20127008525594,146
36950000,73899.99998370984,-204274.03832544223,300.8176556439465,146
36955000,73909.9999836755,-203562.93481424008,300.9647890165538,146
36960000,73919.99998364116,-203896.30017963052,302.50846169103966,146
36965000,73929.99998360682,-203558.4968587414,300.5997084451181,146
36970000,73939.99998357247,-203763.84981262183,299.04523804416175,146
36975000,73949.99998353813,-203873.25085610093,299.14884905672955,146
36980000,73959.99998350379,-204182.5648875807,301.31502117520233,146
36985000,73969.99998346945,-203180.95381657546,300.83207820275544,146
36990000,73979.9999834351,-203507.59976399923,301.5136493271064,146
36995000,73989.99998340076,-203626.0320112689,294.3437852490826,146
37000000,73999.99998336642,-203920.67368112702,294.3649857359392,146
37005000,74009.99998333208,-203860.06036804023,304.1341413891735,146
37010000,74019.99998329773,-204498.09172814176,300.55094879400485,146
37015000,74029.99998326339,-204213.80863960285,304.5687700904559,146
37020000,74039.99998322905,-204140.09578735114,304.9112759363869,146
37025000,74049.9999831947,-204077.9515989042,302.850044880908,146
37030000,74059.99998316036,-204079.39534715307,300.3111402738018,146
37035000,74069.99998312602,-203300.83257792145,298.5366735748935,146
37040000,74079.99998309168,-203829.11046267406,300.18673625620926,146
37045000,74089.99998305734,-203703.00998583483,298.8902871525671,146
37050000,74099.999983023,-204299.27959927078,301.9300921632622,146
37055000,74109.99998298865,-203732.0691783242,296.631218255624,146
37060000,74119.99998295431,-203217.21409187047,296.09763143602584,146
37065000,74129.99998291997,-203945.55693423853,298.4336639766385,146
37070000,74139.99998288562,-203975.70816845924,300.6278757794651,146
37075000,74149.99998285128,-203947.6858135853,299.7221921935896,146
37080000,74159.99998281694,-203864.86564719863,298.93435354635756,146
37085000,74169.9999827826,-204129.2743695859,298.6443964049931,146
37090000,74179.99998274825,-203371.04520566552,300.6970123034696,146
37095000,74189.99998271391,-204319.62648479093,305.71146386567074,146
37100000,74199.99998267957,-203777.3519713044,298.9918257004853,146
37105000,74209.99998264523,-203474.7393096924,302.5331808045847,146
37110000,74219.99998261088,-203983.4473874526,302.15076954185906,146
37115000,74229.99998257654,-204276.15133463172,302.36997679930397,146
37120000,74239.9999825422,-203218.84915225732,303.6510722634549,146
37125000,74249.99998250786,-203611.59004694375,307.3176890854855,146
37130000,74259.99998247351,-203961.74672759965,300.11625236145676,146
37135000,74269.99998243917,-204258.37350611237,300.6429483012585,146
37140000,74279.99998240483,-204828.78136566002,303.0359174659895,146
37145000,74289.99998237049,-203150.67678602028,301.6981171502612,146
37150000,74299.99998233614,-203555.77255585743,297.9704479364861,146
37155000,74309.9999823018,-204560.24544486648,298.86892095763943,146
37160000,74319.99998226746,-203507.18300645973,300.27720623894896,146
37165000,74329.99998223312,-203914.63981700502,299.26081415768385,146
37170000,74339.99998219877,-203467.9336426668,295.3034392742704,146
37175000,74349.99998216443,-204002.9791078578,300.79484558445233,146
37180000,74359.99998213009,-204152.58154770324,298.1708224752511,146
37185000,74369.99998209575,-203831.00450603536,303.34031095088164,146
37190000,74379.9999820614,-204145.52469901927,299.28523341230164,146
37195000,74389.99998202706,-204244.708839671,298.74154312877033,146
37200000,74399.99998199272,-204045.23073682666,296.33520548859946,146
37205000,74409.99998195838,-203824.58921845304,300.1465152109233,146
37210000,74419.99998192403,-203983.59356350068,299.16842465133743,146
37215000,74429.99998188969,-203384.48261209135,298.70833077754946,146
37220000,74439.99998185535,-203640.44668608473,300.7996550492231,146
37225000,74449.999981821,-204213.96680479182,300.85810512452207,146
37230000,74459.99998178666,-204575.28147719416,301.807084215341,146
37235000,74469.99998175232,-204409.14796971937,303.93077068325056,146
37240000,74479.99998171798,-205198.19870769337,299.93161810762206,146
37245000,74489.99998168364,-204135.9606595653,303.2036995546735,146
37250000,74499.9999816493,-203985.76260384452,300.6144824511067,146
37255000,74509.99998161495,-203158.57351846772,300.26676916014,146
37260000,74519.99998158061,-203183.36446863727,297.4244397822265,146
37265000,74529.99998154627,-203662.96585309494,299.18216998758214,146
37270000,74539.99998151192,-204091.35313330637,298.4423144212582,146
37275000,74549.99998147758,-203788.93532389763,307.2974561634372,146
37280000,74559.99998144324,-203623.39630501682,299.93533528368675,146
37285000,74569.9999814089,-203712.0520295404,301.61309926978805,146
37290000,74579.99998137455,-202693.09255461732,302.31143166038675,146
37295000,74589.99998134021,-203548.77708991547,301.77514638589406,146
37300000,74599.99998130587,-203670.3496316519,296.05282980480706,146
37305000,74609.99998127153,-203475.5477282866,304.3023520625213,146
37310000,74619.99998123718,-204074.86752480525,302.8196868089774,146
37315000,74629.99998120284,-203096.29629823775,303.42063549045645,146
37320000,74639.9999811685,-203948.42812065477,299.83440815566587,146
37325000,74649.99998113415,-204593.25141612045,302.1250522515812,146
37330000,74659.99998109981,-203795.55256539304,299.8075920048968,146
37335000,74669.99998106547,-203256.4868686439,299.1552129164173,146
37340000,74679.99998103113,-204944.33630164608,303.6269480793082,146
37345000,74689.99998099678,-202754.41089857602,298.6983177807586,146
37350000,74699.99998096244,-204681.80803566996,302.63244058692567,146
37355000,74709.9999809281,-203671.1551581081,300.1255227727505,146
37360000,74719.99998089376,-204524.0900900308,302.6844901081994,146
37365000,74729.99998085941,-203594.43367136456,295.33893632114393,146
37370000,74739.99998082507,-204172.12310046842,297.1510166314785,146
37375000,74749.99998079073,-203971.75346435385,302.8380961123234,146
37380000,74759.99998075639,-203812.98580970895,301.4844420999011,146
37385000,74769.99998072204,-204142.7135802327,298.72143548472314,146
37390000,74779.9999806877,-204499.40352127224,303.56998774760683,146
37395000,74789.99998065336,-203584.1729048239,300.0233608872187,146
37400000,74799.99998061902,-203392.78993896756,304.1627377107101,146
37405000,74809.99998058467,-203847.77016078786,297.62723813337556,146
37410000,74819.99998055033,-203860.33604277577,302.41049400602094,146
37415000,74829.99998051599,-203373.6566412549,299.2430233525469,146
37420000,74839.99998048165,-204495.30907739385,300.4468951106946,146
37425000,74849.9999804473,-203770.42438089126,296.78823324003196,146
37430000,74859.99998041296,-203579.65880720213,299.7585022404977,146
37435000,74869.99998037862,-203914.02013265772,303.0085510377036,146
37440000,74879.99998034428,-203453.80081357376,297.31839278990293,146
37445000,74889.99998030993,-203697.7693970775,304.08297521397947,146
37450000,74899.99998027559,-203514.29111047508,301.01600376492337,146
37455000,74909.99998024125,-203757.75682997785,299.7151419379017,146
37460000,74919.9999802069,-203934.0134623719,299.1914161772651,146
37465000,74929.99998017256,-203862.01459170762,305.8273138361215,146
37470000,74939.99998013822,-203502.27159232274,298.94047332345116,146
37475000,74949.99998010388,-204401.5677762297,295.73419841349977,146
37480000,74959.99998006954,-204046.20380636654,303.28962008064826,146
37485000,74969.9999800352,-203899.3844085927,299.2171100982702,146
37490000,74979.99998000085,-204292.26237841242,296.08054106020364,146
37495000,74989.99997996651,-203661.4357602141,301.15229896961097,146
37500000,74999.99997993217,-203454.30747713335,305.03232631102236,146
37505000,75009.99997989782,-203921.62293763377,299.4004004316094,146
37510000,75019.99997986348,-203965.52791599813,300.34039170380896,146
37515000,75029.99997982914,-203840.58837609075,298.0865069076623,146
37520000,75039.9999797948,-204137.77184205363,303.0383947955184,146
37525000,75049.99997976045,-204045.33968525473,296.4624225448053,146
37530000,75059.99997972611,-203869.86454857164,302.6302807270691,146
37535000,75069.99997969177,-203335.37496189098,302.1472428032028,146
37540000,75079.99997965743,-204739.47895417176,299.08076011261005,146
37545000,75089.99997962308,-203247.0239611687,300.48141896523947,146
37550000,75099.99997958874,-203391.75800266815,300.9549883594856,146
37555000,75109.9999795544,-203575.3588182032,295.87102991475484,146
37560000,75119.99997952006,-203083.60804078612,293.86517857789227,146
37565000,75129.99997948571,-203832.26521951938,301.66227002868555,146
37570000,75139.99997945137,-204057.11343379423,299.8250198065577,146
37575000,75149.99997941703,-203790.80303303932,299.7412283207604,146
37580000,75159.99997938269,-204401.0425006738,303.1715278583079,146
37585000,75169.99997934834,-203526.06230349327,296.9259767844993,146
37590000,75179.999979314,-203100.84934228205,298.18003451609025,146
37595000,75189.99997927966,-204499.82039430086,293.12037718903105,146
37600000,75199.99997924532,-203757.82625677646,297.05400539306197,146
37605000,75209.99997921097,-204119.22065636958,299.43588514352444,146
37610000,75219.99997917663,-204133.1913921755,301.15089884130856,146
37615000,75229.99997914229,-203609.70798175875,299.2212423134642,146
37620000,75239.99997910795,-202996.83196999587,298.772879608317,146
37625000,75249.9999790736,-204030.64179302903,297.6856352994145,146
37630000,75259.99997903926,-203610.5706307222,302.59390317343696,146
37635000,75269.99997900492,-203266.89021052863,298.03738081373115,146
37640000,75279.99997897058,-203950.79034320358,302.1275072931454,146
37645000,75289.99997893623,-204090.0947969131,292.68344996004015,146
37650000,75299.99997890189,-204478.73682350805,301.75520121753226,146
37655000,75309.99997886755,-204866.6914335629,300.7096731996002,146
37660000,75319.9999788332,-203512.9885649092,299.87654065158864,146
37665000,75329.99997879886,-203569.41469368257,304.03083618186434,146
37670000,75339.99997876452,-203669.2939910912,297.954780274765,146
37675000,75349.99997873018,-204124.75010030868,299.77174398145684,146
37680000,75359.99997869584,-203669.7538337434,298.2134353366974,146
37685000,75369.9999786615,-203988.06736613496,298.62908322436647,146
37690000,75379.99997862715,-203271.29485784913,305.08153492430614,146
37695000,75389.99997859281,-203971.29375767184,297.82661817308093,146
37700000,75399.99997855847,-203640.60328060214,301.1984232605567,146
37705000,75409.99997852412,-204052.32230528083,295.240551328309,146
37710000,75419.99997848978,-204625.4082952221,295.7540575939778,146
37715000,75429.99997845544,-203481.87546765886,298.6847522572679,146
37720000,75439.9999784211,-203522.02152833017,298.5072413079993,146
37725000,75449.99997838675,-204458.51456911,299.55975489297987,146
37730000,75459.99997835241,-204106.01461131428,295.93447681594296,146
37735000,75469.99997831807,-203731.2769806002,297.6694978880623,146
37740000,75479.99997828373,-203738.69567891269,301.2804138813518,146
37745000,75489.99997824938,-204041.29124567262,299.9829453286295,146
37750000,75499.99997821504,-203529.73945205042,304.0804138455533,146
37755000,75509.9999781807,-203489.9048875057,305.242504665284,146
37760000,75519.99997814636,-203714.95952947647,303.95306619958114,146
37765000,75529.99997811201,-203591.3024294813,298.98372689894876,146
37770000,75539.99997807767,-203342.74330170732,301.76574954649936,146
37775000,75549.99997804333,-203386.52935007482,300.95417846652947,146
37780000,75559.99997800899,-203343.70728776208,297.54919105048884,146
37785000,75569.99997797464,-204841.4112279918,297.7822603883679,146
37790000,75579.9999779403,-203410.49999467586,304.26144437815884,146
37795000,75589.99997790596,-204433.5093885573,298.9702980113608,146
37800000,75599.99997787162,-204201.1156957054,300.5617327480922,146
37805000,75609.99997783727,-204001.88313088613,292.9089886934244,146
37810000,75619.99997780293,-203794.16403019102,297.8949532806893,146
37815000,75629.99997776859,-204380.5992961455,303.35080222560373,146
37820000,75639.99997773425,-204502.1691061654,300.61470576976865,146
37825000,75649.9999776999,-203802.238844938,300.1756384578081,146
37830000,75659.99997766556,-203932.9265791152,301.8790208068072,146
37835000,75669.99997763122,-203930.39222538215,296.3902906578904,146
37840000,75679.99997759688,-203064.2257212822,300.8375808267511,146
37845000,75689.99997756253,-203733.77259352256,298.42234805590266,146
37850000,75699.99997752819,-203807.91388823197,301.35690161883343,146
37855000,75709.99997749385,-203653.1469159018,301.9642027606076,146
37860000,75719.9999774595,-203972.09174905147,300.10110195608047,146
37865000,75729.99997742516,-202679.615167388,298.7166009611177,146
37870000,75739.99997739082,-203735.38307771308,302.6038672573489,146
37875000,75749.99997735648,-203468.4318436432,302.02281656765354,146
37880000,75759.99997732214,-204146.6959127501,300.78167464621,146
37885000,75769.99997728779,-203569.1152791042,301.1085364687672,146
37890000,75779.99997725345,-203009.09482893837,302.2472312059099,146
37895000,75789.99997721911,-203009.64623599767,299.8160485730498,146
37900000,75799.99997718477,-204204.14934389747,302.97354396151115,146
37905000,75809.99997715042,-202622.14153369097,296.60142035764056,146
37910000,75819.99997711608,-204654.386476323,300.7500552915751,146
37915000,75829.99997708174,-203379.11787450174,300.28624629891,146
37920000,75839.9999770474,-203542.07153459813,299.27921161473256,146
37925000,75849.99997701305,-204565.3184956835,297.09010015662733,146
37930000,75859.99997697871,-204165.29373385408,298.8309096645,146
37935000,75869.99997694437,-204066.5457152736,300.43012182212595,146
37940000,75879.99997691002,-204575.02719300066,295.98256465002356,146
37945000,75889.99997687568,-204471.8253357514,300.3969597601625,146
37950000,75899.99997684134,-203417.75869233685,301.20336369060806,146
37955000,75909.999976807,-204138.54190834647,299.18726948972056,146
37960000,75919.99997677265,-203709.4984502648,298.6580605878743,146
37965000,75929.99997673831,-204255.2365470986,297.2038755119892,146
37970000,75939.99997670397,-203450.0833831973,294.68196497914073,146
37975000,75949.99997666963,-204268.83379815787,300.13042770230874,146
37980000,75959.99997663528,-204208.13855932537,294.2308852815823,146
37985000,75969.99997660094,-203631.38929825567,302.3038874769306,146
37990000,75979.9999765666,-203198.27105329547,300.78994980253464,146
37995000,75989.99997653226,-204293.7909266922,302.289285304152,146
38000000,75999.99997649791,-204016.09289635543,301.42510749070976,146
38005000,76009.99997646357,-204150.50212158193,301.8719513148576,146
38010000,76019.99997642923,-203622.1813942293,297.71881659876436,146
38015000,76029.99997639489,-203657.08548365568,299.90949920459764,146
38020000,76039.99997636054,-203830.6015702529,301.25273081023965,146
38025000,76049.9999763262,-203783.50952524424,297.6794843195404,146
38030000,76059.99997629186,-203629.28678719397,300.8668998325745,146
38035000,76069.99997625752,-203881.97171632817,297.25651208315264,146
38040000,76079.99997622317,-204005.31833811617,300.4307034080881,146
38045000,76089.99997618883,-204237.9333180465,301.4321125325652,146
38050000,76099.99997615449,-204505.76118043077,299.7320860945633,146
38055000,76109.99997612015,-204015.8789821118,302.3574732344934,146
38060000,76119.9999760858,-204102.89359762822,299.15705274231453,146
38065000,76129.99997605146,-204164.29253840388,302.6933447692868,146
38070000,76139.99997601712,-203408.72519765818,298.0644420535749,146
38075000,76149.99997598278,-204260.08420089458,303.539321518657,146
38080000,76159.99997594843,-204641.02866310172,299.2606849333651,146
38085000,76169.99997591409,-203711.11905881506,298.98729030869015,146
38090000,76179.99997587975,-204041.28292017395,297.51494301596296,146
38095000,76189.9999758454,-204041.55284288537,301.4908401538217,146
38100000,76199.99997581106,-203757.23503582657,298.88825176215954,146
38105000,76209.99997577672,-203778.41364731942,300.4691979449021,146
38110000,76219.99997574238,-203717.92643712577,298.5701391812458,146
38115000,76229.99997570804,-204219.3862801271,299.59175625869887,146
38120000,76239.9999756737,-203686.55295390764,300.3842581063082,146
38125000,76249.99997563935,-203979.54615841864,299.52238814431985,146
38130000,76259.99997560501,-203064.2699471803,300.5087357324112,146
38135000,76269.99997557067,-203794.3876134156,299.67939584552346,146
38140000,76279.99997553632,-203864.37412570743,296.7905095544507,146
38145000,76289.99997550198,-203433.1830166903,301.28781069325106,146
38150000,76299.99997546764,-204371.62380315177,300.2380522775459,146
38155000,76309.9999754333,-204298.1445791421,302.8060898915387,146
38160000,76319.99997539895,-203152.47426236246,300.6810934522692,146
38165000,76329.99997536461,-203384.98247396818,296.81288860393687,146
38170000,76339.99997533027,-203175.0953784237,297.86932986678374,146
38175000,76349.99997529593,-203978.41995017498,299.0394504205175,146
38180000,76359.99997526158,-203862.32499078673,298.6526076451183,146
38185000,76369.99997522724,-203898.0902535282,302.9635022798659,146
38190000,76379.9999751929,-203579.1788447064,294.6395417363244,146
38195000,76389.99997515856,-203401.58330532233,299.5100740700017,146
38200000,76399.99997512421,-203280.72153275588,302.0772222467332,146
38205000,76409.99997508987,-203819.18191167258,300.42109819986734,146
38210000,76419.99997505553,-203836.05495877017,300.5715892211536,146
38215000,76429.99997502119,-203580.46454573656,303.70698142072877,146
38220000,76439.99997498684,-204054.56396329077,297.87752554328546,146
38225000,76449.9999749525,-203936.39593090478,301.3675612196632,146
38230000,76459.99997491816,-203520.9224126176,301.5973750212926,146
38235000,76469.99997488382,-203933.72942079813,303.5885551679679,146
38240000,76479.99997484947,-203154.0092934356,302.0995987108797,146
38245000,76489.99997481513,-203294.3123510339,300.641359657382,146
38250000,76499.99997478079,-203862.74763189373,306.37521790781454,146
38255000,76509.99997474645,-203489.0905745488,296.9428371051409,146
38260000,76519.9999747121,-204147.09728079068,295.66875586574736,146
38265000,76529.99997467776,-204624.76197019208,300.6859807479984,146
38270000,76539.99997464342,-203729.7525380758,297.60327411597865,146
38275000,76549.99997460908,-203547.68604286236,296.9958753224129,146
38280000,76559.99997457473,-204142.05702062615,298.87397574599305,146
38285000,76569.99997454039,-204282.12799915345,300.22318333262575,146
38290000,76579.99997450605,-203633.74994704837,298.8328062458863,146
38295000,76589.9999744717,-203862.3674533628,297.27413821414507,146
38300000,76599.99997443736,-204094.67175190803,299.62712877286276,146
38305000,76609.99997440302,-204067.63945414417,299.77373548758567,146
38310000,76619.99997436868,-203414.49377551023,301.57386857079393,146
38315000,76629.99997433434,-203858.30787862197,302.7150321038314,146
38320000,76639.9999743,-203699.25497371168,297.45493495958937,146
38325000,76649.99997426565,-203787.83409098105,303.5205842936139,146
38330000,76659.99997423131,-203433.77701386332,299.7453098010065,146
38335000,76669.99997419697,-203760.86477549782,301.80004968852467,146
38340000,76679.99997416262,-203571.28759579512,301.0158866612713,146
38345000,76689.99997412828,-204192.00040745747,300.4103696408542,146
38350000,76699.99997409394,-203857.74384867935,302.64818859916625,146
38355000,76709.9999740596,-203995.76440268208,297.8152981150587,146
38360000,76719.99997402525,-203621.67924791214,301.1977246425514,146
38365000,76729.99997399091,-203729.05297371035,298.7971003179639,146
38370000,76739.99997395657,-204601.56746674748,299.53879687436563,146
38375000,76749.99997392223,-203820.86890057113,303.9358339342758,146
38380000,76759.99997388788,-204031.54722884332,297.9214376433925,146
38385000,76769.99997385354,-203886.48025011632,295.53126205792,146
38390000,76779.9999738192,-203729.55962826067,297.9713282070718,146
38395000,76789.99997378486,-203418.6181271252,301.9588056368867,146
38400000,76799.99997375051,-203638.4287161352,297.88875229879153,146
38405000,76809.99997371617,-203687.66984977783,305.9273792594999,146
38410000,76819.99997368183,-203722.7620915888,300.7530262944873,146
38415000,76829.99997364749,-203914.03335699474,300.5783797765867,146
38420000,76839.99997361314,-203988.66617925104,305.53302325973647,146
38425000,76849.9999735788,-204482.35110813484,301.4964091878429,146
38430000,76859.99997354446,-203964.37515648606,298.473591863545,146
38435000,76869.99997351012,-203066.78492501518,299.4046117785976,146
38440000,76879.99997347577,-204877.59710803,297.79556600358916,146
38445000,76889.99997344143,-203699.03489724023,295.6593798134304,146
38450000,76899.99997340709,-203979.13136152597,297.6649418164258,146
38455000,76909.99997337275,-203270.60260288266,299.8981248839745,146
38460000,76919.9999733384,-203944.0330906046,302.0785619196477,146
38465000,76929.99997330406,-203763.6028168199,300.44662010292876,146
38470000,76939.99997326972,-204416.63542078238,305.4192291833071,146
38475000,76949.99997323538,-203716.7782805286,297.96222731589364,146
38480000,76959.99997320103,-203976.4878532039,301.4773857514301,146
38485000,76969.99997316669,-203344.0745811687,295.1095840770975,146
38490000,76979.99997313235,-204270.62845591852,296.7961941538523,146
38495000,76989.999973098,-203637.78318079142,302.4491352460997,146
38500000,76999.99997306366,-204569.97873537126,302.3620862795747,146
38505000,77009.99997302932,-204041.79362592148,299.6006786707509,146
38510000,77019.99997299498,-203099.2804831504,300.3570470137986,146
38515000,77029.99997296064,-204218.62091541744,298.0160219249166,146
38520000,77039.99997292629,-203714.08443672385,303.37164113481845,146
38525000,77049.99997289195,-204359.63767007645,297.27357591635536,146
38530000,77059.99997285761,-203952.2913222299,296.79221572614244,146
38535000,77069.99997282327,-203727.2700389527,300.86607442048154,146
38540000,77079.99997278892,-204112.47303030337,303.23756680406575,146
38545000,77089.99997275458,-203675.9070405059,297.3476059766483,146
38550000,77099.99997272024,-204072.07000258728,298.1669736240763,146
38555000,77109.9999726859,-204554.05158249056,297.05845471835954,146
38560000,77119.99997265155,-203898.2354372535,301.87436019341914,146
38565000,77129.99997261721,-203922.58217133954,297.13320826244075,146
38570000,77139.99997258287,-203599.85587018426,301.50763459870996,146
38575000,77149.99997254852,-204558.66212021746,296.697171631923,146
38580000,77159.99997251418,-203535.15112602268,299.9347405484159,146
38585000,77169.99997247984,-204292.23265251645,303.8554637139386,146
38590000,77179.9999724455,-203221.5864002779,298.8322826659118,146
38595000,77189.99997241115,-203953.72597593267,303.90548736282983,146
38600000,77199.99997237681,-203504.28964651353,302.72025965465787,146
38605000,77209.99997234247,-203901.0635673236,298.24070314470714,146
38610000,77219.99997230813,-203223.06614618446,300.8902530085399,146
38615000,77229.99997227378,-204010.1195739673,302.427848237162,146
38620000,77239.99997223944,-204585.763607522,303.1660699101096,146
38625000,77249.9999722051,-203014.68742213084,301.3216085296759,146
38630000,77259.99997217076,-204498.18752375187,301.2642058945231,146
38635000,77269.99997213641,-203569.7084105916,300.27353135782204,146
38640000,77279.99997210207,-204136.05965519918,296.9542200618429,146
38645000,77289.99997206773,-203655.66499084048,300.1013564905811,146
38650000,77299.99997203339,-203811.77385675348,301.5310261479627,146
38655000,77309.99997199904,-204536.3035862276,302.5881868047279,146
38660000,77319.9999719647,-204249.5936078548,304.1905764436979,146
38665000,77329.99997193036,-203366.17556416302,301.85570380539053,146
38670000,77339.99997189602,-203986.59083859134,303.59740778817803,146
38675000,77349.99997186167,-203175.44479800388,298.58556366435124,146
38680000,77359.99997182733,-204586.8203075279,298.0760884285474,146
38685000,77369.99997179299,-204082.73083671404,297.48676197413255,146
38690000,77379.99997175865,-203666.15030764765,301.14324233272833,146
38695000,77389.9999717243,-203559.71344319638,302.10949862742694,146
38700000,77399.99997168996,-204063.8141443074,302.4050990640971,146
38705000,77409.99997165562,-204017.93525594566,300.72391071381054,146
38710000,77419.99997162128,-203250.32495719835,297.2659097773039,146
38715000,77429.99997158693,-203530.09235921898,302.25308886802026,146
38720000,77439.99997155259,-203243.6112136601,297.0615302991291,146
38725000,77449.99997151825,-203640.27355639928,299.8614153318232,146
38730000,77459.9999714839,-203819.30824844306,300.36222360907925,146
38735000,77469.99997144956,-203986.2486948599,299.9919958922971,146
38740000,77479.99997141522,-204281.99100515887,301.8797136109194,146
38745000,77489.99997138088,-203952.56199091428,304.26929212087776,146
38750000,77499.99997134654,-204281.43789225852,298.9546641861305,146
38755000,77509.9999713122,-204655.1736675764,301.3821243571386,146
38760000,77519.99997127785,-203661.6012127644,296.8018131694372,146
38765000,77529.99997124351,-204354.20260516065,302.04450800045646,146
38770000,77539.99997120917,-204194.51390030026,304.974555523438,146
38775000,77549.99997117482,-204179.9994230403,299.9156161278884,146
38780000,77559.99997114048,-204232.59923333477,302.92083009258585,146
38785000,77569.99997110614,-203796.73074081412,303.96584955795345,146
38790000,77579.9999710718,-203726.95411738078,298.7778457464065,146
38795000,77589.99997103745,-203456.359600715,298.474904220899,146
38800000,77599.99997100311,-203807.97241410462,300.96436303342347,146
38805000,77609.99997096877,-204215.50973218156,300.48352061136166,146
38810000,77619.99997093443,-204327.20861223154,299.15537189963294,146
38815000,77629.99997090008,-203517.22133620875,296.32552466346397,146
38820000,77639.99997086574,-203823.67343218706,299.49990516241894,146
38825000,77649.9999708314,-204524.63645649096,298.5263015772221,146
38830000,77659.99997079706,-203869.1098447257,295.75827728395547,146
38835000,77669.99997076271,-204021.90969739924,300.4359156362166,146
38840000,77679.99997072837,-203886.19560866058,300.1521517092223,146
38845000,77689.99997069403,-203751.69760750118,301.44476767363915,146
38850000,77699.99997065969,-203743.18338818045,303.66915823036794,146
38855000,77709.99997062534,-204025.63975398638,297.30363249090726,146
38860000,77719.999970591,-203773.5690673131,294.985516816623,146
38865000,77729.99997055666,-203818.73772234994,298.0683345916084,146
38870000,77739.99997052232,-203114.8900783757,299.433925440045,146
38875000,77749.99997048797,-204033.0562854613,300.96959684303147,146
38880000,77759.99997045363,-203564.81883247802,295.78698534198685,146
38885000,77769.99997041929,-203616.90390791092,302.3904100501521,146
38890000,77779.99997038495,-203082.64486222167,299.3246771639596,146
38895000,77789.9999703506,-203780.68504911417,299.1027830941221,146
38900000,77799.99997031626,-204112.16463515628,299.62456224578324,146
38905000,77809.99997028192,-203447.24027687206,297.1460317104773,146
38910000,77819.99997024758,-204052.5462272606,303.416525092532,146
38915000,77829.99997021323,-203490.3626984451,300.7530284599964,146
38920000,77839.99997017889,-203204.8897984072,301.75263182275614,146
38925000,77849.99997014455,-203484.44769338693,300.5362794386713,146
38930000,77859.9999701102,-203812.3726634531,295.9892683782048,146
38935000,77869.99997007586,-203877.37818117044,301.4417504663346,146
38940000,77879.99997004152,-204169.6388869118,304.0238619993065,146
38945000,77889.99997000718,-202858.666341146,301.70173986284124,146
38950000,77899.99996997284,-203393.7995786463,299.6921562818063,146
38955000,77909.9999699385,-203483.67046226235,307.0670761163461,146
38960000,77919.99996990415,-203633.5047923345,305.0424748230388,146
38965000,77929.99996986981,-203481.5135470878,300.8352674403026,146
38970000,77939.99996983547,-203529.92060589755,298.0545709399783,146
38975000,77949.99996980112,-203579.90910111577,296.48442408974466,146
38980000,77959.99996976678,-204246.715653106,300.8789655678956,146
38985000,77969.99996973244,-204129.96558268834,299.2584824544621,146
38990000,77979.9999696981,-204492.41557807755,299.2153442602168,146
38995000,77989.99996966375,-203949.13009896863,300.71278401647925,146
39000000,77999.99996962941,-204373.12637933134,293.6443849505854,146
39005000,78009.99996959507,-203572.57027336664,297.4282411889855,146
39010000,78019.99996956073,-203880.28845319734,297.9111253158097,146
39015000,78029.99996952638,-203969.44418201584,296.9503383947093,146
39020000,78039.99996949204,-203643.73844172538,301.4157564212761,146
39025000,78049.9999694577,-204617.98830811924,300.0398874751357,146
39030000,78059.99996942336,-203843.4347026986,304.6515941889708,146
39035000,78069.99996938901,-203552.9740487776,299.9900961251811,146
39040000,78079.99996935467,-204050.39018126996,297.9439226326571,146
39045000,78089.99996932033,-203672.24790511606,301.2896943514333,146
39050000,78099.99996928599,-204025.82042476034,295.9398547308054,146
39055000,78109.99996925164,-204987.79566359834,302.82080058806974,146
39060000,78119.9999692173,-204553.0545415742,297.33797114611474,146
39065000,78129.99996918296,-204540.71593547752,297.0731920645514,146
39070000,78139.99996914862,-204017.16228409915,299.91188747557493,146
39075000,78149.99996911427,-203680.09812562983,299.690798392941,146
39080000,78159.99996907993,-204030.3709138591,298.24341899764056,146
39085000,78169.99996904559,-204145.4453269916,299.6758470614178,146
39090000,78179.99996901125,-203591.6677402528,299.6777248637354,146
39095000,78189.9999689769,-203742.1027053157,300.4371955075355,146
39100000,78199.99996894256,-203520.75684987393,299.46100641266185,146
39105000,78209.99996890822,-203955.92078467354,301.49047733415097,146
39110000,78219.99996887388,-204048.6618317695,299.4065786754045,146
39115000,78229.99996883953,-203239.47468882357,299.5974228294305,146
39120000,78239.99996880519,-203499.43516940344,298.27622798338484,146
39125000,78249.99996877085,-203688.4286147582,301.94561934325696,146
39130000,78259.9999687365,-203782.20808388316,297.466551402062,146
39135000,78269.99996870216,-203840.3791689783,301.78455184517634,146
39140000,78279.99996866782,-204093.65425037208,302.56591228015617,146
39145000,78289.99996863348,-203570.46572977363,295.82529365920067,146
39150000,78299.99996859914,-203993.2535996457,296.63944616562867,146
39155000,78309.99996856479,-204195.7212743524,296.77691374073163,146
39160000,78319.99996853045,-203450.10490632674,298.6416163165488,146
39165000,78329.99996849611,-203700.74217273935,298.9930842042029,146
39170000,78339.99996846177,-203370.2583831303,298.5680654896737,146
39175000,78349.99996842742,-203424.0818620487,300.3966675297809,146
39180000,78359.99996839308,-204079.53748703736,297.640274919586,146
39185000,78369.99996835874,-203940.0786436312,305.4255843316323,146
39190000,78379.9999683244,-203320.49827008275,300.95435017368453,146
39195000,78389.99996829005,-203459.71524367807,302.2640338782456,146
39200000,78399.99996825571,-202852.82761279691,300.4434130430773,146
39205000,78409.99996822137,-204053.99443562597,303.17532599932156,146
39210000,78419.99996818702,-203458.19430608454,299.13662799750125,146
39215000,78429.99996815268,-203902.56860390422,303.00009267891005,146
39220000,78439.99996811834,-204983.706757811,296.60045023690765,146
39225000,78449.999968084,-202980.61217794812,299.63891647474753,146
39230000,78459.99996804965,-203757.96929018328,298.7323530712778,146
39235000,78469.99996801531,-203130.8720673744,298.4082938791929,146
39240000,78479.99996798097,-204782.07127367717,300.09812553188317,146
39245000,78489.99996794663,-204096.34917555144,304.06751677874325,146
39250000,78499.99996791228,-204000.99840277992,297.72489066537906,146
39255000,78509.99996787794,-204138.3805829198,303.1965633963014,146
39260000,78519.9999678436,-203785.1817363454,297.8981059456615,146
39265000,78529.99996780926,-203546.13523524278,305.9989831754541,146
39270000,78539.99996777491,-203215.570465668,298.87716144416123,146
39275000,78549.99996774057,-202740.36005159002,300.65574417071133,146
39280000,78559.99996770623,-204050.74665205658,297.7323420488259,146
39285000,78569.99996767189,-203920.58144930168,299.1977501827301,146
39290000,78579.99996763754,-202936.86339482944,300.18767310700986,146
39295000,78589.9999676032,-203962.62438065943,299.7718397318632,146
39300000,78599.99996756886,-204423.15909095458,298.72132276688865,146
39305000,78609.99996753452,-204016.0469309847,298.1188955987319,146
39310000,78619.99996750017,-204013.02370628668,295.16281585885343,146
39315000,78629.99996746583,-204771.25815761823,296.20446105322196,146
39320000,78639.99996743149,-203819.67994861444,299.34613561056386,146
39325000,78649.99996739715,-203901.1531200545,296.0619562019479,146
39330000,78659.9999673628,-204330.1338856658,303.3825909879285,146
39335000,78669.99996732846,-203715.07821493258,297.0603398164416,146
39340000,78679.99996729412,-203917.84612441878,298.51404611930354,146
39345000,78689.99996725978,-203423.07979836222,302.67204339295654,146
39350000,78699.99996722543,-203520.95594495744,300.2610930409581,146
39355000,78709.99996719109,-204097.22239975515,299.8029726294662,146
39360000,78719.99996715675,-204017.55734535505,297.58712881939294,146
39365000,78729.9999671224,-204070.96178978845,300.1897440348271,146
39370000,78739.99996708806,-203815.62792137288,303.6436657604599,146
39375000,78749.99996705372,-203542.87332576513,303.30152861887035,146
39380000,78759.99996701938,-203844.0989757697,303.3619792294873,146
39385000,78769.99996698504,-203503.40393756237,301.83050315344025,146
39390000,78779.9999669507,-203499.48301118356,298.56221430913877,146
39395000,78789.99996691635,-203987.59729495586,297.4372744922077,146
39400000,78799.99996688201,-203578.12998180918,301.99831246847765,146
39405000,78809.99996684767,-203623.01190738787,298.9874364059487,146
39410000,78819.99996681332,-204040.77742796543,297.87267279106015,146
39415000,78829.99996677898,-203332.781743758,303.24889547566613,146
39420000,78839.99996674464,-203715.78367261018,300.45236658429036,146
39425000,78849.9999667103,-204033.44423063763,300.1410614433874,146
39430000,78859.99996667595,-204300.9163644996,297.5258630275188,146
39435000,78869.99996664161,-203579.55594506254,301.76642290478674,146
39440000,78879.99996660727,-204022.92460034078,300.60080996124776,146
39445000,78889.99996657293,-204159.60263576487,302.203762762364,146
39450000,78899.99996653858,-203293.75358166278,299.4811434882587,146
39455000,78909.99996650424,-203798.90473626019,305.34294297145004,146
39460000,78919.9999664699,-204335.22602092603,301.41687276515006,146
39465000,78929.99996643556,-203572.42483508366,300.272992882222,146
39470000,78939.99996640121,-204154.07420762314,297.893101719702,146
39475000,78949.99996636687,-204244.79274549242,302.2033719327152,146
39480000,78959.99996633253,-203502.99665271433,300.82354053413826,146
39485000,78969.99996629819,-203806.30433820852,301.7025085873338,146
39490000,78979.99996626384,-204176.82549705182,305.56530396879816,146
39495000,78989.9999662295,-203117.3872955693,302.31135643821864,146
39500000,78999.99996619516,-203403.7239889456,301.15760168088866,146
39505000,79009.99996616082,-204773.1653487312,294.31488102138735,146
39510000,79019.99996612647,-204676.9152778861,303.44409994112596,146
39515000,79029.99996609213,-203313.3566589692,301.35236400137967,146
39520000,79039.99996605779,-204316.86597502022,298.60597783450305,146
39525000,79049.99996602345,-203921.66860609944,296.08233416248913,146
39530000,79059.9999659891,-204331.3691658473,298.2296210170189,146
39535000,79069.99996595476,-204416.35101268545,298.61210880401353,146
39540000,79079.99996592042,-203760.37431759958,299.5305681409731,146
39545000,79089.99996588608,-204318.52427082416,300.55643382543514,146
39550000,79099.99996585173,-203460.27388924535,298.9723024904093,146
39555000,79109.99996581739,-203766.33164885163,297.1660882665691,146
39560000,79119.99996578305,-203774.8723081242,302.0804572582434,146
39565000,79129.9999657487,-203636.44766813854,303.21079464014673,146
39570000,79139.99996571436,-203272.41029414872,299.7311952562086,146
39575000,79149.99996568002,-203838.5826883557,304.297554460214,146
39580000,79159.99996564568,-203247.36602121533,301.68224241840124,146
39585000,79169.99996561134,-204356.25946867943,295.98682021078923,146
39590000,79179.999965577,-203924.8032618774,300.50160841858815,146
39595000,79189.99996554265,-204798.72807603877,297.40443039966453,146
39600000,79199.99996550831,-203795.9260563742,300.3712694901428,146
39605000,79209.99996547397,-203702.3417906306,306.73658055197194,146
39610000,79219.99996543962,-203319.85881766735,303.4899530376881,146
39615000,79229.99996540528,-204465.07840803405,301.7932744476975,146
39620000,79239.99996537094,-203914.60832683963,299.39104650487843,146
39625000,79249.9999653366,-203607.3570481676,296.1535547072766,146
39630000,79259.99996530225,-204815.34803509119,303.98383564182706,146
39635000,79269.99996526791,-202974.58295024128,301.1721514740714,146
39640000,79279.99996523357,-203476.29846596182,299.6283507550816,146
39645000,79289.99996519923,-203869.74362748605,294.32286140768963,146
39650000,79299.99996516488,-203355.0653765438,299.8841133748232,146
39655000,79309.99996513054,-203179.35674854647,297.81432898787074,146
39660000,79319.9999650962,-204107.56279782695,299.75158693188257,146
39665000,79329.99996506186,-203975.91390186723,302.3677546713337,146
39670000,79339.99996502751,-204051.36431400815,300.3577600575996,146
39675000,79349.99996499317,-204316.74772899353,301.1282968690775,146
39680000,79359.99996495883,-203990.96642467438,298.13419851934293,146
39685000,79369.99996492449,-204654.30470288463,296.9671981448136,146
39690000,79379.99996489014,-203834.4458866713,299.8063071867604,146
39695000,79389.9999648558,-203645.46257430303,296.99469488523613,146
39700000,79399.99996482146,-203369.20699468465,301.1604990847308,146
39705000,79409.99996478712,-203693.18962203385,304.6043982762597,146
39710000,79419.99996475277,-204318.22399327182,303.7371679186791,146
39715000,79429.99996471843,-204879.07511536975,300.23636292076924,146
39720000,79439.99996468409,-202867.36904272845,302.7302368263291,146
39725000,79449.99996464975,-204088.13208928285,299.3634688566327,146
39730000,79459.9999646154,-203713.32701474242,303.76911478628057,146
39735000,79469.99996458106,-203165.95253048884,300.39020151454594,146
39740000,79479.99996454672,-204449.4103045757,301.6341299276822,146
39745000,79489.99996451238,-203912.52077626262,304.53651315520415,146
39750000,79499.99996447803,-203937.72586536256,301.6490320347371,146
39755000,79509.99996444369,-203358.68735057383,298.7721899489583,146
39760000,79519.99996440935,-204572.39167262404,295.94411407480425,146
39765000,79529.999964375,-203537.016240165,304.3571336394266,146
39770000,79539.99996434066,-203250.3001982104,300.74027922417514,146
39775000,79549.99996430632,-204396.29178118566,298.60521661516196,146
39780000,79559.99996427198,-203402.0266179326,297.06871831222344,146
39785000,79569.99996423764,-203393.60356531816,298.2877223145583,146
39790000,79579.99996420329,-204359.7177814811,302.4826460171022,146
39795000,79589.99996416895,-203750.91164807708,302.3346765357832,146
39800000,79599.99996413461,-204235.35945885023,300.2353087323898,146
39805000,79609.99996410027,-204284.7101901539,296.99516398514737,146
39810000,79619.99996406592,-204157.38291432802,300.1237929368932,146
39815000,79629.99996403158,-203599.43148493418,303.83434559424114,146
39820000,79639.99996399724,-204159.68217073928,302.8735355659542,146
39825000,79649.9999639629,-204018.11189754412,297.8732345665139,146
39830000,79659.99996392855,-204338.903814503,303.358897595638,146
39835000,79669.99996389421,-204111.11489666044,300.30605161158684,146
39840000,79679.99996385987,-203677.612555027,296.9044362382176,146
39845000,79689.99996382552,-204174.6000273811,300.5736038505698,146
39850000,79699.99996379118,-204288.39140137192,303.64066987762874,146
39855000,79709.99996375684,-204249.7225235171,303.43950942854946,146
39860000,79719.9999637225,-204245.5340994777,302.2974321333839,146
39865000,79729.99996368815,-204464.29137339606,301.9916774650751,146
39870000,79739.99996365381,-203688.2642040489,299.98748642997583,146
39875000,79749.99996361947,-203756.34096361196,293.51669244823677,146
39880000,79759.99996358513,-203835.1184186926,303.8646588740161,146
39885000,79769.99996355078,-204459.39600697428,302.763860691159,146
39890000,79779.99996351644,-203724.494492952,304.844344609615,146
39895000,79789.9999634821,-203420.06420113496,298.1877367019239,146
39900000,79799.99996344776,-204353.1425207426,300.2419379174135,146
39905000,79809.99996341341,-204049.61987448053,295.8233468428173,146
39910000,79819.99996337907,-203885.79804921965,301.590874427526,146
39915000,79829.99996334473,-202881.48442945746,303.99809590899196,146
39920000,79839.99996331039,-203344.65080910153,297.1119338031927,146
39925000,79849.99996327604,-204332.1916505302,298.07852952527384,146
39930000,79859.9999632417,-203501.62696026615,299.9009513669196,146
39935000,79869.99996320736,-204495.90886914067,299.12817241428615,146
39940000,79879.99996317302,-204224.84173165367,294.35426277275235,146
39945000,79889.99996313867,-205122.00755158183,305.4337601805704,146
39950000,79899.99996310433,-204451.7440763826,300.71095334030474,146
39955000,79909.99996306999,-204063.6979028926,297.32059972650467,146
39960000,79919.99996303565,-203803.25960437336,297.1295288948543,146
39965000,79929.9999630013,-204007.35232502886,298.01687245722906,146
39970000,79939.99996296696,-203468.04551433388,299.63435524133286,146
39975000,79949.99996293262,-204024.01519814227,304.53213720990664,146
39980000,79959.99996289828,-203821.82475917542,302.8182349013971,146
39985000,79969.99996286393,-204121.0513907004,297.97102678163776,146
39990000,79979.99996282959,-204498.40176185896,299.67180014023967,146
39995000,79989.99996279525,-204245.00100908475,297.6667309441634,146
40000000,79999.9999627609,-203787.62522360322,298.4025407519368,146
40005000,80009.99996272656,-203760.0495084757,299.83282544863476,146
40010000,80019.99996269222,-204376.0402239965,300.7503589609466,146
40015000,80029.99996265788,-204421.33614076022,299.68164067312694,146
40020000,80039.99996262354,-204535.95714323455,295.6463887829696,146
40025000,80049.9999625892,-204442.0915693863,300.6018263889986,146
40030000,80059.99996255485,-203943.66610877507,300.33111406679853,146
40035000,80069.99996252051,-204259.691432351,296.890157832478,146
40040000,80079.99996248617,-203859.79860435147,296.5371858000709,146
40045000,80089.99996245182,-204171.48867202282,298.4241995072551,146
40050000,80099.99996241748,-203614.16269695375,300.0280015860268,146
40055000,80109.99996238314,-204653.15540036908,301.37421059943955,146
40060000,80119.9999623488,-203732.2462868375,299.7554756698582,146
40065000,80129.99996231445,-203948.43464682205,295.69395430822055,146
40070000,80139.99996228011,-204203.0092609201,296.1405720689928,146
40075000,80149.99996224577,-203986.35528641113,299.7829244263039,146
40080000,80159.99996221143,-204239.8655181497,302.6882823706981,146
40085000,80169.99996217708,-204693.24866435188,294.94258921246944,146
40090000,80179.99996214274,-203548.79445894074,298.3260346535958,146
40095000,80189.9999621084,-204612.3887972706,299.11017562262765,146
40100000,80199.99996207406,-203793.84742350457,297.28645594685037,146
40105000,80209.99996203971,-204206.18440380122,302.0301221808329,146
40110000,80219.99996200537,-204123.16899508692,303.64814244868927,146
40115000,80229.99996197103,-204451.3759085125,299.2964387062776,146
40120000,80239.99996193669,-204259.77716196468,300.1244634463418,146
40125000,80249.99996190234,-203610.65309651976,300.65037499023236,146
40130000,80259.999961868,-203572.68305145449,301.48079327218994,146
40135000,80269.99996183366,-204058.56969193602,301.12567852262936,146
40140000,80279.99996179932,-204666.75496931886,299.65470822312426,146
40145000,80289.99996176497,-203535.94373843004,295.26496468969526,146
40150000,80299.99996173063,-203924.40214158304,298.8282280100754,146
40155000,80309.99996169629,-204062.30366945,298.5522085550331,146
40160000,80319.99996166195,-203350.798034405,303.3456085729404,146
40165000,80329.9999616276,-204479.03376231098,300.5174909386706,146
40170000,80339.99996159326,-203613.29650019528,305.9946269419431,146
40175000,80349.99996155892,-203651.08039496257,306.1794623112537,146
40180000,80359.99996152458,-204715.0519289975,299.2834254519294,146
40185000,80369.99996149023,-204373.83791894792,300.1233951582635,146
40190000,80379.99996145589,-203819.35261507786,295.5472924485143,146
40195000,80389.99996142155,-203207.4130775564,294.5086558607949,146
40200000,80399.9999613872,-203553.85840989335,305.53269307841634,146
40205000,80409.99996135286,-203608.8959617489,300.4422822946618,146
40210000,80419.99996131852,-204070.32786579733,301.23033980914755,146
40215000,80429.99996128418,-203927.49355795316,298.81495836013926,146
40220000,80439.99996124984,-204615.22297780635,299.97245934183456,146
40225000,80449.9999612155,-203411.1267677775,298.48905398544207,146
40230000,80459.99996118115,-203673.07335239975,297.3094505619918,146
40235000,80469.99996114681,-203957.78387188748,300.7313868027925,146
40240000,80479.99996111247,-203403.8511868855,295.96160862502313,146
40245000,80489.99996107812,-203381.1527760739,298.6292319355975,146
40250000,80499.99996104378,-205075.3287700006,295.4947484657969,146
40255000,80509.99996100944,-204080.36900220218,302.3770212655457,146
40260000,80519.9999609751,-203719.99541766627,299.73789415659945,146
40265000,80529.99996094075,-204808.34580232983,303.7003976478721,146
40270000,80539.99996090641,-204123.05203489948,301.39028273733595,146
40275000,80549.99996087207,-203760.5258581551,298.03855512183367,146
40280000,80559.99996083773,-204151.67515268258,308.48125094097503,146
40285000,80569.99996080338,-204493.73655734747,303.51086838217077,146
40290000,80579.99996076904,-203907.8997788009,295.8997728631005,146
40295000,80589.9999607347,-204217.0853419319,301.0565505829109,146
40300000,80599.99996070036,-204183.00535107497,295.2888671598709,146
40305000,80609.99996066601,-203759.61499493476,298.5666001001578,146
40310000,80619.99996063167,-204217.02603040845,298.25044628541866,146
40315000,80629.99996059733,-204427.21406534233,300.81196951026516,146
40320000,80639.99996056299,-203473.6731114256,296.1987891943333,146
40325000,80649.99996052864,-203365.54401741317,302.4244665497,146
40330000,80659.9999604943,-204429.48621998227,297.3381628630489,146
40335000,80669.99996045996,-203587.80201570422,298.16755157177175,146
40340000,80679.99996042562,-204085.7639468559,297.87139292246854,146
40345000,80689.99996039127,-203901.68993491342,299.5334046555219,146
40350000,80699.99996035693,-203940.31965576846,300.3990496155166,146
40355000,80709.99996032259,-204042.197310047,299.2895435221899,146
40360000,80719.99996028825,-204006.53111268068,305.70833979906985,146
40365000,80729.9999602539,-203141.41028262582,299.41766078103126,146
40370000,80739.99996021956,-203975.2678502642,298.522961941072,146
40375000,80749.99996018522,-204217.6550627048,301.30158685799523,146
40380000,80759.99996015088,-204458.2753827055,301.058331828489,146
40385000,80769.99996011653,-203486.61001921096,301.1667139588809,146
40390000,80779.99996008219,-204163.74214427453,303.3926201826526,146
40395000,80789.99996004785,-204140.11877342325,299.8155061744832,146
40400000,80799.9999600135,-203672.41568012245,298.8692716542652,146
40405000,80809.99995997916,-204211.52266653045,300.17267245330567,146
40410000,80819.99995994482,-204917.70922282408,302.9192527935149,146
40415000,80829.99995991048,-203982.5956256379,299.82331821854194,146
40420000,80839.99995987614,-204190.93445925927,303.0993695245522,146
40425000,80849.99995984179,-203767.1645624669,301.66928741123763,146
40430000,80859.99995980745,-203504.0080933934,298.69496492613746,146
40435000,80869.99995977311,-204337.5784540862,305.84664017356954,146
40440000,80879.99995973877,-203348.8133303303,298.4457205305934,146
40445000,80889.99995970442,-203573.2439956119,296.853699992893,146
40450000,80899.99995967008,-204581.27425339457,297.37194785400254,146
40455000,80909.99995963574,-203679.50015631504,302.86804511016527,146
40460000,80919.9999596014,-203953.14260658063,295.7116040344726,146
40465000,80929.99995956705,-203407.78521122108,303.5202537887428,146
40470000,80939.99995953271,-203835.9514193018,297.07341048152483,146
40475000,80949.99995949837,-204626.0968910635,299.9239751933251,146
40480000,80959.99995946402,-204395.04606280383,299.6846830522802,146
40485000,80969.99995942968,-203746.36006953358,299.6066815335877,146
40490000,80979.99995939534,-203600.82836773596,299.84600647962566,146
40495000,80989.999959361,-203924.76181593142,301.5595112970108,146
40500000,80999.99995932665,-203976.9172220747,297.79867710319843,146
40505000,81009.99995929231,-203930.93222714507,300.53909254028554,146
40510000,81019.99995925797,-203662.6404717957,297.5178939993695,146
40515000,81029.99995922363,-204116.23702374462,300.95220689646675,146
40520000,81039.99995918928,-203757.15166267275,301.33290012929785,146
40525000,81049.99995915494,-203478.86125106376,296.63803461325114,146
40530000,81059.9999591206,-203878.35468339245,301.6416478607363,146
40535000,81069.99995908626,-204273.90814525727,299.70967291353804,146
40540000,81079.99995905191,-203717.26970208564,299.12565929539227,146
40545000,81089.99995901757,-203902.62637968792,304.74557163545137,146
40550000,81099.99995898323,-205080.4220504642,298.5977445240516,146
40555000,81109.99995894889,-203648.5323222787,299.49653463471344,146
40560000,81119.99995891454,-203730.6652384851,300.2755802467175,146
40565000,81129.9999588802,-203764.02682392648,303.36361211546034,146
40570000,81139.99995884586,-203671.76189427404,299.2945875404358,146
40575000,81149.99995881152,-203642.5923462431,294.2376051024284,146
40580000,81159.99995877717,-204510.29631895095,297.75628238820235,146
40585000,81169.99995874283,-203875.7052026654,301.91217915554034,146
40590000,81179.99995870849,-204321.61939004948,302.66528731720985,146
40595000,81189.99995867415,-204366.07297638163,294.19500689546976,146
40600000,81199.9999586398,-204126.79665273556,296.68983144327103,146
40605000,81209.99995860546,-203917.87320124672,298.52009800344774,146
40610000,81219.99995857112,-203651.91072012053,299.50615423638885,146
40615000,81229.99995853678,-203478.10626785178,299.48000195775757,146
40620000,81239.99995850243,-204343.3347798275,301.1771314756153,146
40625000,81249.99995846809,-205128.86073557322,303.16865128045316,146
40630000,81259.99995843375,-204680.24040752405,298.45184179574403,146
40635000,81269.9999583994,-203764.06533355569,300.3468392329106,146
40640000,81279.99995836506,-203299.42817507882,300.1195918254206,146
40645000,81289.99995833072,-204080.50837631093,299.3991596745992,146
40650000,81299.99995829638,-204632.9011959636,301.09317340654127,146
40655000,81309.99995826204,-203741.43911026872,300.42755234523,146
40660000,81319.9999582277,-203912.6439524436,299.729301558447,146
40665000,81329.99995819335,-204782.76950905297,306.0993833329625,146
40670000,81339.99995815901,-203721.10619432956,299.2259794026246,146
40675000,81349.99995812467,-204115.51227016514,302.08392170248396,146
40680000,81359.99995809032,-203700.75028196594,295.72624482957445,146
40685000,81369.99995805598,-203934.46070409927,302.73807080967185,146
40690000,81379.99995802164,-203603.5352848731,303.801522360719,146
40695000,81389.9999579873,-203725.8055460517,295.05856943025776,146
40700000,81399.99995795295,-204037.7038708604,298.20086230207505,146
40705000,81409.99995791861,-203495.3957413599,301.2767129639228,146
40710000,81419.99995788427,-203364.13745254336,295.7319591949355,146
40715000,81429.99995784993,-204768.59893205448,300.08839572680745,146
40720000,81439.99995781558,-203457.05322403065,302.43251769697827,146
40725000,81449.99995778124,-204276.9598523191,302.6195379379884,146
40730000,81459.9999577469,-203528.55411716725,299.8215810300505,146
40735000,81469.99995771256,-203801.5437611543,301.7238173966247,146
40740000,81479.99995767821,-203891.01839011523,300.1416451474073,146
40745000,81489.99995764387,-203348.31546804844,298.244951167083,146
40750000,81499.99995760953,-204209.16237282462,302.8878744307084,146
40755000,81509.99995757519,-203126.10910835676,303.1201569622682,146
40760000,81519.99995754084,-203951.07308593323,299.2126903161205,146
40765000,81529.9999575065,-203999.0445734699,300.95916362242804,146
40770000,81539.99995747216,-203577.92920520797,301.86489933947036,146
40775000,81549.99995743782,-204327.02015630063,299.91474782164624,146
40780000,81559.99995740347,-204150.83690400724,292.8949839587181,146
40785000,81569.99995736913,-204105.53818306408,299.34775371392413,146
40790000,81579.99995733479,-203845.02231079037,298.7480042514233,146
40795000,81589.99995730045,-203550.11905530363,292.007084356761,146
40800000,81599.9999572661,-204155.5108636932,297.0159937906841,146
40805000,81609.99995723176,-204139.74540253985,303.8346906011402,146
40810000,81619.99995719742,-203961.98367490934,300.2299973645499,146
40815000,81629.99995716308,-203751.10197083256,299.04406501883767,146
40820000,81639.99995712873,-204173.5229110705,294.39458527597765,146
40825000,81649.99995709439,-203989.946593281,301.11812333143865,146
40830000,81659.99995706005,-203470.36908785428,299.8984886426504,146
40835000,81669.9999570257,-203679.42767880508,305.33327841898733,146
40840000,81679.99995699136,-203201.8036472894,300.2128180221542,146
40845000,81689.99995695702,-203472.79237513244,301.5136763411372,146
40850000,81699.99995692268,-204226.00375161157,297.07612025090845,146
40855000,81709.99995688834,-204132.63224348868,301.7406358916118,146
40860000,81719.999956854,-204232.04033654113,303.04239129047556,146
40865000,81729.99995681965,-204191.75247426936,300.10403900203676,146
40870000,81739.99995678531,-203984.00595874758,301.34234437050713,146
40875000,81749.99995675097,-203878.7126578648,302.6576448444499,146
40880000,81759.99995671662,-203811.54746433755,298.2047246671099,146
40885000,81769.99995668228,-204255.11508634954,302.3558862989703,146
40890000,81779.99995664794,-203427.08942344983,296.9383075611616,146
40895000,81789.9999566136,-204567.04215522856,294.7169164208963,146
40900000,81799.99995657925,-204234.3907674891,302.7223136980441,146
40905000,81809.99995654491,-204084.26293758338,304.61840081687444,146
40910000,81819.99995651057,-203866.44923202775,301.7524993394598,146
40915000,81829.99995647623,-204185.9097043582,300.3008411773554,146
40920000,81839.99995644188,-204093.14663520525,300.93262142887875,146
40925000,81849.99995640754,-204026.73804097215,298.75332330496366,146
40930000,81859.9999563732,-203420.1461235868,303.2401433383801,146
40935000,81869.99995633886,-203883.12446558918,304.1841016465465,146
40940000,81879.99995630451,-203641.85503868526,296.6085831861975,146
40945000,81889.99995627017,-204429.3013229411,305.51230127705696,146
40950000,81899.99995623583,-204134.67500601395,297.35386353646953,146
40955000,81909.99995620149,-204147.68865218153,300.2000447914011,146
40960000,81919.99995616714,-203490.7763499217,296.52633369774264,146
40965000,81929.9999561328,-203800.84144328977,301.93510587798954,146
40970000,81939.99995609846,-203692.60445985314,297.6704590488577,146
40975000,81949.99995606412,-203673.60952344467,302.61473788880085,146
40980000,81959.99995602977,-203497.87394760654,300.879864562076,146
40985000,81969.99995599543,-203692.04250188777,299.5702727867806,146
40990000,81979.99995596109,-204010.25664834445,299.01920286114836,146
40995000,81989.99995592675,-203637.70308696188,300.61186464565645,146
41000000,81999.9999558924,-203681.6829442057,302.0037500552755,146
41005000,82009.99995585806,-203592.30081130238,297.3972457753105,146
41010000,82019.99995582372,-203645.32186415687,299.7482444541356,146
41015000,82029.99995578938,-203963.38730761653,299.625873231644,146
41020000,82039.99995575503,-202982.3859931213,298.9596729512645,146
41025000,82049.99995572069,-203646.18928585574,297.98973769232913,146
41030000,82059.99995568635,-203692.86196987634,304.8291108244274,146
41035000,82069.999955652,-203551.65492015833,299.6375385524766,146
41040000,82079.99995561766,-204070.79219834693,296.86869285469385,146
41045000,82089.99995558332,-204014.57497789897,301.7918909022623,146
41050000,82099.99995554898,-203949.98148602073,297.9238341453785,146
41055000,82109.99995551464,-204229.13840831327,303.3629987840242,146
41060000,82119.99995548029,-204267.9183394363,302.0551234075214,146
41065000,82129.99995544595,-203882.96927914047,302.3557590966734,146
41070000,82139.99995541161,-203616.0050592512,304.63161650002405,146
41075000,82149.99995537726,-203489.00297806237,298.4657798966663,146
41080000,82159.99995534292,-203033.06668656843,302.7791553468553,146
41085000,82169.99995530858,-203518.77548908629,296.9212140855128,146
41090000,82179.99995527424,-203544.89825246145,296.54082881040034,146
41095000,82189.9999552399,-203772.07928751956,297.96452394628216,146
41100000,82199.99995520555,-204132.7933275412,302.38510924816444,146
41105000,82209.99995517121,-204711.9498118061,300.7628872097264,146
41110000,82219.99995513687,-204113.41005026328,298.3986950859246,146
41115000,82229.99995510252,-204575.61052909703,300.38663650943937,146
41120000,82239.99995506818,-204544.48180918407,296.2686137941554,146
41125000,82249.99995503384,-203849.6043986641,303.13790173256285,146
41130000,82259.9999549995,-204896.3740885494,296.472290225904,146
41135000,82269.99995496515,-204305.85317819915,305.34303571707665,146
41140000,82279.99995493081,-203950.99972811283,299.7114123023595,146
41145000,82289.99995489647,-203413.67304724117,302.6362541889238,146
41150000,82299.99995486213,-204019.3319788694,297.80752324404136,146
41155000,82309.99995482778,-204859.66951551684,305.1504035962586,146
41160000,82319.99995479344,-204024.02968167153,298.7215889690694,146
41165000,82329.9999547591,-203851.5162977021,299.8281435538474,146
41170000,82339.99995472476,-204449.22525963606,298.931707894145,146
41175000,82349.99995469041,-203982.7106707635,301.7198655490795,146
41180000,82359.99995465607,-204294.47849620716,305.33847183788265,146
41185000,82369.99995462173,-204265.79373866087,298.7660426689803,146
41190000,82379.99995458739,-203774.10354947357,306.32306631907534,146
41195000,82389.99995455304,-204369.59019079374,302.0173188949051,146
41200000,82399.9999545187,-203942.8716267891,294.6917070330621,146
41205000,82409.99995448436,-203777.3456660424,299.6408464107739,146
41210000,82419.99995445002,-203837.76539973693,302.8477008696057,146
41215000,82429.99995441567,-204065.7098050759,295.85885045403734,146
41220000,82439.99995438133,-204036.20589194668,299.8213326062465,146
41225000,82449.99995434699,-204737.5255953126,303.6019342261182,146
41230000,82459.99995431265,-203927.82559060236,298.213297011623,146
41235000,82469.9999542783,-203420.4602155008,299.5348604190723,146
41240000,82479.99995424396,-203905.3249359741,298.74105942112766,146
41245000,82489.99995420962,-203488.81746337924,297.5069819330058,146
41250000,82499.99995417528,-204222.60090746603,303.2035434787929,146
41255000,82509.99995414093,-203843.60793221428,296.7475557133323,146
41260000,82519.99995410659,-203645.0805866234,296.69214518115314,146
41265000,82529.99995407225,-204074.3326211403,303.1769101080385,146
41270000,82539.9999540379,-203482.26823300566,297.60988324286905,146
41275000,82549.99995400356,-203836.24205945735,300.5630699666988,146
41280000,82559.99995396922,-203496.5815327108,301.26320325342823,146
41285000,82569.99995393488,-203792.62880369858,300.0600414766385,146
41290000,82579.99995390054,-203615.81890421943,297.42155090191983,146
41295000,82589.9999538662,-204147.8731954198,300.84219882502373,146
41300000,82599.99995383185,-203974.9015208591,300.6236143482878,146
41305000,82609.99995379751,-204210.73361295834,294.22564978414084,146
41310000,82619.99995376317,-203871.57357717957,302.2816206328131,146
41315000,82629.99995372882,-203746.83299873106,301.83966640035106,146
41320000,82639.99995369448,-203055.40292997577,298.96481102230393,146
41325000,82649.99995366014,-204338.2077058776,295.79525419117584,146
41330000,82659.9999536258,-204751.8291586846,301.6325612665441,146
41335000,82669.99995359145,-204287.58147398313,295.82606467250787,146
41340000,82679.99995355711,-203935.42444550968,304.1170118740638,146
41345000,82689.99995352277,-203920.822107355,301.51062086224425,146
41350000,82699.99995348843,-204817.10249232943,302.7940375070699,146
41355000,82709.99995345408,-204068.7143402287,304.2502845227861,146
41360000,82719.99995341974,-203843.51116176497,305.3462241021289,146
41365000,82729.9999533854,-203358.4042561798,301.45369570751086,146
41370000,82739.99995335106,-203450.69172225147,305.10826645943416,146
41375000,82749.99995331671,-204041.85755293083,301.35520833917036,146
41380000,82759.99995328237,-203904.61025835457,300.5314130899502,146
41385000,82769.99995324803,-204299.98403657577,302.49515839605726,146
41390000,82779.99995321369,-204100.73878756375,304.7384282920347,146
41395000,82789.99995317934,-203615.59204275196,298.93835542064596,146
41400000,82799.999953145,-203500.29802857572,296.4830516014376,146
41405000,82809.99995311066,-203980.29174633813,300.07461089383173,146
41410000,82819.99995307632,-204571.32777379313,302.11829763173006,146
41415000,82829.99995304197,-203523.86908495997,301.3271527629228,146
41420000,82839.99995300763,-203949.41399024997,303.6203322402784,146
41425000,82849.99995297329,-203834.58012965939,301.43531270379043,146
41430000,82859.99995293895,-203305.41915463528,301.3791980955841,146
41435000,82869.9999529046,-204089.07636545983,294.2304449363079,146
41440000,82879.99995287026,-203371.92576446943,299.25012626464064,146
41445000,82889.99995283592,-203839.82084058854,302.7873121345228,146
41450000,82899.99995280158,-203336.41173944308,299.17045761207135,146
41455000,82909.99995276723,-204552.51731565932,301.82931933491244,146
41460000,82919.99995273289,-203467.95912665583,300.989208253524,146
41465000,82929.99995269855,-204046.122894631,302.1345976309585,146
41470000,82939.9999526642,-204324.56263487204,298.82020391467,146
41475000,82949.99995262986,-204340.76754571486,301.0814968233956,146
41480000,82959.99995259552,-203288.68738452846,296.6262516493392,146
41485000,82969.99995256118,-203801.20765295613,302.8721141802591,146
41490000,82979.99995252684,-203942.97276135325,299.9502600725452,146
41495000,82989.9999524925,-204016.4302155862,302.21600010822004,146
41500000,82999.99995245815,-203503.71247798332,299.7989936083061,146
41505000,83009.99995242381,-203685.41952251713,293.5692176321639,146
41510000,83019.99995238947,-203638.5574721191,300.3922893270368,146
41515000,83029.99995235512,-204350.3111405078,299.3785408788394,146
41520000,83039.99995232078,-204024.69632617861,298.0984143999328,146
41525000,83049.99995228644,-203817.97003246855,298.83336137003374,146
41530000,83059.9999522521,-204064.63250741689,297.81014440476787,146
41535000,83069.99995221775,-203889.46803418978,302.65518201699626,146
41540000,83079.99995218341,-203804.70825773466,301.4840687201878,146
41545000,83089.99995214907,-203050.82603274286,303.9334950936043,146
41550000,83099.99995211473,-203542.54049776623,302.561342141017,146
41555000,83109.99995208038,-204117.02558266406,291.61517862405833,146
41560000,83119.99995204604,-204389.0939787737,296.38313043708484,146
41565000,83129.9999520117,-204669.62435006246,298.6923215028397,146
41570000,83139.99995197736,-203306.6299411141,302.0605822579841,146
41575000,83149.99995194301,-204507.92115004477,298.9169112347896,146
41580000,83159.99995190867,-203493.54443267395,299.1628906775452,146
41585000,83169.99995187433,-203633.00004529906,293.7914802950599,146
41590000,83179.99995183999,-203841.5394376336,293.7368316503481,146
41595000,83189.99995180564,-203004.03873370995,300.63442287448623,146
41600000,83199.9999517713,-203588.306052977,294.7390046338907,146
41605000,83209.99995173696,-203555.73220772098,303.82603702822763,146
41610000,83219.99995170262,-204467.21641849913,297.28185791503,146
41615000,83229.99995166827,-203967.9858023437,297.5374621361706,146
41620000,83239.99995163393,-204392.41418369464,300.38365370152775,146
41625000,83249.99995159959,-203249.36977213377,302.29106042650034,146
41630000,83259.99995156525,-204323.71760839957,298.1943640049785,146
41635000,83269.9999515309,-204574.38784825685,301.5116267176781,146
41640000,83279.99995149656,-204082.7140998541,297.1131244658766,146
41645000,83289.99995146222,-203520.7676509727,295.6391794682153,146
41650000,83299.99995142788,-204175.19014352153,299.7933732504494,146
41655000,83309.99995139353,-203818.4885094451,296.43942568242267,146
41660000,83319.99995135919,-204195.41106011253,300.02224350436137,146
41665000,83329.99995132485,-203601.40515012888,298.4536780358505,146
41670000,83339.9999512905,-203673.08232904482,299.2573682387624,146
41675000,83349.99995125616,-204570.9970995474,296.68580517564453,146
41680000,83359.99995122182,-204171.4197184462,294.07019752311135,146
41685000,83369.99995118748,-204616.09827549558,296.47880943877607,146
41690000,83379.99995115314,-203349.09350296238,297.6655978270217,146
41695000,83389.99995111879,-203573.15102227032,303.2107787014109,146
41700000,83399.99995108445,-203549.0963815099,297.2125734265046,146
41705000,83409.99995105011,-204259.11859509302,300.7304298110576,146
41710000,83419.99995101576,-204595.29909455904,299.18143144674406,146
41715000,83429.99995098142,-203572.4459498165,298.22306539759387,146
41720000,83439.99995094708,-204034.47693982895,303.0937159931015,146
41725000,83449.99995091274,-204405.87616403739,300.29203239743094,146
41730000,83459.9999508784,-204283.93489072414,304.05813597437566,146
41735000,83469.99995084405,-203812.30147977662,300.1325512734958,146
41740000,83479.99995080971,-204642.11889777554,295.4630906086285,146
41745000,83489.99995077537,-203552.1885198577,299.7833848959766,146
41750000,83499.99995074102,-203219.29565316252,299.7520707121189,146
41755000,83509.99995070668,-204288.10638645012,302.0904316262241,146
41760000,83519.99995067234,-204599.28147342405,299.5917408892199,146
41765000,83529.999950638,-202786.20461049862,303.66620325831565,146
41770000,83539.99995060365,-203432.38467885915,303.0775480367635,146
41775000,83549.99995056931,-203756.10170065134,302.43096627342385,146
41780000,83559.99995053497,-204139.18877202214,302.80679329020916,146
41785000,83569.99995050063,-204246.69916036213,295.56359344971946,146
41790000,83579.99995046628,-203727.5380626017,299.13099052659794,146
41795000,83589.99995043194,-204152.19503701362,298.814863953063,146
41800000,83599.9999503976,-203887.8203255192,299.0965739607491,146
41805000,83609.99995036326,-203867.8088097314,302.4234062016231,146
41810000,83619.99995032891,-204067.4435504499,301.3521597538032,146
41815000,83629.99995029457,-204206.84462775604,300.3933801766953,146
41820000,83639.99995026023,-202826.72754379455,301.46852889464077,146
41825000,83649.99995022589,-203927.46639974194,300.57360908656074,146
41830000,83659.99995019154,-203496.36060178594,298.1461456395489,146
41835000,83669.9999501572,-204099.75830316008,299.7402399285209,146
41840000,83679.99995012286,-204165.49352188513,299.6103872747747,146
41845000,83689.99995008852,-203723.92255399108,297.20487357349145,146
41850000,83699.99995005417,-204300.45598990854,300.5788652254579,146
41855000,83709.99995001983,-203847.9685439876,298.9842704245284,146
41860000,83719.99994998549,-204643.0825822153,298.055124723854,146
41865000,83729.99994995115,-203197.62763389735,294.4774208945516,146
41870000,83739.9999499168,-203468.98924516886,298.3628898430244,146
41875000,83749.99994988246,-203619.77687876567,297.9963079056838,146
41880000,83759.99994984812,-203859.41570581764,297.727549212783,146
41885000,83769.99994981378,-204084.66727056343,298.4313179299831,146
41890000,83779.99994977943,-203618.18068703904,300.29873304760184,146
41895000,83789.99994974509,-203937.26983333065,298.38311962343636,146
41900000,83799.99994971075,-203039.32969102648,303.3944906081425,146
41905000,83809.9999496764,-203830.05394594313,299.18165097969035,146
41910000,83819.99994964206,-203701.03711073066,300.9290638785695,146
41915000,83829.99994960772,-203296.90310432913,303.0736980502424,146
41920000,83839.99994957338,-203257.06241885806,302.82330996059534,146
41925000,83849.99994953904,-203053.73306795466,299.31637666563375,146
41930000,83859.9999495047,-204090.46616207587,299.75584953437345,146
41935000,83869.99994947035,-204209.55142079806,296.78142824907485,146
41940000,83879.99994943601,-203581.78524356277,299.95243894461737,146
41945000,83889.99994940167,-202784.17102228,302.05248268544887,146
41950000,83899.99994936732,-203974.74802328693,306.2365369505165,146
41955000,83909.99994933298,-203596.56517823332,297.9783043720365,146
41960000,83919.99994929864,-203699.25954230956,298.491621414713,146
41965000,83929.9999492643,-203589.63325638836,303.1571634161547,146
41970000,83939.99994922995,-204253.9121646901,298.1565550030474,146
41975000,83949.99994919561,-204276.4440624403,296.94416076661605,146
41980000,83959.99994916127,-203755.82599642524,303.5965814631707,146
41985000,83969.99994912693,-204412.53476171277,299.6422822476581,146
41990000,83979.99994909258,-203730.46781945985,300.2742510675331,146
41995000,83989.99994905824,-204695.0847759361,297.142696854414,146
42000000,83999.9999490239,-204144.9566582851,294.85772122189974,146
42005000,84009.99994898956,-203712.48774048046,301.1600584528577,146
42010000,84019.99994895521,-204016.87879697548,302.42955687782177,146
42015000,84029.99994892087,-204544.63667434396,298.7734040187668,146
42020000,84039.99994888653,-203993.10323354683,299.5891642937695,146
42025000,84049.99994885219,-203736.7081587225,300.8605562475403,146
42030000,84059.99994881784,-203894.658400325,297.93199164007984,146
42035000,84069.9999487835,-203131.7982559587,298.29520653358213,146
42040000,84079.99994874916,-203118.97525203472,302.19965019861866,146
42045000,84089.99994871482,-203491.60069404822,294.436514179282,146
42050000,84099.99994868047,-203977.21018412453,299.46611710544994,146
42055000,84109.99994864613,-204743.926199332,296.9705416624549,146
42060000,84119.99994861179,-203669.06176278612,301.59301454578866,146
42065000,84129.99994857745,-204061.6171485408,299.1401712393794,146
42070000,84139.9999485431,-204242.1935051207,298.9589567889981,146
42075000,84149.99994850876,-203860.1350634545,303.4217038420384,146
42080000,84159.99994847442,-203254.00196252903,299.35431945079773,146
42085000,84169.99994844008,-203917.237797754,295.46492559878493,146
42090000,84179.99994840573,-204353.8106306526,300.0559584286234,146
42095000,84189.99994837139,-203428.55966129946,296.1098704536642,146
42100000,84199.99994833705,-204013.34019049897,301.711891486,146
42105000,84209.9999483027,-204452.26597674924,300.9494022749571,146
42110000,84219.99994826836,-204079.4119542233,295.0501607847982,146
42115000,84229.99994823402,-203634.77076848818,302.58085538715903,146
42120000,84239.99994819968,-204051.748880174,302.31017019568156,146
42125000,84249.99994816534,-203680.33379376738,302.50993696278584,146
42130000,84259.999948131,-203969.86315616476,296.5932988429913,146
42135000,84269.99994809665,-204445.02590449713,301.11806824132873,146
42140000,84279.99994806231,-204343.3423078385,299.11163015358335,146
42145000,84289.99994802797,-203825.90670497436,297.85654152659276,146
42150000,84299.99994799362,-204131.75451242307,301.2553023222731,146
42155000,84309.99994795928,-203315.840186515,301.6038773866287,146
42160000,84319.99994792494,-204291.2389490765,300.07134489834266,146
42165000,84329.9999478906,-204147.72978348657,299.40619920337673,146
42170000,84339.99994785625,-203898.0132669888,295.86067657693764,146
42175000,84349.99994782191,-204836.2102079048,300.8282434281231,146
42180000,84359.99994778757,-203667.58472923108,300.69553005581673,146
42185000,84369.99994775323,-203943.48873012268,303.6778355611777,146
42190000,84379.99994771888,-203891.1649661254,301.3601081145099,146
42195000,84389.99994768454,-203699.82991359185,296.938062052816,146
42200000,84399.9999476502,-203337.79635287554,302.76232970515986,146
42205000,84409.99994761586,-203639.56214029074,307.38217588757817,146
42210000,84419.99994758151,-203728.88263574755,301.3671472825637,146
42215000,84429.99994754717,-204551.8564558326,298.20544127364036,146
42220000,84439.99994751283,-203682.31589665392,301.16578741831336,146
42225000,84449.99994747849,-203633.6300199296,303.7158102305065,146
42230000,84459.99994744414,-203371.3390619005,297.5180239643679,146
42235000,84469.9999474098,-203648.17467834987,305.990884650964,146
42240000,84479.99994737546,-204238.90121359227,301.1763315730997,146
42245000,84489.99994734112,-203409.47948738222,296.5299484396315,146
42250000,84499.99994730677,-204358.9448447103,302.94230134112223,146
42255000,84509.99994727243,-204316.61827502586,301.43681025312287,146
42260000,84519.99994723809,-203923.48188091384,301.8455128170302,146
42265000,84529.99994720375,-203504.2699821553,303.03562845114914,146
42270000,84539.9999471694,-204724.81650868908,297.22354719525276,146
42275000,84549.99994713506,-204063.5246531366,302.2211629552953,146
42280000,84559.99994710072,-204328.38069597923,299.680243602066,146
42285000,84569.99994706638,-203548.89236526447,304.9086719139898,146
42290000,84579.99994703203,-204030.41757458297,302.9997937350627,146
42295000,84589.99994699769,-204872.2456718356,295.8704986810125,146
42300000,84599.99994696335,-203977.57402643748,296.9466684245482,146
42305000,84609.999946929,-203309.63674887526,303.9940488471041,146
42310000,84619.99994689466,-204216.79443400516,301.62485229969326,146
42315000,84629.99994686032,-204217.36530168436,299.97388694999336,146
42320000,84639.99994682598,-203718.24629932176,299.6645954298006,146
42325000,84649.99994679164,-204275.1192730862,301.14344079044287,146
42330000,84659.99994675729,-204260.5091948189,297.2188979557883,146
42335000,84669.99994672295,-203806.4112343617,297.55806576006995,146
42340000,84679.99994668861,-204529.4095241431,302.97342356618526,146
42345000,84689.99994665426,-204331.8493841677,302.9893321825548,146
42350000,84699.99994661992,-203157.81248317286,301.85433022955556,146
42355000,84709.99994658558,-204018.39151228906,301.25906949974745,146
42360000,84719.99994655124,-204427.44529052183,298.9789844754937,146
42365000,84729.9999465169,-204427.3428061587,301.70716912139216,146
42370000,84739.99994648255,-204158.4480498759,303.4881942919373,146
42375000,84749.99994644821,-204344.92176950432,299.1730886811509,146
42380000,84759.99994641387,-204531.64129734784,300.7058663249777,146
42385000,84769.99994637952,-203600.38640315586,300.8068504102259,146
42390000,84779.99994634518,-204110.21818223235,310.0978294857784,146
42395000,84789.99994631084,-203725.89539369184,296.9378062368027,146
42400000,84799.9999462765,-203270.85486884834,303.58257826261456,146
42405000,84809.99994624215,-203621.40492222155,301.2571340110447,146
42410000,84819.99994620781,-204005.62733434618,302.80684152906485,146
42415000,84829.99994617347,-204603.76406185504,296.5166340574159,146
42420000,84839.99994613913,-204012.6676638032,294.7262964576189,146
42425000,84849.99994610478,-203502.6670820769,299.90138746070807,146
42430000,84859.99994607044,-203748.0809557374,296.21191061083283,146
42435000,84869.9999460361,-203689.94637958892,301.92860554911425,146
42440000,84879.99994600176,-203345.80923553964,297.17203890234714,146
42445000,84889.99994596741,-203232.03273097367,297.418567763509,146
42450000,84899.99994593307,-204553.2007535264,295.79588416261413,146
42455000,84909.99994589873,-203794.40794957068,297.49899259274673,146
42460000,84919.99994586439,-203816.09834116255,298.6917305741455,146
42465000,84929.99994583004,-204257.64835245162,302.6053889222976,146
42470000,84939.9999457957,-204186.1520195473,299.7180672896577,146
42475000,84949.99994576136,-203185.12725407456,302.33058272311473,146
42480000,84959.99994572702,-204051.27469381166,301.7993896530333,146
42485000,84969.99994569267,-204432.32747497398,302.5979640997826,146
42490000,84979.99994565833,-203397.8088589803,294.56928125201966,146
42495000,84989.99994562399,-204082.4864298614,297.0925108235656,146
42500000,84999.99994558965,-202930.11491940217,296.70344973078994,146
42505000,85009.9999455553,-203860.15075158945,295.01628596424246,146
42510000,85019.99994552096,-204551.60523040371,305.8239363837136,146
42515000,85029.99994548662,-203993.5265430078,302.0680531784036,146
42520000,85039.99994545228,-204143.55152124318,302.06053120628644,146
42525000,85049.99994541793,-203747.0472104093,300.2774767725286,146
42530000,85059.99994538359,-203920.10896380735,297.4720473571045,146
42535000,85069.99994534925,-205022.31840023643,303.92779183462494,146
42540000,85079.9999453149,-203496.61732951982,301.3795814075845,146
42545000,85089.99994528056,-204265.4151998182,303.1042978938393,146
42550000,85099.99994524622,-204176.10669431114,298.2330954405446,146
42555000,85109.99994521188,-203857.26806078816,297.8703520996569,146
42560000,85119.99994517754,-203752.1690872208,295.26799041050407,146
42565000,85129.9999451432,-204291.17397168186,298.4834000008582,146
42570000,85139.99994510885,-204416.2792493445,299.3596922063736,146
42575000,85149.99994507451,-204287.801123227,301.5122298035566,146
42580000,85159.99994504017,-204341.83721412218,299.3428500145892,146
42585000,85169.99994500582,-204137.1102368564,295.10445540367687,146
42590000,85179.99994497148,-203660.3107654606,297.7934832738126,146
42595000,85189.99994493714,-203765.1588075565,300.0508165697407,146
42600000,85199.9999449028,-204424.27830596513,299.8175246099723,146
42605000,85209.99994486845,-203849.93905829254,300.20949078252676,146
42610000,85219.99994483411,-203193.5680313746,300.57026032128226,146
42615000,85229.99994479977,-203276.48853012768,300.16299538525595,146
42620000,85239.99994476543,-204147.11281844252,303.13811302977086,146
42625000,85249.99994473108,-204457.99176337605,300.74990018263776,146
42630000,85259.99994469674,-203250.98617228377,298.8960708398179,146
42635000,85269.9999446624,-204151.01782657765,298.5091786647947,146
42640000,85279.99994462806,-203950.6379880181,299.450257747543,146
42645000,85289.99994459371,-204167.69232522522,298.03870168425516,146
42650000,85299.99994455937,-203560.080347214,305.4329175408704,146
42655000,85309.99994452503,-204180.71882015874,298.6327476638185,146
42660000,85319.99994449069,-203534.0339996236,295.7963043513894,146
42665000,85329.99994445634,-203729.1080882093,299.972721168573,146
42670000,85339.999944422,-204805.78040403302,299.9467957331149,146
42675000,85349.99994438766,-203718.71285189549,297.24578907408,146
42680000,85359.99994435332,-203511.3492254077,295.9590040508826,146
42685000,85369.99994431897,-203695.17038532847,305.66842120449746,146
42690000,85379.99994428463,-203917.0806513324,297.6045121160118,146
42695000,85389.99994425029,-204071.6910280718,301.80907181311073,146
42700000,85399.99994421595,-203727.58628791303,301.04994156826496,146
42705000,85409.9999441816,-203421.54706698947,302.22807836862984,146
42710000,85419.99994414726,-204266.49566818844,300.4116911302517,146
42715000,85429.99994411292,-204346.46010846982,298.4317318012583,146
42720000,85439.99994407858,-204022.53162391973,302.3026271518299,146
42725000,85449.99994404423,-204313.92821177444,303.68160543302616,146
42730000,85459.99994400989,-204273.26248296944,299.31992721854436,146
42735000,85469.99994397555,-203692.9290578917,306.5593006593851,146
42740000,85479.9999439412,-203336.12463485112,304.6972340875106,146
42745000,85489.99994390686,-203453.02519975835,302.6301663248824,146
42750000,85499.99994387252,-203654.12292749283,300.30750558070906,146
42755000,85509.99994383818,-204174.0249298571,295.5665786300956,146
42760000,85519.99994380384,-203539.60086727375,296.9277791854694,146
42765000,85529.9999437695,-204569.78148494672,302.1055402855511,146
42770000,85539.99994373515,-204508.77668201085,302.0954834576614,146
42775000,85549.99994370081,-203712.66786574887,299.65575757419083,146
42780000,85559.99994366647,-203649.35625622922,298.6338545630594,146
42785000,85569.99994363212,-204323.51538239967,299.85889165582137,146
42790000,85579.99994359778,-203582.59045909217,303.40191240501247,146
42795000,85589.99994356344,-204198.70471697126,298.32193838368136,146
42800000,85599.9999435291,-204503.1274041672,300.7825210214807,146
42805000,85609.99994349475,-204275.63908178068,298.76038488237714,146
42810000,85619.99994346041,-204314.7534974774,296.9890136374813,146
42815000,85629.99994342607,-204483.6201016279,301.0763080855862,146
42820000,85639.99994339173,-204467.7829424406,295.3660713825191,146
42825000,85649.99994335738,-204053.74031330424,304.60315092182464,146
42830000,85659.99994332304,-202992.48294865002,303.7981640925936,146
42835000,85669.9999432887,-204189.55982433027,299.78586392082235,146
42840000,85679.99994325436,-203554.7386702802,297.68789311992623,146
42845000,85689.99994322001,-203249.27448166197,301.40892302472014,146
42850000,85699.99994318567,-204024.93213171733,301.1145520229719,146
42855000,85709.99994315133,-203947.78169266845,300.97243845269884,146
42860000,85719.99994311699,-203885.97787000856,299.4436618723816,146
42865000,85729.99994308264,-203915.08605944016,299.5526344127357,146
42870000,85739.9999430483,-203473.8643265895,299.942949449362,146
42875000,85749.99994301396,-203332.6204740532,305.85967980044865,146
42880000,85759.99994297962,-204798.2325173614,296.19116442945796,146
42885000,85769.99994294527,-204258.60877181415,295.60818872919674,146
42890000,85779.99994291093,-203489.33138910763,304.74015270854244,146
42895000,85789.99994287659,-203665.57041695947,299.43821869692846,146
42900000,85799.99994284225,-203236.47907491808,300.80661520661437,146
42905000,85809.9999428079,-203825.7601929215,300.6907354357199,146
42910000,85819.99994277356,-204431.49015902786,302.0579669804743,146
42915000,85829.99994273922,-203520.2207674567,304.6948133671249,146
42920000,85839.99994270488,-204021.51733544644,300.8634425276596,146
42925000,85849.99994267053,-204146.50329817005,300.21848800508485,146
42930000,85859.99994263619,-204067.2113582018,302.6306059425699,146
42935000,85869.99994260185,-204069.34971251956,302.12330848267413,146
42940000,85879.9999425675,-204617.73697617324,301.4213238363431,146
42945000,85889.99994253316,-203536.6365253888,296.30099248410636,146
42950000,85899.99994249882,-203840.62250865065,300.56900120943385,146
42955000,85909.99994246448,-203521.67697541812,295.8473205675973,146
42960000,85919.99994243013,-203702.41142988123,301.4467095284459,146
42965000,85929.99994239579,-203776.38949217775,302.2149762042724,146
42970000,85939.99994236145,-203699.01112889207,303.1820608366798,146
42975000,85949.99994232711,-203332.98765744234,300.48055878732043,146
42980000,85959.99994229276,-203442.7737372166,298.56644055914495,146
42985000,85969.99994225842,-203999.03724096087,292.5377722756712,146
42990000,85979.99994222408,-204364.3072155679,298.7975779249044,146
42995000,85989.99994218974,-203884.5346499643,301.67301252927194,146
43000000,85999.9999421554,-204293.3725279892,297.62365478763195,146
43005000,86009.99994212105,-204298.61537441867,299.5373106828764,146
43010000,86019.99994208671,-203805.66956711537,303.84513989691646,146
43015000,86029.99994205237,-203442.3684699526,297.6418702968539,146
43020000,86039.99994201802,-203725.6146166986,300.07697469588004,146
43025000,86049.99994198368,-203288.13360238378,303.095891686066,146
43030000,86059.99994194934,-204050.9566178337,302.6603407172524,146
43035000,86069.999941915,-204176.4803342023,299.56024079034836,146
43040000,86079.99994188065,-204221.69136853167,302.22621759347453,146
43045000,86089.99994184631,-203980.98964018212,300.7521776638806,146
43050000,86099.99994181197,-203698.48446499475,298.37416421283694,146
43055000,86109.99994177763,-204068.5956380096,299.15430215921265,146
43060000,86119.99994174328,-204412.66041576606,303.52634206839457,146
43065000,86129.99994170894,-203203.2959186926,298.0138667116758,146
43070000,86139.9999416746,-204006.44474753411,302.0068669593555,146
43075000,86149.99994164026,-203726.93828164414,299.6438003034007,146
43080000,86159.99994160591,-203081.3827418657,299.95645677527943,146
43085000,86169.99994157157,-203899.3763515303,300.3125760325558,146
43090000,86179.99994153723,-204287.80621119228,298.4050792454531,146
43095000,86189.99994150289,-203811.58764985425,297.2703903573128,146
43100000,86199.99994146854,-204489.6427347751,301.54146812978024,146
43105000,86209.9999414342,-204865.2697967554,299.0930484533451,146
43110000,86219.99994139986,-203406.76419023797,296.8180481570924,146
43115000,86229.99994136552,-203543.25091019913,300.83337699191645,146
43120000,86239.99994133117,-203416.48795954452,303.75882417538094,146
43125000,86249.99994129683,-203682.42776073213,302.62625955060275,146
43130000,86259.99994126249,-204082.27936676226,297.4717026105778,146
43135000,86269.99994122815,-203615.5942879474,300.8570202983541,146
43140000,86279.9999411938,-204316.8282416641,297.4210490351112,146
43145000,86289.99994115946,-203918.80143309885,300.0577347749438,146
43150000,86299.99994112512,-204116.5921392138,296.2288279269879,146
43155000,86309.99994109078,-204486.58933892322,301.78180796952614,146
43160000,86319.99994105643,-203871.56735828845,299.4652128429044,146
43165000,86329.99994102209,-204364.91059315053,303.1888929665314,146
43170000,86339.99994098775,-203728.91161850083,298.1549701269882,146
43175000,86349.9999409534,-203473.4918558466,300.98264515904424,146
43180000,86359.99994091906,-203671.48877155094,302.1843673828266,146
43185000,86369.99994088472,-203615.04195919738,301.08490563427,146
43190000,86379.99994085038,-204215.68630583654,297.2685060912933,146
43195000,86389.99994081604,-204529.1013075303,301.9210665732972,146
43200000,86399.9999407817,-203572.1261094882,299.06552901806674,146
43205000,86409.99994074735,-204508.74017069966,298.78604419739685,146
43210000,86419.99994071301,-203634.6993404138,302.27524888615915,146
43215000,86429.99994067867,-203607.73776325653,300.2852746125592,146
43220000,86439.99994064432,-203709.99594934518,304.0114696932874,146
43225000,86449.99994060998,-203697.5772182031,299.5845037686393,146
43230000,86459.99994057564,-204692.98183201754,299.2565235663623,146
43235000,86469.9999405413,-203156.0814816485,302.25395649296325,146
43240000,86479.99994050695,-203883.30401031591,303.9962475303876,146
43245000,86489.99994047261,-204142.2544899576,296.3153416362399,146
43250000,86499.99994043827,-203697.6009048092,297.84414451260636,146
43255000,86509.99994040393,-203265.62527798943,301.81312530812585,146
43260000,86519.99994036958,-205702.37889572338,299.81852937549036,146
43265000,86529.99994033524,-204800.63229481922,300.65827541062976,146
43270000,86539.9999403009,-203767.71049101686,301.05749401514237,146
43275000,86549.99994026656,-203911.2019800581,306.9314538930676,146
43280000,86559.99994023221,-203834.8865209286,299.44174356102576,146
43285000,86569.99994019787,-202958.14001354226,302.66736817942257,146
43290000,86579.99994016353,-204453.9919326892,301.76973135281037,146
43295000,86589.99994012919,-203429.97881113086,298.46445846582725,146
43300000,86599.99994009484,-203419.89755862358,299.7641793668046,146
43305000,86609.9999400605,-204444.5773749433,298.4635927871649,146
43310000,86619.99994002616,-203569.23377418518,297.81251239226805,146
43315000,86629.99993999182,-203451.52477954433,302.59871092648865,146
43320000,86639.99993995747,-203584.48600199528,302.2357652881382,146
43325000,86649.99993992313,-204533.14548863715,300.6895273726455,146
43330000,86659.99993988879,-203950.58054441342,298.4345245357162,146
43335000,86669.99993985445,-203448.67738668097,301.5038389786324,146
43340000,86679.9999398201,-204502.01354875567,304.7272344324198,146
43345000,86689.99993978576,-203268.6382613472,296.5064724924175,146
43350000,86699.99993975142,-203882.0088459755,299.9366911704608,146
43355000,86709.99993971708,-204054.66641946835,298.7951236155707,146
43360000,86719.99993968273,-203912.2673594465,298.2401018307789,146
43365000,86729.99993964839,-204305.94028130884,302.75096657189124,146
43370000,86739.99993961405,-203238.61674454086,300.83414586422106,146
43375000,86749.9999395797,-204396.8635459519,301.1513437062268,146
43380000,86759.99993954536,-204179.617821321,306.1421100576466,146
43385000,86769.99993951102,-203910.7789561533,302.7204959010566,146
43390000,86779.99993947668,-205008.50020857016,299.78066784139395,146
43395000,86789.99993944234,-203432.49721351347,301.3954740557825,146
43400000,86799.999939408,-203403.7573242921,300.1385925118673,146
43405000,86809.99993937365,-204684.48500025237,298.1047493017769,146
43410000,86819.99993933931,-203721.06052783085,296.9801069277651,146
43415000,86829.99993930497,-203430.75422138523,301.24643936255495,146
43420000,86839.99993927062,-203415.98898163764,303.11296488625453,146
43425000,86849.99993923628,-204115.6927833401,299.4638829835569,146
43430000,86859.99993920194,-204160.16536514985,303.13895229901567,146
43435000,86869.9999391676,-204374.98448228405,299.7746191518056,146
43440000,86879.99993913325,-203856.52023111004,298.0300126560994,146
43445000,86889.99993909891,-204213.81704847282,298.0153499753907,146
43450000,86899.99993906457,-204181.9719620319,302.4972549106993,146
43455000,86909.99993903023,-204087.1430356534,300.2433370162866,146
43460000,86919.99993899588,-204048.64986824384,300.134194268708,146
43465000,86929.99993896154,-204495.66664249264,302.8807616442739,146
43470000,86939.9999389272,-203499.41163566278,302.35503650752145,146
43475000,86949.99993889286,-204209.14595077862,299.3116010033645,146
43480000,86959.99993885851,-204083.01989481284,299.8076778705029,146
43485000,86969.99993882417,-203591.17540389986,297.14510629692643,146
43490000,86979.99993878983,-204522.51089000946,301.7562704243185,146
43495000,86989.99993875549,-203913.3554248974,295.72372000747555,146
43500000,86999.99993872114,-204607.82762732834,304.2909590154564,146
43505000,87009.9999386868,-204954.5234833985,298.21813456527093,146
43510000,87019.99993865246,-203910.72707843606,304.381612528851,146
43515000,87029.99993861812,-203649.9640550305,298.35353976747666,146
43520000,87039.99993858377,-203200.40969919797,301.83110814662155,146
43525000,87049.99993854943,-203227.0925225371,296.9906319109369,146
43530000,87059.99993851509,-203799.95516977028,296.7063430994015,146
43535000,87069.99993848075,-202872.63754826225,302.32761135796426,146
43540000,87079.9999384464,-202945.19361161953,295.9095072419302,146
43545000,87089.99993841206,-204782.03202911094,301.3831114752994,146
43550000,87099.99993837772,-203408.4327923857,299.6060276807425,146
43555000,87109.99993834338,-203097.7680334315,302.3097616574684,146
43560000,87119.99993830903,-203099.709297542,298.960289621513,146
43565000,87129.99993827469,-203666.77670035395,305.91583532642807,146
43570000,87139.99993824035,-203216.4665805871,303.7431058039292,146
43575000,87149.999938206,-204363.5801735617,302.3354737899224,146
43580000,87159.99993817166,-204334.8641344863,302.7913322474927,146
43585000,87169.99993813732,-204428.40955206798,295.4498018258003,146
43590000,87179.99993810298,-204286.79778980755,302.70765046289347,146
43595000,87189.99993806863,-203237.86477492645,297.9438002509006,146
43600000,87199.99993803429,-203441.07383387582,300.54940588533725,146
43605000,87209.99993799995,-203223.5723365791,302.9543878103729,146
43610000,87219.99993796561,-203988.24008246872,297.7968637975408,146
43615000,87229.99993793126,-205160.7908484562,303.82515590256753,146
43620000,87239.99993789692,-203594.40640901693,298.7469080486394,146
43625000,87249.99993786258,-203796.95424541377,300.21154607646616,146
43630000,87259.99993782824,-203797.33828724374,296.7349108411812,146
43635000,87269.9999377939,-203277.58835342037,296.6644783063357,146
43640000,87279.99993775955,-203514.7642726577,300.3153218698203,146
43645000,87289.99993772521,-204580.00091886392,300.37211180284856,146
43650000,87299.99993769087,-204066.77081519435,298.65634900311625,146
43655000,87309.99993765652,-204438.29279260256,298.7883229782859,146
43660000,87319.99993762218,-204010.99348304106,298.59343518362937,146
43665000,87329.99993758784,-203370.03036130965,301.9215616713281,146
43670000,87339.9999375535,-204387.31931155035,301.3487646924903,146
43675000,87349.99993751915,-204952.51203779702,299.9278328459921,146
43680000,87359.99993748481,-203544.18073569844,297.253749031372,146
43685000,87369.99993745047,-203526.34805186593,302.0592808829032,146
43690000,87379.99993741613,-204043.39581619087,296.1450154730567,146
43695000,87389.99993738178,-203802.51358578238,302.55899935719054,146
43700000,87399.99993734744,-204108.04071707092,301.9227585499146,146
43705000,87409.9999373131,-204011.646791877,299.6660463778637,146
43710000,87419.99993727876,-204281.86829261447,305.310985588371,146
43715000,87429.99993724441,-204630.3466270346,302.4252532204429,146
43720000,87439.99993721007,-204288.34252944298,295.64964885370665,146
43725000,87449.99993717573,-203949.78640150407,296.2389898263384,146
43730000,87459.99993714139,-204159.73354920407,300.4871570320936,146
43735000,87469.99993710704,-204604.21416962543,301.841502063953,146
43740000,87479.9999370727,-203755.5112999013,301.64663364767335,146
43745000,87489.99993703836,-203839.49673710996,300.82511722528193,146
43750000,87499.99993700402,-204861.51804048324,297.38613493422116,146
43755000,87509.99993696967,-203714.27259921737,301.8483837434053,146
43760000,87519.99993693533,-203921.30663332308,300.54557190566476,146
43765000,87529.99993690099,-203657.76185046823,298.3048214500244,146
43770000,87539.99993686665,-203319.39713128156,303.0741274955009,146
43775000,87549.9999368323,-204396.40518623672,299.6124253326376,146
43780000,87559.99993679796,-203729.02413717413,301.5217109146281,146
43785000,87569.99993676362,-204203.59307421022,298.06798990247864,146
43790000,87579.99993672928,-204207.91609570198,301.2905841881375,146
43795000,87589.99993669493,-203361.9343963574,300.70121347307975,146
43800000,87599.99993666059,-203909.75621380925,297.43861682796825,146
43805000,87609.99993662625,-204212.55093348247,298.8562838573457,146
43810000,87619.9999365919,-204256.59882250463,300.9265237543421,146
43815000,87629.99993655756,-203976.51999793178,301.8711727734517,146
43820000,87639.99993652322,-203323.14113568992,305.0221023728685,146
43825000,87649.99993648888,-203658.35868106422,301.0116603680504,146
43830000,87659.99993645454,-203631.12598371983,295.6478582745428,146
43835000,87669.9999364202,-204543.7792081869,302.79923150544437,146
43840000,87679.99993638585,-203523.45263751026,301.06235405374855,146
43845000,87689.99993635151,-204593.8252231729,296.36184346364223,146
43850000,87699.99993631717,-203966.54621044768,301.6012558722474,146
43855000,87709.99993628282,-203789.21326851775,298.5456045173317,146
43860000,87719.99993624848,-203403.0129349695,306.3842811260146,146
43865000,87729.99993621414,-203656.7237642937,295.5846936263444,146
43870000,87739.9999361798,-203892.6241605986,301.62692980703224,146
43875000,87749.99993614545,-203443.54914451763,305.64160462545374,146
43880000,87759.99993611111,-203585.25143078552,304.0164256664465,146
43885000,87769.99993607677,-203772.13211938262,304.27779946696126,146
43890000,87779.99993604243,-204255.2081029826,300.08351023128176,146
43895000,87789.99993600808,-204136.55706552148,303.0008978615582,146
43900000,87799.99993597374,-203759.5839176029,302.09209959424,146
43905000,87809.9999359394,-203599.04843216785,303.7267940601942,146
43910000,87819.99993590506,-203553.32536078093,302.85969090096194,146
43915000,87829.99993587071,-204221.2580705646,299.047306207733,146
43920000,87839.99993583637,-203450.80833356164,298.5198754123486,146
43925000,87849.99993580203,-204419.032586233,300.6041770922144,146
43930000,87859.99993576769,-204163.1086093213,300.5533238862975,146
43935000,87869.99993573334,-203308.11283512728,299.45946813183076,146
43940000,87879.999935699,-204116.5740963301,300.7164206653554,146
43945000,87889.99993566466,-203738.9469695175,301.19886368618626,146
43950000,87899.99993563032,-204462.5116046985,299.6597359021005,146
43955000,87909.99993559597,-204371.5676299571,301.4105325384026,146
43960000,87919.99993556163,-204112.43209331366,302.97457271986883,146
43965000,87929.99993552729,-204005.09986352792,303.09892172378983,146
43970000,87939.99993549295,-203453.58948253142,301.3032516200911,146
43975000,87949.9999354586,-204360.3141195029,300.6330288852601,146
43980000,87959.99993542426,-204213.18394079886,300.7890657797247,146
43985000,87969.99993538992,-203757.73426406563,302.3325150770911,146
43990000,87979.99993535558,-204348.211395005,301.2358028862472,146
43995000,87989.99993532123,-204734.10444203543,300.80194647814193,146
44000000,87999.99993528689,-203518.9038076402,295.8805414632769,146
44005000,88009.99993525255,-203756.91634842602,298.7964307572637,146
44010000,88019.9999352182,-204030.98199545813,299.2510635787564,146
44015000,88029.99993518386,-203540.39152530697,294.44843816922065,146
44020000,88039.99993514952,-203362.20893977117,300.90930231974016,146
44025000,88049.99993511518,-203765.48085193802,301.8818613861415,146
44030000,88059.99993508084,-203849.24104547023,301.1230311412722,146
44035000,88069.9999350465,-202664.72002509492,297.88954806807703,146
44040000,88079.99993501215,-203919.80791955243,301.30535370434563,146
44045000,88089.99993497781,-203718.365713323,300.48224200065107,146
44050000,88099.99993494347,-204423.10362558137,298.14357272183014,146
44055000,88109.99993490912,-203462.71780865965,297.3200701658527,146
44060000,88119.99993487478,-203730.12129598227,305.0126474424884,146
44065000,88129.99993484044,-203322.96389925713,302.4661947754393,146
44070000,88139.9999348061,-204207.9135405192,304.3516863048493,146
44075000,88149.99993477175,-202984.79116915993,304.83709812332336,146
44080000,88159.99993473741,-203420.33981396514,297.73546069770936,146
44085000,88169.99993470307,-203639.98991608305,298.81799808361944,146
44090000,88179.99993466873,-203907.9927684582,292.58837818653143,146
44095000,88189.99993463438,-203337.55244293693,299.2720512094649,146
44100000,88199.99993460004,-204196.5034643208,302.3690268847866,146
44105000,88209.9999345657,-204261.55244184087,301.1242665647328,146
44110000,88219.99993453136,-203768.22568245686,299.614499133081,146
44115000,88229.99993449701,-204103.8997967192,298.79717928096034,146
44120000,88239.99993446267,-204022.5559562915,303.7037647289561,146
44125000,88249.99993442833,-204509.0896037561,301.69514716662735,146
44130000,88259.99993439399,-203638.99925873114,301.4551845359432,146
44135000,88269.99993435964,-203478.58974264143,303.3531051159987,146
44140000,88279.9999343253,-204166.71514919773,300.21822890579585,146
44145000,88289.99993429096,-203716.4317979113,297.5630981285354,146
44150000,88299.99993425662,-204325.67754770373,300.20160776757496,146
44155000,88309.99993422227,-203579.76429532084,300.2036504619071,146
44160000,88319.99993418793,-203933.37171793287,295.61863749690343,146
44165000,88329.99993415359,-203278.63065993576,300.27320201872317,146
44170000,88339.99993411925,-203073.34732982458,299.26676839763735,146
44175000,88349.9999340849,-203272.96123779146,302.81019185802114,146
44180000,88359.99993405056,-203572.0732015709,297.36748364384465,146
44185000,88369.99993401622,-203222.44300202234,293.4541950032586,146
44190000,88379.99993398188,-203927.08642826194,303.35731315440637,146
44195000,88389.99993394753,-203583.371108021,299.82950967864934,146
44200000,88399.99993391319,-203366.62911089777,296.42506325640767,146
44205000,88409.99993387885,-204354.61200251232,301.94997895521425,146
44210000,88419.9999338445,-203816.19481514767,301.55825565127844,146
44215000,88429.99993381016,-203338.0928926831,298.3317532903766,146
44220000,88439.99993377582,-203865.88694864768,296.50481647048616,146
44225000,88449.99993374148,-204200.45586950495,300.7975770570872,146
44230000,88459.99993370713,-203886.4423309951,303.24990373496064,146
44235000,88469.99993367279,-204273.61416126578,301.64832263175765,146
44240000,88479.99993363845,-203325.1217052607,301.8408745010231,146
44245000,88489.99993360411,-203673.25997601543,299.18697710187035,146
44250000,88499.99993356976,-204246.30898807,301.1633741631948,146
44255000,88509.99993353542,-203209.24532755872,302.83796284730926,146
44260000,88519.99993350108,-203948.56623606966,299.83143541164566,146
44265000,88529.99993346674,-204676.0654664227,300.5059958646201,146
44270000,88539.9999334324,-204413.0288202403,301.59169223091374,146
44275000,88549.99993339805,-203890.83896472934,300.0558630132027,146
44280000,88559.99993336371,-204161.7612281586,298.65776680301406,146
44285000,88569.99993332937,-203668.51388631016,299.4892403404482,146
44290000,88579.99993329502,-204271.57008574088,301.9160264770892,146
44295000,88589.99993326068,-203373.8818311015,296.6780663125289,146
44300000,88599.99993322634,-202899.30581707577,302.38309224384534,146
44305000,88609.999933192,-202572.09268740576,302.45787532102895,146
44310000,88619.99993315765,-204396.39628491504,300.5650768710293,146
44315000,88629.99993312331,-203518.37845972506,301.26530291633634,146
44320000,88639.99993308897,-203346.64922836842,301.2187113599921,146
44325000,88649.99993305463,-204222.30474165303,303.073819978109,146
44330000,88659.99993302028,-204326.88757283112,301.1228214074835,146
44335000,88669.99993298594,-204119.39942616224,301.39980636479794,146
44340000,88679.9999329516,-204623.47944243823,303.9635466981446,146
44345000,88689.99993291726,-204083.52048647357,298.49196304077446,146
44350000,88699.99993288291,-204593.80473488104,296.613287125514,146
44355000,88709.99993284857,-203794.23539168516,293.6606597748519,146
44360000,88719.99993281423,-204044.2151849192,306.4877475356518,146
44365000,88729.99993277989,-204035.06371836888,298.72056918211314,146
44370000,88739.99993274554,-203842.64394856256,297.2731887021212,146
44375000,88749.9999327112,-204096.92164182477,297.8062294143665,146
44380000,88759.99993267686,-203918.30397302413,299.11544036306987,146
44385000,88769.99993264252,-204253.19758889556,301.3778504850021,146
44390000,88779.99993260817,-203519.63924694725,299.0389863492733,146
44395000,88789.99993257383,-203781.6604690738,294.4670228765592,146
44400000,88799.99993253949,-203702.4034032597,298.3853291410824,146
44405000,88809.99993250515,-204593.39434972976,296.7368335008704,146
44410000,88819.9999324708,-203397.64362358896,299.1665075778539,146
44415000,88829.99993243646,-204168.4362328417,295.10116728328603,146
44420000,88839.99993240212,-204602.32527185755,302.57241608804577,146
44425000,88849.99993236778,-203788.24910516082,301.0938032271629,146
44430000,88859.99993233343,-203912.9652992224,301.48940754254005,146
44435000,88869.99993229909,-203918.24278555706,295.7253795645931,146
44440000,88879.99993226475,-203791.74929195072,301.6108231142128,146
44445000,88889.9999322304,-204908.81430945022,297.2149255211812,146
44450000,88899.99993219606,-203362.96894925262,306.8089199502533,146
44455000,88909.99993216172,-203865.39144716004,301.86269222813627,146
44460000,88919.99993212738,-203770.76486909424,296.92110868383395,146
44465000,88929.99993209304,-204049.2463904589,298.4897755499432,146
44470000,88939.9999320587,-203291.28354927606,300.5560293728443,146
44475000,88949.99993202435,-204353.53443653218,301.1151784657843,146
44480000,88959.99993199001,-204046.56036587874,301.2970680563585,145
44485000,88969.99993195567,-204008.71823595325,308.1725536589494,145
44490000,88979.99993192132,-203699.7263866762,301.04798828188257,145
44495000,88989.99993188698,-203977.00478864717,305.52710728353736,145
44500000,88999.99993185264,-203675.21056968195,298.59013517070764,145
44505000,89009.9999318183,-204494.09544470918,298.6121207482587,145
44510000,89019.99993178395,-203522.64711944968,300.83285052348003,145
44515000,89029.99993174961,-203744.98288624932,304.2085191643468,145
44520000,89039.99993171527,-203648.9826749136,299.8677034799091,145
44525000,89049.99993168093,-203839.30568229593,298.27405108101243,145
44530000,89059.99993164658,-203679.9227233138,299.6009840297504,145
44535000,89069.99993161224,-204268.8481876161,298.14072824027016,145
44540000,89079.9999315779,-203634.92988411093,300.67101661047934,145
44545000,89089.99993154356,-203461.2978588565,299.5846532411252,145
44550000,89099.99993150921,-204127.02919862547,299.576646567812,145
44555000,89109.99993147487,-204073.1796546036,299.5954574519055,145
44560000,89119.99993144053,-203902.3645626041,303.9137635083931,145
44565000,89129.99993140619,-203979.42198172782,296.47599325241055,145
44570000,89139.99993137184,-204085.73758453235,301.70681070346126,145
44575000,89149.9999313375,-204118.97681039583,298.25767940372555,145
44580000,89159.99993130316,-204511.6615193215,300.12454438016965,145
44585000,89169.99993126882,-203928.6096206283,297.8897149685464,145
44590000,89179.99993123447,-204001.28993534134,299.5773097948912,145
44595000,89189.99993120013,-203599.64851178555,303.51783310065383,145
44600000,89199.99993116579,-204534.46174258576,301.29278542274443,145
44605000,89209.99993113145,-203931.301404404,302.1826374010831,145
44610000,89219.9999310971,-203825.6682513191,298.69476696492126,145
44615000,89229.99993106276,-203944.04545222968,297.59013383765927,145
44620000,89239.99993102842,-204066.1527187418,295.5068429181406,145
44625000,89249.99993099408,-204428.53807748284,305.1598217935211,145
44630000,89259.99993095973,-204961.1232258575,302.8756154720882,145
44635000,89269.99993092539,-203660.2993948845,302.914646102522,145
44640000,89279.99993089105,-204120.3734437212,303.304312520571,145
44645000,89289.9999308567,-202293.38183726545,301.80240078780713,145
44650000,89299.99993082236,-203972.30096830754,295.7686284448977,145
44655000,89309.99993078802,-204893.77096906747,303.08209085093716,145
44660000,89319.99993075368,-203542.65519640397,298.43330595984423,145
44665000,89329.99993071934,-204207.83386617783,295.03926388047023,145
44670000,89339.999930685,-203898.64070058055,298.4891846636653,145
44675000,89349.99993065065,-204260.6827592781,299.3171473726205,145
44680000,89359.99993061631,-203193.26005251438,299.9845456422002,145
44685000,89369.99993058197,-204434.79635781096,300.59171251849136,145
44690000,89379.99993054762,-203935.81568447768,303.66775345288494,145
44695000,89389.99993051328,-204214.32876420685,303.5972895134815,145
44700000,89399.99993047894,-203153.57310320425,302.4329654918998,145
44705000,89409.9999304446,-204032.51555151946,303.2541195705206,145
44710000,89419.99993041025,-204487.7614055972,300.40517998418994,145
44715000,89429.99993037591,-204011.02693136118,300.45305602016174,145
44720000,89439.99993034157,-203743.64508634026,303.43988198069536,145
44725000,89449.99993030723,-203932.1503345858,301.9458163868257,145
44730000,89459.99993027288,-204444.85981811665,300.56324947683953,145
44735000,89469.99993023854,-204153.50672822515,299.8703386948065,145
44740000,89479.9999302042,-204103.79425270238,298.4464495541393,145
44745000,89489.99993016986,-203305.83491257438,297.3946610916239,145
44750000,89499.99993013551,-204161.8886218582,301.0175992195921,145
44755000,89509.99993010117,-203950.46439990343,305.1736881338912,145
44760000,89519.99993006683,-204082.47401431343,305.1851678515816,145
44765000,89529.99993003249,-203352.946010196,300.57767315325975,145
44770000,89539.99992999814,-204100.43014689104,299.88518454475815,145
44775000,89549.9999299638,-203923.06535891443,299.84090230162803,145
44780000,89559.99992992946,-203930.41369797988,296.23529830376367,145
44785000,89569.99992989512,-203508.49832041084,298.9304389189297,145
44790000,89579.99992986077,-203044.9864650087,305.36558625276524,145
44795000,89589.99992982643,-203939.73033961817,298.0218082669716,145
44800000,89599.99992979209,-203997.16006393277,301.1655895309479,145
44805000,89609.99992975775,-203730.16075967555,302.31683857613945,145
44810000,89619.9999297234,-204134.96627708187,304.9882473410172,145
44815000,89629.99992968906,-202906.26803411904,296.9663947352916,145
44820000,89639.99992965472,-203491.76944074524,302.3413647000963,145
44825000,89649.99992962038,-204894.01451616443,301.27038984574267,145
44830000,89659.99992958603,-203461.15070139756,303.3210716313674,145
44835000,89669.99992955169,-204384.66664807743,301.68240159104835,145
44840000,89679.99992951735,-203756.81317895825,302.1931197428911,145
44845000,89689.999929483,-204350.49190567376,298.30072405056086,145
44850000,89699.99992944866,-203601.2801642808,303.01654976799506,145
44855000,89709.99992941432,-203275.62803633697,296.6529511634474,145
44860000,89719.99992937998,-204046.25553488825,301.9034330966293,145
44865000,89729.99992934563,-204078.44462977175,301.4638646100895,145
44870000,89739.99992931129,-204134.4256815581,306.7329634926008,145
44875000,89749.99992927695,-203649.97305193043,300.68452250243405,145
44880000,89759.99992924261,-204275.97316145594,299.9872393517951,145
44885000,89769.99992920826,-203215.45343996852,301.3428765249376,145
44890000,89779.99992917392,-204322.7460518555,300.6502585328546,145
44895000,89789.99992913958,-203812.6942741524,299.4184802751901,145
44900000,89799.99992910524,-203806.03768748243,301.34199930510164,145
44905000,89809.9999290709,-203858.57196291245,297.25937037557213,145
44910000,89819.99992903655,-204051.4932331778,296.84392350461513,145
44915000,89829.99992900221,-202790.8026685702,303.3063074595334,145
44920000,89839.99992896787,-203923.74313204596,304.6168705714663,145
44925000,89849.99992893352,-203892.19303513493,303.31023573337836,145
44930000,89859.99992889918,-204701.62296581746,300.72616164219505,145
44935000,89869.99992886484,-203792.18224425276,300.05977251733174,145
44940000,89879.9999288305,-203113.35087008472,298.57288778996246,145
44945000,89889.99992879615,-203829.9825342329,301.0486747038573,145
44950000,89899.99992876181,-203199.80643633497,298.3245088320761,145
44955000,89909.99992872747,-204112.2132851407,302.70756001254546,145
44960000,89919.99992869313,-202856.7897968893,303.83447381660386,145
44965000,89929.99992865878,-203687.0728269684,301.58242127979855,145
44970000,89939.99992862444,-203832.61335508665,298.23431271879645,145
44975000,89949.9999285901,-204022.79330384755,298.4982202603787,145
44980000,89959.99992855576,-203740.1637023756,303.24873886425513,145
44985000,89969.99992852141,-204077.8483001202,296.48951102245155,145
44990000,89979.99992848707,-203048.35333140858,297.41911676720946,145
44995000,89989.99992845273,-204619.2384540881,294.84089209147817,145
45000000,89999.99992841839,-203641.57614682126,299.33033721690805,145
45005000,90009.99992838404,-204330.9878401406,298.8687179718666,145
45010000,90019.9999283497,-203850.5436566365,302.96151339228095,145
45015000,90029.99992831536,-203969.7127971222,299.54510882433436,145
45020000,90039.99992828102,-204487.68398857454,302.2913170093784,145
45025000,90049.99992824667,-203540.09135352168,299.1421377025636,145
45030000,90059.99992821233,-203464.25451151503,302.7965361991203,145
45035000,90069.99992817799,-204028.63282274024,296.3809577491223,145
45040000,90079.99992814365,-204039.54382709356,300.66095398054347,145
45045000,90089.9999281093,-203806.91877420328,304.6205080678882,145
45050000,90099.99992807496,-203663.33286244015,302.40352915890753,145
45055000,90109.99992804062,-204231.62031810195,300.05677990512953,145
45060000,90119.99992800628,-204809.69384974777,293.45006443165533,145
45065000,90129.99992797193,-203969.72833945544,302.7011787280786,145
45070000,90139.99992793759,-203478.82552663772,302.4723751469673,145
45075000,90149.99992790325,-204198.4370585773,299.58345632680505,145
45080000,90159.9999278689,-204115.80597214226,300.8404034630036,145
45085000,90169.99992783456,-204524.18315546564,298.93963854959475,145
45090000,90179.99992780022,-203604.52151017566,298.15712776914893,145
45095000,90189.99992776588,-203721.86893732205,294.3695746751288,145
45100000,90199.99992773154,-203237.8102925975,298.71247525557186,145
45105000,90209.9999276972,-203817.42842170421,300.1505845618348,145
45110000,90219.99992766285,-204377.72296435712,295.5295936048066,145
45115000,90229.99992762851,-203371.964703887,302.81060503192475,145
45120000,90239.99992759417,-204103.13085052324,300.5356932397866,145
45125000,90249.99992755982,-204165.22247985343,301.80548336056654,145
45130000,90259.99992752548,-203446.44880482182,299.2662396253956,145
45135000,90269.99992749114,-204128.622344158,300.89207608713383,145
45140000,90279.9999274568,-204262.3816200589,299.1335596541623,145
45145000,90289.99992742245,-203888.60803168046,303.4462371985886,145
45150000,90299.99992738811,-204173.71247681056,305.10184609166623,145
45155000,90309.99992735377,-204466.6268346518,300.17923147222996,145
45160000,90319.99992731943,-203934.80580369954,301.07765089253655,145
45165000,90329.99992728508,-203440.80057559302,301.73411624455696,145
45170000,90339.99992725074,-203241.43026531104,300.90794639193757,145
45175000,90349.9999272164,-203505.0897757071,303.4031112851819,145
45180000,90359.99992718206,-203745.1803038409,304.05049756048135,145
45185000,90369.99992714771,-203923.46182040405,297.4617694219819,145
45190000,90379.99992711337,-203465.03947908874,296.7474153679117,145
45195000,90389.99992707903,-204302.23286973604,299.0489511998522,145
45200000,90399.99992704469,-203749.37998693914,300.39054871357337,145
45205000,90409.99992701034,-204590.74449036247,301.1844564290245,145
45210000,90419.999926976,-203807.0194997372,299.28281967668613,145
45215000,90429.99992694166,-204316.36411161057,299.13758824274754,145
45220000,90439.99992690732,-203073.2849130918,297.9695753388012,145
45225000,90449.99992687297,-204193.53842325287,306.30842255545315,145
45230000,90459.99992683863,-204009.50883162627,299.4431746970502,145
45235000,90469.99992680429,-203958.04853102635,296.18578485177363,145
45240000,90479.99992676995,-204429.52013735368,294.22986604882715,145
45245000,90489.9999267356,-204145.54161508975,298.1602114415556,145
45250000,90499.99992670126,-203951.0244169397,301.29709857934614,145
45255000,90509.99992666692,-203769.5118712322,300.3070333001616,145
45260000,90519.99992663258,-203839.87050476007,295.53511377299395,145
45265000,90529.99992659823,-203390.66590439144,297.4086634113106,145
45270000,90539.99992656389,-203518.3955097549,295.99410481301123,145
45275000,90549.99992652955,-203253.52820833458,299.41069286037714,145
45280000,90559.9999264952,-204117.6701068771,299.03902759679113,145
45285000,90569.99992646086,-203862.99171987874,301.0506756959898,145
45290000,90579.99992642652,-204753.78225512162,300.5656911328265,145
45295000,90589.99992639218,-204325.13782479835,303.93866815131196,145
45300000,90599.99992635784,-204269.58808139525,300.3293109868353,145
45305000,90609.9999263235,-204064.17992874887,301.6290861356242,145
45310000,90619.99992628915,-204244.12900556833,302.0917814512979,145
45315000,90629.99992625481,-204829.02963362914,301.0969589131242,145
45320000,90639.99992622047,-203683.89107661054,300.4110367734659,145
45325000,90649.99992618612,-204958.69735988474,304.1106901126919,145
45330000,90659.99992615178,-203650.22546790098,301.13302139672237,145
45335000,90669.99992611744,-203571.73310032242,295.886900209733,145
45340000,90679.9999260831,-203732.2953982678,298.216526880905,145
45345000,90689.99992604875,-203806.02495959622,302.9605237660213,145
45350000,90699.99992601441,-203427.81370843586,300.5595735345574,145
45355000,90709.99992598007,-204262.76333876245,302.2757223849283,145
45360000,90719.99992594573,-205072.94543165562,298.59304909206634,145
45365000,90729.99992591138,-203786.86026781925,298.68747611651406,145
45370000,90739.99992587704,-203983.38024992927,299.5099049664832,145
45375000,90749.9999258427,-203778.2859278198,296.92701083207623,145
45380000,90759.99992580836,-203633.3362458269,301.33890841322636,145
45385000,90769.99992577401,-204044.51728223893,303.42721236922637,145
45390000,90779.99992573967,-203396.3771056563,297.52633064812557,145
45395000,90789.99992570533,-204202.59296582628,301.3327261287981,145
45400000,90799.99992567099,-204186.47495055874,304.78413056522555,145
45405000,90809.99992563664,-204467.13676524663,299.7884139534926,145
45410000,90819.9999256023,-204505.63989458128,298.8242285345781,145
45415000,90829.99992556796,-203485.3713074855,299.51875788818796,145
45420000,90839.99992553362,-204196.7264866099,297.67313718794685,145
45425000,90849.99992549927,-203848.41192129347,299.2955580330534,145
45430000,90859.99992546493,-203694.13838054182,302.12133247784556,145
45435000,90869.99992543059,-204087.83760331525,303.59548680004775,145
45440000,90879.99992539625,-203747.40471832443,301.72448097340737,145
45445000,90889.9999253619,-204712.30251281464,299.9266902109625,145
45450000,90899.99992532756,-204154.46820799937,297.4425654775541,145
45455000,90909.99992529322,-203508.1828562204,297.5187633831126,145
45460000,90919.99992525888,-204358.1124261116,298.72434465992546,145
45465000,90929.99992522453,-203830.09469130333,294.43243500206177,145
45470000,90939.99992519019,-204142.66766314476,294.9401189258658,145
45475000,90949.99992515585,-204291.93297742377,307.3236971072571,145
45480000,90959.9999251215,-204108.71571635886,305.4048187757242,145
45485000,90969.99992508716,-203815.09838546882,293.27153610505513,145
45490000,90979.99992505282,-203890.080870713,304.0374725897227,145
45495000,90989.99992501848,-203595.36277502333,297.2953031625076,145
45500000,90999.99992498413,-204338.695047545,299.89027784761777,145
45505000,91009.99992494979,-203732.47699362237,305.48886546382425,145
45510000,91019.99992491545,-204460.6457123604,299.7311367157891,145
45515000,91029.99992488111,-204486.89421256608,299.466197200451,145
45520000,91039.99992484676,-204209.89494508598,299.83778453194816,145
45525000,91049.99992481242,-204024.75954816933,304.9422931891294,145
45530000,91059.99992477808,-204092.0315923934,300.15116973223945,145
45535000,91069.99992474374,-203077.89779211872,305.796011771925,145
45540000,91079.9999247094,-203844.37554447993,306.32989546121104,145
45545000,91089.99992467505,-204486.55244257185,300.6636863999182,145
45550000,91099.99992464071,-204004.11566586327,299.2059760326806,145
45555000,91109.99992460637,-203711.13679578877,299.19616914772763,145
45560000,91119.99992457202,-204637.20931070682,303.26875536870295,145
45565000,91129.99992453768,-203478.80714723968,302.56808110592493,145
45570000,91139.99992450334,-204582.09325193148,297.6549381212266,145
45575000,91149.999924469,-203553.44590862864,300.62827291085836,145
45580000,91159.99992443465,-203593.064391013,300.33384863449305,145
45585000,91169.99992440031,-203441.50136581773,302.0982831770745,145
45590000,91179.99992436597,-203458.57163272076,296.42004430021126,145
45595000,91189.99992433163,-203595.5964130056,298.3838829411653,145
45600000,91199.99992429728,-203603.6162615018,303.1097703633316,145
45605000,91209.99992426294,-204962.88261738338,301.0269871170936,145
45610000,91219.9999242286,-204465.4998554194,303.62597224014195,145
45615000,91229.99992419426,-203706.75205707632,299.84811644859434,145
45620000,91239.99992415991,-203977.76607378875,294.8901974610887,145
45625000,91249.99992412557,-204397.96068807493,291.0106154229619,145
45630000,91259.99992409123,-205011.02207775845,298.16896536788033,145
45635000,91269.99992405689,-203179.48539631,299.1663655887116,145
45640000,91279.99992402254,-204332.56769513933,294.41397033833454,145
45645000,91289.9999239882,-203734.1139355636,300.7349896562928,145
45650000,91299.99992395386,-203674.02765358926,300.37859574351387,145
45655000,91309.99992391952,-204253.94176474737,301.8841545643053,145
45660000,91319.99992388517,-204628.04055798997,298.6914431848424,145
45665000,91329.99992385083,-203256.7711356018,298.58754982385955,145
45670000,91339.99992381649,-204171.88193729485,305.11987267806995,145
45675000,91349.99992378215,-203184.45254782832,297.6248895313226,145
45680000,91359.9999237478,-203562.0063307531,301.28238716092955,145
45685000,91369.99992371346,-203397.4566993619,300.6144360427449,145
45690000,91379.99992367912,-203378.59187401668,304.5087070682278,145
45695000,91389.99992364478,-203479.87385378405,298.92686742054036,145
45700000,91399.99992361043,-203741.26679664128,307.5053367204853,145
45705000,91409.99992357609,-203362.67519903916,301.4041120448855,145
45710000,91419.99992354175,-204039.616749021,300.54021251007356,145
45715000,91429.9999235074,-203187.98993942153,303.01131294116703,145
45720000,91439.99992347306,-203032.08336639556,299.076678753976,145
45725000,91449.99992343872,-203726.4539351327,303.6437187926328,145
45730000,91459.99992340438,-203558.63063953072,305.04394877104744,145
45735000,91469.99992337004,-203974.57181088417,300.68723018831685,145
45740000,91479.9999233357,-204222.73687281075,302.7064209329156,145
45745000,91489.99992330135,-204036.09890358802,302.13375600278556,145
45750000,91499.99992326701,-204784.30792560428,300.7853377414458,145
45755000,91509.99992323267,-203394.7102319908,296.6690058779171,145
45760000,91519.99992319832,-203842.41738701274,304.8576597433878,145
45765000,91529.99992316398,-203460.2197993939,300.8712767046214,145
45770000,91539.99992312964,-204110.31594287558,296.6432524599423,145
45775000,91549.9999230953,-203291.89786290354,300.75598946102843,145
45780000,91559.99992306095,-204081.6884449029,299.757534263236,145
45785000,91569.99992302661,-203691.6208192741,298.7430802248244,145
45790000,91579.99992299227,-203467.4067147132,300.80655828091886,145
45795000,91589.99992295793,-204230.41279588616,305.55995158970296,145
45800000,91599.99992292358,-203220.64676100202,296.30074365451253,145
45805000,91609.99992288924,-204403.15018151875,302.1289543041745,145
45810000,91619.9999228549,-203714.54503292684,299.99435895712423,145
45815000,91629.99992282056,-203259.78307711182,304.23966180293115,145
45820000,91639.99992278621,-203532.75743703847,295.9813877167352,145
45825000,91649.99992275187,-204298.6648925806,302.1118586589244,145
45830000,91659.99992271753,-203692.90394589817,300.3120624728374,145
45835000,91669.99992268319,-203403.29649626103,296.99454171511945,145
45840000,91679.99992264884,-203348.177532773,296.2726906124879,145
45845000,91689.9999226145,-203568.48644536454,304.2023536951976,145
45850000,91699.99992258016,-202852.73432299565,300.6392083658426,145
45855000,91709.99992254582,-203670.03984405845,299.1319084625505,145
45860000,91719.99992251147,-204118.98263669235,299.20039103018877,145
45865000,91729.99992247713,-203648.99960855942,303.985448081626,145
45870000,91739.99992244279,-203574.50175679196,299.3260406833507,145
45875000,91749.99992240845,-204775.59051129734,304.96377265650534,145
45880000,91759.9999223741,-202993.56405698834,300.723800189424,145
45885000,91769.99992233976,-204166.75055303006,299.2233661342121,145
45890000,91779.99992230542,-203427.2853345502,297.70935947272915,145
45895000,91789.99992227108,-204021.36321749783,299.8953696772739,145
45900000,91799.99992223673,-204061.577699224,306.0286410453724,145
45905000,91809.99992220239,-203429.23281627882,304.0880836440977,145
45910000,91819.99992216805,-204594.8598640361,301.1590382735159,145
45915000,91829.9999221337,-204075.2229272275,303.3570893394249,145
45920000,91839.99992209936,-204220.90156404523,297.6400990785199,145
45925000,91849.99992206502,-203648.74497644266,298.0297610545694,145
45930000,91859.99992203068,-203589.11271222448,300.6583422017786,145
45935000,91869.99992199634,-204774.64719948045,301.50588075841813,145
45940000,91879.999921962,-203633.10376745474,299.0042259763824,145
45945000,91889.99992192765,-204168.53034384828,299.10053955720764,145
45950000,91899.99992189331,-204597.07160255825,299.6916345460568,145
45955000,91909.99992185897,-203940.80290253158,300.100438406911,145
45960000,91919.99992182462,-204832.81344301754,300.622789022838,145
45965000,91929.99992179028,-203962.57362649427,303.2000779242666,145
45970000,91939.99992175594,-203886.74555643636,304.3523987328748,145
45975000,91949.9999217216,-204173.62162420573,301.99134991043076,145
45980000,91959.99992168725,-204012.05228901072,302.9304176755486,145
45985000,91969.99992165291,-204214.34145212057,298.2746317271105,145
45990000,91979.99992161857,-205109.81898933824,299.4056995148897,145
45995000,91989.99992158423,-203777.8241161314,301.79437050605696,145
46000000,91999.99992154988,-203772.51027392817,297.6093792871887,145
46005000,92009.99992151554,-203625.4950120406,292.46526338881506,145
46010000,92019.9999214812,-203935.54315964668,300.3003331498191,145
46015000,92029.99992144686,-204064.87438897695,292.82791337237165,145
46020000,92039.99992141251,-204559.65103693504,306.7150684290044,145
46025000,92049.99992137817,-203840.99524000112,300.5180326493788,145
46030000,92059.99992134383,-204066.98275517323,299.21781183929767,145
46035000,92069.99992130949,-203339.41773634858,301.9874252366854,145
46040000,92079.99992127514,-203831.01842457848,304.04099708332734,145
46045000,92089.9999212408,-204020.78992239758,298.45705444999226,145
46050000,92099.99992120646,-203463.2389366004,303.90106056644936,145
46055000,92109.99992117212,-204079.48327079986,305.9872842396127,145
46060000,92119.99992113777,-203386.81265000312,298.16662511821363,145
46065000,92129.99992110343,-204783.52848302387,304.17085575515097,145
46070000,92139.99992106909,-205014.35724428552,300.1332563837336,145
46075000,92149.99992103475,-204290.06692168664,301.0138719977777,145
46080000,92159.9999210004,-203835.23595673416,299.6660703011511,145
46085000,92169.99992096606,-204138.7174108195,301.75888693591054,145
46090000,92179.99992093172,-202843.975745652,299.8599688759987,145
46095000,92189.99992089737,-203470.14088737348,298.9453469849275,145
46100000,92199.99992086303,-203822.28381691466,304.13494231356407,145
46105000,92209.99992082869,-203777.19863449375,299.5738409992033,145
46110000,92219.99992079435,-203686.22696352412,304.27060318420456,145
46115000,92229.99992076,-204803.45267045067,297.72504676436887,145
46120000,92239.99992072566,-204371.55612564587,300.03276246710965,145
46125000,92249.99992069132,-203658.03272743255,297.4293357385655,145
46130000,92259.99992065698,-203698.45351035474,297.75823167450017,145
46135000,92269.99992062263,-203603.15251423698,299.2043074760163,145
46140000,92279.99992058829,-203866.12209121103,300.64340192456973,145
46145000,92289.99992055395,-203348.24206318252,301.99023063912944,145
46150000,92299.9999205196,-205175.41604835028,296.8633931067607,145
46155000,92309.99992048526,-203797.70213561715,301.9008720611466,145
46160000,92319.99992045092,-204076.9397475596,299.33851563784685,145
46165000,92329.99992041658,-204674.47148479312,298.78154835174905,145
46170000,92339.99992038224,-203268.44036420842,296.8109179473403,145
46175000,92349.9999203479,-204106.40453840536,303.13115892418216,145
46180000,92359.99992031355,-204258.75578874722,301.7093501257158,145
46185000,92369.99992027921,-204434.27085765847,300.03210064630474,145
46190000,92379.99992024487,-203612.78282187378,303.1034195149135,145
46195000,92389.99992021052,-203823.36749014503,302.16274708463806,145
46200000,92399.99992017618,-204657.4091224597,298.61480879913097,145
46205000,92409.99992014184,-204132.79250461538,298.0848306442422,145
46210000,92419.9999201075,-204107.24286585383,298.1833329067271,145
46215000,92429.99992007315,-203604.3913599638,299.0184868196963,145
46220000,92439.99992003881,-203630.29344839137,297.24913036773245,145
46225000,92449.99992000447,-203622.59518006933,296.82296103968406,145
46230000,92459.99991997013,-204268.35608877812,299.0951573992258,145
46235000,92469.99991993578,-203366.07957657927,299.1322834350234,145
46240000,92479.99991990144,-203751.0619848644,305.9715195577268,145
46245000,92489.9999198671,-204347.78003033425,295.0616724160371,145
46250000,92499.99991983276,-204625.140390925,298.3034932266866,145
46255000,92509.99991979841,-204082.32174301252,299.8153805839345,145
46260000,92519.99991976407,-203370.33084584237,299.258286705456,145
46265000,92529.99991972973,-204037.86726072186,298.6701492855383,145
46270000,92539.99991969539,-203992.6055879126,298.951583688933,145
46275000,92549.99991966104,-203290.02738673752,298.3496940745805,145
46280000,92559.9999196267,-203913.20909934782,297.431726583994,145
46285000,92569.99991959236,-203437.7725521269,296.4702057353037,145
46290000,92579.99991955802,-203518.39225153287,299.13034003477634,145
46295000,92589.99991952367,-203594.80385971838,300.30973010006016,145
46300000,92599.99991948933,-203641.91300855647,294.56384199530555,145
46305000,92609.99991945499,-203108.99905095412,304.10757831775794,145
46310000,92619.99991942065,-203447.13418604247,299.2236519070801,145
46315000,92629.9999193863,-203972.9488460219,299.6232484386417,145
46320000,92639.99991935196,-203557.65715337754,300.2194449676604,145
46325000,92649.99991931762,-203689.87047215342,303.03427958563447,145
46330000,92659.99991928328,-204315.60311717773,301.79712803642434,145
46335000,92669.99991924893,-203851.68666709343,294.1187852172831,145
46340000,92679.99991921459,-203511.2309532098,300.6875535040739,145
46345000,92689.99991918025,-204471.69881801098,294.8078338514497,145
46350000,92699.9999191459,-203749.96177558845,301.55176929629926,145
46355000,92709.99991911156,-203884.59407967294,297.9355264642316,145
46360000,92719.99991907722,-204097.323292417,306.6846882756273,145
46365000,92729.99991904288,-203548.8022853668,302.197514563932,145
46370000,92739.99991900854,-203536.13969176344,303.9187967589074,145
46375000,92749.9999189742,-203908.3231924785,301.05517517023213,145
46380000,92759.99991893985,-203577.2144160139,300.2671485082895,145
46385000,92769.99991890551,-203378.1873930171,302.3933334031714,145
46390000,92779.99991887117,-203739.57397167315,302.8392013376621,145
46395000,92789.99991883682,-204196.37089758378,305.8413217197547,145
46400000,92799.99991880248,-204087.03270332282,298.5994882835334,145
46405000,92809.99991876814,-203972.4697251299,300.92522469462807,145
46410000,92819.9999187338,-204105.46225095016,300.2295612398755,145
46415000,92829.99991869945,-203761.64620364294,299.2720204852365,145
46420000,92839.99991866511,-202994.78499560687,303.1112773174875,145
46425000,92849.99991863077,-203756.02965465188,301.9637273170542,145
46430000,92859.99991859643,-203121.34529857337,297.9610438478836,145
46435000,92869.99991856208,-203621.49828013033,301.70848353526634,145
46440000,92879.99991852774,-204484.41752530425,299.42941260572286,145
46445000,92889.9999184934,-203626.78288941958,302.3447054611277,145
46450000,92899.99991845906,-203170.37475683424,304.06155798182994,145
46455000,92909.99991842471,-203560.43663874327,302.52188164103467,145
46460000,92919.99991839037,-203958.8164790211,295.3653528149832,145
46465000,92929.99991835603,-204073.45044623385,297.68220196075447,145
46470000,92939.99991832169,-203588.6397946492,301.9896331102766,145
46475000,92949.99991828734,-204036.45390508778,302.12282097275016,145
46480000,92959.999918253,-204010.5542881809,301.30112372978465,145
46485000,92969.99991821866,-203978.6603298016,299.2538375436503,145
46490000,92979.99991818432,-203225.84080531134,301.36848403487136,145
46495000,92989.99991814997,-204017.82918680517,299.94575837018203,145
46500000,92999.99991811563,-203760.5203555493,297.23969179887706,145
46505000,93009.99991808129,-203791.08521248517,298.54243996907553,145
46510000,93019.99991804695,-203269.6242820623,293.8862178157783,145
46515000,93029.9999180126,-203822.54022853903,299.29276370626116,145
46520000,93039.99991797826,-204231.39590059977,300.3174465111746,145
46525000,93049.99991794392,-204071.94506031007,302.54518534388455,145
46530000,93059.99991790958,-203524.92570411589,298.19642766399284,145
46535000,93069.99991787523,-203794.91335118935,299.0155411498761,145
46540000,93079.99991784089,-203156.5995579646,296.3388580978722,145
46545000,93089.99991780655,-204483.73819424852,307.0823551970943,145
46550000,93099.9999177722,-203096.35381066985,296.16452680190906,145
46555000,93109.99991773786,-204453.872120608,304.66466652301665,145
46560000,93119.99991770352,-203452.7792403535,295.92653766831535,145
46565000,93129.99991766918,-203655.10551060003,300.8084404998763,145
46570000,93139.99991763484,-203594.7533987983,303.8487301845818,145
46575000,93149.9999176005,-204154.90368454566,306.99450585739856,145
46580000,93159.99991756615,-204031.74110982637,303.640349365774,145
46585000,93169.99991753181,-203581.71342067653,300.03607666489944,145
46590000,93179.99991749747,-203828.4926918808,300.53653175294403,145
46595000,93189.99991746312,-204124.6647528793,303.2483032214411,145
46600000,93199.99991742878,-204109.98965043365,301.6811436687961,145
46605000,93209.99991739444,-204005.28378651256,300.7338209344096,145
46610000,93219.9999173601,-203702.6624734077,299.58191422967997,145
46615000,93229.99991732575,-204253.3647827173,298.597621598815,145
46620000,93239.99991729141,-203800.73472547997,303.700975043834,145
46625000,93249.99991725707,-203009.10007884155,297.1410270846501,145
46630000,93259.99991722273,-203909.52335136815,300.69658650909616,145
46635000,93269.99991718838,-203601.7082359437,297.2047992129333,145
46640000,93279.99991715404,-203603.97259319073,296.7469520161049,145
46645000,93289.9999171197,-203519.5697829642,301.7266645079837,145
46650000,93299.99991708536,-203251.5873653997,298.10681122285973,145
46655000,93309.99991705101,-203866.5491752812,299.68740000310703,145
46660000,93319.99991701667,-203824.62567056715,303.0860967400846,145
46665000,93329.99991698233,-203542.62477610994,303.35197651278514,145
46670000,93339.99991694799,-203624.7352329659,302.6784337485853,145
46675000,93349.99991691364,-203688.7365033693,301.0870656504514,145
46680000,93359.9999168793,-204015.53674199944,302.08194838715826,145
46685000,93369.99991684496,-203570.827518304,301.1128097369726,145
46690000,93379.99991681062,-203840.7830122863,303.46420881081065,145
46695000,93389.99991677627,-204297.0043146977,301.2781114226333,145
46700000,93399.99991674193,-203330.71340667503,301.6972581728356,145
46705000,93409.99991670759,-203219.47406985133,295.715515655327,145
46710000,93419.99991667325,-203646.03410029993,303.269096007809,145
46715000,93429.9999166389,-203594.62700308638,301.75706742234576,145
46720000,93439.99991660456,-203880.98431021452,301.1552934337045,145
46725000,93449.99991657022,-203252.44644864788,300.8176217817945,145
46730000,93459.99991653587,-204206.44176552468,300.89621103300965,145
46735000,93469.99991650153,-204069.8156086132,298.3123714862932,145
46740000,93479.99991646719,-203749.24161955866,296.5735694330453,145
46745000,93489.99991643285,-204195.504642496,302.77474078963553,145
46750000,93499.9999163985,-203436.20888971095,296.53696416102736,145
46755000,93509.99991636416,-204258.52432903356,304.3501591460933,145
46760000,93519.99991632982,-203594.34120379481,292.58010618429097,145
46765000,93529.99991629548,-204023.65189108753,294.50980937510195,145
46770000,93539.99991626113,-203765.0530353518,298.66089670451134,145
46775000,93549.99991622679,-203632.06812734331,299.8371493154503,145
46780000,93559.99991619245,-203779.34762284753,301.07622965836134,145
46785000,93569.9999161581,-204090.84042108187,301.74332016565006,145
46790000,93579.99991612376,-203755.1842829429,300.1439601112303,145
46795000,93589.99991608942,-203934.79382991267,299.9618028347793,145
46800000,93599.99991605508,-203476.4077337432,300.4808085647402,145
46805000,93609.99991602074,-203919.49323244533,303.57835317919233,145
46810000,93619.9999159864,-203753.99379402143,295.2499615191772,145
46815000,93629.99991595205,-203664.99194999284,304.6151578736378,145
46820000,93639.99991591771,-203381.10344212898,298.7814796304037,145
46825000,93649.99991588337,-203593.79879809928,303.482355036889,145
46830000,93659.99991584902,-204765.7574925127,301.15587821260794,145
46835000,93669.99991581468,-204068.51519986836,298.73325259906176,145
46840000,93679.99991578034,-203084.0758613136,301.5173369046565,145
46845000,93689.999915746,-203656.74211756152,300.4261968591317,145
46850000,93699.99991571165,-202904.91688106826,298.70490182583217,145
46855000,93709.99991567731,-203822.17363083735,302.00900198419,145
46860000,93719.99991564297,-204087.2263032262,307.29947659265076,145
46865000,93729.99991560863,-204248.717256575,300.91680873585415,145
46870000,93739.99991557428,-203454.02617909084,299.92550760318557,145
46875000,93749.99991553994,-204162.2717876439,301.1130369416269,145
46880000,93759.9999155056,-204680.85012225178,301.5138995231594,145
46885000,93769.99991547126,-203800.5620250377,300.4818139624755,145
46890000,93779.99991543691,-203691.72920133173,299.0936222680141,145
46895000,93789.99991540257,-204095.5777434829,297.8278060235794,145
46900000,93799.99991536823,-203750.08749442315,301.2684340016657,145
46905000,93809.99991533389,-203303.21327927976,297.14980450869376,145
46910000,93819.99991529954,-203461.96722372225,304.0098965409379,145
46915000,93829.9999152652,-203971.89622244996,297.705691509568,145
46920000,93839.99991523086,-203972.36876371363,297.01072995862336,145
46925000,93849.99991519652,-204131.876679464,298.7900461343763,145
46930000,93859.99991516217,-203834.9675987471,299.6247350436805,145
46935000,93869.99991512783,-203551.28207458125,299.8466463323532,145
46940000,93879.99991509349,-204394.78050366184,296.9837410844411,145
46945000,93889.99991505915,-204173.72035143175,301.4837381904915,145
46950000,93899.9999150248,-203316.3005127632,298.99611960872915,145
46955000,93909.99991499046,-204989.49921036244,305.258998223103,145
46960000,93919.99991495612,-204150.84539823153,303.91442559342113,145
46965000,93929.99991492178,-204133.79691163625,300.36419111492415,145
46970000,93939.99991488743,-203886.97584816988,302.7601325322349,145
46975000,93949.99991485309,-204097.4896588741,297.44388313339175,145
46980000,93959.99991481875,-203686.15655764972,300.6058246036269,145
46985000,93969.9999147844,-203522.79011173837,300.8670326434188,145
46990000,93979.99991475006,-203790.07092979946,304.2408830966169,145
46995000,93989.99991471572,-203895.10495086026,296.8713203462241,145
47000000,93999.99991468138,-203321.33932677587,302.064168783713,145
47005000,94009.99991464704,-203555.9302455578,300.73570485157927,145
47010000,94019.9999146127,-202810.08329739026,304.0424784458696,145
47015000,94029.99991457835,-203364.9420006388,300.3947949435518,145
47020000,94039.99991454401,-203344.04813966958,303.6682728176649,145
47025000,94049.99991450967,-204211.3598714074,306.69029022529605,145
47030000,94059.99991447532,-204682.74059858965,302.9372652293811,145
47035000,94069.99991444098,-203908.40481033875,300.21642125711065,145
47040000,94079.99991440664,-203707.03774888464,298.0002496571599,145
47045000,94089.9999143723,-203733.60199677094,304.72246969664803,145
47050000,94099.99991433795,-203870.2791452289,305.6624917676352,145
47055000,94109.99991430361,-203184.52450440614,300.41556007916626,145
47060000,94119.99991426927,-203849.4775363088,300.62844621969333,145
47065000,94129.99991423493,-203588.98762172193,299.4198468628561,145
47070000,94139.99991420058,-204285.82964536187,297.26122659104936,145
47075000,94149.99991416624,-204548.76063674944,303.49247791210905,145
47080000,94159.9999141319,-204387.69720288145,294.8354099443784,145
47085000,94169.99991409756,-203622.54612986336,299.22655061439957,145
47090000,94179.99991406321,-204011.21951213933,300.70584080637656,145
47095000,94189.99991402887,-203595.84415277746,302.1182850474789,145
47100000,94199.99991399453,-203782.88795290166,302.1184592948875,145
47105000,94209.99991396019,-203919.97777415614,294.08186804621437,145
47110000,94219.99991392584,-203957.63861636503,301.2255586981182,145
47115000,94229.9999138915,-203769.69168016687,300.7586767521129,145
47120000,94239.99991385716,-204115.96607322467,299.6582386694156,145
47125000,94249.99991382282,-203446.17793584627,304.1060981601678,145
47130000,94259.99991378847,-203955.17534660187,299.71196929442095,145
47135000,94269.99991375413,-202534.21575694473,303.87775876212334,145
47140000,94279.99991371979,-203733.08017618232,303.4300561826118,145
47145000,94289.99991368545,-204292.15777844307,300.6868427639984,145
47150000,94299.9999136511,-203883.15566188982,299.36773648865756,145
47155000,94309.99991361676,-203677.36813347077,300.53973203744164,145
47160000,94319.99991358242,-203110.93922187528,298.6807894724515,145
47165000,94329.99991354808,-203826.28544197604,301.75608096917233,145
47170000,94339.99991351373,-203655.0483050967,300.70994181733846,145
47175000,94349.99991347939,-204250.64191315044,299.7721138695199,145
47180000,94359.99991344505,-204262.76097270462,296.626087940185,145
47185000,94369.9999134107,-203898.86706300185,302.4116286324776,145
47190000,94379.99991337636,-204019.4657556638,298.78332776097807,145
47195000,94389.99991334202,-203789.76428204973,294.9040453491128,145
47200000,94399.99991330768,-204480.5047433197,296.07388008377825,145
47205000,94409.99991327334,-204074.75886991678,299.0303400716762,145
47210000,94419.999913239,-204445.2711401066,304.45730398092917,145
47215000,94429.99991320465,-203595.65416736563,300.2305760575457,145
47220000,94439.99991317031,-203940.57065452135,302.03284262556724,145
47225000,94449.99991313597,-203926.44162246457,300.1207987338963,145
47230000,94459.99991310162,-202666.16779634275,300.80074998234943,145
47235000,94469.99991306728,-202828.77012841217,302.6435950967776,145
47240000,94479.99991303294,-204567.95329000894,298.92875952597683,145
47245000,94489.9999129986,-203373.94242855138,301.0183329161007,145
47250000,94499.99991296425,-203375.02816870145,303.41151595360697,145
47255000,94509.99991292991,-203770.4157586142,297.3280511779247,145
47260000,94519.99991289557,-203627.791452343,300.36469139536666,145
47265000,94529.99991286123,-203642.22626467247,304.5364264069489,145
47270000,94539.99991282688,-204128.7894009758,299.9619391683756,145
47275000,94549.99991279254,-204202.6241402201,299.92239382540413,145
47280000,94559.9999127582,-203753.04414575314,300.43644035445294,145
47285000,94569.99991272386,-204554.7083176549,298.4253232944512,145
47290000,94579.99991268951,-203535.7138535016,297.6336099540029,145
47295000,94589.99991265517,-204028.4426610989,306.199738216149,145
47300000,94599.99991262083,-203188.36510078819,302.64280844957364,145
47305000,94609.99991258649,-203523.2328314127,300.41850184974214,145
47310000,94619.99991255214,-204784.3942250457,298.24126591164213,145
47315000,94629.9999125178,-203984.8519235606,303.8607376252173,145
47320000,94639.99991248346,-203237.92240085092,305.358762226126,145
47325000,94649.99991244912,-204037.06379567913,298.6823132104835,145
47330000,94659.99991241477,-203152.89970207494,298.69904586037336,145
47335000,94669.99991238043,-203463.2396570663,302.81817222964963,145
47340000,94679.99991234609,-203960.00292051712,299.16531439689516,145
47345000,94689.99991231174,-203522.7577587763,298.33673169780656,145
47350000,94699.9999122774,-203336.7072374744,303.87772099303385,145
47355000,94709.99991224306,-203906.99268518772,302.04593749818224,145
47360000,94719.99991220872,-203400.53562273353,301.0512866255162,145
47365000,94729.99991217437,-203994.11595302424,303.0291701880768,145
47370000,94739.99991214003,-204087.64753094688,298.93181437099616,145
47375000,94749.99991210569,-203645.93728293374,298.88232333081487,145
47380000,94759.99991207135,-204234.83991510514,302.9035321367135,145
47385000,94769.999912037,-203882.17864693596,294.16970612794495,145
47390000,94779.99991200266,-204394.685361768,298.18035029854946,145
47395000,94789.99991196832,-204067.87480417523,297.55027954919376,145
47400000,94799.99991193398,-203677.3709544834,298.72665579370056,145
47405000,94809.99991189963,-203886.154565288,297.7231063637019,145
47410000,94819.99991186529,-204039.59978677263,302.3165170920996,145
47415000,94829.99991183095,-203308.8182760697,300.6233781704727,145
47420000,94839.9999117966,-204028.20641975675,301.2252797149691,145
47425000,94849.99991176226,-203256.2345784488,306.0107926143215,145
47430000,94859.99991172792,-204493.08378634602,304.72994635349966,145
47435000,94869.99991169358,-203634.9125107359,296.84296728952677,145
47440000,94879.99991165924,-203762.92539131455,299.02576836118857,145
47445000,94889.9999116249,-202942.11588068225,303.565222412149,145
47450000,94899.99991159055,-203188.26306975097,298.9025018264119,145
47455000,94909.99991155621,-203265.65555454057,299.59642902663455,145
47460000,94919.99991152187,-204159.8750621915,298.8545355934836,145
47465000,94929.99991148752,-204091.33273403905,297.97325416841903,145
47470000,94939.99991145318,-204274.42898750212,302.4048833937249,145
47475000,94949.99991141884,-203681.75553591177,299.1294560329984,145
47480000,94959.9999113845,-204093.66926306637,302.4755690318454,145
47485000,94969.99991135015,-204145.3003277944,297.55346053108826,145
47490000,94979.99991131581,-205166.57544349926,294.7865874776131,145
47495000,94989.99991128147,-203550.59168054315,300.3328790473227,145
47500000,94999.99991124713,-203702.8476243933,299.09163129096055,145
47505000,95009.99991121278,-204298.62907146115,297.501357042828,145
47510000,95019.99991117844,-204247.39322707977,302.67785335933814,145
47515000,95029.9999111441,-203315.39562006795,299.72682558388294,145
47520000,95039.99991110976,-204286.60720047296,300.7482061681496,145
47525000,95049.99991107541,-203901.68889102992,298.69246452656273,145
47530000,95059.99991104107,-204117.14238349558,300.7845016584189,145
47535000,95069.99991100673,-204277.87472800422,300.8373780429816,145
47540000,95079.99991097239,-203825.87272118928,302.63703611769097,145
47545000,95089.99991093804,-204323.2882604244,303.24195185893063,145
47550000,95099.9999109037,-204190.1914486779,300.3459266274488,145
47555000,95109.99991086936,-203879.21904559492,295.209613442574,145
47560000,95119.99991083502,-204302.56535230821,298.9322774402828,145
47565000,95129.99991080067,-203415.32613553957,300.5837986735954,145
47570000,95139.99991076633,-203975.69018619822,299.49933726803476,145
47575000,95149.99991073199,-203231.15321523522,301.8123156432454,145
47580000,95159.99991069765,-204681.53945485456,297.880597043242,145
47585000,95169.9999106633,-204187.2418469094,305.6479541636303,145
47590000,95179.99991062896,-203910.62643965997,298.0285539268188,145
47595000,95189.99991059462,-204130.59200739663,300.93832423360595,145
47600000,95199.99991056028,-204036.73232167098,298.8913851585728,145
47605000,95209.99991052593,-203818.58072949317,299.3444013456362,145
47610000,95219.99991049159,-203363.8627444337,297.8476904016993,145
47615000,95229.99991045725,-203924.09970800683,297.3691639951692,145
47620000,95239.9999104229,-203157.07700668508,302.80134973387845,145
47625000,95249.99991038856,-204008.43014150287,299.2672039038634,145
47630000,95259.99991035422,-203929.72718349006,302.0187136682162,145
47635000,95269.99991031988,-204882.23118853627,297.21578001160356,145
47640000,95279.99991028554,-203996.3081014827,295.4042039548493,145
47645000,95289.9999102512,-204116.75877129973,301.2675910645085,145
47650000,95299.99991021685,-203542.75964782562,298.97130763248356,145
47655000,95309.99991018251,-204103.8352234374,300.4028858529362,145
47660000,95319.99991014817,-203899.13523112086,298.3173928687688,145
47665000,95329.99991011382,-203737.5606981092,305.84350248731516,145
47670000,95339.99991007948,-204167.49703185668,299.2882749372237,145
47675000,95349.99991004514,-203435.27949225833,297.74318043178386,145
47680000,95359.9999100108,-204250.14405554417,299.6425787675333,145
47685000,95369.99990997645,-204071.37718606018,303.9209835990012,145
47690000,95379.99990994211,-203839.5073336612,296.41462507468844,145
47695000,95389.99990990777,-204149.60687928542,299.7364575865578,145
47700000,95399.99990987343,-204453.6138384795,300.54210290465875,145
47705000,95409.99990983908,-204041.70088137581,296.6695474034685,145
47710000,95419.99990980474,-203971.55428756552,303.57432879164605,145
47715000,95429.9999097704,-204682.61889393907,298.2623904312233,145
47720000,95439.99990973606,-204853.6813322031,300.57717703780503,145
47725000,95449.99990970171,-204239.1208300998,299.6028146229036,145
47730000,95459.99990966737,-204820.3692798355,301.9324407063104,145
47735000,95469.99990963303,-204226.8296589069,301.4222948579548,145
47740000,95479.99990959869,-204677.30351149978,297.5567222300277,145
47745000,95489.99990956434,-204073.48775813065,299.3539570764162,145
47750000,95499.99990953,-204169.8392625316,298.57437471691264,145
47755000,95509.99990949566,-203207.43259526545,306.51265219096064,145
47760000,95519.99990946132,-204163.1156865477,298.65172097605733,145
47765000,95529.99990942697,-204065.54333903792,301.33597326334876,145
47770000,95539.99990939263,-204191.27355986193,302.3423084956112,145
47775000,95549.99990935829,-203817.87007072428,298.0948942645294,145
47780000,95559.99990932395,-203789.95110148098,300.91913347270776,145
47785000,95569.9999092896,-203841.39139049244,300.4505607856281,145
47790000,95579.99990925526,-203846.0072805792,303.2771018815562,145
47795000,95589.99990922092,-203876.8126871133,297.2547128553973,145
47800000,95599.99990918658,-204366.81825515477,299.2996853247078,145
47805000,95609.99990915223,-204254.3487946213,301.60351218469344,145
47810000,95619.99990911789,-204115.34185613086,301.50928399509667,145
47815000,95629.99990908355,-204295.49713554792,307.12060656534425,145
47820000,95639.9999090492,-204210.52450221777,303.6012234406842,145
47825000,95649.99990901486,-204110.41117230745,295.8167214712338,145
47830000,95659.99990898052,-204095.74136618,305.2893785865651,145
47835000,95669.99990894618,-203205.74222368852,296.9675464638555,145
47840000,95679.99990891184,-204020.83096927672,304.27051809954884,145
47845000,95689.9999088775,-204875.14514006872,297.7510203177645,145
47850000,95699.99990884315,-203496.96538488264,303.4195344601804,145
47855000,95709.99990880881,-204412.35981068911,302.901783451061,145
47860000,95719.99990877447,-204349.05594398908,298.7711188299155,145
47865000,95729.99990874012,-204614.62190749613,295.487138870367,145
47870000,95739.99990870578,-203847.33963250963,304.06964463675354,145
47875000,95749.99990867144,-204041.3566907465,299.05267100767577,145
47880000,95759.9999086371,-203773.67441305425,301.9303111713877,145
47885000,95769.99990860275,-203460.26393707073,300.6344459397045,145
47890000,95779.99990856841,-203530.86938316317,301.56999545334264,145
47895000,95789.99990853407,-203454.0519924583,302.1740823504224,145
47900000,95799.99990849973,-204087.84907108033,301.48307043258984,145
47905000,95809.99990846538,-204386.8187160847,301.84426939015316,145
47910000,95819.99990843104,-204097.34927003318,305.5001289143375,145
47915000,95829.9999083967,-204467.26065045863,300.2535403213782,145
47920000,95839.99990836236,-203791.64973804133,303.7609603693379,145
47925000,95849.99990832801,-204036.60871954693,304.65396521995933,145
47930000,95859.99990829367,-203892.290515785,301.73349006751,145
47935000,95869.99990825933,-203462.21482105146,301.4759517154892,145
47940000,95879.99990822499,-203855.0929672079,301.8431551612647,145
47945000,95889.99990819064,-203296.25763885584,300.3698465376063,145
47950000,95899.9999081563,-203401.30425480113,303.4367606581009,145
47955000,95909.99990812196,-203940.3314069386,299.1618267672004,145
47960000,95919.99990808762,-205001.9277023261,301.45860004700853,145
47965000,95929.99990805327,-204411.44650870294,300.5243063228604,145
47970000,95939.99990801893,-204027.06365530263,298.5155244675372,145
47975000,95949.99990798459,-204471.01353208383,299.5659657230742,145
47980000,95959.99990795024,-204128.1166672425,304.116319271733,145
47985000,95969.9999079159,-204770.81939303153,296.2521671047286,145
47990000,95979.99990788156,-204221.8135044471,300.7570077548763,145
47995000,95989.99990784722,-203829.75209141208,303.32911134282836,145
48000000,95999.99990781287,-203967.78236832854,301.0500678365611,145
48005000,96009.99990777853,-204110.7521611764,301.75364156511733,145
48010000,96019.99990774419,-203732.35343700973,297.2151336704349,145
48015000,96029.99990770985,-204758.14506115695,302.4585704260205,145
48020000,96039.9999076755,-203984.20146762521,298.58154562025237,145
48025000,96049.99990764116,-203405.67973572423,304.8745868273643,145
48030000,96059.99990760682,-203756.2099192714,300.81997260435577,145
48035000,96069.99990757248,-204188.36602308392,298.28104863624327,145
48040000,96079.99990753813,-203317.7902403667,295.4736467122054,145
48045000,96089.99990750379,-203224.5420918006,298.18330537339307,145
48050000,96099.99990746945,-203441.84089455078,300.8307432015173,145
48055000,96109.9999074351,-203350.3688200229,300.06839184109367,145
48060000,96119.99990740076,-204519.39713916485,298.29183145770236,145
48065000,96129.99990736642,-204335.48940934706,302.666874768769,145
48070000,96139.99990733208,-203357.9738499216,294.15747206438965,145
48075000,96149.99990729774,-203598.81186704186,302.0684860603935,145
48080000,96159.9999072634,-204028.06316549436,300.38742268363546,145
48085000,96169.99990722905,-203436.46474701294,302.25074946827004,145
48090000,96179.99990719471,-203552.1045337018,299.62709815706137,145
48095000,96189.99990716037,-203871.44178228884,302.1877803578175,145
48100000,96199.99990712602,-204076.53165437316,298.0095296509332,145
48105000,96209.99990709168,-203703.12826128118,295.3737734848578,145
48110000,96219.99990705734,-203840.7020822598,301.8494805151352,145
48115000,96229.999907023,-204196.32495017129,300.5193856640961,145
48120000,96239.99990698865,-204273.80692395195,306.04417589956995,145
48125000,96249.99990695431,-204135.76942674385,301.72312303781337,145
48130000,96259.99990691997,-203672.60522990255,301.09372493955027,145
48135000,96269.99990688563,-203638.8845503464,300.5069762967831,145
48140000,96279.99990685128,-203558.62713889836,303.452612084014,145
48145000,96289.99990681694,-204514.47269684146,297.6974949740341,145
48150000,96299.9999067826,-203241.63518238417,297.9639633530474,145
48155000,96309.99990674826,-203186.68103080872,300.405561805583,145
48160000,96319.99990671391,-204854.48684709927,300.92647793357196,145
48165000,96329.99990667957,-204488.31400860695,298.9305649091372,145
48170000,96339.99990664523,-203888.96393861156,299.8005739120316,145
48175000,96349.99990661089,-203454.07087860082,300.70869918781733,145
48180000,96359.99990657654,-203465.09587299544,295.7790367939527,145
48185000,96369.9999065422,-204244.25492942915,300.81455773465706,145
48190000,96379.99990650786,-204075.75530483085,300.75327203814476,145
48195000,96389.99990647352,-203875.50800166593,298.92707260817616,145
48200000,96399.99990643917,-204160.20039393508,308.7153653840028,145
48205000,96409.99990640483,-204293.8409455627,297.1699459893965,145
48210000,96419.99990637049,-204623.15928751277,299.5070100057488,145
48215000,96429.99990633615,-204144.785909847,301.62777965672547,145
48220000,96439.9999063018,-203408.35886351706,295.81685252399427,145
48225000,96449.99990626746,-203613.13768314698,299.30378371247537,145
48230000,96459.99990623312,-204184.0644964074,301.1941575425434,145
48235000,96469.99990619878,-203845.2136313247,299.7775468127756,145
48240000,96479.99990616443,-203599.16084195673,297.5116793938658,145
48245000,96489.99990613009,-204547.55524389935,298.57746955501574,145
48250000,96499.99990609575,-204277.65564128535,300.85645189636693,145
48255000,96509.9999060614,-203908.3837722469,302.00514908182356,145
48260000,96519.99990602706,-202845.64237544627,301.365819711045,145
48265000,96529.99990599272,-203490.386963938,299.5956604137332,145
48270000,96539.99990595838,-203786.74160787102,300.6220797991584,145
48275000,96549.99990592404,-203495.7733637005,298.84719055571094,145
48280000,96559.9999058897,-203897.01269431668,297.8532264479757,145
48285000,96569.99990585535,-203619.5602752976,300.6498925094544,145
48290000,96579.99990582101,-204495.3562647201,297.43755013094176,145
48295000,96589.99990578667,-204406.43796605873,303.04270022149046,145
48300000,96599.99990575232,-205001.77963660553,298.40515454078565,145
48305000,96609.99990571798,-204005.6737193562,301.7783721699314,145
48310000,96619.99990568364,-204053.31991229986,298.0838055229227,145
48315000,96629.9999056493,-203985.70452689996,302.6780546551661,145
48320000,96639.99990561495,-203725.78582839924,296.96012376350774,145
48325000,96649.99990558061,-203720.81064649264,302.2126218067529,145
48330000,96659.99990554627,-204213.24376807525,294.84476510399514,145
48335000,96669.99990551193,-204002.78625378245,302.17559317981033,145
48340000,96679.99990547758,-204014.7155018429,302.55629765071563,145
48345000,96689.99990544324,-204005.47053325188,298.10558323083484,145
48350000,96699.9999054089,-203625.43967745698,299.0818059756015,145
48355000,96709.99990537456,-203887.2628380563,301.62496384861413,145
48360000,96719.99990534021,-204024.0446630473,301.58230824340717,145
48365000,96729.99990530587,-203435.47578980343,298.7172174664705,145
48370000,96739.99990527153,-204155.1255550083,297.58746447387483,145
48375000,96749.99990523719,-204072.22167985165,298.370602641157,145
48380000,96759.99990520284,-203556.9115964761,301.24549780098494,145
48385000,96769.9999051685,-203065.9973890842,298.85507328995277,145
48390000,96779.99990513416,-203579.65170927066,298.84685390583877,145
48395000,96789.99990509982,-203324.5091970783,299.21956475965845,145
48400000,96799.99990506547,-204008.4185081513,301.4254311466607,145
48405000,96809.99990503113,-204110.34689929674,298.80769783344493,145
48410000,96819.99990499679,-204688.67663200945,296.72048026746967,145
48415000,96829.99990496245,-203654.58306615066,298.1374400929924,145
48420000,96839.9999049281,-203647.87848561676,303.2987451357611,145
48425000,96849.99990489376,-203989.65468316793,299.8816372474311,145
48430000,96859.99990485942,-203979.18286734994,299.303782377726,145
48435000,96869.99990482508,-203879.48114322743,298.93451999703336,145
48440000,96879.99990479073,-203797.06601088773,301.18678905298606,145
48445000,96889.99990475639,-204462.3529550339,305.5342290005711,145
48450000,96899.99990472205,-203687.4464172969,303.8262348739274,145
48455000,96909.9999046877,-203122.01942770008,300.68272169073924,145
48460000,96919.99990465336,-203199.37171237974,301.12977556947476,145
48465000,96929.99990461902,-203508.54486349272,306.03287888811536,145
48470000,96939.99990458468,-204188.51673279866,303.00313476190837,145
48475000,96949.99990455034,-203088.52816449758,299.3209196353991,145
48480000,96959.999904516,-203278.77820381138,299.6039238997893,145
48485000,96969.99990448165,-203950.85595329676,300.57811783993094,145
48490000,96979.99990444731,-204125.24153203808,303.7955208986857,145
48495000,96989.99990441297,-204101.25412748556,297.3024136096113,145
48500000,96999.99990437862,-203442.5083569343,300.81808665129466,145
48505000,97009.99990434428,-203367.540502619,303.2363509191991,145
48510000,97019.99990430994,-203969.37100919732,301.1390891618834,145
48515000,97029.9999042756,-203571.29944235657,303.4324748535583,145
48520000,97039.99990424125,-203277.72032745602,298.2549075677279,145
48525000,97049.99990420691,-204187.64893533965,302.9366174216687,145
48530000,97059.99990417257,-204393.32338607393,301.6422308385742,145
48535000,97069.99990413823,-203984.89073578385,303.96912224158433,145
48540000,97079.99990410388,-203077.47552372643,300.9334862597952,145
48545000,97089.99990406954,-203901.77118384733,298.16748436159077,145
48550000,97099.9999040352,-204216.8460710576,300.1585476636363,145
48555000,97109.99990400086,-203278.39903375274,299.99078559412055,145
48560000,97119.99990396651,-204338.94599563302,294.38635407333425,145
48565000,97129.99990393217,-203252.58020768943,298.8522184436954,145
48570000,97139.99990389783,-203660.6360671632,300.99477134643433,145
48575000,97149.99990386349,-203414.67564517958,298.7082351032828,145
48580000,97159.99990382914,-203609.6342655694,296.912622946249,145
48585000,97169.9999037948,-203614.99872246035,302.06375583271597,145
48590000,97179.99990376046,-204128.5776339051,300.7129956753586,145
48595000,97189.99990372612,-204726.46755991038,296.96621670214995,145
48600000,97199.99990369177,-204289.83413198788,297.9859612536863,145
48605000,97209.99990365743,-204275.38080786727,301.12863212094135,145
48610000,97219.99990362309,-203859.5484582124,304.7365342419707,145
48615000,97229.99990358874,-204744.44886461436,301.5152083190479,145
48620000,97239.9999035544,-204469.6545343718,296.7288572119651,145
48625000,97249.99990352006,-203975.2849443081,303.1101554653715,145
48630000,97259.99990348572,-203478.2902734758,299.8804961981188,145
48635000,97269.99990345137,-205061.23573077342,300.3209930459928,145
48640000,97279.99990341703,-203988.91493655893,297.3311886201743,145
48645000,97289.99990338269,-203707.26146995672,301.0025193835518,145
48650000,97299.99990334835,-204052.58234190487,300.5041723506487,145
48655000,97309.999903314,-204499.39451771788,298.37121344229706,145
48660000,97319.99990327966,-203849.49880271673,301.7431548315121,145
48665000,97329.99990324532,-203962.6495305791,300.55066182168815,145
48670000,97339.99990321098,-203626.17032606865,292.6004837646427,145
48675000,97349.99990317663,-204276.94890588382,300.47532564536886,145
48680000,97359.99990314229,-203485.5912083137,296.1962209731112,145
48685000,97369.99990310795,-203318.6234193917,300.3183849040974,145
48690000,97379.9999030736,-203769.69863633486,305.30689852056554,145
48695000,97389.99990303926,-204005.7612324406,296.14515974538,145
48700000,97399.99990300492,-203810.0230475457,298.2552754406633,145
48705000,97409.99990297058,-203641.90920721425,298.53375712501025,145
48710000,97419.99990293624,-203214.60308537807,292.53414115588583,145
48715000,97429.9999029019,-203728.25915800768,299.12461574960673,145
48720000,97439.99990286755,-204031.24974211492,300.2093772252556,145
48725000,97449.99990283321,-204010.38267752877,303.46754842359195,145
48730000,97459.99990279887,-203862.8053972252,298.4021408654493,145
48735000,97469.99990276452,-204168.65920080873,301.68749151049514,145
48740000,97479.99990273018,-204676.14609886042,299.3713484141166,145
48745000,97489.99990269584,-203479.1142512263,301.9275547712254,145
48750000,97499.9999026615,-204524.29065255052,301.3002027827956,145
48755000,97509.99990262715,-203464.46076625143,302.6770087760899,145
48760000,97519.99990259281,-203759.99242799717,302.46849927543053,145
48765000,97529.99990255847,-203996.2207494512,301.50502103626184,145
48770000,97539.99990252413,-203673.51155338192,298.0375212264652,145
48775000,97549.99990248978,-203779.4105329021,302.48332667904884,145
48780000,97559.99990245544,-203803.71762531262,308.6800272321701,145
48785000,97569.9999024211,-204060.21116436238,305.96903123193755,145
48790000,97579.99990238676,-204351.57333610882,297.33096598748267,145
48795000,97589.99990235241,-204267.80822101806,297.8402769531537,145
48800000,97599.99990231807,-204400.44261611404,301.32534266456224,145
48805000,97609.99990228373,-204326.40197676874,302.4975109305075,145
48810000,97619.99990224939,-204313.7807229103,300.0554078233828,145
48815000,97629.99990221504,-203921.39916289202,298.63364531509063,145
48820000,97639.9999021807,-203765.9934388938,301.9169278310757,145
48825000,97649.99990214636,-204746.1391113801,298.7111582389327,145
48830000,97659.99990211202,-204445.74610156717,306.9134537625861,145
48835000,97669.99990207767,-203982.88001187053,304.4876210216515,145
48840000,97679.99990204333,-204334.812378724,300.41045679338765,145
48845000,97689.99990200899,-204028.89540258155,301.3793230500311,145
48850000,97699.99990197465,-203901.76720552158,301.9928410081378,145
48855000,97709.9999019403,-204231.4736613318,300.48049274674537,145
48860000,97719.99990190596,-203761.97104222653,301.9864537830961,145
48865000,97729.99990187162,-203504.78482599475,301.90812400597275,145
48870000,97739.99990183728,-203658.9152552766,296.6105122503405,145
48875000,97749.99990180293,-203367.6132956423,304.0825348779815,145
48880000,97759.99990176859,-204366.91343148216,301.66828720936513,145
48885000,97769.99990173425,-203721.48328985553,297.8007803176752,145
48890000,97779.9999016999,-203806.52142351074,306.9215948659744,145
48895000,97789.99990166556,-203148.15022123407,300.3328546151025,145
48900000,97799.99990163122,-204238.1936582419,300.5127213708514,145
48905000,97809.99990159688,-204073.66452155693,300.76051631292637,145
48910000,97819.99990156254,-203968.09546576813,299.257115275693,145
48915000,97829.9999015282,-204587.1625725159,303.5274031331938,145
48920000,97839.99990149385,-204129.7554504855,300.06414470387506,145
48925000,97849.99990145951,-204196.29471368552,295.5287882482459,145
48930000,97859.99990142517,-204436.14914537978,301.8337739013436,145
48935000,97869.99990139082,-203642.15453060577,301.54834076736586,145
48940000,97879.99990135648,-204776.1587130183,297.978911529891,145
48945000,97889.99990132214,-203817.91466596758,299.19469101579995,145
48950000,97899.9999012878,-203988.19724741613,302.6847783075611,145
48955000,97909.99990125345,-203220.61258931935,300.8753360128574,145
48960000,97919.99990121911,-204236.6180802366,301.17070338695737,145
48965000,97929.99990118477,-203926.64957599237,298.106445867359,145
48970000,97939.99990115043,-203926.30712103017,299.4660333394182,145
48975000,97949.99990111608,-203246.0198673387,303.30360317798534,145
48980000,97959.99990108174,-203237.10218060086,301.82414267579566,145
48985000,97969.9999010474,-203388.18239157333,303.169268306187,145
48990000,97979.99990101306,-204516.49779983214,302.2715200212406,145
48995000,97989.99990097871,-203795.96613354958,302.3413298763164,145
49000000,97999.99990094437,-204124.01381616795,297.3635711320556,145
49005000,98009.99990091003,-203321.02779836731,296.6446207527973,145
49010000,98019.99990087569,-203620.5888521308,301.6647498494578,145
49015000,98029.99990084134,-202969.68453566462,302.8577770819431,145
49020000,98039.999900807,-204307.90833818458,303.0492342574445,145
49025000,98049.99990077266,-204598.30910189543,300.7416704422038,145
49030000,98059.99990073832,-204215.74282451393,299.3052180730819,145
49035000,98069.99990070397,-202956.84752042068,300.6240499691456,145
49040000,98079.99990066963,-204191.50288893783,299.80933433694884,145
49045000,98089.99990063529,-204561.6832229771,299.90320513989377,145
49050000,98099.99990060095,-203560.54849060252,299.0912995954915,145
49055000,98109.9999005666,-203439.0163958954,299.076661315016,145
49060000,98119.99990053226,-204629.4103817941,302.23674918443174,145
49065000,98129.99990049792,-203532.40036518942,300.90970973233146,145
49070000,98139.99990046358,-203637.40516831493,296.1335369811088,145
49075000,98149.99990042923,-203792.20762405172,301.44406904008946,145
49080000,98159.99990039489,-203657.4935799389,300.2969170590323,145
49085000,98169.99990036055,-204370.04755792546,301.3081983180412,145
49090000,98179.9999003262,-204145.59602062218,300.6159654349297,145
49095000,98189.99990029186,-204146.04198370897,301.0299850676105,145
49100000,98199.99990025752,-204151.58204851416,303.99665657890745,145
49105000,98209.99990022318,-203327.46045963827,296.35681578975004,145
49110000,98219.99990018884,-203545.09319847415,295.71890356763004,145
49115000,98229.9999001545,-204485.16239874705,301.9489731810685,145
49120000,98239.99990012015,-203707.94540605112,295.3603004908634,145
49125000,98249.99990008581,-204005.76998863404,297.40654567632237,145
49130000,98259.99990005147,-204129.0927623508,302.21753006051443,145
49135000,98269.99990001712,-203934.6893496632,298.12080781647853,145
49140000,98279.99989998278,-203722.36079032882,298.4669730550387,145
49145000,98289.99989994844,-204601.83962583973,301.9021217238125,145
49150000,98299.9998999141,-203417.07425782538,300.51777430928826,145
49155000,98309.99989987975,-203780.6590148128,305.2239803902475,145
49160000,98319.99989984541,-204249.35104983184,298.90245046193564,145
49165000,98329.99989981107,-204322.48574625503,303.09181140946436,145
49170000,98339.99989977673,-203614.2781803502,301.48862459393405,145
49175000,98349.99989974238,-203912.15613197908,304.3034270754595,145
49180000,98359.99989970804,-204143.2695982739,296.8949837417145,145
49185000,98369.9998996737,-204115.2812041369,301.4469907469045,145
49190000,98379.99989963936,-203506.01751803583,303.3729959767738,145
49195000,98389.99989960501,-204104.56448437704,303.4463606843322,145
49200000,98399.99989957067,-203265.3082060545,297.06807470809895,145
49205000,98409.99989953633,-203807.37269183178,298.4334886136602,145
49210000,98419.99989950199,-203904.2289007603,303.43137595201256,145
49215000,98429.99989946764,-203937.63965723058,300.21126155795497,145
49220000,98439.9998994333,-203879.1340495475,301.3801246172593,145
49225000,98449.99989939896,-203718.615904807,300.0532800398663,145
49230000,98459.99989936461,-204069.93968424608,301.1426638303655,145
49235000,98469.99989933027,-203919.7880016762,295.5903631145022,145
49240000,98479.99989929593,-204348.26572680415,304.0156132368163,145
49245000,98489.99989926159,-204042.3897312436,303.01722297505245,145
49250000,98499.99989922724,-203747.6837579453,300.0808620070723,145
49255000,98509.9998991929,-203678.12583138247,297.88134594507426,145
49260000,98519.99989915856,-203490.1414957078,296.9730804975374,145
49265000,98529.99989912422,-203734.68094218906,297.9804733959462,145
49270000,98539.99989908987,-204244.21165554598,294.0551161099911,145
49275000,98549.99989905553,-203968.88958707335,294.4068384587138,145
49280000,98559.99989902119,-204276.84852029476,298.06466055419685,145
49285000,98569.99989898685,-203585.3180964439,300.4507737774639,145
49290000,98579.9998989525,-203685.64590476302,299.2041854450247,145
49295000,98589.99989891816,-204276.92816444696,300.0831625786769,145
49300000,98599.99989888382,-203325.1101372881,301.789811260396,145
49305000,98609.99989884948,-203745.3099463001,300.0683231950475,145
49310000,98619.99989881513,-204316.49435077177,295.5565456342792,145
49315000,98629.99989878079,-204286.1300158134,296.29686993651717,145
49320000,98639.99989874645,-204174.9490880873,299.04674348029846,145
49325000,98649.9998987121,-203894.96811687935,298.9582266706434,145
49330000,98659.99989867776,-204184.17423534614,298.1076780026661,145
49335000,98669.99989864342,-203082.77736742422,299.6972461004385,145
49340000,98679.99989860908,-204363.01399649528,297.33386342618707,145
49345000,98689.99989857474,-203704.0130760544,304.53269325976134,145
49350000,98699.9998985404,-204268.57009470952,297.4299438648855,145
49355000,98709.99989850605,-204315.39749666303,298.5094592597729,145
49360000,98719.99989847171,-204166.81600623054,298.00150802505533,145
49365000,98729.99989843737,-203945.78619834583,296.71237485327714,145
49370000,98739.99989840302,-203566.9438038849,304.91604315200533,145
49375000,98749.99989836868,-203457.88353307848,295.2940979264388,145
49380000,98759.99989833434,-203771.46777608467,305.2287805110711,145
49385000,98769.9998983,-204139.51856689702,300.7579338009204,145
49390000,98779.99989826565,-203245.36674076424,301.0842120667209,145
49395000,98789.99989823131,-203704.25321089942,300.1870884381336,145
49400000,98799.99989819697,-203201.027511404,298.35911481973073,145
49405000,98809.99989816263,-203487.5647073657,305.4833893298659,145
49410000,98819.99989812828,-203703.64773669816,298.29202109067444,145
49415000,98829.99989809394,-203891.21707736666,303.52479136312843,145
49420000,98839.9998980596,-203963.28133911616,298.60416611755,145
49425000,98849.99989802526,-203639.62872637447,297.82793861472715,145
49430000,98859.99989799091,-204055.92803872854,299.15842899827356,145
49435000,98869.99989795657,-204784.8547556603,294.2955976483939,145
49440000,98879.99989792223,-203762.9399489715,294.38959022535573,145
49445000,98889.99989788789,-203793.47154320148,300.15663766924365,145
49450000,98899.99989785354,-203573.96217060077,300.12352176265927,145
49455000,98909.9998978192,-204078.10391945986,302.8907872555497,145
49460000,98919.99989778486,-204110.10291051597,300.0424776861857,145
49465000,98929.99989775052,-204091.47985535325,305.7291777256073,145
49470000,98939.99989771617,-204536.355436677,304.9426885345382,145
49475000,98949.99989768183,-203578.59644489572,302.1239600624138,145
49480000,98959.99989764749,-203758.24849155988,292.98091373038875,145
49485000,98969.99989761315,-203716.26391800726,301.3047021815247,145
49490000,98979.9998975788,-204111.1615552106,295.5851606502653,145
49495000,98989.99989754446,-203423.1809798075,297.5141207851714,145
49500000,98999.99989751012,-203999.37546151178,302.3568099431118,145
49505000,99009.99989747578,-204184.0118557869,299.9239815876852,145
49510000,99019.99989744143,-204808.9680367437,296.90055932043884,145
49515000,99029.99989740709,-204306.0631284552,296.8805177897262,145
49520000,99039.99989737275,-203501.30469873385,299.92016887237753,145
49525000,99049.9998973384,-203385.5231986869,297.80509529590336,145
49530000,99059.99989730406,-204817.43160385836,297.29101999544594,145
49535000,99069.99989726972,-203918.31392008357,302.28307999852876,145
49540000,99079.99989723538,-203445.7985923948,297.07154970446186,145
49545000,99089.99989720104,-203575.62556457834,300.28246775534296,145
49550000,99099.9998971667,-203489.7608015394,299.5328733266818,145
49555000,99109.99989713235,-204265.1626890758,296.7317546533044,145
49560000,99119.99989709801,-204526.2531771689,298.45921587464335,145
49565000,99129.99989706367,-204549.02068305993,296.4659440329525,145
49570000,99139.99989702932,-203753.70869084296,295.94901591901,145
49575000,99149.99989699498,-202990.2056162533,295.75588732100573,145
49580000,99159.99989696064,-204177.67541599076,295.7880239433861,145
49585000,99169.9998969263,-204405.15202969045,306.2607725351845,145
49590000,99179.99989689195,-203218.4482924326,301.41846848387456,145
49595000,99189.99989685761,-203840.9423766802,295.31712436227247,145
49600000,99199.99989682327,-204184.49898878997,297.31813322305766,145
49605000,99209.99989678893,-203487.3754833464,302.3958183036652,145
49610000,99219.99989675458,-203965.98101573694,300.00719130908055,145
49615000,99229.99989672024,-204097.87523164705,302.3596294104669,145
49620000,99239.9998966859,-204173.03752958006,300.8276067843934,145
49625000,99249.99989665156,-204371.0886302871,305.0666144111069,145
49630000,99259.99989661721,-203278.18668603105,300.77231447046944,145
49635000,99269.99989658287,-203770.74647707504,299.6886916464372,145
49640000,99279.99989654853,-204491.3008705628,299.36427417137594,145
49645000,99289.99989651419,-204264.66683211538,297.2909088915578,145
49650000,99299.99989647984,-203575.02759354224,296.0128255320457,145
49655000,99309.9998964455,-204190.64229691308,302.0254027854866,145
49660000,99319.99989641116,-204180.9474532517,297.419706112386,145
49665000,99329.99989637682,-203617.78680854524,298.7181484325826,145
49670000,99339.99989634247,-204698.3273797423,302.74505077638867,145
49675000,99349.99989630813,-203382.5303846897,303.00887188821804,145
49680000,99359.99989627379,-204303.9461228213,303.1261256582002,145
49685000,99369.99989623945,-203909.46085974516,300.7258478077723,145
49690000,99379.9998962051,-204107.18619514327,298.8589670620058,145
49695000,99389.99989617076,-204384.18982620386,299.7982403373093,145
49700000,99399.99989613642,-204404.85323277267,300.8044391206994,145
49705000,99409.99989610208,-203911.4085189897,295.87343067366083,145
49710000,99419.99989606773,-204100.2412271517,300.150838747759,145
49715000,99429.99989603339,-204284.85049652483,301.069045842155,145
49720000,99439.99989599905,-203723.4207044253,301.27254229525295,145
49725000,99449.9998959647,-204205.27542482654,301.1188520200215,145
49730000,99459.99989593036,-203550.10378358397,298.56974355239896,145
49735000,99469.99989589602,-204257.0710493318,295.2781094506423,145
49740000,99479.99989586168,-203179.02935220534,303.0561649593425,145
49745000,99489.99989582734,-203309.3420316485,302.39686619059813,145
49750000,99499.999895793,-204451.9414465836,301.52550760722033,145
49755000,99509.99989575865,-203146.80864643538,306.03499745458896,145
49760000,99519.99989572431,-203947.31993012724,297.8942388515246,145
49765000,99529.99989568997,-203807.58399082662,300.2623133493256,145
49770000,99539.99989565562,-204140.9523042069,302.9302334902498,145
49775000,99549.99989562128,-203495.88852787996,301.6098826523485,145
49780000,99559.99989558694,-203714.2922476976,297.7343329953604,145
49785000,99569.9998955526,-204285.58983649244,303.5656752266308,145
49790000,99579.99989551825,-204318.36911234725,301.29185113375735,145
49795000,99589.99989548391,-203997.23642531596,299.8128143297488,145
49800000,99599.99989544957,-204290.05442669464,292.15992548268224,145
49805000,99609.99989541523,-204547.71662591991,303.17023080574364,145
49810000,99619.99989538088,-203781.21877109748,303.23501013383463,145
49815000,99629.99989534654,-204977.9102281233,302.5248841806686,145
49820000,99639.9998953122,-203826.81400595617,299.3501430940452,145
49825000,99649.99989527786,-203609.33656666032,299.2687755229033,145
49830000,99659.99989524351,-202941.98129963933,295.62228249281696,145
49835000,99669.99989520917,-203405.95010294567,303.57284703196615,145
49840000,99679.99989517483,-203242.35309652728,299.03460542267726,145
49845000,99689.99989514049,-203679.30935056275,298.3667215164488,145
49850000,99699.99989510614,-203877.14148964128,299.594746043831,145
49855000,99709.9998950718,-203567.1156735191,305.7979534194229,145
49860000,99719.99989503746,-203872.01385641482,301.7459341748973,145
49865000,99729.99989500311,-203528.3338770558,300.4895962633514,145
49870000,99739.99989496877,-204038.15874852904,297.1761424561109,145
49875000,99749.99989493443,-204181.85911004688,299.3104759624463,145
49880000,99759.99989490009,-204148.57616419683,299.29730275417575,145
49885000,99769.99989486574,-203813.1737250744,306.6775582512967,145
49890000,99779.9998948314,-204387.24465310026,300.02635092081186,145
49895000,99789.99989479706,-204258.5516828486,301.9565597871912,145
49900000,99799.99989476272,-204310.62232486764,295.34952773068983,145
49905000,99809.99989472837,-203361.58224819123,302.005201613508,145
49910000,99819.99989469403,-203595.14883027493,304.4330325838589,145
49915000,99829.99989465969,-203212.1406922423,297.7485595234191,145
49920000,99839.99989462535,-204066.01332693594,299.225593414088,145
49925000,99849.999894591,-204065.44921546476,300.52279448350964,145
49930000,99859.99989455666,-203376.11999655096,295.7101715839276,145
49935000,99869.99989452232,-203618.62944877427,304.5315752338334,145
49940000,99879.99989448798,-204139.54566494445,301.3186204810777,145
49945000,99889.99989445363,-204038.86859215598,302.2897021544626,145
49950000,99899.99989441929,-203639.819548327,299.32238339511207,145
49955000,99909.99989438495,-203548.9592083582,302.68873797623945,145
49960000,99919.9998943506,-204151.38017726294,301.697800366646,145
49965000,99929.99989431626,-204234.2908258104,301.04963539410187,145
49970000,99939.99989428192,-203705.38648040232,303.30503643530466,145
49975000,99949.99989424758,-203947.08334264287,300.031600793685,145
49980000,99959.99989421324,-204057.70870872273,303.0188686893293,145
49985000,99969.9998941789,-204011.6917261813,296.56272403237244,145
49990000,99979.99989414455,-203836.5209233642,301.5165121359928,145
49995000,99989.99989411021,-204130.32222846465,302.14408830164643,145
50000000,99999.99989407587,-203575.43915657199,297.6489081699231,145
50005000,100009.99989404152,-204084.4567067275,293.84318764348143,145
50010000,100019.99989400718,-204082.96868768742,295.23882205338657,145
50015000,100029.99989397284,-204486.73279235105,301.51780979222417,145
50020000,100039.9998939385,-204740.481151695,302.3218166914761,145
50025000,100049.99989390415,-203194.6787237085,299.7405211274986,145
50030000,100059.99989386981,-204137.67942205048,302.3002483112775,145
50035000,100069.99989383547,-203235.15398712212,296.0457371699475,145
50040000,100079.99989380113,-203975.7636970611,303.602571941868,145
50045000,100089.99989376678,-203774.70400561672,295.72183705744203,145
50050000,100099.99989373244,-203656.8566084808,303.0399038345361,145
50055000,100109.9998936981,-203515.44758393453,299.78900186562527,145
50060000,100119.99989366376,-203715.36958583212,297.91149732547535,145
50065000,100129.99989362941,-204126.7354195004,304.9277792348248,145
50070000,100139.99989359507,-204198.53747948608,298.61393814592617,145
50075000,100149.99989356073,-202967.4205902581,298.7721632258798,145
50080000,100159.99989352639,-203652.44813076465,296.8680937809901,145
50085000,100169.99989349204,-204616.2589769212,295.81140543508,145
50090000,100179.9998934577,-204282.06853931455,300.69001241956954,145
50095000,100189.99989342336,-203826.76647828426,308.5424969299017,145
50100000,100199.99989338902,-203525.27731684095,299.0569678692753,145
50105000,100209.99989335467,-203160.00020539563,295.4597740704053,145
50110000,100219.99989332033,-204163.15910274722,296.4469636022337,145
50115000,100229.99989328599,-204081.0873298234,301.06393509208704,145
50120000,100239.99989325165,-203830.5890424786,297.32512518410505,145
50125000,100249.9998932173,-203947.4530226168,302.02463388203665,145
50130000,100259.99989318296,-203549.1705488821,301.57758740749847,145
50135000,100269.99989314862,-204474.40220785665,297.82642234536286,145
50140000,100279.99989311428,-204246.7612425359,300.3801398963688,145
50145000,100289.99989307993,-203711.8108418563,299.16986461301576,145
50150000,100299.99989304559,-203485.73321358557,292.8436389430396,145
50155000,100309.99989301125,-203096.66447483748,298.11916587514577,145
50160000,100319.9998929769,-203731.50056400918,295.95000122716624,145
50165000,100329.99989294256,-203437.00426612142,299.3021754634916,145
50170000,100339.99989290822,-203274.19407628814,298.49744636058205,145
50175000,100349.99989287388,-203413.6577132378,302.809958234465,145
50180000,100359.99989283954,-203783.00386931258,302.05862918897657,145
50185000,100369.9998928052,-203945.52500121773,299.8228545242359,145
50190000,100379.99989277085,-203396.2389636594,300.80130090426326,145
50195000,100389.99989273651,-203615.38271231006,298.7047505640229,145
50200000,100399.99989270217,-204264.89470114885,308.63455722971935,145
50205000,100409.99989266782,-203480.3830375065,299.23660309132464,145
50210000,100419.99989263348,-203831.36689972167,303.4528222612083,145
50215000,100429.99989259914,-203520.20403888205,299.9431651759918,145
50220000,100439.9998925648,-203659.8934327619,306.86041707913927,145
50225000,100449.99989253045,-204680.6298299802,297.41506183117485,145
50230000,100459.99989249611,-204186.66246983106,298.20752640363753,145
50235000,100469.99989246177,-203223.9487307989,295.60585372798573,145
50240000,100479.99989242743,-204101.1918981108,297.1681466890478,145
50245000,100489.99989239308,-204193.4706041119,306.53021027867186,145
50250000,100499.99989235874,-204172.12164235313,306.3876842904057,145
50255000,100509.9998923244,-204353.16923422366,306.3687994292171,145
50260000,100519.99989229006,-203492.41933927184,297.96425170459605,145
50265000,100529.99989225571,-203391.18404514133,302.01313520644925,145
50270000,100539.99989222137,-204045.2359741046,300.36069850783474,145
50275000,100549.99989218703,-203825.63489549048,297.79925427817847,145
50280000,100559.99989215269,-203974.66068335273,298.91848036443224,145
50285000,100569.99989211834,-204135.31016170816,300.1254123167224,145
50290000,100579.999892084,-204543.65842595499,295.8332405457094,145
50295000,100589.99989204966,-204223.60094142554,305.5156272086648,145
50300000,100599.99989201532,-203798.16822976572,298.81778404762605,145
50305000,100609.99989198097,-204815.82433159417,295.9749444089174,145
50310000,100619.99989194663,-204031.82705051743,302.97873003421614,145
50315000,100629.99989191229,-203656.96586461004,301.0796172991651,145
50320000,100639.99989187795,-203771.31058703666,297.36864308971707,145
50325000,100649.9998918436,-204536.6642747973,303.5116329103374,145
50330000,100659.99989180926,-204156.63805593736,304.5379986783035,145
50335000,100669.99989177492,-203835.6205580508,301.1574285101039,145
50340000,100679.99989174058,-204315.37782803667,295.51051078270314,145
50345000,100689.99989170623,-203151.94620134681,302.2308374349748,145
50350000,100699.99989167189,-204728.03697247652,298.8159953785605,145
50355000,100709.99989163755,-203806.85823896446,305.7884440392104,145
50360000,100719.9998916032,-203806.31705985358,298.9702814160102,145
50365000,100729.99989156886,-204144.62186537718,292.3053566132786,145
50370000,100739.99989153452,-204468.11763510725,301.8055135672375,145
50375000,100749.99989150018,-203809.71412220097,298.9305640545595,145
50380000,100759.99989146584,-203463.60540226556,297.63937905763856,145
50385000,100769.9998914315,-203846.29882027966,303.37031967975486,145
50390000,100779.99989139715,-203781.87205754977,297.31487846547634,145
50395000,100789.99989136281,-204018.9731418346,299.05491605738666,145
50400000,100799.99989132847,-203149.77610682498,300.9705303551497,145
50405000,100809.99989129412,-203516.4796250969,302.9317404049655,145
50410000,100819.99989125978,-203553.24388676428,296.9621101716984,145
50415000,100829.99989122544,-203196.48822197295,301.5780243590078,145
50420000,100839.9998911911,-203619.14963627583,304.3043072734478,145
50425000,100849.99989115675,-203766.98128288914,302.9973241972702,145
50430000,100859.99989112241,-203948.418284124,299.6217257992903,145
50435000,100869.99989108807,-204602.79895390547,299.5862156537718,145
50440000,100879.99989105373,-204588.26409867324,304.9773196675374,145
50445000,100889.99989101938,-203682.14481753355,296.71742907320174,145
50450000,100899.99989098504,-204557.444806366,295.31391041717745,145
50455000,100909.9998909507,-204254.15789570194,298.1794336240517,145
50460000,100919.99989091636,-203745.84151046025,302.9312413681268,145
50465000,100929.99989088201,-203804.18988569302,299.9588881816984,145
50470000,100939.99989084767,-203726.5458744265,302.4589003192911,145
50475000,100949.99989081333,-203090.06976163457,298.0837483262083,145
50480000,100959.99989077898,-203762.02991297678,300.65234866105334,145
50485000,100969.99989074464,-203508.78892521397,300.084800693086,145
50490000,100979.9998907103,-202801.14470769907,295.5133393068834,145
50495000,100989.99989067596,-203179.70204586373,302.5716995177139,145
50500000,100999.99989064161,-203792.3235509235,305.6052132002071,145
50505000,101009.99989060727,-203779.47777294903,292.7305441371012,145
50510000,101019.99989057293,-203688.15270121745,299.35541343790305,145
50515000,101029.99989053859,-203478.19531658525,301.5764293452719,145
50520000,101039.99989050424,-203619.69916564832,302.7965253226481,145
50525000,101049.9998904699,-203136.0680809921,298.063213195212,145
50530000,101059.99989043556,-203325.18534996558,300.8476745396519,145
50535000,101069.99989040122,-203520.12463963695,299.8224048725655,145
50540000,101079.99989036687,-202998.67003075127,296.6137874698263,145
50545000,101089.99989033253,-204057.1512197674,300.72033314546275,145
50550000,101099.99989029819,-203720.50336447102,301.1837296154469,145
50555000,101109.99989026385,-203915.24911201803,300.476646520096,145
50560000,101119.9998902295,-203269.75575828634,304.0997493119415,145
50565000,101129.99989019516,-203639.20953783335,299.0814582515353,145
50570000,101139.99989016082,-203949.4520595664,299.8099860973825,145
50575000,101149.99989012648,-203886.62142618035,300.61228618254546,145
50580000,101159.99989009213,-204100.69420947158,308.39282012733054,145
50585000,101169.99989005779,-203675.02598092996,294.32086910550044,145
50590000,101179.99989002345,-203491.08492106374,302.75970604897014,145
50595000,101189.9998899891,-203752.1295567829,299.13824759858113,145
50600000,101199.99988995476,-203682.38780138793,297.66855526292676,145
50605000,101209.99988992042,-204161.057400938,302.4494357359863,145
50610000,101219.99988988608,-204559.6532406672,305.2696410520157,145
50615000,101229.99988985174,-203942.2273548703,302.49361593760244,145
50620000,101239.9998898174,-204667.34397128725,300.3519787015872,145
50625000,101249.99988978305,-203693.89874452248,300.6045582844431,145
50630000,101259.99988974871,-203109.83099087246,306.22411418026303,145
50635000,101269.99988971437,-204244.05037714995,297.15997956459665,145
50640000,101279.99988968002,-203510.55454091227,300.28129600375746,145
50645000,101289.99988964568,-204394.08891810302,298.39135036421516,145
50650000,101299.99988961134,-204296.3114724101,297.25582745925567,145
50655000,101309.999889577,-203352.22766083432,296.2501698922503,145
50660000,101319.99988954265,-204005.44745066226,300.4939336929348,145
50665000,101329.99988950831,-203651.66227148252,301.33200750854814,145
50670000,101339.99988947397,-204076.78347163403,302.66376565257127,145
50675000,101349.99988943963,-204092.27889858396,302.9691314080405,145
50680000,101359.99988940528,-204096.71185532666,299.42373542429016,145
50685000,101369.99988937094,-204185.03888275614,295.4342144389351,145
50690000,101379.9998893366,-203532.114437239,303.76786088335115,145
50695000,101389.99988930226,-203701.63940893114,295.9773318006753,145
50700000,101399.99988926791,-203798.40834698232,303.9357215684191,145
50705000,101409.99988923357,-203251.04322872008,294.681292207406,145
50710000,101419.99988919923,-203734.24040777178,303.9154637044054,145
50715000,101429.99988916489,-202968.48594544223,303.8373559603871,145
50720000,101439.99988913054,-203055.27514721116,303.0708555487017,145
50725000,101449.9998890962,-203647.50280455314,300.07623254641015,145
50730000,101459.99988906186,-204156.4212725422,300.66714629520175,145
50735000,101469.99988902752,-204102.1140130976,302.64385016399245,145
50740000,101479.99988899317,-204257.5346837222,298.6375874165295,145
50745000,101489.99988895883,-202967.76920637896,309.1528031539838,145
50750000,101499.99988892449,-204219.4452692418,301.3588955866156,145
50755000,101509.99988889015,-204284.37772765604,304.2216381189042,145
50760000,101519.9998888558,-204506.53653212567,302.21253644048375,145
50765000,101529.99988882146,-204612.98842763517,298.88527101943504,145
50770000,101539.99988878712,-203990.56444882217,301.02601620825396,145
50775000,101549.99988875278,-203635.47381979995,302.43221369337107,145
50780000,101559.99988871843,-204010.2664456939,296.0864513987333,145
50785000,101569.99988868409,-203345.0503316212,297.8660416493674,145
50790000,101579.99988864975,-203474.08262373426,299.9763961621081,145
50795000,101589.9998886154,-204090.7482377675,296.87740880065917,145
50800000,101599.99988858106,-204096.63097735704,296.96916324371693,145
50805000,101609.99988854672,-203760.28039185703,299.24020134682945,145
50810000,101619.99988851238,-203839.57673748513,300.99322955140605,145
50815000,101629.99988847804,-203904.0432274578,298.8174564924615,145
50820000,101639.9998884437,-204316.12324353086,301.10687029758606,145
50825000,101649.99988840935,-203757.68093892396,297.5126537429818,145
50830000,101659.99988837501,-203623.96596916474,301.7007108759153,145
50835000,101669.99988834067,-203921.40976242826,297.0267380671837,145
50840000,101679.99988830632,-203862.7507908455,300.4749562564933,145
50845000,101689.99988827198,-203378.74876373727,304.0907298968803,145
50850000,101699.99988823764,-203077.35642971215,303.79034940048336,145
50855000,101709.9998882033,-203388.19483089878,296.5897473710024,145
50860000,101719.99988816895,-203276.29297447903,301.78710286670247,145
50865000,101729.99988813461,-204051.47756486665,300.6016209939374,145
50870000,101739.99988810027,-204661.95428210706,305.35732147065806,145
50875000,101749.99988806593,-203675.0377679289,298.7470084224063,145
50880000,101759.99988803158,-204183.1807986719,300.4737794528908,145
50885000,101769.99988799724,-203490.61671777966,299.9775600299257,145
50890000,101779.9998879629,-202838.6244416607,291.8856344894177,145
50895000,101789.99988792856,-203342.73576218437,300.2321448977886,145
50900000,101799.99988789421,-203559.15677085973,301.45185381239156,145
50905000,101809.99988785987,-203895.14634614636,305.4267105391264,145
50910000,101819.99988782553,-204387.3082850715,303.3526751655187,145
50915000,101829.99988779119,-203942.80889712647,300.1121495100645,145
50920000,101839.99988775684,-203814.69674211298,300.50831954595424,145
50925000,101849.9998877225,-203672.6974561566,305.0389891533236,145
50930000,101859.99988768816,-203617.72358306358,295.7067488300192,145
50935000,101869.99988765382,-204233.26905692532,301.0312026222193,145
50940000,101879.99988761947,-204061.4197008725,301.20990497164377,145
50945000,101889.99988758513,-204129.75452407764,298.8026999455945,145
50950000,101899.99988755079,-203675.15061335207,298.21082931731735,145
50955000,101909.99988751645,-203653.09560575837,300.46503396018386,145
50960000,101919.9998874821,-204072.87593502505,301.4310011227749,145
50965000,101929.99988744776,-204594.10078721924,299.52610059228346,145
50970000,101939.99988741342,-204355.28677806864,301.39882494973193,145
50975000,101949.99988737908,-203241.21968013956,301.8973082980542,145
50980000,101959.99988734473,-204261.35884470656,304.92573841027365,145
50985000,101969.99988731039,-203848.65032728913,299.80375326160333,145
50990000,101979.99988727605,-203918.0056252206,297.8195966797169,145
50995000,101989.9998872417,-203980.76920613705,302.0575670670243,145
51000000,101999.99988720736,-204157.1097930437,299.49101237021995,145
51005000,102009.99988717302,-204241.36158271204,300.2206088448638,145
51010000,102019.99988713868,-204245.01993165747,300.53158923675164,145
51015000,102029.99988710434,-204064.48639726243,297.7494368255655,145
51020000,102039.99988707,-203537.15388850332,298.07297806624643,145
51025000,102049.99988703565,-203584.13490390254,303.3859446558496,145
51030000,102059.99988700131,-203593.3190663479,303.12561747402043,145
51035000,102069.99988696697,-204143.4231800713,299.3180757130869,145
51040000,102079.99988693262,-204455.76719522697,299.50497864409493,145
51045000,102089.99988689828,-203296.82055119995,304.15147134410313,145
51050000,102099.99988686394,-203498.80592896685,299.0196380497356,145
51055000,102109.9998868296,-203804.8889799202,301.22916557694356,145
51060000,102119.99988679525,-203630.46662948502,300.85988367076715,145
51065000,102129.99988676091,-204861.64680996607,298.03285623661014,145
51070000,102139.99988672657,-203480.70641735953,295.1067807837864,145
51075000,102149.99988669223,-204043.88728672673,299.5239189173895,145
51080000,102159.99988665788,-204613.28244398558,299.6736014732849,145
51085000,102169.99988662354,-204056.88909565168,303.09087716840185,145
51090000,102179.9998865892,-203862.66075275082,305.66469830044224,145
51095000,102189.99988655486,-203936.57265423657,307.06191111064345,145
51100000,102199.99988652051,-204173.6738836274,302.82048622576133,145
51105000,102209.99988648617,-203649.55667006935,302.02530938237317,145
51110000,102219.99988645183,-204530.39009706327,292.66807336317606,145
51115000,102229.99988641748,-204113.22314165905,298.26953819786826,145
51120000,102239.99988638314,-204600.3696397905,296.54999502411385,145
51125000,102249.9998863488,-204015.4435217114,301.5613982361762,145
51130000,102259.99988631446,-203994.4552617512,298.29139514864914,145
51135000,102269.99988628011,-203324.15421696415,301.6357546858489,145
51140000,102279.99988624577,-203522.20610711386,298.851304967582,145
51145000,102289.99988621143,-204445.17362754873,300.66970106798084,145
51150000,102299.99988617709,-203935.93510911812,298.46102123147,145
51155000,102309.99988614274,-204003.84420991468,298.75608210877783,145
51160000,102319.9998861084,-204246.60213542625,301.4037756112754,145
51165000,102329.99988607406,-203456.6543556652,301.29326753136985,145
51170000,102339.99988603972,-203965.07575161848,302.5565954518591,145
51175000,102349.99988600537,-204520.5233387458,300.12283999505604,145
51180000,102359.99988597103,-203570.264315638,303.2237599910832,145
51185000,102369.99988593669,-203301.8688724062,304.21328352090416,145
51190000,102379.99988590235,-203871.69825442438,301.249876097643,145
51195000,102389.999885868,-204142.3041290635,303.797388745829,145
51200000,102399.99988583366,-203754.25370650867,299.70956767561347,145
51205000,102409.99988579932,-203737.41973338847,296.9616620822552,145
51210000,102419.99988576498,-203687.48556235025,298.79492926150937,145
51215000,102429.99988573063,-203953.94292374654,300.4666586284276,145
51220000,102439.99988569629,-203924.28423780098,301.55941525448003,145
51225000,102449.99988566195,-203287.57594237337,299.4384964853606,145
51230000,102459.9998856276,-203694.8559789958,298.5940492599734,145
51235000,102469.99988559326,-204233.30805526744,300.78669229917193,145
51240000,102479.99988555892,-204796.01138520485,306.1098239938509,145
51245000,102489.99988552458,-203946.11996824085,303.30046536909106,145
51250000,102499.99988549024,-204165.02239507798,301.66978991046614,145
51255000,102509.9998854559,-203867.27687305876,297.65832297186984,145
51260000,102519.99988542155,-203648.37898992468,297.59893344712424,145
51265000,102529.99988538721,-203340.06792396854,300.8311941914085,145
51270000,102539.99988535287,-203414.95023874938,302.2107215915152,145
51275000,102549.99988531852,-204097.62812469085,298.26823602696584,145
51280000,102559.99988528418,-204041.21681907028,299.3567792232097,145
51285000,102569.99988524984,-203605.28233242896,301.2898419986806,145
51290000,102579.9998852155,-203775.82964552147,296.1636224664541,145
51295000,102589.99988518115,-203558.080125454,295.9329167225645,145
51300000,102599.99988514681,-204487.31702092977,299.78092919650527,145
51305000,102609.99988511247,-203469.42079380318,301.5334670098412,145
51310000,102619.99988507813,-202827.1821735649,300.4078129981219,145
51315000,102629.99988504378,-203501.4382542451,298.14627673003474,145
51320000,102639.99988500944,-203443.26904484758,299.9645014106729,145
51325000,102649.9998849751,-203364.97943066526,299.7566154295022,145
51330000,102659.99988494076,-203573.7440891487,305.8504830715703,145
51335000,102669.99988490641,-203663.89988508902,301.4159452681676,145
51340000,102679.99988487207,-204285.46220693202,303.06065326928086,145
51345000,102689.99988483773,-203452.18640373077,296.9008244635022,145
51350000,102699.99988480339,-204110.702901799,299.0749040732863,145
51355000,102709.99988476904,-203961.76198204397,301.1646593897695,145
51360000,102719.9998847347,-203925.4260339687,302.5865975206895,145
51365000,102729.99988470036,-203235.11491996702,294.96652453251517,145
51370000,102739.99988466602,-203724.90462232032,302.3423476106121,145
51375000,102749.99988463167,-203385.37438679312,303.58273749449154,145
51380000,102759.99988459733,-203786.3579186122,300.5082988662143,145
51385000,102769.99988456299,-203548.82470150047,302.7525395397294,145
51390000,102779.99988452865,-203216.70267805015,303.7080192278373,145
51395000,102789.9998844943,-203719.90662186872,295.28037661011933,145
51400000,102799.99988445996,-204094.88208043238,298.13553551463264,145
51405000,102809.99988442562,-204058.8352003229,297.9088774438346,145
51410000,102819.99988439128,-203344.81525460933,296.8269062850984,145
51415000,102829.99988435693,-203605.99735134747,302.01173538928714,145
51420000,102839.99988432259,-204999.89945653884,302.5322897106706,145
51425000,102849.99988428825,-203790.7898265248,298.543826960317,145
51430000,102859.9998842539,-203820.61453196965,302.79570748759005,145
51435000,102869.99988421956,-204054.16617214459,300.60874194203006,145
51440000,102879.99988418522,-204332.72590210545,300.79632046355334,145
51445000,102889.99988415088,-203617.56015955762,295.91210033476614,145
51450000,102899.99988411654,-203773.51606813527,302.58951323089354,145
51455000,102909.9998840822,-203031.26867558074,301.87500874549636,145
51460000,102919.99988404785,-203305.99764359684,296.9053841108497,145
51465000,102929.99988401351,-204031.08762460586,301.1297628195871,145
51470000,102939.99988397917,-203760.70817367942,301.15895072478344,145
51475000,102949.99988394482,-204153.928077457,301.79703078969874,145
51480000,102959.99988391048,-204254.22676986957,297.4081121017612,145
51485000,102969.99988387614,-203448.11114305118,303.21677786501397,145
51490000,102979.9998838418,-203034.57978123694,296.3178051219999,145
51495000,102989.99988380745,-203865.39081366523,295.5468592791289,145
51500000,102999.99988377311,-203735.86921759613,303.8809587728972,145
51505000,103009.99988373877,-204246.11017380632,298.9650324585675,145
51510000,103019.99988370443,-203954.16473913274,299.7647527626157,145
51515000,103029.99988367008,-204390.64281187102,300.5442051033077,145
51520000,103039.99988363574,-204068.7062472416,298.3416382737467,145
51525000,103049.9998836014,-204030.76707671687,296.25605013610675,145
51530000,103059.99988356706,-203223.21804051928,303.7333949282188,145
51535000,103069.99988353271,-203914.89135795238,296.0245375054179,145
51540000,103079.99988349837,-204166.65647877578,299.40587715088634,145
51545000,103089.99988346403,-203336.2077105859,295.8971562002191,145
51550000,103099.99988342969,-203833.93713812984,299.0369348667563,145
51555000,103109.99988339534,-204233.3269466071,298.3286630907403,145
51560000,103119.999883361,-203606.1242509588,298.9498160825094,145
51565000,103129.99988332666,-203348.1009206291,301.63290873179267,145
51570000,103139.99988329232,-203613.57488104992,300.555256847696,145
51575000,103149.99988325797,-204335.6698428772,301.8734839130756,145
51580000,103159.99988322363,-203771.1630979986,301.38316564794803,145
51585000,103169.99988318929,-204812.51916136313,296.22211233666457,145
51590000,103179.99988315495,-204438.57021872536,299.1317767613714,145
51595000,103189.9998831206,-204049.9082371142,299.951627002272,145
51600000,103199.99988308626,-203259.09934199112,297.4942575931485,145
51605000,103209.99988305192,-203552.36750050844,296.7035899641181,145
51610000,103219.99988301758,-205087.49178173707,303.5669306079346,145
51615000,103229.99988298323,-204269.06839814933,301.49717028453904,145
51620000,103239.99988294889,-203952.19106334785,298.06294747419065,145
51625000,103249.99988291455,-203927.90848012175,298.51655587874126,145
51630000,103259.9998828802,-202711.21391159587,297.9361195191834,145
51635000,103269.99988284586,-203596.8898544493,301.5937444785826,145
51640000,103279.99988281152,-203590.0789228275,306.2611068188262,145
51645000,103289.99988277718,-204865.06402017723,297.3082136597096,145
51650000,103299.99988274284,-203198.01200964395,297.5559983098835,145
51655000,103309.9998827085,-204045.21651526878,299.3541721023089,145
51660000,103319.99988267415,-204261.71610402816,295.2171548496931,145
51665000,103329.99988263981,-203602.0504160769,299.29796320582824,145
51670000,103339.99988260547,-204188.62603162287,296.3899184781803,145
51675000,103349.99988257112,-203104.73982818192,301.12258759373515,145
51680000,103359.99988253678,-204308.35791903874,298.8558117560647,145
51685000,103369.99988250244,-204722.71369795525,301.7675073014567,145
51690000,103379.9998824681,-204174.0806054254,299.68407089253776,145
51695000,103389.99988243375,-203760.55647039565,299.6942586615694,145
51700000,103399.99988239941,-204015.60600962548,303.5776909613167,145
51705000,103409.99988236507,-204085.24812435615,300.6369696668697,145
51710000,103419.99988233073,-204690.46712701686,303.9558370229932,145
51715000,103429.99988229638,-203533.72888804937,297.8775813682339,145
51720000,103439.99988226204,-204180.4167260955,297.492147557825,145
51725000,103449.9998822277,-204398.8175280547,301.15727593778627,145
51730000,103459.99988219336,-203889.68470714567,301.0425933229521,145
51735000,103469.99988215901,-204018.980688005,303.5103328245921,145
51740000,103479.99988212467,-203404.943859488,302.66428951981203,145
51745000,103489.99988209033,-204038.72902412817,300.22817806235656,145
51750000,103499.99988205598,-203635.48238563922,296.9565274824172,145
51755000,103509.99988202164,-203948.80786621815,294.1928431421763,145
51760000,103519.9998819873,-203756.92564224615,296.1451845873346,145
51765000,103529.99988195296,-203282.4559728501,300.699972496485,145
51770000,103539.99988191861,-204244.82789593167,297.4002787713571,145
51775000,103549.99988188427,-203646.0746840348,303.118031077564,145
51780000,103559.99988184993,-203691.88019897602,301.68100969091387,145
51785000,103569.99988181559,-204046.8556494878,301.1298633347382,145
51790000,103579.99988178124,-203427.02865566884,302.3454989188774,145
51795000,103589.9998817469,-203525.94577378687,301.61951666122195,145
51800000,103599.99988171256,-204513.6237104911,296.27059550808326,145
51805000,103609.99988167822,-204401.52155954216,300.28035035982464,145
51810000,103619.99988164387,-204454.0592662939,303.5452434118882,145
51815000,103629.99988160953,-203662.40217501845,301.65851860611275,145
51820000,103639.99988157519,-204023.9814771486,297.9395173739731,145
51825000,103649.99988154085,-204110.1224704896,296.70725372034116,145
51830000,103659.9998815065,-204054.66714137443,300.73731289094,145
51835000,103669.99988147216,-203737.59093759977,301.54752384576614,145
51840000,103679.99988143782,-203888.38387838588,297.18795811464884,145
51845000,103689.99988140348,-204027.80867961317,295.06565037391454,145
51850000,103699.99988136913,-203010.25956099888,305.5480780486527,145
51855000,103709.99988133479,-204113.863638844,304.0884403881503,145
51860000,103719.99988130045,-204188.75290015934,304.1958122537677,145
51865000,103729.9998812661,-204250.5045912658,300.746156060597,145
51870000,103739.99988123176,-203937.41844920325,299.4630260438489,145
51875000,103749.99988119742,-204606.9186538792,296.59826481035316,145
51880000,103759.99988116308,-203540.07324401243,300.80350988097814,145
51885000,103769.99988112874,-203995.9215822399,299.36119132221484,145
51890000,103779.9998810944,-204328.54733699956,301.40552918128293,145
51895000,103789.99988106005,-204691.61001874798,302.9500987287665,145
51900000,103799.99988102571,-204764.791065032,298.89219035288346,145
51905000,103809.99988099137,-203799.5478243261,304.7883566004384,145
51910000,103819.99988095702,-203641.1790298057,303.95868833559615,145
51915000,103829.99988092268,-204224.54737398576,301.67303330839667,145
51920000,103839.99988088834,-204496.43743529567,295.3581672979501,145
51925000,103849.999880854,-204249.7719135274,300.0875785096212,145
51930000,103859.99988081965,-203515.1851918532,299.16479850341193,145
51935000,103869.99988078531,-204008.9047849552,302.09895010428363,145
51940000,103879.99988075097,-203686.70686870976,297.34092897879833,145
51945000,103889.99988071663,-203726.81237811258,299.6902048383547,145
51950000,103899.99988068228,-204157.5568423766,301.82638976888796,145
51955000,103909.99988064794,-204001.25989169313,301.0474247028473,145
51960000,103919.9998806136,-203928.41417693754,301.287779935224,145
51965000,103929.99988057926,-203928.4851281906,299.560423493114,145
51970000,103939.99988054491,-205046.95493145694,291.7038435025443,145
51975000,103949.99988051057,-203743.84278687404,304.88164071956885,145
51980000,103959.99988047623,-203599.20934624132,304.37782977789306,145
51985000,103969.99988044189,-204228.29455714114,298.77020226325715,145
51990000,103979.99988040754,-203590.82952286932,304.34976714136576,145
51995000,103989.9998803732,-202824.95719222643,303.4368079452613,145
52000000,103999.99988033886,-203657.07983593154,296.31829430354213,145
52005000,104009.99988030452,-203373.8327927573,301.7966532436033,145
52010000,104019.99988027017,-203754.23976208852,303.2186864671376,145
52015000,104029.99988023583,-203563.07146430586,299.20961341423697,145
52020000,104039.99988020149,-204014.6868481331,302.9948152342909,145
52025000,104049.99988016715,-204027.17746381357,300.7323400237219,145
52030000,104059.9998801328,-204061.0427555869,302.15772561614705,145
52035000,104069.99988009846,-204017.53315632546,300.97262856267537,145
52040000,104079.99988006412,-203520.82808549644,296.1521138771075,145
52045000,104089.99988002978,-202958.21014094236,296.156821619458,145
52050000,104099.99987999543,-203709.06572221138,302.99067476049606,145
52055000,104109.99987996109,-203856.92997266084,303.9382014890097,145
52060000,104119.99987992675,-203706.89020875318,300.5768106261368,145
52065000,104129.9998798924,-203355.445420746,297.1989483652065,145
52070000,104139.99987985806,-203443.82205980946,301.82541167642984,145
52075000,104149.99987982372,-204402.0240343361,298.60607380056797,145
52080000,104159.99987978938,-203476.4479064179,296.96199995725954,145
52085000,104169.99987975504,-203290.0471504992,304.1270729825212,145
52090000,104179.9998797207,-204160.3000923607,303.84205377245877,145
52095000,104189.99987968635,-204789.84878499177,298.35779764967174,145
52100000,104199.99987965201,-204146.8791862462,296.20722538931034,145
52105000,104209.99987961767,-204301.97951474285,300.3096933526802,145
52110000,104219.99987958332,-203390.22570783878,296.92290797570234,145
52115000,104229.99987954898,-203954.4138637894,299.7454887231402,145
52120000,104239.99987951464,-203635.91982369707,295.1552751389658,145
52125000,104249.9998794803,-204036.32109227718,298.710386084142,145
52130000,104259.99987944595,-204706.03409752692,294.555028465475,145
52135000,104269.99987941161,-204271.03014820255,301.23597673658065,145
52140000,104279.99987937727,-204327.780678725,304.2637015991101,145
52145000,104289.99987934293,-203747.5008601715,297.6220457913687,145
52150000,104299.99987930858,-203716.24549066718,298.0538251032136,145
52155000,104309.99987927424,-204196.69126251887,303.20293003740915,145
52160000,104319.9998792399,-203033.29586396995,298.0083201665164,145
52165000,104329.99987920556,-203949.84441753745,299.72452385464675,145
52170000,104339.99987917121,-203606.1192045511,303.79632206733675,145
52175000,104349.99987913687,-203631.94661866745,301.5265173751342,145
52180000,104359.99987910253,-204017.65003107756,303.3627195536889,145
52185000,104369.99987906819,-204181.12693481368,303.2777264985045,145
52190000,104379.99987903384,-203708.93001192168,298.2158048228915,145
52195000,104389.9998789995,-203607.79747202445,298.0835931471598,145
52200000,104399.99987896516,-203113.1106254817,300.2960973137122,145
52205000,104409.99987893082,-203462.02798670705,304.8075241863304,145
52210000,104419.99987889647,-204340.4200260142,299.9682535792017,145
52215000,104429.99987886213,-203494.2690303143,304.5128941396662,145
52220000,104439.99987882779,-204290.66892156075,302.87098938739524,145
52225000,104449.99987879345,-204162.96005231387,303.6425806157409,145
52230000,104459.9998787591,-204208.0768100922,304.35373488531957,145
52235000,104469.99987872476,-204069.6162901061,302.67848465157266,145
52240000,104479.99987869042,-204555.86043490155,303.9412599320367,145
52245000,104489.99987865608,-204271.43992074498,298.34978092803254,145
52250000,104499.99987862173,-204080.13930997765,300.94692282939735,145
52255000,104509.99987858739,-203620.69793837157,298.9716504111206,145
52260000,104519.99987855305,-203894.76391535404,301.6778117019702,145
52265000,104529.9998785187,-204625.35169588763,301.91331346835915,145
52270000,104539.99987848436,-204273.61853079766,300.9572039682712,145
52275000,104549.99987845002,-204048.34194117016,302.08120444763455,145
52280000,104559.99987841568,-203944.3992444917,300.95962267118654,145
52285000,104569.99987838134,-203751.83347035234,293.4168374839541,145
52290000,104579.999878347,-203105.44572725764,299.5231902981115,145
52295000,104589.99987831265,-203126.60207587993,299.6918226703937,145
52300000,104599.99987827831,-204315.9976527209,300.0007186857445,145
52305000,104609.99987824397,-203970.5469638122,301.09907548505595,145
52310000,104619.99987820962,-204577.8289243494,300.2848539605674,145
52315000,104629.99987817528,-203406.06736650143,302.9162147932529,145
52320000,104639.99987814094,-203530.43773850705,299.4543990554318,145
52325000,104649.9998781066,-203171.9880495579,299.1988700347046,145
52330000,104659.99987807225,-203492.96228446357,304.55449941559726,145
52335000,104669.99987803791,-203801.24989085377,299.7780235873153,145
52340000,104679.99987800357,-203666.4888934287,306.4600116927544,145
52345000,104689.99987796923,-204532.5198914786,303.4629338159333,145
52350000,104699.99987793488,-203821.5601400542,299.5046284032374,145
52355000,104709.99987790054,-204501.53764557058,301.3546413646745,145
52360000,104719.9998778662,-203784.3196204931,307.1809109163456,145
52365000,104729.99987783185,-203919.6231888578,304.1312084275294,145
52370000,104739.99987779751,-204245.92497328483,303.2848712939751,145
52375000,104749.99987776317,-204078.57841683866,299.4377650831818,145
52380000,104759.99987772883,-203169.52594366926,300.52299023970977,145
52385000,104769.99987769448,-203417.77627357375,299.9625012063743,145
52390000,104779.99987766014,-204501.4693070848,300.7959467685216,145
52395000,104789.9998776258,-203076.80806031998,303.392624517611,145
52400000,104799.99987759146,-203812.61266900483,303.5827216968165,145
52405000,104809.99987755711,-204529.64665038523,300.5710021066557,145
52410000,104819.99987752277,-203913.81965356972,299.2150379115345,145
52415000,104829.99987748843,-204629.05777016573,297.4834527204536,145
52420000,104839.99987745409,-203611.41466164042,301.60325510611756,145
52425000,104849.99987741974,-203354.7719364782,308.7370438387542,145
52430000,104859.9998773854,-204008.94488740165,303.8162044242076,145
52435000,104869.99987735106,-204116.65798960964,295.20958640340626,145
52440000,104879.99987731672,-203609.308322186,299.3354944844521,145
52445000,104889.99987728237,-203427.35534068255,300.1401130607044,145
52450000,104899.99987724803,-204996.30829686765,300.1688788116753,145
52455000,104909.99987721369,-203674.17614021653,299.1776918076923,145
52460000,104919.99987717935,-203902.95080747746,301.2453983457171,145
52465000,104929.999877145,-204267.36154023756,303.2645996648223,145
52470000,104939.99987711066,-204447.5836511678,297.6634010346205,145
52475000,104949.99987707632,-203652.19049080007,302.7807127812139,145
52480000,104959.99987704198,-204050.34526386787,299.5772997705653,145
52485000,104969.99987700763,-204345.74455441185,300.3141803534577,145
52490000,104979.99987697329,-204418.05428902712,302.75948657385584,145
52495000,104989.99987693895,-203872.92207249312,304.99383495040286,145
52500000,104999.9998769046,-203209.32998916344,301.05557633168297,145
52505000,105009.99987687026,-204397.87110631738,298.0106518332286,145
52510000,105019.99987683592,-204013.13793276483,300.63716702328173,145
52515000,105029.99987680158,-203892.85263715545,304.7663526433752,145
52520000,105039.99987676724,-204282.13855225616,297.2371272714723,145
52525000,105049.9998767329,-203529.29918744008,302.43279394120555,145
52530000,105059.99987669855,-204123.52468024788,300.6388844063476,145
52535000,105069.99987666421,-204416.14324036404,301.72322499082134,145
52540000,105079.99987662987,-203768.52248006535,298.9005582512089,145
52545000,105089.99987659552,-203558.36093314074,299.90217008876147,145
52550000,105099.99987656118,-203756.1562725018,297.31672837164996,145
52555000,105109.99987652684,-204473.31624112674,300.3071246185736,145
52560000,105119.9998764925,-204112.87608557905,301.13068859633546,145
52565000,105129.99987645815,-204047.3587671707,302.2397779293493,145
52570000,105139.99987642381,-203934.30000934668,302.6726654954168,145
52575000,105149.99987638947,-205020.76042061683,306.23039960808404,145
52580000,105159.99987635513,-204052.5166492886,306.6067607186017,145
52585000,105169.99987632078,-203360.2686807413,295.2559822345118,145
52590000,105179.99987628644,-203738.8398214432,296.7966457635909,145
52595000,105189.9998762521,-204183.58210630424,300.653436254199,145
52600000,105199.99987621776,-204164.04846166214,305.0112616986885,145
52605000,105209.99987618341,-203549.76707833353,303.3135559020945,145
52610000,105219.99987614907,-203117.81006592582,304.10963282650624,145
52615000,105229.99987611473,-203310.3374919633,303.4952109848771,145
52620000,105239.99987608039,-203853.6858404146,300.5472088288392,145
52625000,105249.99987604604,-203931.3722926979,299.5701350310929,145
52630000,105259.9998760117,-204302.4718303862,295.1574899747706,145
52635000,105269.99987597736,-203978.16553201573,302.9751864573977,145
52640000,105279.99987594302,-204159.20523879025,304.50521110597435,145
52645000,105289.99987590867,-204143.08172989392,302.07114520700895,145
52650000,105299.99987587433,-204217.56222053687,298.5030862321779,145
52655000,105309.99987583999,-204055.66356985166,302.2939857634758,145
52660000,105319.99987580565,-204822.50892058166,298.4721389146592,145
52665000,105329.9998757713,-203076.3547472111,301.11875660209955,145
52670000,105339.99987573696,-204003.24970476935,301.4626684560646,145
52675000,105349.99987570262,-203047.54356340284,297.783750369972,145
52680000,105359.99987566828,-203647.25866329193,304.3610517921384,145
52685000,105369.99987563393,-203869.14560844807,299.09516832615327,145
52690000,105379.99987559959,-204358.24819888885,302.9354279697533,145
52695000,105389.99987556525,-204030.5251409131,297.94881431245045,145
52700000,105399.9998755309,-204607.10133718431,300.3657677305468,145
52705000,105409.99987549656,-203469.46865167608,305.4646590271639,145
52710000,105419.99987546222,-203822.3566237844,300.3240341964396,145
52715000,105429.99987542788,-203670.49050092686,302.4492454675765,145
52720000,105439.99987539354,-205514.44593401498,299.5916568831251,145
52725000,105449.9998753592,-203476.77735098044,300.09636622172314,145
52730000,105459.99987532485,-204084.58926697448,301.4427920805506,145
52735000,105469.99987529051,-203892.51409734855,304.8461636157379,145
52740000,105479.99987525617,-203667.14346144337,304.07089290766635,145
52745000,105489.99987522182,-203706.58567826345,304.38581867039665,145
52750000,105499.99987518748,-203739.9573203161,301.66219408262685,145
52755000,105509.99987515314,-203224.38677762123,299.53281675959073,145
52760000,105519.9998751188,-203945.31378959422,299.2053877136653,145
52765000,105529.99987508445,-203265.34426189226,298.7068743450915,145
52770000,105539.99987505011,-203630.1392415975,299.620560181091,145
52775000,105549.99987501577,-204627.39599398838,298.75394712471996,145
52780000,105559.99987498143,-203825.23928319383,301.2997168548731,145
52785000,105569.99987494708,-203902.54606283573,298.7789908541396,145
52790000,105579.99987491274,-203726.55527533346,295.67890841082493,145
52795000,105589.9998748784,-204334.33345620346,299.41650069091395,145
52800000,105599.99987484406,-204458.8706203039,299.55869016335066,145
52805000,105609.99987480971,-203460.146407853,303.28725116071814,145
52810000,105619.99987477537,-203090.72903043078,299.9804406091175,145
52815000,105629.99987474103,-203671.9156695864,297.1109356152284,145
52820000,105639.99987470669,-204167.92893480987,299.6703620962449,145
52825000,105649.99987467234,-203942.48769963405,303.84021940410855,145
52830000,105659.999874638,-203737.83756289305,301.6653145339652,145
52835000,105669.99987460366,-205018.1797708415,297.3863579262416,145
52840000,105679.99987456932,-204057.77850984898,295.4196666763991,145
52845000,105689.99987453497,-204287.6917935491,301.4725648939827,145
52850000,105699.99987450063,-204206.02085163596,298.5100833156267,145
52855000,105709.99987446629,-204666.15670305304,301.123738395377,145
52860000,105719.99987443195,-203811.2047415952,298.02037756452637,145
52865000,105729.9998743976,-204252.7741515817,294.84411654427225,145
52870000,105739.99987436326,-203744.5431105179,300.01751522001416,145
52875000,105749.99987432892,-203999.97564595274,300.87705105062184,145
52880000,105759.99987429458,-203497.2472412357,300.8925478733396,145
52885000,105769.99987426023,-203253.04877807887,303.0839518266046,145
52890000,105779.99987422589,-203450.21615982556,294.90895438522176,145
52895000,105789.99987419155,-204321.8674875669,303.55415190610546,145
52900000,105799.9998741572,-203232.861302656,300.07999810591537,145
52905000,105809.99987412286,-204821.7858975965,304.5454698052845,145
52910000,105819.99987408852,-203526.07904710923,295.9811115821833,145
52915000,105829.99987405418,-203259.54477045056,303.3863673669331,145
52920000,105839.99987401984,-204124.04093995725,299.59918732540694,145
52925000,105849.9998739855,-205033.04213691666,297.2474478223706,145
52930000,105859.99987395115,-203589.1928536509,298.5957815764688,145
52935000,105869.99987391681,-203330.19194567006,299.7369951055971,145
52940000,105879.99987388247,-204064.25664777355,300.7490015361772,145
52945000,105889.99987384812,-203803.30060008122,296.0221210646553,145
52950000,105899.99987381378,-203938.80680916924,297.2772579234545,145
52955000,105909.99987377944,-203874.19473051908,298.7581231509513,145
52960000,105919.9998737451,-203525.86037501798,301.3791948179591,145
52965000,105929.99987371075,-203595.51115083077,304.5575846556548,145
52970000,105939.99987367641,-204753.9247471348,302.0157661886254,145
52975000,105949.99987364207,-203955.42485026794,300.63273905476905,145
52980000,105959.99987360773,-203843.01950531383,303.6594350025105,145
52985000,105969.99987357338,-203701.37062966905,297.331529127587,145
52990000,105979.99987353904,-203734.4194272674,298.41444280760044,145
52995000,105989.9998735047,-204007.37627460714,299.10914959131617,145
53000000,105999.99987347035,-203952.8331369129,300.3099260300258,145
53005000,106009.99987343601,-203899.15958564193,300.1163425750292,145
53010000,106019.99987340167,-203140.9799619628,302.11708326763613,145
53015000,106029.99987336733,-203778.6184902502,303.2628383320229,145
53020000,106039.99987333298,-203377.67719231255,298.53311184172634,145
53025000,106049.99987329864,-204130.73589698237,302.2550872790428,145
53030000,106059.9998732643,-203769.03920423076,295.12704743869585,145
53035000,106069.99987322996,-203833.68498852337,296.59817076573785,145
53040000,106079.99987319561,-203304.02613561752,297.12438559468194,145
53045000,106089.99987316127,-203379.94560234982,296.8105763354316,145
53050000,106099.99987312693,-202636.30262252642,299.3661527481371,145
53055000,106109.99987309259,-204040.52534730674,299.45664948192115,145
53060000,106119.99987305824,-204050.82990028174,302.90654648389,145
53065000,106129.9998730239,-203845.04090111307,301.024707682381,145
53070000,106139.99987298956,-205102.85750367795,297.7740653986429,145
53075000,106149.99987295522,-204398.58879157947,299.5019313450688,145
53080000,106159.99987292087,-204029.6345769373,297.92986987334774,145
53085000,106169.99987288653,-203562.76214427617,303.8843069992283,145
53090000,106179.99987285219,-203340.10086898378,303.04451802765317,145
53095000,106189.99987281785,-203964.04741321888,304.7197089879479,145
53100000,106199.9998727835,-204661.4792237318,300.5454438476225,145
53105000,106209.99987274916,-203468.8397830592,301.8099641554587,145
53110000,106219.99987271482,-203034.3647567071,302.16640946578866,145
53115000,106229.99987268048,-204219.46922293666,300.2719076627623,145
53120000,106239.99987264613,-204425.220763191,301.7973645566675,145
53125000,106249.99987261179,-203794.45792637242,300.3338975865794,145
53130000,106259.99987257745,-203315.31493597722,302.4388141146641,145
53135000,106269.9998725431,-203656.89002109063,297.16714904497974,145
53140000,106279.99987250876,-203583.16135421325,304.9993061677338,145
53145000,106289.99987247442,-203242.23483229394,301.3762683980824,145
53150000,106299.99987244008,-203545.95489015186,303.4105807473115,145
53155000,106309.99987240574,-203409.797255705,298.166317398305,145
53160000,106319.9998723714,-203987.28477608704,300.53729808897594,145
53165000,106329.99987233705,-203857.74598249432,298.4064359757048,145
53170000,106339.99987230271,-204087.0776411352,297.90105465157717,145
53175000,106349.99987226837,-203764.01122778084,296.6869087217483,145
53180000,106359.99987223402,-203115.3799122707,298.9266873897661,145
53185000,106369.99987219968,-203679.4228084986,295.95668258103274,145
53190000,106379.99987216534,-203858.1069398179,301.68515782734397,145
53195000,106389.999872131,-203770.34078586753,294.3730260686173,145
53200000,106399.99987209665,-203672.18431265478,303.2493819808815,145
53205000,106409.99987206231,-203705.8293640396,300.6340190875621,145
53210000,106419.99987202797,-204410.367061798,299.5828604404938,145
53215000,106429.99987199363,-203920.68295853306,299.8097763433916,145
53220000,106439.99987195928,-203325.9425798474,298.05788719138894,145
53225000,106449.99987192494,-203896.48824738315,297.53144604160286,145
53230000,106459.9998718906,-204524.69243334618,300.63080373005175,145
53235000,106469.99987185626,-204342.7922556597,298.1632098111933,145
53240000,106479.99987182191,-203914.37130330002,296.29247904084804,145
53245000,106489.99987178757,-203998.80145573197,298.14198354648084,145
53250000,106499.99987175323,-204353.58277193713,295.8231159485748,145
53255000,106509.99987171889,-204049.0076438305,299.2048815143253,145
53260000,106519.99987168454,-204644.92110868962,298.5313307689365,145
53265000,106529.9998716502,-203684.64376877912,302.3309016168747,145
53270000,106539.99987161586,-204211.84789393505,301.83268550105805,145
53275000,106549.99987158152,-204009.5238933484,301.66592163919034,145
53280000,106559.99987154717,-203974.07410419034,306.5462988140147,145
53285000,106569.99987151283,-203981.55759329803,301.6487824766553,145
53290000,106579.99987147849,-202841.7099918475,300.4696159630927,145
53295000,106589.99987144415,-203436.23453187372,301.02969261971253,145
53300000,106599.9998714098,-203977.9611520312,300.48072841641243,145
53305000,106609.99987137546,-204056.49571795005,300.3676102567106,145
53310000,106619.99987134112,-204157.5834400811,297.5859888881887,145
53315000,106629.99987130678,-204458.19767822977,294.9972921392824,145
53320000,106639.99987127243,-203656.21468718932,300.8976909571893,145
53325000,106649.99987123809,-203789.71906501404,297.96496038500095,145
53330000,106659.99987120375,-203625.62106977217,300.7221450771808,145
53335000,106669.9998711694,-203561.2775067872,298.0883699911957,145
53340000,106679.99987113506,-203622.26971392182,303.9116326613824,145
53345000,106689.99987110072,-203956.9768061553,304.77255662968224,145
53350000,106699.99987106638,-204649.9102644393,301.867639914755,145
53355000,106709.99987103204,-204059.0643886627,299.047081286864,145
53360000,106719.9998709977,-203353.08358485904,299.0408053080938,145
53365000,106729.99987096335,-203582.25997107523,295.45451519469435,145
53370000,106739.99987092901,-204103.52116105414,296.9869845352811,145
53375000,106749.99987089467,-204048.87715000147,299.77396114884755,145
53380000,106759.99987086032,-203553.62002168398,303.3012258484419,145
53385000,106769.99987082598,-203876.13943321793,301.4558429255104,145
53390000,106779.99987079164,-203271.48037023668,300.36458020766185,145
53395000,106789.9998707573,-203237.7239988509,302.1484969394975,145
53400000,106799.99987072295,-204253.71227334125,302.6287876295089,145
53405000,106809.99987068861,-203413.46080704243,298.3813774734101,145
53410000,106819.99987065427,-203712.45698681544,294.0548596863271,145
53415000,106829.99987061993,-203824.83245848375,302.8732663235028,145
53420000,106839.99987058558,-204069.38113345054,299.77142655990957,145
53425000,106849.99987055124,-203588.89654516533,301.86823367048225,145
53430000,106859.9998705169,-203830.25098503975,304.1319794501465,145
53435000,106869.99987048256,-203813.79336531844,300.68898209959116,145
53440000,106879.99987044821,-203681.1784733025,300.5351166697448,145
53445000,106889.99987041387,-203394.42659263348,296.49581035783353,145
53450000,106899.99987037953,-204281.0644264014,298.3172642277492,145
53455000,106909.99987034519,-203639.05127920443,299.3698776644285,145
53460000,106919.99987031084,-203554.9373136795,305.91225808073966,145
53465000,106929.9998702765,-203684.4221684304,303.6418379926657,145
53470000,106939.99987024216,-203880.47039659333,298.50370680782993,145
53475000,106949.99987020782,-203725.93336734804,306.7270996835351,145
53480000,106959.99987017347,-204575.1420084358,301.26196254031515,145
53485000,106969.99987013913,-203939.2315172759,299.7419142744725,145
53490000,106979.99987010479,-203589.1764346267,296.93362277013614,145
53495000,106989.99987007045,-203852.0821239691,304.72614970904016,145
53500000,106999.9998700361,-203899.50065941724,301.7780025575409,145
53505000,107009.99987000176,-203520.1954875437,298.287852621493,145
53510000,107019.99986996742,-203929.74894143594,297.8372295905205,145
53515000,107029.99986993308,-203601.1231217991,295.76251794155036,145
53520000,107039.99986989873,-204563.6125367172,302.61703973436244,145
53525000,107049.99986986439,-204840.3811619653,303.33631424285215,145
53530000,107059.99986983005,-204045.42861525295,300.7925757417488,145
53535000,107069.9998697957,-204530.3586518938,300.7349906088967,145
53540000,107079.99986976136,-203770.03493305005,300.5732739231222,145
53545000,107089.99986972702,-204123.57758457842,300.66842423082824,145
53550000,107099.99986969268,-204076.9170638615,301.9270557515282,145
53555000,107109.99986965834,-203972.6775614028,300.34884788739066,145
53560000,107119.99986962399,-203904.49795561738,302.9419795040435,145
53565000,107129.99986958965,-203259.07561546064,300.8324577848485,145
53570000,107139.99986955531,-203180.9240419689,297.9947971218407,145
53575000,107149.99986952097,-203388.7570557195,294.41179774460255,145
53580000,107159.99986948662,-204253.9910614636,301.0683948186978,145
53585000,107169.99986945228,-204439.26643075515,303.2834332933307,145
53590000,107179.99986941794,-203966.50057544385,301.43881020128043,145
53595000,107189.9998693836,-203991.81530104426,295.27887218213186,145
53600000,107199.99986934925,-204314.65198243735,298.77060639407205,145
53605000,107209.99986931491,-204263.67359149887,300.0855315594103,145
53610000,107219.99986928057,-204361.249799393,300.1124027123261,145
53615000,107229.99986924622,-204147.10140206479,301.4160054297962,145
53620000,107239.99986921188,-203795.29844660359,304.8106887340244,145
53625000,107249.99986917754,-203923.7192409417,296.28065065418303,145
53630000,107259.9998691432,-203448.58978429192,301.1314336109356,145
53635000,107269.99986910885,-203551.38055556838,302.722224541899,145
53640000,107279.99986907451,-204046.46772116888,296.42900178816046,145
53645000,107289.99986904017,-204498.33092938678,295.88477956210517,145
53650000,107299.99986900583,-203465.00879948016,293.10739433766406,145
53655000,107309.99986897148,-203109.9147494001,303.31931251347436,145
53660000,107319.99986893714,-204308.59574498457,300.5349823604428,145
53665000,107329.9998689028,-203526.21620852174,300.0382942848193,145
53670000,107339.99986886846,-203859.89821125194,300.05873168242385,145
53675000,107349.99986883411,-204375.013644616,304.63961868601905,145
53680000,107359.99986879977,-203740.15156634653,299.5743082295114,145
53685000,107369.99986876543,-203600.46659092803,302.8693936003452,145
53690000,107379.99986873109,-203697.1788781277,298.28264995703904,145
53695000,107389.99986869674,-204629.85204096732,300.74772327295796,145
53700000,107399.9998686624,-204289.66069157352,297.5446907891,145
53705000,107409.99986862806,-203878.54103432863,301.99363034955115,145
53710000,107419.99986859372,-204093.44604093698,298.90385578143866,145
53715000,107429.99986855937,-203388.0360784406,300.7427149996594,145
53720000,107439.99986852503,-203331.97603352508,300.8380531876997,145
53725000,107449.99986849069,-203282.772983804,300.46289647991034,145
53730000,107459.99986845635,-203603.70680124976,300.69800740509385,145
53735000,107469.999868422,-204277.06530880474,295.8494863532828,145
53740000,107479.99986838766,-204182.00584736525,300.4727235097884,145
53745000,107489.99986835332,-204200.0253478703,297.58640833093983,145
53750000,107499.99986831898,-203606.49983077438,298.10902682664664,145
53755000,107509.99986828463,-203351.03893222427,306.35463822160176,145
53760000,107519.99986825029,-204457.70305001992,299.9706951838428,145
53765000,107529.99986821595,-203061.43569078553,295.08937724651395,145
53770000,107539.9998681816,-203602.68645987508,303.57520790920216,145
53775000,107549.99986814726,-203988.50008187094,293.4580050506541,145
53780000,107559.99986811292,-203734.90702993236,298.5086657190913,145
53785000,107569.99986807858,-204261.16095756856,302.8639858926778,145
53790000,107579.99986804424,-204620.44873641233,306.7008438229633,145
53795000,107589.9998680099,-203463.2323473174,301.80549078179286,145
53800000,107599.99986797555,-203790.33203779522,295.4173855026155,145
53805000,107609.99986794121,-204072.9752071977,300.48896936727687,145
53810000,107619.99986790687,-204038.9412260442,299.1031425764243,145
53815000,107629.99986787252,-203994.3594586606,303.4289963213882,145
53820000,107639.99986783818,-204733.80840829096,302.73281809277637,145
53825000,107649.99986780384,-203955.00791837438,302.79995885644485,145
53830000,107659.9998677695,-204222.59914034815,300.2745847458536,145
53835000,107669.99986773515,-204065.19224608096,300.2655729679526,145
53840000,107679.99986770081,-203387.32711018692,294.6142202646404,145
53845000,107689.99986766647,-204317.64963256032,306.05095411981847,145
53850000,107699.99986763213,-203243.03506484756,302.687436074443,145
53855000,107709.99986759778,-204219.40517051972,305.15133414627724,145
53860000,107719.99986756344,-202961.00628394145,301.9206438750429,145
53865000,107729.9998675291,-203288.72790790466,298.3203800241281,145
53870000,107739.99986749476,-203603.41975785303,305.5892262483244,145
53875000,107749.99986746041,-203878.9585371057,299.9576026971345,145
53880000,107759.99986742607,-203475.24132497504,297.81495479491036,145
53885000,107769.99986739173,-203342.65115575923,299.85554018570025,145
53890000,107779.99986735739,-203632.99135443766,298.1839440057315,145
53895000,107789.99986732304,-203746.39951055532,296.31612990234186,145
53900000,107799.9998672887,-203735.7738205772,306.1698190093628,145
53905000,107809.99986725436,-204150.4733765151,298.6043902631513,145
53910000,107819.99986722002,-203815.59374037676,297.58182444989916,145
53915000,107829.99986718567,-204247.22321732494,297.73564951769714,145
53920000,107839.99986715133,-203937.3732853341,303.95572548338896,145
53925000,107849.99986711699,-204317.67205101182,304.5732983950495,145
53930000,107859.99986708265,-204933.00735961774,297.60273023471046,145
53935000,107869.9998670483,-204138.52768198028,303.4926966488959,145
53940000,107879.99986701396,-203429.59213114157,300.43880994987154,145
53945000,107889.99986697962,-203427.4165810243,301.49814001869737,145
53950000,107899.99986694528,-204512.1354806166,304.88685658879837,145
53955000,107909.99986691093,-203490.4953726963,300.8787683856579,145
53960000,107919.99986687659,-204509.72727612546,303.09083622209886,145
53965000,107929.99986684225,-203965.2659619192,299.91635790806595,145
53970000,107939.9998668079,-203256.79029718018,302.0081753195266,145
53975000,107949.99986677356,-203357.79072733934,302.3913860057709,145
53980000,107959.99986673922,-203752.98694493563,301.91044051356187,145
53985000,107969.99986670488,-203598.50696931698,299.0992851484116,145
53990000,107979.99986667054,-204090.6954562863,301.27157087091086,145
53995000,107989.9998666362,-203368.7770745029,300.0293654114826,145
54000000,107999.99986660185,-203697.462451039,303.4585409363312,145
54005000,108009.99986656751,-203805.90049007058,302.8795540111165,145
54010000,108019.99986653317,-203641.9170253335,304.7003541079364,145
54015000,108029.99986649882,-203386.11598267267,299.53719098018547,145
54020000,108039.99986646448,-204013.01032707235,303.8139586971514,145
54025000,108049.99986643014,-203906.32115020172,301.31698997291545,145
54030000,108059.9998663958,-204470.75417639432,304.93059839385717,145
54035000,108069.99986636145,-204436.24959419784,297.89634375162507,145
54040000,108079.99986632711,-204345.46339278773,299.0768410095482,145
54045000,108089.99986629277,-203547.06608172634,301.763960849257,145
54050000,108099.99986625843,-203477.06725401978,295.8205843111327,145
54055000,108109.99986622408,-204431.75732772902,296.7496682887598,145
54060000,108119.99986618974,-203419.78653820383,299.1106240408874,145
54065000,108129.9998661554,-203948.0138571791,304.2067947093035,145
54070000,108139.99986612106,-204375.9551773544,303.93781747328234,145
54075000,108149.99986608671,-203739.36447064427,302.4985259400719,145
54080000,108159.99986605237,-203533.675679115,300.1105764858485,145
54085000,108169.99986601803,-203755.6483322489,300.6783156473622,145
54090000,108179.99986598369,-204330.11919912044,301.2342834582951,145
54095000,108189.99986594934,-204182.01675093023,300.4378823397094,145
54100000,108199.999865915,-203485.31650621654,302.20896036340105,145
54105000,108209.99986588066,-204406.07618644915,300.1760647872202,145
54110000,108219.99986584632,-204369.0133786056,299.5680110741626,145
54115000,108229.99986581197,-203597.84687799483,301.2755515179236,145
54120000,108239.99986577763,-203240.2928194292,300.16075609033874,145
54125000,108249.99986574329,-203002.38270123512,304.679984156092,145
54130000,108259.99986570895,-203478.59292267135,299.6812255415194,145
54135000,108269.9998656746,-203738.78152940527,298.7951593728228,145
54140000,108279.99986564026,-203745.8057126857,301.67939232705254,145
54145000,108289.99986560592,-203999.98861375556,300.51348810561643,145
54150000,108299.99986557158,-203935.8779470675,302.6569464354534,145
54155000,108309.99986553723,-204680.54872044432,301.6731548589904,145
54160000,108319.99986550289,-203457.42136429867,301.7563205896693,145
54165000,108329.99986546855,-204440.99152851582,299.93744212769235,145
54170000,108339.9998654342,-204142.3575682497,304.1083790668109,145
54175000,108349.99986539986,-204205.282084596,302.1218516923968,145
54180000,108359.99986536552,-202897.36700870795,299.03122149499774,145
54185000,108369.99986533118,-203877.08811264497,302.52908171792393,145
54190000,108379.99986529684,-204472.0027067036,302.4886437368564,145
54195000,108389.99986526249,-203584.4503951379,301.40456450445606,145
54200000,108399.99986522815,-203581.22886700486,303.514230701733,145
54205000,108409.99986519381,-204151.35400487029,297.1459400121081,145
54210000,108419.99986515947,-203355.49006672797,299.42496319442864,145
54215000,108429.99986512512,-203813.71149407828,299.09271627554165,145
54220000,108439.99986509078,-203957.48124128382,299.88611279676275,145
54225000,108449.99986505644,-203552.35798634682,301.6105248737595,145
54230000,108459.9998650221,-203615.05828494858,301.79431675575876,145
54235000,108469.99986498775,-203559.27688077476,306.54163194414883,145
54240000,108479.99986495341,-204229.75874460768,298.429595334289,145
54245000,108489.99986491907,-204218.51671398792,302.13843393488924,145
54250000,108499.99986488472,-203821.91656259797,297.66873427375265,145
54255000,108509.99986485038,-203858.94126717898,301.6087512522199,145
54260000,108519.99986481604,-204153.96422388998,299.1640571793385,145
54265000,108529.9998647817,-204120.20040883042,299.5743295501212,145
54270000,108539.99986474735,-203702.64823791164,301.553367321865,145
54275000,108549.99986471301,-204102.5324915693,299.8443025466893,145
54280000,108559.99986467867,-203633.1157557579,298.73531791731057,145
54285000,108569.99986464433,-203718.0218868804,300.5530189771272,145
54290000,108579.99986460998,-203643.40876783186,303.5499620191704,145
54295000,108589.99986457564,-204386.22525660694,300.0967253032426,145
54300000,108599.9998645413,-203559.07825728552,295.95029861730256,145
54305000,108609.99986450696,-203592.22587025224,299.32283014187465,145
54310000,108619.99986447261,-203298.65611716243,300.6670672969343,145
54315000,108629.99986443827,-203713.68012778054,299.4169484964025,145
54320000,108639.99986440393,-203615.52150039712,297.9016079437728,145
54325000,108649.99986436959,-203874.6588922753,303.57546962786444,145
54330000,108659.99986433524,-203499.04956292524,299.62329933703995,145
54335000,108669.9998643009,-204211.67069426097,305.6020297804234,145
54340000,108679.99986426656,-204242.4095052504,298.1642586750977,145
54345000,108689.99986423222,-203376.1187231522,297.43681927270717,145
54350000,108699.99986419787,-204079.36102651875,299.2256058559056,145
54355000,108709.99986416353,-203691.19319888123,304.0467170880663,145
54360000,108719.99986412919,-203590.79369155178,303.06822618215693,145
54365000,108729.99986409485,-204356.32503457146,300.30935550432247,145
54370000,108739.9998640605,-203854.68060841353,299.5312147319507,145
54375000,108749.99986402616,-203985.32928606123,306.78126585349247,145
54380000,108759.99986399182,-204181.62077199703,296.4050058601107,145
54385000,108769.99986395748,-203543.64405414846,299.34534709645004,145
54390000,108779.99986392313,-203574.0450343549,299.77811907779386,145
54395000,108789.99986388879,-203059.59475991246,305.8110037902699,145
54400000,108799.99986385445,-204274.4963465546,298.69214958622797,145
54405000,108809.9998638201,-203574.6481861095,303.37693696980824,145
54410000,108819.99986378576,-204055.0540179771,298.5860314941403,145
54415000,108829.99986375142,-203988.87260103866,302.022764098496,145
54420000,108839.99986371708,-203464.3905601321,303.74439857495946,145
54425000,108849.99986368274,-204218.26050133526,301.16616465496594,145
54430000,108859.9998636484,-203904.59512019192,303.4802988154954,145
54435000,108869.99986361405,-204097.49688857805,304.18628532831644,145
54440000,108879.99986357971,-203493.2682081086,304.66384053026377,145
54445000,108889.99986354537,-204226.63928846712,300.8893782655894,145
54450000,108899.99986351102,-204030.04612235888,298.1453517853822,145
54455000,108909.99986347668,-204497.82368820044,302.536541292496,145
54460000,108919.99986344234,-204443.7003236094,297.33344280011175,145
54465000,108929.999863408,-204030.48072560423,299.9492032206341,145
54470000,108939.99986337365,-203696.1567833398,298.1707886701599,145
54475000,108949.99986333931,-203486.94160156255,300.83178204018094,145
54480000,108959.99986330497,-203473.42733842356,297.72347580505107,145
54485000,108969.99986327063,-203757.3540394447,299.77276148214423,145
54490000,108979.99986323628,-203875.49473488005,298.8787029144397,145
54495000,108989.99986320194,-204033.7875787377,301.7156373608864,145
54500000,108999.9998631676,-203414.82344600826,299.45682944857487,145
54505000,109009.99986313326,-204228.9698071659,299.75154709745703,145
54510000,109019.99986309891,-204581.36194014573,300.2384003995368,145
54515000,109029.99986306457,-204135.7838243018,294.3346678597644,145
54520000,109039.99986303023,-203743.2645229221,300.69189218454045,145
54525000,109049.99986299589,-203401.1501966908,303.08927733659925,145
54530000,109059.99986296154,-203175.05832271918,300.8717860808559,145
54535000,109069.9998629272,-203331.62140314048,304.7524928216295,145
54540000,109079.99986289286,-203596.3531819377,304.9170814782721,145
54545000,109089.99986285852,-203890.35555144877,298.2568258367393,145
54550000,109099.99986282417,-203903.9830129221,299.6416434325693,145
54555000,109109.99986278983,-203366.30970533064,300.0182444816336,145
54560000,109119.99986275549,-204351.34388607845,297.8156566958101,145
54565000,109129.99986272115,-203472.63574527192,299.90552099456875,145
54570000,109139.9998626868,-203054.82580502098,299.0362482602674,145
54575000,109149.99986265246,-204332.91578048526,296.32945421950143,145
54580000,109159.99986261812,-203599.68110766588,303.0595873734386,145
54585000,109169.99986258378,-203842.16860407614,299.89724100190267,145
54590000,109179.99986254943,-203622.10598207253,298.54884177484064,145
54595000,109189.99986251509,-204127.50293435436,304.35118279445754,145
54600000,109199.99986248075,-203962.67104143032,303.1499227731092,145
54605000,109209.9998624464,-203438.62123206747,300.75347699614946,145
54610000,109219.99986241206,-203916.09784595808,303.30255815701497,145
54615000,109229.99986237772,-203937.59436707525,298.8774158304408,145
54620000,109239.99986234338,-203249.75638108305,304.1589448898018,145
54625000,109249.99986230904,-203812.3691163871,301.6336256614476,145
54630000,109259.9998622747,-204306.92308376625,301.32094681798844,145
54635000,109269.99986224035,-204271.8541281597,299.3796766099584,145
54640000,109279.99986220601,-204020.38816356484,296.00385047650695,145
54645000,109289.99986217167,-203625.24505509145,302.3603443892539,145
54650000,109299.99986213732,-203939.74133501772,297.09928484579154,145
54655000,109309.99986210298,-204298.90813096368,299.0481441800607,145
54660000,109319.99986206864,-203715.03684922715,299.6683360491711,145
54665000,109329.9998620343,-203167.70264159876,301.296991577623,145
54670000,109339.99986199995,-202969.3711820976,299.4128060333932,145
54675000,109349.99986196561,-203653.45906282833,300.4246983964623,145
54680000,109359.99986193127,-203549.06863429083,300.1810501830025,145
54685000,109369.99986189693,-203691.4318889425,302.176327263454,145
54690000,109379.99986186258,-204076.15076891892,297.6870382845683,145
54695000,109389.99986182824,-203710.27159998135,297.37023289060915,145
54700000,109399.9998617939,-203669.3979763257,302.3092694782719,145
54705000,109409.99986175956,-203202.78251210775,301.92078636989805,145
54710000,109419.99986172521,-203639.19010763604,299.38794572081713,145
54715000,109429.99986169087,-204082.00687525922,301.48272818286307,145
54720000,109439.99986165653,-203979.49809606397,299.9065051277393,145
54725000,109449.99986162219,-204544.13294915296,302.08625525212113,145
54730000,109459.99986158784,-203240.33390971157,297.276786464482,145
54735000,109469.9998615535,-203915.73254156683,303.3897265504081,145
54740000,109479.99986151916,-203560.5025272871,299.822312682082,145
54745000,109489.99986148482,-204393.18507831218,298.97556003367185,145
54750000,109499.99986145047,-204869.6187610142,302.20416611597966,145
54755000,109509.99986141613,-203880.5269459854,300.6802436641609,145
54760000,109519.99986138179,-203981.0875909014,298.6281689899132,145
54765000,109529.99986134745,-203533.1903367798,303.06557187028426,145
54770000,109539.9998613131,-203125.60213422147,302.58131143379416,145
54775000,109549.99986127876,-204333.11124424124,301.32230944826415,145
54780000,109559.99986124442,-203480.65996815718,301.32108348114195,145
54785000,109569.99986121008,-203681.1893164881,295.3902156721907,145
54790000,109579.99986117573,-203588.91262499045,300.320390113984,145
54795000,109589.99986114139,-203992.42217492184,301.60756148406983,145
54800000,109599.99986110705,-204441.9066732264,303.20184727026833,145
54805000,109609.9998610727,-203649.72583688085,299.6239686463522,145
54810000,109619.99986103836,-204231.24401316396,299.8501573023023,145
54815000,109629.99986100402,-204442.28704002465,303.7765350061696,145
54820000,109639.99986096968,-204066.48617728753,304.67147452834314,145
54825000,109649.99986093534,-203777.96449871035,299.26483304790605,145
54830000,109659.99986090099,-203573.74243360956,299.0553067773169,145
54835000,109669.99986086665,-203128.0274557228,299.36026287417656,145
54840000,109679.99986083231,-203627.25166619418,300.42268794698964,145
54845000,109689.99986079797,-203593.7028938413,298.6980889694073,145
54850000,109699.99986076362,-203845.82899903238,305.6080904738929,145
54855000,109709.99986072928,-203653.22687512368,298.6509671800559,145
54860000,109719.99986069494,-204298.26369752083,298.93718031635467,145
54865000,109729.9998606606,-203915.4356746783,293.59333485240927,145
54870000,109739.99986062625,-203521.87321159313,301.15223862299007,145
54875000,109749.99986059191,-203768.56519548467,302.54772547694114,145
54880000,109759.99986055757,-203128.04808645125,296.9837525617273,145
54885000,109769.99986052322,-204548.71087977733,299.78490795056257,145
54890000,109779.99986048888,-204018.41925687785,297.2824485630855,145
54895000,109789.99986045454,-204175.77298174077,301.3672919123823,145
54900000,109799.9998604202,-204073.88971329713,301.4751056328311,145
54905000,109809.99986038585,-204269.9832450978,301.3353423304525,145
54910000,109819.99986035151,-204056.15400235367,298.6520131946884,145
54915000,109829.99986031717,-203639.43729041063,299.66923628413576,145
54920000,109839.99986028283,-203496.29317705613,300.02071149942265,145
54925000,109849.99986024848,-204512.60500864778,301.02211779800916,145
54930000,109859.99986021414,-203616.05711366935,296.2654207008723,145
54935000,109869.9998601798,-203933.99248621613,301.90009664042975,145
54940000,109879.99986014546,-203641.57186077943,303.53245063592857,145
54945000,109889.99986011111,-203635.84878832556,302.7075184333328,145
54950000,109899.99986007677,-204091.56872745126,300.5647644328274,145
54955000,109909.99986004243,-203845.0615196725,296.6266500407291,145
54960000,109919.99986000809,-204477.9137117064,301.09213820659426,145
54965000,109929.99985997374,-204040.86219264253,301.6434985432544,145
54970000,109939.9998599394,-203703.29086357716,300.01326165024574,145
54975000,109949.99985990506,-203898.25042319472,300.6506959158804,145
54980000,109959.99985987072,-204361.1258631692,297.7011322481504,145
54985000,109969.99985983637,-204326.63319121243,300.3485535676381,145
54990000,109979.99985980203,-204394.610203646,296.6305922825186,145
54995000,109989.99985976769,-204170.378159108,295.9657889422517,145
55000000,109999.99985973335,-203513.46028117125,300.9013775228398,145
55005000,110009.999859699,-203426.1840149993,302.1803680620672,145
55010000,110019.99985966466,-203929.49325103848,299.95742835511084,145
55015000,110029.99985963032,-203599.51906667196,302.4177347803419,145
55020000,110039.99985959598,-203577.45668465365,300.5937890012339,145
55025000,110049.99985956163,-203883.07974104118,297.34258819551843,145
55030000,110059.99985952729,-203968.7848258128,298.7594243108098,145
55035000,110069.99985949295,-204198.1863832334,297.6618842080697,145
55040000,110079.9998594586,-203920.72146330064,304.9317416857904,145
55045000,110089.99985942426,-204225.81977063068,300.60982261464943,145
55050000,110099.99985938992,-203416.14018859807,300.3708837852045,145
55055000,110109.99985935558,-203584.66527749505,298.11160536406544,145
55060000,110119.99985932124,-204451.7714767399,300.7882455555,145
55065000,110129.9998592869,-204130.15364082693,297.25675820716856,145
55070000,110139.99985925255,-203259.2300538714,301.33666807172716,145
55075000,110149.99985921821,-204039.85831786704,303.0931805412829,145
55080000,110159.99985918387,-203917.80756980355,300.0088687250226,145
55085000,110169.99985914952,-203773.21833725797,297.13561883819204,145
55090000,110179.99985911518,-203578.82434667659,303.0875010467286,145
55095000,110189.99985908084,-204668.85217652505,304.6795592301727,145
55100000,110199.9998590465,-203531.86484367726,300.6610220754386,145
55105000,110209.99985901215,-204489.08405208192,301.02769941183334,145
55110000,110219.99985897781,-203942.53380118927,307.4009363422186,145
55115000,110229.99985894347,-204138.292254364,301.84096075462287,145
55120000,110239.99985890913,-204113.0350583617,299.2171298678168,145
55125000,110249.99985887478,-204396.7570734138,298.7855196115394,145
55130000,110259.99985884044,-203420.98297098896,305.5925511181283,145
55135000,110269.9998588061,-203790.2566449371,302.1121437305127,145
55140000,110279.99985877176,-204242.66503863526,294.7543856945571,145
55145000,110289.99985873741,-203681.3090571555,300.1422989191169,145
55150000,110299.99985870307,-203867.08616119146,300.62445285130804,145
55155000,110309.99985866873,-204130.24735563854,296.6413871769594,145
55160000,110319.99985863439,-204521.99193146662,298.56927090626584,145
55165000,110329.99985860004,-203856.8975055603,300.0036789149942,145
55170000,110339.9998585657,-203902.49663331767,300.9795115119186,145
55175000,110349.99985853136,-204697.06332324143,302.65828889611953,145
55180000,110359.99985849702,-203659.81028802402,300.45249536296046,145
55185000,110369.99985846267,-203602.20530226512,298.3955073785188,145
55190000,110379.99985842833,-203564.50744880957,304.36651172337713,145
55195000,110389.99985839399,-203082.393738467,302.9140534260584,145
55200000,110399.99985835965,-203377.7319050011,300.3675850115455,145
55205000,110409.9998583253,-203684.4363978454,301.8937710374227,145
55210000,110419.99985829096,-204253.94042629737,298.3306347506865,145
55215000,110429.99985825662,-203817.3658472587,298.5598712692514,145
55220000,110439.99985822228,-203732.6872784983,297.7063035742239,145
55225000,110449.99985818793,-203388.23818574357,293.184024598784,145
55230000,110459.99985815359,-203715.44927716977,299.99673905149433,145
55235000,110469.99985811925,-203723.4071151379,305.1463211964494,145
55240000,110479.9998580849,-204245.74838223855,295.89065353817256,145
55245000,110489.99985805056,-204195.79829466098,301.77511910957514,145
55250000,110499.99985801622,-204293.0892138402,300.50069292956204,145
55255000,110509.99985798188,-203878.55546708917,294.4748825688829,145
55260000,110519.99985794754,-203091.87935601897,300.542594883647,145
55265000,110529.9998579132,-204238.71412501542,298.69927467987577,145
55270000,110539.99985787885,-203644.14873232914,302.50032800719157,145
55275000,110549.99985784451,-203994.38695104758,305.77873377933645,145
55280000,110559.99985781017,-203667.8238402825,302.34814049109025,145
55285000,110569.99985777582,-204097.88047049392,298.02383466297175,145
55290000,110579.99985774148,-203822.70817550202,303.1043466172161,145
55295000,110589.99985770714,-204803.1373839985,295.1039892317901,145
55300000,110599.9998576728,-203463.91120667092,297.6810362000127,145
55305000,110609.99985763845,-203892.2347341132,301.9099272089501,145
55310000,110619.99985760411,-203685.49016217806,299.0390129198287,145
55315000,110629.99985756977,-204108.60942811228,299.36300849649473,145
55320000,110639.99985753543,-203546.90642760077,303.9894810325636,145
55325000,110649.99985750108,-204073.79667128355,303.0469921512237,145
55330000,110659.99985746674,-203413.79285332398,298.2984366532703,145
55335000,110669.9998574324,-203933.09528061678,299.70638837922513,145
55340000,110679.99985739806,-203905.3767063819,299.42553905936484,145
55345000,110689.99985736371,-203875.4125952914,295.5767127699566,145
55350000,110699.99985732937,-203733.31256043166,300.6593438318238,145
55355000,110709.99985729503,-204536.17537457368,297.5249173222073,145
55360000,110719.99985726069,-203817.9246483061,300.3127788294413,145
55365000,110729.99985722634,-204610.69362729904,301.9578868792813,145
55370000,110739.999857192,-203102.7979435511,300.4573177949398,145
55375000,110749.99985715766,-203614.55160462367,301.3488880481821,145
55380000,110759.99985712332,-204130.56636874494,298.8592638389333,145
55385000,110769.99985708897,-203756.6964542407,296.09077312939445,145
55390000,110779.99985705463,-203127.79744016484,300.9352733795293,145
55395000,110789.99985702029,-204229.90703587316,298.2438027154898,145
55400000,110799.99985698595,-205042.23047292035,294.97678473465595,145
55405000,110809.9998569516,-204158.06220562058,296.48732796406017,145
55410000,110819.99985691726,-204494.89035151864,300.0860142024225,145
55415000,110829.99985688292,-204270.00565243198,303.0527021662756,145
55420000,110839.99985684858,-203752.92506549857,303.85277697493456,145
55425000,110849.99985681423,-204298.76817354187,296.4639403135671,145
55430000,110859.99985677989,-204258.56278631417,301.1339401770342,145
55435000,110869.99985674555,-203440.41325156996,302.4912089676899,145
55440000,110879.9998567112,-203488.15728649066,298.6239351652076,145
55445000,110889.99985667686,-204239.5570183692,303.021437869111,145
55450000,110899.99985664252,-203534.2442373851,298.7638914048751,145
55455000,110909.99985660818,-203382.87977223587,300.00093235745277,145
55460000,110919.99985657384,-204049.59982285125,298.0090100600358,145
55465000,110929.99985653949,-204367.30778448482,299.35841080240436,145
55470000,110939.99985650515,-203796.30705404084,299.81435414344287,145
55475000,110949.99985647081,-203408.20805570588,304.60276731862206,145
55480000,110959.99985643647,-203339.27610196336,302.92511172040275,145
55485000,110969.99985640212,-203825.23464255605,301.738303659554,145
55490000,110979.99985636778,-203375.05634037137,302.96732208937044,145
55495000,110989.99985633344,-203147.31657300075,298.0597900884575,145
55500000,110999.9998562991,-204778.77161951794,301.2358300357602,145
55505000,111009.99985626475,-204612.79401441233,299.964281487116,145
55510000,111019.99985623041,-204130.31385698437,300.14486401946266,145
55515000,111029.99985619607,-203979.03742456844,299.90211956535205,145
55520000,111039.99985616172,-203612.2397078093,302.441629946474,145
55525000,111049.99985612738,-203208.20989819884,302.83792871350283,145
55530000,111059.99985609304,-203646.8422748393,297.6157001438741,145
55535000,111069.9998560587,-203139.5695061934,303.1034892161616,145
55540000,111079.99985602435,-203234.94892016717,300.96140699649595,145
55545000,111089.99985599001,-203841.54858230753,297.75351775724937,145
55550000,111099.99985595567,-202819.27292787877,293.4431247894505,145
55555000,111109.99985592133,-203655.04570574185,298.39211007782137,145
55560000,111119.99985588698,-203799.98039417714,300.204442876599,145
55565000,111129.99985585264,-204214.2708563544,302.89518448386934,145
55570000,111139.9998558183,-204186.99712616066,300.4237187173671,145
55575000,111149.99985578396,-204025.3715847939,304.54385313364673,145
55580000,111159.99985574961,-204219.3869404333,302.5140468701041,145
55585000,111169.99985571527,-203593.03825895034,302.5841615364716,145
55590000,111179.99985568093,-203847.61225092574,300.3412939959421,145
55595000,111189.99985564659,-204513.62043244636,302.9071108439957,145
55600000,111199.99985561224,-203332.62361440924,296.47636588084816,145
55605000,111209.9998555779,-203065.44625837042,301.17098856874696,145
55610000,111219.99985554356,-202682.36189075233,298.96845230478874,145
55615000,111229.99985550922,-204773.71447222808,297.92065897123575,145
55620000,111239.99985547487,-203981.32329016319,302.8921140446076,145
55625000,111249.99985544053,-204291.80698727467,297.74347007919863,145
55630000,111259.99985540619,-203915.46018515236,300.24068567345455,145
55635000,111269.99985537185,-204242.91846649873,300.2733090291671,145
55640000,111279.9998553375,-205153.77984434203,297.4967370346845,145
55645000,111289.99985530316,-204008.77506297838,302.21132195338123,145
55650000,111299.99985526882,-204349.46557091305,306.86935576175864,145
55655000,111309.99985523448,-203836.01706410258,303.5885850404711,145
55660000,111319.99985520013,-204219.08182481036,299.5228688227895,145
55665000,111329.99985516579,-203611.29023936077,302.0929705617675,145
55670000,111339.99985513145,-203759.0545553686,299.0051015234383,145
55675000,111349.9998550971,-204064.38993221067,297.5536283580197,145
55680000,111359.99985506276,-204492.03866276785,304.4476335769575,145
55685000,111369.99985502842,-204265.97919130663,298.9368460900434,145
55690000,111379.99985499408,-203512.72830162873,302.48721824942226,145
55695000,111389.99985495974,-203965.0717712245,297.91942705552765,145
55700000,111399.9998549254,-203135.27699469985,302.68201570262846,145
55705000,111409.99985489105,-203794.85561500653,300.17163589458767,145
55710000,111419.99985485671,-203945.13145995233,300.2042722317903,145
55715000,111429.99985482237,-204053.25979065336,304.41531147422467,145
55720000,111439.99985478802,-203546.5521513297,302.2421539670152,145
55725000,111449.99985475368,-203892.19583509793,299.992779390694,145
55730000,111459.99985471934,-203601.58429208817,302.3098133504438,145
55735000,111469.999854685,-204270.62257001526,297.9823900132375,145
55740000,111479.99985465065,-203292.2757680699,300.8170009667029,145
55745000,111489.99985461631,-204057.0911778455,298.3767115111138,145
55750000,111499.99985458197,-204401.21576552046,295.1923562900376,145
55755000,111509.99985454763,-204617.36156188056,300.2571883545194,145
55760000,111519.99985451328,-203763.52711763163,302.707536706218,145
55765000,111529.99985447894,-203220.26084050757,298.86578637149745,145
55770000,111539.9998544446,-203853.9889245486,304.2811777866858,145
55775000,111549.99985441026,-204034.57179449033,296.6926747053418,145
55780000,111559.99985437591,-203391.958620643,303.347173156963,145
55785000,111569.99985434157,-203884.49780913081,304.2545866034889,145
55790000,111579.99985430723,-204053.4963222613,297.6102208677455,145
55795000,111589.99985427289,-204015.986080596,297.67843469223305,145
55800000,111599.99985423854,-204293.19799398177,297.5056450239023,145
55805000,111609.9998542042,-203754.94991561084,300.1822789617954,145
55810000,111619.99985416986,-204219.99613243935,300.0655812591574,145
55815000,111629.99985413552,-203786.18020068086,296.71175773967303,145
55820000,111639.99985410117,-204331.80037378904,298.5032644534441,145
55825000,111649.99985406683,-204397.82308029837,299.37281135013694,145
55830000,111659.99985403249,-204396.68718090677,297.6157214064726,145
55835000,111669.99985399815,-204273.0375488341,300.4227296318412,145
55840000,111679.9998539638,-203225.92306028737,298.3683906001813,145
55845000,111689.99985392946,-204333.62575320527,299.8006299133158,145
55850000,111699.99985389512,-204090.04003821325,302.11240848761184,145
55855000,111709.99985386078,-203887.7784926847,298.9010473827605,145
55860000,111719.99985382643,-203937.80126980774,296.1890803668651,145
55865000,111729.99985379209,-203080.82931201032,300.63717690380565,145
55870000,111739.99985375775,-204741.68616921164,302.7899085264495,145
55875000,111749.9998537234,-203774.66255077417,297.0296879681899,145
55880000,111759.99985368906,-203860.52431126742,298.04565315083914,145
55885000,111769.99985365472,-203930.6888787247,301.59327925744736,145
55890000,111779.99985362038,-203480.02899243182,300.3924084528181,145
55895000,111789.99985358604,-203581.50149481033,296.432721967151,145
55900000,111799.9998535517,-204013.70880719833,300.76855262957116,145
55905000,111809.99985351735,-203485.87352542684,299.03110424660076,145
55910000,111819.99985348301,-203733.3396290131,298.63217452577663,145
55915000,111829.99985344867,-203838.95185395807,300.10999830368405,145
55920000,111839.99985341432,-203414.37369902,301.0107475814678,145
55925000,111849.99985337998,-203807.73330583482,300.284158484493,145
55930000,111859.99985334564,-203463.7127727879,302.11563129295735,145
55935000,111869.9998533113,-203834.06626087357,302.8364675607784,145
55940000,111879.99985327695,-204100.5878895413,298.09714387897446,145
55945000,111889.99985324261,-204709.86405397684,301.57581990656143,145
55950000,111899.99985320827,-204209.11002611904,300.7007273100228,145
55955000,111909.99985317393,-203824.59913950833,299.9419880383965,145
55960000,111919.99985313958,-203591.00134481804,300.7324151451455,145
55965000,111929.99985310524,-204679.22723930306,296.00410735458524,145
55970000,111939.9998530709,-203962.9578525665,304.40519225391785,145
55975000,111949.99985303656,-203653.41218543332,299.2368625235432,145
55980000,111959.99985300221,-204527.48991495708,300.3032440250377,145
55985000,111969.99985296787,-203700.9384268811,304.2817269193129,145
55990000,111979.99985293353,-202709.1408789825,298.4665111215238,145
55995000,111989.99985289919,-204267.29235674988,296.2857738529602,145
56000000,111999.99985286484,-204499.31315042207,303.51405342800865,145
56005000,112009.9998528305,-204692.73706320592,302.4452128501895,145
56010000,112019.99985279616,-204611.42362866295,303.37174187490194,145
56015000,112029.99985276182,-203616.40219051926,302.0590992825344,145
56020000,112039.99985272747,-203930.3366206548,299.9881666391708,145
56025000,112049.99985269313,-204919.21842924727,302.3183656446684,145
56030000,112059.99985265879,-203516.064194237,305.7168153893117,145
56035000,112069.99985262445,-203692.3744289691,297.44260583368094,145
56040000,112079.9998525901,-204024.34392134345,302.06428663608443,145
56045000,112089.99985255576,-203983.211916278,302.17057655489,145
56050000,112099.99985252142,-203442.1705618119,304.0173383306771,145
56055000,112109.99985248708,-203326.85345893796,299.9030198728334,145
56060000,112119.99985245273,-203801.79904111638,300.10403632112985,145
56065000,112129.99985241839,-203787.03729133506,298.86283291617934,145
56070000,112139.99985238405,-203914.23334282357,297.4523367023593,145
56075000,112149.9998523497,-203517.67016868002,300.0696129753934,145
56080000,112159.99985231536,-203491.314340921,301.7195023108798,145
56085000,112169.99985228102,-203854.84606273437,301.1292792691208,145
56090000,112179.99985224668,-204559.40128598677,295.96772374489564,145
56095000,112189.99985221234,-204192.52748677705,298.9919831197181,145
56100000,112199.99985217799,-203555.7172396048,301.52926369390946,145
56105000,112209.99985214365,-204433.4898640184,299.43152747073407,145
56110000,112219.99985210931,-203702.92790669343,299.0604904257952,145
56115000,112229.99985207497,-204125.55362264218,297.7390126714436,145
56120000,112239.99985204062,-202921.1979328621,301.51041364232145,145
56125000,112249.99985200628,-203758.62357229483,304.4578440293232,145
56130000,112259.99985197194,-204570.01678861468,300.6486579067498,145
56135000,112269.9998519376,-202512.17026101192,299.8952635748185,145
56140000,112279.99985190325,-202896.43722251023,299.5938045845559,145
56145000,112289.99985186891,-203435.46064648055,302.59526915864,145
56150000,112299.99985183457,-204235.00021681061,296.71029092438397,145
56155000,112309.99985180022,-203471.03657546896,299.188543576955,145
56160000,112319.99985176588,-204706.60636046412,296.77983391988636,145
56165000,112329.99985173154,-204387.02286830556,300.7317855361243,145
56170000,112339.9998516972,-203760.0265526789,297.4345497296498,145
56175000,112349.99985166285,-203316.8972957331,300.223081001955,145
56180000,112359.99985162851,-204224.34973594372,302.028030011955,145
56185000,112369.99985159417,-204257.39206396544,305.8463055628761,145
56190000,112379.99985155983,-203621.34474799025,304.81010465794196,145
56195000,112389.99985152548,-204177.25270043814,302.5481502074105,145
56200000,112399.99985149114,-204532.80747832463,300.1749739388414,145
56205000,112409.9998514568,-204121.48211173282,303.19102342893177,145
56210000,112419.99985142246,-204408.82395900658,304.8310777002521,145
56215000,112429.99985138811,-203082.6044252544,300.7719851039597,145
56220000,112439.99985135377,-204768.5095985824,300.4052075502567,145
56225000,112449.99985131943,-203778.78308370477,302.43277147181,145
56230000,112459.99985128509,-203771.44983124803,300.39299523031696,145
56235000,112469.99985125074,-204226.54716185643,298.6160717960001,145
56240000,112479.9998512164,-204535.8171281244,296.8398732537085,145
56245000,112489.99985118206,-204434.33383816818,296.6062787566276,145
56250000,112499.99985114772,-203123.03846166516,303.1155143220668,145
56255000,112509.99985111337,-203500.3063821788,302.41600245078814,145
56260000,112519.99985107903,-204310.59075335553,299.90143903087716,145
56265000,112529.99985104469,-203154.57449878636,297.49653333298187,145
56270000,112539.99985101035,-204215.1067701797,299.50018536244517,145
56275000,112549.999850976,-204045.36867602146,300.74272924110653,145
56280000,112559.99985094166,-204017.20761185943,301.39517343911695,145
56285000,112569.99985090732,-204161.54407607857,300.8027524563862,145
56290000,112579.99985087298,-203883.8802466133,301.22337164729055,145
56295000,112589.99985083863,-203978.91798493115,300.154279571065,145
56300000,112599.99985080429,-203818.26991724293,301.5510415771274,145
56305000,112609.99985076995,-203495.29372515925,303.3142969742703,145
56310000,112619.9998507356,-204797.51253453386,302.31244603776287,145
56315000,112629.99985070126,-204025.21923281543,295.1640849416968,145
56320000,112639.99985066692,-204328.99620048143,303.55612776313086,145
56325000,112649.99985063258,-204349.33765459387,305.08548315641514,145
56330000,112659.99985059824,-204038.73478811025,304.7316762357474,145
56335000,112669.9998505639,-203949.62922779203,299.5778913792371,145
56340000,112679.99985052955,-203467.202669992,299.0150379726484,145
56345000,112689.99985049521,-204103.00261966244,301.3680856921859,145
56350000,112699.99985046087,-204326.89887910476,299.73277440753014,145
56355000,112709.99985042652,-203843.04693410115,297.3925927149353,145
56360000,112719.99985039218,-203646.79129221803,299.1394844961351,145
56365000,112729.99985035784,-203810.00405267614,301.1907830032267,145
56370000,112739.9998503235,-203728.86021163303,298.2071333366275,145
56375000,112749.99985028915,-204677.75708596897,305.06940536479345,145
56380000,112759.99985025481,-203665.5096590391,300.5230247200796,145
56385000,112769.99985022047,-204358.15098118922,299.9509318590516,145
56390000,112779.99985018613,-203802.2257831687,298.0567429849834,145
56395000,112789.99985015178,-203870.60977425077,303.01930862445636,145
56400000,112799.99985011744,-203605.97179766418,298.6253537210497,145
56405000,112809.9998500831,-203617.4277076855,302.9595366529779,145
56410000,112819.99985004876,-204312.90410649148,298.16045509818576,145
56415000,112829.99985001441,-203963.4749968768,299.1611360912055,145
56420000,112839.99984998007,-203874.50672178506,304.42087818229857,145
56425000,112849.99984994573,-204093.67719267344,300.90284043035916,145
56430000,112859.99984991139,-204354.31018184999,302.80410142842146,145
56435000,112869.99984987704,-203799.7294160372,300.6459125027201,145
56440000,112879.9998498427,-204178.49183437985,296.8412019574209,145
56445000,112889.99984980836,-203316.7001262101,298.62962652594416,145
56450000,112899.99984977402,-203855.49943527172,301.5806423027042,145
56455000,112909.99984973967,-204046.24926964066,295.4837128465825,145
56460000,112919.99984970533,-204157.50131307263,298.42263821751436,145
56465000,112929.99984967099,-204096.8613452526,300.2168272881927,145
56470000,112939.99984963665,-204263.89203287242,299.7477961883296,145
56475000,112949.9998496023,-204037.4577444517,299.1001531652275,145
56480000,112959.99984956796,-202967.49229941936,295.1846108186835,145
56485000,112969.99984953362,-203873.37833969493,305.4166971715237,145
56490000,112979.99984949928,-203474.89786333218,301.28795242996495,145
56495000,112989.99984946493,-203804.12945737212,295.6212801310321,145
56500000,112999.99984943059,-203654.1998282125,302.0043036267038,145
56505000,113009.99984939625,-203467.47658409108,300.3467872648559,145
56510000,113019.9998493619,-204329.74098674452,297.84152268463197,145
56515000,113029.99984932756,-203420.0617562763,301.96823376121114,145
56520000,113039.99984929322,-203338.35889640136,302.37981377610316,145
56525000,113049.99984925888,-204352.00693714502,300.74717598322644,145
56530000,113059.99984922454,-204274.53946685244,297.5640421184138,145
56535000,113069.9998491902,-203546.31157753256,303.84438679386096,145
56540000,113079.99984915585,-204446.63871986396,298.805129739568,145
56545000,113089.99984912151,-204176.79705962492,300.9060002650077,145
56550000,113099.99984908717,-203818.25801039475,295.5679383124008,145
56555000,113109.99984905282,-203237.71047978092,299.1997975732057,145
56560000,113119.99984901848,-203539.12205255823,297.5662700778084,145
56565000,113129.99984898414,-203802.68946351425,300.01726036778547,145
56570000,113139.9998489498,-203363.65464115166,295.8104694527987,145
56575000,113149.99984891545,-204465.39863322373,302.87225191119245,145
56580000,113159.99984888111,-203043.25078286987,303.581056645423,145
56585000,113169.99984884677,-204227.32689220307,304.40767109194223,145
56590000,113179.99984881243,-203916.35962806863,300.33584296477716,145
56595000,113189.99984877808,-204335.24549116322,300.21544373390833,145
56600000,113199.99984874374,-203597.92056199443,306.1474786413401,145
56605000,113209.9998487094,-204340.62772928353,301.6787557021997,145
56610000,113219.99984867506,-203873.1556681745,303.68542118620377,145
56615000,113229.99984864071,-204200.5334938889,298.35020722985877,145
56620000,113239.99984860637,-203887.68855865858,306.9986880023743,145
56625000,113249.99984857203,-203114.71654735983,295.7112681157538,145
56630000,113259.99984853769,-203748.6609961727,301.05231219514775,145
56635000,113269.99984850334,-203556.28728946543,300.75626044405556,145
56640000,113279.999848469,-203709.4128962945,302.4706930689311,145
56645000,113289.99984843466,-203325.07325782184,298.8572699000811,145
56650000,113299.99984840032,-203796.14383711864,294.37205530906544,145
56655000,113309.99984836597,-204212.5195710354,298.71686312623115,145
56660000,113319.99984833163,-203380.5914635643,297.97478226403047,145
56665000,113329.99984829729,-203466.22059997998,295.4963439792212,145
56670000,113339.99984826295,-203953.37412130367,297.32155820508075,145
56675000,113349.9998482286,-204610.10010779707,304.03647331889147,145
56680000,113359.99984819426,-203814.87648835604,300.4554859002529,145
56685000,113369.99984815992,-202920.37387219945,304.63659943275195,145
56690000,113379.99984812558,-203713.87779494375,299.95866774270394,145
56695000,113389.99984809123,-203699.1918514612,299.9198630751651,145
56700000,113399.99984805689,-203713.6111770647,299.50690401039424,145
56705000,113409.99984802255,-203477.64923248172,296.05381257293936,145
56710000,113419.9998479882,-204058.97111161344,301.8756884076621,145
56715000,113429.99984795386,-204204.51044736302,300.89572934619554,145
56720000,113439.99984791952,-204064.74599076773,300.4908790326118,145
56725000,113449.99984788518,-203979.70865064592,295.71842421822623,145
56730000,113459.99984785084,-203256.6282191784,303.20714883651544,145
56735000,113469.99984781649,-204139.79655479186,297.09544084465233,145
56740000,113479.99984778215,-203842.26785900514,303.39133689439944,145
56745000,113489.99984774781,-204573.459914263,300.63008608846303,145
56750000,113499.99984771346,-203419.84818623122,296.69570332818415,145
56755000,113509.99984767912,-203981.00362873636,302.6955216402662,145
56760000,113519.99984764478,-203865.31634416105,304.639202809048,145
56765000,113529.99984761044,-204666.10002523556,299.4552635275394,145
56770000,113539.9998475761,-203547.4586769567,300.0115305248081,145
56775000,113549.99984754175,-203859.79710459383,304.31777470177536,145
56780000,113559.99984750741,-203967.4878575859,299.0228376217403,145
56785000,113569.99984747307,-203897.84344691993,302.9543053804916,145
56790000,113579.99984743872,-204695.24050099263,296.15857845338263,145
56795000,113589.99984740438,-204253.05494603503,297.3868206466192,145
56800000,113599.99984737004,-204190.51117201883,300.7545637571765,145
56805000,113609.9998473357,-204152.00689587917,303.09733121457595,145
56810000,113619.99984730135,-203620.06491810188,302.90491256203967,145
56815000,113629.99984726701,-203090.80652871402,296.622292745262,145
56820000,113639.99984723267,-203439.90635488555,297.08271477301145,145
56825000,113649.99984719833,-203101.5498150225,299.21795745728986,145
56830000,113659.99984716398,-203430.1184539576,302.1246850847762,145
56835000,113669.99984712964,-204157.40950745763,300.8503672585972,145
56840000,113679.9998470953,-203636.77201631188,301.8942852040086,145
56845000,113689.99984706096,-204138.96861388185,299.90127656636844,145
56850000,113699.99984702661,-203736.2422276208,302.28694139767424,145
56855000,113709.99984699227,-203935.83063198696,300.1459242871052,145
56860000,113719.99984695793,-203582.7995701955,299.5623941517366,145
56865000,113729.99984692359,-202572.091592605,304.6545070504394,145
56870000,113739.99984688924,-203405.0829531341,304.58484258957384,145
56875000,113749.9998468549,-204367.10822446307,305.2401281088558,145
56880000,113759.99984682056,-204392.80506194208,299.0172299360336,145
56885000,113769.99984678622,-203965.21410135843,298.5767423536842,145
56890000,113779.99984675187,-204147.30199699092,300.25412081497774,145
56895000,113789.99984671753,-203267.60574069282,303.3795187048944,145
56900000,113799.99984668319,-203624.6203672071,301.2421354729813,145
56905000,113809.99984664885,-203568.8446792682,302.3487148981483,145
56910000,113819.9998466145,-203982.0126667408,303.862693177351,145
56915000,113829.99984658016,-204682.93518703338,298.86292781584893,145
56920000,113839.99984654582,-204177.06045863102,302.3517479790637,145
56925000,113849.99984651148,-203702.47610183177,300.45900424174204,145
56930000,113859.99984647713,-203757.58713813662,300.6038790682149,145
56935000,113869.99984644279,-204431.58412548585,296.00240393059846,145
56940000,113879.99984640845,-204352.6268087359,297.78526999402214,145
56945000,113889.9998463741,-203469.46650395973,297.8439272477754,145
56950000,113899.99984633976,-203301.3447779367,300.12657961685886,145
56955000,113909.99984630542,-203668.76657442446,301.95389725513445,145
56960000,113919.99984627108,-203211.3289016087,299.09255546328745,145
56965000,113929.99984623674,-203490.878759493,297.21944363058833,145
56970000,113939.9998462024,-204110.8122099361,297.30329853206655,145
56975000,113949.99984616805,-204332.90111860936,298.5720400006191,145
56980000,113959.99984613371,-203985.02240570413,298.54910415719934,145
56985000,113969.99984609937,-203520.31434112217,302.04841908304354,145
56990000,113979.99984606502,-203430.5648712241,301.20976024568273,145
56995000,113989.99984603068,-204158.09963009635,299.75930803370306,145
57000000,113999.99984599634,-203803.65342376567,300.18655973303527,145
57005000,114009.999845962,-204152.26137887582,298.42993681050694,145
57010000,114019.99984592765,-204254.33694603492,301.3011120228262,145
57015000,114029.99984589331,-204322.41617531038,299.6164574065728,145
57020000,114039.99984585897,-202701.81546444364,305.31741879255816,145
57025000,114049.99984582463,-203667.30416984519,297.4609631066573,145
57030000,114059.99984579028,-202961.8007809387,299.4324622426075,145
57035000,114069.99984575594,-203294.37088795472,305.3165572255211,145
57040000,114079.9998457216,-203464.33856996708,301.31363556647915,145
57045000,114089.99984568726,-202982.48077877075,302.7868268228123,145
57050000,114099.99984565291,-203731.10515083803,297.97269285201435,145
57055000,114109.99984561857,-204145.19218510878,297.44607480350777,145
57060000,114119.99984558423,-204377.8651248595,302.21843694459074,145
57065000,114129.99984554989,-203377.61666958022,302.26741847235536,145
57070000,114139.99984551554,-204505.76959336828,298.8774252077242,145
57075000,114149.9998454812,-204324.64233195188,303.3359576917377,145
57080000,114159.99984544686,-204448.28516989364,300.13756775037973,145
57085000,114169.99984541252,-205269.29245184828,301.79548620072643,145
57090000,114179.99984537817,-203652.02547766222,300.7130729638846,145
57095000,114189.99984534383,-203057.05515722523,297.8317549066129,145
57100000,114199.99984530949,-203781.39992327266,302.11867867937235,145
57105000,114209.99984527515,-204262.21359057352,301.74573951904233,145
57110000,114219.9998452408,-203066.31184097647,300.04629908074986,145
57115000,114229.99984520646,-204057.70943765668,300.80021034390717,145
57120000,114239.99984517212,-204218.06010794733,302.85350116645805,145
57125000,114249.99984513778,-203554.49695299566,299.79754570649703,145
57130000,114259.99984510343,-203354.7346718734,298.14000047225085,145
57135000,114269.99984506909,-203785.65774949524,305.7641369872969,145
57140000,114279.99984503475,-204365.32038750406,299.4456956135309,145
57145000,114289.9998450004,-203275.7670927646,302.20016239079484,145
57150000,114299.99984496606,-204525.44534841983,293.46045099588105,145
57155000,114309.99984493172,-203545.5932832855,303.2109695394159,145
57160000,114319.99984489738,-203970.64970984776,299.52738279206704,145
57165000,114329.99984486304,-204469.86233474407,298.1922478136198,145
57170000,114339.9998448287,-204000.99691221537,298.11676908708415,145
57175000,114349.99984479435,-204100.32563034573,298.9060715630617,145
57180000,114359.99984476001,-204229.16983013705,303.69662479073355,145
57185000,114369.99984472567,-203972.0862534868,302.97101059991934,145
57190000,114379.99984469132,-203953.38900846464,306.77351089300095,145
57195000,114389.99984465698,-203648.72329665732,300.9209371794866,145
57200000,114399.99984462264,-203704.1360896621,299.83882003377784,145
57205000,114409.9998445883,-204510.40341980604,300.3349802921053,145
57210000,114419.99984455395,-202989.74487566156,301.7507793682676,145
57215000,114429.99984451961,-203892.60406905913,300.81258841515967,145
57220000,114439.99984448527,-204175.88433510228,300.996023931949,145
57225000,114449.99984445093,-204101.40959671733,299.2120369885639,145
57230000,114459.99984441658,-203360.9747270979,304.32685487145613,145
57235000,114469.99984438224,-204133.69045174948,302.44988717386235,145
57240000,114479.9998443479,-204178.87575731508,301.75166933511605,145
57245000,114489.99984431356,-204356.37758322153,299.0474169297604,145
57250000,114499.99984427921,-204192.74661401927,300.76741272297016,145
57255000,114509.99984424487,-203919.10144014237,302.77336159159023,145
57260000,114519.99984421053,-203436.1568333928,304.1778453340926,145
57265000,114529.99984417619,-204771.33122008923,300.9505944590925,145
57270000,114539.99984414184,-203801.9280687567,301.10225338038305,145
57275000,114549.9998441075,-203632.13956810557,301.40005044896367,145
57280000,114559.99984407316,-203467.43493716756,302.2092661328884,145
57285000,114569.99984403882,-203505.2074659533,301.7925665219629,145
57290000,114579.99984400447,-204004.8733111521,302.89233785082325,145
57295000,114589.99984397013,-203678.06963812944,297.63913041145867,145
57300000,114599.99984393579,-203720.6264930328,299.09484288424966,145
57305000,114609.99984390145,-203620.1617334641,296.68533510640606,145
57310000,114619.9998438671,-203659.30695484835,302.1321291786392,145
57315000,114629.99984383276,-203940.47560358897,298.4626522836388,145
57320000,114639.99984379842,-204414.3171345092,299.6112707017761,145
57325000,114649.99984376408,-204295.04557718185,295.75399863214494,145
57330000,114659.99984372973,-204096.87557089026,303.6065663407068,145
57335000,114669.99984369539,-203323.1564324979,298.1980642260391,145
57340000,114679.99984366105,-204138.77498358942,300.2872437644512,145
57345000,114689.9998436267,-203451.96687123785,302.6523500551645,145
57350000,114699.99984359236,-203853.34694389207,306.041123395132,145
57355000,114709.99984355802,-203026.88712172804,301.58450680771995,145
57360000,114719.99984352368,-203215.32315238507,298.78979262333144,145
57365000,114729.99984348934,-204497.20683115174,301.53791295803916,145
57370000,114739.99984345499,-203058.73268751963,302.57763895075834,145
57375000,114749.99984342065,-203860.07578391337,302.8689862968951,145
57380000,114759.99984338631,-203444.31325433508,305.28214962257334,145
57385000,114769.99984335196,-203767.47229289077,297.92319353723883,145
57390000,114779.99984331762,-203578.49628206925,303.09221516933985,145
57395000,114789.99984328328,-204010.99831757613,296.70179767242644,145
57400000,114799.99984324894,-203925.7620228798,302.4174349404213,145
57405000,114809.9998432146,-203747.66964228312,298.7425053093128,145
57410000,114819.99984318025,-204675.56075413106,302.2368280840993,145
57415000,114829.99984314591,-203253.03676116595,301.87668630937907,145
57420000,114839.99984311157,-204062.28037514316,301.74435463257714,145
57425000,114849.99984307722,-203707.43831510935,297.1032553426032,145
57430000,114859.99984304288,-204257.0281374266,297.38107827832033,145
57435000,114869.99984300854,-203864.96890809154,298.481691278206,145
57440000,114879.9998429742,-204432.95887763158,299.04899891080095,145
57445000,114889.99984293985,-203400.86144455953,297.4287608637381,145
57450000,114899.99984290551,-204140.47010268376,301.4301124025784,145
57455000,114909.99984287117,-204167.59685937734,296.7950094461421,145
57460000,114919.99984283683,-203383.35942172352,300.6557621581956,145
57465000,114929.99984280248,-204314.12626769254,299.77026714575527,145
57470000,114939.99984276814,-203696.52185860032,301.64311859086035,145
57475000,114949.9998427338,-204666.01541100896,300.5295543860646,145
57480000,114959.99984269946,-204296.10754100292,297.59258061740593,145
57485000,114969.99984266511,-203578.35693179164,298.9136282891835,145
57490000,114979.99984263077,-204510.14619761333,298.8556538455725,145
57495000,114989.99984259643,-203883.2444013866,302.8991310192895,145
57500000,114999.99984256209,-203213.64826907415,297.9247038434437,145
57505000,115009.99984252774,-204059.89658903354,302.64225158842896,145
57510000,115019.9998424934,-203761.86236555397,301.9857065789563,145
57515000,115029.99984245906,-203310.26623160695,297.15607378717874,145
57520000,115039.99984242472,-204120.21280150756,295.11582769730916,145
57525000,115049.99984239037,-203524.86754031887,300.8990409327954,145
57530000,115059.99984235603,-203569.2282400264,302.6850808472512,145
57535000,115069.99984232169,-204545.1204704024,301.06619382668674,145
57540000,115079.99984228735,-204119.9125879287,298.3985293164615,145
57545000,115089.999842253,-204194.24457620678,303.7846534730445,145
57550000,115099.99984221866,-205034.53913567786,305.20257224168824,145
57555000,115109.99984218432,-204019.7794180354,301.24902734632815,145
57560000,115119.99984214998,-204287.0506188689,302.18759397099063,145
57565000,115129.99984211563,-204348.71021862142,303.50245299980827,145
57570000,115139.99984208129,-204341.39192747965,303.35693126931795,145
57575000,115149.99984204695,-204613.7478433078,301.2507257919966,145
57580000,115159.9998420126,-203937.79204382317,298.74744419583874,145
57585000,115169.99984197826,-203787.9910612317,298.4537744606802,145
57590000,115179.99984194392,-202941.0321095743,299.4865878641641,145
57595000,115189.99984190958,-204376.44919732155,303.3730139868163,145
57600000,115199.99984187524,-203573.97805789777,301.47320521757206,145
57605000,115209.9998418409,-203601.00717140385,294.3013345014768,145
57610000,115219.99984180655,-203607.94156313024,301.13159071388344,145
57615000,115229.99984177221,-203682.53015258024,300.02266623280724,145
57620000,115239.99984173787,-204017.33601089183,301.1601963918315,145
57625000,115249.99984170352,-203901.5682318376,297.5821357959883,145
57630000,115259.99984166918,-203371.82099808834,296.94133899929454,145
57635000,115269.99984163484,-204099.8707635305,303.7982079783451,145
57640000,115279.9998416005,-204256.57086085354,296.77106987713876,145
57645000,115289.99984156615,-204150.4131482438,297.62075576202176,145
57650000,115299.99984153181,-204631.96068224346,299.38242712005575,145
57655000,115309.99984149747,-204042.49795784382,299.35299548870665,145
57660000,115319.99984146313,-203950.25815504487,294.9175772587653,145
57665000,115329.99984142878,-203668.1395726985,298.6702767206288,145
57670000,115339.99984139444,-203927.71372949355,300.6138034257042,145
57675000,115349.9998413601,-203835.91682431602,298.1206752024318,145
57680000,115359.99984132576,-203656.58956585918,301.36063814732034,145
57685000,115369.99984129141,-203912.87608031847,302.07599121527824,145
57690000,115379.99984125707,-203660.89394140558,302.7066856616448,145
57695000,115389.99984122273,-204168.4755633548,298.8552279345278,145
57700000,115399.99984118839,-203589.8136819097,294.81808234010117,145
57705000,115409.99984115404,-204256.52486567397,304.63036786889944,145
57710000,115419.9998411197,-203800.43927870272,298.5465636347683,145
57715000,115429.99984108536,-203691.9573037621,297.2924359478045,145
57720000,115439.99984105102,-203955.3367803716,301.1351351605124,145
57725000,115449.99984101667,-203308.38076705323,300.9288495703876,145
57730000,115459.99984098233,-203550.8727835163,300.290112338015,145
57735000,115469.99984094799,-204334.7076661036,301.343972386504,145
57740000,115479.99984091365,-203471.79053841392,297.7756557875436,145
57745000,115489.9998408793,-203718.29856791545,300.51248799614035,145
57750000,115499.99984084496,-204528.318810898,298.9469648004848,145
57755000,115509.99984081062,-204318.39379308594,296.83042174224477,145
57760000,115519.99984077628,-203125.55942288483,299.66035110646203,145
57765000,115529.99984074193,-203507.51034495898,302.9564728283522,145
57770000,115539.99984070759,-204752.13920679304,296.902843778674,145
57775000,115549.99984067325,-204026.5630806369,297.4110576545889,145
57780000,115559.9998406389,-203738.39822465985,300.0675302844056,145
57785000,115569.99984060456,-204756.65579880693,302.133580785844,145
57790000,115579.99984057022,-203677.08181701018,294.0480173518356,145
57795000,115589.99984053588,-204084.505622769,301.79323135855606,145
57800000,115599.99984050154,-204526.59155815223,299.04237040215907,145
57805000,115609.9998404672,-203679.236489419,296.64598071895347,145
57810000,115619.99984043285,-203705.9750264861,303.6032907979719,145
57815000,115629.99984039851,-203688.69275423407,296.4017143317983,145
57820000,115639.99984036417,-204111.66103391943,298.78577228459034,145
57825000,115649.99984032982,-203597.01186274656,298.5867242293106,145
57830000,115659.99984029548,-202868.23922330677,301.5871448790275,145
57835000,115669.99984026114,-203772.66675509047,296.77009691542116,145
57840000,115679.9998402268,-203769.09990781895,298.63049907335494,145
57845000,115689.99984019245,-204691.10421400378,301.7059545360351,145
57850000,115699.99984015811,-204554.59590123966,299.08601572087434,145
57855000,115709.99984012377,-204187.29114229663,302.18956500015474,145
57860000,115719.99984008943,-203427.62094741792,298.26587360464737,145
57865000,115729.99984005508,-203159.57092943112,307.2239264045159,145
57870000,115739.99984002074,-204332.66779946652,301.55080019027974,145
57875000,115749.9998399864,-203418.15946086566,301.31737158164157,145
57880000,115759.99983995206,-203425.08503448707,300.84561322532755,145
57885000,115769.99983991771,-204060.715492722,299.8071911876035,145
57890000,115779.99983988337,-204315.54619244998,300.4134622154662,145
57895000,115789.99983984903,-203822.94922964915,298.8599719838685,145
57900000,115799.99983981469,-203600.99057844444,304.8307824648927,145
57905000,115809.99983978034,-204048.4688368683,302.0194216619871,145
57910000,115819.999839746,-203794.6447089468,297.7652862112419,145
57915000,115829.99983971166,-204275.6967037433,299.72160743716705,145
57920000,115839.99983967732,-203683.29760930745,301.44298735727676,145
57925000,115849.99983964297,-203564.26455387508,305.3695454434278,145
57930000,115859.99983960863,-204049.4328740763,301.44700115212544,145
57935000,115869.99983957429,-203641.7504519308,299.06989974166424,145
57940000,115879.99983953995,-203742.8284402847,300.9843934604122,145
57945000,115889.9998395056,-203481.66350319795,300.2690557825893,145
57950000,115899.99983947126,-204331.34328648588,300.91330339458045,145
57955000,115909.99983943692,-203167.23986253177,301.29395921485894,145
57960000,115919.99983940258,-204270.2253754167,299.19936690920963,145
57965000,115929.99983936823,-203814.64739090845,297.24850941898376,145
57970000,115939.99983933389,-203818.26782207284,296.49680352881984,145
57975000,115949.99983929955,-203532.8831651893,300.7420096042413,145
57980000,115959.9998392652,-204167.03845816955,293.02576489233564,145
57985000,115969.99983923086,-203652.7023188672,304.98933982836735,145
57990000,115979.99983919652,-203945.72855604312,298.9965340398084,145
57995000,115989.99983916218,-202851.26030431956,298.6882559331905,145
58000000,115999.99983912784,-203826.66831757815,302.8077197092767,145
58005000,116009.99983909349,-203647.85018268134,300.9845606477165,145
58010000,116019.99983905915,-203620.9750698338,298.3606927209666,145
58015000,116029.99983902481,-203660.68905267457,301.4864297007093,145
58020000,116039.99983899046,-204277.0160955824,297.6443569400543,145
58025000,116049.99983895612,-203980.67996754486,295.4312958601322,145
58030000,116059.99983892178,-204391.223764634,300.80094460368105,145
58035000,116069.99983888744,-204202.6895379608,302.66137276584186,145
58040000,116079.9998388531,-203162.34565896948,299.45817800414545,145
58045000,116089.99983881875,-203571.64504758408,297.89842419749243,145
58050000,116099.99983878441,-204099.53842705628,300.7064373337491,145
58055000,116109.99983875007,-204039.5566749249,296.9458441952351,145
58060000,116119.99983871572,-202732.18265352666,300.49994313089974,145
58065000,116129.99983868138,-203678.42546415434,298.0864451427599,145
58070000,116139.99983864704,-204347.07140099024,303.3368622255869,145
58075000,116149.9998386127,-203892.52418743342,300.57069853805564,145
58080000,116159.99983857835,-204619.9934137587,295.8363362558474,145
58085000,116169.99983854401,-204314.0673866924,302.6331295273461,145
58090000,116179.99983850967,-203804.1302520272,298.25625641612663,145
58095000,116189.99983847533,-204168.1030800885,298.12814311715005,145
58100000,116199.99983844098,-204182.64473067364,302.68944000841657,145
58105000,116209.99983840664,-204659.47666279227,297.41174931426303,145
58110000,116219.9998383723,-203839.14240911778,298.5034710053501,145
58115000,116229.99983833796,-204532.2980357461,294.7140158485272,145
58120000,116239.99983830361,-204782.38625748432,304.82686016424145,145
58125000,116249.99983826927,-203770.78677610017,300.183736597226,145
58130000,116259.99983823493,-203593.43844584737,303.90382390528634,145
58135000,116269.99983820059,-203490.94580965617,303.70709659987523,145
58140000,116279.99983816624,-203725.33045169606,307.4505036290254,145
58145000,116289.9998381319,-203168.3521085215,300.2643466005404,145
58150000,116299.99983809756,-203496.61217054946,303.2697947228071,145
58155000,116309.99983806322,-204176.32698551868,299.00991421657733,145
58160000,116319.99983802887,-204399.5519918102,300.92428419648854,145
58165000,116329.99983799453,-204045.1918219825,299.75013677718715,145
58170000,116339.99983796019,-203489.19111894828,299.2433015678437,145
58175000,116349.99983792585,-204024.42649031815,303.70288418451986,145
58180000,116359.9998378915,-204117.90185352182,296.543897880471,145
58185000,116369.99983785716,-203706.74535661412,300.3722098159496,145
58190000,116379.99983782282,-203750.65114067285,304.9407738226605,145
58195000,116389.99983778848,-204720.47303632356,301.80142548203406,145
58200000,116399.99983775413,-203586.8818631363,301.34644259130533,145
58205000,116409.99983771979,-204803.2486521448,296.7041184589362,145
58210000,116419.99983768545,-204209.360989718,301.376391283227,145
58215000,116429.9998376511,-203748.12255529093,298.6409115584917,145
58220000,116439.99983761676,-203974.1924197455,302.24289972628037,145
58225000,116449.99983758242,-203340.3922411335,300.5525320045354,145
58230000,116459.99983754808,-203533.55632560817,300.16176918135494,145
58235000,116469.99983751374,-204268.73181773233,298.87339465155844,145
58240000,116479.9998374794,-203427.3931203793,299.95619450613634,145
58245000,116489.99983744505,-203884.91083247354,301.790437872762,145
58250000,116499.99983741071,-203828.68081684213,300.7562837577252,145
58255000,116509.99983737637,-203886.2249749509,299.24868178805,145
58260000,116519.99983734202,-203702.7521976683,301.88038052542515,145
58265000,116529.99983730768,-204053.91706189665,301.0268637040236,145
58270000,116539.99983727334,-203818.38298667117,300.8320878105947,145
58275000,116549.999837239,-205072.45859061286,300.91279161461387,145
58280000,116559.99983720465,-203516.22151905962,300.1342096725831,145
58285000,116569.99983717031,-203847.74271787435,299.49474264495524,145
58290000,116579.99983713597,-203668.0901472884,300.3442322951149,145
58295000,116589.99983710163,-203405.32334000873,298.94520542806265,145
58300000,116599.99983706728,-203603.84491527372,301.30144224148364,145
58305000,116609.99983703294,-203725.9161894885,299.9072062004789,145
58310000,116619.9998369986,-203471.30444351025,304.4168209112523,145
58315000,116629.99983696426,-203734.65061055508,300.0663730285512,145
58320000,116639.99983692991,-204305.00175135361,298.42380801471694,145
58325000,116649.99983689557,-203971.07595065935,296.3243703021536,145
58330000,116659.99983686123,-203467.80908253207,295.9596425732143,145
58335000,116669.99983682689,-203877.44573066186,301.51260740901904,145
58340000,116679.99983679254,-203969.75562439428,299.13914336360585,145
58345000,116689.9998367582,-202932.1436162399,296.9035924314598,145
58350000,116699.99983672386,-204570.96201349876,298.2884202274994,145
58355000,116709.99983668952,-203471.4359375442,301.43481701072244,145
58360000,116719.99983665517,-204492.95231443678,302.53755796109397,145
58365000,116729.99983662083,-203491.05685911013,293.3195393819923,145
58370000,116739.99983658649,-203594.73468854395,303.5915676997621,145
58375000,116749.99983655215,-203697.21598991938,302.0115106927007,145
58380000,116759.9998365178,-204141.9579603474,295.74685052697345,145
58385000,116769.99983648346,-203957.99460855278,293.6421776060524,145
58390000,116779.99983644912,-204178.19769607915,301.68436237936265,145
58395000,116789.99983641478,-203198.35680127924,299.6885499532681,145
58400000,116799.99983638043,-204106.47853979166,299.3922265710507,145
58405000,116809.99983634609,-203427.13820004696,301.79745999331124,145
58410000,116819.99983631175,-203618.18113306677,300.06483010006895,145
58415000,116829.9998362774,-203199.5116386076,298.8909666267385,145
58420000,116839.99983624306,-203338.79429244227,298.7092290743592,145
58425000,116849.99983620872,-204128.5713009386,303.2652524752713,145
58430000,116859.99983617438,-203706.31670821598,301.9538503309808,145
58435000,116869.99983614004,-203819.8285196114,299.5624786665847,145
58440000,116879.9998361057,-204300.25851591863,302.5089849821417,145
58445000,116889.99983607135,-204565.84081568394,303.3007981613354,145
58450000,116899.99983603701,-203666.4030962634,300.96664938904644,145
58455000,116909.99983600267,-204323.21665734833,303.1479721359073,145
58460000,116919.99983596832,-204018.89695697196,304.01306223559897,145
58465000,116929.99983593398,-203756.05838935438,297.66694573787873,145
58470000,116939.99983589964,-204913.4311465294,299.26602696079885,145
58475000,116949.9998358653,-204010.90763676038,298.50335202366614,145
58480000,116959.99983583095,-203435.23773428355,298.81034687253145,145
58485000,116969.99983579661,-203988.05153501814,300.5151914357689,145
58490000,116979.99983576227,-203405.8830030593,304.4148221868804,145
58495000,116989.99983572793,-204423.99011065543,304.10074680171994,145
58500000,116999.99983569358,-203241.93714607996,300.2655868295617,145
58505000,117009.99983565924,-203849.71356684598,296.2649648347042,145
58510000,117019.9998356249,-203167.2540495341,299.41065324565125,145
58515000,117029.99983559056,-203670.51054349728,303.27972863438606,145
58520000,117039.99983555621,-204640.95348030375,301.0897524682238,145
58525000,117049.99983552187,-203568.93593288108,298.4124438364555,145
58530000,117059.99983548753,-203428.4039499967,298.08255832767725,145
58535000,117069.99983545319,-204387.4300854263,299.4287957401126,145
58540000,117079.99983541884,-203933.66773522447,301.6274932106462,145
58545000,117089.9998353845,-204057.0392190239,302.05157680915215,145
58550000,117099.99983535016,-203986.56596395944,301.6125521671346,145
58555000,117109.99983531582,-204169.87641778996,303.865820200873,145
58560000,117119.99983528147,-204392.01739932573,300.2743347629049,145
58565000,117129.99983524713,-204334.67180013063,299.57092431773265,145
58570000,117139.99983521279,-204616.1466215601,295.9618890460025,145
58575000,117149.99983517845,-203885.46847417357,299.9110078554609,145
58580000,117159.9998351441,-203844.47169423173,297.2722012607952,145
58585000,117169.99983510976,-204358.37822772202,302.30086394254863,145
58590000,117179.99983507542,-204234.5326911218,301.78055475890994,145
58595000,117189.99983504108,-203566.34189949045,303.76381610309784,145
58600000,117199.99983500673,-202786.86132598564,301.40403578311344,145
58605000,117209.99983497239,-204093.7437232769,297.9505917057926,145
58610000,117219.99983493805,-204201.40512188338,302.0700484824475,145
58615000,117229.9998349037,-204100.10086081293,300.42836817349917,145
58620000,117239.99983486936,-203723.6211791942,301.48050130287294,145
58625000,117249.99983483502,-203162.14767771133,304.03806125294943,145
58630000,117259.99983480068,-203392.86188298475,299.26669814699227,145
58635000,117269.99983476633,-203860.73246853251,304.0893575701946,145
58640000,117279.99983473199,-202845.13901044882,302.32979898040253,145
58645000,117289.99983469765,-204498.06806093198,298.9364835251689,145
58650000,117299.99983466331,-203913.42087191914,299.2800183886678,145
58655000,117309.99983462896,-203568.10764884704,302.7407007940974,145
58660000,117319.99983459462,-203695.30362851894,293.97683167602366,145
58665000,117329.99983456028,-203842.76326510287,298.7389327528619,145
58670000,117339.99983452594,-203722.68006663222,304.38391856195256,145
58675000,117349.9998344916,-203236.73493333615,296.6391593506674,145
58680000,117359.99983445725,-204922.59331204405,299.9708502342304,145
58685000,117369.99983442291,-203853.4001068552,296.8984215612137,145
58690000,117379.99983438857,-204145.1639536972,300.6212391103597,145
58695000,117389.99983435422,-204334.74345957476,303.11835536627353,145
58700000,117399.99983431988,-203623.44978510996,298.647992662631,145
58705000,117409.99983428554,-203679.25070550048,296.097602715057,145
58710000,117419.9998342512,-204537.0755390782,300.99551216148865,145
58715000,117429.99983421685,-203880.996663715,301.1086574381525,145
58720000,117439.99983418251,-203714.72137116943,299.9910856889734,145
58725000,117449.99983414817,-203412.8838750954,302.1631645173401,145
58730000,117459.99983411383,-203569.09742678783,304.92889219067416,145
58735000,117469.99983407948,-204705.00148809678,300.16053481104046,145
58740000,117479.99983404514,-203893.34980156634,302.49529265427054,145
58745000,117489.9998340108,-204191.63938433328,302.61752083013386,145
58750000,117499.99983397646,-203454.9615796915,302.56923915267566,145
58755000,117509.99983394211,-203964.88779630722,302.0656629406461,145
58760000,117519.99983390777,-204145.9759260338,301.39505254413143,145
58765000,117529.99983387343,-203060.07949321542,300.49764217081577,145
58770000,117539.99983383909,-203371.12358013738,298.20655668796246,145
58775000,117549.99983380474,-203440.4655471713,302.00934411951215,145
58780000,117559.9998337704,-203790.9767256903,302.0644099088374,145
58785000,117569.99983373606,-204147.0385893205,297.36713247631894,145
58790000,117579.99983370172,-204212.99633000465,296.7031252762846,145
58795000,117589.99983366737,-203853.9062332646,298.7070389610605,145
58800000,117599.99983363303,-203010.12064785685,295.646824371636,145
58805000,117609.99983359869,-204027.3046605466,298.98284556855367,145
58810000,117619.99983356435,-203480.3195139746,299.1228363640898,145
58815000,117629.99983353,-203869.28992095648,304.4330230746486,145
58820000,117639.99983349566,-204082.83336350252,300.68342554630703,145
58825000,117649.99983346132,-203659.71677883342,303.09956224194724,145
58830000,117659.99983342698,-202912.74999371183,298.7701022680439,145
58835000,117669.99983339263,-204749.4641762483,300.0450065404848,145
58840000,117679.99983335829,-204424.04337475146,300.40755510822373,145
58845000,117689.99983332395,-203149.4393021951,301.53130877098397,145
58850000,117699.9998332896,-204286.9252390233,296.46853156256424,145
58855000,117709.99983325526,-204104.68776722392,302.7290280497391,145
58860000,117719.99983322092,-204353.70532232313,298.5432581486737,145
58865000,117729.99983318658,-203699.70219267358,302.56797672218266,145
58870000,117739.99983315224,-204136.07526474493,299.5617544210124,145
58875000,117749.9998331179,-203958.69135215168,301.52779470171254,145
58880000,117759.99983308355,-204238.65886324248,298.9925977314764,145
58885000,117769.99983304921,-203980.68668079388,300.3724595487588,145
58890000,117779.99983301487,-204491.73541053734,303.00696695891935,145
58895000,117789.99983298052,-203414.80569647183,300.87233433397506,145
58900000,117799.99983294618,-204005.731368377,300.4575784967238,145
58905000,117809.99983291184,-204119.13018687651,299.0052168359812,145
58910000,117819.9998328775,-204860.294132579,304.2074329547525,145
58915000,117829.99983284315,-204097.6028306808,299.26747774034004,145
58920000,117839.99983280881,-203847.70040476625,301.5215469035801,145
58925000,117849.99983277447,-203255.897357592,301.1086105821443,145
58930000,117859.99983274013,-203614.79900131992,299.1080095780358,145
58935000,117869.99983270578,-204160.90976510453,297.29480530112363,145
58940000,117879.99983267144,-204868.75400247332,300.7911182489051,145
58945000,117889.9998326371,-204606.72161556594,299.5396639047595,145
58950000,117899.99983260276,-204068.56570967042,300.1050333248607,145
58955000,117909.99983256841,-203499.630237018,301.69658864078866,145
58960000,117919.99983253407,-204133.09509283898,298.0207558804696,145
58965000,117929.99983249973,-204294.85292154038,303.34941389411665,145
58970000,117939.99983246539,-203884.28053433134,304.0852694289756,145
58975000,117949.99983243104,-203712.60982306185,299.8975760683461,145
58980000,117959.9998323967,-204328.55744765198,303.2079864030858,145
58985000,117969.99983236236,-204277.5576812483,295.9884031024542,145
58990000,117979.99983232802,-203607.9285128573,304.502001876066,145
58995000,117989.99983229367,-203807.73406127095,303.989601333298,145
59000000,117999.99983225933,-204249.97418855142,296.11909073170017,145
59005000,118009.99983222499,-204246.4347659693,298.1610256873381,145
59010000,118019.99983219065,-203300.84439089545,299.8830747139074,145
59015000,118029.9998321563,-204328.7954432068,299.6078490131592,145
59020000,118039.99983212196,-203346.0009079537,298.55921603036876,145
59025000,118049.99983208762,-203701.92802318663,297.6612229914641,145
59030000,118059.99983205328,-203875.00696807797,294.14244336825567,145
59035000,118069.99983201893,-203901.8478925397,300.5029428761829,145
59040000,118079.99983198459,-204134.340270599,303.2520360198437,145
59045000,118089.99983195025,-203522.26049181842,299.74923569726616,145
59050000,118099.9998319159,-204322.27162221342,300.34618080778887,145
59055000,118109.99983188156,-204476.3587316135,301.03980600192943,145
59060000,118119.99983184722,-204601.46376622654,298.09858484274866,145
59065000,118129.99983181288,-203390.76850069338,298.26757457353995,145
59070000,118139.99983177854,-203980.3741238583,300.0554871127907,145
59075000,118149.9998317442,-203409.78093947412,303.0244001317449,145
59080000,118159.99983170985,-203968.38991259667,299.045930392483,145
59085000,118169.99983167551,-204504.56101119332,299.18026425639556,145
59090000,118179.99983164117,-203617.92192557605,303.2394878833083,145
59095000,118189.99983160682,-203460.0282594146,297.3804710119306,145
59100000,118199.99983157248,-203767.0298707498,298.7963261389312,145
59105000,118209.99983153814,-203736.095160802,299.6737757159016,145
59110000,118219.9998315038,-203660.4989479439,306.3193914982159,145
59115000,118229.99983146945,-203859.9694370787,304.3942300295631,145
59120000,118239.99983143511,-203974.94766723632,297.86076584019247,145
59125000,118249.99983140077,-203721.11862884695,304.6516887123488,145
59130000,118259.99983136643,-203929.07186533674,298.38165771820843,145
59135000,118269.99983133208,-204353.1924593713,305.4650883287297,145
59140000,118279.99983129774,-203468.86622780282,302.49242822770486,145
59145000,118289.9998312634,-203503.57085938216,298.19419783983994,145
59150000,118299.99983122906,-203045.38637657545,301.0872673607728,145
59155000,118309.99983119471,-203752.5379689705,301.2109160857294,145
59160000,118319.99983116037,-203317.3734824215,290.9014258894119,145
59165000,118329.99983112603,-203525.15439916472,301.3705905946254,145
59170000,118339.99983109169,-203696.3407870232,297.0975351360323,145
59175000,118349.99983105734,-204535.55319766444,297.6137928421174,145
59180000,118359.999831023,-203175.7396043765,296.2138736797008,145
59185000,118369.99983098866,-203824.50103627855,298.93367197958753,145
59190000,118379.99983095432,-204264.12526955723,298.50804167396785,145
59195000,118389.99983091997,-203714.7237582407,303.99074152183744,145
59200000,118399.99983088563,-204383.21095264493,295.83474254659984,145
59205000,118409.99983085129,-204123.79798426083,300.8366533824608,145
59210000,118419.99983081695,-204084.85704721615,299.8745895748666,145
59215000,118429.9998307826,-203474.36355881928,300.546914832758,145
59220000,118439.99983074826,-203308.96390912577,298.0082699064875,145
59225000,118449.99983071392,-204419.84877705295,297.85425974405456,145
59230000,118459.99983067958,-204229.26161313558,298.0216337658222,145
59235000,118469.99983064523,-203915.25598507503,298.78186977872195,145
59240000,118479.99983061089,-204172.5642643245,301.67478328420685,145
59245000,118489.99983057655,-203751.7283939449,302.1577910266946,145
59250000,118499.9998305422,-204323.34649554244,297.8322525872124,145
59255000,118509.99983050786,-203522.96913058904,305.4948347482019,145
59260000,118519.99983047352,-203868.42910610407,296.2091848217936,145
59265000,118529.99983043918,-204089.94763478637,304.83992051579713,145
59270000,118539.99983040483,-203836.73570699873,301.1720938864812,145
59275000,118549.99983037049,-203693.40448521264,303.0381303035539,145
59280000,118559.99983033615,-203540.15743904142,300.7854396019663,145
59285000,118569.99983030181,-203784.66032697586,300.66707785294614,145
59290000,118579.99983026746,-203733.83378491504,299.77300191170224,145
59295000,118589.99983023312,-203029.26720147382,299.8470735327977,145
59300000,118599.99983019878,-203896.9855306683,302.5827074682748,145
59305000,118609.99983016444,-203398.94342079456,300.5426036289092,145
59310000,118619.9998301301,-203394.72075216577,297.8760611481429,145
59315000,118629.99983009575,-203538.46923386224,302.12454004274497,145
59320000,118639.99983006141,-204547.1389529392,302.5870244635926,145
59325000,118649.99983002707,-203829.94586144213,298.32100405954554,145
59330000,118659.99982999272,-203357.42532187176,300.3593544566529,145
59335000,118669.99982995838,-203893.7439832528,303.32165761980013,145
59340000,118679.99982992404,-203267.59662495786,302.4378325675082,145
59345000,118689.9998298897,-204070.45188292954,294.23732716437405,145
59350000,118699.99982985535,-203893.161800188,299.87746930662996,145
59355000,118709.99982982101,-204123.9552217942,301.1710270719389,145
59360000,118719.99982978667,-203590.43444618734,302.20927981229926,145
59365000,118729.99982975233,-204429.6619036944,302.31325270173886,145
59370000,118739.99982971798,-203665.88578909205,298.7404855979006,145
59375000,118749.99982968364,-204118.68462233583,299.85604802942737,145
59380000,118759.9998296493,-203845.82150174712,298.23287154544266,145
59385000,118769.99982961496,-203787.24119185028,301.97781994936713,145
59390000,118779.99982958061,-203945.83004789718,301.2701230676789,145
59395000,118789.99982954627,-203710.84273734072,303.3963893953077,145
59400000,118799.99982951193,-203749.67093828728,301.43558643604825,145
59405000,118809.99982947759,-204585.52375346946,301.32627741506565,145
59410000,118819.99982944324,-204714.19522077602,304.10136921522957,145
59415000,118829.9998294089,-204400.2864551593,295.47451255452995,145
59420000,118839.99982937456,-204466.99586252065,296.57190867487526,145
59425000,118849.99982934022,-204521.60820646572,301.5219085086529,145
59430000,118859.99982930587,-203992.62605055037,297.72501440347054,145
59435000,118869.99982927153,-203622.2422783937,303.6980248272811,145
59440000,118879.99982923719,-203880.24155742384,301.671271024149,145
59445000,118889.99982920285,-204541.7894653197,302.115341155619,145
59450000,118899.9998291685,-204278.99671780132,300.06212451119643,145
59455000,118909.99982913416,-203631.0143564965,303.09777620372125,145
59460000,118919.99982909982,-203987.25365565706,298.22219170818767,145
59465000,118929.99982906548,-204276.4841870491,296.15163998893064,145
59470000,118939.99982903113,-203987.1172647631,304.40342114519126,145
59475000,118949.99982899679,-204680.82227313833,306.58897683569734,145
59480000,118959.99982896245,-204200.46489053837,300.1943833351747,145
59485000,118969.9998289281,-204239.30026010342,302.13130323572875,145
59490000,118979.99982889376,-203489.93497745902,297.10407886943716,145
59495000,118989.99982885942,-203331.50244522246,308.0920644811149,145
59500000,118999.99982882508,-204077.15450745856,304.1165184270523,145
59505000,119009.99982879074,-204753.31434683863,299.2742662193875,145
59510000,119019.9998287564,-203261.30826608534,296.946304226012,145
59515000,119029.99982872205,-204151.70452539902,305.6559712596694,145
59520000,119039.99982868771,-203486.62629495258,299.03250271388737,145
59525000,119049.99982865337,-204216.19870928465,301.34463959767555,145
59530000,119059.99982861902,-203500.21338237496,298.71419077611205,145
59535000,119069.99982858468,-205087.17137338547,300.84215921018415,145
59540000,119079.99982855034,-203708.92481176497,302.8906166758386,145
59545000,119089.999828516,-203582.36688188603,298.6207429353102,145
59550000,119099.99982848165,-203880.73393759516,300.5858013283755,145
59555000,119109.99982844731,-203988.7758920188,304.06634249945415,145
59560000,119119.99982841297,-204244.68926335278,300.2165742304723,145
59565000,119129.99982837863,-203533.95280267554,298.5583431753483,145
59570000,119139.99982834428,-203991.37683711562,300.1047602333061,145
59575000,119149.99982830994,-203837.02531586785,295.85909854507094,145
59580000,119159.9998282756,-203497.1470281222,297.6448751580151,145
59585000,119169.99982824126,-204021.21824721375,300.4198243561491,145
59590000,119179.99982820691,-204610.54572074756,304.5814808007056,145
59595000,119189.99982817257,-203741.76765383861,303.20562273548074,145
59600000,119199.99982813823,-203233.96548393508,301.70571882601524,145
59605000,119209.99982810389,-204754.43281906412,299.2360017576698,145
59610000,119219.99982806954,-203893.63935897383,302.94273966304416,145
59615000,119229.9998280352,-203907.57901521248,302.5142216817954,145
59620000,119239.99982800086,-203456.62681499717,299.4149405847097,145
59625000,119249.99982796652,-203916.7697568267,301.64037324113866,145
59630000,119259.99982793217,-203701.53253889852,297.42967084510855,145
59635000,119269.99982789783,-203870.48976540845,298.6489233693337,145
59640000,119279.99982786349,-203096.01184882945,300.7224940399112,145
59645000,119289.99982782915,-204253.1721856849,297.96695558021713,145
59650000,119299.9998277948,-203628.48472544504,295.9717280865818,145
59655000,119309.99982776046,-203990.68351746828,296.11034351095265,145
59660000,119319.99982772612,-203481.49061724567,304.9781238520633,145
59665000,119329.99982769178,-204500.10650527023,301.55577757439613,145
59670000,119339.99982765743,-204393.22195398575,301.6049097205517,145
59675000,119349.99982762309,-203977.364062506,300.68344547979046,145
59680000,119359.99982758875,-204001.18270520668,301.06442974810705,145
59685000,119369.9998275544,-203732.17141333723,299.0448899494712,145
59690000,119379.99982752006,-204468.2225314679,298.27381785346586,145
59695000,119389.99982748572,-204421.56378767313,302.45983193540945,145
59700000,119399.99982745138,-203474.78012714046,303.4295477724638,145
59705000,119409.99982741704,-203926.7049364763,297.88219211495726,145
59710000,119419.9998273827,-204429.43852690177,295.44217641666853,145
59715000,119429.99982734835,-203388.03908259445,297.69756952776027,145
59720000,119439.99982731401,-204251.88190531684,301.50476526532873,145
59725000,119449.99982727967,-204575.73226154596,300.33803792239866,145
59730000,119459.99982724532,-204266.83591064438,303.5190422621198,145
59735000,119469.99982721098,-204009.95660736272,301.8845073823247,145
59740000,119479.99982717664,-204763.85477958235,297.27168178731984,145
59745000,119489.9998271423,-204028.19705733855,299.19131545529586,145
59750000,119499.99982710795,-203787.7500529593,299.74891162893914,145
59755000,119509.99982707361,-203646.4784490763,303.1080703335806,145
59760000,119519.99982703927,-203640.36446551594,303.40500952470006,145
59765000,119529.99982700493,-203518.31902107818,299.2735551904453,145
59770000,119539.99982697058,-204199.45733688155,302.30677039398455,145
59775000,119549.99982693624,-204058.28707948583,302.3504331000182,145
59780000,119559.9998269019,-203777.76653184276,299.0696533180509,145
59785000,119569.99982686756,-203431.41385436954,301.5658036330821,145
59790000,119579.99982683321,-204444.9570797818,298.98733371880843,145
59795000,119589.99982679887,-203864.75454948132,304.96696079940824,145
59800000,119599.99982676453,-203724.49256995332,301.11832322140157,145
59805000,119609.99982673019,-203514.16558486852,299.863836949536,145
59810000,119619.99982669584,-203988.2797048455,299.38687038627825,145
59815000,119629.9998266615,-203316.6006017694,296.99592031450254,145
59820000,119639.99982662716,-203923.94834956457,300.3421660736289,145
59825000,119649.99982659282,-203557.7680470848,294.60701372782813,145
59830000,119659.99982655847,-202625.1822330784,300.4799769551691,145
59835000,119669.99982652413,-204002.21218603605,300.09156382997327,145
59840000,119679.99982648979,-204120.83222198102,300.0667754588931,145
59845000,119689.99982645545,-204189.4233074193,302.4055847297165,145
59850000,119699.9998264211,-203722.1008036289,297.0651798869358,145
59855000,119709.99982638676,-203927.06481284206,303.2434842458144,145
59860000,119719.99982635242,-203613.03722986043,300.54034283254106,145
59865000,119729.99982631808,-203566.31041038164,299.0451084573406,145
59870000,119739.99982628373,-203126.7906561566,297.15795954102543,145
59875000,119749.99982624939,-203100.44400124124,304.85880604463796,145
59880000,119759.99982621505,-203912.8715654437,300.3746959200033,145
59885000,119769.9998261807,-203959.43581652862,302.41892475212046,145
59890000,119779.99982614636,-204275.8830900871,304.54081815681155,145
59895000,119789.99982611202,-204543.92029327503,303.61591822580147,145
59900000,119799.99982607768,-203881.40790467453,300.19909857250406,145
59905000,119809.99982604333,-203362.9009604851,300.5198645643511,145
59910000,119819.99982600899,-204077.15715407196,297.2243584530793,145
59915000,119829.99982597465,-204206.67682504328,302.5841295771767,145
59920000,119839.99982594031,-203791.79360362736,297.3432484251336,145
59925000,119849.99982590596,-203299.02417806338,296.222591264027,145
59930000,119859.99982587162,-204034.22332417755,300.74349088704963,145
59935000,119869.99982583728,-203818.57256694057,298.38373774042304,145
59940000,119879.99982580294,-204390.8517597156,300.187249844911,145
59945000,119889.9998257686,-204489.02029195917,300.51991269145265,145
59950000,119899.99982573425,-203210.54995098046,297.8130309838673,145
59955000,119909.99982569991,-203541.43742796103,306.50363725672315,145
59960000,119919.99982566557,-203731.41529513744,301.78148486014976,145
59965000,119929.99982563122,-203098.32111103123,300.4231920511252,145
59970000,119939.99982559688,-204288.10794964514,295.38958706856334,145
59975000,119949.99982556254,-204230.26220015332,302.6230000665812,145
59980000,119959.9998255282,-204174.56514396972,300.6424591502161,145
59985000,119969.99982549385,-204197.24724422267,304.8820219057716,145
59990000,119979.99982545951,-204054.6384917423,302.1540737444854,145
59995000,119989.99982542517,-204162.82991536066,296.9079087016266,145
60000000,119999.99982539083,-204134.43112495542,296.62095629818873,145
60005000,120009.99982535648,-203880.84249711107,307.4076813228281,145
60010000,120019.99982532214,-204259.6770401306,298.6670637002212,145
60015000,120029.9998252878,-203376.35627997038,300.5266518080946,145
60020000,120039.99982525346,-203942.72847192234,301.1180505749423,145
60025000,120049.99982521911,-203760.16385987645,297.4118001972416,145
60030000,120059.99982518477,-204008.79322371073,304.7922017782708,145
60035000,120069.99982515043,-203742.44328375743,297.3811053579857,145
60040000,120079.99982511609,-203531.56278885156,299.6608899370389,145
60045000,120089.99982508174,-203857.60839092708,301.59982499544606,145
60050000,120099.9998250474,-204276.46581322956,303.34905926047986,145
60055000,120109.99982501306,-204222.68598503317,296.674184738292,145
60060000,120119.99982497872,-203301.85415006382,297.20105753644407,145
60065000,120129.99982494437,-204426.5063765949,293.23230301366056,145
60070000,120139.99982491003,-203249.01483142306,300.01977925980475,145
60075000,120149.99982487569,-203923.69014232024,303.3873822526069,145
60080000,120159.99982484135,-203709.44510622416,301.1168445630946,145
60085000,120169.999824807,-203554.8576022921,300.02609345117634,145
60090000,120179.99982477266,-203794.71884215774,300.16152389238067,145
60095000,120189.99982473832,-204477.29283445782,299.0605713000302,145
60100000,120199.99982470398,-203532.4696311209,302.213933698587,145
60105000,120209.99982466963,-204266.00522017968,306.7362555872066,145
60110000,120219.99982463529,-203886.55858388462,299.0665901931379,145
60115000,120229.99982460095,-204406.05440511322,297.335774122431,145
60120000,120239.9998245666,-203727.31325089186,303.5800947497552,145
60125000,120249.99982453226,-204260.51443993207,304.82498362245497,145
60130000,120259.99982449792,-203476.663964479,301.42842327305823,145
60135000,120269.99982446358,-203316.38824329292,302.31595390202057,145
60140000,120279.99982442924,-204242.691961466,300.13745881064176,145
60145000,120289.9998243949,-204225.81250304973,302.2805940691779,145
60150000,120299.99982436055,-203154.35016061214,299.1178600299341,145
60155000,120309.99982432621,-203398.43674460903,302.54530370621535,145
60160000,120319.99982429187,-204349.91325003596,294.74235548229353,145
60165000,120329.99982425752,-203676.2935455424,301.67473019561095,145
60170000,120339.99982422318,-203559.3437068573,303.0476285098627,145
60175000,120349.99982418884,-203636.9700607484,296.98788759902845,145
60180000,120359.9998241545,-203078.64694454253,301.8861551943322,145
60185000,120369.99982412015,-205160.04642431112,300.6592161985934,145
60190000,120379.99982408581,-203265.11692071566,298.34457472414056,145
60195000,120389.99982405147,-203753.99682762043,300.85163155724604,145
60200000,120399.99982401713,-204449.59682583413,297.8665275523512,145
60205000,120409.99982398278,-203453.99994754198,297.160831170065,145
60210000,120419.99982394844,-203925.2094184237,302.91218020959604,145
60215000,120429.9998239141,-204104.7266391135,301.51197076314224,145
60220000,120439.99982387976,-203775.90136655804,296.10594952794116,145
60225000,120449.99982384541,-203996.80911085766,301.2052007859671,145
60230000,120459.99982381107,-203833.6492486738,298.39370252488874,145
60235000,120469.99982377673,-203627.2269712399,300.2778287912253,145
60240000,120479.99982374239,-204146.78443773126,302.0039413644783,145
60245000,120489.99982370804,-204756.1646264993,300.2825397984565,145
60250000,120499.9998236737,-203562.24012546684,300.35229883260763,145
60255000,120509.99982363936,-203241.99692908977,300.06099409961007,145
60260000,120519.99982360502,-203494.82957972772,300.41333795409645,145
60265000,120529.99982357067,-203368.9847030884,302.62387663784097,145
60270000,120539.99982353633,-203804.0364466306,301.6302446952736,145
60275000,120549.99982350199,-203838.03330391587,302.4442882194055,145
60280000,120559.99982346765,-203359.6187761632,297.24595343328986,145
60285000,120569.9998234333,-203834.53417012747,298.2840959078518,145
60290000,120579.99982339896,-203668.92556350445,295.8723084058233,145
60295000,120589.99982336462,-204068.34515849676,300.61220216604386,145
60300000,120599.99982333028,-203716.4065301387,296.38855843356953,145
60305000,120609.99982329593,-204451.03406582703,300.3791487160816,145
60310000,120619.99982326159,-203416.12567972497,299.83969641720523,145
60315000,120629.99982322725,-204213.5664404817,302.373943956505,145
60320000,120639.9998231929,-204093.83853699558,303.00223277627464,145
60325000,120649.99982315856,-203599.97326604265,300.54524430641203,145
60330000,120659.99982312422,-203530.4227783574,298.1706614961092,145
60335000,120669.99982308988,-204604.55705370428,300.9041071104776,145
60340000,120679.99982305554,-203648.02991469193,301.3381995775546,145
60345000,120689.9998230212,-202492.1610004292,299.74705667876725,145
60350000,120699.99982298685,-204494.35913844756,298.03481539187624,145
60355000,120709.99982295251,-204151.09412288642,303.650460430862,145
60360000,120719.99982291817,-203260.09790141438,293.5037118532353,145
60365000,120729.99982288382,-203965.00635228516,300.26675807344714,145
60370000,120739.99982284948,-203586.43397041922,300.2349743186485,145
60375000,120749.99982281514,-204456.77546324488,304.6696142407254,145
60380000,120759.9998227808,-204714.9155518195,300.3209395999056,145
60385000,120769.99982274645,-204002.85562458576,297.9289949340764,145
60390000,120779.99982271211,-203866.00014852302,301.07139571092694,145
60395000,120789.99982267777,-204070.86847781832,300.8148210911027,145
60400000,120799.99982264343,-204148.18152852543,303.54960475334474,145
60405000,120809.99982260908,-204114.48968798993,306.40132145425196,145
60410000,120819.99982257474,-204405.08229823015,301.8053839629467,145
60415000,120829.9998225404,-203212.8646310299,300.2043445021032,145
60420000,120839.99982250606,-203388.59968578536,296.9961740486057,145
60425000,120849.99982247171,-203581.78322737128,300.2527168949879,145
60430000,120859.99982243737,-203868.42226448655,299.90056444918235,145
60435000,120869.99982240303,-204044.3506779325,300.818500590557,145
60440000,120879.99982236869,-203803.35883757763,301.7263593493598,145
60445000,120889.99982233434,-204115.74208332656,301.69410984915714,145
60450000,120899.9998223,-203468.37189516472,301.7888184303933,145
60455000,120909.99982226566,-203683.21675346175,299.7023033817366,145
60460000,120919.99982223132,-203850.141197233,300.1613943406269,145
60465000,120929.99982219697,-203222.35125609895,301.01951334727295,145
60470000,120939.99982216263,-203467.51668982022,298.2862954211446,145
60475000,120949.99982212829,-203497.7158514415,294.59520176548335,145
60480000,120959.99982209395,-204222.06474445586,300.8159599240682,145
60485000,120969.9998220596,-204385.0522826555,300.39303070658747,145
60490000,120979.99982202526,-204143.26492107857,299.8334711761523,145
60495000,120989.99982199092,-203689.93793399958,301.696346476369,145
60500000,120999.99982195658,-203591.2779018823,298.36931117963155,145
60505000,121009.99982192223,-203373.81167980842,301.6020152014799,145
60510000,121019.99982188789,-203883.83850634703,301.0411516428598,145
60515000,121029.99982185355,-203394.90037894133,297.4214245719076,145
60520000,121039.9998218192,-203007.42447424785,303.8119164507958,145
60525000,121049.99982178486,-203705.36281416635,295.6441945293532,145
60530000,121059.99982175052,-203972.56970635022,305.2701074037694,145
60535000,121069.99982171618,-204303.5156500364,302.65965082041663,145
60540000,121079.99982168183,-203392.2908157924,304.1145050094184,145
60545000,121089.99982164749,-203834.26838219736,293.4532340925486,145
60550000,121099.99982161315,-203403.05060432747,303.5955635194788,145
60555000,121109.99982157881,-204642.50413407572,300.3139348842025,145
60560000,121119.99982154446,-203008.3953420833,305.6334000121752,145
60565000,121129.99982151012,-203685.19687904452,299.8829024998983,145
60570000,121139.99982147578,-204546.4156660263,303.18020146987465,145
60575000,121149.99982144144,-204443.61967140296,299.98278618803135,145
60580000,121159.9998214071,-203558.44093852467,302.1164047510408,145
60585000,121169.99982137275,-205153.12192493095,302.16607255351556,145
60590000,121179.99982133841,-203388.42127592152,301.4674752223113,145
60595000,121189.99982130407,-204014.84481561452,300.96507075470777,145
60600000,121199.99982126972,-204741.18040561536,296.94433241387867,145
60605000,121209.99982123538,-203244.05176290672,299.87769129522127,145
60610000,121219.99982120104,-203709.47328013775,303.58793228765046,145
60615000,121229.9998211667,-204534.29428284452,299.3918701737781,145
60620000,121239.99982113235,-203571.09655133658,303.37147618393027,145
60625000,121249.99982109801,-203845.86954047834,301.87140171526505,145
60630000,121259.99982106367,-205218.61562001938,302.94102592750147,145
60635000,121269.99982102933,-204362.82602769404,301.41142437315943,145
60640000,121279.99982099498,-203583.35181625758,303.7979856622052,145
60645000,121289.99982096064,-203680.8483097438,298.3303515503065,145
60650000,121299.9998209263,-203962.9518054924,294.7489233925786,145
60655000,121309.99982089196,-204052.3831995153,293.5524402829123,145
60660000,121319.99982085761,-203572.69730098976,299.95821188978096,145
60665000,121329.99982082327,-204297.54957152158,296.38771332350797,145
60670000,121339.99982078893,-204247.87797991082,302.36490034249704,145
60675000,121349.99982075459,-203856.36356876674,300.7921342534511,145
60680000,121359.99982072024,-204683.37801639386,300.50646473933915,145
60685000,121369.9998206859,-203962.23806964885,297.7581581656865,145
60690000,121379.99982065156,-203954.07997018332,305.59977004881836,145
60695000,121389.99982061722,-203881.6852371468,301.5434421612157,145
60700000,121399.99982058287,-203689.36866881477,299.7588223733388,145
60705000,121409.99982054853,-204727.02215634077,304.450547818016,145
60710000,121419.99982051419,-204540.9898757768,298.4368619146209,145
60715000,121429.99982047985,-204703.21169217548,299.34921367734046,145
60720000,121439.9998204455,-203988.34327559161,298.64225916833664,145
60725000,121449.99982041116,-203876.31936272932,300.3973585040579,145
60730000,121459.99982037682,-203619.22108845913,303.3663260117639,145
60735000,121469.99982034248,-204242.34126595093,297.00949293726745,145
60740000,121479.99982030813,-203463.07052330882,306.3484441880944,145
60745000,121489.99982027379,-205411.66629816708,295.98075189361913,145
60750000,121499.99982023945,-203180.7996467593,298.7453904530929,145
60755000,121509.9998202051,-202990.54313595325,305.23537212164746,145
60760000,121519.99982017076,-204089.0187153573,303.9391626770815,145
60765000,121529.99982013642,-204159.14551838418,298.1641875722483,145
60770000,121539.99982010208,-205382.73767107225,300.44713019560527,145
60775000,121549.99982006774,-203778.03593426617,302.50630542746376,145
60780000,121559.9998200334,-204039.36551531218,305.43350702596985,145
60785000,121569.99981999905,-203914.99207980256,303.720472817749,145
60790000,121579.99981996471,-204058.08034833905,294.8724493191819,145
60795000,121589.99981993037,-203697.75577885716,299.66033363026344,145
60800000,121599.99981989602,-204058.90118381148,301.45381182923165,145
60805000,121609.99981986168,-204120.35362575145,297.28625429397596,145
60810000,121619.99981982734,-204279.22818811645,299.7254079678513,145
60815000,121629.999819793,-203778.53853690845,298.869230616421,145
60820000,121639.99981975865,-204112.5918595501,300.22941285414674,145
60825000,121649.99981972431,-203451.0184042363,302.7557149069637,145
60830000,121659.99981968997,-203350.6045573128,297.7296981632288,145
60835000,121669.99981965563,-203520.2800675052,304.95058098223757,145
60840000,121679.99981962128,-203997.03265770653,298.6969531166044,145
60845000,121689.99981958694,-204205.27300124452,298.91226182405586,145
60850000,121699.9998195526,-203620.9614812677,303.8529582945098,145
60855000,121709.99981951826,-203953.85703292163,304.5984572668994,145
60860000,121719.99981948391,-203752.1062920912,301.5516183981654,145
60865000,121729.99981944957,-204183.8303872887,302.05542953987924,145
60870000,121739.99981941523,-204701.67561821,298.19170901073875,145
60875000,121749.99981938089,-203270.3323589326,296.45330713112435,145
60880000,121759.99981934654,-204087.01328297774,302.6609406443588,145
60885000,121769.9998193122,-203905.66958146507,299.58384355325666,145
60890000,121779.99981927786,-204456.3952705108,294.6907843563531,145
60895000,121789.99981924352,-204057.9541297733,300.881535207867,145
60900000,121799.99981920917,-203727.1437185381,298.3199631475296,145
60905000,121809.99981917483,-204046.32977798022,301.1279317466039,145
60910000,121819.99981914049,-203746.3602088109,301.76477308011334,145
60915000,121829.99981910615,-203728.0304943712,302.1934854697226,145
60920000,121839.9998190718,-204439.80399905413,299.154387682174,145
60925000,121849.99981903746,-203167.32001683104,299.59524564167,145
60930000,121859.99981900312,-203503.7972731787,292.2509925470512,145
60935000,121869.99981896878,-204028.28718058928,297.9579856687082,145
60940000,121879.99981893443,-204379.62335219106,300.98816468080446,145
60945000,121889.99981890009,-204080.07632728433,299.03880086242395,145
60950000,121899.99981886575,-204122.96891912236,298.0441069576734,145
60955000,121909.9998188314,-204080.5478187577,297.16120758648236,145
60960000,121919.99981879706,-203607.46327840455,298.81996279145466,145
60965000,121929.99981876272,-203249.40752448095,305.2496638995559,145
60970000,121939.99981872838,-204020.77292553638,304.45751571585,145
60975000,121949.99981869404,-203998.41179006547,296.219230898964,145
60980000,121959.9998186597,-203672.470553793,300.6377982385229,145
60985000,121969.99981862535,-203298.12290477823,302.42702538025657,145
60990000,121979.99981859101,-203798.69329483144,300.1393801643576,145
60995000,121989.99981855667,-203891.6139654012,300.5804994873182,145
61000000,121999.99981852232,-204509.94561420975,300.93313096339307,145
61005000,122009.99981848798,-203280.0142556309,302.2979718551087,145
61010000,122019.99981845364,-204161.06647676392,302.11535667867713,145
61015000,122029.9998184193,-203866.5561624281,300.8475584830352,145
61020000,122039.99981838495,-203998.80287429295,300.30187019455406,145
61025000,122049.99981835061,-204471.2321337536,301.28507514091825,145
61030000,122059.99981831627,-203197.194197812,303.16813209305843,145
61035000,122069.99981828193,-203017.52964870562,297.42761309288227,145
61040000,122079.99981824758,-203931.1893643334,300.79317134849987,145
61045000,122089.99981821324,-203891.89672621863,307.6226114308752,145
61050000,122099.9998181789,-203402.97802967078,305.9692439271209,145
61055000,122109.99981814456,-203431.05511626136,296.7634591880762,145
61060000,122119.99981811021,-203943.71346987167,303.76342134814865,145
61065000,122129.99981807587,-203923.4196182465,302.94959260390425,145
61070000,122139.99981804153,-203662.60481131542,297.3283079926345,145
61075000,122149.99981800719,-203573.5861016916,306.1244797353137,145
61080000,122159.99981797284,-203709.2913450345,298.7558234170334,145
61085000,122169.9998179385,-203212.06642964028,303.24946406830156,145
61090000,122179.99981790416,-203996.98798325704,300.1337852688961,145
61095000,122189.99981786982,-204012.0195780436,299.18089638981905,145
61100000,122199.99981783547,-203532.87578833813,302.3552768160839,145
61105000,122209.99981780113,-204217.62969370163,303.9329921879343,145
61110000,122219.99981776679,-203203.63239282696,301.6752070867247,145
61115000,122229.99981773245,-203834.2742189013,300.3931274460065,145
61120000,122239.9998176981,-203760.81608676282,302.8755210661407,145
61125000,122249.99981766376,-203863.4097519893,300.9566152403398,145
61130000,122259.99981762942,-204317.47144271317,293.6321505965097,145
61135000,122269.99981759508,-203946.30052486958,300.41288732797074,145
61140000,122279.99981756073,-203159.81318253232,296.47744223153256,145
61145000,122289.99981752639,-204332.56495709857,303.5045977346776,145
61150000,122299.99981749205,-203720.5558660247,299.57800460342537,145
61155000,122309.9998174577,-204148.01234846853,299.06004444377095,145
61160000,122319.99981742336,-204161.58558393933,304.0382530583329,145
61165000,122329.99981738902,-204677.3109536206,302.4787401508236,145
61170000,122339.99981735468,-203385.7239984927,296.61080316030643,145
61175000,122349.99981732033,-204174.95129047974,298.4589249636772,145
61180000,122359.99981728599,-204151.57832875592,298.8343994884513,145
61185000,122369.99981725165,-203446.51293330058,302.96283840891397,145
61190000,122379.99981721731,-203750.00867297605,301.61158790584636,145
61195000,122389.99981718296,-203633.02465869277,297.74872987237814,145
61200000,122399.99981714862,-203944.07943462697,301.0954823864322,145
61205000,122409.99981711428,-204177.8994635219,301.9474508337512,145
61210000,122419.99981707994,-203806.67123879236,297.50273713652086,145
61215000,122429.9998170456,-203350.36145528243,301.28961874992603,145
61220000,122439.99981701125,-203625.04544039606,297.045929157199,145
61225000,122449.99981697691,-204448.0167336557,296.8777845819235,145
61230000,122459.99981694257,-203706.5116604534,299.0333294180373,145
61235000,122469.99981690822,-204844.07048973488,300.01150760186124,145
61240000,122479.99981687388,-203190.04691636004,303.2070155025443,145
61245000,122489.99981683954,-204276.74424821825,296.3043154636214,145
61250000,122499.9998168052,-204351.35293292755,302.676728426596,145
61255000,122509.99981677085,-204285.24128987163,300.6104142492332,145
61260000,122519.99981673651,-203939.15385161655,295.6278339439321,145
61265000,122529.99981670217,-203254.56368707714,301.9749619959966,145
61270000,122539.99981666783,-203381.80648036825,295.3583186018059,145
61275000,122549.99981663348,-204114.69219066924,301.1954089528513,145
61280000,122559.99981659914,-205203.9530461795,301.456853406945,145
61285000,122569.9998165648,-204335.7628949366,303.3557722221446,145
61290000,122579.99981653046,-203867.07687976374,301.869116723465,145
61295000,122589.99981649611,-204055.98008326744,299.1923730065154,145
61300000,122599.99981646177,-203504.4688373512,302.48701385439017,145
61305000,122609.99981642743,-204358.86611002206,299.89843773722686,145
61310000,122619.99981639309,-203939.3443304815,298.84813812104386,145
61315000,122629.99981635874,-204517.4180994596,295.9918196626207,145
61320000,122639.9998163244,-204215.6922763614,301.4961671599087,145
61325000,122649.99981629006,-203508.14787445252,303.2362115320621,145
61330000,122659.99981625572,-204827.25699802267,303.063235242276,145
61335000,122669.99981622137,-204387.04079303902,303.75426922401397,145
61340000,122679.99981618703,-203932.15387254942,298.98807491867973,145
61345000,122689.99981615269,-203656.50773747463,301.29883490920133,145
61350000,122699.99981611835,-203600.8478568392,298.57256485682865,145
61355000,122709.999816084,-204208.43567012833,298.47543601524075,145
61360000,122719.99981604966,-204134.867901084,302.7098902801464,145
61365000,122729.99981601532,-203376.02221511607,297.94102944015833,145
61370000,122739.99981598098,-203306.6640579052,303.86420979981835,145
61375000,122749.99981594663,-203580.60841130873,294.91233984794695,145
61380000,122759.99981591229,-203614.78930510697,301.04459854089004,145
61385000,122769.99981587795,-203700.36710050423,295.96272688857715,145
61390000,122779.9998158436,-203389.69651640358,303.231115765049,145
61395000,122789.99981580926,-203788.6064306309,306.0979658972969,145
61400000,122799.99981577492,-204172.392445424,302.32634466897326,145
61405000,122809.99981574058,-204495.3460323488,299.4004423608519,145
61410000,122819.99981570624,-203588.52493632305,300.03831659041936,145
61415000,122829.9998156719,-204681.29401186458,304.0314094233483,145
61420000,122839.99981563755,-203210.59305730287,301.8509189938988,145
61425000,122849.99981560321,-203609.28767998714,300.79691796821663,145
61430000,122859.99981556887,-203272.92284646258,304.11049540564335,145
61435000,122869.99981553452,-203540.92316296988,296.5036540644368,145
61440000,122879.99981550018,-203559.88903541316,302.20419464177616,145
61445000,122889.99981546584,-203564.53947153012,296.6331092311082,145
61450000,122899.9998154315,-204044.40305771178,300.22575467392113,145
61455000,122909.99981539715,-203964.394742731,299.62273257322045,145
61460000,122919.99981536281,-203547.76535925013,296.15798551021084,145
61465000,122929.99981532847,-204628.29886352993,300.5496449878437,145
61470000,122939.99981529413,-203877.43881652912,302.48380533560515,145
61475000,122949.99981525978,-204166.1340703203,297.21287396584904,145
61480000,122959.99981522544,-203879.23389445513,301.3332817170018,145
61485000,122969.9998151911,-203981.85611888755,301.888935830885,145
61490000,122979.99981515676,-204426.049672278,295.9525257432825,145
61495000,122989.99981512241,-203933.57854901033,298.9426083305823,145
61500000,122999.99981508807,-203633.63096083212,297.8374149700375,145
61505000,123009.99981505373,-203272.4142452964,295.77963116298525,145
61510000,123019.99981501939,-203662.4257433191,298.1110849528296,145
61515000,123029.99981498504,-203915.46237865475,301.8429485764315,145
61520000,123039.9998149507,-204135.66265393887,301.1173199495637,145
61525000,123049.99981491636,-204096.6685695561,302.07701972731235,145
61530000,123059.99981488202,-204924.8822275967,302.1461959558884,145
61535000,123069.99981484767,-204648.04538919404,297.19082214659073,145
61540000,123079.99981481333,-203134.43540687975,302.18068965613537,145
61545000,123089.99981477899,-203587.75046905642,303.2792878593422,145
61550000,123099.99981474465,-204261.97399682412,295.05935305585416,145
61555000,123109.9998147103,-203480.8358483347,299.18159944744406,145
61560000,123119.99981467596,-203512.05094433506,297.132504190913,145
61565000,123129.99981464162,-204180.88245266397,295.173190313107,145
61570000,123139.99981460728,-203979.70292787137,296.5696894255637,145
61575000,123149.99981457293,-204452.00301424693,299.1514035010667,145
61580000,123159.99981453859,-203573.5336066658,300.38450247594614,145
61585000,123169.99981450425,-204253.78026881278,297.85092447660514,145
61590000,123179.9998144699,-203468.0937009676,294.80986172075745,145
61595000,123189.99981443556,-203940.57385137747,301.420962717469,145
61600000,123199.99981440122,-203596.72224437166,299.52887765444365,145
61605000,123209.99981436688,-204389.68179499533,304.7328448462425,145
61610000,123219.99981433254,-203731.74618317152,302.27076357349137,145
61615000,123229.9998142982,-204336.92813404056,302.71878035855684,145
61620000,123239.99981426385,-204016.691950117,299.37180744102784,145
61625000,123249.99981422951,-204387.53923466348,303.26438410803297,145
61630000,123259.99981419517,-203878.71644408873,299.1118132850872,145
61635000,123269.99981416082,-203598.4474327548,298.55321629525776,145
61640000,123279.99981412648,-203439.2968530691,302.4859106368162,145
61645000,123289.99981409214,-203698.15208723012,301.24695292053383,145
61650000,123299.9998140578,-204319.898677879,299.92418150628095,145
61655000,123309.99981402345,-204135.21554079617,296.1601645288882,145
61660000,123319.99981398911,-203599.8593502671,301.1836947369539,145
61665000,123329.99981395477,-203819.5920964653,303.42340690907344,145
61670000,123339.99981392043,-204168.5267263176,301.91381747815836,145
61675000,123349.99981388608,-203733.2549352398,297.8130781113957,145
61680000,123359.99981385174,-203797.05905357783,301.44702561702445,145
61685000,123369.9998138174,-204877.3042931786,302.1198578107685,145
61690000,123379.99981378306,-203062.5463253234,297.4662473106882,145
61695000,123389.99981374871,-203820.1039866981,299.5608898085838,145
61700000,123399.99981371437,-203966.29590042157,302.73840468621097,145
61705000,123409.99981368003,-204535.81705463387,302.6167775567508,145
61710000,123419.99981364569,-203818.4747630388,302.4569009754084,145
61715000,123429.99981361134,-203928.006417993,298.9880597426878,145
61720000,123439.999813577,-203399.00411851855,302.9161206256293,145
61725000,123449.99981354266,-203887.59755416948,299.8641554320924,145
61730000,123459.99981350832,-204257.88944549172,293.5397011920798,145
61735000,123469.99981347397,-203708.78409897233,297.6489698790014,145
61740000,123479.99981343963,-203646.9657486853,301.97766369685246,145
61745000,123489.99981340529,-204128.3033755828,304.08810777934127,145
61750000,123499.99981337095,-203231.96821434086,299.8674255898588,145
61755000,123509.9998133366,-204591.27378854714,297.67765910120136,145
61760000,123519.99981330226,-203957.6235565755,300.361711215614,145
61765000,123529.99981326792,-204188.11996824795,298.06059812306114,145
61770000,123539.99981323357,-203507.4416739149,303.06043450848244,145
61775000,123549.99981319923,-203876.20772470313,297.94764257264774,145
61780000,123559.99981316489,-203529.32192804362,299.0291268825993,145
61785000,123569.99981313055,-203634.731637971,297.4795690106556,145
61790000,123579.9998130962,-203802.29696064407,298.7254431550032,145
61795000,123589.99981306186,-204801.28656929766,303.8768054753944,145
61800000,123599.99981302752,-204048.2743024442,294.71246804010525,145
61805000,123609.99981299318,-204267.1770811841,299.3064804224644,145
61810000,123619.99981295883,-203838.4225427725,305.4182861577403,145
61815000,123629.99981292449,-203466.32563702867,298.45827393584557,145
61820000,123639.99981289015,-203813.60205807292,296.9888052384329,145
61825000,123649.9998128558,-203558.31153825985,299.2323065823318,145
61830000,123659.99981282146,-203245.44094275194,302.6000479708664,145
