1
                 Chemistry at HARvard Macromolecular Mechanics
           (CHARMM) - Developmental Version 47a2   February 15, 2021            
                                Revision unknown                                
       Copyright(c) 1984-2020  President and Fellows of Harvard College
                              All Rights Reserved
             Current operating system: Linux-6.1.0-49-amd64(x86_64)             
                 Created on  8/30/26 at 14:13:55 by user: charmm-gui  

            Maximum number of ATOMS:    360720, and RESidues:      120240
 RDTITL> * GENERATED BY CHARMM-GUI (HTTP://WWW.CHARMM-GUI.ORG) V3.7 ON AUG, 30. 2026. JOBID=8811352165
 RDTITL> * ORIENT THE MOLECULE ALONG THE Z-AXIS
 RDTITL> *
  
 CHARMM>     
  
 CHARMM>    DIMENS CHSIZE 5000000 MAXRES 3000000
Size      Original         New
MAXA        360720     5000000
MAXB        360720     5000000
MAXT        721440    10000000
MAXP       1082160    15000000
MAXIMP      180360     2500000
MAXNB        90180     1250000
MAXPAD      360720     5000000
MAXRES      120240     3000000
MAXSEG       45090      625000
MAXATC        1400
MAXCB         3000
MAXCT        50000
MAXCP        50000
MAXCI         1200
MAXCH         6400
MAXCN       502503
MAXCRT      120240     1666666
  
 CHARMM>     
  
 CHARMM>    ! Read topology and parameter files
 CHARMM>    stream toppar.str
 VOPEN> Attempting to open::toppar.str::
 OPNLGU> Unit 99 opened for READONLY access to toppar.str

                    INPUT STREAM SWITCHING TO UNIT    99
 RDTITL> * GENERATED BY CHARMM-GUI (HTTP://WWW.CHARMM-GUI.ORG) V3.7 ON AUG, 30. 2026. JOBID=8811352165
 RDTITL> * STREAM FILE FOR TOPOLOGY AND PARAMETER READING
 RDTITL> *
 Parameter: IN1 <- "" <empty>
  
 CHARMM>     
  
 CHARMM>    ! protein topology and parameter
 CHARMM>    open read card unit 10 name toppar/top_all36_prot.rtf
 VOPEN> Attempting to open::toppar/top_all36_prot.rtf::
 OPNLGU> Unit 10 opened for READONLY access to toppar/top_all36_prot.rtf
  
 CHARMM>    read  rtf card unit 10
 MAINIO> Residue topology file being read from unit  10.
 TITLE> *>>>>>>>>CHARMM36 ALL-HYDROGEN TOPOLOGY FILE FOR PROTEINS <<<<<<
 TITLE> *>>>>> INCLUDES PHI, PSI CROSS TERM MAP (CMAP) CORRECTION <<<<<<<
 TITLE> *>>>>>>>>>>>>>>>>>>>>>>>>>> MAY 2011 <<<<<<<<<<<<<<<<<<<<<<<<<<<<
 TITLE> * ALL COMMENTS TO THE CHARMM WEB SITE: WWW.CHARMM.ORG
 TITLE> *             PARAMETER SET DISCUSSION FORUM
 TITLE> *
  
 CHARMM>     
  
 CHARMM>    open read card unit 20 name toppar/par_all36m_prot.prm
 VOPEN> Attempting to open::toppar/par_all36m_prot.prm::
 OPNLGU> Unit 20 opened for READONLY access to toppar/par_all36m_prot.prm
  
 CHARMM>    read para card unit 20 flex

          PARAMETER FILE BEING READ FROM UNIT 20
 TITLE> *>>>> CHARMM36 ALL-HYDROGEN PARAMETER FILE FOR PROTEINS <<<<<<<<<<
 TITLE> *>>>>> INCLUDES PHI, PSI CROSS TERM MAP (CMAP) CORRECTION <<<<<<<<
 TITLE> *>>>>>>>>>>>>>>>>>>>>>>>>>> JAN. 2016 <<<<<<<<<<<<<<<<<<<<<<<<<<<<
 TITLE> * ALL COMMENTS TO THE CHARMM WEB SITE: WWW.CHARMM.ORG
 TITLE> *             PARAMETER SET DISCUSSION FORUM
 TITLE> *
 PARMIO> NONBOND, HBOND lists and IMAGE atoms cleared.
  
 CHARMM>     
  
 CHARMM>    ! nucleic acids
 CHARMM>    open read card unit 10 name toppar/top_all36_na.rtf
 OPNLGU> Unit already open. The old file will be closed first.
 VCLOSE: Closing unit   10 with status "KEEP"
 VOPEN> Attempting to open::toppar/top_all36_na.rtf::
 OPNLGU> Unit 10 opened for READONLY access to toppar/top_all36_na.rtf
  
 CHARMM>    read  rtf card unit 10 append
 MAINIO> Residue topology file being read from unit  10.
 TITLE> *  \\\\ CHARMM36 ALL-HYDROGEN NUCLEIC ACID TOPOLOGY FILE ////
 TITLE> *   ALEXANDER D. MACKERELL JR. AND COWORKERS
 TITLE> *                      APRIL 2011
 TITLE> * ALL COMMENTS TO THE CHARMM WEB SITE: WWW.CHARMM.ORG
 TITLE> *           PARAMETER SET DISCUSSION FORUM
 TITLE> *
  
 CHARMM>     
  
 CHARMM>    open read card unit 20 name toppar/par_all36_na.prm
 OPNLGU> Unit already open. The old file will be closed first.
 VCLOSE: Closing unit   20 with status "KEEP"
 VOPEN> Attempting to open::toppar/par_all36_na.prm::
 OPNLGU> Unit 20 opened for READONLY access to toppar/par_all36_na.prm
  
 CHARMM>    read para card unit 20 append flex

          PARAMETER FILE BEING READ FROM UNIT 20
 TITLE> * \\\\ CHARMM36 ALL-HYDROGEN NUCLEIC ACID PARAMETER FILE ////
 TITLE> *         ALEXANDER D. MACKERELL JR. AND COWORKERS
 TITLE> *                        APRIL 2011
 TITLE> * ALL COMMENTS TO THE CHARMM WEB SITE: WWW.CHARMM.ORG PARAMETER
 TITLE> *                     SET DISCUSSION FORUM
 TITLE> *
 PARMIO> NONBOND, HBOND lists and IMAGE atoms cleared.
  
 CHARMM>     
  
 CHARMM>    ! carbohydrates
 CHARMM>    open read card unit 10 name toppar/top_all36_carb.rtf
 OPNLGU> Unit already open. The old file will be closed first.
 VCLOSE: Closing unit   10 with status "KEEP"
 VOPEN> Attempting to open::toppar/top_all36_carb.rtf::
 OPNLGU> Unit 10 opened for READONLY access to toppar/top_all36_carb.rtf
  
 CHARMM>    read  rtf card unit 10 append
 MAINIO> Residue topology file being read from unit  10.
 TITLE> * $ID: TOP_ALLXX_SUGAR.INP,V 1.106 2014/08/19 19:07:43 ALEX EXP $
 TITLE> *>>>>>>>>>>>> ALL-HYDROGEN TOPOLOGIES USED IN THE <<<<<<<<<<<<<<<<
 TITLE> *>>>>> DEVELOPMENT OF THE CHARMM CARBOHYDRATE  FORCE FIELD<<<<<<<<
 TITLE> *>>>>>>>>>>>>>>>>>>>>>>>>> JUNE 2009 <<<<<<<<<<<<<<<<<<<<<<<<<<<<<
 TITLE> *>>>>>>>> DIRECT COMMENTS TO ALEXANDER D. MACKERELL JR. <<<<<<<<<<
 TITLE> *>>>>>>>>>> VIA THE CHARMM WEB SITE: WWW.CHARMM.ORG <<<<<<<<<<<<<<
 TITLE> *>>>>>>>>>>>>>>> PARAMETER SET DISCUSSION FORUM <<<<<<<<<<<<<<<<<<
 TITLE> *
  
 CHARMM>     
  
 CHARMM>    open read card unit 20 name toppar/par_all36_carb.prm
 OPNLGU> Unit already open. The old file will be closed first.
 VCLOSE: Closing unit   20 with status "KEEP"
 VOPEN> Attempting to open::toppar/par_all36_carb.prm::
 OPNLGU> Unit 20 opened for READONLY access to toppar/par_all36_carb.prm
  
 CHARMM>    read para card unit 20 append flex

          PARAMETER FILE BEING READ FROM UNIT 20
 TITLE> * $ID: PAR_ALLXX_SUGAR.INP,V 1.132 2014/08/19 19:03:21 ALEX EXP $
 TITLE> *>>>>>>>>>>>> ALL-HYDROGEN PARAMETERS USED IN THE <<<<<<<<<<<<<<<<
 TITLE> *>>>>> DEVELOPMENT OF THE CHARMM CARBOHYDRATE  FORCE FIELD<<<<<<<<
 TITLE> *>>>>>>>>>>>>>>>>>>>>>>>>> JUNE 2009 <<<<<<<<<<<<<<<<<<<<<<<<<<<<<
 TITLE> *>>>>>>>> DIRECT COMMENTS TO ALEXANDER D. MACKERELL JR. <<<<<<<<<<
 TITLE> *>>>>>>>>>> VIA THE CHARMM WEB SITE: WWW.CHARMM.ORG <<<<<<<<<<<<<<
 TITLE> *>>>>>>>>>>>>>>> PARAMETER SET DISCUSSION FORUM <<<<<<<<<<<<<<<<<<
 TITLE> *
 PARMIO> NONBOND, HBOND lists and IMAGE atoms cleared.
  
 CHARMM>     
  
 CHARMM>    ! lipids
 CHARMM>    open read card unit 10 name toppar/top_all36_lipid.rtf
 OPNLGU> Unit already open. The old file will be closed first.
 VCLOSE: Closing unit   10 with status "KEEP"
 VOPEN> Attempting to open::toppar/top_all36_lipid.rtf::
 OPNLGU> Unit 10 opened for READONLY access to toppar/top_all36_lipid.rtf
  
 CHARMM>    read  rtf card unit 10 append
 MAINIO> Residue topology file being read from unit  10.
 TITLE> *  \\\\\\\ CHARMM36 ALL-HYDROGEN LIPID TOPOLOGY FILE ///////
 TITLE> *  ALL COMMENTS AND QUESTIONS SHOULD BE SUBMITTED TO THE
 TITLE> *  PARAMETER FORUM AT THE CHARMM WEBSITE: WWW.CHARMM.ORG
 TITLE> *
  
 CHARMM>     
  
 CHARMM>    open read card unit 20 name toppar/par_all36_lipid.prm
 OPNLGU> Unit already open. The old file will be closed first.
 VCLOSE: Closing unit   20 with status "KEEP"
 VOPEN> Attempting to open::toppar/par_all36_lipid.prm::
 OPNLGU> Unit 20 opened for READONLY access to toppar/par_all36_lipid.prm
  
 CHARMM>    read para card unit 20 append flex

          PARAMETER FILE BEING READ FROM UNIT 20
 TITLE> *  \\\\\\\ CHARMM36 ALL-HYDROGEN LIPID PARAMETER FILE ///////
 TITLE> *  ALL COMMENTS AND QUESTIONS SHOULD BE SUBMITTED TO THE
 TITLE> *  PARAMETER FORUM AT THE CHARMM WEBSITE: WWW.CHARMM.ORG
 TITLE> *
 PARMIO> NONBOND, HBOND lists and IMAGE atoms cleared.
  
 CHARMM>     
  
 CHARMM>    ! CGENFF
 CHARMM>    open read card unit 10 name toppar/top_all36_cgenff.rtf
 OPNLGU> Unit already open. The old file will be closed first.
 VCLOSE: Closing unit   10 with status "KEEP"
 VOPEN> Attempting to open::toppar/top_all36_cgenff.rtf::
 OPNLGU> Unit 10 opened for READONLY access to toppar/top_all36_cgenff.rtf
  
 CHARMM>    read  rtf card unit 10 append
 MAINIO> Residue topology file being read from unit  10.
 TITLE> *  --------------------------------------------------------------------------  *
 TITLE> *          CGENFF: TOPOLOGY FOR THE CHARMM GENERAL FORCE FIELD V. 5.0          *
 TITLE> *                    FOR SMALL MOLECULE DRUG DESIGN                            *
 TITLE> *  --------------------------------------------------------------------------  *
 TITLE> *

 DRUDES PARTICLES WILL BE GENERATED AUTOMATICALLY FOR ALL ATOMS WITH NON-ZERO ALPHA
 Thole-type dipole screening, Slater-Delta shape {S(u) = 1 - (1+u/2)*exp(-u)}, default radius =  1.300000
  
 CHARMM>     
  
 CHARMM>    open read card unit 20 name toppar/par_all36_cgenff.prm
 OPNLGU> Unit already open. The old file will be closed first.
 VCLOSE: Closing unit   20 with status "KEEP"
 VOPEN> Attempting to open::toppar/par_all36_cgenff.prm::
 OPNLGU> Unit 20 opened for READONLY access to toppar/par_all36_cgenff.prm
  
 CHARMM>    read para card unit 20 append flex

          PARAMETER FILE BEING READ FROM UNIT 20
 TITLE> *  --------------------------------------------------------------------------  *
 TITLE> *         CGENFF: PARAMETERS FOR THE CHARMM GENERAL FORCE FIELD V. 5.0         *
 TITLE> *                    FOR SMALL MOLECULE DRUG DESIGN                            *
 TITLE> *  --------------------------------------------------------------------------  *
 TITLE> *  2017/8: IF PROTEIN, NUCLEIC ACID AND CARBOHYDRATE TOPOLOGY AND PARAMETER FILES
 TITLE> *  ARE NOT READ PRIOR TO THE CGENFF FILES "WARNING: ATOMS IN NBFIX ' errors will
 TITLE> *  BE ENCOUNTERED.  THESE CAN BE PASSED BY SETTING BOMLEV ( -2) PRIOR TO READING
 TITLE> *  THIS FILE. IN ADDITION, WHEN GENERATING AROMATIC HALOGENS (CL, BR, I) WITH
 TITLE> *  PRE C41B/C42A VERSIONS OF CHARMM "MISSING PARAMETER" ERRORS WILL BE
 TITLE> *  ENCOUNTERED THAT ALSO REQUIRE SETTING BOMLEV ( -2).
 TITLE> *
 PARRDR> WARNING: ATOM FOR NBOND SOD  DOESNT EXIST
 PARRDR> WARNING: ATOM FOR NBOND CLA  DOESNT EXIST
 PARMIO> NONBOND, HBOND lists and IMAGE atoms cleared.
  
 CHARMM>     
  
 CHARMM>    ! Phosphates and Sulfates
 CHARMM>    stream toppar/toppar_all36_moreions.str
 VOPEN> Attempting to open::toppar/toppar_all36_moreions.str::
 OPNLGU> Unit 98 opened for READONLY access to toppar/toppar_all36_moreions.str

                    INPUT STREAM SWITCHING TO UNIT    98
 RDTITL> * ADDITIONAL IONS GENERATED USING CGENFF
 RDTITL> *
 Parameter: IN1 <- "" <empty>
  
 CHARMM>     
  
 CHARMM>    set nat ?NATC
 RDCMND substituted energy or value "?NATC" to "350"
 Parameter: NAT <- "350"
  
 CHARMM>    set app
 Parameter: APP <- "" <empty>
  
 CHARMM>     
  
 CHARMM>    if "@NAT" ne "?NATC" if @nat ne 0 set app append
 Parameter: NAT -> "350"
 Parameter: NAT -> "350"
 RDCMND: can not substitute energy "?NATC""
 Comparing ""350"" and ""?NATC"".
 IF test evaluated as true.  Performing command
 Comparing "350" and "0".
 IF test evaluated as true.  Performing command
 Parameter: APP <- "APPEND"
  
 CHARMM>     
  
 CHARMM>    read rtf card @app
 Parameter: APP -> "APPEND"
 MAINIO> Residue topology file being read from unit  98.
 RDTITL> * TOPOLOGIES GENERATED BY
 RDTITL> * CHARMM GENERAL FORCE FIELD (CGENFF) PROGRAM VERSION 2.4.0
 RDTITL> *
  
 CHARMM>     
  
 CHARMM>    read para card flex @app
 Parameter: APP -> "APPEND"

          PARAMETER FILE BEING READ FROM UNIT 98
 RDTITL> * PARAMETERS GENERATED BY ANALOGY BY
 RDTITL> * CHARMM GENERAL FORCE FIELD (CGENFF) PROGRAM VERSION 2.4.0
 RDTITL> *
 PARRDR> Error: Repeated BOND parameter (  1720): OG31  SG3O is replaced
 PARRDR> Error: Repeated ANGLE parameter (  7902): OG2P  SG3O  OG31 is replaced
 PARRDR> Error: Repeated ANGLE parameter (  7582): SG3O  OG31  HGP1 is replaced
 PARRDR> Error: Repeated DIHE parameter ( 31803): HGP1  OG31  SG3O  OG2P is replaced
 PARRDR> Error: Repeated DIHE parameter ( 31804): HGP1  OG31  SG3O  OG2P is replaced
 PARRDR> Error: Repeated DIHE parameter ( 31805): HGP1  OG31  SG3O  OG2P is replaced
 PARRDR> Error: Repeated DIHE parameter ( 31806): HGP1  OG31  SG3O  OG2P is replaced
 PARMIO> NONBOND, HBOND lists and IMAGE atoms cleared.
  
 CHARMM>     
  
 VCLOSE: Closing unit   98 with status "KEEP"

                    RETURNING TO INPUT STREAM    99
  
 CHARMM>     
  
 CHARMM>    ! Interface FF
 CHARMM>    open read card unit 10 name toppar/top_interface.rtf
 OPNLGU> Unit already open. The old file will be closed first.
 VCLOSE: Closing unit   10 with status "KEEP"
 VOPEN> Attempting to open::toppar/top_interface.rtf::
 OPNLGU> Unit 10 opened for READONLY access to toppar/top_interface.rtf
  
 CHARMM>    read  rtf card unit 10 append
 MAINIO> Residue topology file being read from unit  10.
 TITLE> * INTERFACE FF
 TITLE> * TOPOLOGY FOR NANOMATERIALS
 TITLE> *
*** WARNING **** residue TSHO already exists (old one deleted)

      ***** LEVEL  1 WARNING FROM <RTFRDR> *****
      ***** Residue already exists.
      ******************************************
      BOMLEV (  0) IS NOT REACHED. WRNLEV IS  5

          PRES TSHO17      -1.050
*** WARNING **** residue TSHO already exists (old one deleted)

      ***** LEVEL  1 WARNING FROM <RTFRDR> *****
      ***** Residue already exists.
      ******************************************
      BOMLEV (  0) IS NOT REACHED. WRNLEV IS  5

          PRES TSHO21      -1.050
 There were   2 warning(s) from RTFRDR.
  
 CHARMM>     
  
 CHARMM>    open read card unit 10 name toppar/par_interface.prm
 OPNLGU> Unit already open. The old file will be closed first.
 VCLOSE: Closing unit   10 with status "KEEP"
 VOPEN> Attempting to open::toppar/par_interface.prm::
 OPNLGU> Unit 10 opened for READONLY access to toppar/par_interface.prm
  
 CHARMM>    read para card unit 10 append flex

          PARAMETER FILE BEING READ FROM UNIT 10
 TITLE> * INTERFACE FF
 TITLE> * TOPOLOGY AND PARAMETER FOR CALY MINERALS, CEMENT MINERALS
 TITLE> *
 PARRDR> Error: Repeated DIHE parameter ( 32527): HGR6  ICG1  ICG1  ICGE is replaced
 PARMIO> NONBOND, HBOND lists and IMAGE atoms cleared.
  
 CHARMM>     
  
 CHARMM>    stream toppar/toppar_all36_nano_lig.str
 VOPEN> Attempting to open::toppar/toppar_all36_nano_lig.str::
 OPNLGU> Unit 98 opened for READONLY access to toppar/toppar_all36_nano_lig.str

                    INPUT STREAM SWITCHING TO UNIT    98
 RDTITL> READ RTF CARD APPEND
 RDTITL> No title read.
 Parameter: IN1 <- "" <empty>
  
 CHARMM>    read rtf card append
 MAINIO> Residue topology file being read from unit  98.
 RDTITL> * TOPOLOGY FOR NANO-LIGAND
 RDTITL> *
  
 CHARMM>     
  
 CHARMM>    read param card flex append

          PARAMETER FILE BEING READ FROM UNIT 98
 RDTITL> * SYNTHETIC POLYMER PARAMETER
 RDTITL> *
 PARRDR> Error: Repeated ANGLE parameter (  4668): CG30  CG32  CG32 is replaced
 PARRDR> Error: Repeated DIHE parameter ( 22579): CG30  CG32  CG32  SG31 is replaced
 PARRDR> Error: Repeated DIHE parameter ( 22919): CG30  CG32  CG32  HGA2 is replaced
 PARRDR> Error: Repeated DIHE parameter ( 22695): CG32  CG32  CG32  SG31 is replaced
 PARRDR> Error: Repeated DIHE parameter ( 22920): CG30  CG32  CG32  HGP5 is replaced
 PARRDR> Error: Repeated DIHE parameter ( 22916): CG30  CG32  CG32  NG3P is replaced
 PARRDR> Error: Repeated DIHE parameter ( 19712): CG2R  CG31  CG32  CG32 is replaced
 PARRDR> Error: Repeated DIHE parameter ( 22795): NG31  CG32  CG32  SG31 is replaced
 PARRDR> Error: Repeated DIHE parameter ( 22796): NG31  CG32  CG32  SG31 is replaced
 PARRDR> Error: Repeated DIHE parameter ( 22797): NG31  CG32  CG32  SG31 is replaced
 PARRDR> Error: Repeated DIHE parameter ( 22376): CG2D  CG32  CG32  CG32 is replaced
 PARRDR> Error: Repeated DIHE parameter ( 22377): CG2D  CG32  CG32  CG32 is replaced
 PARRDR> Error: Repeated DIHE parameter ( 22378): CG2D  CG32  CG32  CG32 is replaced
 PARRDR> Error: Repeated DIHE parameter ( 22376): CG2D  CG32  CG32  CG32 is replaced
 PARRDR> Error: Repeated DIHE parameter ( 22377): CG2D  CG32  CG32  CG32 is replaced
 PARRDR> Error: Repeated DIHE parameter ( 22378): CG2D  CG32  CG32  CG32 is replaced
 PARRDR> Error: Repeated DIHE parameter ( 22376): CG2D  CG32  CG32  CG32 is replaced
 PARRDR> Error: Repeated DIHE parameter ( 22377): CG2D  CG32  CG32  CG32 is replaced
 PARRDR> Error: Repeated DIHE parameter ( 22378): CG2D  CG32  CG32  CG32 is replaced
 PARRDR> Error: Repeated DIHE parameter ( 19868): CG33  CG31  CG32  CG32 is replaced
 PARRDR> Error: Repeated DIHE parameter ( 22393): CG2D  CG32  CG32  SG31 is replaced
 PARRDR> Error: Repeated DIHE parameter ( 22394): CG2D  CG32  CG32  SG31 is replaced
 PARRDR> Error: Repeated DIHE parameter ( 22395): CG2D  CG32  CG32  SG31 is replaced
 PARRDR> Error: Repeated DIHE parameter ( 18389): CG32  CG30  CG32  CG32 is replaced
 PARRDR> Error: Repeated DIHE parameter ( 18417): CG33  CG30  CG32  CG32 is replaced
 PARMIO> NONBOND, HBOND lists and IMAGE atoms cleared.
  
 CHARMM>    RETURN
 VCLOSE: Closing unit   98 with status "KEEP"

                    RETURNING TO INPUT STREAM    99
  
 CHARMM>    stream toppar/toppar_all36_nano_lig_patch.str
 VOPEN> Attempting to open::toppar/toppar_all36_nano_lig_patch.str::
 OPNLGU> Unit 98 opened for READONLY access to toppar/toppar_all36_nano_lig_patch.str

                    INPUT STREAM SWITCHING TO UNIT    98
 RDTITL> READ RTF CARD APPEND
 RDTITL> No title read.
 Parameter: IN1 <- "" <empty>
  
 CHARMM>    read rtf card append
 MAINIO> Residue topology file being read from unit  98.
 RDTITL> * TOPOLOGY FOR SYNTHETIC_POLYMER
 RDTITL> *
  
 CHARMM>    RETURN
 VCLOSE: Closing unit   98 with status "KEEP"

                    RETURNING TO INPUT STREAM    99
  
 CHARMM>     
  
 CHARMM>    ! Additional topologies and parameters for synthetic polymer
 CHARMM>    stream toppar/toppar_all36_synthetic_polymer.str
 VOPEN> Attempting to open::toppar/toppar_all36_synthetic_polymer.str::
 OPNLGU> Unit 98 opened for READONLY access to toppar/toppar_all36_synthetic_polymer.str

                    INPUT STREAM SWITCHING TO UNIT    98
 RDTITL> READ RTF CARD APPEND
 RDTITL> No title read.
 Parameter: IN1 <- "" <empty>
  
 CHARMM>    read rtf card append
 MAINIO> Residue topology file being read from unit  98.
 RDTITL> * TOPOLOGY FOR SYNTHETIC_POLYMER
 RDTITL> *
  
 CHARMM>     
  
 CHARMM>    read param card flex append

          PARAMETER FILE BEING READ FROM UNIT 98
 RDTITL> * SYNTHETIC POLYMER PARAMETER
 RDTITL> *
 PARRDR> Error: Repeated BOND parameter (  1190): CG30  NG2S is replaced
 PARRDR> Error: Repeated BOND parameter (   709): CG2O  CG30 is replaced
 PARRDR> Error: Repeated BOND parameter (   703): CG2O  CG2R is replaced
 PARRDR> Error: Repeated BOND parameter (  1192): CG30  NG31 is replaced
 PARRDR> Error: Repeated BOND parameter (  1238): CG31  NG31 is replaced
 PARRDR> Error: Repeated BOND parameter (   774): CG2O  CG30 is replaced
 PARRDR> Error: Repeated BOND parameter (  1257): CG31  CG31 is replaced
 PARRDR> Error: Repeated ANGLE parameter (  4699): CG31  CG32  NG32 is replaced
 PARRDR> Error: Repeated ANGLE parameter (  3954): CG2O  CG31  NG31 is replaced
 PARRDR> Error: Repeated ANGLE parameter (  4008): CG2O  CG31  CG32 is replaced
 PARRDR> Error: Repeated ANGLE parameter (  3839): CG33  CG30  NG31 is replaced
 PARRDR> Error: Repeated ANGLE parameter (  4010): CG2O  CG31  CG33 is replaced
 PARRDR> Error: Repeated ANGLE parameter (  4477): CG2D  CG32  CG30 is replaced
 PARRDR> Error: Repeated ANGLE parameter (  3837): CG33  CG30  NG2S is replaced
 PARRDR> Error: Repeated ANGLE parameter (  6736): CG31  NG2R  CG3C is replaced
 PARRDR> Error: Repeated ANGLE parameter (  3725): CG2O  CG30  CG33 is replaced
 PARRDR> Error: Repeated ANGLE parameter (  7053): CG30  NG2S  HGP1 is replaced
 PARRDR> Error: Repeated ANGLE parameter (  4256): NG31  CG31  OG31 is replaced
 PARRDR> Error: Repeated ANGLE parameter (  3956): CG2O  CG31  OG30 is replaced
 PARRDR> Error: Repeated ANGLE parameter (  4702): CG31  CG32  OG30 is replaced
 PARRDR> Error: Repeated ANGLE parameter (  4013): CG2O  CG31  NG31 is replaced
 PARRDR> Error: Repeated ANGLE parameter (  7499): CG30  OG30  CG32 is replaced
 PARRDR> Error: Repeated ANGLE parameter (  4546): CG2O  CG32  OG30 is replaced
 PARRDR> Error: Repeated ANGLE parameter (  2004): CG2R  CG2O  OG2D is replaced
 PARRDR> Error: Repeated ANGLE parameter (  7020): CG2O  NG2S  CG30 is replaced
 PARRDR> Error: Repeated ANGLE parameter (  7197): CG30  NG31  HGPA is replaced
 PARRDR> Error: Repeated ANGLE parameter (  2178): CG31  CG2O  CG33 is replaced
 PARRDR> Error: Repeated ANGLE parameter (  3805): CG32  CG30  NG2S is replaced
 PARRDR> Error: Repeated ANGLE parameter (  4545): CG2O  CG32  NG31 is replaced
 PARRDR> Error: Repeated ANGLE parameter (  7204): CG31  NG31  HGPA is replaced
 PARRDR> Error: Repeated ANGLE parameter (  4489): CG2D  CG32  OG30 is replaced
 PARRDR> Error: Repeated ANGLE parameter (  7195): CG30  NG31  CG32 is replaced
 PARRDR> Error: Repeated ANGLE parameter (  4534): CG2O  CG32  CG30 is replaced
 PARRDR> Error: Repeated ANGLE parameter (  3724): CG2O  CG30  CG32 is replaced
 PARRDR> Error: Repeated ANGLE parameter (  2005): CG2R  CG2O  OG31 is replaced
 PARRDR> Error: Repeated ANGLE parameter (  4749): CG32  CG32  NG2R is replaced
 PARRDR> Error: Repeated ANGLE parameter (  2275): CG2O  CG2R  CG2R is replaced
 PARRDR> Error: Repeated ANGLE parameter (  2022): CG30  CG2O  OG2D is replaced
 PARRDR> Error: Repeated ANGLE parameter (  4257): NG31  CG31  HGA1 is replaced
 PARRDR> Error: Repeated ANGLE parameter (  4201): CG33  CG31  NG31 is replaced
 PARRDR> Error: Repeated ANGLE parameter (  4064): CG2R  CG31  NG31 is replaced
 PARRDR> Error: Repeated ANGLE parameter (  7200): CG31  NG31  CG32 is replaced
 PARRDR> Error: Repeated ANGLE parameter (  3806): CG32  CG30  NG31 is replaced
 PARRDR> Error: Repeated ANGLE parameter (  4158): CG32  CG31  NG31 is replaced
 PARRDR> Error: Repeated ANGLE parameter (  2177): CG31  CG2O  CG32 is replaced
 PARRDR> Error: Repeated ANGLE parameter (  3737): CG2O  CG30  CG33 is replaced
 PARRDR> Error: Repeated ANGLE parameter (  2175): CG30  CG2O  OG2D is replaced
 PARRDR> Error: Repeated ANGLE parameter (  2172): CG30  CG2O  CG32 is replaced
 PARRDR> Error: Repeated ANGLE parameter (  2151): CG2O  CG2O  CG32 is replaced
 PARRDR> Error: Repeated ANGLE parameter (  4476): CG2D  CG32  CG2O is replaced
 PARRDR> Error: Repeated ANGLE parameter (  7013): CG2O  NG2S  CG2O is replaced
 PARRDR> Error: Repeated ANGLE parameter (  4530): CG2O  CG32  CG2O is replaced
 PARRDR> Error: Repeated ANGLE parameter (  4583): CG2O  CG32  CG31 is replaced
 PARRDR> Error: Repeated ANGLE parameter (  4002): CG2O  CG31  CG2O is replaced
 PARRDR> Error: Repeated ANGLE parameter (  3736): CG2O  CG30  CG32 is replaced
 PARRDR> Error: Repeated ANGLE parameter (  4003): CG2O  CG31  CG2R is replaced
 PARRDR> Error: Repeated ANGLE parameter (  3978): CG2O  CG31  CG2O is replaced
 PARRDR> Error: Repeated ANGLE parameter (  3943): CG2O  CG31  CG2O is replaced
 PARRDR> Error: Repeated ANGLE parameter (  4011): CG2O  CG31  NG2R is replaced
 PARRDR> Error: Repeated ANGLE parameter (  3962): CG2O  CG31  CG2O is replaced
 PARRDR> Error: Repeated ANGLE parameter (  4698): CG31  CG32  NG31 is replaced
 PARRDR> Error: Repeated ANGLE parameter (  4674): CG30  CG32  NG31 is replaced
 PARRDR> Error: Repeated ANGLE parameter (  3723): CG2O  CG30  CG31 is replaced
 PARRDR> Error: Repeated ANGLE parameter (  3812): CG32  CG30  OG31 is replaced
 PARRDR> Error: Repeated ANGLE parameter (  4006): CG2O  CG31  CG31 is replaced
 PARRDR> Error: Repeated ANGLE parameter (  4054): CG2R  CG31  CG31 is replaced
 PARRDR> Error: Repeated ANGLE parameter (  4676): CG30  CG32  OG31 is replaced
 PARRDR> Error: Repeated ANGLE parameter (  4926): CG32  CG32  CG33 is replaced
 PARRDR> Error: Repeated ANGLE parameter (  4925): CG32  CG32  CG32 is replaced
 PARRDR> Error: Repeated ANGLE parameter (  4311): CG31  CG31  FGA2 is replaced
 PARRDR> Error: Repeated ANGLE parameter (  3728): CG2O  CG30  CG32 is replaced
 PARRDR> Error: Repeated ANGLE parameter (  2023): CG30  CG2O  OG31 is replaced
 PARRDR> Error: Repeated ANGLE parameter (  3727): CG2O  CG30  CG2O is replaced
 PARRDR> Error: Repeated ANGLE parameter (  4186): CG32  CG31  NG31 is replaced
 PARRDR> Error: Repeated ANGLE parameter (  4102): CG31  CG31  CG32 is replaced
 PARRDR> Error: Repeated ANGLE parameter (  4009): CG2O  CG31  CG32 is replaced
 PARRDR> Error: Repeated ANGLE parameter (  4582): CG2O  CG32  CG30 is replaced
 PARRDR> Error: Repeated ANGLE parameter (  4672): CG30  CG32  NG2S is replaced
 PARRDR> Error: Repeated DIHE parameter ( 19844): CG32  CG31  CG32  CG31 is replaced
 PARRDR> Error: Repeated DIHE parameter ( 19822): CG32  CG31  CG32  NG32 is replaced
 PARRDR> Error: Repeated DIHE parameter ( 20218): HGA1  CG31  CG32  NG32 is replaced
 PARRDR> Error: Repeated DIHE parameter ( 24359): CG31  CG32  NG32  HGPA is replaced
 PARRDR> Error: Repeated DIHE parameter ( 12727): CG3C  CG2R  NG2R  CG31 is replaced
 PARRDR> Error: Repeated DIHE parameter ( 24397): CG2O  CG32  OG30  CG32 is replaced
 PARRDR> Error: Repeated DIHE parameter ( 24398): CG2O  CG32  OG30  CG32 is replaced
 PARRDR> Error: Repeated DIHE parameter ( 24399): CG2O  CG32  OG30  CG32 is replaced
 PARRDR> Error: Repeated DIHE parameter ( 21269): HGA1  CG31  NG31  HGPA is replaced
 PARRDR> Error: Repeated DIHE parameter ( 22546): CG2R  CG32  CG32  CG30 is replaced
 PARRDR> Error: Repeated DIHE parameter ( 21346): CG32  CG31  OG30  CG32 is replaced
 PARRDR> Error: Repeated DIHE parameter ( 21347): CG32  CG31  OG30  CG32 is replaced
 PARRDR> Error: Repeated DIHE parameter ( 21346): CG32  CG31  OG30  CG32 is replaced
 PARRDR> Error: Repeated DIHE parameter ( 21347): CG32  CG31  OG30  CG32 is replaced
 PARRDR> Error: Repeated DIHE parameter (  8768): OG2D  CG2O  CG31  NG31 is replaced
 PARRDR> Error: Repeated DIHE parameter (  7774): OG2D  CG2O  NG2S  CG30 is replaced
 PARRDR> Error: Repeated DIHE parameter ( 24338): HGA2  CG32  NG31  CG30 is replaced
 PARRDR> Error: Repeated DIHE parameter (  3574): CG2D  CG2D  CG32  OG30 is replaced
 PARRDR> Error: Repeated DIHE parameter (  3575): CG2D  CG2D  CG32  OG30 is replaced
 PARRDR> Error: Repeated DIHE parameter (  3576): CG2D  CG2D  CG32  OG30 is replaced
 PARRDR> Error: Repeated DIHE parameter (  3577): CG2D  CG2D  CG32  OG30 is replaced
 PARRDR> Error: Repeated DIHE parameter (  3574): CG2D  CG2D  CG32  OG30 is replaced
 PARRDR> Error: Repeated DIHE parameter (  3575): CG2D  CG2D  CG32  OG30 is replaced
 PARRDR> Error: Repeated DIHE parameter (  3576): CG2D  CG2D  CG32  OG30 is replaced
 PARRDR> Error: Repeated DIHE parameter (  3577): CG2D  CG2D  CG32  OG30 is replaced
 PARRDR> Error: Repeated DIHE parameter (  3574): CG2D  CG2D  CG32  OG30 is replaced
 PARRDR> Error: Repeated DIHE parameter (  3575): CG2D  CG2D  CG32  OG30 is replaced
 PARRDR> Error: Repeated DIHE parameter (  3576): CG2D  CG2D  CG32  OG30 is replaced
 PARRDR> Error: Repeated DIHE parameter (  3577): CG2D  CG2D  CG32  OG30 is replaced
 PARRDR> Error: Repeated DIHE parameter ( 20041): OG31  CG31  CG32  CG30 is replaced
 PARRDR> Error: Repeated DIHE parameter ( 20042): OG31  CG31  CG32  CG30 is replaced
 PARRDR> Error: Repeated DIHE parameter ( 20043): OG31  CG31  CG32  CG30 is replaced
 PARRDR> Error: Repeated DIHE parameter ( 20041): OG31  CG31  CG32  CG30 is replaced
 PARRDR> Error: Repeated DIHE parameter ( 20042): OG31  CG31  CG32  CG30 is replaced
 PARRDR> Error: Repeated DIHE parameter ( 20043): OG31  CG31  CG32  CG30 is replaced
 PARRDR> Error: Repeated DIHE parameter ( 20041): OG31  CG31  CG32  CG30 is replaced
 PARRDR> Error: Repeated DIHE parameter ( 20042): OG31  CG31  CG32  CG30 is replaced
 PARRDR> Error: Repeated DIHE parameter ( 20043): OG31  CG31  CG32  CG30 is replaced
 PARRDR> Error: Repeated DIHE parameter ( 19855): CG33  CG31  CG32  CG2D is replaced
 PARRDR> Error: Repeated DIHE parameter ( 18386): CG32  CG30  CG32  CG30 is replaced
 PARRDR> Error: Repeated DIHE parameter ( 21179): CG32  CG31  NG31  CG32 is replaced
 PARRDR> Error: Repeated DIHE parameter ( 21180): CG32  CG31  NG31  CG32 is replaced
 PARRDR> Error: Repeated DIHE parameter ( 21181): CG32  CG31  NG31  CG32 is replaced
 PARRDR> Error: Repeated DIHE parameter ( 21179): CG32  CG31  NG31  CG32 is replaced
 PARRDR> Error: Repeated DIHE parameter ( 21180): CG32  CG31  NG31  CG32 is replaced
 PARRDR> Error: Repeated DIHE parameter ( 21181): CG32  CG31  NG31  CG32 is replaced
 PARRDR> Error: Repeated DIHE parameter ( 21179): CG32  CG31  NG31  CG32 is replaced
 PARRDR> Error: Repeated DIHE parameter ( 21180): CG32  CG31  NG31  CG32 is replaced
 PARRDR> Error: Repeated DIHE parameter ( 21181): CG32  CG31  NG31  CG32 is replaced
 PARRDR> Error: Repeated DIHE parameter ( 24232): CG32  CG32  NG31  CG30 is replaced
 PARRDR> Error: Repeated DIHE parameter ( 24233): CG32  CG32  NG31  CG30 is replaced
 PARRDR> Error: Repeated DIHE parameter ( 24234): CG32  CG32  NG31  CG30 is replaced
 PARRDR> Error: Repeated DIHE parameter ( 24232): CG32  CG32  NG31  CG30 is replaced
 PARRDR> Error: Repeated DIHE parameter ( 24233): CG32  CG32  NG31  CG30 is replaced
 PARRDR> Error: Repeated DIHE parameter ( 24234): CG32  CG32  NG31  CG30 is replaced
 PARRDR> Error: Repeated DIHE parameter ( 24232): CG32  CG32  NG31  CG30 is replaced
 PARRDR> Error: Repeated DIHE parameter ( 24233): CG32  CG32  NG31  CG30 is replaced
 PARRDR> Error: Repeated DIHE parameter ( 24234): CG32  CG32  NG31  CG30 is replaced
 PARRDR> Error: Repeated DIHE parameter ( 22651): CG32  CG32  CG32  NG2R is replaced
 PARRDR> Error: Repeated DIHE parameter ( 21208): CG33  CG31  NG31  CG32 is replaced
 PARRDR> Error: Repeated DIHE parameter ( 21209): CG33  CG31  NG31  CG32 is replaced
 PARRDR> Error: Repeated DIHE parameter ( 21210): CG33  CG31  NG31  CG32 is replaced
 PARRDR> Error: Repeated DIHE parameter ( 21208): CG33  CG31  NG31  CG32 is replaced
 PARRDR> Error: Repeated DIHE parameter ( 21209): CG33  CG31  NG31  CG32 is replaced
 PARRDR> Error: Repeated DIHE parameter ( 21210): CG33  CG31  NG31  CG32 is replaced
 PARRDR> Error: Repeated DIHE parameter ( 21208): CG33  CG31  NG31  CG32 is replaced
 PARRDR> Error: Repeated DIHE parameter ( 21209): CG33  CG31  NG31  CG32 is replaced
 PARRDR> Error: Repeated DIHE parameter ( 21210): CG33  CG31  NG31  CG32 is replaced
 PARRDR> Error: Repeated DIHE parameter (  3676): HGA4  CG2D  CG32  OG30 is replaced
 PARRDR> Error: Repeated DIHE parameter (  3677): HGA4  CG2D  CG32  OG30 is replaced
 PARRDR> Error: Repeated DIHE parameter ( 21114): CG2O  CG31  NG31  CG32 is replaced
 PARRDR> Error: Repeated DIHE parameter ( 21115): CG2O  CG31  NG31  CG32 is replaced
 PARRDR> Error: Repeated DIHE parameter ( 21116): CG2O  CG31  NG31  CG32 is replaced
 PARRDR> Error: Repeated DIHE parameter ( 21114): CG2O  CG31  NG31  CG32 is replaced
 PARRDR> Error: Repeated DIHE parameter ( 21115): CG2O  CG31  NG31  CG32 is replaced
 PARRDR> Error: Repeated DIHE parameter ( 21116): CG2O  CG31  NG31  CG32 is replaced
 PARRDR> Error: Repeated DIHE parameter ( 21114): CG2O  CG31  NG31  CG32 is replaced
 PARRDR> Error: Repeated DIHE parameter ( 21115): CG2O  CG31  NG31  CG32 is replaced
 PARRDR> Error: Repeated DIHE parameter ( 21116): CG2O  CG31  NG31  CG32 is replaced
 PARRDR> Error: Repeated DIHE parameter ( 18919): CG33  CG30  OG30  CG32 is replaced
 PARRDR> Error: Repeated DIHE parameter ( 18920): CG33  CG30  OG30  CG32 is replaced
 PARRDR> Error: Repeated DIHE parameter ( 18919): CG33  CG30  OG30  CG32 is replaced
 PARRDR> Error: Repeated DIHE parameter ( 18920): CG33  CG30  OG30  CG32 is replaced
 PARRDR> Error: Repeated DIHE parameter ( 18860): CG32  CG30  NG31  HGPA is replaced
 PARRDR> Error: Repeated DIHE parameter ( 18861): CG32  CG30  NG31  HGPA is replaced
 PARRDR> Error: Repeated DIHE parameter ( 18390): CG32  CG30  CG32  CG33 is replaced
 PARRDR> Error: Repeated DIHE parameter (  9086): CG31  CG2O  CG33  HGA3 is replaced
 PARRDR> Error: Repeated DIHE parameter (  8069): CG2R  CG2O  OG30  CG32 is replaced
 PARRDR> Error: Repeated DIHE parameter (  8070): CG2R  CG2O  OG30  CG32 is replaced
 PARRDR> Error: Repeated DIHE parameter (  8071): CG2R  CG2O  OG30  CG32 is replaced
 PARRDR> Error: Repeated DIHE parameter (  8069): CG2R  CG2O  OG30  CG32 is replaced
 PARRDR> Error: Repeated DIHE parameter (  8070): CG2R  CG2O  OG30  CG32 is replaced
 PARRDR> Error: Repeated DIHE parameter (  8071): CG2R  CG2O  OG30  CG32 is replaced
 PARRDR> Error: Repeated DIHE parameter (  8069): CG2R  CG2O  OG30  CG32 is replaced
 PARRDR> Error: Repeated DIHE parameter (  8070): CG2R  CG2O  OG30  CG32 is replaced
 PARRDR> Error: Repeated DIHE parameter (  8071): CG2R  CG2O  OG30  CG32 is replaced
 PARRDR> Error: Repeated DIHE parameter ( 22486): CG2O  CG32  CG32  CG30 is replaced
 PARRDR> Error: Repeated DIHE parameter ( 22487): CG2O  CG32  CG32  CG30 is replaced
 PARRDR> Error: Repeated DIHE parameter ( 22488): CG2O  CG32  CG32  CG30 is replaced
 PARRDR> Error: Repeated DIHE parameter ( 22489): CG2O  CG32  CG32  CG30 is replaced
 PARRDR> Error: Repeated DIHE parameter ( 22490): CG2O  CG32  CG32  CG30 is replaced
 PARRDR> Error: Repeated DIHE parameter ( 22486): CG2O  CG32  CG32  CG30 is replaced
 PARRDR> Error: Repeated DIHE parameter ( 22487): CG2O  CG32  CG32  CG30 is replaced
 PARRDR> Error: Repeated DIHE parameter ( 22488): CG2O  CG32  CG32  CG30 is replaced
 PARRDR> Error: Repeated DIHE parameter ( 22489): CG2O  CG32  CG32  CG30 is replaced
 PARRDR> Error: Repeated DIHE parameter ( 22490): CG2O  CG32  CG32  CG30 is replaced
 PARRDR> Error: Repeated DIHE parameter ( 22486): CG2O  CG32  CG32  CG30 is replaced
 PARRDR> Error: Repeated DIHE parameter ( 22487): CG2O  CG32  CG32  CG30 is replaced
 PARRDR> Error: Repeated DIHE parameter ( 22488): CG2O  CG32  CG32  CG30 is replaced
 PARRDR> Error: Repeated DIHE parameter ( 22489): CG2O  CG32  CG32  CG30 is replaced
 PARRDR> Error: Repeated DIHE parameter ( 22490): CG2O  CG32  CG32  CG30 is replaced
 PARRDR> Error: Repeated DIHE parameter ( 22486): CG2O  CG32  CG32  CG30 is replaced
 PARRDR> Error: Repeated DIHE parameter ( 22487): CG2O  CG32  CG32  CG30 is replaced
 PARRDR> Error: Repeated DIHE parameter ( 22488): CG2O  CG32  CG32  CG30 is replaced
 PARRDR> Error: Repeated DIHE parameter ( 22489): CG2O  CG32  CG32  CG30 is replaced
 PARRDR> Error: Repeated DIHE parameter ( 22490): CG2O  CG32  CG32  CG30 is replaced
 PARRDR> Error: Repeated DIHE parameter ( 22486): CG2O  CG32  CG32  CG30 is replaced
 PARRDR> Error: Repeated DIHE parameter ( 22487): CG2O  CG32  CG32  CG30 is replaced
 PARRDR> Error: Repeated DIHE parameter ( 22488): CG2O  CG32  CG32  CG30 is replaced
 PARRDR> Error: Repeated DIHE parameter ( 22489): CG2O  CG32  CG32  CG30 is replaced
 PARRDR> Error: Repeated DIHE parameter ( 22490): CG2O  CG32  CG32  CG30 is replaced
 PARRDR> Error: Repeated DIHE parameter ( 19930): NG2R  CG31  CG32  CG32 is replaced
 PARRDR> Error: Repeated DIHE parameter ( 21117): CG2O  CG31  NG31  HGPA is replaced
 PARRDR> Error: Repeated DIHE parameter ( 21118): CG2O  CG31  NG31  HGPA is replaced
 PARRDR> Error: Repeated DIHE parameter ( 21119): CG2O  CG31  NG31  HGPA is replaced
 PARRDR> Error: Repeated DIHE parameter ( 18472): NG31  CG30  CG32  CG31 is replaced
 PARRDR> Error: Repeated DIHE parameter ( 24414): CG31  CG32  OG30  CG32 is replaced
 PARRDR> Error: Repeated DIHE parameter ( 24415): CG31  CG32  OG30  CG32 is replaced
 PARRDR> Error: Repeated DIHE parameter ( 24416): CG31  CG32  OG30  CG32 is replaced
 PARRDR> Error: Repeated DIHE parameter ( 24414): CG31  CG32  OG30  CG32 is replaced
 PARRDR> Error: Repeated DIHE parameter ( 24415): CG31  CG32  OG30  CG32 is replaced
 PARRDR> Error: Repeated DIHE parameter ( 24416): CG31  CG32  OG30  CG32 is replaced
 PARRDR> Error: Repeated DIHE parameter ( 24414): CG31  CG32  OG30  CG32 is replaced
 PARRDR> Error: Repeated DIHE parameter ( 24415): CG31  CG32  OG30  CG32 is replaced
 PARRDR> Error: Repeated DIHE parameter ( 24416): CG31  CG32  OG30  CG32 is replaced
 PARRDR> Error: Repeated DIHE parameter (  3550): CG2D  CG2D  CG32  CG30 is replaced
 PARRDR> Error: Repeated DIHE parameter (  3551): CG2D  CG2D  CG32  CG30 is replaced
 PARRDR> Error: Repeated DIHE parameter (  3550): CG2D  CG2D  CG32  CG30 is replaced
 PARRDR> Error: Repeated DIHE parameter (  3551): CG2D  CG2D  CG32  CG30 is replaced
 PARRDR> Error: Repeated DIHE parameter (  8717): CG33  CG2O  CG31  CG32 is replaced
 PARRDR> Error: Repeated DIHE parameter (  8718): CG33  CG2O  CG31  CG32 is replaced
 PARRDR> Error: Repeated DIHE parameter (  8719): CG33  CG2O  CG31  CG32 is replaced
 PARRDR> Error: Repeated DIHE parameter (  8720): CG33  CG2O  CG31  CG32 is replaced
 PARRDR> Error: Repeated DIHE parameter (  8717): CG33  CG2O  CG31  CG32 is replaced
 PARRDR> Error: Repeated DIHE parameter (  8718): CG33  CG2O  CG31  CG32 is replaced
 PARRDR> Error: Repeated DIHE parameter (  8719): CG33  CG2O  CG31  CG32 is replaced
 PARRDR> Error: Repeated DIHE parameter (  8720): CG33  CG2O  CG31  CG32 is replaced
 PARRDR> Error: Repeated DIHE parameter (  8717): CG33  CG2O  CG31  CG32 is replaced
 PARRDR> Error: Repeated DIHE parameter (  8718): CG33  CG2O  CG31  CG32 is replaced
 PARRDR> Error: Repeated DIHE parameter (  8719): CG33  CG2O  CG31  CG32 is replaced
 PARRDR> Error: Repeated DIHE parameter (  8720): CG33  CG2O  CG31  CG32 is replaced
 PARRDR> Error: Repeated DIHE parameter (  8717): CG33  CG2O  CG31  CG32 is replaced
 PARRDR> Error: Repeated DIHE parameter (  8718): CG33  CG2O  CG31  CG32 is replaced
 PARRDR> Error: Repeated DIHE parameter (  8719): CG33  CG2O  CG31  CG32 is replaced
 PARRDR> Error: Repeated DIHE parameter (  8720): CG33  CG2O  CG31  CG32 is replaced
 PARRDR> Error: Repeated DIHE parameter ( 24486): HGA2  CG32  OG30  CG30 is replaced
 PARRDR> Error: Repeated DIHE parameter ( 24426): CG32  CG32  OG30  CG30 is replaced
 PARRDR> Error: Repeated DIHE parameter ( 24427): CG32  CG32  OG30  CG30 is replaced
 PARRDR> Error: Repeated DIHE parameter ( 24428): CG32  CG32  OG30  CG30 is replaced
 PARRDR> Error: Repeated DIHE parameter ( 24426): CG32  CG32  OG30  CG30 is replaced
 PARRDR> Error: Repeated DIHE parameter ( 24427): CG32  CG32  OG30  CG30 is replaced
 PARRDR> Error: Repeated DIHE parameter ( 24428): CG32  CG32  OG30  CG30 is replaced
 PARRDR> Error: Repeated DIHE parameter ( 24426): CG32  CG32  OG30  CG30 is replaced
 PARRDR> Error: Repeated DIHE parameter ( 24427): CG32  CG32  OG30  CG30 is replaced
 PARRDR> Error: Repeated DIHE parameter ( 24428): CG32  CG32  OG30  CG30 is replaced
 PARRDR> Error: Repeated DIHE parameter ( 24241): CG32  CG32  NG31  CG32 is replaced
 PARRDR> Error: Repeated DIHE parameter ( 24242): CG32  CG32  NG31  CG32 is replaced
 PARRDR> Error: Repeated DIHE parameter ( 24243): CG32  CG32  NG31  CG32 is replaced
 PARRDR> Error: Repeated DIHE parameter ( 24241): CG32  CG32  NG31  CG32 is replaced
 PARRDR> Error: Repeated DIHE parameter ( 24242): CG32  CG32  NG31  CG32 is replaced
 PARRDR> Error: Repeated DIHE parameter ( 24243): CG32  CG32  NG31  CG32 is replaced
 PARRDR> Error: Repeated DIHE parameter ( 24241): CG32  CG32  NG31  CG32 is replaced
 PARRDR> Error: Repeated DIHE parameter ( 24242): CG32  CG32  NG31  CG32 is replaced
 PARRDR> Error: Repeated DIHE parameter ( 24243): CG32  CG32  NG31  CG32 is replaced
 PARRDR> Error: Repeated DIHE parameter ( 21374): HGA1  CG31  OG30  CG32 is replaced
 PARRDR> Error: Repeated DIHE parameter ( 18474): NG31  CG30  CG32  HGA2 is replaced
 PARRDR> Error: Repeated DIHE parameter ( 20004): NG31  CG31  CG32  HGA2 is replaced
 PARRDR> Error: Repeated DIHE parameter ( 19864): CG33  CG31  CG32  CG30 is replaced
 PARRDR> Error: Repeated DIHE parameter ( 21255): OG31  CG31  NG31  HGPA is replaced
 PARRDR> Error: Repeated DIHE parameter ( 21256): OG31  CG31  NG31  HGPA is replaced
 PARRDR> Error: Repeated DIHE parameter ( 21255): OG31  CG31  NG31  HGPA is replaced
 PARRDR> Error: Repeated DIHE parameter ( 21256): OG31  CG31  NG31  HGPA is replaced
 PARRDR> Error: Repeated DIHE parameter (  6953): OG2D  CG2O  CG31  OG30 is replaced
 PARRDR> Error: Repeated DIHE parameter (  6954): OG2D  CG2O  CG31  OG30 is replaced
 PARRDR> Error: Repeated DIHE parameter ( 22491): CG2O  CG32  CG32  CG31 is replaced
 PARRDR> Error: Repeated DIHE parameter ( 22492): CG2O  CG32  CG32  CG31 is replaced
 PARRDR> Error: Repeated DIHE parameter ( 22493): CG2O  CG32  CG32  CG31 is replaced
 PARRDR> Error: Repeated DIHE parameter ( 22494): CG2O  CG32  CG32  CG31 is replaced
 PARRDR> Error: Repeated DIHE parameter ( 22495): CG2O  CG32  CG32  CG31 is replaced
 PARRDR> Error: Repeated DIHE parameter ( 22491): CG2O  CG32  CG32  CG31 is replaced
 PARRDR> Error: Repeated DIHE parameter ( 22492): CG2O  CG32  CG32  CG31 is replaced
 PARRDR> Error: Repeated DIHE parameter ( 22493): CG2O  CG32  CG32  CG31 is replaced
 PARRDR> Error: Repeated DIHE parameter ( 22494): CG2O  CG32  CG32  CG31 is replaced
 PARRDR> Error: Repeated DIHE parameter ( 22495): CG2O  CG32  CG32  CG31 is replaced
 PARRDR> Error: Repeated DIHE parameter ( 22491): CG2O  CG32  CG32  CG31 is replaced
 PARRDR> Error: Repeated DIHE parameter ( 22492): CG2O  CG32  CG32  CG31 is replaced
 PARRDR> Error: Repeated DIHE parameter ( 22493): CG2O  CG32  CG32  CG31 is replaced
 PARRDR> Error: Repeated DIHE parameter ( 22494): CG2O  CG32  CG32  CG31 is replaced
 PARRDR> Error: Repeated DIHE parameter ( 22495): CG2O  CG32  CG32  CG31 is replaced
 PARRDR> Error: Repeated DIHE parameter ( 22491): CG2O  CG32  CG32  CG31 is replaced
 PARRDR> Error: Repeated DIHE parameter ( 22492): CG2O  CG32  CG32  CG31 is replaced
 PARRDR> Error: Repeated DIHE parameter ( 22493): CG2O  CG32  CG32  CG31 is replaced
 PARRDR> Error: Repeated DIHE parameter ( 22494): CG2O  CG32  CG32  CG31 is replaced
 PARRDR> Error: Repeated DIHE parameter ( 22495): CG2O  CG32  CG32  CG31 is replaced
 PARRDR> Error: Repeated DIHE parameter ( 22491): CG2O  CG32  CG32  CG31 is replaced
 PARRDR> Error: Repeated DIHE parameter ( 22492): CG2O  CG32  CG32  CG31 is replaced
 PARRDR> Error: Repeated DIHE parameter ( 22493): CG2O  CG32  CG32  CG31 is replaced
 PARRDR> Error: Repeated DIHE parameter ( 22494): CG2O  CG32  CG32  CG31 is replaced
 PARRDR> Error: Repeated DIHE parameter ( 22495): CG2O  CG32  CG32  CG31 is replaced
 PARRDR> Error: Repeated DIHE parameter ( 21130): CG2R  CG31  NG31  CG32 is replaced
 PARRDR> Error: Repeated DIHE parameter ( 21131): CG2R  CG31  NG31  CG32 is replaced
 PARRDR> Error: Repeated DIHE parameter ( 21132): CG2R  CG31  NG31  CG32 is replaced
 PARRDR> Error: Repeated DIHE parameter ( 21130): CG2R  CG31  NG31  CG32 is replaced
 PARRDR> Error: Repeated DIHE parameter ( 21131): CG2R  CG31  NG31  CG32 is replaced
 PARRDR> Error: Repeated DIHE parameter ( 21132): CG2R  CG31  NG31  CG32 is replaced
 PARRDR> Error: Repeated DIHE parameter ( 21130): CG2R  CG31  NG31  CG32 is replaced
 PARRDR> Error: Repeated DIHE parameter ( 21131): CG2R  CG31  NG31  CG32 is replaced
 PARRDR> Error: Repeated DIHE parameter ( 21132): CG2R  CG31  NG31  CG32 is replaced
 PARRDR> Error: Repeated DIHE parameter ( 18815): CG33  CG30  NG2S  HGP1 is replaced
 PARRDR> Error: Repeated DIHE parameter (  8761): OG2D  CG2O  CG31  CG33 is replaced
 PARRDR> Error: Repeated DIHE parameter (  8762): OG2D  CG2O  CG31  CG33 is replaced
 PARRDR> Error: Repeated DIHE parameter (  8763): OG2D  CG2O  CG31  CG33 is replaced
 PARRDR> Error: Repeated DIHE parameter (  8764): OG2D  CG2O  CG31  CG33 is replaced
 PARRDR> Error: Repeated DIHE parameter (  8761): OG2D  CG2O  CG31  CG33 is replaced
 PARRDR> Error: Repeated DIHE parameter (  8762): OG2D  CG2O  CG31  CG33 is replaced
 PARRDR> Error: Repeated DIHE parameter (  8763): OG2D  CG2O  CG31  CG33 is replaced
 PARRDR> Error: Repeated DIHE parameter (  8764): OG2D  CG2O  CG31  CG33 is replaced
 PARRDR> Error: Repeated DIHE parameter (  8761): OG2D  CG2O  CG31  CG33 is replaced
 PARRDR> Error: Repeated DIHE parameter (  8762): OG2D  CG2O  CG31  CG33 is replaced
 PARRDR> Error: Repeated DIHE parameter (  8763): OG2D  CG2O  CG31  CG33 is replaced
 PARRDR> Error: Repeated DIHE parameter (  8764): OG2D  CG2O  CG31  CG33 is replaced
 PARRDR> Error: Repeated DIHE parameter (  8761): OG2D  CG2O  CG31  CG33 is replaced
 PARRDR> Error: Repeated DIHE parameter (  8762): OG2D  CG2O  CG31  CG33 is replaced
 PARRDR> Error: Repeated DIHE parameter (  8763): OG2D  CG2O  CG31  CG33 is replaced
 PARRDR> Error: Repeated DIHE parameter (  8764): OG2D  CG2O  CG31  CG33 is replaced
 PARRDR> Error: Repeated DIHE parameter ( 22455): CG2O  CG32  CG32  NG31 is replaced
 PARRDR> Error: Repeated DIHE parameter ( 22456): CG2O  CG32  CG32  NG31 is replaced
 PARRDR> Error: Repeated DIHE parameter ( 22457): CG2O  CG32  CG32  NG31 is replaced
 PARRDR> Error: Repeated DIHE parameter ( 22458): CG2O  CG32  CG32  NG31 is replaced
 PARRDR> Error: Repeated DIHE parameter ( 18470): NG31  CG30  CG32  CG30 is replaced
 PARRDR> Error: Repeated DIHE parameter ( 18471): NG31  CG30  CG32  CG30 is replaced
 PARRDR> Error: Repeated DIHE parameter ( 24147): CG2O  CG32  NG31  CG32 is replaced
 PARRDR> Error: Repeated DIHE parameter ( 24148): CG2O  CG32  NG31  CG32 is replaced
 PARRDR> Error: Repeated DIHE parameter ( 24149): CG2O  CG32  NG31  CG32 is replaced
 PARRDR> Error: Repeated DIHE parameter ( 24147): CG2O  CG32  NG31  CG32 is replaced
 PARRDR> Error: Repeated DIHE parameter ( 24148): CG2O  CG32  NG31  CG32 is replaced
 PARRDR> Error: Repeated DIHE parameter ( 24149): CG2O  CG32  NG31  CG32 is replaced
 PARRDR> Error: Repeated DIHE parameter ( 24147): CG2O  CG32  NG31  CG32 is replaced
 PARRDR> Error: Repeated DIHE parameter ( 24148): CG2O  CG32  NG31  CG32 is replaced
 PARRDR> Error: Repeated DIHE parameter ( 24149): CG2O  CG32  NG31  CG32 is replaced
 PARRDR> Error: Repeated DIHE parameter ( 22547): CG2R  CG32  CG32  CG31 is replaced
 PARRDR> Error: Repeated DIHE parameter ( 24429): CG32  CG32  OG30  CG31 is replaced
 PARRDR> Error: Repeated DIHE parameter ( 24430): CG32  CG32  OG30  CG31 is replaced
 PARRDR> Error: Repeated DIHE parameter ( 24431): CG32  CG32  OG30  CG31 is replaced
 PARRDR> Error: Repeated DIHE parameter ( 24429): CG32  CG32  OG30  CG31 is replaced
 PARRDR> Error: Repeated DIHE parameter ( 24430): CG32  CG32  OG30  CG31 is replaced
 PARRDR> Error: Repeated DIHE parameter ( 24431): CG32  CG32  OG30  CG31 is replaced
 PARRDR> Error: Repeated DIHE parameter ( 24429): CG32  CG32  OG30  CG31 is replaced
 PARRDR> Error: Repeated DIHE parameter ( 24430): CG32  CG32  OG30  CG31 is replaced
 PARRDR> Error: Repeated DIHE parameter ( 24431): CG32  CG32  OG30  CG31 is replaced
 PARRDR> Error: Repeated DIHE parameter ( 20221): HGA1  CG31  CG32  OG30 is replaced
 PARRDR> Error: Repeated DIHE parameter ( 22813): OG30  CG32  CG32  OG30 is replaced
 PARRDR> Error: Repeated DIHE parameter ( 22814): OG30  CG32  CG32  OG30 is replaced
 PARRDR> Error: Repeated DIHE parameter ( 22813): OG30  CG32  CG32  OG30 is replaced
 PARRDR> Error: Repeated DIHE parameter ( 22814): OG30  CG32  CG32  OG30 is replaced
 PARRDR> Error: Repeated DIHE parameter ( 21133): CG2R  CG31  NG31  HGPA is replaced
 PARRDR> Error: Repeated DIHE parameter (  8721): CG33  CG2O  CG31  HGA1 is replaced
 PARRDR> Error: Repeated DIHE parameter (  7873): OG2D  CG2O  CG30  CG32 is replaced
 PARRDR> Error: Repeated DIHE parameter ( 24339): HGA2  CG32  NG31  CG31 is replaced
 PARRDR> Error: Repeated DIHE parameter (  7108): OG2D  CG2O  CG32  NG31 is replaced
 PARRDR> Error: Repeated DIHE parameter (  7109): OG2D  CG2O  CG32  NG31 is replaced
 PARRDR> Error: Repeated DIHE parameter ( 18910): CG32  CG30  OG30  CG32 is replaced
 PARRDR> Error: Repeated DIHE parameter ( 18911): CG32  CG30  OG30  CG32 is replaced
 PARRDR> Error: Repeated DIHE parameter ( 18912): CG32  CG30  OG30  CG32 is replaced
 PARRDR> Error: Repeated DIHE parameter ( 18910): CG32  CG30  OG30  CG32 is replaced
 PARRDR> Error: Repeated DIHE parameter ( 18911): CG32  CG30  OG30  CG32 is replaced
 PARRDR> Error: Repeated DIHE parameter ( 18912): CG32  CG30  OG30  CG32 is replaced
 PARRDR> Error: Repeated DIHE parameter ( 18910): CG32  CG30  OG30  CG32 is replaced
 PARRDR> Error: Repeated DIHE parameter ( 18911): CG32  CG30  OG30  CG32 is replaced
 PARRDR> Error: Repeated DIHE parameter ( 18912): CG32  CG30  OG30  CG32 is replaced
 PARRDR> Error: Repeated DIHE parameter (  7698): CG32  CG2O  NG2S  CG30 is replaced
 PARRDR> Error: Repeated DIHE parameter (  7699): CG32  CG2O  NG2S  CG30 is replaced
 PARRDR> Error: Repeated DIHE parameter (  7698): CG32  CG2O  NG2S  CG30 is replaced
 PARRDR> Error: Repeated DIHE parameter (  7699): CG32  CG2O  NG2S  CG30 is replaced
 PARRDR> Error: Repeated DIHE parameter ( 18854): CG32  CG30  NG31  CG32 is replaced
 PARRDR> Error: Repeated DIHE parameter ( 18855): CG32  CG30  NG31  CG32 is replaced
 PARRDR> Error: Repeated DIHE parameter ( 18856): CG32  CG30  NG31  CG32 is replaced
 PARRDR> Error: Repeated DIHE parameter ( 18854): CG32  CG30  NG31  CG32 is replaced
 PARRDR> Error: Repeated DIHE parameter ( 18855): CG32  CG30  NG31  CG32 is replaced
 PARRDR> Error: Repeated DIHE parameter ( 18856): CG32  CG30  NG31  CG32 is replaced
 PARRDR> Error: Repeated DIHE parameter ( 18854): CG32  CG30  NG31  CG32 is replaced
 PARRDR> Error: Repeated DIHE parameter ( 18855): CG32  CG30  NG31  CG32 is replaced
 PARRDR> Error: Repeated DIHE parameter ( 18856): CG32  CG30  NG31  CG32 is replaced
 PARRDR> Error: Repeated DIHE parameter ( 22593): CG31  CG32  CG32  NG31 is replaced
 PARRDR> Error: Repeated DIHE parameter ( 22593): CG31  CG32  CG32  NG31 is replaced
 PARRDR> Error: Repeated DIHE parameter ( 22574): CG30  CG32  CG32  NG31 is replaced
 PARRDR> Error: Repeated DIHE parameter ( 22574): CG30  CG32  CG32  NG31 is replaced
 PARRDR> Error: Repeated DIHE parameter (  3635): CG33  CG2D  CG32  CG30 is replaced
 PARRDR> Error: Repeated DIHE parameter ( 18812): CG32  CG30  NG2S  HGP1 is replaced
 PARRDR> Error: Repeated DIHE parameter ( 18326): CG2O  CG30  CG32  HGA2 is replaced
 PARRDR> Error: Repeated DIHE parameter ( 19875): CG33  CG31  CG32  OG30 is replaced
 PARRDR> Error: Repeated DIHE parameter ( 22793): NG31  CG32  CG32  OG30 is replaced
 PARRDR> Error: Repeated DIHE parameter ( 22793): NG31  CG32  CG32  OG30 is replaced
 PARRDR> Error: Repeated DIHE parameter ( 19648): CG2O  CG31  CG32  CG31 is replaced
 PARRDR> Error: Repeated DIHE parameter ( 18869): CG33  CG30  NG31  HGPA is replaced
 PARRDR> Error: Repeated DIHE parameter ( 18870): CG33  CG30  NG31  HGPA is replaced
 PARRDR> Error: Repeated DIHE parameter ( 22754): NG2R  CG32  CG32  HGA2 is replaced
 PARRDR> Error: Repeated DIHE parameter ( 18636): NG2S  CG30  CG33  HGA3 is replaced
 PARRDR> Error: Repeated DIHE parameter ( 19987): NG31  CG31  CG32  CG30 is replaced
 PARRDR> Error: Repeated DIHE parameter ( 19684): CG2O  CG31  CG32  HGA2 is replaced
 PARRDR> Error: Repeated DIHE parameter ( 18382): CG32  CG30  CG32  CG2D is replaced
 PARRDR> Error: Repeated DIHE parameter ( 18473): NG31  CG30  CG32  CG32 is replaced
 PARRDR> Error: Repeated DIHE parameter ( 19929): NG2R  CG31  CG32  CG31 is replaced
 PARRDR> Error: Repeated DIHE parameter ( 19955): NG2S  CG31  CG32  CG30 is replaced
 PARRDR> Error: Repeated DIHE parameter ( 21265): HGA1  CG31  NG31  CG32 is replaced
 PARRDR> Error: Repeated DIHE parameter ( 22367): CG2D  CG32  CG32  CG30 is replaced
 PARRDR> Error: Repeated DIHE parameter ( 22368): CG2D  CG32  CG32  CG30 is replaced
 PARRDR> Error: Repeated DIHE parameter ( 22369): CG2D  CG32  CG32  CG30 is replaced
 PARRDR> Error: Repeated DIHE parameter ( 22367): CG2D  CG32  CG32  CG30 is replaced
 PARRDR> Error: Repeated DIHE parameter ( 22368): CG2D  CG32  CG32  CG30 is replaced
 PARRDR> Error: Repeated DIHE parameter ( 22369): CG2D  CG32  CG32  CG30 is replaced
 PARRDR> Error: Repeated DIHE parameter ( 22367): CG2D  CG32  CG32  CG30 is replaced
 PARRDR> Error: Repeated DIHE parameter ( 22368): CG2D  CG32  CG32  CG30 is replaced
 PARRDR> Error: Repeated DIHE parameter ( 22369): CG2D  CG32  CG32  CG30 is replaced
 PARRDR> Error: Repeated DIHE parameter (  6892): NG2S  CG2O  CG31  NG31 is replaced
 PARRDR> Error: Repeated DIHE parameter (  6893): NG2S  CG2O  CG31  NG31 is replaced
 PARRDR> Error: Repeated DIHE parameter ( 18324): CG2O  CG30  CG32  CG32 is replaced
 PARRDR> Error: Repeated DIHE parameter (  8752): OG2D  CG2O  CG31  CG32 is replaced
 PARRDR> Error: Repeated DIHE parameter (  8753): OG2D  CG2O  CG31  CG32 is replaced
 PARRDR> Error: Repeated DIHE parameter (  8754): OG2D  CG2O  CG31  CG32 is replaced
 PARRDR> Error: Repeated DIHE parameter (  8755): OG2D  CG2O  CG31  CG32 is replaced
 PARRDR> Error: Repeated DIHE parameter (  8752): OG2D  CG2O  CG31  CG32 is replaced
 PARRDR> Error: Repeated DIHE parameter (  8753): OG2D  CG2O  CG31  CG32 is replaced
 PARRDR> Error: Repeated DIHE parameter (  8754): OG2D  CG2O  CG31  CG32 is replaced
 PARRDR> Error: Repeated DIHE parameter (  8755): OG2D  CG2O  CG31  CG32 is replaced
 PARRDR> Error: Repeated DIHE parameter (  8752): OG2D  CG2O  CG31  CG32 is replaced
 PARRDR> Error: Repeated DIHE parameter (  8753): OG2D  CG2O  CG31  CG32 is replaced
 PARRDR> Error: Repeated DIHE parameter (  8754): OG2D  CG2O  CG31  CG32 is replaced
 PARRDR> Error: Repeated DIHE parameter (  8755): OG2D  CG2O  CG31  CG32 is replaced
 PARRDR> Error: Repeated DIHE parameter (  8752): OG2D  CG2O  CG31  CG32 is replaced
 PARRDR> Error: Repeated DIHE parameter (  8753): OG2D  CG2O  CG31  CG32 is replaced
 PARRDR> Error: Repeated DIHE parameter (  8754): OG2D  CG2O  CG31  CG32 is replaced
 PARRDR> Error: Repeated DIHE parameter (  8755): OG2D  CG2O  CG31  CG32 is replaced
 PARRDR> Error: Repeated DIHE parameter ( 18323): CG2O  CG30  CG32  CG30 is replaced
 PARRDR> Error: Repeated DIHE parameter ( 24235): CG32  CG32  NG31  CG31 is replaced
 PARRDR> Error: Repeated DIHE parameter ( 24236): CG32  CG32  NG31  CG31 is replaced
 PARRDR> Error: Repeated DIHE parameter ( 24237): CG32  CG32  NG31  CG31 is replaced
 PARRDR> Error: Repeated DIHE parameter ( 24235): CG32  CG32  NG31  CG31 is replaced
 PARRDR> Error: Repeated DIHE parameter ( 24236): CG32  CG32  NG31  CG31 is replaced
 PARRDR> Error: Repeated DIHE parameter ( 24237): CG32  CG32  NG31  CG31 is replaced
 PARRDR> Error: Repeated DIHE parameter ( 24235): CG32  CG32  NG31  CG31 is replaced
 PARRDR> Error: Repeated DIHE parameter ( 24236): CG32  CG32  NG31  CG31 is replaced
 PARRDR> Error: Repeated DIHE parameter ( 24237): CG32  CG32  NG31  CG31 is replaced
 PARRDR> Error: Repeated DIHE parameter ( 22590): CG31  CG32  CG32  NG2S is replaced
 PARRDR> Error: Repeated DIHE parameter ( 21463): NG31  CG31  OG31  HGP1 is replaced
 PARRDR> Error: Repeated DIHE parameter ( 21464): NG31  CG31  OG31  HGP1 is replaced
 PARRDR> Error: Repeated DIHE parameter ( 21465): NG31  CG31  OG31  HGP1 is replaced
 PARRDR> Error: Repeated DIHE parameter ( 21466): NG31  CG31  OG31  HGP1 is replaced
 PARRDR> Error: Repeated DIHE parameter ( 21463): NG31  CG31  OG31  HGP1 is replaced
 PARRDR> Error: Repeated DIHE parameter ( 21464): NG31  CG31  OG31  HGP1 is replaced
 PARRDR> Error: Repeated DIHE parameter ( 21465): NG31  CG31  OG31  HGP1 is replaced
 PARRDR> Error: Repeated DIHE parameter ( 21466): NG31  CG31  OG31  HGP1 is replaced
 PARRDR> Error: Repeated DIHE parameter ( 19671): CG2O  CG31  CG32  CG30 is replaced
 PARRDR> Error: Repeated DIHE parameter ( 24150): CG2O  CG32  NG31  HGPA is replaced
 PARRDR> Error: Repeated DIHE parameter ( 24151): CG2O  CG32  NG31  HGPA is replaced
 PARRDR> Error: Repeated DIHE parameter ( 24152): CG2O  CG32  NG31  HGPA is replaced
 PARRDR> Error: Repeated DIHE parameter ( 18466): NG2S  CG30  CG32  CG32 is replaced
 PARRDR> Error: Repeated DIHE parameter ( 19673): CG2O  CG31  CG32  CG32 is replaced
 PARRDR> Error: Repeated DIHE parameter ( 19669): CG2O  CG31  CG32  CG2D is replaced
 PARRDR> Error: Repeated DIHE parameter (  7110): OG2D  CG2O  CG32  OG30 is replaced
 PARRDR> Error: Repeated DIHE parameter ( 19993): NG31  CG31  CG32  OG31 is replaced
 PARRDR> Error: Repeated DIHE parameter ( 19994): NG31  CG31  CG32  OG31 is replaced
 PARRDR> Error: Repeated DIHE parameter ( 19988): NG31  CG31  CG32  CG32 is replaced
 PARRDR> Error: Repeated DIHE parameter (  6949): OG2D  CG2O  CG31  NG31 is replaced
 PARRDR> Error: Repeated DIHE parameter (  6950): OG2D  CG2O  CG31  NG31 is replaced
 PARRDR> Error: Repeated DIHE parameter ( 19711): CG2R  CG31  CG32  CG32 is replaced
 PARRDR> Error: Repeated DIHE parameter ( 21359): CG33  CG31  OG30  CG32 is replaced
 PARRDR> Error: Repeated DIHE parameter ( 21360): CG33  CG31  OG30  CG32 is replaced
 PARRDR> Error: Repeated DIHE parameter ( 21359): CG33  CG31  OG30  CG32 is replaced
 PARRDR> Error: Repeated DIHE parameter ( 21360): CG33  CG31  OG30  CG32 is replaced
 PARRDR> Error: Repeated DIHE parameter ( 21189): CG32  CG31  NG31  HGPA is replaced
 PARRDR> Error: Repeated DIHE parameter ( 21215): CG33  CG31  NG31  HGPA is replaced
 PARRDR> Error: Repeated DIHE parameter ( 29520): HGA2  CG3C  NG2R  CG31 is replaced
 PARRDR> Error: Repeated DIHE parameter (  7816): OG2D  CG2O  CG2R  CG2R is replaced
 PARRDR> Error: Repeated DIHE parameter ( 21122): CG2O  CG31  NG31  HGPA is replaced
 PARRDR> Error: Repeated DIHE parameter ( 21123): CG2O  CG31  NG31  HGPA is replaced
 PARRDR> Error: Repeated DIHE parameter ( 21124): CG2O  CG31  NG31  HGPA is replaced
 PARRDR> Error: Repeated DIHE parameter (  3661): HGA4  CG2D  CG32  CG30 is replaced
 PARRDR> Error: Repeated DIHE parameter ( 18638): NG31  CG30  CG33  HGA3 is replaced
 PARRDR> Error: Repeated DIHE parameter ( 20746): HGA1  CG31  NG2R  CG3C is replaced
 PARRDR> Error: Repeated DIHE parameter (  8111): CG2R  CG2O  OG31  HGP1 is replaced
 PARRDR> Error: Repeated DIHE parameter (  8112): CG2R  CG2O  OG31  HGP1 is replaced
 PARRDR> Error: Repeated DIHE parameter (  8113): CG2R  CG2O  OG31  HGP1 is replaced
 PARRDR> Error: Repeated DIHE parameter (  8114): CG2R  CG2O  OG31  HGP1 is replaced
 PARRDR> Error: Repeated DIHE parameter (  8111): CG2R  CG2O  OG31  HGP1 is replaced
 PARRDR> Error: Repeated DIHE parameter (  8112): CG2R  CG2O  OG31  HGP1 is replaced
 PARRDR> Error: Repeated DIHE parameter (  8113): CG2R  CG2O  OG31  HGP1 is replaced
 PARRDR> Error: Repeated DIHE parameter (  8114): CG2R  CG2O  OG31  HGP1 is replaced
 PARRDR> Error: Repeated DIHE parameter (  8111): CG2R  CG2O  OG31  HGP1 is replaced
 PARRDR> Error: Repeated DIHE parameter (  8112): CG2R  CG2O  OG31  HGP1 is replaced
 PARRDR> Error: Repeated DIHE parameter (  8113): CG2R  CG2O  OG31  HGP1 is replaced
 PARRDR> Error: Repeated DIHE parameter (  8114): CG2R  CG2O  OG31  HGP1 is replaced
 PARRDR> Error: Repeated DIHE parameter (  8111): CG2R  CG2O  OG31  HGP1 is replaced
 PARRDR> Error: Repeated DIHE parameter (  8112): CG2R  CG2O  OG31  HGP1 is replaced
 PARRDR> Error: Repeated DIHE parameter (  8113): CG2R  CG2O  OG31  HGP1 is replaced
 PARRDR> Error: Repeated DIHE parameter (  8114): CG2R  CG2O  OG31  HGP1 is replaced
 PARRDR> Error: Repeated DIHE parameter ( 20374): NG31  CG31  CG33  HGA3 is replaced
 PARRDR> Error: Repeated DIHE parameter (  3636): CG33  CG2D  CG32  CG31 is replaced
 PARRDR> Error: Repeated DIHE parameter ( 23626): CG32  CG32  NG2R  CG2R is replaced
 PARRDR> Error: Repeated DIHE parameter ( 18813): CG33  CG30  NG2S  CG2O is replaced
 PARRDR> Error: Repeated DIHE parameter ( 14405): CG2R  CG2R  CG31  NG31 is replaced
 PARRDR> Error: Repeated DIHE parameter (  7055): NG2S  CG2O  CG32  OG30 is replaced
 PARRDR> Error: Repeated DIHE parameter (  7056): NG2S  CG2O  CG32  OG30 is replaced
 PARRDR> Error: Repeated DIHE parameter (  7057): NG2S  CG2O  CG32  OG30 is replaced
 PARRDR> Error: Repeated DIHE parameter ( 24487): HGA2  CG32  OG30  CG31 is replaced
 PARRDR> Error: Repeated DIHE parameter (  7874): OG2D  CG2O  CG30  CG33 is replaced
 PARRDR> Error: Repeated DIHE parameter ( 20351): CG2O  CG31  CG33  HGA3 is replaced
 PARRDR> Error: Repeated DIHE parameter ( 18406): CG33  CG30  CG32  CG2D is replaced
 PARRDR> Error: Repeated DIHE parameter ( 22365): CG2D  CG32  CG32  CG2O is replaced
 PARRDR> Error: Repeated DIHE parameter ( 18610): CG2O  CG30  CG33  HGA3 is replaced
 PARRDR> Error: Repeated DIHE parameter ( 22767): NG2S  CG32  CG32  OG30 is replaced
 PARRDR> Error: Repeated DIHE parameter ( 20742): CG32  CG31  NG2R  CG3C is replaced
 PARRDR> Error: Repeated DIHE parameter ( 20743): CG32  CG31  NG2R  CG3C is replaced
 PARRDR> Error: Repeated DIHE parameter ( 20744): CG32  CG31  NG2R  CG3C is replaced
 PARRDR> Error: Repeated DIHE parameter ( 19710): CG2R  CG31  CG32  CG30 is replaced
 PARRDR> Error: Repeated DIHE parameter ( 29493): CG3C  CG3C  NG2R  CG31 is replaced
 PARRDR> Error: Repeated DIHE parameter ( 29494): CG3C  CG3C  NG2R  CG31 is replaced
 PARRDR> Error: Repeated DIHE parameter ( 24494): CG2D  CG32  OG30  CG2O is replaced
 PARRDR> Error: Repeated DIHE parameter ( 24495): CG2D  CG32  OG30  CG2O is replaced
 PARRDR> Error: Repeated DIHE parameter (  9557): CG2O  CG2R  CG2R  CG2R is replaced
 PARRDR> Error: Repeated DIHE parameter (  7818): OG31  CG2O  CG2R  CG2R is replaced
 PARRDR> Error: Repeated DIHE parameter ( 18415): CG33  CG30  CG32  CG31 is replaced
 PARRDR> Error: Repeated DIHE parameter ( 18469): NG2S  CG30  CG32  HGA2 is replaced
 PARRDR> Error: Repeated DIHE parameter ( 19672): CG2O  CG31  CG32  CG31 is replaced
 PARRDR> Error: Repeated DIHE parameter (  6913): NG2S  CG2O  CG31  NG31 is replaced
 PARRDR> Error: Repeated DIHE parameter (  6914): NG2S  CG2O  CG31  NG31 is replaced
 PARRDR> Error: Repeated DIHE parameter ( 18810): CG32  CG30  NG2S  CG2O is replaced
 PARRDR> Error: Repeated DIHE parameter ( 20031): OG30  CG31  CG32  CG31 is replaced
 PARRDR> Error: Repeated DIHE parameter ( 20032): OG30  CG31  CG32  CG31 is replaced
 PARRDR> Error: Repeated DIHE parameter (  8689): CG32  CG2O  CG31  CG33 is replaced
 PARRDR> Error: Repeated DIHE parameter (  8690): CG32  CG2O  CG31  CG33 is replaced
 PARRDR> Error: Repeated DIHE parameter (  8691): CG32  CG2O  CG31  CG33 is replaced
 PARRDR> Error: Repeated DIHE parameter (  8692): CG32  CG2O  CG31  CG33 is replaced
 PARRDR> Error: Repeated DIHE parameter (  8689): CG32  CG2O  CG31  CG33 is replaced
 PARRDR> Error: Repeated DIHE parameter (  8690): CG32  CG2O  CG31  CG33 is replaced
 PARRDR> Error: Repeated DIHE parameter (  8691): CG32  CG2O  CG31  CG33 is replaced
 PARRDR> Error: Repeated DIHE parameter (  8692): CG32  CG2O  CG31  CG33 is replaced
 PARRDR> Error: Repeated DIHE parameter (  8689): CG32  CG2O  CG31  CG33 is replaced
 PARRDR> Error: Repeated DIHE parameter (  8690): CG32  CG2O  CG31  CG33 is replaced
 PARRDR> Error: Repeated DIHE parameter (  8691): CG32  CG2O  CG31  CG33 is replaced
 PARRDR> Error: Repeated DIHE parameter (  8692): CG32  CG2O  CG31  CG33 is replaced
 PARRDR> Error: Repeated DIHE parameter (  8689): CG32  CG2O  CG31  CG33 is replaced
 PARRDR> Error: Repeated DIHE parameter (  8690): CG32  CG2O  CG31  CG33 is replaced
 PARRDR> Error: Repeated DIHE parameter (  8691): CG32  CG2O  CG31  CG33 is replaced
 PARRDR> Error: Repeated DIHE parameter (  8692): CG32  CG2O  CG31  CG33 is replaced
 PARRDR> Error: Repeated DIHE parameter (  8918): CG31  CG2O  CG32  HGA2 is replaced
 PARRDR> Error: Repeated DIHE parameter (  8712): CG32  CG2O  CG31  HGA1 is replaced
 PARRDR> Error: Repeated DIHE parameter (  3545): CG2D  CG2D  CG32  CG2O is replaced
 PARRDR> Error: Repeated DIHE parameter (  3546): CG2D  CG2D  CG32  CG2O is replaced
 PARRDR> Error: Repeated DIHE parameter (  3547): CG2D  CG2D  CG32  CG2O is replaced
 PARRDR> Error: Repeated DIHE parameter (  3548): CG2D  CG2D  CG32  CG2O is replaced
 PARRDR> Error: Repeated DIHE parameter (  3549): CG2D  CG2D  CG32  CG2O is replaced
 PARRDR> Error: Repeated DIHE parameter (  3545): CG2D  CG2D  CG32  CG2O is replaced
 PARRDR> Error: Repeated DIHE parameter (  3546): CG2D  CG2D  CG32  CG2O is replaced
 PARRDR> Error: Repeated DIHE parameter (  3547): CG2D  CG2D  CG32  CG2O is replaced
 PARRDR> Error: Repeated DIHE parameter (  3548): CG2D  CG2D  CG32  CG2O is replaced
 PARRDR> Error: Repeated DIHE parameter (  3549): CG2D  CG2D  CG32  CG2O is replaced
 PARRDR> Error: Repeated DIHE parameter (  3545): CG2D  CG2D  CG32  CG2O is replaced
 PARRDR> Error: Repeated DIHE parameter (  3546): CG2D  CG2D  CG32  CG2O is replaced
 PARRDR> Error: Repeated DIHE parameter (  3547): CG2D  CG2D  CG32  CG2O is replaced
 PARRDR> Error: Repeated DIHE parameter (  3548): CG2D  CG2D  CG32  CG2O is replaced
 PARRDR> Error: Repeated DIHE parameter (  3549): CG2D  CG2D  CG32  CG2O is replaced
 PARRDR> Error: Repeated DIHE parameter (  3545): CG2D  CG2D  CG32  CG2O is replaced
 PARRDR> Error: Repeated DIHE parameter (  3546): CG2D  CG2D  CG32  CG2O is replaced
 PARRDR> Error: Repeated DIHE parameter (  3547): CG2D  CG2D  CG32  CG2O is replaced
 PARRDR> Error: Repeated DIHE parameter (  3548): CG2D  CG2D  CG32  CG2O is replaced
 PARRDR> Error: Repeated DIHE parameter (  3549): CG2D  CG2D  CG32  CG2O is replaced
 PARRDR> Error: Repeated DIHE parameter (  9003): OG2D  CG2O  CG32  CG2D is replaced
 PARRDR> Error: Repeated DIHE parameter (  9004): OG2D  CG2O  CG32  CG2D is replaced
 PARRDR> Error: Repeated DIHE parameter (  7767): OG2D  CG2O  NG2S  CG2O is replaced
 PARRDR> Error: Repeated DIHE parameter (  7688): CG32  CG2O  NG2S  CG2O is replaced
 PARRDR> Error: Repeated DIHE parameter (  7688): CG32  CG2O  NG2S  CG2O is replaced
 PARRDR> Error: Repeated DIHE parameter (  8930): CG32  CG2O  CG32  CG2O is replaced
 PARRDR> Error: Repeated DIHE parameter (  8931): CG32  CG2O  CG32  CG2O is replaced
 PARRDR> Error: Repeated DIHE parameter (  8932): CG32  CG2O  CG32  CG2O is replaced
 PARRDR> Error: Repeated DIHE parameter (  8933): CG32  CG2O  CG32  CG2O is replaced
 PARRDR> Error: Repeated DIHE parameter (  8934): CG32  CG2O  CG32  CG2O is replaced
 PARRDR> Error: Repeated DIHE parameter (  8930): CG32  CG2O  CG32  CG2O is replaced
 PARRDR> Error: Repeated DIHE parameter (  8931): CG32  CG2O  CG32  CG2O is replaced
 PARRDR> Error: Repeated DIHE parameter (  8932): CG32  CG2O  CG32  CG2O is replaced
 PARRDR> Error: Repeated DIHE parameter (  8933): CG32  CG2O  CG32  CG2O is replaced
 PARRDR> Error: Repeated DIHE parameter (  8934): CG32  CG2O  CG32  CG2O is replaced
 PARRDR> Error: Repeated DIHE parameter (  8930): CG32  CG2O  CG32  CG2O is replaced
 PARRDR> Error: Repeated DIHE parameter (  8931): CG32  CG2O  CG32  CG2O is replaced
 PARRDR> Error: Repeated DIHE parameter (  8932): CG32  CG2O  CG32  CG2O is replaced
 PARRDR> Error: Repeated DIHE parameter (  8933): CG32  CG2O  CG32  CG2O is replaced
 PARRDR> Error: Repeated DIHE parameter (  8934): CG32  CG2O  CG32  CG2O is replaced
 PARRDR> Error: Repeated DIHE parameter (  8930): CG32  CG2O  CG32  CG2O is replaced
 PARRDR> Error: Repeated DIHE parameter (  8931): CG32  CG2O  CG32  CG2O is replaced
 PARRDR> Error: Repeated DIHE parameter (  8932): CG32  CG2O  CG32  CG2O is replaced
 PARRDR> Error: Repeated DIHE parameter (  8933): CG32  CG2O  CG32  CG2O is replaced
 PARRDR> Error: Repeated DIHE parameter (  8934): CG32  CG2O  CG32  CG2O is replaced
 PARRDR> Error: Repeated DIHE parameter (  7089): OG2D  CG2O  CG32  CG2O is replaced
 PARRDR> Error: Repeated DIHE parameter (  7090): OG2D  CG2O  CG32  CG2O is replaced
 PARRDR> Error: Repeated DIHE parameter (  9005): OG2D  CG2O  CG32  CG2O is replaced
 PARRDR> Error: Repeated DIHE parameter (  9006): OG2D  CG2O  CG32  CG2O is replaced
 PARRDR> Error: Repeated DIHE parameter (  9007): OG2D  CG2O  CG32  CG2O is replaced
 PARRDR> Error: Repeated DIHE parameter (  8659): CG32  CG2O  CG31  CG2O is replaced
 PARRDR> Error: Repeated DIHE parameter (  8660): CG32  CG2O  CG31  CG2O is replaced
 PARRDR> Error: Repeated DIHE parameter (  8661): CG32  CG2O  CG31  CG2O is replaced
 PARRDR> Error: Repeated DIHE parameter (  8659): CG32  CG2O  CG31  CG2O is replaced
 PARRDR> Error: Repeated DIHE parameter (  8660): CG32  CG2O  CG31  CG2O is replaced
 PARRDR> Error: Repeated DIHE parameter (  8661): CG32  CG2O  CG31  CG2O is replaced
 PARRDR> Error: Repeated DIHE parameter (  8659): CG32  CG2O  CG31  CG2O is replaced
 PARRDR> Error: Repeated DIHE parameter (  8660): CG32  CG2O  CG31  CG2O is replaced
 PARRDR> Error: Repeated DIHE parameter (  8661): CG32  CG2O  CG31  CG2O is replaced
 PARRDR> Error: Repeated DIHE parameter (  8659): CG32  CG2O  CG31  CG2O is replaced
 PARRDR> Error: Repeated DIHE parameter (  8660): CG32  CG2O  CG31  CG2O is replaced
 PARRDR> Error: Repeated DIHE parameter (  8661): CG32  CG2O  CG31  CG2O is replaced
 PARRDR> Error: Repeated DIHE parameter (  8662): CG32  CG2O  CG31  CG2O is replaced
 PARRDR> Error: Repeated DIHE parameter (  8663): CG32  CG2O  CG31  CG2O is replaced
 PARRDR> Error: Repeated DIHE parameter (  8664): CG32  CG2O  CG31  CG2O is replaced
 PARRDR> Error: Repeated DIHE parameter (  8662): CG32  CG2O  CG31  CG2O is replaced
 PARRDR> Error: Repeated DIHE parameter (  8663): CG32  CG2O  CG31  CG2O is replaced
 PARRDR> Error: Repeated DIHE parameter (  8664): CG32  CG2O  CG31  CG2O is replaced
 PARRDR> Error: Repeated DIHE parameter (  8662): CG32  CG2O  CG31  CG2O is replaced
 PARRDR> Error: Repeated DIHE parameter (  8663): CG32  CG2O  CG31  CG2O is replaced
 PARRDR> Error: Repeated DIHE parameter (  8664): CG32  CG2O  CG31  CG2O is replaced
 PARRDR> Error: Repeated DIHE parameter (  8662): CG32  CG2O  CG31  CG2O is replaced
 PARRDR> Error: Repeated DIHE parameter (  8663): CG32  CG2O  CG31  CG2O is replaced
 PARRDR> Error: Repeated DIHE parameter (  8664): CG32  CG2O  CG31  CG2O is replaced
 PARRDR> Error: Repeated DIHE parameter (  8556): CG32  CG2O  CG30  CG32 is replaced
 PARRDR> Error: Repeated DIHE parameter (  8557): CG32  CG2O  CG30  CG32 is replaced
 PARRDR> Error: Repeated DIHE parameter (  8558): CG32  CG2O  CG30  CG32 is replaced
 PARRDR> Error: Repeated DIHE parameter (  8559): CG32  CG2O  CG30  CG32 is replaced
 PARRDR> Error: Repeated DIHE parameter (  8556): CG32  CG2O  CG30  CG32 is replaced
 PARRDR> Error: Repeated DIHE parameter (  8557): CG32  CG2O  CG30  CG32 is replaced
 PARRDR> Error: Repeated DIHE parameter (  8558): CG32  CG2O  CG30  CG32 is replaced
 PARRDR> Error: Repeated DIHE parameter (  8559): CG32  CG2O  CG30  CG32 is replaced
 PARRDR> Error: Repeated DIHE parameter (  8556): CG32  CG2O  CG30  CG32 is replaced
 PARRDR> Error: Repeated DIHE parameter (  8557): CG32  CG2O  CG30  CG32 is replaced
 PARRDR> Error: Repeated DIHE parameter (  8558): CG32  CG2O  CG30  CG32 is replaced
 PARRDR> Error: Repeated DIHE parameter (  8559): CG32  CG2O  CG30  CG32 is replaced
 PARRDR> Error: Repeated DIHE parameter (  8556): CG32  CG2O  CG30  CG32 is replaced
 PARRDR> Error: Repeated DIHE parameter (  8557): CG32  CG2O  CG30  CG32 is replaced
 PARRDR> Error: Repeated DIHE parameter (  8558): CG32  CG2O  CG30  CG32 is replaced
 PARRDR> Error: Repeated DIHE parameter (  8559): CG32  CG2O  CG30  CG32 is replaced
 PARRDR> Error: Repeated DIHE parameter ( 19802): CG32  CG31  CG32  CG2O is replaced
 PARRDR> Error: Repeated DIHE parameter ( 19802): CG32  CG31  CG32  CG2O is replaced
 PARRDR> Error: Repeated DIHE parameter ( 19802): CG32  CG31  CG32  CG2O is replaced
 PARRDR> Error: Repeated DIHE parameter ( 19802): CG32  CG31  CG32  CG2O is replaced
 PARRDR> Error: Repeated DIHE parameter ( 19802): CG32  CG31  CG32  CG2O is replaced
 PARRDR> Error: Repeated DIHE parameter ( 19676): CG2O  CG31  CG32  NG2S is replaced
 PARRDR> Error: Repeated DIHE parameter (  8560): CG32  CG2O  CG30  CG33 is replaced
 PARRDR> Error: Repeated DIHE parameter (  8561): CG32  CG2O  CG30  CG33 is replaced
 PARRDR> Error: Repeated DIHE parameter (  8562): CG32  CG2O  CG30  CG33 is replaced
 PARRDR> Error: Repeated DIHE parameter (  8563): CG32  CG2O  CG30  CG33 is replaced
 PARRDR> Error: Repeated DIHE parameter (  8564): CG32  CG2O  CG30  CG33 is replaced
 PARRDR> Error: Repeated DIHE parameter (  8560): CG32  CG2O  CG30  CG33 is replaced
 PARRDR> Error: Repeated DIHE parameter (  8561): CG32  CG2O  CG30  CG33 is replaced
 PARRDR> Error: Repeated DIHE parameter (  8562): CG32  CG2O  CG30  CG33 is replaced
 PARRDR> Error: Repeated DIHE parameter (  8563): CG32  CG2O  CG30  CG33 is replaced
 PARRDR> Error: Repeated DIHE parameter (  8564): CG32  CG2O  CG30  CG33 is replaced
 PARRDR> Error: Repeated DIHE parameter (  8560): CG32  CG2O  CG30  CG33 is replaced
 PARRDR> Error: Repeated DIHE parameter (  8561): CG32  CG2O  CG30  CG33 is replaced
 PARRDR> Error: Repeated DIHE parameter (  8562): CG32  CG2O  CG30  CG33 is replaced
 PARRDR> Error: Repeated DIHE parameter (  8563): CG32  CG2O  CG30  CG33 is replaced
 PARRDR> Error: Repeated DIHE parameter (  8564): CG32  CG2O  CG30  CG33 is replaced
 PARRDR> Error: Repeated DIHE parameter (  8560): CG32  CG2O  CG30  CG33 is replaced
 PARRDR> Error: Repeated DIHE parameter (  8561): CG32  CG2O  CG30  CG33 is replaced
 PARRDR> Error: Repeated DIHE parameter (  8562): CG32  CG2O  CG30  CG33 is replaced
 PARRDR> Error: Repeated DIHE parameter (  8563): CG32  CG2O  CG30  CG33 is replaced
 PARRDR> Error: Repeated DIHE parameter (  8564): CG32  CG2O  CG30  CG33 is replaced
 PARRDR> Error: Repeated DIHE parameter ( 19860): CG33  CG31  CG32  CG2O is replaced
 PARRDR> Error: Repeated DIHE parameter ( 19860): CG33  CG31  CG32  CG2O is replaced
 PARRDR> Error: Repeated DIHE parameter ( 19860): CG33  CG31  CG32  CG2O is replaced
 PARRDR> Error: Repeated DIHE parameter ( 19860): CG33  CG31  CG32  CG2O is replaced
 PARRDR> Error: Repeated DIHE parameter ( 19860): CG33  CG31  CG32  CG2O is replaced
 PARRDR> Error: Repeated DIHE parameter ( 18337): CG2O  CG30  CG32  CG32 is replaced
 PARRDR> Error: Repeated DIHE parameter ( 18338): CG2O  CG30  CG32  CG32 is replaced
 PARRDR> Error: Repeated DIHE parameter (  8947): CG32  CG2O  CG32  CG31 is replaced
 PARRDR> Error: Repeated DIHE parameter (  8948): CG32  CG2O  CG32  CG31 is replaced
 PARRDR> Error: Repeated DIHE parameter (  8949): CG32  CG2O  CG32  CG31 is replaced
 PARRDR> Error: Repeated DIHE parameter (  8950): CG32  CG2O  CG32  CG31 is replaced
 PARRDR> Error: Repeated DIHE parameter (  8947): CG32  CG2O  CG32  CG31 is replaced
 PARRDR> Error: Repeated DIHE parameter (  8948): CG32  CG2O  CG32  CG31 is replaced
 PARRDR> Error: Repeated DIHE parameter (  8949): CG32  CG2O  CG32  CG31 is replaced
 PARRDR> Error: Repeated DIHE parameter (  8950): CG32  CG2O  CG32  CG31 is replaced
 PARRDR> Error: Repeated DIHE parameter (  8947): CG32  CG2O  CG32  CG31 is replaced
 PARRDR> Error: Repeated DIHE parameter (  8948): CG32  CG2O  CG32  CG31 is replaced
 PARRDR> Error: Repeated DIHE parameter (  8949): CG32  CG2O  CG32  CG31 is replaced
 PARRDR> Error: Repeated DIHE parameter (  8950): CG32  CG2O  CG32  CG31 is replaced
 PARRDR> Error: Repeated DIHE parameter (  8947): CG32  CG2O  CG32  CG31 is replaced
 PARRDR> Error: Repeated DIHE parameter (  8948): CG32  CG2O  CG32  CG31 is replaced
 PARRDR> Error: Repeated DIHE parameter (  8949): CG32  CG2O  CG32  CG31 is replaced
 PARRDR> Error: Repeated DIHE parameter (  8950): CG32  CG2O  CG32  CG31 is replaced
 PARRDR> Error: Repeated DIHE parameter ( 19705): CG2R  CG31  CG32  CG2O is replaced
 PARRDR> Error: Repeated DIHE parameter (  8590): OG2D  CG2O  CG30  CG33 is replaced
 PARRDR> Error: Repeated DIHE parameter (  8591): OG2D  CG2O  CG30  CG33 is replaced
 PARRDR> Error: Repeated DIHE parameter (  8592): OG2D  CG2O  CG30  CG33 is replaced
 PARRDR> Error: Repeated DIHE parameter (  8593): OG2D  CG2O  CG30  CG33 is replaced
 PARRDR> Error: Repeated DIHE parameter (  8594): OG2D  CG2O  CG30  CG33 is replaced
 PARRDR> Error: Repeated DIHE parameter (  8590): OG2D  CG2O  CG30  CG33 is replaced
 PARRDR> Error: Repeated DIHE parameter (  8591): OG2D  CG2O  CG30  CG33 is replaced
 PARRDR> Error: Repeated DIHE parameter (  8592): OG2D  CG2O  CG30  CG33 is replaced
 PARRDR> Error: Repeated DIHE parameter (  8593): OG2D  CG2O  CG30  CG33 is replaced
 PARRDR> Error: Repeated DIHE parameter (  8594): OG2D  CG2O  CG30  CG33 is replaced
 PARRDR> Error: Repeated DIHE parameter (  8590): OG2D  CG2O  CG30  CG33 is replaced
 PARRDR> Error: Repeated DIHE parameter (  8591): OG2D  CG2O  CG30  CG33 is replaced
 PARRDR> Error: Repeated DIHE parameter (  8592): OG2D  CG2O  CG30  CG33 is replaced
 PARRDR> Error: Repeated DIHE parameter (  8593): OG2D  CG2O  CG30  CG33 is replaced
 PARRDR> Error: Repeated DIHE parameter (  8594): OG2D  CG2O  CG30  CG33 is replaced
 PARRDR> Error: Repeated DIHE parameter (  8590): OG2D  CG2O  CG30  CG33 is replaced
 PARRDR> Error: Repeated DIHE parameter (  8591): OG2D  CG2O  CG30  CG33 is replaced
 PARRDR> Error: Repeated DIHE parameter (  8592): OG2D  CG2O  CG30  CG33 is replaced
 PARRDR> Error: Repeated DIHE parameter (  8593): OG2D  CG2O  CG30  CG33 is replaced
 PARRDR> Error: Repeated DIHE parameter (  8594): OG2D  CG2O  CG30  CG33 is replaced
 PARRDR> Error: Repeated DIHE parameter (  8665): CG32  CG2O  CG31  CG2R is replaced
 PARRDR> Error: Repeated DIHE parameter (  8666): CG32  CG2O  CG31  CG2R is replaced
 PARRDR> Error: Repeated DIHE parameter (  8665): CG32  CG2O  CG31  CG2R is replaced
 PARRDR> Error: Repeated DIHE parameter (  8666): CG32  CG2O  CG31  CG2R is replaced
 PARRDR> Error: Repeated DIHE parameter (  8665): CG32  CG2O  CG31  CG2R is replaced
 PARRDR> Error: Repeated DIHE parameter (  8666): CG32  CG2O  CG31  CG2R is replaced
 PARRDR> Error: Repeated DIHE parameter (  8665): CG32  CG2O  CG31  CG2R is replaced
 PARRDR> Error: Repeated DIHE parameter (  8666): CG32  CG2O  CG31  CG2R is replaced
 PARRDR> Error: Repeated DIHE parameter (  8656): CG32  CG2O  CG31  CG2O is replaced
 PARRDR> Error: Repeated DIHE parameter (  8657): CG32  CG2O  CG31  CG2O is replaced
 PARRDR> Error: Repeated DIHE parameter (  8658): CG32  CG2O  CG31  CG2O is replaced
 PARRDR> Error: Repeated DIHE parameter (  8656): CG32  CG2O  CG31  CG2O is replaced
 PARRDR> Error: Repeated DIHE parameter (  8657): CG32  CG2O  CG31  CG2O is replaced
 PARRDR> Error: Repeated DIHE parameter (  8658): CG32  CG2O  CG31  CG2O is replaced
 PARRDR> Error: Repeated DIHE parameter (  8656): CG32  CG2O  CG31  CG2O is replaced
 PARRDR> Error: Repeated DIHE parameter (  8657): CG32  CG2O  CG31  CG2O is replaced
 PARRDR> Error: Repeated DIHE parameter (  8658): CG32  CG2O  CG31  CG2O is replaced
 PARRDR> Error: Repeated DIHE parameter (  8656): CG32  CG2O  CG31  CG2O is replaced
 PARRDR> Error: Repeated DIHE parameter (  8657): CG32  CG2O  CG31  CG2O is replaced
 PARRDR> Error: Repeated DIHE parameter (  8658): CG32  CG2O  CG31  CG2O is replaced
 PARRDR> Error: Repeated DIHE parameter (  8693): CG32  CG2O  CG31  NG2R is replaced
 PARRDR> Error: Repeated DIHE parameter (  8694): CG32  CG2O  CG31  NG2R is replaced
 PARRDR> Error: Repeated DIHE parameter ( 18343): CG2O  CG30  CG32  HGA2 is replaced
 PARRDR> Error: Repeated DIHE parameter (  8730): OG2D  CG2O  CG31  CG2O is replaced
 PARRDR> Error: Repeated DIHE parameter (  8731): OG2D  CG2O  CG31  CG2O is replaced
 PARRDR> Error: Repeated DIHE parameter (  8586): OG2D  CG2O  CG30  CG32 is replaced
 PARRDR> Error: Repeated DIHE parameter (  8587): OG2D  CG2O  CG30  CG32 is replaced
 PARRDR> Error: Repeated DIHE parameter (  8588): OG2D  CG2O  CG30  CG32 is replaced
 PARRDR> Error: Repeated DIHE parameter (  8589): OG2D  CG2O  CG30  CG32 is replaced
 PARRDR> Error: Repeated DIHE parameter (  8586): OG2D  CG2O  CG30  CG32 is replaced
 PARRDR> Error: Repeated DIHE parameter (  8587): OG2D  CG2O  CG30  CG32 is replaced
 PARRDR> Error: Repeated DIHE parameter (  8588): OG2D  CG2O  CG30  CG32 is replaced
 PARRDR> Error: Repeated DIHE parameter (  8589): OG2D  CG2O  CG30  CG32 is replaced
 PARRDR> Error: Repeated DIHE parameter (  8586): OG2D  CG2O  CG30  CG32 is replaced
 PARRDR> Error: Repeated DIHE parameter (  8587): OG2D  CG2O  CG30  CG32 is replaced
 PARRDR> Error: Repeated DIHE parameter (  8588): OG2D  CG2O  CG30  CG32 is replaced
 PARRDR> Error: Repeated DIHE parameter (  8589): OG2D  CG2O  CG30  CG32 is replaced
 PARRDR> Error: Repeated DIHE parameter (  8586): OG2D  CG2O  CG30  CG32 is replaced
 PARRDR> Error: Repeated DIHE parameter (  8587): OG2D  CG2O  CG30  CG32 is replaced
 PARRDR> Error: Repeated DIHE parameter (  8588): OG2D  CG2O  CG30  CG32 is replaced
 PARRDR> Error: Repeated DIHE parameter (  8589): OG2D  CG2O  CG30  CG32 is replaced
 PARRDR> Error: Repeated DIHE parameter (  8883): CG30  CG2O  CG32  HGA2 is replaced
 PARRDR> Error: Repeated DIHE parameter (  8724): OG2D  CG2O  CG31  CG2O is replaced
 PARRDR> Error: Repeated DIHE parameter (  8725): OG2D  CG2O  CG31  CG2O is replaced
 PARRDR> Error: Repeated DIHE parameter ( 20067): OG31  CG31  CG32  NG2S is replaced
 PARRDR> Error: Repeated DIHE parameter (  8700): CG32  CG2O  CG31  OG31 is replaced
 PARRDR> Error: Repeated DIHE parameter (  8701): CG32  CG2O  CG31  OG31 is replaced
 PARRDR> Error: Repeated DIHE parameter (  8702): CG32  CG2O  CG31  OG31 is replaced
 PARRDR> Error: Repeated DIHE parameter (  8703): CG32  CG2O  CG31  OG31 is replaced
 PARRDR> Error: Repeated DIHE parameter (  8700): CG32  CG2O  CG31  OG31 is replaced
 PARRDR> Error: Repeated DIHE parameter (  8701): CG32  CG2O  CG31  OG31 is replaced
 PARRDR> Error: Repeated DIHE parameter (  8702): CG32  CG2O  CG31  OG31 is replaced
 PARRDR> Error: Repeated DIHE parameter (  8703): CG32  CG2O  CG31  OG31 is replaced
 PARRDR> Error: Repeated DIHE parameter (  8700): CG32  CG2O  CG31  OG31 is replaced
 PARRDR> Error: Repeated DIHE parameter (  8701): CG32  CG2O  CG31  OG31 is replaced
 PARRDR> Error: Repeated DIHE parameter (  8702): CG32  CG2O  CG31  OG31 is replaced
 PARRDR> Error: Repeated DIHE parameter (  8703): CG32  CG2O  CG31  OG31 is replaced
 PARRDR> Error: Repeated DIHE parameter (  8700): CG32  CG2O  CG31  OG31 is replaced
 PARRDR> Error: Repeated DIHE parameter (  8701): CG32  CG2O  CG31  OG31 is replaced
 PARRDR> Error: Repeated DIHE parameter (  8702): CG32  CG2O  CG31  OG31 is replaced
 PARRDR> Error: Repeated DIHE parameter (  8703): CG32  CG2O  CG31  OG31 is replaced
 PARRDR> Error: Repeated DIHE parameter (  9017): OG2D  CG2O  CG32  CG31 is replaced
 PARRDR> Error: Repeated DIHE parameter (  9018): OG2D  CG2O  CG32  CG31 is replaced
 PARRDR> Error: Repeated DIHE parameter (  9019): OG2D  CG2O  CG32  CG31 is replaced
 PARRDR> Error: Repeated DIHE parameter (  9020): OG2D  CG2O  CG32  CG31 is replaced
 PARRDR> Error: Repeated DIHE parameter (  9017): OG2D  CG2O  CG32  CG31 is replaced
 PARRDR> Error: Repeated DIHE parameter (  9018): OG2D  CG2O  CG32  CG31 is replaced
 PARRDR> Error: Repeated DIHE parameter (  9019): OG2D  CG2O  CG32  CG31 is replaced
 PARRDR> Error: Repeated DIHE parameter (  9020): OG2D  CG2O  CG32  CG31 is replaced
 PARRDR> Error: Repeated DIHE parameter (  9017): OG2D  CG2O  CG32  CG31 is replaced
 PARRDR> Error: Repeated DIHE parameter (  9018): OG2D  CG2O  CG32  CG31 is replaced
 PARRDR> Error: Repeated DIHE parameter (  9019): OG2D  CG2O  CG32  CG31 is replaced
 PARRDR> Error: Repeated DIHE parameter (  9020): OG2D  CG2O  CG32  CG31 is replaced
 PARRDR> Error: Repeated DIHE parameter (  9017): OG2D  CG2O  CG32  CG31 is replaced
 PARRDR> Error: Repeated DIHE parameter (  9018): OG2D  CG2O  CG32  CG31 is replaced
 PARRDR> Error: Repeated DIHE parameter (  9019): OG2D  CG2O  CG32  CG31 is replaced
 PARRDR> Error: Repeated DIHE parameter (  9020): OG2D  CG2O  CG32  CG31 is replaced
 PARRDR> Error: Repeated DIHE parameter (  8765): OG2D  CG2O  CG31  NG2R is replaced
 PARRDR> Error: Repeated DIHE parameter (  8766): OG2D  CG2O  CG31  NG2R is replaced
 PARRDR> Error: Repeated DIHE parameter (  8728): OG2D  CG2O  CG31  CG2O is replaced
 PARRDR> Error: Repeated DIHE parameter (  8729): OG2D  CG2O  CG31  CG2O is replaced
 PARRDR> Error: Repeated DIHE parameter (  7887): OG2D  CG2O  CG31  CG2O is replaced
 PARRDR> Error: Repeated DIHE parameter (  7888): OG2D  CG2O  CG31  CG2O is replaced
 PARRDR> Error: Repeated DIHE parameter (  8680): CG32  CG2O  CG31  CG32 is replaced
 PARRDR> Error: Repeated DIHE parameter (  8681): CG32  CG2O  CG31  CG32 is replaced
 PARRDR> Error: Repeated DIHE parameter (  8682): CG32  CG2O  CG31  CG32 is replaced
 PARRDR> Error: Repeated DIHE parameter (  8683): CG32  CG2O  CG31  CG32 is replaced
 PARRDR> Error: Repeated DIHE parameter (  8680): CG32  CG2O  CG31  CG32 is replaced
 PARRDR> Error: Repeated DIHE parameter (  8681): CG32  CG2O  CG31  CG32 is replaced
 PARRDR> Error: Repeated DIHE parameter (  8682): CG32  CG2O  CG31  CG32 is replaced
 PARRDR> Error: Repeated DIHE parameter (  8683): CG32  CG2O  CG31  CG32 is replaced
 PARRDR> Error: Repeated DIHE parameter (  8680): CG32  CG2O  CG31  CG32 is replaced
 PARRDR> Error: Repeated DIHE parameter (  8681): CG32  CG2O  CG31  CG32 is replaced
 PARRDR> Error: Repeated DIHE parameter (  8682): CG32  CG2O  CG31  CG32 is replaced
 PARRDR> Error: Repeated DIHE parameter (  8683): CG32  CG2O  CG31  CG32 is replaced
 PARRDR> Error: Repeated DIHE parameter (  8680): CG32  CG2O  CG31  CG32 is replaced
 PARRDR> Error: Repeated DIHE parameter (  8681): CG32  CG2O  CG31  CG32 is replaced
 PARRDR> Error: Repeated DIHE parameter (  8682): CG32  CG2O  CG31  CG32 is replaced
 PARRDR> Error: Repeated DIHE parameter (  8683): CG32  CG2O  CG31  CG32 is replaced
 PARRDR> Error: Repeated DIHE parameter (  3633): CG33  CG2D  CG32  CG2O is replaced
 PARRDR> Error: Repeated DIHE parameter (  3634): CG33  CG2D  CG32  CG2O is replaced
 PARRDR> Error: Repeated DIHE parameter (  8732): OG2D  CG2O  CG31  CG2R is replaced
 PARRDR> Error: Repeated DIHE parameter (  8733): OG2D  CG2O  CG31  CG2R is replaced
 PARRDR> Error: Repeated DIHE parameter (  8734): OG2D  CG2O  CG31  CG2R is replaced
 PARRDR> Error: Repeated DIHE parameter (  8850): CG2O  CG2O  CG32  HGA2 is replaced
 PARRDR> Error: Repeated DIHE parameter ( 18612): CG2O  CG30  CG33  HGA3 is replaced
 PARRDR> Error: Repeated DIHE parameter ( 19641): CG2O  CG31  CG32  NG2S is replaced
 PARRDR> Error: Repeated DIHE parameter (  8231): OG2D  CG2O  CG31  CG2O is replaced
 PARRDR> Error: Repeated DIHE parameter ( 20196): HGA1  CG31  CG32  CG2O is replaced
 PARRDR> Error: Repeated DIHE parameter (  8726): OG2D  CG2O  CG31  CG2O is replaced
 PARRDR> Error: Repeated DIHE parameter (  8727): OG2D  CG2O  CG31  CG2O is replaced
 PARRDR> Error: Repeated DIHE parameter ( 14384): CG2R  CG2R  CG31  CG2O is replaced
 PARRDR> Error: Repeated DIHE parameter (  7924): OG31  CG2O  CG31  CG2O is replaced
 PARRDR> Error: Repeated DIHE parameter (  7925): OG31  CG2O  CG31  CG2O is replaced
 PARRDR> Error: Repeated DIHE parameter (  7926): OG31  CG2O  CG31  CG2O is replaced
 PARRDR> Error: Repeated DIHE parameter (  8485): CG32  CG2O  CG2O  OG2D is replaced
 PARRDR> Error: Repeated DIHE parameter (  8486): CG32  CG2O  CG2O  OG2D is replaced
 PARRDR> Error: Repeated DIHE parameter ( 18407): CG33  CG30  CG32  CG2O is replaced
 PARRDR> Error: Repeated DIHE parameter ( 20733): CG2O  CG31  NG2R  CG2R is replaced
 PARRDR> Error: Repeated DIHE parameter (  6877): NG2S  CG2O  CG31  CG2O is replaced
 PARRDR> Error: Repeated DIHE parameter (  6878): NG2S  CG2O  CG31  CG2O is replaced
 PARRDR> Error: Repeated DIHE parameter (  6879): NG2S  CG2O  CG31  CG2O is replaced
 PARRDR> Error: Repeated DIHE parameter (  6880): NG2S  CG2O  CG31  CG2O is replaced
 PARRDR> Error: Repeated DIHE parameter (  6930): OG2D  CG2O  CG31  CG2O is replaced
 PARRDR> Error: Repeated DIHE parameter (  6931): OG2D  CG2O  CG31  CG2O is replaced
 PARRDR> Error: Repeated DIHE parameter ( 22512): CG2O  CG32  CG32  NG31 is replaced
 PARRDR> Error: Repeated DIHE parameter ( 22513): CG2O  CG32  CG32  NG31 is replaced
 PARRDR> Error: Repeated DIHE parameter ( 22514): CG2O  CG32  CG32  NG31 is replaced
 PARRDR> Error: Repeated DIHE parameter ( 22515): CG2O  CG32  CG32  NG31 is replaced
 PARRDR> Error: Repeated DIHE parameter ( 22512): CG2O  CG32  CG32  NG31 is replaced
 PARRDR> Error: Repeated DIHE parameter ( 22513): CG2O  CG32  CG32  NG31 is replaced
 PARRDR> Error: Repeated DIHE parameter ( 22514): CG2O  CG32  CG32  NG31 is replaced
 PARRDR> Error: Repeated DIHE parameter ( 22515): CG2O  CG32  CG32  NG31 is replaced
 PARRDR> Error: Repeated DIHE parameter ( 22512): CG2O  CG32  CG32  NG31 is replaced
 PARRDR> Error: Repeated DIHE parameter ( 22513): CG2O  CG32  CG32  NG31 is replaced
 PARRDR> Error: Repeated DIHE parameter ( 22514): CG2O  CG32  CG32  NG31 is replaced
 PARRDR> Error: Repeated DIHE parameter ( 22515): CG2O  CG32  CG32  NG31 is replaced
 PARRDR> Error: Repeated DIHE parameter ( 22512): CG2O  CG32  CG32  NG31 is replaced
 PARRDR> Error: Repeated DIHE parameter ( 22513): CG2O  CG32  CG32  NG31 is replaced
 PARRDR> Error: Repeated DIHE parameter ( 22514): CG2O  CG32  CG32  NG31 is replaced
 PARRDR> Error: Repeated DIHE parameter ( 22515): CG2O  CG32  CG32  NG31 is replaced
 PARRDR> Error: Repeated DIHE parameter ( 22512): CG2O  CG32  CG32  NG31 is replaced
 PARRDR> Error: Repeated DIHE parameter ( 22513): CG2O  CG32  CG32  NG31 is replaced
 PARRDR> Error: Repeated DIHE parameter ( 22514): CG2O  CG32  CG32  NG31 is replaced
 PARRDR> Error: Repeated DIHE parameter ( 22515): CG2O  CG32  CG32  NG31 is replaced
 PARRDR> Error: Repeated DIHE parameter ( 19670): CG2O  CG31  CG32  CG2O is replaced
 PARRDR> Error: Repeated DIHE parameter (  8879): CG30  CG2O  CG32  CG32 is replaced
 PARRDR> Error: Repeated DIHE parameter (  8880): CG30  CG2O  CG32  CG32 is replaced
 PARRDR> Error: Repeated DIHE parameter (  8881): CG30  CG2O  CG32  CG32 is replaced
 PARRDR> Error: Repeated DIHE parameter (  8882): CG30  CG2O  CG32  CG32 is replaced
 PARRDR> Error: Repeated DIHE parameter (  8879): CG30  CG2O  CG32  CG32 is replaced
 PARRDR> Error: Repeated DIHE parameter (  8880): CG30  CG2O  CG32  CG32 is replaced
 PARRDR> Error: Repeated DIHE parameter (  8881): CG30  CG2O  CG32  CG32 is replaced
 PARRDR> Error: Repeated DIHE parameter (  8882): CG30  CG2O  CG32  CG32 is replaced
 PARRDR> Error: Repeated DIHE parameter (  8879): CG30  CG2O  CG32  CG32 is replaced
 PARRDR> Error: Repeated DIHE parameter (  8880): CG30  CG2O  CG32  CG32 is replaced
 PARRDR> Error: Repeated DIHE parameter (  8881): CG30  CG2O  CG32  CG32 is replaced
 PARRDR> Error: Repeated DIHE parameter (  8882): CG30  CG2O  CG32  CG32 is replaced
 PARRDR> Error: Repeated DIHE parameter (  8879): CG30  CG2O  CG32  CG32 is replaced
 PARRDR> Error: Repeated DIHE parameter (  8880): CG30  CG2O  CG32  CG32 is replaced
 PARRDR> Error: Repeated DIHE parameter (  8881): CG30  CG2O  CG32  CG32 is replaced
 PARRDR> Error: Repeated DIHE parameter (  8882): CG30  CG2O  CG32  CG32 is replaced
 PARRDR> Error: Repeated DIHE parameter (  8905): CG31  CG2O  CG32  CG32 is replaced
 PARRDR> Error: Repeated DIHE parameter (  8906): CG31  CG2O  CG32  CG32 is replaced
 PARRDR> Error: Repeated DIHE parameter (  8907): CG31  CG2O  CG32  CG32 is replaced
 PARRDR> Error: Repeated DIHE parameter (  8908): CG31  CG2O  CG32  CG32 is replaced
 PARRDR> Error: Repeated DIHE parameter (  8905): CG31  CG2O  CG32  CG32 is replaced
 PARRDR> Error: Repeated DIHE parameter (  8906): CG31  CG2O  CG32  CG32 is replaced
 PARRDR> Error: Repeated DIHE parameter (  8907): CG31  CG2O  CG32  CG32 is replaced
 PARRDR> Error: Repeated DIHE parameter (  8908): CG31  CG2O  CG32  CG32 is replaced
 PARRDR> Error: Repeated DIHE parameter (  8905): CG31  CG2O  CG32  CG32 is replaced
 PARRDR> Error: Repeated DIHE parameter (  8906): CG31  CG2O  CG32  CG32 is replaced
 PARRDR> Error: Repeated DIHE parameter (  8907): CG31  CG2O  CG32  CG32 is replaced
 PARRDR> Error: Repeated DIHE parameter (  8908): CG31  CG2O  CG32  CG32 is replaced
 PARRDR> Error: Repeated DIHE parameter (  8905): CG31  CG2O  CG32  CG32 is replaced
 PARRDR> Error: Repeated DIHE parameter (  8906): CG31  CG2O  CG32  CG32 is replaced
 PARRDR> Error: Repeated DIHE parameter (  8907): CG31  CG2O  CG32  CG32 is replaced
 PARRDR> Error: Repeated DIHE parameter (  8908): CG31  CG2O  CG32  CG32 is replaced
 PARRDR> Error: Repeated DIHE parameter ( 18334): CG2O  CG30  CG32  CG30 is replaced
 PARRDR> Error: Repeated DIHE parameter ( 18335): CG2O  CG30  CG32  CG30 is replaced
 PARRDR> Error: Repeated DIHE parameter ( 18336): CG2O  CG30  CG32  CG31 is replaced
 PARRDR> Error: Repeated DIHE parameter ( 19982): NG31  CG31  CG32  CG2O is replaced
 PARRDR> Error: Repeated DIHE parameter ( 19983): NG31  CG31  CG32  CG2O is replaced
 PARRDR> Error: Repeated DIHE parameter ( 19984): NG31  CG31  CG32  CG2O is replaced
 PARRDR> Error: Repeated DIHE parameter (  7038): NG2S  CG2O  CG32  CG2O is replaced
 PARRDR> Error: Repeated DIHE parameter (  7039): NG2S  CG2O  CG32  CG2O is replaced
 PARRDR> Error: Repeated DIHE parameter (  7040): NG2S  CG2O  CG32  CG2O is replaced
 PARRDR> Error: Repeated DIHE parameter ( 20038): OG31  CG31  CG32  CG2O is replaced
 PARRDR> Error: Repeated DIHE parameter ( 24204): CG31  CG32  NG31  CG32 is replaced
 PARRDR> Error: Repeated DIHE parameter ( 24205): CG31  CG32  NG31  CG32 is replaced
 PARRDR> Error: Repeated DIHE parameter ( 24206): CG31  CG32  NG31  CG32 is replaced
 PARRDR> Error: Repeated DIHE parameter ( 24204): CG31  CG32  NG31  CG32 is replaced
 PARRDR> Error: Repeated DIHE parameter ( 24205): CG31  CG32  NG31  CG32 is replaced
 PARRDR> Error: Repeated DIHE parameter ( 24206): CG31  CG32  NG31  CG32 is replaced
 PARRDR> Error: Repeated DIHE parameter ( 24204): CG31  CG32  NG31  CG32 is replaced
 PARRDR> Error: Repeated DIHE parameter ( 24205): CG31  CG32  NG31  CG32 is replaced
 PARRDR> Error: Repeated DIHE parameter ( 24206): CG31  CG32  NG31  CG32 is replaced
 PARRDR> Error: Repeated DIHE parameter ( 20217): HGA1  CG31  CG32  NG31 is replaced
 PARRDR> Error: Repeated DIHE parameter ( 24211): CG31  CG32  NG31  HGPA is replaced
 PARRDR> Error: Repeated DIHE parameter ( 22553): CG2R  CG32  CG32  NG31 is replaced
 PARRDR> Error: Repeated DIHE parameter ( 19873): CG33  CG31  CG32  NG31 is replaced
 PARRDR> Error: Repeated DIHE parameter ( 19821): CG32  CG31  CG32  NG31 is replaced
 PARRDR> Error: Repeated DIHE parameter (  3643): CG33  CG2D  CG32  NG31 is replaced
 PARRDR> Error: Repeated DIHE parameter (  3644): CG33  CG2D  CG32  NG31 is replaced
 PARRDR> Error: Repeated DIHE parameter (  3645): CG33  CG2D  CG32  NG31 is replaced
 PARRDR> Error: Repeated DIHE parameter ( 24200): CG30  CG32  NG31  HGPA is replaced
 PARRDR> Error: Repeated DIHE parameter ( 24197): CG30  CG32  NG31  CG32 is replaced
 PARRDR> Error: Repeated DIHE parameter ( 24198): CG30  CG32  NG31  CG32 is replaced
 PARRDR> Error: Repeated DIHE parameter ( 24199): CG30  CG32  NG31  CG32 is replaced
 PARRDR> Error: Repeated DIHE parameter ( 24197): CG30  CG32  NG31  CG32 is replaced
 PARRDR> Error: Repeated DIHE parameter ( 24198): CG30  CG32  NG31  CG32 is replaced
 PARRDR> Error: Repeated DIHE parameter ( 24199): CG30  CG32  NG31  CG32 is replaced
 PARRDR> Error: Repeated DIHE parameter ( 24197): CG30  CG32  NG31  CG32 is replaced
 PARRDR> Error: Repeated DIHE parameter ( 24198): CG30  CG32  NG31  CG32 is replaced
 PARRDR> Error: Repeated DIHE parameter ( 24199): CG30  CG32  NG31  CG32 is replaced
 PARRDR> Error: Repeated DIHE parameter ( 18395): CG32  CG30  CG32  NG31 is replaced
 PARRDR> Error: Repeated DIHE parameter ( 18395): CG32  CG30  CG32  NG31 is replaced
 PARRDR> Error: Repeated DIHE parameter ( 18425): CG33  CG30  CG32  NG31 is replaced
 PARRDR> Error: Repeated DIHE parameter ( 18426): CG33  CG30  CG32  NG31 is replaced
 PARRDR> Error: Repeated DIHE parameter ( 18425): CG33  CG30  CG32  NG31 is replaced
 PARRDR> Error: Repeated DIHE parameter ( 18426): CG33  CG30  CG32  NG31 is replaced
 PARRDR> Error: Repeated DIHE parameter (  8744): OG2D  CG2O  CG31  CG31 is replaced
 PARRDR> Error: Repeated DIHE parameter (  8745): OG2D  CG2O  CG31  CG31 is replaced
 PARRDR> Error: Repeated DIHE parameter (  8746): OG2D  CG2O  CG31  CG31 is replaced
 PARRDR> Error: Repeated DIHE parameter (  8747): OG2D  CG2O  CG31  CG31 is replaced
 PARRDR> Error: Repeated DIHE parameter (  8744): OG2D  CG2O  CG31  CG31 is replaced
 PARRDR> Error: Repeated DIHE parameter (  8745): OG2D  CG2O  CG31  CG31 is replaced
 PARRDR> Error: Repeated DIHE parameter (  8746): OG2D  CG2O  CG31  CG31 is replaced
 PARRDR> Error: Repeated DIHE parameter (  8747): OG2D  CG2O  CG31  CG31 is replaced
 PARRDR> Error: Repeated DIHE parameter (  8744): OG2D  CG2O  CG31  CG31 is replaced
 PARRDR> Error: Repeated DIHE parameter (  8745): OG2D  CG2O  CG31  CG31 is replaced
 PARRDR> Error: Repeated DIHE parameter (  8746): OG2D  CG2O  CG31  CG31 is replaced
 PARRDR> Error: Repeated DIHE parameter (  8747): OG2D  CG2O  CG31  CG31 is replaced
 PARRDR> Error: Repeated DIHE parameter (  8744): OG2D  CG2O  CG31  CG31 is replaced
 PARRDR> Error: Repeated DIHE parameter (  8745): OG2D  CG2O  CG31  CG31 is replaced
 PARRDR> Error: Repeated DIHE parameter (  8746): OG2D  CG2O  CG31  CG31 is replaced
 PARRDR> Error: Repeated DIHE parameter (  8747): OG2D  CG2O  CG31  CG31 is replaced
 PARRDR> Error: Repeated DIHE parameter ( 19749): CG31  CG31  CG32  CG2O is replaced
 PARRDR> Error: Repeated DIHE parameter ( 19749): CG31  CG31  CG32  CG2O is replaced
 PARRDR> Error: Repeated DIHE parameter ( 19749): CG31  CG31  CG32  CG2O is replaced
 PARRDR> Error: Repeated DIHE parameter ( 19749): CG31  CG31  CG32  CG2O is replaced
 PARRDR> Error: Repeated DIHE parameter ( 19749): CG31  CG31  CG32  CG2O is replaced
 PARRDR> Error: Repeated DIHE parameter ( 18980): CG32  CG30  OG31  HGP1 is replaced
 PARRDR> Error: Repeated DIHE parameter ( 18981): CG32  CG30  OG31  HGP1 is replaced
 PARRDR> Error: Repeated DIHE parameter ( 18982): CG32  CG30  OG31  HGP1 is replaced
 PARRDR> Error: Repeated DIHE parameter ( 18980): CG32  CG30  OG31  HGP1 is replaced
 PARRDR> Error: Repeated DIHE parameter ( 18981): CG32  CG30  OG31  HGP1 is replaced
 PARRDR> Error: Repeated DIHE parameter ( 18982): CG32  CG30  OG31  HGP1 is replaced
 PARRDR> Error: Repeated DIHE parameter ( 18980): CG32  CG30  OG31  HGP1 is replaced
 PARRDR> Error: Repeated DIHE parameter ( 18981): CG32  CG30  OG31  HGP1 is replaced
 PARRDR> Error: Repeated DIHE parameter ( 18982): CG32  CG30  OG31  HGP1 is replaced
 PARRDR> Error: Repeated DIHE parameter ( 18511): OG31  CG30  CG32  HGA2 is replaced
 PARRDR> Error: Repeated DIHE parameter ( 18501): OG31  CG30  CG32  CG32 is replaced
 PARRDR> Error: Repeated DIHE parameter ( 19240): CG2R  CG31  CG31  CG32 is replaced
 PARRDR> Error: Repeated DIHE parameter ( 19229): CG2O  CG31  CG31  CG32 is replaced
 PARRDR> Error: Repeated DIHE parameter ( 19230): CG2O  CG31  CG31  CG33 is replaced
 PARRDR> Error: Repeated DIHE parameter ( 19236): CG2O  CG31  CG31  HGA1 is replaced
 PARRDR> Error: Repeated DIHE parameter (  7872): OG2D  CG2O  CG30  CG31 is replaced
 PARRDR> Error: Repeated DIHE parameter ( 19241): CG2R  CG31  CG31  CG33 is replaced
 PARRDR> Error: Repeated DIHE parameter ( 18168): CG2O  CG30  CG31  HGA1 is replaced
 PARRDR> Error: Repeated DIHE parameter ( 14389): CG2R  CG2R  CG31  CG31 is replaced
 PARRDR> Error: Repeated DIHE parameter ( 19247): CG2R  CG31  CG31  HGA1 is replaced
 PARRDR> Error: Repeated DIHE parameter ( 18164): CG2O  CG30  CG31  CG32 is replaced
 PARRDR> Error: Repeated DIHE parameter ( 24582): CG30  CG32  OG31  HGP1 is replaced
 PARRDR> Error: Repeated DIHE parameter ( 24583): CG30  CG32  OG31  HGP1 is replaced
 PARRDR> Error: Repeated DIHE parameter ( 24584): CG30  CG32  OG31  HGP1 is replaced
 PARRDR> Error: Repeated DIHE parameter ( 24582): CG30  CG32  OG31  HGP1 is replaced
 PARRDR> Error: Repeated DIHE parameter ( 24583): CG30  CG32  OG31  HGP1 is replaced
 PARRDR> Error: Repeated DIHE parameter ( 24584): CG30  CG32  OG31  HGP1 is replaced
 PARRDR> Error: Repeated DIHE parameter ( 24582): CG30  CG32  OG31  HGP1 is replaced
 PARRDR> Error: Repeated DIHE parameter ( 24583): CG30  CG32  OG31  HGP1 is replaced
 PARRDR> Error: Repeated DIHE parameter ( 24584): CG30  CG32  OG31  HGP1 is replaced
 PARRDR> Error: Repeated DIHE parameter ( 18396): CG32  CG30  CG32  OG31 is replaced
 PARRDR> Error: Repeated DIHE parameter ( 19716): CG2R  CG31  CG32  OG31 is replaced
 PARRDR> Error: Repeated DIHE parameter ( 25100): CG32  CG32  CG33  HGA3 is replaced
 PARRDR> Error: Repeated DIHE parameter ( 22890): HGA2  CG32  CG32  CG33 is replaced
 PARRDR> Error: Repeated DIHE parameter ( 22889): HGA2  CG32  CG32  CG32 is replaced
 PARRDR> Error: Repeated DIHE parameter ( 21781): FGA2  CG31  CG31  FGA2 is replaced
 PARRDR> Error: Repeated DIHE parameter ( 18329): CG2O  CG30  CG32  CG30 is replaced
 PARRDR> Error: Repeated DIHE parameter ( 18331): CG2O  CG30  CG32  HGA2 is replaced
 PARRDR> Error: Repeated DIHE parameter (  8209): OG2D  CG2O  CG30  CG32 is replaced
 PARRDR> Error: Repeated DIHE parameter ( 18330): CG2O  CG30  CG32  CG31 is replaced
 PARRDR> Error: Repeated DIHE parameter (  8135): CG30  CG2O  OG31  HGP1 is replaced
 PARRDR> Error: Repeated DIHE parameter (  8208): OG2D  CG2O  CG30  CG2O is replaced
 PARRDR> Error: Repeated DIHE parameter (  8585): OG2D  CG2O  CG30  CG2O is replaced
 PARRDR> Error: Repeated DIHE parameter (  7876): OG31  CG2O  CG30  CG31 is replaced
 PARRDR> Error: Repeated DIHE parameter (  7877): OG31  CG2O  CG30  CG32 is replaced
 PARRDR> Error: Repeated DIHE parameter (  7878): OG31  CG2O  CG30  CG33 is replaced
 PARRDR> Error: Repeated DIHE parameter ( 22570): CG30  CG32  CG32  CG32 is replaced
 PARRDR> Error: Repeated DIHE parameter ( 22692): CG32  CG32  CG32  OG30 is replaced
 PARRDR> Error: Repeated DIHE parameter ( 22693): CG32  CG32  CG32  OG30 is replaced
 PARRDR> Error: Repeated DIHE parameter ( 22694): CG32  CG32  CG32  OG30 is replaced
 PARRDR> Error: Repeated DIHE parameter ( 22692): CG32  CG32  CG32  OG30 is replaced
 PARRDR> Error: Repeated DIHE parameter ( 22693): CG32  CG32  CG32  OG30 is replaced
 PARRDR> Error: Repeated DIHE parameter ( 22694): CG32  CG32  CG32  OG30 is replaced
 PARRDR> Error: Repeated DIHE parameter ( 20322): NG31  CG31  CG32  HGA2 is replaced
 PARRDR> Error: Repeated DIHE parameter ( 21193): CG32  CG31  NG31  HGPA is replaced
 PARRDR> Error: Repeated DIHE parameter ( 19313): CG32  CG31  CG31  CG32 is replaced
 PARRDR> Error: Repeated DIHE parameter ( 19350): CG32  CG31  CG31  CG33 is replaced
 PARRDR> Error: Repeated DIHE parameter ( 19363): CG32  CG31  CG31  HGA1 is replaced
 PARRDR> Error: Repeated DIHE parameter ( 20277): CG31  CG31  CG32  HGA2 is replaced
 PARRDR> Error: Repeated DIHE parameter ( 22690): CG32  CG32  CG32  NG31 is replaced
 PARRDR> Error: Repeated DIHE parameter ( 22691): CG32  CG32  CG32  NG31 is replaced
 PARRDR> Error: Repeated DIHE parameter ( 22502): CG2O  CG32  CG32  CG32 is replaced
 PARRDR> Error: Repeated DIHE parameter (  8684): CG32  CG2O  CG31  CG32 is replaced
 PARRDR> Error: Repeated DIHE parameter (  8685): CG32  CG2O  CG31  CG32 is replaced
 PARRDR> Error: Repeated DIHE parameter (  8686): CG32  CG2O  CG31  CG32 is replaced
 PARRDR> Error: Repeated DIHE parameter (  8687): CG32  CG2O  CG31  CG32 is replaced
 PARRDR> Error: Repeated DIHE parameter (  8688): CG32  CG2O  CG31  CG32 is replaced
 PARRDR> Error: Repeated DIHE parameter (  8684): CG32  CG2O  CG31  CG32 is replaced
 PARRDR> Error: Repeated DIHE parameter (  8685): CG32  CG2O  CG31  CG32 is replaced
 PARRDR> Error: Repeated DIHE parameter (  8686): CG32  CG2O  CG31  CG32 is replaced
 PARRDR> Error: Repeated DIHE parameter (  8687): CG32  CG2O  CG31  CG32 is replaced
 PARRDR> Error: Repeated DIHE parameter (  8688): CG32  CG2O  CG31  CG32 is replaced
 PARRDR> Error: Repeated DIHE parameter (  8684): CG32  CG2O  CG31  CG32 is replaced
 PARRDR> Error: Repeated DIHE parameter (  8685): CG32  CG2O  CG31  CG32 is replaced
 PARRDR> Error: Repeated DIHE parameter (  8686): CG32  CG2O  CG31  CG32 is replaced
 PARRDR> Error: Repeated DIHE parameter (  8687): CG32  CG2O  CG31  CG32 is replaced
 PARRDR> Error: Repeated DIHE parameter (  8688): CG32  CG2O  CG31  CG32 is replaced
 PARRDR> Error: Repeated DIHE parameter (  8684): CG32  CG2O  CG31  CG32 is replaced
 PARRDR> Error: Repeated DIHE parameter (  8685): CG32  CG2O  CG31  CG32 is replaced
 PARRDR> Error: Repeated DIHE parameter (  8686): CG32  CG2O  CG31  CG32 is replaced
 PARRDR> Error: Repeated DIHE parameter (  8687): CG32  CG2O  CG31  CG32 is replaced
 PARRDR> Error: Repeated DIHE parameter (  8688): CG32  CG2O  CG31  CG32 is replaced
 PARRDR> Error: Repeated DIHE parameter (  8756): OG2D  CG2O  CG31  CG32 is replaced
 PARRDR> Error: Repeated DIHE parameter (  8757): OG2D  CG2O  CG31  CG32 is replaced
 PARRDR> Error: Repeated DIHE parameter (  8758): OG2D  CG2O  CG31  CG32 is replaced
 PARRDR> Error: Repeated DIHE parameter (  8759): OG2D  CG2O  CG31  CG32 is replaced
 PARRDR> Error: Repeated DIHE parameter (  8760): OG2D  CG2O  CG31  CG32 is replaced
 PARRDR> Error: Repeated DIHE parameter (  8756): OG2D  CG2O  CG31  CG32 is replaced
 PARRDR> Error: Repeated DIHE parameter (  8757): OG2D  CG2O  CG31  CG32 is replaced
 PARRDR> Error: Repeated DIHE parameter (  8758): OG2D  CG2O  CG31  CG32 is replaced
 PARRDR> Error: Repeated DIHE parameter (  8759): OG2D  CG2O  CG31  CG32 is replaced
 PARRDR> Error: Repeated DIHE parameter (  8760): OG2D  CG2O  CG31  CG32 is replaced
 PARRDR> Error: Repeated DIHE parameter (  8756): OG2D  CG2O  CG31  CG32 is replaced
 PARRDR> Error: Repeated DIHE parameter (  8757): OG2D  CG2O  CG31  CG32 is replaced
 PARRDR> Error: Repeated DIHE parameter (  8758): OG2D  CG2O  CG31  CG32 is replaced
 PARRDR> Error: Repeated DIHE parameter (  8759): OG2D  CG2O  CG31  CG32 is replaced
 PARRDR> Error: Repeated DIHE parameter (  8760): OG2D  CG2O  CG31  CG32 is replaced
 PARRDR> Error: Repeated DIHE parameter (  8756): OG2D  CG2O  CG31  CG32 is replaced
 PARRDR> Error: Repeated DIHE parameter (  8757): OG2D  CG2O  CG31  CG32 is replaced
 PARRDR> Error: Repeated DIHE parameter (  8758): OG2D  CG2O  CG31  CG32 is replaced
 PARRDR> Error: Repeated DIHE parameter (  8759): OG2D  CG2O  CG31  CG32 is replaced
 PARRDR> Error: Repeated DIHE parameter (  8760): OG2D  CG2O  CG31  CG32 is replaced
 PARRDR> Error: Repeated DIHE parameter ( 20261): CG2O  CG31  CG32  HGA2 is replaced
 PARRDR> Error: Repeated DIHE parameter (  8943): CG32  CG2O  CG32  CG30 is replaced
 PARRDR> Error: Repeated DIHE parameter (  8944): CG32  CG2O  CG32  CG30 is replaced
 PARRDR> Error: Repeated DIHE parameter (  8945): CG32  CG2O  CG32  CG30 is replaced
 PARRDR> Error: Repeated DIHE parameter (  8946): CG32  CG2O  CG32  CG30 is replaced
 PARRDR> Error: Repeated DIHE parameter (  8943): CG32  CG2O  CG32  CG30 is replaced
 PARRDR> Error: Repeated DIHE parameter (  8944): CG32  CG2O  CG32  CG30 is replaced
 PARRDR> Error: Repeated DIHE parameter (  8945): CG32  CG2O  CG32  CG30 is replaced
 PARRDR> Error: Repeated DIHE parameter (  8946): CG32  CG2O  CG32  CG30 is replaced
 PARRDR> Error: Repeated DIHE parameter (  8943): CG32  CG2O  CG32  CG30 is replaced
 PARRDR> Error: Repeated DIHE parameter (  8944): CG32  CG2O  CG32  CG30 is replaced
 PARRDR> Error: Repeated DIHE parameter (  8945): CG32  CG2O  CG32  CG30 is replaced
 PARRDR> Error: Repeated DIHE parameter (  8946): CG32  CG2O  CG32  CG30 is replaced
 PARRDR> Error: Repeated DIHE parameter (  8943): CG32  CG2O  CG32  CG30 is replaced
 PARRDR> Error: Repeated DIHE parameter (  8944): CG32  CG2O  CG32  CG30 is replaced
 PARRDR> Error: Repeated DIHE parameter (  8945): CG32  CG2O  CG32  CG30 is replaced
 PARRDR> Error: Repeated DIHE parameter (  8946): CG32  CG2O  CG32  CG30 is replaced
 PARRDR> Error: Repeated DIHE parameter (  9013): OG2D  CG2O  CG32  CG30 is replaced
 PARRDR> Error: Repeated DIHE parameter (  9014): OG2D  CG2O  CG32  CG30 is replaced
 PARRDR> Error: Repeated DIHE parameter (  9015): OG2D  CG2O  CG32  CG30 is replaced
 PARRDR> Error: Repeated DIHE parameter (  9016): OG2D  CG2O  CG32  CG30 is replaced
 PARRDR> Error: Repeated DIHE parameter (  9013): OG2D  CG2O  CG32  CG30 is replaced
 PARRDR> Error: Repeated DIHE parameter (  9014): OG2D  CG2O  CG32  CG30 is replaced
 PARRDR> Error: Repeated DIHE parameter (  9015): OG2D  CG2O  CG32  CG30 is replaced
 PARRDR> Error: Repeated DIHE parameter (  9016): OG2D  CG2O  CG32  CG30 is replaced
 PARRDR> Error: Repeated DIHE parameter (  9013): OG2D  CG2O  CG32  CG30 is replaced
 PARRDR> Error: Repeated DIHE parameter (  9014): OG2D  CG2O  CG32  CG30 is replaced
 PARRDR> Error: Repeated DIHE parameter (  9015): OG2D  CG2O  CG32  CG30 is replaced
 PARRDR> Error: Repeated DIHE parameter (  9016): OG2D  CG2O  CG32  CG30 is replaced
 PARRDR> Error: Repeated DIHE parameter (  9013): OG2D  CG2O  CG32  CG30 is replaced
 PARRDR> Error: Repeated DIHE parameter (  9014): OG2D  CG2O  CG32  CG30 is replaced
 PARRDR> Error: Repeated DIHE parameter (  9015): OG2D  CG2O  CG32  CG30 is replaced
 PARRDR> Error: Repeated DIHE parameter (  9016): OG2D  CG2O  CG32  CG30 is replaced
 PARRDR> Error: Repeated DIHE parameter ( 18321): CG2O  CG30  CG32  CG2O is replaced
 PARRDR> Error: Repeated DIHE parameter ( 18322): CG2O  CG30  CG32  CG2O is replaced
 PARRDR> Error: Repeated DIHE parameter ( 18384): CG32  CG30  CG32  CG2O is replaced
 PARRDR> Error: Repeated DIHE parameter ( 18384): CG32  CG30  CG32  CG2O is replaced
 PARRDR> Error: Repeated DIHE parameter ( 18384): CG32  CG30  CG32  CG2O is replaced
 PARRDR> Error: Repeated DIHE parameter ( 18384): CG32  CG30  CG32  CG2O is replaced
 PARRDR> Error: Repeated DIHE parameter ( 18384): CG32  CG30  CG32  CG2O is replaced
 PARRDR> Error: Repeated DIHE parameter ( 19751): CG31  CG31  CG32  CG30 is replaced
 PARRDR> Error: Repeated DIHE parameter ( 19759): CG31  CG31  CG32  NG2S is replaced
 PARRDR> Error: Repeated DIHE parameter ( 18371): CG31  CG30  CG32  CG31 is replaced
 PARRDR> Error: Repeated DIHE parameter ( 20027): OG30  CG31  CG32  NG31 is replaced
 PARRDR> Error: Repeated DIHE parameter ( 20028): OG30  CG31  CG32  NG31 is replaced
 PARRDR> Error: Repeated DIHE parameter ( 23786): CG30  CG32  NG2S  CG2O is replaced
 PARRDR> Error: Repeated DIHE parameter ( 23787): CG30  CG32  NG2S  HGP1 is replaced
 PARRDR> Error: Repeated DIHE parameter ( 18423): CG33  CG30  CG32  NG2S is replaced
 PARRDR> Error: Repeated DIHE parameter ( 18409): CG33  CG30  CG32  CG2O is replaced
 PARRDR> Error: Repeated DIHE parameter ( 18409): CG33  CG30  CG32  CG2O is replaced
 PARRDR> Error: Repeated DIHE parameter ( 18409): CG33  CG30  CG32  CG2O is replaced
 PARRDR> Error: Repeated DIHE parameter ( 18409): CG33  CG30  CG32  CG2O is replaced
 PARRDR> Error: Repeated DIHE parameter ( 18409): CG33  CG30  CG32  CG2O is replaced
 PARRDR> Error: Repeated DIHE parameter ( 19761): CG31  CG31  CG32  NG31 is replaced
 PARRDR> Error: Repeated DIHE parameter ( 19991): NG31  CG31  CG32  NG31 is replaced
 PARRDR> Error: Repeated DIHE parameter ( 19992): NG31  CG31  CG32  NG31 is replaced
 PARRDR> Error: Repeated IMPH parameter (   246): CG2O  CG2R  OG2D  OG31 is replaced
 PARRDR> Error: Repeated IMPH parameter (   345): CG2O  CG31  CG33  OG2D is replaced
 PARRDR> Error: Repeated IMPH parameter (   325): CG2O  CG2O  CG32  OG2D is replaced
 PARRDR> Error: Repeated IMPH parameter (   340): CG2O  CG30  CG32  OG2D is replaced
 PARRDR> Error: Repeated IMPH parameter (   344): CG2O  CG31  CG32  OG2D is replaced
 PARRDR> Error: Repeated IMPH parameter (   252): CG2O  CG30  OG2D  OG31 is replaced
 PARMIO> NONBOND, HBOND lists and IMAGE atoms cleared.
  
 CHARMM>    RETURN
 VCLOSE: Closing unit   98 with status "KEEP"

                    RETURNING TO INPUT STREAM    99
  
 CHARMM>    stream toppar/toppar_all36_synthetic_polymer_patch.str
 VOPEN> Attempting to open::toppar/toppar_all36_synthetic_polymer_patch.str::
 OPNLGU> Unit 98 opened for READONLY access to toppar/toppar_all36_synthetic_polymer_patch.str

                    INPUT STREAM SWITCHING TO UNIT    98
 RDTITL> READ RTF CARD APPEND
 RDTITL> No title read.
 Parameter: IN1 <- "" <empty>
  
 CHARMM>    read rtf card append
 MAINIO> Residue topology file being read from unit  98.
 RDTITL> * TOPOLOGY FOR SYNTHETIC_POLYMER
 RDTITL> *
  
 CHARMM>     
  
 CHARMM>    return
 VCLOSE: Closing unit   98 with status "KEEP"

                    RETURNING TO INPUT STREAM    99
  
 CHARMM>    stream toppar/toppar_all36_polymer_solvent.str
 VOPEN> Attempting to open::toppar/toppar_all36_polymer_solvent.str::
 OPNLGU> Unit 98 opened for READONLY access to toppar/toppar_all36_polymer_solvent.str

                    INPUT STREAM SWITCHING TO UNIT    98
 RDTITL> READ RTF CARD APPEND
 RDTITL> No title read.
 Parameter: IN1 <- "" <empty>
  
 CHARMM>    read rtf card append
 MAINIO> Residue topology file being read from unit  98.
 RDTITL> * TOPOLOGY FOR SYNTHETIC_POLYMER
 RDTITL> *
  
 CHARMM>    read param card flex append

          PARAMETER FILE BEING READ FROM UNIT 98
 RDTITL> * SYNTHETIC POLYMER PARAMETER
 RDTITL> *
 PARMIO> NONBOND, HBOND lists and IMAGE atoms cleared.
  
 CHARMM>     
  
 CHARMM>    RETURN
 VCLOSE: Closing unit   98 with status "KEEP"

                    RETURNING TO INPUT STREAM    99
  
 CHARMM>     
  
 CHARMM>    ! Additional topologies and parameters for water and ions
 CHARMM>    stream toppar/toppar_water_ions.str
 VOPEN> Attempting to open::toppar/toppar_water_ions.str::
 OPNLGU> Unit 98 opened for READONLY access to toppar/toppar_water_ions.str

                    INPUT STREAM SWITCHING TO UNIT    98
 RDTITL> * TOPLOGY AND PARAMETER INFORMATION FOR WATER AND IONS.
 RDTITL> *
 Parameter: IN1 <- "" <empty>
  
 CHARMM>     
  
 CHARMM>    !Testcase
 CHARMM>    !test_water_ions.inp
 CHARMM>     
  
 CHARMM>    ! IMPORTANT NOTE: this file contains NBFixes between carboxylates and sodium,
 CHARMM>    ! which will only apply if the main files containing carboxylate atom types
 CHARMM>    ! have been read in first!
 CHARMM>     
  
 CHARMM>    !references
 CHARMM>    !
 CHARMM>    !TIP3P water model
 CHARMM>    !
 CHARMM>    !W.L. Jorgensen; J.Chandrasekhar; J.D. Madura; R.W. Impey;
 CHARMM>    !M.L. Klein; "Comparison of simple potential functions for
 CHARMM>    !simulating liquid water", J. Chem. Phys. 79 926-935 (1983).
 CHARMM>    !
 CHARMM>    !IONS
 CHARMM>    !
 CHARMM>    !Ions from Roux and coworkers
 CHARMM>    !
 CHARMM>    !Beglov, D. and Roux, B., Finite Representation of an Infinite
 CHARMM>    !Bulk System: Solvent Boundary Potential for Computer Simulations,
 CHARMM>    !Journal of Chemical Physics, 1994, 100: 9050-9063
 CHARMM>    !
 CHARMM>    !ZINC
 CHARMM>    !
 CHARMM>    !Stote, R.H. and Karplus, M. Zinc Binding in Proteins and
 CHARMM>    !Solution: A Simple but Accurate Nonbonded Representation, PROTEINS:
 CHARMM>    !Structure, Function, and Genetics 23:12-31 (1995)
 CHARMM>     
  
 CHARMM>    !test "append" to determine if previous toppar files have been read and
 CHARMM>    !add append to "read rtf card" if true
 CHARMM>    set nat ?NATC
 RDCMND substituted energy or value "?NATC" to "473"
 Parameter: NAT <- "473"
  
 CHARMM>    set app
 Parameter: APP <- "" <empty>
  
 CHARMM>    !We're exploiting what is arguably a bug in the parser. On the left hand side,
 CHARMM>    !the quotes have priority, so NAT is correctly substituted. On the right hand
 CHARMM>    !side, the ? has priority and NATC" (sic) is not a valid substitution...
 CHARMM>    if "@NAT" ne "?NATC" if @nat ne 0 set app append
 Parameter: NAT -> "473"
 Parameter: NAT -> "473"
 RDCMND: can not substitute energy "?NATC""
 Comparing ""473"" and ""?NATC"".
 IF test evaluated as true.  Performing command
 Comparing "473" and "0".
 IF test evaluated as true.  Performing command
 Parameter: APP <- "APPEND"
  
 CHARMM>     
  
 CHARMM>    read rtf card @app
 Parameter: APP -> "APPEND"
 MAINIO> Residue topology file being read from unit  98.
 RDTITL> * TOPOLOGY FOR WATER AND IONS
 RDTITL> *
  
 CHARMM>     
  
 CHARMM>    read para card flex @app
 Parameter: APP -> "APPEND"

          PARAMETER FILE BEING READ FROM UNIT 98
 RDTITL> * PARAMETERS FOR WATER AND IONS
 RDTITL> *
 PARMIO> NONBOND, HBOND lists and IMAGE atoms cleared.
  
 CHARMM>     
  
 CHARMM>    ! The following section contains NBFixes for sodium interacting with
 CHARMM>    ! carboxylate oxygens of various CHARMM force fields. It will generate
 CHARMM>    ! level -1 warnings whenever any of these force fields have not been
 CHARMM>    ! read prior to the current stream file. Since we don't want to force
 CHARMM>    ! the user to always read all the force fields, we're suppressing the
 CHARMM>    ! warnings. The only side effect is that you will have "most severe
 CHARMM>    ! warning was at level 0" at the end of your output. Also note that
 CHARMM>    ! the user is responsible for reading the current file last if they
 CHARMM>    ! want the NBFixes to apply. A more elegant solution would require new
 CHARMM>    ! features to be added to CHARMM.
 CHARMM>    ! parallel fix, to avoid duplicated messages in the log
 CHARMM>    set para
 Parameter: PARA <- "" <empty>
  
 CHARMM>    if ?NUMNODE gt 1 set para node 0
 RDCMND substituted energy or value "?NUMNODE" to "1"
 Comparing "1" and "1".
 IF test evaluated as false.  Skipping command
  
 CHARMM>     
  
 CHARMM>    set wrn ?WRNLEV
 RDCMND substituted energy or value "?WRNLEV" to "5"
 Parameter: WRN <- "5"
  
 CHARMM>    ! Some versions of CHARMM don't seem to initialize wrnlev...
 CHARMM>    if "@WRN" eq "?WRNLEV" set wrn 5
 Parameter: WRN -> "5"
 RDCMND: can not substitute energy "?WRNLEV""
 Comparing ""5"" and ""?WRNLEV"".
 IF test evaluated as false.  Skipping command
  
 CHARMM>    set bom ?bomlev
 RDCMND substituted energy or value "?BOMLEV" to "0"
 Parameter: BOM <- "0"
  
 CHARMM>    WRNLEV -1 @PARA
 Parameter: PARA -> "" <empty>
  
 CHARMM>    BOMLEV -1 @PARA
 Parameter: PARA -> "" <empty>
  
 CHARMM>    read para card flex append

          PARAMETER FILE BEING READ FROM UNIT 98
 RDTITL> * NBFIX BETWEEN CARBOXYLATE AND SODIUM
 RDTITL> *
 PARMIO> NONBOND, HBOND lists and IMAGE atoms cleared.
  
 CHARMM>    BOMLEV @bom @PARA
 Parameter: BOM -> "0"
 Parameter: PARA -> "" <empty>
  
 CHARMM>    WRNLEV @wrn @PARA
 Parameter: WRN -> "5"
 Parameter: PARA -> "" <empty>
  
 CHARMM>     
  
 CHARMM>    return
 VCLOSE: Closing unit   98 with status "KEEP"

                    RETURNING TO INPUT STREAM    99
  
 CHARMM>    stream toppar/toppar_dum_noble_gases.str
 VOPEN> Attempting to open::toppar/toppar_dum_noble_gases.str::
 OPNLGU> Unit 98 opened for READONLY access to toppar/toppar_dum_noble_gases.str

                    INPUT STREAM SWITCHING TO UNIT    98
 RDTITL> * TOPLOGY AND PARAMETER INFORMATION FOR HELIUM, NEON AND A DUMMY ATOM.
 RDTITL> *
 Parameter: IN1 <- "" <empty>
  
 CHARMM>     
  
 CHARMM>    !Testcase
 CHARMM>    !test_dum_nobel_gases.inp
 CHARMM>     
  
 CHARMM>    !test "append" to determine if previous	toppar files have been read and
 CHARMM>    !add append to "read rtf card" if true
 CHARMM>    set nat ?NATC
 RDCMND substituted energy or value "?NATC" to "487"
 Parameter: NAT <- "487"
  
 CHARMM>    set app
 Parameter: APP <- "" <empty>
  
 CHARMM>    !We're exploiting what is arguably a bug in the parser. On the left hand side,
 CHARMM>    !the quotes have proirity, so NAT is correctly substituted. On the right hand
 CHARMM>    !side, the ? has priority and NATC" (sic) is not a valid substitution...
 CHARMM>    if "@NAT" ne "?NATC" if @nat ne 0 set app append
 Parameter: NAT -> "487"
 Parameter: NAT -> "487"
 RDCMND: can not substitute energy "?NATC""
 Comparing ""487"" and ""?NATC"".
 IF test evaluated as true.  Performing command
 Comparing "487" and "0".
 IF test evaluated as true.  Performing command
 Parameter: APP <- "APPEND"
  
 CHARMM>     
  
 CHARMM>    read rtf card @app
 Parameter: APP -> "APPEND"
 MAINIO> Residue topology file being read from unit  98.
 RDTITL> * TOPOLOGY FOR HELIUM, NEON AND A DUMMY ATOM.
 RDTITL> *
  
 CHARMM>     
  
 CHARMM>    read para card flex @app
 Parameter: APP -> "APPEND"

          PARAMETER FILE BEING READ FROM UNIT 98
 RDTITL> * PARAMETERS FOR HELIUM, NEON AND A DUMMY ATOM.
 RDTITL> *
 PARMIO> NONBOND, HBOND lists and IMAGE atoms cleared.
  
 CHARMM>     
  
 CHARMM>    return
 VCLOSE: Closing unit   98 with status "KEEP"

                    RETURNING TO INPUT STREAM    99
  
 CHARMM>    stream toppar/toppar_ions_won.str
 VOPEN> Attempting to open::toppar/toppar_ions_won.str::
 OPNLGU> Unit 98 opened for READONLY access to toppar/toppar_ions_won.str

                    INPUT STREAM SWITCHING TO UNIT    98
 RDTITL> * TOP_IONS_WON.STR: GENERAL MODEL FOR MONO-, DI-, AND TRIVALENT CATIONS
 RDTITL> *
 Parameter: IN1 <- "" <empty>
  
 CHARMM>     
  
 CHARMM>    !This is a comprehensive set of ions developed using stochastic boundary
 CHARMM>    !conditions. It is strongly recommended that ion parameters in
 CHARMM>    !toppar_water_ions.str be used if available, as they are more highly
 CHARMM>    !optimized.  Accordingly, those ions have been commented in this
 CHARMM>    !file.
 CHARMM>    !
 CHARMM>    !reference
 CHARMM>    !Won, Y., "Force Field for Monovalent, Divalent, and Trivalent Cations
 CHARMM>    !Developed under the Solvent Boundary Potential," Journal of Physical
 CHARMM>    !Chemistry A., 116: 11763-11767, 2012.
 CHARMM>     
  
 CHARMM>     
  
 CHARMM>    !test "append" to determine if previous toppar files have been read and
 CHARMM>    !add append to "read rtf card" if true
 CHARMM>    set nat ?NATC
 RDCMND substituted energy or value "?NATC" to "490"
 Parameter: NAT <- "490"
  
 CHARMM>    set app
 Parameter: APP <- "" <empty>
  
 CHARMM>    !We're exploiting what is arguably a bug in the parser. On the left hand side,
 CHARMM>    !the quotes have priority, so NAT is correctly substituted. On the right hand
 CHARMM>    !side, the ? has priority and NATC" (sic) is not a valid substitution...
 CHARMM>    if "@NAT" ne "?NATC" if @nat ne 0 set app append
 Parameter: NAT -> "490"
 Parameter: NAT -> "490"
 RDCMND: can not substitute energy "?NATC""
 Comparing ""490"" and ""?NATC"".
 IF test evaluated as true.  Performing command
 Comparing "490" and "0".
 IF test evaluated as true.  Performing command
 Parameter: APP <- "APPEND"
  
 CHARMM>     
  
 CHARMM>    read rtf card @app
 Parameter: APP -> "APPEND"
 MAINIO> Residue topology file being read from unit  98.
 RDTITL> * TOPOLOGY FOR WATER AND IONS
 RDTITL> *
  
 CHARMM>     
  
 CHARMM>    read para card flex @app
 Parameter: APP -> "APPEND"

          PARAMETER FILE BEING READ FROM UNIT 98
 RDTITL> * PAR_CATION.PRM FOR MONO-, DI-, AND TRIVALENT CATIONS
 RDTITL> *
 PARMIO> NONBOND, HBOND lists and IMAGE atoms cleared.
  
 VCLOSE: Closing unit   98 with status "KEEP"

                    RETURNING TO INPUT STREAM    99
  
 CHARMM>    stream toppar/cam.str
 VOPEN> Attempting to open::toppar/cam.str::
 OPNLGU> Unit 98 opened for READONLY access to toppar/cam.str

                    INPUT STREAM SWITCHING TO UNIT    98
 RDTITL> READ RTF CARD APPEND
 RDTITL> No title read.
 Parameter: IN1 <- "" <empty>
  
 CHARMM>    read rtf card append
 MAINIO> Residue topology file being read from unit  98.
 RDTITL> * TOPOLOGY GENERATED BY PARMED
 RDTITL> *

      ***** LEVEL  1 WARNING FROM <rtfrdr> *****
      ***** No AUTOgen defaults specified in appended RTF. Potential conflict with prior RTF autogen options. Check.
      ******************************************
      BOMLEV (  0) IS NOT REACHED. WRNLEV IS  5

  
 CHARMM>     
  
 CHARMM>    read para card flex append

          PARAMETER FILE BEING READ FROM UNIT 98
 RDTITL> * PARAMETERS GENERATED BY PARMED
 RDTITL> *
 PARMIO> NONBOND, HBOND lists and IMAGE atoms cleared.
  
 CHARMM>     
  
 CHARMM>    ! The following section contains NBFixes for CAM interacting with
 CHARMM>    ! water.
 CHARMM>    set para
 Parameter: PARA <- "" <empty>
  
 CHARMM>    if ?NUMNODE gt 1 set para node 0
 RDCMND substituted energy or value "?NUMNODE" to "1"
 Comparing "1" and "1".
 IF test evaluated as false.  Skipping command
  
 CHARMM>     
  
 CHARMM>    set wrn ?WRNLEV
 RDCMND substituted energy or value "?WRNLEV" to "5"
 Parameter: WRN <- "5"
  
 CHARMM>    ! Some versions of CHARMM don't seem to initialize wrnlev...
 CHARMM>    if "@WRN" eq "?WRNLEV" set wrn 5
 Parameter: WRN -> "5"
 RDCMND: can not substitute energy "?WRNLEV""
 Comparing ""5"" and ""?WRNLEV"".
 IF test evaluated as false.  Skipping command
  
 CHARMM>    set bom ?bomlev
 RDCMND substituted energy or value "?BOMLEV" to "0"
 Parameter: BOM <- "0"
  
 CHARMM>    WRNLEV -1 @PARA
 Parameter: PARA -> "" <empty>
  
 CHARMM>    BOMLEV -1 @PARA
 Parameter: PARA -> "" <empty>
  
 CHARMM>     
  
 CHARMM>    read para card flex append

          PARAMETER FILE BEING READ FROM UNIT 98
 RDTITL> * NBFIX BETWEEN CAM AND WATER
 RDTITL> *
 PARMIO> NONBOND, HBOND lists and IMAGE atoms cleared.
  
 CHARMM>    BOMLEV @bom @PARA
 Parameter: BOM -> "0"
 Parameter: PARA -> "" <empty>
  
 CHARMM>    WRNLEV @wrn @PARA
 Parameter: WRN -> "5"
 Parameter: PARA -> "" <empty>
  
 CHARMM>     
  
 CHARMM>    return
 VCLOSE: Closing unit   98 with status "KEEP"

                    RETURNING TO INPUT STREAM    99
  
 CHARMM>     
  
 CHARMM>    ! Additional topologies and parameters for protein
 CHARMM>    stream toppar/toppar_all36_prot_arg0.str
 VOPEN> Attempting to open::toppar/toppar_all36_prot_arg0.str::
 OPNLGU> Unit 98 opened for READONLY access to toppar/toppar_all36_prot_arg0.str

                    INPUT STREAM SWITCHING TO UNIT    98
 RDTITL> *>>>>>> ALL-HYDROGEN TOPOLOGY FOR NEUTRAL ARG <<<<<<<<<<<<<<<<<<<<
 RDTITL> *>>>>>>>>>>>>>>>>>>>>>>> 2007 <<<<<<<<<<<<<<<<<<<<<<<<<<<<<<<<<<<<
 RDTITL> *>>>>>>>> DIRECT COMMENTS TO ALEXANDER D. MACKERELL JR. <<<<<<<<<<
 RDTITL> *>>>>>>>>>>>>>>> PARAMETER FORUM, WWW.CHARMM.ORG <<<<<<<<<<<<<<<<<
 RDTITL> *
 Parameter: IN1 <- "" <empty>
  
 CHARMM>     
  
 CHARMM>    ! Atom names include "R" (for Arg) as the second letter. The
 CHARMM>    ! only other atom types in the additive FF with this second
 CHARMM>    ! letter are histidine [HN]R[123] in the protein FF and CRL[12]
 CHARMM>    ! in toppar_all36_lipid_cholesterol.str , so no more conflicts.
 CHARMM>     
  
 CHARMM>    !Parent files that have to be read prior to streaming this file
 CHARMM>    !top_all36_prot.rtf
 CHARMM>    !par_all36_prot.rtf
 CHARMM>    !
 CHARMM>    !Testcase
 CHARMM>    !test_all36_prot_arg0.inp
 CHARMM>     
  
 CHARMM>    !Li, L., Vorobyov, I.V., MacKerell, Jr., A.D., Allen, T.W., "Is
 CHARMM>    !arginine charged in a membrane?" Biophysical Journal, 94: L11-L13,
 CHARMM>    !2008, PMCID: PMC2157258
 CHARMM>     
  
 CHARMM>    read rtf card append
 MAINIO> Residue topology file being read from unit  98.
 RDTITL> * TOPOLOGY FOR PROTEIN RELATED MODEL COMPOUNDS
 RDTITL> *
*** WARNING **** residue MGU1 already exists (old one deleted)

      ***** LEVEL  1 WARNING FROM <RTFRDR> *****
      ***** Residue already exists.
      ******************************************
      BOMLEV (  0) IS NOT REACHED. WRNLEV IS  5

          RESI MGU1          0.00
*** WARNING **** residue MGU2 already exists (old one deleted)

      ***** LEVEL  1 WARNING FROM <RTFRDR> *****
      ***** Residue already exists.
      ******************************************
      BOMLEV (  0) IS NOT REACHED. WRNLEV IS  5

          RESI MGU2          0.00
 There were   2 warning(s) from RTFRDR.
  
 CHARMM>     
  
 CHARMM>    read param card flex append

          PARAMETER FILE BEING READ FROM UNIT 98
 RDTITL>  
 RDTITL> No title read.
 PARMIO> NONBOND, HBOND lists and IMAGE atoms cleared.
  
 CHARMM>     
  
 CHARMM>    return
 VCLOSE: Closing unit   98 with status "KEEP"

                    RETURNING TO INPUT STREAM    99
  
 CHARMM>    stream toppar/toppar_all36_prot_c36m_d_aminoacids.str
 VOPEN> Attempting to open::toppar/toppar_all36_prot_c36m_d_aminoacids.str::
 OPNLGU> Unit 98 opened for READONLY access to toppar/toppar_all36_prot_c36m_d_aminoacids.str

                    INPUT STREAM SWITCHING TO UNIT    98
 RDTITL> *>>>>>>CHARMM36 ALL-HYDROGEN TOPPAR FILE FOR D-PROTEINS <<<<<<<
 RDTITL> *>>>>>>>>>>>>>>>>>>>>>>>>>> JAN. 2016 <<<<<<<<<<<<<<<<<<<<<<<<<<<<
 RDTITL> * ALL COMMENTS TO THE CHARMM WEB SITE: WWW.CHARMM.ORG
 RDTITL> *             PARAMETER SET DISCUSSION FORUM
 RDTITL> *
 Parameter: IN1 <- "" <empty>
  
 CHARMM>     
  
 CHARMM>    !update 2016/2. use directly inverted CMAPs
 CHARMM>     
  
 CHARMM>    !toppar stream file for D-amino acids. Includes new residue
 CHARMM>    !names, inverted CMAP and additional parameters.
 CHARMM>     
  
 CHARMM>    !Parent files that have to be read prior to streaming this file
 CHARMM>    !top_all36_prot.rtf
 CHARMM>    !par_all36m_prot.prm
 CHARMM>    !
 CHARMM>    !Testcase
 CHARMM>    !test_all36_d_amino_acid.inp
 CHARMM>     
  
 CHARMM>    !test "append" to determine if previous toppar files have been read and
 CHARMM>    !add append to "read rtf card" if true
 CHARMM>    set nat ?NATC
 RDCMND substituted energy or value "?NATC" to "556"
 Parameter: NAT <- "556"
  
 CHARMM>    set app
 Parameter: APP <- "" <empty>
  
 CHARMM>    !We're exploiting what is arguably a bug in the parser. On the left hand side,
 CHARMM>    !the quotes have priority, so NAT is correctly substituted. On the right hand
 CHARMM>    !side, the ? has priority and NATC" (sic) is not a valid substitution...
 CHARMM>    if "@NAT" ne "?NATC" if @nat ne 0 set app append
 Parameter: NAT -> "556"
 Parameter: NAT -> "556"
 RDCMND: can not substitute energy "?NATC""
 Comparing ""556"" and ""?NATC"".
 IF test evaluated as true.  Performing command
 Comparing "556" and "0".
 IF test evaluated as true.  Performing command
 Parameter: APP <- "APPEND"
  
 CHARMM>     
  
 CHARMM>    read rtf card @app
 Parameter: APP -> "APPEND"
 MAINIO> Residue topology file being read from unit  98.
 RDTITL> * TOPOLOGY FOR D- AMINOACIDS
 RDTITL> *
  
 CHARMM>     
  
 CHARMM>    read para card flex @app
 Parameter: APP -> "APPEND"

          PARAMETER FILE BEING READ FROM UNIT 98
 RDTITL> * PARAMETERS FOR D- AMINOACIDS
 RDTITL> *
 PARMIO> NONBOND, HBOND lists and IMAGE atoms cleared.
  
 VCLOSE: Closing unit   98 with status "KEEP"

                    RETURNING TO INPUT STREAM    99
  
 CHARMM>    stream toppar/toppar_all36_prot_fluoro_alkanes.str
 VOPEN> Attempting to open::toppar/toppar_all36_prot_fluoro_alkanes.str::
 OPNLGU> Unit 98 opened for READONLY access to toppar/toppar_all36_prot_fluoro_alkanes.str

                    INPUT STREAM SWITCHING TO UNIT    98
 RDTITL> * TOPOLOGY AND PARAMETERS FOR FLUORINATED ALKANES.
 RDTITL> *
 Parameter: IN1 <- "" <empty>
  
 CHARMM>     
  
 CHARMM>    !These parameters are maintained for historic reasons.  The CGenFF
 CHARMM>    !halogen parameters are a significant improvement over these
 CHARMM>    !parameters.
 CHARMM>     
  
 CHARMM>    !Parent files that have to be read prior to streaming this file
 CHARMM>    !top_all36_prot.rtf
 CHARMM>    !par_all36_prot.prm
 CHARMM>     
  
 CHARMM>    !Testcase
 CHARMM>    !test_all36_prot_fluoro_alkanes.inp
 CHARMM>     
  
 CHARMM>    !Reference
 CHARMM>    !Chen, I.-J., Yin, D. and MacKerell, Jr., A.D., "Combined Ab
 CHARMM>    !initio/Empirical Approach for Optimization of Lennard-Jones Parameters
 CHARMM>    !for Polar-Neutral Compounds," Journal of Computational Chemistry,
 CHARMM>    !2002, 23:199-213.
 CHARMM>    !
 CHARMM>    !Note that these parameters are higly optimized to reproduce the
 CHARMM>    !corresponding condensed phase properties and have not been incorporated
 CHARMM>    !into the CHARMM22 or CHARMM27 biomolecular force fields
 CHARMM>     
  
 CHARMM>    read rtf card append
 MAINIO> Residue topology file being read from unit  98.
 RDTITL> * TOPOLOGY FOR FLUOROALKANES
 RDTITL> *
*** WARNING **** residue ETHA already exists (old one deleted)

      ***** LEVEL  1 WARNING FROM <RTFRDR> *****
      ***** Residue already exists.
      ******************************************
      BOMLEV (  0) IS NOT REACHED. WRNLEV IS  5

          RESI ETHA  0.0
*** WARNING **** residue FETH already exists (old one deleted)

      ***** LEVEL  1 WARNING FROM <RTFRDR> *****
      ***** Residue already exists.
      ******************************************
      BOMLEV (  0) IS NOT REACHED. WRNLEV IS  5

          RESI FETH  0.0
*** WARNING **** residue DFET already exists (old one deleted)

      ***** LEVEL  1 WARNING FROM <RTFRDR> *****
      ***** Residue already exists.
      ******************************************
      BOMLEV (  0) IS NOT REACHED. WRNLEV IS  5

          RESI DFET 0.0
*** WARNING **** residue TFET already exists (old one deleted)

      ***** LEVEL  1 WARNING FROM <RTFRDR> *****
      ***** Residue already exists.
      ******************************************
      BOMLEV (  0) IS NOT REACHED. WRNLEV IS  5

          RESI TFET  0.0
*** WARNING **** residue TFE  already exists (old one deleted)

      ***** LEVEL  1 WARNING FROM <RTFRDR> *****
      ***** Residue already exists.
      ******************************************
      BOMLEV (  0) IS NOT REACHED. WRNLEV IS  5

          RESI TFE   0.0
 There were   5 warning(s) from RTFRDR.
  
 CHARMM>     
  
 CHARMM>    read para card flex append

          PARAMETER FILE BEING READ FROM UNIT 98
 RDTITL> * FLUOROALKANE PARAMETERS
 RDTITL> *
 PARMIO> NONBOND, HBOND lists and IMAGE atoms cleared.
  
 CHARMM>     
  
 CHARMM>    return
 VCLOSE: Closing unit   98 with status "KEEP"

                    RETURNING TO INPUT STREAM    99
  
 CHARMM>    stream toppar/toppar_all36_prot_heme.str
 VOPEN> Attempting to open::toppar/toppar_all36_prot_heme.str::
 OPNLGU> Unit 98 opened for READONLY access to toppar/toppar_all36_prot_heme.str

                    INPUT STREAM SWITCHING TO UNIT    98
 RDTITL> * TOPOLOGY AND PARAMETER STREAM FILE FOR HEME AND RELATED
 RDTITL> * LIGANDS AND PATCHES.
 RDTITL> *
 Parameter: IN1 <- "" <empty>
  
 CHARMM>     
  
 CHARMM>    !updated 2016/2, allow for use of AUTOGENERATE ANGLE DIHEDRAl PATCH
 CHARMM>     
  
 CHARMM>    !Parent files that have to be read prior to streaming this file
 CHARMM>    !top_all36_prot.rtf
 CHARMM>    !par_all36_prot.prm
 CHARMM>     
  
 CHARMM>    !Testcase
 CHARMM>    !test_all36_prot_heme.inp
 CHARMM>     
  
 CHARMM>    read rtf card append
 MAINIO> Residue topology file being read from unit  98.
 RDTITL> * TOPOLOGY FOR HEME AND RELATED COMPOUNDS AND PATCHES
 RDTITL> *
*** WARNING **** residue CO2  already exists (old one deleted)

      ***** LEVEL  1 WARNING FROM <RTFRDR> *****
      ***** Residue already exists.
      ******************************************
      BOMLEV (  0) IS NOT REACHED. WRNLEV IS  5

          RESI CO2             0.00
 There were   1 warning(s) from RTFRDR.
  
 CHARMM>     
  
 CHARMM>    read para card flex append

          PARAMETER FILE BEING READ FROM UNIT 98
 RDTITL> * ADDITIONAL PARAMETERS FOR HEME
 RDTITL> *
 PARMIO> NONBOND, HBOND lists and IMAGE atoms cleared.
  
 CHARMM>     
  
 CHARMM>    return
 VCLOSE: Closing unit   98 with status "KEEP"

                    RETURNING TO INPUT STREAM    99
  
 CHARMM>    stream toppar/toppar_all36_prot_na_combined.str
 VOPEN> Attempting to open::toppar/toppar_all36_prot_na_combined.str::
 OPNLGU> Unit 98 opened for READONLY access to toppar/toppar_all36_prot_na_combined.str

                    INPUT STREAM SWITCHING TO UNIT    98
 RDTITL> * TOPOLOGY AND PARAMETER STREAM FILE FOR PATCHES TO CREATE
 RDTITL> * MODEL COMPOUNDS AND PATCHES THAT REQUIRE BOTH PROTEIN AND
 RDTITL> * NUCLEIC ACID TOPOLOGY AND PARAMETER INFORMATION
 RDTITL> *
 Parameter: IN1 <- "" <empty>
  
 CHARMM>     
  
 CHARMM>    !Parent files that have to be read prior to streaming this file
 CHARMM>    !top_all36_prot.rtf
 CHARMM>    !par_all36_prot.prm
 CHARMM>    !top_all36_na.rtf
 CHARMM>    !par_all36_na.prm
 CHARMM>    !stream/toppar_all36_prot_fluoro_alkanes.str ! atom types an parameters for fluorinated compounds
 CHARMM>     
  
 CHARMM>    !Testcase
 CHARMM>    !test_all36_prot_na_combined.inp
 CHARMM>     
  
 CHARMM>    !all patches must be followed by AUTOGENERATE ANGLES DIHEDRALS
 CHARMM>     
  
 CHARMM>    !PHOSPHOTYROSINE
 CHARMM>    !
 CHARMM>    !Feng, M.-H., Philippopoulos, M., MacKerell, Jr., A.D. and Lim, C.
 CHARMM>    !Structural Characterization of the Phosphotyrosine Binding Region of a
 CHARMM>    !High-Affinity aSH2 Domain-Phosphopeptide Complex by Molecular Dynamics
 CHARMM>    !Simulation and Chemical Shift Calculations. Journal of the American
 CHARMM>    !Chemical Society, 1996, 118: 11265-11277.
 CHARMM>     
  
 CHARMM>    read rtf card append
 MAINIO> Residue topology file being read from unit  98.
 RDTITL> * TOPOLOGY FOR PHOSPHORYLATED AMINO ACIDS
 RDTITL> *
*** WARNING **** residue THFI already exists (old one deleted)

      ***** LEVEL  1 WARNING FROM <RTFRDR> *****
      ***** Residue already exists.
      ******************************************
      BOMLEV (  0) IS NOT REACHED. WRNLEV IS  5

          RESI THFI       0.00
*** WARNING **** residue THMI already exists (old one deleted)

      ***** LEVEL  1 WARNING FROM <RTFRDR> *****
      ***** Residue already exists.
      ******************************************
      BOMLEV (  0) IS NOT REACHED. WRNLEV IS  5

          RESI THMI       0.00
*** WARNING **** residue THFA already exists (old one deleted)

      ***** LEVEL  1 WARNING FROM <RTFRDR> *****
      ***** Residue already exists.
      ******************************************
      BOMLEV (  0) IS NOT REACHED. WRNLEV IS  5

          RESI THFA        0.00
*** WARNING **** residue THAO already exists (old one deleted)

      ***** LEVEL  1 WARNING FROM <RTFRDR> *****
      ***** Residue already exists.
      ******************************************
      BOMLEV (  0) IS NOT REACHED. WRNLEV IS  5

          RESI THAO         0.00
*** WARNING **** residue RNUS already exists (old one deleted)

      ***** LEVEL  1 WARNING FROM <RTFRDR> *****
      ***** Residue already exists.
      ******************************************
      BOMLEV (  0) IS NOT REACHED. WRNLEV IS  5

          RESI RNUS         0.00
*** WARNING **** residue NUCL already exists (old one deleted)

      ***** LEVEL  1 WARNING FROM <RTFRDR> *****
      ***** Residue already exists.
      ******************************************
      BOMLEV (  0) IS NOT REACHED. WRNLEV IS  5

          RESI NUCL        -1.00
*** WARNING **** residue PPH1 already exists (old one deleted)

      ***** LEVEL  1 WARNING FROM <RTFRDR> *****
      ***** Residue already exists.
      ******************************************
      BOMLEV (  0) IS NOT REACHED. WRNLEV IS  5

          RESI PPH1      -1.00
*** WARNING **** residue BMPH already exists (old one deleted)

      ***** LEVEL  1 WARNING FROM <RTFRDR> *****
      ***** Residue already exists.
      ******************************************
      BOMLEV (  0) IS NOT REACHED. WRNLEV IS  5

          RESI BMPH      -1.00
*** WARNING **** residue BMPD already exists (old one deleted)

      ***** LEVEL  1 WARNING FROM <RTFRDR> *****
      ***** Residue already exists.
      ******************************************
      BOMLEV (  0) IS NOT REACHED. WRNLEV IS  5

          RESI BMPD      -2.00
*** WARNING **** residue BDFP already exists (old one deleted)

      ***** LEVEL  1 WARNING FROM <RTFRDR> *****
      ***** Residue already exists.
      ******************************************
      BOMLEV (  0) IS NOT REACHED. WRNLEV IS  5

          RESI BDFP      -1.00
*** WARNING **** residue BDFD already exists (old one deleted)

      ***** LEVEL  1 WARNING FROM <RTFRDR> *****
      ***** Residue already exists.
      ******************************************
      BOMLEV (  0) IS NOT REACHED. WRNLEV IS  5

          RESI BDFD -2.00
*** WARNING **** residue EP_2 already exists (old one deleted)

      ***** LEVEL  1 WARNING FROM <RTFRDR> *****
      ***** Residue already exists.
      ******************************************
      BOMLEV (  0) IS NOT REACHED. WRNLEV IS  5

          RESI EP_2        -2.00
*** WARNING **** residue IP_2 already exists (old one deleted)

      ***** LEVEL  1 WARNING FROM <RTFRDR> *****
      ***** Residue already exists.
      ******************************************
      BOMLEV (  0) IS NOT REACHED. WRNLEV IS  5

          RESI IP_2        -2.00
 There were  13 warning(s) from RTFRDR.
  
 CHARMM>     
  
 CHARMM>    read para card flex append

          PARAMETER FILE BEING READ FROM UNIT 98
 RDTITL> * ADDITIONAL PARAMETERS FOR PHOSPHORYLATED AMINO ACIDS
 RDTITL> *
 PARMIO> NONBOND, HBOND lists and IMAGE atoms cleared.
  
 VCLOSE: Closing unit   98 with status "KEEP"

                    RETURNING TO INPUT STREAM    99
  
 CHARMM>    stream toppar/toppar_all36_prot_retinol.str
 VOPEN> Attempting to open::toppar/toppar_all36_prot_retinol.str::
 OPNLGU> Unit 98 opened for READONLY access to toppar/toppar_all36_prot_retinol.str

                    INPUT STREAM SWITCHING TO UNIT    98
 RDTITL> * TOPPAR STREAM FILE FOR RETINOL AND RETINAL PARAMETERS
 RDTITL> * A. LOCCISANO, A.M.W., J. EVANSECK AND A.D. MACKERELL, JR.
 RDTITL> * APRIL, 2005
 RDTITL> *
 Parameter: IN1 <- "" <empty>
  
 CHARMM>     
  
 CHARMM>    !use with c36 protein force fields
 CHARMM>    !top_all36_prot.rtf
 CHARMM>    !par_all36_prot.prm
 CHARMM>     
  
 CHARMM>    read rtf card append
 MAINIO> Residue topology file being read from unit  98.
 RDTITL> * RETINAL/RETINOL AND RELATED MODEL COMPOUNDS
 RDTITL> *
*** WARNING **** residue BTE2 already exists (old one deleted)

      ***** LEVEL  1 WARNING FROM <RTFRDR> *****
      ***** Residue already exists.
      ******************************************
      BOMLEV (  0) IS NOT REACHED. WRNLEV IS  5

          RESI BTE2       0.00
*** WARNING **** residue 13DB already exists (old one deleted)

      ***** LEVEL  1 WARNING FROM <RTFRDR> *****
      ***** Residue already exists.
      ******************************************
      BOMLEV (  0) IS NOT REACHED. WRNLEV IS  5

          RESI 13DB       0.00
*** WARNING **** residue 13DP already exists (old one deleted)

      ***** LEVEL  1 WARNING FROM <RTFRDR> *****
      ***** Residue already exists.
      ******************************************
      BOMLEV (  0) IS NOT REACHED. WRNLEV IS  5

          RESI 13DP       0.00
*** WARNING **** residue DMB1 already exists (old one deleted)

      ***** LEVEL  1 WARNING FROM <RTFRDR> *****
      ***** Residue already exists.
      ******************************************
      BOMLEV (  0) IS NOT REACHED. WRNLEV IS  5

          RESI DMB1       0.00
*** WARNING **** residue DMP1 already exists (old one deleted)

      ***** LEVEL  1 WARNING FROM <RTFRDR> *****
      ***** Residue already exists.
      ******************************************
      BOMLEV (  0) IS NOT REACHED. WRNLEV IS  5

          RESI DMP1       0.00
*** WARNING **** residue DMP2 already exists (old one deleted)

      ***** LEVEL  1 WARNING FROM <RTFRDR> *****
      ***** Residue already exists.
      ******************************************
      BOMLEV (  0) IS NOT REACHED. WRNLEV IS  5

          RESI DMP2       0.00
*** WARNING **** residue CROT already exists (old one deleted)

      ***** LEVEL  1 WARNING FROM <RTFRDR> *****
      ***** Residue already exists.
      ******************************************
      BOMLEV (  0) IS NOT REACHED. WRNLEV IS  5

          RESI CROT       0.00
*** WARNING **** residue PACP already exists (old one deleted)

      ***** LEVEL  1 WARNING FROM <RTFRDR> *****
      ***** Residue already exists.
      ******************************************
      BOMLEV (  0) IS NOT REACHED. WRNLEV IS  5

          RESI PACP       0.00
*** WARNING **** residue MECH already exists (old one deleted)

      ***** LEVEL  1 WARNING FROM <RTFRDR> *****
      ***** Residue already exists.
      ******************************************
      BOMLEV (  0) IS NOT REACHED. WRNLEV IS  5

          RESI MECH       0.00
*** WARNING **** residue TMCH already exists (old one deleted)

      ***** LEVEL  1 WARNING FROM <RTFRDR> *****
      ***** Residue already exists.
      ******************************************
      BOMLEV (  0) IS NOT REACHED. WRNLEV IS  5

          RESI TMCH       0.00
*** WARNING **** residue FRET already exists (old one deleted)

      ***** LEVEL  1 WARNING FROM <RTFRDR> *****
      ***** Residue already exists.
      ******************************************
      BOMLEV (  0) IS NOT REACHED. WRNLEV IS  5

          RESI FRET       0.00
*** WARNING **** residue RTOL already exists (old one deleted)

      ***** LEVEL  1 WARNING FROM <RTFRDR> *****
      ***** Residue already exists.
      ******************************************
      BOMLEV (  0) IS NOT REACHED. WRNLEV IS  5

          RESI RTOL       0.00
*** WARNING **** residue RTAL already exists (old one deleted)

      ***** LEVEL  1 WARNING FROM <RTFRDR> *****
      ***** Residue already exists.
      ******************************************
      BOMLEV (  0) IS NOT REACHED. WRNLEV IS  5

          RESI RTAL       0.00
*** WARNING **** residue RTAC already exists (old one deleted)

      ***** LEVEL  1 WARNING FROM <RTFRDR> *****
      ***** Residue already exists.
      ******************************************
      BOMLEV (  0) IS NOT REACHED. WRNLEV IS  5

          RESI RTAC      -1.00
*** WARNING **** residue PRAC already exists (old one deleted)

      ***** LEVEL  1 WARNING FROM <RTFRDR> *****
      ***** Residue already exists.
      ******************************************
      BOMLEV (  0) IS NOT REACHED. WRNLEV IS  5

          RESI PRAC      -1.00
*** WARNING **** residue PROL already exists (old one deleted)

      ***** LEVEL  1 WARNING FROM <RTFRDR> *****
      ***** Residue already exists.
      ******************************************
      BOMLEV (  0) IS NOT REACHED. WRNLEV IS  5

          RESI PROL       0.00
*** WARNING **** residue PRAL already exists (old one deleted)

      ***** LEVEL  1 WARNING FROM <RTFRDR> *****
      ***** Residue already exists.
      ******************************************
      BOMLEV (  0) IS NOT REACHED. WRNLEV IS  5

          RESI PRAL       0.00
*** WARNING **** residue SCH1 already exists (old one deleted)

      ***** LEVEL  1 WARNING FROM <RTFRDR> *****
      ***** Residue already exists.
      ******************************************
      BOMLEV (  0) IS NOT REACHED. WRNLEV IS  5

          RESI SCH1       0.00
*** WARNING **** residue SCH2 already exists (old one deleted)

      ***** LEVEL  1 WARNING FROM <RTFRDR> *****
      ***** Residue already exists.
      ******************************************
      BOMLEV (  0) IS NOT REACHED. WRNLEV IS  5

          RESI SCH2       1.00
*** WARNING **** residue SCH3 already exists (old one deleted)

      ***** LEVEL  1 WARNING FROM <RTFRDR> *****
      ***** Residue already exists.
      ******************************************
      BOMLEV (  0) IS NOT REACHED. WRNLEV IS  5

          RESI SCH3       1.00
 There were  20 warning(s) from RTFRDR.
  
 CHARMM>     
  
 CHARMM>    read para card flex append

          PARAMETER FILE BEING READ FROM UNIT 98
 RDTITL> * RETINAL/RETINOL AND RELATED PARAMETERS
 RDTITL> *
 PARMIO> NONBOND, HBOND lists and IMAGE atoms cleared.
  
 CHARMM>     
  
 VCLOSE: Closing unit   98 with status "KEEP"

                    RETURNING TO INPUT STREAM    99
  
 CHARMM>    stream toppar/toppar_all36_prot_model.str
 VOPEN> Attempting to open::toppar/toppar_all36_prot_model.str::
 OPNLGU> Unit 98 opened for READONLY access to toppar/toppar_all36_prot_model.str

                    INPUT STREAM SWITCHING TO UNIT    98
 RDTITL> *>> ALL-HYDROGEN TOPOLOGY FOR SMALL MODEL COMPOUNDS USED IN THE <<
 RDTITL> *>> DEVELOPMENT OF THE CHARMM22 PROTEIN ALL-HYDROGEN PARAMETERS <<
 RDTITL> *>>>>>>>>>>>>>>>>>>>>>>> JULY 1997 <<<<<<<<<<<<<<<<<<<<<<<<<<<<<<<
 RDTITL> *>>>>>>>> DIRECT COMMENTS TO ALEXANDER D. MACKERELL JR. <<<<<<<<<<
 RDTITL> *>>>>>>>>>>>>>>> PARAMETER FORUM, WWW.CHARMM.ORG <<<<<<<<<<<<<<<<<
 RDTITL> *CONVERTED TO STREAM FORMAT, DECEMBER 2003
 RDTITL> *CONVERTED TO CHARMM36 PROTEIN ATOM TYPES, MAY 2011
 RDTITL> *
 Parameter: IN1 <- "" <empty>
  
 CHARMM>     
  
 CHARMM>    !Parent files that have to be read prior to streaming this file
 CHARMM>    !top_all36_prot.rtf
 CHARMM>    !par_all36_prot.prm
 CHARMM>    !
 CHARMM>    !Testcase
 CHARMM>    !test_all36_prot_model.inp
 CHARMM>     
  
 CHARMM>    !changes after 9/98
 CHARMM>    !
 CHARMM>    !change alkene HA1 and HA2 to HE1 and HE2
 CHARMM>    !
 CHARMM>    !improper atom ordering corrected
 CHARMM>    !
 CHARMM>    !version b5i to be consistent with protein toppar files
 CHARMM>    !
 CHARMM>    !Heme vinyl groups upgraded based on new butene parameters
 CHARMM>    !
 CHARMM>     
  
 CHARMM>    ! references
 CHARMM>    !
 CHARMM>    !PROTEINS
 CHARMM>    !
 CHARMM>    !MacKerell, Jr., A. D.; Bashford, D.; Bellott, M.; Dunbrack Jr., R.L.;
 CHARMM>    !Evanseck, J.D.; Field, M.J.; Fischer, S.; Gao, J.; Guo, H.; Ha, S.;
 CHARMM>    !Joseph-McCarthy, D.; Kuchnir, L.; Kuczera, K.; Lau, F.T.K.; Mattos,
 CHARMM>    !C.; Michnick, S.; Ngo, T.; Nguyen, D.T.; Prodhom, B.; Reiher, III,
 CHARMM>    !W.E.; Roux, B.; Schlenkrich, M.; Smith, J.C.; Stote, R.; Straub, J.;
 CHARMM>    !Watanabe, M.; Wiorkiewicz-Kuczera, J.; Yin, D.; Karplus, M.  All-atom
 CHARMM>    !empirical potential for molecular modeling and dynamics Studies of
 CHARMM>    !proteins.  Journal of Physical Chemistry B, 1998, 102, 3586-3616.
 CHARMM>     
  
 CHARMM>    read rtf card append
 MAINIO> Residue topology file being read from unit  98.
 RDTITL> * TOPOLOGY FOR PROTEIN RELATED MODEL COMPOUNDS
 RDTITL> *
*** WARNING **** residue ACET already exists (old one deleted)

      ***** LEVEL  1 WARNING FROM <RTFRDR> *****
      ***** Residue already exists.
      ******************************************
      BOMLEV (  0) IS NOT REACHED. WRNLEV IS  5

          RESI ACET       -1.00
*** WARNING **** residue PROA already exists (old one deleted)

      ***** LEVEL  1 WARNING FROM <RTFRDR> *****
      ***** Residue already exists.
      ******************************************
      BOMLEV (  0) IS NOT REACHED. WRNLEV IS  5

          RESI PROA       -1.00
*** WARNING **** residue GUAN already exists (old one deleted)

      ***** LEVEL  1 WARNING FROM <RTFRDR> *****
      ***** Residue already exists.
      ******************************************
      BOMLEV (  0) IS NOT REACHED. WRNLEV IS  5

          RESI GUAN        1.00
*** WARNING **** residue MGUA already exists (old one deleted)

      ***** LEVEL  1 WARNING FROM <RTFRDR> *****
      ***** Residue already exists.
      ******************************************
      BOMLEV (  0) IS NOT REACHED. WRNLEV IS  5

          RESI MGUA        1.00
*** WARNING **** residue GLYN already exists (old one deleted)

      ***** LEVEL  1 WARNING FROM <RTFRDR> *****
      ***** Residue already exists.
      ******************************************
      BOMLEV (  0) IS NOT REACHED. WRNLEV IS  5

          RESI GLYN         0.00
*** WARNING **** residue MAMM already exists (old one deleted)

      ***** LEVEL  1 WARNING FROM <RTFRDR> *****
      ***** Residue already exists.
      ******************************************
      BOMLEV (  0) IS NOT REACHED. WRNLEV IS  5

          RESI MAMM        1.00
*** WARNING **** residue EAMM already exists (old one deleted)

      ***** LEVEL  1 WARNING FROM <RTFRDR> *****
      ***** Residue already exists.
      ******************************************
      BOMLEV (  0) IS NOT REACHED. WRNLEV IS  5

          RESI EAMM        1.00
*** WARNING **** residue ACEH already exists (old one deleted)

      ***** LEVEL  1 WARNING FROM <RTFRDR> *****
      ***** Residue already exists.
      ******************************************
      BOMLEV (  0) IS NOT REACHED. WRNLEV IS  5

          RESI ACEH        0.00
*** WARNING **** residue MEOH already exists (old one deleted)

      ***** LEVEL  1 WARNING FROM <RTFRDR> *****
      ***** Residue already exists.
      ******************************************
      BOMLEV (  0) IS NOT REACHED. WRNLEV IS  5

          RESI MEOH        0.00
*** WARNING **** residue METO already exists (old one deleted)

      ***** LEVEL  1 WARNING FROM <RTFRDR> *****
      ***** Residue already exists.
      ******************************************
      BOMLEV (  0) IS NOT REACHED. WRNLEV IS  5

          RESI METO       -1.00
*** WARNING **** residue ETOH already exists (old one deleted)

      ***** LEVEL  1 WARNING FROM <RTFRDR> *****
      ***** Residue already exists.
      ******************************************
      BOMLEV (  0) IS NOT REACHED. WRNLEV IS  5

          RESI ETOH        0.00
*** WARNING **** residue ETO  already exists (old one deleted)

      ***** LEVEL  1 WARNING FROM <RTFRDR> *****
      ***** Residue already exists.
      ******************************************
      BOMLEV (  0) IS NOT REACHED. WRNLEV IS  5

          RESI ETO        -1.00
*** WARNING **** residue PRO2 already exists (old one deleted)

      ***** LEVEL  1 WARNING FROM <RTFRDR> *****
      ***** Residue already exists.
      ******************************************
      BOMLEV (  0) IS NOT REACHED. WRNLEV IS  5

          RESI PRO2        0.00
*** WARNING **** residue FORM already exists (old one deleted)

      ***** LEVEL  1 WARNING FROM <RTFRDR> *****
      ***** Residue already exists.
      ******************************************
      BOMLEV (  0) IS NOT REACHED. WRNLEV IS  5

          RESI FORM        0.00
*** WARNING **** residue ACEM already exists (old one deleted)

      ***** LEVEL  1 WARNING FROM <RTFRDR> *****
      ***** Residue already exists.
      ******************************************
      BOMLEV (  0) IS NOT REACHED. WRNLEV IS  5

          RESI ACEM        0.00
*** WARNING **** residue NMA  already exists (old one deleted)

      ***** LEVEL  1 WARNING FROM <RTFRDR> *****
      ***** Residue already exists.
      ******************************************
      BOMLEV (  0) IS NOT REACHED. WRNLEV IS  5

          RESI NMA         0.00
*** WARNING **** residue MESH already exists (old one deleted)

      ***** LEVEL  1 WARNING FROM <RTFRDR> *****
      ***** Residue already exists.
      ******************************************
      BOMLEV (  0) IS NOT REACHED. WRNLEV IS  5

          RESI MESH        0.00
*** WARNING **** residue MES1 already exists (old one deleted)

      ***** LEVEL  1 WARNING FROM <RTFRDR> *****
      ***** Residue already exists.
      ******************************************
      BOMLEV (  0) IS NOT REACHED. WRNLEV IS  5

          RESI MES1       -1.00
*** WARNING **** residue ETSH already exists (old one deleted)

      ***** LEVEL  1 WARNING FROM <RTFRDR> *****
      ***** Residue already exists.
      ******************************************
      BOMLEV (  0) IS NOT REACHED. WRNLEV IS  5

          RESI ETSH        0.00
*** WARNING **** residue ES1  already exists (old one deleted)

      ***** LEVEL  1 WARNING FROM <RTFRDR> *****
      ***** Residue already exists.
      ******************************************
      BOMLEV (  0) IS NOT REACHED. WRNLEV IS  5

          RESI ES1        -1.00
*** WARNING **** residue DMDS already exists (old one deleted)

      ***** LEVEL  1 WARNING FROM <RTFRDR> *****
      ***** Residue already exists.
      ******************************************
      BOMLEV (  0) IS NOT REACHED. WRNLEV IS  5

          RESI DMDS        0.00
*** WARNING **** residue DEDS already exists (old one deleted)

      ***** LEVEL  1 WARNING FROM <RTFRDR> *****
      ***** Residue already exists.
      ******************************************
      BOMLEV (  0) IS NOT REACHED. WRNLEV IS  5

          RESI DEDS        0.00
*** WARNING **** residue EMS  already exists (old one deleted)

      ***** LEVEL  1 WARNING FROM <RTFRDR> *****
      ***** Residue already exists.
      ******************************************
      BOMLEV (  0) IS NOT REACHED. WRNLEV IS  5

          RESI EMS         0.00
*** WARNING **** residue IMIA already exists (old one deleted)

      ***** LEVEL  1 WARNING FROM <RTFRDR> *****
      ***** Residue already exists.
      ******************************************
      BOMLEV (  0) IS NOT REACHED. WRNLEV IS  5

          RESI IMIA        0.00
*** WARNING **** residue MIMI already exists (old one deleted)

      ***** LEVEL  1 WARNING FROM <RTFRDR> *****
      ***** Residue already exists.
      ******************************************
      BOMLEV (  0) IS NOT REACHED. WRNLEV IS  5

          RESI MIMI        0.00
*** WARNING **** residue EIMI already exists (old one deleted)

      ***** LEVEL  1 WARNING FROM <RTFRDR> *****
      ***** Residue already exists.
      ******************************************
      BOMLEV (  0) IS NOT REACHED. WRNLEV IS  5

          RESI EIMI        0.00
*** WARNING **** residue IMIM already exists (old one deleted)

      ***** LEVEL  1 WARNING FROM <RTFRDR> *****
      ***** Residue already exists.
      ******************************************
      BOMLEV (  0) IS NOT REACHED. WRNLEV IS  5

          RESI IMIM        1.00
*** WARNING **** residue EIMM already exists (old one deleted)

      ***** LEVEL  1 WARNING FROM <RTFRDR> *****
      ***** Residue already exists.
      ******************************************
      BOMLEV (  0) IS NOT REACHED. WRNLEV IS  5

          RESI EIMM        1.00
*** WARNING **** residue BENZ already exists (old one deleted)

      ***** LEVEL  1 WARNING FROM <RTFRDR> *****
      ***** Residue already exists.
      ******************************************
      BOMLEV (  0) IS NOT REACHED. WRNLEV IS  5

          RESI BENZ        0.00
*** WARNING **** residue EBEN already exists (old one deleted)

      ***** LEVEL  1 WARNING FROM <RTFRDR> *****
      ***** Residue already exists.
      ******************************************
      BOMLEV (  0) IS NOT REACHED. WRNLEV IS  5

          RESI EBEN         0.00
*** WARNING **** residue PHEN already exists (old one deleted)

      ***** LEVEL  1 WARNING FROM <RTFRDR> *****
      ***** Residue already exists.
      ******************************************
      BOMLEV (  0) IS NOT REACHED. WRNLEV IS  5

          RESI PHEN        0.00
*** WARNING **** residue EPHE already exists (old one deleted)

      ***** LEVEL  1 WARNING FROM <RTFRDR> *****
      ***** Residue already exists.
      ******************************************
      BOMLEV (  0) IS NOT REACHED. WRNLEV IS  5

          RESI EPHE        0.00
*** WARNING **** residue PHEO already exists (old one deleted)

      ***** LEVEL  1 WARNING FROM <RTFRDR> *****
      ***** Residue already exists.
      ******************************************
      BOMLEV (  0) IS NOT REACHED. WRNLEV IS  5

          RESI PHEO       -1.00
*** WARNING **** residue INDO already exists (old one deleted)

      ***** LEVEL  1 WARNING FROM <RTFRDR> *****
      ***** Residue already exists.
      ******************************************
      BOMLEV (  0) IS NOT REACHED. WRNLEV IS  5

          RESI INDO        0.00
*** WARNING **** residue EIND already exists (old one deleted)

      ***** LEVEL  1 WARNING FROM <RTFRDR> *****
      ***** Residue already exists.
      ******************************************
      BOMLEV (  0) IS NOT REACHED. WRNLEV IS  5

          RESI EIND        0.00
*** WARNING **** residue PDIP already exists (old one deleted)

      ***** LEVEL  1 WARNING FROM <RTFRDR> *****
      ***** Residue already exists.
      ******************************************
      BOMLEV (  0) IS NOT REACHED. WRNLEV IS  5

          RESI PDIP        0.00
*** WARNING **** residue ETHA already exists (old one deleted)

      ***** LEVEL  1 WARNING FROM <RTFRDR> *****
      ***** Residue already exists.
      ******************************************
      BOMLEV (  0) IS NOT REACHED. WRNLEV IS  5

          RESI ETHA        0.00
*** WARNING **** residue PRPA already exists (old one deleted)

      ***** LEVEL  1 WARNING FROM <RTFRDR> *****
      ***** Residue already exists.
      ******************************************
      BOMLEV (  0) IS NOT REACHED. WRNLEV IS  5

          RESI PRPA        0.00
*** WARNING **** residue IBUT already exists (old one deleted)

      ***** LEVEL  1 WARNING FROM <RTFRDR> *****
      ***** Residue already exists.
      ******************************************
      BOMLEV (  0) IS NOT REACHED. WRNLEV IS  5

          RESI IBUT        0.00
*** WARNING **** residue OCOH already exists (old one deleted)

      ***** LEVEL  1 WARNING FROM <RTFRDR> *****
      ***** Residue already exists.
      ******************************************
      BOMLEV (  0) IS NOT REACHED. WRNLEV IS  5

          RESI OCOH    0.0
*** WARNING **** residue CO3  already exists (old one deleted)

      ***** LEVEL  1 WARNING FROM <RTFRDR> *****
      ***** Residue already exists.
      ******************************************
      BOMLEV (  0) IS NOT REACHED. WRNLEV IS  5

          RESI CO3  -2.0
*** WARNING **** residue C3   already exists (old one deleted)

      ***** LEVEL  1 WARNING FROM <RTFRDR> *****
      ***** Residue already exists.
      ******************************************
      BOMLEV (  0) IS NOT REACHED. WRNLEV IS  5

          RESI C3    0.00
 There were  42 warning(s) from RTFRDR.
  
 CHARMM>     
  
 CHARMM>    read para card flex append

          PARAMETER FILE BEING READ FROM UNIT 98
 RDTITL>  
 RDTITL> No title read.
 PARMIO> NONBOND, HBOND lists and IMAGE atoms cleared.
  
 CHARMM>     
  
 CHARMM>    return
 VCLOSE: Closing unit   98 with status "KEEP"

                    RETURNING TO INPUT STREAM    99
  
 CHARMM>    stream toppar/toppar_all36_prot_modify_res.str
 VOPEN> Attempting to open::toppar/toppar_all36_prot_modify_res.str::
 OPNLGU> Unit 98 opened for READONLY access to toppar/toppar_all36_prot_modify_res.str

                    INPUT STREAM SWITCHING TO UNIT    98
 RDTITL> * TOPPAR FILE FOR VARIOUS MODIFIED RESIDUES AND PATCHES, INCLUDING
 RDTITL> * PATCHES TO COVALENTLY LINK RESIDUES TO IONS TO WORK WITH THE
 RDTITL> * ADDITIVE C36 PROTEIN FORCE FIELD
 RDTITL> * REQUIRES CGENFF PARAMETER FILE
 RDTITL> *
 Parameter: IN1 <- "" <empty>
  
 CHARMM>     
  
 CHARMM>    !Acetyllysine (ALY)
 CHARMM>    !Norleucine (NLE) and
 CHARMM>    ! residues and patches for Zn-protein interactions modeled using
 CHARMM>    ! bond and angles between the protein and Zn.
 CHARMM>     
  
 CHARMM>    !non-standard amino acids: 2021
 CHARMM>    !Croitoru, A., Park, S.-J., Kumar, A., Lee, J., Im, Wonpil; MacKerell,
 CHARMM>    !A.D., Jr., and Aleksandrov, A. Additive CHARMM36 Force Field for
 CHARMM>    !Nonstandard Amino Acids, Journal of Chemical Theory and Computation,
 CHARMM>    !17:3554-3570, doi: 10.1021/acs.jctc.1c00254.
 CHARMM>     
  
 CHARMM>    read rtf card append
 MAINIO> Residue topology file being read from unit  98.
 RDTITL> * TOPPAR FILE PROTEIN MODIFICATIONS
 RDTITL> *
*** WARNING **** residue CGU  already exists (old one deleted)

      ***** LEVEL  1 WARNING FROM <RTFRDR> *****
      ***** Residue already exists.
      ******************************************
      BOMLEV (  0) IS NOT REACHED. WRNLEV IS  5

          RESI CGU              -2.000
*** WARNING **** residue CME  already exists (old one deleted)

      ***** LEVEL  1 WARNING FROM <RTFRDR> *****
      ***** Residue already exists.
      ******************************************
      BOMLEV (  0) IS NOT REACHED. WRNLEV IS  5

          RESI CME               0.000
*** WARNING **** residue HIC  already exists (old one deleted)

      ***** LEVEL  1 WARNING FROM <RTFRDR> *****
      ***** Residue already exists.
      ******************************************
      BOMLEV (  0) IS NOT REACHED. WRNLEV IS  5

          RESI HIC               0.000
*** WARNING **** residue HICP already exists (old one deleted)

      ***** LEVEL  1 WARNING FROM <RTFRDR> *****
      ***** Residue already exists.
      ******************************************
      BOMLEV (  0) IS NOT REACHED. WRNLEV IS  5

          RESI HICP              1.000
*** WARNING **** residue CGUP already exists (old one deleted)

      ***** LEVEL  1 WARNING FROM <RTFRDR> *****
      ***** Residue already exists.
      ******************************************
      BOMLEV (  0) IS NOT REACHED. WRNLEV IS  5

          RESI CGUP             -1.000
 There were   5 warning(s) from RTFRDR.
  
 CHARMM>     
  
 CHARMM>    read para card append flex

          PARAMETER FILE BEING READ FROM UNIT 98
 RDTITL>  
 RDTITL> No title read.
 PARMIO> NONBOND, HBOND lists and IMAGE atoms cleared.
  
 CHARMM>     
  
 CHARMM>    return
 VCLOSE: Closing unit   98 with status "KEEP"

                    RETURNING TO INPUT STREAM    99
  
 CHARMM>     
  
 CHARMM>    ! Additional topologies and parameters for nucleic acids
 CHARMM>    stream toppar/toppar_all36_na_nad_ppi.str
 VOPEN> Attempting to open::toppar/toppar_all36_na_nad_ppi.str::
 OPNLGU> Unit 98 opened for READONLY access to toppar/toppar_all36_na_nad_ppi.str

                    INPUT STREAM SWITCHING TO UNIT    98
 RDTITL> * CHARMM36 ALL-HYDROGEN NUCLEIC ACID FORCE TOPPAR STREAM FILE
 RDTITL> * NAD+, NADH, ADP, ATP, PPI AND RELATED ANALOGS
 RDTITL> * A.D. MACKERELL, JR., JULY 2001
 RDTITL> * STREAM FOLLOWING RTF AND PARAM READ OF
 RDTITL> *
 Parameter: IN1 <- "" <empty>
  
 CHARMM>     
  
 CHARMM>    !Update, 2015/1, nomenclature for NAD+ etc. consistent with PDB
 CHARMM>     
  
 CHARMM>    !Parent files that have to be read prior to streaming this file
 CHARMM>    !top_all36_na.rtf
 CHARMM>    !par_all36_na.prm
 CHARMM>     
  
 CHARMM>    !Testcase
 CHARMM>    !test_all36_na_nad_ppi.inp
 CHARMM>     
  
 CHARMM>    !Reference
 CHARMM>    !Pavelites, J.J., Bash, P.A., Gao, J., and MacKerell, Jr.,
 CHARMM>    !A.D. A Molecular Mechanics Force Field for NAD+, NADH and the
 CHARMM>    !Pyrophosphate Groups of Nucleotides, Journal of Computational
 CHARMM>    !Chemistry, 1997, 18: 221-239.
 CHARMM>     
  
 CHARMM>    read rtf card append
 MAINIO> Residue topology file being read from unit  98.
 RDTITL> * NAD, PPI TOPOLOGY
 RDTITL> *
*** WARNING **** residue NIC  already exists (old one deleted)

      ***** LEVEL  1 WARNING FROM <RTFRDR> *****
      ***** Residue already exists.
      ******************************************
      BOMLEV (  0) IS NOT REACHED. WRNLEV IS  5

          RESI NIC         1.00
*** WARNING **** residue NICH already exists (old one deleted)

      ***** LEVEL  1 WARNING FROM <RTFRDR> *****
      ***** Residue already exists.
      ******************************************
      BOMLEV (  0) IS NOT REACHED. WRNLEV IS  5

          RESI NICH         0.00
*** WARNING **** residue PPI1 already exists (old one deleted)

      ***** LEVEL  1 WARNING FROM <RTFRDR> *****
      ***** Residue already exists.
      ******************************************
      BOMLEV (  0) IS NOT REACHED. WRNLEV IS  5

          RESI PPI1        -3.00
*** WARNING **** residue PPI2 already exists (old one deleted)

      ***** LEVEL  1 WARNING FROM <RTFRDR> *****
      ***** Residue already exists.
      ******************************************
      BOMLEV (  0) IS NOT REACHED. WRNLEV IS  5

          RESI PPI2        -2.00
*** WARNING **** residue AMP  already exists (old one deleted)

      ***** LEVEL  1 WARNING FROM <RTFRDR> *****
      ***** Residue already exists.
      ******************************************
      BOMLEV (  0) IS NOT REACHED. WRNLEV IS  5

          RESI AMP         -2.00
*** WARNING **** residue ADP  already exists (old one deleted)

      ***** LEVEL  1 WARNING FROM <RTFRDR> *****
      ***** Residue already exists.
      ******************************************
      BOMLEV (  0) IS NOT REACHED. WRNLEV IS  5

          RESI ADP         -3.00
*** WARNING **** residue ATP  already exists (old one deleted)

      ***** LEVEL  1 WARNING FROM <RTFRDR> *****
      ***** Residue already exists.
      ******************************************
      BOMLEV (  0) IS NOT REACHED. WRNLEV IS  5

          RESI ATP         -4.00
*** WARNING **** residue 5DP  already exists (old one deleted)

      ***** LEVEL  1 WARNING FROM <RTFRDR> *****
      ***** Residue already exists.
      ******************************************
      BOMLEV (  0) IS NOT REACHED. WRNLEV IS  5

          PRES 5DP         -3.00
*** WARNING **** residue NAD  already exists (old one deleted)

      ***** LEVEL  1 WARNING FROM <RTFRDR> *****
      ***** Residue already exists.
      ******************************************
      BOMLEV (  0) IS NOT REACHED. WRNLEV IS  5

          RESI NAD         -1.00
*** WARNING **** residue NADH already exists (old one deleted)

      ***** LEVEL  1 WARNING FROM <RTFRDR> *****
      ***** Residue already exists.
      ******************************************
      BOMLEV (  0) IS NOT REACHED. WRNLEV IS  5

          RESI NADH        -2.00
*** WARNING **** residue NADP already exists (old one deleted)

      ***** LEVEL  1 WARNING FROM <RTFRDR> *****
      ***** Residue already exists.
      ******************************************
      BOMLEV (  0) IS NOT REACHED. WRNLEV IS  5

          RESI NADP        -2.00
*** WARNING **** residue NDPH already exists (old one deleted)

      ***** LEVEL  1 WARNING FROM <RTFRDR> *****
      ***** Residue already exists.
      ******************************************
      BOMLEV (  0) IS NOT REACHED. WRNLEV IS  5

          RESI NDPH        -3.00
 There were  12 warning(s) from RTFRDR.
  
 CHARMM>     
  
 CHARMM>    read para card flex append

          PARAMETER FILE BEING READ FROM UNIT 98
 RDTITL> * NAD, PPI PARAMETERS
 RDTITL> *
 PARMIO> NONBOND, HBOND lists and IMAGE atoms cleared.
  
 CHARMM>     
  
 CHARMM>     
  
 VCLOSE: Closing unit   98 with status "KEEP"

                    RETURNING TO INPUT STREAM    99
  
 CHARMM>    stream toppar/toppar_all36_na_rna_modified.str
 VOPEN> Attempting to open::toppar/toppar_all36_na_rna_modified.str::
 OPNLGU> Unit 98 opened for READONLY access to toppar/toppar_all36_na_rna_modified.str

                    INPUT STREAM SWITCHING TO UNIT    98
 RDTITL> * ADDITIVE CHARMM FORCE FIELD FOR MODIFIED RIBONUCLEIC ACIDS, INCLUDING
 RDTITL> * THOSE FOUNDS IN TRNA. YOU XU, KAROLINSKA INSTITUTET, 2015.
 RDTITL> * |
 RDTITL> * WARNING: PARAMETERS AND ATOM TYPE ASSIGNMENTS IN THIS FILE ARE SPECIFIC
 RDTITL> * FOR THESE COMPOUNDS AND SHOULD UNDER NO CIRCUMSTANCES BE APPLIED TO
 RDTITL> * OTHER ORGANIC MOLECULES
 RDTITL> *
 Parameter: IN1 <- "" <empty>
  
 CHARMM>     
  
 CHARMM>    ! Xu, Y., Vanommeslaeghe, K., Aleksandrov, A., MacKerell, A.D.,
 CHARMM>    ! Jr. Nilsson, L., “Additive CHARMM force field for naturally
 CHARMM>    ! occurring modified ribonucleotides,” Journal of Computational
 CHARMM>    !  Chemistry, DOI: 10.1002/jcc.24307, 2016
 CHARMM>     
  
 CHARMM>    ! Should be used with parent files CGenFF: top_all36_cgenff.inp and par_all36_cgenff.inp
 CHARMM>    !                                    NA36: top_all36_na.inp and par_all36_na.inp
 CHARMM>    !                              and Carb36: top_all36_carb.inp and par_all36_carb.inp
 CHARMM>    !
 CHARMM>     
  
 CHARMM>    read rtf card append
 MAINIO> Residue topology file being read from unit  98.
 RDTITL> * TOPOLOGIES OF MODIFIED NUCLEOTIDES
 RDTITL> *
*** WARNING **** residue BUG  already exists (old one deleted)

      ***** LEVEL  1 WARNING FROM <RTFRDR> *****
      ***** Residue already exists.
      ******************************************
      BOMLEV (  0) IS NOT REACHED. WRNLEV IS  5

          RESI BUG           -1.00
 There were   1 warning(s) from RTFRDR.
  
 CHARMM>     
  
 CHARMM>    read param card flex append

          PARAMETER FILE BEING READ FROM UNIT 98
 RDTITL> * ADDITIVE CHARMM PARAMETERS FOR MODIFIED NUCLEIC ACIDS, BETA VERSION
 RDTITL> * YOU XU, KAROLINSKA INSTITUTET, 2015.
 RDTITL> *
 PARMIO> NONBOND, HBOND lists and IMAGE atoms cleared.
  
 CHARMM>    RETURN
 VCLOSE: Closing unit   98 with status "KEEP"

                    RETURNING TO INPUT STREAM    99
  
 CHARMM>     
  
 CHARMM>    ! Additional topologies and parameters for lipids
 CHARMM>    stream toppar/toppar_all36_lipid_sphingo.str
 VOPEN> Attempting to open::toppar/toppar_all36_lipid_sphingo.str::
 OPNLGU> Unit 98 opened for READONLY access to toppar/toppar_all36_lipid_sphingo.str

                    INPUT STREAM SWITCHING TO UNIT    98
 RDTITL> * TOPPAR STREAM FOR CERAMIDES AND SPINGOMYELINS; REQUIRES FLEX FORMAT FILES
 RDTITL> * TOP_ALL36_LIPID.RTF AND PAR_ALL36_LIPID.PRM
 RDTITL> *
 Parameter: IN1 <- "" <empty>
  
 CHARMM>     
  
 CHARMM>    ! REFERENCES
 CHARMM>    !
 CHARMM>    ! PSM and SSM Lipids
 CHARMM>    !
 CHARMM>    ! Venable, R. M.; Sodt, A. J.; Rogaski, B.; Rui, H.; Hatcher, E.; MacKerell, A. D.;
 CHARMM>    ! Pastor, R. W.; Klauda, J. B., CHARMM All-Atom Additive Force Field for Sphingomyelin:
 CHARMM>    ! Elucidation of Hydrogen Bonding and of Positive Curvature. Biophys. J. 2014, 107 (1), 134-145
 CHARMM>    !
 CHARMM>    ! Ceramide
 CHARMM>    !
 CHARMM>    ! Submited by Sam Tonddast-Navaei of U. Cincinnati. Advised by Russell Devane
 CHARMM>    ! Tested by Eric Wang of U. Maryland. Advised by Jeffery Klauda
 CHARMM>    !
 CHARMM>    !
 CHARMM>    ! CerAP/Cer6, CerNP/Cer3, and CerEOS/Cer1
 CHARMM>    !
 CHARMM>    ! Wang, E.; Klauda, J. B., Structure and Permeability of Ceramide Bilayers and Multilayers.
 CHARMM>    ! J. Phys. Chem. B., 2019, 123, 11, 2525-2535
 CHARMM>    ! Wang, E.; Klauda, J. B., Molecular Structure of the Long Periodicity Phase in the Stratum Corneum.
 CHARMM>    ! J. Amer. Chem. Soc., 2019. 141, 42, 16930-16943
 CHARMM>     
  
 CHARMM>    set nat ?NATC
 RDCMND substituted energy or value "?NATC" to "587"
 Parameter: NAT <- "587"
  
 CHARMM>    set app
 Parameter: APP <- "" <empty>
  
 CHARMM>    !We're exploiting what is arguably a bug in the parser. On the left hand side,
 CHARMM>    !the quotes have proirity, so NAT is correctly substituted. On the right hand
 CHARMM>    !side, the ? has priority and NATC" (sic) is not a valid substitution...
 CHARMM>    if "@NAT" ne "?NATC" if @nat ne 0 set app append
 Parameter: NAT -> "587"
 Parameter: NAT -> "587"
 RDCMND: can not substitute energy "?NATC""
 Comparing ""587"" and ""?NATC"".
 IF test evaluated as true.  Performing command
 Comparing "587" and "0".
 IF test evaluated as true.  Performing command
 Parameter: APP <- "APPEND"
  
 CHARMM>     
  
 CHARMM>    read rtf card @app
 Parameter: APP -> "APPEND"
 MAINIO> Residue topology file being read from unit  98.
 RDTITL> * CER/SM RESIDUES
 RDTITL> *
  
 CHARMM>     
  
 CHARMM>    read para card flex @app
 Parameter: APP -> "APPEND"

          PARAMETER FILE BEING READ FROM UNIT 98
 RDTITL> * NEW PARAMETERS
 RDTITL> *
 PARRDR> Error: Repeated DIHE parameter ( 35897): NHL   C     CTO1  HAL1 is replaced
 PARRDR> Error: Repeated DIHE parameter ( 35918): O     C     CTO1  HAL1 is replaced
 PARMIO> NONBOND, HBOND lists and IMAGE atoms cleared.
  
 CHARMM>     
  
 CHARMM>    return
 VCLOSE: Closing unit   98 with status "KEEP"

                    RETURNING TO INPUT STREAM    99
  
 CHARMM>    stream toppar/toppar_all36_lipid_archaeal.str
 VOPEN> Attempting to open::toppar/toppar_all36_lipid_archaeal.str::
 OPNLGU> Unit 98 opened for READONLY access to toppar/toppar_all36_lipid_archaeal.str

                    INPUT STREAM SWITCHING TO UNIT    98
 RDTITL> * TOPPAR STREAM FILE FOR ARCHAEAL LIPIDS.
 RDTITL> *
 Parameter: IN1 <- "" <empty>
  
 CHARMM>     
  
 CHARMM>    ! This is an on-going file of archaeal lipids
 CHARMM>    ! I am adding meanquinone-7 now
 CHARMM>     
  
 CHARMM>    read rtf card append
 MAINIO> Residue topology file being read from unit  98.
 RDTITL> * ARCHAEAL LIPIDS
 RDTITL> *
  
 CHARMM>     
  
 CHARMM>    read param card flex append

          PARAMETER FILE BEING READ FROM UNIT 98
 RDTITL> * PARAMETERS GENERATED BY ANALOGY BY CGENFF
 RDTITL> *
 PARRDR> Error: Repeated ANGLE parameter (  2127): CG2D  CG2O  CG2R is replaced
 PARRDR> Error: Repeated ANGLE parameter (  3250): CG2R  CG2R  CG2R is replaced
 PARRDR> Error: Repeated DIHE parameter (  8556): CG2D  CG2O  CG2R  CG2R is replaced
 PARRDR> Error: Repeated DIHE parameter ( 13933): CG2R  CG2R  CG2R  CG2R is replaced
 PARRDR> Error: Repeated DIHE parameter ( 13843): OG30  CG2R  CG2R  OG31 is replaced
 PARRDR> Error: Repeated DIHE parameter ( 13842): OG30  CG2R  CG2R  OG30 is replaced
 PARRDR> Error: Repeated IMPH parameter (   325): CG2O  CG2D  CG2R  OG2D is replaced
 PARMIO> NONBOND, HBOND lists and IMAGE atoms cleared.
  
 CHARMM>     
  
 CHARMM>    RETURN
 VCLOSE: Closing unit   98 with status "KEEP"

                    RETURNING TO INPUT STREAM    99
  
 CHARMM>    stream toppar/toppar_all36_lipid_bacterial.str
 VOPEN> Attempting to open::toppar/toppar_all36_lipid_bacterial.str::
 OPNLGU> Unit 98 opened for READONLY access to toppar/toppar_all36_lipid_bacterial.str

                    INPUT STREAM SWITCHING TO UNIT    98
 RDTITL> * TOPPAR STREAM FILE FOR BRANCHED AND CYCLIC CHAINED LIPIDS.  FOLLOWING READING OF
 RDTITL> * TOP_ALL36_LIPID.RTF
 RDTITL> * AND
 RDTITL> * PAR_ALL36_LIPID.RTF
 RDTITL> *
 Parameter: IN1 <- "" <empty>
  
 CHARMM>     
  
 CHARMM>    ! REFERENCES
 CHARMM>    !
 CHARMM>    ! Branched Lipids
 CHARMM>    !
 CHARMM>    ! Lim, J.B. & Klauda, J.B. Branching at the Iso- and Anteiso- Positions in Complex Chlamydia
 CHARMM>    ! Membranes: A Molecular Dynamics Study. Biochimica et Biophysica Acta (BBA) - Biomembranes
 CHARMM>    ! 1808:323-331 (2011).
 CHARMM>    !
 CHARMM>    ! Cyclic-replacement of double bond
 CHARMM>    !
 CHARMM>    ! Pandit, K.R. & Klauda, J.B. Membrane models of E. coli containing cyclic moieties in
 CHARMM>    ! the aliphatic lipid chain. Biochimica et Biophysica Acta (BBA) - Biomembranes
 CHARMM>    ! 1818:1205-1210 (2012).
 CHARMM>    !
 CHARMM>     
  
 CHARMM>    set nat ?NATC
 RDCMND substituted energy or value "?NATC" to "592"
 Parameter: NAT <- "592"
  
 CHARMM>    set app
 Parameter: APP <- "" <empty>
  
 CHARMM>    !We're exploiting what is arguably a bug in the parser. On the left hand side,
 CHARMM>    !the quotes have proirity, so NAT is correctly substituted. On the right hand
 CHARMM>    !side, the ? has priority and NATC" (sic) is not a valid substitution...
 CHARMM>    if "@NAT" ne "?NATC" if @nat ne 0 set app append
 Parameter: NAT -> "592"
 Parameter: NAT -> "592"
 RDCMND: can not substitute energy "?NATC""
 Comparing ""592"" and ""?NATC"".
 IF test evaluated as true.  Performing command
 Comparing "592" and "0".
 IF test evaluated as true.  Performing command
 Parameter: APP <- "APPEND"
  
 CHARMM>     
  
 CHARMM>    read rtf card @app
 Parameter: APP -> "APPEND"
 MAINIO> Residue topology file being read from unit  98.
 RDTITL> * CHOLESTEROL RESIDUES
 RDTITL> *
  
 CHARMM>     
  
 CHARMM>    read para card flex @app
 Parameter: APP -> "APPEND"

          PARAMETER FILE BEING READ FROM UNIT 98
 RDTITL> * NEW PARAMETERS
 RDTITL> *
 PARMIO> NONBOND, HBOND lists and IMAGE atoms cleared.
  
 CHARMM>     
  
 CHARMM>    return
 VCLOSE: Closing unit   98 with status "KEEP"

                    RETURNING TO INPUT STREAM    99
  
 CHARMM>    stream toppar/toppar_all36_lipid_cardiolipin.str
 VOPEN> Attempting to open::toppar/toppar_all36_lipid_cardiolipin.str::
 OPNLGU> Unit 98 opened for READONLY access to toppar/toppar_all36_lipid_cardiolipin.str

                    INPUT STREAM SWITCHING TO UNIT    98
 RDTITL> READ RTF CARD APPEND FLEX
 RDTITL> No title read.
 Parameter: IN1 <- "" <empty>
  
 CHARMM>    read rtf card append flex
 MAINIO> Residue topology file being read from unit  98.
 RDTITL>  
 RDTITL> No title read.
 WARNING from DECODI -- Zero length string being converted to 0
 RTFRDR> WARNING: Version number is NOT specified.
  
 CHARMM>     
  
 CHARMM>    return
 VCLOSE: Closing unit   98 with status "KEEP"

                    RETURNING TO INPUT STREAM    99
  
 CHARMM>    stream toppar/toppar_all36_lipid_cholesterol.str
 VOPEN> Attempting to open::toppar/toppar_all36_lipid_cholesterol.str::
 OPNLGU> Unit 98 opened for READONLY access to toppar/toppar_all36_lipid_cholesterol.str

                    INPUT STREAM SWITCHING TO UNIT    98
 RDTITL> * TOPPAR STREAM FILE FOR CHOLESTEROL.  STREAM FOLLOWING READING OF
 RDTITL> * TOP_ALL36_LIPID.RTF
 RDTITL> * PAR_ALL36_LIPID.RTF
 RDTITL> * TOP_ALL36_CGENFF.RTF
 RDTITL> * AND PAR_ALL36_CGENFF.PRM
 RDTITL> *
 Parameter: IN1 <- "" <empty>
  
 CHARMM>     
  
 CHARMM>    !topology and parameters are included for two cholesterol models. the
 CHARMM>    !model may be selected by setting variable chol_model to 1 or 2, as
 CHARMM>    !specified below
 CHARMM>    !
 CHARMM>     
  
 CHARMM>    set chol_model 1 !2 for original Suits et al. model
 Parameter: CHOL_MODEL <- "1"
  
 CHARMM>     
  
 CHARMM>    !
 CHARMM>    !1) Revised model of Lim et al.  This contains a number of NBFIXes that
 CHARMM>    !makes it unsuitable for ANTON (set chol_model 1)
 CHARMM>    !
 CHARMM>    !2) Original model of Suits et al., which is used on ANTON as well as
 CHARMM>    !being suitable for other systems (set chol_model 2 (or anything but 1....))
 CHARMM>    !
 CHARMM>    !references
 CHARMM>    !
 CHARMM>    !Lim, J.B., Rogaski, B. and Klauda, J.B.. "Update of the Cholesterol Force Field
 CHARMM>    !Parameters in CHARMM" 116: 203-210 (2012).
 CHARMM>    !
 CHARMM>    !Suits, F., Pitman, M., MacKerell, A.D., Jr., Feller, S.E. "Molecular Level
 CHARMM>    !Organization of Saturated and Polyunsaturated Fatty Acids in a
 CHARMM>    !Phosphatidylcholine Bilayer Containing Cholesterol" Biochemistry,
 CHARMM>    !43(49):15318-28, 2004
 CHARMM>    !
 CHARMM>     
  
 CHARMM>    !test "append"
 CHARMM>    set nat ?NATC
 RDCMND substituted energy or value "?NATC" to "592"
 Parameter: NAT <- "592"
  
 CHARMM>    set app
 Parameter: APP <- "" <empty>
  
 CHARMM>    !We're exploiting what is arguably a bug in the parser. On the left hand side,
 CHARMM>    !the quotes have priority, so NAT is correctly substituted. On the right hand
 CHARMM>    !side, the ? has priority and NATC" (sic) is not a valid substitution...
 CHARMM>    if "@NAT" ne "?NATC" if @nat ne 0 set app append
 Parameter: NAT -> "592"
 Parameter: NAT -> "592"
 RDCMND: can not substitute energy "?NATC""
 Comparing ""592"" and ""?NATC"".
 IF test evaluated as true.  Performing command
 Comparing "592" and "0".
 IF test evaluated as true.  Performing command
 Parameter: APP <- "APPEND"
  
 CHARMM>     
  
 CHARMM>    if chol_model eq 1 then
 Comparing "1" and "1".
 IF test evaluated as true.  Performing command
  
 CHARMM>     
  
 CHARMM>    ! reference
 CHARMM>    ! Lim, J.B., Rogaski, B. and Klauda, J.B.. "Update of the Cholesterol Force Field
 CHARMM>    ! Parameters in CHARMM" 116: 203-210 (2012).
 CHARMM>    !
 CHARMM>     
  
 CHARMM>    read rtf card @app
 Parameter: APP -> "APPEND"
 MAINIO> Residue topology file being read from unit  98.
 RDTITL> * TOPOLOGY FOR CHOLESTEROL
 RDTITL> *
  
 CHARMM>     
  
 CHARMM>    read param card flex @app
 Parameter: APP -> "APPEND"

          PARAMETER FILE BEING READ FROM UNIT 98
 RDTITL> * CHOLESTEROL PARAMETERS
 RDTITL> *
 PARRDR> Error: Repeated BOND parameter (  1169): CG30  CG30 is replaced
 PARRDR> Error: Repeated BOND parameter (  1180): CG30  CG3C is replaced
 PARRDR> Error: Repeated ANGLE parameter (  3766): CG30  CG30  CG32 is replaced
 PARRDR> Error: Repeated ANGLE parameter (  3767): CG30  CG30  CG33 is replaced
 PARRDR> Error: Repeated ANGLE parameter (  4079): CG30  CG31  CG30 is replaced
 PARRDR> Error: Repeated ANGLE parameter (  5634): CG30  CG3C  CG3C is replaced
 PARRDR> Error: Repeated ANGLE parameter (  5637): CG30  CG3C  HGA1 is replaced
 PARRDR> Error: Repeated ANGLE parameter (  6204): CG33  CG3R  CG3C is replaced
 PARRDR> Error: Repeated ANGLE parameter (  3829): CG33  CG30  CG3C is replaced
 PARRDR> Error: Repeated DIHE parameter ( 18175): CG32  CG30  CG30  CG32 is replaced
 PARRDR> Error: Repeated DIHE parameter ( 18178): CG33  CG30  CG30  CG33 is replaced
 PARRDR> Error: Repeated DIHE parameter ( 18221): CG32  CG30  CG31  CG30 is replaced
 PARRDR> Error: Repeated DIHE parameter ( 18246): CG33  CG30  CG31  CG30 is replaced
 PARRDR> Error: Repeated DIHE parameter ( 18404): CG30  CG30  CG32  CG32 is replaced
 PARRDR> Error: Repeated DIHE parameter ( 18405): CG30  CG30  CG32  HGA2 is replaced
 PARRDR> Error: Repeated DIHE parameter ( 18659): CG30  CG30  CG33  HGA3 is replaced
 PARRDR> Error: Repeated DIHE parameter ( 18668): CG3C  CG30  CG33  HGA3 is replaced
 PARRDR> Error: Repeated DIHE parameter ( 18716): CG33  CG30  CG3C  CG3C is replaced
 PARRDR> Error: Repeated DIHE parameter ( 18717): CG33  CG30  CG3C  CG3C is replaced
 PARRDR> Error: Repeated DIHE parameter ( 18718): CG33  CG30  CG3C  CG3C is replaced
 PARRDR> Error: Repeated DIHE parameter ( 18716): CG33  CG30  CG3C  CG3C is replaced
 PARRDR> Error: Repeated DIHE parameter ( 18717): CG33  CG30  CG3C  CG3C is replaced
 PARRDR> Error: Repeated DIHE parameter ( 18718): CG33  CG30  CG3C  CG3C is replaced
 PARRDR> Error: Repeated DIHE parameter ( 18716): CG33  CG30  CG3C  CG3C is replaced
 PARRDR> Error: Repeated DIHE parameter ( 18717): CG33  CG30  CG3C  CG3C is replaced
 PARRDR> Error: Repeated DIHE parameter ( 18718): CG33  CG30  CG3C  CG3C is replaced
 PARRDR> Error: Repeated DIHE parameter ( 18721): CG33  CG30  CG3C  HGA1 is replaced
 PARRDR> Error: Repeated DIHE parameter ( 36241): OG31  CG30  CG3C  CG3C is replaced
 PARRDR> Error: Repeated DIHE parameter ( 36242): OG31  CG30  CG3C  CG3R is replaced
 PARRDR> Error: Repeated DIHE parameter ( 36243): OG31  CG30  CG3C  HGA1 is replaced
 PARRDR> Error: Repeated DIHE parameter ( 36241): OG31  CG30  CG3C  CG3C is replaced
 PARRDR> Error: Repeated DIHE parameter ( 36242): OG31  CG30  CG3C  CG3R is replaced
 PARRDR> Error: Repeated DIHE parameter ( 36243): OG31  CG30  CG3C  HGA1 is replaced
 PARRDR> Error: Repeated DIHE parameter ( 22611): CG30  CG32  CG32  CG3R is replaced
 PARRDR> Error: Repeated DIHE parameter ( 25714): HGA3  CG33  CG3R  CG3C is replaced
 PARRDR> Error: Repeated DIHE parameter ( 27940): CG30  CG3C  CG3C  CG3C is replaced
 PARRDR> Error: Repeated DIHE parameter ( 27941): CG30  CG3C  CG3C  HGA2 is replaced
 PARRDR> Error: Repeated DIHE parameter ( 29312): CG3C  CG3C  CG3R  CG33 is replaced
 PARRDR> Error: Repeated DIHE parameter ( 29450): HGA2  CG3C  CG3R  CG33 is replaced
 PARMIO> NONBOND, HBOND lists and IMAGE atoms cleared.
  
 CHARMM>     
  
 CHARMM>    return
 VCLOSE: Closing unit   98 with status "KEEP"

                    RETURNING TO INPUT STREAM    99
  
 CHARMM>    stream toppar/toppar_all36_lipid_dag.str
 VOPEN> Attempting to open::toppar/toppar_all36_lipid_dag.str::
 OPNLGU> Unit 98 opened for READONLY access to toppar/toppar_all36_lipid_dag.str

                    INPUT STREAM SWITCHING TO UNIT    98
 RDTITL> READ RTF CARD APPEND
 RDTITL> No title read.
 Parameter: IN1 <- "" <empty>
  
 CHARMM>    read rtf card append
 MAINIO> Residue topology file being read from unit  98.
 RDTITL> * TOPOLOGY FOR LIPIDA FROM DAG
 RDTITL> *
  
 VCLOSE: Closing unit   98 with status "KEEP"

                    RETURNING TO INPUT STREAM    99
  
 CHARMM>    stream toppar/toppar_all36_lipid_inositol.str
 VOPEN> Attempting to open::toppar/toppar_all36_lipid_inositol.str::
 OPNLGU> Unit 98 opened for READONLY access to toppar/toppar_all36_lipid_inositol.str

                    INPUT STREAM SWITCHING TO UNIT    98
 RDTITL> READ RTF CARD APPEND
 RDTITL> No title read.
 Parameter: IN1 <- "" <empty>
  
 CHARMM>    read rtf card append
 MAINIO> Residue topology file being read from unit  98.
 RDTITL> * TOPOLOGY FOR INOSITOL-BASED LIPIDS
 RDTITL> *
  
 CHARMM>     
  
 CHARMM>    RETURN
 VCLOSE: Closing unit   98 with status "KEEP"

                    RETURNING TO INPUT STREAM    99
  
 CHARMM>    stream toppar/toppar_all36_lipid_lnp.str
 VOPEN> Attempting to open::toppar/toppar_all36_lipid_lnp.str::
 OPNLGU> Unit 98 opened for READONLY access to toppar/toppar_all36_lipid_lnp.str

                    INPUT STREAM SWITCHING TO UNIT    98
 RDTITL> READ RTF CARD APPEND
 RDTITL> No title read.
 Parameter: IN1 <- "" <empty>
  
 CHARMM>    read rtf card append
 MAINIO> Residue topology file being read from unit  98.
 RDTITL> * LNP
 RDTITL> *

      ***** LEVEL  1 WARNING FROM <DECODF> *****
      ***** Zero length string
      ******************************************
      BOMLEV (  0) IS NOT REACHED. WRNLEV IS  5

 WARNING from DECODF -- Zero length string being converted to 0.
 **** WARNING from RTFRDR **** The total charge of the residue, DAGP,  -0.0100000,
 does not equal the expected charge,   0.0000000.

      ***** LEVEL  1 WARNING FROM <DECODF> *****
      ***** Zero length string
      ******************************************
      BOMLEV (  0) IS NOT REACHED. WRNLEV IS  5

 WARNING from DECODF -- Zero length string being converted to 0.
          PRES DPEPEG
 **** WARNING from RTFRDR **** The total charge of the residue, DPEP,  -0.0100000,
 does not equal the expected charge,   0.0000000.
 There were   2 warning(s) from RTFRDR.
  
 CHARMM>     
  
 CHARMM>    read param card flex append

          PARAMETER FILE BEING READ FROM UNIT 98
 RDTITL> * LNP
 RDTITL> *
 PARRDR> Error: Repeated BOND parameter (  1479): CG3C  OG3C is replaced
 PARRDR> Error: Repeated BOND parameter (  1346): CG32  CG3C is replaced
 PARRDR> Error: Repeated ANGLE parameter (  4188): CG32  CG31  OG30 is replaced
 PARRDR> Error: Repeated ANGLE parameter (  5033): CG3C  CG32  HGA2 is replaced
 PARRDR> Error: Repeated ANGLE parameter (  5665): CG32  CG3C  HGA1 is replaced
 PARRDR> Error: Repeated ANGLE parameter (  5663): CG32  CG3C  CG3C is replaced
 PARRDR> Error: Repeated ANGLE parameter (  5528): OG3C  CG3C  OG3C is replaced
 PARRDR> Error: Repeated ANGLE parameter (  7610): CG3C  OG3C  CG3C is replaced
 PARRDR> Error: Repeated ANGLE parameter (  7611): CG3C  OG3C  CG3C is replaced
 PARRDR> Error: Repeated ANGLE parameter (  4742): CG32  CG32  CG3C is replaced
 PARRDR> Error: Repeated DIHE parameter ( 20079): OG30  CG31  CG32  NG30 is replaced
 PARRDR> Error: Repeated DIHE parameter ( 20080): OG30  CG31  CG32  NG30 is replaced
 PARRDR> Error: Repeated DIHE parameter ( 19874): CG32  CG31  CG32  NG30 is replaced
 PARRDR> Error: Repeated DIHE parameter ( 19906): CG32  CG31  CG32  OG30 is replaced
 PARRDR> Error: Repeated DIHE parameter ( 19907): CG32  CG31  CG32  OG30 is replaced
 PARRDR> Error: Repeated DIHE parameter ( 20381): HGA2  CG32  CG31  OG30 is replaced
 PARRDR> Error: Repeated DIHE parameter ( 27974): CG32  CG3C  CG3C  HGA2 is replaced
 PARRDR> Error: Repeated DIHE parameter ( 25258): HGA2  CG32  CG3C  HGA1 is replaced
 PARRDR> Error: Repeated DIHE parameter ( 25256): HGA2  CG32  CG3C  CG3C is replaced
 PARRDR> Error: Repeated DIHE parameter ( 23336): CG32  CG32  CG3C  HGA1 is replaced
 PARRDR> Error: Repeated DIHE parameter ( 23335): CG32  CG32  CG3C  CG3C is replaced
 PARRDR> Error: Repeated DIHE parameter ( 22787): CG3C  CG32  CG32  HGA2 is replaced
 PARRDR> Error: Repeated DIHE parameter ( 27968): CG32  CG3C  CG3C  OG3C is replaced
 PARRDR> Error: Repeated DIHE parameter ( 27969): CG32  CG3C  CG3C  OG3C is replaced
 PARRDR> Error: Repeated DIHE parameter ( 28163): OG3C  CG3C  CG3C  OG3C is replaced
 PARRDR> Error: Repeated DIHE parameter ( 27635): OG3C  CG3C  OG3C  CG3C is replaced
 PARRDR> Error: Repeated DIHE parameter ( 27636): OG3C  CG3C  OG3C  CG3C is replaced
 PARRDR> Error: Repeated DIHE parameter ( 27637): OG3C  CG3C  OG3C  CG3C is replaced
 PARRDR> Error: Repeated DIHE parameter ( 27638): OG3C  CG3C  OG3C  CG3C is replaced
 PARRDR> Error: Repeated DIHE parameter ( 28943): HGA1  CG3C  OG3C  CG3C is replaced
 PARRDR> Error: Repeated DIHE parameter ( 28905): CG3C  CG3C  OG3C  CG3C is replaced
 PARRDR> Error: Repeated DIHE parameter ( 29810): HGA2  CG3C  OG3C  CG3C is replaced
 PARMIO> NONBOND, HBOND lists and IMAGE atoms cleared.
  
 CHARMM>     
  
 CHARMM>    RETURN
 VCLOSE: Closing unit   98 with status "KEEP"

                    RETURNING TO INPUT STREAM    99
  
 CHARMM>    stream toppar/toppar_all36_lipid_lps.str
 VOPEN> Attempting to open::toppar/toppar_all36_lipid_lps.str::
 OPNLGU> Unit 98 opened for READONLY access to toppar/toppar_all36_lipid_lps.str

                    INPUT STREAM SWITCHING TO UNIT    98
 RDTITL> READ RTF CARD APPEND
 RDTITL> No title read.
 Parameter: IN1 <- "" <empty>
  
 CHARMM>    read rtf card append
 MAINIO> Residue topology file being read from unit  98.
 RDTITL> * TOPOLOGY FOR LIPIDA FROM LPS
 RDTITL> *
 WARNING from DECODI -- Zero length string being converted to 0
 RTFRDR> WARNING: Version number is NOT specified.
  
 CHARMM>     
  
 CHARMM>     
  
 CHARMM>    read param card append flex

          PARAMETER FILE BEING READ FROM UNIT 98
 RDTITL> *    NEW PARAMETES
 RDTITL> *
 PARMIO> NONBOND, HBOND lists and IMAGE atoms cleared.
  
 CHARMM>     
  
 VCLOSE: Closing unit   98 with status "KEEP"

                    RETURNING TO INPUT STREAM    99
  
 CHARMM>    stream toppar/toppar_all36_lipid_mycobacterial.str
 VOPEN> Attempting to open::toppar/toppar_all36_lipid_mycobacterial.str::
 OPNLGU> Unit 98 opened for READONLY access to toppar/toppar_all36_lipid_mycobacterial.str

                    INPUT STREAM SWITCHING TO UNIT    98
 RDTITL> * TOPPAR STREAM FILE FOR BRANCHED AND CYCLIC CHAINED LIPIDS.  FOLLOWING READING OF
 RDTITL> * TOP_ALL36_LIPID.RTF, PAR_ALL36_LIPID.PRM
 RDTITL> * AND
 RDTITL> * TOPPAR_ALL36_LIPID_BACTERIAL.STR
 RDTITL> *
 Parameter: IN1 <- "" <empty>
  
 CHARMM>     
  
 CHARMM>    read rtf card append
 MAINIO> Residue topology file being read from unit  98.
 RDTITL> * CHOLESTEROL RESIDUES
 RDTITL> *
 **** WARNING from RTFRDR **** The total charge of the residue, AGPA,   0.0200000,
 does not equal the expected charge,  -0.0700000.
          RESI DALO               0.000
 **** WARNING from RTFRDR **** The total charge of the residue, PGL2,  -0.4600000,
 does not equal the expected charge,   0.0000000.
          PRES PGL3           0.00
*** WARNING **** residue PHEN already exists (old one deleted)

      ***** LEVEL  1 WARNING FROM <RTFRDR> *****
      ***** Residue already exists.
      ******************************************
      BOMLEV (  0) IS NOT REACHED. WRNLEV IS  5

          RESI PHEN          0.00
*** WARNING **** residue AGLC already exists (old one deleted)

      ***** LEVEL  1 WARNING FROM <RTFRDR> *****
      ***** Residue already exists.
      ******************************************
      BOMLEV (  0) IS NOT REACHED. WRNLEV IS  5

          RESI AGLC           0.000
 There were   4 warning(s) from RTFRDR.
  
 CHARMM>     
  
 CHARMM>    read para card flex @app
 Parameter: APP -> "APPEND"

          PARAMETER FILE BEING READ FROM UNIT 98
 RDTITL> * NEW PARAMETERS
 RDTITL> *
 PARRDR> Error: Repeated ANGLE parameter (  9221): CEL1  CEL1  CTL1 is replaced
 PARRDR> Error: Repeated DIHE parameter ( 36464): CTL2  CG2O  CTL1  CTL3 is replaced
 PARRDR> Error: Repeated DIHE parameter ( 36465): CTL2  CG2O  CTL1  CTL3 is replaced
 PARRDR> Error: Repeated DIHE parameter ( 36464): CTL2  CG2O  CTL1  CTL3 is replaced
 PARRDR> Error: Repeated DIHE parameter ( 36465): CTL2  CG2O  CTL1  CTL3 is replaced
 PARMIO> NONBOND, HBOND lists and IMAGE atoms cleared.
  
 CHARMM>     
  
 CHARMM>    RETURN
 VCLOSE: Closing unit   98 with status "KEEP"

                    RETURNING TO INPUT STREAM    99
  
 CHARMM>    stream toppar/toppar_all36_lipid_miscellaneous.str
 VOPEN> Attempting to open::toppar/toppar_all36_lipid_miscellaneous.str::
 OPNLGU> Unit 98 opened for READONLY access to toppar/toppar_all36_lipid_miscellaneous.str

                    INPUT STREAM SWITCHING TO UNIT    98
 RDTITL> READ RTF CARD APPEND FLEX
 RDTITL> No title read.
 Parameter: IN1 <- "" <empty>
  
 CHARMM>    read rtf card append flex
 MAINIO> Residue topology file being read from unit  98.
 RDTITL> * TOPOLOGY FOR MISCELLANEOUS LIPIDS
 RDTITL> *
  
 CHARMM>     
  
 CHARMM>    read param card flex append

          PARAMETER FILE BEING READ FROM UNIT 98
 RDTITL> * PARAMETER FOR ACYL PYROPHOSPHATE: ADDED 2019_7
 RDTITL> *
 PARMIO> NONBOND, HBOND lists and IMAGE atoms cleared.
  
 CHARMM>     
  
 CHARMM>    return
 VCLOSE: Closing unit   98 with status "KEEP"

                    RETURNING TO INPUT STREAM    99
  
 CHARMM>    stream toppar/toppar_all36_lipid_model.str
 VOPEN> Attempting to open::toppar/toppar_all36_lipid_model.str::
 OPNLGU> Unit 98 opened for READONLY access to toppar/toppar_all36_lipid_model.str

                    INPUT STREAM SWITCHING TO UNIT    98
 RDTITL> * CHARMM36 ALL-HYDROGEN LIPID FORCE FIELD TOPPAR STREAM FILE
 RDTITL> * COLLECTION OF RESIDUES AND PATCHES FOR MODEL COMPOUNDS USED
 RDTITL> * IN THE OPTIMIZATION THE LIPID FORCE FIELD.
 RDTITL> *
 Parameter: IN1 <- "" <empty>
  
 CHARMM>     
  
 CHARMM>    !Parent files that have to be read prior to streaming this file
 CHARMM>    !top_all36_lipid.rtf
 CHARMM>    !par_all36_lipid.prm
 CHARMM>     
  
 CHARMM>    !Testcase
 CHARMM>    !test_all36_lipid_model.inp
 CHARMM>     
  
 CHARMM>    read rtf card append
 MAINIO> Residue topology file being read from unit  98.
 RDTITL> * C36 LIPID MODEL COMPOUNDS
 RDTITL> *
*** WARNING **** residue MAS  already exists (old one deleted)

      ***** LEVEL  1 WARNING FROM <RTFRDR> *****
      ***** Residue already exists.
      ******************************************
      BOMLEV (  0) IS NOT REACHED. WRNLEV IS  5

          RESI MAS          0.00
*** WARNING **** residue ETAC already exists (old one deleted)

      ***** LEVEL  1 WARNING FROM <RTFRDR> *****
      ***** Residue already exists.
      ******************************************
      BOMLEV (  0) IS NOT REACHED. WRNLEV IS  5

          RESI ETAC         0.00
*** WARNING **** residue MPRO already exists (old one deleted)

      ***** LEVEL  1 WARNING FROM <RTFRDR> *****
      ***** Residue already exists.
      ******************************************
      BOMLEV (  0) IS NOT REACHED. WRNLEV IS  5

          RESI MPRO         0.00
*** WARNING **** residue MP_1 already exists (old one deleted)

      ***** LEVEL  1 WARNING FROM <RTFRDR> *****
      ***** Residue already exists.
      ******************************************
      BOMLEV (  0) IS NOT REACHED. WRNLEV IS  5

          RESI MP_1        -1.00
*** WARNING **** residue MP_2 already exists (old one deleted)

      ***** LEVEL  1 WARNING FROM <RTFRDR> *****
      ***** Residue already exists.
      ******************************************
      BOMLEV (  0) IS NOT REACHED. WRNLEV IS  5

          RESI MP_2        -2.00
*** WARNING **** residue MSO4 already exists (old one deleted)

      ***** LEVEL  1 WARNING FROM <RTFRDR> *****
      ***** Residue already exists.
      ******************************************
      BOMLEV (  0) IS NOT REACHED. WRNLEV IS  5

          RESI MSO4        -1.00
*** WARNING **** residue BUTA already exists (old one deleted)

      ***** LEVEL  1 WARNING FROM <RTFRDR> *****
      ***** Residue already exists.
      ******************************************
      BOMLEV (  0) IS NOT REACHED. WRNLEV IS  5

          RESI BUTA         0.00
*** WARNING **** residue PENT already exists (old one deleted)

      ***** LEVEL  1 WARNING FROM <RTFRDR> *****
      ***** Residue already exists.
      ******************************************
      BOMLEV (  0) IS NOT REACHED. WRNLEV IS  5

          RESI PENT         0.00
*** WARNING **** residue HEXA already exists (old one deleted)

      ***** LEVEL  1 WARNING FROM <RTFRDR> *****
      ***** Residue already exists.
      ******************************************
      BOMLEV (  0) IS NOT REACHED. WRNLEV IS  5

          RESI HEXA         0.00
*** WARNING **** residue ETHE already exists (old one deleted)

      ***** LEVEL  1 WARNING FROM <RTFRDR> *****
      ***** Residue already exists.
      ******************************************
      BOMLEV (  0) IS NOT REACHED. WRNLEV IS  5

          RESI ETHE       0.00
*** WARNING **** residue PRPE already exists (old one deleted)

      ***** LEVEL  1 WARNING FROM <RTFRDR> *****
      ***** Residue already exists.
      ******************************************
      BOMLEV (  0) IS NOT REACHED. WRNLEV IS  5

          RESI PRPE       0.00
*** WARNING **** residue BTE1 already exists (old one deleted)

      ***** LEVEL  1 WARNING FROM <RTFRDR> *****
      ***** Residue already exists.
      ******************************************
      BOMLEV (  0) IS NOT REACHED. WRNLEV IS  5

          RESI BTE1       0.00
*** WARNING **** residue BTE2 already exists (old one deleted)

      ***** LEVEL  1 WARNING FROM <RTFRDR> *****
      ***** Residue already exists.
      ******************************************
      BOMLEV (  0) IS NOT REACHED. WRNLEV IS  5

          RESI BTE2       0.00
*** WARNING **** residue DIPE already exists (old one deleted)

      ***** LEVEL  1 WARNING FROM <RTFRDR> *****
      ***** Residue already exists.
      ******************************************
      BOMLEV (  0) IS NOT REACHED. WRNLEV IS  5

          RESI DIPE       0.00
*** WARNING **** residue DIHE already exists (old one deleted)

      ***** LEVEL  1 WARNING FROM <RTFRDR> *****
      ***** Residue already exists.
      ******************************************
      BOMLEV (  0) IS NOT REACHED. WRNLEV IS  5

          RESI DIHE       0.00
*** WARNING **** residue NC4  already exists (old one deleted)

      ***** LEVEL  1 WARNING FROM <RTFRDR> *****
      ***** Residue already exists.
      ******************************************
      BOMLEV (  0) IS NOT REACHED. WRNLEV IS  5

          RESI NC4          1.00
*** WARNING **** residue NC5  already exists (old one deleted)

      ***** LEVEL  1 WARNING FROM <RTFRDR> *****
      ***** Residue already exists.
      ******************************************
      BOMLEV (  0) IS NOT REACHED. WRNLEV IS  5

          RESI NC5          1.00
*** WARNING **** residue CHOL already exists (old one deleted)

      ***** LEVEL  1 WARNING FROM <RTFRDR> *****
      ***** Residue already exists.
      ******************************************
      BOMLEV (  0) IS NOT REACHED. WRNLEV IS  5

          RESI CHOL         1.00
*** WARNING **** residue ACHO already exists (old one deleted)

      ***** LEVEL  1 WARNING FROM <RTFRDR> *****
      ***** Residue already exists.
      ******************************************
      BOMLEV (  0) IS NOT REACHED. WRNLEV IS  5

          RESI ACHO         1.00
*** WARNING **** residue PC   already exists (old one deleted)

      ***** LEVEL  1 WARNING FROM <RTFRDR> *****
      ***** Residue already exists.
      ******************************************
      BOMLEV (  0) IS NOT REACHED. WRNLEV IS  5

          RESI PC           0.00
*** WARNING **** residue GPC  already exists (old one deleted)

      ***** LEVEL  1 WARNING FROM <RTFRDR> *****
      ***** Residue already exists.
      ******************************************
      BOMLEV (  0) IS NOT REACHED. WRNLEV IS  5

          RESI GPC          0.00
*** WARNING **** residue TEA  already exists (old one deleted)

      ***** LEVEL  1 WARNING FROM <RTFRDR> *****
      ***** Residue already exists.
      ******************************************
      BOMLEV (  0) IS NOT REACHED. WRNLEV IS  5

          RESI TEA          1.00
*** WARNING **** residue ETAM already exists (old one deleted)

      ***** LEVEL  1 WARNING FROM <RTFRDR> *****
      ***** Residue already exists.
      ******************************************
      BOMLEV (  0) IS NOT REACHED. WRNLEV IS  5

          RESI ETAM       1.00
*** WARNING **** residue GLYC already exists (old one deleted)

      ***** LEVEL  1 WARNING FROM <RTFRDR> *****
      ***** Residue already exists.
      ******************************************
      BOMLEV (  0) IS NOT REACHED. WRNLEV IS  5

          RESI GLYC         0.00
*** WARNING **** residue MBUT already exists (old one deleted)

      ***** LEVEL  1 WARNING FROM <RTFRDR> *****
      ***** Residue already exists.
      ******************************************
      BOMLEV (  0) IS NOT REACHED. WRNLEV IS  5

          RESI MBUT         0.00
 There were  25 warning(s) from RTFRDR.
  
 CHARMM>     
  
 CHARMM>    return
 VCLOSE: Closing unit   98 with status "KEEP"

                    RETURNING TO INPUT STREAM    99
  
 CHARMM>    stream toppar/toppar_all36_lipid_prot.str
 VOPEN> Attempting to open::toppar/toppar_all36_lipid_prot.str::
 OPNLGU> Unit 98 opened for READONLY access to toppar/toppar_all36_lipid_prot.str

                    INPUT STREAM SWITCHING TO UNIT    98
 RDTITL> * TOPOLOGY AND PARAMETERS FOR LIPID TAIL LINKERS TO CYSTEINE AND GLYCINE,
 RDTITL> * FOR EXAMPLE, PALMITOYLATION, MARISTOYLATION, FERNASYLATION, GERANYLATION
 RDTITL> *
 Parameter: IN1 <- "" <empty>
  
 CHARMM>     
  
 CHARMM>    read rtf card append
 MAINIO> Residue topology file being read from unit  98.
 RDTITL> * LIPID-MODIFIED PROTEIN RESIDUES
 RDTITL> *
  
 CHARMM>     
  
 CHARMM>    read para card append flex

          PARAMETER FILE BEING READ FROM UNIT 98
 RDTITL> * CYSTEIN-PALMITATE PARAMETERS
 RDTITL> *
 PARMIO> NONBOND, HBOND lists and IMAGE atoms cleared.
  
 CHARMM>     
  
 CHARMM>    return
 VCLOSE: Closing unit   98 with status "KEEP"

                    RETURNING TO INPUT STREAM    99
  
 CHARMM>    stream toppar/toppar_all36_lipid_tag.str
 VOPEN> Attempting to open::toppar/toppar_all36_lipid_tag.str::
 OPNLGU> Unit 98 opened for READONLY access to toppar/toppar_all36_lipid_tag.str

                    INPUT STREAM SWITCHING TO UNIT    98
 RDTITL> READ RTF CARD APPEND
 RDTITL> No title read.
 Parameter: IN1 <- "" <empty>
  
 CHARMM>    read rtf card append
 MAINIO> Residue topology file being read from unit  98.
 RDTITL> * TOPOLOGY FOR TRIACYLGLYCEROLS [STEPHEN GEE FROM LEHIGH UNIVERSITY]
 RDTITL> *
  
 VCLOSE: Closing unit   98 with status "KEEP"

                    RETURNING TO INPUT STREAM    99
  
 CHARMM>    stream toppar/toppar_all36_lipid_yeast.str
 VOPEN> Attempting to open::toppar/toppar_all36_lipid_yeast.str::
 OPNLGU> Unit 98 opened for READONLY access to toppar/toppar_all36_lipid_yeast.str

                    INPUT STREAM SWITCHING TO UNIT    98
 RDTITL> * TOPPAR STREAM FILE FOR BRANCHED AND CYCLIC CHAINED LIPIDS.  FOLLOWING READING OF
 RDTITL> * TOP_ALL36_LIPID.RTF
 RDTITL> * AND
 RDTITL> * PAR_ALL36_LIPID.RTF
 RDTITL> *
 Parameter: IN1 <- "" <empty>
  
 CHARMM>     
  
 CHARMM>    set nat ?NATC
 RDCMND substituted energy or value "?NATC" to "592"
 Parameter: NAT <- "592"
  
 CHARMM>    set app
 Parameter: APP <- "" <empty>
  
 CHARMM>    !We're exploiting what is arguably a bug in the parser. On the left hand side,
 CHARMM>    !the quotes have proirity, so NAT is correctly substituted. On the right hand
 CHARMM>    !side, the ? has priority and NATC" (sic) is not a valid substitution...
 CHARMM>    if "@NAT" ne "?NATC" if @nat ne 0 set app append
 Parameter: NAT -> "592"
 Parameter: NAT -> "592"
 RDCMND: can not substitute energy "?NATC""
 Comparing ""592"" and ""?NATC"".
 IF test evaluated as true.  Performing command
 Comparing "592" and "0".
 IF test evaluated as true.  Performing command
 Parameter: APP <- "APPEND"
  
 CHARMM>     
  
 CHARMM>    read rtf card @app
 Parameter: APP -> "APPEND"
 MAINIO> Residue topology file being read from unit  98.
 RDTITL> * CHOLESTEROL RESIDUES
 RDTITL> *
  
 CHARMM>     
  
 CHARMM>    read para card flex @app
 Parameter: APP -> "APPEND"

          PARAMETER FILE BEING READ FROM UNIT 98
 RDTITL> * NEW PARAMETERS
 RDTITL> *
 PARMIO> NONBOND, HBOND lists and IMAGE atoms cleared.
  
 CHARMM>     
  
 CHARMM>    return
 VCLOSE: Closing unit   98 with status "KEEP"

                    RETURNING TO INPUT STREAM    99
  
 CHARMM>    stream toppar/toppar_all36_lipid_hmmm.str
 VOPEN> Attempting to open::toppar/toppar_all36_lipid_hmmm.str::
 OPNLGU> Unit 98 opened for READONLY access to toppar/toppar_all36_lipid_hmmm.str

                    INPUT STREAM SWITCHING TO UNIT    98
 RDTITL> READ RTF CARD APPEND FLEX
 RDTITL> No title read.
 Parameter: IN1 <- "" <empty>
  
 CHARMM>    read rtf card append flex
 MAINIO> Residue topology file being read from unit  98.
 RDTITL> * TOPOLOGY FOR TERMINAL PATCHES FOR HMMM TRUNCATED LIPIDS
 RDTITL> *

      ***** LEVEL  1 WARNING FROM <DECODF> *****
      ***** Zero length string
      ******************************************
      BOMLEV (  0) IS NOT REACHED. WRNLEV IS  5

 WARNING from DECODF -- Zero length string being converted to 0.

      ***** LEVEL  1 WARNING FROM <DECODF> *****
      ***** Zero length string
      ******************************************
      BOMLEV (  0) IS NOT REACHED. WRNLEV IS  5

 WARNING from DECODF -- Zero length string being converted to 0.

      ***** LEVEL  1 WARNING FROM <DECODF> *****
      ***** Zero length string
      ******************************************
      BOMLEV (  0) IS NOT REACHED. WRNLEV IS  5

 WARNING from DECODF -- Zero length string being converted to 0.

      ***** LEVEL  1 WARNING FROM <DECODF> *****
      ***** Zero length string
      ******************************************
      BOMLEV (  0) IS NOT REACHED. WRNLEV IS  5

 WARNING from DECODF -- Zero length string being converted to 0.

      ***** LEVEL  1 WARNING FROM <DECODF> *****
      ***** Zero length string
      ******************************************
      BOMLEV (  0) IS NOT REACHED. WRNLEV IS  5

 WARNING from DECODF -- Zero length string being converted to 0.

      ***** LEVEL  1 WARNING FROM <DECODF> *****
      ***** Zero length string
      ******************************************
      BOMLEV (  0) IS NOT REACHED. WRNLEV IS  5

 WARNING from DECODF -- Zero length string being converted to 0.

      ***** LEVEL  1 WARNING FROM <DECODF> *****
      ***** Zero length string
      ******************************************
      BOMLEV (  0) IS NOT REACHED. WRNLEV IS  5

 WARNING from DECODF -- Zero length string being converted to 0.

      ***** LEVEL  1 WARNING FROM <DECODF> *****
      ***** Zero length string
      ******************************************
      BOMLEV (  0) IS NOT REACHED. WRNLEV IS  5

 WARNING from DECODF -- Zero length string being converted to 0.
  
 CHARMM>     
  
 CHARMM>    read para card flex @app
 Parameter: APP -> "APPEND"

          PARAMETER FILE BEING READ FROM UNIT 98
 RDTITL> * NEW PARAMETERS
 RDTITL> *
 PARMIO> NONBOND, HBOND lists and IMAGE atoms cleared.
  
 CHARMM>     
  
 CHARMM>    return
 VCLOSE: Closing unit   98 with status "KEEP"

                    RETURNING TO INPUT STREAM    99
  
 CHARMM>    stream toppar/toppar_all36_lipid_detergent.str
 VOPEN> Attempting to open::toppar/toppar_all36_lipid_detergent.str::
 OPNLGU> Unit 98 opened for READONLY access to toppar/toppar_all36_lipid_detergent.str

                    INPUT STREAM SWITCHING TO UNIT    98
 RDTITL> * TOPPAR STREAM FILE FOR DETERGENTS AND FATTY ACIDS.
 RDTITL> * STREAM FOLLOWING READING OF
 RDTITL> * TOP_ALL36_LIPID.RTF
 RDTITL> * AND
 RDTITL> * PAR_ALL36_LIPID.RTF
 RDTITL> *
 Parameter: IN1 <- "" <empty>
  
 CHARMM>     
  
 CHARMM>    !Additional residues added by Im lab, Aug. 2017
 CHARMM>     
  
 CHARMM>    !Fatty acids added Jan. 2016
 CHARMM>     
  
 CHARMM>    read rtf card append
 MAINIO> Residue topology file being read from unit  98.
 RDTITL> * DETERGENT AND FATTY ACID RESIDUES
 RDTITL> *
  
 CHARMM>     
  
 CHARMM>    read para card append flex

          PARAMETER FILE BEING READ FROM UNIT 98
 RDTITL> * SB3-12 AND SB3-14 PARAMETERS
 RDTITL> *
 PARMIO> NONBOND, HBOND lists and IMAGE atoms cleared.
  
 CHARMM>     
  
 CHARMM>    return
 VCLOSE: Closing unit   98 with status "KEEP"

                    RETURNING TO INPUT STREAM    99
  
 CHARMM>    stream toppar/toppar_all36_lipid_ether.str
 VOPEN> Attempting to open::toppar/toppar_all36_lipid_ether.str::
 OPNLGU> Unit 98 opened for READONLY access to toppar/toppar_all36_lipid_ether.str

                    INPUT STREAM SWITCHING TO UNIT    98
 RDTITL> * CHARMM36 ALL-HYDROGEN ETHER LIPID FORCE FIELD INCLUDING PLASMALOGENS ALISON
 RDTITL> * N. LEONARD (A. L.), 7/18 WITH RICHARD PASTOR AND JEFFERY KLAUDA, JPCB 122(26)
 RDTITL> * PP. 6744 - 6754.  ANA WEST, 1/20 WITH VALERIA ZONI, WALTER TEAGUE JR., ALISON
 RDTITL> * LEONARD, STEFANO VANNI, KLAUS GAWRISCH, STEPHANIE TRISTAM-NAGLE, JONATHAN
 RDTITL> * SACHS, AND JEFFERY KLAUDA, JPCB 124(5) PP. 828 - 839.
 RDTITL> *
 Parameter: IN1 <- "" <empty>
  
 CHARMM>     
  
 CHARMM>    !Parent files that have to be read prior to streaming this file
 CHARMM>    !top_all36_lipid.rtf
 CHARMM>    !par_all36_lipid.prm
 CHARMM>    !top_all36_cgenff.rtf
 CHARMM>    !par_all36_cgenff.prm
 CHARMM>     
  
 CHARMM>    read rtf card append
 MAINIO> Residue topology file being read from unit  98.
 RDTITL> * C36 ETHER MODEL COMPOUNDS
 RDTITL> *

      ***** LEVEL  1 WARNING FROM <DECODF> *****
      ***** Zero length string
      ******************************************
      BOMLEV (  0) IS NOT REACHED. WRNLEV IS  5

 WARNING from DECODF -- Zero length string being converted to 0.

      ***** LEVEL  1 WARNING FROM <DECODF> *****
      ***** Zero length string
      ******************************************
      BOMLEV (  0) IS NOT REACHED. WRNLEV IS  5

 WARNING from DECODF -- Zero length string being converted to 0.

      ***** LEVEL  1 WARNING FROM <DECODF> *****
      ***** Zero length string
      ******************************************
      BOMLEV (  0) IS NOT REACHED. WRNLEV IS  5

 WARNING from DECODF -- Zero length string being converted to 0.
  
 CHARMM>     
  
 CHARMM>    read para card flex append

          PARAMETER FILE BEING READ FROM UNIT 98
 RDTITL> * PARAMETERS
 RDTITL> *
 PARRDR> Error: Repeated ANGLE parameter (  7501): CG32  OG30  CG31 is replaced
 PARRDR> Error: Repeated ANGLE parameter (  1342): CG31  CG2D  CG33 is replaced
 PARMIO> NONBOND, HBOND lists and IMAGE atoms cleared.
  
 CHARMM>     
  
 CHARMM>    return
 VCLOSE: Closing unit   98 with status "KEEP"

                    RETURNING TO INPUT STREAM    99
  
 CHARMM>    stream toppar/toppar_all36_lipid_oxidized.str
 VOPEN> Attempting to open::toppar/toppar_all36_lipid_oxidized.str::
 OPNLGU> Unit 98 opened for READONLY access to toppar/toppar_all36_lipid_oxidized.str

                    INPUT STREAM SWITCHING TO UNIT    98
 RDTITL> READ RTF CARD APPEND
 RDTITL> No title read.
 Parameter: IN1 <- "" <empty>
  
 CHARMM>    read rtf card append
 MAINIO> Residue topology file being read from unit  98.
 RDTITL> * TOPOLOGY FOR OXIDIZED PHOSPHOLIPID
 RDTITL> *

      ***** LEVEL  1 WARNING FROM <rtfrdr> *****
      ***** No AUTOgen defaults specified in appended RTF. Potential conflict with prior RTF autogen options. Check.
      ******************************************
      BOMLEV (  0) IS NOT REACHED. WRNLEV IS  5

  
 CHARMM>     
  
 CHARMM>    read param card flex append

          PARAMETER FILE BEING READ FROM UNIT 98
 RDTITL> * ADDITIONAL PARAMETERS FOR OXIDIZED PHOSPHOLIPIDS
 RDTITL> *
 PARRDR> Error: Repeated DIHE parameter (  5771): CG2D  CG2D  CG2D  CG31 is replaced
 PARRDR> Error: Repeated DIHE parameter (  5772): CG2D  CG2D  CG2D  CG31 is replaced
 PARRDR> Error: Repeated DIHE parameter (  5771): CG2D  CG2D  CG2D  CG31 is replaced
 PARRDR> Error: Repeated DIHE parameter (  5772): CG2D  CG2D  CG2D  CG31 is replaced
 PARRDR> Error: Repeated DIHE parameter (  6202): CG2D  CG2D  CG31  CG32 is replaced
 PARRDR> Error: Repeated DIHE parameter (  6203): CG2D  CG2D  CG31  CG32 is replaced
 PARRDR> Error: Repeated DIHE parameter (  6202): CG2D  CG2D  CG31  CG32 is replaced
 PARRDR> Error: Repeated DIHE parameter (  6203): CG2D  CG2D  CG31  CG32 is replaced
 PARRDR> Error: Repeated DIHE parameter (  6221): CG2D  CG2D  CG31  HGA1 is replaced
 PARRDR> Error: Repeated DIHE parameter ( 19677): CG2D  CG31  CG32  CG32 is replaced
 PARRDR> Error: Repeated DIHE parameter ( 19678): CG2D  CG31  CG32  CG32 is replaced
 PARRDR> Error: Repeated DIHE parameter ( 19679): CG2D  CG31  CG32  CG32 is replaced
 PARRDR> Error: Repeated DIHE parameter ( 19677): CG2D  CG31  CG32  CG32 is replaced
 PARRDR> Error: Repeated DIHE parameter ( 19678): CG2D  CG31  CG32  CG32 is replaced
 PARRDR> Error: Repeated DIHE parameter ( 19679): CG2D  CG31  CG32  CG32 is replaced
 PARRDR> Error: Repeated DIHE parameter ( 19677): CG2D  CG31  CG32  CG32 is replaced
 PARRDR> Error: Repeated DIHE parameter ( 19678): CG2D  CG31  CG32  CG32 is replaced
 PARRDR> Error: Repeated DIHE parameter ( 19679): CG2D  CG31  CG32  CG32 is replaced
 PARRDR> Error: Repeated DIHE parameter ( 19682): CG2D  CG31  CG32  HGA2 is replaced
 PARRDR> Error: Repeated DIHE parameter (  5835): CG31  CG2D  CG2D  HGA4 is replaced
 PARRDR> Error: Repeated DIHE parameter (  6247): HGA4  CG2D  CG31  CG32 is replaced
 PARRDR> Error: Repeated DIHE parameter (  6248): HGA4  CG2D  CG31  CG32 is replaced
 PARRDR> Error: Repeated DIHE parameter (  6262): HGA4  CG2D  CG31  HGA1 is replaced
 PARMIO> NONBOND, HBOND lists and IMAGE atoms cleared.
  
 CHARMM>     
  
 CHARMM>    RETURN
 VCLOSE: Closing unit   98 with status "KEEP"

                    RETURNING TO INPUT STREAM    99
  
 CHARMM>     
  
 CHARMM>    ! Additional topologies and parameters for carbohydrates
 CHARMM>    stream toppar/toppar_all36_carb_glycolipid.str
 VOPEN> Attempting to open::toppar/toppar_all36_carb_glycolipid.str::
 OPNLGU> Unit 98 opened for READONLY access to toppar/toppar_all36_carb_glycolipid.str

                    INPUT STREAM SWITCHING TO UNIT    98
 RDTITL> READ RTF CARD APPEND
 RDTITL> No title read.
 Parameter: IN1 <- "" <empty>
  
 CHARMM>    read rtf card append
 MAINIO> Residue topology file being read from unit  98.
 RDTITL> * TOPOLOGY FOR GLYCOLIPIDS
 RDTITL> *
  
 CHARMM>     
  
 CHARMM>    read param card flex append

          PARAMETER FILE BEING READ FROM UNIT 98
 RDTITL> * PIP RELATED PARAMETERS
 RDTITL> *
 PARRDR> Error: Repeated BOND parameter (  1099): CG2R  NG3N is replaced
 PARRDR> Error: Repeated ANGLE parameter (  3757): CG2R  CG30  CG32 is replaced
 PARRDR> Error: Repeated ANGLE parameter (  4665): CG30  CG32  CG30 is replaced
 PARRDR> Error: Repeated ANGLE parameter (  3430): NG2R  CG2R  NG3N is replaced
 PARRDR> Error: Repeated ANGLE parameter (  7348): CG2R  NG3N  NG3N is replaced
 PARRDR> Error: Repeated ANGLE parameter (  7349): CG2R  NG3N  HGP1 is replaced
 PARRDR> Error: Repeated DIHE parameter ( 22427): CG2D  CG32  CG32  CG31 is replaced
 PARRDR> Error: Repeated DIHE parameter ( 22428): CG2D  CG32  CG32  CG31 is replaced
 PARRDR> Error: Repeated DIHE parameter ( 22429): CG2D  CG32  CG32  CG31 is replaced
 PARRDR> Error: Repeated DIHE parameter ( 22427): CG2D  CG32  CG32  CG31 is replaced
 PARRDR> Error: Repeated DIHE parameter ( 22428): CG2D  CG32  CG32  CG31 is replaced
 PARRDR> Error: Repeated DIHE parameter ( 22429): CG2D  CG32  CG32  CG31 is replaced
 PARRDR> Error: Repeated DIHE parameter ( 22427): CG2D  CG32  CG32  CG31 is replaced
 PARRDR> Error: Repeated DIHE parameter ( 22428): CG2D  CG32  CG32  CG31 is replaced
 PARRDR> Error: Repeated DIHE parameter ( 22429): CG2D  CG32  CG32  CG31 is replaced
 PARRDR> Error: Repeated DIHE parameter ( 18419): CG2R  CG30  CG32  HGA2 is replaced
 PARRDR> Error: Repeated DIHE parameter ( 18411): CG2R  CG30  CG32  CG30 is replaced
 PARRDR> Error: Repeated DIHE parameter ( 18412): CG2R  CG30  CG32  CG30 is replaced
 PARRDR> Error: Repeated DIHE parameter ( 14412): CG2R  CG2R  CG30  CG32 is replaced
 PARRDR> Error: Repeated DIHE parameter ( 36542): CG2R  CG2R  CG2R  OC30 is replaced
 PARRDR> Error: Repeated DIHE parameter ( 18471): CG33  CG30  CG32  CG30 is replaced
 PARRDR> Error: Repeated DIHE parameter ( 17027): NG2R  CG2R  NG3N  NG3N is replaced
 PARRDR> Error: Repeated DIHE parameter ( 17028): NG2R  CG2R  NG3N  NG3N is replaced
 PARRDR> Error: Repeated DIHE parameter ( 17029): NG2R  CG2R  NG3N  NG3N is replaced
 PARRDR> Error: Repeated DIHE parameter ( 17027): NG2R  CG2R  NG3N  NG3N is replaced
 PARRDR> Error: Repeated DIHE parameter ( 17028): NG2R  CG2R  NG3N  NG3N is replaced
 PARRDR> Error: Repeated DIHE parameter ( 17029): NG2R  CG2R  NG3N  NG3N is replaced
 PARRDR> Error: Repeated DIHE parameter ( 17030): NG2R  CG2R  NG3N  HGP1 is replaced
 PARRDR> Error: Repeated DIHE parameter ( 31669): CG2R  NG3N  NG3N  HGP1 is replaced
 PARRDR> Error: Repeated DIHE parameter ( 24062): CG32  CG32  NG30  CG2R is replaced
 PARRDR> Error: Repeated DIHE parameter ( 24063): CG32  CG32  NG30  CG2R is replaced
 PARRDR> Error: Repeated DIHE parameter ( 24062): CG32  CG32  NG30  CG2R is replaced
 PARRDR> Error: Repeated DIHE parameter ( 24063): CG32  CG32  NG30  CG2R is replaced
 PARRDR> Error: Repeated DIHE parameter ( 22848): NG31  CG32  CG32  NG31 is replaced
 PARRDR> Error: Repeated DIHE parameter ( 22849): NG31  CG32  CG32  NG31 is replaced
 PARMIO> NONBOND, HBOND lists and IMAGE atoms cleared.
  
 CHARMM>     
  
 CHARMM>    RETURN
 VCLOSE: Closing unit   98 with status "KEEP"

                    RETURNING TO INPUT STREAM    99
  
 CHARMM>    stream toppar/toppar_all36_carb_glycopeptide.str
 VOPEN> Attempting to open::toppar/toppar_all36_carb_glycopeptide.str::
 OPNLGU> Unit 98 opened for READONLY access to toppar/toppar_all36_carb_glycopeptide.str

                    INPUT STREAM SWITCHING TO UNIT    98
 RDTITL> READ RTF CARD APPEND
 RDTITL> No title read.
 Parameter: IN1 <- "" <empty>
  
 CHARMM>    read rtf card append
 MAINIO> Residue topology file being read from unit  98.
 RDTITL> * TOPOLOGY FOR GLYCOPEPTIDE LINKAGES
 RDTITL> *
  
 CHARMM>     
  
 CHARMM>    read param card flex append

          PARAMETER FILE BEING READ FROM UNIT 98
 RDTITL> *    NEW PARAMETES
 RDTITL> *
 PARMIO> NONBOND, HBOND lists and IMAGE atoms cleared.
  
 CHARMM>     
  
 CHARMM>     
  
 CHARMM>    RETURN
 VCLOSE: Closing unit   98 with status "KEEP"

                    RETURNING TO INPUT STREAM    99
  
 CHARMM>    stream toppar/toppar_all36_carb_imlab.str
 VOPEN> Attempting to open::toppar/toppar_all36_carb_imlab.str::
 OPNLGU> Unit 98 opened for READONLY access to toppar/toppar_all36_carb_imlab.str

                    INPUT STREAM SWITCHING TO UNIT    98
 RDTITL> READ RTF CARD APPEND
 RDTITL> No title read.
 Parameter: IN1 <- "" <empty>
  
 CHARMM>    read rtf card append
 MAINIO> Residue topology file being read from unit  98.
 RDTITL> * GLYCAN CHEMICAL MODIFICATION PATCHES
 RDTITL> *

      ***** LEVEL  1 WARNING FROM <rtfrdr> *****
      ***** No AUTOgen defaults specified in appended RTF. Potential conflict with prior RTF autogen options. Check.
      ******************************************
      BOMLEV (  0) IS NOT REACHED. WRNLEV IS  5

  
 CHARMM>     
  
 CHARMM>    read param card flex append

          PARAMETER FILE BEING READ FROM UNIT 98
 RDTITL> * GLYCAN CHEMICAL MODIFICATION PATCHES
 RDTITL> *
 PARRDR> Error: Repeated DIHE parameter ( 13781): NG2S  CG2R  CG2R  NG2O is replaced
 PARMIO> NONBOND, HBOND lists and IMAGE atoms cleared.
  
 CHARMM>     
  
 CHARMM>    RETURN
 VCLOSE: Closing unit   98 with status "KEEP"

                    RETURNING TO INPUT STREAM    99
  
 CHARMM>     
  
 CHARMM>    ! Additional topologies and parameters for spin/fluorophore labels
 CHARMM>    stream toppar/toppar_all36_label_spin.str
 VOPEN> Attempting to open::toppar/toppar_all36_label_spin.str::
 OPNLGU> Unit 98 opened for READONLY access to toppar/toppar_all36_label_spin.str

                    INPUT STREAM SWITCHING TO UNIT    98
 RDTITL> *>>>>> TOPOLOGY FOR NITROXYDE SPIN LABELS <<<<<<<
 RDTITL> * SHAHIDUL M. ISLAM, UNIVERSITY OF CHICAGO
 RDTITL> *
 Parameter: IN1 <- "" <empty>
  
 CHARMM>     
  
 CHARMM>    ! please reference the following:
 CHARMM>    !Sezer, D., Freed J. H., and Roux, B. “Parametrization, Molecular Dynamics Simulation, and Calculation of Electron Spin
 CHARMM>    !Resonance Spectra of a Nitroxide Spin Label on a Polyalanine alpha-Helix” J. Phys. Chem. B 2008, 112, 5755-5767
 CHARMM>     
  
 CHARMM>    !Islam, S. M., and Roux, B. “Parameterization and molecular dynamics simulations of a
 CHARMM>    !conformationally constrained double linked spin label constrained by EPR/DEER data”
 CHARMM>    !(planed submission to J journal)
 CHARMM>     
  
 CHARMM>    !test "append" to determine if previous toppar files have been read and
 CHARMM>    !add append to "read rtf card" if true
 CHARMM>    set nat ?NATC
 RDCMND substituted energy or value "?NATC" to "592"
 Parameter: NAT <- "592"
  
 CHARMM>    set app
 Parameter: APP <- "" <empty>
  
 CHARMM>    !We're exploiting what is arguably a bug in the parser. On the left hand side,
 CHARMM>    !the quotes have proirity, so NAT is correctly substituted. On the right hand
 CHARMM>    !side, the ? has priority and NATC" (sic) is not a valid substitution...
 CHARMM>    if "@NAT" ne "?NATC" if @nat ne 0 set app append
 Parameter: NAT -> "592"
 Parameter: NAT -> "592"
 RDCMND: can not substitute energy "?NATC""
 Comparing ""592"" and ""?NATC"".
 IF test evaluated as true.  Performing command
 Comparing "592" and "0".
 IF test evaluated as true.  Performing command
 Parameter: APP <- "APPEND"
  
 CHARMM>     
  
 CHARMM>     
  
 CHARMM>    read rtf card @app
 Parameter: APP -> "APPEND"
 MAINIO> Residue topology file being read from unit  98.
 RDTITL> * TOPOLOGY FOR SPIN LABEL
 RDTITL> *
  
 CHARMM>     
  
 CHARMM>     
  
 CHARMM>    read para card flex @app
 Parameter: APP -> "APPEND"

          PARAMETER FILE BEING READ FROM UNIT 98
 RDTITL> * PARAMETERS FOR SPIN LABEL
 RDTITL> *
 PARRDR> Error: Repeated BOND parameter (  1467): CG3C  NG2R is replaced
 PARRDR> Error: Repeated BOND parameter (  1659): NG2S  NG2S is replaced
 PARRDR> Error: Repeated ANGLE parameter (  5457): CG33  CG3C  NG2R is replaced
 PARRDR> Error: Repeated ANGLE parameter (  5928): CG3R  CG3C  SG31 is replaced
 PARRDR> Error: Repeated ANGLE parameter (  6245): CG3C  CG3R  NG2R is replaced
 PARRDR> Error: Repeated ANGLE parameter (  7030): CG2O  NG2S  NG2S is replaced
 PARRDR> Error: Repeated ANGLE parameter (  7063): NG2S  NG2S  HGP1 is replaced
 PARRDR> Error: Repeated ANGLE parameter (  7808): CG3C  SG31  CG3C is replaced
 PARRDR> Error: Repeated DIHE parameter (  7841): OG2D  CG2O  NG2S  NG2S is replaced
 PARRDR> Error: Repeated DIHE parameter (  9612): CG2O  CG2R  CG2R  HGR5 is replaced
 PARRDR> Error: Repeated DIHE parameter ( 25682): HGA3  CG33  CG3C  NG2R is replaced
 PARRDR> Error: Repeated DIHE parameter ( 28997): HGA1  CG3C  SG31  CG3C is replaced
 PARRDR> Error: Repeated DIHE parameter ( 29450): SG31  CG3C  CG3R  CG3R is replaced
 PARRDR> Error: Repeated DIHE parameter ( 29451): SG31  CG3C  CG3R  CG3R is replaced
 PARRDR> Error: Repeated DIHE parameter ( 29453): SG31  CG3C  CG3R  HGA1 is replaced
 PARRDR> Error: Repeated DIHE parameter ( 29477): HGA2  CG3C  CG3R  NG2R is replaced
 PARRDR> Error: Repeated DIHE parameter ( 29867): HGA2  CG3C  SG31  CG3C is replaced
 PARRDR> Error: Repeated DIHE parameter ( 30630): CG3C  CG3R  NG2R  CG2R is replaced
 PARRDR> Error: Repeated DIHE parameter ( 30631): CG3C  CG3R  NG2R  CG2R is replaced
 PARRDR> Error: Repeated DIHE parameter ( 31420): CG2O  NG2S  NG2S  HGP1 is replaced
 PARRDR> Error: Repeated DIHE parameter ( 31422): HGP1  NG2S  NG2S  HGP1 is replaced
 PARRDR> Error: Repeated DIHE parameter ( 31423): HGP1  NG2S  NG2S  HGP1 is replaced
 PARRDR> Error: Repeated DIHE parameter ( 31424): HGP1  NG2S  NG2S  HGP1 is replaced
 PARMIO> NONBOND, HBOND lists and IMAGE atoms cleared.
  
 CHARMM>     
  
 CHARMM>    return
 VCLOSE: Closing unit   98 with status "KEEP"

                    RETURNING TO INPUT STREAM    99
  
 CHARMM>    stream toppar/toppar_all36_label_fluorophore.str
 VOPEN> Attempting to open::toppar/toppar_all36_label_fluorophore.str::
 OPNLGU> Unit 98 opened for READONLY access to toppar/toppar_all36_label_fluorophore.str

                    INPUT STREAM SWITCHING TO UNIT    98
 RDTITL> READ RTF CARD APPEND
 RDTITL> No title read.
 Parameter: IN1 <- "" <empty>
  
 CHARMM>    read rtf card append
 MAINIO> Residue topology file being read from unit  98.
 RDTITL> * TOPOLOGY FILES
 RDTITL> *
  
 CHARMM>     
  
 CHARMM>    read param card flex append

          PARAMETER FILE BEING READ FROM UNIT 98
 RDTITL> * MINI FORCE FIELD PARAMETER FILE.
 RDTITL> *
 PARRDR> Error: Repeated BOND parameter (   462): CG25  NG3C is replaced
 PARRDR> Error: Repeated BOND parameter (   872): CG2R  CG3C is replaced
 PARRDR> Error: Repeated ANGLE parameter (  5367): CG2R  CG3C  CG33 is replaced
 PARRDR> Error: Repeated DIHE parameter ( 25685): HGA3  CG33  CG3C  CG2R is replaced
 PARMIO> NONBOND, HBOND lists and IMAGE atoms cleared.
  
 CHARMM>     
  
 VCLOSE: Closing unit   98 with status "KEEP"

                    RETURNING TO INPUT STREAM    99
  
 CHARMM>     
  
 CHARMM>     
  
 CHARMM>     
  
 VCLOSE: Closing unit   99 with status "KEEP"

                    RETURNING TO INPUT STREAM     5
  
 CHARMM>     
  
 CHARMM>    ! Read PSF and Coordinates
 CHARMM>    open read unit 10 card name step1_pdbreader.psf
 OPNLGU> Unit already open. The old file will be closed first.
 VCLOSE: Closing unit   10 with status "KEEP"
 VOPEN> Attempting to open::step1_pdbreader.psf::
 OPNLGU> Unit 10 opened for READONLY access to step1_pdbreader.psf
  
 CHARMM>    read psf  unit 10 card
 MAINIO> Protein structure file being read from unit  10.
 psf_read_formatted: Reading PSF in the expanded format.
 TITLE>  * GENERATED BY CHARMM-GUI (HTTP://WWW.CHARMM-GUI.ORG) V3.7 ON AUG, 30. 2026. JOB
 TITLE>  * READ PDB, MANIPULATE STRUCTURE IF NEEDED, AND GENERATE TOPOLOGY FILE
 TITLE>  *  DATE:     8/30/26     14:13:29      CREATED BY USER: charmm-gui
 TITLE>  *
 PSFSUM> PSF modified: NONBOND lists and IMAGE atoms cleared.
 PSFSUM> Summary of the structure file counters :
         Number of segments      =        6   Number of residues   =        6
         Number of atoms         =      112   Number of groups     =       28
         Number of bonds         =      108   Number of angles     =      192
         Number of dihedrals     =      264   Number of impropers  =       21
         Number of cross-terms   =        0   Number of autogens   =        0
         Number of HB acceptors  =       15   Number of HB donors  =       27
         Number of NB exclusions =        0   Total charge =    1.00000
  
 CHARMM>     
  
 CHARMM>    open read unit 10 card name step1_pdbreader.crd
 OPNLGU> Unit already open. The old file will be closed first.
 VCLOSE: Closing unit   10 with status "KEEP"
 VOPEN> Attempting to open::step1_pdbreader.crd::
 OPNLGU> Unit 10 opened for READONLY access to step1_pdbreader.crd
  
 CHARMM>    read coor unit 10 card
          SPATIAL COORDINATES BEING READ FROM UNIT 10
 TITLE> * GENERATED BY CHARMM-GUI (HTTP://WWW.CHARMM-GUI.ORG) V3.7 ON AUG, 30. 2026. JOB
 TITLE> * READ PDB, MANIPULATE STRUCTURE IF NEEDED, AND GENERATE TOPOLOGY FILE
 TITLE> *  DATE:     8/30/26     14:13:29      CREATED BY USER: CHARMM-GUI
 TITLE> *
  
 CHARMM>     
  
 CHARMM>    ! Orient protein along Z axis using its first principal axis.
 CHARMM>    ! This option is suggested for a small helical bundle or homo-oligomer.
 CHARMM>    coor stat
 STATISTICS FOR       112 SELECTED ATOMS:
    XMIN =   -0.347159 XMAX =   22.260156 XAVE =   10.936263
    YMIN =   -3.747581 YMAX =    2.495582 YAVE =   -0.248752
    ZMIN =   -4.571996 ZMAX =    0.975559 ZAVE =   -0.999154
    WMIN =    0.000000 WMAX =    0.000000 WAVE =    0.000000
  
 CHARMM>    coor orient

 ORIENT THE COORDINATES TO ALIGN WITH AXIS

 MOMENTS
    230.98994400     15.49084177   -102.41250449
                    234.58654119     89.73003850
                                   4341.16134617

 Transpose of the rotation matrix
     0.999457    0.021721   -0.024794
     0.000236    0.747449    0.664319
     0.032962   -0.663964    0.747038
 CENTER OF ATOMS BEFORE TRANSLATION    10.93626    -0.24875    -0.99915
 AXIS OF ROTATION IS  0.998926  0.043435  0.016158  ANGLE IS   41.67

 ALL COORDINATES ORIENTED IN THE MAIN SET BASED ON SELECTED ATOMS.

  
 CHARMM>    coor stat
 STATISTICS FOR       112 SELECTED ATOMS:
    XMIN =  -11.318747 XMAX =   11.332451 XAVE =    0.000000
    YMIN =   -2.854690 YMAX =    2.626256 YAVE =    0.000000
    ZMIN =   -4.254775 ZMAX =    2.607185 ZAVE =    0.000000
    WMIN =    0.000000 WMAX =    0.000000 WAVE =    0.000000
  
 CHARMM>    coor rotate ydir 1.0 phi 90.0
 ROTATION MATRIX
    0.000000    0.000000   -1.000000
    0.000000    1.000000    0.000000
    1.000000    0.000000    0.000000

 AXIS OF ROTATION IS  0.000000  1.000000  0.000000  ANGLE IS   90.00

 SELECTED COORDINATES ROTATED IN THE MAIN SET.

  
 CHARMM>    coor stat
 STATISTICS FOR       112 SELECTED ATOMS:
    XMIN =   -2.607185 XMAX =    4.254775 XAVE =   -0.000000
    YMIN =   -2.854690 YMAX =    2.626256 YAVE =    0.000000
    ZMIN =  -11.318747 ZMAX =   11.332451 ZAVE =    0.000000
    WMIN =    0.000000 WMAX =    0.000000 WAVE =    0.000000
  
 CHARMM>     
  
 CHARMM>    stream step2_area.str
 VOPEN> Attempting to open::step2_area.str::
 OPNLGU> Unit 99 opened for READONLY access to step2_area.str

                    INPUT STREAM SWITCHING TO UNIT    99
 RDTITL> * GENERATED BY CHARMM-GUI (HTTP://WWW.CHARMM-GUI.ORG) V3.7 ON AUG, 30. 2026. JOBID=8811352165
 RDTITL> * STREAM FILE TO ESTIMATE CROSS SECTIONAL AREA OF A PROTEIN
 RDTITL> *
 Parameter: IN1 <- "" <empty>
  
 CHARMM>     
  
 CHARMM>    open write card  unit 51 name step2_area.plo
 VOPEN> Attempting to open::step2_area.plo::
 OPNLGU> Unit 51 opened for WRITE access to step2_area.plo
  
 CHARMM>    write title unit 51
 RDTITL> * #CROSS SECTIONS ALONG Z AXIS
 RDTITL> *
  
 CHARMM>     
  
 CHARMM>    calc dcel   = 0.2
Evaluating: 0.2
 Parameter: DCEL <- "0.2"
  
 CHARMM>    calc factor = 1.0 / @dcel
 Parameter: DCEL -> "0.2"
Evaluating: 1.0/0.2
 Parameter: FACTOR <- "5"
  
 CHARMM>     
  
 CHARMM>     
  
 CHARMM>    coor stat sele all end
 SELRPN>    112 atoms have been selected out of    112
 STATISTICS FOR       112 SELECTED ATOMS:
    XMIN =   -2.607185 XMAX =    4.254775 XAVE =   -0.000000
    YMIN =   -2.854690 YMAX =    2.626256 YAVE =    0.000000
    ZMIN =  -11.318747 ZMAX =   11.332451 ZAVE =    0.000000
    WMIN =    0.000000 WMAX =    0.000000 WAVE =    0.000000
  
 CHARMM>    calc x1 = ?xmin - 5
 RDCMND substituted energy or value "?XMIN" to "-2.60718474"
Evaluating: -2.60718474-5
 Parameter: X1 <- "-7.60718474"
  
 CHARMM>    calc x2 = ?xmax + 5
 RDCMND substituted energy or value "?XMAX" to "4.25477513"
Evaluating: 4.25477513+5
 Parameter: X2 <- "9.25477513"
  
 CHARMM>    calc y1 = ?ymin - 5
 RDCMND substituted energy or value "?YMIN" to "-2.85469042"
Evaluating: -2.85469042-5
 Parameter: Y1 <- "-7.85469042"
  
 CHARMM>    calc y2 = ?ymax + 5
 RDCMND substituted energy or value "?YMAX" to "2.6262562"
Evaluating: 2.6262562+5
 Parameter: Y2 <- "7.6262562"
  
 CHARMM>    calc xncel = int( ( @x2 - @x1 ) / @dcel )
 Parameter: X2 -> "9.25477513"
 Parameter: X1 -> "-7.60718474"
 Parameter: DCEL -> "0.2"
Evaluating: INT((9.25477513--7.60718474)/0.2)
 Parameter: XNCEL <- "84"
  
 CHARMM>    calc yncel = int( ( @y2 - @y1 ) / @dcel )
 Parameter: Y2 -> "7.6262562"
 Parameter: Y1 -> "-7.85469042"
 Parameter: DCEL -> "0.2"
Evaluating: INT((7.6262562--7.85469042)/0.2)
 Parameter: YNCEL <- "77"
  
 CHARMM>     
  
 CHARMM>    calc a = int( ?zmin )
 RDCMND substituted energy or value "?ZMIN" to "-11.3187468"
Evaluating: INT(-11.3187468)
 Parameter: A <- "-11"
  
 CHARMM>    calc b = @a + @dcel
 Parameter: A -> "-11"
 Parameter: DCEL -> "0.2"
Evaluating: -11+0.2
 Parameter: B <- "-10.8"
  
 CHARMM>     
  
 CHARMM>    calc toparea = -1.0
Evaluating: -1.0
 Parameter: TOPAREA <- "-1"
  
 CHARMM>    calc botarea = -1.0
Evaluating: -1.0
 Parameter: BOTAREA <- "-1"
  
 CHARMM>     
  
 CHARMM>    label DOAREA
  
 CHARMM>     
  
 CHARMM>    ! Cross sectional protein area with whole atom.
 CHARMM>    scalar wmain = radius
  
 CHARMM>    scalar wmain mult 2.5   sele resname TIP3 end
 SELRPN>      0 atoms have been selected out of    112
  
 CHARMM>    scalar wmain add  1.529 sele .not. resname TIP3 end
 SELRPN>    112 atoms have been selected out of    112
  
 CHARMM>    scalar wmain mult 0.85  sele .not. resname TIP3 end
 SELRPN>    112 atoms have been selected out of    112
  
 CHARMM>    calc zab = ( @a + @b ) / 2.0
 Parameter: A -> "-11"
 Parameter: B -> "-10.8"
Evaluating: (-11+-10.8)/2.0
 Parameter: ZAB <- "-10.9"
  
 CHARMM>     
  
 CHARMM>    coor search -
 CHARMM>         xmin @x1  xmax @x2  xgrip @xncel -
 CHARMM>         ymin @y1  ymax @y2  ygrip @yncel -
 CHARMM>         zmin @a   zmax @b   zgrip 5
 Parameter: X1 -> "-7.60718474"
 Parameter: X2 -> "9.25477513"
 Parameter: XNCEL -> "84"
 Parameter: Y1 -> "-7.85469042"
 Parameter: Y2 -> "7.6262562"
 Parameter: YNCEL -> "77"
 Parameter: A -> "-11"
 Parameter: B -> "-10.8"

 A TOTAL OF    25256   VACUUM POINTS WERE FOUND
 A TOTAL OF     7084 OCCUPIED POINTS WERE FOUND
 A TOTAL OF        0 EXTERNAL POINTS WERE FOUND
 A TOTAL OF    25256 SELECTED POINTS WERE FOUND
 TOTAL OCCUPIED  VOLUME =      11.435999
 TOTAL SELECTED  VOLUME =      40.771821
 TOTAL FREE      VOLUME =      40.771821
 FRACTIONAL FREE VOLUME =      78.095238
  
 CHARMM>     
  
 CHARMM>    calc c = ?volume * @factor
 Parameter: FACTOR -> "5"
 RDCMND substituted energy or value "?VOLUME" to "11.4359987"
Evaluating: 11.4359987*5
 Parameter: C <- "57.1799935"
  
 CHARMM>     
  
 CHARMM>    if a .lt. -10 if a .gt. -20 if c .gt. @botarea set botarea = @c
 Parameter: BOTAREA -> "-1"
 Parameter: C -> "57.1799935"
 Comparing "-11" and "-10".
 IF test evaluated as true.  Performing command
 Comparing "-11" and "-20".
 IF test evaluated as true.  Performing command
 Comparing "57.1799935" and "-1".
 IF test evaluated as true.  Performing command
 Parameter: BOTAREA <- "57.1799935"
  
 CHARMM>    if a .gt.  10 if a .lt.  20 if c .gt. @toparea set toparea = @c
 Parameter: TOPAREA -> "-1"
 Parameter: C -> "57.1799935"
 Comparing "-11" and "10".
 IF test evaluated as false.  Skipping command
  
 CHARMM>     
  
 CHARMM>    write title unit 51
 RDTITL> * -10.8  57.1799935
 RDTITL> *
  
 CHARMM>     
  
 CHARMM>    incr a by @dcel
 Parameter: DCEL -> "0.2"
 Parameter: A <- "-10.8"
  
 CHARMM>    incr b by @dcel
 Parameter: DCEL -> "0.2"
 Parameter: B <- "-10.6"
  
 CHARMM>    if b le ?ZMAX goto DOAREA
 RDCMND substituted energy or value "?ZMAX" to "11.3324505"
 Comparing "-10.6" and "11.3324505".
 IF test evaluated as true.  Performing command
  
 CHARMM>     
  
 CHARMM>    ! Cross sectional protein area with whole atom.
 CHARMM>    scalar wmain = radius
  
 CHARMM>    scalar wmain mult 2.5   sele resname TIP3 end
 SELRPN>      0 atoms have been selected out of    112
  
 CHARMM>    scalar wmain add  1.529 sele .not. resname TIP3 end
 SELRPN>    112 atoms have been selected out of    112
  
 CHARMM>    scalar wmain mult 0.85  sele .not. resname TIP3 end
 SELRPN>    112 atoms have been selected out of    112
  
 CHARMM>    calc zab = ( @a + @b ) / 2.0
 Parameter: A -> "-10.8"
 Parameter: B -> "-10.6"
Evaluating: (-10.8+-10.6)/2.0
 Parameter: ZAB <- "-10.7"
  
 CHARMM>     
  
 CHARMM>    coor search -
 CHARMM>         xmin @x1  xmax @x2  xgrip @xncel -
 CHARMM>         ymin @y1  ymax @y2  ygrip @yncel -
 CHARMM>         zmin @a   zmax @b   zgrip 5
 Parameter: X1 -> "-7.60718474"
 Parameter: X2 -> "9.25477513"
 Parameter: XNCEL -> "84"
 Parameter: Y1 -> "-7.85469042"
 Parameter: Y2 -> "7.6262562"
 Parameter: YNCEL -> "77"
 Parameter: A -> "-10.8"
 Parameter: B -> "-10.6"

 A TOTAL OF    24936   VACUUM POINTS WERE FOUND
 A TOTAL OF     7404 OCCUPIED POINTS WERE FOUND
 A TOTAL OF        0 EXTERNAL POINTS WERE FOUND
 A TOTAL OF    24936 SELECTED POINTS WERE FOUND
 TOTAL OCCUPIED  VOLUME =      11.952588
 TOTAL SELECTED  VOLUME =      40.255232
 TOTAL FREE      VOLUME =      40.255232
 FRACTIONAL FREE VOLUME =      77.105751
  
 CHARMM>     
  
 CHARMM>    calc c = ?volume * @factor
 Parameter: FACTOR -> "5"
 RDCMND substituted energy or value "?VOLUME" to "11.9525881"
Evaluating: 11.9525881*5
 Parameter: C <- "59.7629405"
  
 CHARMM>     
  
 CHARMM>    if a .lt. -10 if a .gt. -20 if c .gt. @botarea set botarea = @c
 Parameter: BOTAREA -> "57.1799935"
 Parameter: C -> "59.7629405"
 Comparing "-10.8" and "-10".
 IF test evaluated as true.  Performing command
 Comparing "-10.8" and "-20".
 IF test evaluated as true.  Performing command
 Comparing "59.7629405" and "57.1799935".
 IF test evaluated as true.  Performing command
 Parameter: BOTAREA <- "59.7629405"
  
 CHARMM>    if a .gt.  10 if a .lt.  20 if c .gt. @toparea set toparea = @c
 Parameter: TOPAREA -> "-1"
 Parameter: C -> "59.7629405"
 Comparing "-10.8" and "10".
 IF test evaluated as false.  Skipping command
  
 CHARMM>     
  
 CHARMM>    write title unit 51
 RDTITL> * -10.6  59.7629405
 RDTITL> *
  
 CHARMM>     
  
 CHARMM>    incr a by @dcel
 Parameter: DCEL -> "0.2"
 Parameter: A <- "-10.6"
  
 CHARMM>    incr b by @dcel
 Parameter: DCEL -> "0.2"
 Parameter: B <- "-10.4"
  
 CHARMM>    if b le ?ZMAX goto DOAREA
 RDCMND substituted energy or value "?ZMAX" to "11.3324505"
 Comparing "-10.4" and "11.3324505".
 IF test evaluated as true.  Performing command
  
 CHARMM>     
  
 CHARMM>    ! Cross sectional protein area with whole atom.
 CHARMM>    scalar wmain = radius
  
 CHARMM>    scalar wmain mult 2.5   sele resname TIP3 end
 SELRPN>      0 atoms have been selected out of    112
  
 CHARMM>    scalar wmain add  1.529 sele .not. resname TIP3 end
 SELRPN>    112 atoms have been selected out of    112
  
 CHARMM>    scalar wmain mult 0.85  sele .not. resname TIP3 end
 SELRPN>    112 atoms have been selected out of    112
  
 CHARMM>    calc zab = ( @a + @b ) / 2.0
 Parameter: A -> "-10.6"
 Parameter: B -> "-10.4"
Evaluating: (-10.6+-10.4)/2.0
 Parameter: ZAB <- "-10.5"
  
 CHARMM>     
  
 CHARMM>    coor search -
 CHARMM>         xmin @x1  xmax @x2  xgrip @xncel -
 CHARMM>         ymin @y1  ymax @y2  ygrip @yncel -
 CHARMM>         zmin @a   zmax @b   zgrip 5
 Parameter: X1 -> "-7.60718474"
 Parameter: X2 -> "9.25477513"
 Parameter: XNCEL -> "84"
 Parameter: Y1 -> "-7.85469042"
 Parameter: Y2 -> "7.6262562"
 Parameter: YNCEL -> "77"
 Parameter: A -> "-10.6"
 Parameter: B -> "-10.4"

 A TOTAL OF    24671   VACUUM POINTS WERE FOUND
 A TOTAL OF     7669 OCCUPIED POINTS WERE FOUND
 A TOTAL OF        0 EXTERNAL POINTS WERE FOUND
 A TOTAL OF    24671 SELECTED POINTS WERE FOUND
 TOTAL OCCUPIED  VOLUME =      12.380389
 TOTAL SELECTED  VOLUME =      39.827431
 TOTAL FREE      VOLUME =      39.827431
 FRACTIONAL FREE VOLUME =      76.286333
  
 CHARMM>     
  
 CHARMM>    calc c = ?volume * @factor
 Parameter: FACTOR -> "5"
 RDCMND substituted energy or value "?VOLUME" to "12.3803888"
Evaluating: 12.3803888*5
 Parameter: C <- "61.901944"
  
 CHARMM>     
  
 CHARMM>    if a .lt. -10 if a .gt. -20 if c .gt. @botarea set botarea = @c
 Parameter: BOTAREA -> "59.7629405"
 Parameter: C -> "61.901944"
 Comparing "-10.6" and "-10".
 IF test evaluated as true.  Performing command
 Comparing "-10.6" and "-20".
 IF test evaluated as true.  Performing command
 Comparing "61.901944" and "59.7629405".
 IF test evaluated as true.  Performing command
 Parameter: BOTAREA <- "61.901944"
  
 CHARMM>    if a .gt.  10 if a .lt.  20 if c .gt. @toparea set toparea = @c
 Parameter: TOPAREA -> "-1"
 Parameter: C -> "61.901944"
 Comparing "-10.6" and "10".
 IF test evaluated as false.  Skipping command
  
 CHARMM>     
  
 CHARMM>    write title unit 51
 RDTITL> * -10.4  61.901944
 RDTITL> *
  
 CHARMM>     
  
 CHARMM>    incr a by @dcel
 Parameter: DCEL -> "0.2"
 Parameter: A <- "-10.4"
  
 CHARMM>    incr b by @dcel
 Parameter: DCEL -> "0.2"
 Parameter: B <- "-10.2"
  
 CHARMM>    if b le ?ZMAX goto DOAREA
 RDCMND substituted energy or value "?ZMAX" to "11.3324505"
 Comparing "-10.2" and "11.3324505".
 IF test evaluated as true.  Performing command
  
 CHARMM>     
  
 CHARMM>    ! Cross sectional protein area with whole atom.
 CHARMM>    scalar wmain = radius
  
 CHARMM>    scalar wmain mult 2.5   sele resname TIP3 end
 SELRPN>      0 atoms have been selected out of    112
  
 CHARMM>    scalar wmain add  1.529 sele .not. resname TIP3 end
 SELRPN>    112 atoms have been selected out of    112
  
 CHARMM>    scalar wmain mult 0.85  sele .not. resname TIP3 end
 SELRPN>    112 atoms have been selected out of    112
  
 CHARMM>    calc zab = ( @a + @b ) / 2.0
 Parameter: A -> "-10.4"
 Parameter: B -> "-10.2"
Evaluating: (-10.4+-10.2)/2.0
 Parameter: ZAB <- "-10.3"
  
 CHARMM>     
  
 CHARMM>    coor search -
 CHARMM>         xmin @x1  xmax @x2  xgrip @xncel -
 CHARMM>         ymin @y1  ymax @y2  ygrip @yncel -
 CHARMM>         zmin @a   zmax @b   zgrip 5
 Parameter: X1 -> "-7.60718474"
 Parameter: X2 -> "9.25477513"
 Parameter: XNCEL -> "84"
 Parameter: Y1 -> "-7.85469042"
 Parameter: Y2 -> "7.6262562"
 Parameter: YNCEL -> "77"
 Parameter: A -> "-10.4"
 Parameter: B -> "-10.2"

 A TOTAL OF    24405   VACUUM POINTS WERE FOUND
 A TOTAL OF     7935 OCCUPIED POINTS WERE FOUND
 A TOTAL OF        0 EXTERNAL POINTS WERE FOUND
 A TOTAL OF    24405 SELECTED POINTS WERE FOUND
 TOTAL OCCUPIED  VOLUME =      12.809804
 TOTAL SELECTED  VOLUME =      39.398016
 TOTAL FREE      VOLUME =      39.398016
 FRACTIONAL FREE VOLUME =      75.463822
  
 CHARMM>     
  
 CHARMM>    calc c = ?volume * @factor
 Parameter: FACTOR -> "5"
 RDCMND substituted energy or value "?VOLUME" to "12.8098037"
Evaluating: 12.8098037*5
 Parameter: C <- "64.0490185"
  
 CHARMM>     
  
 CHARMM>    if a .lt. -10 if a .gt. -20 if c .gt. @botarea set botarea = @c
 Parameter: BOTAREA -> "61.901944"
 Parameter: C -> "64.0490185"
 Comparing "-10.4" and "-10".
 IF test evaluated as true.  Performing command
 Comparing "-10.4" and "-20".
 IF test evaluated as true.  Performing command
 Comparing "64.0490185" and "61.901944".
 IF test evaluated as true.  Performing command
 Parameter: BOTAREA <- "64.0490185"
  
 CHARMM>    if a .gt.  10 if a .lt.  20 if c .gt. @toparea set toparea = @c
 Parameter: TOPAREA -> "-1"
 Parameter: C -> "64.0490185"
 Comparing "-10.4" and "10".
 IF test evaluated as false.  Skipping command
  
 CHARMM>     
  
 CHARMM>    write title unit 51
 RDTITL> * -10.2  64.0490185
 RDTITL> *
  
 CHARMM>     
  
 CHARMM>    incr a by @dcel
 Parameter: DCEL -> "0.2"
 Parameter: A <- "-10.2"
  
 CHARMM>    incr b by @dcel
 Parameter: DCEL -> "0.2"
 Parameter: B <- "-10"
  
 CHARMM>    if b le ?ZMAX goto DOAREA
 RDCMND substituted energy or value "?ZMAX" to "11.3324505"
 Comparing "-10" and "11.3324505".
 IF test evaluated as true.  Performing command
  
 CHARMM>     
  
 CHARMM>    ! Cross sectional protein area with whole atom.
 CHARMM>    scalar wmain = radius
  
 CHARMM>    scalar wmain mult 2.5   sele resname TIP3 end
 SELRPN>      0 atoms have been selected out of    112
  
 CHARMM>    scalar wmain add  1.529 sele .not. resname TIP3 end
 SELRPN>    112 atoms have been selected out of    112
  
 CHARMM>    scalar wmain mult 0.85  sele .not. resname TIP3 end
 SELRPN>    112 atoms have been selected out of    112
  
 CHARMM>    calc zab = ( @a + @b ) / 2.0
 Parameter: A -> "-10.2"
 Parameter: B -> "-10"
Evaluating: (-10.2+-10)/2.0
 Parameter: ZAB <- "-10.1"
  
 CHARMM>     
  
 CHARMM>    coor search -
 CHARMM>         xmin @x1  xmax @x2  xgrip @xncel -
 CHARMM>         ymin @y1  ymax @y2  ygrip @yncel -
 CHARMM>         zmin @a   zmax @b   zgrip 5
 Parameter: X1 -> "-7.60718474"
 Parameter: X2 -> "9.25477513"
 Parameter: XNCEL -> "84"
 Parameter: Y1 -> "-7.85469042"
 Parameter: Y2 -> "7.6262562"
 Parameter: YNCEL -> "77"
 Parameter: A -> "-10.2"
 Parameter: B -> "-10"

 A TOTAL OF    24220   VACUUM POINTS WERE FOUND
 A TOTAL OF     8120 OCCUPIED POINTS WERE FOUND
 A TOTAL OF        0 EXTERNAL POINTS WERE FOUND
 A TOTAL OF    24220 SELECTED POINTS WERE FOUND
 TOTAL OCCUPIED  VOLUME =      13.108457
 TOTAL SELECTED  VOLUME =      39.099363
 TOTAL FREE      VOLUME =      39.099363
 FRACTIONAL FREE VOLUME =      74.891775
  
 CHARMM>     
  
 CHARMM>    calc c = ?volume * @factor
 Parameter: FACTOR -> "5"
 RDCMND substituted energy or value "?VOLUME" to "13.108457"
Evaluating: 13.108457*5
 Parameter: C <- "65.542285"
  
 CHARMM>     
  
 CHARMM>    if a .lt. -10 if a .gt. -20 if c .gt. @botarea set botarea = @c
 Parameter: BOTAREA -> "64.0490185"
 Parameter: C -> "65.542285"
 Comparing "-10.2" and "-10".
 IF test evaluated as true.  Performing command
 Comparing "-10.2" and "-20".
 IF test evaluated as true.  Performing command
 Comparing "65.542285" and "64.0490185".
 IF test evaluated as true.  Performing command
 Parameter: BOTAREA <- "65.542285"
  
 CHARMM>    if a .gt.  10 if a .lt.  20 if c .gt. @toparea set toparea = @c
 Parameter: TOPAREA -> "-1"
 Parameter: C -> "65.542285"
 Comparing "-10.2" and "10".
 IF test evaluated as false.  Skipping command
  
 CHARMM>     
  
 CHARMM>    write title unit 51
 RDTITL> * -10  65.542285
 RDTITL> *
  
 CHARMM>     
  
 CHARMM>    incr a by @dcel
 Parameter: DCEL -> "0.2"
 Parameter: A <- "-10"
  
 CHARMM>    incr b by @dcel
 Parameter: DCEL -> "0.2"
 Parameter: B <- "-9.8"
  
 CHARMM>    if b le ?ZMAX goto DOAREA
 RDCMND substituted energy or value "?ZMAX" to "11.3324505"
 Comparing "-9.8" and "11.3324505".
 IF test evaluated as true.  Performing command
  
 CHARMM>     
  
 CHARMM>    ! Cross sectional protein area with whole atom.
 CHARMM>    scalar wmain = radius
  
 CHARMM>    scalar wmain mult 2.5   sele resname TIP3 end
 SELRPN>      0 atoms have been selected out of    112
  
 CHARMM>    scalar wmain add  1.529 sele .not. resname TIP3 end
 SELRPN>    112 atoms have been selected out of    112
  
 CHARMM>    scalar wmain mult 0.85  sele .not. resname TIP3 end
 SELRPN>    112 atoms have been selected out of    112
  
 CHARMM>    calc zab = ( @a + @b ) / 2.0
 Parameter: A -> "-10"
 Parameter: B -> "-9.8"
Evaluating: (-10+-9.8)/2.0
 Parameter: ZAB <- "-9.9"
  
 CHARMM>     
  
 CHARMM>    coor search -
 CHARMM>         xmin @x1  xmax @x2  xgrip @xncel -
 CHARMM>         ymin @y1  ymax @y2  ygrip @yncel -
 CHARMM>         zmin @a   zmax @b   zgrip 5
 Parameter: X1 -> "-7.60718474"
 Parameter: X2 -> "9.25477513"
 Parameter: XNCEL -> "84"
 Parameter: Y1 -> "-7.85469042"
 Parameter: Y2 -> "7.6262562"
 Parameter: YNCEL -> "77"
 Parameter: A -> "-10"
 Parameter: B -> "-9.8"

 A TOTAL OF    24084   VACUUM POINTS WERE FOUND
 A TOTAL OF     8256 OCCUPIED POINTS WERE FOUND
 A TOTAL OF        0 EXTERNAL POINTS WERE FOUND
 A TOTAL OF    24084 SELECTED POINTS WERE FOUND
 TOTAL OCCUPIED  VOLUME =      13.328008
 TOTAL SELECTED  VOLUME =      38.879813
 TOTAL FREE      VOLUME =      38.879813
 FRACTIONAL FREE VOLUME =      74.471243
  
 CHARMM>     
  
 CHARMM>    calc c = ?volume * @factor
 Parameter: FACTOR -> "5"
 RDCMND substituted energy or value "?VOLUME" to "13.3280075"
Evaluating: 13.3280075*5
 Parameter: C <- "66.6400375"
  
 CHARMM>     
  
 CHARMM>    if a .lt. -10 if a .gt. -20 if c .gt. @botarea set botarea = @c
 Parameter: BOTAREA -> "65.542285"
 Parameter: C -> "66.6400375"
 Comparing "-10" and "-10".
 IF test evaluated as false.  Skipping command
  
 CHARMM>    if a .gt.  10 if a .lt.  20 if c .gt. @toparea set toparea = @c
 Parameter: TOPAREA -> "-1"
 Parameter: C -> "66.6400375"
 Comparing "-10" and "10".
 IF test evaluated as false.  Skipping command
  
 CHARMM>     
  
 CHARMM>    write title unit 51
 RDTITL> * -9.8  66.6400375
 RDTITL> *
  
 CHARMM>     
  
 CHARMM>    incr a by @dcel
 Parameter: DCEL -> "0.2"
 Parameter: A <- "-9.8"
  
 CHARMM>    incr b by @dcel
 Parameter: DCEL -> "0.2"
 Parameter: B <- "-9.6"
  
 CHARMM>    if b le ?ZMAX goto DOAREA
 RDCMND substituted energy or value "?ZMAX" to "11.3324505"
 Comparing "-9.6" and "11.3324505".
 IF test evaluated as true.  Performing command
  
 CHARMM>     
  
 CHARMM>    ! Cross sectional protein area with whole atom.
 CHARMM>    scalar wmain = radius
  
 CHARMM>    scalar wmain mult 2.5   sele resname TIP3 end
 SELRPN>      0 atoms have been selected out of    112
  
 CHARMM>    scalar wmain add  1.529 sele .not. resname TIP3 end
 SELRPN>    112 atoms have been selected out of    112
  
 CHARMM>    scalar wmain mult 0.85  sele .not. resname TIP3 end
 SELRPN>    112 atoms have been selected out of    112
  
 CHARMM>    calc zab = ( @a + @b ) / 2.0
 Parameter: A -> "-9.8"
 Parameter: B -> "-9.6"
Evaluating: (-9.8+-9.6)/2.0
 Parameter: ZAB <- "-9.7"
  
 CHARMM>     
  
 CHARMM>    coor search -
 CHARMM>         xmin @x1  xmax @x2  xgrip @xncel -
 CHARMM>         ymin @y1  ymax @y2  ygrip @yncel -
 CHARMM>         zmin @a   zmax @b   zgrip 5
 Parameter: X1 -> "-7.60718474"
 Parameter: X2 -> "9.25477513"
 Parameter: XNCEL -> "84"
 Parameter: Y1 -> "-7.85469042"
 Parameter: Y2 -> "7.6262562"
 Parameter: YNCEL -> "77"
 Parameter: A -> "-9.8"
 Parameter: B -> "-9.6"

 A TOTAL OF    24021   VACUUM POINTS WERE FOUND
 A TOTAL OF     8319 OCCUPIED POINTS WERE FOUND
 A TOTAL OF        0 EXTERNAL POINTS WERE FOUND
 A TOTAL OF    24021 SELECTED POINTS WERE FOUND
 TOTAL OCCUPIED  VOLUME =      13.429711
 TOTAL SELECTED  VOLUME =      38.778109
 TOTAL FREE      VOLUME =      38.778109
 FRACTIONAL FREE VOLUME =      74.276438
  
 CHARMM>     
  
 CHARMM>    calc c = ?volume * @factor
 Parameter: FACTOR -> "5"
 RDCMND substituted energy or value "?VOLUME" to "13.4297111"
Evaluating: 13.4297111*5
 Parameter: C <- "67.1485555"
  
 CHARMM>     
  
 CHARMM>    if a .lt. -10 if a .gt. -20 if c .gt. @botarea set botarea = @c
 Parameter: BOTAREA -> "65.542285"
 Parameter: C -> "67.1485555"
 Comparing "-9.8" and "-10".
 IF test evaluated as false.  Skipping command
  
 CHARMM>    if a .gt.  10 if a .lt.  20 if c .gt. @toparea set toparea = @c
 Parameter: TOPAREA -> "-1"
 Parameter: C -> "67.1485555"
 Comparing "-9.8" and "10".
 IF test evaluated as false.  Skipping command
  
 CHARMM>     
  
 CHARMM>    write title unit 51
 RDTITL> * -9.6  67.1485555
 RDTITL> *
  
 CHARMM>     
  
 CHARMM>    incr a by @dcel
 Parameter: DCEL -> "0.2"
 Parameter: A <- "-9.6"
  
 CHARMM>    incr b by @dcel
 Parameter: DCEL -> "0.2"
 Parameter: B <- "-9.4"
  
 CHARMM>    if b le ?ZMAX goto DOAREA
 RDCMND substituted energy or value "?ZMAX" to "11.3324505"
 Comparing "-9.4" and "11.3324505".
 IF test evaluated as true.  Performing command
  
 CHARMM>     
  
 CHARMM>    ! Cross sectional protein area with whole atom.
 CHARMM>    scalar wmain = radius
  
 CHARMM>    scalar wmain mult 2.5   sele resname TIP3 end
 SELRPN>      0 atoms have been selected out of    112
  
 CHARMM>    scalar wmain add  1.529 sele .not. resname TIP3 end
 SELRPN>    112 atoms have been selected out of    112
  
 CHARMM>    scalar wmain mult 0.85  sele .not. resname TIP3 end
 SELRPN>    112 atoms have been selected out of    112
  
 CHARMM>    calc zab = ( @a + @b ) / 2.0
 Parameter: A -> "-9.6"
 Parameter: B -> "-9.4"
Evaluating: (-9.6+-9.4)/2.0
 Parameter: ZAB <- "-9.5"
  
 CHARMM>     
  
 CHARMM>    coor search -
 CHARMM>         xmin @x1  xmax @x2  xgrip @xncel -
 CHARMM>         ymin @y1  ymax @y2  ygrip @yncel -
 CHARMM>         zmin @a   zmax @b   zgrip 5
 Parameter: X1 -> "-7.60718474"
 Parameter: X2 -> "9.25477513"
 Parameter: XNCEL -> "84"
 Parameter: Y1 -> "-7.85469042"
 Parameter: Y2 -> "7.6262562"
 Parameter: YNCEL -> "77"
 Parameter: A -> "-9.6"
 Parameter: B -> "-9.4"

 A TOTAL OF    23968   VACUUM POINTS WERE FOUND
 A TOTAL OF     8372 OCCUPIED POINTS WERE FOUND
 A TOTAL OF        0 EXTERNAL POINTS WERE FOUND
 A TOTAL OF    23968 SELECTED POINTS WERE FOUND
 TOTAL OCCUPIED  VOLUME =      13.515271
 TOTAL SELECTED  VOLUME =      38.692549
 TOTAL FREE      VOLUME =      38.692549
 FRACTIONAL FREE VOLUME =      74.112554
  
 CHARMM>     
  
 CHARMM>    calc c = ?volume * @factor
 Parameter: FACTOR -> "5"
 RDCMND substituted energy or value "?VOLUME" to "13.5152712"
Evaluating: 13.5152712*5
 Parameter: C <- "67.576356"
  
 CHARMM>     
  
 CHARMM>    if a .lt. -10 if a .gt. -20 if c .gt. @botarea set botarea = @c
 Parameter: BOTAREA -> "65.542285"
 Parameter: C -> "67.576356"
 Comparing "-9.6" and "-10".
 IF test evaluated as false.  Skipping command
  
 CHARMM>    if a .gt.  10 if a .lt.  20 if c .gt. @toparea set toparea = @c
 Parameter: TOPAREA -> "-1"
 Parameter: C -> "67.576356"
 Comparing "-9.6" and "10".
 IF test evaluated as false.  Skipping command
  
 CHARMM>     
  
 CHARMM>    write title unit 51
 RDTITL> * -9.4  67.576356
 RDTITL> *
  
 CHARMM>     
  
 CHARMM>    incr a by @dcel
 Parameter: DCEL -> "0.2"
 Parameter: A <- "-9.4"
  
 CHARMM>    incr b by @dcel
 Parameter: DCEL -> "0.2"
 Parameter: B <- "-9.2"
  
 CHARMM>    if b le ?ZMAX goto DOAREA
 RDCMND substituted energy or value "?ZMAX" to "11.3324505"
 Comparing "-9.2" and "11.3324505".
 IF test evaluated as true.  Performing command
  
 CHARMM>     
  
 CHARMM>    ! Cross sectional protein area with whole atom.
 CHARMM>    scalar wmain = radius
  
 CHARMM>    scalar wmain mult 2.5   sele resname TIP3 end
 SELRPN>      0 atoms have been selected out of    112
  
 CHARMM>    scalar wmain add  1.529 sele .not. resname TIP3 end
 SELRPN>    112 atoms have been selected out of    112
  
 CHARMM>    scalar wmain mult 0.85  sele .not. resname TIP3 end
 SELRPN>    112 atoms have been selected out of    112
  
 CHARMM>    calc zab = ( @a + @b ) / 2.0
 Parameter: A -> "-9.4"
 Parameter: B -> "-9.2"
Evaluating: (-9.4+-9.2)/2.0
 Parameter: ZAB <- "-9.3"
  
 CHARMM>     
  
 CHARMM>    coor search -
 CHARMM>         xmin @x1  xmax @x2  xgrip @xncel -
 CHARMM>         ymin @y1  ymax @y2  ygrip @yncel -
 CHARMM>         zmin @a   zmax @b   zgrip 5
 Parameter: X1 -> "-7.60718474"
 Parameter: X2 -> "9.25477513"
 Parameter: XNCEL -> "84"
 Parameter: Y1 -> "-7.85469042"
 Parameter: Y2 -> "7.6262562"
 Parameter: YNCEL -> "77"
 Parameter: A -> "-9.4"
 Parameter: B -> "-9.2"

 A TOTAL OF    23998   VACUUM POINTS WERE FOUND
 A TOTAL OF     8342 OCCUPIED POINTS WERE FOUND
 A TOTAL OF        0 EXTERNAL POINTS WERE FOUND
 A TOTAL OF    23998 SELECTED POINTS WERE FOUND
 TOTAL OCCUPIED  VOLUME =      13.466841
 TOTAL SELECTED  VOLUME =      38.740979
 TOTAL FREE      VOLUME =      38.740979
 FRACTIONAL FREE VOLUME =      74.205318
  
 CHARMM>     
  
 CHARMM>    calc c = ?volume * @factor
 Parameter: FACTOR -> "5"
 RDCMND substituted energy or value "?VOLUME" to "13.4668409"
Evaluating: 13.4668409*5
 Parameter: C <- "67.3342045"
  
 CHARMM>     
  
 CHARMM>    if a .lt. -10 if a .gt. -20 if c .gt. @botarea set botarea = @c
 Parameter: BOTAREA -> "65.542285"
 Parameter: C -> "67.3342045"
 Comparing "-9.4" and "-10".
 IF test evaluated as false.  Skipping command
  
 CHARMM>    if a .gt.  10 if a .lt.  20 if c .gt. @toparea set toparea = @c
 Parameter: TOPAREA -> "-1"
 Parameter: C -> "67.3342045"
 Comparing "-9.4" and "10".
 IF test evaluated as false.  Skipping command
  
 CHARMM>     
  
 CHARMM>    write title unit 51
 RDTITL> * -9.2  67.3342045
 RDTITL> *
  
 CHARMM>     
  
 CHARMM>    incr a by @dcel
 Parameter: DCEL -> "0.2"
 Parameter: A <- "-9.2"
  
 CHARMM>    incr b by @dcel
 Parameter: DCEL -> "0.2"
 Parameter: B <- "-9"
  
 CHARMM>    if b le ?ZMAX goto DOAREA
 RDCMND substituted energy or value "?ZMAX" to "11.3324505"
 Comparing "-9" and "11.3324505".
 IF test evaluated as true.  Performing command
  
 CHARMM>     
  
 CHARMM>    ! Cross sectional protein area with whole atom.
 CHARMM>    scalar wmain = radius
  
 CHARMM>    scalar wmain mult 2.5   sele resname TIP3 end
 SELRPN>      0 atoms have been selected out of    112
  
 CHARMM>    scalar wmain add  1.529 sele .not. resname TIP3 end
 SELRPN>    112 atoms have been selected out of    112
  
 CHARMM>    scalar wmain mult 0.85  sele .not. resname TIP3 end
 SELRPN>    112 atoms have been selected out of    112
  
 CHARMM>    calc zab = ( @a + @b ) / 2.0
 Parameter: A -> "-9.2"
 Parameter: B -> "-9"
Evaluating: (-9.2+-9)/2.0
 Parameter: ZAB <- "-9.1"
  
 CHARMM>     
  
 CHARMM>    coor search -
 CHARMM>         xmin @x1  xmax @x2  xgrip @xncel -
 CHARMM>         ymin @y1  ymax @y2  ygrip @yncel -
 CHARMM>         zmin @a   zmax @b   zgrip 5
 Parameter: X1 -> "-7.60718474"
 Parameter: X2 -> "9.25477513"
 Parameter: XNCEL -> "84"
 Parameter: Y1 -> "-7.85469042"
 Parameter: Y2 -> "7.6262562"
 Parameter: YNCEL -> "77"
 Parameter: A -> "-9.2"
 Parameter: B -> "-9"

 A TOTAL OF    24092   VACUUM POINTS WERE FOUND
 A TOTAL OF     8248 OCCUPIED POINTS WERE FOUND
 A TOTAL OF        0 EXTERNAL POINTS WERE FOUND
 A TOTAL OF    24092 SELECTED POINTS WERE FOUND
 TOTAL OCCUPIED  VOLUME =      13.315093
 TOTAL SELECTED  VOLUME =      38.892727
 TOTAL FREE      VOLUME =      38.892727
 FRACTIONAL FREE VOLUME =      74.495980
  
 CHARMM>     
  
 CHARMM>    calc c = ?volume * @factor
 Parameter: FACTOR -> "5"
 RDCMND substituted energy or value "?VOLUME" to "13.3150928"
Evaluating: 13.3150928*5
 Parameter: C <- "66.575464"
  
 CHARMM>     
  
 CHARMM>    if a .lt. -10 if a .gt. -20 if c .gt. @botarea set botarea = @c
 Parameter: BOTAREA -> "65.542285"
 Parameter: C -> "66.575464"
 Comparing "-9.2" and "-10".
 IF test evaluated as false.  Skipping command
  
 CHARMM>    if a .gt.  10 if a .lt.  20 if c .gt. @toparea set toparea = @c
 Parameter: TOPAREA -> "-1"
 Parameter: C -> "66.575464"
 Comparing "-9.2" and "10".
 IF test evaluated as false.  Skipping command
  
 CHARMM>     
  
 CHARMM>    write title unit 51
 RDTITL> * -9  66.575464
 RDTITL> *
  
 CHARMM>     
  
 CHARMM>    incr a by @dcel
 Parameter: DCEL -> "0.2"
 Parameter: A <- "-9"
  
 CHARMM>    incr b by @dcel
 Parameter: DCEL -> "0.2"
 Parameter: B <- "-8.8"
  
 CHARMM>    if b le ?ZMAX goto DOAREA
 RDCMND substituted energy or value "?ZMAX" to "11.3324505"
 Comparing "-8.8" and "11.3324505".
 IF test evaluated as true.  Performing command
  
 CHARMM>     
  
 CHARMM>    ! Cross sectional protein area with whole atom.
 CHARMM>    scalar wmain = radius
  
 CHARMM>    scalar wmain mult 2.5   sele resname TIP3 end
 SELRPN>      0 atoms have been selected out of    112
  
 CHARMM>    scalar wmain add  1.529 sele .not. resname TIP3 end
 SELRPN>    112 atoms have been selected out of    112
  
 CHARMM>    scalar wmain mult 0.85  sele .not. resname TIP3 end
 SELRPN>    112 atoms have been selected out of    112
  
 CHARMM>    calc zab = ( @a + @b ) / 2.0
 Parameter: A -> "-9"
 Parameter: B -> "-8.8"
Evaluating: (-9+-8.8)/2.0
 Parameter: ZAB <- "-8.9"
  
 CHARMM>     
  
 CHARMM>    coor search -
 CHARMM>         xmin @x1  xmax @x2  xgrip @xncel -
 CHARMM>         ymin @y1  ymax @y2  ygrip @yncel -
 CHARMM>         zmin @a   zmax @b   zgrip 5
 Parameter: X1 -> "-7.60718474"
 Parameter: X2 -> "9.25477513"
 Parameter: XNCEL -> "84"
 Parameter: Y1 -> "-7.85469042"
 Parameter: Y2 -> "7.6262562"
 Parameter: YNCEL -> "77"
 Parameter: A -> "-9"
 Parameter: B -> "-8.8"

 A TOTAL OF    24239   VACUUM POINTS WERE FOUND
 A TOTAL OF     8101 OCCUPIED POINTS WERE FOUND
 A TOTAL OF        0 EXTERNAL POINTS WERE FOUND
 A TOTAL OF    24239 SELECTED POINTS WERE FOUND
 TOTAL OCCUPIED  VOLUME =      13.077785
 TOTAL SELECTED  VOLUME =      39.130036
 TOTAL FREE      VOLUME =      39.130036
 FRACTIONAL FREE VOLUME =      74.950526
  
 CHARMM>     
  
 CHARMM>    calc c = ?volume * @factor
 Parameter: FACTOR -> "5"
 RDCMND substituted energy or value "?VOLUME" to "13.0777845"
Evaluating: 13.0777845*5
 Parameter: C <- "65.3889225"
  
 CHARMM>     
  
 CHARMM>    if a .lt. -10 if a .gt. -20 if c .gt. @botarea set botarea = @c
 Parameter: BOTAREA -> "65.542285"
 Parameter: C -> "65.3889225"
 Comparing "-9" and "-10".
 IF test evaluated as false.  Skipping command
  
 CHARMM>    if a .gt.  10 if a .lt.  20 if c .gt. @toparea set toparea = @c
 Parameter: TOPAREA -> "-1"
 Parameter: C -> "65.3889225"
 Comparing "-9" and "10".
 IF test evaluated as false.  Skipping command
  
 CHARMM>     
  
 CHARMM>    write title unit 51
 RDTITL> * -8.8  65.3889225
 RDTITL> *
  
 CHARMM>     
  
 CHARMM>    incr a by @dcel
 Parameter: DCEL -> "0.2"
 Parameter: A <- "-8.8"
  
 CHARMM>    incr b by @dcel
 Parameter: DCEL -> "0.2"
 Parameter: B <- "-8.6"
  
 CHARMM>    if b le ?ZMAX goto DOAREA
 RDCMND substituted energy or value "?ZMAX" to "11.3324505"
 Comparing "-8.6" and "11.3324505".
 IF test evaluated as true.  Performing command
  
 CHARMM>     
  
 CHARMM>    ! Cross sectional protein area with whole atom.
 CHARMM>    scalar wmain = radius
  
 CHARMM>    scalar wmain mult 2.5   sele resname TIP3 end
 SELRPN>      0 atoms have been selected out of    112
  
 CHARMM>    scalar wmain add  1.529 sele .not. resname TIP3 end
 SELRPN>    112 atoms have been selected out of    112
  
 CHARMM>    scalar wmain mult 0.85  sele .not. resname TIP3 end
 SELRPN>    112 atoms have been selected out of    112
  
 CHARMM>    calc zab = ( @a + @b ) / 2.0
 Parameter: A -> "-8.8"
 Parameter: B -> "-8.6"
Evaluating: (-8.8+-8.6)/2.0
 Parameter: ZAB <- "-8.7"
  
 CHARMM>     
  
 CHARMM>    coor search -
 CHARMM>         xmin @x1  xmax @x2  xgrip @xncel -
 CHARMM>         ymin @y1  ymax @y2  ygrip @yncel -
 CHARMM>         zmin @a   zmax @b   zgrip 5
 Parameter: X1 -> "-7.60718474"
 Parameter: X2 -> "9.25477513"
 Parameter: XNCEL -> "84"
 Parameter: Y1 -> "-7.85469042"
 Parameter: Y2 -> "7.6262562"
 Parameter: YNCEL -> "77"
 Parameter: A -> "-8.8"
 Parameter: B -> "-8.6"

 A TOTAL OF    24411   VACUUM POINTS WERE FOUND
 A TOTAL OF     7929 OCCUPIED POINTS WERE FOUND
 A TOTAL OF        0 EXTERNAL POINTS WERE FOUND
 A TOTAL OF    24411 SELECTED POINTS WERE FOUND
 TOTAL OCCUPIED  VOLUME =      12.800118
 TOTAL SELECTED  VOLUME =      39.407702
 TOTAL FREE      VOLUME =      39.407702
 FRACTIONAL FREE VOLUME =      75.482375
  
 CHARMM>     
  
 CHARMM>    calc c = ?volume * @factor
 Parameter: FACTOR -> "5"
 RDCMND substituted energy or value "?VOLUME" to "12.8001177"
Evaluating: 12.8001177*5
 Parameter: C <- "64.0005885"
  
 CHARMM>     
  
 CHARMM>    if a .lt. -10 if a .gt. -20 if c .gt. @botarea set botarea = @c
 Parameter: BOTAREA -> "65.542285"
 Parameter: C -> "64.0005885"
 Comparing "-8.8" and "-10".
 IF test evaluated as false.  Skipping command
  
 CHARMM>    if a .gt.  10 if a .lt.  20 if c .gt. @toparea set toparea = @c
 Parameter: TOPAREA -> "-1"
 Parameter: C -> "64.0005885"
 Comparing "-8.8" and "10".
 IF test evaluated as false.  Skipping command
  
 CHARMM>     
  
 CHARMM>    write title unit 51
 RDTITL> * -8.6  64.0005885
 RDTITL> *
  
 CHARMM>     
  
 CHARMM>    incr a by @dcel
 Parameter: DCEL -> "0.2"
 Parameter: A <- "-8.6"
  
 CHARMM>    incr b by @dcel
 Parameter: DCEL -> "0.2"
 Parameter: B <- "-8.4"
  
 CHARMM>    if b le ?ZMAX goto DOAREA
 RDCMND substituted energy or value "?ZMAX" to "11.3324505"
 Comparing "-8.4" and "11.3324505".
 IF test evaluated as true.  Performing command
  
 CHARMM>     
  
 CHARMM>    ! Cross sectional protein area with whole atom.
 CHARMM>    scalar wmain = radius
  
 CHARMM>    scalar wmain mult 2.5   sele resname TIP3 end
 SELRPN>      0 atoms have been selected out of    112
  
 CHARMM>    scalar wmain add  1.529 sele .not. resname TIP3 end
 SELRPN>    112 atoms have been selected out of    112
  
 CHARMM>    scalar wmain mult 0.85  sele .not. resname TIP3 end
 SELRPN>    112 atoms have been selected out of    112
  
 CHARMM>    calc zab = ( @a + @b ) / 2.0
 Parameter: A -> "-8.6"
 Parameter: B -> "-8.4"
Evaluating: (-8.6+-8.4)/2.0
 Parameter: ZAB <- "-8.5"
  
 CHARMM>     
  
 CHARMM>    coor search -
 CHARMM>         xmin @x1  xmax @x2  xgrip @xncel -
 CHARMM>         ymin @y1  ymax @y2  ygrip @yncel -
 CHARMM>         zmin @a   zmax @b   zgrip 5
 Parameter: X1 -> "-7.60718474"
 Parameter: X2 -> "9.25477513"
 Parameter: XNCEL -> "84"
 Parameter: Y1 -> "-7.85469042"
 Parameter: Y2 -> "7.6262562"
 Parameter: YNCEL -> "77"
 Parameter: A -> "-8.6"
 Parameter: B -> "-8.4"

 A TOTAL OF    24660   VACUUM POINTS WERE FOUND
 A TOTAL OF     7680 OCCUPIED POINTS WERE FOUND
 A TOTAL OF        0 EXTERNAL POINTS WERE FOUND
 A TOTAL OF    24660 SELECTED POINTS WERE FOUND
 TOTAL OCCUPIED  VOLUME =      12.398147
 TOTAL SELECTED  VOLUME =      39.809674
 TOTAL FREE      VOLUME =      39.809674
 FRACTIONAL FREE VOLUME =      76.252319
  
 CHARMM>     
  
 CHARMM>    calc c = ?volume * @factor
 Parameter: FACTOR -> "5"
 RDCMND substituted energy or value "?VOLUME" to "12.3981465"
Evaluating: 12.3981465*5
 Parameter: C <- "61.9907325"
  
 CHARMM>     
  
 CHARMM>    if a .lt. -10 if a .gt. -20 if c .gt. @botarea set botarea = @c
 Parameter: BOTAREA -> "65.542285"
 Parameter: C -> "61.9907325"
 Comparing "-8.6" and "-10".
 IF test evaluated as false.  Skipping command
  
 CHARMM>    if a .gt.  10 if a .lt.  20 if c .gt. @toparea set toparea = @c
 Parameter: TOPAREA -> "-1"
 Parameter: C -> "61.9907325"
 Comparing "-8.6" and "10".
 IF test evaluated as false.  Skipping command
  
 CHARMM>     
  
 CHARMM>    write title unit 51
 RDTITL> * -8.4  61.9907325
 RDTITL> *
  
 CHARMM>     
  
 CHARMM>    incr a by @dcel
 Parameter: DCEL -> "0.2"
 Parameter: A <- "-8.4"
  
 CHARMM>    incr b by @dcel
 Parameter: DCEL -> "0.2"
 Parameter: B <- "-8.2"
  
 CHARMM>    if b le ?ZMAX goto DOAREA
 RDCMND substituted energy or value "?ZMAX" to "11.3324505"
 Comparing "-8.2" and "11.3324505".
 IF test evaluated as true.  Performing command
  
 CHARMM>     
  
 CHARMM>    ! Cross sectional protein area with whole atom.
 CHARMM>    scalar wmain = radius
  
 CHARMM>    scalar wmain mult 2.5   sele resname TIP3 end
 SELRPN>      0 atoms have been selected out of    112
  
 CHARMM>    scalar wmain add  1.529 sele .not. resname TIP3 end
 SELRPN>    112 atoms have been selected out of    112
  
 CHARMM>    scalar wmain mult 0.85  sele .not. resname TIP3 end
 SELRPN>    112 atoms have been selected out of    112
  
 CHARMM>    calc zab = ( @a + @b ) / 2.0
 Parameter: A -> "-8.4"
 Parameter: B -> "-8.2"
Evaluating: (-8.4+-8.2)/2.0
 Parameter: ZAB <- "-8.3"
  
 CHARMM>     
  
 CHARMM>    coor search -
 CHARMM>         xmin @x1  xmax @x2  xgrip @xncel -
 CHARMM>         ymin @y1  ymax @y2  ygrip @yncel -
 CHARMM>         zmin @a   zmax @b   zgrip 5
 Parameter: X1 -> "-7.60718474"
 Parameter: X2 -> "9.25477513"
 Parameter: XNCEL -> "84"
 Parameter: Y1 -> "-7.85469042"
 Parameter: Y2 -> "7.6262562"
 Parameter: YNCEL -> "77"
 Parameter: A -> "-8.4"
 Parameter: B -> "-8.2"

 A TOTAL OF    24953   VACUUM POINTS WERE FOUND
 A TOTAL OF     7387 OCCUPIED POINTS WERE FOUND
 A TOTAL OF        0 EXTERNAL POINTS WERE FOUND
 A TOTAL OF    24953 SELECTED POINTS WERE FOUND
 TOTAL OCCUPIED  VOLUME =      11.925144
 TOTAL SELECTED  VOLUME =      40.282676
 TOTAL FREE      VOLUME =      40.282676
 FRACTIONAL FREE VOLUME =      77.158318
  
 CHARMM>     
  
 CHARMM>    calc c = ?volume * @factor
 Parameter: FACTOR -> "5"
 RDCMND substituted energy or value "?VOLUME" to "11.9251443"
Evaluating: 11.9251443*5
 Parameter: C <- "59.6257215"
  
 CHARMM>     
  
 CHARMM>    if a .lt. -10 if a .gt. -20 if c .gt. @botarea set botarea = @c
 Parameter: BOTAREA -> "65.542285"
 Parameter: C -> "59.6257215"
 Comparing "-8.4" and "-10".
 IF test evaluated as false.  Skipping command
  
 CHARMM>    if a .gt.  10 if a .lt.  20 if c .gt. @toparea set toparea = @c
 Parameter: TOPAREA -> "-1"
 Parameter: C -> "59.6257215"
 Comparing "-8.4" and "10".
 IF test evaluated as false.  Skipping command
  
 CHARMM>     
  
 CHARMM>    write title unit 51
 RDTITL> * -8.2  59.6257215
 RDTITL> *
  
 CHARMM>     
  
 CHARMM>    incr a by @dcel
 Parameter: DCEL -> "0.2"
 Parameter: A <- "-8.2"
  
 CHARMM>    incr b by @dcel
 Parameter: DCEL -> "0.2"
 Parameter: B <- "-8"
  
 CHARMM>    if b le ?ZMAX goto DOAREA
 RDCMND substituted energy or value "?ZMAX" to "11.3324505"
 Comparing "-8" and "11.3324505".
 IF test evaluated as true.  Performing command
  
 CHARMM>     
  
 CHARMM>    ! Cross sectional protein area with whole atom.
 CHARMM>    scalar wmain = radius
  
 CHARMM>    scalar wmain mult 2.5   sele resname TIP3 end
 SELRPN>      0 atoms have been selected out of    112
  
 CHARMM>    scalar wmain add  1.529 sele .not. resname TIP3 end
 SELRPN>    112 atoms have been selected out of    112
  
 CHARMM>    scalar wmain mult 0.85  sele .not. resname TIP3 end
 SELRPN>    112 atoms have been selected out of    112
  
 CHARMM>    calc zab = ( @a + @b ) / 2.0
 Parameter: A -> "-8.2"
 Parameter: B -> "-8"
Evaluating: (-8.2+-8)/2.0
 Parameter: ZAB <- "-8.1"
  
 CHARMM>     
  
 CHARMM>    coor search -
 CHARMM>         xmin @x1  xmax @x2  xgrip @xncel -
 CHARMM>         ymin @y1  ymax @y2  ygrip @yncel -
 CHARMM>         zmin @a   zmax @b   zgrip 5
 Parameter: X1 -> "-7.60718474"
 Parameter: X2 -> "9.25477513"
 Parameter: XNCEL -> "84"
 Parameter: Y1 -> "-7.85469042"
 Parameter: Y2 -> "7.6262562"
 Parameter: YNCEL -> "77"
 Parameter: A -> "-8.2"
 Parameter: B -> "-8"

 A TOTAL OF    25326   VACUUM POINTS WERE FOUND
 A TOTAL OF     7014 OCCUPIED POINTS WERE FOUND
 A TOTAL OF        0 EXTERNAL POINTS WERE FOUND
 A TOTAL OF    25326 SELECTED POINTS WERE FOUND
 TOTAL OCCUPIED  VOLUME =      11.322995
 TOTAL SELECTED  VOLUME =      40.884825
 TOTAL FREE      VOLUME =      40.884825
 FRACTIONAL FREE VOLUME =      78.311688
  
 CHARMM>     
  
 CHARMM>    calc c = ?volume * @factor
 Parameter: FACTOR -> "5"
 RDCMND substituted energy or value "?VOLUME" to "11.3229948"
Evaluating: 11.3229948*5
 Parameter: C <- "56.614974"
  
 CHARMM>     
  
 CHARMM>    if a .lt. -10 if a .gt. -20 if c .gt. @botarea set botarea = @c
 Parameter: BOTAREA -> "65.542285"
 Parameter: C -> "56.614974"
 Comparing "-8.2" and "-10".
 IF test evaluated as false.  Skipping command
  
 CHARMM>    if a .gt.  10 if a .lt.  20 if c .gt. @toparea set toparea = @c
 Parameter: TOPAREA -> "-1"
 Parameter: C -> "56.614974"
 Comparing "-8.2" and "10".
 IF test evaluated as false.  Skipping command
  
 CHARMM>     
  
 CHARMM>    write title unit 51
 RDTITL> * -8  56.614974
 RDTITL> *
  
 CHARMM>     
  
 CHARMM>    incr a by @dcel
 Parameter: DCEL -> "0.2"
 Parameter: A <- "-8"
  
 CHARMM>    incr b by @dcel
 Parameter: DCEL -> "0.2"
 Parameter: B <- "-7.8"
  
 CHARMM>    if b le ?ZMAX goto DOAREA
 RDCMND substituted energy or value "?ZMAX" to "11.3324505"
 Comparing "-7.8" and "11.3324505".
 IF test evaluated as true.  Performing command
  
 CHARMM>     
  
 CHARMM>    ! Cross sectional protein area with whole atom.
 CHARMM>    scalar wmain = radius
  
 CHARMM>    scalar wmain mult 2.5   sele resname TIP3 end
 SELRPN>      0 atoms have been selected out of    112
  
 CHARMM>    scalar wmain add  1.529 sele .not. resname TIP3 end
 SELRPN>    112 atoms have been selected out of    112
  
 CHARMM>    scalar wmain mult 0.85  sele .not. resname TIP3 end
 SELRPN>    112 atoms have been selected out of    112
  
 CHARMM>    calc zab = ( @a + @b ) / 2.0
 Parameter: A -> "-8"
 Parameter: B -> "-7.8"
Evaluating: (-8+-7.8)/2.0
 Parameter: ZAB <- "-7.9"
  
 CHARMM>     
  
 CHARMM>    coor search -
 CHARMM>         xmin @x1  xmax @x2  xgrip @xncel -
 CHARMM>         ymin @y1  ymax @y2  ygrip @yncel -
 CHARMM>         zmin @a   zmax @b   zgrip 5
 Parameter: X1 -> "-7.60718474"
 Parameter: X2 -> "9.25477513"
 Parameter: XNCEL -> "84"
 Parameter: Y1 -> "-7.85469042"
 Parameter: Y2 -> "7.6262562"
 Parameter: YNCEL -> "77"
 Parameter: A -> "-8"
 Parameter: B -> "-7.8"

 A TOTAL OF    25585   VACUUM POINTS WERE FOUND
 A TOTAL OF     6755 OCCUPIED POINTS WERE FOUND
 A TOTAL OF        0 EXTERNAL POINTS WERE FOUND
 A TOTAL OF    25585 SELECTED POINTS WERE FOUND
 TOTAL OCCUPIED  VOLUME =      10.904880
 TOTAL SELECTED  VOLUME =      41.302940
 TOTAL FREE      VOLUME =      41.302940
 FRACTIONAL FREE VOLUME =      79.112554
  
 CHARMM>     
  
 CHARMM>    calc c = ?volume * @factor
 Parameter: FACTOR -> "5"
 RDCMND substituted energy or value "?VOLUME" to "10.9048802"
Evaluating: 10.9048802*5
 Parameter: C <- "54.524401"
  
 CHARMM>     
  
 CHARMM>    if a .lt. -10 if a .gt. -20 if c .gt. @botarea set botarea = @c
 Parameter: BOTAREA -> "65.542285"
 Parameter: C -> "54.524401"
 Comparing "-8" and "-10".
 IF test evaluated as false.  Skipping command
  
 CHARMM>    if a .gt.  10 if a .lt.  20 if c .gt. @toparea set toparea = @c
 Parameter: TOPAREA -> "-1"
 Parameter: C -> "54.524401"
 Comparing "-8" and "10".
 IF test evaluated as false.  Skipping command
  
 CHARMM>     
  
 CHARMM>    write title unit 51
 RDTITL> * -7.8  54.524401
 RDTITL> *
  
 CHARMM>     
  
 CHARMM>    incr a by @dcel
 Parameter: DCEL -> "0.2"
 Parameter: A <- "-7.8"
  
 CHARMM>    incr b by @dcel
 Parameter: DCEL -> "0.2"
 Parameter: B <- "-7.6"
  
 CHARMM>    if b le ?ZMAX goto DOAREA
 RDCMND substituted energy or value "?ZMAX" to "11.3324505"
 Comparing "-7.6" and "11.3324505".
 IF test evaluated as true.  Performing command
  
 CHARMM>     
  
 CHARMM>    ! Cross sectional protein area with whole atom.
 CHARMM>    scalar wmain = radius
  
 CHARMM>    scalar wmain mult 2.5   sele resname TIP3 end
 SELRPN>      0 atoms have been selected out of    112
  
 CHARMM>    scalar wmain add  1.529 sele .not. resname TIP3 end
 SELRPN>    112 atoms have been selected out of    112
  
 CHARMM>    scalar wmain mult 0.85  sele .not. resname TIP3 end
 SELRPN>    112 atoms have been selected out of    112
  
 CHARMM>    calc zab = ( @a + @b ) / 2.0
 Parameter: A -> "-7.8"
 Parameter: B -> "-7.6"
Evaluating: (-7.8+-7.6)/2.0
 Parameter: ZAB <- "-7.7"
  
 CHARMM>     
  
 CHARMM>    coor search -
 CHARMM>         xmin @x1  xmax @x2  xgrip @xncel -
 CHARMM>         ymin @y1  ymax @y2  ygrip @yncel -
 CHARMM>         zmin @a   zmax @b   zgrip 5
 Parameter: X1 -> "-7.60718474"
 Parameter: X2 -> "9.25477513"
 Parameter: XNCEL -> "84"
 Parameter: Y1 -> "-7.85469042"
 Parameter: Y2 -> "7.6262562"
 Parameter: YNCEL -> "77"
 Parameter: A -> "-7.8"
 Parameter: B -> "-7.6"

 A TOTAL OF    25731   VACUUM POINTS WERE FOUND
 A TOTAL OF     6609 OCCUPIED POINTS WERE FOUND
 A TOTAL OF        0 EXTERNAL POINTS WERE FOUND
 A TOTAL OF    25731 SELECTED POINTS WERE FOUND
 TOTAL OCCUPIED  VOLUME =      10.669186
 TOTAL SELECTED  VOLUME =      41.538634
 TOTAL FREE      VOLUME =      41.538634
 FRACTIONAL FREE VOLUME =      79.564007
  
 CHARMM>     
  
 CHARMM>    calc c = ?volume * @factor
 Parameter: FACTOR -> "5"
 RDCMND substituted energy or value "?VOLUME" to "10.6691862"
Evaluating: 10.6691862*5
 Parameter: C <- "53.345931"
  
 CHARMM>     
  
 CHARMM>    if a .lt. -10 if a .gt. -20 if c .gt. @botarea set botarea = @c
 Parameter: BOTAREA -> "65.542285"
 Parameter: C -> "53.345931"
 Comparing "-7.8" and "-10".
 IF test evaluated as false.  Skipping command
  
 CHARMM>    if a .gt.  10 if a .lt.  20 if c .gt. @toparea set toparea = @c
 Parameter: TOPAREA -> "-1"
 Parameter: C -> "53.345931"
 Comparing "-7.8" and "10".
 IF test evaluated as false.  Skipping command
  
 CHARMM>     
  
 CHARMM>    write title unit 51
 RDTITL> * -7.6  53.345931
 RDTITL> *
  
 CHARMM>     
  
 CHARMM>    incr a by @dcel
 Parameter: DCEL -> "0.2"
 Parameter: A <- "-7.6"
  
 CHARMM>    incr b by @dcel
 Parameter: DCEL -> "0.2"
 Parameter: B <- "-7.4"
  
 CHARMM>    if b le ?ZMAX goto DOAREA
 RDCMND substituted energy or value "?ZMAX" to "11.3324505"
 Comparing "-7.4" and "11.3324505".
 IF test evaluated as true.  Performing command
  
 CHARMM>     
  
 CHARMM>    ! Cross sectional protein area with whole atom.
 CHARMM>    scalar wmain = radius
  
 CHARMM>    scalar wmain mult 2.5   sele resname TIP3 end
 SELRPN>      0 atoms have been selected out of    112
  
 CHARMM>    scalar wmain add  1.529 sele .not. resname TIP3 end
 SELRPN>    112 atoms have been selected out of    112
  
 CHARMM>    scalar wmain mult 0.85  sele .not. resname TIP3 end
 SELRPN>    112 atoms have been selected out of    112
  
 CHARMM>    calc zab = ( @a + @b ) / 2.0
 Parameter: A -> "-7.6"
 Parameter: B -> "-7.4"
Evaluating: (-7.6+-7.4)/2.0
 Parameter: ZAB <- "-7.5"
  
 CHARMM>     
  
 CHARMM>    coor search -
 CHARMM>         xmin @x1  xmax @x2  xgrip @xncel -
 CHARMM>         ymin @y1  ymax @y2  ygrip @yncel -
 CHARMM>         zmin @a   zmax @b   zgrip 5
 Parameter: X1 -> "-7.60718474"
 Parameter: X2 -> "9.25477513"
 Parameter: XNCEL -> "84"
 Parameter: Y1 -> "-7.85469042"
 Parameter: Y2 -> "7.6262562"
 Parameter: YNCEL -> "77"
 Parameter: A -> "-7.6"
 Parameter: B -> "-7.4"

 A TOTAL OF    25716   VACUUM POINTS WERE FOUND
 A TOTAL OF     6624 OCCUPIED POINTS WERE FOUND
 A TOTAL OF        0 EXTERNAL POINTS WERE FOUND
 A TOTAL OF    25716 SELECTED POINTS WERE FOUND
 TOTAL OCCUPIED  VOLUME =      10.693401
 TOTAL SELECTED  VOLUME =      41.514419
 TOTAL FREE      VOLUME =      41.514419
 FRACTIONAL FREE VOLUME =      79.517625
  
 CHARMM>     
  
 CHARMM>    calc c = ?volume * @factor
 Parameter: FACTOR -> "5"
 RDCMND substituted energy or value "?VOLUME" to "10.6934014"
Evaluating: 10.6934014*5
 Parameter: C <- "53.467007"
  
 CHARMM>     
  
 CHARMM>    if a .lt. -10 if a .gt. -20 if c .gt. @botarea set botarea = @c
 Parameter: BOTAREA -> "65.542285"
 Parameter: C -> "53.467007"
 Comparing "-7.6" and "-10".
 IF test evaluated as false.  Skipping command
  
 CHARMM>    if a .gt.  10 if a .lt.  20 if c .gt. @toparea set toparea = @c
 Parameter: TOPAREA -> "-1"
 Parameter: C -> "53.467007"
 Comparing "-7.6" and "10".
 IF test evaluated as false.  Skipping command
  
 CHARMM>     
  
 CHARMM>    write title unit 51
 RDTITL> * -7.4  53.467007
 RDTITL> *
  
 CHARMM>     
  
 CHARMM>    incr a by @dcel
 Parameter: DCEL -> "0.2"
 Parameter: A <- "-7.4"
  
 CHARMM>    incr b by @dcel
 Parameter: DCEL -> "0.2"
 Parameter: B <- "-7.2"
  
 CHARMM>    if b le ?ZMAX goto DOAREA
 RDCMND substituted energy or value "?ZMAX" to "11.3324505"
 Comparing "-7.2" and "11.3324505".
 IF test evaluated as true.  Performing command
  
 CHARMM>     
  
 CHARMM>    ! Cross sectional protein area with whole atom.
 CHARMM>    scalar wmain = radius
  
 CHARMM>    scalar wmain mult 2.5   sele resname TIP3 end
 SELRPN>      0 atoms have been selected out of    112
  
 CHARMM>    scalar wmain add  1.529 sele .not. resname TIP3 end
 SELRPN>    112 atoms have been selected out of    112
  
 CHARMM>    scalar wmain mult 0.85  sele .not. resname TIP3 end
 SELRPN>    112 atoms have been selected out of    112
  
 CHARMM>    calc zab = ( @a + @b ) / 2.0
 Parameter: A -> "-7.4"
 Parameter: B -> "-7.2"
Evaluating: (-7.4+-7.2)/2.0
 Parameter: ZAB <- "-7.3"
  
 CHARMM>     
  
 CHARMM>    coor search -
 CHARMM>         xmin @x1  xmax @x2  xgrip @xncel -
 CHARMM>         ymin @y1  ymax @y2  ygrip @yncel -
 CHARMM>         zmin @a   zmax @b   zgrip 5
 Parameter: X1 -> "-7.60718474"
 Parameter: X2 -> "9.25477513"
 Parameter: XNCEL -> "84"
 Parameter: Y1 -> "-7.85469042"
 Parameter: Y2 -> "7.6262562"
 Parameter: YNCEL -> "77"
 Parameter: A -> "-7.4"
 Parameter: B -> "-7.2"

 A TOTAL OF    25618   VACUUM POINTS WERE FOUND
 A TOTAL OF     6722 OCCUPIED POINTS WERE FOUND
 A TOTAL OF        0 EXTERNAL POINTS WERE FOUND
 A TOTAL OF    25618 SELECTED POINTS WERE FOUND
 TOTAL OCCUPIED  VOLUME =      10.851607
 TOTAL SELECTED  VOLUME =      41.356213
 TOTAL FREE      VOLUME =      41.356213
 FRACTIONAL FREE VOLUME =      79.214595
  
 CHARMM>     
  
 CHARMM>    calc c = ?volume * @factor
 Parameter: FACTOR -> "5"
 RDCMND substituted energy or value "?VOLUME" to "10.8516069"
Evaluating: 10.8516069*5
 Parameter: C <- "54.2580345"
  
 CHARMM>     
  
 CHARMM>    if a .lt. -10 if a .gt. -20 if c .gt. @botarea set botarea = @c
 Parameter: BOTAREA -> "65.542285"
 Parameter: C -> "54.2580345"
 Comparing "-7.4" and "-10".
 IF test evaluated as false.  Skipping command
  
 CHARMM>    if a .gt.  10 if a .lt.  20 if c .gt. @toparea set toparea = @c
 Parameter: TOPAREA -> "-1"
 Parameter: C -> "54.2580345"
 Comparing "-7.4" and "10".
 IF test evaluated as false.  Skipping command
  
 CHARMM>     
  
 CHARMM>    write title unit 51
 RDTITL> * -7.2  54.2580345
 RDTITL> *
  
 CHARMM>     
  
 CHARMM>    incr a by @dcel
 Parameter: DCEL -> "0.2"
 Parameter: A <- "-7.2"
  
 CHARMM>    incr b by @dcel
 Parameter: DCEL -> "0.2"
 Parameter: B <- "-7"
  
 CHARMM>    if b le ?ZMAX goto DOAREA
 RDCMND substituted energy or value "?ZMAX" to "11.3324505"
 Comparing "-7" and "11.3324505".
 IF test evaluated as true.  Performing command
  
 CHARMM>     
  
 CHARMM>    ! Cross sectional protein area with whole atom.
 CHARMM>    scalar wmain = radius
  
 CHARMM>    scalar wmain mult 2.5   sele resname TIP3 end
 SELRPN>      0 atoms have been selected out of    112
  
 CHARMM>    scalar wmain add  1.529 sele .not. resname TIP3 end
 SELRPN>    112 atoms have been selected out of    112
  
 CHARMM>    scalar wmain mult 0.85  sele .not. resname TIP3 end
 SELRPN>    112 atoms have been selected out of    112
  
 CHARMM>    calc zab = ( @a + @b ) / 2.0
 Parameter: A -> "-7.2"
 Parameter: B -> "-7"
Evaluating: (-7.2+-7)/2.0
 Parameter: ZAB <- "-7.1"
  
 CHARMM>     
  
 CHARMM>    coor search -
 CHARMM>         xmin @x1  xmax @x2  xgrip @xncel -
 CHARMM>         ymin @y1  ymax @y2  ygrip @yncel -
 CHARMM>         zmin @a   zmax @b   zgrip 5
 Parameter: X1 -> "-7.60718474"
 Parameter: X2 -> "9.25477513"
 Parameter: XNCEL -> "84"
 Parameter: Y1 -> "-7.85469042"
 Parameter: Y2 -> "7.6262562"
 Parameter: YNCEL -> "77"
 Parameter: A -> "-7.2"
 Parameter: B -> "-7"

 A TOTAL OF    25464   VACUUM POINTS WERE FOUND
 A TOTAL OF     6876 OCCUPIED POINTS WERE FOUND
 A TOTAL OF        0 EXTERNAL POINTS WERE FOUND
 A TOTAL OF    25464 SELECTED POINTS WERE FOUND
 TOTAL OCCUPIED  VOLUME =      11.100216
 TOTAL SELECTED  VOLUME =      41.107605
 TOTAL FREE      VOLUME =      41.107605
 FRACTIONAL FREE VOLUME =      78.738404
  
 CHARMM>     
  
 CHARMM>    calc c = ?volume * @factor
 Parameter: FACTOR -> "5"
 RDCMND substituted energy or value "?VOLUME" to "11.1002156"
Evaluating: 11.1002156*5
 Parameter: C <- "55.501078"
  
 CHARMM>     
  
 CHARMM>    if a .lt. -10 if a .gt. -20 if c .gt. @botarea set botarea = @c
 Parameter: BOTAREA -> "65.542285"
 Parameter: C -> "55.501078"
 Comparing "-7.2" and "-10".
 IF test evaluated as false.  Skipping command
  
 CHARMM>    if a .gt.  10 if a .lt.  20 if c .gt. @toparea set toparea = @c
 Parameter: TOPAREA -> "-1"
 Parameter: C -> "55.501078"
 Comparing "-7.2" and "10".
 IF test evaluated as false.  Skipping command
  
 CHARMM>     
  
 CHARMM>    write title unit 51
 RDTITL> * -7  55.501078
 RDTITL> *
  
 CHARMM>     
  
 CHARMM>    incr a by @dcel
 Parameter: DCEL -> "0.2"
 Parameter: A <- "-7"
  
 CHARMM>    incr b by @dcel
 Parameter: DCEL -> "0.2"
 Parameter: B <- "-6.8"
  
 CHARMM>    if b le ?ZMAX goto DOAREA
 RDCMND substituted energy or value "?ZMAX" to "11.3324505"
 Comparing "-6.8" and "11.3324505".
 IF test evaluated as true.  Performing command
  
 CHARMM>     
  
 CHARMM>    ! Cross sectional protein area with whole atom.
 CHARMM>    scalar wmain = radius
  
 CHARMM>    scalar wmain mult 2.5   sele resname TIP3 end
 SELRPN>      0 atoms have been selected out of    112
  
 CHARMM>    scalar wmain add  1.529 sele .not. resname TIP3 end
 SELRPN>    112 atoms have been selected out of    112
  
 CHARMM>    scalar wmain mult 0.85  sele .not. resname TIP3 end
 SELRPN>    112 atoms have been selected out of    112
  
 CHARMM>    calc zab = ( @a + @b ) / 2.0
 Parameter: A -> "-7"
 Parameter: B -> "-6.8"
Evaluating: (-7+-6.8)/2.0
 Parameter: ZAB <- "-6.9"
  
 CHARMM>     
  
 CHARMM>    coor search -
 CHARMM>         xmin @x1  xmax @x2  xgrip @xncel -
 CHARMM>         ymin @y1  ymax @y2  ygrip @yncel -
 CHARMM>         zmin @a   zmax @b   zgrip 5
 Parameter: X1 -> "-7.60718474"
 Parameter: X2 -> "9.25477513"
 Parameter: XNCEL -> "84"
 Parameter: Y1 -> "-7.85469042"
 Parameter: Y2 -> "7.6262562"
 Parameter: YNCEL -> "77"
 Parameter: A -> "-7"
 Parameter: B -> "-6.8"

 A TOTAL OF    25128   VACUUM POINTS WERE FOUND
 A TOTAL OF     7212 OCCUPIED POINTS WERE FOUND
 A TOTAL OF        0 EXTERNAL POINTS WERE FOUND
 A TOTAL OF    25128 SELECTED POINTS WERE FOUND
 TOTAL OCCUPIED  VOLUME =      11.642634
 TOTAL SELECTED  VOLUME =      40.565186
 TOTAL FREE      VOLUME =      40.565186
 FRACTIONAL FREE VOLUME =      77.699443
  
 CHARMM>     
  
 CHARMM>    calc c = ?volume * @factor
 Parameter: FACTOR -> "5"
 RDCMND substituted energy or value "?VOLUME" to "11.6426345"
Evaluating: 11.6426345*5
 Parameter: C <- "58.2131725"
  
 CHARMM>     
  
 CHARMM>    if a .lt. -10 if a .gt. -20 if c .gt. @botarea set botarea = @c
 Parameter: BOTAREA -> "65.542285"
 Parameter: C -> "58.2131725"
 Comparing "-7" and "-10".
 IF test evaluated as false.  Skipping command
  
 CHARMM>    if a .gt.  10 if a .lt.  20 if c .gt. @toparea set toparea = @c
 Parameter: TOPAREA -> "-1"
 Parameter: C -> "58.2131725"
 Comparing "-7" and "10".
 IF test evaluated as false.  Skipping command
  
 CHARMM>     
  
 CHARMM>    write title unit 51
 RDTITL> * -6.8  58.2131725
 RDTITL> *
  
 CHARMM>     
  
 CHARMM>    incr a by @dcel
 Parameter: DCEL -> "0.2"
 Parameter: A <- "-6.8"
  
 CHARMM>    incr b by @dcel
 Parameter: DCEL -> "0.2"
 Parameter: B <- "-6.6"
  
 CHARMM>    if b le ?ZMAX goto DOAREA
 RDCMND substituted energy or value "?ZMAX" to "11.3324505"
 Comparing "-6.6" and "11.3324505".
 IF test evaluated as true.  Performing command
  
 CHARMM>     
  
 CHARMM>    ! Cross sectional protein area with whole atom.
 CHARMM>    scalar wmain = radius
  
 CHARMM>    scalar wmain mult 2.5   sele resname TIP3 end
 SELRPN>      0 atoms have been selected out of    112
  
 CHARMM>    scalar wmain add  1.529 sele .not. resname TIP3 end
 SELRPN>    112 atoms have been selected out of    112
  
 CHARMM>    scalar wmain mult 0.85  sele .not. resname TIP3 end
 SELRPN>    112 atoms have been selected out of    112
  
 CHARMM>    calc zab = ( @a + @b ) / 2.0
 Parameter: A -> "-6.8"
 Parameter: B -> "-6.6"
Evaluating: (-6.8+-6.6)/2.0
 Parameter: ZAB <- "-6.7"
  
 CHARMM>     
  
 CHARMM>    coor search -
 CHARMM>         xmin @x1  xmax @x2  xgrip @xncel -
 CHARMM>         ymin @y1  ymax @y2  ygrip @yncel -
 CHARMM>         zmin @a   zmax @b   zgrip 5
 Parameter: X1 -> "-7.60718474"
 Parameter: X2 -> "9.25477513"
 Parameter: XNCEL -> "84"
 Parameter: Y1 -> "-7.85469042"
 Parameter: Y2 -> "7.6262562"
 Parameter: YNCEL -> "77"
 Parameter: A -> "-6.8"
 Parameter: B -> "-6.6"

 A TOTAL OF    24848   VACUUM POINTS WERE FOUND
 A TOTAL OF     7492 OCCUPIED POINTS WERE FOUND
 A TOTAL OF        0 EXTERNAL POINTS WERE FOUND
 A TOTAL OF    24848 SELECTED POINTS WERE FOUND
 TOTAL OCCUPIED  VOLUME =      12.094650
 TOTAL SELECTED  VOLUME =      40.113170
 TOTAL FREE      VOLUME =      40.113170
 FRACTIONAL FREE VOLUME =      76.833643
  
 CHARMM>     
  
 CHARMM>    calc c = ?volume * @factor
 Parameter: FACTOR -> "5"
 RDCMND substituted energy or value "?VOLUME" to "12.0946502"
Evaluating: 12.0946502*5
 Parameter: C <- "60.473251"
  
 CHARMM>     
  
 CHARMM>    if a .lt. -10 if a .gt. -20 if c .gt. @botarea set botarea = @c
 Parameter: BOTAREA -> "65.542285"
 Parameter: C -> "60.473251"
 Comparing "-6.8" and "-10".
 IF test evaluated as false.  Skipping command
  
 CHARMM>    if a .gt.  10 if a .lt.  20 if c .gt. @toparea set toparea = @c
 Parameter: TOPAREA -> "-1"
 Parameter: C -> "60.473251"
 Comparing "-6.8" and "10".
 IF test evaluated as false.  Skipping command
  
 CHARMM>     
  
 CHARMM>    write title unit 51
 RDTITL> * -6.6  60.473251
 RDTITL> *
  
 CHARMM>     
  
 CHARMM>    incr a by @dcel
 Parameter: DCEL -> "0.2"
 Parameter: A <- "-6.6"
  
 CHARMM>    incr b by @dcel
 Parameter: DCEL -> "0.2"
 Parameter: B <- "-6.4"
  
 CHARMM>    if b le ?ZMAX goto DOAREA
 RDCMND substituted energy or value "?ZMAX" to "11.3324505"
 Comparing "-6.4" and "11.3324505".
 IF test evaluated as true.  Performing command
  
 CHARMM>     
  
 CHARMM>    ! Cross sectional protein area with whole atom.
 CHARMM>    scalar wmain = radius
  
 CHARMM>    scalar wmain mult 2.5   sele resname TIP3 end
 SELRPN>      0 atoms have been selected out of    112
  
 CHARMM>    scalar wmain add  1.529 sele .not. resname TIP3 end
 SELRPN>    112 atoms have been selected out of    112
  
 CHARMM>    scalar wmain mult 0.85  sele .not. resname TIP3 end
 SELRPN>    112 atoms have been selected out of    112
  
 CHARMM>    calc zab = ( @a + @b ) / 2.0
 Parameter: A -> "-6.6"
 Parameter: B -> "-6.4"
Evaluating: (-6.6+-6.4)/2.0
 Parameter: ZAB <- "-6.5"
  
 CHARMM>     
  
 CHARMM>    coor search -
 CHARMM>         xmin @x1  xmax @x2  xgrip @xncel -
 CHARMM>         ymin @y1  ymax @y2  ygrip @yncel -
 CHARMM>         zmin @a   zmax @b   zgrip 5
 Parameter: X1 -> "-7.60718474"
 Parameter: X2 -> "9.25477513"
 Parameter: XNCEL -> "84"
 Parameter: Y1 -> "-7.85469042"
 Parameter: Y2 -> "7.6262562"
 Parameter: YNCEL -> "77"
 Parameter: A -> "-6.6"
 Parameter: B -> "-6.4"

 A TOTAL OF    24582   VACUUM POINTS WERE FOUND
 A TOTAL OF     7758 OCCUPIED POINTS WERE FOUND
 A TOTAL OF        0 EXTERNAL POINTS WERE FOUND
 A TOTAL OF    24582 SELECTED POINTS WERE FOUND
 TOTAL OCCUPIED  VOLUME =      12.524065
 TOTAL SELECTED  VOLUME =      39.683755
 TOTAL FREE      VOLUME =      39.683755
 FRACTIONAL FREE VOLUME =      76.011132
  
 CHARMM>     
  
 CHARMM>    calc c = ?volume * @factor
 Parameter: FACTOR -> "5"
 RDCMND substituted energy or value "?VOLUME" to "12.5240652"
Evaluating: 12.5240652*5
 Parameter: C <- "62.620326"
  
 CHARMM>     
  
 CHARMM>    if a .lt. -10 if a .gt. -20 if c .gt. @botarea set botarea = @c
 Parameter: BOTAREA -> "65.542285"
 Parameter: C -> "62.620326"
 Comparing "-6.6" and "-10".
 IF test evaluated as false.  Skipping command
  
 CHARMM>    if a .gt.  10 if a .lt.  20 if c .gt. @toparea set toparea = @c
 Parameter: TOPAREA -> "-1"
 Parameter: C -> "62.620326"
 Comparing "-6.6" and "10".
 IF test evaluated as false.  Skipping command
  
 CHARMM>     
  
 CHARMM>    write title unit 51
 RDTITL> * -6.4  62.620326
 RDTITL> *
  
 CHARMM>     
  
 CHARMM>    incr a by @dcel
 Parameter: DCEL -> "0.2"
 Parameter: A <- "-6.4"
  
 CHARMM>    incr b by @dcel
 Parameter: DCEL -> "0.2"
 Parameter: B <- "-6.2"
  
 CHARMM>    if b le ?ZMAX goto DOAREA
 RDCMND substituted energy or value "?ZMAX" to "11.3324505"
 Comparing "-6.2" and "11.3324505".
 IF test evaluated as true.  Performing command
  
 CHARMM>     
  
 CHARMM>    ! Cross sectional protein area with whole atom.
 CHARMM>    scalar wmain = radius
  
 CHARMM>    scalar wmain mult 2.5   sele resname TIP3 end
 SELRPN>      0 atoms have been selected out of    112
  
 CHARMM>    scalar wmain add  1.529 sele .not. resname TIP3 end
 SELRPN>    112 atoms have been selected out of    112
  
 CHARMM>    scalar wmain mult 0.85  sele .not. resname TIP3 end
 SELRPN>    112 atoms have been selected out of    112
  
 CHARMM>    calc zab = ( @a + @b ) / 2.0
 Parameter: A -> "-6.4"
 Parameter: B -> "-6.2"
Evaluating: (-6.4+-6.2)/2.0
 Parameter: ZAB <- "-6.3"
  
 CHARMM>     
  
 CHARMM>    coor search -
 CHARMM>         xmin @x1  xmax @x2  xgrip @xncel -
 CHARMM>         ymin @y1  ymax @y2  ygrip @yncel -
 CHARMM>         zmin @a   zmax @b   zgrip 5
 Parameter: X1 -> "-7.60718474"
 Parameter: X2 -> "9.25477513"
 Parameter: XNCEL -> "84"
 Parameter: Y1 -> "-7.85469042"
 Parameter: Y2 -> "7.6262562"
 Parameter: YNCEL -> "77"
 Parameter: A -> "-6.4"
 Parameter: B -> "-6.2"

 A TOTAL OF    24368   VACUUM POINTS WERE FOUND
 A TOTAL OF     7972 OCCUPIED POINTS WERE FOUND
 A TOTAL OF        0 EXTERNAL POINTS WERE FOUND
 A TOTAL OF    24368 SELECTED POINTS WERE FOUND
 TOTAL OCCUPIED  VOLUME =      12.869534
 TOTAL SELECTED  VOLUME =      39.338286
 TOTAL FREE      VOLUME =      39.338286
 FRACTIONAL FREE VOLUME =      75.349412
  
 CHARMM>     
  
 CHARMM>    calc c = ?volume * @factor
 Parameter: FACTOR -> "5"
 RDCMND substituted energy or value "?VOLUME" to "12.8695344"
Evaluating: 12.8695344*5
 Parameter: C <- "64.347672"
  
 CHARMM>     
  
 CHARMM>    if a .lt. -10 if a .gt. -20 if c .gt. @botarea set botarea = @c
 Parameter: BOTAREA -> "65.542285"
 Parameter: C -> "64.347672"
 Comparing "-6.4" and "-10".
 IF test evaluated as false.  Skipping command
  
 CHARMM>    if a .gt.  10 if a .lt.  20 if c .gt. @toparea set toparea = @c
 Parameter: TOPAREA -> "-1"
 Parameter: C -> "64.347672"
 Comparing "-6.4" and "10".
 IF test evaluated as false.  Skipping command
  
 CHARMM>     
  
 CHARMM>    write title unit 51
 RDTITL> * -6.2  64.347672
 RDTITL> *
  
 CHARMM>     
  
 CHARMM>    incr a by @dcel
 Parameter: DCEL -> "0.2"
 Parameter: A <- "-6.2"
  
 CHARMM>    incr b by @dcel
 Parameter: DCEL -> "0.2"
 Parameter: B <- "-6"
  
 CHARMM>    if b le ?ZMAX goto DOAREA
 RDCMND substituted energy or value "?ZMAX" to "11.3324505"
 Comparing "-6" and "11.3324505".
 IF test evaluated as true.  Performing command
  
 CHARMM>     
  
 CHARMM>    ! Cross sectional protein area with whole atom.
 CHARMM>    scalar wmain = radius
  
 CHARMM>    scalar wmain mult 2.5   sele resname TIP3 end
 SELRPN>      0 atoms have been selected out of    112
  
 CHARMM>    scalar wmain add  1.529 sele .not. resname TIP3 end
 SELRPN>    112 atoms have been selected out of    112
  
 CHARMM>    scalar wmain mult 0.85  sele .not. resname TIP3 end
 SELRPN>    112 atoms have been selected out of    112
  
 CHARMM>    calc zab = ( @a + @b ) / 2.0
 Parameter: A -> "-6.2"
 Parameter: B -> "-6"
Evaluating: (-6.2+-6)/2.0
 Parameter: ZAB <- "-6.1"
  
 CHARMM>     
  
 CHARMM>    coor search -
 CHARMM>         xmin @x1  xmax @x2  xgrip @xncel -
 CHARMM>         ymin @y1  ymax @y2  ygrip @yncel -
 CHARMM>         zmin @a   zmax @b   zgrip 5
 Parameter: X1 -> "-7.60718474"
 Parameter: X2 -> "9.25477513"
 Parameter: XNCEL -> "84"
 Parameter: Y1 -> "-7.85469042"
 Parameter: Y2 -> "7.6262562"
 Parameter: YNCEL -> "77"
 Parameter: A -> "-6.2"
 Parameter: B -> "-6"

 A TOTAL OF    24187   VACUUM POINTS WERE FOUND
 A TOTAL OF     8153 OCCUPIED POINTS WERE FOUND
 A TOTAL OF        0 EXTERNAL POINTS WERE FOUND
 A TOTAL OF    24187 SELECTED POINTS WERE FOUND
 TOTAL OCCUPIED  VOLUME =      13.161730
 TOTAL SELECTED  VOLUME =      39.046090
 TOTAL FREE      VOLUME =      39.046090
 FRACTIONAL FREE VOLUME =      74.789734
  
 CHARMM>     
  
 CHARMM>    calc c = ?volume * @factor
 Parameter: FACTOR -> "5"
 RDCMND substituted energy or value "?VOLUME" to "13.1617303"
Evaluating: 13.1617303*5
 Parameter: C <- "65.8086515"
  
 CHARMM>     
  
 CHARMM>    if a .lt. -10 if a .gt. -20 if c .gt. @botarea set botarea = @c
 Parameter: BOTAREA -> "65.542285"
 Parameter: C -> "65.8086515"
 Comparing "-6.2" and "-10".
 IF test evaluated as false.  Skipping command
  
 CHARMM>    if a .gt.  10 if a .lt.  20 if c .gt. @toparea set toparea = @c
 Parameter: TOPAREA -> "-1"
 Parameter: C -> "65.8086515"
 Comparing "-6.2" and "10".
 IF test evaluated as false.  Skipping command
  
 CHARMM>     
  
 CHARMM>    write title unit 51
 RDTITL> * -6  65.8086515
 RDTITL> *
  
 CHARMM>     
  
 CHARMM>    incr a by @dcel
 Parameter: DCEL -> "0.2"
 Parameter: A <- "-6"
  
 CHARMM>    incr b by @dcel
 Parameter: DCEL -> "0.2"
 Parameter: B <- "-5.8"
  
 CHARMM>    if b le ?ZMAX goto DOAREA
 RDCMND substituted energy or value "?ZMAX" to "11.3324505"
 Comparing "-5.8" and "11.3324505".
 IF test evaluated as true.  Performing command
  
 CHARMM>     
  
 CHARMM>    ! Cross sectional protein area with whole atom.
 CHARMM>    scalar wmain = radius
  
 CHARMM>    scalar wmain mult 2.5   sele resname TIP3 end
 SELRPN>      0 atoms have been selected out of    112
  
 CHARMM>    scalar wmain add  1.529 sele .not. resname TIP3 end
 SELRPN>    112 atoms have been selected out of    112
  
 CHARMM>    scalar wmain mult 0.85  sele .not. resname TIP3 end
 SELRPN>    112 atoms have been selected out of    112
  
 CHARMM>    calc zab = ( @a + @b ) / 2.0
 Parameter: A -> "-6"
 Parameter: B -> "-5.8"
Evaluating: (-6+-5.8)/2.0
 Parameter: ZAB <- "-5.9"
  
 CHARMM>     
  
 CHARMM>    coor search -
 CHARMM>         xmin @x1  xmax @x2  xgrip @xncel -
 CHARMM>         ymin @y1  ymax @y2  ygrip @yncel -
 CHARMM>         zmin @a   zmax @b   zgrip 5
 Parameter: X1 -> "-7.60718474"
 Parameter: X2 -> "9.25477513"
 Parameter: XNCEL -> "84"
 Parameter: Y1 -> "-7.85469042"
 Parameter: Y2 -> "7.6262562"
 Parameter: YNCEL -> "77"
 Parameter: A -> "-6"
 Parameter: B -> "-5.8"

 A TOTAL OF    24082   VACUUM POINTS WERE FOUND
 A TOTAL OF     8258 OCCUPIED POINTS WERE FOUND
 A TOTAL OF        0 EXTERNAL POINTS WERE FOUND
 A TOTAL OF    24082 SELECTED POINTS WERE FOUND
 TOTAL OCCUPIED  VOLUME =      13.331236
 TOTAL SELECTED  VOLUME =      38.876584
 TOTAL FREE      VOLUME =      38.876584
 FRACTIONAL FREE VOLUME =      74.465059
  
 CHARMM>     
  
 CHARMM>    calc c = ?volume * @factor
 Parameter: FACTOR -> "5"
 RDCMND substituted energy or value "?VOLUME" to "13.3312362"
Evaluating: 13.3312362*5
 Parameter: C <- "66.656181"
  
 CHARMM>     
  
 CHARMM>    if a .lt. -10 if a .gt. -20 if c .gt. @botarea set botarea = @c
 Parameter: BOTAREA -> "65.542285"
 Parameter: C -> "66.656181"
 Comparing "-6" and "-10".
 IF test evaluated as false.  Skipping command
  
 CHARMM>    if a .gt.  10 if a .lt.  20 if c .gt. @toparea set toparea = @c
 Parameter: TOPAREA -> "-1"
 Parameter: C -> "66.656181"
 Comparing "-6" and "10".
 IF test evaluated as false.  Skipping command
  
 CHARMM>     
  
 CHARMM>    write title unit 51
 RDTITL> * -5.8  66.656181
 RDTITL> *
  
 CHARMM>     
  
 CHARMM>    incr a by @dcel
 Parameter: DCEL -> "0.2"
 Parameter: A <- "-5.8"
  
 CHARMM>    incr b by @dcel
 Parameter: DCEL -> "0.2"
 Parameter: B <- "-5.6"
  
 CHARMM>    if b le ?ZMAX goto DOAREA
 RDCMND substituted energy or value "?ZMAX" to "11.3324505"
 Comparing "-5.6" and "11.3324505".
 IF test evaluated as true.  Performing command
  
 CHARMM>     
  
 CHARMM>    ! Cross sectional protein area with whole atom.
 CHARMM>    scalar wmain = radius
  
 CHARMM>    scalar wmain mult 2.5   sele resname TIP3 end
 SELRPN>      0 atoms have been selected out of    112
  
 CHARMM>    scalar wmain add  1.529 sele .not. resname TIP3 end
 SELRPN>    112 atoms have been selected out of    112
  
 CHARMM>    scalar wmain mult 0.85  sele .not. resname TIP3 end
 SELRPN>    112 atoms have been selected out of    112
  
 CHARMM>    calc zab = ( @a + @b ) / 2.0
 Parameter: A -> "-5.8"
 Parameter: B -> "-5.6"
Evaluating: (-5.8+-5.6)/2.0
 Parameter: ZAB <- "-5.7"
  
 CHARMM>     
  
 CHARMM>    coor search -
 CHARMM>         xmin @x1  xmax @x2  xgrip @xncel -
 CHARMM>         ymin @y1  ymax @y2  ygrip @yncel -
 CHARMM>         zmin @a   zmax @b   zgrip 5
 Parameter: X1 -> "-7.60718474"
 Parameter: X2 -> "9.25477513"
 Parameter: XNCEL -> "84"
 Parameter: Y1 -> "-7.85469042"
 Parameter: Y2 -> "7.6262562"
 Parameter: YNCEL -> "77"
 Parameter: A -> "-5.8"
 Parameter: B -> "-5.6"

 A TOTAL OF    24038   VACUUM POINTS WERE FOUND
 A TOTAL OF     8302 OCCUPIED POINTS WERE FOUND
 A TOTAL OF        0 EXTERNAL POINTS WERE FOUND
 A TOTAL OF    24038 SELECTED POINTS WERE FOUND
 TOTAL OCCUPIED  VOLUME =      13.402267
 TOTAL SELECTED  VOLUME =      38.805553
 TOTAL FREE      VOLUME =      38.805553
 FRACTIONAL FREE VOLUME =      74.329004
  
 CHARMM>     
  
 CHARMM>    calc c = ?volume * @factor
 Parameter: FACTOR -> "5"
 RDCMND substituted energy or value "?VOLUME" to "13.4022672"
Evaluating: 13.4022672*5
 Parameter: C <- "67.011336"
  
 CHARMM>     
  
 CHARMM>    if a .lt. -10 if a .gt. -20 if c .gt. @botarea set botarea = @c
 Parameter: BOTAREA -> "65.542285"
 Parameter: C -> "67.011336"
 Comparing "-5.8" and "-10".
 IF test evaluated as false.  Skipping command
  
 CHARMM>    if a .gt.  10 if a .lt.  20 if c .gt. @toparea set toparea = @c
 Parameter: TOPAREA -> "-1"
 Parameter: C -> "67.011336"
 Comparing "-5.8" and "10".
 IF test evaluated as false.  Skipping command
  
 CHARMM>     
  
 CHARMM>    write title unit 51
 RDTITL> * -5.6  67.011336
 RDTITL> *
  
 CHARMM>     
  
 CHARMM>    incr a by @dcel
 Parameter: DCEL -> "0.2"
 Parameter: A <- "-5.6"
  
 CHARMM>    incr b by @dcel
 Parameter: DCEL -> "0.2"
 Parameter: B <- "-5.4"
  
 CHARMM>    if b le ?ZMAX goto DOAREA
 RDCMND substituted energy or value "?ZMAX" to "11.3324505"
 Comparing "-5.4" and "11.3324505".
 IF test evaluated as true.  Performing command
  
 CHARMM>     
  
 CHARMM>    ! Cross sectional protein area with whole atom.
 CHARMM>    scalar wmain = radius
  
 CHARMM>    scalar wmain mult 2.5   sele resname TIP3 end
 SELRPN>      0 atoms have been selected out of    112
  
 CHARMM>    scalar wmain add  1.529 sele .not. resname TIP3 end
 SELRPN>    112 atoms have been selected out of    112
  
 CHARMM>    scalar wmain mult 0.85  sele .not. resname TIP3 end
 SELRPN>    112 atoms have been selected out of    112
  
 CHARMM>    calc zab = ( @a + @b ) / 2.0
 Parameter: A -> "-5.6"
 Parameter: B -> "-5.4"
Evaluating: (-5.6+-5.4)/2.0
 Parameter: ZAB <- "-5.5"
  
 CHARMM>     
  
 CHARMM>    coor search -
 CHARMM>         xmin @x1  xmax @x2  xgrip @xncel -
 CHARMM>         ymin @y1  ymax @y2  ygrip @yncel -
 CHARMM>         zmin @a   zmax @b   zgrip 5
 Parameter: X1 -> "-7.60718474"
 Parameter: X2 -> "9.25477513"
 Parameter: XNCEL -> "84"
 Parameter: Y1 -> "-7.85469042"
 Parameter: Y2 -> "7.6262562"
 Parameter: YNCEL -> "77"
 Parameter: A -> "-5.6"
 Parameter: B -> "-5.4"

 A TOTAL OF    24051   VACUUM POINTS WERE FOUND
 A TOTAL OF     8289 OCCUPIED POINTS WERE FOUND
 A TOTAL OF        0 EXTERNAL POINTS WERE FOUND
 A TOTAL OF    24051 SELECTED POINTS WERE FOUND
 TOTAL OCCUPIED  VOLUME =      13.381281
 TOTAL SELECTED  VOLUME =      38.826539
 TOTAL FREE      VOLUME =      38.826539
 FRACTIONAL FREE VOLUME =      74.369202
  
 CHARMM>     
  
 CHARMM>    calc c = ?volume * @factor
 Parameter: FACTOR -> "5"
 RDCMND substituted energy or value "?VOLUME" to "13.3812808"
Evaluating: 13.3812808*5
 Parameter: C <- "66.906404"
  
 CHARMM>     
  
 CHARMM>    if a .lt. -10 if a .gt. -20 if c .gt. @botarea set botarea = @c
 Parameter: BOTAREA -> "65.542285"
 Parameter: C -> "66.906404"
 Comparing "-5.6" and "-10".
 IF test evaluated as false.  Skipping command
  
 CHARMM>    if a .gt.  10 if a .lt.  20 if c .gt. @toparea set toparea = @c
 Parameter: TOPAREA -> "-1"
 Parameter: C -> "66.906404"
 Comparing "-5.6" and "10".
 IF test evaluated as false.  Skipping command
  
 CHARMM>     
  
 CHARMM>    write title unit 51
 RDTITL> * -5.4  66.906404
 RDTITL> *
  
 CHARMM>     
  
 CHARMM>    incr a by @dcel
 Parameter: DCEL -> "0.2"
 Parameter: A <- "-5.4"
  
 CHARMM>    incr b by @dcel
 Parameter: DCEL -> "0.2"
 Parameter: B <- "-5.2"
  
 CHARMM>    if b le ?ZMAX goto DOAREA
 RDCMND substituted energy or value "?ZMAX" to "11.3324505"
 Comparing "-5.2" and "11.3324505".
 IF test evaluated as true.  Performing command
  
 CHARMM>     
  
 CHARMM>    ! Cross sectional protein area with whole atom.
 CHARMM>    scalar wmain = radius
  
 CHARMM>    scalar wmain mult 2.5   sele resname TIP3 end
 SELRPN>      0 atoms have been selected out of    112
  
 CHARMM>    scalar wmain add  1.529 sele .not. resname TIP3 end
 SELRPN>    112 atoms have been selected out of    112
  
 CHARMM>    scalar wmain mult 0.85  sele .not. resname TIP3 end
 SELRPN>    112 atoms have been selected out of    112
  
 CHARMM>    calc zab = ( @a + @b ) / 2.0
 Parameter: A -> "-5.4"
 Parameter: B -> "-5.2"
Evaluating: (-5.4+-5.2)/2.0
 Parameter: ZAB <- "-5.3"
  
 CHARMM>     
  
 CHARMM>    coor search -
 CHARMM>         xmin @x1  xmax @x2  xgrip @xncel -
 CHARMM>         ymin @y1  ymax @y2  ygrip @yncel -
 CHARMM>         zmin @a   zmax @b   zgrip 5
 Parameter: X1 -> "-7.60718474"
 Parameter: X2 -> "9.25477513"
 Parameter: XNCEL -> "84"
 Parameter: Y1 -> "-7.85469042"
 Parameter: Y2 -> "7.6262562"
 Parameter: YNCEL -> "77"
 Parameter: A -> "-5.4"
 Parameter: B -> "-5.2"

 A TOTAL OF    24102   VACUUM POINTS WERE FOUND
 A TOTAL OF     8238 OCCUPIED POINTS WERE FOUND
 A TOTAL OF        0 EXTERNAL POINTS WERE FOUND
 A TOTAL OF    24102 SELECTED POINTS WERE FOUND
 TOTAL OCCUPIED  VOLUME =      13.298949
 TOTAL SELECTED  VOLUME =      38.908871
 TOTAL FREE      VOLUME =      38.908871
 FRACTIONAL FREE VOLUME =      74.526902
  
 CHARMM>     
  
 CHARMM>    calc c = ?volume * @factor
 Parameter: FACTOR -> "5"
 RDCMND substituted energy or value "?VOLUME" to "13.2989494"
Evaluating: 13.2989494*5
 Parameter: C <- "66.494747"
  
 CHARMM>     
  
 CHARMM>    if a .lt. -10 if a .gt. -20 if c .gt. @botarea set botarea = @c
 Parameter: BOTAREA -> "65.542285"
 Parameter: C -> "66.494747"
 Comparing "-5.4" and "-10".
 IF test evaluated as false.  Skipping command
  
 CHARMM>    if a .gt.  10 if a .lt.  20 if c .gt. @toparea set toparea = @c
 Parameter: TOPAREA -> "-1"
 Parameter: C -> "66.494747"
 Comparing "-5.4" and "10".
 IF test evaluated as false.  Skipping command
  
 CHARMM>     
  
 CHARMM>    write title unit 51
 RDTITL> * -5.2  66.494747
 RDTITL> *
  
 CHARMM>     
  
 CHARMM>    incr a by @dcel
 Parameter: DCEL -> "0.2"
 Parameter: A <- "-5.2"
  
 CHARMM>    incr b by @dcel
 Parameter: DCEL -> "0.2"
 Parameter: B <- "-5"
  
 CHARMM>    if b le ?ZMAX goto DOAREA
 RDCMND substituted energy or value "?ZMAX" to "11.3324505"
 Comparing "-5" and "11.3324505".
 IF test evaluated as true.  Performing command
  
 CHARMM>     
  
 CHARMM>    ! Cross sectional protein area with whole atom.
 CHARMM>    scalar wmain = radius
  
 CHARMM>    scalar wmain mult 2.5   sele resname TIP3 end
 SELRPN>      0 atoms have been selected out of    112
  
 CHARMM>    scalar wmain add  1.529 sele .not. resname TIP3 end
 SELRPN>    112 atoms have been selected out of    112
  
 CHARMM>    scalar wmain mult 0.85  sele .not. resname TIP3 end
 SELRPN>    112 atoms have been selected out of    112
  
 CHARMM>    calc zab = ( @a + @b ) / 2.0
 Parameter: A -> "-5.2"
 Parameter: B -> "-5"
Evaluating: (-5.2+-5)/2.0
 Parameter: ZAB <- "-5.1"
  
 CHARMM>     
  
 CHARMM>    coor search -
 CHARMM>         xmin @x1  xmax @x2  xgrip @xncel -
 CHARMM>         ymin @y1  ymax @y2  ygrip @yncel -
 CHARMM>         zmin @a   zmax @b   zgrip 5
 Parameter: X1 -> "-7.60718474"
 Parameter: X2 -> "9.25477513"
 Parameter: XNCEL -> "84"
 Parameter: Y1 -> "-7.85469042"
 Parameter: Y2 -> "7.6262562"
 Parameter: YNCEL -> "77"
 Parameter: A -> "-5.2"
 Parameter: B -> "-5"

 A TOTAL OF    24205   VACUUM POINTS WERE FOUND
 A TOTAL OF     8135 OCCUPIED POINTS WERE FOUND
 A TOTAL OF        0 EXTERNAL POINTS WERE FOUND
 A TOTAL OF    24205 SELECTED POINTS WERE FOUND
 TOTAL OCCUPIED  VOLUME =      13.132672
 TOTAL SELECTED  VOLUME =      39.075148
 TOTAL FREE      VOLUME =      39.075148
 FRACTIONAL FREE VOLUME =      74.845393
  
 CHARMM>     
  
 CHARMM>    calc c = ?volume * @factor
 Parameter: FACTOR -> "5"
 RDCMND substituted energy or value "?VOLUME" to "13.1326721"
Evaluating: 13.1326721*5
 Parameter: C <- "65.6633605"
  
 CHARMM>     
  
 CHARMM>    if a .lt. -10 if a .gt. -20 if c .gt. @botarea set botarea = @c
 Parameter: BOTAREA -> "65.542285"
 Parameter: C -> "65.6633605"
 Comparing "-5.2" and "-10".
 IF test evaluated as false.  Skipping command
  
 CHARMM>    if a .gt.  10 if a .lt.  20 if c .gt. @toparea set toparea = @c
 Parameter: TOPAREA -> "-1"
 Parameter: C -> "65.6633605"
 Comparing "-5.2" and "10".
 IF test evaluated as false.  Skipping command
  
 CHARMM>     
  
 CHARMM>    write title unit 51
 RDTITL> * -5  65.6633605
 RDTITL> *
  
 CHARMM>     
  
 CHARMM>    incr a by @dcel
 Parameter: DCEL -> "0.2"
 Parameter: A <- "-5"
  
 CHARMM>    incr b by @dcel
 Parameter: DCEL -> "0.2"
 Parameter: B <- "-4.8"
  
 CHARMM>    if b le ?ZMAX goto DOAREA
 RDCMND substituted energy or value "?ZMAX" to "11.3324505"
 Comparing "-4.8" and "11.3324505".
 IF test evaluated as true.  Performing command
  
 CHARMM>     
  
 CHARMM>    ! Cross sectional protein area with whole atom.
 CHARMM>    scalar wmain = radius
  
 CHARMM>    scalar wmain mult 2.5   sele resname TIP3 end
 SELRPN>      0 atoms have been selected out of    112
  
 CHARMM>    scalar wmain add  1.529 sele .not. resname TIP3 end
 SELRPN>    112 atoms have been selected out of    112
  
 CHARMM>    scalar wmain mult 0.85  sele .not. resname TIP3 end
 SELRPN>    112 atoms have been selected out of    112
  
 CHARMM>    calc zab = ( @a + @b ) / 2.0
 Parameter: A -> "-5"
 Parameter: B -> "-4.8"
Evaluating: (-5+-4.8)/2.0
 Parameter: ZAB <- "-4.9"
  
 CHARMM>     
  
 CHARMM>    coor search -
 CHARMM>         xmin @x1  xmax @x2  xgrip @xncel -
 CHARMM>         ymin @y1  ymax @y2  ygrip @yncel -
 CHARMM>         zmin @a   zmax @b   zgrip 5
 Parameter: X1 -> "-7.60718474"
 Parameter: X2 -> "9.25477513"
 Parameter: XNCEL -> "84"
 Parameter: Y1 -> "-7.85469042"
 Parameter: Y2 -> "7.6262562"
 Parameter: YNCEL -> "77"
 Parameter: A -> "-5"
 Parameter: B -> "-4.8"

 A TOTAL OF    24363   VACUUM POINTS WERE FOUND
 A TOTAL OF     7977 OCCUPIED POINTS WERE FOUND
 A TOTAL OF        0 EXTERNAL POINTS WERE FOUND
 A TOTAL OF    24363 SELECTED POINTS WERE FOUND
 TOTAL OCCUPIED  VOLUME =      12.877606
 TOTAL SELECTED  VOLUME =      39.330214
 TOTAL FREE      VOLUME =      39.330214
 FRACTIONAL FREE VOLUME =      75.333952
  
 CHARMM>     
  
 CHARMM>    calc c = ?volume * @factor
 Parameter: FACTOR -> "5"
 RDCMND substituted energy or value "?VOLUME" to "12.8776061"
Evaluating: 12.8776061*5
 Parameter: C <- "64.3880305"
  
 CHARMM>     
  
 CHARMM>    if a .lt. -10 if a .gt. -20 if c .gt. @botarea set botarea = @c
 Parameter: BOTAREA -> "65.542285"
 Parameter: C -> "64.3880305"
 Comparing "-5" and "-10".
 IF test evaluated as false.  Skipping command
  
 CHARMM>    if a .gt.  10 if a .lt.  20 if c .gt. @toparea set toparea = @c
 Parameter: TOPAREA -> "-1"
 Parameter: C -> "64.3880305"
 Comparing "-5" and "10".
 IF test evaluated as false.  Skipping command
  
 CHARMM>     
  
 CHARMM>    write title unit 51
 RDTITL> * -4.8  64.3880305
 RDTITL> *
  
 CHARMM>     
  
 CHARMM>    incr a by @dcel
 Parameter: DCEL -> "0.2"
 Parameter: A <- "-4.8"
  
 CHARMM>    incr b by @dcel
 Parameter: DCEL -> "0.2"
 Parameter: B <- "-4.6"
  
 CHARMM>    if b le ?ZMAX goto DOAREA
 RDCMND substituted energy or value "?ZMAX" to "11.3324505"
 Comparing "-4.6" and "11.3324505".
 IF test evaluated as true.  Performing command
  
 CHARMM>     
  
 CHARMM>    ! Cross sectional protein area with whole atom.
 CHARMM>    scalar wmain = radius
  
 CHARMM>    scalar wmain mult 2.5   sele resname TIP3 end
 SELRPN>      0 atoms have been selected out of    112
  
 CHARMM>    scalar wmain add  1.529 sele .not. resname TIP3 end
 SELRPN>    112 atoms have been selected out of    112
  
 CHARMM>    scalar wmain mult 0.85  sele .not. resname TIP3 end
 SELRPN>    112 atoms have been selected out of    112
  
 CHARMM>    calc zab = ( @a + @b ) / 2.0
 Parameter: A -> "-4.8"
 Parameter: B -> "-4.6"
Evaluating: (-4.8+-4.6)/2.0
 Parameter: ZAB <- "-4.7"
  
 CHARMM>     
  
 CHARMM>    coor search -
 CHARMM>         xmin @x1  xmax @x2  xgrip @xncel -
 CHARMM>         ymin @y1  ymax @y2  ygrip @yncel -
 CHARMM>         zmin @a   zmax @b   zgrip 5
 Parameter: X1 -> "-7.60718474"
 Parameter: X2 -> "9.25477513"
 Parameter: XNCEL -> "84"
 Parameter: Y1 -> "-7.85469042"
 Parameter: Y2 -> "7.6262562"
 Parameter: YNCEL -> "77"
 Parameter: A -> "-4.8"
 Parameter: B -> "-4.6"

 A TOTAL OF    24590   VACUUM POINTS WERE FOUND
 A TOTAL OF     7750 OCCUPIED POINTS WERE FOUND
 A TOTAL OF        0 EXTERNAL POINTS WERE FOUND
 A TOTAL OF    24590 SELECTED POINTS WERE FOUND
 TOTAL OCCUPIED  VOLUME =      12.511150
 TOTAL SELECTED  VOLUME =      39.696670
 TOTAL FREE      VOLUME =      39.696670
 FRACTIONAL FREE VOLUME =      76.035869
  
 CHARMM>     
  
 CHARMM>    calc c = ?volume * @factor
 Parameter: FACTOR -> "5"
 RDCMND substituted energy or value "?VOLUME" to "12.5111505"
Evaluating: 12.5111505*5
 Parameter: C <- "62.5557525"
  
 CHARMM>     
  
 CHARMM>    if a .lt. -10 if a .gt. -20 if c .gt. @botarea set botarea = @c
 Parameter: BOTAREA -> "65.542285"
 Parameter: C -> "62.5557525"
 Comparing "-4.8" and "-10".
 IF test evaluated as false.  Skipping command
  
 CHARMM>    if a .gt.  10 if a .lt.  20 if c .gt. @toparea set toparea = @c
 Parameter: TOPAREA -> "-1"
 Parameter: C -> "62.5557525"
 Comparing "-4.8" and "10".
 IF test evaluated as false.  Skipping command
  
 CHARMM>     
  
 CHARMM>    write title unit 51
 RDTITL> * -4.6  62.5557525
 RDTITL> *
  
 CHARMM>     
  
 CHARMM>    incr a by @dcel
 Parameter: DCEL -> "0.2"
 Parameter: A <- "-4.6"
  
 CHARMM>    incr b by @dcel
 Parameter: DCEL -> "0.2"
 Parameter: B <- "-4.4"
  
 CHARMM>    if b le ?ZMAX goto DOAREA
 RDCMND substituted energy or value "?ZMAX" to "11.3324505"
 Comparing "-4.4" and "11.3324505".
 IF test evaluated as true.  Performing command
  
 CHARMM>     
  
 CHARMM>    ! Cross sectional protein area with whole atom.
 CHARMM>    scalar wmain = radius
  
 CHARMM>    scalar wmain mult 2.5   sele resname TIP3 end
 SELRPN>      0 atoms have been selected out of    112
  
 CHARMM>    scalar wmain add  1.529 sele .not. resname TIP3 end
 SELRPN>    112 atoms have been selected out of    112
  
 CHARMM>    scalar wmain mult 0.85  sele .not. resname TIP3 end
 SELRPN>    112 atoms have been selected out of    112
  
 CHARMM>    calc zab = ( @a + @b ) / 2.0
 Parameter: A -> "-4.6"
 Parameter: B -> "-4.4"
Evaluating: (-4.6+-4.4)/2.0
 Parameter: ZAB <- "-4.5"
  
 CHARMM>     
  
 CHARMM>    coor search -
 CHARMM>         xmin @x1  xmax @x2  xgrip @xncel -
 CHARMM>         ymin @y1  ymax @y2  ygrip @yncel -
 CHARMM>         zmin @a   zmax @b   zgrip 5
 Parameter: X1 -> "-7.60718474"
 Parameter: X2 -> "9.25477513"
 Parameter: XNCEL -> "84"
 Parameter: Y1 -> "-7.85469042"
 Parameter: Y2 -> "7.6262562"
 Parameter: YNCEL -> "77"
 Parameter: A -> "-4.6"
 Parameter: B -> "-4.4"

 A TOTAL OF    24854   VACUUM POINTS WERE FOUND
 A TOTAL OF     7486 OCCUPIED POINTS WERE FOUND
 A TOTAL OF        0 EXTERNAL POINTS WERE FOUND
 A TOTAL OF    24854 SELECTED POINTS WERE FOUND
 TOTAL OCCUPIED  VOLUME =      12.084964
 TOTAL SELECTED  VOLUME =      40.122856
 TOTAL FREE      VOLUME =      40.122856
 FRACTIONAL FREE VOLUME =      76.852195
  
 CHARMM>     
  
 CHARMM>    calc c = ?volume * @factor
 Parameter: FACTOR -> "5"
 RDCMND substituted energy or value "?VOLUME" to "12.0849642"
Evaluating: 12.0849642*5
 Parameter: C <- "60.424821"
  
 CHARMM>     
  
 CHARMM>    if a .lt. -10 if a .gt. -20 if c .gt. @botarea set botarea = @c
 Parameter: BOTAREA -> "65.542285"
 Parameter: C -> "60.424821"
 Comparing "-4.6" and "-10".
 IF test evaluated as false.  Skipping command
  
 CHARMM>    if a .gt.  10 if a .lt.  20 if c .gt. @toparea set toparea = @c
 Parameter: TOPAREA -> "-1"
 Parameter: C -> "60.424821"
 Comparing "-4.6" and "10".
 IF test evaluated as false.  Skipping command
  
 CHARMM>     
  
 CHARMM>    write title unit 51
 RDTITL> * -4.4  60.424821
 RDTITL> *
  
 CHARMM>     
  
 CHARMM>    incr a by @dcel
 Parameter: DCEL -> "0.2"
 Parameter: A <- "-4.4"
  
 CHARMM>    incr b by @dcel
 Parameter: DCEL -> "0.2"
 Parameter: B <- "-4.2"
  
 CHARMM>    if b le ?ZMAX goto DOAREA
 RDCMND substituted energy or value "?ZMAX" to "11.3324505"
 Comparing "-4.2" and "11.3324505".
 IF test evaluated as true.  Performing command
  
 CHARMM>     
  
 CHARMM>    ! Cross sectional protein area with whole atom.
 CHARMM>    scalar wmain = radius
  
 CHARMM>    scalar wmain mult 2.5   sele resname TIP3 end
 SELRPN>      0 atoms have been selected out of    112
  
 CHARMM>    scalar wmain add  1.529 sele .not. resname TIP3 end
 SELRPN>    112 atoms have been selected out of    112
  
 CHARMM>    scalar wmain mult 0.85  sele .not. resname TIP3 end
 SELRPN>    112 atoms have been selected out of    112
  
 CHARMM>    calc zab = ( @a + @b ) / 2.0
 Parameter: A -> "-4.4"
 Parameter: B -> "-4.2"
Evaluating: (-4.4+-4.2)/2.0
 Parameter: ZAB <- "-4.3"
  
 CHARMM>     
  
 CHARMM>    coor search -
 CHARMM>         xmin @x1  xmax @x2  xgrip @xncel -
 CHARMM>         ymin @y1  ymax @y2  ygrip @yncel -
 CHARMM>         zmin @a   zmax @b   zgrip 5
 Parameter: X1 -> "-7.60718474"
 Parameter: X2 -> "9.25477513"
 Parameter: XNCEL -> "84"
 Parameter: Y1 -> "-7.85469042"
 Parameter: Y2 -> "7.6262562"
 Parameter: YNCEL -> "77"
 Parameter: A -> "-4.4"
 Parameter: B -> "-4.2"

 A TOTAL OF    25180   VACUUM POINTS WERE FOUND
 A TOTAL OF     7160 OCCUPIED POINTS WERE FOUND
 A TOTAL OF        0 EXTERNAL POINTS WERE FOUND
 A TOTAL OF    25180 SELECTED POINTS WERE FOUND
 TOTAL OCCUPIED  VOLUME =      11.558689
 TOTAL SELECTED  VOLUME =      40.649131
 TOTAL FREE      VOLUME =      40.649131
 FRACTIONAL FREE VOLUME =      77.860235
  
 CHARMM>     
  
 CHARMM>    calc c = ?volume * @factor
 Parameter: FACTOR -> "5"
 RDCMND substituted energy or value "?VOLUME" to "11.5586887"
Evaluating: 11.5586887*5
 Parameter: C <- "57.7934435"
  
 CHARMM>     
  
 CHARMM>    if a .lt. -10 if a .gt. -20 if c .gt. @botarea set botarea = @c
 Parameter: BOTAREA -> "65.542285"
 Parameter: C -> "57.7934435"
 Comparing "-4.4" and "-10".
 IF test evaluated as false.  Skipping command
  
 CHARMM>    if a .gt.  10 if a .lt.  20 if c .gt. @toparea set toparea = @c
 Parameter: TOPAREA -> "-1"
 Parameter: C -> "57.7934435"
 Comparing "-4.4" and "10".
 IF test evaluated as false.  Skipping command
  
 CHARMM>     
  
 CHARMM>    write title unit 51
 RDTITL> * -4.2  57.7934435
 RDTITL> *
  
 CHARMM>     
  
 CHARMM>    incr a by @dcel
 Parameter: DCEL -> "0.2"
 Parameter: A <- "-4.2"
  
 CHARMM>    incr b by @dcel
 Parameter: DCEL -> "0.2"
 Parameter: B <- "-4"
  
 CHARMM>    if b le ?ZMAX goto DOAREA
 RDCMND substituted energy or value "?ZMAX" to "11.3324505"
 Comparing "-4" and "11.3324505".
 IF test evaluated as true.  Performing command
  
 CHARMM>     
  
 CHARMM>    ! Cross sectional protein area with whole atom.
 CHARMM>    scalar wmain = radius
  
 CHARMM>    scalar wmain mult 2.5   sele resname TIP3 end
 SELRPN>      0 atoms have been selected out of    112
  
 CHARMM>    scalar wmain add  1.529 sele .not. resname TIP3 end
 SELRPN>    112 atoms have been selected out of    112
  
 CHARMM>    scalar wmain mult 0.85  sele .not. resname TIP3 end
 SELRPN>    112 atoms have been selected out of    112
  
 CHARMM>    calc zab = ( @a + @b ) / 2.0
 Parameter: A -> "-4.2"
 Parameter: B -> "-4"
Evaluating: (-4.2+-4)/2.0
 Parameter: ZAB <- "-4.1"
  
 CHARMM>     
  
 CHARMM>    coor search -
 CHARMM>         xmin @x1  xmax @x2  xgrip @xncel -
 CHARMM>         ymin @y1  ymax @y2  ygrip @yncel -
 CHARMM>         zmin @a   zmax @b   zgrip 5
 Parameter: X1 -> "-7.60718474"
 Parameter: X2 -> "9.25477513"
 Parameter: XNCEL -> "84"
 Parameter: Y1 -> "-7.85469042"
 Parameter: Y2 -> "7.6262562"
 Parameter: YNCEL -> "77"
 Parameter: A -> "-4.2"
 Parameter: B -> "-4"

 A TOTAL OF    25538   VACUUM POINTS WERE FOUND
 A TOTAL OF     6802 OCCUPIED POINTS WERE FOUND
 A TOTAL OF        0 EXTERNAL POINTS WERE FOUND
 A TOTAL OF    25538 SELECTED POINTS WERE FOUND
 TOTAL OCCUPIED  VOLUME =      10.980754
 TOTAL SELECTED  VOLUME =      41.227066
 TOTAL FREE      VOLUME =      41.227066
 FRACTIONAL FREE VOLUME =      78.967223
  
 CHARMM>     
  
 CHARMM>    calc c = ?volume * @factor
 Parameter: FACTOR -> "5"
 RDCMND substituted energy or value "?VOLUME" to "10.9807543"
Evaluating: 10.9807543*5
 Parameter: C <- "54.9037715"
  
 CHARMM>     
  
 CHARMM>    if a .lt. -10 if a .gt. -20 if c .gt. @botarea set botarea = @c
 Parameter: BOTAREA -> "65.542285"
 Parameter: C -> "54.9037715"
 Comparing "-4.2" and "-10".
 IF test evaluated as false.  Skipping command
  
 CHARMM>    if a .gt.  10 if a .lt.  20 if c .gt. @toparea set toparea = @c
 Parameter: TOPAREA -> "-1"
 Parameter: C -> "54.9037715"
 Comparing "-4.2" and "10".
 IF test evaluated as false.  Skipping command
  
 CHARMM>     
  
 CHARMM>    write title unit 51
 RDTITL> * -4  54.9037715
 RDTITL> *
  
 CHARMM>     
  
 CHARMM>    incr a by @dcel
 Parameter: DCEL -> "0.2"
 Parameter: A <- "-4"
  
 CHARMM>    incr b by @dcel
 Parameter: DCEL -> "0.2"
 Parameter: B <- "-3.8"
  
 CHARMM>    if b le ?ZMAX goto DOAREA
 RDCMND substituted energy or value "?ZMAX" to "11.3324505"
 Comparing "-3.8" and "11.3324505".
 IF test evaluated as true.  Performing command
  
 CHARMM>     
  
 CHARMM>    ! Cross sectional protein area with whole atom.
 CHARMM>    scalar wmain = radius
  
 CHARMM>    scalar wmain mult 2.5   sele resname TIP3 end
 SELRPN>      0 atoms have been selected out of    112
  
 CHARMM>    scalar wmain add  1.529 sele .not. resname TIP3 end
 SELRPN>    112 atoms have been selected out of    112
  
 CHARMM>    scalar wmain mult 0.85  sele .not. resname TIP3 end
 SELRPN>    112 atoms have been selected out of    112
  
 CHARMM>    calc zab = ( @a + @b ) / 2.0
 Parameter: A -> "-4"
 Parameter: B -> "-3.8"
Evaluating: (-4+-3.8)/2.0
 Parameter: ZAB <- "-3.9"
  
 CHARMM>     
  
 CHARMM>    coor search -
 CHARMM>         xmin @x1  xmax @x2  xgrip @xncel -
 CHARMM>         ymin @y1  ymax @y2  ygrip @yncel -
 CHARMM>         zmin @a   zmax @b   zgrip 5
 Parameter: X1 -> "-7.60718474"
 Parameter: X2 -> "9.25477513"
 Parameter: XNCEL -> "84"
 Parameter: Y1 -> "-7.85469042"
 Parameter: Y2 -> "7.6262562"
 Parameter: YNCEL -> "77"
 Parameter: A -> "-4"
 Parameter: B -> "-3.8"

 A TOTAL OF    25834   VACUUM POINTS WERE FOUND
 A TOTAL OF     6506 OCCUPIED POINTS WERE FOUND
 A TOTAL OF        0 EXTERNAL POINTS WERE FOUND
 A TOTAL OF    25834 SELECTED POINTS WERE FOUND
 TOTAL OCCUPIED  VOLUME =      10.502909
 TOTAL SELECTED  VOLUME =      41.704911
 TOTAL FREE      VOLUME =      41.704911
 FRACTIONAL FREE VOLUME =      79.882498
  
 CHARMM>     
  
 CHARMM>    calc c = ?volume * @factor
 Parameter: FACTOR -> "5"
 RDCMND substituted energy or value "?VOLUME" to "10.502909"
Evaluating: 10.502909*5
 Parameter: C <- "52.514545"
  
 CHARMM>     
  
 CHARMM>    if a .lt. -10 if a .gt. -20 if c .gt. @botarea set botarea = @c
 Parameter: BOTAREA -> "65.542285"
 Parameter: C -> "52.514545"
 Comparing "-4" and "-10".
 IF test evaluated as false.  Skipping command
  
 CHARMM>    if a .gt.  10 if a .lt.  20 if c .gt. @toparea set toparea = @c
 Parameter: TOPAREA -> "-1"
 Parameter: C -> "52.514545"
 Comparing "-4" and "10".
 IF test evaluated as false.  Skipping command
  
 CHARMM>     
  
 CHARMM>    write title unit 51
 RDTITL> * -3.8  52.514545
 RDTITL> *
  
 CHARMM>     
  
 CHARMM>    incr a by @dcel
 Parameter: DCEL -> "0.2"
 Parameter: A <- "-3.8"
  
 CHARMM>    incr b by @dcel
 Parameter: DCEL -> "0.2"
 Parameter: B <- "-3.6"
  
 CHARMM>    if b le ?ZMAX goto DOAREA
 RDCMND substituted energy or value "?ZMAX" to "11.3324505"
 Comparing "-3.6" and "11.3324505".
 IF test evaluated as true.  Performing command
  
 CHARMM>     
  
 CHARMM>    ! Cross sectional protein area with whole atom.
 CHARMM>    scalar wmain = radius
  
 CHARMM>    scalar wmain mult 2.5   sele resname TIP3 end
 SELRPN>      0 atoms have been selected out of    112
  
 CHARMM>    scalar wmain add  1.529 sele .not. resname TIP3 end
 SELRPN>    112 atoms have been selected out of    112
  
 CHARMM>    scalar wmain mult 0.85  sele .not. resname TIP3 end
 SELRPN>    112 atoms have been selected out of    112
  
 CHARMM>    calc zab = ( @a + @b ) / 2.0
 Parameter: A -> "-3.8"
 Parameter: B -> "-3.6"
Evaluating: (-3.8+-3.6)/2.0
 Parameter: ZAB <- "-3.7"
  
 CHARMM>     
  
 CHARMM>    coor search -
 CHARMM>         xmin @x1  xmax @x2  xgrip @xncel -
 CHARMM>         ymin @y1  ymax @y2  ygrip @yncel -
 CHARMM>         zmin @a   zmax @b   zgrip 5
 Parameter: X1 -> "-7.60718474"
 Parameter: X2 -> "9.25477513"
 Parameter: XNCEL -> "84"
 Parameter: Y1 -> "-7.85469042"
 Parameter: Y2 -> "7.6262562"
 Parameter: YNCEL -> "77"
 Parameter: A -> "-3.8"
 Parameter: B -> "-3.6"

 A TOTAL OF    25939   VACUUM POINTS WERE FOUND
 A TOTAL OF     6401 OCCUPIED POINTS WERE FOUND
 A TOTAL OF        0 EXTERNAL POINTS WERE FOUND
 A TOTAL OF    25939 SELECTED POINTS WERE FOUND
 TOTAL OCCUPIED  VOLUME =      10.333403
 TOTAL SELECTED  VOLUME =      41.874417
 TOTAL FREE      VOLUME =      41.874417
 FRACTIONAL FREE VOLUME =      80.207174
  
 CHARMM>     
  
 CHARMM>    calc c = ?volume * @factor
 Parameter: FACTOR -> "5"
 RDCMND substituted energy or value "?VOLUME" to "10.3334031"
Evaluating: 10.3334031*5
 Parameter: C <- "51.6670155"
  
 CHARMM>     
  
 CHARMM>    if a .lt. -10 if a .gt. -20 if c .gt. @botarea set botarea = @c
 Parameter: BOTAREA -> "65.542285"
 Parameter: C -> "51.6670155"
 Comparing "-3.8" and "-10".
 IF test evaluated as false.  Skipping command
  
 CHARMM>    if a .gt.  10 if a .lt.  20 if c .gt. @toparea set toparea = @c
 Parameter: TOPAREA -> "-1"
 Parameter: C -> "51.6670155"
 Comparing "-3.8" and "10".
 IF test evaluated as false.  Skipping command
  
 CHARMM>     
  
 CHARMM>    write title unit 51
 RDTITL> * -3.6  51.6670155
 RDTITL> *
  
 CHARMM>     
  
 CHARMM>    incr a by @dcel
 Parameter: DCEL -> "0.2"
 Parameter: A <- "-3.6"
  
 CHARMM>    incr b by @dcel
 Parameter: DCEL -> "0.2"
 Parameter: B <- "-3.4"
  
 CHARMM>    if b le ?ZMAX goto DOAREA
 RDCMND substituted energy or value "?ZMAX" to "11.3324505"
 Comparing "-3.4" and "11.3324505".
 IF test evaluated as true.  Performing command
  
 CHARMM>     
  
 CHARMM>    ! Cross sectional protein area with whole atom.
 CHARMM>    scalar wmain = radius
  
 CHARMM>    scalar wmain mult 2.5   sele resname TIP3 end
 SELRPN>      0 atoms have been selected out of    112
  
 CHARMM>    scalar wmain add  1.529 sele .not. resname TIP3 end
 SELRPN>    112 atoms have been selected out of    112
  
 CHARMM>    scalar wmain mult 0.85  sele .not. resname TIP3 end
 SELRPN>    112 atoms have been selected out of    112
  
 CHARMM>    calc zab = ( @a + @b ) / 2.0
 Parameter: A -> "-3.6"
 Parameter: B -> "-3.4"
Evaluating: (-3.6+-3.4)/2.0
 Parameter: ZAB <- "-3.5"
  
 CHARMM>     
  
 CHARMM>    coor search -
 CHARMM>         xmin @x1  xmax @x2  xgrip @xncel -
 CHARMM>         ymin @y1  ymax @y2  ygrip @yncel -
 CHARMM>         zmin @a   zmax @b   zgrip 5
 Parameter: X1 -> "-7.60718474"
 Parameter: X2 -> "9.25477513"
 Parameter: XNCEL -> "84"
 Parameter: Y1 -> "-7.85469042"
 Parameter: Y2 -> "7.6262562"
 Parameter: YNCEL -> "77"
 Parameter: A -> "-3.6"
 Parameter: B -> "-3.4"

 A TOTAL OF    26027   VACUUM POINTS WERE FOUND
 A TOTAL OF     6313 OCCUPIED POINTS WERE FOUND
 A TOTAL OF        0 EXTERNAL POINTS WERE FOUND
 A TOTAL OF    26027 SELECTED POINTS WERE FOUND
 TOTAL OCCUPIED  VOLUME =      10.191341
 TOTAL SELECTED  VOLUME =      42.016479
 TOTAL FREE      VOLUME =      42.016479
 FRACTIONAL FREE VOLUME =      80.479283
  
 CHARMM>     
  
 CHARMM>    calc c = ?volume * @factor
 Parameter: FACTOR -> "5"
 RDCMND substituted energy or value "?VOLUME" to "10.191341"
Evaluating: 10.191341*5
 Parameter: C <- "50.956705"
  
 CHARMM>     
  
 CHARMM>    if a .lt. -10 if a .gt. -20 if c .gt. @botarea set botarea = @c
 Parameter: BOTAREA -> "65.542285"
 Parameter: C -> "50.956705"
 Comparing "-3.6" and "-10".
 IF test evaluated as false.  Skipping command
  
 CHARMM>    if a .gt.  10 if a .lt.  20 if c .gt. @toparea set toparea = @c
 Parameter: TOPAREA -> "-1"
 Parameter: C -> "50.956705"
 Comparing "-3.6" and "10".
 IF test evaluated as false.  Skipping command
  
 CHARMM>     
  
 CHARMM>    write title unit 51
 RDTITL> * -3.4  50.956705
 RDTITL> *
  
 CHARMM>     
  
 CHARMM>    incr a by @dcel
 Parameter: DCEL -> "0.2"
 Parameter: A <- "-3.4"
  
 CHARMM>    incr b by @dcel
 Parameter: DCEL -> "0.2"
 Parameter: B <- "-3.2"
  
 CHARMM>    if b le ?ZMAX goto DOAREA
 RDCMND substituted energy or value "?ZMAX" to "11.3324505"
 Comparing "-3.2" and "11.3324505".
 IF test evaluated as true.  Performing command
  
 CHARMM>     
  
 CHARMM>    ! Cross sectional protein area with whole atom.
 CHARMM>    scalar wmain = radius
  
 CHARMM>    scalar wmain mult 2.5   sele resname TIP3 end
 SELRPN>      0 atoms have been selected out of    112
  
 CHARMM>    scalar wmain add  1.529 sele .not. resname TIP3 end
 SELRPN>    112 atoms have been selected out of    112
  
 CHARMM>    scalar wmain mult 0.85  sele .not. resname TIP3 end
 SELRPN>    112 atoms have been selected out of    112
  
 CHARMM>    calc zab = ( @a + @b ) / 2.0
 Parameter: A -> "-3.4"
 Parameter: B -> "-3.2"
Evaluating: (-3.4+-3.2)/2.0
 Parameter: ZAB <- "-3.3"
  
 CHARMM>     
  
 CHARMM>    coor search -
 CHARMM>         xmin @x1  xmax @x2  xgrip @xncel -
 CHARMM>         ymin @y1  ymax @y2  ygrip @yncel -
 CHARMM>         zmin @a   zmax @b   zgrip 5
 Parameter: X1 -> "-7.60718474"
 Parameter: X2 -> "9.25477513"
 Parameter: XNCEL -> "84"
 Parameter: Y1 -> "-7.85469042"
 Parameter: Y2 -> "7.6262562"
 Parameter: YNCEL -> "77"
 Parameter: A -> "-3.4"
 Parameter: B -> "-3.2"

 A TOTAL OF    26139   VACUUM POINTS WERE FOUND
 A TOTAL OF     6201 OCCUPIED POINTS WERE FOUND
 A TOTAL OF        0 EXTERNAL POINTS WERE FOUND
 A TOTAL OF    26139 SELECTED POINTS WERE FOUND
 TOTAL OCCUPIED  VOLUME =      10.010535
 TOTAL SELECTED  VOLUME =      42.197285
 TOTAL FREE      VOLUME =      42.197285
 FRACTIONAL FREE VOLUME =      80.825603
  
 CHARMM>     
  
 CHARMM>    calc c = ?volume * @factor
 Parameter: FACTOR -> "5"
 RDCMND substituted energy or value "?VOLUME" to "10.0105347"
Evaluating: 10.0105347*5
 Parameter: C <- "50.0526735"
  
 CHARMM>     
  
 CHARMM>    if a .lt. -10 if a .gt. -20 if c .gt. @botarea set botarea = @c
 Parameter: BOTAREA -> "65.542285"
 Parameter: C -> "50.0526735"
 Comparing "-3.4" and "-10".
 IF test evaluated as false.  Skipping command
  
 CHARMM>    if a .gt.  10 if a .lt.  20 if c .gt. @toparea set toparea = @c
 Parameter: TOPAREA -> "-1"
 Parameter: C -> "50.0526735"
 Comparing "-3.4" and "10".
 IF test evaluated as false.  Skipping command
  
 CHARMM>     
  
 CHARMM>    write title unit 51
 RDTITL> * -3.2  50.0526735
 RDTITL> *
  
 CHARMM>     
  
 CHARMM>    incr a by @dcel
 Parameter: DCEL -> "0.2"
 Parameter: A <- "-3.2"
  
 CHARMM>    incr b by @dcel
 Parameter: DCEL -> "0.2"
 Parameter: B <- "-3"
  
 CHARMM>    if b le ?ZMAX goto DOAREA
 RDCMND substituted energy or value "?ZMAX" to "11.3324505"
 Comparing "-3" and "11.3324505".
 IF test evaluated as true.  Performing command
  
 CHARMM>     
  
 CHARMM>    ! Cross sectional protein area with whole atom.
 CHARMM>    scalar wmain = radius
  
 CHARMM>    scalar wmain mult 2.5   sele resname TIP3 end
 SELRPN>      0 atoms have been selected out of    112
  
 CHARMM>    scalar wmain add  1.529 sele .not. resname TIP3 end
 SELRPN>    112 atoms have been selected out of    112
  
 CHARMM>    scalar wmain mult 0.85  sele .not. resname TIP3 end
 SELRPN>    112 atoms have been selected out of    112
  
 CHARMM>    calc zab = ( @a + @b ) / 2.0
 Parameter: A -> "-3.2"
 Parameter: B -> "-3"
Evaluating: (-3.2+-3)/2.0
 Parameter: ZAB <- "-3.1"
  
 CHARMM>     
  
 CHARMM>    coor search -
 CHARMM>         xmin @x1  xmax @x2  xgrip @xncel -
 CHARMM>         ymin @y1  ymax @y2  ygrip @yncel -
 CHARMM>         zmin @a   zmax @b   zgrip 5
 Parameter: X1 -> "-7.60718474"
 Parameter: X2 -> "9.25477513"
 Parameter: XNCEL -> "84"
 Parameter: Y1 -> "-7.85469042"
 Parameter: Y2 -> "7.6262562"
 Parameter: YNCEL -> "77"
 Parameter: A -> "-3.2"
 Parameter: B -> "-3"

 A TOTAL OF    26173   VACUUM POINTS WERE FOUND
 A TOTAL OF     6167 OCCUPIED POINTS WERE FOUND
 A TOTAL OF        0 EXTERNAL POINTS WERE FOUND
 A TOTAL OF    26173 SELECTED POINTS WERE FOUND
 TOTAL OCCUPIED  VOLUME =       9.955647
 TOTAL SELECTED  VOLUME =      42.252173
 TOTAL FREE      VOLUME =      42.252173
 FRACTIONAL FREE VOLUME =      80.930736
  
 CHARMM>     
  
 CHARMM>    calc c = ?volume * @factor
 Parameter: FACTOR -> "5"
 RDCMND substituted energy or value "?VOLUME" to "9.95564709"
Evaluating: 9.95564709*5
 Parameter: C <- "49.7782354"
  
 CHARMM>     
  
 CHARMM>    if a .lt. -10 if a .gt. -20 if c .gt. @botarea set botarea = @c
 Parameter: BOTAREA -> "65.542285"
 Parameter: C -> "49.7782354"
 Comparing "-3.2" and "-10".
 IF test evaluated as false.  Skipping command
  
 CHARMM>    if a .gt.  10 if a .lt.  20 if c .gt. @toparea set toparea = @c
 Parameter: TOPAREA -> "-1"
 Parameter: C -> "49.7782354"
 Comparing "-3.2" and "10".
 IF test evaluated as false.  Skipping command
  
 CHARMM>     
  
 CHARMM>    write title unit 51
 RDTITL> * -3  49.7782354
 RDTITL> *
  
 CHARMM>     
  
 CHARMM>    incr a by @dcel
 Parameter: DCEL -> "0.2"
 Parameter: A <- "-3"
  
 CHARMM>    incr b by @dcel
 Parameter: DCEL -> "0.2"
 Parameter: B <- "-2.8"
  
 CHARMM>    if b le ?ZMAX goto DOAREA
 RDCMND substituted energy or value "?ZMAX" to "11.3324505"
 Comparing "-2.8" and "11.3324505".
 IF test evaluated as true.  Performing command
  
 CHARMM>     
  
 CHARMM>    ! Cross sectional protein area with whole atom.
 CHARMM>    scalar wmain = radius
  
 CHARMM>    scalar wmain mult 2.5   sele resname TIP3 end
 SELRPN>      0 atoms have been selected out of    112
  
 CHARMM>    scalar wmain add  1.529 sele .not. resname TIP3 end
 SELRPN>    112 atoms have been selected out of    112
  
 CHARMM>    scalar wmain mult 0.85  sele .not. resname TIP3 end
 SELRPN>    112 atoms have been selected out of    112
  
 CHARMM>    calc zab = ( @a + @b ) / 2.0
 Parameter: A -> "-3"
 Parameter: B -> "-2.8"
Evaluating: (-3+-2.8)/2.0
 Parameter: ZAB <- "-2.9"
  
 CHARMM>     
  
 CHARMM>    coor search -
 CHARMM>         xmin @x1  xmax @x2  xgrip @xncel -
 CHARMM>         ymin @y1  ymax @y2  ygrip @yncel -
 CHARMM>         zmin @a   zmax @b   zgrip 5
 Parameter: X1 -> "-7.60718474"
 Parameter: X2 -> "9.25477513"
 Parameter: XNCEL -> "84"
 Parameter: Y1 -> "-7.85469042"
 Parameter: Y2 -> "7.6262562"
 Parameter: YNCEL -> "77"
 Parameter: A -> "-3"
 Parameter: B -> "-2.8"

 A TOTAL OF    26068   VACUUM POINTS WERE FOUND
 A TOTAL OF     6272 OCCUPIED POINTS WERE FOUND
 A TOTAL OF        0 EXTERNAL POINTS WERE FOUND
 A TOTAL OF    26068 SELECTED POINTS WERE FOUND
 TOTAL OCCUPIED  VOLUME =      10.125153
 TOTAL SELECTED  VOLUME =      42.082667
 TOTAL FREE      VOLUME =      42.082667
 FRACTIONAL FREE VOLUME =      80.606061
  
 CHARMM>     
  
 CHARMM>    calc c = ?volume * @factor
 Parameter: FACTOR -> "5"
 RDCMND substituted energy or value "?VOLUME" to "10.125153"
Evaluating: 10.125153*5
 Parameter: C <- "50.625765"
  
 CHARMM>     
  
 CHARMM>    if a .lt. -10 if a .gt. -20 if c .gt. @botarea set botarea = @c
 Parameter: BOTAREA -> "65.542285"
 Parameter: C -> "50.625765"
 Comparing "-3" and "-10".
 IF test evaluated as false.  Skipping command
  
 CHARMM>    if a .gt.  10 if a .lt.  20 if c .gt. @toparea set toparea = @c
 Parameter: TOPAREA -> "-1"
 Parameter: C -> "50.625765"
 Comparing "-3" and "10".
 IF test evaluated as false.  Skipping command
  
 CHARMM>     
  
 CHARMM>    write title unit 51
 RDTITL> * -2.8  50.625765
 RDTITL> *
  
 CHARMM>     
  
 CHARMM>    incr a by @dcel
 Parameter: DCEL -> "0.2"
 Parameter: A <- "-2.8"
  
 CHARMM>    incr b by @dcel
 Parameter: DCEL -> "0.2"
 Parameter: B <- "-2.6"
  
 CHARMM>    if b le ?ZMAX goto DOAREA
 RDCMND substituted energy or value "?ZMAX" to "11.3324505"
 Comparing "-2.6" and "11.3324505".
 IF test evaluated as true.  Performing command
  
 CHARMM>     
  
 CHARMM>    ! Cross sectional protein area with whole atom.
 CHARMM>    scalar wmain = radius
  
 CHARMM>    scalar wmain mult 2.5   sele resname TIP3 end
 SELRPN>      0 atoms have been selected out of    112
  
 CHARMM>    scalar wmain add  1.529 sele .not. resname TIP3 end
 SELRPN>    112 atoms have been selected out of    112
  
 CHARMM>    scalar wmain mult 0.85  sele .not. resname TIP3 end
 SELRPN>    112 atoms have been selected out of    112
  
 CHARMM>    calc zab = ( @a + @b ) / 2.0
 Parameter: A -> "-2.8"
 Parameter: B -> "-2.6"
Evaluating: (-2.8+-2.6)/2.0
 Parameter: ZAB <- "-2.7"
  
 CHARMM>     
  
 CHARMM>    coor search -
 CHARMM>         xmin @x1  xmax @x2  xgrip @xncel -
 CHARMM>         ymin @y1  ymax @y2  ygrip @yncel -
 CHARMM>         zmin @a   zmax @b   zgrip 5
 Parameter: X1 -> "-7.60718474"
 Parameter: X2 -> "9.25477513"
 Parameter: XNCEL -> "84"
 Parameter: Y1 -> "-7.85469042"
 Parameter: Y2 -> "7.6262562"
 Parameter: YNCEL -> "77"
 Parameter: A -> "-2.8"
 Parameter: B -> "-2.6"

 A TOTAL OF    25872   VACUUM POINTS WERE FOUND
 A TOTAL OF     6468 OCCUPIED POINTS WERE FOUND
 A TOTAL OF        0 EXTERNAL POINTS WERE FOUND
 A TOTAL OF    25872 SELECTED POINTS WERE FOUND
 TOTAL OCCUPIED  VOLUME =      10.441564
 TOTAL SELECTED  VOLUME =      41.766256
 TOTAL FREE      VOLUME =      41.766256
 FRACTIONAL FREE VOLUME =      80.000000
  
 CHARMM>     
  
 CHARMM>    calc c = ?volume * @factor
 Parameter: FACTOR -> "5"
 RDCMND substituted energy or value "?VOLUME" to "10.441564"
Evaluating: 10.441564*5
 Parameter: C <- "52.20782"
  
 CHARMM>     
  
 CHARMM>    if a .lt. -10 if a .gt. -20 if c .gt. @botarea set botarea = @c
 Parameter: BOTAREA -> "65.542285"
 Parameter: C -> "52.20782"
 Comparing "-2.8" and "-10".
 IF test evaluated as false.  Skipping command
  
 CHARMM>    if a .gt.  10 if a .lt.  20 if c .gt. @toparea set toparea = @c
 Parameter: TOPAREA -> "-1"
 Parameter: C -> "52.20782"
 Comparing "-2.8" and "10".
 IF test evaluated as false.  Skipping command
  
 CHARMM>     
  
 CHARMM>    write title unit 51
 RDTITL> * -2.6  52.20782
 RDTITL> *
  
 CHARMM>     
  
 CHARMM>    incr a by @dcel
 Parameter: DCEL -> "0.2"
 Parameter: A <- "-2.6"
  
 CHARMM>    incr b by @dcel
 Parameter: DCEL -> "0.2"
 Parameter: B <- "-2.4"
  
 CHARMM>    if b le ?ZMAX goto DOAREA
 RDCMND substituted energy or value "?ZMAX" to "11.3324505"
 Comparing "-2.4" and "11.3324505".
 IF test evaluated as true.  Performing command
  
 CHARMM>     
  
 CHARMM>    ! Cross sectional protein area with whole atom.
 CHARMM>    scalar wmain = radius
  
 CHARMM>    scalar wmain mult 2.5   sele resname TIP3 end
 SELRPN>      0 atoms have been selected out of    112
  
 CHARMM>    scalar wmain add  1.529 sele .not. resname TIP3 end
 SELRPN>    112 atoms have been selected out of    112
  
 CHARMM>    scalar wmain mult 0.85  sele .not. resname TIP3 end
 SELRPN>    112 atoms have been selected out of    112
  
 CHARMM>    calc zab = ( @a + @b ) / 2.0
 Parameter: A -> "-2.6"
 Parameter: B -> "-2.4"
Evaluating: (-2.6+-2.4)/2.0
 Parameter: ZAB <- "-2.5"
  
 CHARMM>     
  
 CHARMM>    coor search -
 CHARMM>         xmin @x1  xmax @x2  xgrip @xncel -
 CHARMM>         ymin @y1  ymax @y2  ygrip @yncel -
 CHARMM>         zmin @a   zmax @b   zgrip 5
 Parameter: X1 -> "-7.60718474"
 Parameter: X2 -> "9.25477513"
 Parameter: XNCEL -> "84"
 Parameter: Y1 -> "-7.85469042"
 Parameter: Y2 -> "7.6262562"
 Parameter: YNCEL -> "77"
 Parameter: A -> "-2.6"
 Parameter: B -> "-2.4"

 A TOTAL OF    25614   VACUUM POINTS WERE FOUND
 A TOTAL OF     6726 OCCUPIED POINTS WERE FOUND
 A TOTAL OF        0 EXTERNAL POINTS WERE FOUND
 A TOTAL OF    25614 SELECTED POINTS WERE FOUND
 TOTAL OCCUPIED  VOLUME =      10.858064
 TOTAL SELECTED  VOLUME =      41.349756
 TOTAL FREE      VOLUME =      41.349756
 FRACTIONAL FREE VOLUME =      79.202226
  
 CHARMM>     
  
 CHARMM>    calc c = ?volume * @factor
 Parameter: FACTOR -> "5"
 RDCMND substituted energy or value "?VOLUME" to "10.8580643"
Evaluating: 10.8580643*5
 Parameter: C <- "54.2903215"
  
 CHARMM>     
  
 CHARMM>    if a .lt. -10 if a .gt. -20 if c .gt. @botarea set botarea = @c
 Parameter: BOTAREA -> "65.542285"
 Parameter: C -> "54.2903215"
 Comparing "-2.6" and "-10".
 IF test evaluated as false.  Skipping command
  
 CHARMM>    if a .gt.  10 if a .lt.  20 if c .gt. @toparea set toparea = @c
 Parameter: TOPAREA -> "-1"
 Parameter: C -> "54.2903215"
 Comparing "-2.6" and "10".
 IF test evaluated as false.  Skipping command
  
 CHARMM>     
  
 CHARMM>    write title unit 51
 RDTITL> * -2.4  54.2903215
 RDTITL> *
  
 CHARMM>     
  
 CHARMM>    incr a by @dcel
 Parameter: DCEL -> "0.2"
 Parameter: A <- "-2.4"
  
 CHARMM>    incr b by @dcel
 Parameter: DCEL -> "0.2"
 Parameter: B <- "-2.2"
  
 CHARMM>    if b le ?ZMAX goto DOAREA
 RDCMND substituted energy or value "?ZMAX" to "11.3324505"
 Comparing "-2.2" and "11.3324505".
 IF test evaluated as true.  Performing command
  
 CHARMM>     
  
 CHARMM>    ! Cross sectional protein area with whole atom.
 CHARMM>    scalar wmain = radius
  
 CHARMM>    scalar wmain mult 2.5   sele resname TIP3 end
 SELRPN>      0 atoms have been selected out of    112
  
 CHARMM>    scalar wmain add  1.529 sele .not. resname TIP3 end
 SELRPN>    112 atoms have been selected out of    112
  
 CHARMM>    scalar wmain mult 0.85  sele .not. resname TIP3 end
 SELRPN>    112 atoms have been selected out of    112
  
 CHARMM>    calc zab = ( @a + @b ) / 2.0
 Parameter: A -> "-2.4"
 Parameter: B -> "-2.2"
Evaluating: (-2.4+-2.2)/2.0
 Parameter: ZAB <- "-2.3"
  
 CHARMM>     
  
 CHARMM>    coor search -
 CHARMM>         xmin @x1  xmax @x2  xgrip @xncel -
 CHARMM>         ymin @y1  ymax @y2  ygrip @yncel -
 CHARMM>         zmin @a   zmax @b   zgrip 5
 Parameter: X1 -> "-7.60718474"
 Parameter: X2 -> "9.25477513"
 Parameter: XNCEL -> "84"
 Parameter: Y1 -> "-7.85469042"
 Parameter: Y2 -> "7.6262562"
 Parameter: YNCEL -> "77"
 Parameter: A -> "-2.4"
 Parameter: B -> "-2.2"

 A TOTAL OF    25303   VACUUM POINTS WERE FOUND
 A TOTAL OF     7037 OCCUPIED POINTS WERE FOUND
 A TOTAL OF        0 EXTERNAL POINTS WERE FOUND
 A TOTAL OF    25303 SELECTED POINTS WERE FOUND
 TOTAL OCCUPIED  VOLUME =      11.360125
 TOTAL SELECTED  VOLUME =      40.847696
 TOTAL FREE      VOLUME =      40.847696
 FRACTIONAL FREE VOLUME =      78.240569
  
 CHARMM>     
  
 CHARMM>    calc c = ?volume * @factor
 Parameter: FACTOR -> "5"
 RDCMND substituted energy or value "?VOLUME" to "11.3601246"
Evaluating: 11.3601246*5
 Parameter: C <- "56.800623"
  
 CHARMM>     
  
 CHARMM>    if a .lt. -10 if a .gt. -20 if c .gt. @botarea set botarea = @c
 Parameter: BOTAREA -> "65.542285"
 Parameter: C -> "56.800623"
 Comparing "-2.4" and "-10".
 IF test evaluated as false.  Skipping command
  
 CHARMM>    if a .gt.  10 if a .lt.  20 if c .gt. @toparea set toparea = @c
 Parameter: TOPAREA -> "-1"
 Parameter: C -> "56.800623"
 Comparing "-2.4" and "10".
 IF test evaluated as false.  Skipping command
  
 CHARMM>     
  
 CHARMM>    write title unit 51
 RDTITL> * -2.2  56.800623
 RDTITL> *
  
 CHARMM>     
  
 CHARMM>    incr a by @dcel
 Parameter: DCEL -> "0.2"
 Parameter: A <- "-2.2"
  
 CHARMM>    incr b by @dcel
 Parameter: DCEL -> "0.2"
 Parameter: B <- "-2"
  
 CHARMM>    if b le ?ZMAX goto DOAREA
 RDCMND substituted energy or value "?ZMAX" to "11.3324505"
 Comparing "-2" and "11.3324505".
 IF test evaluated as true.  Performing command
  
 CHARMM>     
  
 CHARMM>    ! Cross sectional protein area with whole atom.
 CHARMM>    scalar wmain = radius
  
 CHARMM>    scalar wmain mult 2.5   sele resname TIP3 end
 SELRPN>      0 atoms have been selected out of    112
  
 CHARMM>    scalar wmain add  1.529 sele .not. resname TIP3 end
 SELRPN>    112 atoms have been selected out of    112
  
 CHARMM>    scalar wmain mult 0.85  sele .not. resname TIP3 end
 SELRPN>    112 atoms have been selected out of    112
  
 CHARMM>    calc zab = ( @a + @b ) / 2.0
 Parameter: A -> "-2.2"
 Parameter: B -> "-2"
Evaluating: (-2.2+-2)/2.0
 Parameter: ZAB <- "-2.1"
  
 CHARMM>     
  
 CHARMM>    coor search -
 CHARMM>         xmin @x1  xmax @x2  xgrip @xncel -
 CHARMM>         ymin @y1  ymax @y2  ygrip @yncel -
 CHARMM>         zmin @a   zmax @b   zgrip 5
 Parameter: X1 -> "-7.60718474"
 Parameter: X2 -> "9.25477513"
 Parameter: XNCEL -> "84"
 Parameter: Y1 -> "-7.85469042"
 Parameter: Y2 -> "7.6262562"
 Parameter: YNCEL -> "77"
 Parameter: A -> "-2.2"
 Parameter: B -> "-2"

 A TOTAL OF    25050   VACUUM POINTS WERE FOUND
 A TOTAL OF     7290 OCCUPIED POINTS WERE FOUND
 A TOTAL OF        0 EXTERNAL POINTS WERE FOUND
 A TOTAL OF    25050 SELECTED POINTS WERE FOUND
 TOTAL OCCUPIED  VOLUME =      11.768553
 TOTAL SELECTED  VOLUME =      40.439267
 TOTAL FREE      VOLUME =      40.439267
 FRACTIONAL FREE VOLUME =      77.458256
  
 CHARMM>     
  
 CHARMM>    calc c = ?volume * @factor
 Parameter: FACTOR -> "5"
 RDCMND substituted energy or value "?VOLUME" to "11.7685531"
Evaluating: 11.7685531*5
 Parameter: C <- "58.8427655"
  
 CHARMM>     
  
 CHARMM>    if a .lt. -10 if a .gt. -20 if c .gt. @botarea set botarea = @c
 Parameter: BOTAREA -> "65.542285"
 Parameter: C -> "58.8427655"
 Comparing "-2.2" and "-10".
 IF test evaluated as false.  Skipping command
  
 CHARMM>    if a .gt.  10 if a .lt.  20 if c .gt. @toparea set toparea = @c
 Parameter: TOPAREA -> "-1"
 Parameter: C -> "58.8427655"
 Comparing "-2.2" and "10".
 IF test evaluated as false.  Skipping command
  
 CHARMM>     
  
 CHARMM>    write title unit 51
 RDTITL> * -2  58.8427655
 RDTITL> *
  
 CHARMM>     
  
 CHARMM>    incr a by @dcel
 Parameter: DCEL -> "0.2"
 Parameter: A <- "-2"
  
 CHARMM>    incr b by @dcel
 Parameter: DCEL -> "0.2"
 Parameter: B <- "-1.8"
  
 CHARMM>    if b le ?ZMAX goto DOAREA
 RDCMND substituted energy or value "?ZMAX" to "11.3324505"
 Comparing "-1.8" and "11.3324505".
 IF test evaluated as true.  Performing command
  
 CHARMM>     
  
 CHARMM>    ! Cross sectional protein area with whole atom.
 CHARMM>    scalar wmain = radius
  
 CHARMM>    scalar wmain mult 2.5   sele resname TIP3 end
 SELRPN>      0 atoms have been selected out of    112
  
 CHARMM>    scalar wmain add  1.529 sele .not. resname TIP3 end
 SELRPN>    112 atoms have been selected out of    112
  
 CHARMM>    scalar wmain mult 0.85  sele .not. resname TIP3 end
 SELRPN>    112 atoms have been selected out of    112
  
 CHARMM>    calc zab = ( @a + @b ) / 2.0
 Parameter: A -> "-2"
 Parameter: B -> "-1.8"
Evaluating: (-2+-1.8)/2.0
 Parameter: ZAB <- "-1.9"
  
 CHARMM>     
  
 CHARMM>    coor search -
 CHARMM>         xmin @x1  xmax @x2  xgrip @xncel -
 CHARMM>         ymin @y1  ymax @y2  ygrip @yncel -
 CHARMM>         zmin @a   zmax @b   zgrip 5
 Parameter: X1 -> "-7.60718474"
 Parameter: X2 -> "9.25477513"
 Parameter: XNCEL -> "84"
 Parameter: Y1 -> "-7.85469042"
 Parameter: Y2 -> "7.6262562"
 Parameter: YNCEL -> "77"
 Parameter: A -> "-2"
 Parameter: B -> "-1.8"

 A TOTAL OF    24833   VACUUM POINTS WERE FOUND
 A TOTAL OF     7507 OCCUPIED POINTS WERE FOUND
 A TOTAL OF        0 EXTERNAL POINTS WERE FOUND
 A TOTAL OF    24833 SELECTED POINTS WERE FOUND
 TOTAL OCCUPIED  VOLUME =      12.118865
 TOTAL SELECTED  VOLUME =      40.088955
 TOTAL FREE      VOLUME =      40.088955
 FRACTIONAL FREE VOLUME =      76.787260
  
 CHARMM>     
  
 CHARMM>    calc c = ?volume * @factor
 Parameter: FACTOR -> "5"
 RDCMND substituted energy or value "?VOLUME" to "12.1188654"
Evaluating: 12.1188654*5
 Parameter: C <- "60.594327"
  
 CHARMM>     
  
 CHARMM>    if a .lt. -10 if a .gt. -20 if c .gt. @botarea set botarea = @c
 Parameter: BOTAREA -> "65.542285"
 Parameter: C -> "60.594327"
 Comparing "-2" and "-10".
 IF test evaluated as false.  Skipping command
  
 CHARMM>    if a .gt.  10 if a .lt.  20 if c .gt. @toparea set toparea = @c
 Parameter: TOPAREA -> "-1"
 Parameter: C -> "60.594327"
 Comparing "-2" and "10".
 IF test evaluated as false.  Skipping command
  
 CHARMM>     
  
 CHARMM>    write title unit 51
 RDTITL> * -1.8  60.594327
 RDTITL> *
  
 CHARMM>     
  
 CHARMM>    incr a by @dcel
 Parameter: DCEL -> "0.2"
 Parameter: A <- "-1.8"
  
 CHARMM>    incr b by @dcel
 Parameter: DCEL -> "0.2"
 Parameter: B <- "-1.6"
  
 CHARMM>    if b le ?ZMAX goto DOAREA
 RDCMND substituted energy or value "?ZMAX" to "11.3324505"
 Comparing "-1.6" and "11.3324505".
 IF test evaluated as true.  Performing command
  
 CHARMM>     
  
 CHARMM>    ! Cross sectional protein area with whole atom.
 CHARMM>    scalar wmain = radius
  
 CHARMM>    scalar wmain mult 2.5   sele resname TIP3 end
 SELRPN>      0 atoms have been selected out of    112
  
 CHARMM>    scalar wmain add  1.529 sele .not. resname TIP3 end
 SELRPN>    112 atoms have been selected out of    112
  
 CHARMM>    scalar wmain mult 0.85  sele .not. resname TIP3 end
 SELRPN>    112 atoms have been selected out of    112
  
 CHARMM>    calc zab = ( @a + @b ) / 2.0
 Parameter: A -> "-1.8"
 Parameter: B -> "-1.6"
Evaluating: (-1.8+-1.6)/2.0
 Parameter: ZAB <- "-1.7"
  
 CHARMM>     
  
 CHARMM>    coor search -
 CHARMM>         xmin @x1  xmax @x2  xgrip @xncel -
 CHARMM>         ymin @y1  ymax @y2  ygrip @yncel -
 CHARMM>         zmin @a   zmax @b   zgrip 5
 Parameter: X1 -> "-7.60718474"
 Parameter: X2 -> "9.25477513"
 Parameter: XNCEL -> "84"
 Parameter: Y1 -> "-7.85469042"
 Parameter: Y2 -> "7.6262562"
 Parameter: YNCEL -> "77"
 Parameter: A -> "-1.8"
 Parameter: B -> "-1.6"

 A TOTAL OF    24650   VACUUM POINTS WERE FOUND
 A TOTAL OF     7690 OCCUPIED POINTS WERE FOUND
 A TOTAL OF        0 EXTERNAL POINTS WERE FOUND
 A TOTAL OF    24650 SELECTED POINTS WERE FOUND
 TOTAL OCCUPIED  VOLUME =      12.414290
 TOTAL SELECTED  VOLUME =      39.793530
 TOTAL FREE      VOLUME =      39.793530
 FRACTIONAL FREE VOLUME =      76.221398
  
 CHARMM>     
  
 CHARMM>    calc c = ?volume * @factor
 Parameter: FACTOR -> "5"
 RDCMND substituted energy or value "?VOLUME" to "12.4142899"
Evaluating: 12.4142899*5
 Parameter: C <- "62.0714495"
  
 CHARMM>     
  
 CHARMM>    if a .lt. -10 if a .gt. -20 if c .gt. @botarea set botarea = @c
 Parameter: BOTAREA -> "65.542285"
 Parameter: C -> "62.0714495"
 Comparing "-1.8" and "-10".
 IF test evaluated as false.  Skipping command
  
 CHARMM>    if a .gt.  10 if a .lt.  20 if c .gt. @toparea set toparea = @c
 Parameter: TOPAREA -> "-1"
 Parameter: C -> "62.0714495"
 Comparing "-1.8" and "10".
 IF test evaluated as false.  Skipping command
  
 CHARMM>     
  
 CHARMM>    write title unit 51
 RDTITL> * -1.6  62.0714495
 RDTITL> *
  
 CHARMM>     
  
 CHARMM>    incr a by @dcel
 Parameter: DCEL -> "0.2"
 Parameter: A <- "-1.6"
  
 CHARMM>    incr b by @dcel
 Parameter: DCEL -> "0.2"
 Parameter: B <- "-1.4"
  
 CHARMM>    if b le ?ZMAX goto DOAREA
 RDCMND substituted energy or value "?ZMAX" to "11.3324505"
 Comparing "-1.4" and "11.3324505".
 IF test evaluated as true.  Performing command
  
 CHARMM>     
  
 CHARMM>    ! Cross sectional protein area with whole atom.
 CHARMM>    scalar wmain = radius
  
 CHARMM>    scalar wmain mult 2.5   sele resname TIP3 end
 SELRPN>      0 atoms have been selected out of    112
  
 CHARMM>    scalar wmain add  1.529 sele .not. resname TIP3 end
 SELRPN>    112 atoms have been selected out of    112
  
 CHARMM>    scalar wmain mult 0.85  sele .not. resname TIP3 end
 SELRPN>    112 atoms have been selected out of    112
  
 CHARMM>    calc zab = ( @a + @b ) / 2.0
 Parameter: A -> "-1.6"
 Parameter: B -> "-1.4"
Evaluating: (-1.6+-1.4)/2.0
 Parameter: ZAB <- "-1.5"
  
 CHARMM>     
  
 CHARMM>    coor search -
 CHARMM>         xmin @x1  xmax @x2  xgrip @xncel -
 CHARMM>         ymin @y1  ymax @y2  ygrip @yncel -
 CHARMM>         zmin @a   zmax @b   zgrip 5
 Parameter: X1 -> "-7.60718474"
 Parameter: X2 -> "9.25477513"
 Parameter: XNCEL -> "84"
 Parameter: Y1 -> "-7.85469042"
 Parameter: Y2 -> "7.6262562"
 Parameter: YNCEL -> "77"
 Parameter: A -> "-1.6"
 Parameter: B -> "-1.4"

 A TOTAL OF    24538   VACUUM POINTS WERE FOUND
 A TOTAL OF     7802 OCCUPIED POINTS WERE FOUND
 A TOTAL OF        0 EXTERNAL POINTS WERE FOUND
 A TOTAL OF    24538 SELECTED POINTS WERE FOUND
 TOTAL OCCUPIED  VOLUME =      12.595096
 TOTAL SELECTED  VOLUME =      39.612724
 TOTAL FREE      VOLUME =      39.612724
 FRACTIONAL FREE VOLUME =      75.875077
  
 CHARMM>     
  
 CHARMM>    calc c = ?volume * @factor
 Parameter: FACTOR -> "5"
 RDCMND substituted energy or value "?VOLUME" to "12.5950962"
Evaluating: 12.5950962*5
 Parameter: C <- "62.975481"
  
 CHARMM>     
  
 CHARMM>    if a .lt. -10 if a .gt. -20 if c .gt. @botarea set botarea = @c
 Parameter: BOTAREA -> "65.542285"
 Parameter: C -> "62.975481"
 Comparing "-1.6" and "-10".
 IF test evaluated as false.  Skipping command
  
 CHARMM>    if a .gt.  10 if a .lt.  20 if c .gt. @toparea set toparea = @c
 Parameter: TOPAREA -> "-1"
 Parameter: C -> "62.975481"
 Comparing "-1.6" and "10".
 IF test evaluated as false.  Skipping command
  
 CHARMM>     
  
 CHARMM>    write title unit 51
 RDTITL> * -1.4  62.975481
 RDTITL> *
  
 CHARMM>     
  
 CHARMM>    incr a by @dcel
 Parameter: DCEL -> "0.2"
 Parameter: A <- "-1.4"
  
 CHARMM>    incr b by @dcel
 Parameter: DCEL -> "0.2"
 Parameter: B <- "-1.2"
  
 CHARMM>    if b le ?ZMAX goto DOAREA
 RDCMND substituted energy or value "?ZMAX" to "11.3324505"
 Comparing "-1.2" and "11.3324505".
 IF test evaluated as true.  Performing command
  
 CHARMM>     
  
 CHARMM>    ! Cross sectional protein area with whole atom.
 CHARMM>    scalar wmain = radius
  
 CHARMM>    scalar wmain mult 2.5   sele resname TIP3 end
 SELRPN>      0 atoms have been selected out of    112
  
 CHARMM>    scalar wmain add  1.529 sele .not. resname TIP3 end
 SELRPN>    112 atoms have been selected out of    112
  
 CHARMM>    scalar wmain mult 0.85  sele .not. resname TIP3 end
 SELRPN>    112 atoms have been selected out of    112
  
 CHARMM>    calc zab = ( @a + @b ) / 2.0
 Parameter: A -> "-1.4"
 Parameter: B -> "-1.2"
Evaluating: (-1.4+-1.2)/2.0
 Parameter: ZAB <- "-1.3"
  
 CHARMM>     
  
 CHARMM>    coor search -
 CHARMM>         xmin @x1  xmax @x2  xgrip @xncel -
 CHARMM>         ymin @y1  ymax @y2  ygrip @yncel -
 CHARMM>         zmin @a   zmax @b   zgrip 5
 Parameter: X1 -> "-7.60718474"
 Parameter: X2 -> "9.25477513"
 Parameter: XNCEL -> "84"
 Parameter: Y1 -> "-7.85469042"
 Parameter: Y2 -> "7.6262562"
 Parameter: YNCEL -> "77"
 Parameter: A -> "-1.4"
 Parameter: B -> "-1.2"

 A TOTAL OF    24388   VACUUM POINTS WERE FOUND
 A TOTAL OF     7952 OCCUPIED POINTS WERE FOUND
 A TOTAL OF        0 EXTERNAL POINTS WERE FOUND
 A TOTAL OF    24388 SELECTED POINTS WERE FOUND
 TOTAL OCCUPIED  VOLUME =      12.837248
 TOTAL SELECTED  VOLUME =      39.370573
 TOTAL FREE      VOLUME =      39.370573
 FRACTIONAL FREE VOLUME =      75.411255
  
 CHARMM>     
  
 CHARMM>    calc c = ?volume * @factor
 Parameter: FACTOR -> "5"
 RDCMND substituted energy or value "?VOLUME" to "12.8372475"
Evaluating: 12.8372475*5
 Parameter: C <- "64.1862375"
  
 CHARMM>     
  
 CHARMM>    if a .lt. -10 if a .gt. -20 if c .gt. @botarea set botarea = @c
 Parameter: BOTAREA -> "65.542285"
 Parameter: C -> "64.1862375"
 Comparing "-1.4" and "-10".
 IF test evaluated as false.  Skipping command
  
 CHARMM>    if a .gt.  10 if a .lt.  20 if c .gt. @toparea set toparea = @c
 Parameter: TOPAREA -> "-1"
 Parameter: C -> "64.1862375"
 Comparing "-1.4" and "10".
 IF test evaluated as false.  Skipping command
  
 CHARMM>     
  
 CHARMM>    write title unit 51
 RDTITL> * -1.2  64.1862375
 RDTITL> *
  
 CHARMM>     
  
 CHARMM>    incr a by @dcel
 Parameter: DCEL -> "0.2"
 Parameter: A <- "-1.2"
  
 CHARMM>    incr b by @dcel
 Parameter: DCEL -> "0.2"
 Parameter: B <- "-1"
  
 CHARMM>    if b le ?ZMAX goto DOAREA
 RDCMND substituted energy or value "?ZMAX" to "11.3324505"
 Comparing "-1" and "11.3324505".
 IF test evaluated as true.  Performing command
  
 CHARMM>     
  
 CHARMM>    ! Cross sectional protein area with whole atom.
 CHARMM>    scalar wmain = radius
  
 CHARMM>    scalar wmain mult 2.5   sele resname TIP3 end
 SELRPN>      0 atoms have been selected out of    112
  
 CHARMM>    scalar wmain add  1.529 sele .not. resname TIP3 end
 SELRPN>    112 atoms have been selected out of    112
  
 CHARMM>    scalar wmain mult 0.85  sele .not. resname TIP3 end
 SELRPN>    112 atoms have been selected out of    112
  
 CHARMM>    calc zab = ( @a + @b ) / 2.0
 Parameter: A -> "-1.2"
 Parameter: B -> "-1"
Evaluating: (-1.2+-1)/2.0
 Parameter: ZAB <- "-1.1"
  
 CHARMM>     
  
 CHARMM>    coor search -
 CHARMM>         xmin @x1  xmax @x2  xgrip @xncel -
 CHARMM>         ymin @y1  ymax @y2  ygrip @yncel -
 CHARMM>         zmin @a   zmax @b   zgrip 5
 Parameter: X1 -> "-7.60718474"
 Parameter: X2 -> "9.25477513"
 Parameter: XNCEL -> "84"
 Parameter: Y1 -> "-7.85469042"
 Parameter: Y2 -> "7.6262562"
 Parameter: YNCEL -> "77"
 Parameter: A -> "-1.2"
 Parameter: B -> "-1"

 A TOTAL OF    24232   VACUUM POINTS WERE FOUND
 A TOTAL OF     8108 OCCUPIED POINTS WERE FOUND
 A TOTAL OF        0 EXTERNAL POINTS WERE FOUND
 A TOTAL OF    24232 SELECTED POINTS WERE FOUND
 TOTAL OCCUPIED  VOLUME =      13.089085
 TOTAL SELECTED  VOLUME =      39.118735
 TOTAL FREE      VOLUME =      39.118735
 FRACTIONAL FREE VOLUME =      74.928881
  
 CHARMM>     
  
 CHARMM>    calc c = ?volume * @factor
 Parameter: FACTOR -> "5"
 RDCMND substituted energy or value "?VOLUME" to "13.0890849"
Evaluating: 13.0890849*5
 Parameter: C <- "65.4454245"
  
 CHARMM>     
  
 CHARMM>    if a .lt. -10 if a .gt. -20 if c .gt. @botarea set botarea = @c
 Parameter: BOTAREA -> "65.542285"
 Parameter: C -> "65.4454245"
 Comparing "-1.2" and "-10".
 IF test evaluated as false.  Skipping command
  
 CHARMM>    if a .gt.  10 if a .lt.  20 if c .gt. @toparea set toparea = @c
 Parameter: TOPAREA -> "-1"
 Parameter: C -> "65.4454245"
 Comparing "-1.2" and "10".
 IF test evaluated as false.  Skipping command
  
 CHARMM>     
  
 CHARMM>    write title unit 51
 RDTITL> * -1  65.4454245
 RDTITL> *
  
 CHARMM>     
  
 CHARMM>    incr a by @dcel
 Parameter: DCEL -> "0.2"
 Parameter: A <- "-1"
  
 CHARMM>    incr b by @dcel
 Parameter: DCEL -> "0.2"
 Parameter: B <- "-0.8"
  
 CHARMM>    if b le ?ZMAX goto DOAREA
 RDCMND substituted energy or value "?ZMAX" to "11.3324505"
 Comparing "-0.8" and "11.3324505".
 IF test evaluated as true.  Performing command
  
 CHARMM>     
  
 CHARMM>    ! Cross sectional protein area with whole atom.
 CHARMM>    scalar wmain = radius
  
 CHARMM>    scalar wmain mult 2.5   sele resname TIP3 end
 SELRPN>      0 atoms have been selected out of    112
  
 CHARMM>    scalar wmain add  1.529 sele .not. resname TIP3 end
 SELRPN>    112 atoms have been selected out of    112
  
 CHARMM>    scalar wmain mult 0.85  sele .not. resname TIP3 end
 SELRPN>    112 atoms have been selected out of    112
  
 CHARMM>    calc zab = ( @a + @b ) / 2.0
 Parameter: A -> "-1"
 Parameter: B -> "-0.8"
Evaluating: (-1+-0.8)/2.0
 Parameter: ZAB <- "-0.9"
  
 CHARMM>     
  
 CHARMM>    coor search -
 CHARMM>         xmin @x1  xmax @x2  xgrip @xncel -
 CHARMM>         ymin @y1  ymax @y2  ygrip @yncel -
 CHARMM>         zmin @a   zmax @b   zgrip 5
 Parameter: X1 -> "-7.60718474"
 Parameter: X2 -> "9.25477513"
 Parameter: XNCEL -> "84"
 Parameter: Y1 -> "-7.85469042"
 Parameter: Y2 -> "7.6262562"
 Parameter: YNCEL -> "77"
 Parameter: A -> "-1"
 Parameter: B -> "-0.8"

 A TOTAL OF    24144   VACUUM POINTS WERE FOUND
 A TOTAL OF     8196 OCCUPIED POINTS WERE FOUND
 A TOTAL OF        0 EXTERNAL POINTS WERE FOUND
 A TOTAL OF    24144 SELECTED POINTS WERE FOUND
 TOTAL OCCUPIED  VOLUME =      13.231147
 TOTAL SELECTED  VOLUME =      38.976673
 TOTAL FREE      VOLUME =      38.976673
 FRACTIONAL FREE VOLUME =      74.656772
  
 CHARMM>     
  
 CHARMM>    calc c = ?volume * @factor
 Parameter: FACTOR -> "5"
 RDCMND substituted energy or value "?VOLUME" to "13.231147"
Evaluating: 13.231147*5
 Parameter: C <- "66.155735"
  
 CHARMM>     
  
 CHARMM>    if a .lt. -10 if a .gt. -20 if c .gt. @botarea set botarea = @c
 Parameter: BOTAREA -> "65.542285"
 Parameter: C -> "66.155735"
 Comparing "-1" and "-10".
 IF test evaluated as false.  Skipping command
  
 CHARMM>    if a .gt.  10 if a .lt.  20 if c .gt. @toparea set toparea = @c
 Parameter: TOPAREA -> "-1"
 Parameter: C -> "66.155735"
 Comparing "-1" and "10".
 IF test evaluated as false.  Skipping command
  
 CHARMM>     
  
 CHARMM>    write title unit 51
 RDTITL> * -0.8  66.155735
 RDTITL> *
  
 CHARMM>     
  
 CHARMM>    incr a by @dcel
 Parameter: DCEL -> "0.2"
 Parameter: A <- "-0.8"
  
 CHARMM>    incr b by @dcel
 Parameter: DCEL -> "0.2"
 Parameter: B <- "-0.6"
  
 CHARMM>    if b le ?ZMAX goto DOAREA
 RDCMND substituted energy or value "?ZMAX" to "11.3324505"
 Comparing "-0.6" and "11.3324505".
 IF test evaluated as true.  Performing command
  
 CHARMM>     
  
 CHARMM>    ! Cross sectional protein area with whole atom.
 CHARMM>    scalar wmain = radius
  
 CHARMM>    scalar wmain mult 2.5   sele resname TIP3 end
 SELRPN>      0 atoms have been selected out of    112
  
 CHARMM>    scalar wmain add  1.529 sele .not. resname TIP3 end
 SELRPN>    112 atoms have been selected out of    112
  
 CHARMM>    scalar wmain mult 0.85  sele .not. resname TIP3 end
 SELRPN>    112 atoms have been selected out of    112
  
 CHARMM>    calc zab = ( @a + @b ) / 2.0
 Parameter: A -> "-0.8"
 Parameter: B -> "-0.6"
Evaluating: (-0.8+-0.6)/2.0
 Parameter: ZAB <- "-0.7"
  
 CHARMM>     
  
 CHARMM>    coor search -
 CHARMM>         xmin @x1  xmax @x2  xgrip @xncel -
 CHARMM>         ymin @y1  ymax @y2  ygrip @yncel -
 CHARMM>         zmin @a   zmax @b   zgrip 5
 Parameter: X1 -> "-7.60718474"
 Parameter: X2 -> "9.25477513"
 Parameter: XNCEL -> "84"
 Parameter: Y1 -> "-7.85469042"
 Parameter: Y2 -> "7.6262562"
 Parameter: YNCEL -> "77"
 Parameter: A -> "-0.8"
 Parameter: B -> "-0.6"

 A TOTAL OF    24058   VACUUM POINTS WERE FOUND
 A TOTAL OF     8282 OCCUPIED POINTS WERE FOUND
 A TOTAL OF        0 EXTERNAL POINTS WERE FOUND
 A TOTAL OF    24058 SELECTED POINTS WERE FOUND
 TOTAL OCCUPIED  VOLUME =      13.369980
 TOTAL SELECTED  VOLUME =      38.837840
 TOTAL FREE      VOLUME =      38.837840
 FRACTIONAL FREE VOLUME =      74.390847
  
 CHARMM>     
  
 CHARMM>    calc c = ?volume * @factor
 Parameter: FACTOR -> "5"
 RDCMND substituted energy or value "?VOLUME" to "13.3699804"
Evaluating: 13.3699804*5
 Parameter: C <- "66.849902"
  
 CHARMM>     
  
 CHARMM>    if a .lt. -10 if a .gt. -20 if c .gt. @botarea set botarea = @c
 Parameter: BOTAREA -> "65.542285"
 Parameter: C -> "66.849902"
 Comparing "-0.8" and "-10".
 IF test evaluated as false.  Skipping command
  
 CHARMM>    if a .gt.  10 if a .lt.  20 if c .gt. @toparea set toparea = @c
 Parameter: TOPAREA -> "-1"
 Parameter: C -> "66.849902"
 Comparing "-0.8" and "10".
 IF test evaluated as false.  Skipping command
  
 CHARMM>     
  
 CHARMM>    write title unit 51
 RDTITL> * -0.6  66.849902
 RDTITL> *
  
 CHARMM>     
  
 CHARMM>    incr a by @dcel
 Parameter: DCEL -> "0.2"
 Parameter: A <- "-0.6"
  
 CHARMM>    incr b by @dcel
 Parameter: DCEL -> "0.2"
 Parameter: B <- "-0.4"
  
 CHARMM>    if b le ?ZMAX goto DOAREA
 RDCMND substituted energy or value "?ZMAX" to "11.3324505"
 Comparing "-0.4" and "11.3324505".
 IF test evaluated as true.  Performing command
  
 CHARMM>     
  
 CHARMM>    ! Cross sectional protein area with whole atom.
 CHARMM>    scalar wmain = radius
  
 CHARMM>    scalar wmain mult 2.5   sele resname TIP3 end
 SELRPN>      0 atoms have been selected out of    112
  
 CHARMM>    scalar wmain add  1.529 sele .not. resname TIP3 end
 SELRPN>    112 atoms have been selected out of    112
  
 CHARMM>    scalar wmain mult 0.85  sele .not. resname TIP3 end
 SELRPN>    112 atoms have been selected out of    112
  
 CHARMM>    calc zab = ( @a + @b ) / 2.0
 Parameter: A -> "-0.6"
 Parameter: B -> "-0.4"
Evaluating: (-0.6+-0.4)/2.0
 Parameter: ZAB <- "-0.5"
  
 CHARMM>     
  
 CHARMM>    coor search -
 CHARMM>         xmin @x1  xmax @x2  xgrip @xncel -
 CHARMM>         ymin @y1  ymax @y2  ygrip @yncel -
 CHARMM>         zmin @a   zmax @b   zgrip 5
 Parameter: X1 -> "-7.60718474"
 Parameter: X2 -> "9.25477513"
 Parameter: XNCEL -> "84"
 Parameter: Y1 -> "-7.85469042"
 Parameter: Y2 -> "7.6262562"
 Parameter: YNCEL -> "77"
 Parameter: A -> "-0.6"
 Parameter: B -> "-0.4"

 A TOTAL OF    24011   VACUUM POINTS WERE FOUND
 A TOTAL OF     8329 OCCUPIED POINTS WERE FOUND
 A TOTAL OF        0 EXTERNAL POINTS WERE FOUND
 A TOTAL OF    24011 SELECTED POINTS WERE FOUND
 TOTAL OCCUPIED  VOLUME =      13.445854
 TOTAL SELECTED  VOLUME =      38.761966
 TOTAL FREE      VOLUME =      38.761966
 FRACTIONAL FREE VOLUME =      74.245516
  
 CHARMM>     
  
 CHARMM>    calc c = ?volume * @factor
 Parameter: FACTOR -> "5"
 RDCMND substituted energy or value "?VOLUME" to "13.4458545"
Evaluating: 13.4458545*5
 Parameter: C <- "67.2292725"
  
 CHARMM>     
  
 CHARMM>    if a .lt. -10 if a .gt. -20 if c .gt. @botarea set botarea = @c
 Parameter: BOTAREA -> "65.542285"
 Parameter: C -> "67.2292725"
 Comparing "-0.6" and "-10".
 IF test evaluated as false.  Skipping command
  
 CHARMM>    if a .gt.  10 if a .lt.  20 if c .gt. @toparea set toparea = @c
 Parameter: TOPAREA -> "-1"
 Parameter: C -> "67.2292725"
 Comparing "-0.6" and "10".
 IF test evaluated as false.  Skipping command
  
 CHARMM>     
  
 CHARMM>    write title unit 51
 RDTITL> * -0.4  67.2292725
 RDTITL> *
  
 CHARMM>     
  
 CHARMM>    incr a by @dcel
 Parameter: DCEL -> "0.2"
 Parameter: A <- "-0.4"
  
 CHARMM>    incr b by @dcel
 Parameter: DCEL -> "0.2"
 Parameter: B <- "-0.2"
  
 CHARMM>    if b le ?ZMAX goto DOAREA
 RDCMND substituted energy or value "?ZMAX" to "11.3324505"
 Comparing "-0.2" and "11.3324505".
 IF test evaluated as true.  Performing command
  
 CHARMM>     
  
 CHARMM>    ! Cross sectional protein area with whole atom.
 CHARMM>    scalar wmain = radius
  
 CHARMM>    scalar wmain mult 2.5   sele resname TIP3 end
 SELRPN>      0 atoms have been selected out of    112
  
 CHARMM>    scalar wmain add  1.529 sele .not. resname TIP3 end
 SELRPN>    112 atoms have been selected out of    112
  
 CHARMM>    scalar wmain mult 0.85  sele .not. resname TIP3 end
 SELRPN>    112 atoms have been selected out of    112
  
 CHARMM>    calc zab = ( @a + @b ) / 2.0
 Parameter: A -> "-0.4"
 Parameter: B -> "-0.2"
Evaluating: (-0.4+-0.2)/2.0
 Parameter: ZAB <- "-0.3"
  
 CHARMM>     
  
 CHARMM>    coor search -
 CHARMM>         xmin @x1  xmax @x2  xgrip @xncel -
 CHARMM>         ymin @y1  ymax @y2  ygrip @yncel -
 CHARMM>         zmin @a   zmax @b   zgrip 5
 Parameter: X1 -> "-7.60718474"
 Parameter: X2 -> "9.25477513"
 Parameter: XNCEL -> "84"
 Parameter: Y1 -> "-7.85469042"
 Parameter: Y2 -> "7.6262562"
 Parameter: YNCEL -> "77"
 Parameter: A -> "-0.4"
 Parameter: B -> "-0.2"

 A TOTAL OF    23927   VACUUM POINTS WERE FOUND
 A TOTAL OF     8413 OCCUPIED POINTS WERE FOUND
 A TOTAL OF        0 EXTERNAL POINTS WERE FOUND
 A TOTAL OF    23927 SELECTED POINTS WERE FOUND
 TOTAL OCCUPIED  VOLUME =      13.581459
 TOTAL SELECTED  VOLUME =      38.626361
 TOTAL FREE      VOLUME =      38.626361
 FRACTIONAL FREE VOLUME =      73.985776
  
 CHARMM>     
  
 CHARMM>    calc c = ?volume * @factor
 Parameter: FACTOR -> "5"
 RDCMND substituted energy or value "?VOLUME" to "13.5814592"
Evaluating: 13.5814592*5
 Parameter: C <- "67.907296"
  
 CHARMM>     
  
 CHARMM>    if a .lt. -10 if a .gt. -20 if c .gt. @botarea set botarea = @c
 Parameter: BOTAREA -> "65.542285"
 Parameter: C -> "67.907296"
 Comparing "-0.4" and "-10".
 IF test evaluated as false.  Skipping command
  
 CHARMM>    if a .gt.  10 if a .lt.  20 if c .gt. @toparea set toparea = @c
 Parameter: TOPAREA -> "-1"
 Parameter: C -> "67.907296"
 Comparing "-0.4" and "10".
 IF test evaluated as false.  Skipping command
  
 CHARMM>     
  
 CHARMM>    write title unit 51
 RDTITL> * -0.2  67.907296
 RDTITL> *
  
 CHARMM>     
  
 CHARMM>    incr a by @dcel
 Parameter: DCEL -> "0.2"
 Parameter: A <- "-0.2"
  
 CHARMM>    incr b by @dcel
 Parameter: DCEL -> "0.2"
 Parameter: B <- "0"
  
 CHARMM>    if b le ?ZMAX goto DOAREA
 RDCMND substituted energy or value "?ZMAX" to "11.3324505"
 Comparing "0" and "11.3324505".
 IF test evaluated as true.  Performing command
  
 CHARMM>     
  
 CHARMM>    ! Cross sectional protein area with whole atom.
 CHARMM>    scalar wmain = radius
  
 CHARMM>    scalar wmain mult 2.5   sele resname TIP3 end
 SELRPN>      0 atoms have been selected out of    112
  
 CHARMM>    scalar wmain add  1.529 sele .not. resname TIP3 end
 SELRPN>    112 atoms have been selected out of    112
  
 CHARMM>    scalar wmain mult 0.85  sele .not. resname TIP3 end
 SELRPN>    112 atoms have been selected out of    112
  
 CHARMM>    calc zab = ( @a + @b ) / 2.0
 Parameter: A -> "-0.2"
 Parameter: B -> "0"
Evaluating: (-0.2+0)/2.0
 Parameter: ZAB <- "-0.1"
  
 CHARMM>     
  
 CHARMM>    coor search -
 CHARMM>         xmin @x1  xmax @x2  xgrip @xncel -
 CHARMM>         ymin @y1  ymax @y2  ygrip @yncel -
 CHARMM>         zmin @a   zmax @b   zgrip 5
 Parameter: X1 -> "-7.60718474"
 Parameter: X2 -> "9.25477513"
 Parameter: XNCEL -> "84"
 Parameter: Y1 -> "-7.85469042"
 Parameter: Y2 -> "7.6262562"
 Parameter: YNCEL -> "77"
 Parameter: A -> "-0.2"
 Parameter: B -> "0"

 A TOTAL OF    23825   VACUUM POINTS WERE FOUND
 A TOTAL OF     8515 OCCUPIED POINTS WERE FOUND
 A TOTAL OF        0 EXTERNAL POINTS WERE FOUND
 A TOTAL OF    23825 SELECTED POINTS WERE FOUND
 TOTAL OCCUPIED  VOLUME =      13.746122
 TOTAL SELECTED  VOLUME =      38.461698
 TOTAL FREE      VOLUME =      38.461698
 FRACTIONAL FREE VOLUME =      73.670377
  
 CHARMM>     
  
 CHARMM>    calc c = ?volume * @factor
 Parameter: FACTOR -> "5"
 RDCMND substituted energy or value "?VOLUME" to "13.7461221"
Evaluating: 13.7461221*5
 Parameter: C <- "68.7306105"
  
 CHARMM>     
  
 CHARMM>    if a .lt. -10 if a .gt. -20 if c .gt. @botarea set botarea = @c
 Parameter: BOTAREA -> "65.542285"
 Parameter: C -> "68.7306105"
 Comparing "-0.2" and "-10".
 IF test evaluated as false.  Skipping command
  
 CHARMM>    if a .gt.  10 if a .lt.  20 if c .gt. @toparea set toparea = @c
 Parameter: TOPAREA -> "-1"
 Parameter: C -> "68.7306105"
 Comparing "-0.2" and "10".
 IF test evaluated as false.  Skipping command
  
 CHARMM>     
  
 CHARMM>    write title unit 51
 RDTITL> * 0  68.7306105
 RDTITL> *
  
 CHARMM>     
  
 CHARMM>    incr a by @dcel
 Parameter: DCEL -> "0.2"
 Parameter: A <- "0"
  
 CHARMM>    incr b by @dcel
 Parameter: DCEL -> "0.2"
 Parameter: B <- "0.2"
  
 CHARMM>    if b le ?ZMAX goto DOAREA
 RDCMND substituted energy or value "?ZMAX" to "11.3324505"
 Comparing "0.2" and "11.3324505".
 IF test evaluated as true.  Performing command
  
 CHARMM>     
  
 CHARMM>    ! Cross sectional protein area with whole atom.
 CHARMM>    scalar wmain = radius
  
 CHARMM>    scalar wmain mult 2.5   sele resname TIP3 end
 SELRPN>      0 atoms have been selected out of    112
  
 CHARMM>    scalar wmain add  1.529 sele .not. resname TIP3 end
 SELRPN>    112 atoms have been selected out of    112
  
 CHARMM>    scalar wmain mult 0.85  sele .not. resname TIP3 end
 SELRPN>    112 atoms have been selected out of    112
  
 CHARMM>    calc zab = ( @a + @b ) / 2.0
 Parameter: A -> "0"
 Parameter: B -> "0.2"
Evaluating: (0+0.2)/2.0
 Parameter: ZAB <- "0.1"
  
 CHARMM>     
  
 CHARMM>    coor search -
 CHARMM>         xmin @x1  xmax @x2  xgrip @xncel -
 CHARMM>         ymin @y1  ymax @y2  ygrip @yncel -
 CHARMM>         zmin @a   zmax @b   zgrip 5
 Parameter: X1 -> "-7.60718474"
 Parameter: X2 -> "9.25477513"
 Parameter: XNCEL -> "84"
 Parameter: Y1 -> "-7.85469042"
 Parameter: Y2 -> "7.6262562"
 Parameter: YNCEL -> "77"
 Parameter: A -> "0"
 Parameter: B -> "0.2"

 A TOTAL OF    23644   VACUUM POINTS WERE FOUND
 A TOTAL OF     8696 OCCUPIED POINTS WERE FOUND
 A TOTAL OF        0 EXTERNAL POINTS WERE FOUND
 A TOTAL OF    23644 SELECTED POINTS WERE FOUND
 TOTAL OCCUPIED  VOLUME =      14.038318
 TOTAL SELECTED  VOLUME =      38.169502
 TOTAL FREE      VOLUME =      38.169502
 FRACTIONAL FREE VOLUME =      73.110699
  
 CHARMM>     
  
 CHARMM>    calc c = ?volume * @factor
 Parameter: FACTOR -> "5"
 RDCMND substituted energy or value "?VOLUME" to "14.038318"
Evaluating: 14.038318*5
 Parameter: C <- "70.19159"
  
 CHARMM>     
  
 CHARMM>    if a .lt. -10 if a .gt. -20 if c .gt. @botarea set botarea = @c
 Parameter: BOTAREA -> "65.542285"
 Parameter: C -> "70.19159"
 Comparing "0" and "-10".
 IF test evaluated as false.  Skipping command
  
 CHARMM>    if a .gt.  10 if a .lt.  20 if c .gt. @toparea set toparea = @c
 Parameter: TOPAREA -> "-1"
 Parameter: C -> "70.19159"
 Comparing "0" and "10".
 IF test evaluated as false.  Skipping command
  
 CHARMM>     
  
 CHARMM>    write title unit 51
 RDTITL> * 0.2  70.19159
 RDTITL> *
  
 CHARMM>     
  
 CHARMM>    incr a by @dcel
 Parameter: DCEL -> "0.2"
 Parameter: A <- "0.2"
  
 CHARMM>    incr b by @dcel
 Parameter: DCEL -> "0.2"
 Parameter: B <- "0.4"
  
 CHARMM>    if b le ?ZMAX goto DOAREA
 RDCMND substituted energy or value "?ZMAX" to "11.3324505"
 Comparing "0.4" and "11.3324505".
 IF test evaluated as true.  Performing command
  
 CHARMM>     
  
 CHARMM>    ! Cross sectional protein area with whole atom.
 CHARMM>    scalar wmain = radius
  
 CHARMM>    scalar wmain mult 2.5   sele resname TIP3 end
 SELRPN>      0 atoms have been selected out of    112
  
 CHARMM>    scalar wmain add  1.529 sele .not. resname TIP3 end
 SELRPN>    112 atoms have been selected out of    112
  
 CHARMM>    scalar wmain mult 0.85  sele .not. resname TIP3 end
 SELRPN>    112 atoms have been selected out of    112
  
 CHARMM>    calc zab = ( @a + @b ) / 2.0
 Parameter: A -> "0.2"
 Parameter: B -> "0.4"
Evaluating: (0.2+0.4)/2.0
 Parameter: ZAB <- "0.3"
  
 CHARMM>     
  
 CHARMM>    coor search -
 CHARMM>         xmin @x1  xmax @x2  xgrip @xncel -
 CHARMM>         ymin @y1  ymax @y2  ygrip @yncel -
 CHARMM>         zmin @a   zmax @b   zgrip 5
 Parameter: X1 -> "-7.60718474"
 Parameter: X2 -> "9.25477513"
 Parameter: XNCEL -> "84"
 Parameter: Y1 -> "-7.85469042"
 Parameter: Y2 -> "7.6262562"
 Parameter: YNCEL -> "77"
 Parameter: A -> "0.2"
 Parameter: B -> "0.4"

 A TOTAL OF    23463   VACUUM POINTS WERE FOUND
 A TOTAL OF     8877 OCCUPIED POINTS WERE FOUND
 A TOTAL OF        0 EXTERNAL POINTS WERE FOUND
 A TOTAL OF    23463 SELECTED POINTS WERE FOUND
 TOTAL OCCUPIED  VOLUME =      14.330514
 TOTAL SELECTED  VOLUME =      37.877306
 TOTAL FREE      VOLUME =      37.877306
 FRACTIONAL FREE VOLUME =      72.551020
  
 CHARMM>     
  
 CHARMM>    calc c = ?volume * @factor
 Parameter: FACTOR -> "5"
 RDCMND substituted energy or value "?VOLUME" to "14.3305139"
Evaluating: 14.3305139*5
 Parameter: C <- "71.6525695"
  
 CHARMM>     
  
 CHARMM>    if a .lt. -10 if a .gt. -20 if c .gt. @botarea set botarea = @c
 Parameter: BOTAREA -> "65.542285"
 Parameter: C -> "71.6525695"
 Comparing "0.2" and "-10".
 IF test evaluated as false.  Skipping command
  
 CHARMM>    if a .gt.  10 if a .lt.  20 if c .gt. @toparea set toparea = @c
 Parameter: TOPAREA -> "-1"
 Parameter: C -> "71.6525695"
 Comparing "0.2" and "10".
 IF test evaluated as false.  Skipping command
  
 CHARMM>     
  
 CHARMM>    write title unit 51
 RDTITL> * 0.4  71.6525695
 RDTITL> *
  
 CHARMM>     
  
 CHARMM>    incr a by @dcel
 Parameter: DCEL -> "0.2"
 Parameter: A <- "0.4"
  
 CHARMM>    incr b by @dcel
 Parameter: DCEL -> "0.2"
 Parameter: B <- "0.6"
  
 CHARMM>    if b le ?ZMAX goto DOAREA
 RDCMND substituted energy or value "?ZMAX" to "11.3324505"
 Comparing "0.6" and "11.3324505".
 IF test evaluated as true.  Performing command
  
 CHARMM>     
  
 CHARMM>    ! Cross sectional protein area with whole atom.
 CHARMM>    scalar wmain = radius
  
 CHARMM>    scalar wmain mult 2.5   sele resname TIP3 end
 SELRPN>      0 atoms have been selected out of    112
  
 CHARMM>    scalar wmain add  1.529 sele .not. resname TIP3 end
 SELRPN>    112 atoms have been selected out of    112
  
 CHARMM>    scalar wmain mult 0.85  sele .not. resname TIP3 end
 SELRPN>    112 atoms have been selected out of    112
  
 CHARMM>    calc zab = ( @a + @b ) / 2.0
 Parameter: A -> "0.4"
 Parameter: B -> "0.6"
Evaluating: (0.4+0.6)/2.0
 Parameter: ZAB <- "0.5"
  
 CHARMM>     
  
 CHARMM>    coor search -
 CHARMM>         xmin @x1  xmax @x2  xgrip @xncel -
 CHARMM>         ymin @y1  ymax @y2  ygrip @yncel -
 CHARMM>         zmin @a   zmax @b   zgrip 5
 Parameter: X1 -> "-7.60718474"
 Parameter: X2 -> "9.25477513"
 Parameter: XNCEL -> "84"
 Parameter: Y1 -> "-7.85469042"
 Parameter: Y2 -> "7.6262562"
 Parameter: YNCEL -> "77"
 Parameter: A -> "0.4"
 Parameter: B -> "0.6"

 A TOTAL OF    23314   VACUUM POINTS WERE FOUND
 A TOTAL OF     9026 OCCUPIED POINTS WERE FOUND
 A TOTAL OF        0 EXTERNAL POINTS WERE FOUND
 A TOTAL OF    23314 SELECTED POINTS WERE FOUND
 TOTAL OCCUPIED  VOLUME =      14.571051
 TOTAL SELECTED  VOLUME =      37.636769
 TOTAL FREE      VOLUME =      37.636769
 FRACTIONAL FREE VOLUME =      72.090291
  
 CHARMM>     
  
 CHARMM>    calc c = ?volume * @factor
 Parameter: FACTOR -> "5"
 RDCMND substituted energy or value "?VOLUME" to "14.5710509"
Evaluating: 14.5710509*5
 Parameter: C <- "72.8552545"
  
 CHARMM>     
  
 CHARMM>    if a .lt. -10 if a .gt. -20 if c .gt. @botarea set botarea = @c
 Parameter: BOTAREA -> "65.542285"
 Parameter: C -> "72.8552545"
 Comparing "0.4" and "-10".
 IF test evaluated as false.  Skipping command
  
 CHARMM>    if a .gt.  10 if a .lt.  20 if c .gt. @toparea set toparea = @c
 Parameter: TOPAREA -> "-1"
 Parameter: C -> "72.8552545"
 Comparing "0.4" and "10".
 IF test evaluated as false.  Skipping command
  
 CHARMM>     
  
 CHARMM>    write title unit 51
 RDTITL> * 0.6  72.8552545
 RDTITL> *
  
 CHARMM>     
  
 CHARMM>    incr a by @dcel
 Parameter: DCEL -> "0.2"
 Parameter: A <- "0.6"
  
 CHARMM>    incr b by @dcel
 Parameter: DCEL -> "0.2"
 Parameter: B <- "0.8"
  
 CHARMM>    if b le ?ZMAX goto DOAREA
 RDCMND substituted energy or value "?ZMAX" to "11.3324505"
 Comparing "0.8" and "11.3324505".
 IF test evaluated as true.  Performing command
  
 CHARMM>     
  
 CHARMM>    ! Cross sectional protein area with whole atom.
 CHARMM>    scalar wmain = radius
  
 CHARMM>    scalar wmain mult 2.5   sele resname TIP3 end
 SELRPN>      0 atoms have been selected out of    112
  
 CHARMM>    scalar wmain add  1.529 sele .not. resname TIP3 end
 SELRPN>    112 atoms have been selected out of    112
  
 CHARMM>    scalar wmain mult 0.85  sele .not. resname TIP3 end
 SELRPN>    112 atoms have been selected out of    112
  
 CHARMM>    calc zab = ( @a + @b ) / 2.0
 Parameter: A -> "0.6"
 Parameter: B -> "0.8"
Evaluating: (0.6+0.8)/2.0
 Parameter: ZAB <- "0.7"
  
 CHARMM>     
  
 CHARMM>    coor search -
 CHARMM>         xmin @x1  xmax @x2  xgrip @xncel -
 CHARMM>         ymin @y1  ymax @y2  ygrip @yncel -
 CHARMM>         zmin @a   zmax @b   zgrip 5
 Parameter: X1 -> "-7.60718474"
 Parameter: X2 -> "9.25477513"
 Parameter: XNCEL -> "84"
 Parameter: Y1 -> "-7.85469042"
 Parameter: Y2 -> "7.6262562"
 Parameter: YNCEL -> "77"
 Parameter: A -> "0.6"
 Parameter: B -> "0.8"

 A TOTAL OF    23163   VACUUM POINTS WERE FOUND
 A TOTAL OF     9177 OCCUPIED POINTS WERE FOUND
 A TOTAL OF        0 EXTERNAL POINTS WERE FOUND
 A TOTAL OF    23163 SELECTED POINTS WERE FOUND
 TOTAL OCCUPIED  VOLUME =      14.814816
 TOTAL SELECTED  VOLUME =      37.393004
 TOTAL FREE      VOLUME =      37.393004
 FRACTIONAL FREE VOLUME =      71.623377
  
 CHARMM>     
  
 CHARMM>    calc c = ?volume * @factor
 Parameter: FACTOR -> "5"
 RDCMND substituted energy or value "?VOLUME" to "14.8148165"
Evaluating: 14.8148165*5
 Parameter: C <- "74.0740825"
  
 CHARMM>     
  
 CHARMM>    if a .lt. -10 if a .gt. -20 if c .gt. @botarea set botarea = @c
 Parameter: BOTAREA -> "65.542285"
 Parameter: C -> "74.0740825"
 Comparing "0.6" and "-10".
 IF test evaluated as false.  Skipping command
  
 CHARMM>    if a .gt.  10 if a .lt.  20 if c .gt. @toparea set toparea = @c
 Parameter: TOPAREA -> "-1"
 Parameter: C -> "74.0740825"
 Comparing "0.6" and "10".
 IF test evaluated as false.  Skipping command
  
 CHARMM>     
  
 CHARMM>    write title unit 51
 RDTITL> * 0.8  74.0740825
 RDTITL> *
  
 CHARMM>     
  
 CHARMM>    incr a by @dcel
 Parameter: DCEL -> "0.2"
 Parameter: A <- "0.8"
  
 CHARMM>    incr b by @dcel
 Parameter: DCEL -> "0.2"
 Parameter: B <- "1"
  
 CHARMM>    if b le ?ZMAX goto DOAREA
 RDCMND substituted energy or value "?ZMAX" to "11.3324505"
 Comparing "1" and "11.3324505".
 IF test evaluated as true.  Performing command
  
 CHARMM>     
  
 CHARMM>    ! Cross sectional protein area with whole atom.
 CHARMM>    scalar wmain = radius
  
 CHARMM>    scalar wmain mult 2.5   sele resname TIP3 end
 SELRPN>      0 atoms have been selected out of    112
  
 CHARMM>    scalar wmain add  1.529 sele .not. resname TIP3 end
 SELRPN>    112 atoms have been selected out of    112
  
 CHARMM>    scalar wmain mult 0.85  sele .not. resname TIP3 end
 SELRPN>    112 atoms have been selected out of    112
  
 CHARMM>    calc zab = ( @a + @b ) / 2.0
 Parameter: A -> "0.8"
 Parameter: B -> "1"
Evaluating: (0.8+1)/2.0
 Parameter: ZAB <- "0.9"
  
 CHARMM>     
  
 CHARMM>    coor search -
 CHARMM>         xmin @x1  xmax @x2  xgrip @xncel -
 CHARMM>         ymin @y1  ymax @y2  ygrip @yncel -
 CHARMM>         zmin @a   zmax @b   zgrip 5
 Parameter: X1 -> "-7.60718474"
 Parameter: X2 -> "9.25477513"
 Parameter: XNCEL -> "84"
 Parameter: Y1 -> "-7.85469042"
 Parameter: Y2 -> "7.6262562"
 Parameter: YNCEL -> "77"
 Parameter: A -> "0.8"
 Parameter: B -> "1"

 A TOTAL OF    23027   VACUUM POINTS WERE FOUND
 A TOTAL OF     9313 OCCUPIED POINTS WERE FOUND
 A TOTAL OF        0 EXTERNAL POINTS WERE FOUND
 A TOTAL OF    23027 SELECTED POINTS WERE FOUND
 TOTAL OCCUPIED  VOLUME =      15.034367
 TOTAL SELECTED  VOLUME =      37.173453
 TOTAL FREE      VOLUME =      37.173453
 FRACTIONAL FREE VOLUME =      71.202845
  
 CHARMM>     
  
 CHARMM>    calc c = ?volume * @factor
 Parameter: FACTOR -> "5"
 RDCMND substituted energy or value "?VOLUME" to "15.034367"
Evaluating: 15.034367*5
 Parameter: C <- "75.171835"
  
 CHARMM>     
  
 CHARMM>    if a .lt. -10 if a .gt. -20 if c .gt. @botarea set botarea = @c
 Parameter: BOTAREA -> "65.542285"
 Parameter: C -> "75.171835"
 Comparing "0.8" and "-10".
 IF test evaluated as false.  Skipping command
  
 CHARMM>    if a .gt.  10 if a .lt.  20 if c .gt. @toparea set toparea = @c
 Parameter: TOPAREA -> "-1"
 Parameter: C -> "75.171835"
 Comparing "0.8" and "10".
 IF test evaluated as false.  Skipping command
  
 CHARMM>     
  
 CHARMM>    write title unit 51
 RDTITL> * 1  75.171835
 RDTITL> *
  
 CHARMM>     
  
 CHARMM>    incr a by @dcel
 Parameter: DCEL -> "0.2"
 Parameter: A <- "1"
  
 CHARMM>    incr b by @dcel
 Parameter: DCEL -> "0.2"
 Parameter: B <- "1.2"
  
 CHARMM>    if b le ?ZMAX goto DOAREA
 RDCMND substituted energy or value "?ZMAX" to "11.3324505"
 Comparing "1.2" and "11.3324505".
 IF test evaluated as true.  Performing command
  
 CHARMM>     
  
 CHARMM>    ! Cross sectional protein area with whole atom.
 CHARMM>    scalar wmain = radius
  
 CHARMM>    scalar wmain mult 2.5   sele resname TIP3 end
 SELRPN>      0 atoms have been selected out of    112
  
 CHARMM>    scalar wmain add  1.529 sele .not. resname TIP3 end
 SELRPN>    112 atoms have been selected out of    112
  
 CHARMM>    scalar wmain mult 0.85  sele .not. resname TIP3 end
 SELRPN>    112 atoms have been selected out of    112
  
 CHARMM>    calc zab = ( @a + @b ) / 2.0
 Parameter: A -> "1"
 Parameter: B -> "1.2"
Evaluating: (1+1.2)/2.0
 Parameter: ZAB <- "1.1"
  
 CHARMM>     
  
 CHARMM>    coor search -
 CHARMM>         xmin @x1  xmax @x2  xgrip @xncel -
 CHARMM>         ymin @y1  ymax @y2  ygrip @yncel -
 CHARMM>         zmin @a   zmax @b   zgrip 5
 Parameter: X1 -> "-7.60718474"
 Parameter: X2 -> "9.25477513"
 Parameter: XNCEL -> "84"
 Parameter: Y1 -> "-7.85469042"
 Parameter: Y2 -> "7.6262562"
 Parameter: YNCEL -> "77"
 Parameter: A -> "1"
 Parameter: B -> "1.2"

 A TOTAL OF    22957   VACUUM POINTS WERE FOUND
 A TOTAL OF     9383 OCCUPIED POINTS WERE FOUND
 A TOTAL OF        0 EXTERNAL POINTS WERE FOUND
 A TOTAL OF    22957 SELECTED POINTS WERE FOUND
 TOTAL OCCUPIED  VOLUME =      15.147371
 TOTAL SELECTED  VOLUME =      37.060449
 TOTAL FREE      VOLUME =      37.060449
 FRACTIONAL FREE VOLUME =      70.986395
  
 CHARMM>     
  
 CHARMM>    calc c = ?volume * @factor
 Parameter: FACTOR -> "5"
 RDCMND substituted energy or value "?VOLUME" to "15.1473709"
Evaluating: 15.1473709*5
 Parameter: C <- "75.7368545"
  
 CHARMM>     
  
 CHARMM>    if a .lt. -10 if a .gt. -20 if c .gt. @botarea set botarea = @c
 Parameter: BOTAREA -> "65.542285"
 Parameter: C -> "75.7368545"
 Comparing "1" and "-10".
 IF test evaluated as false.  Skipping command
  
 CHARMM>    if a .gt.  10 if a .lt.  20 if c .gt. @toparea set toparea = @c
 Parameter: TOPAREA -> "-1"
 Parameter: C -> "75.7368545"
 Comparing "1" and "10".
 IF test evaluated as false.  Skipping command
  
 CHARMM>     
  
 CHARMM>    write title unit 51
 RDTITL> * 1.2  75.7368545
 RDTITL> *
  
 CHARMM>     
  
 CHARMM>    incr a by @dcel
 Parameter: DCEL -> "0.2"
 Parameter: A <- "1.2"
  
 CHARMM>    incr b by @dcel
 Parameter: DCEL -> "0.2"
 Parameter: B <- "1.4"
  
 CHARMM>    if b le ?ZMAX goto DOAREA
 RDCMND substituted energy or value "?ZMAX" to "11.3324505"
 Comparing "1.4" and "11.3324505".
 IF test evaluated as true.  Performing command
  
 CHARMM>     
  
 CHARMM>    ! Cross sectional protein area with whole atom.
 CHARMM>    scalar wmain = radius
  
 CHARMM>    scalar wmain mult 2.5   sele resname TIP3 end
 SELRPN>      0 atoms have been selected out of    112
  
 CHARMM>    scalar wmain add  1.529 sele .not. resname TIP3 end
 SELRPN>    112 atoms have been selected out of    112
  
 CHARMM>    scalar wmain mult 0.85  sele .not. resname TIP3 end
 SELRPN>    112 atoms have been selected out of    112
  
 CHARMM>    calc zab = ( @a + @b ) / 2.0
 Parameter: A -> "1.2"
 Parameter: B -> "1.4"
Evaluating: (1.2+1.4)/2.0
 Parameter: ZAB <- "1.3"
  
 CHARMM>     
  
 CHARMM>    coor search -
 CHARMM>         xmin @x1  xmax @x2  xgrip @xncel -
 CHARMM>         ymin @y1  ymax @y2  ygrip @yncel -
 CHARMM>         zmin @a   zmax @b   zgrip 5
 Parameter: X1 -> "-7.60718474"
 Parameter: X2 -> "9.25477513"
 Parameter: XNCEL -> "84"
 Parameter: Y1 -> "-7.85469042"
 Parameter: Y2 -> "7.6262562"
 Parameter: YNCEL -> "77"
 Parameter: A -> "1.2"
 Parameter: B -> "1.4"

 A TOTAL OF    22937   VACUUM POINTS WERE FOUND
 A TOTAL OF     9403 OCCUPIED POINTS WERE FOUND
 A TOTAL OF        0 EXTERNAL POINTS WERE FOUND
 A TOTAL OF    22937 SELECTED POINTS WERE FOUND
 TOTAL OCCUPIED  VOLUME =      15.179658
 TOTAL SELECTED  VOLUME =      37.028162
 TOTAL FREE      VOLUME =      37.028162
 FRACTIONAL FREE VOLUME =      70.924552
  
 CHARMM>     
  
 CHARMM>    calc c = ?volume * @factor
 Parameter: FACTOR -> "5"
 RDCMND substituted energy or value "?VOLUME" to "15.1796578"
Evaluating: 15.1796578*5
 Parameter: C <- "75.898289"
  
 CHARMM>     
  
 CHARMM>    if a .lt. -10 if a .gt. -20 if c .gt. @botarea set botarea = @c
 Parameter: BOTAREA -> "65.542285"
 Parameter: C -> "75.898289"
 Comparing "1.2" and "-10".
 IF test evaluated as false.  Skipping command
  
 CHARMM>    if a .gt.  10 if a .lt.  20 if c .gt. @toparea set toparea = @c
 Parameter: TOPAREA -> "-1"
 Parameter: C -> "75.898289"
 Comparing "1.2" and "10".
 IF test evaluated as false.  Skipping command
  
 CHARMM>     
  
 CHARMM>    write title unit 51
 RDTITL> * 1.4  75.898289
 RDTITL> *
  
 CHARMM>     
  
 CHARMM>    incr a by @dcel
 Parameter: DCEL -> "0.2"
 Parameter: A <- "1.4"
  
 CHARMM>    incr b by @dcel
 Parameter: DCEL -> "0.2"
 Parameter: B <- "1.6"
  
 CHARMM>    if b le ?ZMAX goto DOAREA
 RDCMND substituted energy or value "?ZMAX" to "11.3324505"
 Comparing "1.6" and "11.3324505".
 IF test evaluated as true.  Performing command
  
 CHARMM>     
  
 CHARMM>    ! Cross sectional protein area with whole atom.
 CHARMM>    scalar wmain = radius
  
 CHARMM>    scalar wmain mult 2.5   sele resname TIP3 end
 SELRPN>      0 atoms have been selected out of    112
  
 CHARMM>    scalar wmain add  1.529 sele .not. resname TIP3 end
 SELRPN>    112 atoms have been selected out of    112
  
 CHARMM>    scalar wmain mult 0.85  sele .not. resname TIP3 end
 SELRPN>    112 atoms have been selected out of    112
  
 CHARMM>    calc zab = ( @a + @b ) / 2.0
 Parameter: A -> "1.4"
 Parameter: B -> "1.6"
Evaluating: (1.4+1.6)/2.0
 Parameter: ZAB <- "1.5"
  
 CHARMM>     
  
 CHARMM>    coor search -
 CHARMM>         xmin @x1  xmax @x2  xgrip @xncel -
 CHARMM>         ymin @y1  ymax @y2  ygrip @yncel -
 CHARMM>         zmin @a   zmax @b   zgrip 5
 Parameter: X1 -> "-7.60718474"
 Parameter: X2 -> "9.25477513"
 Parameter: XNCEL -> "84"
 Parameter: Y1 -> "-7.85469042"
 Parameter: Y2 -> "7.6262562"
 Parameter: YNCEL -> "77"
 Parameter: A -> "1.4"
 Parameter: B -> "1.6"

 A TOTAL OF    22895   VACUUM POINTS WERE FOUND
 A TOTAL OF     9445 OCCUPIED POINTS WERE FOUND
 A TOTAL OF        0 EXTERNAL POINTS WERE FOUND
 A TOTAL OF    22895 SELECTED POINTS WERE FOUND
 TOTAL OCCUPIED  VOLUME =      15.247460
 TOTAL SELECTED  VOLUME =      36.960360
 TOTAL FREE      VOLUME =      36.960360
 FRACTIONAL FREE VOLUME =      70.794682
  
 CHARMM>     
  
 CHARMM>    calc c = ?volume * @factor
 Parameter: FACTOR -> "5"
 RDCMND substituted energy or value "?VOLUME" to "15.2474601"
Evaluating: 15.2474601*5
 Parameter: C <- "76.2373005"
  
 CHARMM>     
  
 CHARMM>    if a .lt. -10 if a .gt. -20 if c .gt. @botarea set botarea = @c
 Parameter: BOTAREA -> "65.542285"
 Parameter: C -> "76.2373005"
 Comparing "1.4" and "-10".
 IF test evaluated as false.  Skipping command
  
 CHARMM>    if a .gt.  10 if a .lt.  20 if c .gt. @toparea set toparea = @c
 Parameter: TOPAREA -> "-1"
 Parameter: C -> "76.2373005"
 Comparing "1.4" and "10".
 IF test evaluated as false.  Skipping command
  
 CHARMM>     
  
 CHARMM>    write title unit 51
 RDTITL> * 1.6  76.2373005
 RDTITL> *
  
 CHARMM>     
  
 CHARMM>    incr a by @dcel
 Parameter: DCEL -> "0.2"
 Parameter: A <- "1.6"
  
 CHARMM>    incr b by @dcel
 Parameter: DCEL -> "0.2"
 Parameter: B <- "1.8"
  
 CHARMM>    if b le ?ZMAX goto DOAREA
 RDCMND substituted energy or value "?ZMAX" to "11.3324505"
 Comparing "1.8" and "11.3324505".
 IF test evaluated as true.  Performing command
  
 CHARMM>     
  
 CHARMM>    ! Cross sectional protein area with whole atom.
 CHARMM>    scalar wmain = radius
  
 CHARMM>    scalar wmain mult 2.5   sele resname TIP3 end
 SELRPN>      0 atoms have been selected out of    112
  
 CHARMM>    scalar wmain add  1.529 sele .not. resname TIP3 end
 SELRPN>    112 atoms have been selected out of    112
  
 CHARMM>    scalar wmain mult 0.85  sele .not. resname TIP3 end
 SELRPN>    112 atoms have been selected out of    112
  
 CHARMM>    calc zab = ( @a + @b ) / 2.0
 Parameter: A -> "1.6"
 Parameter: B -> "1.8"
Evaluating: (1.6+1.8)/2.0
 Parameter: ZAB <- "1.7"
  
 CHARMM>     
  
 CHARMM>    coor search -
 CHARMM>         xmin @x1  xmax @x2  xgrip @xncel -
 CHARMM>         ymin @y1  ymax @y2  ygrip @yncel -
 CHARMM>         zmin @a   zmax @b   zgrip 5
 Parameter: X1 -> "-7.60718474"
 Parameter: X2 -> "9.25477513"
 Parameter: XNCEL -> "84"
 Parameter: Y1 -> "-7.85469042"
 Parameter: Y2 -> "7.6262562"
 Parameter: YNCEL -> "77"
 Parameter: A -> "1.6"
 Parameter: B -> "1.8"

 A TOTAL OF    22870   VACUUM POINTS WERE FOUND
 A TOTAL OF     9470 OCCUPIED POINTS WERE FOUND
 A TOTAL OF        0 EXTERNAL POINTS WERE FOUND
 A TOTAL OF    22870 SELECTED POINTS WERE FOUND
 TOTAL OCCUPIED  VOLUME =      15.287819
 TOTAL SELECTED  VOLUME =      36.920001
 TOTAL FREE      VOLUME =      36.920001
 FRACTIONAL FREE VOLUME =      70.717378
  
 CHARMM>     
  
 CHARMM>    calc c = ?volume * @factor
 Parameter: FACTOR -> "5"
 RDCMND substituted energy or value "?VOLUME" to "15.2878187"
Evaluating: 15.2878187*5
 Parameter: C <- "76.4390935"
  
 CHARMM>     
  
 CHARMM>    if a .lt. -10 if a .gt. -20 if c .gt. @botarea set botarea = @c
 Parameter: BOTAREA -> "65.542285"
 Parameter: C -> "76.4390935"
 Comparing "1.6" and "-10".
 IF test evaluated as false.  Skipping command
  
 CHARMM>    if a .gt.  10 if a .lt.  20 if c .gt. @toparea set toparea = @c
 Parameter: TOPAREA -> "-1"
 Parameter: C -> "76.4390935"
 Comparing "1.6" and "10".
 IF test evaluated as false.  Skipping command
  
 CHARMM>     
  
 CHARMM>    write title unit 51
 RDTITL> * 1.8  76.4390935
 RDTITL> *
  
 CHARMM>     
  
 CHARMM>    incr a by @dcel
 Parameter: DCEL -> "0.2"
 Parameter: A <- "1.8"
  
 CHARMM>    incr b by @dcel
 Parameter: DCEL -> "0.2"
 Parameter: B <- "2"
  
 CHARMM>    if b le ?ZMAX goto DOAREA
 RDCMND substituted energy or value "?ZMAX" to "11.3324505"
 Comparing "2" and "11.3324505".
 IF test evaluated as true.  Performing command
  
 CHARMM>     
  
 CHARMM>    ! Cross sectional protein area with whole atom.
 CHARMM>    scalar wmain = radius
  
 CHARMM>    scalar wmain mult 2.5   sele resname TIP3 end
 SELRPN>      0 atoms have been selected out of    112
  
 CHARMM>    scalar wmain add  1.529 sele .not. resname TIP3 end
 SELRPN>    112 atoms have been selected out of    112
  
 CHARMM>    scalar wmain mult 0.85  sele .not. resname TIP3 end
 SELRPN>    112 atoms have been selected out of    112
  
 CHARMM>    calc zab = ( @a + @b ) / 2.0
 Parameter: A -> "1.8"
 Parameter: B -> "2"
Evaluating: (1.8+2)/2.0
 Parameter: ZAB <- "1.9"
  
 CHARMM>     
  
 CHARMM>    coor search -
 CHARMM>         xmin @x1  xmax @x2  xgrip @xncel -
 CHARMM>         ymin @y1  ymax @y2  ygrip @yncel -
 CHARMM>         zmin @a   zmax @b   zgrip 5
 Parameter: X1 -> "-7.60718474"
 Parameter: X2 -> "9.25477513"
 Parameter: XNCEL -> "84"
 Parameter: Y1 -> "-7.85469042"
 Parameter: Y2 -> "7.6262562"
 Parameter: YNCEL -> "77"
 Parameter: A -> "1.8"
 Parameter: B -> "2"

 A TOTAL OF    22854   VACUUM POINTS WERE FOUND
 A TOTAL OF     9486 OCCUPIED POINTS WERE FOUND
 A TOTAL OF        0 EXTERNAL POINTS WERE FOUND
 A TOTAL OF    22854 SELECTED POINTS WERE FOUND
 TOTAL OCCUPIED  VOLUME =      15.313648
 TOTAL SELECTED  VOLUME =      36.894172
 TOTAL FREE      VOLUME =      36.894172
 FRACTIONAL FREE VOLUME =      70.667904
  
 CHARMM>     
  
 CHARMM>    calc c = ?volume * @factor
 Parameter: FACTOR -> "5"
 RDCMND substituted energy or value "?VOLUME" to "15.3136482"
Evaluating: 15.3136482*5
 Parameter: C <- "76.568241"
  
 CHARMM>     
  
 CHARMM>    if a .lt. -10 if a .gt. -20 if c .gt. @botarea set botarea = @c
 Parameter: BOTAREA -> "65.542285"
 Parameter: C -> "76.568241"
 Comparing "1.8" and "-10".
 IF test evaluated as false.  Skipping command
  
 CHARMM>    if a .gt.  10 if a .lt.  20 if c .gt. @toparea set toparea = @c
 Parameter: TOPAREA -> "-1"
 Parameter: C -> "76.568241"
 Comparing "1.8" and "10".
 IF test evaluated as false.  Skipping command
  
 CHARMM>     
  
 CHARMM>    write title unit 51
 RDTITL> * 2  76.568241
 RDTITL> *
  
 CHARMM>     
  
 CHARMM>    incr a by @dcel
 Parameter: DCEL -> "0.2"
 Parameter: A <- "2"
  
 CHARMM>    incr b by @dcel
 Parameter: DCEL -> "0.2"
 Parameter: B <- "2.2"
  
 CHARMM>    if b le ?ZMAX goto DOAREA
 RDCMND substituted energy or value "?ZMAX" to "11.3324505"
 Comparing "2.2" and "11.3324505".
 IF test evaluated as true.  Performing command
  
 CHARMM>     
  
 CHARMM>    ! Cross sectional protein area with whole atom.
 CHARMM>    scalar wmain = radius
  
 CHARMM>    scalar wmain mult 2.5   sele resname TIP3 end
 SELRPN>      0 atoms have been selected out of    112
  
 CHARMM>    scalar wmain add  1.529 sele .not. resname TIP3 end
 SELRPN>    112 atoms have been selected out of    112
  
 CHARMM>    scalar wmain mult 0.85  sele .not. resname TIP3 end
 SELRPN>    112 atoms have been selected out of    112
  
 CHARMM>    calc zab = ( @a + @b ) / 2.0
 Parameter: A -> "2"
 Parameter: B -> "2.2"
Evaluating: (2+2.2)/2.0
 Parameter: ZAB <- "2.1"
  
 CHARMM>     
  
 CHARMM>    coor search -
 CHARMM>         xmin @x1  xmax @x2  xgrip @xncel -
 CHARMM>         ymin @y1  ymax @y2  ygrip @yncel -
 CHARMM>         zmin @a   zmax @b   zgrip 5
 Parameter: X1 -> "-7.60718474"
 Parameter: X2 -> "9.25477513"
 Parameter: XNCEL -> "84"
 Parameter: Y1 -> "-7.85469042"
 Parameter: Y2 -> "7.6262562"
 Parameter: YNCEL -> "77"
 Parameter: A -> "2"
 Parameter: B -> "2.2"

 A TOTAL OF    22809   VACUUM POINTS WERE FOUND
 A TOTAL OF     9531 OCCUPIED POINTS WERE FOUND
 A TOTAL OF        0 EXTERNAL POINTS WERE FOUND
 A TOTAL OF    22809 SELECTED POINTS WERE FOUND
 TOTAL OCCUPIED  VOLUME =      15.386294
 TOTAL SELECTED  VOLUME =      36.821527
 TOTAL FREE      VOLUME =      36.821527
 FRACTIONAL FREE VOLUME =      70.528757
  
 CHARMM>     
  
 CHARMM>    calc c = ?volume * @factor
 Parameter: FACTOR -> "5"
 RDCMND substituted energy or value "?VOLUME" to "15.3862936"
Evaluating: 15.3862936*5
 Parameter: C <- "76.931468"
  
 CHARMM>     
  
 CHARMM>    if a .lt. -10 if a .gt. -20 if c .gt. @botarea set botarea = @c
 Parameter: BOTAREA -> "65.542285"
 Parameter: C -> "76.931468"
 Comparing "2" and "-10".
 IF test evaluated as false.  Skipping command
  
 CHARMM>    if a .gt.  10 if a .lt.  20 if c .gt. @toparea set toparea = @c
 Parameter: TOPAREA -> "-1"
 Parameter: C -> "76.931468"
 Comparing "2" and "10".
 IF test evaluated as false.  Skipping command
  
 CHARMM>     
  
 CHARMM>    write title unit 51
 RDTITL> * 2.2  76.931468
 RDTITL> *
  
 CHARMM>     
  
 CHARMM>    incr a by @dcel
 Parameter: DCEL -> "0.2"
 Parameter: A <- "2.2"
  
 CHARMM>    incr b by @dcel
 Parameter: DCEL -> "0.2"
 Parameter: B <- "2.4"
  
 CHARMM>    if b le ?ZMAX goto DOAREA
 RDCMND substituted energy or value "?ZMAX" to "11.3324505"
 Comparing "2.4" and "11.3324505".
 IF test evaluated as true.  Performing command
  
 CHARMM>     
  
 CHARMM>    ! Cross sectional protein area with whole atom.
 CHARMM>    scalar wmain = radius
  
 CHARMM>    scalar wmain mult 2.5   sele resname TIP3 end
 SELRPN>      0 atoms have been selected out of    112
  
 CHARMM>    scalar wmain add  1.529 sele .not. resname TIP3 end
 SELRPN>    112 atoms have been selected out of    112
  
 CHARMM>    scalar wmain mult 0.85  sele .not. resname TIP3 end
 SELRPN>    112 atoms have been selected out of    112
  
 CHARMM>    calc zab = ( @a + @b ) / 2.0
 Parameter: A -> "2.2"
 Parameter: B -> "2.4"
Evaluating: (2.2+2.4)/2.0
 Parameter: ZAB <- "2.3"
  
 CHARMM>     
  
 CHARMM>    coor search -
 CHARMM>         xmin @x1  xmax @x2  xgrip @xncel -
 CHARMM>         ymin @y1  ymax @y2  ygrip @yncel -
 CHARMM>         zmin @a   zmax @b   zgrip 5
 Parameter: X1 -> "-7.60718474"
 Parameter: X2 -> "9.25477513"
 Parameter: XNCEL -> "84"
 Parameter: Y1 -> "-7.85469042"
 Parameter: Y2 -> "7.6262562"
 Parameter: YNCEL -> "77"
 Parameter: A -> "2.2"
 Parameter: B -> "2.4"

 A TOTAL OF    22833   VACUUM POINTS WERE FOUND
 A TOTAL OF     9507 OCCUPIED POINTS WERE FOUND
 A TOTAL OF        0 EXTERNAL POINTS WERE FOUND
 A TOTAL OF    22833 SELECTED POINTS WERE FOUND
 TOTAL OCCUPIED  VOLUME =      15.347549
 TOTAL SELECTED  VOLUME =      36.860271
 TOTAL FREE      VOLUME =      36.860271
 FRACTIONAL FREE VOLUME =      70.602968
  
 CHARMM>     
  
 CHARMM>    calc c = ?volume * @factor
 Parameter: FACTOR -> "5"
 RDCMND substituted energy or value "?VOLUME" to "15.3475494"
Evaluating: 15.3475494*5
 Parameter: C <- "76.737747"
  
 CHARMM>     
  
 CHARMM>    if a .lt. -10 if a .gt. -20 if c .gt. @botarea set botarea = @c
 Parameter: BOTAREA -> "65.542285"
 Parameter: C -> "76.737747"
 Comparing "2.2" and "-10".
 IF test evaluated as false.  Skipping command
  
 CHARMM>    if a .gt.  10 if a .lt.  20 if c .gt. @toparea set toparea = @c
 Parameter: TOPAREA -> "-1"
 Parameter: C -> "76.737747"
 Comparing "2.2" and "10".
 IF test evaluated as false.  Skipping command
  
 CHARMM>     
  
 CHARMM>    write title unit 51
 RDTITL> * 2.4  76.737747
 RDTITL> *
  
 CHARMM>     
  
 CHARMM>    incr a by @dcel
 Parameter: DCEL -> "0.2"
 Parameter: A <- "2.4"
  
 CHARMM>    incr b by @dcel
 Parameter: DCEL -> "0.2"
 Parameter: B <- "2.6"
  
 CHARMM>    if b le ?ZMAX goto DOAREA
 RDCMND substituted energy or value "?ZMAX" to "11.3324505"
 Comparing "2.6" and "11.3324505".
 IF test evaluated as true.  Performing command
  
 CHARMM>     
  
 CHARMM>    ! Cross sectional protein area with whole atom.
 CHARMM>    scalar wmain = radius
  
 CHARMM>    scalar wmain mult 2.5   sele resname TIP3 end
 SELRPN>      0 atoms have been selected out of    112
  
 CHARMM>    scalar wmain add  1.529 sele .not. resname TIP3 end
 SELRPN>    112 atoms have been selected out of    112
  
 CHARMM>    scalar wmain mult 0.85  sele .not. resname TIP3 end
 SELRPN>    112 atoms have been selected out of    112
  
 CHARMM>    calc zab = ( @a + @b ) / 2.0
 Parameter: A -> "2.4"
 Parameter: B -> "2.6"
Evaluating: (2.4+2.6)/2.0
 Parameter: ZAB <- "2.5"
  
 CHARMM>     
  
 CHARMM>    coor search -
 CHARMM>         xmin @x1  xmax @x2  xgrip @xncel -
 CHARMM>         ymin @y1  ymax @y2  ygrip @yncel -
 CHARMM>         zmin @a   zmax @b   zgrip 5
 Parameter: X1 -> "-7.60718474"
 Parameter: X2 -> "9.25477513"
 Parameter: XNCEL -> "84"
 Parameter: Y1 -> "-7.85469042"
 Parameter: Y2 -> "7.6262562"
 Parameter: YNCEL -> "77"
 Parameter: A -> "2.4"
 Parameter: B -> "2.6"

 A TOTAL OF    22879   VACUUM POINTS WERE FOUND
 A TOTAL OF     9461 OCCUPIED POINTS WERE FOUND
 A TOTAL OF        0 EXTERNAL POINTS WERE FOUND
 A TOTAL OF    22879 SELECTED POINTS WERE FOUND
 TOTAL OCCUPIED  VOLUME =      15.273290
 TOTAL SELECTED  VOLUME =      36.934531
 TOTAL FREE      VOLUME =      36.934531
 FRACTIONAL FREE VOLUME =      70.745207
  
 CHARMM>     
  
 CHARMM>    calc c = ?volume * @factor
 Parameter: FACTOR -> "5"
 RDCMND substituted energy or value "?VOLUME" to "15.2732896"
Evaluating: 15.2732896*5
 Parameter: C <- "76.366448"
  
 CHARMM>     
  
 CHARMM>    if a .lt. -10 if a .gt. -20 if c .gt. @botarea set botarea = @c
 Parameter: BOTAREA -> "65.542285"
 Parameter: C -> "76.366448"
 Comparing "2.4" and "-10".
 IF test evaluated as false.  Skipping command
  
 CHARMM>    if a .gt.  10 if a .lt.  20 if c .gt. @toparea set toparea = @c
 Parameter: TOPAREA -> "-1"
 Parameter: C -> "76.366448"
 Comparing "2.4" and "10".
 IF test evaluated as false.  Skipping command
  
 CHARMM>     
  
 CHARMM>    write title unit 51
 RDTITL> * 2.6  76.366448
 RDTITL> *
  
 CHARMM>     
  
 CHARMM>    incr a by @dcel
 Parameter: DCEL -> "0.2"
 Parameter: A <- "2.6"
  
 CHARMM>    incr b by @dcel
 Parameter: DCEL -> "0.2"
 Parameter: B <- "2.8"
  
 CHARMM>    if b le ?ZMAX goto DOAREA
 RDCMND substituted energy or value "?ZMAX" to "11.3324505"
 Comparing "2.8" and "11.3324505".
 IF test evaluated as true.  Performing command
  
 CHARMM>     
  
 CHARMM>    ! Cross sectional protein area with whole atom.
 CHARMM>    scalar wmain = radius
  
 CHARMM>    scalar wmain mult 2.5   sele resname TIP3 end
 SELRPN>      0 atoms have been selected out of    112
  
 CHARMM>    scalar wmain add  1.529 sele .not. resname TIP3 end
 SELRPN>    112 atoms have been selected out of    112
  
 CHARMM>    scalar wmain mult 0.85  sele .not. resname TIP3 end
 SELRPN>    112 atoms have been selected out of    112
  
 CHARMM>    calc zab = ( @a + @b ) / 2.0
 Parameter: A -> "2.6"
 Parameter: B -> "2.8"
Evaluating: (2.6+2.8)/2.0
 Parameter: ZAB <- "2.7"
  
 CHARMM>     
  
 CHARMM>    coor search -
 CHARMM>         xmin @x1  xmax @x2  xgrip @xncel -
 CHARMM>         ymin @y1  ymax @y2  ygrip @yncel -
 CHARMM>         zmin @a   zmax @b   zgrip 5
 Parameter: X1 -> "-7.60718474"
 Parameter: X2 -> "9.25477513"
 Parameter: XNCEL -> "84"
 Parameter: Y1 -> "-7.85469042"
 Parameter: Y2 -> "7.6262562"
 Parameter: YNCEL -> "77"
 Parameter: A -> "2.6"
 Parameter: B -> "2.8"

 A TOTAL OF    22990   VACUUM POINTS WERE FOUND
 A TOTAL OF     9350 OCCUPIED POINTS WERE FOUND
 A TOTAL OF        0 EXTERNAL POINTS WERE FOUND
 A TOTAL OF    22990 SELECTED POINTS WERE FOUND
 TOTAL OCCUPIED  VOLUME =      15.094098
 TOTAL SELECTED  VOLUME =      37.113722
 TOTAL FREE      VOLUME =      37.113722
 FRACTIONAL FREE VOLUME =      71.088435
  
 CHARMM>     
  
 CHARMM>    calc c = ?volume * @factor
 Parameter: FACTOR -> "5"
 RDCMND substituted energy or value "?VOLUME" to "15.0940977"
Evaluating: 15.0940977*5
 Parameter: C <- "75.4704885"
  
 CHARMM>     
  
 CHARMM>    if a .lt. -10 if a .gt. -20 if c .gt. @botarea set botarea = @c
 Parameter: BOTAREA -> "65.542285"
 Parameter: C -> "75.4704885"
 Comparing "2.6" and "-10".
 IF test evaluated as false.  Skipping command
  
 CHARMM>    if a .gt.  10 if a .lt.  20 if c .gt. @toparea set toparea = @c
 Parameter: TOPAREA -> "-1"
 Parameter: C -> "75.4704885"
 Comparing "2.6" and "10".
 IF test evaluated as false.  Skipping command
  
 CHARMM>     
  
 CHARMM>    write title unit 51
 RDTITL> * 2.8  75.4704885
 RDTITL> *
  
 CHARMM>     
  
 CHARMM>    incr a by @dcel
 Parameter: DCEL -> "0.2"
 Parameter: A <- "2.8"
  
 CHARMM>    incr b by @dcel
 Parameter: DCEL -> "0.2"
 Parameter: B <- "3"
  
 CHARMM>    if b le ?ZMAX goto DOAREA
 RDCMND substituted energy or value "?ZMAX" to "11.3324505"
 Comparing "3" and "11.3324505".
 IF test evaluated as true.  Performing command
  
 CHARMM>     
  
 CHARMM>    ! Cross sectional protein area with whole atom.
 CHARMM>    scalar wmain = radius
  
 CHARMM>    scalar wmain mult 2.5   sele resname TIP3 end
 SELRPN>      0 atoms have been selected out of    112
  
 CHARMM>    scalar wmain add  1.529 sele .not. resname TIP3 end
 SELRPN>    112 atoms have been selected out of    112
  
 CHARMM>    scalar wmain mult 0.85  sele .not. resname TIP3 end
 SELRPN>    112 atoms have been selected out of    112
  
 CHARMM>    calc zab = ( @a + @b ) / 2.0
 Parameter: A -> "2.8"
 Parameter: B -> "3"
Evaluating: (2.8+3)/2.0
 Parameter: ZAB <- "2.9"
  
 CHARMM>     
  
 CHARMM>    coor search -
 CHARMM>         xmin @x1  xmax @x2  xgrip @xncel -
 CHARMM>         ymin @y1  ymax @y2  ygrip @yncel -
 CHARMM>         zmin @a   zmax @b   zgrip 5
 Parameter: X1 -> "-7.60718474"
 Parameter: X2 -> "9.25477513"
 Parameter: XNCEL -> "84"
 Parameter: Y1 -> "-7.85469042"
 Parameter: Y2 -> "7.6262562"
 Parameter: YNCEL -> "77"
 Parameter: A -> "2.8"
 Parameter: B -> "3"

 A TOTAL OF    23072   VACUUM POINTS WERE FOUND
 A TOTAL OF     9268 OCCUPIED POINTS WERE FOUND
 A TOTAL OF        0 EXTERNAL POINTS WERE FOUND
 A TOTAL OF    23072 SELECTED POINTS WERE FOUND
 TOTAL OCCUPIED  VOLUME =      14.961722
 TOTAL SELECTED  VOLUME =      37.246099
 TOTAL FREE      VOLUME =      37.246099
 FRACTIONAL FREE VOLUME =      71.341991
  
 CHARMM>     
  
 CHARMM>    calc c = ?volume * @factor
 Parameter: FACTOR -> "5"
 RDCMND substituted energy or value "?VOLUME" to "14.9617216"
Evaluating: 14.9617216*5
 Parameter: C <- "74.808608"
  
 CHARMM>     
  
 CHARMM>    if a .lt. -10 if a .gt. -20 if c .gt. @botarea set botarea = @c
 Parameter: BOTAREA -> "65.542285"
 Parameter: C -> "74.808608"
 Comparing "2.8" and "-10".
 IF test evaluated as false.  Skipping command
  
 CHARMM>    if a .gt.  10 if a .lt.  20 if c .gt. @toparea set toparea = @c
 Parameter: TOPAREA -> "-1"
 Parameter: C -> "74.808608"
 Comparing "2.8" and "10".
 IF test evaluated as false.  Skipping command
  
 CHARMM>     
  
 CHARMM>    write title unit 51
 RDTITL> * 3  74.808608
 RDTITL> *
  
 CHARMM>     
  
 CHARMM>    incr a by @dcel
 Parameter: DCEL -> "0.2"
 Parameter: A <- "3"
  
 CHARMM>    incr b by @dcel
 Parameter: DCEL -> "0.2"
 Parameter: B <- "3.2"
  
 CHARMM>    if b le ?ZMAX goto DOAREA
 RDCMND substituted energy or value "?ZMAX" to "11.3324505"
 Comparing "3.2" and "11.3324505".
 IF test evaluated as true.  Performing command
  
 CHARMM>     
  
 CHARMM>    ! Cross sectional protein area with whole atom.
 CHARMM>    scalar wmain = radius
  
 CHARMM>    scalar wmain mult 2.5   sele resname TIP3 end
 SELRPN>      0 atoms have been selected out of    112
  
 CHARMM>    scalar wmain add  1.529 sele .not. resname TIP3 end
 SELRPN>    112 atoms have been selected out of    112
  
 CHARMM>    scalar wmain mult 0.85  sele .not. resname TIP3 end
 SELRPN>    112 atoms have been selected out of    112
  
 CHARMM>    calc zab = ( @a + @b ) / 2.0
 Parameter: A -> "3"
 Parameter: B -> "3.2"
Evaluating: (3+3.2)/2.0
 Parameter: ZAB <- "3.1"
  
 CHARMM>     
  
 CHARMM>    coor search -
 CHARMM>         xmin @x1  xmax @x2  xgrip @xncel -
 CHARMM>         ymin @y1  ymax @y2  ygrip @yncel -
 CHARMM>         zmin @a   zmax @b   zgrip 5
 Parameter: X1 -> "-7.60718474"
 Parameter: X2 -> "9.25477513"
 Parameter: XNCEL -> "84"
 Parameter: Y1 -> "-7.85469042"
 Parameter: Y2 -> "7.6262562"
 Parameter: YNCEL -> "77"
 Parameter: A -> "3"
 Parameter: B -> "3.2"

 A TOTAL OF    23133   VACUUM POINTS WERE FOUND
 A TOTAL OF     9207 OCCUPIED POINTS WERE FOUND
 A TOTAL OF        0 EXTERNAL POINTS WERE FOUND
 A TOTAL OF    23133 SELECTED POINTS WERE FOUND
 TOTAL OCCUPIED  VOLUME =      14.863247
 TOTAL SELECTED  VOLUME =      37.344573
 TOTAL FREE      VOLUME =      37.344573
 FRACTIONAL FREE VOLUME =      71.530612
  
 CHARMM>     
  
 CHARMM>    calc c = ?volume * @factor
 Parameter: FACTOR -> "5"
 RDCMND substituted energy or value "?VOLUME" to "14.8632468"
Evaluating: 14.8632468*5
 Parameter: C <- "74.316234"
  
 CHARMM>     
  
 CHARMM>    if a .lt. -10 if a .gt. -20 if c .gt. @botarea set botarea = @c
 Parameter: BOTAREA -> "65.542285"
 Parameter: C -> "74.316234"
 Comparing "3" and "-10".
 IF test evaluated as false.  Skipping command
  
 CHARMM>    if a .gt.  10 if a .lt.  20 if c .gt. @toparea set toparea = @c
 Parameter: TOPAREA -> "-1"
 Parameter: C -> "74.316234"
 Comparing "3" and "10".
 IF test evaluated as false.  Skipping command
  
 CHARMM>     
  
 CHARMM>    write title unit 51
 RDTITL> * 3.2  74.316234
 RDTITL> *
  
 CHARMM>     
  
 CHARMM>    incr a by @dcel
 Parameter: DCEL -> "0.2"
 Parameter: A <- "3.2"
  
 CHARMM>    incr b by @dcel
 Parameter: DCEL -> "0.2"
 Parameter: B <- "3.4"
  
 CHARMM>    if b le ?ZMAX goto DOAREA
 RDCMND substituted energy or value "?ZMAX" to "11.3324505"
 Comparing "3.4" and "11.3324505".
 IF test evaluated as true.  Performing command
  
 CHARMM>     
  
 CHARMM>    ! Cross sectional protein area with whole atom.
 CHARMM>    scalar wmain = radius
  
 CHARMM>    scalar wmain mult 2.5   sele resname TIP3 end
 SELRPN>      0 atoms have been selected out of    112
  
 CHARMM>    scalar wmain add  1.529 sele .not. resname TIP3 end
 SELRPN>    112 atoms have been selected out of    112
  
 CHARMM>    scalar wmain mult 0.85  sele .not. resname TIP3 end
 SELRPN>    112 atoms have been selected out of    112
  
 CHARMM>    calc zab = ( @a + @b ) / 2.0
 Parameter: A -> "3.2"
 Parameter: B -> "3.4"
Evaluating: (3.2+3.4)/2.0
 Parameter: ZAB <- "3.3"
  
 CHARMM>     
  
 CHARMM>    coor search -
 CHARMM>         xmin @x1  xmax @x2  xgrip @xncel -
 CHARMM>         ymin @y1  ymax @y2  ygrip @yncel -
 CHARMM>         zmin @a   zmax @b   zgrip 5
 Parameter: X1 -> "-7.60718474"
 Parameter: X2 -> "9.25477513"
 Parameter: XNCEL -> "84"
 Parameter: Y1 -> "-7.85469042"
 Parameter: Y2 -> "7.6262562"
 Parameter: YNCEL -> "77"
 Parameter: A -> "3.2"
 Parameter: B -> "3.4"

 A TOTAL OF    23173   VACUUM POINTS WERE FOUND
 A TOTAL OF     9167 OCCUPIED POINTS WERE FOUND
 A TOTAL OF        0 EXTERNAL POINTS WERE FOUND
 A TOTAL OF    23173 SELECTED POINTS WERE FOUND
 TOTAL OCCUPIED  VOLUME =      14.798673
 TOTAL SELECTED  VOLUME =      37.409147
 TOTAL FREE      VOLUME =      37.409147
 FRACTIONAL FREE VOLUME =      71.654298
  
 CHARMM>     
  
 CHARMM>    calc c = ?volume * @factor
 Parameter: FACTOR -> "5"
 RDCMND substituted energy or value "?VOLUME" to "14.7986731"
Evaluating: 14.7986731*5
 Parameter: C <- "73.9933655"
  
 CHARMM>     
  
 CHARMM>    if a .lt. -10 if a .gt. -20 if c .gt. @botarea set botarea = @c
 Parameter: BOTAREA -> "65.542285"
 Parameter: C -> "73.9933655"
 Comparing "3.2" and "-10".
 IF test evaluated as false.  Skipping command
  
 CHARMM>    if a .gt.  10 if a .lt.  20 if c .gt. @toparea set toparea = @c
 Parameter: TOPAREA -> "-1"
 Parameter: C -> "73.9933655"
 Comparing "3.2" and "10".
 IF test evaluated as false.  Skipping command
  
 CHARMM>     
  
 CHARMM>    write title unit 51
 RDTITL> * 3.4  73.9933655
 RDTITL> *
  
 CHARMM>     
  
 CHARMM>    incr a by @dcel
 Parameter: DCEL -> "0.2"
 Parameter: A <- "3.4"
  
 CHARMM>    incr b by @dcel
 Parameter: DCEL -> "0.2"
 Parameter: B <- "3.6"
  
 CHARMM>    if b le ?ZMAX goto DOAREA
 RDCMND substituted energy or value "?ZMAX" to "11.3324505"
 Comparing "3.6" and "11.3324505".
 IF test evaluated as true.  Performing command
  
 CHARMM>     
  
 CHARMM>    ! Cross sectional protein area with whole atom.
 CHARMM>    scalar wmain = radius
  
 CHARMM>    scalar wmain mult 2.5   sele resname TIP3 end
 SELRPN>      0 atoms have been selected out of    112
  
 CHARMM>    scalar wmain add  1.529 sele .not. resname TIP3 end
 SELRPN>    112 atoms have been selected out of    112
  
 CHARMM>    scalar wmain mult 0.85  sele .not. resname TIP3 end
 SELRPN>    112 atoms have been selected out of    112
  
 CHARMM>    calc zab = ( @a + @b ) / 2.0
 Parameter: A -> "3.4"
 Parameter: B -> "3.6"
Evaluating: (3.4+3.6)/2.0
 Parameter: ZAB <- "3.5"
  
 CHARMM>     
  
 CHARMM>    coor search -
 CHARMM>         xmin @x1  xmax @x2  xgrip @xncel -
 CHARMM>         ymin @y1  ymax @y2  ygrip @yncel -
 CHARMM>         zmin @a   zmax @b   zgrip 5
 Parameter: X1 -> "-7.60718474"
 Parameter: X2 -> "9.25477513"
 Parameter: XNCEL -> "84"
 Parameter: Y1 -> "-7.85469042"
 Parameter: Y2 -> "7.6262562"
 Parameter: YNCEL -> "77"
 Parameter: A -> "3.4"
 Parameter: B -> "3.6"

 A TOTAL OF    23217   VACUUM POINTS WERE FOUND
 A TOTAL OF     9123 OCCUPIED POINTS WERE FOUND
 A TOTAL OF        0 EXTERNAL POINTS WERE FOUND
 A TOTAL OF    23217 SELECTED POINTS WERE FOUND
 TOTAL OCCUPIED  VOLUME =      14.727642
 TOTAL SELECTED  VOLUME =      37.480178
 TOTAL FREE      VOLUME =      37.480178
 FRACTIONAL FREE VOLUME =      71.790353
  
 CHARMM>     
  
 CHARMM>    calc c = ?volume * @factor
 Parameter: FACTOR -> "5"
 RDCMND substituted energy or value "?VOLUME" to "14.727642"
Evaluating: 14.727642*5
 Parameter: C <- "73.63821"
  
 CHARMM>     
  
 CHARMM>    if a .lt. -10 if a .gt. -20 if c .gt. @botarea set botarea = @c
 Parameter: BOTAREA -> "65.542285"
 Parameter: C -> "73.63821"
 Comparing "3.4" and "-10".
 IF test evaluated as false.  Skipping command
  
 CHARMM>    if a .gt.  10 if a .lt.  20 if c .gt. @toparea set toparea = @c
 Parameter: TOPAREA -> "-1"
 Parameter: C -> "73.63821"
 Comparing "3.4" and "10".
 IF test evaluated as false.  Skipping command
  
 CHARMM>     
  
 CHARMM>    write title unit 51
 RDTITL> * 3.6  73.63821
 RDTITL> *
  
 CHARMM>     
  
 CHARMM>    incr a by @dcel
 Parameter: DCEL -> "0.2"
 Parameter: A <- "3.6"
  
 CHARMM>    incr b by @dcel
 Parameter: DCEL -> "0.2"
 Parameter: B <- "3.8"
  
 CHARMM>    if b le ?ZMAX goto DOAREA
 RDCMND substituted energy or value "?ZMAX" to "11.3324505"
 Comparing "3.8" and "11.3324505".
 IF test evaluated as true.  Performing command
  
 CHARMM>     
  
 CHARMM>    ! Cross sectional protein area with whole atom.
 CHARMM>    scalar wmain = radius
  
 CHARMM>    scalar wmain mult 2.5   sele resname TIP3 end
 SELRPN>      0 atoms have been selected out of    112
  
 CHARMM>    scalar wmain add  1.529 sele .not. resname TIP3 end
 SELRPN>    112 atoms have been selected out of    112
  
 CHARMM>    scalar wmain mult 0.85  sele .not. resname TIP3 end
 SELRPN>    112 atoms have been selected out of    112
  
 CHARMM>    calc zab = ( @a + @b ) / 2.0
 Parameter: A -> "3.6"
 Parameter: B -> "3.8"
Evaluating: (3.6+3.8)/2.0
 Parameter: ZAB <- "3.7"
  
 CHARMM>     
  
 CHARMM>    coor search -
 CHARMM>         xmin @x1  xmax @x2  xgrip @xncel -
 CHARMM>         ymin @y1  ymax @y2  ygrip @yncel -
 CHARMM>         zmin @a   zmax @b   zgrip 5
 Parameter: X1 -> "-7.60718474"
 Parameter: X2 -> "9.25477513"
 Parameter: XNCEL -> "84"
 Parameter: Y1 -> "-7.85469042"
 Parameter: Y2 -> "7.6262562"
 Parameter: YNCEL -> "77"
 Parameter: A -> "3.6"
 Parameter: B -> "3.8"

 A TOTAL OF    23207   VACUUM POINTS WERE FOUND
 A TOTAL OF     9133 OCCUPIED POINTS WERE FOUND
 A TOTAL OF        0 EXTERNAL POINTS WERE FOUND
 A TOTAL OF    23207 SELECTED POINTS WERE FOUND
 TOTAL OCCUPIED  VOLUME =      14.743785
 TOTAL SELECTED  VOLUME =      37.464035
 TOTAL FREE      VOLUME =      37.464035
 FRACTIONAL FREE VOLUME =      71.759431
  
 CHARMM>     
  
 CHARMM>    calc c = ?volume * @factor
 Parameter: FACTOR -> "5"
 RDCMND substituted energy or value "?VOLUME" to "14.7437854"
Evaluating: 14.7437854*5
 Parameter: C <- "73.718927"
  
 CHARMM>     
  
 CHARMM>    if a .lt. -10 if a .gt. -20 if c .gt. @botarea set botarea = @c
 Parameter: BOTAREA -> "65.542285"
 Parameter: C -> "73.718927"
 Comparing "3.6" and "-10".
 IF test evaluated as false.  Skipping command
  
 CHARMM>    if a .gt.  10 if a .lt.  20 if c .gt. @toparea set toparea = @c
 Parameter: TOPAREA -> "-1"
 Parameter: C -> "73.718927"
 Comparing "3.6" and "10".
 IF test evaluated as false.  Skipping command
  
 CHARMM>     
  
 CHARMM>    write title unit 51
 RDTITL> * 3.8  73.718927
 RDTITL> *
  
 CHARMM>     
  
 CHARMM>    incr a by @dcel
 Parameter: DCEL -> "0.2"
 Parameter: A <- "3.8"
  
 CHARMM>    incr b by @dcel
 Parameter: DCEL -> "0.2"
 Parameter: B <- "4"
  
 CHARMM>    if b le ?ZMAX goto DOAREA
 RDCMND substituted energy or value "?ZMAX" to "11.3324505"
 Comparing "4" and "11.3324505".
 IF test evaluated as true.  Performing command
  
 CHARMM>     
  
 CHARMM>    ! Cross sectional protein area with whole atom.
 CHARMM>    scalar wmain = radius
  
 CHARMM>    scalar wmain mult 2.5   sele resname TIP3 end
 SELRPN>      0 atoms have been selected out of    112
  
 CHARMM>    scalar wmain add  1.529 sele .not. resname TIP3 end
 SELRPN>    112 atoms have been selected out of    112
  
 CHARMM>    scalar wmain mult 0.85  sele .not. resname TIP3 end
 SELRPN>    112 atoms have been selected out of    112
  
 CHARMM>    calc zab = ( @a + @b ) / 2.0
 Parameter: A -> "3.8"
 Parameter: B -> "4"
Evaluating: (3.8+4)/2.0
 Parameter: ZAB <- "3.9"
  
 CHARMM>     
  
 CHARMM>    coor search -
 CHARMM>         xmin @x1  xmax @x2  xgrip @xncel -
 CHARMM>         ymin @y1  ymax @y2  ygrip @yncel -
 CHARMM>         zmin @a   zmax @b   zgrip 5
 Parameter: X1 -> "-7.60718474"
 Parameter: X2 -> "9.25477513"
 Parameter: XNCEL -> "84"
 Parameter: Y1 -> "-7.85469042"
 Parameter: Y2 -> "7.6262562"
 Parameter: YNCEL -> "77"
 Parameter: A -> "3.8"
 Parameter: B -> "4"

 A TOTAL OF    23104   VACUUM POINTS WERE FOUND
 A TOTAL OF     9236 OCCUPIED POINTS WERE FOUND
 A TOTAL OF        0 EXTERNAL POINTS WERE FOUND
 A TOTAL OF    23104 SELECTED POINTS WERE FOUND
 TOTAL OCCUPIED  VOLUME =      14.910063
 TOTAL SELECTED  VOLUME =      37.297757
 TOTAL FREE      VOLUME =      37.297757
 FRACTIONAL FREE VOLUME =      71.440940
  
 CHARMM>     
  
 CHARMM>    calc c = ?volume * @factor
 Parameter: FACTOR -> "5"
 RDCMND substituted energy or value "?VOLUME" to "14.9100627"
Evaluating: 14.9100627*5
 Parameter: C <- "74.5503135"
  
 CHARMM>     
  
 CHARMM>    if a .lt. -10 if a .gt. -20 if c .gt. @botarea set botarea = @c
 Parameter: BOTAREA -> "65.542285"
 Parameter: C -> "74.5503135"
 Comparing "3.8" and "-10".
 IF test evaluated as false.  Skipping command
  
 CHARMM>    if a .gt.  10 if a .lt.  20 if c .gt. @toparea set toparea = @c
 Parameter: TOPAREA -> "-1"
 Parameter: C -> "74.5503135"
 Comparing "3.8" and "10".
 IF test evaluated as false.  Skipping command
  
 CHARMM>     
  
 CHARMM>    write title unit 51
 RDTITL> * 4  74.5503135
 RDTITL> *
  
 CHARMM>     
  
 CHARMM>    incr a by @dcel
 Parameter: DCEL -> "0.2"
 Parameter: A <- "4"
  
 CHARMM>    incr b by @dcel
 Parameter: DCEL -> "0.2"
 Parameter: B <- "4.2"
  
 CHARMM>    if b le ?ZMAX goto DOAREA
 RDCMND substituted energy or value "?ZMAX" to "11.3324505"
 Comparing "4.2" and "11.3324505".
 IF test evaluated as true.  Performing command
  
 CHARMM>     
  
 CHARMM>    ! Cross sectional protein area with whole atom.
 CHARMM>    scalar wmain = radius
  
 CHARMM>    scalar wmain mult 2.5   sele resname TIP3 end
 SELRPN>      0 atoms have been selected out of    112
  
 CHARMM>    scalar wmain add  1.529 sele .not. resname TIP3 end
 SELRPN>    112 atoms have been selected out of    112
  
 CHARMM>    scalar wmain mult 0.85  sele .not. resname TIP3 end
 SELRPN>    112 atoms have been selected out of    112
  
 CHARMM>    calc zab = ( @a + @b ) / 2.0
 Parameter: A -> "4"
 Parameter: B -> "4.2"
Evaluating: (4+4.2)/2.0
 Parameter: ZAB <- "4.1"
  
 CHARMM>     
  
 CHARMM>    coor search -
 CHARMM>         xmin @x1  xmax @x2  xgrip @xncel -
 CHARMM>         ymin @y1  ymax @y2  ygrip @yncel -
 CHARMM>         zmin @a   zmax @b   zgrip 5
 Parameter: X1 -> "-7.60718474"
 Parameter: X2 -> "9.25477513"
 Parameter: XNCEL -> "84"
 Parameter: Y1 -> "-7.85469042"
 Parameter: Y2 -> "7.6262562"
 Parameter: YNCEL -> "77"
 Parameter: A -> "4"
 Parameter: B -> "4.2"

 A TOTAL OF    22958   VACUUM POINTS WERE FOUND
 A TOTAL OF     9382 OCCUPIED POINTS WERE FOUND
 A TOTAL OF        0 EXTERNAL POINTS WERE FOUND
 A TOTAL OF    22958 SELECTED POINTS WERE FOUND
 TOTAL OCCUPIED  VOLUME =      15.145757
 TOTAL SELECTED  VOLUME =      37.062064
 TOTAL FREE      VOLUME =      37.062064
 FRACTIONAL FREE VOLUME =      70.989487
  
 CHARMM>     
  
 CHARMM>    calc c = ?volume * @factor
 Parameter: FACTOR -> "5"
 RDCMND substituted energy or value "?VOLUME" to "15.1457566"
Evaluating: 15.1457566*5
 Parameter: C <- "75.728783"
  
 CHARMM>     
  
 CHARMM>    if a .lt. -10 if a .gt. -20 if c .gt. @botarea set botarea = @c
 Parameter: BOTAREA -> "65.542285"
 Parameter: C -> "75.728783"
 Comparing "4" and "-10".
 IF test evaluated as false.  Skipping command
  
 CHARMM>    if a .gt.  10 if a .lt.  20 if c .gt. @toparea set toparea = @c
 Parameter: TOPAREA -> "-1"
 Parameter: C -> "75.728783"
 Comparing "4" and "10".
 IF test evaluated as false.  Skipping command
  
 CHARMM>     
  
 CHARMM>    write title unit 51
 RDTITL> * 4.2  75.728783
 RDTITL> *
  
 CHARMM>     
  
 CHARMM>    incr a by @dcel
 Parameter: DCEL -> "0.2"
 Parameter: A <- "4.2"
  
 CHARMM>    incr b by @dcel
 Parameter: DCEL -> "0.2"
 Parameter: B <- "4.4"
  
 CHARMM>    if b le ?ZMAX goto DOAREA
 RDCMND substituted energy or value "?ZMAX" to "11.3324505"
 Comparing "4.4" and "11.3324505".
 IF test evaluated as true.  Performing command
  
 CHARMM>     
  
 CHARMM>    ! Cross sectional protein area with whole atom.
 CHARMM>    scalar wmain = radius
  
 CHARMM>    scalar wmain mult 2.5   sele resname TIP3 end
 SELRPN>      0 atoms have been selected out of    112
  
 CHARMM>    scalar wmain add  1.529 sele .not. resname TIP3 end
 SELRPN>    112 atoms have been selected out of    112
  
 CHARMM>    scalar wmain mult 0.85  sele .not. resname TIP3 end
 SELRPN>    112 atoms have been selected out of    112
  
 CHARMM>    calc zab = ( @a + @b ) / 2.0
 Parameter: A -> "4.2"
 Parameter: B -> "4.4"
Evaluating: (4.2+4.4)/2.0
 Parameter: ZAB <- "4.3"
  
 CHARMM>     
  
 CHARMM>    coor search -
 CHARMM>         xmin @x1  xmax @x2  xgrip @xncel -
 CHARMM>         ymin @y1  ymax @y2  ygrip @yncel -
 CHARMM>         zmin @a   zmax @b   zgrip 5
 Parameter: X1 -> "-7.60718474"
 Parameter: X2 -> "9.25477513"
 Parameter: XNCEL -> "84"
 Parameter: Y1 -> "-7.85469042"
 Parameter: Y2 -> "7.6262562"
 Parameter: YNCEL -> "77"
 Parameter: A -> "4.2"
 Parameter: B -> "4.4"

 A TOTAL OF    22896   VACUUM POINTS WERE FOUND
 A TOTAL OF     9444 OCCUPIED POINTS WERE FOUND
 A TOTAL OF        0 EXTERNAL POINTS WERE FOUND
 A TOTAL OF    22896 SELECTED POINTS WERE FOUND
 TOTAL OCCUPIED  VOLUME =      15.245846
 TOTAL SELECTED  VOLUME =      36.961974
 TOTAL FREE      VOLUME =      36.961974
 FRACTIONAL FREE VOLUME =      70.797774
  
 CHARMM>     
  
 CHARMM>    calc c = ?volume * @factor
 Parameter: FACTOR -> "5"
 RDCMND substituted energy or value "?VOLUME" to "15.2458458"
Evaluating: 15.2458458*5
 Parameter: C <- "76.229229"
  
 CHARMM>     
  
 CHARMM>    if a .lt. -10 if a .gt. -20 if c .gt. @botarea set botarea = @c
 Parameter: BOTAREA -> "65.542285"
 Parameter: C -> "76.229229"
 Comparing "4.2" and "-10".
 IF test evaluated as false.  Skipping command
  
 CHARMM>    if a .gt.  10 if a .lt.  20 if c .gt. @toparea set toparea = @c
 Parameter: TOPAREA -> "-1"
 Parameter: C -> "76.229229"
 Comparing "4.2" and "10".
 IF test evaluated as false.  Skipping command
  
 CHARMM>     
  
 CHARMM>    write title unit 51
 RDTITL> * 4.4  76.229229
 RDTITL> *
  
 CHARMM>     
  
 CHARMM>    incr a by @dcel
 Parameter: DCEL -> "0.2"
 Parameter: A <- "4.4"
  
 CHARMM>    incr b by @dcel
 Parameter: DCEL -> "0.2"
 Parameter: B <- "4.6"
  
 CHARMM>    if b le ?ZMAX goto DOAREA
 RDCMND substituted energy or value "?ZMAX" to "11.3324505"
 Comparing "4.6" and "11.3324505".
 IF test evaluated as true.  Performing command
  
 CHARMM>     
  
 CHARMM>    ! Cross sectional protein area with whole atom.
 CHARMM>    scalar wmain = radius
  
 CHARMM>    scalar wmain mult 2.5   sele resname TIP3 end
 SELRPN>      0 atoms have been selected out of    112
  
 CHARMM>    scalar wmain add  1.529 sele .not. resname TIP3 end
 SELRPN>    112 atoms have been selected out of    112
  
 CHARMM>    scalar wmain mult 0.85  sele .not. resname TIP3 end
 SELRPN>    112 atoms have been selected out of    112
  
 CHARMM>    calc zab = ( @a + @b ) / 2.0
 Parameter: A -> "4.4"
 Parameter: B -> "4.6"
Evaluating: (4.4+4.6)/2.0
 Parameter: ZAB <- "4.5"
  
 CHARMM>     
  
 CHARMM>    coor search -
 CHARMM>         xmin @x1  xmax @x2  xgrip @xncel -
 CHARMM>         ymin @y1  ymax @y2  ygrip @yncel -
 CHARMM>         zmin @a   zmax @b   zgrip 5
 Parameter: X1 -> "-7.60718474"
 Parameter: X2 -> "9.25477513"
 Parameter: XNCEL -> "84"
 Parameter: Y1 -> "-7.85469042"
 Parameter: Y2 -> "7.6262562"
 Parameter: YNCEL -> "77"
 Parameter: A -> "4.4"
 Parameter: B -> "4.6"

 A TOTAL OF    22813   VACUUM POINTS WERE FOUND
 A TOTAL OF     9527 OCCUPIED POINTS WERE FOUND
 A TOTAL OF        0 EXTERNAL POINTS WERE FOUND
 A TOTAL OF    22813 SELECTED POINTS WERE FOUND
 TOTAL OCCUPIED  VOLUME =      15.379836
 TOTAL SELECTED  VOLUME =      36.827984
 TOTAL FREE      VOLUME =      36.827984
 FRACTIONAL FREE VOLUME =      70.541126
  
 CHARMM>     
  
 CHARMM>    calc c = ?volume * @factor
 Parameter: FACTOR -> "5"
 RDCMND substituted energy or value "?VOLUME" to "15.3798362"
Evaluating: 15.3798362*5
 Parameter: C <- "76.899181"
  
 CHARMM>     
  
 CHARMM>    if a .lt. -10 if a .gt. -20 if c .gt. @botarea set botarea = @c
 Parameter: BOTAREA -> "65.542285"
 Parameter: C -> "76.899181"
 Comparing "4.4" and "-10".
 IF test evaluated as false.  Skipping command
  
 CHARMM>    if a .gt.  10 if a .lt.  20 if c .gt. @toparea set toparea = @c
 Parameter: TOPAREA -> "-1"
 Parameter: C -> "76.899181"
 Comparing "4.4" and "10".
 IF test evaluated as false.  Skipping command
  
 CHARMM>     
  
 CHARMM>    write title unit 51
 RDTITL> * 4.6  76.899181
 RDTITL> *
  
 CHARMM>     
  
 CHARMM>    incr a by @dcel
 Parameter: DCEL -> "0.2"
 Parameter: A <- "4.6"
  
 CHARMM>    incr b by @dcel
 Parameter: DCEL -> "0.2"
 Parameter: B <- "4.8"
  
 CHARMM>    if b le ?ZMAX goto DOAREA
 RDCMND substituted energy or value "?ZMAX" to "11.3324505"
 Comparing "4.8" and "11.3324505".
 IF test evaluated as true.  Performing command
  
 CHARMM>     
  
 CHARMM>    ! Cross sectional protein area with whole atom.
 CHARMM>    scalar wmain = radius
  
 CHARMM>    scalar wmain mult 2.5   sele resname TIP3 end
 SELRPN>      0 atoms have been selected out of    112
  
 CHARMM>    scalar wmain add  1.529 sele .not. resname TIP3 end
 SELRPN>    112 atoms have been selected out of    112
  
 CHARMM>    scalar wmain mult 0.85  sele .not. resname TIP3 end
 SELRPN>    112 atoms have been selected out of    112
  
 CHARMM>    calc zab = ( @a + @b ) / 2.0
 Parameter: A -> "4.6"
 Parameter: B -> "4.8"
Evaluating: (4.6+4.8)/2.0
 Parameter: ZAB <- "4.7"
  
 CHARMM>     
  
 CHARMM>    coor search -
 CHARMM>         xmin @x1  xmax @x2  xgrip @xncel -
 CHARMM>         ymin @y1  ymax @y2  ygrip @yncel -
 CHARMM>         zmin @a   zmax @b   zgrip 5
 Parameter: X1 -> "-7.60718474"
 Parameter: X2 -> "9.25477513"
 Parameter: XNCEL -> "84"
 Parameter: Y1 -> "-7.85469042"
 Parameter: Y2 -> "7.6262562"
 Parameter: YNCEL -> "77"
 Parameter: A -> "4.6"
 Parameter: B -> "4.8"

 A TOTAL OF    22788   VACUUM POINTS WERE FOUND
 A TOTAL OF     9552 OCCUPIED POINTS WERE FOUND
 A TOTAL OF        0 EXTERNAL POINTS WERE FOUND
 A TOTAL OF    22788 SELECTED POINTS WERE FOUND
 TOTAL OCCUPIED  VOLUME =      15.420195
 TOTAL SELECTED  VOLUME =      36.787625
 TOTAL FREE      VOLUME =      36.787625
 FRACTIONAL FREE VOLUME =      70.463822
  
 CHARMM>     
  
 CHARMM>    calc c = ?volume * @factor
 Parameter: FACTOR -> "5"
 RDCMND substituted energy or value "?VOLUME" to "15.4201947"
Evaluating: 15.4201947*5
 Parameter: C <- "77.1009735"
  
 CHARMM>     
  
 CHARMM>    if a .lt. -10 if a .gt. -20 if c .gt. @botarea set botarea = @c
 Parameter: BOTAREA -> "65.542285"
 Parameter: C -> "77.1009735"
 Comparing "4.6" and "-10".
 IF test evaluated as false.  Skipping command
  
 CHARMM>    if a .gt.  10 if a .lt.  20 if c .gt. @toparea set toparea = @c
 Parameter: TOPAREA -> "-1"
 Parameter: C -> "77.1009735"
 Comparing "4.6" and "10".
 IF test evaluated as false.  Skipping command
  
 CHARMM>     
  
 CHARMM>    write title unit 51
 RDTITL> * 4.8  77.1009735
 RDTITL> *
  
 CHARMM>     
  
 CHARMM>    incr a by @dcel
 Parameter: DCEL -> "0.2"
 Parameter: A <- "4.8"
  
 CHARMM>    incr b by @dcel
 Parameter: DCEL -> "0.2"
 Parameter: B <- "5"
  
 CHARMM>    if b le ?ZMAX goto DOAREA
 RDCMND substituted energy or value "?ZMAX" to "11.3324505"
 Comparing "5" and "11.3324505".
 IF test evaluated as true.  Performing command
  
 CHARMM>     
  
 CHARMM>    ! Cross sectional protein area with whole atom.
 CHARMM>    scalar wmain = radius
  
 CHARMM>    scalar wmain mult 2.5   sele resname TIP3 end
 SELRPN>      0 atoms have been selected out of    112
  
 CHARMM>    scalar wmain add  1.529 sele .not. resname TIP3 end
 SELRPN>    112 atoms have been selected out of    112
  
 CHARMM>    scalar wmain mult 0.85  sele .not. resname TIP3 end
 SELRPN>    112 atoms have been selected out of    112
  
 CHARMM>    calc zab = ( @a + @b ) / 2.0
 Parameter: A -> "4.8"
 Parameter: B -> "5"
Evaluating: (4.8+5)/2.0
 Parameter: ZAB <- "4.9"
  
 CHARMM>     
  
 CHARMM>    coor search -
 CHARMM>         xmin @x1  xmax @x2  xgrip @xncel -
 CHARMM>         ymin @y1  ymax @y2  ygrip @yncel -
 CHARMM>         zmin @a   zmax @b   zgrip 5
 Parameter: X1 -> "-7.60718474"
 Parameter: X2 -> "9.25477513"
 Parameter: XNCEL -> "84"
 Parameter: Y1 -> "-7.85469042"
 Parameter: Y2 -> "7.6262562"
 Parameter: YNCEL -> "77"
 Parameter: A -> "4.8"
 Parameter: B -> "5"

 A TOTAL OF    22764   VACUUM POINTS WERE FOUND
 A TOTAL OF     9576 OCCUPIED POINTS WERE FOUND
 A TOTAL OF        0 EXTERNAL POINTS WERE FOUND
 A TOTAL OF    22764 SELECTED POINTS WERE FOUND
 TOTAL OCCUPIED  VOLUME =      15.458939
 TOTAL SELECTED  VOLUME =      36.748881
 TOTAL FREE      VOLUME =      36.748881
 FRACTIONAL FREE VOLUME =      70.389610
  
 CHARMM>     
  
 CHARMM>    calc c = ?volume * @factor
 Parameter: FACTOR -> "5"
 RDCMND substituted energy or value "?VOLUME" to "15.4589389"
Evaluating: 15.4589389*5
 Parameter: C <- "77.2946945"
  
 CHARMM>     
  
 CHARMM>    if a .lt. -10 if a .gt. -20 if c .gt. @botarea set botarea = @c
 Parameter: BOTAREA -> "65.542285"
 Parameter: C -> "77.2946945"
 Comparing "4.8" and "-10".
 IF test evaluated as false.  Skipping command
  
 CHARMM>    if a .gt.  10 if a .lt.  20 if c .gt. @toparea set toparea = @c
 Parameter: TOPAREA -> "-1"
 Parameter: C -> "77.2946945"
 Comparing "4.8" and "10".
 IF test evaluated as false.  Skipping command
  
 CHARMM>     
  
 CHARMM>    write title unit 51
 RDTITL> * 5  77.2946945
 RDTITL> *
  
 CHARMM>     
  
 CHARMM>    incr a by @dcel
 Parameter: DCEL -> "0.2"
 Parameter: A <- "5"
  
 CHARMM>    incr b by @dcel
 Parameter: DCEL -> "0.2"
 Parameter: B <- "5.2"
  
 CHARMM>    if b le ?ZMAX goto DOAREA
 RDCMND substituted energy or value "?ZMAX" to "11.3324505"
 Comparing "5.2" and "11.3324505".
 IF test evaluated as true.  Performing command
  
 CHARMM>     
  
 CHARMM>    ! Cross sectional protein area with whole atom.
 CHARMM>    scalar wmain = radius
  
 CHARMM>    scalar wmain mult 2.5   sele resname TIP3 end
 SELRPN>      0 atoms have been selected out of    112
  
 CHARMM>    scalar wmain add  1.529 sele .not. resname TIP3 end
 SELRPN>    112 atoms have been selected out of    112
  
 CHARMM>    scalar wmain mult 0.85  sele .not. resname TIP3 end
 SELRPN>    112 atoms have been selected out of    112
  
 CHARMM>    calc zab = ( @a + @b ) / 2.0
 Parameter: A -> "5"
 Parameter: B -> "5.2"
Evaluating: (5+5.2)/2.0
 Parameter: ZAB <- "5.1"
  
 CHARMM>     
  
 CHARMM>    coor search -
 CHARMM>         xmin @x1  xmax @x2  xgrip @xncel -
 CHARMM>         ymin @y1  ymax @y2  ygrip @yncel -
 CHARMM>         zmin @a   zmax @b   zgrip 5
 Parameter: X1 -> "-7.60718474"
 Parameter: X2 -> "9.25477513"
 Parameter: XNCEL -> "84"
 Parameter: Y1 -> "-7.85469042"
 Parameter: Y2 -> "7.6262562"
 Parameter: YNCEL -> "77"
 Parameter: A -> "5"
 Parameter: B -> "5.2"

 A TOTAL OF    22777   VACUUM POINTS WERE FOUND
 A TOTAL OF     9563 OCCUPIED POINTS WERE FOUND
 A TOTAL OF        0 EXTERNAL POINTS WERE FOUND
 A TOTAL OF    22777 SELECTED POINTS WERE FOUND
 TOTAL OCCUPIED  VOLUME =      15.437953
 TOTAL SELECTED  VOLUME =      36.769868
 TOTAL FREE      VOLUME =      36.769868
 FRACTIONAL FREE VOLUME =      70.429808
  
 CHARMM>     
  
 CHARMM>    calc c = ?volume * @factor
 Parameter: FACTOR -> "5"
 RDCMND substituted energy or value "?VOLUME" to "15.4379525"
Evaluating: 15.4379525*5
 Parameter: C <- "77.1897625"
  
 CHARMM>     
  
 CHARMM>    if a .lt. -10 if a .gt. -20 if c .gt. @botarea set botarea = @c
 Parameter: BOTAREA -> "65.542285"
 Parameter: C -> "77.1897625"
 Comparing "5" and "-10".
 IF test evaluated as false.  Skipping command
  
 CHARMM>    if a .gt.  10 if a .lt.  20 if c .gt. @toparea set toparea = @c
 Parameter: TOPAREA -> "-1"
 Parameter: C -> "77.1897625"
 Comparing "5" and "10".
 IF test evaluated as false.  Skipping command
  
 CHARMM>     
  
 CHARMM>    write title unit 51
 RDTITL> * 5.2  77.1897625
 RDTITL> *
  
 CHARMM>     
  
 CHARMM>    incr a by @dcel
 Parameter: DCEL -> "0.2"
 Parameter: A <- "5.2"
  
 CHARMM>    incr b by @dcel
 Parameter: DCEL -> "0.2"
 Parameter: B <- "5.4"
  
 CHARMM>    if b le ?ZMAX goto DOAREA
 RDCMND substituted energy or value "?ZMAX" to "11.3324505"
 Comparing "5.4" and "11.3324505".
 IF test evaluated as true.  Performing command
  
 CHARMM>     
  
 CHARMM>    ! Cross sectional protein area with whole atom.
 CHARMM>    scalar wmain = radius
  
 CHARMM>    scalar wmain mult 2.5   sele resname TIP3 end
 SELRPN>      0 atoms have been selected out of    112
  
 CHARMM>    scalar wmain add  1.529 sele .not. resname TIP3 end
 SELRPN>    112 atoms have been selected out of    112
  
 CHARMM>    scalar wmain mult 0.85  sele .not. resname TIP3 end
 SELRPN>    112 atoms have been selected out of    112
  
 CHARMM>    calc zab = ( @a + @b ) / 2.0
 Parameter: A -> "5.2"
 Parameter: B -> "5.4"
Evaluating: (5.2+5.4)/2.0
 Parameter: ZAB <- "5.3"
  
 CHARMM>     
  
 CHARMM>    coor search -
 CHARMM>         xmin @x1  xmax @x2  xgrip @xncel -
 CHARMM>         ymin @y1  ymax @y2  ygrip @yncel -
 CHARMM>         zmin @a   zmax @b   zgrip 5
 Parameter: X1 -> "-7.60718474"
 Parameter: X2 -> "9.25477513"
 Parameter: XNCEL -> "84"
 Parameter: Y1 -> "-7.85469042"
 Parameter: Y2 -> "7.6262562"
 Parameter: YNCEL -> "77"
 Parameter: A -> "5.2"
 Parameter: B -> "5.4"

 A TOTAL OF    22813   VACUUM POINTS WERE FOUND
 A TOTAL OF     9527 OCCUPIED POINTS WERE FOUND
 A TOTAL OF        0 EXTERNAL POINTS WERE FOUND
 A TOTAL OF    22813 SELECTED POINTS WERE FOUND
 TOTAL OCCUPIED  VOLUME =      15.379836
 TOTAL SELECTED  VOLUME =      36.827984
 TOTAL FREE      VOLUME =      36.827984
 FRACTIONAL FREE VOLUME =      70.541126
  
 CHARMM>     
  
 CHARMM>    calc c = ?volume * @factor
 Parameter: FACTOR -> "5"
 RDCMND substituted energy or value "?VOLUME" to "15.3798362"
Evaluating: 15.3798362*5
 Parameter: C <- "76.899181"
  
 CHARMM>     
  
 CHARMM>    if a .lt. -10 if a .gt. -20 if c .gt. @botarea set botarea = @c
 Parameter: BOTAREA -> "65.542285"
 Parameter: C -> "76.899181"
 Comparing "5.2" and "-10".
 IF test evaluated as false.  Skipping command
  
 CHARMM>    if a .gt.  10 if a .lt.  20 if c .gt. @toparea set toparea = @c
 Parameter: TOPAREA -> "-1"
 Parameter: C -> "76.899181"
 Comparing "5.2" and "10".
 IF test evaluated as false.  Skipping command
  
 CHARMM>     
  
 CHARMM>    write title unit 51
 RDTITL> * 5.4  76.899181
 RDTITL> *
  
 CHARMM>     
  
 CHARMM>    incr a by @dcel
 Parameter: DCEL -> "0.2"
 Parameter: A <- "5.4"
  
 CHARMM>    incr b by @dcel
 Parameter: DCEL -> "0.2"
 Parameter: B <- "5.6"
  
 CHARMM>    if b le ?ZMAX goto DOAREA
 RDCMND substituted energy or value "?ZMAX" to "11.3324505"
 Comparing "5.6" and "11.3324505".
 IF test evaluated as true.  Performing command
  
 CHARMM>     
  
 CHARMM>    ! Cross sectional protein area with whole atom.
 CHARMM>    scalar wmain = radius
  
 CHARMM>    scalar wmain mult 2.5   sele resname TIP3 end
 SELRPN>      0 atoms have been selected out of    112
  
 CHARMM>    scalar wmain add  1.529 sele .not. resname TIP3 end
 SELRPN>    112 atoms have been selected out of    112
  
 CHARMM>    scalar wmain mult 0.85  sele .not. resname TIP3 end
 SELRPN>    112 atoms have been selected out of    112
  
 CHARMM>    calc zab = ( @a + @b ) / 2.0
 Parameter: A -> "5.4"
 Parameter: B -> "5.6"
Evaluating: (5.4+5.6)/2.0
 Parameter: ZAB <- "5.5"
  
 CHARMM>     
  
 CHARMM>    coor search -
 CHARMM>         xmin @x1  xmax @x2  xgrip @xncel -
 CHARMM>         ymin @y1  ymax @y2  ygrip @yncel -
 CHARMM>         zmin @a   zmax @b   zgrip 5
 Parameter: X1 -> "-7.60718474"
 Parameter: X2 -> "9.25477513"
 Parameter: XNCEL -> "84"
 Parameter: Y1 -> "-7.85469042"
 Parameter: Y2 -> "7.6262562"
 Parameter: YNCEL -> "77"
 Parameter: A -> "5.4"
 Parameter: B -> "5.6"

 A TOTAL OF    22923   VACUUM POINTS WERE FOUND
 A TOTAL OF     9417 OCCUPIED POINTS WERE FOUND
 A TOTAL OF        0 EXTERNAL POINTS WERE FOUND
 A TOTAL OF    22923 SELECTED POINTS WERE FOUND
 TOTAL OCCUPIED  VOLUME =      15.202259
 TOTAL SELECTED  VOLUME =      37.005562
 TOTAL FREE      VOLUME =      37.005562
 FRACTIONAL FREE VOLUME =      70.881262
  
 CHARMM>     
  
 CHARMM>    calc c = ?volume * @factor
 Parameter: FACTOR -> "5"
 RDCMND substituted energy or value "?VOLUME" to "15.2022586"
Evaluating: 15.2022586*5
 Parameter: C <- "76.011293"
  
 CHARMM>     
  
 CHARMM>    if a .lt. -10 if a .gt. -20 if c .gt. @botarea set botarea = @c
 Parameter: BOTAREA -> "65.542285"
 Parameter: C -> "76.011293"
 Comparing "5.4" and "-10".
 IF test evaluated as false.  Skipping command
  
 CHARMM>    if a .gt.  10 if a .lt.  20 if c .gt. @toparea set toparea = @c
 Parameter: TOPAREA -> "-1"
 Parameter: C -> "76.011293"
 Comparing "5.4" and "10".
 IF test evaluated as false.  Skipping command
  
 CHARMM>     
  
 CHARMM>    write title unit 51
 RDTITL> * 5.6  76.011293
 RDTITL> *
  
 CHARMM>     
  
 CHARMM>    incr a by @dcel
 Parameter: DCEL -> "0.2"
 Parameter: A <- "5.6"
  
 CHARMM>    incr b by @dcel
 Parameter: DCEL -> "0.2"
 Parameter: B <- "5.8"
  
 CHARMM>    if b le ?ZMAX goto DOAREA
 RDCMND substituted energy or value "?ZMAX" to "11.3324505"
 Comparing "5.8" and "11.3324505".
 IF test evaluated as true.  Performing command
  
 CHARMM>     
  
 CHARMM>    ! Cross sectional protein area with whole atom.
 CHARMM>    scalar wmain = radius
  
 CHARMM>    scalar wmain mult 2.5   sele resname TIP3 end
 SELRPN>      0 atoms have been selected out of    112
  
 CHARMM>    scalar wmain add  1.529 sele .not. resname TIP3 end
 SELRPN>    112 atoms have been selected out of    112
  
 CHARMM>    scalar wmain mult 0.85  sele .not. resname TIP3 end
 SELRPN>    112 atoms have been selected out of    112
  
 CHARMM>    calc zab = ( @a + @b ) / 2.0
 Parameter: A -> "5.6"
 Parameter: B -> "5.8"
Evaluating: (5.6+5.8)/2.0
 Parameter: ZAB <- "5.7"
  
 CHARMM>     
  
 CHARMM>    coor search -
 CHARMM>         xmin @x1  xmax @x2  xgrip @xncel -
 CHARMM>         ymin @y1  ymax @y2  ygrip @yncel -
 CHARMM>         zmin @a   zmax @b   zgrip 5
 Parameter: X1 -> "-7.60718474"
 Parameter: X2 -> "9.25477513"
 Parameter: XNCEL -> "84"
 Parameter: Y1 -> "-7.85469042"
 Parameter: Y2 -> "7.6262562"
 Parameter: YNCEL -> "77"
 Parameter: A -> "5.6"
 Parameter: B -> "5.8"

 A TOTAL OF    23103   VACUUM POINTS WERE FOUND
 A TOTAL OF     9237 OCCUPIED POINTS WERE FOUND
 A TOTAL OF        0 EXTERNAL POINTS WERE FOUND
 A TOTAL OF    23103 SELECTED POINTS WERE FOUND
 TOTAL OCCUPIED  VOLUME =      14.911677
 TOTAL SELECTED  VOLUME =      37.296143
 TOTAL FREE      VOLUME =      37.296143
 FRACTIONAL FREE VOLUME =      71.437848
  
 CHARMM>     
  
 CHARMM>    calc c = ?volume * @factor
 Parameter: FACTOR -> "5"
 RDCMND substituted energy or value "?VOLUME" to "14.911677"
Evaluating: 14.911677*5
 Parameter: C <- "74.558385"
  
 CHARMM>     
  
 CHARMM>    if a .lt. -10 if a .gt. -20 if c .gt. @botarea set botarea = @c
 Parameter: BOTAREA -> "65.542285"
 Parameter: C -> "74.558385"
 Comparing "5.6" and "-10".
 IF test evaluated as false.  Skipping command
  
 CHARMM>    if a .gt.  10 if a .lt.  20 if c .gt. @toparea set toparea = @c
 Parameter: TOPAREA -> "-1"
 Parameter: C -> "74.558385"
 Comparing "5.6" and "10".
 IF test evaluated as false.  Skipping command
  
 CHARMM>     
  
 CHARMM>    write title unit 51
 RDTITL> * 5.8  74.558385
 RDTITL> *
  
 CHARMM>     
  
 CHARMM>    incr a by @dcel
 Parameter: DCEL -> "0.2"
 Parameter: A <- "5.8"
  
 CHARMM>    incr b by @dcel
 Parameter: DCEL -> "0.2"
 Parameter: B <- "6"
  
 CHARMM>    if b le ?ZMAX goto DOAREA
 RDCMND substituted energy or value "?ZMAX" to "11.3324505"
 Comparing "6" and "11.3324505".
 IF test evaluated as true.  Performing command
  
 CHARMM>     
  
 CHARMM>    ! Cross sectional protein area with whole atom.
 CHARMM>    scalar wmain = radius
  
 CHARMM>    scalar wmain mult 2.5   sele resname TIP3 end
 SELRPN>      0 atoms have been selected out of    112
  
 CHARMM>    scalar wmain add  1.529 sele .not. resname TIP3 end
 SELRPN>    112 atoms have been selected out of    112
  
 CHARMM>    scalar wmain mult 0.85  sele .not. resname TIP3 end
 SELRPN>    112 atoms have been selected out of    112
  
 CHARMM>    calc zab = ( @a + @b ) / 2.0
 Parameter: A -> "5.8"
 Parameter: B -> "6"
Evaluating: (5.8+6)/2.0
 Parameter: ZAB <- "5.9"
  
 CHARMM>     
  
 CHARMM>    coor search -
 CHARMM>         xmin @x1  xmax @x2  xgrip @xncel -
 CHARMM>         ymin @y1  ymax @y2  ygrip @yncel -
 CHARMM>         zmin @a   zmax @b   zgrip 5
 Parameter: X1 -> "-7.60718474"
 Parameter: X2 -> "9.25477513"
 Parameter: XNCEL -> "84"
 Parameter: Y1 -> "-7.85469042"
 Parameter: Y2 -> "7.6262562"
 Parameter: YNCEL -> "77"
 Parameter: A -> "5.8"
 Parameter: B -> "6"

 A TOTAL OF    23343   VACUUM POINTS WERE FOUND
 A TOTAL OF     8997 OCCUPIED POINTS WERE FOUND
 A TOTAL OF        0 EXTERNAL POINTS WERE FOUND
 A TOTAL OF    23343 SELECTED POINTS WERE FOUND
 TOTAL OCCUPIED  VOLUME =      14.524235
 TOTAL SELECTED  VOLUME =      37.683585
 TOTAL FREE      VOLUME =      37.683585
 FRACTIONAL FREE VOLUME =      72.179963
  
 CHARMM>     
  
 CHARMM>    calc c = ?volume * @factor
 Parameter: FACTOR -> "5"
 RDCMND substituted energy or value "?VOLUME" to "14.5242349"
Evaluating: 14.5242349*5
 Parameter: C <- "72.6211745"
  
 CHARMM>     
  
 CHARMM>    if a .lt. -10 if a .gt. -20 if c .gt. @botarea set botarea = @c
 Parameter: BOTAREA -> "65.542285"
 Parameter: C -> "72.6211745"
 Comparing "5.8" and "-10".
 IF test evaluated as false.  Skipping command
  
 CHARMM>    if a .gt.  10 if a .lt.  20 if c .gt. @toparea set toparea = @c
 Parameter: TOPAREA -> "-1"
 Parameter: C -> "72.6211745"
 Comparing "5.8" and "10".
 IF test evaluated as false.  Skipping command
  
 CHARMM>     
  
 CHARMM>    write title unit 51
 RDTITL> * 6  72.6211745
 RDTITL> *
  
 CHARMM>     
  
 CHARMM>    incr a by @dcel
 Parameter: DCEL -> "0.2"
 Parameter: A <- "6"
  
 CHARMM>    incr b by @dcel
 Parameter: DCEL -> "0.2"
 Parameter: B <- "6.2"
  
 CHARMM>    if b le ?ZMAX goto DOAREA
 RDCMND substituted energy or value "?ZMAX" to "11.3324505"
 Comparing "6.2" and "11.3324505".
 IF test evaluated as true.  Performing command
  
 CHARMM>     
  
 CHARMM>    ! Cross sectional protein area with whole atom.
 CHARMM>    scalar wmain = radius
  
 CHARMM>    scalar wmain mult 2.5   sele resname TIP3 end
 SELRPN>      0 atoms have been selected out of    112
  
 CHARMM>    scalar wmain add  1.529 sele .not. resname TIP3 end
 SELRPN>    112 atoms have been selected out of    112
  
 CHARMM>    scalar wmain mult 0.85  sele .not. resname TIP3 end
 SELRPN>    112 atoms have been selected out of    112
  
 CHARMM>    calc zab = ( @a + @b ) / 2.0
 Parameter: A -> "6"
 Parameter: B -> "6.2"
Evaluating: (6+6.2)/2.0
 Parameter: ZAB <- "6.1"
  
 CHARMM>     
  
 CHARMM>    coor search -
 CHARMM>         xmin @x1  xmax @x2  xgrip @xncel -
 CHARMM>         ymin @y1  ymax @y2  ygrip @yncel -
 CHARMM>         zmin @a   zmax @b   zgrip 5
 Parameter: X1 -> "-7.60718474"
 Parameter: X2 -> "9.25477513"
 Parameter: XNCEL -> "84"
 Parameter: Y1 -> "-7.85469042"
 Parameter: Y2 -> "7.6262562"
 Parameter: YNCEL -> "77"
 Parameter: A -> "6"
 Parameter: B -> "6.2"

 A TOTAL OF    23623   VACUUM POINTS WERE FOUND
 A TOTAL OF     8717 OCCUPIED POINTS WERE FOUND
 A TOTAL OF        0 EXTERNAL POINTS WERE FOUND
 A TOTAL OF    23623 SELECTED POINTS WERE FOUND
 TOTAL OCCUPIED  VOLUME =      14.072219
 TOTAL SELECTED  VOLUME =      38.135601
 TOTAL FREE      VOLUME =      38.135601
 FRACTIONAL FREE VOLUME =      73.045764
  
 CHARMM>     
  
 CHARMM>    calc c = ?volume * @factor
 Parameter: FACTOR -> "5"
 RDCMND substituted energy or value "?VOLUME" to "14.0722192"
Evaluating: 14.0722192*5
 Parameter: C <- "70.361096"
  
 CHARMM>     
  
 CHARMM>    if a .lt. -10 if a .gt. -20 if c .gt. @botarea set botarea = @c
 Parameter: BOTAREA -> "65.542285"
 Parameter: C -> "70.361096"
 Comparing "6" and "-10".
 IF test evaluated as false.  Skipping command
  
 CHARMM>    if a .gt.  10 if a .lt.  20 if c .gt. @toparea set toparea = @c
 Parameter: TOPAREA -> "-1"
 Parameter: C -> "70.361096"
 Comparing "6" and "10".
 IF test evaluated as false.  Skipping command
  
 CHARMM>     
  
 CHARMM>    write title unit 51
 RDTITL> * 6.2  70.361096
 RDTITL> *
  
 CHARMM>     
  
 CHARMM>    incr a by @dcel
 Parameter: DCEL -> "0.2"
 Parameter: A <- "6.2"
  
 CHARMM>    incr b by @dcel
 Parameter: DCEL -> "0.2"
 Parameter: B <- "6.4"
  
 CHARMM>    if b le ?ZMAX goto DOAREA
 RDCMND substituted energy or value "?ZMAX" to "11.3324505"
 Comparing "6.4" and "11.3324505".
 IF test evaluated as true.  Performing command
  
 CHARMM>     
  
 CHARMM>    ! Cross sectional protein area with whole atom.
 CHARMM>    scalar wmain = radius
  
 CHARMM>    scalar wmain mult 2.5   sele resname TIP3 end
 SELRPN>      0 atoms have been selected out of    112
  
 CHARMM>    scalar wmain add  1.529 sele .not. resname TIP3 end
 SELRPN>    112 atoms have been selected out of    112
  
 CHARMM>    scalar wmain mult 0.85  sele .not. resname TIP3 end
 SELRPN>    112 atoms have been selected out of    112
  
 CHARMM>    calc zab = ( @a + @b ) / 2.0
 Parameter: A -> "6.2"
 Parameter: B -> "6.4"
Evaluating: (6.2+6.4)/2.0
 Parameter: ZAB <- "6.3"
  
 CHARMM>     
  
 CHARMM>    coor search -
 CHARMM>         xmin @x1  xmax @x2  xgrip @xncel -
 CHARMM>         ymin @y1  ymax @y2  ygrip @yncel -
 CHARMM>         zmin @a   zmax @b   zgrip 5
 Parameter: X1 -> "-7.60718474"
 Parameter: X2 -> "9.25477513"
 Parameter: XNCEL -> "84"
 Parameter: Y1 -> "-7.85469042"
 Parameter: Y2 -> "7.6262562"
 Parameter: YNCEL -> "77"
 Parameter: A -> "6.2"
 Parameter: B -> "6.4"

 A TOTAL OF    23969   VACUUM POINTS WERE FOUND
 A TOTAL OF     8371 OCCUPIED POINTS WERE FOUND
 A TOTAL OF        0 EXTERNAL POINTS WERE FOUND
 A TOTAL OF    23969 SELECTED POINTS WERE FOUND
 TOTAL OCCUPIED  VOLUME =      13.513657
 TOTAL SELECTED  VOLUME =      38.694163
 TOTAL FREE      VOLUME =      38.694163
 FRACTIONAL FREE VOLUME =      74.115646
  
 CHARMM>     
  
 CHARMM>    calc c = ?volume * @factor
 Parameter: FACTOR -> "5"
 RDCMND substituted energy or value "?VOLUME" to "13.5136568"
Evaluating: 13.5136568*5
 Parameter: C <- "67.568284"
  
 CHARMM>     
  
 CHARMM>    if a .lt. -10 if a .gt. -20 if c .gt. @botarea set botarea = @c
 Parameter: BOTAREA -> "65.542285"
 Parameter: C -> "67.568284"
 Comparing "6.2" and "-10".
 IF test evaluated as false.  Skipping command
  
 CHARMM>    if a .gt.  10 if a .lt.  20 if c .gt. @toparea set toparea = @c
 Parameter: TOPAREA -> "-1"
 Parameter: C -> "67.568284"
 Comparing "6.2" and "10".
 IF test evaluated as false.  Skipping command
  
 CHARMM>     
  
 CHARMM>    write title unit 51
 RDTITL> * 6.4  67.568284
 RDTITL> *
  
 CHARMM>     
  
 CHARMM>    incr a by @dcel
 Parameter: DCEL -> "0.2"
 Parameter: A <- "6.4"
  
 CHARMM>    incr b by @dcel
 Parameter: DCEL -> "0.2"
 Parameter: B <- "6.6"
  
 CHARMM>    if b le ?ZMAX goto DOAREA
 RDCMND substituted energy or value "?ZMAX" to "11.3324505"
 Comparing "6.6" and "11.3324505".
 IF test evaluated as true.  Performing command
  
 CHARMM>     
  
 CHARMM>    ! Cross sectional protein area with whole atom.
 CHARMM>    scalar wmain = radius
  
 CHARMM>    scalar wmain mult 2.5   sele resname TIP3 end
 SELRPN>      0 atoms have been selected out of    112
  
 CHARMM>    scalar wmain add  1.529 sele .not. resname TIP3 end
 SELRPN>    112 atoms have been selected out of    112
  
 CHARMM>    scalar wmain mult 0.85  sele .not. resname TIP3 end
 SELRPN>    112 atoms have been selected out of    112
  
 CHARMM>    calc zab = ( @a + @b ) / 2.0
 Parameter: A -> "6.4"
 Parameter: B -> "6.6"
Evaluating: (6.4+6.6)/2.0
 Parameter: ZAB <- "6.5"
  
 CHARMM>     
  
 CHARMM>    coor search -
 CHARMM>         xmin @x1  xmax @x2  xgrip @xncel -
 CHARMM>         ymin @y1  ymax @y2  ygrip @yncel -
 CHARMM>         zmin @a   zmax @b   zgrip 5
 Parameter: X1 -> "-7.60718474"
 Parameter: X2 -> "9.25477513"
 Parameter: XNCEL -> "84"
 Parameter: Y1 -> "-7.85469042"
 Parameter: Y2 -> "7.6262562"
 Parameter: YNCEL -> "77"
 Parameter: A -> "6.4"
 Parameter: B -> "6.6"

 A TOTAL OF    24339   VACUUM POINTS WERE FOUND
 A TOTAL OF     8001 OCCUPIED POINTS WERE FOUND
 A TOTAL OF        0 EXTERNAL POINTS WERE FOUND
 A TOTAL OF    24339 SELECTED POINTS WERE FOUND
 TOTAL OCCUPIED  VOLUME =      12.916350
 TOTAL SELECTED  VOLUME =      39.291470
 TOTAL FREE      VOLUME =      39.291470
 FRACTIONAL FREE VOLUME =      75.259740
  
 CHARMM>     
  
 CHARMM>    calc c = ?volume * @factor
 Parameter: FACTOR -> "5"
 RDCMND substituted energy or value "?VOLUME" to "12.9163503"
Evaluating: 12.9163503*5
 Parameter: C <- "64.5817515"
  
 CHARMM>     
  
 CHARMM>    if a .lt. -10 if a .gt. -20 if c .gt. @botarea set botarea = @c
 Parameter: BOTAREA -> "65.542285"
 Parameter: C -> "64.5817515"
 Comparing "6.4" and "-10".
 IF test evaluated as false.  Skipping command
  
 CHARMM>    if a .gt.  10 if a .lt.  20 if c .gt. @toparea set toparea = @c
 Parameter: TOPAREA -> "-1"
 Parameter: C -> "64.5817515"
 Comparing "6.4" and "10".
 IF test evaluated as false.  Skipping command
  
 CHARMM>     
  
 CHARMM>    write title unit 51
 RDTITL> * 6.6  64.5817515
 RDTITL> *
  
 CHARMM>     
  
 CHARMM>    incr a by @dcel
 Parameter: DCEL -> "0.2"
 Parameter: A <- "6.6"
  
 CHARMM>    incr b by @dcel
 Parameter: DCEL -> "0.2"
 Parameter: B <- "6.8"
  
 CHARMM>    if b le ?ZMAX goto DOAREA
 RDCMND substituted energy or value "?ZMAX" to "11.3324505"
 Comparing "6.8" and "11.3324505".
 IF test evaluated as true.  Performing command
  
 CHARMM>     
  
 CHARMM>    ! Cross sectional protein area with whole atom.
 CHARMM>    scalar wmain = radius
  
 CHARMM>    scalar wmain mult 2.5   sele resname TIP3 end
 SELRPN>      0 atoms have been selected out of    112
  
 CHARMM>    scalar wmain add  1.529 sele .not. resname TIP3 end
 SELRPN>    112 atoms have been selected out of    112
  
 CHARMM>    scalar wmain mult 0.85  sele .not. resname TIP3 end
 SELRPN>    112 atoms have been selected out of    112
  
 CHARMM>    calc zab = ( @a + @b ) / 2.0
 Parameter: A -> "6.6"
 Parameter: B -> "6.8"
Evaluating: (6.6+6.8)/2.0
 Parameter: ZAB <- "6.7"
  
 CHARMM>     
  
 CHARMM>    coor search -
 CHARMM>         xmin @x1  xmax @x2  xgrip @xncel -
 CHARMM>         ymin @y1  ymax @y2  ygrip @yncel -
 CHARMM>         zmin @a   zmax @b   zgrip 5
 Parameter: X1 -> "-7.60718474"
 Parameter: X2 -> "9.25477513"
 Parameter: XNCEL -> "84"
 Parameter: Y1 -> "-7.85469042"
 Parameter: Y2 -> "7.6262562"
 Parameter: YNCEL -> "77"
 Parameter: A -> "6.6"
 Parameter: B -> "6.8"

 A TOTAL OF    24543   VACUUM POINTS WERE FOUND
 A TOTAL OF     7797 OCCUPIED POINTS WERE FOUND
 A TOTAL OF        0 EXTERNAL POINTS WERE FOUND
 A TOTAL OF    24543 SELECTED POINTS WERE FOUND
 TOTAL OCCUPIED  VOLUME =      12.587025
 TOTAL SELECTED  VOLUME =      39.620796
 TOTAL FREE      VOLUME =      39.620796
 FRACTIONAL FREE VOLUME =      75.890538
  
 CHARMM>     
  
 CHARMM>    calc c = ?volume * @factor
 Parameter: FACTOR -> "5"
 RDCMND substituted energy or value "?VOLUME" to "12.5870245"
Evaluating: 12.5870245*5
 Parameter: C <- "62.9351225"
  
 CHARMM>     
  
 CHARMM>    if a .lt. -10 if a .gt. -20 if c .gt. @botarea set botarea = @c
 Parameter: BOTAREA -> "65.542285"
 Parameter: C -> "62.9351225"
 Comparing "6.6" and "-10".
 IF test evaluated as false.  Skipping command
  
 CHARMM>    if a .gt.  10 if a .lt.  20 if c .gt. @toparea set toparea = @c
 Parameter: TOPAREA -> "-1"
 Parameter: C -> "62.9351225"
 Comparing "6.6" and "10".
 IF test evaluated as false.  Skipping command
  
 CHARMM>     
  
 CHARMM>    write title unit 51
 RDTITL> * 6.8  62.9351225
 RDTITL> *
  
 CHARMM>     
  
 CHARMM>    incr a by @dcel
 Parameter: DCEL -> "0.2"
 Parameter: A <- "6.8"
  
 CHARMM>    incr b by @dcel
 Parameter: DCEL -> "0.2"
 Parameter: B <- "7"
  
 CHARMM>    if b le ?ZMAX goto DOAREA
 RDCMND substituted energy or value "?ZMAX" to "11.3324505"
 Comparing "7" and "11.3324505".
 IF test evaluated as true.  Performing command
  
 CHARMM>     
  
 CHARMM>    ! Cross sectional protein area with whole atom.
 CHARMM>    scalar wmain = radius
  
 CHARMM>    scalar wmain mult 2.5   sele resname TIP3 end
 SELRPN>      0 atoms have been selected out of    112
  
 CHARMM>    scalar wmain add  1.529 sele .not. resname TIP3 end
 SELRPN>    112 atoms have been selected out of    112
  
 CHARMM>    scalar wmain mult 0.85  sele .not. resname TIP3 end
 SELRPN>    112 atoms have been selected out of    112
  
 CHARMM>    calc zab = ( @a + @b ) / 2.0
 Parameter: A -> "6.8"
 Parameter: B -> "7"
Evaluating: (6.8+7)/2.0
 Parameter: ZAB <- "6.9"
  
 CHARMM>     
  
 CHARMM>    coor search -
 CHARMM>         xmin @x1  xmax @x2  xgrip @xncel -
 CHARMM>         ymin @y1  ymax @y2  ygrip @yncel -
 CHARMM>         zmin @a   zmax @b   zgrip 5
 Parameter: X1 -> "-7.60718474"
 Parameter: X2 -> "9.25477513"
 Parameter: XNCEL -> "84"
 Parameter: Y1 -> "-7.85469042"
 Parameter: Y2 -> "7.6262562"
 Parameter: YNCEL -> "77"
 Parameter: A -> "6.8"
 Parameter: B -> "7"

 A TOTAL OF    24746   VACUUM POINTS WERE FOUND
 A TOTAL OF     7594 OCCUPIED POINTS WERE FOUND
 A TOTAL OF        0 EXTERNAL POINTS WERE FOUND
 A TOTAL OF    24746 SELECTED POINTS WERE FOUND
 TOTAL OCCUPIED  VOLUME =      12.259313
 TOTAL SELECTED  VOLUME =      39.948507
 TOTAL FREE      VOLUME =      39.948507
 FRACTIONAL FREE VOLUME =      76.518244
  
 CHARMM>     
  
 CHARMM>    calc c = ?volume * @factor
 Parameter: FACTOR -> "5"
 RDCMND substituted energy or value "?VOLUME" to "12.2593131"
Evaluating: 12.2593131*5
 Parameter: C <- "61.2965655"
  
 CHARMM>     
  
 CHARMM>    if a .lt. -10 if a .gt. -20 if c .gt. @botarea set botarea = @c
 Parameter: BOTAREA -> "65.542285"
 Parameter: C -> "61.2965655"
 Comparing "6.8" and "-10".
 IF test evaluated as false.  Skipping command
  
 CHARMM>    if a .gt.  10 if a .lt.  20 if c .gt. @toparea set toparea = @c
 Parameter: TOPAREA -> "-1"
 Parameter: C -> "61.2965655"
 Comparing "6.8" and "10".
 IF test evaluated as false.  Skipping command
  
 CHARMM>     
  
 CHARMM>    write title unit 51
 RDTITL> * 7  61.2965655
 RDTITL> *
  
 CHARMM>     
  
 CHARMM>    incr a by @dcel
 Parameter: DCEL -> "0.2"
 Parameter: A <- "7"
  
 CHARMM>    incr b by @dcel
 Parameter: DCEL -> "0.2"
 Parameter: B <- "7.2"
  
 CHARMM>    if b le ?ZMAX goto DOAREA
 RDCMND substituted energy or value "?ZMAX" to "11.3324505"
 Comparing "7.2" and "11.3324505".
 IF test evaluated as true.  Performing command
  
 CHARMM>     
  
 CHARMM>    ! Cross sectional protein area with whole atom.
 CHARMM>    scalar wmain = radius
  
 CHARMM>    scalar wmain mult 2.5   sele resname TIP3 end
 SELRPN>      0 atoms have been selected out of    112
  
 CHARMM>    scalar wmain add  1.529 sele .not. resname TIP3 end
 SELRPN>    112 atoms have been selected out of    112
  
 CHARMM>    scalar wmain mult 0.85  sele .not. resname TIP3 end
 SELRPN>    112 atoms have been selected out of    112
  
 CHARMM>    calc zab = ( @a + @b ) / 2.0
 Parameter: A -> "7"
 Parameter: B -> "7.2"
Evaluating: (7+7.2)/2.0
 Parameter: ZAB <- "7.1"
  
 CHARMM>     
  
 CHARMM>    coor search -
 CHARMM>         xmin @x1  xmax @x2  xgrip @xncel -
 CHARMM>         ymin @y1  ymax @y2  ygrip @yncel -
 CHARMM>         zmin @a   zmax @b   zgrip 5
 Parameter: X1 -> "-7.60718474"
 Parameter: X2 -> "9.25477513"
 Parameter: XNCEL -> "84"
 Parameter: Y1 -> "-7.85469042"
 Parameter: Y2 -> "7.6262562"
 Parameter: YNCEL -> "77"
 Parameter: A -> "7"
 Parameter: B -> "7.2"

 A TOTAL OF    24974   VACUUM POINTS WERE FOUND
 A TOTAL OF     7366 OCCUPIED POINTS WERE FOUND
 A TOTAL OF        0 EXTERNAL POINTS WERE FOUND
 A TOTAL OF    24974 SELECTED POINTS WERE FOUND
 TOTAL OCCUPIED  VOLUME =      11.891243
 TOTAL SELECTED  VOLUME =      40.316577
 TOTAL FREE      VOLUME =      40.316577
 FRACTIONAL FREE VOLUME =      77.223253
  
 CHARMM>     
  
 CHARMM>    calc c = ?volume * @factor
 Parameter: FACTOR -> "5"
 RDCMND substituted energy or value "?VOLUME" to "11.8912431"
Evaluating: 11.8912431*5
 Parameter: C <- "59.4562155"
  
 CHARMM>     
  
 CHARMM>    if a .lt. -10 if a .gt. -20 if c .gt. @botarea set botarea = @c
 Parameter: BOTAREA -> "65.542285"
 Parameter: C -> "59.4562155"
 Comparing "7" and "-10".
 IF test evaluated as false.  Skipping command
  
 CHARMM>    if a .gt.  10 if a .lt.  20 if c .gt. @toparea set toparea = @c
 Parameter: TOPAREA -> "-1"
 Parameter: C -> "59.4562155"
 Comparing "7" and "10".
 IF test evaluated as false.  Skipping command
  
 CHARMM>     
  
 CHARMM>    write title unit 51
 RDTITL> * 7.2  59.4562155
 RDTITL> *
  
 CHARMM>     
  
 CHARMM>    incr a by @dcel
 Parameter: DCEL -> "0.2"
 Parameter: A <- "7.2"
  
 CHARMM>    incr b by @dcel
 Parameter: DCEL -> "0.2"
 Parameter: B <- "7.4"
  
 CHARMM>    if b le ?ZMAX goto DOAREA
 RDCMND substituted energy or value "?ZMAX" to "11.3324505"
 Comparing "7.4" and "11.3324505".
 IF test evaluated as true.  Performing command
  
 CHARMM>     
  
 CHARMM>    ! Cross sectional protein area with whole atom.
 CHARMM>    scalar wmain = radius
  
 CHARMM>    scalar wmain mult 2.5   sele resname TIP3 end
 SELRPN>      0 atoms have been selected out of    112
  
 CHARMM>    scalar wmain add  1.529 sele .not. resname TIP3 end
 SELRPN>    112 atoms have been selected out of    112
  
 CHARMM>    scalar wmain mult 0.85  sele .not. resname TIP3 end
 SELRPN>    112 atoms have been selected out of    112
  
 CHARMM>    calc zab = ( @a + @b ) / 2.0
 Parameter: A -> "7.2"
 Parameter: B -> "7.4"
Evaluating: (7.2+7.4)/2.0
 Parameter: ZAB <- "7.3"
  
 CHARMM>     
  
 CHARMM>    coor search -
 CHARMM>         xmin @x1  xmax @x2  xgrip @xncel -
 CHARMM>         ymin @y1  ymax @y2  ygrip @yncel -
 CHARMM>         zmin @a   zmax @b   zgrip 5
 Parameter: X1 -> "-7.60718474"
 Parameter: X2 -> "9.25477513"
 Parameter: XNCEL -> "84"
 Parameter: Y1 -> "-7.85469042"
 Parameter: Y2 -> "7.6262562"
 Parameter: YNCEL -> "77"
 Parameter: A -> "7.2"
 Parameter: B -> "7.4"

 A TOTAL OF    25198   VACUUM POINTS WERE FOUND
 A TOTAL OF     7142 OCCUPIED POINTS WERE FOUND
 A TOTAL OF        0 EXTERNAL POINTS WERE FOUND
 A TOTAL OF    25198 SELECTED POINTS WERE FOUND
 TOTAL OCCUPIED  VOLUME =      11.529631
 TOTAL SELECTED  VOLUME =      40.678190
 TOTAL FREE      VOLUME =      40.678190
 FRACTIONAL FREE VOLUME =      77.915894
  
 CHARMM>     
  
 CHARMM>    calc c = ?volume * @factor
 Parameter: FACTOR -> "5"
 RDCMND substituted energy or value "?VOLUME" to "11.5296305"
Evaluating: 11.5296305*5
 Parameter: C <- "57.6481525"
  
 CHARMM>     
  
 CHARMM>    if a .lt. -10 if a .gt. -20 if c .gt. @botarea set botarea = @c
 Parameter: BOTAREA -> "65.542285"
 Parameter: C -> "57.6481525"
 Comparing "7.2" and "-10".
 IF test evaluated as false.  Skipping command
  
 CHARMM>    if a .gt.  10 if a .lt.  20 if c .gt. @toparea set toparea = @c
 Parameter: TOPAREA -> "-1"
 Parameter: C -> "57.6481525"
 Comparing "7.2" and "10".
 IF test evaluated as false.  Skipping command
  
 CHARMM>     
  
 CHARMM>    write title unit 51
 RDTITL> * 7.4  57.6481525
 RDTITL> *
  
 CHARMM>     
  
 CHARMM>    incr a by @dcel
 Parameter: DCEL -> "0.2"
 Parameter: A <- "7.4"
  
 CHARMM>    incr b by @dcel
 Parameter: DCEL -> "0.2"
 Parameter: B <- "7.6"
  
 CHARMM>    if b le ?ZMAX goto DOAREA
 RDCMND substituted energy or value "?ZMAX" to "11.3324505"
 Comparing "7.6" and "11.3324505".
 IF test evaluated as true.  Performing command
  
 CHARMM>     
  
 CHARMM>    ! Cross sectional protein area with whole atom.
 CHARMM>    scalar wmain = radius
  
 CHARMM>    scalar wmain mult 2.5   sele resname TIP3 end
 SELRPN>      0 atoms have been selected out of    112
  
 CHARMM>    scalar wmain add  1.529 sele .not. resname TIP3 end
 SELRPN>    112 atoms have been selected out of    112
  
 CHARMM>    scalar wmain mult 0.85  sele .not. resname TIP3 end
 SELRPN>    112 atoms have been selected out of    112
  
 CHARMM>    calc zab = ( @a + @b ) / 2.0
 Parameter: A -> "7.4"
 Parameter: B -> "7.6"
Evaluating: (7.4+7.6)/2.0
 Parameter: ZAB <- "7.5"
  
 CHARMM>     
  
 CHARMM>    coor search -
 CHARMM>         xmin @x1  xmax @x2  xgrip @xncel -
 CHARMM>         ymin @y1  ymax @y2  ygrip @yncel -
 CHARMM>         zmin @a   zmax @b   zgrip 5
 Parameter: X1 -> "-7.60718474"
 Parameter: X2 -> "9.25477513"
 Parameter: XNCEL -> "84"
 Parameter: Y1 -> "-7.85469042"
 Parameter: Y2 -> "7.6262562"
 Parameter: YNCEL -> "77"
 Parameter: A -> "7.4"
 Parameter: B -> "7.6"

 A TOTAL OF    25283   VACUUM POINTS WERE FOUND
 A TOTAL OF     7057 OCCUPIED POINTS WERE FOUND
 A TOTAL OF        0 EXTERNAL POINTS WERE FOUND
 A TOTAL OF    25283 SELECTED POINTS WERE FOUND
 TOTAL OCCUPIED  VOLUME =      11.392411
 TOTAL SELECTED  VOLUME =      40.815409
 TOTAL FREE      VOLUME =      40.815409
 FRACTIONAL FREE VOLUME =      78.178726
  
 CHARMM>     
  
 CHARMM>    calc c = ?volume * @factor
 Parameter: FACTOR -> "5"
 RDCMND substituted energy or value "?VOLUME" to "11.3924115"
Evaluating: 11.3924115*5
 Parameter: C <- "56.9620575"
  
 CHARMM>     
  
 CHARMM>    if a .lt. -10 if a .gt. -20 if c .gt. @botarea set botarea = @c
 Parameter: BOTAREA -> "65.542285"
 Parameter: C -> "56.9620575"
 Comparing "7.4" and "-10".
 IF test evaluated as false.  Skipping command
  
 CHARMM>    if a .gt.  10 if a .lt.  20 if c .gt. @toparea set toparea = @c
 Parameter: TOPAREA -> "-1"
 Parameter: C -> "56.9620575"
 Comparing "7.4" and "10".
 IF test evaluated as false.  Skipping command
  
 CHARMM>     
  
 CHARMM>    write title unit 51
 RDTITL> * 7.6  56.9620575
 RDTITL> *
  
 CHARMM>     
  
 CHARMM>    incr a by @dcel
 Parameter: DCEL -> "0.2"
 Parameter: A <- "7.6"
  
 CHARMM>    incr b by @dcel
 Parameter: DCEL -> "0.2"
 Parameter: B <- "7.8"
  
 CHARMM>    if b le ?ZMAX goto DOAREA
 RDCMND substituted energy or value "?ZMAX" to "11.3324505"
 Comparing "7.8" and "11.3324505".
 IF test evaluated as true.  Performing command
  
 CHARMM>     
  
 CHARMM>    ! Cross sectional protein area with whole atom.
 CHARMM>    scalar wmain = radius
  
 CHARMM>    scalar wmain mult 2.5   sele resname TIP3 end
 SELRPN>      0 atoms have been selected out of    112
  
 CHARMM>    scalar wmain add  1.529 sele .not. resname TIP3 end
 SELRPN>    112 atoms have been selected out of    112
  
 CHARMM>    scalar wmain mult 0.85  sele .not. resname TIP3 end
 SELRPN>    112 atoms have been selected out of    112
  
 CHARMM>    calc zab = ( @a + @b ) / 2.0
 Parameter: A -> "7.6"
 Parameter: B -> "7.8"
Evaluating: (7.6+7.8)/2.0
 Parameter: ZAB <- "7.7"
  
 CHARMM>     
  
 CHARMM>    coor search -
 CHARMM>         xmin @x1  xmax @x2  xgrip @xncel -
 CHARMM>         ymin @y1  ymax @y2  ygrip @yncel -
 CHARMM>         zmin @a   zmax @b   zgrip 5
 Parameter: X1 -> "-7.60718474"
 Parameter: X2 -> "9.25477513"
 Parameter: XNCEL -> "84"
 Parameter: Y1 -> "-7.85469042"
 Parameter: Y2 -> "7.6262562"
 Parameter: YNCEL -> "77"
 Parameter: A -> "7.6"
 Parameter: B -> "7.8"

 A TOTAL OF    25236   VACUUM POINTS WERE FOUND
 A TOTAL OF     7104 OCCUPIED POINTS WERE FOUND
 A TOTAL OF        0 EXTERNAL POINTS WERE FOUND
 A TOTAL OF    25236 SELECTED POINTS WERE FOUND
 TOTAL OCCUPIED  VOLUME =      11.468286
 TOTAL SELECTED  VOLUME =      40.739535
 TOTAL FREE      VOLUME =      40.739535
 FRACTIONAL FREE VOLUME =      78.033395
  
 CHARMM>     
  
 CHARMM>    calc c = ?volume * @factor
 Parameter: FACTOR -> "5"
 RDCMND substituted energy or value "?VOLUME" to "11.4682855"
Evaluating: 11.4682855*5
 Parameter: C <- "57.3414275"
  
 CHARMM>     
  
 CHARMM>    if a .lt. -10 if a .gt. -20 if c .gt. @botarea set botarea = @c
 Parameter: BOTAREA -> "65.542285"
 Parameter: C -> "57.3414275"
 Comparing "7.6" and "-10".
 IF test evaluated as false.  Skipping command
  
 CHARMM>    if a .gt.  10 if a .lt.  20 if c .gt. @toparea set toparea = @c
 Parameter: TOPAREA -> "-1"
 Parameter: C -> "57.3414275"
 Comparing "7.6" and "10".
 IF test evaluated as false.  Skipping command
  
 CHARMM>     
  
 CHARMM>    write title unit 51
 RDTITL> * 7.8  57.3414275
 RDTITL> *
  
 CHARMM>     
  
 CHARMM>    incr a by @dcel
 Parameter: DCEL -> "0.2"
 Parameter: A <- "7.8"
  
 CHARMM>    incr b by @dcel
 Parameter: DCEL -> "0.2"
 Parameter: B <- "8"
  
 CHARMM>    if b le ?ZMAX goto DOAREA
 RDCMND substituted energy or value "?ZMAX" to "11.3324505"
 Comparing "8" and "11.3324505".
 IF test evaluated as true.  Performing command
  
 CHARMM>     
  
 CHARMM>    ! Cross sectional protein area with whole atom.
 CHARMM>    scalar wmain = radius
  
 CHARMM>    scalar wmain mult 2.5   sele resname TIP3 end
 SELRPN>      0 atoms have been selected out of    112
  
 CHARMM>    scalar wmain add  1.529 sele .not. resname TIP3 end
 SELRPN>    112 atoms have been selected out of    112
  
 CHARMM>    scalar wmain mult 0.85  sele .not. resname TIP3 end
 SELRPN>    112 atoms have been selected out of    112
  
 CHARMM>    calc zab = ( @a + @b ) / 2.0
 Parameter: A -> "7.8"
 Parameter: B -> "8"
Evaluating: (7.8+8)/2.0
 Parameter: ZAB <- "7.9"
  
 CHARMM>     
  
 CHARMM>    coor search -
 CHARMM>         xmin @x1  xmax @x2  xgrip @xncel -
 CHARMM>         ymin @y1  ymax @y2  ygrip @yncel -
 CHARMM>         zmin @a   zmax @b   zgrip 5
 Parameter: X1 -> "-7.60718474"
 Parameter: X2 -> "9.25477513"
 Parameter: XNCEL -> "84"
 Parameter: Y1 -> "-7.85469042"
 Parameter: Y2 -> "7.6262562"
 Parameter: YNCEL -> "77"
 Parameter: A -> "7.8"
 Parameter: B -> "8"

 A TOTAL OF    25186   VACUUM POINTS WERE FOUND
 A TOTAL OF     7154 OCCUPIED POINTS WERE FOUND
 A TOTAL OF        0 EXTERNAL POINTS WERE FOUND
 A TOTAL OF    25186 SELECTED POINTS WERE FOUND
 TOTAL OCCUPIED  VOLUME =      11.549003
 TOTAL SELECTED  VOLUME =      40.658817
 TOTAL FREE      VOLUME =      40.658817
 FRACTIONAL FREE VOLUME =      77.878788
  
 CHARMM>     
  
 CHARMM>    calc c = ?volume * @factor
 Parameter: FACTOR -> "5"
 RDCMND substituted energy or value "?VOLUME" to "11.5490026"
Evaluating: 11.5490026*5
 Parameter: C <- "57.745013"
  
 CHARMM>     
  
 CHARMM>    if a .lt. -10 if a .gt. -20 if c .gt. @botarea set botarea = @c
 Parameter: BOTAREA -> "65.542285"
 Parameter: C -> "57.745013"
 Comparing "7.8" and "-10".
 IF test evaluated as false.  Skipping command
  
 CHARMM>    if a .gt.  10 if a .lt.  20 if c .gt. @toparea set toparea = @c
 Parameter: TOPAREA -> "-1"
 Parameter: C -> "57.745013"
 Comparing "7.8" and "10".
 IF test evaluated as false.  Skipping command
  
 CHARMM>     
  
 CHARMM>    write title unit 51
 RDTITL> * 8  57.745013
 RDTITL> *
  
 CHARMM>     
  
 CHARMM>    incr a by @dcel
 Parameter: DCEL -> "0.2"
 Parameter: A <- "8"
  
 CHARMM>    incr b by @dcel
 Parameter: DCEL -> "0.2"
 Parameter: B <- "8.2"
  
 CHARMM>    if b le ?ZMAX goto DOAREA
 RDCMND substituted energy or value "?ZMAX" to "11.3324505"
 Comparing "8.2" and "11.3324505".
 IF test evaluated as true.  Performing command
  
 CHARMM>     
  
 CHARMM>    ! Cross sectional protein area with whole atom.
 CHARMM>    scalar wmain = radius
  
 CHARMM>    scalar wmain mult 2.5   sele resname TIP3 end
 SELRPN>      0 atoms have been selected out of    112
  
 CHARMM>    scalar wmain add  1.529 sele .not. resname TIP3 end
 SELRPN>    112 atoms have been selected out of    112
  
 CHARMM>    scalar wmain mult 0.85  sele .not. resname TIP3 end
 SELRPN>    112 atoms have been selected out of    112
  
 CHARMM>    calc zab = ( @a + @b ) / 2.0
 Parameter: A -> "8"
 Parameter: B -> "8.2"
Evaluating: (8+8.2)/2.0
 Parameter: ZAB <- "8.1"
  
 CHARMM>     
  
 CHARMM>    coor search -
 CHARMM>         xmin @x1  xmax @x2  xgrip @xncel -
 CHARMM>         ymin @y1  ymax @y2  ygrip @yncel -
 CHARMM>         zmin @a   zmax @b   zgrip 5
 Parameter: X1 -> "-7.60718474"
 Parameter: X2 -> "9.25477513"
 Parameter: XNCEL -> "84"
 Parameter: Y1 -> "-7.85469042"
 Parameter: Y2 -> "7.6262562"
 Parameter: YNCEL -> "77"
 Parameter: A -> "8"
 Parameter: B -> "8.2"

 A TOTAL OF    25110   VACUUM POINTS WERE FOUND
 A TOTAL OF     7230 OCCUPIED POINTS WERE FOUND
 A TOTAL OF        0 EXTERNAL POINTS WERE FOUND
 A TOTAL OF    25110 SELECTED POINTS WERE FOUND
 TOTAL OCCUPIED  VOLUME =      11.671693
 TOTAL SELECTED  VOLUME =      40.536128
 TOTAL FREE      VOLUME =      40.536128
 FRACTIONAL FREE VOLUME =      77.643785
  
 CHARMM>     
  
 CHARMM>    calc c = ?volume * @factor
 Parameter: FACTOR -> "5"
 RDCMND substituted energy or value "?VOLUME" to "11.6716926"
Evaluating: 11.6716926*5
 Parameter: C <- "58.358463"
  
 CHARMM>     
  
 CHARMM>    if a .lt. -10 if a .gt. -20 if c .gt. @botarea set botarea = @c
 Parameter: BOTAREA -> "65.542285"
 Parameter: C -> "58.358463"
 Comparing "8" and "-10".
 IF test evaluated as false.  Skipping command
  
 CHARMM>    if a .gt.  10 if a .lt.  20 if c .gt. @toparea set toparea = @c
 Parameter: TOPAREA -> "-1"
 Parameter: C -> "58.358463"
 Comparing "8" and "10".
 IF test evaluated as false.  Skipping command
  
 CHARMM>     
  
 CHARMM>    write title unit 51
 RDTITL> * 8.2  58.358463
 RDTITL> *
  
 CHARMM>     
  
 CHARMM>    incr a by @dcel
 Parameter: DCEL -> "0.2"
 Parameter: A <- "8.2"
  
 CHARMM>    incr b by @dcel
 Parameter: DCEL -> "0.2"
 Parameter: B <- "8.4"
  
 CHARMM>    if b le ?ZMAX goto DOAREA
 RDCMND substituted energy or value "?ZMAX" to "11.3324505"
 Comparing "8.4" and "11.3324505".
 IF test evaluated as true.  Performing command
  
 CHARMM>     
  
 CHARMM>    ! Cross sectional protein area with whole atom.
 CHARMM>    scalar wmain = radius
  
 CHARMM>    scalar wmain mult 2.5   sele resname TIP3 end
 SELRPN>      0 atoms have been selected out of    112
  
 CHARMM>    scalar wmain add  1.529 sele .not. resname TIP3 end
 SELRPN>    112 atoms have been selected out of    112
  
 CHARMM>    scalar wmain mult 0.85  sele .not. resname TIP3 end
 SELRPN>    112 atoms have been selected out of    112
  
 CHARMM>    calc zab = ( @a + @b ) / 2.0
 Parameter: A -> "8.2"
 Parameter: B -> "8.4"
Evaluating: (8.2+8.4)/2.0
 Parameter: ZAB <- "8.3"
  
 CHARMM>     
  
 CHARMM>    coor search -
 CHARMM>         xmin @x1  xmax @x2  xgrip @xncel -
 CHARMM>         ymin @y1  ymax @y2  ygrip @yncel -
 CHARMM>         zmin @a   zmax @b   zgrip 5
 Parameter: X1 -> "-7.60718474"
 Parameter: X2 -> "9.25477513"
 Parameter: XNCEL -> "84"
 Parameter: Y1 -> "-7.85469042"
 Parameter: Y2 -> "7.6262562"
 Parameter: YNCEL -> "77"
 Parameter: A -> "8.2"
 Parameter: B -> "8.4"

 A TOTAL OF    25049   VACUUM POINTS WERE FOUND
 A TOTAL OF     7291 OCCUPIED POINTS WERE FOUND
 A TOTAL OF        0 EXTERNAL POINTS WERE FOUND
 A TOTAL OF    25049 SELECTED POINTS WERE FOUND
 TOTAL OCCUPIED  VOLUME =      11.770167
 TOTAL SELECTED  VOLUME =      40.437653
 TOTAL FREE      VOLUME =      40.437653
 FRACTIONAL FREE VOLUME =      77.455164
  
 CHARMM>     
  
 CHARMM>    calc c = ?volume * @factor
 Parameter: FACTOR -> "5"
 RDCMND substituted energy or value "?VOLUME" to "11.7701675"
Evaluating: 11.7701675*5
 Parameter: C <- "58.8508375"
  
 CHARMM>     
  
 CHARMM>    if a .lt. -10 if a .gt. -20 if c .gt. @botarea set botarea = @c
 Parameter: BOTAREA -> "65.542285"
 Parameter: C -> "58.8508375"
 Comparing "8.2" and "-10".
 IF test evaluated as false.  Skipping command
  
 CHARMM>    if a .gt.  10 if a .lt.  20 if c .gt. @toparea set toparea = @c
 Parameter: TOPAREA -> "-1"
 Parameter: C -> "58.8508375"
 Comparing "8.2" and "10".
 IF test evaluated as false.  Skipping command
  
 CHARMM>     
  
 CHARMM>    write title unit 51
 RDTITL> * 8.4  58.8508375
 RDTITL> *
  
 CHARMM>     
  
 CHARMM>    incr a by @dcel
 Parameter: DCEL -> "0.2"
 Parameter: A <- "8.4"
  
 CHARMM>    incr b by @dcel
 Parameter: DCEL -> "0.2"
 Parameter: B <- "8.6"
  
 CHARMM>    if b le ?ZMAX goto DOAREA
 RDCMND substituted energy or value "?ZMAX" to "11.3324505"
 Comparing "8.6" and "11.3324505".
 IF test evaluated as true.  Performing command
  
 CHARMM>     
  
 CHARMM>    ! Cross sectional protein area with whole atom.
 CHARMM>    scalar wmain = radius
  
 CHARMM>    scalar wmain mult 2.5   sele resname TIP3 end
 SELRPN>      0 atoms have been selected out of    112
  
 CHARMM>    scalar wmain add  1.529 sele .not. resname TIP3 end
 SELRPN>    112 atoms have been selected out of    112
  
 CHARMM>    scalar wmain mult 0.85  sele .not. resname TIP3 end
 SELRPN>    112 atoms have been selected out of    112
  
 CHARMM>    calc zab = ( @a + @b ) / 2.0
 Parameter: A -> "8.4"
 Parameter: B -> "8.6"
Evaluating: (8.4+8.6)/2.0
 Parameter: ZAB <- "8.5"
  
 CHARMM>     
  
 CHARMM>    coor search -
 CHARMM>         xmin @x1  xmax @x2  xgrip @xncel -
 CHARMM>         ymin @y1  ymax @y2  ygrip @yncel -
 CHARMM>         zmin @a   zmax @b   zgrip 5
 Parameter: X1 -> "-7.60718474"
 Parameter: X2 -> "9.25477513"
 Parameter: XNCEL -> "84"
 Parameter: Y1 -> "-7.85469042"
 Parameter: Y2 -> "7.6262562"
 Parameter: YNCEL -> "77"
 Parameter: A -> "8.4"
 Parameter: B -> "8.6"

 A TOTAL OF    24918   VACUUM POINTS WERE FOUND
 A TOTAL OF     7422 OCCUPIED POINTS WERE FOUND
 A TOTAL OF        0 EXTERNAL POINTS WERE FOUND
 A TOTAL OF    24918 SELECTED POINTS WERE FOUND
 TOTAL OCCUPIED  VOLUME =      11.981646
 TOTAL SELECTED  VOLUME =      40.226174
 TOTAL FREE      VOLUME =      40.226174
 FRACTIONAL FREE VOLUME =      77.050093
  
 CHARMM>     
  
 CHARMM>    calc c = ?volume * @factor
 Parameter: FACTOR -> "5"
 RDCMND substituted energy or value "?VOLUME" to "11.9816463"
Evaluating: 11.9816463*5
 Parameter: C <- "59.9082315"
  
 CHARMM>     
  
 CHARMM>    if a .lt. -10 if a .gt. -20 if c .gt. @botarea set botarea = @c
 Parameter: BOTAREA -> "65.542285"
 Parameter: C -> "59.9082315"
 Comparing "8.4" and "-10".
 IF test evaluated as false.  Skipping command
  
 CHARMM>    if a .gt.  10 if a .lt.  20 if c .gt. @toparea set toparea = @c
 Parameter: TOPAREA -> "-1"
 Parameter: C -> "59.9082315"
 Comparing "8.4" and "10".
 IF test evaluated as false.  Skipping command
  
 CHARMM>     
  
 CHARMM>    write title unit 51
 RDTITL> * 8.6  59.9082315
 RDTITL> *
  
 CHARMM>     
  
 CHARMM>    incr a by @dcel
 Parameter: DCEL -> "0.2"
 Parameter: A <- "8.6"
  
 CHARMM>    incr b by @dcel
 Parameter: DCEL -> "0.2"
 Parameter: B <- "8.8"
  
 CHARMM>    if b le ?ZMAX goto DOAREA
 RDCMND substituted energy or value "?ZMAX" to "11.3324505"
 Comparing "8.8" and "11.3324505".
 IF test evaluated as true.  Performing command
  
 CHARMM>     
  
 CHARMM>    ! Cross sectional protein area with whole atom.
 CHARMM>    scalar wmain = radius
  
 CHARMM>    scalar wmain mult 2.5   sele resname TIP3 end
 SELRPN>      0 atoms have been selected out of    112
  
 CHARMM>    scalar wmain add  1.529 sele .not. resname TIP3 end
 SELRPN>    112 atoms have been selected out of    112
  
 CHARMM>    scalar wmain mult 0.85  sele .not. resname TIP3 end
 SELRPN>    112 atoms have been selected out of    112
  
 CHARMM>    calc zab = ( @a + @b ) / 2.0
 Parameter: A -> "8.6"
 Parameter: B -> "8.8"
Evaluating: (8.6+8.8)/2.0
 Parameter: ZAB <- "8.7"
  
 CHARMM>     
  
 CHARMM>    coor search -
 CHARMM>         xmin @x1  xmax @x2  xgrip @xncel -
 CHARMM>         ymin @y1  ymax @y2  ygrip @yncel -
 CHARMM>         zmin @a   zmax @b   zgrip 5
 Parameter: X1 -> "-7.60718474"
 Parameter: X2 -> "9.25477513"
 Parameter: XNCEL -> "84"
 Parameter: Y1 -> "-7.85469042"
 Parameter: Y2 -> "7.6262562"
 Parameter: YNCEL -> "77"
 Parameter: A -> "8.6"
 Parameter: B -> "8.8"

 A TOTAL OF    24817   VACUUM POINTS WERE FOUND
 A TOTAL OF     7523 OCCUPIED POINTS WERE FOUND
 A TOTAL OF        0 EXTERNAL POINTS WERE FOUND
 A TOTAL OF    24817 SELECTED POINTS WERE FOUND
 TOTAL OCCUPIED  VOLUME =      12.144695
 TOTAL SELECTED  VOLUME =      40.063125
 TOTAL FREE      VOLUME =      40.063125
 FRACTIONAL FREE VOLUME =      76.737786
  
 CHARMM>     
  
 CHARMM>    calc c = ?volume * @factor
 Parameter: FACTOR -> "5"
 RDCMND substituted energy or value "?VOLUME" to "12.1446948"
Evaluating: 12.1446948*5
 Parameter: C <- "60.723474"
  
 CHARMM>     
  
 CHARMM>    if a .lt. -10 if a .gt. -20 if c .gt. @botarea set botarea = @c
 Parameter: BOTAREA -> "65.542285"
 Parameter: C -> "60.723474"
 Comparing "8.6" and "-10".
 IF test evaluated as false.  Skipping command
  
 CHARMM>    if a .gt.  10 if a .lt.  20 if c .gt. @toparea set toparea = @c
 Parameter: TOPAREA -> "-1"
 Parameter: C -> "60.723474"
 Comparing "8.6" and "10".
 IF test evaluated as false.  Skipping command
  
 CHARMM>     
  
 CHARMM>    write title unit 51
 RDTITL> * 8.8  60.723474
 RDTITL> *
  
 CHARMM>     
  
 CHARMM>    incr a by @dcel
 Parameter: DCEL -> "0.2"
 Parameter: A <- "8.8"
  
 CHARMM>    incr b by @dcel
 Parameter: DCEL -> "0.2"
 Parameter: B <- "9"
  
 CHARMM>    if b le ?ZMAX goto DOAREA
 RDCMND substituted energy or value "?ZMAX" to "11.3324505"
 Comparing "9" and "11.3324505".
 IF test evaluated as true.  Performing command
  
 CHARMM>     
  
 CHARMM>    ! Cross sectional protein area with whole atom.
 CHARMM>    scalar wmain = radius
  
 CHARMM>    scalar wmain mult 2.5   sele resname TIP3 end
 SELRPN>      0 atoms have been selected out of    112
  
 CHARMM>    scalar wmain add  1.529 sele .not. resname TIP3 end
 SELRPN>    112 atoms have been selected out of    112
  
 CHARMM>    scalar wmain mult 0.85  sele .not. resname TIP3 end
 SELRPN>    112 atoms have been selected out of    112
  
 CHARMM>    calc zab = ( @a + @b ) / 2.0
 Parameter: A -> "8.8"
 Parameter: B -> "9"
Evaluating: (8.8+9)/2.0
 Parameter: ZAB <- "8.9"
  
 CHARMM>     
  
 CHARMM>    coor search -
 CHARMM>         xmin @x1  xmax @x2  xgrip @xncel -
 CHARMM>         ymin @y1  ymax @y2  ygrip @yncel -
 CHARMM>         zmin @a   zmax @b   zgrip 5
 Parameter: X1 -> "-7.60718474"
 Parameter: X2 -> "9.25477513"
 Parameter: XNCEL -> "84"
 Parameter: Y1 -> "-7.85469042"
 Parameter: Y2 -> "7.6262562"
 Parameter: YNCEL -> "77"
 Parameter: A -> "8.8"
 Parameter: B -> "9"

 A TOTAL OF    24731   VACUUM POINTS WERE FOUND
 A TOTAL OF     7609 OCCUPIED POINTS WERE FOUND
 A TOTAL OF        0 EXTERNAL POINTS WERE FOUND
 A TOTAL OF    24731 SELECTED POINTS WERE FOUND
 TOTAL OCCUPIED  VOLUME =      12.283528
 TOTAL SELECTED  VOLUME =      39.924292
 TOTAL FREE      VOLUME =      39.924292
 FRACTIONAL FREE VOLUME =      76.471861
  
 CHARMM>     
  
 CHARMM>    calc c = ?volume * @factor
 Parameter: FACTOR -> "5"
 RDCMND substituted energy or value "?VOLUME" to "12.2835282"
Evaluating: 12.2835282*5
 Parameter: C <- "61.417641"
  
 CHARMM>     
  
 CHARMM>    if a .lt. -10 if a .gt. -20 if c .gt. @botarea set botarea = @c
 Parameter: BOTAREA -> "65.542285"
 Parameter: C -> "61.417641"
 Comparing "8.8" and "-10".
 IF test evaluated as false.  Skipping command
  
 CHARMM>    if a .gt.  10 if a .lt.  20 if c .gt. @toparea set toparea = @c
 Parameter: TOPAREA -> "-1"
 Parameter: C -> "61.417641"
 Comparing "8.8" and "10".
 IF test evaluated as false.  Skipping command
  
 CHARMM>     
  
 CHARMM>    write title unit 51
 RDTITL> * 9  61.417641
 RDTITL> *
  
 CHARMM>     
  
 CHARMM>    incr a by @dcel
 Parameter: DCEL -> "0.2"
 Parameter: A <- "9"
  
 CHARMM>    incr b by @dcel
 Parameter: DCEL -> "0.2"
 Parameter: B <- "9.2"
  
 CHARMM>    if b le ?ZMAX goto DOAREA
 RDCMND substituted energy or value "?ZMAX" to "11.3324505"
 Comparing "9.2" and "11.3324505".
 IF test evaluated as true.  Performing command
  
 CHARMM>     
  
 CHARMM>    ! Cross sectional protein area with whole atom.
 CHARMM>    scalar wmain = radius
  
 CHARMM>    scalar wmain mult 2.5   sele resname TIP3 end
 SELRPN>      0 atoms have been selected out of    112
  
 CHARMM>    scalar wmain add  1.529 sele .not. resname TIP3 end
 SELRPN>    112 atoms have been selected out of    112
  
 CHARMM>    scalar wmain mult 0.85  sele .not. resname TIP3 end
 SELRPN>    112 atoms have been selected out of    112
  
 CHARMM>    calc zab = ( @a + @b ) / 2.0
 Parameter: A -> "9"
 Parameter: B -> "9.2"
Evaluating: (9+9.2)/2.0
 Parameter: ZAB <- "9.1"
  
 CHARMM>     
  
 CHARMM>    coor search -
 CHARMM>         xmin @x1  xmax @x2  xgrip @xncel -
 CHARMM>         ymin @y1  ymax @y2  ygrip @yncel -
 CHARMM>         zmin @a   zmax @b   zgrip 5
 Parameter: X1 -> "-7.60718474"
 Parameter: X2 -> "9.25477513"
 Parameter: XNCEL -> "84"
 Parameter: Y1 -> "-7.85469042"
 Parameter: Y2 -> "7.6262562"
 Parameter: YNCEL -> "77"
 Parameter: A -> "9"
 Parameter: B -> "9.2"

 A TOTAL OF    24720   VACUUM POINTS WERE FOUND
 A TOTAL OF     7620 OCCUPIED POINTS WERE FOUND
 A TOTAL OF        0 EXTERNAL POINTS WERE FOUND
 A TOTAL OF    24720 SELECTED POINTS WERE FOUND
 TOTAL OCCUPIED  VOLUME =      12.301286
 TOTAL SELECTED  VOLUME =      39.906534
 TOTAL FREE      VOLUME =      39.906534
 FRACTIONAL FREE VOLUME =      76.437848
  
 CHARMM>     
  
 CHARMM>    calc c = ?volume * @factor
 Parameter: FACTOR -> "5"
 RDCMND substituted energy or value "?VOLUME" to "12.301286"
Evaluating: 12.301286*5
 Parameter: C <- "61.50643"
  
 CHARMM>     
  
 CHARMM>    if a .lt. -10 if a .gt. -20 if c .gt. @botarea set botarea = @c
 Parameter: BOTAREA -> "65.542285"
 Parameter: C -> "61.50643"
 Comparing "9" and "-10".
 IF test evaluated as false.  Skipping command
  
 CHARMM>    if a .gt.  10 if a .lt.  20 if c .gt. @toparea set toparea = @c
 Parameter: TOPAREA -> "-1"
 Parameter: C -> "61.50643"
 Comparing "9" and "10".
 IF test evaluated as false.  Skipping command
  
 CHARMM>     
  
 CHARMM>    write title unit 51
 RDTITL> * 9.2  61.50643
 RDTITL> *
  
 CHARMM>     
  
 CHARMM>    incr a by @dcel
 Parameter: DCEL -> "0.2"
 Parameter: A <- "9.2"
  
 CHARMM>    incr b by @dcel
 Parameter: DCEL -> "0.2"
 Parameter: B <- "9.4"
  
 CHARMM>    if b le ?ZMAX goto DOAREA
 RDCMND substituted energy or value "?ZMAX" to "11.3324505"
 Comparing "9.4" and "11.3324505".
 IF test evaluated as true.  Performing command
  
 CHARMM>     
  
 CHARMM>    ! Cross sectional protein area with whole atom.
 CHARMM>    scalar wmain = radius
  
 CHARMM>    scalar wmain mult 2.5   sele resname TIP3 end
 SELRPN>      0 atoms have been selected out of    112
  
 CHARMM>    scalar wmain add  1.529 sele .not. resname TIP3 end
 SELRPN>    112 atoms have been selected out of    112
  
 CHARMM>    scalar wmain mult 0.85  sele .not. resname TIP3 end
 SELRPN>    112 atoms have been selected out of    112
  
 CHARMM>    calc zab = ( @a + @b ) / 2.0
 Parameter: A -> "9.2"
 Parameter: B -> "9.4"
Evaluating: (9.2+9.4)/2.0
 Parameter: ZAB <- "9.3"
  
 CHARMM>     
  
 CHARMM>    coor search -
 CHARMM>         xmin @x1  xmax @x2  xgrip @xncel -
 CHARMM>         ymin @y1  ymax @y2  ygrip @yncel -
 CHARMM>         zmin @a   zmax @b   zgrip 5
 Parameter: X1 -> "-7.60718474"
 Parameter: X2 -> "9.25477513"
 Parameter: XNCEL -> "84"
 Parameter: Y1 -> "-7.85469042"
 Parameter: Y2 -> "7.6262562"
 Parameter: YNCEL -> "77"
 Parameter: A -> "9.2"
 Parameter: B -> "9.4"

 A TOTAL OF    24760   VACUUM POINTS WERE FOUND
 A TOTAL OF     7580 OCCUPIED POINTS WERE FOUND
 A TOTAL OF        0 EXTERNAL POINTS WERE FOUND
 A TOTAL OF    24760 SELECTED POINTS WERE FOUND
 TOTAL OCCUPIED  VOLUME =      12.236712
 TOTAL SELECTED  VOLUME =      39.971108
 TOTAL FREE      VOLUME =      39.971108
 FRACTIONAL FREE VOLUME =      76.561534
  
 CHARMM>     
  
 CHARMM>    calc c = ?volume * @factor
 Parameter: FACTOR -> "5"
 RDCMND substituted energy or value "?VOLUME" to "12.2367123"
Evaluating: 12.2367123*5
 Parameter: C <- "61.1835615"
  
 CHARMM>     
  
 CHARMM>    if a .lt. -10 if a .gt. -20 if c .gt. @botarea set botarea = @c
 Parameter: BOTAREA -> "65.542285"
 Parameter: C -> "61.1835615"
 Comparing "9.2" and "-10".
 IF test evaluated as false.  Skipping command
  
 CHARMM>    if a .gt.  10 if a .lt.  20 if c .gt. @toparea set toparea = @c
 Parameter: TOPAREA -> "-1"
 Parameter: C -> "61.1835615"
 Comparing "9.2" and "10".
 IF test evaluated as false.  Skipping command
  
 CHARMM>     
  
 CHARMM>    write title unit 51
 RDTITL> * 9.4  61.1835615
 RDTITL> *
  
 CHARMM>     
  
 CHARMM>    incr a by @dcel
 Parameter: DCEL -> "0.2"
 Parameter: A <- "9.4"
  
 CHARMM>    incr b by @dcel
 Parameter: DCEL -> "0.2"
 Parameter: B <- "9.6"
  
 CHARMM>    if b le ?ZMAX goto DOAREA
 RDCMND substituted energy or value "?ZMAX" to "11.3324505"
 Comparing "9.6" and "11.3324505".
 IF test evaluated as true.  Performing command
  
 CHARMM>     
  
 CHARMM>    ! Cross sectional protein area with whole atom.
 CHARMM>    scalar wmain = radius
  
 CHARMM>    scalar wmain mult 2.5   sele resname TIP3 end
 SELRPN>      0 atoms have been selected out of    112
  
 CHARMM>    scalar wmain add  1.529 sele .not. resname TIP3 end
 SELRPN>    112 atoms have been selected out of    112
  
 CHARMM>    scalar wmain mult 0.85  sele .not. resname TIP3 end
 SELRPN>    112 atoms have been selected out of    112
  
 CHARMM>    calc zab = ( @a + @b ) / 2.0
 Parameter: A -> "9.4"
 Parameter: B -> "9.6"
Evaluating: (9.4+9.6)/2.0
 Parameter: ZAB <- "9.5"
  
 CHARMM>     
  
 CHARMM>    coor search -
 CHARMM>         xmin @x1  xmax @x2  xgrip @xncel -
 CHARMM>         ymin @y1  ymax @y2  ygrip @yncel -
 CHARMM>         zmin @a   zmax @b   zgrip 5
 Parameter: X1 -> "-7.60718474"
 Parameter: X2 -> "9.25477513"
 Parameter: XNCEL -> "84"
 Parameter: Y1 -> "-7.85469042"
 Parameter: Y2 -> "7.6262562"
 Parameter: YNCEL -> "77"
 Parameter: A -> "9.4"
 Parameter: B -> "9.6"

 A TOTAL OF    24856   VACUUM POINTS WERE FOUND
 A TOTAL OF     7484 OCCUPIED POINTS WERE FOUND
 A TOTAL OF        0 EXTERNAL POINTS WERE FOUND
 A TOTAL OF    24856 SELECTED POINTS WERE FOUND
 TOTAL OCCUPIED  VOLUME =      12.081735
 TOTAL SELECTED  VOLUME =      40.126085
 TOTAL FREE      VOLUME =      40.126085
 FRACTIONAL FREE VOLUME =      76.858380
  
 CHARMM>     
  
 CHARMM>    calc c = ?volume * @factor
 Parameter: FACTOR -> "5"
 RDCMND substituted energy or value "?VOLUME" to "12.0817355"
Evaluating: 12.0817355*5
 Parameter: C <- "60.4086775"
  
 CHARMM>     
  
 CHARMM>    if a .lt. -10 if a .gt. -20 if c .gt. @botarea set botarea = @c
 Parameter: BOTAREA -> "65.542285"
 Parameter: C -> "60.4086775"
 Comparing "9.4" and "-10".
 IF test evaluated as false.  Skipping command
  
 CHARMM>    if a .gt.  10 if a .lt.  20 if c .gt. @toparea set toparea = @c
 Parameter: TOPAREA -> "-1"
 Parameter: C -> "60.4086775"
 Comparing "9.4" and "10".
 IF test evaluated as false.  Skipping command
  
 CHARMM>     
  
 CHARMM>    write title unit 51
 RDTITL> * 9.6  60.4086775
 RDTITL> *
  
 CHARMM>     
  
 CHARMM>    incr a by @dcel
 Parameter: DCEL -> "0.2"
 Parameter: A <- "9.6"
  
 CHARMM>    incr b by @dcel
 Parameter: DCEL -> "0.2"
 Parameter: B <- "9.8"
  
 CHARMM>    if b le ?ZMAX goto DOAREA
 RDCMND substituted energy or value "?ZMAX" to "11.3324505"
 Comparing "9.8" and "11.3324505".
 IF test evaluated as true.  Performing command
  
 CHARMM>     
  
 CHARMM>    ! Cross sectional protein area with whole atom.
 CHARMM>    scalar wmain = radius
  
 CHARMM>    scalar wmain mult 2.5   sele resname TIP3 end
 SELRPN>      0 atoms have been selected out of    112
  
 CHARMM>    scalar wmain add  1.529 sele .not. resname TIP3 end
 SELRPN>    112 atoms have been selected out of    112
  
 CHARMM>    scalar wmain mult 0.85  sele .not. resname TIP3 end
 SELRPN>    112 atoms have been selected out of    112
  
 CHARMM>    calc zab = ( @a + @b ) / 2.0
 Parameter: A -> "9.6"
 Parameter: B -> "9.8"
Evaluating: (9.6+9.8)/2.0
 Parameter: ZAB <- "9.7"
  
 CHARMM>     
  
 CHARMM>    coor search -
 CHARMM>         xmin @x1  xmax @x2  xgrip @xncel -
 CHARMM>         ymin @y1  ymax @y2  ygrip @yncel -
 CHARMM>         zmin @a   zmax @b   zgrip 5
 Parameter: X1 -> "-7.60718474"
 Parameter: X2 -> "9.25477513"
 Parameter: XNCEL -> "84"
 Parameter: Y1 -> "-7.85469042"
 Parameter: Y2 -> "7.6262562"
 Parameter: YNCEL -> "77"
 Parameter: A -> "9.6"
 Parameter: B -> "9.8"

 A TOTAL OF    24972   VACUUM POINTS WERE FOUND
 A TOTAL OF     7368 OCCUPIED POINTS WERE FOUND
 A TOTAL OF        0 EXTERNAL POINTS WERE FOUND
 A TOTAL OF    24972 SELECTED POINTS WERE FOUND
 TOTAL OCCUPIED  VOLUME =      11.894472
 TOTAL SELECTED  VOLUME =      40.313348
 TOTAL FREE      VOLUME =      40.313348
 FRACTIONAL FREE VOLUME =      77.217069
  
 CHARMM>     
  
 CHARMM>    calc c = ?volume * @factor
 Parameter: FACTOR -> "5"
 RDCMND substituted energy or value "?VOLUME" to "11.8944718"
Evaluating: 11.8944718*5
 Parameter: C <- "59.472359"
  
 CHARMM>     
  
 CHARMM>    if a .lt. -10 if a .gt. -20 if c .gt. @botarea set botarea = @c
 Parameter: BOTAREA -> "65.542285"
 Parameter: C -> "59.472359"
 Comparing "9.6" and "-10".
 IF test evaluated as false.  Skipping command
  
 CHARMM>    if a .gt.  10 if a .lt.  20 if c .gt. @toparea set toparea = @c
 Parameter: TOPAREA -> "-1"
 Parameter: C -> "59.472359"
 Comparing "9.6" and "10".
 IF test evaluated as false.  Skipping command
  
 CHARMM>     
  
 CHARMM>    write title unit 51
 RDTITL> * 9.8  59.472359
 RDTITL> *
  
 CHARMM>     
  
 CHARMM>    incr a by @dcel
 Parameter: DCEL -> "0.2"
 Parameter: A <- "9.8"
  
 CHARMM>    incr b by @dcel
 Parameter: DCEL -> "0.2"
 Parameter: B <- "10"
  
 CHARMM>    if b le ?ZMAX goto DOAREA
 RDCMND substituted energy or value "?ZMAX" to "11.3324505"
 Comparing "10" and "11.3324505".
 IF test evaluated as true.  Performing command
  
 CHARMM>     
  
 CHARMM>    ! Cross sectional protein area with whole atom.
 CHARMM>    scalar wmain = radius
  
 CHARMM>    scalar wmain mult 2.5   sele resname TIP3 end
 SELRPN>      0 atoms have been selected out of    112
  
 CHARMM>    scalar wmain add  1.529 sele .not. resname TIP3 end
 SELRPN>    112 atoms have been selected out of    112
  
 CHARMM>    scalar wmain mult 0.85  sele .not. resname TIP3 end
 SELRPN>    112 atoms have been selected out of    112
  
 CHARMM>    calc zab = ( @a + @b ) / 2.0
 Parameter: A -> "9.8"
 Parameter: B -> "10"
Evaluating: (9.8+10)/2.0
 Parameter: ZAB <- "9.9"
  
 CHARMM>     
  
 CHARMM>    coor search -
 CHARMM>         xmin @x1  xmax @x2  xgrip @xncel -
 CHARMM>         ymin @y1  ymax @y2  ygrip @yncel -
 CHARMM>         zmin @a   zmax @b   zgrip 5
 Parameter: X1 -> "-7.60718474"
 Parameter: X2 -> "9.25477513"
 Parameter: XNCEL -> "84"
 Parameter: Y1 -> "-7.85469042"
 Parameter: Y2 -> "7.6262562"
 Parameter: YNCEL -> "77"
 Parameter: A -> "9.8"
 Parameter: B -> "10"

 A TOTAL OF    25153   VACUUM POINTS WERE FOUND
 A TOTAL OF     7187 OCCUPIED POINTS WERE FOUND
 A TOTAL OF        0 EXTERNAL POINTS WERE FOUND
 A TOTAL OF    25153 SELECTED POINTS WERE FOUND
 TOTAL OCCUPIED  VOLUME =      11.602276
 TOTAL SELECTED  VOLUME =      40.605544
 TOTAL FREE      VOLUME =      40.605544
 FRACTIONAL FREE VOLUME =      77.776747
  
 CHARMM>     
  
 CHARMM>    calc c = ?volume * @factor
 Parameter: FACTOR -> "5"
 RDCMND substituted energy or value "?VOLUME" to "11.6022759"
Evaluating: 11.6022759*5
 Parameter: C <- "58.0113795"
  
 CHARMM>     
  
 CHARMM>    if a .lt. -10 if a .gt. -20 if c .gt. @botarea set botarea = @c
 Parameter: BOTAREA -> "65.542285"
 Parameter: C -> "58.0113795"
 Comparing "9.8" and "-10".
 IF test evaluated as false.  Skipping command
  
 CHARMM>    if a .gt.  10 if a .lt.  20 if c .gt. @toparea set toparea = @c
 Parameter: TOPAREA -> "-1"
 Parameter: C -> "58.0113795"
 Comparing "9.8" and "10".
 IF test evaluated as false.  Skipping command
  
 CHARMM>     
  
 CHARMM>    write title unit 51
 RDTITL> * 10  58.0113795
 RDTITL> *
  
 CHARMM>     
  
 CHARMM>    incr a by @dcel
 Parameter: DCEL -> "0.2"
 Parameter: A <- "10"
  
 CHARMM>    incr b by @dcel
 Parameter: DCEL -> "0.2"
 Parameter: B <- "10.2"
  
 CHARMM>    if b le ?ZMAX goto DOAREA
 RDCMND substituted energy or value "?ZMAX" to "11.3324505"
 Comparing "10.2" and "11.3324505".
 IF test evaluated as true.  Performing command
  
 CHARMM>     
  
 CHARMM>    ! Cross sectional protein area with whole atom.
 CHARMM>    scalar wmain = radius
  
 CHARMM>    scalar wmain mult 2.5   sele resname TIP3 end
 SELRPN>      0 atoms have been selected out of    112
  
 CHARMM>    scalar wmain add  1.529 sele .not. resname TIP3 end
 SELRPN>    112 atoms have been selected out of    112
  
 CHARMM>    scalar wmain mult 0.85  sele .not. resname TIP3 end
 SELRPN>    112 atoms have been selected out of    112
  
 CHARMM>    calc zab = ( @a + @b ) / 2.0
 Parameter: A -> "10"
 Parameter: B -> "10.2"
Evaluating: (10+10.2)/2.0
 Parameter: ZAB <- "10.1"
  
 CHARMM>     
  
 CHARMM>    coor search -
 CHARMM>         xmin @x1  xmax @x2  xgrip @xncel -
 CHARMM>         ymin @y1  ymax @y2  ygrip @yncel -
 CHARMM>         zmin @a   zmax @b   zgrip 5
 Parameter: X1 -> "-7.60718474"
 Parameter: X2 -> "9.25477513"
 Parameter: XNCEL -> "84"
 Parameter: Y1 -> "-7.85469042"
 Parameter: Y2 -> "7.6262562"
 Parameter: YNCEL -> "77"
 Parameter: A -> "10"
 Parameter: B -> "10.2"

 A TOTAL OF    25390   VACUUM POINTS WERE FOUND
 A TOTAL OF     6950 OCCUPIED POINTS WERE FOUND
 A TOTAL OF        0 EXTERNAL POINTS WERE FOUND
 A TOTAL OF    25390 SELECTED POINTS WERE FOUND
 TOTAL OCCUPIED  VOLUME =      11.219677
 TOTAL SELECTED  VOLUME =      40.988143
 TOTAL FREE      VOLUME =      40.988143
 FRACTIONAL FREE VOLUME =      78.509586
  
 CHARMM>     
  
 CHARMM>    calc c = ?volume * @factor
 Parameter: FACTOR -> "5"
 RDCMND substituted energy or value "?VOLUME" to "11.2196769"
Evaluating: 11.2196769*5
 Parameter: C <- "56.0983845"
  
 CHARMM>     
  
 CHARMM>    if a .lt. -10 if a .gt. -20 if c .gt. @botarea set botarea = @c
 Parameter: BOTAREA -> "65.542285"
 Parameter: C -> "56.0983845"
 Comparing "10" and "-10".
 IF test evaluated as false.  Skipping command
  
 CHARMM>    if a .gt.  10 if a .lt.  20 if c .gt. @toparea set toparea = @c
 Parameter: TOPAREA -> "-1"
 Parameter: C -> "56.0983845"
 Comparing "10" and "10".
 IF test evaluated as false.  Skipping command
  
 CHARMM>     
  
 CHARMM>    write title unit 51
 RDTITL> * 10.2  56.0983845
 RDTITL> *
  
 CHARMM>     
  
 CHARMM>    incr a by @dcel
 Parameter: DCEL -> "0.2"
 Parameter: A <- "10.2"
  
 CHARMM>    incr b by @dcel
 Parameter: DCEL -> "0.2"
 Parameter: B <- "10.4"
  
 CHARMM>    if b le ?ZMAX goto DOAREA
 RDCMND substituted energy or value "?ZMAX" to "11.3324505"
 Comparing "10.4" and "11.3324505".
 IF test evaluated as true.  Performing command
  
 CHARMM>     
  
 CHARMM>    ! Cross sectional protein area with whole atom.
 CHARMM>    scalar wmain = radius
  
 CHARMM>    scalar wmain mult 2.5   sele resname TIP3 end
 SELRPN>      0 atoms have been selected out of    112
  
 CHARMM>    scalar wmain add  1.529 sele .not. resname TIP3 end
 SELRPN>    112 atoms have been selected out of    112
  
 CHARMM>    scalar wmain mult 0.85  sele .not. resname TIP3 end
 SELRPN>    112 atoms have been selected out of    112
  
 CHARMM>    calc zab = ( @a + @b ) / 2.0
 Parameter: A -> "10.2"
 Parameter: B -> "10.4"
Evaluating: (10.2+10.4)/2.0
 Parameter: ZAB <- "10.3"
  
 CHARMM>     
  
 CHARMM>    coor search -
 CHARMM>         xmin @x1  xmax @x2  xgrip @xncel -
 CHARMM>         ymin @y1  ymax @y2  ygrip @yncel -
 CHARMM>         zmin @a   zmax @b   zgrip 5
 Parameter: X1 -> "-7.60718474"
 Parameter: X2 -> "9.25477513"
 Parameter: XNCEL -> "84"
 Parameter: Y1 -> "-7.85469042"
 Parameter: Y2 -> "7.6262562"
 Parameter: YNCEL -> "77"
 Parameter: A -> "10.2"
 Parameter: B -> "10.4"

 A TOTAL OF    25645   VACUUM POINTS WERE FOUND
 A TOTAL OF     6695 OCCUPIED POINTS WERE FOUND
 A TOTAL OF        0 EXTERNAL POINTS WERE FOUND
 A TOTAL OF    25645 SELECTED POINTS WERE FOUND
 TOTAL OCCUPIED  VOLUME =      10.808020
 TOTAL SELECTED  VOLUME =      41.399800
 TOTAL FREE      VOLUME =      41.399800
 FRACTIONAL FREE VOLUME =      79.298083
  
 CHARMM>     
  
 CHARMM>    calc c = ?volume * @factor
 Parameter: FACTOR -> "5"
 RDCMND substituted energy or value "?VOLUME" to "10.8080197"
Evaluating: 10.8080197*5
 Parameter: C <- "54.0400985"
  
 CHARMM>     
  
 CHARMM>    if a .lt. -10 if a .gt. -20 if c .gt. @botarea set botarea = @c
 Parameter: BOTAREA -> "65.542285"
 Parameter: C -> "54.0400985"
 Comparing "10.2" and "-10".
 IF test evaluated as false.  Skipping command
  
 CHARMM>    if a .gt.  10 if a .lt.  20 if c .gt. @toparea set toparea = @c
 Parameter: TOPAREA -> "-1"
 Parameter: C -> "54.0400985"
 Comparing "10.2" and "10".
 IF test evaluated as true.  Performing command
 Comparing "10.2" and "20".
 IF test evaluated as true.  Performing command
 Comparing "54.0400985" and "-1".
 IF test evaluated as true.  Performing command
 Parameter: TOPAREA <- "54.0400985"
  
 CHARMM>     
  
 CHARMM>    write title unit 51
 RDTITL> * 10.4  54.0400985
 RDTITL> *
  
 CHARMM>     
  
 CHARMM>    incr a by @dcel
 Parameter: DCEL -> "0.2"
 Parameter: A <- "10.4"
  
 CHARMM>    incr b by @dcel
 Parameter: DCEL -> "0.2"
 Parameter: B <- "10.6"
  
 CHARMM>    if b le ?ZMAX goto DOAREA
 RDCMND substituted energy or value "?ZMAX" to "11.3324505"
 Comparing "10.6" and "11.3324505".
 IF test evaluated as true.  Performing command
  
 CHARMM>     
  
 CHARMM>    ! Cross sectional protein area with whole atom.
 CHARMM>    scalar wmain = radius
  
 CHARMM>    scalar wmain mult 2.5   sele resname TIP3 end
 SELRPN>      0 atoms have been selected out of    112
  
 CHARMM>    scalar wmain add  1.529 sele .not. resname TIP3 end
 SELRPN>    112 atoms have been selected out of    112
  
 CHARMM>    scalar wmain mult 0.85  sele .not. resname TIP3 end
 SELRPN>    112 atoms have been selected out of    112
  
 CHARMM>    calc zab = ( @a + @b ) / 2.0
 Parameter: A -> "10.4"
 Parameter: B -> "10.6"
Evaluating: (10.4+10.6)/2.0
 Parameter: ZAB <- "10.5"
  
 CHARMM>     
  
 CHARMM>    coor search -
 CHARMM>         xmin @x1  xmax @x2  xgrip @xncel -
 CHARMM>         ymin @y1  ymax @y2  ygrip @yncel -
 CHARMM>         zmin @a   zmax @b   zgrip 5
 Parameter: X1 -> "-7.60718474"
 Parameter: X2 -> "9.25477513"
 Parameter: XNCEL -> "84"
 Parameter: Y1 -> "-7.85469042"
 Parameter: Y2 -> "7.6262562"
 Parameter: YNCEL -> "77"
 Parameter: A -> "10.4"
 Parameter: B -> "10.6"

 A TOTAL OF    25981   VACUUM POINTS WERE FOUND
 A TOTAL OF     6359 OCCUPIED POINTS WERE FOUND
 A TOTAL OF        0 EXTERNAL POINTS WERE FOUND
 A TOTAL OF    25981 SELECTED POINTS WERE FOUND
 TOTAL OCCUPIED  VOLUME =      10.265601
 TOTAL SELECTED  VOLUME =      41.942219
 TOTAL FREE      VOLUME =      41.942219
 FRACTIONAL FREE VOLUME =      80.337044
  
 CHARMM>     
  
 CHARMM>    calc c = ?volume * @factor
 Parameter: FACTOR -> "5"
 RDCMND substituted energy or value "?VOLUME" to "10.2656007"
Evaluating: 10.2656007*5
 Parameter: C <- "51.3280035"
  
 CHARMM>     
  
 CHARMM>    if a .lt. -10 if a .gt. -20 if c .gt. @botarea set botarea = @c
 Parameter: BOTAREA -> "65.542285"
 Parameter: C -> "51.3280035"
 Comparing "10.4" and "-10".
 IF test evaluated as false.  Skipping command
  
 CHARMM>    if a .gt.  10 if a .lt.  20 if c .gt. @toparea set toparea = @c
 Parameter: TOPAREA -> "54.0400985"
 Parameter: C -> "51.3280035"
 Comparing "10.4" and "10".
 IF test evaluated as true.  Performing command
 Comparing "10.4" and "20".
 IF test evaluated as true.  Performing command
 Comparing "51.3280035" and "54.0400985".
 IF test evaluated as false.  Skipping command
  
 CHARMM>     
  
 CHARMM>    write title unit 51
 RDTITL> * 10.6  51.3280035
 RDTITL> *
  
 CHARMM>     
  
 CHARMM>    incr a by @dcel
 Parameter: DCEL -> "0.2"
 Parameter: A <- "10.6"
  
 CHARMM>    incr b by @dcel
 Parameter: DCEL -> "0.2"
 Parameter: B <- "10.8"
  
 CHARMM>    if b le ?ZMAX goto DOAREA
 RDCMND substituted energy or value "?ZMAX" to "11.3324505"
 Comparing "10.8" and "11.3324505".
 IF test evaluated as true.  Performing command
  
 CHARMM>     
  
 CHARMM>    ! Cross sectional protein area with whole atom.
 CHARMM>    scalar wmain = radius
  
 CHARMM>    scalar wmain mult 2.5   sele resname TIP3 end
 SELRPN>      0 atoms have been selected out of    112
  
 CHARMM>    scalar wmain add  1.529 sele .not. resname TIP3 end
 SELRPN>    112 atoms have been selected out of    112
  
 CHARMM>    scalar wmain mult 0.85  sele .not. resname TIP3 end
 SELRPN>    112 atoms have been selected out of    112
  
 CHARMM>    calc zab = ( @a + @b ) / 2.0
 Parameter: A -> "10.6"
 Parameter: B -> "10.8"
Evaluating: (10.6+10.8)/2.0
 Parameter: ZAB <- "10.7"
  
 CHARMM>     
  
 CHARMM>    coor search -
 CHARMM>         xmin @x1  xmax @x2  xgrip @xncel -
 CHARMM>         ymin @y1  ymax @y2  ygrip @yncel -
 CHARMM>         zmin @a   zmax @b   zgrip 5
 Parameter: X1 -> "-7.60718474"
 Parameter: X2 -> "9.25477513"
 Parameter: XNCEL -> "84"
 Parameter: Y1 -> "-7.85469042"
 Parameter: Y2 -> "7.6262562"
 Parameter: YNCEL -> "77"
 Parameter: A -> "10.6"
 Parameter: B -> "10.8"

 A TOTAL OF    26330   VACUUM POINTS WERE FOUND
 A TOTAL OF     6010 OCCUPIED POINTS WERE FOUND
 A TOTAL OF        0 EXTERNAL POINTS WERE FOUND
 A TOTAL OF    26330 SELECTED POINTS WERE FOUND
 TOTAL OCCUPIED  VOLUME =       9.702195
 TOTAL SELECTED  VOLUME =      42.505625
 TOTAL FREE      VOLUME =      42.505625
 FRACTIONAL FREE VOLUME =      81.416203
  
 CHARMM>     
  
 CHARMM>    calc c = ?volume * @factor
 Parameter: FACTOR -> "5"
 RDCMND substituted energy or value "?VOLUME" to "9.70219539"
Evaluating: 9.70219539*5
 Parameter: C <- "48.5109769"
  
 CHARMM>     
  
 CHARMM>    if a .lt. -10 if a .gt. -20 if c .gt. @botarea set botarea = @c
 Parameter: BOTAREA -> "65.542285"
 Parameter: C -> "48.5109769"
 Comparing "10.6" and "-10".
 IF test evaluated as false.  Skipping command
  
 CHARMM>    if a .gt.  10 if a .lt.  20 if c .gt. @toparea set toparea = @c
 Parameter: TOPAREA -> "54.0400985"
 Parameter: C -> "48.5109769"
 Comparing "10.6" and "10".
 IF test evaluated as true.  Performing command
 Comparing "10.6" and "20".
 IF test evaluated as true.  Performing command
 Comparing "48.5109769" and "54.0400985".
 IF test evaluated as false.  Skipping command
  
 CHARMM>     
  
 CHARMM>    write title unit 51
 RDTITL> * 10.8  48.5109769
 RDTITL> *
  
 CHARMM>     
  
 CHARMM>    incr a by @dcel
 Parameter: DCEL -> "0.2"
 Parameter: A <- "10.8"
  
 CHARMM>    incr b by @dcel
 Parameter: DCEL -> "0.2"
 Parameter: B <- "11"
  
 CHARMM>    if b le ?ZMAX goto DOAREA
 RDCMND substituted energy or value "?ZMAX" to "11.3324505"
 Comparing "11" and "11.3324505".
 IF test evaluated as true.  Performing command
  
 CHARMM>     
  
 CHARMM>    ! Cross sectional protein area with whole atom.
 CHARMM>    scalar wmain = radius
  
 CHARMM>    scalar wmain mult 2.5   sele resname TIP3 end
 SELRPN>      0 atoms have been selected out of    112
  
 CHARMM>    scalar wmain add  1.529 sele .not. resname TIP3 end
 SELRPN>    112 atoms have been selected out of    112
  
 CHARMM>    scalar wmain mult 0.85  sele .not. resname TIP3 end
 SELRPN>    112 atoms have been selected out of    112
  
 CHARMM>    calc zab = ( @a + @b ) / 2.0
 Parameter: A -> "10.8"
 Parameter: B -> "11"
Evaluating: (10.8+11)/2.0
 Parameter: ZAB <- "10.9"
  
 CHARMM>     
  
 CHARMM>    coor search -
 CHARMM>         xmin @x1  xmax @x2  xgrip @xncel -
 CHARMM>         ymin @y1  ymax @y2  ygrip @yncel -
 CHARMM>         zmin @a   zmax @b   zgrip 5
 Parameter: X1 -> "-7.60718474"
 Parameter: X2 -> "9.25477513"
 Parameter: XNCEL -> "84"
 Parameter: Y1 -> "-7.85469042"
 Parameter: Y2 -> "7.6262562"
 Parameter: YNCEL -> "77"
 Parameter: A -> "10.8"
 Parameter: B -> "11"

 A TOTAL OF    26742   VACUUM POINTS WERE FOUND
 A TOTAL OF     5598 OCCUPIED POINTS WERE FOUND
 A TOTAL OF        0 EXTERNAL POINTS WERE FOUND
 A TOTAL OF    26742 SELECTED POINTS WERE FOUND
 TOTAL OCCUPIED  VOLUME =       9.037086
 TOTAL SELECTED  VOLUME =      43.170734
 TOTAL FREE      VOLUME =      43.170734
 FRACTIONAL FREE VOLUME =      82.690167
  
 CHARMM>     
  
 CHARMM>    calc c = ?volume * @factor
 Parameter: FACTOR -> "5"
 RDCMND substituted energy or value "?VOLUME" to "9.03708649"
Evaluating: 9.03708649*5
 Parameter: C <- "45.1854325"
  
 CHARMM>     
  
 CHARMM>    if a .lt. -10 if a .gt. -20 if c .gt. @botarea set botarea = @c
 Parameter: BOTAREA -> "65.542285"
 Parameter: C -> "45.1854325"
 Comparing "10.8" and "-10".
 IF test evaluated as false.  Skipping command
  
 CHARMM>    if a .gt.  10 if a .lt.  20 if c .gt. @toparea set toparea = @c
 Parameter: TOPAREA -> "54.0400985"
 Parameter: C -> "45.1854325"
 Comparing "10.8" and "10".
 IF test evaluated as true.  Performing command
 Comparing "10.8" and "20".
 IF test evaluated as true.  Performing command
 Comparing "45.1854325" and "54.0400985".
 IF test evaluated as false.  Skipping command
  
 CHARMM>     
  
 CHARMM>    write title unit 51
 RDTITL> * 11  45.1854325
 RDTITL> *
  
 CHARMM>     
  
 CHARMM>    incr a by @dcel
 Parameter: DCEL -> "0.2"
 Parameter: A <- "11"
  
 CHARMM>    incr b by @dcel
 Parameter: DCEL -> "0.2"
 Parameter: B <- "11.2"
  
 CHARMM>    if b le ?ZMAX goto DOAREA
 RDCMND substituted energy or value "?ZMAX" to "11.3324505"
 Comparing "11.2" and "11.3324505".
 IF test evaluated as true.  Performing command
  
 CHARMM>     
  
 CHARMM>    ! Cross sectional protein area with whole atom.
 CHARMM>    scalar wmain = radius
  
 CHARMM>    scalar wmain mult 2.5   sele resname TIP3 end
 SELRPN>      0 atoms have been selected out of    112
  
 CHARMM>    scalar wmain add  1.529 sele .not. resname TIP3 end
 SELRPN>    112 atoms have been selected out of    112
  
 CHARMM>    scalar wmain mult 0.85  sele .not. resname TIP3 end
 SELRPN>    112 atoms have been selected out of    112
  
 CHARMM>    calc zab = ( @a + @b ) / 2.0
 Parameter: A -> "11"
 Parameter: B -> "11.2"
Evaluating: (11+11.2)/2.0
 Parameter: ZAB <- "11.1"
  
 CHARMM>     
  
 CHARMM>    coor search -
 CHARMM>         xmin @x1  xmax @x2  xgrip @xncel -
 CHARMM>         ymin @y1  ymax @y2  ygrip @yncel -
 CHARMM>         zmin @a   zmax @b   zgrip 5
 Parameter: X1 -> "-7.60718474"
 Parameter: X2 -> "9.25477513"
 Parameter: XNCEL -> "84"
 Parameter: Y1 -> "-7.85469042"
 Parameter: Y2 -> "7.6262562"
 Parameter: YNCEL -> "77"
 Parameter: A -> "11"
 Parameter: B -> "11.2"

 A TOTAL OF    27110   VACUUM POINTS WERE FOUND
 A TOTAL OF     5230 OCCUPIED POINTS WERE FOUND
 A TOTAL OF        0 EXTERNAL POINTS WERE FOUND
 A TOTAL OF    27110 SELECTED POINTS WERE FOUND
 TOTAL OCCUPIED  VOLUME =       8.443009
 TOTAL SELECTED  VOLUME =      43.764811
 TOTAL FREE      VOLUME =      43.764811
 FRACTIONAL FREE VOLUME =      83.828077
  
 CHARMM>     
  
 CHARMM>    calc c = ?volume * @factor
 Parameter: FACTOR -> "5"
 RDCMND substituted energy or value "?VOLUME" to "8.44300864"
Evaluating: 8.44300864*5
 Parameter: C <- "42.2150432"
  
 CHARMM>     
  
 CHARMM>    if a .lt. -10 if a .gt. -20 if c .gt. @botarea set botarea = @c
 Parameter: BOTAREA -> "65.542285"
 Parameter: C -> "42.2150432"
 Comparing "11" and "-10".
 IF test evaluated as false.  Skipping command
  
 CHARMM>    if a .gt.  10 if a .lt.  20 if c .gt. @toparea set toparea = @c
 Parameter: TOPAREA -> "54.0400985"
 Parameter: C -> "42.2150432"
 Comparing "11" and "10".
 IF test evaluated as true.  Performing command
 Comparing "11" and "20".
 IF test evaluated as true.  Performing command
 Comparing "42.2150432" and "54.0400985".
 IF test evaluated as false.  Skipping command
  
 CHARMM>     
  
 CHARMM>    write title unit 51
 RDTITL> * 11.2  42.2150432
 RDTITL> *
  
 CHARMM>     
  
 CHARMM>    incr a by @dcel
 Parameter: DCEL -> "0.2"
 Parameter: A <- "11.2"
  
 CHARMM>    incr b by @dcel
 Parameter: DCEL -> "0.2"
 Parameter: B <- "11.4"
  
 CHARMM>    if b le ?ZMAX goto DOAREA
 RDCMND substituted energy or value "?ZMAX" to "11.3324505"
 Comparing "11.4" and "11.3324505".
 IF test evaluated as false.  Skipping command
  
 CHARMM>     
  
 CHARMM>    if toparea .eq. -1 calc toparea = 0
 Comparing "54.0400985" and "-1".
 IF test evaluated as false.  Skipping command
  
 CHARMM>    if botarea .eq. -1 calc botarea = 0
 Comparing "65.542285" and "-1".
 IF test evaluated as false.  Skipping command
  
 CHARMM>     
  
 CHARMM>    ! Protein size
 CHARMM>    coor stat sele .not. hydrogen end
 SELRPN>     55 atoms have been selected out of    112
 STATISTICS FOR        55 SELECTED ATOMS:
    XMIN =   -1.770410 XMAX =    3.583211 XAVE =    0.183600
    YMIN =   -2.854690 YMAX =    2.626256 YAVE =    0.315237
    ZMIN =  -10.949690 ZMAX =   11.332451 ZAVE =    0.112173
    WMIN =    0.000000 WMAX =    0.054093 WAVE =    0.003926
  
 CHARMM>    calc xmax = ?xmax
 RDCMND substituted energy or value "?XMAX" to "3.58321107"
Evaluating: 3.58321107
 Parameter: XMAX <- "3.58321107"
  
 CHARMM>    calc xmin = ?xmin
 RDCMND substituted energy or value "?XMIN" to "-1.77041003"
Evaluating: -1.77041003
 Parameter: XMIN <- "-1.77041003"
  
 CHARMM>    calc ymax = ?ymax
 RDCMND substituted energy or value "?YMAX" to "2.6262562"
Evaluating: 2.6262562
 Parameter: YMAX <- "2.6262562"
  
 CHARMM>    calc ymin = ?ymin
 RDCMND substituted energy or value "?YMIN" to "-2.85469042"
Evaluating: -2.85469042
 Parameter: YMIN <- "-2.85469042"
  
 CHARMM>    calc zmax = ?zmax
 RDCMND substituted energy or value "?ZMAX" to "11.3324505"
Evaluating: 11.3324505
 Parameter: ZMAX <- "11.3324505"
  
 CHARMM>    calc zmin = ?zmin
 RDCMND substituted energy or value "?ZMIN" to "-10.94969"
Evaluating: -10.94969
 Parameter: ZMIN <- "-10.94969"
  
 CHARMM>     
  
 CHARMM>     
  
 CHARMM>    open write card  unit 51 name step2_protein_area.str
 OPNLGU> Unit already open. The old file will be closed first.
 VCLOSE: Closing unit   51 with status "KEEP"
 VOPEN> Attempting to open::step2_protein_area.str::
 OPNLGU> Unit 51 opened for WRITE access to step2_protein_area.str
  
 CHARMM>    write title unit 51
 RDTITL> * CALC TOPAREA = 54.0400985
 RDTITL> * CALC BOTAREA = 65.542285
 RDTITL> * CALC XMAX = 3.58321107
 RDTITL> * CALC XMIN = -1.77041003
 RDTITL> * CALC YMAX = 2.6262562
 RDTITL> * CALC YMIN = -2.85469042
 RDTITL> * CALC ZMAX = 11.3324505
 RDTITL> * CALC ZMIN = -10.94969
 RDTITL> *
  
 CHARMM>     
  
 CHARMM>     
  
 VCLOSE: Closing unit   99 with status "KEEP"

                    RETURNING TO INPUT STREAM     5
  
 CHARMM>     
  
 CHARMM>    open write card unit 10 name step2_orient.pdb
 OPNLGU> Unit already open. The old file will be closed first.
 VCLOSE: Closing unit   10 with status "KEEP"
 VOPEN> Attempting to open::step2_orient.pdb::
 OPNLGU> Unit 10 opened for WRITE access to step2_orient.pdb
  
 CHARMM>    write coor pdb  unit 10 sele .not. segid PWAT end
 RDTITL>  
 RDTITL> No title read.
  Write CHARMM-pdb format
 SELRPN>    112 atoms have been selected out of    112
  
 CHARMM>     
  
 CHARMM>    open write card unit 10 name step2_orient.crd
 OPNLGU> Unit already open. The old file will be closed first.
 VCLOSE: Closing unit   10 with status "KEEP"
 VOPEN> Attempting to open::step2_orient.crd::
 OPNLGU> Unit 10 opened for WRITE access to step2_orient.crd
  
 CHARMM>    write coor card unit 10 sele .not. segid PWAT end
 RDTITL>  
 RDTITL> No title read.
 SELRPN>    112 atoms have been selected out of    112
 VCLOSE: Closing unit   10 with status "KEEP"
  
 CHARMM>     
  
 CHARMM>    stop
 VCLOSE: Closing unit   20 with status "KEEP"
 VCLOSE: Closing unit   51 with status "KEEP"
$$$$$$  New timer profile $$$$$
 Total time                     12.15 Other:            0.00

                    NORMAL TERMINATION BY NORMAL STOP
                    MOST SEVERE WARNING WAS AT LEVEL  1

                    $$$$$ JOB ACCOUNTING INFORMATION $$$$$
                     ELAPSED TIME:    12.16  SECONDS 
                         CPU TIME:    12.15  SECONDS 
